# Blender 4.5.10 LTS
# www.blender.org
mtllib grove_market_stump_hollow.mtl
o grove_market_stump_hollow
v 0.013158 0.000000 0.615211
v -0.013158 0.000000 0.615211
v -0.000000 0.000000 0.617195
v -0.013158 1.060000 0.555211
v 0.013158 1.060000 0.555211
v 0.000000 1.060000 0.557195
v -0.385370 0.000000 0.479737
v -0.405530 0.000000 0.462821
v -0.396725 0.000000 0.472798
v -0.366962 1.060000 0.416858
v -0.346803 1.060000 0.433774
v -0.358158 1.060000 0.426836
v -0.603579 0.000000 0.119789
v -0.608149 0.000000 0.093872
v -0.607818 0.000000 0.107175
v -0.549061 1.060000 0.083453
v -0.544491 1.060000 0.109370
v -0.548730 1.060000 0.096756
v -0.539367 0.000000 -0.296210
v -0.526209 0.000000 -0.319001
v -0.534506 0.000000 -0.308597
v -0.474248 1.060000 -0.289001
v -0.487406 1.060000 -0.266210
v -0.482545 1.060000 -0.278597
v -0.222779 0.000000 -0.573609
v -0.198050 0.000000 -0.582609
v -0.211093 0.000000 -0.579973
v -0.177529 1.060000 -0.526228
v -0.202258 1.060000 -0.517227
v -0.190572 1.060000 -0.523592
v 0.198050 0.000000 -0.582609
v 0.222779 0.000000 -0.573609
v 0.211093 0.000000 -0.579973
v 0.202258 1.060000 -0.517227
v 0.177529 1.060000 -0.526228
v 0.190572 1.060000 -0.523592
v 0.526209 0.000000 -0.319001
v 0.539367 0.000000 -0.296210
v 0.534506 0.000000 -0.308597
v 0.487406 1.060000 -0.266210
v 0.474248 1.060000 -0.289001
v 0.482545 1.060000 -0.278597
v 0.608149 0.000000 0.093872
v 0.603579 0.000000 0.119788
v 0.607818 0.000000 0.107175
v 0.544491 1.060000 0.109370
v 0.549061 1.060000 0.083453
v 0.548730 1.060000 0.096756
v 0.405530 0.000000 0.462821
v 0.385370 0.000000 0.479737
v 0.396725 0.000000 0.472798
v 0.346803 1.060000 0.433774
v 0.366962 1.060000 0.416858
v 0.358158 1.060000 0.426836
v -0.337599 0.048660 -0.244179
v -0.352348 0.063418 -0.239912
v -0.335779 0.062415 -0.260335
v -0.348015 0.053282 -0.243024
v -0.344931 0.054903 -0.250434
v -0.345589 0.063105 -0.251370
v -0.338408 0.052700 -0.254866
v -0.213694 1.304502 -0.205339
v -0.214623 1.290398 -0.222357
v -0.231191 1.291401 -0.201934
v -0.215416 1.300388 -0.216215
v -0.222201 1.298972 -0.211969
v -0.224433 1.291089 -0.213392
v -0.224874 1.300961 -0.204555
v -0.100179 0.035674 -0.386485
v -0.114144 0.050292 -0.393180
v -0.088335 0.048977 -0.398157
v -0.108881 0.040146 -0.392441
v -0.101750 0.041602 -0.396193
v -0.101607 0.049760 -0.397610
v -0.093915 0.039383 -0.395327
v -0.023160 1.294081 -0.319542
v -0.013024 1.279469 -0.332700
v -0.038833 1.280783 -0.327723
v -0.017520 1.289619 -0.328840
v -0.025456 1.288210 -0.329896
v -0.026296 1.280252 -0.332152
v -0.032254 1.290370 -0.325999
v 0.173129 0.022641 -0.342667
v 0.166804 0.036810 -0.357253
v 0.189778 0.035799 -0.344455
v 0.170309 0.026783 -0.352967
v 0.178192 0.028252 -0.351312
v 0.179256 0.036367 -0.352581
v 0.183630 0.026197 -0.345546
v 0.196175 1.283621 -0.284378
v 0.212313 1.268807 -0.287459
v 0.189339 1.269818 -0.300256
v 0.206444 1.278987 -0.287730
v 0.201031 1.277410 -0.293585
v 0.201791 1.269375 -0.295585
v 0.193329 1.279565 -0.295036
v 0.354443 0.015659 -0.133230
v 0.359038 0.029281 -0.148941
v 0.368427 0.029046 -0.124356
v 0.358917 0.019447 -0.143070
v 0.363907 0.021101 -0.136792
v 0.365582 0.029191 -0.137354
v 0.364361 0.019311 -0.128815
v 0.341683 1.278018 -0.116301
v 0.355950 1.263402 -0.107802
v 0.346561 1.263637 -0.132387
v 0.351682 1.273467 -0.112121
v 0.351283 1.271624 -0.120028
v 0.353105 1.263548 -0.120801
v 0.346322 1.273601 -0.126156
v 0.358924 0.017995 0.143830
v 0.372610 0.031227 0.134284
v 0.364020 0.031878 0.159152
v 0.368693 0.021569 0.139035
v 0.368495 0.023493 0.146992
v 0.370186 0.031592 0.147364
v 0.363712 0.021947 0.153455
v 0.345279 1.279893 0.106045
v 0.350678 1.265784 0.122205
v 0.359267 1.265132 0.097337
v 0.350235 1.275641 0.115818
v 0.354995 1.273560 0.109567
v 0.356844 1.265497 0.110417
v 0.355138 1.275269 0.101622
v 0.184474 0.028556 0.358872
v 0.201168 0.041737 0.359898
v 0.178620 0.042971 0.373414
v 0.195061 0.032157 0.361350
v 0.189812 0.034311 0.367253
v 0.190914 0.042445 0.368350
v 0.181986 0.032872 0.369186
v 0.205279 1.288368 0.278621
v 0.198964 1.274837 0.294942
v 0.221512 1.273603 0.281427
v 0.202780 1.284492 0.289432
v 0.210431 1.282312 0.287769
v 0.211258 1.274311 0.289879
v 0.215652 1.283788 0.281717
v -0.087279 0.042401 0.411277
v -0.075067 0.055895 0.422334
v -0.101024 0.057133 0.418173
v -0.080733 0.046256 0.419849
v -0.088536 0.048491 0.420930
v -0.088350 0.056672 0.422203
v -0.095785 0.046974 0.417436
v -0.012808 1.299479 0.320676
v -0.028204 1.286325 0.329582
v -0.002247 1.285088 0.333743
v -0.021687 1.295880 0.327485
v -0.014766 1.293784 0.331196
v -0.015531 1.285865 0.333612
v -0.006869 1.295173 0.329861
v -0.329179 0.053051 0.276523
v -0.326842 0.067075 0.292377
v -0.344062 0.067738 0.272487
v -0.329644 0.057270 0.287161
v -0.336307 0.059400 0.282905
v -0.336937 0.067617 0.283724
v -0.339629 0.057655 0.275627
v -0.206937 1.308026 0.212534
v -0.224531 1.294874 0.209917
v -0.207311 1.294211 0.229807
v -0.218136 1.304475 0.212171
v -0.215224 1.302610 0.219527
v -0.217406 1.294753 0.221155
v -0.208305 1.304096 0.223526
v -0.428038 0.055523 0.017663
v -0.436349 0.070046 0.030836
v -0.436774 0.069824 0.004523
v -0.435201 0.060045 0.025372
v -0.437565 0.061932 0.017763
v -0.438528 0.070157 0.017709
v -0.435448 0.059916 0.010115
v -0.286273 1.310010 0.004794
v -0.298154 1.296483 -0.008061
v -0.297728 1.296704 0.018252
v -0.294645 1.306255 -0.002553
v -0.297147 1.304659 0.005015
v -0.299908 1.296816 0.005125
v -0.294402 1.306382 0.012469
v -0.334653 0.989170 0.186874
v -0.336627 0.990880 0.185032
v -0.331324 0.990763 0.183496
v -0.336072 0.989742 0.185539
v -0.333912 0.989952 0.183803
v -0.333719 0.990869 0.183151
v -0.332323 0.989660 0.184453
v -0.332712 1.097589 0.190473
v -0.330624 1.098954 0.192471
v -0.327409 1.097473 0.188936
v -0.332077 1.098626 0.191090
v -0.329931 1.098436 0.189334
v -0.328327 1.098543 0.190004
v -0.329803 1.097579 0.188591
v -0.193648 0.977201 0.320162
v -0.190319 0.978794 0.316783
v -0.191560 0.978565 0.322160
v -0.191317 0.977691 0.317740
v -0.190562 0.977783 0.319308
v -0.189842 0.978656 0.319153
v -0.192195 0.977529 0.321542
v -0.189619 1.086984 0.325759
v -0.187645 1.085275 0.327600
v -0.186403 1.085504 0.322224
v -0.188200 1.086412 0.327093
v -0.186581 1.086268 0.324838
v -0.185926 1.085365 0.324594
v -0.187322 1.086574 0.323291
v -0.561832 0.985272 0.426856
v -0.565048 0.986753 0.430391
v -0.563806 0.986982 0.425015
v -0.564129 0.985683 0.429323
v -0.564870 0.985989 0.427777
v -0.565525 0.986892 0.428021
v -0.563251 0.985844 0.425522
v -0.557803 1.095056 0.432453
v -0.559891 1.093691 0.430455
v -0.561132 1.093463 0.435831
v -0.559256 1.094728 0.431073
v -0.560889 1.094473 0.433307
v -0.561609 1.093601 0.433461
v -0.560133 1.094566 0.434874
v -0.420827 0.973303 0.560144
v -0.418739 0.974667 0.562142
v -0.424042 0.974784 0.563679
v -0.419374 0.973631 0.561525
v -0.421519 0.973821 0.563281
v -0.421648 0.974678 0.564024
v -0.423124 0.973713 0.562611
v -0.416798 1.083086 0.565741
v -0.420127 1.081493 0.569119
v -0.414824 1.081377 0.567582
v -0.419128 1.082597 0.568162
v -0.417538 1.082305 0.568812
v -0.417732 1.081388 0.569464
v -0.415379 1.082514 0.567075
v 0.198004 0.985407 0.350578
v 0.196142 0.987121 0.352528
v 0.194469 0.986698 0.347282
v 0.196684 0.985983 0.352009
v 0.194883 0.986019 0.349893
v 0.194185 0.986897 0.349678
v 0.195502 0.985684 0.348299
v 0.196663 1.093681 0.343772
v 0.198541 1.095036 0.341569
v 0.194991 1.093258 0.338525
v 0.197216 1.094713 0.343074
v 0.195412 1.094351 0.340991
v 0.196033 1.094414 0.339365
v 0.194706 1.093456 0.340922
v 0.327845 0.972927 0.206436
v 0.324310 0.974219 0.203140
v 0.329723 0.974282 0.204233
v 0.325343 0.973205 0.204157
v 0.326883 0.973332 0.203354
v 0.326670 0.974163 0.202600
v 0.329170 0.973250 0.204931
v 0.328382 1.082556 0.197427
v 0.330244 1.080842 0.195477
v 0.324832 1.080778 0.194383
v 0.329702 1.081980 0.195996
v 0.327413 1.081664 0.194452
v 0.327192 1.080723 0.193844
v 0.325874 1.081935 0.195223
v 0.443957 1.002289 0.570667
v 0.447507 1.004067 0.573711
v 0.442095 1.004003 0.572617
v 0.446464 1.002910 0.572871
v 0.444926 1.003181 0.573642
v 0.445147 1.004122 0.574250
v 0.442637 1.002865 0.572098
v 0.444494 1.111918 0.561658
v 0.442616 1.110563 0.563861
v 0.448029 1.110626 0.564955
v 0.443169 1.111595 0.563163
v 0.445456 1.111513 0.564741
v 0.445669 1.110682 0.565494
v 0.446996 1.111640 0.563937
v 0.573798 0.989809 0.426525
v 0.575676 0.991164 0.424323
v 0.577348 0.991587 0.429569
v 0.575123 0.990132 0.425020
v 0.576926 0.990494 0.427103
v 0.577633 0.991389 0.427172
v 0.576305 0.990431 0.428729
v 0.574335 1.099438 0.417516
v 0.577870 1.098147 0.420812
v 0.576197 1.097724 0.415566
v 0.576837 1.099161 0.419795
v 0.577456 1.098826 0.418201
v 0.578154 1.097948 0.418416
v 0.575655 1.098862 0.416085
v 0.330737 0.991634 -0.190140
v 0.332679 0.993174 -0.188122
v 0.327312 0.993148 -0.186822
v 0.332113 0.992085 -0.188716
v 0.329885 0.992270 -0.187064
v 0.329691 0.993155 -0.186370
v 0.328318 0.992067 -0.187796
v 0.332274 1.100092 -0.187685
v 0.330320 1.101633 -0.189690
v 0.326907 1.100066 -0.186384
v 0.331699 1.101181 -0.188269
v 0.329473 1.100966 -0.186619
v 0.327904 1.101163 -0.187350
v 0.329286 1.100073 -0.185932
v 0.195491 0.991693 -0.329782
v 0.192066 0.993207 -0.326464
v 0.193537 0.993234 -0.331787
v 0.193072 0.992125 -0.327438
v 0.192390 0.992329 -0.329029
v 0.191690 0.993215 -0.328856
v 0.194112 0.992145 -0.331202
v 0.195074 1.101691 -0.329332
v 0.193132 1.100152 -0.331349
v 0.191661 1.100125 -0.326026
v 0.193698 1.101241 -0.330756
v 0.191978 1.101026 -0.328584
v 0.191285 1.100133 -0.328419
v 0.192658 1.101222 -0.326992
v 0.568125 0.993476 -0.420054
v 0.571539 0.995042 -0.423359
v 0.570068 0.995015 -0.418036
v 0.570541 0.993946 -0.422394
v 0.571222 0.994141 -0.420802
v 0.571915 0.995034 -0.420967
v 0.569501 0.993926 -0.418630
v 0.567708 1.103474 -0.419604
v 0.569662 1.101933 -0.417599
v 0.571133 1.101961 -0.422921
v 0.569087 1.103022 -0.418183
v 0.570809 1.102838 -0.420357
v 0.571509 1.101952 -0.420529
v 0.570128 1.103042 -0.421947
v 0.432879 0.993534 -0.559696
v 0.430926 0.995075 -0.561701
v 0.436293 0.995101 -0.563001
v 0.431500 0.993986 -0.561116
v 0.433726 0.994201 -0.562766
v 0.433914 0.995094 -0.563453
v 0.435295 0.994004 -0.562036
v 0.432462 1.103533 -0.559246
v 0.435887 1.102019 -0.562564
v 0.430520 1.101994 -0.561263
v 0.434882 1.103100 -0.561589
v 0.433314 1.102898 -0.562321
v 0.433508 1.102012 -0.563016
v 0.431087 1.103082 -0.560670
v -0.191317 0.983613 -0.336172
v -0.189298 0.985028 -0.338205
v -0.187842 0.985064 -0.332878
v -0.189917 0.983977 -0.337597
v -0.188194 0.984142 -0.335423
v -0.187460 0.985002 -0.335268
v -0.188888 0.984002 -0.333831
v -0.184619 1.091827 -0.340194
v -0.186503 1.093488 -0.338218
v -0.183163 1.091863 -0.334867
v -0.185143 1.092951 -0.339627
v -0.183438 1.092717 -0.337445
v -0.184114 1.092976 -0.335860
v -0.182781 1.091802 -0.337257
v -0.326795 0.992140 -0.197016
v -0.323320 0.993590 -0.193722
v -0.328679 0.993801 -0.195040
v -0.324366 0.992528 -0.194675
v -0.325926 0.992810 -0.193953
v -0.325698 0.993703 -0.193278
v -0.328155 0.992677 -0.195607
v -0.321982 1.102015 -0.199062
v -0.324000 1.100600 -0.197029
v -0.318642 1.100389 -0.195711
v -0.323381 1.101651 -0.197637
v -0.321169 1.101385 -0.195975
v -0.321019 1.100502 -0.195267
v -0.319592 1.101503 -0.196704
v -0.427883 0.989680 -0.566859
v -0.431223 0.991306 -0.570210
v -0.425864 0.991096 -0.568892
v -0.430273 0.990193 -0.569217
v -0.428695 0.990310 -0.569946
v -0.428845 0.991194 -0.570654
v -0.426484 0.990044 -0.568284
v -0.423070 1.099556 -0.568905
v -0.421186 1.097895 -0.570881
v -0.426544 1.098105 -0.572199
v -0.421710 1.099019 -0.570314
v -0.423939 1.098885 -0.571968
v -0.424167 1.097993 -0.572643
v -0.425499 1.099167 -0.571246
v -0.563362 0.998207 -0.427703
v -0.565246 0.999868 -0.425727
v -0.566702 0.999833 -0.431054
v -0.564722 0.998745 -0.426294
v -0.566427 0.998979 -0.428476
v -0.567083 0.999894 -0.428664
v -0.565751 0.998719 -0.430061
v -0.558548 1.108083 -0.429749
v -0.562023 1.106632 -0.433043
v -0.560567 1.106667 -0.427716
v -0.560977 1.107694 -0.432090
v -0.561670 1.107554 -0.430498
v -0.562405 1.106693 -0.430653
v -0.559948 1.107719 -0.428324
v -0.505333 0.174209 -0.067578
v -0.492443 0.174349 -0.081903
v -0.515062 0.174349 -0.084212
v -0.496713 0.177466 -0.072869
v -0.504381 0.179952 -0.076901
v -0.503592 0.177566 -0.084631
v -0.512707 0.177466 -0.074502
v -0.492935 0.090048 -0.189002
v -0.505014 0.106142 -0.182619
v -0.482395 0.106142 -0.180309
v -0.500996 0.097978 -0.189184
v -0.492976 0.102534 -0.188597
v -0.493544 0.109358 -0.183037
v -0.485002 0.097978 -0.187551
v -0.586135 0.122932 -0.050484
v -0.587407 0.128439 -0.068907
v -0.595366 0.109034 -0.060129
v -0.588201 0.129558 -0.058531
v -0.594260 0.122915 -0.057887
v -0.594728 0.119731 -0.065350
v -0.593829 0.115836 -0.052323
v -0.552566 0.052206 -0.176387
v -0.568160 0.051715 -0.162165
v -0.560201 0.071120 -0.170944
v -0.562123 0.049037 -0.171236
v -0.563380 0.057856 -0.173702
v -0.567522 0.062412 -0.167387
v -0.556495 0.062758 -0.177443
v -0.560394 0.039964 -0.006847
v -0.572319 0.034750 -0.021059
v -0.554619 0.022757 -0.013324
v -0.569779 0.038318 -0.011553
v -0.565627 0.030627 -0.009348
v -0.565695 0.026152 -0.016132
v -0.557263 0.029838 -0.006083
v -0.533569 -0.009024 -0.144183
v -0.532879 -0.016944 -0.124626
v -0.550579 -0.004951 -0.132361
v -0.531927 -0.016430 -0.135794
v -0.540951 -0.014436 -0.135681
v -0.543955 -0.013550 -0.127435
v -0.544443 -0.007949 -0.141264
v -0.463683 0.039964 0.003029
v -0.468030 0.022757 -0.004482
v -0.449132 0.034750 -0.008480
v -0.466905 0.029838 0.003144
v -0.458053 0.030627 0.001637
v -0.456615 0.026152 -0.004994
v -0.453542 0.038318 0.000317
v -0.462197 -0.009024 -0.136895
v -0.447928 -0.004951 -0.121879
v -0.466826 -0.016944 -0.117881
v -0.452138 -0.007949 -0.131838
v -0.456686 -0.014436 -0.127076
v -0.455411 -0.013550 -0.118394
v -0.465501 -0.016430 -0.129011
v -0.429654 0.122932 -0.034506
v -0.418664 0.109034 -0.042086
v -0.424685 0.128439 -0.052291
v -0.421748 0.115836 -0.034752
v -0.420201 0.122915 -0.040113
v -0.418234 0.119731 -0.047328
v -0.426005 0.129558 -0.041969
v -0.437084 0.052206 -0.164595
v -0.430706 0.071120 -0.157721
v -0.424686 0.051715 -0.147515
v -0.433022 0.062758 -0.164835
v -0.427035 0.057856 -0.159780
v -0.424255 0.062412 -0.152758
v -0.428765 0.049037 -0.157618
v -0.492275 0.083262 -0.195009
v -0.479455 0.078257 -0.208498
v -0.502071 0.078257 -0.210832
v -0.483574 0.084310 -0.201018
v -0.491173 0.085589 -0.205695
v -0.490501 0.080771 -0.212206
v -0.499566 0.084310 -0.202668
v -0.483303 -0.036479 -0.281969
v -0.494800 -0.018786 -0.281307
v -0.472184 -0.018786 -0.278974
v -0.491092 -0.028784 -0.284800
v -0.482920 -0.024559 -0.285688
v -0.483230 -0.016272 -0.282682
v -0.475100 -0.028784 -0.283150
v -0.553095 0.053687 -0.171066
v -0.554266 0.052876 -0.190284
v -0.562836 0.037710 -0.175673
v -0.554972 0.057367 -0.180856
v -0.561250 0.051512 -0.178107
v -0.561860 0.046070 -0.184114
v -0.561033 0.046643 -0.170524
v -0.522530 -0.055555 -0.266526
v -0.538066 -0.050824 -0.253038
v -0.529495 -0.035658 -0.267649
v -0.532165 -0.056533 -0.260684
v -0.533134 -0.048978 -0.265919
v -0.537090 -0.042464 -0.261478
v -0.526105 -0.045810 -0.271016
v -0.536034 0.005832 -0.120411
v -0.548195 -0.003358 -0.132202
v -0.530875 -0.012731 -0.120838
v -0.545490 0.003048 -0.124378
v -0.541592 -0.003627 -0.119742
v -0.541843 -0.010078 -0.124681
v -0.533243 -0.003580 -0.116343
v -0.511526 -0.086420 -0.233855
v -0.511013 -0.087495 -0.212778
v -0.528333 -0.078122 -0.224142
v -0.510097 -0.090710 -0.223489
v -0.519048 -0.088488 -0.224097
v -0.521981 -0.084842 -0.216620
v -0.522343 -0.084082 -0.231524
v -0.464669 0.005832 -0.113048
v -0.469632 -0.012731 -0.114520
v -0.450357 -0.003358 -0.122108
v -0.468231 -0.003580 -0.109636
v -0.459365 -0.003627 -0.111258
v -0.458111 -0.010078 -0.116042
v -0.454602 0.003048 -0.115001
v -0.465498 -0.086420 -0.229106
v -0.451029 -0.078122 -0.216166
v -0.470304 -0.087495 -0.208578
v -0.455385 -0.084082 -0.224616
v -0.460127 -0.088488 -0.218018
v -0.458783 -0.084842 -0.210100
v -0.469014 -0.090710 -0.219250
v -0.437625 0.053687 -0.159153
v -0.427148 0.037710 -0.161674
v -0.432555 0.052876 -0.177727
v -0.429965 0.046643 -0.157002
v -0.428204 0.051512 -0.164380
v -0.426380 0.046070 -0.170136
v -0.433788 0.057367 -0.168353
v -0.448055 -0.055555 -0.258842
v -0.441008 -0.035658 -0.258519
v -0.435602 -0.050824 -0.242466
v -0.443640 -0.045810 -0.262508
v -0.437799 -0.048978 -0.256083
v -0.434833 -0.042464 -0.250928
v -0.439816 -0.056533 -0.251157
v -0.486430 -0.034908 -0.279277
v -0.474826 -0.043010 -0.292357
v -0.497559 -0.043010 -0.292763
v -0.478269 -0.035386 -0.286065
v -0.486234 -0.034983 -0.290266
v -0.486139 -0.041115 -0.295602
v -0.494344 -0.035386 -0.286353
v -0.485373 -0.170850 -0.338433
v -0.496703 -0.153182 -0.340705
v -0.473970 -0.153182 -0.340299
v -0.493345 -0.163780 -0.342224
v -0.485261 -0.160033 -0.344683
v -0.485282 -0.151287 -0.343544
v -0.477271 -0.163780 -0.341937
v -0.524272 -0.049290 -0.256865
v -0.527080 -0.054229 -0.275279
v -0.534433 -0.065664 -0.257055
v -0.526963 -0.047783 -0.267034
v -0.533006 -0.052759 -0.262565
v -0.534148 -0.059361 -0.267168
v -0.532162 -0.055869 -0.254147
v -0.502385 -0.177315 -0.328357
v -0.516695 -0.169420 -0.314995
v -0.509342 -0.157986 -0.333219
v -0.511490 -0.176785 -0.321670
v -0.512872 -0.170527 -0.328330
v -0.516409 -0.163117 -0.325108
v -0.506291 -0.168700 -0.334557
v -0.510643 -0.072561 -0.219264
v -0.523801 -0.083817 -0.227721
v -0.505612 -0.090884 -0.216051
v -0.520414 -0.075927 -0.221735
v -0.516160 -0.081521 -0.216090
v -0.516857 -0.088884 -0.219463
v -0.507553 -0.080924 -0.213483
v -0.496258 -0.187777 -0.311454
v -0.493954 -0.184259 -0.290766
v -0.512142 -0.177193 -0.302436
v -0.493966 -0.189743 -0.300554
v -0.502928 -0.187506 -0.300894
v -0.505198 -0.182259 -0.294178
v -0.506828 -0.184746 -0.308806
v -0.464378 -0.072561 -0.218437
v -0.469520 -0.090884 -0.215406
v -0.450926 -0.083817 -0.226419
v -0.467672 -0.080924 -0.212770
v -0.458977 -0.081521 -0.215068
v -0.458161 -0.088884 -0.218414
v -0.454525 -0.075927 -0.220557
v -0.475459 -0.187777 -0.311082
v -0.459907 -0.177193 -0.301502
v -0.478501 -0.184259 -0.290490
v -0.464991 -0.184746 -0.308059
v -0.469171 -0.187506 -0.300291
v -0.467142 -0.182259 -0.293498
v -0.478139 -0.189743 -0.300272
v -0.449414 -0.049290 -0.255527
v -0.439252 -0.065664 -0.255353
v -0.445949 -0.054229 -0.273829
v -0.441626 -0.055869 -0.252529
v -0.440481 -0.052759 -0.260912
v -0.439176 -0.059361 -0.265470
v -0.446361 -0.047783 -0.265593
v -0.468732 -0.177315 -0.327756
v -0.461606 -0.157986 -0.332366
v -0.454909 -0.169420 -0.313890
v -0.464607 -0.168700 -0.333812
v -0.458252 -0.170527 -0.327353
v -0.454833 -0.163117 -0.324007
v -0.459872 -0.176785 -0.320747
v -0.324676 0.173496 0.393841
v -0.330343 0.173339 0.375424
v -0.343945 0.173339 0.393643
v -0.324835 0.176636 0.383691
v -0.332272 0.179059 0.388171
v -0.338460 0.176524 0.383551
v -0.334453 0.176636 0.396574
v -0.421172 0.087013 0.321802
v -0.422149 0.103249 0.335259
v -0.408548 0.103249 0.317040
v -0.425592 0.094954 0.328534
v -0.421037 0.099505 0.321903
v -0.416665 0.106435 0.325167
v -0.415974 0.094954 0.315651
v -0.350737 0.122712 0.472532
v -0.367279 0.127869 0.464098
v -0.363539 0.108651 0.475657
v -0.358802 0.129187 0.470095
v -0.361261 0.122570 0.475701
v -0.367855 0.119244 0.472305
v -0.356158 0.115597 0.478269
v -0.440405 0.049534 0.379876
v -0.436210 0.049345 0.400564
v -0.439949 0.068563 0.389005
v -0.440848 0.046483 0.390757
v -0.443745 0.055255 0.390467
v -0.440525 0.059939 0.397212
v -0.443492 0.060072 0.382583
v -0.298807 0.040540 0.473812
v -0.317044 0.035080 0.476803
v -0.301132 0.023202 0.465728
v -0.307639 0.038824 0.479465
v -0.303497 0.031168 0.477124
v -0.309283 0.026564 0.473748
v -0.296388 0.030425 0.471633
v -0.402081 -0.011108 0.380820
v -0.384829 -0.018655 0.390363
v -0.400742 -0.006778 0.401438
v -0.393928 -0.018355 0.383804
v -0.398497 -0.016342 0.391582
v -0.392981 -0.015293 0.398384
v -0.405180 -0.009957 0.391636
v -0.240651 0.040540 0.395912
v -0.249063 0.023202 0.395981
v -0.242967 0.035080 0.377577
v -0.242052 0.030425 0.398851
v -0.238809 0.031168 0.390474
v -0.243690 0.026564 0.385886
v -0.237742 0.038824 0.385837
v -0.359162 -0.011108 0.323330
v -0.339014 -0.006778 0.318754
v -0.345109 -0.018655 0.337158
v -0.349673 -0.009957 0.317285
v -0.347825 -0.016342 0.323707
v -0.339736 -0.015293 0.327063
v -0.353983 -0.018355 0.330299
v -0.256639 0.122712 0.346487
v -0.257282 0.108651 0.333325
v -0.269427 0.127869 0.333026
v -0.252679 0.115597 0.339659
v -0.256592 0.122570 0.335497
v -0.261722 0.119244 0.330140
v -0.261267 0.129187 0.339448
v -0.370961 0.049534 0.286855
v -0.362079 0.068563 0.284698
v -0.349933 0.049345 0.284997
v -0.369243 0.060072 0.283126
v -0.361755 0.055255 0.280643
v -0.354374 0.059939 0.281812
v -0.360654 0.046483 0.283338
v -0.424213 0.083301 0.321480
v -0.430106 0.079121 0.303615
v -0.443005 0.079121 0.322339
v -0.425253 0.084729 0.311002
v -0.432939 0.086221 0.315469
v -0.438541 0.081773 0.311609
v -0.434374 0.084729 0.324242
v -0.501563 -0.031406 0.268192
v -0.505693 -0.013842 0.279151
v -0.492794 -0.013842 0.260428
v -0.507430 -0.023610 0.273911
v -0.504092 -0.019297 0.266449
v -0.501229 -0.011191 0.268422
v -0.498309 -0.023610 0.260672
v -0.433777 0.052103 0.385373
v -0.451213 0.052348 0.377170
v -0.443219 0.036350 0.391210
v -0.443087 0.056308 0.382447
v -0.443959 0.050274 0.389087
v -0.449763 0.045169 0.386574
v -0.437434 0.044996 0.392375
v -0.507732 -0.051528 0.309401
v -0.503154 -0.047637 0.329639
v -0.511149 -0.031639 0.315599
v -0.507283 -0.052882 0.320620
v -0.511989 -0.045055 0.319201
v -0.509699 -0.038819 0.325003
v -0.512936 -0.041570 0.310693
v -0.383396 0.001624 0.393161
v -0.399982 -0.006970 0.397893
v -0.382142 -0.016857 0.387846
v -0.391537 -0.000990 0.399469
v -0.385909 -0.007888 0.398060
v -0.390651 -0.014058 0.395711
v -0.378923 -0.007982 0.392365
v -0.475237 -0.084086 0.314424
v -0.456574 -0.086320 0.324035
v -0.474414 -0.076433 0.334081
v -0.465665 -0.088933 0.317999
v -0.470392 -0.086732 0.325631
v -0.465083 -0.083521 0.331899
v -0.478279 -0.081942 0.325103
v -0.342694 0.001624 0.334081
v -0.347213 -0.016857 0.337145
v -0.344182 -0.006970 0.316897
v -0.341844 -0.007982 0.338544
v -0.339012 -0.007888 0.329987
v -0.342896 -0.014058 0.326393
v -0.339700 -0.000990 0.324226
v -0.448985 -0.084086 0.276319
v -0.430324 -0.076433 0.270084
v -0.433356 -0.086320 0.290333
v -0.440090 -0.081942 0.269671
v -0.436787 -0.086732 0.276853
v -0.429038 -0.083521 0.279580
v -0.442234 -0.088933 0.283989
v -0.367920 0.052103 0.289780
v -0.365830 0.036350 0.278879
v -0.381797 0.052348 0.276411
v -0.362681 0.044996 0.283869
v -0.368078 0.050274 0.278943
v -0.372493 0.045169 0.274415
v -0.373971 0.056308 0.282123
v -0.465255 -0.051528 0.247746
v -0.460681 -0.031639 0.242344
v -0.444715 -0.047637 0.244812
v -0.465902 -0.041570 0.242423
v -0.457615 -0.045055 0.240277
v -0.451378 -0.038819 0.240349
v -0.454612 -0.052882 0.244168
v -0.501041 -0.032871 0.269425
v -0.505671 -0.041382 0.252767
v -0.518172 -0.041382 0.271759
v -0.502397 -0.033564 0.258909
v -0.510215 -0.033288 0.263386
v -0.514510 -0.039583 0.260559
v -0.511236 -0.033564 0.272338
v -0.546897 -0.170591 0.239243
v -0.555335 -0.152996 0.247298
v -0.542835 -0.152996 0.228307
v -0.554546 -0.163638 0.243831
v -0.552397 -0.159974 0.235622
v -0.551674 -0.151197 0.236098
v -0.545707 -0.163638 0.230402
v -0.501975 -0.046526 0.313627
v -0.518900 -0.052035 0.306242
v -0.507142 -0.062891 0.322392
v -0.512041 -0.045335 0.310439
v -0.511369 -0.050166 0.318020
v -0.515695 -0.056907 0.316637
v -0.503727 -0.053012 0.321860
v -0.547316 -0.176729 0.259114
v -0.543889 -0.168413 0.278212
v -0.555647 -0.157557 0.262062
v -0.546551 -0.175986 0.270373
v -0.553078 -0.169938 0.267874
v -0.552442 -0.162429 0.272458
v -0.554866 -0.168309 0.258953
v -0.462322 -0.068620 0.322608
v -0.476209 -0.080127 0.329398
v -0.456441 -0.086837 0.320388
v -0.469547 -0.072057 0.329601
v -0.462359 -0.077474 0.329120
v -0.465389 -0.084938 0.328031
v -0.455569 -0.076801 0.323230
v -0.529491 -0.186662 0.263151
v -0.510877 -0.182503 0.272202
v -0.530645 -0.175793 0.281212
v -0.519009 -0.188289 0.267074
v -0.524146 -0.186059 0.274427
v -0.519825 -0.180604 0.279845
v -0.532986 -0.183545 0.273445
v -0.436882 -0.068620 0.283956
v -0.436595 -0.086837 0.290235
v -0.436136 -0.080127 0.268516
v -0.433640 -0.076801 0.289913
v -0.430915 -0.077474 0.281347
v -0.433113 -0.084938 0.278995
v -0.433316 -0.072057 0.274555
v -0.518054 -0.186662 0.245775
v -0.501921 -0.175793 0.237573
v -0.502380 -0.182503 0.259292
v -0.509981 -0.183545 0.238494
v -0.505584 -0.186059 0.246225
v -0.498898 -0.180604 0.248051
v -0.510305 -0.188289 0.253851
v -0.460811 -0.046526 0.251088
v -0.454804 -0.062891 0.242875
v -0.474288 -0.052035 0.238462
v -0.453943 -0.053012 0.246222
v -0.460492 -0.050166 0.240721
v -0.463472 -0.056907 0.237295
v -0.467720 -0.045335 0.243102
v -0.528811 -0.176729 0.230999
v -0.529398 -0.157557 0.222182
v -0.509914 -0.168413 0.226595
v -0.531944 -0.168309 0.224129
v -0.523044 -0.169938 0.222242
v -0.518582 -0.162429 0.221014
v -0.518167 -0.175986 0.227249
v 0.325301 0.174154 0.396211
v 0.306291 0.174271 0.399365
v 0.322527 0.174271 0.415280
v 0.315260 0.177402 0.394971
v 0.318735 0.179883 0.402909
v 0.313299 0.177485 0.408455
v 0.326741 0.177402 0.406225
v 0.239950 0.089809 0.483284
v 0.253356 0.105914 0.485848
v 0.237119 0.105914 0.469932
v 0.246129 0.097740 0.488464
v 0.240222 0.102296 0.483006
v 0.244127 0.109128 0.479023
v 0.234648 0.097740 0.477210
v 0.399170 0.122915 0.433203
v 0.388665 0.128395 0.448401
v 0.400382 0.109004 0.446485
v 0.395758 0.129529 0.440788
v 0.400902 0.122888 0.444057
v 0.396615 0.119693 0.450179
v 0.404043 0.115818 0.439432
v 0.294465 0.051995 0.510584
v 0.315525 0.051528 0.509197
v 0.303808 0.070918 0.511114
v 0.305151 0.048835 0.512517
v 0.304586 0.057650 0.515239
v 0.311758 0.062216 0.512892
v 0.296866 0.062546 0.513872
v 0.406363 0.040008 0.382951
v 0.406822 0.034775 0.401492
v 0.397827 0.022791 0.384392
v 0.410763 0.038357 0.392481
v 0.408902 0.030669 0.388160
v 0.404727 0.026183 0.393500
v 0.404402 0.029884 0.380389
v 0.299773 -0.009190 0.473498
v 0.311442 -0.017081 0.457775
v 0.320438 -0.005097 0.474875
v 0.303731 -0.016583 0.465909
v 0.310853 -0.014587 0.471453
v 0.318343 -0.013689 0.466883
v 0.310091 -0.008109 0.478001
v 0.336939 0.040008 0.314900
v 0.335669 0.022791 0.323463
v 0.318392 0.034775 0.314812
v 0.339539 0.029884 0.316809
v 0.331680 0.030669 0.312465
v 0.326425 0.026183 0.316746
v 0.327323 0.038357 0.310691
v 0.248539 -0.009190 0.423277
v 0.246750 -0.005097 0.402645
v 0.264026 -0.017081 0.411297
v 0.243831 -0.008109 0.413051
v 0.250363 -0.014587 0.412159
v 0.254782 -0.013689 0.404579
v 0.256047 -0.016583 0.419169
v 0.286840 0.122915 0.323095
v 0.273537 0.109004 0.322149
v 0.271855 0.128395 0.333902
v 0.280515 0.115818 0.318348
v 0.275954 0.122888 0.321581
v 0.269919 0.119693 0.325989
v 0.279325 0.129529 0.326659
v 0.211566 0.051995 0.429325
v 0.210850 0.070918 0.419995
v 0.212532 0.051528 0.408242
v 0.208231 0.062546 0.426991
v 0.206711 0.057650 0.419300
v 0.208914 0.062216 0.412082
v 0.209420 0.048835 0.418680
v 0.237801 0.085383 0.486180
v 0.219228 0.081186 0.489146
v 0.235654 0.081186 0.504866
v 0.227290 0.086802 0.485537
v 0.230472 0.088290 0.493838
v 0.225772 0.083835 0.498750
v 0.238905 0.086802 0.496653
v 0.172944 -0.029427 0.553952
v 0.183092 -0.011860 0.559790
v 0.166665 -0.011860 0.544070
v 0.177649 -0.021633 0.560662
v 0.170812 -0.017321 0.556180
v 0.173209 -0.009211 0.553674
v 0.166034 -0.021633 0.549546
v 0.299374 0.054216 0.505788
v 0.288495 0.054439 0.521693
v 0.303642 0.038458 0.516027
v 0.294997 0.058410 0.514515
v 0.301418 0.052379 0.516430
v 0.298015 0.047267 0.521755
v 0.305708 0.047109 0.510509
v 0.212657 -0.049529 0.566598
v 0.233363 -0.045621 0.565310
v 0.218216 -0.029639 0.570975
v 0.223806 -0.050876 0.567943
v 0.221648 -0.043053 0.572368
v 0.227736 -0.036811 0.571038
v 0.213095 -0.039575 0.571949
v 0.315135 0.003786 0.457254
v 0.317167 -0.004820 0.474376
v 0.310102 -0.014697 0.455154
v 0.320066 0.001168 0.466295
v 0.319577 -0.005726 0.460509
v 0.316507 -0.011901 0.464811
v 0.315070 -0.005816 0.452703
v 0.222823 -0.082054 0.535295
v 0.235289 -0.084266 0.518402
v 0.242354 -0.074388 0.537623
v 0.227883 -0.086891 0.526411
v 0.234661 -0.084689 0.532297
v 0.241694 -0.081470 0.528058
v 0.232879 -0.079906 0.540003
v 0.263302 0.003786 0.407650
v 0.265621 -0.014697 0.412586
v 0.246107 -0.004820 0.406372
v 0.267851 -0.005816 0.407515
v 0.259855 -0.005726 0.403355
v 0.255693 -0.011901 0.406611
v 0.254053 0.001168 0.403121
v 0.189392 -0.082054 0.503302
v 0.186207 -0.074388 0.483892
v 0.205721 -0.084266 0.490106
v 0.184246 -0.079906 0.493462
v 0.191866 -0.084689 0.491343
v 0.195793 -0.081470 0.484131
v 0.198044 -0.086891 0.497856
v 0.215508 0.054216 0.425528
v 0.205091 0.038458 0.421714
v 0.200096 0.054439 0.437095
v 0.210513 0.047109 0.419408
v 0.204786 0.052379 0.423954
v 0.199615 0.047267 0.427587
v 0.206981 0.058410 0.430284
v 0.158565 -0.049529 0.514832
v 0.153948 -0.029639 0.509471
v 0.158943 -0.045621 0.494090
v 0.153200 -0.039575 0.514630
v 0.152406 -0.043053 0.506104
v 0.153467 -0.036811 0.499963
v 0.156732 -0.050876 0.503754
v 0.173664 -0.030693 0.552925
v 0.156408 -0.039144 0.554408
v 0.172746 -0.039144 0.570220
v 0.163076 -0.031354 0.552306
v 0.166024 -0.031059 0.560819
v 0.162428 -0.037330 0.564535
v 0.174629 -0.031354 0.563487
v 0.135036 -0.168154 0.592839
v 0.141441 -0.150547 0.602568
v 0.125103 -0.150547 0.586756
v 0.138147 -0.161183 0.601185
v 0.130492 -0.157506 0.597535
v 0.131123 -0.148733 0.596883
v 0.126594 -0.161183 0.590004
v 0.216877 -0.044459 0.562102
v 0.206458 -0.049882 0.577379
v 0.224476 -0.060826 0.568864
v 0.211879 -0.043220 0.571397
v 0.219436 -0.048073 0.572162
v 0.217252 -0.054794 0.576178
v 0.224620 -0.050959 0.565376
v 0.154463 -0.174342 0.596965
v 0.173893 -0.166089 0.597118
v 0.155875 -0.155145 0.605633
v 0.165671 -0.173631 0.598303
v 0.162022 -0.167550 0.604231
v 0.166669 -0.160056 0.604432
v 0.152930 -0.165892 0.604324
v 0.232997 -0.066732 0.524884
v 0.237052 -0.078202 0.539829
v 0.231849 -0.084966 0.518755
v 0.238515 -0.070158 0.533294
v 0.239360 -0.075603 0.526160
v 0.237703 -0.083052 0.528960
v 0.234836 -0.074941 0.518392
v 0.161710 -0.184355 0.580233
v 0.174075 -0.180292 0.563612
v 0.179277 -0.173528 0.584687
v 0.167507 -0.186033 0.570669
v 0.173784 -0.183802 0.577075
v 0.179929 -0.178378 0.573817
v 0.171186 -0.181250 0.585570
v 0.199746 -0.066732 0.492705
v 0.205910 -0.084966 0.493652
v 0.184676 -0.078202 0.489142
v 0.206174 -0.074941 0.490654
v 0.198262 -0.075603 0.486387
v 0.195518 -0.083052 0.488135
v 0.191160 -0.070158 0.487466
v 0.146762 -0.184355 0.565767
v 0.141735 -0.173528 0.548355
v 0.162969 -0.180292 0.552864
v 0.141117 -0.181250 0.556471
v 0.149523 -0.183802 0.553596
v 0.152577 -0.178378 0.547348
v 0.156132 -0.186033 0.559660
v 0.163076 -0.044459 0.510035
v 0.156069 -0.060826 0.502662
v 0.148149 -0.049882 0.520950
v 0.159551 -0.050959 0.502404
v 0.152938 -0.048073 0.507807
v 0.148995 -0.054794 0.510122
v 0.153950 -0.043220 0.515335
v 0.130277 -0.174342 0.573558
v 0.121567 -0.155145 0.572431
v 0.129487 -0.166089 0.554143
v 0.122972 -0.165892 0.575331
v 0.122766 -0.167550 0.566241
v 0.122413 -0.160056 0.561603
v 0.128572 -0.173631 0.562400
v 0.508424 0.172177 0.058194
v 0.496575 0.171495 0.073376
v 0.519300 0.171495 0.074087
v 0.500192 0.175106 0.064241
v 0.508122 0.177417 0.067851
v 0.507883 0.174623 0.075480
v 0.516262 0.175106 0.064745
v 0.504748 0.081684 0.175574
v 0.516321 0.098156 0.169217
v 0.493596 0.098156 0.168505
v 0.512790 0.089637 0.175608
v 0.504740 0.094175 0.175827
v 0.504904 0.101284 0.170609
v 0.496721 0.089637 0.175104
v 0.587906 0.122304 0.032781
v 0.590463 0.126842 0.051334
v 0.597816 0.107969 0.041006
v 0.590522 0.128509 0.041001
v 0.596532 0.121942 0.039583
v 0.597530 0.118372 0.046817
v 0.595722 0.115163 0.033698
v 0.563406 0.044878 0.156819
v 0.577960 0.045220 0.141532
v 0.570607 0.064093 0.151860
v 0.572581 0.042036 0.150850
v 0.573994 0.050719 0.153684
v 0.577673 0.055623 0.147343
v 0.567382 0.055382 0.158153
v 0.559293 0.041607 -0.013261
v 0.572197 0.035718 -0.000217
v 0.554016 0.024054 -0.007312
v 0.568988 0.039768 -0.009320
v 0.564704 0.032181 -0.011631
v 0.565257 0.027355 -0.005113
v 0.556132 0.031520 -0.014337
v 0.542289 -0.014675 0.122841
v 0.540236 -0.021560 0.102990
v 0.558417 -0.009896 0.110085
v 0.540072 -0.021638 0.114209
v 0.549063 -0.019593 0.113567
v 0.551476 -0.018259 0.105189
v 0.552928 -0.013390 0.119226
v 0.462126 0.041607 -0.016304
v 0.467020 0.024054 -0.010037
v 0.448431 0.035718 -0.004093
v 0.465348 0.031520 -0.017179
v 0.456623 0.032181 -0.015015
v 0.455664 0.027355 -0.008545
v 0.452204 0.039768 -0.012977
v 0.470581 -0.014675 0.120595
v 0.455283 -0.009896 0.106855
v 0.473872 -0.021560 0.100912
v 0.460189 -0.013390 0.116322
v 0.464400 -0.019593 0.110916
v 0.462516 -0.018259 0.102403
v 0.473334 -0.021638 0.112119
v 0.430688 0.122304 0.027858
v 0.420283 0.107969 0.035446
v 0.426975 0.126842 0.046215
v 0.422830 0.115163 0.028284
v 0.421653 0.121942 0.034107
v 0.420205 0.118372 0.041264
v 0.427563 0.128509 0.035898
v 0.447380 0.044878 0.153186
v 0.440502 0.064093 0.147786
v 0.433810 0.045220 0.137018
v 0.443327 0.055382 0.154268
v 0.437008 0.050719 0.149394
v 0.433733 0.055623 0.142835
v 0.438595 0.042036 0.146654
v 0.506174 0.079236 0.176692
v 0.494868 0.075034 0.191722
v 0.517605 0.075034 0.191626
v 0.498164 0.080653 0.183529
v 0.506218 0.082140 0.187292
v 0.506247 0.077682 0.194089
v 0.514241 0.080653 0.183461
v 0.506567 -0.035606 0.270456
v 0.517924 -0.018038 0.267616
v 0.495187 -0.018038 0.267712
v 0.514612 -0.027813 0.272019
v 0.506580 -0.023501 0.273544
v 0.506566 -0.015390 0.270079
v 0.498535 -0.027813 0.272087
v 0.564095 0.048079 0.148032
v 0.567312 0.048296 0.167031
v 0.574277 0.032319 0.152430
v 0.567007 0.052269 0.157352
v 0.572956 0.046240 0.154270
v 0.574206 0.041126 0.160463
v 0.571932 0.040972 0.147028
v 0.543925 -0.055702 0.251971
v 0.557930 -0.051789 0.236666
v 0.550965 -0.035812 0.251267
v 0.552881 -0.057046 0.245196
v 0.554402 -0.049226 0.249882
v 0.557859 -0.042982 0.244699
v 0.547956 -0.045749 0.255521
v 0.541733 -0.002335 0.102146
v 0.555086 -0.010944 0.113052
v 0.536654 -0.020819 0.104124
v 0.551560 -0.004954 0.105227
v 0.547190 -0.011846 0.101400
v 0.547968 -0.018024 0.106625
v 0.538526 -0.011936 0.098914
v 0.529502 -0.088217 0.222376
v 0.526741 -0.090421 0.201563
v 0.545173 -0.080547 0.210491
v 0.526974 -0.093050 0.212468
v 0.535939 -0.090848 0.211997
v 0.538056 -0.087626 0.204064
v 0.540008 -0.086068 0.218781
v 0.469990 -0.002335 0.102447
v 0.475086 -0.020819 0.104382
v 0.456730 -0.010944 0.113465
v 0.473170 -0.011936 0.099188
v 0.464527 -0.011846 0.101747
v 0.463793 -0.018024 0.106978
v 0.460190 -0.004954 0.105610
v 0.483230 -0.088217 0.222570
v 0.467459 -0.080547 0.210817
v 0.485816 -0.090421 0.201734
v 0.472694 -0.086068 0.219064
v 0.476706 -0.090848 0.212246
v 0.474523 -0.087626 0.204331
v 0.485674 -0.093050 0.212641
v 0.448014 0.048079 0.148519
v 0.437870 0.032319 0.153003
v 0.444957 0.048296 0.167544
v 0.440169 0.040972 0.147581
v 0.439205 0.046240 0.154831
v 0.438008 0.041126 0.161034
v 0.445181 0.052269 0.157864
v 0.469055 -0.055702 0.252285
v 0.462010 -0.035812 0.251641
v 0.454923 -0.051789 0.237099
v 0.465054 -0.045749 0.255869
v 0.458562 -0.049226 0.250284
v 0.455061 -0.042982 0.245130
v 0.460043 -0.057046 0.245586
v 0.504587 -0.036343 0.268851
v 0.492517 -0.044592 0.281406
v 0.515220 -0.044592 0.282645
v 0.496183 -0.036898 0.275330
v 0.503989 -0.036540 0.279824
v 0.503702 -0.042731 0.285084
v 0.512236 -0.036898 0.276206
v 0.501447 -0.172936 0.326409
v 0.512675 -0.155293 0.329292
v 0.489972 -0.155293 0.328053
v 0.509271 -0.165908 0.330568
v 0.501100 -0.162190 0.332771
v 0.501157 -0.153432 0.331731
v 0.493217 -0.165908 0.329693
v 0.543233 -0.050466 0.247681
v 0.545368 -0.055610 0.266129
v 0.553390 -0.066838 0.248060
v 0.545549 -0.049072 0.257958
v 0.551754 -0.053997 0.253658
v 0.552731 -0.060649 0.258225
v 0.551221 -0.057012 0.245180
v 0.518820 -0.179285 0.316892
v 0.533605 -0.171239 0.304151
v 0.525583 -0.160010 0.322221
v 0.528164 -0.178679 0.310549
v 0.529298 -0.172495 0.317324
v 0.532946 -0.165049 0.314317
v 0.522492 -0.170739 0.323326
v 0.531004 -0.073318 0.209349
v 0.543850 -0.084666 0.218156
v 0.526105 -0.091605 0.205750
v 0.540680 -0.076710 0.212138
v 0.536639 -0.082242 0.206279
v 0.537216 -0.089641 0.209594
v 0.528132 -0.081617 0.203366
v 0.513323 -0.189558 0.299660
v 0.511776 -0.185811 0.278942
v 0.529520 -0.178871 0.291348
v 0.511433 -0.191404 0.288663
v 0.520375 -0.189169 0.289355
v 0.522887 -0.183847 0.282786
v 0.523980 -0.186497 0.297435
v 0.484800 -0.073318 0.206828
v 0.490061 -0.091605 0.203784
v 0.471072 -0.084666 0.214186
v 0.488305 -0.081617 0.201193
v 0.479532 -0.082242 0.203164
v 0.478598 -0.089641 0.206396
v 0.474878 -0.076710 0.208548
v 0.492552 -0.189558 0.298527
v 0.477354 -0.178871 0.288502
v 0.496343 -0.185811 0.278100
v 0.482199 -0.186497 0.295156
v 0.486663 -0.189169 0.287516
v 0.484880 -0.183847 0.280712
v 0.495627 -0.191404 0.287800
v 0.468474 -0.050466 0.243603
v 0.458336 -0.066838 0.242874
v 0.464345 -0.055610 0.261709
v 0.460805 -0.057012 0.240248
v 0.459352 -0.053997 0.248617
v 0.457885 -0.060649 0.253051
v 0.465054 -0.049072 0.253566
v 0.485212 -0.179285 0.315059
v 0.477910 -0.160010 0.319620
v 0.471901 -0.171239 0.300785
v 0.480863 -0.170739 0.321055
v 0.474750 -0.172495 0.314348
v 0.471451 -0.165049 0.310962
v 0.476614 -0.178679 0.307737
v 0.381067 0.171939 -0.343693
v 0.385263 0.171165 -0.324901
v 0.400248 0.171165 -0.342000
v 0.380522 0.174830 -0.333483
v 0.388357 0.177122 -0.337305
v 0.394085 0.174283 -0.332286
v 0.391118 0.174830 -0.345574
v 0.468989 0.080757 -0.266646
v 0.471503 0.097268 -0.279559
v 0.456519 0.097268 -0.262459
v 0.474158 0.088710 -0.272805
v 0.469234 0.093245 -0.266431
v 0.465340 0.100385 -0.269844
v 0.463562 0.088710 -0.260714
v 0.411707 0.122230 -0.421416
v 0.427680 0.126660 -0.411589
v 0.424290 0.107848 -0.423901
v 0.419745 0.128387 -0.418191
v 0.422438 0.121830 -0.423759
v 0.428643 0.118217 -0.419949
v 0.417347 0.115085 -0.426898
v 0.491601 0.044072 -0.324005
v 0.489040 0.044506 -0.344956
v 0.492430 0.063317 -0.332643
v 0.492806 0.041267 -0.334895
v 0.495931 0.049934 -0.334153
v 0.493392 0.054875 -0.341003
v 0.495203 0.054568 -0.326189
v 0.357614 0.041801 -0.428875
v 0.375860 0.035837 -0.430579
v 0.358780 0.024211 -0.421089
v 0.366809 0.039939 -0.433866
v 0.362269 0.032365 -0.432055
v 0.367633 0.027502 -0.428361
v 0.354731 0.031719 -0.427156
v 0.451681 -0.015284 -0.329510
v 0.435015 -0.022053 -0.340560
v 0.452095 -0.010427 -0.350050
v 0.443575 -0.022197 -0.333308
v 0.448799 -0.020146 -0.340651
v 0.443868 -0.018762 -0.347832
v 0.455652 -0.013976 -0.340018
v 0.293544 0.041801 -0.355761
v 0.301416 0.024211 -0.355628
v 0.294250 0.035837 -0.337450
v 0.294870 0.031719 -0.358845
v 0.291002 0.032365 -0.350729
v 0.295369 0.027502 -0.345897
v 0.289803 0.039939 -0.345991
v 0.404398 -0.015284 -0.275553
v 0.384089 -0.010427 -0.272446
v 0.391255 -0.022053 -0.290624
v 0.394502 -0.013976 -0.270236
v 0.392974 -0.020146 -0.276947
v 0.385209 -0.018762 -0.280893
v 0.399569 -0.022197 -0.283090
v 0.308039 0.122230 -0.303116
v 0.307227 0.107848 -0.290315
v 0.319878 0.126660 -0.288571
v 0.303346 0.115085 -0.296805
v 0.307125 0.121830 -0.292170
v 0.311717 0.118217 -0.286519
v 0.312291 0.128387 -0.295571
v 0.415095 0.044072 -0.236701
v 0.406641 0.063317 -0.234745
v 0.393989 0.044506 -0.236489
v 0.413403 0.054568 -0.232843
v 0.405604 0.049934 -0.231076
v 0.398479 0.054875 -0.232694
v 0.404457 0.041267 -0.234077
v 0.469956 0.076031 -0.262663
v 0.472535 0.070950 -0.244254
v 0.488421 0.070950 -0.260520
v 0.469258 0.077043 -0.252108
v 0.477649 0.078303 -0.255149
v 0.482315 0.073451 -0.250593
v 0.480491 0.077043 -0.263610
v 0.532057 -0.044160 -0.202015
v 0.538750 -0.026457 -0.211369
v 0.522865 -0.026457 -0.195102
v 0.539145 -0.036474 -0.206329
v 0.534776 -0.032259 -0.199360
v 0.532645 -0.023957 -0.201441
v 0.527912 -0.036474 -0.194827
v 0.488894 0.046610 -0.325295
v 0.504673 0.045702 -0.314270
v 0.498499 0.030616 -0.330120
v 0.497744 0.050241 -0.320667
v 0.499471 0.044404 -0.327315
v 0.504535 0.038932 -0.324079
v 0.493378 0.039574 -0.331875
v 0.544272 -0.063135 -0.242411
v 0.543380 -0.058326 -0.262948
v 0.549554 -0.043240 -0.247097
v 0.545681 -0.064078 -0.253593
v 0.550412 -0.056549 -0.251071
v 0.549416 -0.050011 -0.256907
v 0.550047 -0.053411 -0.242385
v 0.438433 -0.000993 -0.343587
v 0.455194 -0.010237 -0.345818
v 0.435493 -0.019560 -0.339348
v 0.447408 -0.003792 -0.348539
v 0.441328 -0.010445 -0.348391
v 0.445329 -0.016921 -0.345541
v 0.433477 -0.010385 -0.343964
v 0.511726 -0.093838 -0.254209
v 0.494892 -0.094806 -0.266912
v 0.514594 -0.085482 -0.273382
v 0.502701 -0.098075 -0.259548
v 0.508749 -0.095852 -0.266174
v 0.504729 -0.092167 -0.273106
v 0.516632 -0.091483 -0.264123
v 0.388307 -0.000993 -0.292260
v 0.392476 -0.019560 -0.295300
v 0.386474 -0.010237 -0.275450
v 0.387813 -0.010385 -0.297205
v 0.383573 -0.010445 -0.289252
v 0.386517 -0.016921 -0.285319
v 0.383569 -0.003792 -0.283170
v 0.479396 -0.093838 -0.221104
v 0.460296 -0.085482 -0.217783
v 0.466298 -0.094806 -0.237632
v 0.469601 -0.091483 -0.215965
v 0.467364 -0.095852 -0.223797
v 0.460339 -0.092167 -0.227652
v 0.473845 -0.098075 -0.230000
v 0.407789 0.046610 -0.242246
v 0.403193 0.030616 -0.232529
v 0.419185 0.045702 -0.226732
v 0.401317 0.039574 -0.237608
v 0.406021 0.044404 -0.231625
v 0.409375 0.038932 -0.226638
v 0.412625 0.050242 -0.233508
v 0.491962 -0.063135 -0.188846
v 0.487402 -0.043240 -0.183455
v 0.471410 -0.058326 -0.189252
v 0.492124 -0.053411 -0.183074
v 0.483449 -0.056549 -0.182503
v 0.477592 -0.050011 -0.183361
v 0.480816 -0.064078 -0.187173
v 0.531994 -0.043982 -0.204961
v 0.534302 -0.052694 -0.187928
v 0.549182 -0.052694 -0.205120
v 0.531952 -0.044783 -0.194366
v 0.540292 -0.044569 -0.197779
v 0.544106 -0.050943 -0.194478
v 0.542474 -0.044783 -0.206522
v 0.571887 -0.182535 -0.170433
v 0.581513 -0.164983 -0.177137
v 0.566633 -0.164983 -0.159945
v 0.580152 -0.175643 -0.173911
v 0.576989 -0.172022 -0.166017
v 0.576437 -0.163232 -0.166494
v 0.569631 -0.175643 -0.161754
v 0.538549 -0.057272 -0.248797
v 0.554296 -0.063062 -0.239316
v 0.544629 -0.073628 -0.256976
v 0.548125 -0.056238 -0.244308
v 0.548395 -0.060995 -0.251959
v 0.552424 -0.067804 -0.250091
v 0.541289 -0.063709 -0.256795
v 0.574834 -0.188509 -0.190139
v 0.574035 -0.179988 -0.209437
v 0.583703 -0.169422 -0.191778
v 0.575559 -0.187661 -0.201394
v 0.581773 -0.181719 -0.198001
v 0.581830 -0.174164 -0.202552
v 0.582395 -0.180189 -0.188907
v 0.500159 -0.078775 -0.263113
v 0.514680 -0.090403 -0.268144
v 0.493826 -0.096933 -0.261867
v 0.508197 -0.082245 -0.269135
v 0.500945 -0.087573 -0.269654
v 0.503719 -0.095084 -0.268254
v 0.493451 -0.086862 -0.264696
v 0.557576 -0.198176 -0.196575
v 0.540358 -0.193700 -0.207942
v 0.561213 -0.187170 -0.214219
v 0.547680 -0.199634 -0.201853
v 0.553762 -0.197408 -0.208447
v 0.550251 -0.191852 -0.214329
v 0.562426 -0.195017 -0.206291
v 0.469877 -0.078775 -0.228126
v 0.470202 -0.096933 -0.234572
v 0.466981 -0.090403 -0.213033
v 0.467348 -0.086862 -0.234537
v 0.463517 -0.087573 -0.226409
v 0.465300 -0.095084 -0.223866
v 0.465070 -0.082245 -0.219307
v 0.543962 -0.198176 -0.180847
v 0.527023 -0.187170 -0.174717
v 0.530244 -0.193700 -0.196256
v 0.535042 -0.195017 -0.174653
v 0.531666 -0.197408 -0.182918
v 0.525342 -0.191852 -0.185549
v 0.537320 -0.199634 -0.189883
v 0.489552 -0.057272 -0.192186
v 0.482329 -0.073628 -0.184996
v 0.501193 -0.063062 -0.177962
v 0.482030 -0.063709 -0.188327
v 0.487834 -0.060995 -0.181988
v 0.490261 -0.067804 -0.178269
v 0.495368 -0.056238 -0.183353
v 0.552807 -0.188509 -0.164690
v 0.552458 -0.169422 -0.155678
v 0.533594 -0.179988 -0.162712
v 0.555111 -0.180189 -0.157384
v 0.546022 -0.181719 -0.156695
v 0.541526 -0.174164 -0.155986
v 0.541773 -0.187661 -0.162358
v -0.262409 0.172434 -0.437792
v -0.243164 0.171852 -0.436985
v -0.255802 0.171852 -0.455885
v -0.252718 0.175403 -0.434602
v -0.254406 0.177736 -0.443143
v -0.248046 0.174991 -0.447396
v -0.261654 0.175403 -0.447967
v -0.164306 0.082695 -0.503390
v -0.176296 0.099123 -0.509049
v -0.163658 0.099123 -0.490148
v -0.168998 0.090646 -0.509923
v -0.164162 0.095186 -0.503486
v -0.168539 0.102262 -0.500560
v -0.160061 0.090646 -0.496558
v -0.329043 0.122383 -0.487846
v -0.315462 0.127039 -0.500700
v -0.328040 0.108099 -0.500742
v -0.323911 0.128640 -0.494733
v -0.328524 0.122063 -0.498820
v -0.323201 0.118539 -0.503852
v -0.332804 0.115247 -0.494762
v -0.213481 0.045758 -0.540330
v -0.234384 0.045998 -0.543277
v -0.221806 0.064939 -0.543236
v -0.223659 0.042875 -0.544332
v -0.222221 0.051576 -0.547099
v -0.229545 0.056439 -0.546387
v -0.214765 0.056268 -0.544303
v -0.349425 0.041400 -0.438079
v -0.346289 0.035591 -0.456184
v -0.341424 0.023885 -0.437309
v -0.351848 0.039583 -0.448264
v -0.351196 0.031983 -0.443463
v -0.346190 0.027199 -0.447720
v -0.348408 0.031306 -0.434918
v -0.228523 -0.014008 -0.503602
v -0.243440 -0.021019 -0.490412
v -0.248305 -0.009313 -0.509287
v -0.234219 -0.021025 -0.496803
v -0.239981 -0.018986 -0.503737
v -0.248206 -0.017706 -0.500823
v -0.237659 -0.012748 -0.510150
v -0.295388 0.041400 -0.357267
v -0.293043 0.023885 -0.364955
v -0.277459 0.035591 -0.353248
v -0.297921 0.031306 -0.359415
v -0.291090 0.031983 -0.353573
v -0.285243 0.027199 -0.356573
v -0.286901 0.039583 -0.351137
v -0.188645 -0.014008 -0.443964
v -0.190949 -0.009313 -0.423511
v -0.206534 -0.021019 -0.435218
v -0.186084 -0.012748 -0.433020
v -0.192898 -0.018986 -0.433324
v -0.198733 -0.017706 -0.426835
v -0.197104 -0.021025 -0.441298
v -0.241610 0.122383 -0.357089
v -0.229309 0.108099 -0.353089
v -0.224542 0.127039 -0.364729
v -0.236655 0.115247 -0.350971
v -0.231270 0.122063 -0.353376
v -0.224586 0.118539 -0.356373
v -0.233284 0.128640 -0.359201
v -0.148956 0.045758 -0.443833
v -0.149452 0.064939 -0.435029
v -0.154219 0.045998 -0.423390
v -0.145775 0.056268 -0.441128
v -0.146039 0.051576 -0.433169
v -0.149496 0.056439 -0.426673
v -0.149146 0.042875 -0.432898
v -0.163747 0.080039 -0.504962
v -0.144947 0.075855 -0.504298
v -0.158040 0.075855 -0.522886
v -0.153557 0.081464 -0.502306
v -0.155083 0.082955 -0.511064
v -0.149521 0.078506 -0.514981
v -0.162815 0.081464 -0.515451
v -0.086978 -0.034694 -0.559032
v -0.095823 -0.017129 -0.566707
v -0.082731 -0.017129 -0.548119
v -0.090308 -0.026898 -0.566519
v -0.084465 -0.022585 -0.560802
v -0.087305 -0.014478 -0.558802
v -0.081050 -0.026898 -0.553375
v -0.220372 0.048848 -0.536072
v -0.206634 0.049088 -0.549585
v -0.222578 0.033094 -0.546949
v -0.214399 0.053050 -0.543792
v -0.220327 0.047018 -0.546910
v -0.215959 0.041910 -0.551483
v -0.225673 0.041741 -0.541928
v -0.123500 -0.054811 -0.579098
v -0.144069 -0.050915 -0.581818
v -0.128125 -0.034921 -0.584454
v -0.134180 -0.056163 -0.582564
v -0.131216 -0.048337 -0.586488
v -0.137450 -0.042099 -0.586352
v -0.122906 -0.044854 -0.584428
v -0.245148 -0.001619 -0.491504
v -0.243840 -0.010215 -0.508702
v -0.240601 -0.020100 -0.488484
v -0.248244 -0.004234 -0.501327
v -0.248874 -0.011131 -0.495558
v -0.245029 -0.017302 -0.499191
v -0.245954 -0.011223 -0.487031
v -0.139480 -0.087361 -0.550353
v -0.154964 -0.089589 -0.536177
v -0.158202 -0.079704 -0.556395
v -0.146153 -0.092205 -0.542612
v -0.151672 -0.090004 -0.549692
v -0.159391 -0.086791 -0.546884
v -0.148443 -0.085215 -0.556908
v -0.203836 -0.001619 -0.432850
v -0.205148 -0.020100 -0.438148
v -0.187203 -0.010215 -0.428289
v -0.208319 -0.011223 -0.433598
v -0.201274 -0.011131 -0.427976
v -0.196558 -0.017302 -0.430372
v -0.195630 -0.004234 -0.426626
v -0.112834 -0.087361 -0.512522
v -0.113452 -0.079704 -0.492858
v -0.131397 -0.089589 -0.502717
v -0.109681 -0.085215 -0.501875
v -0.117563 -0.090004 -0.501265
v -0.122807 -0.086791 -0.494942
v -0.122370 -0.092205 -0.508846
v -0.153527 0.048848 -0.441167
v -0.144029 0.033094 -0.435426
v -0.136177 0.049088 -0.449550
v -0.149799 0.041741 -0.434203
v -0.143307 0.047018 -0.437559
v -0.137531 0.041910 -0.440131
v -0.144247 0.053050 -0.444190
v -0.080386 -0.054811 -0.517886
v -0.076901 -0.034921 -0.511727
v -0.084753 -0.050915 -0.497603
v -0.075167 -0.044854 -0.516650
v -0.076027 -0.048337 -0.508132
v -0.078255 -0.042099 -0.502307
v -0.080719 -0.056163 -0.506662
v -0.088741 -0.035880 -0.559267
v -0.071439 -0.044288 -0.558128
v -0.085186 -0.044288 -0.576238
v -0.078369 -0.036519 -0.557048
v -0.079990 -0.036210 -0.565909
v -0.075855 -0.042464 -0.569048
v -0.088089 -0.036519 -0.569854
v -0.044147 -0.173161 -0.593116
v -0.049044 -0.155546 -0.603670
v -0.035298 -0.155546 -0.585560
v -0.045971 -0.166178 -0.601823
v -0.038969 -0.162493 -0.597046
v -0.039714 -0.153722 -0.596481
v -0.036250 -0.166178 -0.589017
v -0.130024 -0.049721 -0.574930
v -0.117391 -0.055086 -0.588457
v -0.136465 -0.066090 -0.582799
v -0.123675 -0.048449 -0.583355
v -0.131015 -0.053318 -0.585268
v -0.128229 -0.060024 -0.588919
v -0.137162 -0.056231 -0.579354
v -0.062705 -0.179383 -0.600157
v -0.081908 -0.171173 -0.603244
v -0.062833 -0.160169 -0.608902
v -0.073581 -0.178694 -0.603181
v -0.069090 -0.172592 -0.608474
v -0.073672 -0.165108 -0.609364
v -0.060093 -0.170913 -0.607182
v -0.151554 -0.072116 -0.540636
v -0.153261 -0.083560 -0.556046
v -0.151304 -0.090361 -0.534439
v -0.155721 -0.075535 -0.549793
v -0.157626 -0.080998 -0.542881
v -0.155544 -0.088436 -0.545411
v -0.154337 -0.080344 -0.534515
v -0.072384 -0.189451 -0.584740
v -0.087141 -0.185454 -0.570183
v -0.089099 -0.178653 -0.591790
v -0.079563 -0.191164 -0.576170
v -0.084799 -0.188932 -0.583452
v -0.091382 -0.183529 -0.581155
v -0.080947 -0.186355 -0.591449
v -0.123578 -0.072116 -0.503778
v -0.129479 -0.090361 -0.505686
v -0.109194 -0.083560 -0.497990
v -0.130222 -0.080344 -0.502744
v -0.123048 -0.080998 -0.497326
v -0.120051 -0.088436 -0.498651
v -0.115878 -0.075535 -0.497302
v -0.059807 -0.189451 -0.568171
v -0.057512 -0.178653 -0.550176
v -0.077797 -0.185454 -0.557872
v -0.055649 -0.186355 -0.558120
v -0.064387 -0.188932 -0.556559
v -0.068369 -0.183529 -0.550837
v -0.069992 -0.191164 -0.563561
v -0.084757 -0.049721 -0.515293
v -0.078910 -0.066090 -0.506972
v -0.068331 -0.055086 -0.523823
v -0.082416 -0.056231 -0.507227
v -0.075066 -0.053318 -0.511558
v -0.070801 -0.060024 -0.513259
v -0.074935 -0.048449 -0.519143
v -0.042356 -0.179383 -0.573347
v -0.033967 -0.160169 -0.570873
v -0.044546 -0.171173 -0.554022
v -0.034888 -0.170913 -0.573974
v -0.036062 -0.172592 -0.564961
v -0.036437 -0.165108 -0.560309
v -0.042368 -0.178694 -0.562059
v 0.825735 1.070258 -0.587629
v 0.826235 1.072467 -0.595890
v 0.848899 1.072222 -0.586044
v 0.826100 1.071126 -0.593514
v 0.839417 1.071440 -0.591561
v 0.842479 1.072515 -0.592394
v 0.842126 1.070952 -0.586552
v 0.824326 1.188863 -0.588589
v 0.823771 1.190006 -0.580117
v 0.846990 1.188617 -0.578743
v 0.824152 1.189892 -0.586064
v 0.837476 1.189772 -0.584138
v 0.840178 1.189718 -0.579102
v 0.840570 1.188910 -0.585093
v 0.789147 1.033222 -0.006757
v 0.812311 1.035186 -0.005173
v 0.788592 1.034365 0.001715
v 0.805537 1.033916 -0.005680
v 0.802220 1.033789 -0.001028
v 0.805145 1.034725 0.000310
v 0.788766 1.033336 -0.000810
v 0.787183 1.152971 0.000754
v 0.786683 1.150761 0.009016
v 0.810401 1.151582 0.002128
v 0.786818 1.152102 0.006639
v 0.800279 1.152120 0.006394
v 0.803236 1.151120 0.007611
v 0.803589 1.152683 0.001769
v -0.784389 1.050288 -0.690322
v -0.807608 1.051677 -0.691696
v -0.783890 1.052498 -0.698583
v -0.800796 1.050576 -0.691337
v -0.797486 1.051138 -0.695962
v -0.800443 1.052138 -0.697179
v -0.784025 1.051156 -0.696207
v -0.786354 1.170037 -0.682811
v -0.785799 1.168894 -0.691282
v -0.809517 1.168072 -0.684395
v -0.785973 1.169923 -0.688757
v -0.799427 1.169470 -0.688539
v -0.802352 1.168534 -0.689878
v -0.802744 1.169342 -0.683887
v -0.820978 1.013252 -0.109450
v -0.821532 1.014395 -0.100978
v -0.844196 1.014641 -0.110824
v -0.821359 1.013366 -0.103503
v -0.834683 1.013487 -0.105429
v -0.837777 1.014348 -0.104475
v -0.837385 1.013540 -0.110465
v -0.822942 1.133001 -0.101939
v -0.846106 1.131037 -0.103523
v -0.823442 1.130791 -0.093678
v -0.839333 1.132307 -0.103016
v -0.836624 1.131818 -0.098007
v -0.839686 1.130744 -0.097174
v -0.823307 1.132133 -0.096054
v 1.132604 0.013130 0.222867
v 1.128383 0.042209 0.221275
v 1.129607 0.042402 0.222555
v 1.131377 0.021642 0.221879
v 1.131543 0.025524 0.222011
v 1.129258 0.042341 0.221658
v 1.132243 0.021779 0.222784
v 0.833759 2.061902 0.198173
v 0.829494 2.091003 0.199100
v 0.834984 2.062095 0.199452
v 0.830752 2.082475 0.198306
v 0.832020 2.078807 0.198525
v 0.831618 2.082612 0.199211
v 0.834634 2.062034 0.198556
v 1.131086 0.013909 0.310331
v 1.128089 0.043181 0.310018
v 1.126820 0.043010 0.311258
v 1.130724 0.022558 0.310248
v 1.129999 0.026315 0.310929
v 1.127708 0.043136 0.310903
v 1.129827 0.022437 0.311124
v 0.827975 2.091783 0.286563
v 0.832197 2.062703 0.288156
v 0.833465 2.062874 0.286916
v 0.829203 2.083270 0.287551
v 0.830476 2.079599 0.287443
v 0.833085 2.062829 0.287801
v 0.830100 2.083391 0.286675
v 1.046054 0.000488 0.221477
v 1.040563 0.029397 0.221124
v 1.041832 0.029567 0.219885
v 1.043929 0.008880 0.221366
v 1.043553 0.012672 0.220598
v 1.040944 0.029442 0.220239
v 1.044826 0.009001 0.220489
v 0.742943 2.078362 0.197709
v 0.747209 2.049261 0.196782
v 0.745940 2.049090 0.198022
v 0.744202 2.069834 0.196916
v 0.744030 2.065956 0.197111
v 0.746321 2.049135 0.197137
v 0.743305 2.069713 0.197793
v 1.044535 0.001267 0.308941
v 1.040269 0.030369 0.309868
v 1.039045 0.030175 0.308588
v 1.043277 0.009796 0.309734
v 1.042009 0.013464 0.309516
v 1.039394 0.030237 0.309484
v 1.042410 0.009659 0.308829
v 0.741425 2.079141 0.285173
v 0.744421 2.049869 0.285485
v 0.745646 2.050062 0.286765
v 0.741786 2.070492 0.285256
v 0.742486 2.066747 0.286029
v 0.744771 2.049930 0.286382
v 0.742652 2.070629 0.286161
v 1.082977 1.953421 -0.347241
v 1.083254 1.954541 -0.353350
v 1.105296 1.955119 -0.346034
v 1.083187 1.953866 -0.351576
v 1.096048 1.954434 -0.350098
v 1.098969 1.955066 -0.350723
v 1.098773 1.954274 -0.346403
v 1.080884 2.012757 -0.350808
v 1.080538 2.013314 -0.344626
v 1.102925 2.013335 -0.343492
v 1.080768 2.013268 -0.348982
v 1.093638 2.013618 -0.347514
v 1.096354 2.013676 -0.343809
v 1.096598 2.013282 -0.348180
v 1.061382 1.933908 0.079447
v 1.083701 1.935606 0.080654
v 1.061037 1.934466 0.085630
v 1.077178 1.934761 0.080286
v 1.074093 1.934596 0.083687
v 1.076934 1.935156 0.084657
v 1.061152 1.933955 0.083804
v 1.058943 1.993801 0.082063
v 1.058666 1.992682 0.088172
v 1.081330 1.993822 0.083197
v 1.058733 1.993357 0.086398
v 1.071683 1.993781 0.086271
v 1.074563 1.993372 0.087200
v 1.074759 1.994164 0.082880
v -0.468951 1.893767 -0.428515
v -0.491338 1.893747 -0.429649
v -0.468675 1.894887 -0.434624
v -0.484767 1.893405 -0.429332
v -0.481692 1.893788 -0.432724
v -0.484572 1.894197 -0.433652
v -0.468741 1.894212 -0.432850
v -0.471391 1.953661 -0.425899
v -0.471045 1.953103 -0.432082
v -0.493709 1.951963 -0.427107
v -0.471161 1.953614 -0.430256
v -0.484102 1.952973 -0.430139
v -0.486942 1.952413 -0.431109
v -0.487187 1.952808 -0.426738
v -0.490547 1.874254 -0.001827
v -0.490892 1.874812 0.004356
v -0.512934 1.874234 -0.002961
v -0.490777 1.874301 0.002530
v -0.503646 1.873951 0.001061
v -0.506607 1.874287 0.001728
v -0.506363 1.873893 -0.002644
v -0.492986 1.934148 0.000789
v -0.515305 1.932450 -0.000418
v -0.493263 1.933028 0.006898
v -0.508782 1.933295 -0.000049
v -0.506057 1.933135 0.003646
v -0.508978 1.932503 0.004270
v -0.493196 1.933703 0.005124
v 1.090831 1.877439 -0.008937
v 1.091166 1.877798 -0.015135
v 1.113150 1.879136 -0.007746
v 1.091079 1.877347 -0.013292
v 1.103931 1.878013 -0.011779
v 1.106862 1.878546 -0.012450
v 1.106625 1.878292 -0.008067
v 1.089192 1.935899 -0.019782
v 1.088800 1.937214 -0.013718
v 1.111177 1.937237 -0.012393
v 1.089066 1.936631 -0.018034
v 1.101925 1.937081 -0.016503
v 1.104611 1.937577 -0.012809
v 1.104888 1.936647 -0.017097
v 1.065595 1.910626 0.416706
v 1.087915 1.912322 0.417897
v 1.065203 1.911940 0.422769
v 1.081390 1.911479 0.417576
v 1.078276 1.911752 0.420943
v 1.081112 1.912408 0.421863
v 1.065330 1.911209 0.421021
v 1.063565 1.970400 0.411925
v 1.063230 1.970041 0.418123
v 1.085942 1.970423 0.413250
v 1.063316 1.970493 0.416280
v 1.076270 1.970819 0.416219
v 1.079139 1.970509 0.417216
v 1.079376 1.970763 0.412834
v -0.460767 1.817750 -0.096274
v -0.483144 1.817727 -0.097599
v -0.460432 1.818109 -0.102472
v -0.476578 1.817387 -0.097183
v -0.473472 1.817331 -0.100568
v -0.476341 1.817641 -0.101566
v -0.460519 1.817657 -0.100629
v -0.462798 1.877525 -0.101055
v -0.462406 1.876210 -0.107119
v -0.485117 1.875828 -0.102246
v -0.462532 1.876942 -0.105371
v -0.475479 1.876399 -0.105293
v -0.478315 1.875742 -0.106213
v -0.478592 1.876672 -0.101925
v -0.486003 1.850936 0.329369
v -0.486395 1.852251 0.335432
v -0.508379 1.850913 0.328044
v -0.486268 1.851519 0.333684
v -0.499127 1.851069 0.332154
v -0.502091 1.851503 0.332747
v -0.501814 1.850573 0.328460
v -0.488033 1.910711 0.324588
v -0.510353 1.909014 0.323397
v -0.488368 1.910352 0.330786
v -0.503827 1.909858 0.323718
v -0.501134 1.910137 0.327429
v -0.504064 1.909604 0.328100
v -0.488282 1.910804 0.328943
vn 0.1488 0.0559 0.9873
vn -0.1488 0.0559 0.9873
vn -0.7486 0.0559 0.6606
vn -0.5206 0.0559 0.8520
vn -0.9981 0.0559 0.0249
vn -0.9464 0.0559 0.3180
vn -0.7806 0.0559 -0.6225
vn -0.9294 0.0559 -0.3647
vn -0.1978 0.0559 -0.9786
vn -0.4775 0.0559 -0.8768
vn 0.4775 0.0559 -0.8768
vn 0.1978 0.0559 -0.9786
vn 0.9294 0.0559 -0.3647
vn 0.7806 0.0559 -0.6225
vn 0.9464 0.0559 0.3180
vn 0.9981 0.0559 0.0249
vn 0.5206 0.0559 0.8520
vn 0.7486 0.0559 0.6606
vn -0.3415 0.0531 0.9384
vn 0.3415 0.0531 0.9384
vn -0.8648 0.0531 0.4993
vn -0.9834 0.0531 -0.1734
vn -0.6419 0.0531 -0.7650
vn -0.0000 0.0531 -0.9986
vn 0.6419 0.0531 -0.7650
vn 0.9834 0.0531 -0.1734
vn 0.8648 0.0531 0.4993
vn -0.4726 -0.8356 -0.2801
vn -0.8447 -0.2098 -0.4924
vn -0.6664 -0.2206 -0.7122
vn -0.3052 0.8865 -0.3479
vn -0.6094 0.3796 -0.6961
vn -0.7883 0.3905 -0.4756
vn -0.1871 -0.8516 -0.4897
vn -0.3325 -0.2389 -0.9123
vn -0.0548 -0.2530 -0.9659
vn -0.0057 0.8704 -0.4923
vn -0.0181 0.3483 -0.9372
vn -0.2968 0.3625 -0.8835
vn 0.1663 -0.8687 -0.4665
vn 0.3296 -0.2713 -0.9043
vn 0.5768 -0.2822 -0.7666
vn 0.3166 0.8553 -0.4101
vn 0.5898 0.3203 -0.7413
vn 0.3417 0.3312 -0.8795
vn 0.4222 -0.8791 -0.2213
vn 0.8318 -0.2920 -0.4720
vn 0.9328 -0.2946 -0.2075
vn 0.5107 0.8483 -0.1398
vn 0.9299 0.3085 -0.2001
vn 0.8285 0.3111 -0.4656
vn 0.4609 -0.8777 0.1311
vn 0.9391 -0.2913 0.1821
vn 0.8467 -0.2843 0.4498
vn 0.4860 0.8526 0.1921
vn 0.8431 0.3186 0.4332
vn 0.9358 0.3116 0.1647
vn 0.2643 -0.8653 0.4258
vn 0.6014 -0.2694 0.7522
vn 0.3587 -0.2561 0.8976
vn 0.2540 0.8662 0.4304
vn 0.3699 0.3459 0.8623
vn 0.6134 0.3325 0.7163
vn -0.0756 -0.8477 0.5250
vn -0.0234 -0.2367 0.9713
vn -0.3028 -0.2234 0.9265
vn -0.0769 0.8827 0.4635
vn -0.2682 0.3774 0.8863
vn 0.0121 0.3641 0.9313
vn -0.3998 -0.8331 0.3823
vn -0.6429 -0.2084 0.7370
vn -0.8283 -0.2012 0.5230
vn -0.3516 0.8945 0.2760
vn -0.7726 0.3986 0.4941
vn -0.5866 0.3915 0.7089
vn -0.5566 -0.8283 0.0643
vn -0.9673 -0.1978 0.1589
vn -0.9719 -0.2002 -0.1242
vn -0.4419 0.8960 -0.0444
vn -0.9074 0.3995 -0.1308
vn -0.9028 0.4019 0.1533
vn -0.5002 -0.3180 -0.8054
vn -0.2456 -0.9128 -0.3264
vn -0.4427 0.4439 -0.7791
vn -0.1466 0.9327 -0.3296
vn -0.8558 0.1001 -0.5075
vn -0.6685 0.0888 -0.7384
vn -0.0379 0.0554 -0.9977
vn -0.3297 0.0703 -0.9415
vn 0.1320 -0.3502 -0.9273
vn 0.0163 -0.9261 -0.3769
vn 0.1633 0.4130 -0.8960
vn 0.1045 0.9199 -0.3780
vn 0.6119 0.0254 -0.7905
vn 0.3522 0.0368 -0.9352
vn 0.6946 -0.3750 -0.6139
vn 0.2493 -0.9364 -0.2471
vn 0.7028 0.3893 -0.5954
vn 0.3279 0.9100 -0.2536
vn 0.9768 0.0127 -0.2137
vn 0.8707 0.0154 -0.4916
vn 0.9246 -0.3808 -0.0117
vn 0.3446 -0.9388 0.0023
vn 0.9233 0.3837 -0.0182
vn 0.4192 0.9078 -0.0144
vn 0.8861 0.0234 0.4629
vn 0.9832 0.0161 0.1817
vn 0.7142 -0.3648 0.5973
vn 0.2574 -0.9321 0.2546
vn 0.7216 0.3990 0.5658
vn 0.3357 0.9141 0.2274
vn 0.3822 0.0525 0.9226
vn 0.6372 0.0385 0.7698
vn 0.1620 -0.3346 0.9283
vn 0.0287 -0.9196 0.3917
vn 0.1921 0.4280 0.8831
vn 0.1164 0.9261 0.3589
vn -0.2991 0.0862 0.9503
vn -0.0056 0.0722 0.9974
vn -0.4738 -0.3043 0.8264
vn -0.2346 -0.9071 0.3495
vn -0.4174 0.4571 0.7854
vn -0.1361 0.9381 0.3184
vn -0.8390 0.1089 0.5331
vn -0.6443 0.1014 0.7580
vn -0.8955 -0.2880 0.3392
vn -0.4093 -0.9003 0.1477
vn -0.8217 0.4726 0.3183
vn -0.3036 0.9446 0.1250
vn -0.9849 0.1099 -0.1338
vn -0.9801 0.1124 0.1637
vn -0.9059 -0.2935 -0.3052
vn -0.4137 -0.9026 -0.1192
vn -0.8317 0.4674 -0.2995
vn -0.3077 0.9424 -0.1310
vn -0.0491 -0.9988 0.0092
vn -0.5095 0.0768 -0.8570
vn -0.9394 0.1028 -0.3271
vn 0.0491 0.9988 -0.0092
vn 0.1601 0.0427 -0.9862
vn 0.7562 0.0164 -0.6541
vn 0.9998 0.0103 -0.0163
vn 0.7770 0.0272 0.6290
vn 0.1919 0.0592 0.9796
vn -0.4815 0.0913 0.8716
vn -0.9283 0.1086 0.3556
vn -0.0696 -0.9626 -0.2618
vn -0.4932 -0.5435 -0.6792
vn 0.0733 -0.6905 -0.7196
vn -0.4546 0.5432 -0.7059
vn -0.0562 0.9830 -0.1746
vn 0.1263 0.7528 -0.6460
vn 0.1934 -0.9807 0.0297
vn 0.6502 -0.7395 -0.1743
vn 0.7385 -0.5383 0.4060
vn 0.2495 0.9657 0.0717
vn 0.6964 0.5469 0.4647
vn 0.7032 0.7039 -0.1007
vn -0.2644 -0.9558 -0.1285
vn -0.7032 -0.7038 0.1007
vn -0.7743 -0.4390 -0.4559
vn -0.1780 0.9836 0.0277
vn -0.6528 0.6407 -0.4041
vn -0.6502 0.7395 0.1742
vn -0.0019 -0.9867 0.1624
vn 0.4497 -0.6442 0.6187
vn -0.1263 -0.7528 0.6460
vn 0.1273 0.9535 0.2733
vn -0.0733 0.6905 0.7196
vn 0.4906 0.4339 0.7557
vn 0.0550 -0.9876 -0.1469
vn 0.3943 -0.7793 -0.4871
vn -0.5420 0.0626 -0.8380
vn 0.1445 0.0451 -0.9885
vn 0.1276 0.9908 -0.0460
vn 0.4519 0.7939 -0.4069
vn 0.8675 -0.0570 0.4942
vn 0.9797 -0.0258 -0.1990
vn 0.1254 -0.9868 0.1027
vn 0.5574 -0.6496 0.5171
vn 0.1969 0.9594 0.2019
vn 0.6014 0.5512 0.5783
vn -0.1445 -0.0451 0.9885
vn 0.5420 -0.0626 0.8380
vn -0.1276 -0.9908 0.0460
vn -0.4520 -0.7938 0.4069
vn -0.0550 0.9876 0.1469
vn -0.3942 0.7793 0.4871
vn -0.8674 0.0570 -0.4943
vn -0.9797 0.0258 0.1990
vn -0.1969 -0.9594 -0.2019
vn -0.6014 -0.5513 -0.5783
vn -0.1254 0.9868 -0.1027
vn -0.5573 0.6496 -0.5172
vn -0.0366 -0.9980 -0.0509
vn 0.6874 0.0118 -0.7262
vn -0.7253 0.0616 -0.6856
vn 0.0366 0.9980 0.0509
vn 0.7253 -0.0616 0.6856
vn -0.6874 -0.0118 0.7262
vn -0.2162 -0.9690 0.1194
vn -0.6406 -0.5498 0.5361
vn -0.6895 -0.7240 -0.0220
vn -0.7171 0.5318 0.4506
vn -0.2171 0.9760 0.0180
vn -0.6825 0.7173 -0.1405
vn 0.0686 -0.9862 -0.1509
vn -0.1582 -0.7750 -0.6118
vn 0.4098 -0.5528 -0.7255
vn 0.0213 0.9557 -0.2937
vn 0.4207 0.5347 -0.7329
vn -0.1511 0.6663 -0.7302
vn -0.0781 -0.9476 0.3098
vn 0.1511 -0.6662 0.7303
vn -0.4147 -0.4229 0.8057
vn -0.0118 0.9909 0.1337
vn -0.4148 0.6513 0.6354
vn 0.1582 0.7750 0.6118
vn 0.2067 -0.9776 0.0406
vn 0.6346 -0.6362 -0.4387
vn 0.6824 -0.7174 0.1405
vn 0.2266 0.9578 -0.1770
vn 0.6896 0.7239 0.0221
vn 0.7220 0.4440 -0.5307
vn -0.1037 -0.9946 -0.0073
vn -0.4619 -0.8169 -0.3454
vn -0.8251 0.0503 0.5628
vn -0.9930 -0.0048 -0.1176
vn -0.0940 0.9810 -0.1696
vn -0.4543 0.7540 -0.4745
vn 0.4727 -0.0745 -0.8781
vn -0.2240 -0.0787 -0.9714
vn 0.1436 -0.9860 -0.0848
vn 0.5306 -0.6509 -0.5431
vn 0.1532 0.9575 -0.2446
vn 0.5365 0.5483 -0.6415
vn 0.9931 0.0048 0.1176
vn 0.8251 -0.0503 -0.5627
vn 0.0940 -0.9810 0.1696
vn 0.4543 -0.7540 0.4745
vn 0.1037 0.9946 0.0073
vn 0.4620 0.8169 0.3454
vn -0.4727 0.0745 0.8780
vn 0.2240 0.0787 0.9714
vn -0.1531 -0.9575 0.2445
vn -0.5365 -0.5483 0.6415
vn -0.1436 0.9860 0.0849
vn -0.5306 0.6509 0.5430
vn -0.0049 -0.9966 0.0819
vn -0.7442 -0.0511 -0.6660
vn -0.6679 0.0642 0.7415
vn 0.0049 0.9966 -0.0819
vn 0.6679 -0.0642 -0.7415
vn 0.7442 0.0511 0.6660
vn 0.0285 -0.9774 0.2097
vn 0.4458 -0.5961 0.6678
vn -0.1263 -0.7263 0.6756
vn 0.4393 0.4882 0.7541
vn 0.0785 0.9695 0.2322
vn -0.1317 0.7198 0.6815
vn -0.2217 -0.9706 -0.0933
vn -0.6796 -0.7262 0.1043
vn -0.7358 -0.4904 -0.4669
vn -0.2164 0.9759 -0.0276
vn -0.6579 0.5945 -0.4623
vn -0.6851 0.7200 0.1102
vn 0.2292 -0.9696 0.0854
vn 0.6851 -0.7201 -0.1102
vn 0.7395 -0.4887 0.4629
vn 0.2091 0.9773 0.0356
vn 0.6536 0.5955 0.4671
vn 0.6796 0.7261 -0.1043
vn -0.0211 -0.9758 -0.2177
vn -0.4413 -0.5940 -0.6727
vn 0.1318 -0.7198 -0.6815
vn -0.0859 0.9708 -0.2242
vn 0.1263 0.7264 -0.6756
vn -0.4429 0.4910 -0.7502
vn -0.0916 -0.9919 0.0884
vn -0.4392 -0.7915 0.4250
vn 0.5059 -0.0016 0.8626
vn -0.1868 -0.0047 0.9824
vn -0.0992 0.9904 0.0965
vn -0.4452 0.7847 0.4314
vn -0.8460 -0.0010 -0.5332
vn -0.9879 -0.0044 0.1553
vn -0.1508 -0.9749 -0.1635
vn -0.5535 -0.6013 -0.5763
vn -0.1583 0.9751 -0.1556
vn -0.5581 0.6018 -0.5713
vn 0.1868 0.0047 -0.9824
vn -0.5059 0.0016 -0.8626
vn 0.0992 -0.9904 -0.0965
vn 0.4452 -0.7846 -0.4315
vn 0.0917 0.9919 -0.0884
vn 0.4392 0.7915 -0.4250
vn 0.8460 0.0010 0.5332
vn 0.9879 0.0044 -0.1553
vn 0.1583 -0.9751 0.1556
vn 0.5580 -0.6019 0.5713
vn 0.1508 0.9749 0.1636
vn 0.5535 0.6013 0.5762
vn 0.0038 -1.0000 -0.0041
vn -0.7183 -0.0056 0.6957
vn 0.6957 -0.0003 0.7183
vn -0.0038 1.0000 0.0041
vn -0.6957 0.0003 -0.7183
vn 0.7183 0.0056 -0.6957
vn 0.1699 -0.9854 -0.0127
vn 0.6303 -0.6317 -0.4514
vn 0.6498 -0.7501 0.1230
vn 0.7596 0.4481 -0.4715
vn 0.2679 0.9575 -0.1066
vn 0.7131 0.6945 0.0961
vn -0.1251 -0.9612 0.2459
vn 0.0955 -0.7152 0.6924
vn -0.4641 -0.4556 0.7596
vn 0.0174 0.9806 0.1954
vn -0.4187 0.6263 0.6576
vn 0.1588 0.7293 0.6655
vn 0.0401 -0.9769 -0.2098
vn -0.1587 -0.7294 -0.6655
vn 0.4212 -0.5225 -0.7414
vn 0.0681 0.9704 -0.2318
vn 0.4708 0.5624 -0.6797
vn -0.0955 0.7151 -0.6924
vn -0.2554 -0.9656 0.0490
vn -0.6823 -0.5570 0.4735
vn -0.7130 -0.6945 -0.0961
vn -0.1830 0.9806 0.0706
vn -0.6498 0.7501 -0.1230
vn -0.7168 0.5299 0.4533
vn 0.0517 -0.9925 0.1111
vn 0.4062 -0.7985 0.4444
vn 0.8466 -0.0470 -0.5302
vn 0.9865 -0.0403 0.1586
vn 0.1385 0.9876 0.0743
vn 0.4752 0.7758 0.4150
vn -0.5076 0.0383 0.8607
vn 0.1840 0.0102 0.9829
vn -0.1974 -0.9642 0.1771
vn -0.5830 -0.5659 0.5830
vn -0.1121 0.9837 0.1409
vn -0.5304 0.6360 0.5606
vn -0.9865 0.0403 -0.1586
vn -0.8466 0.0470 0.5302
vn -0.1385 -0.9876 -0.0743
vn -0.4751 -0.7759 -0.4150
vn -0.0518 0.9925 -0.1112
vn -0.4062 0.7985 -0.4443
vn 0.5076 -0.0383 -0.8607
vn -0.1841 -0.0102 -0.9829
vn 0.1121 -0.9837 -0.1409
vn 0.5304 -0.6359 -0.5606
vn 0.1974 0.9642 -0.1771
vn 0.5830 0.5659 -0.5830
vn -0.0438 -0.9989 0.0186
vn 0.7158 -0.0184 0.6980
vn 0.6969 -0.0439 -0.7158
vn 0.0438 0.9989 -0.0186
vn -0.6969 0.0439 0.7158
vn -0.7158 0.0184 -0.6980
vn -0.1062 0.8514 0.5137
vn 0.3716 0.9176 -0.1410
vn -0.2672 0.9127 -0.3091
vn 0.1482 0.0326 -0.9884
vn -0.2431 0.5324 -0.8108
vn 0.3499 0.6090 -0.7118
vn -0.5933 0.4748 0.6501
vn -0.7389 0.6616 -0.1278
vn -0.9967 0.0745 0.0307
vn -0.3411 -0.2185 -0.9143
vn -0.8380 -0.2545 -0.4826
vn -0.6826 0.3020 -0.6655
vn -0.3668 -0.0433 0.9293
vn -0.8591 -0.3592 0.3645
vn -0.3679 -0.7745 0.5146
vn -0.2480 -0.7052 -0.6642
vn -0.2161 -0.9743 -0.0633
vn -0.7215 -0.6655 -0.1913
vn 0.2603 0.0131 0.9654
vn 0.1770 -0.7341 0.6556
vn 0.7504 -0.4610 0.4738
vn 0.2989 -0.7549 -0.5838
vn 0.7633 -0.6323 -0.1324
vn 0.2869 -0.9564 0.0554
vn 0.4213 0.5661 0.7086
vn 0.9377 0.0550 0.3432
vn 0.8126 0.5818 -0.0353
vn 0.5438 -0.2989 -0.7842
vn 0.7466 0.2989 -0.5943
vn 0.9490 -0.1687 -0.2663
vn -0.5508 0.8243 -0.1310
vn -0.3038 0.6957 0.6509
vn -0.4366 0.4234 -0.7938
vn -0.1177 -0.1422 -0.9828
vn 0.3512 0.7859 -0.5089
vn -0.2411 0.7859 -0.5694
vn -0.9720 -0.0538 -0.2289
vn -0.7635 0.4544 -0.4589
vn -0.9437 -0.1337 0.3024
vn -0.4691 0.2927 0.8332
vn -0.7972 -0.4556 -0.3961
vn -0.2695 -0.5124 -0.8153
vn -0.3420 -0.9042 0.2557
vn -0.8055 -0.5901 0.0532
vn -0.0699 -0.7258 0.6843
vn -0.1015 0.0436 0.9939
vn 0.0047 -0.9989 -0.0456
vn 0.0682 -0.7413 -0.6677
vn 0.7782 -0.5901 0.2149
vn 0.2832 -0.9042 0.3196
vn 0.8631 -0.1337 0.4869
vn 0.2910 0.2927 0.9108
vn 0.8608 -0.4556 -0.2268
vn 0.4288 -0.5124 -0.7440
vn 0.8405 0.4544 -0.2951
vn 0.9982 -0.0538 -0.0278
vn 0.5659 0.8243 -0.0169
vn 0.1660 0.6957 0.6989
vn 0.5881 0.4234 -0.6891
vn 0.3139 -0.1422 -0.9387
vn -0.0912 0.4413 0.8927
vn -0.5338 0.6685 -0.5179
vn 0.6274 0.6685 -0.3993
vn 0.0912 -0.4413 -0.8927
vn -0.9424 -0.3277 -0.0672
vn -0.0337 -0.9434 0.3299
vn 0.9365 -0.3277 0.1247
vn -0.0749 0.9759 0.2048
vn 0.4018 0.8074 -0.4320
vn -0.2376 0.7690 -0.5935
vn 0.1446 -0.2989 -0.9433
vn -0.2287 0.2444 -0.9423
vn 0.3670 0.3293 -0.8700
vn -0.5738 0.6816 0.4541
vn -0.7166 0.6073 -0.3430
vn -0.9935 0.1138 -0.0021
vn -0.3526 -0.4952 -0.7940
vn -0.8484 -0.3706 -0.3779
vn -0.6751 0.0893 -0.7323
vn -0.3637 0.2766 0.8895
vn -0.8691 -0.1905 0.4564
vn -0.3915 -0.5497 0.7379
vn -0.2749 -0.8755 -0.3974
vn -0.2492 -0.9332 0.2587
vn -0.7445 -0.6668 0.0330
vn 0.2651 0.3207 0.9093
vn 0.1551 -0.4835 0.8615
vn 0.7365 -0.3047 0.6039
vn 0.2704 -0.9143 -0.3015
vn 0.7408 -0.6660 0.0878
vn 0.2546 -0.8941 0.3684
vn 0.4436 0.7529 0.4862
vn 0.9406 0.1332 0.3124
vn 0.8316 0.5103 -0.2190
vn 0.5297 -0.5580 -0.6388
vn 0.7535 0.0618 -0.6545
vn 0.9415 -0.2785 -0.1897
vn -0.5232 0.7535 -0.3981
vn -0.2770 0.8807 0.3842
vn -0.4257 0.1536 -0.8917
vn -0.1270 -0.4531 -0.8824
vn 0.3753 0.5629 -0.7364
vn -0.2170 0.5629 -0.7975
vn -0.9743 -0.0934 -0.2051
vn -0.7498 0.3038 -0.5878
vn -0.9463 0.0048 0.3232
vn -0.4550 0.5657 0.6877
vn -0.8140 -0.5335 -0.2298
vn -0.2906 -0.7425 -0.6036
vn -0.3712 -0.7580 0.5362
vn -0.8248 -0.5126 0.2386
vn -0.0912 -0.4580 0.8843
vn -0.0953 0.3710 0.9237
vn -0.0294 -0.9581 0.2850
vn 0.0399 -0.9213 -0.3868
vn 0.7587 -0.5126 0.4020
vn 0.2539 -0.7580 0.6007
vn 0.8604 0.0048 0.5096
vn 0.3051 0.5657 0.7661
vn 0.8438 -0.5334 -0.0587
vn 0.4077 -0.7425 -0.5315
vn 0.8540 0.3038 -0.4223
vn 0.9956 -0.0934 -0.0019
vn 0.5934 0.7535 -0.2829
vn 0.1927 0.8807 0.4327
vn 0.5988 0.1536 -0.7860
vn 0.3045 -0.4531 -0.8378
vn -0.0720 0.7128 0.6977
vn -0.5132 0.4788 -0.7123
vn 0.6479 0.4788 -0.5925
vn 0.0720 -0.7128 -0.6977
vn -0.9533 -0.2998 0.0379
vn -0.0641 -0.7810 0.6212
vn 0.9254 -0.2998 0.2317
vn -0.0534 0.9985 -0.0077
vn 0.3667 0.6851 -0.6295
vn -0.2843 0.6268 -0.7255
vn 0.0625 -0.4998 -0.8639
vn -0.3072 0.0389 -0.9508
vn 0.2927 0.1241 -0.9481
vn -0.5303 0.7766 0.3400
vn -0.7409 0.5342 -0.4071
vn -0.9896 0.1329 0.0549
vn -0.4210 -0.6478 -0.6350
vn -0.8790 -0.4247 -0.2167
vn -0.7347 -0.0568 -0.6760
vn -0.2854 0.4713 0.8345
vn -0.8278 -0.0673 0.5570
vn -0.3293 -0.3674 0.8698
vn -0.3112 -0.9345 -0.1726
vn -0.2299 -0.8489 0.4759
vn -0.7416 -0.6268 0.2390
vn 0.3429 0.5046 0.7924
vn 0.2261 -0.2882 0.9305
vn 0.7841 -0.1827 0.5931
vn 0.2402 -0.9638 -0.1158
vn 0.7430 -0.6474 0.1698
vn 0.2816 -0.7982 0.5325
vn 0.4863 0.8304 0.2718
vn 0.9643 0.1768 0.1972
vn 0.8119 0.4318 -0.3928
vn 0.4711 -0.6951 -0.5430
vn 0.6952 -0.0987 -0.7120
vn 0.9208 -0.3341 -0.2012
vn -0.5523 0.6606 -0.5086
vn -0.2398 0.9491 0.2041
vn -0.4996 -0.0342 -0.8656
vn -0.2036 -0.6310 -0.7486
vn 0.3133 0.3810 -0.8699
vn -0.2820 0.3810 -0.8805
vn -0.9886 -0.1138 -0.0988
vn -0.7960 0.1856 -0.5761
vn -0.9153 0.0961 0.3912
vn -0.3925 0.7116 0.5827
vn -0.8327 -0.5522 -0.0399
vn -0.3439 -0.8491 -0.4009
vn -0.3271 -0.6150 0.7175
vn -0.8035 -0.4299 0.4119
vn -0.0173 -0.2528 0.9674
vn -0.0147 0.5648 0.8251
vn -0.0087 -0.8724 0.4887
vn 0.0032 -0.9840 -0.1782
vn 0.7882 -0.4299 0.4403
vn 0.3013 -0.6150 0.7287
vn 0.9007 0.0961 0.4237
vn 0.3715 0.7116 0.5963
vn 0.8336 -0.5522 -0.0102
vn 0.3580 -0.8492 -0.3883
vn 0.8161 0.1856 -0.5473
vn 0.9915 -0.1138 -0.0634
vn 0.5701 0.6606 -0.4885
vn 0.2324 0.9491 0.2126
vn 0.5302 -0.0342 -0.8472
vn 0.2302 -0.6310 -0.7409
vn -0.0094 0.8488 0.5287
vn -0.5702 0.3241 -0.7549
vn 0.5968 0.3240 -0.7340
vn 0.0094 -0.8488 -0.5287
vn -0.9477 -0.2630 0.1808
vn -0.0139 -0.6258 0.7799
vn 0.9407 -0.2630 0.2145
vn 0.3730 0.8612 0.3452
vn 0.0559 0.9140 -0.4017
vn -0.4164 0.9072 0.0600
vn -0.7722 0.0135 -0.6352
vn -0.8286 0.5173 -0.2140
vn -0.4402 0.5946 -0.6728
vn 0.2456 0.4882 0.8375
vn -0.4994 0.6605 0.5607
vn -0.4869 0.0770 0.8701
vn -0.9562 -0.2353 -0.1744
vn -0.8407 -0.2620 0.4740
vn -0.9262 0.2906 0.2403
vn 0.6094 -0.0249 0.7925
vn -0.1232 -0.3505 0.9284
vn 0.2643 -0.7639 0.5888
vn -0.6864 -0.7173 -0.1203
vn -0.1504 -0.9749 0.1640
vn -0.5246 -0.6676 0.5284
vn 0.9617 0.0310 0.2724
vn 0.6645 -0.7218 0.1933
vn 0.7990 -0.4533 -0.3951
vn -0.3357 -0.7664 -0.5476
vn 0.2883 -0.6362 -0.7156
vn 0.2096 -0.9557 -0.2067
vn 0.8156 0.5786 -0.0040
vn 0.7753 0.0597 -0.6288
vn 0.3783 0.5794 -0.7219
vn -0.3887 -0.3148 -0.8659
vn -0.1308 0.2860 -0.9492
vn 0.2618 -0.1756 -0.9490
vn -0.4080 0.8227 0.3958
vn 0.3916 0.7086 0.5870
vn -0.9117 0.4091 -0.0379
vn -0.9013 -0.1607 -0.4022
vn -0.2681 0.7754 -0.5717
vn -0.6244 0.7754 -0.0946
vn -0.6949 -0.0562 0.7169
vn -0.7928 0.4471 0.4142
vn -0.2234 -0.1261 0.9665
vn 0.4692 0.3094 0.8271
vn -0.7423 -0.4616 0.4857
vn -0.8300 -0.5274 -0.1816
vn 0.0576 -0.8985 0.4351
vn -0.3592 -0.5875 0.7252
vn 0.5623 -0.7125 0.4197
vn 0.7997 0.0627 0.5971
vn -0.0214 -0.9996 -0.0160
vn -0.5264 -0.7540 -0.3930
vn 0.5932 -0.5875 -0.5505
vn 0.4335 -0.8985 -0.0685
vn 0.8632 -0.1261 -0.4889
vn 0.9264 0.3094 0.2148
vn 0.2547 -0.4616 -0.8498
vn -0.4101 -0.5274 -0.7441
vn 0.1717 0.4471 -0.8779
vn 0.4898 -0.0562 -0.8700
vn 0.2635 0.8227 -0.5037
vn 0.6741 0.7086 0.2086
vn -0.2955 0.4091 -0.8633
vn -0.6418 -0.1607 -0.7498
vn 0.7122 0.4584 0.5317
vn -0.7287 0.6596 0.1843
vn -0.0304 0.6596 -0.7510
vn -0.7122 -0.4584 -0.5317
vn -0.5367 -0.3271 0.7778
vn 0.2802 -0.9369 0.2092
vn 0.5931 -0.3271 -0.7357
vn 0.1881 0.9627 0.1945
vn -0.1488 0.8323 -0.5340
vn -0.5989 0.7992 -0.0517
vn -0.7706 -0.2456 -0.5881
vn -0.9242 0.2947 -0.2430
vn -0.5710 0.3789 -0.7283
vn 0.1536 0.6522 0.7423
vn -0.6167 0.6212 0.4835
vn -0.4735 0.1081 0.8741
vn -0.8875 -0.4526 -0.0865
vn -0.7552 -0.3540 0.5516
vn -0.9615 0.1258 0.2443
vn 0.6174 0.2251 0.7538
vn -0.0259 -0.2204 0.9751
vn 0.4335 -0.5918 0.6796
vn -0.5201 -0.8538 0.0233
vn 0.0644 -0.9475 0.3132
vn -0.3589 -0.6718 0.6480
vn 0.9385 0.2716 0.2131
vn 0.8071 -0.5294 0.2613
vn 0.8687 -0.3333 -0.3665
vn -0.1761 -0.8947 -0.4104
vn 0.4021 -0.6656 -0.6288
vn 0.4041 -0.9116 -0.0750
vn 0.6732 0.7275 -0.1326
vn 0.7312 0.1211 -0.6713
vn 0.2306 0.5264 -0.8184
vn -0.3310 -0.5188 -0.7882
vn -0.2089 0.1022 -0.9726
vn 0.2730 -0.2623 -0.9256
vn -0.5655 0.7713 0.2920
vn 0.2439 0.8566 0.4548
vn -0.9786 0.2002 -0.0487
vn -0.8547 -0.4044 -0.3254
vn -0.4393 0.6048 -0.6642
vn -0.7772 0.6048 -0.1739
vn -0.6516 -0.0874 0.7535
vn -0.8609 0.3315 0.3858
vn -0.1708 -0.0185 0.9851
vn 0.4099 0.5243 0.7464
vn -0.6164 -0.5246 0.5873
vn -0.7022 -0.7097 -0.0576
vn 0.2570 -0.7886 0.5586
vn -0.2102 -0.5296 0.8218
vn 0.7100 -0.5066 0.4891
vn 0.7805 0.3189 0.5377
vn 0.1918 -0.9725 0.1322
vn -0.3618 -0.8983 -0.2492
vn 0.6929 -0.5296 -0.4892
vn 0.6136 -0.7886 0.0411
vn 0.8596 -0.0185 -0.5106
vn 0.8434 0.5243 0.1171
vn 0.3291 -0.5246 -0.7852
vn -0.3039 -0.7097 -0.6356
vn 0.0538 0.3315 -0.9419
vn 0.4720 -0.0874 -0.8773
vn 0.0714 0.7713 -0.6324
vn 0.5118 0.8566 0.0659
vn -0.3942 0.2002 -0.8970
vn -0.6086 -0.4044 -0.6827
vn 0.6092 0.6728 0.4197
vn -0.8485 0.5145 0.1242
vn -0.1863 0.5145 -0.8370
vn -0.6092 -0.6728 -0.4197
vn -0.4380 -0.3068 0.8450
vn 0.4778 -0.8144 0.3292
vn 0.6335 -0.3068 -0.7103
vn -0.0611 0.9978 0.0238
vn -0.3534 0.6649 -0.6580
vn -0.7811 0.6040 -0.1583
vn -0.6832 -0.5265 -0.5060
vn -0.9684 0.0094 -0.2493
vn -0.6474 0.0944 -0.7563
vn -0.0167 0.7871 0.6166
vn -0.7540 0.5217 0.3993
vn -0.4863 0.1351 0.8633
vn -0.7445 -0.6670 0.0274
vn -0.6420 -0.4308 0.6342
vn -0.9624 -0.0774 0.2604
vn 0.5399 0.4973 0.6792
vn 0.0295 -0.0495 0.9983
vn 0.5681 -0.3399 0.7495
vn -0.2879 -0.9393 0.1867
vn 0.3011 -0.8336 0.4632
vn -0.1784 -0.6187 0.7651
vn 0.8395 0.5288 0.1251
vn 0.9143 -0.2592 0.3113
vn 0.9250 -0.1645 -0.3424
vn 0.0557 -0.9671 -0.2483
vn 0.5576 -0.6422 -0.5260
vn 0.6211 -0.7814 0.0604
vn 0.4680 0.8382 -0.2799
vn 0.6776 0.1823 -0.7124
vn 0.0912 0.4189 -0.9034
vn -0.1886 -0.7120 -0.6764
vn -0.2270 -0.1212 -0.9663
vn 0.3312 -0.3407 -0.8799
vn -0.7421 0.6447 0.1835
vn 0.0194 0.9551 0.2955
vn -0.9973 -0.0609 -0.0399
vn -0.7247 -0.6539 -0.2173
vn -0.5771 0.3535 -0.7362
vn -0.9044 0.3535 -0.2389
vn -0.6092 -0.1163 0.7845
vn -0.9171 0.1680 0.3615
vn -0.1616 0.1087 0.9809
vn 0.2637 0.7297 0.6309
vn -0.4647 -0.5528 0.6918
vn -0.5004 -0.8610 0.0908
vn 0.4471 -0.5921 0.6705
vn -0.0706 -0.4164 0.9064
vn 0.8144 -0.2225 0.5360
vn 0.6742 0.5903 0.4438
vn 0.4308 -0.8567 0.2836
vn -0.1232 -0.9891 -0.0811
vn 0.8046 -0.4164 -0.4233
vn 0.7926 -0.5921 0.1455
vn 0.8370 0.1087 -0.5363
vn 0.6838 0.7297 -0.0073
vn 0.4516 -0.5528 -0.7004
vn -0.1144 -0.8610 -0.4955
vn -0.0307 0.1680 -0.9853
vn 0.4796 -0.1163 -0.8697
vn -0.1249 0.6447 -0.7542
vn 0.2791 0.9551 -0.0990
vn -0.4310 -0.0609 -0.9003
vn -0.4862 -0.6539 -0.5797
vn 0.4194 0.8648 0.2760
vn -0.9509 0.3007 0.0728
vn -0.3092 0.3007 -0.9022
vn -0.4194 -0.8648 -0.2760
vn -0.3473 -0.2567 0.9019
vn 0.6675 -0.6011 0.4394
vn 0.6911 -0.2567 -0.6757
vn 0.4026 0.8522 -0.3343
vn -0.3793 0.9174 -0.1207
vn 0.0150 0.9123 0.4093
vn -0.7325 0.0311 0.6800
vn -0.3164 0.5312 0.7859
vn -0.7182 0.6079 0.3387
vn 0.8687 0.4758 -0.1374
vn 0.4970 0.6615 0.5616
vn 0.7981 0.0747 0.5979
vn -0.3035 -0.2198 0.9271
vn 0.3541 -0.2550 0.8997
vn 0.1180 0.3011 0.9463
vn 0.8664 -0.0419 -0.4975
vn 0.8992 -0.3585 0.2507
vn 0.6093 -0.7737 -0.1735
vn -0.2198 -0.7062 0.6731
vn 0.1304 -0.9744 0.1832
vn 0.4453 -0.6656 0.5989
vn 0.3988 0.0145 -0.9169
vn 0.2714 -0.7331 -0.6236
vn -0.2904 -0.4604 -0.8389
vn -0.5970 -0.7558 0.2690
vn -0.6785 -0.6327 -0.3734
vn -0.1886 -0.9563 -0.2233
vn 0.1121 0.5671 -0.8160
vn -0.5188 0.0554 -0.8531
vn -0.6577 0.5816 -0.4787
vn -0.9139 -0.3001 0.2733
vn -0.9546 0.2979 -0.0009
vn -0.9076 -0.1692 -0.3841
vn 0.3479 0.8242 0.4469
vn 0.6428 0.6968 -0.3184
vn -0.1544 0.4223 0.8932
vn -0.5210 -0.1437 0.8414
vn -0.5928 0.7851 0.1794
vn -0.1676 0.7851 0.5963
vn 0.6169 -0.0540 0.7852
vn 0.3100 0.4539 0.8354
vn 0.9264 -0.1331 0.3522
vn 0.8861 0.2940 -0.3582
vn 0.3764 -0.4561 0.8064
vn -0.2974 -0.5136 0.8048
vn 0.4278 -0.9038 0.0125
vn 0.6634 -0.5899 0.4603
vn 0.4823 -0.7248 -0.4920
vn 0.6993 0.0451 -0.7134
vn -0.0311 -0.9990 0.0317
vn -0.4691 -0.7423 0.4785
vn -0.4735 -0.5899 -0.6540
vn -0.0210 -0.9038 -0.4274
vn -0.3707 -0.1331 -0.9192
vn 0.3404 0.2940 -0.8931
vn -0.8137 -0.4561 -0.3603
vn -0.7987 -0.5136 0.3135
vn -0.8414 0.4539 -0.2932
vn -0.7974 -0.0540 -0.6011
vn -0.4537 0.8242 -0.3389
vn 0.3055 0.6968 -0.6490
vn -0.8899 0.4223 0.1722
vn -0.8308 -0.1437 0.5377
vn 0.6277 0.4426 -0.6404
vn 0.0934 0.6678 0.7384
vn -0.7402 0.6678 -0.0786
vn -0.6277 -0.4426 0.6404
vn 0.6950 -0.3277 0.6401
vn 0.2332 -0.9429 -0.2379
vn -0.6538 -0.3277 -0.6820
vn 0.2213 0.9630 -0.1539
vn -0.5515 0.8318 0.0623
vn -0.1471 0.7986 0.5836
vn -0.7033 -0.2466 0.6668
vn -0.3875 0.2937 0.8738
vn -0.8103 0.3779 0.4479
vn 0.7568 0.6528 -0.0327
vn 0.3785 0.6210 0.6864
vn 0.7873 0.1082 0.6069
vn -0.2267 -0.4534 0.8620
vn 0.4244 -0.3544 0.8333
vn 0.0877 0.1251 0.9883
vn 0.8424 0.2261 -0.4891
vn 0.9586 -0.2198 0.1809
vn 0.7405 -0.5910 -0.3200
vn -0.0593 -0.8543 0.5165
vn 0.3202 -0.9472 -0.0144
vn 0.5830 -0.6717 0.4571
vn 0.3598 0.2726 -0.8923
vn 0.3871 -0.5286 -0.7555
vn -0.2230 -0.3328 -0.9163
vn -0.4326 -0.8951 0.1077
vn -0.5561 -0.6656 -0.4977
vn -0.0089 -0.9113 -0.4116
vn -0.0241 0.7280 -0.6852
vn -0.5462 0.1214 -0.8288
vn -0.7715 0.5261 -0.3578
vn -0.8305 -0.5196 0.2006
vn -0.9935 0.1014 0.0512
vn -0.8700 -0.2626 -0.4173
vn 0.1975 0.7710 0.6054
vn 0.4872 0.8571 -0.1676
vn -0.2043 0.1992 0.9584
vn -0.4573 -0.4054 0.7915
vn -0.7262 0.6040 0.3282
vn -0.2960 0.6040 0.7400
vn 0.6400 -0.0876 0.7633
vn 0.2433 0.3310 0.9117
vn 0.9453 -0.0180 0.3257
vn 0.8018 0.5251 -0.2852
vn 0.4819 -0.5248 0.7017
vn -0.1683 -0.7103 0.6834
vn 0.5931 -0.7880 -0.1652
vn 0.7781 -0.5293 0.3382
vn 0.5965 -0.5057 -0.6233
vn 0.6551 0.3200 -0.6845
vn 0.1618 -0.9722 -0.1691
vn -0.3031 -0.8988 0.3167
vn -0.3720 -0.5293 -0.7625
vn 0.1390 -0.7880 -0.5998
vn -0.3669 -0.0180 -0.9301
vn 0.2497 0.5251 -0.8136
vn -0.7222 -0.5248 -0.4506
vn -0.6754 -0.7103 0.1981
vn -0.9215 0.3310 -0.2031
vn -0.7907 -0.0876 -0.6059
vn -0.6135 0.7710 -0.1707
vn 0.1460 0.8571 -0.4941
vn -0.9485 0.1992 0.2462
vn -0.7707 -0.4054 0.4916
vn 0.5110 0.6736 -0.5340
vn -0.0131 0.5138 0.8578
vn -0.8564 0.5138 0.0508
vn -0.5110 -0.6736 0.5340
vn 0.7645 -0.3067 0.5670
vn 0.4018 -0.8138 -0.4199
vn -0.6000 -0.3067 -0.7389
vn 0.0153 0.9980 0.0611
vn -0.7101 0.6680 0.2227
vn -0.2987 0.6075 0.7360
vn -0.6259 -0.5225 0.5790
vn -0.4249 0.0139 0.9052
vn -0.8631 0.0989 0.4953
vn 0.6053 0.7856 0.1283
vn 0.2539 0.5236 0.8132
vn 0.7583 0.1347 0.6378
vn -0.1136 -0.6642 0.7389
vn 0.5025 -0.4299 0.7501
vn 0.0768 -0.0743 0.9943
vn 0.7693 0.4934 -0.4060
vn 0.9863 -0.0522 0.1567
vn 0.8409 -0.3441 -0.4178
vn 0.1269 -0.9386 0.3207
vn 0.5083 -0.8359 -0.2069
vn 0.7166 -0.6199 0.3196
vn 0.2806 0.5252 -0.8034
vn 0.4749 -0.2636 -0.8397
vn -0.1651 -0.1673 -0.9720
vn -0.2368 -0.9666 -0.0976
vn -0.4153 -0.6430 -0.6434
vn 0.1722 -0.7840 -0.5964
vn -0.1853 0.8371 -0.5147
vn -0.5735 0.1815 -0.7988
vn -0.8694 0.4209 -0.2589
vn -0.7020 -0.7095 0.0620
vn -0.9921 -0.1178 0.0439
vn -0.8041 -0.3398 -0.4878
vn 0.0445 0.6471 0.7611
vn 0.2971 0.9543 0.0326
vn -0.2247 -0.0569 0.9728
vn -0.3503 -0.6505 0.6739
vn -0.8295 0.3577 0.4290
vn -0.4016 0.3577 0.8431
vn 0.6572 -0.1159 0.7447
vn 0.1853 0.1707 0.9677
vn 0.9341 0.1068 0.3407
vn 0.6713 0.7270 -0.1443
vn 0.5916 -0.5527 0.5870
vn -0.0065 -0.8593 0.5114
vn 0.7399 -0.5956 -0.3127
vn 0.8762 -0.4184 0.2392
vn 0.6773 -0.2271 -0.6998
vn 0.5633 0.5865 -0.5820
vn 0.3559 -0.8591 -0.3677
vn -0.1058 -0.9884 0.1093
vn -0.2678 -0.4184 -0.8679
vn 0.2883 -0.5956 -0.7498
vn -0.3711 0.1068 -0.9224
vn 0.1222 0.7270 -0.6757
vn -0.6061 -0.5527 -0.5720
vn -0.5109 -0.8593 0.0233
vn -0.9733 0.1707 -0.1535
vn -0.7658 -0.1159 -0.6325
vn -0.7621 0.6471 -0.0196
vn -0.0423 0.9543 -0.2958
vn -0.9649 -0.0569 0.2565
vn -0.6621 -0.6505 0.3722
vn 0.3520 0.8625 -0.3637
vn -0.1042 0.3042 0.9469
vn -0.9430 0.3042 0.1351
vn -0.3520 -0.8625 0.3637
vn 0.8209 -0.2576 0.5097
vn 0.5538 -0.6049 -0.5722
vn -0.5363 -0.2576 -0.8037
vn 0.0684 0.8778 -0.4742
vn -0.3623 0.9069 0.2150
vn 0.2868 0.8966 0.3374
vn -0.0783 -0.0202 0.9967
vn 0.2987 0.4904 0.8187
vn -0.2999 0.5689 0.7658
vn 0.5452 0.5115 -0.6642
vn 0.7449 0.6579 0.1104
vn 0.9920 0.0813 -0.0967
vn 0.4050 -0.2645 0.8752
vn 0.8704 -0.2750 0.4085
vn 0.7273 0.2702 0.6309
vn 0.3005 0.0075 -0.9538
vn 0.8319 -0.3349 -0.4424
vn 0.3320 -0.7444 -0.5793
vn 0.2954 -0.7378 0.6070
vn 0.2216 -0.9751 -0.0036
vn 0.7343 -0.6707 0.1047
vn -0.3277 0.0624 -0.9427
vn -0.2215 -0.6996 -0.6794
vn -0.7811 -0.4395 -0.4436
vn -0.2558 -0.7861 0.5627
vn -0.7510 -0.6425 0.1521
vn -0.2885 -0.9536 -0.0856
vn -0.4711 0.6002 -0.6463
vn -0.9596 0.0680 -0.2731
vn -0.8090 0.5748 0.1230
vn -0.4867 -0.3426 0.8036
vn -0.7034 0.2632 0.6603
vn -0.9276 -0.1876 0.3230
vn 0.5573 0.8192 0.1353
vn 0.2561 0.7306 -0.6330
vn 0.4908 0.3835 0.7824
vn 0.1869 -0.1930 0.9632
vn -0.3158 0.7562 0.5731
vn 0.2793 0.7562 0.5917
vn 0.9858 -0.0605 0.1569
vn 0.7932 0.4338 0.4274
vn 0.9203 -0.1126 -0.3746
vn 0.4088 0.3386 -0.8475
vn 0.8239 -0.4715 0.3145
vn 0.3271 -0.5531 0.7662
vn 0.3246 -0.8877 -0.3265
vn 0.8008 -0.5822 -0.1407
vn 0.0227 -0.6885 -0.7249
vn 0.0312 0.0963 -0.9949
vn 0.0002 -1.0000 -0.0070
vn -0.0198 -0.7757 0.6308
vn -0.7904 -0.5822 -0.1905
vn -0.3035 -0.8877 -0.3462
vn -0.8951 -0.1126 -0.4315
vn -0.3550 0.3386 -0.8714
vn -0.8419 -0.4715 0.2623
vn -0.3744 -0.5531 0.7442
vn -0.8184 0.4338 0.3770
vn -0.9936 -0.0605 0.0949
vn -0.5647 0.8192 0.1002
vn -0.2160 0.7306 -0.6477
vn -0.5388 0.3835 0.7501
vn -0.2468 -0.1930 0.9497
vn 0.0273 0.4881 -0.8724
vn 0.5678 0.6432 0.5137
vn -0.5989 0.6432 0.4771
vn -0.0273 -0.4881 0.8724
vn 0.9453 -0.3257 -0.0166
vn 0.0119 -0.9246 -0.3808
vn -0.9424 -0.3257 -0.0757
vn 0.0524 0.9631 -0.2641
vn -0.3536 0.8317 0.4282
vn 0.2994 0.7984 0.5224
vn -0.0430 -0.2469 0.9681
vn 0.3279 0.2934 0.8980
vn -0.2720 0.3776 0.8851
vn 0.5219 0.6530 -0.5489
vn 0.7490 0.6209 0.2313
vn 0.9880 0.1082 -0.1100
vn 0.4355 -0.4537 0.7775
vn 0.8840 -0.3545 0.3047
vn 0.7494 0.1248 0.6503
vn 0.2665 0.2264 -0.9369
vn 0.8154 -0.2196 -0.5356
vn 0.3106 -0.5908 -0.7447
vn 0.3159 -0.8544 0.4125
vn 0.2204 -0.9472 -0.2330
vn 0.7369 -0.6717 -0.0762
vn -0.3608 0.2729 -0.8918
vn -0.2461 -0.5283 -0.8126
vn -0.7967 -0.3326 -0.5046
vn -0.2365 -0.8953 0.3776
vn -0.7458 -0.6656 0.0278
vn -0.2923 -0.9112 -0.2903
vn -0.4931 0.7282 -0.4760
vn -0.9686 0.1214 -0.2170
vn -0.8036 0.5260 0.2785
vn -0.4583 -0.5199 0.7209
vn -0.6793 0.1011 0.7268
vn -0.9158 -0.2627 0.3038
vn 0.5625 0.7709 0.2988
vn 0.2342 0.8572 -0.4586
vn 0.5185 0.1990 0.8316
vn 0.2206 -0.4057 0.8870
vn -0.2946 0.6038 0.7407
vn 0.3008 0.6038 0.7382
vn 0.9906 -0.0876 0.1048
vn 0.8082 0.3308 0.4872
vn 0.9064 -0.0179 -0.4221
vn 0.3789 0.5254 -0.7619
vn 0.8340 -0.5248 0.1701
vn 0.3535 -0.7106 0.6084
vn 0.3120 -0.7878 -0.5310
vn 0.7947 -0.5292 -0.2972
vn -0.0036 -0.5054 -0.8629
vn -0.0040 0.3203 -0.9473
vn -0.0010 -0.9722 -0.2343
vn 0.0018 -0.8990 0.4380
vn -0.7972 -0.5292 -0.2905
vn -0.3165 -0.7878 -0.5284
vn -0.9099 -0.0179 -0.4145
vn -0.3853 0.5254 -0.7587
vn -0.8326 -0.5248 0.1772
vn -0.3484 -0.7106 0.6113
vn -0.8041 0.3308 0.4939
vn -0.9897 -0.0876 0.1131
vn -0.5600 0.7709 0.3035
vn -0.2380 0.8572 -0.4566
vn -0.5115 0.1990 0.8359
vn -0.2132 -0.4057 0.8888
vn -0.0031 0.6739 -0.7388
vn 0.5863 0.5136 0.6265
vn -0.5810 0.5136 0.6314
vn 0.0031 -0.6739 0.7388
vn 0.9438 -0.3067 -0.1230
vn -0.0024 -0.8136 -0.5814
vn -0.9448 -0.3067 -0.1151
vn 0.0524 0.9984 0.0208
vn -0.3899 0.6779 0.6232
vn 0.2572 0.6187 0.7423
vn -0.0938 -0.5094 0.8554
vn 0.2722 0.0284 0.9618
vn -0.3273 0.1135 0.9381
vn 0.5420 0.7805 -0.3117
vn 0.7252 0.5298 0.4399
vn 0.9909 0.1337 -0.0171
vn 0.3978 -0.6547 0.6427
vn 0.8707 -0.4270 0.2440
vn 0.7095 -0.0642 0.7018
vn 0.3155 0.4807 -0.8182
vn 0.8476 -0.0609 -0.5270
vn 0.3611 -0.3576 -0.8612
vn 0.3052 -0.9363 0.1735
vn 0.2477 -0.8435 -0.4766
vn 0.7502 -0.6240 -0.2187
vn -0.3140 0.5133 -0.7987
vn -0.1917 -0.2779 -0.9413
vn -0.7618 -0.1762 -0.6234
vn -0.2436 -0.9651 0.0962
vn -0.7359 -0.6456 -0.2041
vn -0.2614 -0.7923 -0.5513
vn -0.4766 0.8333 -0.2802
vn -0.9565 0.1788 -0.2304
vn -0.8260 0.4272 0.3676
vn -0.4903 -0.7012 0.5176
vn -0.7208 -0.1068 0.6849
vn -0.9274 -0.3365 0.1636
vn 0.5329 0.6550 0.5358
vn 0.2466 0.9514 -0.1846
vn 0.4676 -0.0438 0.8828
vn 0.1764 -0.6393 0.7485
vn -0.3452 0.3712 0.8620
vn 0.2494 0.3712 0.8944
vn 0.9844 -0.1147 0.1337
vn 0.7743 0.1794 0.6069
vn 0.9289 0.1006 -0.3563
vn 0.4132 0.7181 -0.5599
vn 0.8310 -0.5525 0.0642
vn 0.3295 -0.8535 0.4037
vn 0.3535 -0.6068 -0.7119
vn 0.8183 -0.4251 -0.3870
vn 0.0529 -0.2420 -0.9688
vn 0.0446 0.5740 -0.8176
vn 0.0272 -0.8669 -0.4978
vn -0.0091 -0.9859 0.1670
vn -0.7713 -0.4251 -0.4737
vn -0.2740 -0.6068 -0.7461
vn -0.8847 0.1006 -0.4553
vn -0.3498 0.7181 -0.6016
vn -0.8331 -0.5525 -0.0265
vn -0.3714 -0.8535 0.3655
vn -0.8357 0.1794 0.5191
vn -0.9931 -0.1147 0.0258
vn -0.5880 0.6550 0.4746
vn -0.2250 0.9514 -0.2103
vn -0.5609 -0.0438 0.8267
vn -0.2568 -0.6393 0.7249
vn 0.0283 0.8546 -0.5185
vn 0.5420 0.3157 0.7788
vn -0.6235 0.3157 0.7152
vn -0.0283 -0.8546 0.5185
vn 0.9539 -0.2607 -0.1489
vn 0.0429 -0.6170 -0.7858
vn -0.9320 -0.2607 -0.2517
vn -0.3189 0.8806 -0.3506
vn -0.0601 0.9056 0.4199
vn 0.4467 0.8947 -0.0037
vn 0.7200 -0.0261 0.6935
vn 0.8242 0.4856 0.2913
vn 0.4035 0.5643 0.7202
vn -0.1644 0.5155 -0.8410
vn 0.5613 0.6574 -0.5027
vn 0.5558 0.0821 -0.8273
vn 0.9321 -0.2695 0.2421
vn 0.8671 -0.2772 -0.4138
vn 0.9504 0.2667 -0.1599
vn -0.5457 0.0132 -0.8379
vn 0.1853 -0.3322 -0.9248
vn -0.2398 -0.7409 -0.6273
vn 0.6531 -0.7413 0.1546
vn 0.1337 -0.9751 -0.1772
vn 0.5443 -0.6712 -0.5032
vn -0.9360 0.0679 -0.3455
vn -0.6685 -0.6956 -0.2631
vn -0.8407 -0.4370 0.3198
vn 0.2686 -0.7894 0.5519
vn -0.3624 -0.6435 0.6742
vn -0.2536 -0.9532 0.1648
vn -0.7958 0.6040 -0.0443
vn -0.8201 0.0694 0.5679
vn -0.4164 0.5739 0.7052
vn 0.3099 -0.3474 0.8850
vn 0.0643 0.2592 0.9637
vn -0.3406 -0.1896 0.9209
vn 0.4621 0.8185 -0.3413
vn -0.3230 0.7344 -0.5970
vn 0.9177 0.3789 0.1194
vn 0.8618 -0.1987 0.4668
vn 0.2453 0.7528 0.6109
vn 0.6378 0.7528 0.1630
vn 0.7471 -0.0613 -0.6619
vn 0.8359 0.4314 -0.3394
vn 0.2948 -0.1102 -0.9492
vn -0.3934 0.3436 -0.8527
vn 0.7641 -0.4732 -0.4384
vn 0.7971 -0.5576 0.2318
vn -0.0499 -0.8857 -0.4616
vn 0.3974 -0.5812 -0.7101
vn -0.5485 -0.6842 -0.4807
vn -0.7482 0.1022 -0.6556
vn -0.0097 -0.9999 -0.0085
vn 0.4712 -0.7794 0.4129
vn -0.6518 -0.5812 0.4872
vn -0.4641 -0.8857 0.0111
vn -0.9023 -0.1102 0.4168
vn -0.8970 0.3436 -0.2780
vn -0.3343 -0.4732 0.8150
vn 0.3345 -0.5576 0.7598
vn -0.2268 0.4314 0.8732
vn -0.5581 -0.0613 0.8275
vn -0.2777 0.8185 0.5029
vn -0.6342 0.7344 -0.2418
vn 0.2388 0.3789 0.8941
vn 0.5759 -0.1987 0.7930
vn -0.6543 0.4932 -0.5733
vn 0.7602 0.6403 -0.1098
vn -0.0091 0.6403 0.7681
vn 0.6543 -0.4932 0.5733
vn 0.5862 -0.3254 -0.7419
vn -0.2907 -0.9223 -0.2547
vn -0.6585 -0.3254 0.6785
vn -0.1103 0.9770 -0.1825
vn 0.0916 0.8049 0.5862
vn 0.6154 0.7660 0.1856
vn 0.6479 -0.3038 0.6985
vn 0.8812 0.2397 0.4075
vn 0.4546 0.3246 0.8294
vn 0.0035 0.6842 -0.7293
vn 0.7164 0.6059 -0.3460
vn 0.6196 0.1143 -0.7765
vn 0.8393 -0.4990 0.2155
vn 0.8220 -0.3721 -0.4311
vn 0.9936 0.0859 -0.0733
vn -0.4697 0.2814 -0.8368
vn 0.1820 -0.1877 -0.9652
vn -0.3367 -0.5457 -0.7673
vn 0.4789 -0.8774 0.0285
vn -0.0512 -0.9318 -0.3594
vn 0.4344 -0.6662 -0.6062
vn -0.8759 0.3253 -0.3564
vn -0.7730 -0.4792 -0.4157
vn -0.9320 -0.3020 0.2005
vn 0.0647 -0.9160 0.3959
vn -0.5317 -0.6659 0.5233
vn -0.4501 -0.8924 -0.0328
vn -0.6538 0.7552 0.0480
vn -0.8288 0.1343 0.5431
vn -0.3435 0.5087 0.7894
vn 0.1691 -0.5615 0.8100
vn 0.0446 0.0581 0.9973
vn -0.4376 -0.2800 0.8544
vn 0.6398 0.7517 -0.1596
vn -0.1255 0.8828 -0.4526
vn 0.9637 0.1493 0.2213
vn 0.7685 -0.4576 0.4473
vn 0.3457 0.5589 0.7537
vn 0.7617 0.5589 0.3277
vn 0.7659 -0.0939 -0.6361
vn 0.9276 0.3012 -0.2209
vn 0.3350 0.0069 -0.9422
vn -0.2538 0.5695 -0.7819
vn 0.6840 -0.5342 -0.4968
vn 0.6507 -0.7454 0.1449
vn -0.1921 -0.7551 -0.6268
vn 0.3239 -0.5109 -0.7963
vn -0.6377 -0.4534 -0.6227
vn -0.6630 0.3758 -0.6475
vn -0.2085 -0.9566 -0.2036
vn 0.2748 -0.9233 0.2683
vn -0.7884 -0.5109 0.3426
vn -0.6312 -0.7551 -0.1772
vn -0.9340 0.0069 0.3572
vn -0.7877 0.5695 -0.2352
vn -0.4804 -0.5342 0.6956
vn 0.1603 -0.7454 0.6471
vn -0.1989 0.3012 0.9326
vn -0.6177 -0.0939 0.7808
vn -0.1444 0.7517 0.6434
vn -0.4555 0.8828 -0.1148
vn 0.2441 0.1493 0.9582
vn 0.4654 -0.4576 0.7577
vn -0.4991 0.7164 -0.4875
vn 0.8787 0.4754 0.0424
vn 0.0632 0.4754 0.8775
vn 0.4991 -0.7164 0.4875
vn 0.5618 -0.2991 -0.7713
vn -0.4497 -0.7778 -0.4392
vn -0.7578 -0.2991 0.5799
vn 0.0753 0.9971 -0.0055
vn 0.2719 0.6547 0.7053
vn 0.7606 0.5925 0.2652
vn 0.6048 -0.5396 0.5857
vn 0.9274 -0.0052 0.3740
vn 0.5439 0.0796 0.8354
vn 0.1065 0.7921 -0.6011
vn 0.8058 0.5153 -0.2919
vn 0.5968 0.1361 -0.7908
vn 0.7339 -0.6763 0.0635
vn 0.7145 -0.4337 -0.5491
vn 0.9872 -0.0876 -0.1330
vn -0.4404 0.5100 -0.7389
vn 0.1009 -0.0406 -0.9941
vn -0.4690 -0.3262 -0.8208
vn 0.2988 -0.9413 -0.1569
vn -0.2475 -0.8256 -0.5070
vn 0.2698 -0.6144 -0.7414
vn -0.8096 0.5407 -0.2285
vn -0.8686 -0.2447 -0.4308
vn -0.9638 -0.1554 0.2167
vn -0.0991 -0.9684 0.2291
vn -0.6291 -0.6394 0.4420
vn -0.6169 -0.7728 -0.1491
vn -0.4908 0.8418 0.2247
vn -0.7629 0.1850 0.6194
vn -0.2038 0.4123 0.8879
vn 0.0900 -0.7201 0.6880
vn 0.0970 -0.1324 0.9864
vn -0.4476 -0.3439 0.8255
vn 0.7672 0.6366 -0.0783
vn 0.0306 0.9578 -0.2858
vn 0.9827 -0.0741 0.1695
vn 0.6823 -0.6650 0.3037
vn 0.4797 0.3397 0.8090
vn 0.8694 0.3397 0.3587
vn 0.7053 -0.1175 -0.6991
vn 0.9585 0.1592 -0.2366
vn 0.2899 0.1150 -0.9501
vn -0.1702 0.7383 -0.6526
vn 0.5448 -0.5528 -0.6306
vn 0.4978 -0.8666 -0.0333
vn -0.3623 -0.5806 -0.7292
vn 0.1839 -0.4095 -0.8936
vn -0.7397 -0.2074 -0.6402
vn -0.6034 0.6027 -0.5222
vn -0.4000 -0.8486 -0.3462
vn 0.0999 -0.9912 0.0865
vn -0.8580 -0.4095 0.3101
vn -0.7736 -0.5806 -0.2540
vn -0.8987 0.1150 0.4232
vn -0.6703 0.7383 -0.0748
vn -0.5459 -0.5528 0.6296
vn 0.0385 -0.8666 0.4975
vn -0.0967 0.1592 0.9825
vn -0.5907 -0.1175 0.7983
vn 0.0326 0.6366 0.7705
vn -0.2785 0.9578 0.0713
vn 0.3087 -0.0742 0.9483
vn 0.3984 -0.6650 0.6317
vn -0.3695 0.8725 -0.3198
vn 0.9557 0.2890 0.0553
vn 0.1918 0.2890 0.9379
vn 0.3695 -0.8725 0.3198
vn 0.4594 -0.2535 -0.8513
vn -0.6112 -0.5887 -0.5290
vn -0.7766 -0.2535 0.5768
vn -0.4301 0.8747 0.2233
vn 0.3808 0.9084 0.1729
vn 0.1028 0.8987 -0.4263
vn 0.8564 -0.0138 -0.5161
vn 0.4897 0.4955 -0.7174
vn 0.7943 0.5738 -0.1994
vn -0.8601 0.5071 -0.0554
vn -0.3470 0.6585 -0.6678
vn -0.6560 0.0805 -0.7504
vn 0.4778 -0.2589 -0.8394
vn -0.1725 -0.2725 -0.9466
vn 0.0888 0.2741 -0.9576
vn -0.9506 0.0014 0.3103
vn -0.8419 -0.3379 -0.4207
vn -0.6604 -0.7482 0.0642
vn 0.3259 -0.7340 -0.5959
vn -0.1266 -0.9752 -0.1817
vn -0.3383 -0.6702 -0.6606
vn -0.5766 0.0564 0.8151
vn -0.4201 -0.7039 0.5728
vn 0.0958 -0.4421 0.8918
vn 0.6107 -0.7824 -0.1220
vn 0.5639 -0.6414 0.5202
vn 0.1032 -0.9541 0.2811
vn -0.2549 0.5962 0.7613
vn 0.3356 0.0664 0.9397
vn 0.5675 0.5757 0.5887
vn 0.9386 -0.3374 -0.0726
vn 0.9448 0.2676 0.1891
vn 0.8032 -0.1853 0.5661
vn -0.2184 0.8199 -0.5291
vn -0.6677 0.7265 0.1624
vn 0.3490 0.3884 -0.8529
vn 0.6759 -0.1869 -0.7129
vn 0.6458 0.7599 -0.0737
vn 0.3149 0.7599 -0.5687
vn -0.4453 -0.0597 -0.8934
vn -0.1159 0.4363 -0.8923
vn -0.8394 -0.1152 -0.5312
vn -0.9290 0.3331 0.1616
vn -0.2208 -0.4697 -0.8548
vn 0.4359 -0.5483 -0.7137
vn -0.4497 -0.8898 -0.0773
vn -0.5771 -0.5833 -0.5716
vn -0.5992 -0.6931 0.4007
vn -0.8279 0.0899 0.5536
vn -0.0005 -1.0000 0.0003
vn 0.5287 -0.7716 -0.3536
vn 0.3078 -0.5833 0.7517
vn -0.1004 -0.8898 0.4451
vn 0.1702 -0.1152 0.9787
vn -0.5042 0.3331 0.7968
vn 0.7055 -0.4697 0.5307
vn 0.8261 -0.5483 -0.1302
vn 0.7803 0.4363 0.4480
vn 0.6555 -0.0597 0.7529
vn 0.4055 0.8199 0.4040
vn -0.4052 0.7265 0.5550
vn 0.9215 0.3884 0.0034
vn 0.9170 -0.1869 -0.3523
vn -0.7281 0.4825 0.4869
vn 0.0842 0.6464 -0.7584
vn 0.7330 0.6464 0.2120
vn 0.7281 -0.4825 -0.4869
vn -0.5616 -0.3260 -0.7605
vn -0.3118 -0.9270 0.2085
vn 0.4883 -0.3260 0.8095
vn -0.2474 0.9628 0.1089
vn 0.5527 0.8322 0.0454
vn 0.2562 0.7990 -0.5440
vn 0.8187 -0.2458 -0.5190
vn 0.5483 0.2945 -0.7827
vn 0.8811 0.3786 -0.2833
vn -0.7494 0.6523 -0.1133
vn -0.2397 0.6212 -0.7461
vn -0.6558 0.1081 -0.7471
vn 0.3887 -0.4528 -0.8024
vn -0.2558 -0.3541 -0.8995
vn 0.1041 0.1256 -0.9866
vn -0.9210 0.2253 0.3178
vn -0.9057 -0.2202 -0.3622
vn -0.7878 -0.5916 0.1712
vn 0.1582 -0.8539 -0.4958
vn -0.3163 -0.9474 -0.0480
vn -0.4836 -0.6718 -0.5611
vn -0.5251 0.2718 0.8065
vn -0.5250 -0.5292 0.6666
vn 0.0426 -0.3332 0.9419
vn 0.4458 -0.8948 -0.0228
vn 0.4503 -0.6656 0.5952
vn -0.0699 -0.9116 0.4052
vn -0.1088 0.7276 0.6773
vn 0.3764 0.1212 0.9185
vn 0.6879 0.5263 0.4999
vn 0.8540 -0.5190 -0.0372
vn 0.9847 0.1020 0.1411
vn 0.7736 -0.2624 0.5769
vn -0.0777 0.7713 -0.6317
vn -0.5109 0.8567 0.0710
vn 0.3849 0.1999 -0.9010
vn 0.6014 -0.4047 -0.6889
vn 0.7754 0.6046 -0.1820
vn 0.4325 0.6046 -0.6688
vn -0.4810 -0.0875 -0.8723
vn -0.0635 0.3314 -0.9414
vn -0.8649 -0.0184 -0.5016
vn -0.8421 0.5245 0.1258
vn -0.3374 -0.5246 -0.7816
vn 0.2972 -0.7098 -0.6386
vn -0.6133 -0.7884 0.0476
vn -0.6981 -0.5296 -0.4819
vn -0.7050 -0.5064 0.4965
vn -0.7748 0.3192 0.5457
vn -0.1906 -0.9724 0.1343
vn 0.3590 -0.8984 -0.2528
vn 0.2186 -0.5296 0.8196
vn -0.2514 -0.7884 0.5614
vn 0.1810 -0.0184 0.9833
vn -0.4021 0.5245 0.7505
vn 0.6223 -0.5246 0.5809
vn 0.7014 -0.7098 -0.0647
vn 0.8650 0.3314 0.3768
vn 0.6593 -0.0875 0.7468
vn 0.5686 0.7713 0.2860
vn -0.2390 0.8567 0.4571
vn 0.9780 0.1999 -0.0589
vn 0.8512 -0.4047 -0.3342
vn -0.6047 0.6730 0.4259
vn 0.1777 0.5143 -0.8390
vn 0.8498 0.5143 0.1153
vn 0.6047 -0.6730 -0.4259
vn -0.6408 -0.3068 -0.7037
vn -0.4746 -0.8143 0.3343
vn 0.4467 -0.3068 0.8404
vn -0.0084 0.9981 -0.0608
vn 0.7339 0.6701 -0.1110
vn 0.4055 0.6099 -0.6809
vn 0.7079 -0.5198 -0.4782
vn 0.5574 0.0169 -0.8301
vn 0.9280 0.1019 -0.3582
vn -0.5808 0.7845 -0.2172
vn -0.1288 0.5249 -0.8414
vn -0.6530 0.1345 -0.7454
vn 0.2262 -0.6622 -0.7144
vn -0.3815 -0.4293 -0.8186
vn 0.0753 -0.0722 -0.9945
vn -0.8233 0.4907 0.2853
vn -0.9509 -0.0540 -0.3048
vn -0.8937 -0.3469 0.2845
vn -0.0743 -0.9382 -0.3381
vn -0.5317 -0.8375 0.1257
vn -0.6582 -0.6208 -0.4259
vn -0.4008 0.5227 0.7524
vn -0.5962 -0.2666 0.7572
vn 0.0160 -0.1691 0.9855
vn 0.2217 -0.9663 0.1306
vn 0.3144 -0.6436 0.6978
vn -0.2588 -0.7858 0.5618
vn 0.1028 0.8363 0.5385
vn 0.4450 0.1809 0.8770
vn 0.8189 0.4222 0.3888
vn 0.7051 -0.7078 0.0440
vn 0.9875 -0.1155 0.1071
vn 0.7216 -0.3391 0.6036
vn 0.0700 0.6488 -0.7577
vn -0.2911 0.9537 -0.0755
vn 0.3700 -0.0542 -0.9274
vn 0.4503 -0.6481 -0.6141
vn 0.8841 0.3605 -0.2973
vn 0.5241 0.3605 -0.7716
vn -0.5362 -0.1157 -0.8362
vn -0.0366 0.1725 -0.9843
vn -0.8718 0.1055 -0.4784
vn -0.6873 0.7251 0.0420
vn -0.4941 -0.5527 -0.6711
vn 0.0864 -0.8581 -0.5062
vn -0.7773 -0.5980 0.1955
vn -0.8286 -0.4198 -0.3704
vn -0.7751 -0.2303 0.5884
vn -0.6467 0.5839 0.4908
vn -0.4054 -0.8608 0.3077
vn 0.1237 -0.9879 -0.0939
vn 0.1339 -0.4199 0.8977
vn -0.3973 -0.5980 0.6961
vn 0.2263 0.1055 0.9683
vn -0.2253 0.7251 0.6507
vn 0.5135 -0.5527 0.6564
vn 0.5107 -0.8581 0.0530
vn 0.9382 0.1725 0.3000
vn 0.6612 -0.1157 0.7413
vn 0.7486 0.6488 0.1364
vn -0.0056 0.9537 0.3007
vn 0.9928 -0.0542 -0.1070
vn 0.7126 -0.6481 -0.2686
vn -0.4053 0.8608 0.3077
vn 0.2460 0.3066 -0.9195
vn 0.9518 0.3066 0.0103
vn 0.4053 -0.8608 -0.3077
vn -0.7332 -0.2583 -0.6290
vn -0.6327 -0.6074 0.4803
vn 0.4087 -0.2583 0.8754
vn 0.0501 -0.9911 -0.1237
vn 0.0917 -0.8693 -0.4857
vn 0.1963 -0.9501 -0.2423
vn 0.0988 0.8766 -0.4709
vn 0.0117 0.9998 -0.0184
vn 0.1646 0.9789 -0.1213
vn 0.0340 -0.9992 0.0213
vn 0.1720 -0.9747 0.1428
vn 0.0598 -0.8747 0.4810
vn 0.0095 0.9918 0.1275
vn 0.0078 0.8706 0.4920
vn 0.1404 0.9543 0.2638
vn -0.0014 -0.9893 -0.1460
vn -0.1404 -0.9543 -0.2638
vn -0.0322 -0.8092 -0.5867
vn -0.0422 0.9991 -0.0026
vn -0.0373 0.9245 -0.3794
vn -0.1720 0.9747 -0.1428
vn -0.0175 -0.9998 -0.0012
vn -0.0623 -0.9257 0.3731
vn -0.1646 -0.9789 0.1213
vn -0.0444 0.9887 0.1431
vn -0.1963 0.9501 0.2423
vn -0.1264 0.8073 0.5765
vn 0.0462 -0.9971 -0.0607
vn 0.1877 -0.9809 -0.0507
vn 0.2098 0.0646 -0.9756
vn 0.7034 0.0560 -0.7086
vn 0.0135 0.9978 0.0645
vn 0.1554 0.9852 0.0726
vn 0.0857 -0.0610 0.9945
vn 0.6088 -0.0397 0.7923
vn 0.0111 -0.9997 0.0199
vn -0.0125 -0.9262 0.3767
vn -0.0215 0.9893 0.1446
vn -0.0420 0.8710 0.4894
vn -0.7034 -0.0560 0.7086
vn -0.2098 -0.0646 0.9756
vn -0.0135 -0.9978 -0.0645
vn -0.1555 -0.9852 -0.0726
vn -0.0462 0.9971 0.0607
vn -0.1876 0.9809 0.0507
vn -0.0857 0.0610 -0.9945
vn -0.6088 0.0397 -0.7923
vn 0.0215 -0.9893 -0.1446
vn 0.0420 -0.8710 -0.4894
vn -0.0111 0.9997 -0.0199
vn 0.0125 0.9263 -0.3767
vn 0.0164 -0.9979 -0.0626
vn 0.9979 0.0124 0.0636
vn 0.0627 0.0635 -0.9960
vn -0.0164 0.9979 0.0626
vn -0.0627 -0.0635 0.9960
vn -0.9979 -0.0124 -0.0636
vn 0.7204 0.0234 -0.6932
vn 0.3187 0.0186 -0.9477
vn 0.9225 0.1176 -0.3677
vn 0.3928 0.0595 -0.9177
vn 0.6994 0.1678 -0.6947
vn 0.9455 0.1517 -0.2880
vn 0.6960 0.0360 0.7171
vn 0.9400 0.1237 0.3181
vn 0.3644 0.0511 0.9298
vn 0.6750 0.1804 0.7154
vn 0.2807 0.0690 0.9573
vn 0.9056 0.1494 0.3969
vn -0.6749 -0.1804 -0.7155
vn -0.9351 -0.1571 -0.3177
vn -0.3607 -0.0760 -0.9296
vn -0.6960 -0.0360 -0.7171
vn -0.2856 -0.0355 -0.9577
vn -0.9092 -0.1244 -0.3974
vn -0.6995 -0.1678 0.6947
vn -0.3137 -0.0520 0.9481
vn -0.9188 -0.1426 0.3680
vn -0.7205 -0.0234 0.6931
vn -0.9505 -0.1183 0.2875
vn -0.3965 -0.0346 0.9174
vn 0.9990 0.0419 0.0170
vn 0.9918 0.1269 0.0161
vn 0.3946 0.0471 -0.9176
vn 0.9207 0.1301 -0.3679
vn 0.9693 0.2456 0.0146
vn 0.9867 0.1620 0.0157
vn 0.3625 0.0635 0.9298
vn 0.9074 0.1369 0.3973
vn -0.0024 -0.0930 0.9957
vn -0.0148 -0.0087 0.9999
vn -0.0321 0.1107 0.9933
vn -0.0199 0.0265 0.9995
vn -0.9207 -0.1301 0.3679
vn -0.3947 -0.0471 0.9176
vn -0.9693 -0.2456 -0.0146
vn -0.9867 -0.1620 -0.0157
vn -0.9990 -0.0419 -0.0170
vn -0.9918 -0.1269 -0.0161
vn -0.3626 -0.0635 -0.9298
vn -0.9074 -0.1369 -0.3974
vn 0.0321 -0.1107 -0.9933
vn 0.0199 -0.0265 -0.9995
vn 0.0024 0.0930 -0.9957
vn 0.0148 0.0087 -0.9999
vn 0.1443 -0.9895 0.0113
vn 0.9894 0.1445 0.0159
vn 0.0174 -0.0089 -0.9998
vn -0.1443 0.9895 -0.0113
vn -0.0174 0.0089 0.9998
vn -0.9894 -0.1445 -0.0159
vn 0.0583 -0.9946 -0.0859
vn 0.0817 -0.9325 -0.3518
vn 0.1361 -0.9755 -0.1726
vn 0.0274 0.9361 -0.3506
vn -0.0259 0.9996 -0.0121
vn 0.0558 0.9947 -0.0866
vn 0.0496 -0.9987 0.0134
vn 0.1225 -0.9878 0.0959
vn 0.0622 -0.9327 0.3553
vn -0.0273 0.9958 0.0875
vn -0.0271 0.9346 0.3547
vn 0.0423 0.9824 0.1820
vn 0.0315 -0.9944 -0.1004
vn -0.0423 -0.9824 -0.1820
vn 0.0124 -0.9002 -0.4354
vn -0.0539 0.9985 -0.0005
vn -0.0501 0.9610 -0.2719
vn -0.1225 0.9878 -0.0959
vn 0.0230 -0.9997 -0.0012
vn -0.0045 -0.9631 0.2690
vn -0.0558 -0.9947 0.0866
vn -0.0553 0.9935 0.0992
vn -0.1361 0.9755 0.1726
vn -0.1020 0.8967 0.4306
vn 0.0561 -0.9975 -0.0428
vn 0.1304 -0.9907 -0.0387
vn 0.1631 0.0497 -0.9854
vn 0.5940 0.0592 -0.8023
vn -0.0251 0.9987 0.0444
vn 0.0495 0.9976 0.0481
vn 0.0628 -0.0410 0.9972
vn 0.5099 -0.0168 0.8601
vn 0.0377 -0.9992 0.0127
vn 0.0228 -0.9624 0.2706
vn -0.0434 0.9941 0.0998
vn -0.0544 0.9339 0.3534
vn -0.5940 -0.0592 0.8023
vn -0.1631 -0.0497 0.9854
vn 0.0252 -0.9987 -0.0444
vn -0.0495 -0.9976 -0.0481
vn -0.0562 0.9975 0.0428
vn -0.1305 0.9907 0.0387
vn -0.0628 0.0410 -0.9972
vn -0.5099 0.0168 -0.8601
vn 0.0434 -0.9941 -0.0998
vn 0.0544 -0.9339 -0.3534
vn -0.0377 0.9992 -0.0127
vn -0.0228 0.9624 -0.2706
vn 0.0407 -0.9982 -0.0436
vn 0.9979 0.0384 0.0523
vn 0.0505 0.0456 -0.9977
vn -0.0407 0.9982 0.0436
vn -0.0505 -0.0456 0.9977
vn -0.9979 -0.0384 -0.0523
vn 0.0518 -0.9980 0.0374
vn 0.0778 -0.9691 -0.2339
vn 0.1304 -0.9902 -0.0503
vn 0.0369 0.8858 -0.4626
vn -0.0186 0.9907 -0.1350
vn 0.0637 0.9761 -0.2076
vn 0.0424 -0.9898 0.1363
vn 0.1146 -0.9693 0.2176
vn 0.0526 -0.8823 0.4677
vn -0.0209 0.9991 -0.0357
vn -0.0233 0.9712 0.2370
vn 0.0478 0.9970 0.0603
vn 0.0252 -0.9994 0.0228
vn -0.0478 -0.9970 -0.0603
vn 0.0096 -0.9469 -0.3214
vn -0.0467 0.9912 -0.1236
vn -0.0409 0.9206 -0.3883
vn -0.1146 0.9693 -0.2176
vn 0.0158 -0.9924 0.1218
vn -0.0136 -0.9227 0.3852
vn -0.0637 -0.9762 0.2075
vn -0.0490 0.9985 -0.0241
vn -0.1305 0.9902 0.0503
vn -0.0991 0.9434 0.3164
vn 0.0493 -0.9955 0.0805
vn 0.1236 -0.9887 0.0844
vn 0.1715 -0.0728 -0.9825
vn 0.6010 -0.0434 -0.7981
vn -0.0183 0.9967 -0.0788
vn 0.0562 0.9956 -0.0743
vn 0.0543 0.0814 0.9952
vn 0.5027 0.0859 0.8602
vn 0.0305 -0.9903 0.1357
vn 0.0137 -0.9220 0.3869
vn -0.0371 0.9990 -0.0234
vn -0.0506 0.9705 0.2356
vn -0.6010 0.0434 0.7981
vn -0.1715 0.0728 0.9825
vn 0.0183 -0.9967 0.0788
vn -0.0562 -0.9956 0.0743
vn -0.0493 0.9955 -0.0805
vn -0.1236 0.9887 -0.0844
vn -0.0543 -0.0814 -0.9952
vn -0.5027 -0.0859 -0.8602
vn 0.0371 -0.9990 0.0234
vn 0.0506 -0.9706 -0.2355
vn -0.0305 0.9903 -0.1357
vn -0.0137 0.9220 -0.3869
vn 0.0338 -0.9962 0.0797
vn 0.9977 0.0384 0.0562
vn 0.0590 -0.0776 -0.9952
vn -0.0338 0.9962 -0.0797
vn -0.0590 0.0776 0.9952
vn -0.9977 -0.0384 -0.0562
vn -0.4117 -0.8393 -0.3550
vn -0.9072 -0.1189 -0.4036
vn -0.5882 -0.1382 -0.7968
vn -0.3607 0.8898 -0.2795
vn -0.5502 0.2967 -0.7805
vn -0.8625 0.3156 -0.3956
vn -0.0923 -0.8564 -0.5080
vn -0.4369 -0.1465 -0.8875
vn 0.0600 -0.1718 -0.9833
vn -0.0921 0.8748 -0.4756
vn 0.0810 0.2640 -0.9611
vn -0.4054 0.2887 -0.8673
vn 0.2506 -0.8725 -0.4195
vn 0.2341 -0.1801 -0.9554
vn 0.6764 -0.1996 -0.7090
vn 0.2397 0.8587 -0.4529
vn 0.6807 0.2370 -0.6932
vn 0.2477 0.2560 -0.9344
vn 0.4567 -0.8799 -0.1311
vn 0.7919 -0.2040 -0.5756
vn 0.9727 -0.2086 -0.1022
vn 0.4793 0.8491 -0.2221
vn 0.9682 0.2283 -0.1021
vn 0.7913 0.2327 -0.5654
vn 0.4294 -0.8753 0.2224
vn 0.9755 -0.2071 0.0743
vn 0.8101 -0.1945 0.5530
vn 0.5148 0.8504 0.1089
vn 0.8091 0.2420 0.5356
vn 0.9710 0.2297 0.0669
vn 0.1815 -0.8608 0.4755
vn 0.6990 -0.1878 0.6900
vn 0.2649 -0.1640 0.9502
vn 0.3294 0.8620 0.3852
vn 0.2777 0.2717 0.9215
vn 0.7027 0.2484 0.6667
vn -0.1709 -0.8432 0.5098
vn 0.0918 -0.1552 0.9836
vn -0.4080 -0.1314 0.9035
vn 0.0100 0.8786 0.4775
vn -0.3773 0.3034 0.8750
vn 0.1120 0.2801 0.9534
vn -0.4630 -0.8306 0.3092
vn -0.5621 -0.1246 0.8176
vn -0.8936 -0.1119 0.4347
vn -0.2940 0.8923 0.3426
vn -0.8494 0.3224 0.4179
vn -0.5248 0.3099 0.7928
vn -0.5581 -0.8291 -0.0323
vn -0.9566 -0.1103 0.2698
vn -0.9648 -0.1145 -0.2368
vn -0.4404 0.8967 0.0436
vn -0.9177 0.3198 -0.2359
vn -0.9096 0.3239 0.2600
vn -0.5001 -0.3181 -0.8054
vn -0.8217 0.4727 0.3183
vn -0.3035 0.9446 0.1250
vn -0.1272 -0.9535 -0.2733
vn -0.4905 -0.4340 -0.7556
vn 0.2077 -0.5958 -0.7758
vn -0.4497 0.6442 -0.6187
vn 0.0019 0.9867 -0.1624
vn 0.2537 0.6547 -0.7121
vn 0.1780 -0.9836 -0.0277
vn 0.7076 -0.6382 -0.3033
vn 0.6528 -0.6408 0.4041
vn 0.2644 0.9558 0.1284
vn 0.7742 0.4390 0.4559
vn 0.7534 0.6124 -0.2396
vn -0.2496 -0.9657 -0.0717
vn -0.7534 -0.6124 0.2395
vn -0.6964 -0.5469 -0.4646
vn -0.1934 0.9807 -0.0297
vn -0.7384 0.5383 -0.4061
vn -0.7076 0.6381 0.3033
vn 0.0563 -0.9830 0.1746
vn 0.4546 -0.5432 0.7058
vn -0.2536 -0.6548 0.7120
vn 0.0696 0.9626 0.2618
vn -0.2078 0.5957 0.7758
vn 0.4933 0.5434 0.6792
vn 0.3944 -0.7792 -0.4871
vn 0.4521 0.7938 -0.4069
vn 0.5573 -0.6496 0.5171
vn 0.1968 0.9594 0.2019
vn -0.1444 -0.0451 0.9885
vn 0.5420 -0.0626 0.8381
vn -0.4521 -0.7938 0.4069
vn -0.3943 0.7793 0.4871
vn -0.8675 0.0570 -0.4942
vn -0.1968 -0.9594 -0.2019
vn -0.6014 -0.5512 -0.5783
vn -0.5574 0.6496 -0.5171
vn -0.2266 -0.9578 0.1769
vn -0.7219 -0.4441 0.5308
vn -0.7535 -0.6380 -0.1588
vn -0.6347 0.6362 0.4387
vn -0.2067 0.9776 -0.0405
vn -0.7473 0.6108 -0.2614
vn 0.0119 -0.9909 -0.1338
vn -0.2934 -0.6822 -0.6698
vn 0.4149 -0.6512 -0.6354
vn 0.0782 0.9476 -0.3098
vn 0.4146 0.4230 -0.8057
vn -0.2872 0.5665 -0.7724
vn -0.0214 -0.9557 0.2937
vn 0.2872 -0.5665 0.7724
vn -0.4206 -0.5347 0.7329
vn -0.0687 0.9862 0.1509
vn -0.4099 0.5527 0.7256
vn 0.2933 0.6821 0.6699
vn 0.2171 -0.9760 -0.0180
vn 0.7171 -0.5317 -0.4506
vn 0.7474 -0.6107 0.2615
vn 0.2163 0.9690 -0.1193
vn 0.7534 0.6380 0.1589
vn 0.6404 0.5499 -0.5362
vn -0.4620 -0.8169 -0.3454
vn -0.8251 0.0503 0.5627
vn -0.4542 0.7540 -0.4745
vn 0.1437 -0.9860 -0.0849
vn 0.5306 -0.6509 -0.5430
vn 0.1531 0.9575 -0.2446
vn 0.5364 0.5483 -0.6415
vn 0.9930 0.0048 0.1176
vn 0.0941 -0.9810 0.1696
vn 0.1036 0.9946 0.0073
vn -0.1531 -0.9575 0.2446
vn -0.1436 0.9860 0.0848
vn -0.5305 0.6509 0.5430
vn 0.0858 -0.9708 0.2242
vn 0.4430 -0.4910 0.7501
vn -0.2601 -0.6305 0.7314
vn 0.4412 0.5939 0.6727
vn 0.0209 0.9758 0.2177
vn -0.2650 0.6225 0.7364
vn -0.2090 -0.9773 -0.0356
vn -0.7395 -0.6303 0.2363
vn -0.6535 -0.5955 -0.4672
vn -0.2292 0.9696 -0.0854
vn -0.7396 0.4886 -0.4629
vn -0.7443 0.6227 0.2415
vn 0.2164 -0.9759 0.0276
vn 0.7443 -0.6226 -0.2415
vn 0.6579 -0.5945 0.4623
vn 0.2218 0.9706 0.0933
vn 0.7358 0.4905 0.4669
vn 0.7394 0.6303 -0.2364
vn -0.0784 -0.9695 -0.2322
vn -0.4392 -0.4881 -0.7542
vn 0.2648 -0.6224 -0.7365
vn -0.0284 0.9774 -0.2096
vn 0.2602 0.6304 -0.7313
vn -0.4458 0.5960 -0.6678
vn -0.4391 -0.7915 0.4250
vn -0.4452 0.7846 0.4315
vn -0.9879 -0.0044 0.1552
vn -0.1509 -0.9749 -0.1635
vn -0.5534 -0.6014 -0.5763
vn -0.1582 0.9751 -0.1556
vn -0.5580 0.6018 -0.5713
vn 0.4451 -0.7847 -0.4315
vn 0.4390 0.7916 -0.4250
vn 0.9879 0.0044 -0.1552
vn 0.1582 -0.9751 0.1556
vn 0.5580 -0.6018 0.5713
vn 0.1509 0.9749 0.1636
vn 0.5534 0.6013 0.5763
vn 0.1829 -0.9806 -0.0705
vn 0.7168 -0.5299 -0.4532
vn 0.7131 -0.6538 0.2531
vn 0.6823 0.5570 -0.4735
vn 0.2554 0.9656 -0.0490
vn 0.7680 0.5978 0.2297
vn -0.0680 -0.9704 0.2317
vn 0.2329 -0.6235 0.7464
vn -0.4708 -0.5624 0.6797
vn -0.0401 0.9769 0.2098
vn -0.4213 0.5224 0.7414
vn 0.2877 0.6281 0.7230
vn -0.0175 -0.9806 -0.1954
vn -0.2878 -0.6281 -0.7230
vn 0.4188 -0.6263 -0.6575
vn 0.1251 0.9612 -0.2459
vn 0.4641 0.4557 -0.7596
vn -0.2329 0.6235 -0.7463
vn -0.2678 -0.9575 0.1066
vn -0.7597 -0.4480 0.4714
vn -0.7680 -0.5978 -0.2298
vn -0.1700 0.9854 0.0126
vn -0.7132 0.6537 -0.2531
vn -0.6303 0.6317 0.4513
vn 0.0517 -0.9925 0.1112
vn 0.4062 -0.7985 0.4443
vn 0.1384 0.9876 0.0743
vn 0.4751 0.7759 0.4151
vn -0.1975 -0.9642 0.1771
vn -0.1122 0.9836 0.1409
vn -0.5303 0.6360 0.5606
vn -0.1384 -0.9876 -0.0743
vn -0.0517 0.9925 -0.1112
vn -0.4061 0.7985 -0.4444
vn -0.1840 -0.0102 -0.9829
vn 0.1122 -0.9837 -0.1409
vn 0.5303 -0.6360 -0.5606
vn 0.0002 0.8514 0.5245
vn 0.3242 0.9127 -0.2487
vn -0.3355 0.9176 -0.2132
vn 0.0546 0.0326 -0.9980
vn -0.1988 0.6090 -0.7679
vn 0.4019 0.5324 -0.7450
vn -0.5558 0.5661 0.6088
vn -0.7887 0.5818 -0.1988
vn -0.9877 0.0550 0.1466
vn -0.3741 -0.2989 -0.8779
vn -0.8756 -0.1687 -0.4526
vn -0.6111 0.2989 -0.7330
vn -0.4500 0.0131 0.8929
vn -0.8306 -0.4610 0.3123
vn -0.3058 -0.7341 0.6063
vn -0.1747 -0.7549 -0.6322
vn -0.2922 -0.9564 -0.0037
vn -0.7208 -0.6323 -0.2839
vn 0.1714 -0.0433 0.9843
vn 0.2563 -0.7745 0.5783
vn 0.7678 -0.3592 0.5306
vn 0.3771 -0.7052 -0.6004
vn 0.7453 -0.6655 -0.0415
vn 0.2244 -0.9743 -0.0183
vn 0.4496 0.4748 0.7566
vn 0.9700 0.0745 0.2315
vn 0.7495 0.6616 0.0241
vn 0.5189 -0.2185 -0.8264
vn 0.8030 0.3020 -0.5138
vn 0.9183 -0.2545 -0.3033
vn 0.0315 0.9759 0.2158
vn 0.3537 0.7690 -0.5325
vn -0.3052 0.8074 -0.5050
vn 0.0510 -0.2989 -0.9529
vn -0.1816 0.3293 -0.9266
vn 0.4163 0.2444 -0.8758
vn -0.5335 0.7529 0.3853
vn -0.7694 0.5103 -0.3841
vn -0.9845 0.1332 0.1137
vn -0.3881 -0.5579 -0.7335
vn -0.8829 -0.2785 -0.3779
vn -0.6040 0.0618 -0.7946
vn -0.4452 0.3207 0.8360
vn -0.8443 -0.3047 0.4408
vn -0.3277 -0.4835 0.8117
vn -0.2032 -0.9143 -0.3503
vn -0.3244 -0.8941 0.3087
vn -0.7431 -0.6660 -0.0653
vn 0.1744 0.2766 0.9450
vn 0.2326 -0.5497 0.8023
vn 0.7576 -0.1905 0.6243
vn 0.3502 -0.8755 -0.3329
vn 0.7221 -0.6668 0.1844
vn 0.1912 -0.9332 0.3042
vn 0.4690 0.6816 0.5617
vn 0.9730 0.1138 0.2007
vn 0.7716 0.6073 -0.1895
vn 0.5073 -0.4952 -0.7053
vn 0.8104 0.0893 -0.5791
vn 0.9077 -0.3706 -0.1967
vn 0.0536 0.9985 -0.0058
vn 0.3100 0.6268 -0.7148
vn -0.3439 0.6851 -0.6422
vn -0.0316 -0.4998 -0.8656
vn -0.2587 0.1241 -0.9580
vn 0.3410 0.0389 -0.9393
vn -0.4957 0.8304 0.2543
vn -0.7974 0.4318 -0.4216
vn -0.9707 0.1768 0.1626
vn -0.4514 -0.6951 -0.5595
vn -0.9130 -0.3341 -0.2340
vn -0.6693 -0.0987 -0.7364
vn -0.3710 0.5046 0.7796
vn -0.8048 -0.1826 0.5647
vn -0.2592 -0.2882 0.9218
vn -0.2359 -0.9638 -0.1243
vn -0.3004 -0.7982 0.5221
vn -0.7486 -0.6474 0.1431
vn 0.2554 0.4713 0.8442
vn 0.2980 -0.3674 0.8810
vn 0.8073 -0.0673 0.5862
vn 0.3171 -0.9345 -0.1614
vn 0.7326 -0.6268 0.2654
vn 0.2128 -0.8489 0.4838
vn 0.5179 0.7766 0.3587
vn 0.9870 0.1329 0.0902
vn 0.7550 0.5342 -0.3804
vn 0.4434 -0.6478 -0.6195
vn 0.7584 -0.0568 -0.6493
vn 0.8862 -0.4247 -0.1851
vn -0.3439 -0.8492 -0.4009
vn 0.3580 -0.8491 -0.3883
vn -0.5702 0.3240 -0.7549
vn 0.0095 -0.8488 -0.5287
vn 0.4370 0.8612 0.2595
vn -0.0608 0.9072 -0.4163
vn -0.3693 0.9140 0.1678
vn -0.8285 0.0135 -0.5598
vn -0.7701 0.5946 -0.2308
vn -0.4407 0.5174 -0.7336
vn 0.2280 0.5786 0.7831
vn -0.5846 0.5794 0.5679
vn -0.3825 0.0597 0.9220
vn -0.9407 -0.3148 -0.1266
vn -0.8355 -0.1756 0.5207
vn -0.9473 0.2860 0.1444
vn 0.5345 0.0310 0.8446
vn -0.1517 -0.4533 0.8783
vn 0.3742 -0.7218 0.5822
vn -0.6205 -0.7664 -0.1661
vn -0.1386 -0.9557 0.2597
vn -0.6041 -0.6362 0.4798
vn 0.9330 -0.0249 0.3590
vn 0.6396 -0.7639 0.0860
vn 0.8551 -0.3505 -0.3820
vn -0.3104 -0.7173 -0.6238
vn 0.3575 -0.6676 -0.6531
vn 0.1145 -0.9749 -0.1908
vn 0.8727 0.4882 -0.0026
vn 0.6958 0.0770 -0.7141
vn 0.3956 0.6605 -0.6382
vn -0.4390 -0.2353 -0.8671
vn -0.0328 0.2906 -0.9563
vn 0.2155 -0.2620 -0.9407
vn -0.6243 0.7754 -0.0946
vn -0.8300 -0.5274 -0.1817
vn 0.2488 0.9627 0.1064
vn -0.2616 0.7992 -0.5412
vn -0.5520 0.8323 0.0512
vn -0.8240 -0.2456 -0.5105
vn -0.8839 0.3789 -0.2741
vn -0.5563 0.2947 -0.7769
vn 0.1160 0.7275 0.6763
vn -0.6825 0.5264 0.5071
vn -0.3668 0.1211 0.9224
vn -0.8544 -0.5188 -0.0284
vn -0.7676 -0.2623 0.5848
vn -0.9832 0.1022 0.1513
vn 0.5334 0.2716 0.8010
vn -0.0329 -0.3333 0.9422
vn 0.5317 -0.5294 0.6610
vn -0.4462 -0.8947 -0.0183
vn 0.0739 -0.9116 0.4043
vn -0.4443 -0.6656 0.5997
vn 0.9243 0.2251 0.3083
vn 0.7894 -0.5918 0.1629
vn 0.9018 -0.2204 -0.3716
vn -0.1636 -0.8538 -0.4942
vn 0.4776 -0.6718 -0.5662
vn 0.3156 -0.9475 -0.0514
vn 0.7483 0.6522 -0.1210
vn 0.6481 0.1081 -0.7539
vn 0.2321 0.6212 -0.7485
vn -0.3971 -0.4526 -0.7984
vn -0.1143 0.1258 -0.9854
vn 0.2464 -0.3540 -0.9022
vn -0.9786 0.2002 -0.0488
vn -0.6516 -0.0875 0.7535
vn -0.0023 0.9978 -0.0655
vn -0.4543 0.6040 -0.6548
vn -0.7442 0.6649 -0.0644
vn -0.7349 -0.5265 -0.4274
vn -0.9506 0.0944 -0.2956
vn -0.6119 0.0094 -0.7909
vn -0.0720 0.8382 0.5406
vn -0.7937 0.4189 0.4410
vn -0.3864 0.1823 0.9041
vn -0.6959 -0.7120 0.0943
vn -0.6772 -0.3407 0.6522
vn -0.9773 -0.1212 0.1736
vn 0.4469 0.5288 0.7215
vn 0.0513 -0.1645 0.9850
vn 0.6474 -0.2592 0.7167
vn -0.2060 -0.9671 0.1494
vn 0.3011 -0.7814 0.5466
vn -0.2626 -0.6422 0.7201
vn 0.8373 0.4973 0.2273
vn 0.9130 -0.3399 0.2254
vn 0.9286 -0.0495 -0.3677
vn 0.0576 -0.9393 -0.3382
vn 0.6322 -0.6187 -0.4664
vn 0.5445 -0.8336 0.0934
vn 0.5597 0.7871 -0.2591
vn 0.6006 0.1351 -0.7881
vn 0.0686 0.5217 -0.8504
vn -0.2693 -0.6670 -0.6947
vn -0.1414 -0.0774 -0.9869
vn 0.3286 -0.4308 -0.8405
vn 0.0194 0.9552 0.2955
vn -0.5770 0.3535 -0.7363
vn 0.2637 0.7296 0.6309
vn 0.2791 0.9552 -0.0990
vn 0.3262 0.8522 -0.4092
vn -0.4095 0.9123 -0.0068
vn 0.1282 0.9174 0.3769
vn -0.6653 0.0311 0.7459
vn -0.3243 0.6079 0.7248
vn -0.7794 0.5312 0.3321
vn 0.8136 0.5671 -0.1284
vn 0.4918 0.5816 0.6480
vn 0.8633 0.0554 0.5016
vn -0.2550 -0.3001 0.9192
vn 0.4022 -0.1693 0.8998
vn 0.0200 0.2979 0.9544
vn 0.9088 0.0145 -0.4171
vn 0.8445 -0.4604 0.2736
vn 0.6180 -0.7331 -0.2838
vn -0.2570 -0.7558 0.6023
vn 0.2271 -0.9563 0.1841
vn 0.3869 -0.6327 0.6709
vn 0.4801 -0.0419 -0.8762
vn 0.1613 -0.7737 -0.6127
vn -0.2687 -0.3585 -0.8940
vn -0.6686 -0.7062 0.2332
vn -0.6077 -0.6656 -0.4332
vn -0.1858 -0.9744 -0.1267
vn 0.1201 0.4758 -0.8713
vn -0.6137 0.0747 -0.7860
vn -0.5714 0.6615 -0.4857
vn -0.9209 -0.2199 0.3220
vn -0.9484 0.3011 -0.0990
vn -0.9066 -0.2551 -0.3361
vn 0.1440 0.9630 -0.2278
vn -0.5766 0.7986 0.1726
vn -0.0381 0.8318 0.5537
vn -0.6352 -0.2466 0.7319
vn -0.4119 0.3779 0.8292
vn -0.8559 0.2937 0.4255
vn 0.6856 0.7280 -0.0060
vn 0.3913 0.5260 0.7551
vn 0.8520 0.1214 0.5093
vn -0.1639 -0.5196 0.8385
vn 0.4551 -0.2626 0.8508
vn -0.0075 0.1014 0.9948
vn 0.8757 0.2726 -0.3987
vn 0.9252 -0.3328 0.1825
vn 0.7378 -0.5286 -0.4199
vn -0.0886 -0.8951 0.4369
vn 0.4116 -0.9113 -0.0092
vn 0.5217 -0.6656 0.5337
vn 0.4516 0.2261 -0.8631
vn 0.2872 -0.5910 -0.7538
vn -0.2229 -0.2198 -0.9497
vn -0.5134 -0.8542 0.0820
vn -0.4822 -0.6717 -0.5623
vn 0.0003 -0.9472 -0.3205
vn -0.0006 0.6528 -0.7575
vn -0.6409 0.1082 -0.7599
vn -0.7024 0.6210 -0.3480
vn -0.8512 -0.4534 0.2643
vn -0.9912 0.1251 -0.0442
vn -0.8511 -0.3544 -0.3874
vn -0.2043 0.1993 0.9584
vn 0.4818 -0.5248 0.7017
vn 0.6551 0.3199 -0.6845
vn -0.0615 0.9980 -0.0133
vn -0.7258 0.6075 0.3226
vn -0.1993 0.6680 0.7170
vn -0.5582 -0.5225 0.6445
vn -0.4668 0.0989 0.8788
vn -0.8908 0.0139 0.4543
vn 0.5205 0.8371 0.1684
vn 0.2872 0.4209 0.8604
vn 0.8172 0.1815 0.5471
vn -0.0390 -0.7095 0.7037
vn 0.5139 -0.3398 0.7877
vn -0.0114 -0.1178 0.9930
vn 0.7937 0.5252 -0.3068
vn 0.9769 -0.1673 0.1332
vn 0.8236 -0.2636 -0.5021
vn 0.1053 -0.9666 0.2335
vn 0.5905 -0.7840 -0.1916
vn 0.6567 -0.6430 0.3940
vn 0.3805 0.4934 -0.7821
vn 0.3900 -0.3441 -0.8541
vn -0.1889 -0.0522 -0.9806
vn -0.3247 -0.9386 -0.1163
vn -0.3429 -0.6199 -0.7058
vn 0.1902 -0.8359 -0.5148
vn -0.1481 0.7856 -0.6008
vn -0.6623 0.1347 -0.7370
vn -0.8211 0.5236 -0.2272
vn -0.7348 -0.6642 0.1377
vn -0.9963 -0.0743 -0.0442
vn -0.7662 -0.4299 -0.4776
vn 0.8762 -0.4185 0.2392
vn -0.0386 0.8778 -0.4775
vn -0.3073 0.8966 0.3187
vn 0.3481 0.9069 0.2372
vn 0.0158 -0.0202 0.9997
vn 0.2514 0.5689 0.7831
vn -0.3493 0.4904 0.7984
vn 0.5106 0.6003 -0.6156
vn 0.7997 0.5748 0.1733
vn 0.9748 0.0680 -0.2125
vn 0.4355 -0.3426 0.8325
vn 0.9056 -0.1876 0.3804
vn 0.6607 0.2632 0.7030
vn 0.3860 0.0624 -0.9204
vn 0.8073 -0.4395 -0.3938
vn 0.2636 -0.6996 -0.6642
vn 0.2201 -0.7861 0.5776
vn 0.2933 -0.9536 -0.0674
vn 0.7401 -0.6425 0.1988
vn -0.2402 0.0075 -0.9707
vn -0.2951 -0.7444 -0.5990
vn -0.8026 -0.3349 -0.4936
vn -0.3328 -0.7378 0.5873
vn -0.7394 -0.6707 0.0586
vn -0.2209 -0.9751 -0.0174
vn -0.5026 0.5115 -0.6970
vn -0.9840 0.0813 -0.1586
vn -0.7504 0.6579 0.0635
vn -0.4590 -0.2645 0.8482
vn -0.7653 0.2702 0.5842
vn -0.8942 -0.2750 0.3532
vn -0.9936 -0.0605 0.0950
vn -0.0546 0.9631 -0.2636
vn -0.2950 0.7984 0.5249
vn 0.3572 0.8317 0.4252
vn 0.0511 -0.2469 0.9677
vn 0.2795 0.3776 0.8828
vn -0.3204 0.2934 0.9007
vn 0.4891 0.7282 -0.4802
vn 0.8059 0.5260 0.2717
vn 0.9667 0.1214 -0.2251
vn 0.4643 -0.5199 0.7170
vn 0.9183 -0.2627 0.2961
vn 0.6854 0.1011 0.7211
vn 0.3533 0.2729 -0.8948
vn 0.7925 -0.3326 -0.5112
vn 0.2393 -0.5283 -0.8147
vn 0.2396 -0.8953 0.3756
vn 0.2898 -0.9112 -0.2927
vn 0.7460 -0.6656 0.0216
vn -0.2744 0.2264 -0.9346
vn -0.3168 -0.5908 -0.7420
vn -0.8199 -0.2196 -0.5287
vn -0.3125 -0.8544 0.4152
vn -0.7375 -0.6717 -0.0700
vn -0.2224 -0.9472 -0.2312
vn -0.5265 0.6530 -0.5445
vn -0.9889 0.1082 -0.1017
vn -0.7470 0.6209 0.2376
vn -0.4290 -0.4537 0.7811
vn -0.7439 0.1248 0.6565
vn -0.8814 -0.3545 0.3122
vn 0.8340 -0.5248 0.1702
vn -0.8326 -0.5248 0.1771
vn -0.0544 0.9984 0.0150
vn -0.3364 0.6187 0.7099
vn 0.3198 0.6779 0.6619
vn 0.0002 -0.5094 0.8605
vn 0.2233 0.1135 0.9681
vn -0.3752 0.0284 0.9265
vn 0.5042 0.8333 -0.2267
vn 0.7811 0.4272 0.4553
vn 0.9759 0.1788 -0.1250
vn 0.4310 -0.7012 0.5679
vn 0.9041 -0.3365 0.2635
vn 0.6420 -0.1068 0.7593
vn 0.3990 0.5133 -0.7598
vn 0.8251 -0.1762 -0.5369
vn 0.2930 -0.2779 -0.9149
vn 0.2317 -0.9651 0.1221
vn 0.3198 -0.7923 -0.5196
vn 0.7537 -0.6456 -0.1228
vn -0.2246 0.4807 -0.8476
vn -0.2653 -0.3576 -0.8954
vn -0.7853 -0.0609 -0.6161
vn -0.3223 -0.9363 0.1393
vn -0.7220 -0.6240 -0.2990
vn -0.1944 -0.8435 -0.5007
vn -0.5048 0.7805 -0.3688
vn -0.9831 0.1337 -0.1248
vn -0.7687 0.5298 0.3584
vn -0.4654 -0.6547 0.5956
vn -0.7816 -0.0642 0.6205
vn -0.8921 -0.4270 0.1478
vn 0.2494 0.3712 0.8945
vn 0.4132 0.7182 -0.5599
vn 0.8183 -0.4251 -0.3869
vn -0.3498 0.7182 -0.6016
vn -0.3894 0.8806 -0.2701
vn 0.0549 0.8947 0.4433
vn 0.4084 0.9056 -0.1147
vn 0.7820 -0.0261 0.6227
vn 0.7670 0.5643 0.3055
vn 0.3969 0.4856 0.7789
vn -0.1484 0.6040 -0.7831
vn 0.6444 0.5739 -0.5053
vn 0.4554 0.0694 -0.8876
vn 0.9180 -0.3474 0.1911
vn 0.8682 -0.1896 -0.4585
vn 0.9638 0.2592 -0.0627
vn -0.4654 0.0679 -0.8825
vn 0.2067 -0.4370 -0.8754
vn -0.3486 -0.6956 -0.6282
vn 0.5824 -0.7894 0.1939
vn 0.1300 -0.9532 -0.2730
vn 0.6208 -0.6435 -0.4478
vn -0.9022 0.0132 -0.4310
vn -0.6533 -0.7409 -0.1554
vn -0.8925 -0.3322 0.3051
vn 0.2390 -0.7413 0.6272
vn -0.4274 -0.6712 0.6057
vn -0.1581 -0.9751 0.1558
vn -0.8553 0.5155 -0.0525
vn -0.7471 0.0821 0.6596
vn -0.4247 0.6574 0.6225
vn 0.3623 -0.2695 0.8922
vn -0.0337 0.2667 0.9632
vn -0.2964 -0.2772 0.9139
vn 0.9177 0.3790 0.1194
vn 0.6378 0.7527 0.1630
vn 0.2388 0.3790 0.8941
vn -0.1850 0.9770 -0.1059
vn 0.2001 0.7660 0.6109
vn 0.5882 0.8049 0.0777
vn 0.7137 -0.3038 0.6312
vn 0.8400 0.3246 0.4349
vn 0.4282 0.2397 0.8713
vn 0.0325 0.7552 -0.6547
vn 0.7811 0.5087 -0.3621
vn 0.5233 0.1343 -0.8415
vn 0.8138 -0.5615 0.1499
vn 0.8438 -0.2800 -0.4578
vn 0.9981 0.0581 0.0209
vn -0.3770 0.3253 -0.8672
vn 0.1783 -0.3020 -0.9365
vn -0.4339 -0.4792 -0.7630
vn 0.3973 -0.9160 0.0553
vn -0.0434 -0.8924 -0.4492
vn 0.5106 -0.6659 -0.5439
vn -0.8477 0.2814 -0.4498
vn -0.7751 -0.5457 -0.3185
vn -0.9606 -0.1877 0.2048
vn 0.0399 -0.8774 0.4781
vn -0.5957 -0.6662 0.4487
vn -0.3605 -0.9318 -0.0427
vn -0.7290 0.6842 0.0207
vn -0.7616 0.1143 0.6378
vn -0.3289 0.6059 0.7244
vn 0.2354 -0.4990 0.8340
vn -0.0497 0.0859 0.9951
vn -0.4115 -0.3721 0.8320
vn 0.1602 -0.7454 0.6471
vn 0.0053 0.9971 0.0754
vn 0.3716 0.5925 0.7147
vn 0.7370 0.6547 0.1679
vn 0.6664 -0.5396 0.5145
vn 0.9048 0.0796 0.4184
vn 0.5031 -0.0052 0.8642
vn 0.1520 0.8418 -0.5180
vn 0.8495 0.4123 -0.3291
vn 0.5036 0.1850 -0.8439
vn 0.6938 -0.7201 -0.0096
vn 0.7527 -0.3439 -0.5614
vn 0.9902 -0.1324 -0.0455
vn -0.3423 0.5407 -0.7684
vn 0.0763 -0.1554 -0.9849
vn -0.5510 -0.2447 -0.7978
vn 0.2125 -0.9684 -0.1309
vn -0.2360 -0.7728 -0.5892
vn 0.3471 -0.6394 -0.6860
vn -0.7944 0.5100 -0.3299
vn -0.8796 -0.3262 -0.3464
vn -0.9693 -0.0406 0.2425
vn -0.1124 -0.9413 0.3183
vn -0.6951 -0.6144 0.3734
vn -0.5373 -0.8256 -0.1722
vn -0.5796 0.7921 0.1916
vn -0.6970 0.1361 0.7040
vn -0.1733 0.5153 0.8393
vn 0.1681 -0.6763 0.7172
vn 0.0100 -0.0876 0.9961
vn -0.4409 -0.4337 0.7858
vn 0.9827 -0.0742 0.1695
vn -0.3707 0.8747 0.3122
vn 0.4333 0.8987 0.0678
vn -0.0143 0.9084 -0.4179
vn 0.8041 -0.0138 -0.5943
vn 0.4878 0.5738 -0.6579
vn 0.8501 0.4955 -0.1784
vn -0.8009 0.5962 -0.0552
vn -0.3272 0.5757 -0.7493
vn -0.7402 0.0664 -0.6691
vn 0.4257 -0.3374 -0.8396
vn -0.2163 -0.1853 -0.9586
vn 0.1862 0.2676 -0.9454
vn -0.9735 0.0564 0.2215
vn -0.7876 -0.4421 -0.4293
vn -0.6899 -0.7039 0.1693
vn 0.3460 -0.7824 -0.5177
vn -0.2203 -0.9541 -0.2028
vn -0.2653 -0.6414 -0.7199
vn -0.6500 0.0014 0.7600
vn -0.3117 -0.7482 0.5857
vn 0.0671 -0.3379 0.9388
vn 0.6752 -0.7340 -0.0735
vn 0.4813 -0.6702 0.5650
vn 0.1195 -0.9752 0.1864
vn -0.2774 0.5071 0.8160
vn 0.4429 0.0805 0.8930
vn 0.4846 0.6585 0.5758
vn 0.9583 -0.2589 -0.1208
vn 0.9189 0.2741 0.2838
vn 0.8089 -0.2725 0.5210
vn 0.3148 0.7599 -0.5687
vn -0.2209 -0.4697 -0.8548
vn 0.4055 0.8200 0.4040
vn -0.1858 0.9628 0.1963
vn 0.5985 0.7990 -0.0580
vn 0.1434 0.8322 -0.5357
vn 0.7644 -0.2458 -0.5960
vn 0.5635 0.3786 -0.7342
vn 0.9217 0.2945 -0.2526
vn -0.6744 0.7276 -0.1257
vn -0.2390 0.5263 -0.8160
vn -0.7381 0.1212 -0.6637
vn 0.3227 -0.5190 -0.7915
vn -0.2826 -0.2623 -0.9227
vn 0.1989 0.1020 -0.9747
vn -0.9362 0.2718 0.2227
vn -0.8725 -0.3332 -0.3574
vn -0.8044 -0.5292 0.2698
vn 0.1717 -0.8948 -0.4121
vn -0.4050 -0.9116 -0.0707
vn -0.4087 -0.6656 -0.6245
vn -0.6095 0.2253 0.7601
vn -0.4265 -0.5916 0.6841
vn 0.0360 -0.2202 0.9748
vn 0.5201 -0.8539 0.0180
vn 0.3654 -0.6718 0.6443
vn -0.0614 -0.9474 0.3140
vn -0.1457 0.6523 0.7438
vn 0.4826 0.1081 0.8692
vn 0.6218 0.6211 0.4770
vn 0.8865 -0.4528 -0.0957
vn 0.9640 0.1256 0.2343
vn 0.7608 -0.3541 0.5438
vn 0.4326 0.6046 -0.6688
vn 0.0563 0.9981 0.0245
vn 0.7649 0.6099 -0.2074
vn 0.3042 0.6701 -0.6771
vn 0.6510 -0.5198 -0.5532
vn 0.5946 0.1019 -0.7975
vn 0.9494 0.0169 -0.3136
vn -0.4910 0.8363 -0.2439
vn -0.1543 0.4222 -0.8933
vn -0.7251 0.1809 -0.6645
vn 0.1472 -0.7078 -0.6909
vn -0.3874 -0.3391 -0.8573
vn 0.1624 -0.1155 -0.9799
vn -0.8325 0.5227 0.1837
vn -0.9449 -0.1691 -0.2804
vn -0.8897 -0.2666 0.3706
vn -0.0662 -0.9663 -0.2486
vn -0.6107 -0.7858 0.0982
vn -0.5876 -0.6436 -0.4905
vn -0.4962 0.4907 0.7162
vn -0.5144 -0.3469 0.7843
vn 0.0378 -0.0540 0.9978
vn 0.3057 -0.9382 0.1624
vn 0.2332 -0.6208 0.7485
vn -0.2640 -0.8375 0.4784
vn 0.0531 0.7845 0.6178
vn 0.5423 0.1345 0.8293
vn 0.7757 0.5249 0.3503
vn 0.7489 -0.6622 -0.0258
vn 0.9782 -0.0722 0.1949
vn 0.6858 -0.4293 0.5876
vn 0.0863 -0.8581 -0.5062
vn -0.8286 -0.4199 -0.3704
vn -0.7751 -0.2302 0.5884
vn 0.5107 -0.8581 0.0529
vn 0.0444 -0.9887 -0.1431
vn 0.1264 -0.8073 -0.5765
vn 0.2645 -0.9355 -0.2342
vn 0.0623 0.9257 -0.3731
vn 0.0175 0.9998 0.0012
vn 0.2334 0.9656 -0.1150
vn 0.0422 -0.9991 0.0026
vn 0.2406 -0.9597 0.1452
vn 0.0373 -0.9245 0.3794
vn 0.0014 0.9893 0.1460
vn 0.0322 0.8092 0.5867
vn 0.2095 0.9414 0.2645
vn -0.0095 -0.9918 -0.1275
vn -0.2095 -0.9413 -0.2645
vn -0.0078 -0.8706 -0.4920
vn -0.0340 0.9992 -0.0213
vn -0.0598 0.8747 -0.4810
vn -0.2406 0.9597 -0.1452
vn -0.0117 -0.9998 0.0184
vn -0.0988 -0.8766 0.4709
vn -0.2334 -0.9656 0.1150
vn -0.0501 0.9911 0.1237
vn -0.2645 0.9355 0.2342
vn -0.0917 0.8693 0.4857
vn 0.1555 0.9852 0.0726
vn -0.0125 -0.9263 0.3767
vn -0.1554 -0.9852 -0.0726
vn -0.1877 0.9809 0.0507
vn 0.0125 0.9262 -0.3767
vn 0.7231 -0.0075 -0.6907
vn 0.3964 0.0346 -0.9174
vn 0.9505 0.1183 -0.2875
vn 0.3138 0.0520 -0.9481
vn 0.6930 0.1983 -0.6931
vn 0.9188 0.1425 -0.3680
vn 0.6986 0.0050 0.7155
vn 0.9092 0.1245 0.3973
vn 0.2855 0.0355 0.9577
vn 0.6686 0.2108 0.7131
vn 0.3607 0.0760 0.9296
vn 0.9350 0.1571 0.3179
vn -0.6686 -0.2107 -0.7132
vn -0.9055 -0.1494 -0.3971
vn -0.2807 -0.0690 -0.9573
vn -0.6986 -0.0050 -0.7155
vn -0.3644 -0.0511 -0.9298
vn -0.9399 -0.1237 -0.3182
vn -0.6930 -0.1982 0.6932
vn -0.3928 -0.0595 0.9177
vn -0.9456 -0.1517 0.2879
vn -0.7231 0.0075 0.6907
vn -0.9224 -0.1176 0.3678
vn -0.3186 -0.0185 0.9477
vn 0.3947 0.0471 -0.9176
vn 0.3627 0.0636 0.9298
vn 0.9075 0.1369 0.3972
vn -0.9207 -0.1301 0.3680
vn -0.9074 -0.1369 -0.3973
vn 0.0553 -0.9935 -0.0992
vn 0.1020 -0.8968 -0.4306
vn 0.1737 -0.9700 -0.1699
vn 0.0044 0.9631 -0.2690
vn -0.0230 0.9997 0.0012
vn 0.0938 0.9920 -0.0842
vn 0.0539 -0.9985 0.0005
vn 0.1601 -0.9823 0.0975
vn 0.0501 -0.9610 0.2719
vn -0.0316 0.9944 0.1004
vn -0.0124 0.9002 0.4353
vn 0.0801 0.9798 0.1832
vn 0.0273 -0.9958 -0.0875
vn -0.0801 -0.9798 -0.1832
vn 0.0271 -0.9346 -0.3547
vn -0.0496 0.9987 -0.0134
vn -0.0622 0.9327 -0.3553
vn -0.1601 0.9823 -0.0975
vn 0.0258 -0.9996 0.0121
vn -0.0273 -0.9362 0.3505
vn -0.0937 -0.9920 0.0842
vn -0.0583 0.9946 0.0859
vn -0.1737 0.9700 0.1699
vn -0.0816 0.9325 0.3518
vn 0.0562 -0.9975 -0.0428
vn -0.0252 0.9987 0.0444
vn -0.0561 0.9975 0.0428
vn -0.1304 0.9907 0.0387
vn -0.0377 0.9992 -0.0128
vn -0.0228 0.9624 -0.2705
vn 0.0490 -0.9985 0.0241
vn 0.0991 -0.9434 -0.3164
vn 0.1681 -0.9846 -0.0479
vn 0.0136 0.9227 -0.3852
vn -0.0158 0.9924 -0.1218
vn 0.1016 0.9736 -0.2045
vn 0.0467 -0.9912 0.1236
vn 0.1521 -0.9638 0.2188
vn 0.0409 -0.9206 0.3883
vn -0.0252 0.9994 -0.0228
vn -0.0096 0.9469 0.3214
vn 0.0857 0.9944 0.0622
vn 0.0209 -0.9991 0.0357
vn -0.0857 -0.9944 -0.0622
vn 0.0233 -0.9712 -0.2370
vn -0.0423 0.9898 -0.1363
vn -0.0526 0.8823 -0.4677
vn -0.1522 0.9638 -0.2189
vn 0.0186 -0.9907 0.1350
vn -0.0369 -0.8858 0.4626
vn -0.1015 -0.9736 0.2045
vn -0.0518 0.9980 -0.0374
vn -0.1679 0.9846 0.0479
vn -0.0778 0.9691 0.2339
vn 0.0494 -0.9955 0.0805
vn 0.1237 -0.9887 0.0844
vn -0.0506 0.9706 0.2355
vn -0.0563 -0.9956 0.0743
vn 0.0506 -0.9705 -0.2356
vt 0.003669 0.500000
vt 0.000000 1.000000
vt 0.000000 0.500075
vt 1.000000 1.000000
vt 0.996331 0.500000
vt 1.000000 0.500075
vt 0.885220 0.500000
vt 0.888889 1.000000
vt 0.884827 1.000000
vt 0.892557 0.500000
vt 0.892950 1.000000
vt 0.774109 0.500000
vt 0.777778 1.000000
vt 0.773716 1.000000
vt 0.781446 0.500000
vt 0.781839 1.000000
vt 0.662998 0.500000
vt 0.666667 1.000000
vt 0.662605 1.000000
vt 0.670335 0.500000
vt 0.670728 1.000000
vt 0.551887 0.500000
vt 0.555556 1.000000
vt 0.551494 1.000000
vt 0.559224 0.500000
vt 0.559617 1.000000
vt 0.440776 0.500000
vt 0.444445 1.000000
vt 0.440383 1.000000
vt 0.448113 0.500000
vt 0.448506 1.000000
vt 0.329665 0.500000
vt 0.333333 1.000000
vt 0.329272 1.000000
vt 0.337002 0.500000
vt 0.337395 1.000000
vt 0.218554 0.500000
vt 0.222222 1.000000
vt 0.218161 1.000000
vt 0.225891 0.500000
vt 0.226284 1.000000
vt 0.107443 0.500000
vt 0.111111 1.000000
vt 0.107050 1.000000
vt 0.114780 0.500000
vt 0.115173 1.000000
vt 0.995938 1.000000
vt 0.750000 0.481487
vt 0.749069 0.489661
vt 0.755209 0.488104
vt 0.000000 0.505666
vt 0.003752 0.500000
vt 0.005480 0.505546
vt 0.996248 0.500000
vt 1.000000 0.505666
vt 0.994520 0.505546
vt 0.250000 0.479483
vt 0.250975 0.489645
vt 0.243766 0.487731
vt 1.000000 0.994575
vt 0.995510 1.000000
vt 0.993392 0.994454
vt 0.004490 1.000000
vt 0.000000 0.994575
vt 0.006608 0.994454
vt 0.898797 0.427329
vt 0.903338 0.434189
vt 0.907041 0.429050
vt 0.888889 0.505666
vt 0.892641 0.500000
vt 0.894369 0.505546
vt 0.885137 0.500000
vt 0.883409 0.505546
vt 0.397509 0.425795
vt 0.404788 0.432952
vt 0.398035 0.436119
vt 0.888889 0.994574
vt 0.884399 1.000000
vt 0.882281 0.994454
vt 0.893379 1.000000
vt 0.895497 0.994454
vt 0.977970 0.290197
vt 0.985859 0.292533
vt 0.985391 0.286216
vt 0.777778 0.505666
vt 0.781530 0.500000
vt 0.783258 0.505546
vt 0.774026 0.500000
vt 0.772298 0.505546
vt 0.475997 0.289849
vt 0.486174 0.290653
vt 0.483037 0.297421
vt 0.777778 0.994574
vt 0.773288 1.000000
vt 0.771170 0.994454
vt 0.782268 1.000000
vt 0.784386 0.994454
vt 0.950473 0.134257
vt 0.958018 0.130975
vt 0.953599 0.126437
vt 0.666667 0.505666
vt 0.670419 0.500000
vt 0.672146 0.505546
vt 0.662915 0.500000
vt 0.661187 0.505546
vt 0.448738 0.135258
vt 0.457051 0.129333
vt 0.458998 0.136533
vt 0.666667 0.994575
vt 0.662177 1.000000
vt 0.660059 0.994454
vt 0.671156 1.000000
vt 0.673274 0.994454
vt 0.829173 0.032474
vt 0.832843 0.025110
vt 0.826541 0.024474
vt 0.555556 0.505666
vt 0.559307 0.500000
vt 0.561035 0.505546
vt 0.551804 0.500000
vt 0.550076 0.505546
vt 0.328488 0.034356
vt 0.331047 0.024474
vt 0.337166 0.028738
vt 0.555556 0.994575
vt 0.551066 1.000000
vt 0.548948 0.994454
vt 0.560045 1.000000
vt 0.562163 0.994454
vt 0.670827 0.032474
vt 0.668905 0.024474
vt 0.663669 0.028037
vt 0.444444 0.505666
vt 0.448196 0.500000
vt 0.449924 0.505546
vt 0.440693 0.500000
vt 0.438965 0.505546
vt 0.171512 0.034356
vt 0.167120 0.025141
vt 0.174549 0.024474
vt 0.444445 0.994575
vt 0.439955 1.000000
vt 0.437837 0.994454
vt 0.448934 1.000000
vt 0.451052 0.994454
vt 0.549527 0.134257
vt 0.542913 0.129363
vt 0.541191 0.135459
vt 0.333333 0.505666
vt 0.337085 0.500000
vt 0.338813 0.505546
vt 0.329581 0.500000
vt 0.327854 0.505546
vt 0.051262 0.135258
vt 0.041974 0.131022
vt 0.047236 0.125736
vt 0.333333 0.994575
vt 0.328844 1.000000
vt 0.326726 0.994454
vt 0.337823 1.000000
vt 0.339941 0.994454
vt 0.522030 0.290197
vt 0.513818 0.290700
vt 0.516418 0.296476
vt 0.222222 0.505666
vt 0.225974 0.500000
vt 0.227702 0.505546
vt 0.218470 0.500000
vt 0.216742 0.505546
vt 0.024003 0.289849
vt 0.014165 0.292574
vt 0.014798 0.285143
vt 0.222222 0.994574
vt 0.217733 1.000000
vt 0.215615 0.994454
vt 0.226712 1.000000
vt 0.228830 0.994454
vt 0.601203 0.427329
vt 0.595236 0.432993
vt 0.600940 0.435747
vt 0.111111 0.505666
vt 0.114863 0.500000
vt 0.116591 0.505546
vt 0.107359 0.500000
vt 0.105631 0.505546
vt 0.102491 0.425794
vt 0.096706 0.434206
vt 0.092414 0.428106
vt 0.111111 0.994574
vt 0.106621 1.000000
vt 0.104503 0.994454
vt 0.115601 1.000000
vt 0.117719 0.994454
vt 0.899060 0.435747
vt 0.256234 0.487731
vt 0.983582 0.296476
vt 0.407586 0.428106
vt 0.958809 0.135459
vt 0.485202 0.285143
vt 0.836331 0.028037
vt 0.673459 0.024474
vt 0.546400 0.126437
vt 0.162833 0.028738
vt 0.041002 0.136533
vt 0.016963 0.297421
vt 0.744791 0.488104
vt 0.101965 0.436119
vt 0.128500 0.746500
vt 0.126479 0.750000
vt 0.125000 0.746500
vt 0.378500 0.996500
vt 0.376479 1.000000
vt 0.375000 0.996500
vt 0.375000 0.003500
vt 0.378500 0.000000
vt 0.378500 0.003500
vt 0.621500 0.996500
vt 0.625000 0.998521
vt 0.621500 1.000000
vt 0.871500 0.746500
vt 0.875000 0.748521
vt 0.871500 0.750000
vt 0.621500 0.000000
vt 0.625000 0.003500
vt 0.621500 0.003500
vt 0.128500 0.503500
vt 0.125000 0.501479
vt 0.128500 0.500000
vt 0.378500 0.250000
vt 0.375000 0.246500
vt 0.378500 0.246500
vt 0.378500 0.253500
vt 0.375740 0.250740
vt 0.871500 0.503500
vt 0.873521 0.500000
vt 0.875000 0.503500
vt 0.621500 0.253500
vt 0.624260 0.249260
vt 0.625000 0.253500
vt 0.625000 0.246500
vt 0.621500 0.250000
vt 0.621500 0.246500
vt 0.371500 0.746500
vt 0.375493 0.750000
vt 0.373250 0.751750
vt 0.378500 0.750000
vt 0.375000 0.746500
vt 0.378500 0.746500
vt 0.378500 0.753500
vt 0.628500 0.746500
vt 0.625000 0.749507
vt 0.625000 0.746500
vt 0.621500 0.753500
vt 0.626750 0.751750
vt 0.621500 0.750000
vt 0.621500 0.746500
vt 0.371500 0.503500
vt 0.375000 0.500493
vt 0.375000 0.503500
vt 0.378500 0.496500
vt 0.373250 0.498250
vt 0.378500 0.500000
vt 0.378500 0.503500
vt 0.628500 0.503500
vt 0.624507 0.500000
vt 0.626750 0.498250
vt 0.621500 0.500000
vt 0.625000 0.503500
vt 0.621500 0.503500
vt 0.621500 0.496500
vt 0.125000 0.503500
vt 0.378500 1.000000
vt 0.875000 0.746500
vt 0.375000 0.253500
vt 0.871500 0.500000
vt 0.128500 0.750000
vt 0.128500 0.503500
vt 0.621500 0.253500
vt 0.621500 0.246500
vt 0.378500 0.746500
vt 0.378500 0.753500
vt 0.621500 0.753500
vt 0.628500 0.503500
vt 0.626750 0.498250
vt 0.625000 0.996500
vt 0.378500 0.250000
vt 0.871500 0.503500
vt 0.621500 0.496500
vt 0.871500 0.746500
vt 0.378500 0.253500
vt 0.625000 0.746500
vt 0.621500 0.746500
vt 0.371500 0.503500
vt 0.750000 0.448468
vt 0.740852 0.483353
vt 0.775949 0.471147
vt 0.024874 0.547390
vt 0.000000 0.523552
vt 0.022737 0.500000
vt 0.975126 0.547390
vt 0.991984 0.500000
vt 1.000000 0.549694
vt 0.250000 0.436981
vt 0.259149 0.483353
vt 0.218626 0.467205
vt 0.970896 0.952610
vt 1.000000 0.983494
vt 0.972510 1.000000
vt 0.029104 0.952610
vt 0.008017 1.000000
vt 0.000000 0.954914
vt 0.938754 0.311330
vt 0.969105 0.330811
vt 0.968342 0.293659
vt 0.824874 0.547390
vt 0.795992 0.511776
vt 0.822737 0.500000
vt 0.775126 0.547390
vt 0.800000 0.549694
vt 0.427829 0.307780
vt 0.474759 0.313408
vt 0.446879 0.346959
vt 0.770896 0.952610
vt 0.804008 0.991747
vt 0.772509 1.000000
vt 0.829104 0.952610
vt 0.800000 0.954914
vt 0.866657 0.089436
vt 0.894563 0.066590
vt 0.858993 0.055836
vt 0.624874 0.547390
vt 0.595992 0.511776
vt 0.622737 0.500000
vt 0.575126 0.547390
vt 0.600000 0.549694
vt 0.359904 0.098730
vt 0.379759 0.055836
vt 0.403052 0.092718
vt 0.570896 0.952610
vt 0.604008 0.991747
vt 0.572509 1.000000
vt 0.629104 0.952610
vt 0.600000 0.954914
vt 0.633343 0.089436
vt 0.620239 0.055836
vt 0.599020 0.086341
vt 0.424874 0.547390
vt 0.395992 0.511776
vt 0.422737 0.500000
vt 0.375126 0.547390
vt 0.400000 0.549694
vt 0.140096 0.098730
vt 0.105437 0.066592
vt 0.147712 0.055836
vt 0.370896 0.952610
vt 0.404008 0.991747
vt 0.372509 1.000000
vt 0.429104 0.952610
vt 0.400000 0.954914
vt 0.561246 0.311330
vt 0.525241 0.313410
vt 0.547696 0.343017
vt 0.224874 0.547390
vt 0.195992 0.511776
vt 0.222737 0.500000
vt 0.175126 0.547390
vt 0.200000 0.549694
vt 0.072171 0.307780
vt 0.030896 0.330812
vt 0.033730 0.287282
vt 0.170896 0.952610
vt 0.204008 0.991747
vt 0.172509 1.000000
vt 0.229104 0.952610
vt 0.200000 0.954915
vt 0.977263 0.500000
vt 0.827491 1.000000
vt 0.281374 0.467205
vt 0.000000 0.549694
vt 1.000000 0.954914
vt 0.777263 0.500000
vt 0.627491 1.000000
vt 0.577263 0.500000
vt 0.427491 1.000000
vt 0.352288 0.055836
vt 0.377263 0.500000
vt 0.531658 0.293659
vt 0.227491 1.000000
vt 0.096948 0.092718
vt 0.177263 0.500000
vt 0.724051 0.471147
vt 0.027491 1.000000
vt 0.053121 0.346959
vt 0.750000 0.436981
vt 0.738321 0.481515
vt 0.783127 0.465932
vt 0.031929 0.547390
vt 0.000000 0.523552
vt 0.029026 0.500000
vt 0.968071 0.547390
vt 0.989767 0.500000
vt 0.250000 0.416708
vt 0.262648 0.480811
vt 0.206630 0.458490
vt 0.960062 0.952610
vt 0.961998 1.000000
vt 0.039938 0.952610
vt 0.011082 1.000000
vt 0.000000 0.954914
vt 0.927829 0.307780
vt 0.966575 0.332649
vt 0.965600 0.285221
vt 0.831928 0.547390
vt 0.794884 0.511776
vt 0.829026 0.500000
vt 0.768071 0.547390
vt 0.800000 0.549694
vt 0.408549 0.301516
vt 0.473423 0.309296
vt 0.434883 0.355674
vt 0.760062 0.952610
vt 0.805541 0.991747
vt 0.761998 1.000000
vt 0.839938 0.952610
vt 0.800000 0.954914
vt 0.859904 0.098730
vt 0.895529 0.069565
vt 0.850122 0.055836
vt 0.631928 0.547390
vt 0.594884 0.511776
vt 0.629026 0.500000
vt 0.568072 0.547390
vt 0.600000 0.549694
vt 0.347989 0.115130
vt 0.375435 0.055836
vt 0.407634 0.106821
vt 0.560062 0.952610
vt 0.605541 0.991747
vt 0.561998 1.000000
vt 0.639938 0.952610
vt 0.600000 0.954914
vt 0.640096 0.098730
vt 0.623367 0.055836
vt 0.596278 0.094779
vt 0.431929 0.547390
vt 0.394884 0.511776
vt 0.429026 0.500000
vt 0.368072 0.547390
vt 0.400000 0.549694
vt 0.152011 0.115130
vt 0.104101 0.070704
vt 0.162540 0.055836
vt 0.360062 0.952610
vt 0.405541 0.991747
vt 0.361998 1.000000
vt 0.439938 0.952610
vt 0.400000 0.954914
vt 0.572171 0.307780
vt 0.526207 0.310435
vt 0.554873 0.348232
vt 0.231929 0.547390
vt 0.194884 0.511776
vt 0.229026 0.500000
vt 0.168072 0.547390
vt 0.091451 0.301516
vt 0.034394 0.333353
vt 0.038312 0.273179
vt 0.160062 0.952610
vt 0.205541 0.991747
vt 0.161998 1.000000
vt 0.239938 0.952610
vt 0.970974 0.500000
vt 0.945127 0.348232
vt 0.838002 1.000000
vt 0.293370 0.458490
vt 0.000000 0.549694
vt 1.000000 0.954914
vt 0.770974 0.500000
vt 0.903722 0.094779
vt 0.638002 1.000000
vt 0.570974 0.500000
vt 0.438002 1.000000
vt 0.337460 0.055836
vt 0.370974 0.500000
vt 0.238002 1.000000
vt 0.092366 0.106821
vt 0.170974 0.500000
vt 0.716873 0.465932
vt 0.038002 1.000000
vt 0.750000 0.416708
vt 0.733856 0.478271
vt 0.795793 0.456730
vt 0.044475 0.547390
vt 0.040125 0.500000
vt 0.955525 0.547390
vt 0.985854 0.500000
vt 1.000000 0.549694
vt 0.250000 0.371337
vt 0.270477 0.475122
vt 0.179782 0.438983
vt 0.936185 0.952610
vt 0.938473 1.000000
vt 0.063816 0.952610
vt 0.017943 1.000000
vt 0.000000 0.954914
vt 0.908549 0.301516
vt 0.962110 0.335893
vt 0.960762 0.270331
vt 0.844475 0.547390
vt 0.792927 0.511776
vt 0.840125 0.500000
vt 0.755525 0.547390
vt 0.365399 0.287495
vt 0.470432 0.300092
vt 0.408035 0.375181
vt 0.736184 0.952610
vt 0.808971 0.991747
vt 0.738473 1.000000
vt 0.863815 0.952610
vt 0.800000 0.954914
vt 0.847989 0.115130
vt 0.897235 0.074814
vt 0.834465 0.055836
vt 0.644475 0.547390
vt 0.592927 0.511776
vt 0.640125 0.500000
vt 0.555525 0.547390
vt 0.321320 0.151836
vt 0.365757 0.055836
vt 0.417889 0.138382
vt 0.536185 0.952610
vt 0.608971 0.991747
vt 0.538473 1.000000
vt 0.663815 0.952610
vt 0.600000 0.954914
vt 0.652011 0.115130
vt 0.628886 0.055836
vt 0.591440 0.109669
vt 0.444475 0.547390
vt 0.392927 0.511776
vt 0.440125 0.500000
vt 0.355525 0.547390
vt 0.400000 0.549694
vt 0.178680 0.151836
vt 0.101110 0.079908
vt 0.195726 0.055836
vt 0.336185 0.952610
vt 0.408971 0.991747
vt 0.338473 1.000000
vt 0.463816 0.952610
vt 0.400000 0.954914
vt 0.591451 0.301516
vt 0.527913 0.305186
vt 0.567539 0.357435
vt 0.244475 0.547390
vt 0.192927 0.511776
vt 0.240125 0.500000
vt 0.155525 0.547390
vt 0.200000 0.549694
vt 0.134601 0.287495
vt 0.042224 0.339042
vt 0.048567 0.241618
vt 0.136185 0.952610
vt 0.208971 0.991747
vt 0.138473 1.000000
vt 0.263816 0.952610
vt 0.200000 0.954914
vt 0.959875 0.500000
vt 0.932461 0.357435
vt 0.861527 1.000000
vt 1.000000 0.954914
vt 0.759875 0.500000
vt 0.908560 0.109669
vt 0.661527 1.000000
vt 0.451433 0.241618
vt 0.559875 0.500000
vt 0.665535 0.055836
vt 0.461527 1.000000
vt 0.304274 0.055836
vt 0.359875 0.500000
vt 0.539238 0.270331
vt 0.261527 1.000000
vt 0.159875 0.500000
vt 0.061527 1.000000
vt 0.091965 0.375181
vt 0.750000 0.448468
vt 0.975126 0.547390
vt 0.250000 0.436981
vt 0.970896 0.952610
vt 0.938754 0.311330
vt 0.824874 0.547390
vt 0.800000 0.549694
vt 0.427829 0.307780
vt 0.770896 0.952610
vt 0.624874 0.547390
vt 0.600000 0.549694
vt 0.570896 0.952610
vt 0.629104 0.952610
vt 0.600000 0.954914
vt 0.375126 0.547390
vt 0.400000 0.549694
vt 0.370896 0.952610
vt 0.429104 0.952610
vt 0.561246 0.311330
vt 0.224874 0.547390
vt 0.175126 0.547390
vt 0.200000 0.549694
vt 0.072171 0.307780
vt 0.170896 0.952610
vt 0.229104 0.952610
vt 0.200000 0.954915
vt 0.466270 0.287282
vt 0.750000 0.436981
vt 0.250000 0.416708
vt 0.960062 0.952610
vt 0.408549 0.301516
vt 0.760062 0.952610
vt 0.839938 0.952610
vt 0.800000 0.954914
vt 0.859904 0.098730
vt 0.568071 0.547390
vt 0.347989 0.115130
vt 0.560062 0.952610
vt 0.600000 0.954914
vt 0.640096 0.098730
vt 0.431928 0.547390
vt 0.368072 0.547390
vt 0.360062 0.952610
vt 0.439938 0.952610
vt 0.168072 0.547390
vt 0.091451 0.301516
vt 0.649878 0.055836
vt 0.065117 0.355674
vt 0.750000 0.416708
vt 0.955525 0.547390
vt 0.908549 0.301516
vt 0.365399 0.287495
vt 0.155525 0.547390
vt 0.082111 0.138383
vt 0.975126 0.547390
vt 0.770896 0.952610
vt 0.952304 0.343017
vt 0.900980 0.086341
vt 0.641007 0.055836
vt 0.927829 0.307780
vt 0.760062 0.952610
vt 0.859904 0.098730
vt 0.560062 0.952610
vt 0.572171 0.307780
vt 0.461688 0.273179
vt 0.534400 0.285221
vt 0.750000 0.416708
vt 0.044475 0.547390
vt 0.955525 0.547390
vt 0.250000 0.371338
vt 0.936184 0.952610
vt 0.063816 0.952610
vt 0.755525 0.547390
vt 0.365399 0.287495
vt 0.736184 0.952610
vt 0.863816 0.952610
vt 0.644475 0.547390
vt 0.600000 0.549694
vt 0.536185 0.952610
vt 0.600000 0.954914
vt 0.652011 0.115130
vt 0.444475 0.547390
vt 0.336185 0.952610
vt 0.463815 0.952610
vt 0.400000 0.954914
vt 0.591451 0.301516
vt 0.134601 0.287495
vt 0.136185 0.952610
vt 0.320218 0.438983
vt 0.704207 0.456730
vt 0.975126 0.547390
vt 0.250000 0.436981
vt 0.750000 0.436981
vt 0.250000 0.371337
vt 0.908549 0.301516
vt 0.736185 0.952610
vt 0.321320 0.151836
vt 0.536184 0.952610
vt 0.938754 0.311330
vt 0.136185 0.952610
vt 0.755525 0.547390
vt 0.336185 0.952610
vt 0.244475 0.547390
vt 0.136185 0.952610
vt 0.128500 0.746500
vt 0.378500 0.996500
vt 0.378500 0.003500
vt 0.621500 0.996500
vt 0.621500 0.003500
vt 0.378500 0.246500
vt 0.621500 0.246500
vt 0.371500 0.746500
vt 0.378500 0.750000
vt 0.375000 0.746500
vt 0.378500 0.746500
vt 0.625000 0.746500
vt 0.626750 0.751750
vt 0.378500 0.496500
vt 0.378500 0.503500
vt 0.621500 0.503500
vt 0.375000 0.001479
vt 0.623521 0.000000
vt 0.378500 0.246500
vt 0.378500 0.253500
vt 0.625000 0.746500
vt 0.871500 0.746500
vt 0.871500 0.503500
vt 0.621500 0.253500
vt 0.004062 1.000000
vt 0.888889 0.500075
vt 0.777778 0.500075
vt 0.666667 0.500075
vt 0.555556 0.500075
vt 0.444444 0.500075
vt 0.333333 0.500075
vt 0.222222 0.500075
vt 0.111111 0.500075
vt 0.000000 0.502472
vt 0.999330 0.500000
vt 1.000000 0.997784
vt 0.000703 1.000000
vt 0.888554 0.501236
vt 0.889240 0.998892
vt 0.777443 0.501236
vt 0.778129 0.998892
vt 0.666331 0.501236
vt 0.452764 0.125736
vt 0.667018 0.998892
vt 0.555220 0.501236
vt 0.325451 0.024474
vt 0.555907 0.998892
vt 0.444109 0.501236
vt 0.444796 0.998892
vt 0.332998 0.501236
vt 0.333685 0.998892
vt 0.514609 0.286216
vt 0.221887 0.501236
vt 0.222574 0.998892
vt 0.592959 0.429050
vt 0.110776 0.501236
vt 0.111462 0.998892
s 0
usemtl bark
f 1/1/1 6/2/1 3/3/1
f 6/4/2 2/5/2 3/6/2
f 8/7/3 12/8/3 10/9/3
f 12/8/4 7/10/4 11/11/4
f 14/12/5 18/13/5 16/14/5
f 18/13/6 13/15/6 17/16/6
f 20/17/7 24/18/7 22/19/7
f 24/18/8 19/20/8 23/21/8
f 26/22/9 30/23/9 28/24/9
f 30/23/10 25/25/10 29/26/10
f 32/27/11 36/28/11 34/29/11
f 36/28/12 31/30/12 35/31/12
f 38/32/13 42/33/13 40/34/13
f 42/33/14 37/35/14 41/36/14
f 44/37/15 48/38/15 46/39/15
f 48/38/16 43/40/16 47/41/16
f 50/42/17 54/43/17 52/44/17
f 54/43/18 49/45/18 53/46/18
f 4/47/19 7/10/19 2/5/19
f 52/44/20 1/1/20 50/42/20
f 10/9/21 13/15/21 8/7/21
f 16/14/22 19/20/22 14/12/22
f 22/19/23 25/25/23 20/17/23
f 28/24/24 31/30/24 26/22/24
f 34/29/25 37/35/25 32/27/25
f 40/34/26 43/40/26 38/32/26
f 46/39/27 49/45/27 44/37/27
f 405/294/363 409/295/363 411/296/363
f 406/297/364 409/298/364 408/299/364
f 407/300/365 409/301/365 410/302/365
f 412/303/366 416/304/366 418/305/366
f 413/306/367 416/307/367 415/308/367
f 414/309/368 416/310/368 417/311/368
f 419/312/369 423/313/369 425/314/369
f 420/315/370 423/316/370 422/317/370
f 421/318/371 423/316/371 424/319/371
f 426/320/372 430/321/372 432/322/372
f 427/323/373 430/324/373 429/325/373
f 428/326/374 430/324/374 431/327/374
f 433/328/375 437/329/375 439/330/375
f 434/331/376 437/332/376 436/333/376
f 435/334/377 437/332/377 438/335/377
f 440/336/378 444/337/378 446/338/378
f 441/339/379 444/340/379 443/341/379
f 442/342/380 444/340/380 445/343/380
f 447/344/381 451/345/381 453/346/381
f 448/347/382 451/348/382 450/349/382
f 449/350/383 451/348/383 452/351/383
f 454/352/384 458/353/384 460/354/384
f 455/355/385 458/356/385 457/357/385
f 456/358/386 458/356/386 459/359/386
f 461/360/387 465/361/387 467/362/387
f 462/363/388 465/364/388 464/365/388
f 463/366/389 465/364/389 466/367/389
f 468/368/390 472/369/390 474/370/390
f 469/371/391 472/372/391 471/373/391
f 470/374/392 472/372/392 473/375/392
f 420/315/393 411/376/393 407/300/393
f 411/296/394 419/312/394 405/294/394
f 428/326/395 415/308/395 432/377/395
f 415/378/396 426/320/396 432/322/396
f 406/297/397 417/311/397 410/379/397
f 417/380/398 407/300/398 410/302/398
f 421/318/399 431/327/399 427/323/399
f 431/327/400 420/315/400 428/326/400
f 434/331/401 425/381/401 421/318/401
f 425/314/402 433/328/402 419/312/402
f 427/323/403 446/382/403 442/342/403
f 446/338/404 426/320/404 440/336/404
f 435/334/405 445/343/405 441/339/405
f 445/343/406 434/331/406 442/342/406
f 435/334/407 450/349/407 439/383/407
f 439/330/408 447/344/408 433/328/408
f 441/339/409 460/384/409 456/358/409
f 443/385/410 454/352/410 460/354/410
f 449/350/411 459/359/411 455/355/411
f 459/359/412 448/347/412 456/358/412
f 449/350/413 464/365/413 453/386/413
f 464/387/414 447/344/414 453/346/414
f 455/355/415 474/388/415 470/374/415
f 457/389/416 468/368/416 474/370/416
f 463/366/417 473/375/417 469/371/417
f 473/375/418 462/363/418 470/374/418
f 406/297/419 467/390/419 463/366/419
f 408/391/420 461/360/420 467/362/420
f 469/371/421 418/392/421 414/309/421
f 471/393/422 412/303/422 418/305/422
f 419/312/423 447/344/423 461/360/423
f 413/306/424 420/315/424 407/300/424
f 469/371/425 406/297/425 463/366/425
f 412/303/426 454/352/426 440/336/426
f 421/318/427 442/342/427 434/331/427
f 435/334/428 456/358/428 448/347/428
f 455/355/429 462/363/429 449/350/429
f 475/394/430 479/395/430 481/396/430
f 476/397/431 479/398/431 478/399/431
f 477/400/432 479/401/432 480/302/432
f 482/402/433 486/403/433 488/404/433
f 483/405/434 486/307/434 485/406/434
f 484/407/435 486/408/435 487/409/435
f 489/410/436 493/411/436 495/412/436
f 490/413/437 493/414/437 492/415/437
f 491/416/438 493/414/438 494/417/438
f 496/418/439 500/419/439 502/420/439
f 497/421/440 500/422/440 499/423/440
f 498/424/441 500/422/441 501/425/441
f 503/426/442 507/427/442 509/428/442
f 504/429/443 507/430/443 506/431/443
f 505/432/444 507/430/444 508/433/444
f 510/434/445 514/435/445 516/436/445
f 511/437/446 514/438/446 513/439/446
f 512/440/447 514/438/447 515/441/447
f 517/442/448 521/443/448 523/444/448
f 518/445/449 521/446/449 520/447/449
f 519/448/450 521/446/450 522/449/450
f 524/450/451 528/451/451 530/452/451
f 525/453/452 528/454/452 527/455/452
f 526/456/453 528/454/453 529/457/453
f 531/458/454 535/459/454 537/460/454
f 532/461/455 535/462/455 534/463/455
f 533/464/456 535/462/456 536/367/456
f 538/465/457 542/466/457 544/467/457
f 539/468/458 542/469/458 541/470/458
f 540/471/459 542/469/459 543/375/459
f 490/413/460 481/472/460 477/400/460
f 492/473/461 475/394/461 481/396/461
f 498/424/462 485/406/462 502/474/462
f 485/475/463 496/418/463 502/420/463
f 476/397/464 487/409/464 480/476/464
f 487/477/465 477/400/465 480/302/465
f 491/416/466 501/425/466 497/421/466
f 501/425/467 490/413/467 498/424/467
f 504/429/468 495/478/468 491/416/468
f 506/479/469 489/410/469 495/412/469
f 497/421/470 516/480/470 512/440/470
f 516/436/471 496/418/471 510/434/471
f 505/432/472 515/441/472 511/437/472
f 515/441/473 504/429/473 512/440/473
f 505/432/474 520/447/474 509/481/474
f 509/428/475 517/442/475 503/426/475
f 526/456/476 513/439/476 530/482/476
f 513/483/477 524/450/477 530/452/477
f 519/448/478 529/457/478 525/453/478
f 529/457/479 518/445/479 526/456/479
f 519/448/480 534/463/480 523/484/480
f 523/444/481 531/458/481 517/442/481
f 525/453/482 544/485/482 540/471/482
f 527/486/483 538/465/483 544/467/483
f 533/464/484 543/375/484 539/468/484
f 543/375/485 532/461/485 540/471/485
f 533/464/486 478/399/486 537/487/486
f 478/488/487 531/458/487 537/460/487
f 539/468/488 488/489/488 484/407/488
f 488/404/489 538/465/489 482/402/489
f 489/410/490 517/442/490 531/458/490
f 483/405/491 490/413/491 477/400/491
f 539/468/492 476/397/492 533/464/492
f 482/402/493 524/450/493 510/434/493
f 497/421/494 504/429/494 491/416/494
f 511/437/495 518/445/495 505/432/495
f 525/453/496 532/461/496 519/448/496
f 545/490/497 549/491/497 551/492/497
f 546/493/498 549/298/498 548/494/498
f 547/495/499 549/496/499 550/497/499
f 552/498/500 556/499/500 558/500/500
f 553/501/501 556/307/501 555/502/501
f 554/503/502 556/504/502 557/505/502
f 559/506/503 563/507/503 565/508/503
f 560/509/504 563/510/504 562/511/504
f 561/512/505 563/510/505 564/319/505
f 566/513/506 570/514/506 572/515/506
f 567/516/507 570/517/507 569/518/507
f 568/519/508 570/517/508 571/520/508
f 573/521/509 577/522/509 579/523/509
f 574/524/510 577/525/510 576/526/510
f 575/527/511 577/525/511 578/433/511
f 580/528/512 584/529/512 586/530/512
f 581/531/513 584/532/513 583/533/513
f 582/534/514 584/532/514 585/535/514
f 587/536/515 591/537/515 593/538/515
f 588/539/516 591/540/516 590/541/516
f 589/542/517 591/540/517 592/543/517
f 594/544/518 598/545/518 600/546/518
f 595/547/519 598/548/519 597/549/519
f 596/550/520 598/548/520 599/551/520
f 601/552/521 605/553/521 607/554/521
f 602/555/522 605/556/522 604/557/522
f 603/558/523 605/556/523 606/559/523
f 608/560/524 612/561/524 614/562/524
f 609/563/525 612/564/525 611/565/525
f 610/566/526 612/564/526 613/567/526
f 547/495/527 562/511/527 551/568/527
f 562/569/528 545/490/528 551/492/528
f 568/519/529 555/502/529 572/570/529
f 572/515/530 552/498/530 566/513/530
f 546/493/531 557/505/531 550/379/531
f 557/571/532 547/495/532 550/497/532
f 561/512/533 571/520/533 567/516/533
f 571/520/534 560/509/534 568/519/534
f 574/524/535 565/572/535 561/512/535
f 576/573/536 559/506/536 565/508/536
f 567/516/537 586/574/537 582/534/537
f 569/575/538 580/528/538 586/530/538
f 575/527/539 585/535/539 581/531/539
f 585/535/540 574/524/540 582/534/540
f 575/527/541 590/541/541 579/576/541
f 590/577/542 573/521/542 579/523/542
f 581/531/543 600/578/543 596/550/543
f 583/579/544 594/544/544 600/546/544
f 589/542/545 599/551/545 595/547/545
f 599/551/546 588/539/546 596/550/546
f 602/555/547 593/580/547 589/542/547
f 604/581/548 587/536/548 593/538/548
f 610/566/549 597/549/549 614/582/549
f 614/562/550 594/544/550 608/560/550
f 603/558/551 613/567/551 609/563/551
f 613/567/552 602/555/552 610/566/552
f 603/558/553 548/494/553 607/583/553
f 607/554/554 545/490/554 601/552/554
f 609/563/555 558/584/555 554/503/555
f 611/585/556 552/498/556 558/500/556
f 559/506/557 587/536/557 601/552/557
f 553/501/558 560/509/558 547/495/558
f 609/563/559 546/493/559 603/558/559
f 552/498/560 594/544/560 580/528/560
f 567/516/561 574/524/561 561/512/561
f 581/531/562 588/539/562 575/527/562
f 595/547/563 602/555/563 589/542/563
f 615/586/564 619/295/564 621/296/564
f 616/297/565 619/298/565 618/299/565
f 617/587/566 619/301/566 620/302/566
f 622/588/567 626/304/567 628/305/567
f 623/589/568 626/307/568 625/308/568
f 624/309/569 626/310/569 627/311/569
f 629/590/570 633/313/570 635/314/570
f 630/591/571 633/316/571 632/317/571
f 631/318/572 633/316/572 634/592/572
f 636/593/573 640/321/573 642/322/573
f 637/594/574 640/324/574 639/325/574
f 638/326/575 640/324/575 641/327/575
f 643/328/576 647/329/576 649/330/576
f 644/595/577 647/332/577 646/333/577
f 645/334/578 647/332/578 648/596/578
f 650/336/579 654/337/579 656/338/579
f 651/597/580 654/340/580 653/341/580
f 652/598/581 654/340/581 655/599/581
f 657/344/582 661/345/582 663/346/582
f 658/347/583 661/348/583 660/349/583
f 659/600/584 661/348/584 662/601/584
f 664/352/585 668/353/585 670/354/585
f 665/602/586 668/356/586 667/357/586
f 666/603/587 668/356/587 669/359/587
f 671/604/588 675/361/588 677/362/588
f 672/605/589 675/364/589 674/365/589
f 673/606/590 675/364/590 676/607/590
f 678/608/591 682/369/591 684/370/591
f 679/609/592 682/372/592 681/373/592
f 680/610/593 682/372/593 683/611/593
f 630/591/594 621/376/594 617/587/594
f 621/296/595 629/590/595 615/586/595
f 623/589/596 642/377/596 638/326/596
f 642/322/597 622/588/597 636/593/597
f 616/297/598 627/311/598 620/379/598
f 627/380/599 617/587/599 620/302/599
f 631/318/600 641/327/600 637/594/600
f 641/327/601 630/591/601 638/326/601
f 631/318/602 646/333/602 635/381/602
f 635/314/603 643/328/603 629/590/603
f 652/598/604 639/325/604 656/382/604
f 639/612/605 650/336/605 656/338/605
f 645/334/606 655/599/606 651/597/606
f 655/599/607 644/595/607 652/598/607
f 658/347/608 649/383/608 645/334/608
f 649/330/609 657/344/609 643/328/609
f 651/597/610 670/384/610 666/603/610
f 653/385/611 664/352/611 670/354/611
f 659/600/612 669/359/612 665/602/612
f 669/359/613 658/347/613 666/603/613
f 672/605/614 663/386/614 659/600/614
f 663/346/615 671/604/615 657/344/615
f 680/610/616 667/357/616 684/388/616
f 684/370/617 664/352/617 678/608/617
f 673/606/618 683/611/618 679/609/618
f 683/611/619 672/605/619 680/610/619
f 616/297/620 677/390/620 673/606/620
f 677/362/621 615/586/621 671/604/621
f 624/309/622 681/373/622 628/392/622
f 628/305/623 678/608/623 622/588/623
f 629/590/624 657/344/624 671/604/624
f 623/589/625 630/591/625 617/587/625
f 673/606/626 624/309/626 616/297/626
f 622/588/627 664/352/627 650/336/627
f 637/594/628 644/595/628 631/318/628
f 651/597/629 658/347/629 645/334/629
f 665/602/630 672/605/630 659/600/630
f 685/613/631 689/395/631 691/396/631
f 686/397/632 689/398/632 688/399/632
f 687/400/633 689/401/633 690/302/633
f 692/614/634 696/403/634 698/404/634
f 693/615/635 696/307/635 695/406/635
f 694/407/636 696/408/636 697/409/636
f 699/410/637 703/411/637 705/412/637
f 700/413/638 703/414/638 702/415/638
f 701/416/639 703/414/639 704/417/639
f 706/616/640 710/419/640 712/420/640
f 707/617/641 710/422/641 709/423/641
f 708/618/642 710/422/642 711/619/642
f 713/620/643 717/427/643 719/428/643
f 714/429/644 717/430/644 716/431/644
f 715/621/645 717/430/645 718/596/645
f 720/622/646 724/435/646 726/436/646
f 721/623/647 724/438/647 723/439/647
f 722/440/648 724/438/648 725/624/648
f 727/625/649 731/443/649 733/444/649
f 728/626/650 731/446/650 730/447/650
f 729/627/651 731/446/651 732/543/651
f 734/450/652 738/451/652 740/452/652
f 735/628/653 738/454/653 737/455/653
f 736/629/654 738/454/654 739/551/654
f 741/458/655 745/459/655 747/460/655
f 742/461/656 745/462/656 744/463/656
f 743/630/657 745/462/657 746/367/657
f 748/631/658 752/466/658 754/467/658
f 749/468/659 752/469/659 751/470/659
f 750/471/660 752/469/660 753/375/660
f 687/400/661 702/415/661 691/472/661
f 702/473/662 685/613/662 691/396/662
f 693/615/663 712/474/663 708/618/663
f 695/475/664 706/616/664 712/420/664
f 686/397/665 697/409/665 690/476/665
f 697/477/666 687/400/666 690/302/666
f 701/416/667 711/619/667 707/617/667
f 711/619/668 700/413/668 708/618/668
f 701/416/669 716/431/669 705/478/669
f 716/479/670 699/410/670 705/412/670
f 722/440/671 709/423/671 726/480/671
f 726/436/672 706/616/672 720/622/672
f 715/621/673 725/624/673 721/623/673
f 725/624/674 714/429/674 722/440/674
f 715/621/675 730/447/675 719/481/675
f 730/632/676 713/620/676 719/428/676
f 721/623/677 740/482/677 736/629/677
f 723/483/678 734/450/678 740/452/678
f 729/627/679 739/551/679 735/628/679
f 739/551/680 728/626/680 736/629/680
f 729/627/681 744/463/681 733/484/681
f 733/444/682 741/458/682 727/625/682
f 735/628/683 754/485/683 750/471/683
f 754/467/684 734/450/684 748/631/684
f 743/630/685 753/375/685 749/468/685
f 753/375/686 742/461/686 750/471/686
f 743/630/687 688/399/687 747/487/687
f 688/488/688 741/458/688 747/460/688
f 694/407/689 751/470/689 698/489/689
f 751/633/690 692/614/690 698/404/690
f 699/410/691 727/625/691 741/458/691
f 693/615/692 700/413/692 687/400/692
f 749/468/693 686/397/693 743/630/693
f 692/614/694 734/450/694 720/622/694
f 701/416/695 722/440/695 714/429/695
f 715/621/696 736/629/696 728/626/696
f 735/628/697 742/461/697 729/627/697
f 755/634/698 759/491/698 761/492/698
f 756/493/699 759/298/699 758/494/699
f 757/635/700 759/496/700 760/497/700
f 762/498/701 766/499/701 768/500/701
f 763/501/702 766/307/702 765/502/702
f 764/503/703 766/504/703 767/505/703
f 769/636/704 773/507/704 775/508/704
f 770/509/705 773/510/705 772/511/705
f 771/512/706 773/510/706 774/319/706
f 776/637/707 780/514/707 782/515/707
f 777/516/708 780/517/708 779/518/708
f 778/519/709 780/517/709 781/520/709
f 783/521/710 787/522/710 789/523/710
f 784/524/711 787/525/711 786/526/711
f 785/527/712 787/525/712 788/433/712
f 790/528/713 794/529/713 796/530/713
f 791/531/714 794/532/714 793/533/714
f 792/534/715 794/532/715 795/535/715
f 797/536/716 801/537/716 803/538/716
f 798/539/717 801/540/717 800/541/717
f 799/542/718 801/540/718 802/543/718
f 804/544/719 808/545/719 810/546/719
f 805/547/720 808/548/720 807/549/720
f 806/550/721 808/548/721 809/551/721
f 811/552/722 815/553/722 817/554/722
f 812/555/723 815/556/723 814/557/723
f 813/638/724 815/556/724 816/559/724
f 818/560/725 822/561/725 824/562/725
f 819/563/726 822/564/726 821/565/726
f 820/566/727 822/564/727 823/567/727
f 757/635/728 772/511/728 761/568/728
f 772/569/729 755/634/729 761/492/729
f 763/501/730 782/570/730 778/519/730
f 782/515/731 762/498/731 776/637/731
f 756/493/732 767/505/732 760/379/732
f 767/571/733 757/635/733 760/497/733
f 771/512/734 781/520/734 777/516/734
f 781/520/735 770/509/735 778/519/735
f 784/524/736 775/572/736 771/512/736
f 786/573/737 769/636/737 775/508/737
f 777/516/738 796/574/738 792/534/738
f 796/530/739 776/637/739 790/528/739
f 785/527/740 795/535/740 791/531/740
f 795/535/741 784/524/741 792/534/741
f 798/539/742 789/576/742 785/527/742
f 800/577/743 783/521/743 789/523/743
f 806/550/744 793/533/744 810/578/744
f 793/579/745 804/544/745 810/546/745
f 799/542/746 809/551/746 805/547/746
f 809/551/747 798/539/747 806/550/747
f 799/542/748 814/557/748 803/580/748
f 814/581/749 797/536/749 803/538/749
f 820/566/750 807/549/750 824/582/750
f 807/639/751 818/560/751 824/562/751
f 813/638/752 823/567/752 819/563/752
f 823/567/753 812/555/753 820/566/753
f 756/493/754 817/583/754 813/638/754
f 817/554/755 755/634/755 811/552/755
f 764/503/756 821/565/756 768/584/756
f 821/585/757 762/498/757 768/500/757
f 769/636/758 797/536/758 811/552/758
f 763/501/759 770/509/759 757/635/759
f 813/638/760 764/503/760 756/493/760
f 762/498/761 804/544/761 790/528/761
f 777/516/762 784/524/762 771/512/762
f 785/527/763 806/550/763 798/539/763
f 799/542/764 820/566/764 812/555/764
f 825/586/765 829/295/765 831/296/765
f 826/297/766 829/298/766 828/299/766
f 827/640/767 829/301/767 830/302/767
f 832/588/768 836/304/768 838/305/768
f 833/589/769 836/307/769 835/308/769
f 834/309/770 836/310/770 837/311/770
f 839/590/771 843/313/771 845/314/771
f 840/591/772 843/316/772 842/317/772
f 841/318/773 843/316/773 844/592/773
f 846/593/774 850/321/774 852/322/774
f 847/641/775 850/324/775 849/325/775
f 848/326/776 850/324/776 851/327/776
f 853/328/777 857/329/777 859/330/777
f 854/595/778 857/332/778 856/333/778
f 855/334/779 857/332/779 858/596/779
f 860/336/780 864/337/780 866/338/780
f 861/597/781 864/340/781 863/341/781
f 862/342/782 864/340/782 865/599/782
f 867/344/783 871/345/783 873/346/783
f 868/347/784 871/348/784 870/349/784
f 869/600/785 871/348/785 872/601/785
f 874/352/786 878/353/786 880/354/786
f 875/602/787 878/356/787 877/357/787
f 876/603/788 878/356/788 879/359/788
f 881/604/789 885/361/789 887/362/789
f 882/605/790 885/364/790 884/365/790
f 883/606/791 885/364/791 886/607/791
f 888/608/792 892/369/792 894/370/792
f 889/609/793 892/372/793 891/373/793
f 890/610/794 892/372/794 893/611/794
f 840/591/795 831/376/795 827/640/795
f 842/642/796 825/586/796 831/296/796
f 848/326/797 835/308/797 852/377/797
f 835/378/798 846/593/798 852/322/798
f 826/297/799 837/311/799 830/379/799
f 837/380/800 827/640/800 830/302/800
f 841/318/801 851/327/801 847/641/801
f 851/327/802 840/591/802 848/326/802
f 841/318/803 856/333/803 845/381/803
f 856/643/804 839/590/804 845/314/804
f 847/641/805 866/382/805 862/342/805
f 849/612/806 860/336/806 866/338/806
f 855/334/807 865/599/807 861/597/807
f 865/599/808 854/595/808 862/342/808
f 855/334/809 870/349/809 859/383/809
f 870/644/810 853/328/810 859/330/810
f 861/597/811 880/384/811 876/603/811
f 880/354/812 860/336/812 874/352/812
f 869/600/813 879/359/813 875/602/813
f 879/359/814 868/347/814 876/603/814
f 882/605/815 873/386/815 869/600/815
f 873/346/816 881/604/816 867/344/816
f 875/602/817 894/388/817 890/610/817
f 877/389/818 888/608/818 894/370/818
f 883/606/819 893/611/819 889/609/819
f 893/611/820 882/605/820 890/610/820
f 826/297/821 887/390/821 883/606/821
f 828/391/822 881/604/822 887/362/822
f 834/309/823 891/373/823 838/392/823
f 891/393/824 832/588/824 838/305/824
f 839/590/825 867/344/825 881/604/825
f 833/589/826 840/591/826 827/640/826
f 883/606/827 834/309/827 826/297/827
f 832/588/828 874/352/828 860/336/828
f 847/641/829 854/595/829 841/318/829
f 861/597/830 868/347/830 855/334/830
f 875/602/831 882/605/831 869/600/831
f 895/613/832 899/395/832 901/396/832
f 896/397/833 899/398/833 898/399/833
f 897/400/834 899/401/834 900/302/834
f 902/614/835 906/403/835 908/404/835
f 903/615/836 906/307/836 905/406/836
f 904/407/837 906/408/837 907/409/837
f 909/645/838 913/411/838 915/412/838
f 910/413/839 913/414/839 912/415/839
f 911/416/840 913/414/840 914/417/840
f 916/616/841 920/419/841 922/420/841
f 917/646/842 920/422/842 919/423/842
f 918/618/843 920/422/843 921/619/843
f 923/647/844 927/427/844 929/428/844
f 924/429/845 927/430/845 926/431/845
f 925/621/846 927/430/846 928/596/846
f 930/622/847 934/435/847 936/436/847
f 931/648/848 934/438/848 933/439/848
f 932/440/849 934/438/849 935/624/849
f 937/625/850 941/443/850 943/444/850
f 938/626/851 941/446/851 940/447/851
f 939/448/852 941/446/852 942/543/852
f 944/450/853 948/451/853 950/452/853
f 945/628/854 948/454/854 947/455/854
f 946/629/855 948/454/855 949/551/855
f 951/649/856 955/459/856 957/460/856
f 952/461/857 955/462/857 954/463/857
f 953/464/858 955/462/858 956/367/858
f 958/631/859 962/466/859 964/467/859
f 959/468/860 962/469/860 961/470/860
f 960/471/861 962/469/861 963/375/861
f 897/400/862 912/415/862 901/472/862
f 901/396/863 909/645/863 895/613/863
f 903/615/864 922/474/864 918/618/864
f 922/420/865 902/614/865 916/616/865
f 896/397/866 907/409/866 900/476/866
f 907/477/867 897/400/867 900/302/867
f 911/416/868 921/619/868 917/646/868
f 921/619/869 910/413/869 918/618/869
f 924/429/870 915/478/870 911/416/870
f 915/412/871 923/647/871 909/645/871
f 917/646/872 936/480/872 932/440/872
f 919/650/873 930/622/873 936/436/873
f 925/621/874 935/624/874 931/648/874
f 935/624/875 924/429/875 932/440/875
f 925/621/876 940/447/876 929/481/876
f 940/632/877 923/647/877 929/428/877
f 931/648/878 950/482/878 946/629/878
f 933/483/879 944/450/879 950/452/879
f 939/448/880 949/551/880 945/628/880
f 949/551/881 938/626/881 946/629/881
f 952/461/882 943/484/882 939/448/882
f 954/651/883 937/625/883 943/444/883
f 960/471/884 947/455/884 964/485/884
f 964/467/885 944/450/885 958/631/885
f 953/464/886 963/375/886 959/468/886
f 963/375/887 952/461/887 960/471/887
f 953/464/888 898/399/888 957/487/888
f 898/488/889 951/649/889 957/460/889
f 959/468/890 908/489/890 904/407/890
f 908/404/891 958/631/891 902/614/891
f 909/645/892 937/625/892 951/649/892
f 897/400/893 918/618/893 910/413/893
f 959/468/894 896/397/894 953/464/894
f 902/614/895 944/450/895 930/622/895
f 911/416/896 932/440/896 924/429/896
f 925/621/897 946/629/897 938/626/897
f 945/628/898 952/461/898 939/448/898
f 965/652/899 969/491/899 971/492/899
f 966/653/900 969/298/900 968/494/900
f 967/654/901 969/496/901 970/497/901
f 972/655/902 976/499/902 978/500/902
f 973/656/903 976/307/903 975/502/903
f 974/657/904 976/504/904 977/505/904
f 979/636/905 983/507/905 985/508/905
f 980/509/906 983/510/906 982/511/906
f 981/658/907 983/510/907 984/592/907
f 986/659/908 990/514/908 992/515/908
f 987/660/909 990/517/909 989/518/909
f 988/661/910 990/517/910 991/425/910
f 993/521/911 997/522/911 999/523/911
f 994/662/912 997/525/912 996/526/912
f 995/527/913 997/525/913 998/663/913
f 1000/528/914 1004/529/914 1006/530/914
f 1001/664/915 1004/532/915 1003/533/915
f 1002/534/916 1004/532/916 1005/665/916
f 1007/666/917 1011/537/917 1013/538/917
f 1008/667/918 1011/540/918 1010/541/918
f 1009/542/919 1011/540/919 1012/449/919
f 1014/544/920 1018/545/920 1020/546/920
f 1015/668/921 1018/548/921 1017/549/921
f 1016/669/922 1018/548/922 1019/670/922
f 1021/671/923 1025/553/923 1027/554/923
f 1022/555/924 1025/556/924 1024/557/924
f 1023/558/925 1025/556/925 1026/559/925
f 1028/672/926 1032/561/926 1034/562/926
f 1029/673/927 1032/564/927 1031/565/927
f 1030/566/928 1032/564/928 1033/611/928
f 967/654/929 982/511/929 971/568/929
f 982/569/930 965/652/930 971/492/930
f 973/656/931 992/570/931 988/661/931
f 975/674/932 986/659/932 992/515/932
f 966/653/933 977/505/933 970/379/933
f 977/571/934 967/654/934 970/497/934
f 981/658/935 991/425/935 987/660/935
f 991/425/936 980/509/936 988/661/936
f 994/662/937 985/572/937 981/658/937
f 985/508/938 993/521/938 979/636/938
f 987/660/939 1006/574/939 1002/534/939
f 989/575/940 1000/528/940 1006/530/940
f 995/527/941 1005/665/941 1001/664/941
f 1005/665/942 994/662/942 1002/534/942
f 1008/667/943 999/576/943 995/527/943
f 1010/577/944 993/521/944 999/523/944
f 1001/664/945 1020/578/945 1016/669/945
f 1003/579/946 1014/544/946 1020/546/946
f 1009/542/947 1019/670/947 1015/668/947
f 1019/670/948 1008/667/948 1016/669/948
f 1009/542/949 1024/557/949 1013/580/949
f 1013/538/950 1021/671/950 1007/666/950
f 1015/668/951 1034/582/951 1030/566/951
f 1017/639/952 1028/672/952 1034/562/952
f 1023/558/953 1033/611/953 1029/673/953
f 1033/611/954 1022/555/954 1030/566/954
f 966/653/955 1027/583/955 1023/558/955
f 968/675/956 1021/671/956 1027/554/956
f 1029/673/957 978/584/957 974/657/957
f 978/500/958 1028/672/958 972/655/958
f 979/636/959 1007/666/959 1021/671/959
f 973/656/960 980/509/960 967/654/960
f 1023/558/961 974/657/961 966/653/961
f 972/655/962 1014/544/962 1000/528/962
f 987/660/963 994/662/963 981/658/963
f 1001/664/964 1008/667/964 995/527/964
f 1015/668/965 1022/555/965 1009/542/965
f 1035/294/966 1039/295/966 1041/296/966
f 1036/297/967 1039/298/967 1038/299/967
f 1037/676/968 1039/301/968 1040/302/968
f 1042/677/969 1046/304/969 1048/305/969
f 1043/306/970 1046/307/970 1045/308/970
f 1044/309/971 1046/310/971 1047/311/971
f 1049/312/972 1053/313/972 1055/314/972
f 1050/315/973 1053/316/973 1052/317/973
f 1051/318/974 1053/316/974 1054/319/974
f 1056/320/975 1060/321/975 1062/322/975
f 1057/323/976 1060/324/976 1059/325/976
f 1058/326/977 1060/324/977 1061/327/977
f 1063/328/978 1067/329/978 1069/330/978
f 1064/331/979 1067/332/979 1066/333/979
f 1065/334/980 1067/332/980 1068/335/980
f 1070/336/981 1074/337/981 1076/338/981
f 1071/339/982 1074/340/982 1073/341/982
f 1072/342/983 1074/340/983 1075/343/983
f 1077/344/984 1081/345/984 1083/346/984
f 1078/347/985 1081/348/985 1080/349/985
f 1079/350/986 1081/348/986 1082/351/986
f 1084/352/987 1088/353/987 1090/354/987
f 1085/602/988 1088/356/988 1087/357/988
f 1086/358/989 1088/356/989 1089/359/989
f 1091/360/990 1095/361/990 1097/362/990
f 1092/363/991 1095/364/991 1094/365/991
f 1093/366/992 1095/364/992 1096/367/992
f 1098/368/993 1102/369/993 1104/370/993
f 1099/371/994 1102/372/994 1101/373/994
f 1100/374/995 1102/372/995 1103/375/995
f 1050/315/996 1041/376/996 1037/676/996
f 1052/642/997 1035/294/997 1041/296/997
f 1043/306/998 1062/377/998 1058/326/998
f 1062/322/999 1042/677/999 1056/320/999
f 1036/297/1000 1047/311/1000 1040/379/1000
f 1047/380/1001 1037/676/1001 1040/302/1001
f 1051/318/1002 1061/327/1002 1057/323/1002
f 1061/327/1003 1050/315/1003 1058/326/1003
f 1064/331/1004 1055/381/1004 1051/318/1004
f 1066/643/1005 1049/312/1005 1055/314/1005
f 1072/342/1006 1059/325/1006 1076/382/1006
f 1059/612/1007 1070/336/1007 1076/338/1007
f 1065/334/1008 1075/343/1008 1071/339/1008
f 1075/343/1009 1064/331/1009 1072/342/1009
f 1065/334/1010 1080/349/1010 1069/383/1010
f 1069/330/1011 1077/344/1011 1063/328/1011
f 1071/339/1012 1090/384/1012 1086/358/1012
f 1073/385/1013 1084/352/1013 1090/354/1013
f 1079/350/1014 1089/359/1014 1085/602/1014
f 1089/359/1015 1078/347/1015 1086/358/1015
f 1092/363/1016 1083/386/1016 1079/350/1016
f 1083/346/1017 1091/360/1017 1077/344/1017
f 1085/602/1018 1104/388/1018 1100/374/1018
f 1087/389/1019 1098/368/1019 1104/370/1019
f 1093/366/1020 1103/375/1020 1099/371/1020
f 1103/375/1021 1092/363/1021 1100/374/1021
f 1093/366/1022 1038/299/1022 1097/390/1022
f 1038/391/1023 1091/360/1023 1097/362/1023
f 1044/309/1024 1101/373/1024 1048/392/1024
f 1101/393/1025 1042/677/1025 1048/305/1025
f 1049/312/1026 1077/344/1026 1091/360/1026
f 1037/676/1027 1058/326/1027 1050/315/1027
f 1099/371/1028 1036/297/1028 1093/366/1028
f 1042/677/1029 1084/352/1029 1070/336/1029
f 1051/318/1030 1072/342/1030 1064/331/1030
f 1071/339/1031 1078/347/1031 1065/334/1031
f 1085/602/1032 1092/363/1032 1079/350/1032
f 1105/678/1033 1109/395/1033 1111/396/1033
f 1106/397/1034 1109/398/1034 1108/399/1034
f 1107/400/1035 1109/401/1035 1110/302/1035
f 1112/614/1036 1116/403/1036 1118/404/1036
f 1113/405/1037 1116/307/1037 1115/406/1037
f 1114/407/1038 1116/408/1038 1117/409/1038
f 1119/645/1039 1123/411/1039 1125/412/1039
f 1120/413/1040 1123/414/1040 1122/415/1040
f 1121/416/1041 1123/414/1041 1124/417/1041
f 1126/418/1042 1130/419/1042 1132/420/1042
f 1127/421/1043 1130/422/1043 1129/423/1043
f 1128/424/1044 1130/422/1044 1131/425/1044
f 1133/426/1045 1137/427/1045 1139/428/1045
f 1134/429/1046 1137/430/1046 1136/431/1046
f 1135/432/1047 1137/430/1047 1138/433/1047
f 1140/434/1048 1144/435/1048 1146/436/1048
f 1141/437/1049 1144/438/1049 1143/439/1049
f 1142/440/1050 1144/438/1050 1145/441/1050
f 1147/442/1051 1151/443/1051 1153/444/1051
f 1148/445/1052 1151/446/1052 1150/447/1052
f 1149/448/1053 1151/446/1053 1152/449/1053
f 1154/450/1054 1158/451/1054 1160/452/1054
f 1155/453/1055 1158/454/1055 1157/455/1055
f 1156/456/1056 1158/454/1056 1159/457/1056
f 1161/458/1057 1165/459/1057 1167/460/1057
f 1162/461/1058 1165/462/1058 1164/463/1058
f 1163/630/1059 1165/462/1059 1166/367/1059
f 1168/465/1060 1172/466/1060 1174/467/1060
f 1169/468/1061 1172/469/1061 1171/470/1061
f 1170/471/1062 1172/469/1062 1173/375/1062
f 1120/413/1063 1111/472/1063 1107/400/1063
f 1111/396/1064 1119/645/1064 1105/678/1064
f 1128/424/1065 1115/406/1065 1132/474/1065
f 1132/420/1066 1112/614/1066 1126/418/1066
f 1106/397/1067 1117/409/1067 1110/476/1067
f 1117/477/1068 1107/400/1068 1110/302/1068
f 1121/416/1069 1131/425/1069 1127/421/1069
f 1131/425/1070 1120/413/1070 1128/424/1070
f 1121/416/1071 1136/431/1071 1125/478/1071
f 1136/479/1072 1119/645/1072 1125/412/1072
f 1127/421/1073 1146/480/1073 1142/440/1073
f 1146/436/1074 1126/418/1074 1140/434/1074
f 1135/432/1075 1145/441/1075 1141/437/1075
f 1145/441/1076 1134/429/1076 1142/440/1076
f 1148/445/1077 1139/481/1077 1135/432/1077
f 1150/632/1078 1133/426/1078 1139/428/1078
f 1156/456/1079 1143/439/1079 1160/482/1079
f 1160/452/1080 1140/434/1080 1154/450/1080
f 1149/448/1081 1159/457/1081 1155/453/1081
f 1159/457/1082 1148/445/1082 1156/456/1082
f 1162/461/1083 1153/484/1083 1149/448/1083
f 1153/444/1084 1161/458/1084 1147/442/1084
f 1170/471/1085 1157/455/1085 1174/485/1085
f 1157/486/1086 1168/465/1086 1174/467/1086
f 1163/630/1087 1173/375/1087 1169/468/1087
f 1173/375/1088 1162/461/1088 1170/471/1088
f 1163/630/1089 1108/399/1089 1167/487/1089
f 1108/488/1090 1161/458/1090 1167/460/1090
f 1114/407/1091 1171/470/1091 1118/489/1091
f 1118/404/1092 1168/465/1092 1112/614/1092
f 1119/645/1093 1147/442/1093 1161/458/1093
f 1113/405/1094 1120/413/1094 1107/400/1094
f 1163/630/1095 1114/407/1095 1106/397/1095
f 1112/614/1096 1154/450/1096 1140/434/1096
f 1127/421/1097 1134/429/1097 1121/416/1097
f 1141/437/1098 1148/445/1098 1135/432/1098
f 1155/453/1099 1162/461/1099 1149/448/1099
f 1175/652/1100 1179/491/1100 1181/492/1100
f 1176/653/1101 1179/298/1101 1178/494/1101
f 1177/635/1102 1179/496/1102 1180/497/1102
f 1182/679/1103 1186/499/1103 1188/500/1103
f 1183/656/1104 1186/307/1104 1185/502/1104
f 1184/657/1105 1186/504/1105 1187/505/1105
f 1189/680/1106 1193/507/1106 1195/508/1106
f 1190/509/1107 1193/510/1107 1192/511/1107
f 1191/658/1108 1193/510/1108 1194/592/1108
f 1196/659/1109 1200/514/1109 1202/515/1109
f 1197/681/1110 1200/517/1110 1199/518/1110
f 1198/519/1111 1200/517/1111 1201/425/1111
f 1203/521/1112 1207/522/1112 1209/523/1112
f 1204/662/1113 1207/525/1113 1206/526/1113
f 1205/527/1114 1207/525/1114 1208/663/1114
f 1210/682/1115 1214/529/1115 1216/530/1115
f 1211/683/1116 1214/532/1116 1213/533/1116
f 1212/534/1117 1214/532/1117 1215/665/1117
f 1217/666/1118 1221/537/1118 1223/538/1118
f 1218/667/1119 1221/540/1119 1220/541/1119
f 1219/542/1120 1221/540/1120 1222/449/1120
f 1224/544/1121 1228/545/1121 1230/546/1121
f 1225/668/1122 1228/548/1122 1227/549/1122
f 1226/550/1123 1228/548/1123 1229/670/1123
f 1231/671/1124 1235/553/1124 1237/554/1124
f 1232/555/1125 1235/556/1125 1234/557/1125
f 1233/558/1126 1235/556/1126 1236/559/1126
f 1238/672/1127 1242/561/1127 1244/562/1127
f 1239/673/1128 1242/564/1128 1241/565/1128
f 1240/566/1129 1242/564/1129 1243/611/1129
f 1190/509/1130 1181/568/1130 1177/635/1130
f 1192/569/1131 1175/652/1131 1181/492/1131
f 1198/519/1132 1185/502/1132 1202/570/1132
f 1185/674/1133 1196/659/1133 1202/515/1133
f 1176/653/1134 1187/505/1134 1180/379/1134
f 1187/571/1135 1177/635/1135 1180/497/1135
f 1191/658/1136 1201/425/1136 1197/681/1136
f 1201/425/1137 1190/509/1137 1198/519/1137
f 1191/658/1138 1206/526/1138 1195/572/1138
f 1195/508/1139 1203/521/1139 1189/680/1139
f 1197/681/1140 1216/574/1140 1212/534/1140
f 1216/530/1141 1196/659/1141 1210/682/1141
f 1205/527/1142 1215/665/1142 1211/683/1142
f 1215/665/1143 1204/662/1143 1212/534/1143
f 1205/527/1144 1220/541/1144 1209/576/1144
f 1220/577/1145 1203/521/1145 1209/523/1145
f 1226/550/1146 1213/533/1146 1230/578/1146
f 1230/546/1147 1210/682/1147 1224/544/1147
f 1219/542/1148 1229/670/1148 1225/668/1148
f 1229/670/1149 1218/667/1149 1226/550/1149
f 1232/555/1150 1223/580/1150 1219/542/1150
f 1234/581/1151 1217/666/1151 1223/538/1151
f 1225/668/1152 1244/582/1152 1240/566/1152
f 1227/639/1153 1238/672/1153 1244/562/1153
f 1233/558/1154 1243/611/1154 1239/673/1154
f 1243/611/1155 1232/555/1155 1240/566/1155
f 1176/653/1156 1237/583/1156 1233/558/1156
f 1178/675/1157 1231/671/1157 1237/554/1157
f 1239/673/1158 1188/584/1158 1184/657/1158
f 1188/500/1159 1238/672/1159 1182/679/1159
f 1189/680/1160 1217/666/1160 1231/671/1160
f 1177/635/1161 1198/519/1161 1190/509/1161
f 1239/673/1162 1176/653/1162 1233/558/1162
f 1182/679/1163 1224/544/1163 1210/682/1163
f 1197/681/1164 1204/662/1164 1191/658/1164
f 1211/683/1165 1218/667/1165 1205/527/1165
f 1225/668/1166 1232/555/1166 1219/542/1166
f 1245/294/1167 1249/295/1167 1251/296/1167
f 1246/297/1168 1249/298/1168 1248/299/1168
f 1247/300/1169 1249/301/1169 1250/302/1169
f 1252/677/1170 1256/304/1170 1258/305/1170
f 1253/306/1171 1256/307/1171 1255/308/1171
f 1254/309/1172 1256/310/1172 1257/311/1172
f 1259/684/1173 1263/313/1173 1265/314/1173
f 1260/315/1174 1263/316/1174 1262/317/1174
f 1261/318/1175 1263/316/1175 1264/319/1175
f 1266/320/1176 1270/321/1176 1272/322/1176
f 1267/323/1177 1270/324/1177 1269/325/1177
f 1268/326/1178 1270/324/1178 1271/327/1178
f 1273/328/1179 1277/329/1179 1279/330/1179
f 1274/331/1180 1277/332/1180 1276/333/1180
f 1275/334/1181 1277/332/1181 1278/335/1181
f 1280/336/1182 1284/337/1182 1286/338/1182
f 1281/339/1183 1284/340/1183 1283/341/1183
f 1282/342/1184 1284/340/1184 1285/343/1184
f 1287/344/1185 1291/345/1185 1293/346/1185
f 1288/347/1186 1291/348/1186 1290/349/1186
f 1289/350/1187 1291/348/1187 1292/351/1187
f 1294/352/1188 1298/353/1188 1300/354/1188
f 1295/355/1189 1298/356/1189 1297/357/1189
f 1296/358/1190 1298/356/1190 1299/359/1190
f 1301/604/1191 1305/361/1191 1307/362/1191
f 1302/363/1192 1305/364/1192 1304/365/1192
f 1303/366/1193 1305/364/1193 1306/367/1193
f 1308/368/1194 1312/369/1194 1314/370/1194
f 1309/371/1195 1312/372/1195 1311/373/1195
f 1310/374/1196 1312/372/1196 1313/375/1196
f 1260/315/1197 1251/376/1197 1247/300/1197
f 1251/296/1198 1259/684/1198 1245/294/1198
f 1268/326/1199 1255/308/1199 1272/377/1199
f 1255/378/1200 1266/320/1200 1272/322/1200
f 1246/297/1201 1257/311/1201 1250/379/1201
f 1257/380/1202 1247/300/1202 1250/302/1202
f 1261/318/1203 1271/327/1203 1267/323/1203
f 1271/327/1204 1260/315/1204 1268/326/1204
f 1261/318/1205 1276/333/1205 1265/381/1205
f 1276/643/1206 1259/684/1206 1265/314/1206
f 1267/323/1207 1286/382/1207 1282/342/1207
f 1286/338/1208 1266/320/1208 1280/336/1208
f 1275/334/1209 1285/343/1209 1281/339/1209
f 1285/343/1210 1274/331/1210 1282/342/1210
f 1288/347/1211 1279/383/1211 1275/334/1211
f 1279/330/1212 1287/344/1212 1273/328/1212
f 1296/358/1213 1283/341/1213 1300/384/1213
f 1283/385/1214 1294/352/1214 1300/354/1214
f 1289/350/1215 1299/359/1215 1295/355/1215
f 1299/359/1216 1288/347/1216 1296/358/1216
f 1302/363/1217 1293/386/1217 1289/350/1217
f 1304/387/1218 1287/344/1218 1293/346/1218
f 1295/355/1219 1314/388/1219 1310/374/1219
f 1297/389/1220 1308/368/1220 1314/370/1220
f 1303/366/1221 1313/375/1221 1309/371/1221
f 1313/375/1222 1302/363/1222 1310/374/1222
f 1246/297/1223 1307/390/1223 1303/366/1223
f 1248/391/1224 1301/604/1224 1307/362/1224
f 1309/371/1225 1258/392/1225 1254/309/1225
f 1311/393/1226 1252/677/1226 1258/305/1226
f 1259/684/1227 1287/344/1227 1301/604/1227
f 1253/306/1228 1260/315/1228 1247/300/1228
f 1309/371/1229 1246/297/1229 1303/366/1229
f 1252/677/1230 1294/352/1230 1280/336/1230
f 1261/318/1231 1282/342/1231 1274/331/1231
f 1281/339/1232 1288/347/1232 1275/334/1232
f 1295/355/1233 1302/363/1233 1289/350/1233
f 1315/678/1234 1319/395/1234 1321/396/1234
f 1316/397/1235 1319/398/1235 1318/399/1235
f 1317/400/1236 1319/401/1236 1320/302/1236
f 1322/402/1237 1326/403/1237 1328/404/1237
f 1323/405/1238 1326/307/1238 1325/406/1238
f 1324/407/1239 1326/408/1239 1327/409/1239
f 1329/645/1240 1333/411/1240 1335/412/1240
f 1330/413/1241 1333/414/1241 1332/415/1241
f 1331/416/1242 1333/414/1242 1334/417/1242
f 1336/418/1243 1340/419/1243 1342/420/1243
f 1337/421/1244 1340/422/1244 1339/423/1244
f 1338/424/1245 1340/422/1245 1341/425/1245
f 1343/426/1246 1347/427/1246 1349/428/1246
f 1344/429/1247 1347/430/1247 1346/431/1247
f 1345/432/1248 1347/430/1248 1348/433/1248
f 1350/434/1249 1354/435/1249 1356/436/1249
f 1351/437/1250 1354/438/1250 1353/439/1250
f 1352/440/1251 1354/438/1251 1355/441/1251
f 1357/442/1252 1361/443/1252 1363/444/1252
f 1358/445/1253 1361/446/1253 1360/447/1253
f 1359/448/1254 1361/446/1254 1362/449/1254
f 1364/450/1255 1368/451/1255 1370/452/1255
f 1365/453/1256 1368/454/1256 1367/455/1256
f 1366/456/1257 1368/454/1257 1369/457/1257
f 1371/458/1258 1375/459/1258 1377/460/1258
f 1372/461/1259 1375/462/1259 1374/463/1259
f 1373/630/1260 1375/462/1260 1376/367/1260
f 1378/465/1261 1382/466/1261 1384/467/1261
f 1379/468/1262 1382/469/1262 1381/470/1262
f 1380/471/1263 1382/469/1263 1383/375/1263
f 1317/400/1264 1332/415/1264 1321/472/1264
f 1332/473/1265 1315/678/1265 1321/396/1265
f 1323/405/1266 1342/474/1266 1338/424/1266
f 1325/475/1267 1336/418/1267 1342/420/1267
f 1316/397/1268 1327/409/1268 1320/476/1268
f 1327/477/1269 1317/400/1269 1320/302/1269
f 1331/416/1270 1341/425/1270 1337/421/1270
f 1341/425/1271 1330/413/1271 1338/424/1271
f 1331/416/1272 1346/431/1272 1335/478/1272
f 1346/479/1273 1329/645/1273 1335/412/1273
f 1352/440/1274 1339/423/1274 1356/480/1274
f 1339/650/1275 1350/434/1275 1356/436/1275
f 1345/432/1276 1355/441/1276 1351/437/1276
f 1355/441/1277 1344/429/1277 1352/440/1277
f 1358/445/1278 1349/481/1278 1345/432/1278
f 1360/632/1279 1343/426/1279 1349/428/1279
f 1366/456/1280 1353/439/1280 1370/482/1280
f 1370/452/1281 1350/434/1281 1364/450/1281
f 1359/448/1282 1369/457/1282 1365/453/1282
f 1369/457/1283 1358/445/1283 1366/456/1283
f 1372/461/1284 1363/484/1284 1359/448/1284
f 1374/651/1285 1357/442/1285 1363/444/1285
f 1365/453/1286 1384/485/1286 1380/471/1286
f 1384/467/1287 1364/450/1287 1378/465/1287
f 1373/630/1288 1383/375/1288 1379/468/1288
f 1383/375/1289 1372/461/1289 1380/471/1289
f 1316/397/1290 1377/487/1290 1373/630/1290
f 1318/488/1291 1371/458/1291 1377/460/1291
f 1379/468/1292 1328/489/1292 1324/407/1292
f 1381/633/1293 1322/402/1293 1328/404/1293
f 1329/645/1294 1357/442/1294 1371/458/1294
f 1323/405/1295 1330/413/1295 1317/400/1295
f 1379/468/1296 1316/397/1296 1373/630/1296
f 1322/402/1297 1364/450/1297 1350/434/1297
f 1337/421/1298 1344/429/1298 1331/416/1298
f 1351/437/1299 1358/445/1299 1345/432/1299
f 1365/453/1300 1372/461/1300 1359/448/1300
f 1385/652/1301 1389/491/1301 1391/492/1301
f 1386/653/1302 1389/298/1302 1388/494/1302
f 1387/635/1303 1389/496/1303 1390/497/1303
f 1392/679/1304 1396/499/1304 1398/500/1304
f 1393/656/1305 1396/307/1305 1395/502/1305
f 1394/657/1306 1396/504/1306 1397/505/1306
f 1399/636/1307 1403/507/1307 1405/508/1307
f 1400/509/1308 1403/510/1308 1402/511/1308
f 1401/658/1309 1403/510/1309 1404/592/1309
f 1406/659/1310 1410/514/1310 1412/515/1310
f 1407/681/1311 1410/517/1311 1409/518/1311
f 1408/519/1312 1410/517/1312 1411/425/1312
f 1413/521/1313 1417/522/1313 1419/523/1313
f 1414/662/1314 1417/525/1314 1416/526/1314
f 1415/527/1315 1417/525/1315 1418/663/1315
f 1420/682/1316 1424/529/1316 1426/530/1316
f 1421/664/1317 1424/532/1317 1423/533/1317
f 1422/534/1318 1424/532/1318 1425/665/1318
f 1427/666/1319 1431/537/1319 1433/538/1319
f 1428/667/1320 1431/540/1320 1430/541/1320
f 1429/542/1321 1431/540/1321 1432/449/1321
f 1434/544/1322 1438/545/1322 1440/546/1322
f 1435/668/1323 1438/548/1323 1437/549/1323
f 1436/550/1324 1438/548/1324 1439/670/1324
f 1441/671/1325 1445/553/1325 1447/554/1325
f 1442/555/1326 1445/556/1326 1444/557/1326
f 1443/558/1327 1445/556/1327 1446/559/1327
f 1448/672/1328 1452/561/1328 1454/562/1328
f 1449/685/1329 1452/564/1329 1451/565/1329
f 1450/566/1330 1452/564/1330 1453/611/1330
f 1400/509/1331 1391/568/1331 1387/635/1331
f 1402/569/1332 1385/652/1332 1391/492/1332
f 1408/519/1333 1395/502/1333 1412/570/1333
f 1412/515/1334 1392/679/1334 1406/659/1334
f 1386/653/1335 1397/505/1335 1390/379/1335
f 1397/571/1336 1387/635/1336 1390/497/1336
f 1401/658/1337 1411/425/1337 1407/681/1337
f 1411/425/1338 1400/509/1338 1408/519/1338
f 1401/658/1339 1416/526/1339 1405/572/1339
f 1405/508/1340 1413/521/1340 1399/636/1340
f 1422/534/1341 1409/518/1341 1426/574/1341
f 1409/575/1342 1420/682/1342 1426/530/1342
f 1415/527/1343 1425/665/1343 1421/664/1343
f 1425/665/1344 1414/662/1344 1422/534/1344
f 1428/667/1345 1419/576/1345 1415/527/1345
f 1419/523/1346 1427/666/1346 1413/521/1346
f 1436/550/1347 1423/533/1347 1440/578/1347
f 1423/579/1348 1434/544/1348 1440/546/1348
f 1429/542/1349 1439/670/1349 1435/668/1349
f 1439/670/1350 1428/667/1350 1436/550/1350
f 1442/555/1351 1433/580/1351 1429/542/1351
f 1444/581/1352 1427/666/1352 1433/538/1352
f 1435/668/1353 1454/582/1353 1450/566/1353
f 1437/639/1354 1448/672/1354 1454/562/1354
f 1443/558/1355 1453/611/1355 1449/685/1355
f 1453/611/1356 1442/555/1356 1450/566/1356
f 1386/653/1357 1447/583/1357 1443/558/1357
f 1388/675/1358 1441/671/1358 1447/554/1358
f 1394/657/1359 1451/565/1359 1398/584/1359
f 1451/585/1360 1392/679/1360 1398/500/1360
f 1399/636/1361 1427/666/1361 1441/671/1361
f 1387/635/1362 1408/519/1362 1400/509/1362
f 1443/558/1363 1394/657/1363 1386/653/1363
f 1392/679/1364 1434/544/1364 1420/682/1364
f 1407/681/1365 1414/662/1365 1401/658/1365
f 1421/664/1366 1428/667/1366 1415/527/1366
f 1429/542/1367 1450/566/1367 1442/555/1367
f 1455/294/1368 1459/295/1368 1461/296/1368
f 1456/297/1369 1459/298/1369 1458/299/1369
f 1457/300/1370 1459/301/1370 1460/302/1370
f 1462/677/1371 1466/304/1371 1468/305/1371
f 1463/306/1372 1466/307/1372 1465/308/1372
f 1464/309/1373 1466/310/1373 1467/311/1373
f 1469/312/1374 1473/313/1374 1475/314/1374
f 1470/315/1375 1473/316/1375 1472/317/1375
f 1471/318/1376 1473/316/1376 1474/319/1376
f 1476/320/1377 1480/321/1377 1482/322/1377
f 1477/323/1378 1480/324/1378 1479/325/1378
f 1478/326/1379 1480/324/1379 1481/327/1379
f 1483/328/1380 1487/329/1380 1489/330/1380
f 1484/331/1381 1487/332/1381 1486/333/1381
f 1485/334/1382 1487/332/1382 1488/335/1382
f 1490/336/1383 1494/337/1383 1496/338/1383
f 1491/339/1384 1494/340/1384 1493/341/1384
f 1492/342/1385 1494/340/1385 1495/343/1385
f 1497/344/1386 1501/345/1386 1503/346/1386
f 1498/347/1387 1501/348/1387 1500/349/1387
f 1499/350/1388 1501/348/1388 1502/351/1388
f 1504/352/1389 1508/353/1389 1510/354/1389
f 1505/355/1390 1508/356/1390 1507/357/1390
f 1506/358/1391 1508/356/1391 1509/359/1391
f 1511/360/1392 1515/361/1392 1517/362/1392
f 1512/363/1393 1515/364/1393 1514/365/1393
f 1513/366/1394 1515/364/1394 1516/367/1394
f 1518/608/1395 1522/369/1395 1524/370/1395
f 1519/371/1396 1522/372/1396 1521/373/1396
f 1520/374/1397 1522/372/1397 1523/375/1397
f 1457/300/1398 1472/317/1398 1461/376/1398
f 1472/642/1399 1455/294/1399 1461/296/1399
f 1463/306/1400 1482/377/1400 1478/326/1400
f 1465/378/1401 1476/320/1401 1482/322/1401
f 1456/297/1402 1467/311/1402 1460/379/1402
f 1467/380/1403 1457/300/1403 1460/302/1403
f 1471/318/1404 1481/327/1404 1477/323/1404
f 1481/327/1405 1470/315/1405 1478/326/1405
f 1484/331/1406 1475/381/1406 1471/318/1406
f 1475/314/1407 1483/328/1407 1469/312/1407
f 1492/342/1408 1479/325/1408 1496/382/1408
f 1496/338/1409 1476/320/1409 1490/336/1409
f 1485/334/1410 1495/343/1410 1491/339/1410
f 1495/343/1411 1484/331/1411 1492/342/1411
f 1498/347/1412 1489/383/1412 1485/334/1412
f 1489/330/1413 1497/344/1413 1483/328/1413
f 1491/339/1414 1510/384/1414 1506/358/1414
f 1493/385/1415 1504/352/1415 1510/354/1415
f 1499/350/1416 1509/359/1416 1505/355/1416
f 1509/359/1417 1498/347/1417 1506/358/1417
f 1512/363/1418 1503/386/1418 1499/350/1418
f 1514/387/1419 1497/344/1419 1503/346/1419
f 1520/374/1420 1507/357/1420 1524/388/1420
f 1507/389/1421 1518/608/1421 1524/370/1421
f 1513/366/1422 1523/375/1422 1519/371/1422
f 1523/375/1423 1512/363/1423 1520/374/1423
f 1456/297/1424 1517/390/1424 1513/366/1424
f 1517/362/1425 1455/294/1425 1511/360/1425
f 1464/309/1426 1521/373/1426 1468/392/1426
f 1468/305/1427 1518/608/1427 1462/677/1427
f 1469/312/1428 1497/344/1428 1511/360/1428
f 1457/300/1429 1478/326/1429 1470/315/1429
f 1513/366/1430 1464/309/1430 1456/297/1430
f 1462/677/1431 1504/352/1431 1490/336/1431
f 1471/318/1432 1492/342/1432 1484/331/1432
f 1485/334/1433 1506/358/1433 1498/347/1433
f 1505/355/1434 1512/363/1434 1499/350/1434
f 1525/394/1435 1529/395/1435 1531/396/1435
f 1526/397/1436 1529/398/1436 1528/399/1436
f 1527/400/1437 1529/401/1437 1530/302/1437
f 1532/402/1438 1536/403/1438 1538/404/1438
f 1533/405/1439 1536/307/1439 1535/406/1439
f 1534/407/1440 1536/408/1440 1537/409/1440
f 1539/645/1441 1543/411/1441 1545/412/1441
f 1540/413/1442 1543/414/1442 1542/415/1442
f 1541/416/1443 1543/414/1443 1544/417/1443
f 1546/418/1444 1550/419/1444 1552/420/1444
f 1547/421/1445 1550/422/1445 1549/423/1445
f 1548/424/1446 1550/422/1446 1551/425/1446
f 1553/426/1447 1557/427/1447 1559/428/1447
f 1554/429/1448 1557/430/1448 1556/431/1448
f 1555/432/1449 1557/430/1449 1558/433/1449
f 1560/434/1450 1564/435/1450 1566/436/1450
f 1561/437/1451 1564/438/1451 1563/439/1451
f 1562/440/1452 1564/438/1452 1565/441/1452
f 1567/625/1453 1571/443/1453 1573/444/1453
f 1568/445/1454 1571/446/1454 1570/447/1454
f 1569/448/1455 1571/446/1455 1572/449/1455
f 1574/450/1456 1578/451/1456 1580/452/1456
f 1575/453/1457 1578/454/1457 1577/455/1457
f 1576/456/1458 1578/454/1458 1579/457/1458
f 1581/458/1459 1585/459/1459 1587/460/1459
f 1582/461/1460 1585/462/1460 1584/463/1460
f 1583/464/1461 1585/462/1461 1586/367/1461
f 1588/465/1462 1592/466/1462 1594/467/1462
f 1589/468/1463 1592/469/1463 1591/470/1463
f 1590/471/1464 1592/469/1464 1593/375/1464
f 1540/413/1465 1531/472/1465 1527/400/1465
f 1531/396/1466 1539/645/1466 1525/394/1466
f 1548/424/1467 1535/406/1467 1552/474/1467
f 1552/420/1468 1532/402/1468 1546/418/1468
f 1526/397/1469 1537/409/1469 1530/476/1469
f 1537/477/1470 1527/400/1470 1530/302/1470
f 1541/416/1471 1551/425/1471 1547/421/1471
f 1551/425/1472 1540/413/1472 1548/424/1472
f 1554/429/1473 1545/478/1473 1541/416/1473
f 1556/479/1474 1539/645/1474 1545/412/1474
f 1547/421/1475 1566/480/1475 1562/440/1475
f 1566/436/1476 1546/418/1476 1560/434/1476
f 1555/432/1477 1565/441/1477 1561/437/1477
f 1565/441/1478 1554/429/1478 1562/440/1478
f 1555/432/1479 1570/447/1479 1559/481/1479
f 1559/428/1480 1567/625/1480 1553/426/1480
f 1576/456/1481 1563/439/1481 1580/482/1481
f 1580/452/1482 1560/434/1482 1574/450/1482
f 1569/448/1483 1579/457/1483 1575/453/1483
f 1579/457/1484 1568/445/1484 1576/456/1484
f 1569/448/1485 1584/463/1485 1573/484/1485
f 1584/651/1486 1567/625/1486 1573/444/1486
f 1590/471/1487 1577/455/1487 1594/485/1487
f 1577/486/1488 1588/465/1488 1594/467/1488
f 1583/464/1489 1593/375/1489 1589/468/1489
f 1593/375/1490 1582/461/1490 1590/471/1490
f 1583/464/1491 1528/399/1491 1587/487/1491
f 1587/460/1492 1525/394/1492 1581/458/1492
f 1589/468/1493 1538/489/1493 1534/407/1493
f 1591/633/1494 1532/402/1494 1538/404/1494
f 1539/645/1495 1567/625/1495 1581/458/1495
f 1527/400/1496 1548/424/1496 1540/413/1496
f 1583/464/1497 1534/407/1497 1526/397/1497
f 1532/402/1498 1574/450/1498 1560/434/1498
f 1547/421/1499 1554/429/1499 1541/416/1499
f 1561/437/1500 1568/445/1500 1555/432/1500
f 1575/453/1501 1582/461/1501 1569/448/1501
f 1595/652/1502 1599/491/1502 1601/492/1502
f 1596/653/1503 1599/298/1503 1598/494/1503
f 1597/635/1504 1599/496/1504 1600/497/1504
f 1602/679/1505 1606/499/1505 1608/500/1505
f 1603/656/1506 1606/307/1506 1605/502/1506
f 1604/657/1507 1606/504/1507 1607/505/1507
f 1609/636/1508 1613/507/1508 1615/508/1508
f 1610/509/1509 1613/510/1509 1612/511/1509
f 1611/686/1510 1613/510/1510 1614/592/1510
f 1616/659/1511 1620/514/1511 1622/515/1511
f 1617/681/1512 1620/517/1512 1619/518/1512
f 1618/519/1513 1620/517/1513 1621/425/1513
f 1623/521/1514 1627/522/1514 1629/523/1514
f 1624/662/1515 1627/525/1515 1626/526/1515
f 1625/527/1516 1627/525/1516 1628/663/1516
f 1630/682/1517 1634/529/1517 1636/530/1517
f 1631/664/1518 1634/532/1518 1633/533/1518
f 1632/534/1519 1634/532/1519 1635/665/1519
f 1637/666/1520 1641/537/1520 1643/538/1520
f 1638/667/1521 1641/540/1521 1640/541/1521
f 1639/542/1522 1641/540/1522 1642/449/1522
f 1644/544/1523 1648/545/1523 1650/546/1523
f 1645/687/1524 1648/548/1524 1647/549/1524
f 1646/669/1525 1648/548/1525 1649/670/1525
f 1651/671/1526 1655/553/1526 1657/554/1526
f 1652/688/1527 1655/556/1527 1654/557/1527
f 1653/558/1528 1655/556/1528 1656/559/1528
f 1658/672/1529 1662/561/1529 1664/562/1529
f 1659/689/1530 1662/564/1530 1661/565/1530
f 1660/566/1531 1662/564/1531 1663/611/1531
f 1597/635/1532 1612/511/1532 1601/568/1532
f 1612/569/1533 1595/652/1533 1601/492/1533
f 1618/519/1534 1605/502/1534 1622/570/1534
f 1605/674/1535 1616/659/1535 1622/515/1535
f 1596/653/1536 1607/505/1536 1600/379/1536
f 1607/571/1537 1597/635/1537 1600/497/1537
f 1611/686/1538 1621/425/1538 1617/681/1538
f 1621/425/1539 1610/509/1539 1618/519/1539
f 1624/662/1540 1615/572/1540 1611/686/1540
f 1626/573/1541 1609/636/1541 1615/508/1541
f 1617/681/1542 1636/574/1542 1632/534/1542
f 1619/575/1543 1630/682/1543 1636/530/1543
f 1625/527/1544 1635/665/1544 1631/664/1544
f 1635/665/1545 1624/662/1545 1632/534/1545
f 1638/667/1546 1629/576/1546 1625/527/1546
f 1629/523/1547 1637/666/1547 1623/521/1547
f 1646/669/1548 1633/533/1548 1650/578/1548
f 1633/579/1549 1644/544/1549 1650/546/1549
f 1639/542/1550 1649/670/1550 1645/687/1550
f 1649/670/1551 1638/667/1551 1646/669/1551
f 1639/542/1552 1654/557/1552 1643/580/1552
f 1654/581/1553 1637/666/1553 1643/538/1553
f 1645/687/1554 1664/582/1554 1660/566/1554
f 1647/639/1555 1658/672/1555 1664/562/1555
f 1653/558/1556 1663/611/1556 1659/689/1556
f 1663/611/1557 1652/688/1557 1660/566/1557
f 1653/558/1558 1598/494/1558 1657/583/1558
f 1657/554/1559 1595/652/1559 1651/671/1559
f 1659/689/1560 1608/584/1560 1604/657/1560
f 1608/500/1561 1658/672/1561 1602/679/1561
f 1609/636/1562 1637/666/1562 1651/671/1562
f 1603/656/1563 1610/509/1563 1597/635/1563
f 1653/558/1564 1604/657/1564 1596/653/1564
f 1602/679/1565 1644/544/1565 1630/682/1565
f 1617/681/1566 1624/662/1566 1611/686/1566
f 1631/664/1567 1638/667/1567 1625/527/1567
f 1645/687/1568 1652/688/1568 1639/542/1568
f 1/1/1 5/714/1 6/2/1
f 6/4/2 4/47/2 2/5/2
f 8/7/3 9/715/3 12/8/3
f 12/8/4 9/715/4 7/10/4
f 14/12/5 15/716/5 18/13/5
f 18/13/6 15/716/6 13/15/6
f 20/17/7 21/717/7 24/18/7
f 24/18/8 21/717/8 19/20/8
f 26/22/9 27/718/9 30/23/9
f 30/23/10 27/718/10 25/25/10
f 32/27/11 33/719/11 36/28/11
f 36/28/12 33/719/12 31/30/12
f 38/32/13 39/720/13 42/33/13
f 42/33/14 39/720/14 37/35/14
f 44/37/15 45/721/15 48/38/15
f 48/38/16 45/721/16 43/40/16
f 50/42/17 51/722/17 54/43/17
f 54/43/18 51/722/18 49/45/18
f 4/47/19 11/11/19 7/10/19
f 52/44/20 5/714/20 1/1/20
f 10/9/21 17/16/21 13/15/21
f 16/14/22 23/21/22 19/20/22
f 22/19/23 29/26/23 25/25/23
f 28/24/24 35/31/24 31/30/24
f 34/29/25 41/36/25 37/35/25
f 40/34/26 47/41/26 43/40/26
f 46/39/27 53/46/27 49/45/27
f 405/294/1990 408/391/1990 409/295/1990
f 406/297/1991 410/379/1991 409/298/1991
f 407/300/1992 411/376/1992 409/301/1992
f 412/303/1993 415/378/1993 416/304/1993
f 413/306/1994 417/380/1994 416/307/1994
f 414/309/1995 418/392/1995 416/310/1995
f 419/312/1996 422/642/1996 423/313/1996
f 420/315/1997 424/319/1997 423/316/1997
f 421/318/1998 425/381/1998 423/316/1998
f 426/320/1999 429/612/1999 430/321/1999
f 427/323/2000 431/327/2000 430/324/2000
f 428/326/2001 432/377/2001 430/324/2001
f 433/328/2002 436/643/2002 437/329/2002
f 434/331/2003 438/335/2003 437/332/2003
f 435/334/2004 439/383/2004 437/332/2004
f 440/336/2005 443/385/2005 444/337/2005
f 441/339/2006 445/343/2006 444/340/2006
f 442/342/2007 446/382/2007 444/340/2007
f 447/344/2008 450/644/2008 451/345/2008
f 448/347/2009 452/351/2009 451/348/2009
f 449/350/2010 453/386/2010 451/348/2010
f 454/352/2011 457/389/2011 458/353/2011
f 455/355/2012 459/359/2012 458/356/2012
f 456/358/2013 460/384/2013 458/356/2013
f 461/360/2014 464/387/2014 465/361/2014
f 462/363/2015 466/367/2015 465/364/2015
f 463/366/2016 467/390/2016 465/364/2016
f 468/368/2017 471/393/2017 472/369/2017
f 469/371/2018 473/375/2018 472/372/2018
f 470/374/2019 474/388/2019 472/372/2019
f 420/315/393 422/317/393 411/376/393
f 411/296/394 422/642/394 419/312/394
f 428/326/395 413/306/395 415/308/395
f 415/378/396 412/303/396 426/320/396
f 406/297/397 414/309/397 417/311/397
f 417/380/398 413/306/398 407/300/398
f 421/318/399 424/319/399 431/327/399
f 431/327/400 424/319/400 420/315/400
f 434/331/401 436/333/401 425/381/401
f 425/314/402 436/643/402 433/328/402
f 427/323/403 429/325/403 446/382/403
f 446/338/404 429/612/404 426/320/404
f 435/334/405 438/335/405 445/343/405
f 445/343/406 438/335/406 434/331/406
f 435/334/407 448/347/407 450/349/407
f 439/330/408 450/644/408 447/344/408
f 441/339/409 443/341/409 460/384/409
f 443/385/410 440/336/410 454/352/410
f 449/350/411 452/351/411 459/359/411
f 459/359/412 452/351/412 448/347/412
f 449/350/413 462/363/413 464/365/413
f 464/387/414 461/360/414 447/344/414
f 455/355/415 457/357/415 474/388/415
f 457/389/416 454/352/416 468/368/416
f 463/366/417 466/367/417 473/375/417
f 473/375/418 466/367/418 462/363/418
f 406/297/419 408/299/419 467/390/419
f 408/391/420 405/294/420 461/360/420
f 469/371/421 471/373/421 418/392/421
f 471/393/422 468/368/422 412/303/422
f 461/360/423 405/294/423 419/312/423
f 419/312/423 433/328/423 447/344/423
f 413/306/424 428/326/424 420/315/424
f 469/371/425 414/309/425 406/297/425
f 440/336/426 426/320/426 412/303/426
f 412/303/426 468/368/426 454/352/426
f 421/318/427 427/323/427 442/342/427
f 435/334/428 441/339/428 456/358/428
f 455/355/429 470/374/429 462/363/429
f 475/394/2020 478/488/2020 479/395/2020
f 476/397/2021 480/476/2021 479/398/2021
f 477/400/2022 481/472/2022 479/401/2022
f 482/402/2023 485/475/2023 486/403/2023
f 483/405/2024 487/477/2024 486/307/2024
f 484/407/2025 488/489/2025 486/408/2025
f 489/410/2026 492/473/2026 493/411/2026
f 490/413/2027 494/417/2027 493/414/2027
f 491/416/2028 495/478/2028 493/414/2028
f 496/418/2029 499/650/2029 500/419/2029
f 497/421/2030 501/425/2030 500/422/2030
f 498/424/2031 502/474/2031 500/422/2031
f 503/426/2032 506/479/2032 507/427/2032
f 504/429/2033 508/433/2033 507/430/2033
f 505/432/2034 509/481/2034 507/430/2034
f 510/434/2035 513/483/2035 514/435/2035
f 511/437/2036 515/441/2036 514/438/2036
f 512/440/2037 516/480/2037 514/438/2037
f 517/442/2038 520/632/2038 521/443/2038
f 518/445/2039 522/449/2039 521/446/2039
f 519/448/2040 523/484/2040 521/446/2040
f 524/450/2041 527/486/2041 528/451/2041
f 525/453/2042 529/457/2042 528/454/2042
f 526/456/2043 530/482/2043 528/454/2043
f 531/458/2044 534/651/2044 535/459/2044
f 532/461/2045 536/367/2045 535/462/2045
f 533/464/2046 537/487/2046 535/462/2046
f 538/465/2047 541/633/2047 542/466/2047
f 539/468/2048 543/375/2048 542/469/2048
f 540/471/2049 544/485/2049 542/469/2049
f 490/413/460 492/415/460 481/472/460
f 492/473/461 489/410/461 475/394/461
f 498/424/462 483/405/462 485/406/462
f 485/475/463 482/402/463 496/418/463
f 476/397/464 484/407/464 487/409/464
f 487/477/465 483/405/465 477/400/465
f 491/416/466 494/417/466 501/425/466
f 501/425/467 494/417/467 490/413/467
f 504/429/468 506/431/468 495/478/468
f 506/479/469 503/426/469 489/410/469
f 497/421/470 499/423/470 516/480/470
f 516/436/471 499/650/471 496/418/471
f 505/432/472 508/433/472 515/441/472
f 515/441/473 508/433/473 504/429/473
f 505/432/474 518/445/474 520/447/474
f 509/428/475 520/632/475 517/442/475
f 526/456/476 511/437/476 513/439/476
f 513/483/477 510/434/477 524/450/477
f 519/448/478 522/449/478 529/457/478
f 529/457/479 522/449/479 518/445/479
f 519/448/480 532/461/480 534/463/480
f 523/444/481 534/651/481 531/458/481
f 525/453/482 527/455/482 544/485/482
f 527/486/483 524/450/483 538/465/483
f 533/464/484 536/367/484 543/375/484
f 543/375/485 536/367/485 532/461/485
f 533/464/486 476/397/486 478/399/486
f 478/488/487 475/394/487 531/458/487
f 539/468/488 541/470/488 488/489/488
f 488/404/489 541/633/489 538/465/489
f 531/458/490 475/394/490 489/410/490
f 489/410/490 503/426/490 517/442/490
f 483/405/491 498/424/491 490/413/491
f 539/468/492 484/407/492 476/397/492
f 510/434/493 496/418/493 482/402/493
f 482/402/493 538/465/493 524/450/493
f 497/421/494 512/440/494 504/429/494
f 511/437/495 526/456/495 518/445/495
f 525/453/496 540/471/496 532/461/496
f 545/490/2050 548/675/2050 549/491/2050
f 546/493/2051 550/379/2051 549/298/2051
f 547/495/2052 551/568/2052 549/496/2052
f 552/498/2053 555/674/2053 556/499/2053
f 553/501/2054 557/571/2054 556/307/2054
f 554/503/2055 558/584/2055 556/504/2055
f 559/506/2056 562/569/2056 563/507/2056
f 560/509/2057 564/319/2057 563/510/2057
f 561/512/2058 565/572/2058 563/510/2058
f 566/513/2059 569/575/2059 570/514/2059
f 567/516/2060 571/520/2060 570/517/2060
f 568/519/2061 572/570/2061 570/517/2061
f 573/521/2062 576/573/2062 577/522/2062
f 574/524/2063 578/433/2063 577/525/2063
f 575/527/2064 579/576/2064 577/525/2064
f 580/528/2065 583/579/2065 584/529/2065
f 581/531/2066 585/535/2066 584/532/2066
f 582/534/2067 586/574/2067 584/532/2067
f 587/536/2068 590/577/2068 591/537/2068
f 588/539/2069 592/543/2069 591/540/2069
f 589/542/2070 593/580/2070 591/540/2070
f 594/544/2071 597/639/2071 598/545/2071
f 595/547/2072 599/551/2072 598/548/2072
f 596/550/2073 600/578/2073 598/548/2073
f 601/552/2074 604/581/2074 605/553/2074
f 602/555/2075 606/559/2075 605/556/2075
f 603/558/2076 607/583/2076 605/556/2076
f 608/560/2077 611/585/2077 612/561/2077
f 609/563/2078 613/567/2078 612/564/2078
f 610/566/2079 614/582/2079 612/564/2079
f 547/495/527 560/509/527 562/511/527
f 562/569/528 559/506/528 545/490/528
f 568/519/529 553/501/529 555/502/529
f 572/515/530 555/674/530 552/498/530
f 546/493/531 554/503/531 557/505/531
f 557/571/532 553/501/532 547/495/532
f 561/512/533 564/319/533 571/520/533
f 571/520/534 564/319/534 560/509/534
f 574/524/535 576/526/535 565/572/535
f 576/573/536 573/521/536 559/506/536
f 567/516/537 569/518/537 586/574/537
f 569/575/2080 566/513/2080 580/528/2080
f 575/527/539 578/433/539 585/535/539
f 585/535/540 578/433/540 574/524/540
f 575/527/541 588/539/541 590/541/541
f 590/577/542 587/536/542 573/521/542
f 581/531/543 583/533/543 600/578/543
f 583/579/544 580/528/544 594/544/544
f 589/542/545 592/543/545 599/551/545
f 599/551/546 592/543/546 588/539/546
f 602/555/547 604/557/547 593/580/547
f 604/581/548 601/552/548 587/536/548
f 610/566/549 595/547/549 597/549/549
f 614/562/2081 597/639/2081 594/544/2081
f 603/558/551 606/559/551 613/567/551
f 613/567/552 606/559/552 602/555/552
f 603/558/553 546/493/553 548/494/553
f 607/554/554 548/675/554 545/490/554
f 609/563/555 611/565/555 558/584/555
f 611/585/556 608/560/556 552/498/556
f 601/552/557 545/490/557 559/506/557
f 559/506/557 573/521/557 587/536/557
f 553/501/2082 568/519/2082 560/509/2082
f 609/563/559 554/503/559 546/493/559
f 580/528/560 566/513/560 552/498/560
f 552/498/2083 608/560/2083 594/544/2083
f 567/516/561 582/534/561 574/524/561
f 581/531/562 596/550/562 588/539/562
f 595/547/563 610/566/563 602/555/563
f 615/586/2084 618/391/2084 619/295/2084
f 616/297/2085 620/379/2085 619/298/2085
f 617/587/2086 621/376/2086 619/301/2086
f 622/588/2087 625/378/2087 626/304/2087
f 623/589/2088 627/380/2088 626/307/2088
f 624/309/2089 628/392/2089 626/310/2089
f 629/590/2090 632/642/2090 633/313/2090
f 630/591/2091 634/592/2091 633/316/2091
f 631/318/2092 635/381/2092 633/316/2092
f 636/593/2093 639/612/2093 640/321/2093
f 637/594/2094 641/327/2094 640/324/2094
f 638/326/2095 642/377/2095 640/324/2095
f 643/328/2096 646/643/2096 647/329/2096
f 644/595/2097 648/596/2097 647/332/2097
f 645/334/2098 649/383/2098 647/332/2098
f 650/336/2099 653/385/2099 654/337/2099
f 651/597/2100 655/599/2100 654/340/2100
f 652/598/2101 656/382/2101 654/340/2101
f 657/344/2102 660/644/2102 661/345/2102
f 658/347/2103 662/601/2103 661/348/2103
f 659/600/2104 663/386/2104 661/348/2104
f 664/352/2105 667/389/2105 668/353/2105
f 665/602/2106 669/359/2106 668/356/2106
f 666/603/2107 670/384/2107 668/356/2107
f 671/604/2108 674/387/2108 675/361/2108
f 672/605/2109 676/607/2109 675/364/2109
f 673/606/2110 677/390/2110 675/364/2110
f 678/608/2111 681/393/2111 682/369/2111
f 679/609/2112 683/611/2112 682/372/2112
f 680/610/2113 684/388/2113 682/372/2113
f 630/591/594 632/317/594 621/376/594
f 621/296/595 632/642/595 629/590/595
f 623/589/596 625/308/596 642/377/596
f 642/322/597 625/378/597 622/588/597
f 616/297/598 624/309/598 627/311/598
f 627/380/2114 623/589/2114 617/587/2114
f 631/318/600 634/592/600 641/327/600
f 641/327/601 634/592/601 630/591/601
f 631/318/602 644/595/602 646/333/602
f 635/314/603 646/643/603 643/328/603
f 652/598/604 637/594/604 639/325/604
f 639/612/2115 636/593/2115 650/336/2115
f 645/334/606 648/596/606 655/599/606
f 655/599/607 648/596/607 644/595/607
f 658/347/608 660/349/608 649/383/608
f 649/330/609 660/644/609 657/344/609
f 651/597/610 653/341/610 670/384/610
f 653/385/611 650/336/611 664/352/611
f 659/600/612 662/601/612 669/359/612
f 669/359/613 662/601/613 658/347/613
f 672/605/614 674/365/614 663/386/614
f 663/346/615 674/387/615 671/604/615
f 680/610/616 665/602/616 667/357/616
f 684/370/617 667/389/617 664/352/617
f 673/606/618 676/607/618 683/611/618
f 683/611/619 676/607/619 672/605/619
f 616/297/620 618/299/620 677/390/620
f 677/362/621 618/391/621 615/586/621
f 624/309/622 679/609/622 681/373/622
f 628/305/623 681/393/623 678/608/623
f 671/604/624 615/586/624 629/590/624
f 629/590/624 643/328/624 657/344/624
f 623/589/625 638/326/625 630/591/625
f 673/606/626 679/609/626 624/309/626
f 650/336/627 636/593/627 622/588/627
f 622/588/627 678/608/627 664/352/627
f 637/594/628 652/598/628 644/595/628
f 651/597/629 666/603/629 658/347/629
f 665/602/630 680/610/630 672/605/630
f 685/613/2116 688/488/2116 689/395/2116
f 686/397/2117 690/476/2117 689/398/2117
f 687/400/2118 691/472/2118 689/401/2118
f 692/614/2119 695/475/2119 696/403/2119
f 693/615/2120 697/477/2120 696/307/2120
f 694/407/2121 698/489/2121 696/408/2121
f 699/410/2122 702/473/2122 703/411/2122
f 700/413/2123 704/417/2123 703/414/2123
f 701/416/2124 705/478/2124 703/414/2124
f 706/616/2125 709/650/2125 710/419/2125
f 707/617/2126 711/619/2126 710/422/2126
f 708/618/2127 712/474/2127 710/422/2127
f 713/620/2128 716/479/2128 717/427/2128
f 714/429/2129 718/596/2129 717/430/2129
f 715/621/2130 719/481/2130 717/430/2130
f 720/622/2131 723/483/2131 724/435/2131
f 721/623/2132 725/624/2132 724/438/2132
f 722/440/2133 726/480/2133 724/438/2133
f 727/625/2134 730/632/2134 731/443/2134
f 728/626/2135 732/543/2135 731/446/2135
f 729/627/2136 733/484/2136 731/446/2136
f 734/450/2137 737/486/2137 738/451/2137
f 735/628/2138 739/551/2138 738/454/2138
f 736/629/2139 740/482/2139 738/454/2139
f 741/458/2140 744/651/2140 745/459/2140
f 742/461/2141 746/367/2141 745/462/2141
f 743/630/2142 747/487/2142 745/462/2142
f 748/631/2143 751/633/2143 752/466/2143
f 749/468/2144 753/375/2144 752/469/2144
f 750/471/2145 754/485/2145 752/469/2145
f 687/400/661 700/413/661 702/415/661
f 702/473/662 699/410/662 685/613/662
f 693/615/2146 695/406/2146 712/474/2146
f 695/475/664 692/614/664 706/616/664
f 686/397/665 694/407/665 697/409/665
f 697/477/666 693/615/666 687/400/666
f 701/416/2147 704/417/2147 711/619/2147
f 711/619/668 704/417/668 700/413/668
f 701/416/669 714/429/669 716/431/669
f 716/479/670 713/620/670 699/410/670
f 722/440/671 707/617/671 709/423/671
f 726/436/672 709/650/672 706/616/672
f 715/621/673 718/596/673 725/624/673
f 725/624/674 718/596/674 714/429/674
f 715/621/675 728/626/675 730/447/675
f 730/632/676 727/625/676 713/620/676
f 721/623/677 723/439/677 740/482/677
f 723/483/678 720/622/678 734/450/678
f 729/627/679 732/543/679 739/551/679
f 739/551/680 732/543/680 728/626/680
f 729/627/681 742/461/681 744/463/681
f 733/444/682 744/651/682 741/458/682
f 735/628/683 737/455/683 754/485/683
f 754/467/684 737/486/684 734/450/684
f 743/630/685 746/367/685 753/375/685
f 753/375/686 746/367/686 742/461/686
f 743/630/687 686/397/687 688/399/687
f 688/488/688 685/613/688 741/458/688
f 694/407/689 749/468/689 751/470/689
f 751/633/690 748/631/690 692/614/690
f 741/458/691 685/613/691 699/410/691
f 699/410/691 713/620/691 727/625/691
f 693/615/692 708/618/692 700/413/692
f 749/468/693 694/407/693 686/397/693
f 720/622/694 706/616/694 692/614/694
f 692/614/694 748/631/694 734/450/694
f 701/416/695 707/617/695 722/440/695
f 715/621/696 721/623/696 736/629/696
f 735/628/697 750/471/697 742/461/697
f 755/634/2148 758/675/2148 759/491/2148
f 756/493/2149 760/379/2149 759/298/2149
f 757/635/2150 761/568/2150 759/496/2150
f 762/498/2151 765/674/2151 766/499/2151
f 763/501/2152 767/571/2152 766/307/2152
f 764/503/2153 768/584/2153 766/504/2153
f 769/636/2154 772/569/2154 773/507/2154
f 770/509/2155 774/319/2155 773/510/2155
f 771/512/2156 775/572/2156 773/510/2156
f 776/637/2157 779/575/2157 780/514/2157
f 777/516/2158 781/520/2158 780/517/2158
f 778/519/2159 782/570/2159 780/517/2159
f 783/521/2160 786/573/2160 787/522/2160
f 784/524/2161 788/433/2161 787/525/2161
f 785/527/2162 789/576/2162 787/525/2162
f 790/528/2163 793/579/2163 794/529/2163
f 791/531/2164 795/535/2164 794/532/2164
f 792/534/2165 796/574/2165 794/532/2165
f 797/536/2166 800/577/2166 801/537/2166
f 798/539/2167 802/543/2167 801/540/2167
f 799/542/2168 803/580/2168 801/540/2168
f 804/544/2169 807/639/2169 808/545/2169
f 805/547/2170 809/551/2170 808/548/2170
f 806/550/2171 810/578/2171 808/548/2171
f 811/552/2172 814/581/2172 815/553/2172
f 812/555/2173 816/559/2173 815/556/2173
f 813/638/2174 817/583/2174 815/556/2174
f 818/560/2175 821/585/2175 822/561/2175
f 819/563/2176 823/567/2176 822/564/2176
f 820/566/2177 824/582/2177 822/564/2177
f 757/635/728 770/509/728 772/511/728
f 772/569/2178 769/636/2178 755/634/2178
f 763/501/730 765/502/730 782/570/730
f 782/515/731 765/674/731 762/498/731
f 756/493/2179 764/503/2179 767/505/2179
f 767/571/733 763/501/733 757/635/733
f 771/512/734 774/319/734 781/520/734
f 781/520/735 774/319/735 770/509/735
f 784/524/736 786/526/736 775/572/736
f 786/573/2180 783/521/2180 769/636/2180
f 777/516/738 779/518/738 796/574/738
f 796/530/739 779/575/739 776/637/739
f 785/527/740 788/433/740 795/535/740
f 795/535/741 788/433/741 784/524/741
f 798/539/742 800/541/742 789/576/742
f 800/577/743 797/536/743 783/521/743
f 806/550/744 791/531/744 793/533/744
f 793/579/745 790/528/745 804/544/745
f 799/542/746 802/543/746 809/551/746
f 809/551/747 802/543/747 798/539/747
f 799/542/748 812/555/748 814/557/748
f 814/581/749 811/552/749 797/536/749
f 820/566/750 805/547/750 807/549/750
f 807/639/751 804/544/751 818/560/751
f 813/638/752 816/559/752 823/567/752
f 823/567/753 816/559/753 812/555/753
f 756/493/754 758/494/754 817/583/754
f 817/554/2181 758/675/2181 755/634/2181
f 764/503/756 819/563/756 821/565/756
f 821/585/757 818/560/757 762/498/757
f 811/552/758 755/634/758 769/636/758
f 769/636/758 783/521/758 797/536/758
f 763/501/759 778/519/759 770/509/759
f 813/638/760 819/563/760 764/503/760
f 790/528/761 776/637/761 762/498/761
f 762/498/761 818/560/761 804/544/761
f 777/516/762 792/534/762 784/524/762
f 785/527/763 791/531/763 806/550/763
f 799/542/764 805/547/764 820/566/764
f 825/586/2182 828/391/2182 829/295/2182
f 826/297/2183 830/379/2183 829/298/2183
f 827/640/2184 831/376/2184 829/301/2184
f 832/588/2185 835/378/2185 836/304/2185
f 833/589/2186 837/380/2186 836/307/2186
f 834/309/2187 838/392/2187 836/310/2187
f 839/590/2188 842/642/2188 843/313/2188
f 840/591/2189 844/592/2189 843/316/2189
f 841/318/2190 845/381/2190 843/316/2190
f 846/593/2191 849/612/2191 850/321/2191
f 847/641/2192 851/327/2192 850/324/2192
f 848/326/2193 852/377/2193 850/324/2193
f 853/328/2194 856/643/2194 857/329/2194
f 854/595/2195 858/596/2195 857/332/2195
f 855/334/2196 859/383/2196 857/332/2196
f 860/336/2197 863/385/2197 864/337/2197
f 861/597/2198 865/599/2198 864/340/2198
f 862/342/2199 866/382/2199 864/340/2199
f 867/344/2200 870/644/2200 871/345/2200
f 868/347/2201 872/601/2201 871/348/2201
f 869/600/2202 873/386/2202 871/348/2202
f 874/352/2203 877/389/2203 878/353/2203
f 875/602/2204 879/359/2204 878/356/2204
f 876/603/2205 880/384/2205 878/356/2205
f 881/604/2206 884/387/2206 885/361/2206
f 882/605/2207 886/607/2207 885/364/2207
f 883/606/2208 887/390/2208 885/364/2208
f 888/608/2209 891/393/2209 892/369/2209
f 889/609/2210 893/611/2210 892/372/2210
f 890/610/2211 894/388/2211 892/372/2211
f 840/591/795 842/317/795 831/376/795
f 842/642/796 839/590/796 825/586/796
f 848/326/797 833/589/797 835/308/797
f 835/378/798 832/588/798 846/593/798
f 826/297/799 834/309/799 837/311/799
f 837/380/800 833/589/800 827/640/800
f 841/318/801 844/592/801 851/327/801
f 851/327/802 844/592/802 840/591/802
f 841/318/803 854/595/803 856/333/803
f 856/643/804 853/328/804 839/590/804
f 847/641/805 849/325/805 866/382/805
f 849/612/806 846/593/806 860/336/806
f 855/334/807 858/596/807 865/599/807
f 865/599/808 858/596/808 854/595/808
f 855/334/809 868/347/809 870/349/809
f 870/644/810 867/344/810 853/328/810
f 861/597/811 863/341/811 880/384/811
f 880/354/812 863/385/812 860/336/812
f 869/600/813 872/601/813 879/359/813
f 879/359/814 872/601/814 868/347/814
f 882/605/815 884/365/815 873/386/815
f 873/346/816 884/387/816 881/604/816
f 875/602/817 877/357/817 894/388/817
f 877/389/818 874/352/818 888/608/818
f 883/606/819 886/607/819 893/611/819
f 893/611/820 886/607/820 882/605/820
f 826/297/821 828/299/821 887/390/821
f 828/391/822 825/586/822 881/604/822
f 834/309/823 889/609/823 891/373/823
f 891/393/824 888/608/824 832/588/824
f 881/604/825 825/586/825 839/590/825
f 839/590/825 853/328/825 867/344/825
f 833/589/826 848/326/826 840/591/826
f 883/606/827 889/609/827 834/309/827
f 860/336/828 846/593/828 832/588/828
f 832/588/828 888/608/828 874/352/828
f 847/641/829 862/342/829 854/595/829
f 861/597/830 876/603/830 868/347/830
f 875/602/831 890/610/831 882/605/831
f 895/613/2212 898/488/2212 899/395/2212
f 896/397/2213 900/476/2213 899/398/2213
f 897/400/2214 901/472/2214 899/401/2214
f 902/614/2215 905/475/2215 906/403/2215
f 903/615/2216 907/477/2216 906/307/2216
f 904/407/2217 908/489/2217 906/408/2217
f 909/645/2218 912/473/2218 913/411/2218
f 910/413/2219 914/417/2219 913/414/2219
f 911/416/2220 915/478/2220 913/414/2220
f 916/616/2221 919/650/2221 920/419/2221
f 917/646/2222 921/619/2222 920/422/2222
f 918/618/2223 922/474/2223 920/422/2223
f 923/647/2224 926/479/2224 927/427/2224
f 924/429/2225 928/596/2225 927/430/2225
f 925/621/2226 929/481/2226 927/430/2226
f 930/622/2227 933/483/2227 934/435/2227
f 931/648/2228 935/624/2228 934/438/2228
f 932/440/2229 936/480/2229 934/438/2229
f 937/625/2230 940/632/2230 941/443/2230
f 938/626/2231 942/543/2231 941/446/2231
f 939/448/2232 943/484/2232 941/446/2232
f 944/450/2233 947/486/2233 948/451/2233
f 945/628/2234 949/551/2234 948/454/2234
f 946/629/2235 950/482/2235 948/454/2235
f 951/649/2236 954/651/2236 955/459/2236
f 952/461/2237 956/367/2237 955/462/2237
f 953/464/2238 957/487/2238 955/462/2238
f 958/631/2239 961/633/2239 962/466/2239
f 959/468/2240 963/375/2240 962/469/2240
f 960/471/2241 964/485/2241 962/469/2241
f 897/400/862 910/413/862 912/415/862
f 901/396/863 912/473/863 909/645/863
f 903/615/2242 905/406/2242 922/474/2242
f 922/420/865 905/475/865 902/614/865
f 896/397/866 904/407/866 907/409/866
f 907/477/867 903/615/867 897/400/867
f 911/416/868 914/417/868 921/619/868
f 921/619/869 914/417/869 910/413/869
f 924/429/870 926/431/870 915/478/870
f 915/412/871 926/479/871 923/647/871
f 917/646/2243 919/423/2243 936/480/2243
f 919/650/873 916/616/873 930/622/873
f 925/621/874 928/596/874 935/624/874
f 935/624/875 928/596/875 924/429/875
f 925/621/876 938/626/876 940/447/876
f 940/632/2244 937/625/2244 923/647/2244
f 931/648/878 933/439/878 950/482/878
f 933/483/879 930/622/879 944/450/879
f 939/448/880 942/543/880 949/551/880
f 949/551/881 942/543/881 938/626/881
f 952/461/882 954/463/882 943/484/882
f 954/651/883 951/649/883 937/625/883
f 960/471/884 945/628/884 947/455/884
f 964/467/885 947/486/885 944/450/885
f 953/464/886 956/367/886 963/375/886
f 963/375/887 956/367/887 952/461/887
f 953/464/888 896/397/888 898/399/888
f 898/488/889 895/613/889 951/649/889
f 959/468/890 961/470/890 908/489/890
f 908/404/891 961/633/891 958/631/891
f 951/649/892 895/613/892 909/645/892
f 909/645/892 923/647/892 937/625/892
f 897/400/893 903/615/893 918/618/893
f 959/468/894 904/407/894 896/397/894
f 930/622/895 916/616/895 902/614/895
f 902/614/895 958/631/895 944/450/895
f 911/416/896 917/646/896 932/440/896
f 925/621/897 931/648/897 946/629/897
f 945/628/898 960/471/898 952/461/898
f 965/652/2245 968/675/2245 969/491/2245
f 966/653/2246 970/379/2246 969/298/2246
f 967/654/2247 971/568/2247 969/496/2247
f 972/655/2248 975/674/2248 976/499/2248
f 973/656/2249 977/571/2249 976/307/2249
f 974/657/2250 978/584/2250 976/504/2250
f 979/636/2251 982/569/2251 983/507/2251
f 980/509/2252 984/592/2252 983/510/2252
f 981/658/2253 985/572/2253 983/510/2253
f 986/659/2254 989/575/2254 990/514/2254
f 987/660/2255 991/425/2255 990/517/2255
f 988/661/2256 992/570/2256 990/517/2256
f 993/521/2257 996/573/2257 997/522/2257
f 994/662/2258 998/663/2258 997/525/2258
f 995/527/2259 999/576/2259 997/525/2259
f 1000/528/2260 1003/579/2260 1004/529/2260
f 1001/664/2261 1005/665/2261 1004/532/2261
f 1002/534/2262 1006/574/2262 1004/532/2262
f 1007/666/2263 1010/577/2263 1011/537/2263
f 1008/667/2264 1012/449/2264 1011/540/2264
f 1009/542/2265 1013/580/2265 1011/540/2265
f 1014/544/2266 1017/639/2266 1018/545/2266
f 1015/668/2267 1019/670/2267 1018/548/2267
f 1016/669/2268 1020/578/2268 1018/548/2268
f 1021/671/2269 1024/581/2269 1025/553/2269
f 1022/555/2270 1026/559/2270 1025/556/2270
f 1023/558/2271 1027/583/2271 1025/556/2271
f 1028/672/2272 1031/585/2272 1032/561/2272
f 1029/673/2273 1033/611/2273 1032/564/2273
f 1030/566/2274 1034/582/2274 1032/564/2274
f 967/654/929 980/509/929 982/511/929
f 982/569/930 979/636/930 965/652/930
f 973/656/931 975/502/931 992/570/931
f 975/674/932 972/655/932 986/659/932
f 966/653/933 974/657/933 977/505/933
f 977/571/934 973/656/934 967/654/934
f 981/658/935 984/592/935 991/425/935
f 991/425/936 984/592/936 980/509/936
f 994/662/937 996/526/937 985/572/937
f 985/508/938 996/573/938 993/521/938
f 987/660/939 989/518/939 1006/574/939
f 989/575/940 986/659/940 1000/528/940
f 995/527/941 998/663/941 1005/665/941
f 1005/665/2275 998/663/2275 994/662/2275
f 1008/667/943 1010/541/943 999/576/943
f 1010/577/944 1007/666/944 993/521/944
f 1001/664/945 1003/533/945 1020/578/945
f 1003/579/946 1000/528/946 1014/544/946
f 1009/542/947 1012/449/947 1019/670/947
f 1019/670/948 1012/449/948 1008/667/948
f 1009/542/949 1022/555/949 1024/557/949
f 1013/538/950 1024/581/950 1021/671/950
f 1015/668/951 1017/549/951 1034/582/951
f 1017/639/952 1014/544/952 1028/672/952
f 1023/558/953 1026/559/953 1033/611/953
f 1033/611/954 1026/559/954 1022/555/954
f 966/653/955 968/494/955 1027/583/955
f 968/675/956 965/652/956 1021/671/956
f 1029/673/957 1031/565/957 978/584/957
f 978/500/958 1031/585/958 1028/672/958
f 1021/671/959 965/652/959 979/636/959
f 979/636/959 993/521/959 1007/666/959
f 973/656/960 988/661/960 980/509/960
f 1023/558/961 1029/673/961 974/657/961
f 1000/528/962 986/659/962 972/655/962
f 972/655/962 1028/672/962 1014/544/962
f 987/660/963 1002/534/963 994/662/963
f 1001/664/964 1016/669/964 1008/667/964
f 1015/668/965 1030/566/965 1022/555/965
f 1035/294/2276 1038/391/2276 1039/295/2276
f 1036/297/2277 1040/379/2277 1039/298/2277
f 1037/676/2278 1041/376/2278 1039/301/2278
f 1042/677/2279 1045/378/2279 1046/304/2279
f 1043/306/2280 1047/380/2280 1046/307/2280
f 1044/309/2281 1048/392/2281 1046/310/2281
f 1049/312/2282 1052/642/2282 1053/313/2282
f 1050/315/2283 1054/319/2283 1053/316/2283
f 1051/318/2284 1055/381/2284 1053/316/2284
f 1056/320/2285 1059/612/2285 1060/321/2285
f 1057/323/2286 1061/327/2286 1060/324/2286
f 1058/326/2287 1062/377/2287 1060/324/2287
f 1063/328/2288 1066/643/2288 1067/329/2288
f 1064/331/2289 1068/335/2289 1067/332/2289
f 1065/334/2290 1069/383/2290 1067/332/2290
f 1070/336/2291 1073/385/2291 1074/337/2291
f 1071/339/2292 1075/343/2292 1074/340/2292
f 1072/342/2293 1076/382/2293 1074/340/2293
f 1077/344/2294 1080/644/2294 1081/345/2294
f 1078/347/2295 1082/351/2295 1081/348/2295
f 1079/350/2296 1083/386/2296 1081/348/2296
f 1084/352/2297 1087/389/2297 1088/353/2297
f 1085/602/2298 1089/359/2298 1088/356/2298
f 1086/358/2299 1090/384/2299 1088/356/2299
f 1091/360/2300 1094/387/2300 1095/361/2300
f 1092/363/2301 1096/367/2301 1095/364/2301
f 1093/366/2302 1097/390/2302 1095/364/2302
f 1098/368/2303 1101/393/2303 1102/369/2303
f 1099/371/2304 1103/375/2304 1102/372/2304
f 1100/374/2305 1104/388/2305 1102/372/2305
f 1050/315/996 1052/317/996 1041/376/996
f 1052/642/997 1049/312/997 1035/294/997
f 1043/306/998 1045/308/998 1062/377/998
f 1062/322/999 1045/378/999 1042/677/999
f 1036/297/1000 1044/309/1000 1047/311/1000
f 1047/380/1001 1043/306/1001 1037/676/1001
f 1051/318/1002 1054/319/1002 1061/327/1002
f 1061/327/1003 1054/319/1003 1050/315/1003
f 1064/331/1004 1066/333/1004 1055/381/1004
f 1066/643/1005 1063/328/1005 1049/312/1005
f 1072/342/1006 1057/323/1006 1059/325/1006
f 1059/612/1007 1056/320/1007 1070/336/1007
f 1065/334/1008 1068/335/1008 1075/343/1008
f 1075/343/1009 1068/335/1009 1064/331/1009
f 1065/334/1010 1078/347/1010 1080/349/1010
f 1069/330/1011 1080/644/1011 1077/344/1011
f 1071/339/1012 1073/341/1012 1090/384/1012
f 1073/385/1013 1070/336/1013 1084/352/1013
f 1079/350/1014 1082/351/1014 1089/359/1014
f 1089/359/1015 1082/351/1015 1078/347/1015
f 1092/363/1016 1094/365/1016 1083/386/1016
f 1083/346/1017 1094/387/1017 1091/360/1017
f 1085/602/1018 1087/357/1018 1104/388/1018
f 1087/389/1019 1084/352/1019 1098/368/1019
f 1093/366/1020 1096/367/1020 1103/375/1020
f 1103/375/2306 1096/367/2306 1092/363/2306
f 1093/366/1022 1036/297/1022 1038/299/1022
f 1038/391/1023 1035/294/1023 1091/360/1023
f 1044/309/1024 1099/371/1024 1101/373/1024
f 1101/393/1025 1098/368/1025 1042/677/1025
f 1091/360/1026 1035/294/1026 1049/312/1026
f 1049/312/1026 1063/328/1026 1077/344/1026
f 1037/676/1027 1043/306/1027 1058/326/1027
f 1099/371/1028 1044/309/1028 1036/297/1028
f 1070/336/1029 1056/320/1029 1042/677/1029
f 1042/677/1029 1098/368/1029 1084/352/1029
f 1051/318/1030 1057/323/1030 1072/342/1030
f 1071/339/1031 1086/358/1031 1078/347/1031
f 1085/602/1032 1100/374/1032 1092/363/1032
f 1105/678/2307 1108/488/2307 1109/395/2307
f 1106/397/2308 1110/476/2308 1109/398/2308
f 1107/400/2309 1111/472/2309 1109/401/2309
f 1112/614/2310 1115/475/2310 1116/403/2310
f 1113/405/2311 1117/477/2311 1116/307/2311
f 1114/407/2312 1118/489/2312 1116/408/2312
f 1119/645/2313 1122/473/2313 1123/411/2313
f 1120/413/2314 1124/417/2314 1123/414/2314
f 1121/416/2315 1125/478/2315 1123/414/2315
f 1126/418/2316 1129/650/2316 1130/419/2316
f 1127/421/2317 1131/425/2317 1130/422/2317
f 1128/424/2318 1132/474/2318 1130/422/2318
f 1133/426/2319 1136/479/2319 1137/427/2319
f 1134/429/2320 1138/433/2320 1137/430/2320
f 1135/432/2321 1139/481/2321 1137/430/2321
f 1140/434/2322 1143/483/2322 1144/435/2322
f 1141/437/2323 1145/441/2323 1144/438/2323
f 1142/440/2324 1146/480/2324 1144/438/2324
f 1147/442/2325 1150/632/2325 1151/443/2325
f 1148/445/2326 1152/449/2326 1151/446/2326
f 1149/448/2327 1153/484/2327 1151/446/2327
f 1154/450/2328 1157/486/2328 1158/451/2328
f 1155/453/2329 1159/457/2329 1158/454/2329
f 1156/456/2330 1160/482/2330 1158/454/2330
f 1161/458/2331 1164/651/2331 1165/459/2331
f 1162/461/2332 1166/367/2332 1165/462/2332
f 1163/630/2333 1167/487/2333 1165/462/2333
f 1168/465/2334 1171/633/2334 1172/466/2334
f 1169/468/2335 1173/375/2335 1172/469/2335
f 1170/471/2336 1174/485/2336 1172/469/2336
f 1120/413/1063 1122/415/1063 1111/472/1063
f 1111/396/1064 1122/473/1064 1119/645/1064
f 1128/424/1065 1113/405/1065 1115/406/1065
f 1132/420/1066 1115/475/1066 1112/614/1066
f 1106/397/1067 1114/407/1067 1117/409/1067
f 1117/477/1068 1113/405/1068 1107/400/1068
f 1121/416/1069 1124/417/1069 1131/425/1069
f 1131/425/1070 1124/417/1070 1120/413/1070
f 1121/416/1071 1134/429/1071 1136/431/1071
f 1136/479/1072 1133/426/1072 1119/645/1072
f 1127/421/2337 1129/423/2337 1146/480/2337
f 1146/436/1074 1129/650/1074 1126/418/1074
f 1135/432/1075 1138/433/1075 1145/441/1075
f 1145/441/1076 1138/433/1076 1134/429/1076
f 1148/445/1077 1150/447/1077 1139/481/1077
f 1150/632/1078 1147/442/1078 1133/426/1078
f 1156/456/1079 1141/437/1079 1143/439/1079
f 1160/452/1080 1143/483/1080 1140/434/1080
f 1149/448/1081 1152/449/1081 1159/457/1081
f 1159/457/1082 1152/449/1082 1148/445/1082
f 1162/461/1083 1164/463/1083 1153/484/1083
f 1153/444/1084 1164/651/1084 1161/458/1084
f 1170/471/2338 1155/453/2338 1157/455/2338
f 1157/486/1086 1154/450/1086 1168/465/1086
f 1163/630/1087 1166/367/1087 1173/375/1087
f 1173/375/1088 1166/367/1088 1162/461/1088
f 1163/630/1089 1106/397/1089 1108/399/1089
f 1108/488/1090 1105/678/1090 1161/458/1090
f 1114/407/1091 1169/468/1091 1171/470/1091
f 1118/404/1092 1171/633/1092 1168/465/1092
f 1161/458/1093 1105/678/1093 1119/645/1093
f 1119/645/1093 1133/426/1093 1147/442/1093
f 1113/405/1094 1128/424/1094 1120/413/1094
f 1163/630/1095 1169/468/1095 1114/407/1095
f 1140/434/1096 1126/418/1096 1112/614/1096
f 1112/614/1096 1168/465/1096 1154/450/1096
f 1127/421/1097 1142/440/1097 1134/429/1097
f 1141/437/1098 1156/456/1098 1148/445/1098
f 1155/453/1099 1170/471/1099 1162/461/1099
f 1175/652/2339 1178/675/2339 1179/491/2339
f 1176/653/2340 1180/379/2340 1179/298/2340
f 1177/635/2341 1181/568/2341 1179/496/2341
f 1182/679/2342 1185/674/2342 1186/499/2342
f 1183/656/2343 1187/571/2343 1186/307/2343
f 1184/657/2344 1188/584/2344 1186/504/2344
f 1189/680/2345 1192/569/2345 1193/507/2345
f 1190/509/2346 1194/592/2346 1193/510/2346
f 1191/658/2347 1195/572/2347 1193/510/2347
f 1196/659/2348 1199/575/2348 1200/514/2348
f 1197/681/2349 1201/425/2349 1200/517/2349
f 1198/519/2350 1202/570/2350 1200/517/2350
f 1203/521/2351 1206/573/2351 1207/522/2351
f 1204/662/2352 1208/663/2352 1207/525/2352
f 1205/527/2353 1209/576/2353 1207/525/2353
f 1210/682/2354 1213/579/2354 1214/529/2354
f 1211/683/2355 1215/665/2355 1214/532/2355
f 1212/534/2356 1216/574/2356 1214/532/2356
f 1217/666/2357 1220/577/2357 1221/537/2357
f 1218/667/2358 1222/449/2358 1221/540/2358
f 1219/542/2359 1223/580/2359 1221/540/2359
f 1224/544/2360 1227/639/2360 1228/545/2360
f 1225/668/2361 1229/670/2361 1228/548/2361
f 1226/550/2362 1230/578/2362 1228/548/2362
f 1231/671/2363 1234/581/2363 1235/553/2363
f 1232/555/2364 1236/559/2364 1235/556/2364
f 1233/558/2365 1237/583/2365 1235/556/2365
f 1238/672/2366 1241/585/2366 1242/561/2366
f 1239/673/2367 1243/611/2367 1242/564/2367
f 1240/566/2368 1244/582/2368 1242/564/2368
f 1190/509/1130 1192/511/1130 1181/568/1130
f 1192/569/1131 1189/680/1131 1175/652/1131
f 1198/519/1132 1183/656/1132 1185/502/1132
f 1185/674/1133 1182/679/1133 1196/659/1133
f 1176/653/1134 1184/657/1134 1187/505/1134
f 1187/571/2369 1183/656/2369 1177/635/2369
f 1191/658/1136 1194/592/1136 1201/425/1136
f 1201/425/1137 1194/592/1137 1190/509/1137
f 1191/658/1138 1204/662/1138 1206/526/1138
f 1195/508/2370 1206/573/2370 1203/521/2370
f 1197/681/1140 1199/518/1140 1216/574/1140
f 1216/530/1141 1199/575/1141 1196/659/1141
f 1205/527/1142 1208/663/1142 1215/665/1142
f 1215/665/2371 1208/663/2371 1204/662/2371
f 1205/527/1144 1218/667/1144 1220/541/1144
f 1220/577/1145 1217/666/1145 1203/521/1145
f 1226/550/1146 1211/683/1146 1213/533/1146
f 1230/546/1147 1213/579/1147 1210/682/1147
f 1219/542/1148 1222/449/1148 1229/670/1148
f 1229/670/1149 1222/449/1149 1218/667/1149
f 1232/555/1150 1234/557/1150 1223/580/1150
f 1234/581/2372 1231/671/2372 1217/666/2372
f 1225/668/1152 1227/549/1152 1244/582/1152
f 1227/639/1153 1224/544/1153 1238/672/1153
f 1233/558/1154 1236/559/1154 1243/611/1154
f 1243/611/1155 1236/559/1155 1232/555/1155
f 1176/653/1156 1178/494/1156 1237/583/1156
f 1178/675/1157 1175/652/1157 1231/671/1157
f 1239/673/1158 1241/565/1158 1188/584/1158
f 1188/500/1159 1241/585/1159 1238/672/1159
f 1231/671/1160 1175/652/1160 1189/680/1160
f 1189/680/1160 1203/521/1160 1217/666/1160
f 1177/635/1161 1183/656/1161 1198/519/1161
f 1239/673/1162 1184/657/1162 1176/653/1162
f 1210/682/1163 1196/659/1163 1182/679/1163
f 1182/679/1163 1238/672/1163 1224/544/1163
f 1197/681/1164 1212/534/1164 1204/662/1164
f 1211/683/1165 1226/550/1165 1218/667/1165
f 1225/668/1166 1240/566/1166 1232/555/1166
f 1245/294/2373 1248/391/2373 1249/295/2373
f 1246/297/2374 1250/379/2374 1249/298/2374
f 1247/300/2375 1251/376/2375 1249/301/2375
f 1252/677/2376 1255/378/2376 1256/304/2376
f 1253/306/2377 1257/380/2377 1256/307/2377
f 1254/309/2378 1258/392/2378 1256/310/2378
f 1259/684/2379 1262/642/2379 1263/313/2379
f 1260/315/2380 1264/319/2380 1263/316/2380
f 1261/318/2381 1265/381/2381 1263/316/2381
f 1266/320/2382 1269/612/2382 1270/321/2382
f 1267/323/2383 1271/327/2383 1270/324/2383
f 1268/326/2384 1272/377/2384 1270/324/2384
f 1273/328/2385 1276/643/2385 1277/329/2385
f 1274/331/2386 1278/335/2386 1277/332/2386
f 1275/334/2387 1279/383/2387 1277/332/2387
f 1280/336/2388 1283/385/2388 1284/337/2388
f 1281/339/2389 1285/343/2389 1284/340/2389
f 1282/342/2390 1286/382/2390 1284/340/2390
f 1287/344/2391 1290/644/2391 1291/345/2391
f 1288/347/2392 1292/351/2392 1291/348/2392
f 1289/350/2393 1293/386/2393 1291/348/2393
f 1294/352/2394 1297/389/2394 1298/353/2394
f 1295/355/2395 1299/359/2395 1298/356/2395
f 1296/358/2396 1300/384/2396 1298/356/2396
f 1301/604/2397 1304/387/2397 1305/361/2397
f 1302/363/2398 1306/367/2398 1305/364/2398
f 1303/366/2399 1307/390/2399 1305/364/2399
f 1308/368/2400 1311/393/2400 1312/369/2400
f 1309/371/2401 1313/375/2401 1312/372/2401
f 1310/374/2402 1314/388/2402 1312/372/2402
f 1260/315/1197 1262/317/1197 1251/376/1197
f 1251/296/1198 1262/642/1198 1259/684/1198
f 1268/326/2403 1253/306/2403 1255/308/2403
f 1255/378/1200 1252/677/1200 1266/320/1200
f 1246/297/1201 1254/309/1201 1257/311/1201
f 1257/380/2404 1253/306/2404 1247/300/2404
f 1261/318/1203 1264/319/1203 1271/327/1203
f 1271/327/1204 1264/319/1204 1260/315/1204
f 1261/318/1205 1274/331/1205 1276/333/1205
f 1276/643/1206 1273/328/1206 1259/684/1206
f 1267/323/1207 1269/325/1207 1286/382/1207
f 1286/338/1208 1269/612/1208 1266/320/1208
f 1275/334/1209 1278/335/1209 1285/343/1209
f 1285/343/1210 1278/335/1210 1274/331/1210
f 1288/347/1211 1290/349/1211 1279/383/1211
f 1279/330/1212 1290/644/1212 1287/344/1212
f 1296/358/1213 1281/339/1213 1283/341/1213
f 1283/385/1214 1280/336/1214 1294/352/1214
f 1289/350/1215 1292/351/1215 1299/359/1215
f 1299/359/1216 1292/351/1216 1288/347/1216
f 1302/363/1217 1304/365/1217 1293/386/1217
f 1304/387/1218 1301/604/1218 1287/344/1218
f 1295/355/1219 1297/357/1219 1314/388/1219
f 1297/389/1220 1294/352/1220 1308/368/1220
f 1303/366/1221 1306/367/1221 1313/375/1221
f 1313/375/1222 1306/367/1222 1302/363/1222
f 1246/297/1223 1248/299/1223 1307/390/1223
f 1248/391/1224 1245/294/1224 1301/604/1224
f 1309/371/2405 1311/373/2405 1258/392/2405
f 1311/393/1226 1308/368/1226 1252/677/1226
f 1301/604/1227 1245/294/1227 1259/684/1227
f 1259/684/1227 1273/328/1227 1287/344/1227
f 1253/306/1228 1268/326/1228 1260/315/1228
f 1309/371/1229 1254/309/1229 1246/297/1229
f 1280/336/1230 1266/320/1230 1252/677/1230
f 1252/677/1230 1308/368/1230 1294/352/1230
f 1261/318/1231 1267/323/1231 1282/342/1231
f 1281/339/1232 1296/358/1232 1288/347/1232
f 1295/355/1233 1310/374/1233 1302/363/1233
f 1315/678/2406 1318/488/2406 1319/395/2406
f 1316/397/2407 1320/476/2407 1319/398/2407
f 1317/400/2408 1321/472/2408 1319/401/2408
f 1322/402/2409 1325/475/2409 1326/403/2409
f 1323/405/2410 1327/477/2410 1326/307/2410
f 1324/407/2411 1328/489/2411 1326/408/2411
f 1329/645/2412 1332/473/2412 1333/411/2412
f 1330/413/2413 1334/417/2413 1333/414/2413
f 1331/416/2414 1335/478/2414 1333/414/2414
f 1336/418/2415 1339/650/2415 1340/419/2415
f 1337/421/2416 1341/425/2416 1340/422/2416
f 1338/424/2417 1342/474/2417 1340/422/2417
f 1343/426/2418 1346/479/2418 1347/427/2418
f 1344/429/2419 1348/433/2419 1347/430/2419
f 1345/432/2420 1349/481/2420 1347/430/2420
f 1350/434/2421 1353/483/2421 1354/435/2421
f 1351/437/2422 1355/441/2422 1354/438/2422
f 1352/440/2423 1356/480/2423 1354/438/2423
f 1357/442/2424 1360/632/2424 1361/443/2424
f 1358/445/2425 1362/449/2425 1361/446/2425
f 1359/448/2426 1363/484/2426 1361/446/2426
f 1364/450/2427 1367/486/2427 1368/451/2427
f 1365/453/2428 1369/457/2428 1368/454/2428
f 1366/456/2429 1370/482/2429 1368/454/2429
f 1371/458/2430 1374/651/2430 1375/459/2430
f 1372/461/2431 1376/367/2431 1375/462/2431
f 1373/630/2432 1377/487/2432 1375/462/2432
f 1378/465/2433 1381/633/2433 1382/466/2433
f 1379/468/2434 1383/375/2434 1382/469/2434
f 1380/471/2435 1384/485/2435 1382/469/2435
f 1317/400/1264 1330/413/1264 1332/415/1264
f 1332/473/1265 1329/645/1265 1315/678/1265
f 1323/405/1266 1325/406/1266 1342/474/1266
f 1325/475/1267 1322/402/1267 1336/418/1267
f 1316/397/1268 1324/407/1268 1327/409/1268
f 1327/477/1269 1323/405/1269 1317/400/1269
f 1331/416/1270 1334/417/1270 1341/425/1270
f 1341/425/1271 1334/417/1271 1330/413/1271
f 1331/416/1272 1344/429/1272 1346/431/1272
f 1346/479/1273 1343/426/1273 1329/645/1273
f 1352/440/1274 1337/421/1274 1339/423/1274
f 1339/650/1275 1336/418/1275 1350/434/1275
f 1345/432/1276 1348/433/1276 1355/441/1276
f 1355/441/1277 1348/433/1277 1344/429/1277
f 1358/445/1278 1360/447/1278 1349/481/1278
f 1360/632/1279 1357/442/1279 1343/426/1279
f 1366/456/1280 1351/437/1280 1353/439/1280
f 1370/452/1281 1353/483/1281 1350/434/1281
f 1359/448/1282 1362/449/1282 1369/457/1282
f 1369/457/1283 1362/449/1283 1358/445/1283
f 1372/461/1284 1374/463/1284 1363/484/1284
f 1374/651/1285 1371/458/1285 1357/442/1285
f 1365/453/1286 1367/455/1286 1384/485/1286
f 1384/467/2436 1367/486/2436 1364/450/2436
f 1373/630/1288 1376/367/1288 1383/375/1288
f 1383/375/1289 1376/367/1289 1372/461/1289
f 1316/397/1290 1318/399/1290 1377/487/1290
f 1318/488/1291 1315/678/1291 1371/458/1291
f 1379/468/1292 1381/470/1292 1328/489/1292
f 1381/633/1293 1378/465/1293 1322/402/1293
f 1371/458/1294 1315/678/1294 1329/645/1294
f 1329/645/1294 1343/426/1294 1357/442/1294
f 1323/405/1295 1338/424/1295 1330/413/1295
f 1379/468/1296 1324/407/1296 1316/397/1296
f 1350/434/1297 1336/418/1297 1322/402/1297
f 1322/402/1297 1378/465/1297 1364/450/1297
f 1337/421/1298 1352/440/1298 1344/429/1298
f 1351/437/1299 1366/456/1299 1358/445/1299
f 1365/453/1300 1380/471/1300 1372/461/1300
f 1385/652/2437 1388/675/2437 1389/491/2437
f 1386/653/2438 1390/379/2438 1389/298/2438
f 1387/635/2439 1391/568/2439 1389/496/2439
f 1392/679/2440 1395/674/2440 1396/499/2440
f 1393/656/2441 1397/571/2441 1396/307/2441
f 1394/657/2442 1398/584/2442 1396/504/2442
f 1399/636/2443 1402/569/2443 1403/507/2443
f 1400/509/2444 1404/592/2444 1403/510/2444
f 1401/658/2445 1405/572/2445 1403/510/2445
f 1406/659/2446 1409/575/2446 1410/514/2446
f 1407/681/2447 1411/425/2447 1410/517/2447
f 1408/519/2448 1412/570/2448 1410/517/2448
f 1413/521/2449 1416/573/2449 1417/522/2449
f 1414/662/2450 1418/663/2450 1417/525/2450
f 1415/527/2451 1419/576/2451 1417/525/2451
f 1420/682/2452 1423/579/2452 1424/529/2452
f 1421/664/2453 1425/665/2453 1424/532/2453
f 1422/534/2454 1426/574/2454 1424/532/2454
f 1427/666/2455 1430/577/2455 1431/537/2455
f 1428/667/2456 1432/449/2456 1431/540/2456
f 1429/542/2457 1433/580/2457 1431/540/2457
f 1434/544/2458 1437/639/2458 1438/545/2458
f 1435/668/2459 1439/670/2459 1438/548/2459
f 1436/550/2460 1440/578/2460 1438/548/2460
f 1441/671/2461 1444/581/2461 1445/553/2461
f 1442/555/2462 1446/559/2462 1445/556/2462
f 1443/558/2463 1447/583/2463 1445/556/2463
f 1448/672/2464 1451/585/2464 1452/561/2464
f 1449/685/2465 1453/611/2465 1452/564/2465
f 1450/566/2466 1454/582/2466 1452/564/2466
f 1400/509/1331 1402/511/1331 1391/568/1331
f 1402/569/1332 1399/636/1332 1385/652/1332
f 1408/519/2467 1393/656/2467 1395/502/2467
f 1412/515/1334 1395/674/1334 1392/679/1334
f 1386/653/1335 1394/657/1335 1397/505/1335
f 1397/571/1336 1393/656/1336 1387/635/1336
f 1401/658/1337 1404/592/1337 1411/425/1337
f 1411/425/1338 1404/592/1338 1400/509/1338
f 1401/658/1339 1414/662/1339 1416/526/1339
f 1405/508/1340 1416/573/1340 1413/521/1340
f 1422/534/1341 1407/681/1341 1409/518/1341
f 1409/575/1342 1406/659/1342 1420/682/1342
f 1415/527/1343 1418/663/1343 1425/665/1343
f 1425/665/1344 1418/663/1344 1414/662/1344
f 1428/667/1345 1430/541/1345 1419/576/1345
f 1419/523/1346 1430/577/1346 1427/666/1346
f 1436/550/1347 1421/664/1347 1423/533/1347
f 1423/579/1348 1420/682/1348 1434/544/1348
f 1429/542/1349 1432/449/1349 1439/670/1349
f 1439/670/1350 1432/449/1350 1428/667/1350
f 1442/555/1351 1444/557/1351 1433/580/1351
f 1444/581/1352 1441/671/1352 1427/666/1352
f 1435/668/1353 1437/549/1353 1454/582/1353
f 1437/639/1354 1434/544/1354 1448/672/1354
f 1443/558/1355 1446/559/1355 1453/611/1355
f 1453/611/1356 1446/559/1356 1442/555/1356
f 1386/653/1357 1388/494/1357 1447/583/1357
f 1388/675/1358 1385/652/1358 1441/671/1358
f 1394/657/1359 1449/685/1359 1451/565/1359
f 1451/585/1360 1448/672/1360 1392/679/1360
f 1441/671/1361 1385/652/1361 1399/636/1361
f 1399/636/1361 1413/521/1361 1427/666/1361
f 1387/635/1362 1393/656/1362 1408/519/1362
f 1443/558/1363 1449/685/1363 1394/657/1363
f 1420/682/1364 1406/659/1364 1392/679/1364
f 1392/679/1364 1448/672/1364 1434/544/1364
f 1407/681/1365 1422/534/1365 1414/662/1365
f 1421/664/1366 1436/550/1366 1428/667/1366
f 1429/542/1367 1435/668/1367 1450/566/1367
f 1455/294/2468 1458/391/2468 1459/295/2468
f 1456/297/2469 1460/379/2469 1459/298/2469
f 1457/300/2470 1461/376/2470 1459/301/2470
f 1462/677/2471 1465/378/2471 1466/304/2471
f 1463/306/2472 1467/380/2472 1466/307/2472
f 1464/309/2473 1468/392/2473 1466/310/2473
f 1469/312/2474 1472/642/2474 1473/313/2474
f 1470/315/2475 1474/319/2475 1473/316/2475
f 1471/318/2476 1475/381/2476 1473/316/2476
f 1476/320/2477 1479/612/2477 1480/321/2477
f 1477/323/2478 1481/327/2478 1480/324/2478
f 1478/326/2479 1482/377/2479 1480/324/2479
f 1483/328/2480 1486/643/2480 1487/329/2480
f 1484/331/2481 1488/335/2481 1487/332/2481
f 1485/334/2482 1489/383/2482 1487/332/2482
f 1490/336/2483 1493/385/2483 1494/337/2483
f 1491/339/2484 1495/343/2484 1494/340/2484
f 1492/342/2485 1496/382/2485 1494/340/2485
f 1497/344/2486 1500/644/2486 1501/345/2486
f 1498/347/2487 1502/351/2487 1501/348/2487
f 1499/350/2488 1503/386/2488 1501/348/2488
f 1504/352/2489 1507/389/2489 1508/353/2489
f 1505/355/2490 1509/359/2490 1508/356/2490
f 1506/358/2491 1510/384/2491 1508/356/2491
f 1511/360/2492 1514/387/2492 1515/361/2492
f 1512/363/2493 1516/367/2493 1515/364/2493
f 1513/366/2494 1517/390/2494 1515/364/2494
f 1518/608/2495 1521/393/2495 1522/369/2495
f 1519/371/2496 1523/375/2496 1522/372/2496
f 1520/374/2497 1524/388/2497 1522/372/2497
f 1457/300/1398 1470/315/1398 1472/317/1398
f 1472/642/1399 1469/312/1399 1455/294/1399
f 1463/306/1400 1465/308/1400 1482/377/1400
f 1465/378/1401 1462/677/1401 1476/320/1401
f 1456/297/1402 1464/309/1402 1467/311/1402
f 1467/380/2498 1463/306/2498 1457/300/2498
f 1471/318/1404 1474/319/1404 1481/327/1404
f 1481/327/1405 1474/319/1405 1470/315/1405
f 1484/331/1406 1486/333/1406 1475/381/1406
f 1475/314/1407 1486/643/1407 1483/328/1407
f 1492/342/2499 1477/323/2499 1479/325/2499
f 1496/338/1409 1479/612/1409 1476/320/1409
f 1485/334/1410 1488/335/1410 1495/343/1410
f 1495/343/1411 1488/335/1411 1484/331/1411
f 1498/347/1412 1500/349/1412 1489/383/1412
f 1489/330/1413 1500/644/1413 1497/344/1413
f 1491/339/1414 1493/341/1414 1510/384/1414
f 1493/385/1415 1490/336/1415 1504/352/1415
f 1499/350/1416 1502/351/1416 1509/359/1416
f 1509/359/1417 1502/351/1417 1498/347/1417
f 1512/363/1418 1514/365/1418 1503/386/1418
f 1514/387/1419 1511/360/1419 1497/344/1419
f 1520/374/1420 1505/355/1420 1507/357/1420
f 1507/389/1421 1504/352/1421 1518/608/1421
f 1513/366/1422 1516/367/1422 1523/375/1422
f 1523/375/1423 1516/367/1423 1512/363/1423
f 1456/297/2500 1458/299/2500 1517/390/2500
f 1517/362/1425 1458/391/1425 1455/294/1425
f 1464/309/1426 1519/371/1426 1521/373/1426
f 1468/305/1427 1521/393/1427 1518/608/1427
f 1511/360/1428 1455/294/1428 1469/312/1428
f 1469/312/1428 1483/328/1428 1497/344/1428
f 1457/300/1429 1463/306/1429 1478/326/1429
f 1513/366/1430 1519/371/1430 1464/309/1430
f 1490/336/1431 1476/320/1431 1462/677/1431
f 1462/677/1431 1518/608/1431 1504/352/1431
f 1471/318/1432 1477/323/1432 1492/342/1432
f 1485/334/1433 1491/339/1433 1506/358/1433
f 1505/355/1434 1520/374/1434 1512/363/1434
f 1525/394/2501 1528/488/2501 1529/395/2501
f 1526/397/2502 1530/476/2502 1529/398/2502
f 1527/400/2503 1531/472/2503 1529/401/2503
f 1532/402/2504 1535/475/2504 1536/403/2504
f 1533/405/2505 1537/477/2505 1536/307/2505
f 1534/407/2506 1538/489/2506 1536/408/2506
f 1539/645/2507 1542/473/2507 1543/411/2507
f 1540/413/2508 1544/417/2508 1543/414/2508
f 1541/416/2509 1545/478/2509 1543/414/2509
f 1546/418/2510 1549/650/2510 1550/419/2510
f 1547/421/2511 1551/425/2511 1550/422/2511
f 1548/424/2512 1552/474/2512 1550/422/2512
f 1553/426/2513 1556/479/2513 1557/427/2513
f 1554/429/2514 1558/433/2514 1557/430/2514
f 1555/432/2515 1559/481/2515 1557/430/2515
f 1560/434/2516 1563/483/2516 1564/435/2516
f 1561/437/2517 1565/441/2517 1564/438/2517
f 1562/440/2518 1566/480/2518 1564/438/2518
f 1567/625/2519 1570/632/2519 1571/443/2519
f 1568/445/2520 1572/449/2520 1571/446/2520
f 1569/448/2521 1573/484/2521 1571/446/2521
f 1574/450/2522 1577/486/2522 1578/451/2522
f 1575/453/2523 1579/457/2523 1578/454/2523
f 1576/456/2524 1580/482/2524 1578/454/2524
f 1581/458/2525 1584/651/2525 1585/459/2525
f 1582/461/2526 1586/367/2526 1585/462/2526
f 1583/464/2527 1587/487/2527 1585/462/2527
f 1588/465/2528 1591/633/2528 1592/466/2528
f 1589/468/2529 1593/375/2529 1592/469/2529
f 1590/471/2530 1594/485/2530 1592/469/2530
f 1540/413/1465 1542/415/1465 1531/472/1465
f 1531/396/1466 1542/473/1466 1539/645/1466
f 1548/424/1467 1533/405/1467 1535/406/1467
f 1552/420/1468 1535/475/1468 1532/402/1468
f 1526/397/1469 1534/407/1469 1537/409/1469
f 1537/477/2531 1533/405/2531 1527/400/2531
f 1541/416/1471 1544/417/1471 1551/425/1471
f 1551/425/1472 1544/417/1472 1540/413/1472
f 1554/429/1473 1556/431/1473 1545/478/1473
f 1556/479/1474 1553/426/1474 1539/645/1474
f 1547/421/1475 1549/423/1475 1566/480/1475
f 1566/436/1476 1549/650/1476 1546/418/1476
f 1555/432/1477 1558/433/1477 1565/441/1477
f 1565/441/1478 1558/433/1478 1554/429/1478
f 1555/432/1479 1568/445/1479 1570/447/1479
f 1559/428/1480 1570/632/1480 1567/625/1480
f 1576/456/1481 1561/437/1481 1563/439/1481
f 1580/452/1482 1563/483/1482 1560/434/1482
f 1569/448/1483 1572/449/1483 1579/457/1483
f 1579/457/1484 1572/449/1484 1568/445/1484
f 1569/448/1485 1582/461/1485 1584/463/1485
f 1584/651/1486 1581/458/1486 1567/625/1486
f 1590/471/1487 1575/453/1487 1577/455/1487
f 1577/486/1488 1574/450/1488 1588/465/1488
f 1583/464/1489 1586/367/1489 1593/375/1489
f 1593/375/1490 1586/367/1490 1582/461/1490
f 1583/464/1491 1526/397/1491 1528/399/1491
f 1587/460/1492 1528/488/1492 1525/394/1492
f 1589/468/1493 1591/470/1493 1538/489/1493
f 1591/633/1494 1588/465/1494 1532/402/1494
f 1581/458/1495 1525/394/1495 1539/645/1495
f 1539/645/1495 1553/426/1495 1567/625/1495
f 1527/400/1496 1533/405/1496 1548/424/1496
f 1583/464/1497 1589/468/1497 1534/407/1497
f 1560/434/1498 1546/418/1498 1532/402/1498
f 1532/402/1498 1588/465/1498 1574/450/1498
f 1547/421/1499 1562/440/1499 1554/429/1499
f 1561/437/1500 1576/456/1500 1568/445/1500
f 1575/453/1501 1590/471/1501 1582/461/1501
f 1595/652/2532 1598/675/2532 1599/491/2532
f 1596/653/2533 1600/379/2533 1599/298/2533
f 1597/635/2534 1601/568/2534 1599/496/2534
f 1602/679/2535 1605/674/2535 1606/499/2535
f 1603/656/2536 1607/571/2536 1606/307/2536
f 1604/657/2537 1608/584/2537 1606/504/2537
f 1609/636/2538 1612/569/2538 1613/507/2538
f 1610/509/2539 1614/592/2539 1613/510/2539
f 1611/686/2540 1615/572/2540 1613/510/2540
f 1616/659/2541 1619/575/2541 1620/514/2541
f 1617/681/2542 1621/425/2542 1620/517/2542
f 1618/519/2543 1622/570/2543 1620/517/2543
f 1623/521/2544 1626/573/2544 1627/522/2544
f 1624/662/2545 1628/663/2545 1627/525/2545
f 1625/527/2546 1629/576/2546 1627/525/2546
f 1630/682/2547 1633/579/2547 1634/529/2547
f 1631/664/2548 1635/665/2548 1634/532/2548
f 1632/534/2549 1636/574/2549 1634/532/2549
f 1637/666/2550 1640/577/2550 1641/537/2550
f 1638/667/2551 1642/449/2551 1641/540/2551
f 1639/542/2552 1643/580/2552 1641/540/2552
f 1644/544/2553 1647/639/2553 1648/545/2553
f 1645/687/2554 1649/670/2554 1648/548/2554
f 1646/669/2555 1650/578/2555 1648/548/2555
f 1651/671/2556 1654/581/2556 1655/553/2556
f 1652/688/2557 1656/559/2557 1655/556/2557
f 1653/558/2558 1657/583/2558 1655/556/2558
f 1658/672/2559 1661/585/2559 1662/561/2559
f 1659/689/2560 1663/611/2560 1662/564/2560
f 1660/566/2561 1664/582/2561 1662/564/2561
f 1597/635/1532 1610/509/1532 1612/511/1532
f 1612/569/1533 1609/636/1533 1595/652/1533
f 1618/519/1534 1603/656/1534 1605/502/1534
f 1605/674/1535 1602/679/1535 1616/659/1535
f 1596/653/1536 1604/657/1536 1607/505/1536
f 1607/571/1537 1603/656/1537 1597/635/1537
f 1611/686/1538 1614/592/1538 1621/425/1538
f 1621/425/1539 1614/592/1539 1610/509/1539
f 1624/662/1540 1626/526/1540 1615/572/1540
f 1626/573/1541 1623/521/1541 1609/636/1541
f 1617/681/1542 1619/518/1542 1636/574/1542
f 1619/575/2562 1616/659/2562 1630/682/2562
f 1625/527/1544 1628/663/1544 1635/665/1544
f 1635/665/2563 1628/663/2563 1624/662/2563
f 1638/667/2564 1640/541/2564 1629/576/2564
f 1629/523/1547 1640/577/1547 1637/666/1547
f 1646/669/1548 1631/664/1548 1633/533/1548
f 1633/579/1549 1630/682/1549 1644/544/1549
f 1639/542/1550 1642/449/1550 1649/670/1550
f 1649/670/1551 1642/449/1551 1638/667/1551
f 1639/542/1552 1652/688/1552 1654/557/1552
f 1654/581/1553 1651/671/1553 1637/666/1553
f 1645/687/1554 1647/549/1554 1664/582/1554
f 1647/639/2565 1644/544/2565 1658/672/2565
f 1653/558/1556 1656/559/1556 1663/611/1556
f 1663/611/1557 1656/559/1557 1652/688/1557
f 1653/558/1558 1596/653/1558 1598/494/1558
f 1657/554/1559 1598/675/1559 1595/652/1559
f 1659/689/1560 1661/565/1560 1608/584/1560
f 1608/500/1561 1661/585/1561 1658/672/1561
f 1651/671/1562 1595/652/1562 1609/636/1562
f 1609/636/1562 1623/521/1562 1637/666/1562
f 1603/656/1563 1618/519/1563 1610/509/1563
f 1653/558/1564 1659/689/1564 1604/657/1564
f 1630/682/1565 1616/659/1565 1602/679/1565
f 1602/679/1565 1658/672/1565 1644/544/1565
f 1617/681/1566 1632/534/1566 1624/662/1566
f 1631/664/1567 1646/669/1567 1638/667/1567
f 1645/687/1568 1660/566/1568 1652/688/1568
usemtl core
f 55/48/28 59/49/28 61/50/28
f 60/51/29 58/52/29 56/53/29
f 61/54/30 60/55/30 57/56/30
f 62/57/31 66/58/31 68/59/31
f 67/60/32 65/61/32 63/62/32
f 68/63/33 67/64/33 64/65/33
f 69/66/34 73/67/34 75/68/34
f 74/69/35 72/70/35 70/71/35
f 75/72/36 74/69/36 71/73/36
f 76/74/37 80/75/37 82/76/37
f 81/77/38 79/78/38 77/79/38
f 82/80/39 81/77/39 78/81/39
f 83/82/40 87/83/40 89/84/40
f 88/85/41 86/86/41 84/87/41
f 89/88/42 88/85/42 85/89/42
f 90/90/43 94/91/43 96/92/43
f 95/93/44 93/94/44 91/95/44
f 96/96/45 95/93/45 92/97/45
f 97/98/46 101/99/46 103/100/46
f 102/101/47 100/102/47 98/103/47
f 103/104/48 102/101/48 99/105/48
f 104/106/49 108/107/49 110/108/49
f 109/109/50 107/110/50 105/111/50
f 110/112/51 109/109/51 106/113/51
f 111/114/52 115/115/52 117/116/52
f 116/117/53 114/118/53 112/119/53
f 117/120/54 116/117/54 113/121/54
f 118/122/55 122/123/55 124/124/55
f 123/125/56 121/126/56 119/127/56
f 124/128/57 123/125/57 120/129/57
f 125/130/58 129/131/58 131/132/58
f 130/133/59 128/134/59 126/135/59
f 131/136/60 130/133/60 127/137/60
f 132/138/61 136/139/61 138/140/61
f 137/141/62 135/142/62 133/143/62
f 138/144/63 137/141/63 134/145/63
f 139/146/64 143/147/64 145/148/64
f 144/149/65 142/150/65 140/151/65
f 145/152/66 144/149/66 141/153/66
f 146/154/67 150/155/67 152/156/67
f 151/157/68 149/158/68 147/159/68
f 152/160/69 151/157/69 148/161/69
f 153/162/70 157/163/70 159/164/70
f 158/165/71 156/166/71 154/167/71
f 159/168/72 158/165/72 155/169/72
f 160/170/73 164/171/73 166/172/73
f 165/173/74 163/174/74 161/175/74
f 166/176/75 165/173/75 162/177/75
f 167/178/76 171/179/76 173/180/76
f 172/181/77 170/182/77 168/183/77
f 173/184/78 172/181/78 169/185/78
f 174/186/79 178/187/79 180/188/79
f 179/189/80 177/190/80 175/191/80
f 180/192/81 179/189/81 176/193/81
f 70/71/82 61/54/82 57/56/82
f 72/194/83 55/48/83 61/50/83
f 78/81/84 65/61/84 82/80/84
f 65/195/85 76/74/85 82/76/85
f 56/53/86 67/64/86 60/51/86
f 67/60/87 57/56/87 60/55/87
f 77/79/88 74/69/88 81/77/88
f 74/69/89 78/81/89 81/77/89
f 84/87/90 75/72/90 71/73/90
f 86/196/91 69/66/91 75/68/91
f 77/79/92 96/96/92 92/97/92
f 79/197/93 90/90/93 96/92/93
f 85/89/94 95/93/94 91/95/94
f 88/85/95 92/97/95 95/93/95
f 85/89/96 100/102/96 89/88/96
f 100/198/97 83/82/97 89/84/97
f 91/95/98 110/112/98 106/113/98
f 93/199/99 104/106/99 110/108/99
f 99/105/100 109/109/100 105/111/100
f 102/101/101 106/113/101 109/109/101
f 99/105/102 114/118/102 103/104/102
f 114/200/103 97/98/103 103/100/103
f 105/111/104 124/128/104 120/129/104
f 124/124/105 104/106/105 118/122/105
f 113/121/106 123/125/106 119/127/106
f 123/125/107 112/119/107 120/129/107
f 126/135/108 117/120/108 113/121/108
f 128/201/109 111/114/109 117/116/109
f 119/127/110 138/144/110 134/145/110
f 138/140/111 118/122/111 132/138/111
f 127/137/112 137/141/112 133/143/112
f 130/133/113 134/145/113 137/141/113
f 127/137/114 142/150/114 131/136/114
f 142/202/115 125/130/115 131/132/115
f 133/143/116 152/160/116 148/161/116
f 135/203/117 146/154/117 152/156/117
f 141/153/118 151/157/118 147/159/118
f 151/157/119 140/151/119 148/161/119
f 141/153/120 156/166/120 145/152/120
f 145/148/121 153/162/121 139/146/121
f 162/177/122 149/158/122 166/176/122
f 149/204/123 160/170/123 166/172/123
f 161/175/124 158/165/124 165/173/124
f 158/165/125 162/177/125 165/173/125
f 168/183/126 159/168/126 155/169/126
f 159/164/127 167/178/127 153/162/127
f 161/175/128 180/192/128 176/193/128
f 163/205/129 174/186/129 180/188/129
f 169/185/130 179/189/130 175/191/130
f 172/181/131 176/193/131 179/189/131
f 56/53/132 173/184/132 169/185/132
f 58/206/133 167/178/133 173/180/133
f 175/191/134 68/63/134 64/65/134
f 177/207/135 62/57/135 68/59/135
f 69/66/136 125/130/136 153/162/136
f 63/62/137 70/71/137 57/56/137
f 175/191/138 56/53/138 169/185/138
f 62/57/139 132/138/139 104/106/139
f 71/73/140 92/97/140 84/87/140
f 91/95/141 98/103/141 85/89/141
f 105/111/142 112/119/142 99/105/142
f 119/127/143 126/135/143 113/121/143
f 133/143/144 140/151/144 127/137/144
f 141/153/145 162/177/145 154/167/145
f 155/169/146 176/193/146 168/183/146
f 55/48/1785 58/206/1785 59/49/1785
f 60/51/1786 59/723/1786 58/52/1786
f 61/54/1787 59/724/1787 60/55/1787
f 62/57/1788 65/195/1788 66/58/1788
f 67/60/1789 66/725/1789 65/61/1789
f 68/63/1790 66/726/1790 67/64/1790
f 69/66/1791 72/194/1791 73/67/1791
f 74/69/1792 73/727/1792 72/70/1792
f 75/72/1793 73/727/1793 74/69/1793
f 76/74/1794 79/197/1794 80/75/1794
f 81/77/1795 80/728/1795 79/78/1795
f 82/80/1796 80/728/1796 81/77/1796
f 83/82/1797 86/196/1797 87/83/1797
f 88/85/1798 87/729/1798 86/86/1798
f 89/88/1799 87/729/1799 88/85/1799
f 90/90/1800 93/199/1800 94/91/1800
f 95/93/1801 94/730/1801 93/94/1801
f 96/96/1802 94/730/1802 95/93/1802
f 97/98/1803 100/198/1803 101/99/1803
f 102/101/1804 101/731/1804 100/102/1804
f 103/104/1805 101/731/1805 102/101/1805
f 104/106/1806 107/732/1806 108/107/1806
f 109/109/1807 108/733/1807 107/110/1807
f 110/112/1808 108/733/1808 109/109/1808
f 111/114/1809 114/200/1809 115/115/1809
f 116/117/1810 115/734/1810 114/118/1810
f 117/120/1811 115/734/1811 116/117/1811
f 118/122/1812 121/735/1812 122/123/1812
f 123/125/1813 122/736/1813 121/126/1813
f 124/128/1814 122/736/1814 123/125/1814
f 125/130/1815 128/201/1815 129/131/1815
f 130/133/1816 129/737/1816 128/134/1816
f 131/136/1817 129/737/1817 130/133/1817
f 132/138/1818 135/203/1818 136/139/1818
f 137/141/1819 136/738/1819 135/142/1819
f 138/144/1820 136/738/1820 137/141/1820
f 139/146/1821 142/202/1821 143/147/1821
f 144/149/1822 143/739/1822 142/150/1822
f 145/152/1823 143/739/1823 144/149/1823
f 146/154/1824 149/204/1824 150/155/1824
f 151/157/1825 150/740/1825 149/158/1825
f 152/160/1826 150/740/1826 151/157/1826
f 153/162/1827 156/741/1827 157/163/1827
f 158/165/1828 157/742/1828 156/166/1828
f 159/168/1829 157/742/1829 158/165/1829
f 160/170/1830 163/205/1830 164/171/1830
f 165/173/1831 164/743/1831 163/174/1831
f 166/176/1832 164/743/1832 165/173/1832
f 167/178/1833 170/744/1833 171/179/1833
f 172/181/1834 171/745/1834 170/182/1834
f 173/184/1835 171/745/1835 172/181/1835
f 174/186/1836 177/207/1836 178/187/1836
f 179/189/1837 178/746/1837 177/190/1837
f 180/192/1838 178/746/1838 179/189/1838
f 70/71/1839 72/70/1839 61/54/1839
f 72/194/83 69/66/83 55/48/83
f 78/81/84 63/62/84 65/61/84
f 65/195/85 62/57/85 76/74/85
f 56/53/86 64/65/86 67/64/86
f 67/60/87 63/62/87 57/56/87
f 77/79/88 71/73/88 74/69/88
f 74/69/89 70/71/89 78/81/89
f 84/87/90 86/86/90 75/72/90
f 86/196/91 83/82/91 69/66/91
f 77/79/92 79/78/92 96/96/92
f 79/197/93 76/74/93 90/90/93
f 85/89/94 88/85/94 95/93/94
f 88/85/95 84/87/95 92/97/95
f 85/89/96 98/103/96 100/102/96
f 100/198/97 97/98/97 83/82/97
f 91/95/98 93/94/98 110/112/98
f 93/199/99 90/90/99 104/106/99
f 99/105/100 102/101/100 109/109/100
f 102/101/101 98/103/101 106/113/101
f 99/105/102 112/119/102 114/118/102
f 114/200/103 111/114/103 97/98/103
f 105/111/104 107/110/104 124/128/104
f 124/124/105 107/732/105 104/106/105
f 113/121/106 116/117/106 123/125/106
f 123/125/107 116/117/107 112/119/107
f 126/135/108 128/134/108 117/120/108
f 128/201/109 125/130/109 111/114/109
f 119/127/110 121/126/110 138/144/110
f 138/140/111 121/735/111 118/122/111
f 127/137/112 130/133/112 137/141/112
f 130/133/113 126/135/113 134/145/113
f 127/137/114 140/151/114 142/150/114
f 142/202/115 139/146/115 125/130/115
f 133/143/116 135/142/116 152/160/116
f 135/203/117 132/138/117 146/154/117
f 141/153/118 144/149/118 151/157/118
f 151/157/119 144/149/119 140/151/119
f 141/153/120 154/167/120 156/166/120
f 145/148/121 156/741/121 153/162/121
f 162/177/122 147/159/122 149/158/122
f 149/204/123 146/154/123 160/170/123
f 161/175/124 155/169/124 158/165/124
f 158/165/125 154/167/125 162/177/125
f 168/183/126 170/182/126 159/168/126
f 159/164/127 170/744/127 167/178/127
f 161/175/1840 163/174/1840 180/192/1840
f 163/205/1841 160/170/1841 174/186/1841
f 169/185/130 172/181/130 179/189/130
f 172/181/131 168/183/131 176/193/131
f 56/53/132 58/52/132 173/184/132
f 58/206/133 55/48/133 167/178/133
f 175/191/134 177/190/134 68/63/134
f 177/207/135 174/186/135 62/57/135
f 167/178/136 55/48/136 69/66/136
f 69/66/136 83/82/136 97/98/136
f 97/98/136 111/114/136 125/130/136
f 125/130/136 139/146/136 153/162/136
f 153/162/136 167/178/136 69/66/136
f 69/66/136 97/98/136 125/130/136
f 63/62/137 78/81/137 70/71/137
f 175/191/138 64/65/138 56/53/138
f 90/90/139 76/74/139 62/57/139
f 62/57/139 174/186/139 160/170/139
f 160/170/139 146/154/139 132/138/139
f 132/138/139 118/122/139 104/106/139
f 104/106/139 90/90/139 62/57/139
f 62/57/139 160/170/139 132/138/139
f 71/73/140 77/79/140 92/97/140
f 91/95/141 106/113/141 98/103/141
f 105/111/142 120/129/142 112/119/142
f 119/127/143 134/145/143 126/135/143
f 133/143/144 148/161/144 140/151/144
f 141/153/145 147/159/145 162/177/145
f 155/169/146 161/175/146 176/193/146
usemtl wood
f 181/208/147 185/209/147 187/210/147
f 182/211/148 185/212/148 184/213/148
f 187/214/149 186/215/149 183/216/149
f 188/217/150 192/218/150 194/219/150
f 189/220/151 192/221/151 191/222/151
f 194/223/152 193/224/152 190/225/152
f 195/226/153 199/227/153 201/228/153
f 200/229/154 198/230/154 196/231/154
f 197/232/155 199/233/155 200/229/155
f 202/234/156 206/235/156 208/236/156
f 203/237/157 206/238/157 205/239/157
f 208/240/158 207/241/158 204/242/158
f 209/243/159 213/244/159 215/245/159
f 214/246/160 212/247/160 210/248/160
f 211/249/161 213/244/161 214/246/161
f 216/250/162 220/251/162 222/252/162
f 217/253/163 220/251/163 219/254/163
f 222/252/164 221/255/164 218/256/164
f 223/257/165 227/258/165 229/259/165
f 224/260/166 227/258/166 226/261/166
f 229/259/167 228/262/167 225/263/167
f 230/264/168 234/265/168 236/266/168
f 235/267/169 233/268/169 231/269/169
f 232/270/170 234/265/170 235/267/170
f 195/226/171 187/210/171 198/271/171
f 187/214/172 196/231/172 198/230/172
f 182/211/173 194/219/173 186/272/173
f 194/223/174 183/216/174 186/215/174
f 189/220/175 208/236/175 193/273/175
f 208/240/176 190/225/176 193/224/176
f 203/237/177 200/229/177 207/241/177
f 207/241/178 196/231/178 204/242/178
f 223/257/179 201/228/179 226/261/179
f 201/274/180 224/260/180 226/261/180
f 202/234/181 236/266/181 205/275/181
f 236/266/182 203/237/182 205/239/182
f 225/263/183 235/267/183 231/269/183
f 228/262/184 232/270/184 235/267/184
f 223/257/185 212/247/185 209/243/185
f 229/259/186 210/248/186 212/247/186
f 216/250/187 233/268/187 230/264/187
f 222/252/188 231/269/188 233/268/188
f 217/253/189 214/246/189 221/255/189
f 221/255/190 210/248/190 218/256/190
f 181/208/191 215/245/191 184/276/191
f 215/245/192 182/211/192 184/213/192
f 216/250/193 191/222/193 219/254/193
f 219/254/194 188/217/194 217/253/194
f 223/257/195 181/208/195 195/226/195
f 190/225/196 196/231/196 183/216/196
f 217/253/197 182/211/197 211/249/197
f 230/264/198 189/220/198 216/250/198
f 203/237/199 224/260/199 197/232/199
f 231/269/200 210/248/200 225/263/200
f 237/208/201 241/209/201 243/210/201
f 238/211/202 241/212/202 240/213/202
f 243/214/203 242/215/203 239/216/203
f 244/217/204 248/218/204 250/219/204
f 245/220/205 248/221/205 247/222/205
f 250/223/206 249/224/206 246/225/206
f 251/277/207 255/227/207 257/228/207
f 256/229/208 254/230/208 252/231/208
f 253/232/209 255/233/209 256/229/209
f 258/234/210 262/235/210 264/236/210
f 259/278/211 262/238/211 261/239/211
f 264/240/212 263/241/212 260/279/212
f 265/243/213 269/244/213 271/245/213
f 270/246/214 268/247/214 266/280/214
f 267/281/215 269/244/215 270/246/215
f 272/250/216 276/251/216 278/252/216
f 273/282/217 276/251/217 275/254/217
f 278/252/218 277/255/218 274/256/218
f 279/257/219 283/258/219 285/259/219
f 280/260/220 283/258/220 282/261/220
f 285/259/221 284/262/221 281/263/221
f 286/283/222 290/265/222 292/284/222
f 291/267/223 289/268/223 287/269/223
f 288/270/224 290/265/224 291/267/224
f 237/208/225 254/271/225 251/277/225
f 254/230/226 239/216/226 252/231/226
f 238/211/227 250/219/227 242/272/227
f 242/215/228 246/225/228 239/216/228
f 245/220/229 264/236/229 249/273/229
f 264/240/230 246/225/230 249/224/230
f 253/232/231 263/241/231 259/278/231
f 263/241/232 252/231/232 260/279/232
f 279/257/233 257/228/233 282/261/233
f 282/261/234 253/232/234 280/260/234
f 286/283/235 261/275/235 258/234/235
f 261/239/236 288/270/236 259/278/236
f 287/269/237 284/262/237 291/267/237
f 284/262/238 288/270/238 291/267/238
f 265/243/239 285/259/239 268/247/239
f 268/247/240 281/263/240 266/280/240
f 286/283/241 278/252/241 289/268/241
f 289/268/242 274/256/242 287/269/242
f 267/281/243 277/255/243 273/282/243
f 277/255/244 266/280/244 274/256/244
f 237/208/245 271/245/245 240/276/245
f 240/213/246 267/281/246 238/211/246
f 245/220/247 275/254/247 272/250/247
f 247/285/248 273/282/248 275/254/248
f 251/277/249 265/243/249 237/208/249
f 239/216/250 260/279/250 252/231/250
f 273/282/251 238/211/251 267/281/251
f 258/234/252 272/250/252 286/283/252
f 259/278/253 280/260/253 253/232/253
f 287/269/254 266/280/254 281/263/254
f 293/208/255 297/209/255 299/210/255
f 294/211/256 297/212/256 296/213/256
f 299/214/257 298/215/257 295/216/257
f 300/217/258 304/218/258 306/219/258
f 301/220/259 304/221/259 303/222/259
f 306/223/260 305/224/260 302/225/260
f 307/277/261 311/227/261 313/228/261
f 312/286/262 310/230/262 308/231/262
f 309/232/263 311/233/263 312/286/263
f 314/287/264 318/235/264 320/236/264
f 315/237/265 318/238/265 317/239/265
f 320/240/266 319/241/266 316/279/266
f 321/243/267 325/244/267 327/245/267
f 326/246/268 324/247/268 322/280/268
f 323/281/269 325/244/269 326/246/269
f 328/250/270 332/251/270 334/252/270
f 329/282/271 332/251/271 331/254/271
f 334/252/272 333/255/272 330/256/272
f 335/257/273 339/258/273 341/259/273
f 336/260/274 339/258/274 338/261/274
f 341/259/275 340/262/275 337/263/275
f 342/283/276 346/265/276 348/266/276
f 347/267/277 345/268/277 343/269/277
f 344/288/278 346/265/278 347/267/278
f 293/208/279 310/271/279 307/277/279
f 299/214/280 308/231/280 310/230/280
f 300/217/281 298/272/281 294/211/281
f 306/223/282 295/216/282 298/215/282
f 314/287/283 305/273/283 301/220/283
f 320/240/284 302/225/284 305/224/284
f 309/232/285 319/241/285 315/237/285
f 312/286/286 316/279/286 319/241/286
f 307/277/287 338/261/287 335/257/287
f 338/261/288 309/232/288 336/260/288
f 314/287/289 348/266/289 317/275/289
f 317/239/290 344/288/290 315/237/290
f 343/269/291 340/262/291 347/267/291
f 347/267/292 336/260/292 344/288/292
f 335/257/293 324/247/293 321/243/293
f 324/247/294 337/263/294 322/280/294
f 328/250/295 345/268/295 342/283/295
f 334/252/296 343/269/296 345/268/296
f 329/282/297 326/246/297 333/255/297
f 326/246/298 330/256/298 333/255/298
f 321/243/299 296/276/299 293/208/299
f 327/245/300 294/211/300 296/213/300
f 328/250/301 303/222/301 331/254/301
f 331/254/302 300/217/302 329/282/302
f 335/257/303 293/208/303 307/277/303
f 302/225/304 308/231/304 295/216/304
f 329/282/305 294/211/305 323/281/305
f 314/287/306 328/250/306 342/283/306
f 315/237/307 336/260/307 309/232/307
f 343/269/308 322/280/308 337/263/308
f 349/208/309 353/209/309 355/210/309
f 350/211/310 353/212/310 352/213/310
f 355/214/311 354/215/311 351/216/311
f 356/217/312 360/218/312 362/219/312
f 357/289/313 360/221/313 359/222/313
f 362/223/314 361/224/314 358/225/314
f 363/277/315 367/227/315 369/228/315
f 368/229/316 366/230/316 364/231/316
f 365/290/317 367/233/317 368/229/317
f 370/287/318 374/235/318 376/236/318
f 371/237/319 374/238/319 373/239/319
f 376/240/320 375/241/320 372/279/320
f 377/243/321 381/244/321 383/245/321
f 382/246/322 380/247/322 378/248/322
f 379/249/323 381/244/323 382/246/323
f 384/250/324 388/251/324 390/291/324
f 385/253/325 388/251/325 387/254/325
f 390/291/326 389/255/326 386/292/326
f 391/293/327 395/258/327 397/259/327
f 392/260/328 395/258/328 394/261/328
f 397/259/329 396/262/329 393/263/329
f 398/264/330 402/265/330 404/266/330
f 403/267/331 401/268/331 399/269/331
f 400/288/332 402/265/332 403/267/332
f 349/208/333 366/271/333 363/277/333
f 366/230/334 351/216/334 364/231/334
f 356/217/335 354/272/335 350/211/335
f 354/215/336 358/225/336 351/216/336
f 370/287/337 361/273/337 357/289/337
f 361/224/338 372/279/338 358/225/338
f 371/237/339 368/229/339 375/241/339
f 368/229/340 372/279/340 375/241/340
f 363/277/341 394/261/341 391/293/341
f 394/261/342 365/290/342 392/260/342
f 398/264/343 373/275/343 370/287/343
f 373/239/344 400/288/344 371/237/344
f 393/263/345 403/267/345 399/269/345
f 403/267/346 392/260/346 400/288/346
f 377/243/347 397/259/347 380/247/347
f 397/259/348 378/248/348 380/247/348
f 398/264/349 390/291/349 401/268/349
f 401/268/350 386/292/350 399/269/350
f 379/249/351 389/255/351 385/253/351
f 389/255/352 378/248/352 386/292/352
f 377/243/353 352/276/353 349/208/353
f 383/245/354 350/211/354 352/213/354
f 357/289/355 387/254/355 384/250/355
f 359/285/356 385/253/356 387/254/356
f 391/293/357 349/208/357 363/277/357
f 358/225/358 364/231/358 351/216/358
f 385/253/359 350/211/359 379/249/359
f 398/264/360 357/289/360 384/250/360
f 365/290/361 400/288/361 392/260/361
f 399/269/362 378/248/362 393/263/362
f 1665/690/1569 1669/209/1569 1671/210/1569
f 1666/691/1570 1669/212/1570 1668/213/1570
f 1671/214/1571 1670/215/1571 1667/692/1571
f 1672/693/1572 1676/218/1572 1678/219/1572
f 1673/220/1573 1676/221/1573 1675/222/1573
f 1678/223/1574 1677/224/1574 1674/694/1574
f 1679/277/1575 1683/227/1575 1685/228/1575
f 1684/229/1576 1682/230/1576 1680/695/1576
f 1681/232/1577 1683/233/1577 1684/229/1577
f 1686/234/1578 1690/235/1578 1692/236/1578
f 1687/278/1579 1690/238/1579 1689/239/1579
f 1692/240/1580 1691/241/1580 1688/696/1580
f 1693/697/1581 1697/244/1581 1699/245/1581
f 1698/698/1582 1696/699/1582 1694/700/1582
f 1695/281/1583 1697/244/1583 1698/698/1583
f 1700/250/1584 1704/251/1584 1706/701/1584
f 1701/253/1585 1704/251/1585 1703/702/1585
f 1706/701/1586 1705/255/1586 1702/256/1586
f 1707/257/1587 1711/258/1587 1713/259/1587
f 1708/703/1588 1711/258/1588 1710/261/1588
f 1713/259/1589 1712/262/1589 1709/704/1589
f 1714/264/1590 1718/265/1590 1720/266/1590
f 1719/267/1591 1717/268/1591 1715/705/1591
f 1716/288/1592 1718/265/1592 1719/267/1592
f 1665/690/1593 1682/271/1593 1679/277/1593
f 1682/230/1594 1667/692/1594 1680/695/1594
f 1672/693/1595 1670/272/1595 1666/691/1595
f 1678/223/1596 1667/692/1596 1670/215/1596
f 1686/234/1597 1677/273/1597 1673/220/1597
f 1677/224/1598 1688/696/1598 1674/694/1598
f 1687/278/1599 1684/229/1599 1691/241/1599
f 1691/241/1600 1680/695/1600 1688/696/1600
f 1707/257/1601 1685/228/1601 1710/261/1601
f 1685/274/1602 1708/703/1602 1710/261/1602
f 1714/264/1603 1689/275/1603 1686/234/1603
f 1720/266/1604 1687/278/1604 1689/239/1604
f 1709/704/1605 1719/267/1605 1715/705/1605
f 1719/267/1606 1708/703/1606 1716/288/1606
f 1707/257/1607 1696/699/1607 1693/697/1607
f 1713/259/1608 1694/700/1608 1696/699/1608
f 1714/264/1609 1706/701/1609 1717/268/1609
f 1717/268/1610 1702/256/1610 1715/705/1610
f 1701/253/1611 1698/698/1611 1705/255/1611
f 1698/698/1612 1702/256/1612 1705/255/1612
f 1665/690/1613 1699/245/1613 1668/276/1613
f 1668/213/1614 1695/281/1614 1666/691/1614
f 1673/220/1615 1703/702/1615 1700/250/1615
f 1675/285/1616 1701/253/1616 1703/702/1616
f 1707/257/1617 1665/690/1617 1679/277/1617
f 1674/694/1618 1680/695/1618 1667/692/1618
f 1701/253/1619 1666/691/1619 1695/281/1619
f 1686/234/1620 1700/250/1620 1714/264/1620
f 1687/278/1621 1708/703/1621 1681/232/1621
f 1709/704/1622 1702/256/1622 1694/700/1622
f 1724/276/1623 1727/210/1623 1721/208/1623
f 1722/691/1624 1725/212/1624 1724/213/1624
f 1723/692/1625 1725/706/1625 1726/215/1625
f 1728/693/1626 1732/218/1626 1734/219/1626
f 1733/273/1627 1731/222/1627 1729/220/1627
f 1730/694/1628 1732/707/1628 1733/224/1628
f 1738/271/1629 1741/228/1629 1735/277/1629
f 1736/708/1630 1739/233/1630 1738/230/1630
f 1737/709/1631 1739/233/1631 1740/229/1631
f 1745/275/1632 1748/236/1632 1742/234/1632
f 1743/278/1633 1746/238/1633 1745/239/1633
f 1744/279/1634 1746/238/1634 1747/241/1634
f 1752/699/1635 1755/245/1635 1749/697/1635
f 1750/700/1636 1753/244/1636 1752/699/1636
f 1751/281/1637 1753/244/1637 1754/698/1637
f 1759/702/1638 1762/710/1638 1756/250/1638
f 1757/253/1639 1760/251/1639 1759/702/1639
f 1758/292/1640 1760/251/1640 1761/255/1640
f 1766/261/1641 1769/259/1641 1763/293/1641
f 1764/703/1642 1767/258/1642 1766/261/1642
f 1765/704/1643 1767/258/1643 1768/262/1643
f 1773/268/1644 1776/284/1644 1770/264/1644
f 1771/705/1645 1774/265/1645 1773/268/1645
f 1772/288/1646 1774/265/1646 1775/267/1646
f 1735/277/1647 1727/210/1647 1738/271/1647
f 1727/214/1648 1736/708/1648 1738/230/1648
f 1722/691/1649 1734/219/1649 1726/272/1649
f 1734/223/1650 1723/692/1650 1726/215/1650
f 1742/234/1651 1733/273/1651 1729/220/1651
f 1748/240/1652 1730/694/1652 1733/224/1652
f 1743/278/1653 1740/229/1653 1747/241/1653
f 1740/229/1654 1744/279/1654 1747/241/1654
f 1763/293/1655 1741/228/1655 1766/261/1655
f 1741/274/1656 1764/703/1656 1766/261/1656
f 1770/264/1657 1745/275/1657 1742/234/1657
f 1776/284/1658 1743/278/1658 1745/239/1658
f 1765/704/1659 1775/267/1659 1771/705/1659
f 1775/267/1660 1764/703/1660 1772/288/1660
f 1763/293/1661 1752/699/1661 1749/697/1661
f 1769/259/1662 1750/700/1662 1752/699/1662
f 1770/264/1663 1762/710/1663 1773/268/1663
f 1773/268/1664 1758/292/1664 1771/705/1664
f 1757/253/1665 1754/698/1665 1761/255/1665
f 1761/255/1666 1750/700/1666 1758/292/1666
f 1721/208/1667 1755/245/1667 1724/276/1667
f 1724/213/1668 1751/281/1668 1722/691/1668
f 1729/220/1669 1759/702/1669 1756/250/1669
f 1731/285/1670 1757/253/1670 1759/702/1670
f 1735/277/1671 1749/697/1671 1721/208/1671
f 1730/694/1672 1736/708/1672 1723/692/1672
f 1751/281/1673 1728/693/1673 1722/691/1673
f 1770/264/1674 1729/220/1674 1756/250/1674
f 1743/278/1675 1764/703/1675 1737/709/1675
f 1765/704/1676 1758/292/1676 1750/700/1676
f 181/208/1842 184/276/1842 185/209/1842
f 182/211/1843 186/272/1843 185/212/1843
f 187/214/1844 185/706/1844 186/215/1844
f 188/217/1845 191/285/1845 192/218/1845
f 189/220/1846 193/273/1846 192/221/1846
f 194/223/1847 192/707/1847 193/224/1847
f 195/226/1848 198/271/1848 199/227/1848
f 200/229/1849 199/233/1849 198/230/1849
f 197/232/1850 201/274/1850 199/233/1850
f 202/234/1851 205/275/1851 206/235/1851
f 203/237/1852 207/241/1852 206/238/1852
f 208/240/1853 206/238/1853 207/241/1853
f 209/243/1854 212/247/1854 213/244/1854
f 214/246/1855 213/244/1855 212/247/1855
f 211/249/1856 215/245/1856 213/244/1856
f 216/250/1857 219/254/1857 220/251/1857
f 217/253/1858 221/255/1858 220/251/1858
f 222/252/1859 220/251/1859 221/255/1859
f 223/257/1860 226/261/1860 227/258/1860
f 224/260/1861 228/262/1861 227/258/1861
f 229/259/1862 227/258/1862 228/262/1862
f 230/264/1863 233/268/1863 234/265/1863
f 235/267/1864 234/265/1864 233/268/1864
f 232/270/1865 236/266/1865 234/265/1865
f 195/226/171 181/208/171 187/210/171
f 187/214/1866 183/216/1866 196/231/1866
f 182/211/173 188/217/173 194/219/173
f 194/223/174 190/225/174 183/216/174
f 189/220/175 202/234/175 208/236/175
f 208/240/1867 204/242/1867 190/225/1867
f 203/237/177 197/232/177 200/229/177
f 207/241/178 200/229/178 196/231/178
f 223/257/179 195/226/179 201/228/179
f 201/274/1868 197/232/1868 224/260/1868
f 202/234/1869 230/264/1869 236/266/1869
f 236/266/182 232/270/182 203/237/182
f 225/263/1870 228/262/1870 235/267/1870
f 228/262/1871 224/260/1871 232/270/1871
f 223/257/185 229/259/185 212/247/185
f 229/259/1872 225/263/1872 210/248/1872
f 216/250/187 222/252/187 233/268/187
f 222/252/1873 218/256/1873 231/269/1873
f 217/253/1874 211/249/1874 214/246/1874
f 221/255/190 214/246/190 210/248/190
f 181/208/1875 209/243/1875 215/245/1875
f 215/245/1876 211/249/1876 182/211/1876
f 216/250/193 189/220/193 191/222/193
f 219/254/1877 191/285/1877 188/217/1877
f 223/257/195 209/243/195 181/208/195
f 190/225/196 204/242/196 196/231/196
f 217/253/197 188/217/197 182/211/197
f 230/264/198 202/234/198 189/220/198
f 203/237/199 232/270/199 224/260/199
f 231/269/200 218/256/200 210/248/200
f 237/208/1878 240/276/1878 241/209/1878
f 238/211/1879 242/272/1879 241/212/1879
f 243/214/1880 241/706/1880 242/215/1880
f 244/217/1881 247/285/1881 248/218/1881
f 245/220/1882 249/273/1882 248/221/1882
f 250/223/1883 248/707/1883 249/224/1883
f 251/277/1884 254/271/1884 255/227/1884
f 256/229/1885 255/233/1885 254/230/1885
f 253/232/1886 257/274/1886 255/233/1886
f 258/234/1887 261/275/1887 262/235/1887
f 259/278/1888 263/241/1888 262/238/1888
f 264/240/1889 262/238/1889 263/241/1889
f 265/243/1890 268/247/1890 269/244/1890
f 270/246/1891 269/244/1891 268/247/1891
f 267/281/1892 271/245/1892 269/244/1892
f 272/250/1893 275/254/1893 276/251/1893
f 273/282/1894 277/255/1894 276/251/1894
f 278/252/1895 276/251/1895 277/255/1895
f 279/257/1896 282/261/1896 283/258/1896
f 280/260/1897 284/262/1897 283/258/1897
f 285/259/1898 283/258/1898 284/262/1898
f 286/283/1899 289/268/1899 290/265/1899
f 291/267/1900 290/265/1900 289/268/1900
f 288/270/1901 292/284/1901 290/265/1901
f 237/208/225 243/210/225 254/271/225
f 254/230/1902 243/214/1902 239/216/1902
f 238/211/1903 244/217/1903 250/219/1903
f 242/215/228 250/223/228 246/225/228
f 245/220/229 258/234/229 264/236/229
f 264/240/1904 260/279/1904 246/225/1904
f 253/232/231 256/229/231 263/241/231
f 263/241/232 256/229/232 252/231/232
f 279/257/1905 251/277/1905 257/228/1905
f 282/261/1906 257/274/1906 253/232/1906
f 286/283/1907 292/284/1907 261/275/1907
f 261/239/1908 292/284/1908 288/270/1908
f 287/269/1909 281/263/1909 284/262/1909
f 284/262/238 280/260/238 288/270/238
f 265/243/1910 279/257/1910 285/259/1910
f 268/247/240 285/259/240 281/263/240
f 286/283/1911 272/250/1911 278/252/1911
f 289/268/242 278/252/242 274/256/242
f 267/281/243 270/246/243 277/255/243
f 277/255/244 270/246/244 266/280/244
f 237/208/1912 265/243/1912 271/245/1912
f 240/213/246 271/245/246 267/281/246
f 245/220/1913 247/222/1913 275/254/1913
f 247/285/1914 244/217/1914 273/282/1914
f 251/277/249 279/257/249 265/243/249
f 239/216/250 246/225/250 260/279/250
f 273/282/251 244/217/251 238/211/251
f 258/234/252 245/220/252 272/250/252
f 259/278/253 288/270/253 280/260/253
f 287/269/254 274/256/254 266/280/254
f 293/208/1915 296/276/1915 297/209/1915
f 294/211/1916 298/272/1916 297/212/1916
f 299/214/1917 297/706/1917 298/215/1917
f 300/217/1918 303/285/1918 304/218/1918
f 301/220/1919 305/273/1919 304/221/1919
f 306/223/1920 304/707/1920 305/224/1920
f 307/277/1921 310/271/1921 311/227/1921
f 312/286/1922 311/233/1922 310/230/1922
f 309/232/1923 313/274/1923 311/233/1923
f 314/287/1924 317/275/1924 318/235/1924
f 315/237/1925 319/241/1925 318/238/1925
f 320/240/1926 318/238/1926 319/241/1926
f 321/243/1927 324/247/1927 325/244/1927
f 326/246/1928 325/244/1928 324/247/1928
f 323/281/1929 327/245/1929 325/244/1929
f 328/250/1930 331/254/1930 332/251/1930
f 329/282/1931 333/255/1931 332/251/1931
f 334/252/1932 332/251/1932 333/255/1932
f 335/257/1933 338/261/1933 339/258/1933
f 336/260/1934 340/262/1934 339/258/1934
f 341/259/1935 339/258/1935 340/262/1935
f 342/283/1936 345/268/1936 346/265/1936
f 347/267/1937 346/265/1937 345/268/1937
f 344/288/1938 348/266/1938 346/265/1938
f 293/208/279 299/210/279 310/271/279
f 299/214/1939 295/216/1939 308/231/1939
f 300/217/281 306/219/281 298/272/281
f 306/223/282 302/225/282 295/216/282
f 314/287/283 320/236/283 305/273/283
f 320/240/1940 316/279/1940 302/225/1940
f 309/232/285 312/286/285 319/241/285
f 312/286/1941 308/231/1941 316/279/1941
f 307/277/1942 313/228/1942 338/261/1942
f 338/261/1943 313/274/1943 309/232/1943
f 314/287/1944 342/283/1944 348/266/1944
f 317/239/1945 348/266/1945 344/288/1945
f 343/269/291 337/263/291 340/262/291
f 347/267/292 340/262/292 336/260/292
f 335/257/293 341/259/293 324/247/293
f 324/247/1946 341/259/1946 337/263/1946
f 328/250/295 334/252/295 345/268/295
f 334/252/1947 330/256/1947 343/269/1947
f 329/282/297 323/281/297 326/246/297
f 326/246/1948 322/280/1948 330/256/1948
f 321/243/1949 327/245/1949 296/276/1949
f 327/245/1950 323/281/1950 294/211/1950
f 328/250/1951 301/220/1951 303/222/1951
f 331/254/1952 303/285/1952 300/217/1952
f 335/257/303 321/243/303 293/208/303
f 302/225/304 316/279/304 308/231/304
f 329/282/305 300/217/305 294/211/305
f 314/287/306 301/220/306 328/250/306
f 315/237/307 344/288/307 336/260/307
f 343/269/308 330/256/308 322/280/308
f 349/208/1953 352/276/1953 353/209/1953
f 350/211/1954 354/272/1954 353/212/1954
f 355/214/1955 353/706/1955 354/215/1955
f 356/217/1956 359/285/1956 360/218/1956
f 357/289/1957 361/273/1957 360/221/1957
f 362/223/1958 360/707/1958 361/224/1958
f 363/277/1959 366/271/1959 367/227/1959
f 368/229/1960 367/233/1960 366/230/1960
f 365/290/1961 369/274/1961 367/233/1961
f 370/287/1962 373/275/1962 374/235/1962
f 371/237/1963 375/241/1963 374/238/1963
f 376/240/1964 374/238/1964 375/241/1964
f 377/243/1965 380/247/1965 381/244/1965
f 382/246/1966 381/244/1966 380/247/1966
f 379/249/1967 383/245/1967 381/244/1967
f 384/250/1968 387/254/1968 388/251/1968
f 385/253/1969 389/255/1969 388/251/1969
f 390/291/1970 388/251/1970 389/255/1970
f 391/293/1971 394/261/1971 395/258/1971
f 392/260/1972 396/262/1972 395/258/1972
f 397/259/1973 395/258/1973 396/262/1973
f 398/264/1974 401/268/1974 402/265/1974
f 403/267/1975 402/265/1975 401/268/1975
f 400/288/1976 404/266/1976 402/265/1976
f 349/208/1977 355/210/1977 366/271/1977
f 366/230/1978 355/214/1978 351/216/1978
f 356/217/335 362/219/335 354/272/335
f 354/215/336 362/223/336 358/225/336
f 370/287/1979 376/236/1979 361/273/1979
f 361/224/1980 376/240/1980 372/279/1980
f 371/237/339 365/290/339 368/229/339
f 368/229/340 364/231/340 372/279/340
f 363/277/1981 369/228/1981 394/261/1981
f 394/261/342 369/274/342 365/290/342
f 398/264/1982 404/266/1982 373/275/1982
f 373/239/1983 404/266/1983 400/288/1983
f 393/263/345 396/262/345 403/267/345
f 403/267/346 396/262/346 392/260/346
f 377/243/1984 391/293/1984 397/259/1984
f 397/259/348 393/263/348 378/248/348
f 398/264/1985 384/250/1985 390/291/1985
f 401/268/1986 390/291/1986 386/292/1986
f 379/249/351 382/246/351 389/255/351
f 389/255/1987 382/246/1987 378/248/1987
f 377/243/1988 383/245/1988 352/276/1988
f 383/245/1989 379/249/1989 350/211/1989
f 357/289/355 359/222/355 387/254/355
f 359/285/356 356/217/356 385/253/356
f 391/293/357 377/243/357 349/208/357
f 358/225/358 372/279/358 364/231/358
f 385/253/359 356/217/359 350/211/359
f 398/264/360 370/287/360 357/289/360
f 365/290/361 371/237/361 400/288/361
f 399/269/362 386/292/362 378/248/362
f 1665/690/2566 1668/276/2566 1669/209/2566
f 1666/691/2567 1670/272/2567 1669/212/2567
f 1671/214/2568 1669/706/2568 1670/215/2568
f 1672/693/2569 1675/285/2569 1676/218/2569
f 1673/220/2570 1677/273/2570 1676/221/2570
f 1678/223/2571 1676/707/2571 1677/224/2571
f 1679/277/2572 1682/271/2572 1683/227/2572
f 1684/229/2573 1683/233/2573 1682/230/2573
f 1681/232/2574 1685/274/2574 1683/233/2574
f 1686/234/2575 1689/275/2575 1690/235/2575
f 1687/278/2576 1691/241/2576 1690/238/2576
f 1692/240/2577 1690/238/2577 1691/241/2577
f 1693/697/2578 1696/699/2578 1697/244/2578
f 1698/698/2579 1697/244/2579 1696/699/2579
f 1695/281/2580 1699/245/2580 1697/244/2580
f 1700/250/2581 1703/702/2581 1704/251/2581
f 1701/253/2582 1705/255/2582 1704/251/2582
f 1706/701/2583 1704/251/2583 1705/255/2583
f 1707/257/2584 1710/261/2584 1711/258/2584
f 1708/703/2585 1712/262/2585 1711/258/2585
f 1713/259/2586 1711/258/2586 1712/262/2586
f 1714/264/2587 1717/268/2587 1718/265/2587
f 1719/267/2588 1718/265/2588 1717/268/2588
f 1716/288/2589 1720/266/2589 1718/265/2589
f 1665/690/1593 1671/210/1593 1682/271/1593
f 1682/230/1594 1671/214/1594 1667/692/1594
f 1672/693/1595 1678/219/1595 1670/272/1595
f 1678/223/1596 1674/694/1596 1667/692/1596
f 1686/234/1597 1692/236/1597 1677/273/1597
f 1677/224/2590 1692/240/2590 1688/696/2590
f 1687/278/1599 1681/232/1599 1684/229/1599
f 1691/241/1600 1684/229/1600 1680/695/1600
f 1707/257/1601 1679/277/1601 1685/228/1601
f 1685/274/2591 1681/232/2591 1708/703/2591
f 1714/264/1603 1720/266/1603 1689/275/1603
f 1720/266/1604 1716/288/1604 1687/278/1604
f 1709/704/1605 1712/262/1605 1719/267/1605
f 1719/267/1606 1712/262/1606 1708/703/1606
f 1707/257/1607 1713/259/1607 1696/699/1607
f 1713/259/2592 1709/704/2592 1694/700/2592
f 1714/264/1609 1700/250/1609 1706/701/1609
f 1717/268/2593 1706/701/2593 1702/256/2593
f 1701/253/1611 1695/281/1611 1698/698/1611
f 1698/698/1612 1694/700/1612 1702/256/1612
f 1665/690/1613 1693/697/1613 1699/245/1613
f 1668/213/1614 1699/245/1614 1695/281/1614
f 1673/220/1615 1675/222/1615 1703/702/1615
f 1675/285/2594 1672/693/2594 1701/253/2594
f 1707/257/1617 1693/697/1617 1665/690/1617
f 1674/694/1618 1688/696/1618 1680/695/1618
f 1701/253/1619 1672/693/1619 1666/691/1619
f 1686/234/1620 1673/220/1620 1700/250/1620
f 1687/278/1621 1716/288/1621 1708/703/1621
f 1709/704/1622 1715/705/1622 1702/256/1622
f 1724/276/2595 1725/209/2595 1727/210/2595
f 1722/691/2596 1726/272/2596 1725/212/2596
f 1723/692/2597 1727/214/2597 1725/706/2597
f 1728/693/2598 1731/285/2598 1732/218/2598
f 1733/273/2599 1732/221/2599 1731/222/2599
f 1730/694/2600 1734/223/2600 1732/707/2600
f 1738/271/2601 1739/227/2601 1741/228/2601
f 1736/708/2602 1740/229/2602 1739/233/2602
f 1737/709/2603 1741/274/2603 1739/233/2603
f 1745/275/2604 1746/235/2604 1748/236/2604
f 1743/278/2605 1747/241/2605 1746/238/2605
f 1744/279/2606 1748/240/2606 1746/238/2606
f 1752/699/2607 1753/244/2607 1755/245/2607
f 1750/700/2608 1754/698/2608 1753/244/2608
f 1751/281/2609 1755/245/2609 1753/244/2609
f 1759/702/2610 1760/251/2610 1762/710/2610
f 1757/253/2611 1761/255/2611 1760/251/2611
f 1758/292/2612 1762/710/2612 1760/251/2612
f 1766/261/2613 1767/258/2613 1769/259/2613
f 1764/703/2614 1768/262/2614 1767/258/2614
f 1765/704/2615 1769/259/2615 1767/258/2615
f 1773/268/2616 1774/265/2616 1776/284/2616
f 1771/705/2617 1775/267/2617 1774/265/2617
f 1772/288/2618 1776/284/2618 1774/265/2618
f 1735/277/1647 1721/208/1647 1727/210/1647
f 1727/214/1648 1723/692/1648 1736/708/1648
f 1722/691/2619 1728/693/2619 1734/219/2619
f 1734/223/1650 1730/694/1650 1723/692/1650
f 1742/234/1651 1748/236/1651 1733/273/1651
f 1748/240/1652 1744/279/1652 1730/694/1652
f 1743/278/2620 1737/709/2620 1740/229/2620
f 1740/229/2621 1736/708/2621 1744/279/2621
f 1763/293/1655 1735/277/1655 1741/228/1655
f 1741/274/1656 1737/709/1656 1764/703/1656
f 1770/264/1657 1776/284/1657 1745/275/1657
f 1776/284/1658 1772/288/1658 1743/278/1658
f 1765/704/2622 1768/262/2622 1775/267/2622
f 1775/267/1660 1768/262/1660 1764/703/1660
f 1763/293/1661 1769/259/1661 1752/699/1661
f 1769/259/1662 1765/704/1662 1750/700/1662
f 1770/264/1663 1756/250/1663 1762/710/1663
f 1773/268/1664 1762/710/1664 1758/292/1664
f 1757/253/1665 1751/281/1665 1754/698/1665
f 1761/255/2623 1754/698/2623 1750/700/2623
f 1721/208/1667 1749/697/1667 1755/245/1667
f 1724/213/1668 1755/245/1668 1751/281/1668
f 1729/220/1669 1731/222/1669 1759/702/1669
f 1731/285/1670 1728/693/1670 1757/253/1670
f 1735/277/1671 1763/293/1671 1749/697/1671
f 1730/694/1672 1744/279/1672 1736/708/1672
f 1751/281/1673 1757/253/1673 1728/693/1673
f 1770/264/1674 1742/234/1674 1729/220/1674
f 1743/278/1675 1772/288/1675 1764/703/1675
f 1765/704/1676 1771/705/1676 1758/292/1676
usemtl moss
f 1777/208/1677 1781/209/1677 1783/210/1677
f 1778/691/1678 1781/212/1678 1780/213/1678
f 1783/214/1679 1782/215/1679 1779/692/1679
f 1784/693/1680 1788/218/1680 1790/219/1680
f 1785/711/1681 1788/221/1681 1787/222/1681
f 1790/223/1682 1789/224/1682 1786/694/1682
f 1791/277/1683 1795/227/1683 1797/228/1683
f 1796/229/1684 1794/230/1684 1792/695/1684
f 1793/290/1685 1795/233/1685 1796/229/1685
f 1798/712/1686 1802/235/1686 1804/236/1686
f 1799/278/1687 1802/238/1687 1801/239/1687
f 1804/240/1688 1803/241/1688 1800/242/1688
f 1805/243/1689 1809/244/1689 1811/245/1689
f 1810/698/1690 1808/699/1690 1806/248/1690
f 1807/281/1691 1809/244/1691 1810/698/1691
f 1812/250/1692 1816/251/1692 1818/710/1692
f 1813/253/1693 1816/251/1693 1815/702/1693
f 1818/710/1694 1817/255/1694 1814/292/1694
f 1819/293/1695 1823/258/1695 1825/259/1695
f 1820/703/1696 1823/258/1696 1822/261/1696
f 1825/259/1697 1824/262/1697 1821/704/1697
f 1826/264/1698 1830/265/1698 1832/266/1698
f 1831/267/1699 1829/268/1699 1827/705/1699
f 1828/288/1700 1830/265/1700 1831/267/1700
f 1777/208/1701 1794/271/1701 1791/277/1701
f 1783/214/1702 1792/695/1702 1794/230/1702
f 1778/691/1703 1790/219/1703 1782/272/1703
f 1782/215/1704 1786/694/1704 1779/692/1704
f 1798/712/1705 1789/273/1705 1785/711/1705
f 1804/240/1706 1786/694/1706 1789/224/1706
f 1793/290/1707 1803/241/1707 1799/278/1707
f 1796/229/1708 1800/242/1708 1803/241/1708
f 1791/277/1709 1822/261/1709 1819/293/1709
f 1797/274/1710 1820/703/1710 1822/261/1710
f 1826/264/1711 1801/275/1711 1798/712/1711
f 1832/266/1712 1799/278/1712 1801/239/1712
f 1821/704/1713 1831/267/1713 1827/705/1713
f 1831/267/1714 1820/703/1714 1828/288/1714
f 1819/293/1715 1808/699/1715 1805/243/1715
f 1825/259/1716 1806/248/1716 1808/699/1716
f 1812/250/1717 1829/268/1717 1826/264/1717
f 1818/710/1718 1827/705/1718 1829/268/1718
f 1813/253/1719 1810/698/1719 1817/255/1719
f 1817/255/1720 1806/248/1720 1814/292/1720
f 1777/208/1721 1811/245/1721 1780/276/1721
f 1811/245/1722 1778/691/1722 1780/213/1722
f 1812/250/1723 1787/222/1723 1815/702/1723
f 1815/702/1724 1784/693/1724 1813/253/1724
f 1819/293/1725 1777/208/1725 1791/277/1725
f 1786/694/1726 1792/695/1726 1779/692/1726
f 1813/253/1727 1778/691/1727 1807/281/1727
f 1798/712/1728 1812/250/1728 1826/264/1728
f 1793/290/1729 1828/288/1729 1820/703/1729
f 1827/705/1730 1806/248/1730 1821/704/1730
f 1833/690/1731 1837/209/1731 1839/210/1731
f 1834/691/1732 1837/212/1732 1836/213/1732
f 1839/214/1733 1838/215/1733 1835/692/1733
f 1840/693/1734 1844/218/1734 1846/219/1734
f 1841/220/1735 1844/221/1735 1843/222/1735
f 1846/223/1736 1845/224/1736 1842/694/1736
f 1847/226/1737 1851/227/1737 1853/228/1737
f 1852/229/1738 1850/230/1738 1848/695/1738
f 1849/290/1739 1851/233/1739 1852/229/1739
f 1854/234/1740 1858/235/1740 1860/236/1740
f 1855/713/1741 1858/238/1741 1857/239/1741
f 1860/240/1742 1859/241/1742 1856/242/1742
f 1861/697/1743 1865/244/1743 1867/245/1743
f 1866/698/1744 1864/699/1744 1862/248/1744
f 1863/281/1745 1865/244/1745 1866/698/1745
f 1868/250/1746 1872/251/1746 1874/710/1746
f 1869/253/1747 1872/251/1747 1871/702/1747
f 1874/710/1748 1873/255/1748 1870/292/1748
f 1875/293/1749 1879/258/1749 1881/259/1749
f 1876/703/1750 1879/258/1750 1878/261/1750
f 1881/259/1751 1880/262/1751 1877/704/1751
f 1882/264/1752 1886/265/1752 1888/266/1752
f 1887/267/1753 1885/268/1753 1883/705/1753
f 1884/288/1754 1886/265/1754 1887/267/1754
f 1833/690/1755 1850/271/1755 1847/226/1755
f 1839/214/1756 1848/695/1756 1850/230/1756
f 1834/691/1757 1846/219/1757 1838/272/1757
f 1846/223/1758 1835/692/1758 1838/215/1758
f 1841/220/1759 1860/236/1759 1845/273/1759
f 1860/240/1760 1842/694/1760 1845/224/1760
f 1855/713/1761 1852/229/1761 1859/241/1761
f 1859/241/1762 1848/695/1762 1856/242/1762
f 1875/293/1763 1853/228/1763 1878/261/1763
f 1878/261/1764 1849/290/1764 1876/703/1764
f 1882/264/1765 1857/275/1765 1854/234/1765
f 1888/266/1766 1855/713/1766 1857/239/1766
f 1883/705/1767 1880/262/1767 1887/267/1767
f 1880/262/1768 1884/288/1768 1887/267/1768
f 1861/697/1769 1881/259/1769 1864/699/1769
f 1864/699/1770 1877/704/1770 1862/248/1770
f 1882/264/1771 1874/710/1771 1885/268/1771
f 1874/710/1772 1883/705/1772 1885/268/1772
f 1863/281/1773 1873/255/1773 1869/253/1773
f 1873/255/1774 1862/248/1774 1870/292/1774
f 1861/697/1775 1836/276/1775 1833/690/1775
f 1867/245/1776 1834/691/1776 1836/213/1776
f 1841/220/1777 1871/702/1777 1868/250/1777
f 1843/285/1778 1869/253/1778 1871/702/1778
f 1847/226/1779 1861/697/1779 1833/690/1779
f 1835/692/1780 1856/242/1780 1848/695/1780
f 1863/281/1781 1840/693/1781 1834/691/1781
f 1882/264/1782 1841/220/1782 1868/250/1782
f 1855/713/1783 1876/703/1783 1849/290/1783
f 1877/704/1784 1870/292/1784 1862/248/1784
f 1777/208/2624 1780/276/2624 1781/209/2624
f 1778/691/2625 1782/272/2625 1781/212/2625
f 1783/214/2626 1781/706/2626 1782/215/2626
f 1784/693/2627 1787/285/2627 1788/218/2627
f 1785/711/2628 1789/273/2628 1788/221/2628
f 1790/223/2629 1788/707/2629 1789/224/2629
f 1791/277/2630 1794/271/2630 1795/227/2630
f 1796/229/2631 1795/233/2631 1794/230/2631
f 1793/290/2632 1797/274/2632 1795/233/2632
f 1798/712/2633 1801/275/2633 1802/235/2633
f 1799/278/2634 1803/241/2634 1802/238/2634
f 1804/240/2635 1802/238/2635 1803/241/2635
f 1805/243/2636 1808/699/2636 1809/244/2636
f 1810/698/2637 1809/244/2637 1808/699/2637
f 1807/281/2638 1811/245/2638 1809/244/2638
f 1812/250/2639 1815/702/2639 1816/251/2639
f 1813/253/2640 1817/255/2640 1816/251/2640
f 1818/710/2641 1816/251/2641 1817/255/2641
f 1819/293/2642 1822/261/2642 1823/258/2642
f 1820/703/2643 1824/262/2643 1823/258/2643
f 1825/259/2644 1823/258/2644 1824/262/2644
f 1826/264/2645 1829/268/2645 1830/265/2645
f 1831/267/2646 1830/265/2646 1829/268/2646
f 1828/288/2647 1832/266/2647 1830/265/2647
f 1777/208/2648 1783/210/2648 1794/271/2648
f 1783/214/1702 1779/692/1702 1792/695/1702
f 1778/691/1703 1784/693/1703 1790/219/1703
f 1782/215/1704 1790/223/1704 1786/694/1704
f 1798/712/2649 1804/236/2649 1789/273/2649
f 1804/240/1706 1800/242/1706 1786/694/1706
f 1793/290/1707 1796/229/1707 1803/241/1707
f 1796/229/1708 1792/695/1708 1800/242/1708
f 1791/277/1709 1797/228/1709 1822/261/1709
f 1797/274/1710 1793/290/1710 1820/703/1710
f 1826/264/1711 1832/266/1711 1801/275/1711
f 1832/266/1712 1828/288/1712 1799/278/1712
f 1821/704/1713 1824/262/1713 1831/267/1713
f 1831/267/1714 1824/262/1714 1820/703/1714
f 1819/293/1715 1825/259/1715 1808/699/1715
f 1825/259/1716 1821/704/1716 1806/248/1716
f 1812/250/2650 1818/710/2650 1829/268/2650
f 1818/710/2651 1814/292/2651 1827/705/2651
f 1813/253/1719 1807/281/1719 1810/698/1719
f 1817/255/1720 1810/698/1720 1806/248/1720
f 1777/208/1721 1805/243/1721 1811/245/1721
f 1811/245/1722 1807/281/1722 1778/691/1722
f 1812/250/2652 1785/711/2652 1787/222/2652
f 1815/702/2653 1787/285/2653 1784/693/2653
f 1819/293/1725 1805/243/1725 1777/208/1725
f 1786/694/1726 1800/242/1726 1792/695/1726
f 1813/253/1727 1784/693/1727 1778/691/1727
f 1798/712/1728 1785/711/1728 1812/250/1728
f 1793/290/1729 1799/278/1729 1828/288/1729
f 1827/705/1730 1814/292/1730 1806/248/1730
f 1833/690/2654 1836/276/2654 1837/209/2654
f 1834/691/2655 1838/272/2655 1837/212/2655
f 1839/214/2656 1837/706/2656 1838/215/2656
f 1840/693/2657 1843/285/2657 1844/218/2657
f 1841/220/2658 1845/273/2658 1844/221/2658
f 1846/223/2659 1844/707/2659 1845/224/2659
f 1847/226/2660 1850/271/2660 1851/227/2660
f 1852/229/2661 1851/233/2661 1850/230/2661
f 1849/290/2662 1853/274/2662 1851/233/2662
f 1854/234/2663 1857/275/2663 1858/235/2663
f 1855/713/2664 1859/241/2664 1858/238/2664
f 1860/240/2665 1858/238/2665 1859/241/2665
f 1861/697/2666 1864/699/2666 1865/244/2666
f 1866/698/2667 1865/244/2667 1864/699/2667
f 1863/281/2668 1867/245/2668 1865/244/2668
f 1868/250/2669 1871/702/2669 1872/251/2669
f 1869/253/2670 1873/255/2670 1872/251/2670
f 1874/710/2671 1872/251/2671 1873/255/2671
f 1875/293/2672 1878/261/2672 1879/258/2672
f 1876/703/2673 1880/262/2673 1879/258/2673
f 1881/259/2674 1879/258/2674 1880/262/2674
f 1882/264/2675 1885/268/2675 1886/265/2675
f 1887/267/2676 1886/265/2676 1885/268/2676
f 1884/288/2677 1888/266/2677 1886/265/2677
f 1833/690/2678 1839/210/2678 1850/271/2678
f 1839/214/2679 1835/692/2679 1848/695/2679
f 1834/691/1757 1840/693/1757 1846/219/1757
f 1846/223/1758 1842/694/1758 1835/692/1758
f 1841/220/1759 1854/234/1759 1860/236/1759
f 1860/240/1760 1856/242/1760 1842/694/1760
f 1855/713/1761 1849/290/1761 1852/229/1761
f 1859/241/1762 1852/229/1762 1848/695/1762
f 1875/293/1763 1847/226/1763 1853/228/1763
f 1878/261/1764 1853/274/1764 1849/290/1764
f 1882/264/1765 1888/266/1765 1857/275/1765
f 1888/266/2680 1884/288/2680 1855/713/2680
f 1883/705/1767 1877/704/1767 1880/262/1767
f 1880/262/1768 1876/703/1768 1884/288/1768
f 1861/697/1769 1875/293/1769 1881/259/1769
f 1864/699/2681 1881/259/2681 1877/704/2681
f 1882/264/1771 1868/250/1771 1874/710/1771
f 1874/710/1772 1870/292/1772 1883/705/1772
f 1863/281/1773 1866/698/1773 1873/255/1773
f 1873/255/1774 1866/698/1774 1862/248/1774
f 1861/697/1775 1867/245/1775 1836/276/1775
f 1867/245/2682 1863/281/2682 1834/691/2682
f 1841/220/1777 1843/222/1777 1871/702/1777
f 1843/285/1778 1840/693/1778 1869/253/1778
f 1847/226/1779 1875/293/1779 1861/697/1779
f 1835/692/1780 1842/694/1780 1856/242/1780
f 1863/281/1781 1869/253/1781 1840/693/1781
f 1882/264/1782 1854/234/1782 1841/220/1782
f 1855/713/1783 1884/288/1783 1876/703/1783
f 1877/704/1784 1883/705/1784 1870/292/1784
