# Blender 4.5.10 LTS
# www.blender.org
mtllib grove_mill_trough.mtl
o grove_mill_trough
v 0.640957 0.090475 -0.256576
v 0.640867 0.092188 -0.264195
v 0.659068 0.093126 -0.256697
v 0.640924 0.090876 -0.261938
v 0.651416 0.091562 -0.260999
v 0.653731 0.092750 -0.262023
v 0.653795 0.091539 -0.256636
v 0.635669 0.228098 -0.268578
v 0.635609 0.230300 -0.261085
v 0.653871 0.229036 -0.261080
v 0.635621 0.229554 -0.266410
v 0.646132 0.229732 -0.265454
v 0.648491 0.230217 -0.261108
v 0.648534 0.228660 -0.266406
v 0.641982 0.107432 0.268029
v 0.660094 0.110083 0.267908
v 0.641922 0.109633 0.275522
v 0.654820 0.108495 0.267969
v 0.652459 0.108800 0.272331
v 0.654777 0.110052 0.273268
v 0.641970 0.108178 0.273353
v 0.636635 0.247257 0.263520
v 0.636724 0.245543 0.271139
v 0.654896 0.245993 0.263525
v 0.636667 0.246856 0.268881
v 0.647175 0.246971 0.267876
v 0.649580 0.245962 0.268885
v 0.649516 0.247174 0.263497
v -0.621719 0.042316 -0.252552
v -0.639980 0.043580 -0.252557
v -0.621809 0.044030 -0.260171
v -0.634601 0.042399 -0.252529
v -0.632259 0.042602 -0.256907
v -0.634664 0.043611 -0.257917
v -0.621751 0.042717 -0.257913
v -0.627066 0.182142 -0.257061
v -0.627006 0.179940 -0.264554
v -0.645178 0.179490 -0.256940
v -0.627055 0.181395 -0.262385
v -0.637543 0.180773 -0.261363
v -0.639862 0.179521 -0.262300
v -0.639904 0.181078 -0.257001
v -0.620694 0.059273 0.272053
v -0.620754 0.061475 0.279546
v -0.638955 0.060537 0.272048
v -0.620705 0.060019 0.277378
v -0.631217 0.059841 0.276423
v -0.633618 0.060913 0.277374
v -0.633575 0.059356 0.272076
v -0.626041 0.199098 0.267544
v -0.644153 0.196447 0.267665
v -0.625951 0.197385 0.275163
v -0.638879 0.198034 0.267604
v -0.636501 0.198011 0.271967
v -0.638816 0.196823 0.272991
v -0.626009 0.198697 0.272906
v 0.617523 0.064829 0.196067
v 0.617761 0.068990 0.194442
v 0.635945 0.067900 0.195767
v 0.617584 0.066035 0.194953
v 0.628107 0.065936 0.195018
v 0.630610 0.068207 0.194741
v 0.630443 0.065264 0.195890
v 0.635644 0.359980 0.188489
v 0.635921 0.364202 0.189943
v 0.653828 0.358890 0.189814
v 0.635832 0.362953 0.188879
v 0.646288 0.361766 0.188966
v 0.648690 0.362182 0.189816
v 0.648494 0.359197 0.188788
v 0.618914 0.066930 0.302957
v 0.637335 0.070001 0.302657
v 0.619191 0.071152 0.304411
v 0.631833 0.067366 0.302781
v 0.629521 0.068072 0.303686
v 0.632029 0.070351 0.303809
v 0.619003 0.068179 0.304021
v 0.637312 0.366303 0.296833
v 0.637074 0.362142 0.298458
v 0.655218 0.360991 0.296705
v 0.637250 0.365097 0.297947
v 0.647701 0.363902 0.297634
v 0.649912 0.361341 0.297856
v 0.650080 0.364283 0.296707
v -0.643591 0.142636 0.210943
v -0.661498 0.147948 0.211071
v -0.643354 0.146797 0.209317
v -0.656360 0.144656 0.211069
v -0.653981 0.145037 0.210141
v -0.656192 0.147599 0.209920
v -0.643530 0.143843 0.209829
v -0.625193 0.442009 0.204819
v -0.625471 0.437788 0.203365
v -0.643615 0.438939 0.205119
v -0.625283 0.440760 0.203755
v -0.635801 0.440867 0.204090
v -0.638309 0.438589 0.203967
v -0.638113 0.441574 0.204995
v -0.642201 0.144738 0.317833
v -0.641923 0.148959 0.319287
v -0.660107 0.150049 0.317961
v -0.642111 0.145987 0.318896
v -0.652568 0.147173 0.318809
v -0.654773 0.149743 0.318987
v -0.654969 0.146758 0.317959
v -0.623803 0.444110 0.311709
v -0.642225 0.441040 0.312009
v -0.624040 0.439949 0.313334
v -0.636722 0.443675 0.311885
v -0.634387 0.443003 0.312758
v -0.636890 0.440733 0.313035
v -0.623864 0.442904 0.312823
v 0.616798 0.073796 -0.291030
v 0.617142 0.078037 -0.292412
v 0.635199 0.076815 -0.289947
v 0.616933 0.075059 -0.292072
v 0.627428 0.074921 -0.291317
v 0.629944 0.077194 -0.291306
v 0.629701 0.074196 -0.290329
v 0.635347 0.368868 -0.281618
v 0.635527 0.373005 -0.279925
v 0.653404 0.367646 -0.279153
v 0.635509 0.371814 -0.281058
v 0.645936 0.370589 -0.280343
v 0.648277 0.370951 -0.279315
v 0.648149 0.368025 -0.280512
v 0.611107 0.070192 -0.184323
v 0.629508 0.073211 -0.183240
v 0.611287 0.074329 -0.182630
v 0.624010 0.070591 -0.183621
v 0.621643 0.071257 -0.182834
v 0.624137 0.073517 -0.182425
v 0.611126 0.071382 -0.183191
v 0.629837 0.369400 -0.173218
v 0.629493 0.365160 -0.171836
v 0.647713 0.364042 -0.172445
v 0.629702 0.368137 -0.172177
v 0.640151 0.366925 -0.171860
v 0.642343 0.364348 -0.171630
v 0.642586 0.367346 -0.172607
v -0.642543 0.155018 -0.355446
v -0.660419 0.160377 -0.356218
v -0.642199 0.159259 -0.356827
v -0.655292 0.157072 -0.356056
v -0.652857 0.157494 -0.356803
v -0.655049 0.160071 -0.357033
v -0.642408 0.156282 -0.356487
v -0.623813 0.454227 -0.344341
v -0.623993 0.450090 -0.346033
v -0.642214 0.451208 -0.345424
v -0.623832 0.453037 -0.345473
v -0.634349 0.453162 -0.345829
v -0.636843 0.450902 -0.346239
v -0.636716 0.453827 -0.345042
v -0.648233 0.151414 -0.248738
v -0.648053 0.155551 -0.247046
v -0.666110 0.156773 -0.249511
v -0.648215 0.152604 -0.247606
v -0.658642 0.153830 -0.248321
v -0.660855 0.156394 -0.248152
v -0.660983 0.153468 -0.249349
v -0.629504 0.450623 -0.237633
v -0.647905 0.447604 -0.238716
v -0.629848 0.446382 -0.236252
v -0.642406 0.450223 -0.238335
v -0.640134 0.449498 -0.237347
v -0.642650 0.447224 -0.237358
v -0.629638 0.449359 -0.236592
v -0.563217 0.111647 -0.258670
v -0.563176 0.115686 -0.266317
v -0.561678 0.115846 -0.258751
v -0.563188 0.112764 -0.264041
v -0.562304 0.113330 -0.263067
v -0.562099 0.115733 -0.264098
v -0.562128 0.112877 -0.258690
v -0.563229 0.407221 -0.272482
v -0.563272 0.411580 -0.265013
v -0.561731 0.407381 -0.264915
v -0.563242 0.410237 -0.270331
v -0.562358 0.409713 -0.269334
v -0.562183 0.410350 -0.264980
v -0.562153 0.407268 -0.270262
v -0.566144 0.122742 0.266084
v -0.564605 0.126942 0.266004
v -0.566187 0.127101 0.273554
v -0.565056 0.123972 0.266064
v -0.565280 0.124610 0.270415
v -0.565086 0.127055 0.271346
v -0.566174 0.124085 0.271403
v -0.566199 0.422675 0.259742
v -0.566241 0.418636 0.267389
v -0.564659 0.418477 0.259839
v -0.566229 0.421558 0.265112
v -0.565334 0.420993 0.264148
v -0.565139 0.418590 0.265181
v -0.565110 0.421446 0.259774
v -0.670135 0.111615 -0.259266
v -0.671676 0.115813 -0.259364
v -0.670094 0.115654 -0.266913
v -0.671225 0.112844 -0.259298
v -0.671001 0.113297 -0.263672
v -0.671195 0.115700 -0.264705
v -0.670106 0.112731 -0.264637
v -0.670191 0.411548 -0.265608
v -0.670148 0.407189 -0.273078
v -0.671730 0.407348 -0.265528
v -0.670161 0.410205 -0.270927
v -0.671055 0.409680 -0.269939
v -0.671249 0.407235 -0.270870
v -0.671279 0.410317 -0.265588
v -0.673063 0.122710 0.265488
v -0.673106 0.127069 0.272958
v -0.674603 0.126909 0.265391
v -0.673093 0.124053 0.270807
v -0.673976 0.124577 0.269810
v -0.674182 0.127022 0.270738
v -0.674152 0.123940 0.265456
v -0.673118 0.422643 0.259146
v -0.674657 0.418443 0.259227
v -0.673159 0.418604 0.266793
v -0.674206 0.421413 0.259166
v -0.674031 0.420960 0.263543
v -0.674236 0.418557 0.264574
v -0.673147 0.421526 0.264517
v 0.683910 0.094356 -0.257694
v 0.683891 0.098044 -0.265516
v 0.685269 0.098611 -0.257946
v 0.683971 0.095229 -0.263109
v 0.684815 0.095876 -0.262150
v 0.684932 0.098238 -0.263288
v 0.684945 0.095630 -0.257756
v 0.671483 0.388725 -0.285031
v 0.671144 0.393411 -0.277771
v 0.672861 0.389292 -0.277461
v 0.671310 0.391832 -0.283021
v 0.672200 0.391392 -0.281990
v 0.672284 0.392233 -0.277668
v 0.672524 0.388919 -0.282802
v 0.672772 0.129034 0.265921
v 0.674131 0.133288 0.265668
v 0.672432 0.133720 0.273182
v 0.673807 0.130308 0.265859
v 0.673492 0.131130 0.270173
v 0.673567 0.133621 0.270993
v 0.672606 0.130613 0.271172
v 0.660006 0.428089 0.245844
v 0.660024 0.424401 0.253667
v 0.661723 0.423970 0.246153
v 0.659945 0.427216 0.251259
v 0.660877 0.426647 0.250333
v 0.661159 0.424303 0.251478
v 0.661146 0.426910 0.245946
v 0.577111 0.089666 -0.259655
v 0.575394 0.093785 -0.259964
v 0.577092 0.093353 -0.267478
v 0.575970 0.090844 -0.259757
v 0.576240 0.091108 -0.264144
v 0.575958 0.093452 -0.265289
v 0.577172 0.090539 -0.265070
v 0.564345 0.388721 -0.279732
v 0.564684 0.384035 -0.286993
v 0.562985 0.384466 -0.279479
v 0.564511 0.387141 -0.284982
v 0.563625 0.386624 -0.283984
v 0.563550 0.384133 -0.284804
v 0.563310 0.387447 -0.279669
v 0.565973 0.124343 0.263960
v 0.565633 0.129029 0.271221
v 0.564255 0.128462 0.263651
v 0.565807 0.125923 0.269211
v 0.564916 0.126362 0.268179
v 0.564593 0.128835 0.268992
v 0.564832 0.125522 0.263858
v 0.553207 0.423398 0.243883
v 0.551847 0.419144 0.244136
v 0.553225 0.419711 0.251706
v 0.552172 0.422124 0.243945
v 0.552302 0.421878 0.248340
v 0.552185 0.419517 0.249477
v 0.553146 0.422525 0.249298
v 0.530151 0.284213 0.263053
v 0.514611 0.284471 0.275674
v 0.524922 0.284294 0.272639
v -0.562488 0.303473 0.137476
v -0.550216 0.303241 0.153293
v -0.559570 0.303410 0.147999
v 0.530690 0.204617 0.246157
v 0.515189 0.199053 0.257542
v 0.525489 0.200581 0.254869
v -0.561949 0.223877 0.120580
v -0.549638 0.217823 0.135162
v -0.559004 0.219698 0.130229
v 0.534998 0.138753 0.198568
v 0.519812 0.128372 0.206472
v 0.530020 0.131311 0.204819
v -0.557641 0.158014 0.072991
v -0.545014 0.147142 0.084092
v -0.554473 0.150428 0.080178
v 0.542331 0.098011 0.128513
v 0.527682 0.084650 0.131294
v 0.537732 0.088462 0.131142
v -0.550308 0.117271 0.002937
v -0.537145 0.103420 0.008914
v -0.546760 0.107578 0.006501
v 0.551421 0.089434 0.048108
v 0.537436 0.075446 0.045007
v 0.547292 0.079441 0.046577
v -0.541218 0.108695 -0.077469
v -0.527390 0.094216 -0.077373
v -0.537200 0.098558 -0.078063
v 0.560696 0.114506 -0.028747
v 0.547390 0.102352 -0.037469
v 0.557047 0.105810 -0.034252
v -0.531943 0.133767 -0.154324
v -0.517437 0.121122 -0.159849
v -0.527446 0.124927 -0.158893
v 0.568552 0.168892 -0.088762
v 0.555820 0.160715 -0.101873
v 0.565309 0.163008 -0.097371
v -0.524087 0.188152 -0.214339
v -0.509006 0.179485 -0.224253
v -0.519183 0.182125 -0.222011
v 0.573631 0.243187 -0.121560
v 0.561271 0.240444 -0.137070
v 0.570651 0.241146 -0.131865
v -0.519008 0.262448 -0.247136
v -0.503555 0.259215 -0.259450
v -0.513841 0.260263 -0.256505
v 0.575055 0.324546 -0.121469
v 0.562799 0.327754 -0.136973
v 0.572149 0.326713 -0.131770
v -0.517584 0.343806 -0.247046
v -0.502028 0.346524 -0.259353
v -0.512344 0.345830 -0.256410
v 0.572577 0.398901 -0.088507
v 0.560140 0.407547 -0.101599
v 0.569543 0.404913 -0.097102
v -0.520062 0.418161 -0.214083
v -0.504686 0.426317 -0.223979
v -0.514950 0.424030 -0.221743
v 0.566626 0.453394 -0.028371
v 0.553754 0.466026 -0.037065
v 0.563284 0.462225 -0.033856
v -0.526013 0.472655 -0.153947
v -0.511073 0.484797 -0.159445
v -0.521209 0.481342 -0.158497
v 0.558231 0.478605 0.048540
v 0.544745 0.493081 0.045471
v 0.554455 0.488739 0.047032
v -0.534408 0.497865 -0.077037
v -0.520081 0.511851 -0.076909
v -0.530038 0.507856 -0.077608
v 0.548844 0.470173 0.128927
v 0.534671 0.484032 0.131738
v 0.544582 0.479871 0.131576
v -0.543795 0.489433 0.003350
v -0.530156 0.502802 0.009358
v -0.539911 0.498988 0.006936
v 0.540087 0.429556 0.198891
v 0.525273 0.440445 0.206819
v 0.535372 0.437154 0.205159
v -0.552552 0.448817 0.073314
v -0.539553 0.459215 0.084438
v -0.549120 0.456271 0.080518
v 0.533475 0.363779 0.246334
v 0.518178 0.369856 0.257732
v 0.528418 0.367974 0.255055
v -0.559164 0.383039 0.120757
v -0.546649 0.388626 0.135352
v -0.556074 0.387091 0.130415
v 0.772140 0.337781 -0.006141
v 0.757831 0.349601 0.003870
v 0.759292 0.324416 0.003908
v 0.767777 0.346471 -0.000001
v 0.766633 0.337477 0.003781
v 0.758693 0.337021 0.007105
v 0.768811 0.328663 0.000026
v -0.763985 0.248720 0.057020
v -0.748903 0.236974 0.065921
v -0.750365 0.262159 0.065883
v -0.759133 0.240076 0.062850
v -0.757687 0.249100 0.066457
v -0.749502 0.249579 0.069117
v -0.760167 0.257884 0.062823
v 0.773021 0.314743 -0.017189
v 0.759673 0.314459 -0.000867
v 0.759779 0.298680 -0.020550
v 0.769318 0.315424 -0.006324
v 0.767805 0.306863 -0.010900
v 0.759954 0.304065 -0.008699
v 0.769392 0.304266 -0.020241
v -0.763104 0.225682 0.045972
v -0.748416 0.211238 0.041463
v -0.748522 0.227017 0.061146
v -0.758552 0.215679 0.042583
v -0.756516 0.218486 0.051775
v -0.748241 0.216623 0.053313
v -0.758627 0.226837 0.056501
v 0.772332 0.308967 -0.042084
v 0.759481 0.296183 -0.031309
v 0.758151 0.301692 -0.055892
v 0.768996 0.300947 -0.034548
v 0.766889 0.299187 -0.043981
v 0.758969 0.295802 -0.044311
v 0.768056 0.304842 -0.051930
v -0.763792 0.219906 0.021077
v -0.750044 0.214250 0.006121
v -0.748714 0.208741 0.030703
v -0.759889 0.216255 0.010894
v -0.757431 0.210810 0.018694
v -0.749227 0.208360 0.017701
v -0.758948 0.212360 0.028277
v 0.770592 0.324802 -0.062080
v 0.757399 0.308536 -0.064534
v 0.755635 0.331184 -0.075505
v 0.767056 0.313942 -0.063421
v 0.764577 0.320230 -0.070551
v 0.756479 0.318454 -0.072914
v 0.765808 0.329957 -0.071179
v -0.765533 0.235741 0.001081
v -0.752560 0.243742 -0.013492
v -0.750796 0.221094 -0.002521
v -0.762136 0.241370 -0.008354
v -0.759744 0.231853 -0.007876
v -0.751716 0.231013 -0.010901
v -0.760889 0.225355 -0.000596
v 0.769111 0.350325 -0.062118
v 0.754995 0.342215 -0.075521
v 0.754125 0.364948 -0.064619
v 0.764957 0.344624 -0.071201
v 0.762609 0.354145 -0.070603
v 0.754360 0.354964 -0.072969
v 0.764342 0.360698 -0.063492
v -0.767014 0.261263 0.001043
v -0.754070 0.277506 -0.002607
v -0.753201 0.254773 -0.013509
v -0.763602 0.272112 -0.000667
v -0.761712 0.265768 -0.007927
v -0.753835 0.267522 -0.010957
v -0.762987 0.256037 -0.008376
v 0.769004 0.366315 -0.042171
v 0.754079 0.371859 -0.055998
v 0.754758 0.377559 -0.031433
v 0.764281 0.369888 -0.052029
v 0.762466 0.375394 -0.044097
v 0.754207 0.377838 -0.044436
v 0.764761 0.373918 -0.034659
v -0.767121 0.277254 0.020990
v -0.753437 0.290117 0.030580
v -0.754117 0.284417 0.006014
v -0.763183 0.285331 0.028166
v -0.761854 0.287017 0.018579
v -0.753988 0.290397 0.017577
v -0.763664 0.281301 0.010796
v 0.770352 0.360733 -0.017259
v 0.755341 0.375146 -0.020666
v 0.757058 0.359520 -0.000935
v 0.765536 0.370710 -0.020342
v 0.764258 0.367976 -0.010993
v 0.756136 0.369853 -0.008799
v 0.766750 0.359661 -0.006391
v -0.765773 0.271672 0.045902
v -0.751137 0.272079 0.061078
v -0.752854 0.287704 0.041347
v -0.761194 0.271074 0.056434
v -0.760063 0.279599 0.051683
v -0.752060 0.282411 0.053213
v -0.762409 0.282123 0.042482
v -0.675640 0.288010 -0.041448
v -0.676811 0.292618 -0.042452
v -0.675820 0.292866 -0.041515
v -0.675999 0.289353 -0.042148
v -0.675592 0.290089 -0.042048
v -0.676127 0.292787 -0.042195
v -0.675299 0.289528 -0.041485
v -0.755378 0.613618 -0.044227
v -0.756470 0.618257 -0.043273
v -0.754387 0.613866 -0.043290
v -0.756166 0.616892 -0.043958
v -0.755465 0.616428 -0.043852
v -0.755466 0.617067 -0.043295
v -0.754694 0.613787 -0.043970
v -0.672902 0.289056 0.026529
v -0.673082 0.293912 0.026462
v -0.673994 0.293694 0.027483
v -0.672561 0.290574 0.026492
v -0.672808 0.291153 0.027059
v -0.673333 0.293854 0.027166
v -0.673205 0.290421 0.027214
v -0.753732 0.619303 0.024704
v -0.752561 0.614694 0.025708
v -0.751649 0.614912 0.024687
v -0.753372 0.617959 0.025403
v -0.752682 0.617492 0.025255
v -0.751900 0.614854 0.025392
v -0.752728 0.618113 0.024681
v -0.741672 0.271864 -0.038540
v -0.743755 0.276255 -0.038523
v -0.742844 0.276472 -0.039544
v -0.742676 0.273054 -0.038517
v -0.742723 0.273675 -0.039092
v -0.743504 0.276312 -0.039228
v -0.742032 0.273207 -0.039239
v -0.822502 0.602111 -0.040365
v -0.821410 0.597473 -0.041319
v -0.822322 0.597255 -0.040298
v -0.822199 0.600746 -0.041050
v -0.822596 0.600014 -0.040895
v -0.822071 0.597313 -0.041002
v -0.822843 0.600593 -0.040328
v -0.738934 0.272910 0.029437
v -0.740027 0.277548 0.030391
v -0.741017 0.277301 0.029454
v -0.739238 0.274275 0.030122
v -0.739939 0.274738 0.030016
v -0.740711 0.277380 0.030134
v -0.739938 0.274100 0.029459
v -0.819764 0.603157 0.027612
v -0.819584 0.598301 0.027679
v -0.818593 0.598549 0.028616
v -0.820105 0.601638 0.027649
v -0.819812 0.601077 0.028212
v -0.819277 0.598380 0.028359
v -0.819405 0.601813 0.028312
v -0.693466 0.559484 0.048322
v -0.693648 0.560516 0.047416
v -0.690195 0.560677 0.047967
v -0.693571 0.559810 0.047655
v -0.691642 0.560054 0.047547
v -0.691258 0.560653 0.047404
v -0.691130 0.559923 0.048044
v -0.697514 0.628301 0.051860
v -0.697443 0.629221 0.052895
v -0.694061 0.628462 0.052411
v -0.697516 0.628975 0.052190
v -0.695572 0.628966 0.052065
v -0.695075 0.629088 0.052579
v -0.695125 0.628438 0.051848
v -0.684714 0.555566 0.115683
v -0.681444 0.556760 0.115328
v -0.684644 0.556486 0.116717
v -0.682378 0.556006 0.115405
v -0.682745 0.556072 0.116028
v -0.682329 0.556656 0.116137
v -0.684642 0.555812 0.116388
v -0.688692 0.625303 0.120256
v -0.688510 0.624271 0.121162
v -0.685310 0.624544 0.119772
v -0.688586 0.624977 0.120923
v -0.686675 0.624983 0.120547
v -0.686195 0.624441 0.120581
v -0.686323 0.625171 0.119940
v -0.924428 0.544401 0.077452
v -0.927811 0.545160 0.077935
v -0.924610 0.545434 0.076545
v -0.926797 0.544533 0.077767
v -0.926445 0.544721 0.077161
v -0.926925 0.545264 0.077126
v -0.924534 0.544727 0.076784
v -0.928406 0.614138 0.082024
v -0.928476 0.613218 0.080990
v -0.931677 0.612945 0.082380
v -0.928478 0.613892 0.081319
v -0.930376 0.613633 0.081679
v -0.930791 0.613048 0.081571
v -0.930742 0.613699 0.082302
v -0.915677 0.540483 0.144813
v -0.915606 0.541403 0.145847
v -0.919059 0.541242 0.145296
v -0.915604 0.540729 0.145517
v -0.917548 0.540738 0.145642
v -0.917995 0.541266 0.145859
v -0.918045 0.540616 0.145128
v -0.919654 0.610221 0.149385
v -0.922925 0.609027 0.149741
v -0.919472 0.609188 0.150291
v -0.921990 0.609781 0.149663
v -0.921478 0.609650 0.150160
v -0.921862 0.609051 0.150304
v -0.919549 0.609895 0.150052
v -0.433106 -0.033012 -0.219943
v -0.433303 -0.030807 -0.226112
v -0.430746 -0.030904 -0.220077
v -0.433298 -0.032379 -0.224298
v -0.431950 -0.032159 -0.223569
v -0.431629 -0.030888 -0.224393
v -0.431490 -0.032448 -0.220031
v -0.424490 0.124459 -0.227343
v -0.424040 0.126725 -0.221210
v -0.421933 0.124361 -0.221309
v -0.424306 0.126049 -0.225554
v -0.422991 0.125689 -0.224821
v -0.422498 0.125980 -0.221287
v -0.422816 0.124377 -0.225624
v -0.410637 -0.030901 0.207141
v -0.408277 -0.028792 0.207007
v -0.410186 -0.028634 0.213275
v -0.409021 -0.030336 0.207053
v -0.409107 -0.030012 0.210618
v -0.408702 -0.028733 0.211391
v -0.410371 -0.030224 0.211486
v -0.401571 0.128837 0.205875
v -0.401374 0.126631 0.212044
v -0.399464 0.126473 0.205775
v -0.401379 0.128203 0.210230
v -0.400148 0.127836 0.209366
v -0.399889 0.126532 0.210159
v -0.400029 0.128092 0.205797
v -0.588161 -0.024148 -0.211829
v -0.590268 -0.021784 -0.211730
v -0.588358 -0.021942 -0.217998
v -0.589703 -0.023402 -0.211752
v -0.589584 -0.023146 -0.215321
v -0.589842 -0.021842 -0.216114
v -0.588353 -0.023514 -0.216184
v -0.579095 0.135590 -0.213096
v -0.579545 0.133324 -0.219229
v -0.581455 0.133482 -0.212961
v -0.579361 0.134914 -0.217440
v -0.580625 0.134701 -0.216572
v -0.581030 0.133423 -0.217345
v -0.580711 0.135026 -0.213008
v -0.565692 -0.022036 0.215255
v -0.565241 -0.019769 0.221389
v -0.567798 -0.019672 0.215354
v -0.565426 -0.021360 0.219600
v -0.566741 -0.021000 0.218867
v -0.566915 -0.019688 0.219670
v -0.567234 -0.021291 0.215332
v -0.556626 0.137702 0.213988
v -0.558986 0.135593 0.214123
v -0.556429 0.135496 0.220157
v -0.558242 0.137137 0.214076
v -0.557782 0.136848 0.217615
v -0.558103 0.135577 0.218438
v -0.556434 0.137068 0.218343
v 0.571745 -0.020689 -0.210856
v 0.571264 -0.018787 -0.217110
v 0.573857 -0.018342 -0.211107
v 0.571454 -0.020270 -0.215231
v 0.572775 -0.019871 -0.214529
v 0.572948 -0.018610 -0.215409
v 0.573288 -0.019954 -0.210986
v 0.562929 0.136307 -0.225024
v 0.563170 0.138874 -0.218998
v 0.565523 0.136753 -0.219021
v 0.562950 0.137984 -0.223307
v 0.564302 0.137803 -0.222574
v 0.564784 0.138300 -0.219062
v 0.564614 0.136485 -0.223323
v 0.596790 0.002411 0.215465
v 0.598903 0.004758 0.215213
v 0.597031 0.004978 0.221491
v 0.598334 0.003145 0.215334
v 0.598237 0.003613 0.218882
v 0.598504 0.004960 0.219596
v 0.597010 0.003301 0.219773
v 0.588215 0.161974 0.207323
v 0.588696 0.160072 0.213577
v 0.590568 0.159853 0.207299
v 0.588506 0.161555 0.211698
v 0.589764 0.161287 0.210837
v 0.590170 0.160055 0.211682
v 0.589830 0.161399 0.207259
v 0.416715 -0.028533 -0.201323
v 0.414362 -0.026412 -0.201300
v 0.416235 -0.026632 -0.207578
v 0.415101 -0.027959 -0.201260
v 0.415167 -0.027846 -0.204837
v 0.414761 -0.026614 -0.205682
v 0.416425 -0.028114 -0.205699
v 0.408141 0.131030 -0.209465
v 0.407900 0.128463 -0.215492
v 0.406028 0.128683 -0.209214
v 0.407921 0.130140 -0.213774
v 0.406694 0.129828 -0.212883
v 0.406427 0.128480 -0.213596
v 0.406597 0.130295 -0.209335
v 0.441761 -0.005433 0.224997
v 0.442001 -0.002867 0.231024
v 0.439408 -0.003312 0.225021
v 0.441981 -0.004544 0.229306
v 0.440629 -0.004362 0.228574
v 0.440317 -0.003044 0.229322
v 0.440147 -0.004859 0.225061
v 0.433186 0.154129 0.216855
v 0.431073 0.151782 0.217107
v 0.433667 0.152228 0.223110
v 0.431643 0.153395 0.216986
v 0.432156 0.153312 0.220528
v 0.431982 0.152051 0.221408
v 0.433477 0.153710 0.221231
vn 0.0822 -0.9954 -0.0501
vn 0.1011 -0.8590 -0.5020
vn 0.2793 -0.9361 -0.2138
vn 0.0774 0.7532 -0.6532
vn -0.0042 0.9903 -0.1388
vn 0.2076 0.9390 -0.2743
vn 0.0722 -0.9877 0.1386
vn 0.2802 -0.9204 0.2727
vn 0.1387 -0.7450 0.6525
vn 0.0065 0.9987 0.0498
vn 0.0386 0.8643 0.5015
vn 0.2085 0.9547 0.2122
vn 0.0038 -0.9972 -0.0745
vn -0.2085 -0.9547 -0.2122
vn -0.0798 -0.7938 -0.6029
vn -0.0826 0.9901 -0.1139
vn -0.1031 0.8248 -0.5560
vn -0.2802 0.9204 -0.2727
vn -0.0062 -0.9934 0.1142
vn -0.0365 -0.8301 0.5564
vn -0.2076 -0.9390 0.2743
vn -0.0717 0.9946 0.0748
vn -0.2793 0.9361 0.2138
vn -0.1362 0.7856 0.6036
vn 0.0827 -0.9961 0.0320
vn 0.2884 -0.9570 0.0304
vn 0.1675 -0.0254 -0.9855
vn 0.7062 0.0042 -0.7080
vn 0.0064 0.9995 -0.0323
vn 0.2145 0.9762 -0.0320
vn 0.1714 0.0383 0.9845
vn 0.7090 0.0498 0.7035
vn 0.0382 -0.9896 0.1387
vn 0.0334 -0.8295 0.5576
vn -0.0378 0.9965 0.0747
vn -0.0313 0.8637 0.5030
vn -0.7062 -0.0042 0.7080
vn -0.1675 0.0254 0.9855
vn -0.0064 -0.9995 0.0323
vn -0.2145 -0.9762 0.0320
vn -0.0827 0.9961 -0.0320
vn -0.2884 0.9570 -0.0304
vn -0.1714 -0.0383 -0.9845
vn -0.7090 -0.0498 -0.7035
vn 0.0378 -0.9965 -0.0747
vn 0.0313 -0.8637 -0.5030
vn -0.0382 0.9896 -0.1387
vn -0.0334 0.8295 -0.5576
vn 0.0382 -0.9988 0.0322
vn 0.9993 0.0381 -0.0032
vn -0.0020 -0.0323 -0.9995
vn -0.0382 0.9988 -0.0322
vn 0.0020 0.0323 0.9995
vn -0.9993 -0.0381 0.0032
vn 0.0172 -0.7694 -0.6386
vn 0.0045 -0.1708 -0.9853
vn 0.1553 -0.3671 -0.9171
vn 0.0289 0.0938 -0.9952
vn 0.0793 0.6430 -0.7618
vn 0.1967 0.3077 -0.9309
vn 0.0176 -0.6489 0.7606
vn 0.1792 -0.3309 0.9265
vn 0.0405 -0.0981 0.9944
vn 0.1266 0.7605 0.6369
vn 0.0486 0.1676 0.9847
vn 0.2207 0.3439 0.9127
vn -0.0988 -0.6724 -0.7336
vn -0.2207 -0.3439 -0.9127
vn -0.0547 -0.1328 -0.9896
vn -0.0342 0.7437 -0.6677
vn -0.0302 0.1320 -0.9908
vn -0.1793 0.3309 -0.9265
vn -0.1096 -0.7348 0.6693
vn -0.0229 -0.1287 0.9914
vn -0.1967 -0.3077 0.9309
vn 0.0019 0.6783 0.7348
vn -0.1553 0.3671 0.9171
vn -0.0147 0.1371 0.9905
vn 0.0339 -0.9992 0.0192
vn 0.4322 -0.9017 0.0121
vn 0.0220 -0.0218 -0.9995
vn 0.1870 -0.0316 -0.9819
vn 0.1560 0.9875 -0.0214
vn 0.5393 0.8418 -0.0236
vn 0.0480 0.0175 0.9987
vn 0.2125 0.0069 0.9771
vn -0.0309 -0.6467 0.7621
vn 0.0036 -0.1304 0.9915
vn 0.0504 0.6761 0.7350
vn 0.0221 0.1693 0.9853
vn -0.1870 0.0316 0.9819
vn -0.0220 0.0218 0.9995
vn -0.1560 -0.9875 0.0214
vn -0.5393 -0.8418 0.0236
vn -0.0339 0.9992 -0.0192
vn -0.4322 0.9017 -0.0121
vn -0.0480 -0.0175 -0.9987
vn -0.2125 -0.0069 -0.9771
vn -0.0504 -0.6761 -0.7350
vn -0.0221 -0.1693 -0.9853
vn 0.0309 0.6467 -0.7621
vn -0.0036 0.1304 -0.9915
vn -0.0613 -0.9979 0.0204
vn 0.9980 -0.0616 -0.0118
vn -0.0130 -0.0197 -0.9997
vn 0.0613 0.9979 -0.0204
vn 0.0130 0.0197 0.9997
vn -0.9980 0.0616 0.0118
vn 0.0595 -0.7343 -0.6762
vn 0.0697 -0.1181 -0.9906
vn 0.2157 -0.3182 -0.9232
vn 0.0947 0.1466 -0.9846
vn 0.1295 0.6824 -0.7194
vn 0.2579 0.3562 -0.8981
vn -0.0327 -0.6886 0.7244
vn 0.1175 -0.3804 0.9173
vn -0.0254 -0.1511 0.9882
vn 0.0841 0.7250 0.6836
vn -0.0167 0.1147 0.9933
vn 0.1598 0.2940 0.9424
vn -0.0499 -0.6320 -0.7734
vn -0.1598 -0.2940 -0.9424
vn 0.0109 -0.0797 -0.9968
vn 0.0100 0.7783 -0.6278
vn 0.0355 0.1848 -0.9821
vn -0.1175 0.3804 -0.9173
vn -0.1536 -0.7691 0.6204
vn -0.0885 -0.1813 0.9794
vn -0.2579 -0.3562 0.8981
vn -0.0469 0.6382 0.7684
vn -0.2157 0.3182 0.9231
vn -0.0803 0.0842 0.9932
vn 0.0327 -0.9990 -0.0320
vn 0.4305 -0.9026 -0.0075
vn 0.0881 0.0314 -0.9956
vn 0.2516 0.0202 -0.9676
vn 0.1570 0.9867 0.0417
vn 0.5396 0.8400 0.0571
vn -0.0183 -0.0359 0.9992
vn 0.1473 -0.0459 0.9880
vn -0.0812 -0.6863 0.7228
vn -0.0620 -0.1831 0.9811
vn 0.0015 0.6358 0.7718
vn -0.0432 0.1165 0.9923
vn -0.2516 -0.0202 0.9676
vn -0.0881 -0.0314 0.9956
vn -0.1570 -0.9867 -0.0417
vn -0.5396 -0.8400 -0.0571
vn -0.0327 0.9990 0.0320
vn -0.4305 0.9026 0.0075
vn 0.0183 0.0359 -0.9992
vn -0.1473 0.0459 -0.9880
vn -0.0015 -0.6359 -0.7718
vn 0.0432 -0.1164 -0.9923
vn 0.0812 0.6863 -0.7227
vn 0.0620 0.1831 -0.9811
vn -0.0624 -0.9974 -0.0370
vn 0.9966 -0.0643 0.0510
vn 0.0532 0.0337 -0.9980
vn 0.0624 0.9974 0.0370
vn -0.0532 -0.0337 0.9980
vn -0.9966 0.0643 -0.0510
vn 0.7444 -0.6604 -0.0982
vn 0.8548 -0.3211 -0.4077
vn 0.9903 -0.1168 -0.0756
vn 0.8547 0.3039 -0.4210
vn 0.6462 0.7408 -0.1834
vn 0.9870 0.1488 -0.0616
vn 0.6445 -0.7405 0.1906
vn 0.9863 -0.1482 0.0725
vn 0.8501 -0.3034 0.4304
vn 0.7429 0.6609 0.1065
vn 0.8500 0.3216 0.4173
vn 0.9893 0.1174 0.0866
vn -0.6442 -0.7481 -0.1591
vn -0.9863 -0.1514 -0.0662
vn -0.8500 -0.3216 -0.4172
vn -0.7432 0.6555 -0.1342
vn -0.8501 0.3034 -0.4304
vn -0.9893 0.1133 -0.0914
vn -0.7442 -0.6559 0.1260
vn -0.8546 -0.3039 0.4210
vn -0.9902 -0.1139 0.0804
vn -0.6465 0.7477 0.1519
vn -0.9870 0.1509 0.0552
vn -0.8548 0.3211 0.4077
vn 0.7489 -0.6625 0.0182
vn 0.9887 -0.1498 0.0087
vn 0.8998 -0.0091 -0.4362
vn 0.9969 -0.0015 -0.0785
vn 0.7486 0.6629 -0.0098
vn 0.9886 0.1504 0.0023
vn 0.8949 0.0096 0.4462
vn 0.9960 0.0021 0.0896
vn -0.0011 -0.9696 0.2448
vn -0.0044 -0.5807 0.8141
vn -0.0014 0.9791 0.2036
vn -0.0046 0.6146 0.7889
vn -0.9969 0.0015 0.0785
vn -0.8998 0.0091 0.4362
vn -0.7486 -0.6629 0.0098
vn -0.9886 -0.1504 -0.0023
vn -0.7489 0.6625 -0.0182
vn -0.9887 0.1498 -0.0087
vn -0.8949 -0.0096 -0.4463
vn -0.9960 -0.0021 -0.0896
vn 0.0014 -0.9791 -0.2036
vn 0.0046 -0.6145 -0.7889
vn 0.0011 0.9696 -0.2448
vn 0.0044 0.5806 -0.8141
vn 0.0002 -0.9998 0.0211
vn 1.0000 0.0003 0.0056
vn 0.0056 -0.0211 -0.9998
vn -0.0002 0.9998 -0.0211
vn -0.0056 0.0211 0.9998
vn -1.0000 -0.0003 -0.0056
vn 0.7733 -0.6313 -0.0583
vn 0.8736 -0.3018 -0.3816
vn 0.9954 -0.0771 -0.0574
vn 0.8470 0.3213 -0.4235
vn 0.6165 0.7591 -0.2089
vn 0.9805 0.1884 -0.0556
vn 0.6726 -0.7025 0.2326
vn 0.9905 -0.1019 0.0919
vn 0.8558 -0.2465 0.4547
vn 0.7124 0.6966 0.0856
vn 0.8292 0.3766 0.4130
vn 0.9820 0.1639 0.0937
vn -0.6093 -0.7818 -0.1329
vn -0.9778 -0.1969 -0.0718
vn -0.8292 -0.3767 -0.4129
vn -0.7684 0.6160 -0.1737
vn -0.8558 0.2465 -0.4547
vn -0.9918 0.0660 -0.1092
vn -0.7173 -0.6812 0.1464
vn -0.8470 -0.3213 0.4235
vn -0.9856 -0.1529 0.0729
vn -0.6799 0.7251 0.1092
vn -0.9933 0.1103 0.0356
vn -0.8736 0.3018 0.3817
vn 0.7761 -0.6279 0.0581
vn 0.9939 -0.1063 0.0282
vn 0.9057 0.0102 -0.4238
vn 0.9971 0.0382 -0.0656
vn 0.7197 0.6936 -0.0306
vn 0.9812 0.1931 0.0081
vn 0.8870 0.0685 0.4567
vn 0.9935 0.0493 0.1022
vn 0.0367 -0.9566 0.2889
vn 0.0084 -0.5429 0.8398
vn -0.0462 0.9863 0.1585
vn -0.0424 0.6488 0.7597
vn -0.9971 -0.0382 0.0656
vn -0.9057 -0.0102 0.4238
vn -0.7197 -0.6936 0.0306
vn -0.9812 -0.1930 -0.0081
vn -0.7761 0.6279 -0.0581
vn -0.9939 0.1063 -0.0282
vn -0.8870 -0.0685 -0.4567
vn -0.9935 -0.0493 -0.1022
vn 0.0462 -0.9863 -0.1585
vn 0.0424 -0.6488 -0.7598
vn -0.0367 0.9566 -0.2889
vn -0.0084 0.5429 -0.8398
vn 0.0426 -0.9969 0.0669
vn 0.9989 0.0439 0.0183
vn 0.0212 -0.0661 -0.9976
vn -0.0426 0.9969 -0.0669
vn -0.0212 0.0661 0.9976
vn -0.9989 -0.0439 -0.0183
vn 0.2736 -0.1979 0.9413
vn 0.8736 -0.0954 0.4773
vn -0.4867 -0.1845 0.8539
vn -0.9618 -0.0630 0.2663
vn 0.2853 -0.5490 0.7856
vn 0.8784 -0.2408 0.4128
vn -0.4750 -0.5356 0.6983
vn -0.9570 -0.2085 0.2019
vn 0.3134 -0.8063 0.5017
vn 0.8901 -0.3474 0.2952
vn -0.4469 -0.7929 0.4143
vn -0.9453 -0.3150 0.0843
vn 0.3530 -0.9253 0.1386
vn 0.9065 -0.3967 0.1448
vn -0.4072 -0.9119 0.0512
vn -0.9289 -0.3643 -0.0662
vn 0.3973 -0.8855 -0.2409
vn 0.9248 -0.3802 -0.0124
vn -0.3629 -0.8721 -0.3283
vn -0.9106 -0.3478 -0.2234
vn 0.4387 -0.6937 -0.5712
vn 0.9420 -0.3008 -0.1492
vn -0.3216 -0.6803 -0.6586
vn -0.8934 -0.2684 -0.3602
vn 0.4699 -0.3832 -0.7952
vn 0.9549 -0.1721 -0.2420
vn -0.2903 -0.3698 -0.8826
vn -0.8805 -0.1398 -0.4530
vn 0.4856 -0.0075 -0.8742
vn 0.9614 -0.0165 -0.2747
vn -0.2746 0.0059 -0.9615
vn -0.8740 0.0158 -0.4856
vn 0.4831 0.3683 -0.7944
vn 0.9603 0.1391 -0.2417
vn -0.2772 0.3817 -0.8818
vn -0.8751 0.1715 -0.4526
vn 0.4627 0.6792 -0.5697
vn 0.9519 0.2680 -0.1486
vn -0.2975 0.6926 -0.6571
vn -0.8835 0.3003 -0.3595
vn 0.4281 0.8716 -0.2390
vn 0.9376 0.3476 -0.0116
vn -0.3322 0.8850 -0.3263
vn -0.8978 0.3800 -0.2226
vn 0.3852 0.9121 0.1406
vn 0.9198 0.3644 0.1456
vn -0.3751 0.9255 0.0533
vn -0.9156 0.3967 -0.0653
vn 0.3414 0.7937 0.5035
vn 0.9016 0.3154 0.2959
vn -0.4189 0.8071 0.4161
vn -0.9337 0.3477 0.0850
vn 0.3043 0.5369 0.7868
vn 0.8863 0.2090 0.4133
vn -0.4560 0.5503 0.6995
vn -0.9491 0.2414 0.2024
vn 0.2803 0.1862 0.9417
vn 0.8763 0.0637 0.4774
vn -0.4799 0.1996 0.8543
vn -0.9590 0.0961 0.2665
vn 0.9933 -0.0175 0.1142
vn -0.1153 -0.2070 0.9715
vn -0.1080 0.2088 0.9720
vn -0.9933 0.0175 -0.1142
vn -0.1026 -0.5870 0.8031
vn -0.0722 -0.8654 0.4958
vn -0.0293 -0.9943 0.1027
vn 0.0186 -0.9512 -0.3081
vn 0.0634 -0.7436 -0.6656
vn 0.0972 -0.4075 -0.9080
vn 0.1142 -0.0009 -0.9935
vn 0.1114 0.4059 -0.9071
vn 0.0894 0.7424 -0.6639
vn 0.0519 0.9506 -0.3059
vn 0.0055 0.9945 0.1050
vn -0.0419 0.8663 0.4977
vn -0.0821 0.5884 0.8044
vn 0.8742 0.0092 0.4854
vn 0.4271 0.3038 0.8516
vn 0.3878 -0.2092 0.8977
vn -0.8317 -0.0051 0.5552
vn -0.3560 -0.2970 0.8860
vn -0.3133 0.2163 0.9247
vn 0.8875 -0.3823 0.2571
vn 0.4680 -0.4795 0.7423
vn 0.4026 -0.8356 0.3738
vn -0.8138 -0.4281 0.3930
vn -0.3449 -0.8737 0.3432
vn -0.2735 -0.5836 0.7646
vn 0.8730 -0.4488 -0.1911
vn 0.4635 -0.8840 0.0614
vn 0.3680 -0.8180 -0.4420
vn -0.8236 -0.5659 -0.0389
vn -0.3810 -0.8102 -0.4455
vn -0.2816 -0.9587 0.0392
vn 0.8415 -0.1402 -0.5218
vn 0.4169 -0.6050 -0.6784
vn 0.3101 -0.1698 -0.9354
vn -0.8536 -0.3146 -0.4151
vn -0.4372 -0.1544 -0.8860
vn -0.3314 -0.6267 -0.7053
vn 0.8168 0.3111 -0.4859
vn 0.3633 0.1474 -0.9199
vn 0.2725 0.6210 -0.7349
vn -0.8813 0.1364 -0.4524
vn -0.4710 0.5998 -0.6468
vn -0.3855 0.1626 -0.9083
vn 0.8175 0.5653 -0.1104
vn 0.3431 0.8066 -0.4814
vn 0.2835 0.9589 0.0086
vn -0.8858 0.4476 -0.1227
vn -0.4572 0.8846 0.0921
vn -0.4031 0.8147 -0.4168
vn 0.8430 0.4309 0.3219
vn 0.3715 0.8762 0.3071
vn 0.3348 0.5894 0.7352
vn -0.8637 0.3846 0.3257
vn -0.4060 0.4854 0.7743
vn -0.3710 0.8386 0.3989
vn 0.4862 -0.3627 0.7951
vn 0.9372 -0.1210 0.3270
vn -0.3744 -0.4126 0.8304
vn -0.8871 -0.2267 0.4020
vn 0.0253 0.2506 0.9678
vn 0.0539 -0.2430 0.9685
vn 0.0696 -0.9086 0.4119
vn 0.0675 -0.5993 0.7977
vn 0.4894 -0.8524 0.1842
vn 0.9387 -0.3406 0.0531
vn -0.3711 -0.9023 0.2196
vn -0.8856 -0.4464 0.1281
vn 0.0329 -0.8899 -0.4549
vn 0.0590 -0.9979 0.0269
vn 0.4481 -0.6814 -0.5787
vn 0.9202 -0.2639 -0.2891
vn -0.4124 -0.7313 -0.5433
vn -0.9042 -0.3697 -0.2141
vn -0.0286 -0.2012 -0.9791
vn 0.0060 -0.6450 -0.7641
vn 0.3934 0.0214 -0.9191
vn 0.8956 0.0513 -0.4418
vn -0.4671 -0.0285 -0.8837
vn -0.9287 -0.0545 -0.3668
vn -0.0686 0.6391 -0.7661
vn -0.0515 0.1935 -0.9797
vn 0.3664 0.7269 -0.5808
vn 0.8835 0.3677 -0.2901
vn -0.4941 0.6770 -0.5454
vn -0.9408 0.2620 -0.2150
vn -0.0569 0.9981 0.0239
vn -0.0702 0.8864 -0.4576
vn 0.3875 0.9038 0.1816
vn 0.8930 0.4471 0.0519
vn -0.4730 0.8539 0.2169
vn -0.9314 0.3413 0.1269
vn -0.0024 0.6055 0.7958
vn -0.0360 0.9118 0.4091
vn 0.4408 0.4189 0.7939
vn 0.9169 0.2296 0.3265
vn -0.4197 0.3690 0.8293
vn -0.9075 0.1238 0.4015
vn 0.9975 0.0578 -0.0410
vn 0.0620 -0.4297 0.9009
vn 0.0117 0.4367 0.8996
vn -0.9975 -0.0578 0.0410
vn 0.0656 -0.9724 0.2238
vn 0.0198 -0.7829 -0.6218
vn -0.0409 -0.0039 -0.9992
vn -0.0708 0.7781 -0.6241
vn -0.0474 0.9742 0.2209
vn 0.6994 -0.1740 -0.6932
vn 0.2741 -0.0216 -0.9615
vn 0.8939 0.1544 -0.4208
vn 0.3192 0.1351 -0.9380
vn 0.5417 0.4700 -0.6969
vn 0.8904 0.2994 -0.3427
vn 0.7531 -0.1535 0.6398
vn 0.9533 0.1514 0.2614
vn 0.4222 0.0462 0.9053
vn 0.5955 0.4906 0.6362
vn 0.3120 0.1649 0.9357
vn 0.8961 0.2834 0.3417
vn -0.5954 -0.4906 -0.6362
vn -0.9147 -0.3087 -0.2607
vn -0.3935 -0.1634 -0.9047
vn -0.7531 0.1535 -0.6398
vn -0.3505 -0.0076 -0.9365
vn -0.9246 -0.1661 -0.3427
vn -0.5417 -0.4701 0.6969
vn -0.2355 -0.1357 0.9624
vn -0.8653 -0.2716 0.4213
vn -0.6995 0.1740 0.6931
vn -0.9290 -0.1421 0.3417
vn -0.3479 -0.0179 0.9374
vn 0.9749 -0.2198 -0.0359
vn 0.9872 0.1539 -0.0421
vn 0.3343 0.0766 -0.9394
vn 0.8812 0.2133 -0.4219
vn 0.7632 0.6448 -0.0407
vn 0.9468 0.3190 -0.0430
vn 0.4085 0.1050 0.9067
vn 0.9120 0.2251 0.3428
vn 0.1418 -0.4186 0.8970
vn 0.0603 -0.0672 0.9959
vn -0.0698 0.4461 0.8923
vn 0.0199 0.0978 0.9950
vn -0.8812 -0.2133 0.4220
vn -0.3342 -0.0766 0.9394
vn -0.7632 -0.6448 0.0407
vn -0.9468 -0.3190 0.0430
vn -0.9749 0.2198 0.0359
vn -0.9872 -0.1539 0.0421
vn -0.4085 -0.1050 -0.9067
vn -0.9121 -0.2251 -0.3427
vn 0.0698 -0.4461 -0.8923
vn -0.0199 -0.0978 -0.9950
vn -0.1418 0.4185 -0.8970
vn -0.0603 0.0672 -0.9959
vn 0.2377 -0.9713 0.0054
vn 0.9705 0.2373 -0.0427
vn -0.0402 -0.0154 -0.9991
vn -0.2377 0.9713 -0.0054
vn 0.0402 0.0154 0.9991
vn -0.9705 -0.2373 0.0427
vn 0.1283 -0.9185 -0.3741
vn -0.0122 -0.3213 -0.9469
vn 0.3958 -0.5653 -0.7237
vn -0.0256 0.3617 -0.9319
vn -0.0168 0.9445 -0.3280
vn 0.3238 0.6959 -0.6410
vn 0.1858 -0.9335 0.3067
vn 0.5586 -0.6383 0.5297
vn 0.2521 -0.3469 0.9034
vn 0.0981 0.9333 0.3456
vn 0.1813 0.3323 0.9256
vn 0.4867 0.6230 0.6124
vn -0.0812 -0.9006 -0.4270
vn -0.4867 -0.6229 -0.6124
vn -0.2179 -0.2526 -0.9427
vn -0.2057 0.9531 -0.2218
vn -0.2245 0.4274 -0.8757
vn -0.5586 0.6383 -0.5297
vn -0.0208 -0.9679 0.2504
vn 0.0556 -0.4384 0.8970
vn -0.3238 -0.6959 0.6410
vn -0.0878 0.8896 0.4483
vn -0.3958 0.5654 0.7236
vn -0.0086 0.2379 0.9712
vn 0.1751 -0.9813 -0.0798
vn 0.6164 -0.7774 -0.1253
vn -0.0089 0.0649 -0.9979
vn 0.4649 0.0843 -0.8814
vn 0.0623 0.9968 0.0499
vn 0.5235 0.8518 -0.0185
vn 0.2464 -0.0494 0.9679
vn 0.6752 -0.0099 0.7376
vn 0.1017 -0.9424 0.3186
vn 0.1406 -0.4345 0.8896
vn -0.0033 0.8984 0.4392
vn 0.0971 0.3281 0.9397
vn -0.4649 -0.0843 0.8813
vn 0.0090 -0.0649 0.9979
vn -0.0623 -0.9968 -0.0499
vn -0.5235 -0.8518 0.0185
vn -0.1752 0.9813 0.0798
vn -0.6165 0.7773 0.1253
vn -0.2465 0.0494 -0.9679
vn -0.6751 0.0099 -0.7377
vn 0.0033 -0.8984 -0.4392
vn -0.0971 -0.3281 -0.9397
vn -0.1017 0.9424 -0.3185
vn -0.1406 0.4345 -0.8896
vn 0.0568 -0.9962 -0.0653
vn 0.9901 0.0647 -0.1249
vn -0.1286 0.0576 -0.9900
vn -0.0568 0.9962 0.0653
vn 0.1286 -0.0576 0.9900
vn -0.9901 -0.0647 0.1249
vn 0.3217 -0.9394 -0.1186
vn 0.5372 -0.6366 -0.5532
vn 0.9161 -0.3538 -0.1887
vn 0.6053 0.5629 -0.5628
vn 0.3449 0.9240 -0.1650
vn 0.9319 0.3270 -0.1570
vn 0.2529 -0.9582 0.1337
vn 0.8999 -0.4317 0.0611
vn 0.5926 -0.6314 0.5001
vn 0.4370 0.8960 0.0789
vn 0.6607 0.5681 0.4906
vn 0.9650 0.2463 0.0903
vn -0.3598 -0.9254 -0.1188
vn -0.9430 -0.3281 -0.0551
vn -0.6607 -0.5681 -0.4906
vn -0.3329 0.9383 -0.0934
vn -0.5926 0.6314 -0.5001
vn -0.9310 0.3524 -0.0950
vn -0.4258 -0.8949 0.1331
vn -0.6053 -0.5629 0.5628
vn -0.9501 -0.2449 0.1935
vn -0.2380 0.9596 0.1501
vn -0.8888 0.4328 0.1509
vn -0.5372 0.6366 0.5533
vn 0.3292 -0.9442 -0.0126
vn 0.8994 -0.4347 -0.0452
vn 0.7146 -0.0461 -0.6980
vn 0.9781 -0.0571 -0.2003
vn 0.4339 0.9006 -0.0273
vn 0.9428 0.3294 -0.0512
vn 0.7839 -0.0396 0.6196
vn 0.9937 -0.0556 0.0971
vn -0.0482 -0.9865 0.1566
vn -0.0079 -0.7470 0.6648
vn 0.0639 0.9880 0.1409
vn 0.0772 0.7535 0.6529
vn -0.9781 0.0571 0.2003
vn -0.7146 0.0461 0.6981
vn -0.4339 -0.9006 0.0273
vn -0.9428 -0.3294 0.0512
vn -0.3292 0.9442 0.0127
vn -0.8994 0.4347 0.0452
vn -0.7839 0.0396 -0.6197
vn -0.9937 0.0556 -0.0971
vn -0.0639 -0.9880 -0.1409
vn -0.0772 -0.7535 -0.6529
vn 0.0482 0.9865 -0.1566
vn 0.0079 0.7470 -0.6648
vn -0.0567 -0.9984 0.0079
vn 0.9970 -0.0570 -0.0522
vn -0.0525 -0.0049 -0.9986
vn 0.0567 0.9984 -0.0079
vn 0.0525 0.0049 0.9986
vn -0.9970 0.0570 0.0522
vn 0.4224 -0.9027 -0.0824
vn 0.6002 -0.5973 -0.5320
vn 0.9481 -0.2591 -0.1842
vn 0.5358 0.6009 -0.5931
vn 0.2400 0.9482 -0.2080
vn 0.8892 0.4201 -0.1815
vn 0.3578 -0.9180 0.1713
vn 0.9424 -0.3274 0.0689
vn 0.6620 -0.5403 0.5195
vn 0.3363 0.9411 0.0358
vn 0.5976 0.6579 0.4583
vn 0.9326 0.3543 0.0686
vn -0.2566 -0.9636 -0.0753
vn -0.9016 -0.4315 -0.0302
vn -0.5975 -0.6579 -0.4583
vn -0.4347 0.8912 -0.1293
vn -0.6619 0.5403 -0.5195
vn -0.9648 0.2438 -0.0991
vn -0.3239 -0.9296 0.1759
vn -0.5358 -0.6009 0.5931
vn -0.9160 -0.3389 0.2147
vn -0.3411 0.9333 0.1120
vn -0.9299 0.3389 0.1428
vn -0.6002 0.5973 0.5320
vn 0.4310 -0.9021 0.0236
vn 0.9415 -0.3350 -0.0372
vn 0.7105 0.0023 -0.7037
vn 0.9770 0.0418 -0.2091
vn 0.3320 0.9407 -0.0705
vn 0.9005 0.4282 -0.0761
vn 0.7877 0.0735 0.6116
vn 0.9944 0.0579 0.0878
vn 0.0617 -0.9781 0.1988
vn 0.0789 -0.7138 0.6959
vn -0.0443 0.9942 0.0981
vn -0.0016 0.7851 0.6194
vn -0.9770 -0.0418 0.2091
vn -0.7105 -0.0023 0.7037
vn -0.3320 -0.9407 0.0705
vn -0.9005 -0.4282 0.0761
vn -0.4310 0.9020 -0.0236
vn -0.9415 0.3350 0.0372
vn -0.7878 -0.0735 -0.6116
vn -0.9944 -0.0579 -0.0878
vn 0.0443 -0.9942 -0.0981
vn 0.0016 -0.7851 -0.6194
vn -0.0617 0.9781 -0.1988
vn -0.0789 0.7138 -0.6959
vn 0.0536 -0.9973 0.0509
vn 0.9968 0.0504 -0.0613
vn -0.0586 -0.0540 -0.9968
vn -0.0536 0.9973 -0.0509
vn 0.0586 0.0540 0.9968
vn -0.9968 -0.0504 0.0613
vn 0.0717 -0.9946 -0.0748
vn 0.1362 -0.7856 -0.6036
vn 0.3725 -0.9045 -0.2078
vn 0.0365 0.8301 -0.5564
vn 0.0062 0.9934 -0.1142
vn 0.3029 0.9150 -0.2664
vn 0.0826 -0.9901 0.1139
vn 0.3734 -0.8892 0.2643
vn 0.1032 -0.8248 0.5560
vn -0.0038 0.9972 0.0745
vn 0.0798 0.7938 0.6029
vn 0.3038 0.9303 0.2056
vn -0.0065 -0.9987 -0.0498
vn -0.3038 -0.9303 -0.2056
vn -0.0386 -0.8643 -0.5015
vn -0.0722 0.9877 -0.1386
vn -0.1387 0.7450 -0.6525
vn -0.3734 0.8892 -0.2643
vn 0.0042 -0.9903 0.1388
vn -0.0774 -0.7532 0.6532
vn -0.3029 -0.9150 0.2665
vn -0.0822 0.9954 0.0501
vn -0.3725 0.9045 0.2078
vn -0.1011 0.8590 0.5020
vn -0.0019 -0.6784 -0.7347
vn 0.0147 -0.1371 -0.9904
vn 0.2316 -0.3654 -0.9016
vn 0.0229 0.1287 -0.9914
vn 0.1096 0.7348 -0.6693
vn 0.2723 0.2972 -0.9151
vn 0.0342 -0.7437 0.6677
vn 0.2552 -0.3298 0.9089
vn 0.0302 -0.1320 0.9908
vn 0.0988 0.6723 0.7336
vn 0.0547 0.1328 0.9896
vn 0.2959 0.3328 0.8954
vn -0.1266 -0.7605 -0.6369
vn -0.2959 -0.3328 -0.8953
vn -0.0486 -0.1676 -0.9847
vn -0.0176 0.6489 -0.7606
vn -0.0405 0.0981 -0.9944
vn -0.2552 0.3298 -0.9089
vn -0.0793 -0.6430 0.7618
vn -0.0289 -0.0938 0.9952
vn -0.2724 -0.2972 0.9151
vn -0.0172 0.7693 0.6386
vn -0.2316 0.3654 0.9016
vn -0.0045 0.1709 0.9853
vn 0.0504 0.6761 0.7351
vn -0.4321 0.9017 -0.0121
vn -0.0504 -0.6762 -0.7350
vn 0.0469 -0.6382 -0.7684
vn 0.0803 -0.0841 -0.9932
vn 0.2909 -0.3176 -0.9025
vn 0.0885 0.1813 -0.9794
vn 0.1536 0.7691 -0.6204
vn 0.3323 0.3447 -0.8779
vn -0.0100 -0.7783 0.6278
vn 0.1945 -0.3787 0.9049
vn -0.0355 -0.1847 0.9821
vn 0.0499 0.6320 0.7734
vn -0.0109 0.0797 0.9968
vn 0.2359 0.2836 0.9295
vn -0.0841 -0.7250 -0.6835
vn -0.2360 -0.2836 -0.9295
vn 0.0167 -0.1147 -0.9933
vn 0.0327 0.6886 -0.7244
vn 0.0254 0.1511 -0.9882
vn -0.1945 0.3786 -0.9049
vn -0.1295 -0.6824 0.7194
vn -0.0947 -0.1466 0.9847
vn -0.3323 -0.3447 0.8779
vn -0.0595 0.7343 0.6762
vn -0.2909 0.3176 0.9025
vn -0.0697 0.1181 0.9906
vn -0.0812 -0.6863 0.7227
vn -0.0432 0.1164 0.9923
vn -0.4305 0.9025 0.0075
vn 0.0812 0.6863 -0.7228
vn 0.6464 -0.7477 -0.1519
vn 0.7868 -0.2987 -0.5401
vn 0.9870 -0.1508 -0.0552
vn 0.7868 0.2759 -0.5522
vn 0.7442 0.6560 -0.1260
vn 0.9902 0.1139 -0.0804
vn 0.7431 -0.6555 0.1343
vn 0.9893 -0.1133 0.0915
vn 0.7807 -0.2754 0.5609
vn 0.6443 0.7480 0.1591
vn 0.7806 0.2992 0.5488
vn 0.9862 0.1515 0.0662
vn -0.7429 -0.6609 -0.1064
vn -0.9893 -0.1174 -0.0866
vn -0.7805 -0.2992 -0.5489
vn -0.6444 0.7405 -0.1906
vn -0.7806 0.2754 -0.5611
vn -0.9863 0.1482 -0.0725
vn -0.6461 -0.7409 0.1835
vn -0.7867 -0.2759 0.5523
vn -0.9870 -0.1488 0.0616
vn -0.7445 0.6604 0.0982
vn -0.9903 0.1168 0.0756
vn -0.7868 0.2987 0.5401
vn -0.0044 -0.5806 0.8141
vn -0.0046 0.6145 0.7889
vn -0.7487 -0.6629 0.0098
vn -0.7489 0.6624 -0.0182
vn -0.9887 0.1499 -0.0087
vn -0.8949 -0.0096 -0.4462
vn 0.0044 0.5807 -0.8141
vn 0.6799 -0.7251 -0.1092
vn 0.8067 -0.2884 -0.5158
vn 0.9933 -0.1103 -0.0356
vn 0.7822 0.2845 -0.5542
vn 0.7173 0.6812 -0.1464
vn 0.9856 0.1529 -0.0729
vn 0.7684 -0.6159 0.1736
vn 0.9918 -0.0660 0.1092
vn 0.7834 -0.2157 0.5829
vn 0.6093 0.7817 0.1329
vn 0.7589 0.3572 0.5445
vn 0.9778 0.1969 0.0718
vn -0.7124 -0.6966 -0.0856
vn -0.9820 -0.1639 -0.0937
vn -0.7589 -0.3572 -0.5445
vn -0.6726 0.7025 -0.2325
vn -0.7833 0.2157 -0.5830
vn -0.9905 0.1019 -0.0919
vn -0.6165 -0.7591 0.2089
vn -0.7823 -0.2844 0.5542
vn -0.9805 -0.1884 0.0556
vn -0.7733 0.6313 0.0583
vn -0.9954 0.0771 0.0575
vn -0.8067 0.2884 0.5158
vn 0.9935 0.0493 0.1021
vn -0.0424 0.6488 0.7598
vn -0.9812 -0.1931 -0.0081
vn -0.4866 -0.1845 0.8539
vn 0.8900 -0.3474 0.2952
vn -0.2747 0.0059 -0.9615
vn -0.8740 0.0158 -0.4857
vn 0.9519 0.2679 -0.1486
vn -0.8978 0.3800 -0.2225
vn 0.0055 0.9945 0.1049
vn 0.8693 0.0935 0.4853
vn 0.3608 0.2554 0.8970
vn 0.4592 -0.2498 0.8525
vn -0.8268 -0.0894 0.5554
vn -0.2863 -0.2483 0.9254
vn -0.3882 0.2565 0.8852
vn 0.8872 -0.3295 0.3230
vn 0.4006 -0.5445 0.7369
vn 0.4703 -0.8264 0.3097
vn -0.8135 -0.4809 0.3271
vn -0.2715 -0.8747 0.4015
vn -0.3472 -0.5268 0.7758
vn 0.8774 -0.4672 -0.1088
vn 0.3925 -0.9197 0.0115
vn 0.4342 -0.7629 -0.4790
vn -0.8280 -0.5474 -0.1212
vn -0.3061 -0.8571 -0.4143
vn -0.3518 -0.9313 0.0949
vn 0.8474 -0.2160 -0.4851
vn 0.3427 -0.5876 -0.7330
vn 0.3781 -0.1072 -0.9196
vn -0.8595 -0.2388 -0.4519
vn -0.3640 -0.2089 -0.9077
vn -0.3984 -0.6522 -0.6449
vn 0.8197 0.2350 -0.5224
vn 0.2886 0.2017 -0.9360
vn 0.3442 0.6471 -0.6803
vn -0.8842 0.2125 -0.4159
vn -0.4016 0.5820 -0.7072
vn -0.4519 0.1001 -0.8864
vn 0.8152 0.5462 -0.1926
vn 0.2710 0.8538 -0.4445
vn 0.3581 0.9319 0.0586
vn -0.8835 0.4666 -0.0405
vn -0.3906 0.9198 0.0363
vn -0.4721 0.7593 -0.4478
vn 0.8373 0.4832 0.2558
vn 0.3031 0.8777 0.3712
vn 0.4092 0.5327 0.7408
vn -0.8580 0.3323 0.3918
vn -0.3393 0.5503 0.7629
vn -0.4437 0.8289 0.3406
vn 0.4861 -0.3627 0.7951
vn 0.4482 -0.6814 -0.5786
vn -0.9408 0.2620 -0.2151
vn -0.9074 0.1238 0.4015
vn 0.6946 -0.2957 -0.6558
vn 0.3480 0.0179 -0.9373
vn 0.9290 0.1421 -0.3418
vn 0.2356 0.1358 -0.9623
vn 0.4812 0.5762 -0.6607
vn 0.8653 0.2716 -0.4212
vn 0.7455 -0.2763 0.6066
vn 0.9247 0.1661 0.3426
vn 0.3506 0.0076 0.9365
vn 0.5320 0.5956 0.6019
vn 0.3934 0.1634 0.9047
vn 0.9147 0.3087 0.2607
vn -0.5320 -0.5955 -0.6019
vn -0.8960 -0.2833 -0.3419
vn -0.3119 -0.1649 -0.9357
vn -0.7453 0.2762 -0.6068
vn -0.4223 -0.0462 -0.9053
vn -0.9532 -0.1514 -0.2616
vn -0.4811 -0.5761 0.6608
vn -0.3192 -0.1351 0.9380
vn -0.8904 -0.2994 0.3428
vn -0.6946 0.2957 0.6558
vn -0.8939 -0.1544 0.4208
vn -0.2740 0.0216 0.9615
vn 0.3342 0.0766 -0.9394
vn 0.8812 0.2134 -0.4218
vn 0.7633 0.6448 -0.0407
vn 0.4086 0.1050 0.9066
vn 0.9120 0.2251 0.3430
vn 0.0199 0.0979 0.9950
vn -0.8813 -0.2134 0.4218
vn -0.7632 -0.6449 0.0407
vn -0.9468 -0.3189 0.0430
vn -0.4086 -0.1050 -0.9066
vn -0.9120 -0.2251 -0.3429
vn -0.0199 -0.0979 -0.9950
vn -0.1419 0.4186 -0.8970
vn 0.0877 -0.8896 -0.4483
vn 0.0086 -0.2379 -0.9712
vn 0.5326 -0.5034 -0.6804
vn -0.0556 0.4384 -0.8971
vn 0.0208 0.9679 -0.2503
vn 0.4672 0.6447 -0.6050
vn 0.2058 -0.9531 0.2218
vn 0.6808 -0.5697 0.4604
vn 0.2246 -0.4273 0.8758
vn 0.0812 0.9006 0.4269
vn 0.2179 0.2527 0.9427
vn 0.6152 0.5782 0.5359
vn -0.0981 -0.9333 -0.3455
vn -0.6154 -0.5782 -0.5357
vn -0.1813 -0.3324 -0.9256
vn -0.1858 0.9335 -0.3067
vn -0.2521 0.3469 -0.9034
vn -0.6810 0.5697 -0.4600
vn 0.0169 -0.9445 0.3281
vn 0.0256 -0.3617 0.9319
vn -0.4672 -0.6446 0.6052
vn -0.1283 0.9185 0.3741
vn -0.5325 0.5034 0.6805
vn 0.0122 0.3213 0.9469
vn 0.1752 -0.9813 -0.0798
vn 0.6166 -0.7773 -0.1253
vn 0.4648 0.0843 -0.8814
vn 0.0624 0.9968 0.0499
vn 0.5236 0.8518 -0.0185
vn 0.2465 -0.0494 0.9679
vn 0.1017 -0.9425 0.3185
vn 0.1406 -0.4344 0.8897
vn -0.4648 -0.0843 0.8814
vn 0.0089 -0.0649 0.9979
vn -0.0624 -0.9968 -0.0499
vn -0.1751 0.9813 0.0798
vn -0.6164 0.7774 0.1253
vn -0.2464 0.0494 -0.9679
vn -0.6752 0.0099 -0.7376
vn 0.2380 -0.9596 -0.1501
vn 0.4626 -0.5616 -0.6860
vn 0.8888 -0.4328 -0.1509
vn 0.5225 0.4947 -0.6944
vn 0.4258 0.8949 -0.1331
vn 0.9501 0.2449 -0.1935
vn 0.3329 -0.9383 0.0935
vn 0.9310 -0.3524 0.0951
vn 0.5323 -0.5550 0.6392
vn 0.3599 0.9254 0.1188
vn 0.5923 0.5013 0.6308
vn 0.9431 0.3281 0.0551
vn -0.4370 -0.8960 -0.0789
vn -0.9650 -0.2462 -0.0903
vn -0.5923 -0.5013 -0.6308
vn -0.2529 0.9582 -0.1337
vn -0.5323 0.5550 -0.6393
vn -0.8999 0.4317 -0.0611
vn -0.3449 -0.9240 0.1650
vn -0.5225 -0.4947 0.6944
vn -0.9319 -0.3270 0.1569
vn -0.3218 0.9394 0.1186
vn -0.9161 0.3538 0.1887
vn -0.4626 0.5615 0.6861
vn 0.3292 -0.9442 -0.0127
vn 0.7146 -0.0461 -0.6981
vn 0.4339 0.9005 -0.0273
vn 0.9937 -0.0556 0.0972
vn -0.7146 0.0461 0.6980
vn -0.7839 0.0396 -0.6196
vn -0.9937 0.0556 -0.0972
vn 0.3411 -0.9333 -0.1120
vn 0.5168 -0.5367 -0.6669
vn 0.9299 -0.3389 -0.1428
vn 0.4602 0.5184 -0.7208
vn 0.3239 0.9296 -0.1759
vn 0.9160 0.3389 -0.2147
vn 0.4348 -0.8912 0.1293
vn 0.9648 -0.2437 0.0991
vn 0.5945 -0.4650 0.6560
vn 0.2567 0.9636 0.0752
vn 0.5379 0.5901 0.6021
vn 0.9016 0.4316 0.0301
vn -0.3363 -0.9411 -0.0358
vn -0.9326 -0.3543 -0.0686
vn -0.5378 -0.5901 -0.6021
vn -0.3578 0.9180 -0.1713
vn -0.5945 0.4651 -0.6559
vn -0.9424 0.3274 -0.0689
vn -0.2400 -0.9482 0.2080
vn -0.4601 -0.5184 0.7208
vn -0.8891 -0.4201 0.1815
vn -0.4223 0.9027 0.0824
vn -0.9481 0.2591 0.1842
vn -0.5168 0.5367 0.6669
vn 0.4310 -0.9020 0.0236
vn 0.9770 0.0418 -0.2090
vn 0.9004 0.4283 -0.0761
vn -0.0443 0.9942 0.0982
vn -0.9004 -0.4283 0.0761
vn -0.4310 0.9021 -0.0236
vn 0.0443 -0.9942 -0.0982
vt 0.128500 0.746500
vt 0.126479 0.750000
vt 0.125000 0.746500
vt 0.378500 0.996500
vt 0.376479 1.000000
vt 0.375000 0.996500
vt 0.375000 0.003500
vt 0.378500 0.000000
vt 0.378500 0.003500
vt 0.621500 0.996500
vt 0.625000 0.998521
vt 0.621500 1.000000
vt 0.871500 0.746500
vt 0.875000 0.748521
vt 0.871500 0.750000
vt 0.621500 0.000000
vt 0.625000 0.003500
vt 0.621500 0.003500
vt 0.128500 0.503500
vt 0.125000 0.501479
vt 0.128500 0.500000
vt 0.378500 0.250000
vt 0.375000 0.246500
vt 0.378500 0.246500
vt 0.378500 0.253500
vt 0.375740 0.250740
vt 0.871500 0.503500
vt 0.873521 0.500000
vt 0.875000 0.503500
vt 0.621500 0.253500
vt 0.624260 0.249260
vt 0.625000 0.253500
vt 0.625000 0.246500
vt 0.621500 0.250000
vt 0.621500 0.246500
vt 0.371500 0.746500
vt 0.375493 0.750000
vt 0.373250 0.751750
vt 0.378500 0.750000
vt 0.375000 0.746500
vt 0.378500 0.746500
vt 0.378500 0.753500
vt 0.628500 0.746500
vt 0.625000 0.749507
vt 0.625000 0.746500
vt 0.621500 0.753500
vt 0.626750 0.751750
vt 0.621500 0.750000
vt 0.621500 0.746500
vt 0.371500 0.503500
vt 0.375000 0.500493
vt 0.375000 0.503500
vt 0.378500 0.496500
vt 0.373250 0.498250
vt 0.378500 0.500000
vt 0.378500 0.503500
vt 0.628500 0.503500
vt 0.624507 0.500000
vt 0.626750 0.498250
vt 0.621500 0.500000
vt 0.625000 0.503500
vt 0.621500 0.503500
vt 0.621500 0.496500
vt 0.125000 0.503500
vt 0.378500 1.000000
vt 0.875000 0.746500
vt 0.871500 0.500000
vt 0.128500 0.750000
vt 0.871500 0.746500
vt 0.128500 0.503500
vt 0.378500 0.250000
vt 0.378500 0.246500
vt 0.378500 0.253500
vt 0.871500 0.503500
vt 0.621500 0.253500
vt 0.621500 0.246500
vt 0.378500 0.746500
vt 0.625000 0.746500
vt 0.621500 0.746500
vt 0.371500 0.503500
vt 0.626750 0.498250
vt 0.625000 0.996500
vt 0.621500 0.496500
vt 0.375000 0.253500
vt 0.375000 0.001479
vt 0.623521 0.000000
vt 0.621500 0.246500
vt 0.128500 0.746500
vt 0.371500 0.746500
vt 1.000000 0.506364
vt 0.933333 0.500000
vt 0.999335 0.500000
vt 0.750000 0.489793
vt 0.840964 0.454308
vt 0.750000 0.473643
vt 1.000000 0.993636
vt 0.933333 1.000000
vt 0.933333 0.993636
vt 0.250000 0.489793
vt 0.340964 0.454308
vt 0.347533 0.469062
vt 0.866667 0.506364
vt 0.933333 0.506364
vt 0.928201 0.410453
vt 0.847533 0.469062
vt 0.866667 0.993636
vt 0.866667 1.000000
vt 0.416199 0.399646
vt 0.428201 0.410453
vt 0.800000 0.506364
vt 0.866667 0.500000
vt 0.978057 0.324100
vt 0.916199 0.399646
vt 0.800000 1.000000
vt 0.800000 0.993636
vt 0.462697 0.319109
vt 0.478057 0.324100
vt 0.733333 0.506364
vt 0.800000 0.500000
vt 0.988479 0.224935
vt 0.962697 0.319109
vt 0.733333 1.000000
vt 0.733333 0.993636
vt 0.488479 0.224935
vt 0.472417 0.226623
vt 0.666667 0.500000
vt 0.733333 0.500000
vt 0.957667 0.130104
vt 0.972417 0.226623
vt 0.666667 1.000000
vt 0.666667 0.993636
vt 0.443680 0.138179
vt 0.457667 0.130104
vt 0.666667 0.506364
vt 0.600000 0.500000
vt 0.890947 0.056003
vt 0.943680 0.138179
vt 0.600000 1.000000
vt 0.600000 0.993636
vt 0.381454 0.069069
vt 0.390947 0.056003
vt 0.533333 0.506364
vt 0.600000 0.506364
vt 0.796498 0.031245
vt 0.881454 0.069069
vt 0.533333 0.993636
vt 0.533333 1.000000
vt 0.299856 0.015447
vt 0.296498 0.031245
vt 0.466667 0.506364
vt 0.533333 0.500000
vt 0.700144 0.015447
vt 0.799856 0.015447
vt 0.466667 0.993636
vt 0.466667 1.000000
vt 0.200144 0.015447
vt 0.203502 0.031245
vt 0.400000 0.506364
vt 0.466667 0.500000
vt 0.609053 0.056003
vt 0.703502 0.031245
vt 0.400000 1.000000
vt 0.400000 0.993636
vt 0.109053 0.056003
vt 0.118546 0.069069
vt 0.333333 0.506364
vt 0.400000 0.500000
vt 0.556320 0.138179
vt 0.618546 0.069069
vt 0.333333 1.000000
vt 0.333333 0.993636
vt 0.056320 0.138179
vt 0.042333 0.130104
vt 0.266667 0.506364
vt 0.333333 0.500000
vt 0.542333 0.130104
vt 0.527583 0.226623
vt 0.266667 1.000000
vt 0.266667 0.993636
vt 0.027583 0.226623
vt 0.011521 0.224935
vt 0.200000 0.506364
vt 0.266667 0.500000
vt 0.511521 0.224935
vt 0.537303 0.319109
vt 0.200000 1.000000
vt 0.200000 0.993636
vt 0.037303 0.319109
vt 0.021943 0.324100
vt 0.133333 0.506364
vt 0.200000 0.500000
vt 0.571799 0.410453
vt 0.521943 0.324100
vt 0.133333 1.000000
vt 0.133333 0.993636
vt 0.071799 0.410453
vt 0.083801 0.399646
vt 0.066667 0.506364
vt 0.133333 0.500000
vt 0.652467 0.469062
vt 0.583801 0.399646
vt 0.066667 1.000000
vt 0.066667 0.993636
vt 0.152467 0.469062
vt 0.159036 0.454308
vt 0.000000 0.506364
vt 0.066667 0.500000
vt 0.659036 0.454308
vt 0.000665 1.000000
vt 0.000000 0.993636
vt 0.250000 0.473643
vt 0.750000 0.407126
vt 0.737801 0.484125
vt 0.808521 0.461818
vt 0.051217 0.504545
vt 0.000000 0.501921
vt 0.044555 0.500000
vt 0.948783 0.504545
vt 0.990713 0.500000
vt 1.000000 0.504545
vt 0.250000 0.407126
vt 0.262199 0.484125
vt 0.191479 0.461818
vt 0.948783 0.995454
vt 1.000000 0.998079
vt 0.955446 1.000000
vt 0.051217 0.995454
vt 0.009287 1.000000
vt 0.000000 0.995455
vt 0.872846 0.347967
vt 0.925441 0.405512
vt 0.952093 0.336312
vt 0.908360 0.504545
vt 0.852499 0.500961
vt 0.901697 0.500000
vt 0.805926 0.504545
vt 0.857143 0.504545
vt 0.372846 0.347967
vt 0.440652 0.386437
vt 0.379118 0.427820
vt 0.805926 0.995455
vt 0.861786 0.999039
vt 0.812588 1.000000
vt 0.908360 0.995455
vt 0.857143 0.995455
vt 0.903187 0.215036
vt 0.980970 0.209795
vt 0.943485 0.145812
vt 0.765503 0.504545
vt 0.709642 0.500961
vt 0.758840 0.500000
vt 0.663069 0.504545
vt 0.714286 0.504545
vt 0.403187 0.215036
vt 0.475541 0.186009
vt 0.469529 0.259920
vt 0.663069 0.995455
vt 0.718929 0.999039
vt 0.669731 1.000000
vt 0.765503 0.995455
vt 0.714286 0.995455
vt 0.818175 0.108434
vt 0.862574 0.044353
vt 0.789178 0.033767
vt 0.622646 0.504545
vt 0.566785 0.500961
vt 0.615983 0.500000
vt 0.520212 0.504545
vt 0.571429 0.504545
vt 0.318175 0.108434
vt 0.340592 0.033767
vt 0.394630 0.084550
vt 0.520212 0.995455
vt 0.576072 0.999039
vt 0.526874 1.000000
vt 0.622646 0.995454
vt 0.571429 0.995455
vt 0.681826 0.108434
vt 0.659408 0.033767
vt 0.605370 0.084550
vt 0.479789 0.504545
vt 0.423928 0.500961
vt 0.473126 0.500000
vt 0.377354 0.504545
vt 0.428571 0.504545
vt 0.181825 0.108434
vt 0.137426 0.044353
vt 0.210822 0.033767
vt 0.377354 0.995454
vt 0.433215 0.999039
vt 0.384017 1.000000
vt 0.479788 0.995455
vt 0.428571 0.995454
vt 0.596813 0.215036
vt 0.524459 0.186009
vt 0.530471 0.259920
vt 0.336931 0.504545
vt 0.281071 0.500961
vt 0.330269 0.500000
vt 0.234497 0.504545
vt 0.285714 0.504545
vt 0.096813 0.215036
vt 0.019030 0.209795
vt 0.056515 0.145812
vt 0.234497 0.995454
vt 0.290358 0.999039
vt 0.241160 1.000000
vt 0.336931 0.995454
vt 0.285714 0.995454
vt 0.627154 0.347967
vt 0.559348 0.386437
vt 0.620882 0.427820
vt 0.194074 0.504545
vt 0.138213 0.500961
vt 0.187412 0.500000
vt 0.091640 0.504545
vt 0.142857 0.504545
vt 0.127154 0.347967
vt 0.074559 0.405512
vt 0.047907 0.336312
vt 0.091640 0.995455
vt 0.147501 0.999039
vt 0.098303 1.000000
vt 0.194074 0.995455
vt 0.142857 0.995455
vt 0.955446 0.500000
vt 0.901697 1.000000
vt 0.308521 0.461818
vt 0.000000 0.504545
vt 0.812588 0.500000
vt 0.969529 0.259920
vt 0.758840 1.000000
vt 0.669731 0.500000
vt 0.615983 1.000000
vt 0.443485 0.145812
vt 0.526874 0.500000
vt 0.473126 1.000000
vt 0.289178 0.033767
vt 0.384017 0.500000
vt 0.330269 1.000000
vt 0.241160 0.500000
vt 0.187412 1.000000
vt 0.030471 0.259920
vt 0.098303 0.500000
vt 0.691479 0.461818
vt 0.044555 1.000000
vt 0.378500 0.253500
vt 0.378500 0.003500
vt 0.871500 0.746500
vt 0.628500 0.746500
vt 0.999335 1.000000
vt 0.000665 0.500000
vt 1.000000 0.995454
vt 0.879118 0.427820
vt 0.452093 0.336312
vt 0.894630 0.084550
vt 0.710822 0.033767
vt 0.105370 0.084550
vt 0.556515 0.145812
vt 0.547907 0.336312
vt 0.120882 0.427820
s 0
usemtl stone
f 1/1/1 5/2/1 7/3/1
f 2/4/2 5/5/2 4/6/2
f 7/7/3 6/8/3 3/9/3
f 8/10/4 12/11/4 14/12/4
f 9/13/5 12/14/5 11/15/5
f 14/16/6 13/17/6 10/18/6
f 15/19/7 19/20/7 21/21/7
f 20/22/8 18/23/8 16/24/8
f 17/25/9 19/26/9 20/22/9
f 22/27/10 26/28/10 28/29/10
f 23/30/11 26/31/11 25/32/11
f 28/33/12 27/34/12 24/35/12
f 29/36/13 33/37/13 35/38/13
f 34/39/14 32/40/14 30/41/14
f 31/42/15 33/37/15 34/39/15
f 36/43/16 40/44/16 42/45/16
f 37/46/17 40/44/17 39/47/17
f 42/45/18 41/48/18 38/49/18
f 43/50/19 47/51/19 49/52/19
f 44/53/20 47/51/20 46/54/20
f 49/52/21 48/55/21 45/56/21
f 50/57/22 54/58/22 56/59/22
f 55/60/23 53/61/23 51/62/23
f 52/63/24 54/58/24 55/60/24
f 1/1/25 18/64/25 15/19/25
f 7/7/26 16/24/26 18/23/26
f 2/4/27 14/12/27 6/65/27
f 14/16/28 3/9/28 6/8/28
f 9/13/29 28/29/29 13/66/29
f 13/17/30 24/35/30 10/18/30
f 17/25/31 27/34/31 23/30/31
f 20/22/32 24/35/32 27/34/32
f 15/19/33 46/54/33 43/50/33
f 46/54/34 17/25/34 44/53/34
f 50/57/35 25/67/35 22/27/35
f 25/32/36 52/63/36 23/30/36
f 51/62/37 48/55/37 55/60/37
f 48/55/38 52/63/38 55/60/38
f 43/50/39 32/40/39 29/36/39
f 32/40/40 45/56/40 30/41/40
f 50/57/41 42/45/41 53/61/41
f 42/45/42 51/62/42 53/61/42
f 37/46/43 34/39/43 41/48/43
f 41/48/44 30/41/44 38/49/44
f 1/1/45 35/38/45 4/68/45
f 4/6/46 31/42/46 2/4/46
f 36/43/47 11/15/47 39/47/47
f 39/47/48 8/10/48 37/46/48
f 43/50/49 1/1/49 15/19/49
f 10/18/50 16/24/50 3/9/50
f 37/46/51 2/4/51 31/42/51
f 22/27/52 36/43/52 50/57/52
f 23/30/53 44/53/53 17/25/53
f 45/56/54 38/49/54 30/41/54
f 57/1/55 61/2/55 63/3/55
f 58/4/56 61/5/56 60/6/56
f 63/7/57 62/8/57 59/9/57
f 64/10/58 68/11/58 70/12/58
f 65/69/59 68/14/59 67/15/59
f 70/16/60 69/17/60 66/18/60
f 71/70/61 75/20/61 77/21/61
f 76/71/62 74/23/62 72/72/62
f 73/73/63 75/26/63 76/71/63
f 78/74/64 82/28/64 84/29/64
f 79/75/65 82/31/65 81/32/65
f 84/33/66 83/34/66 80/76/66
f 85/36/67 89/37/67 91/38/67
f 90/39/68 88/40/68 86/77/68
f 87/42/69 89/37/69 90/39/69
f 92/43/70 96/44/70 98/78/70
f 93/46/71 96/44/71 95/47/71
f 98/78/72 97/48/72 94/79/72
f 99/80/73 103/51/73 105/52/73
f 100/53/74 103/51/74 102/54/74
f 105/52/75 104/55/75 101/56/75
f 106/57/76 110/58/76 112/81/76
f 111/60/77 109/61/77 107/62/77
f 108/63/78 110/58/78 111/60/78
f 57/1/79 74/64/79 71/70/79
f 63/7/80 72/72/80 74/23/80
f 58/4/81 70/12/81 62/65/81
f 62/8/82 66/18/82 59/9/82
f 65/69/83 84/29/83 69/66/83
f 84/33/84 66/18/84 69/17/84
f 79/75/85 76/71/85 83/34/85
f 83/34/86 72/72/86 80/76/86
f 99/80/87 77/21/87 102/54/87
f 102/54/88 73/73/88 100/53/88
f 78/74/89 112/81/89 81/67/89
f 81/32/90 108/63/90 79/75/90
f 101/56/91 111/60/91 107/62/91
f 111/60/92 100/53/92 108/63/92
f 85/36/93 105/52/93 88/40/93
f 105/52/94 86/77/94 88/40/94
f 106/57/95 98/78/95 109/61/95
f 98/78/96 107/62/96 109/61/96
f 87/42/97 97/48/97 93/46/97
f 90/39/98 94/79/98 97/48/98
f 85/36/99 60/68/99 57/1/99
f 60/6/100 87/42/100 58/4/100
f 92/43/101 67/15/101 95/47/101
f 67/82/102 93/46/102 95/47/102
f 71/70/103 85/36/103 57/1/103
f 66/18/104 72/72/104 59/9/104
f 93/46/105 58/4/105 87/42/105
f 106/57/106 65/69/106 92/43/106
f 79/75/107 100/53/107 73/73/107
f 107/62/108 86/77/108 101/56/108
f 113/1/109 117/2/109 119/3/109
f 114/4/110 117/5/110 116/6/110
f 119/7/111 118/8/111 115/9/111
f 120/10/112 124/11/112 126/12/112
f 121/13/113 124/14/113 123/15/113
f 126/16/114 125/17/114 122/18/114
f 127/70/115 131/20/115 133/21/115
f 132/71/116 130/23/116 128/24/116
f 129/73/117 131/26/117 132/71/117
f 134/74/118 138/28/118 140/29/118
f 135/75/119 138/31/119 137/32/119
f 140/33/120 139/34/120 136/76/120
f 141/36/121 145/37/121 147/38/121
f 146/39/122 144/40/122 142/77/122
f 143/42/123 145/37/123 146/39/123
f 148/43/124 152/44/124 154/45/124
f 149/46/125 152/44/125 151/47/125
f 154/45/126 153/48/126 150/79/126
f 155/80/127 159/51/127 161/52/127
f 156/53/128 159/51/128 158/54/128
f 161/52/129 160/55/129 157/56/129
f 162/57/130 166/58/130 168/59/130
f 167/60/131 165/61/131 163/62/131
f 164/83/132 166/58/132 167/60/132
f 113/1/133 130/64/133 127/70/133
f 130/23/134 115/9/134 128/24/134
f 120/10/135 118/65/135 114/4/135
f 126/16/136 115/9/136 118/8/136
f 121/13/137 140/29/137 125/66/137
f 125/17/138 136/76/138 122/18/138
f 135/75/139 132/71/139 139/34/139
f 132/71/140 136/76/140 139/34/140
f 155/80/141 133/21/141 158/54/141
f 133/84/142 156/53/142 158/54/142
f 162/57/143 137/67/143 134/74/143
f 137/32/144 164/83/144 135/75/144
f 157/56/145 167/60/145 163/62/145
f 160/55/146 164/83/146 167/60/146
f 155/80/147 144/40/147 141/36/147
f 161/52/148 142/77/148 144/40/148
f 148/43/149 165/61/149 162/57/149
f 154/45/150 163/62/150 165/61/150
f 143/42/151 153/48/151 149/46/151
f 153/48/152 142/77/152 150/79/152
f 113/1/153 147/38/153 116/68/153
f 147/38/154 114/4/154 116/6/154
f 148/43/155 123/15/155 151/47/155
f 123/82/156 149/46/156 151/47/156
f 155/80/157 113/1/157 127/70/157
f 122/18/158 128/24/158 115/9/158
f 149/46/159 114/4/159 143/42/159
f 134/74/160 148/43/160 162/57/160
f 129/73/161 164/83/161 156/53/161
f 163/62/162 142/77/162 157/56/162
f 169/1/163 173/2/163 175/3/163
f 174/65/164 172/6/164 170/4/164
f 171/9/165 173/85/165 174/8/165
f 179/82/166 182/12/166 176/10/166
f 177/13/167 180/14/167 179/15/167
f 178/18/168 180/86/168 181/17/168
f 183/70/169 187/20/169 189/21/169
f 184/72/170 187/26/170 186/23/170
f 189/84/171 188/22/171 185/73/171
f 190/27/172 194/28/172 196/29/172
f 195/34/173 193/32/173 191/75/173
f 192/87/174 194/31/174 195/34/174
f 197/36/175 201/37/175 203/38/175
f 198/77/176 201/37/176 200/40/176
f 203/38/177 202/39/177 199/42/177
f 204/43/178 208/44/178 210/45/178
f 209/48/179 207/47/179 205/46/179
f 206/79/180 208/44/180 209/48/180
f 211/80/181 215/51/181 217/52/181
f 216/55/182 214/54/182 212/53/182
f 213/56/183 215/51/183 216/55/183
f 218/57/184 222/58/184 224/59/184
f 219/62/185 222/58/185 221/61/185
f 224/59/186 223/60/186 220/83/186
f 169/1/187 186/64/187 183/70/187
f 175/7/188 184/72/188 186/23/188
f 176/10/189 174/65/189 170/4/189
f 182/16/190 171/9/190 174/8/190
f 190/27/191 181/66/191 177/13/191
f 196/33/192 178/18/192 181/17/192
f 185/73/193 195/34/193 191/75/193
f 188/22/194 192/87/194 195/34/194
f 183/70/195 214/54/195 211/80/195
f 214/54/196 185/73/196 212/53/196
f 190/27/197 224/59/197 193/67/197
f 224/59/198 191/75/198 193/32/198
f 213/56/199 223/60/199 219/62/199
f 216/55/200 220/83/200 223/60/200
f 211/80/201 200/40/201 197/36/201
f 217/52/202 198/77/202 200/40/202
f 218/57/203 210/45/203 221/61/203
f 210/45/204 219/62/204 221/61/204
f 199/42/205 209/48/205 205/46/205
f 202/39/206 206/79/206 209/48/206
f 169/1/207 203/38/207 172/68/207
f 172/6/208 199/42/208 170/4/208
f 204/43/209 179/15/209 207/47/209
f 207/47/210 176/10/210 205/46/210
f 183/70/211 197/36/211 169/1/211
f 178/18/212 184/72/212 171/9/212
f 205/46/213 170/4/213 199/42/213
f 190/27/214 204/43/214 218/57/214
f 191/75/215 212/53/215 185/73/215
f 213/56/216 206/79/216 198/77/216
f 225/88/217 229/2/217 231/3/217
f 230/65/218 228/6/218 226/4/218
f 227/9/219 229/85/219 230/8/219
f 235/82/220 238/12/220 232/10/220
f 233/13/221 236/14/221 235/15/221
f 234/18/222 236/86/222 237/17/222
f 239/70/223 243/20/223 245/21/223
f 240/72/224 243/26/224 242/23/224
f 245/84/225 244/22/225 241/25/225
f 246/27/226 250/28/226 252/29/226
f 251/34/227 249/32/227 247/75/227
f 248/35/228 250/31/228 251/34/228
f 253/89/229 257/37/229 259/38/229
f 254/41/230 257/37/230 256/40/230
f 259/38/231 258/39/231 255/42/231
f 260/43/232 264/44/232 266/45/232
f 265/48/233 263/47/233 261/46/233
f 262/79/234 264/44/234 265/48/234
f 267/80/235 271/51/235 273/52/235
f 272/55/236 270/54/236 268/53/236
f 269/56/237 271/51/237 272/55/237
f 274/57/238 278/58/238 280/81/238
f 275/62/239 278/58/239 277/61/239
f 280/81/240 279/60/240 276/63/240
f 239/70/241 231/3/241 242/64/241
f 231/7/242 240/72/242 242/23/242
f 232/10/243 230/65/243 226/4/243
f 238/16/244 227/9/244 230/8/244
f 233/13/245 252/29/245 237/66/245
f 252/33/246 234/18/246 237/17/246
f 241/25/247 251/34/247 247/75/247
f 251/34/248 240/72/248 248/35/248
f 267/80/249 245/21/249 270/54/249
f 270/54/250 241/25/250 268/53/250
f 246/27/251 280/81/251 249/67/251
f 249/32/252 276/63/252 247/75/252
f 269/56/253 279/60/253 275/62/253
f 272/55/254 276/63/254 279/60/254
f 253/89/255 273/52/255 256/40/255
f 273/52/256 254/41/256 256/40/256
f 260/43/257 277/61/257 274/57/257
f 266/45/258 275/62/258 277/61/258
f 261/46/259 258/39/259 265/48/259
f 258/39/260 262/79/260 265/48/260
f 225/88/261 259/38/261 228/68/261
f 228/6/262 255/42/262 226/4/262
f 260/43/263 235/15/263 263/47/263
f 235/82/264 261/46/264 263/47/264
f 267/80/265 225/88/265 239/70/265
f 234/18/266 240/72/266 227/9/266
f 255/42/267 232/10/267 226/4/267
f 246/27/268 260/43/268 274/57/268
f 241/25/269 276/63/269 268/53/269
f 275/62/270 254/41/270 269/56/270
f 282/90/271 289/91/271 283/92/271
f 283/93/272 287/94/272 281/95/272
f 285/96/273 292/97/273 291/98/273
f 286/99/274 290/100/274 292/101/274
f 294/102/275 289/91/275 288/103/275
f 295/104/276 287/94/276 289/105/276
f 297/106/277 292/97/277 298/107/277
f 292/101/278 296/108/278 298/109/278
f 300/110/279 295/111/279 294/102/279
f 301/112/280 293/113/280 295/104/280
f 297/106/281 304/114/281 303/115/281
f 298/109/282 302/116/282 304/117/282
f 306/118/283 301/119/283 300/110/283
f 307/120/284 299/121/284 301/112/284
f 303/115/285 310/122/285 309/123/285
f 310/124/286 302/116/286 308/125/286
f 306/118/287 313/126/287 307/127/287
f 313/128/288 305/129/288 307/120/288
f 309/123/289 316/130/289 315/131/289
f 310/124/290 314/132/290 316/133/290
f 312/134/291 319/135/291 313/126/291
f 319/136/292 311/137/292 313/128/292
f 315/131/293 322/138/293 321/139/293
f 316/133/294 320/140/294 322/141/294
f 324/142/295 319/135/295 318/143/295
f 319/136/296 323/144/296 317/145/296
f 327/146/297 322/138/297 328/147/297
f 328/148/298 320/140/298 326/149/298
f 330/150/299 325/151/299 324/142/299
f 331/152/300 323/144/300 325/153/300
f 333/154/301 328/147/301 334/155/301
f 334/156/302 326/149/302 332/157/302
f 336/158/303 331/159/303 330/150/303
f 337/160/304 329/161/304 331/152/304
f 333/154/305 340/162/305 339/163/305
f 340/164/306 332/157/306 338/165/306
f 342/166/307 337/167/307 336/158/307
f 337/160/308 341/168/308 335/169/308
f 339/163/309 346/170/309 345/171/309
f 340/164/310 344/172/310 346/173/310
f 348/174/311 343/175/311 342/166/311
f 343/176/312 347/177/312 341/168/312
f 345/171/313 352/178/313 351/179/313
f 346/173/314 350/180/314 352/181/314
f 354/182/315 349/183/315 348/174/315
f 349/184/316 353/185/316 347/177/316
f 351/179/317 358/186/317 357/187/317
f 352/181/318 356/188/318 358/189/318
f 360/190/319 355/191/319 354/182/319
f 361/192/320 353/185/320 355/193/320
f 357/187/321 364/194/321 363/195/321
f 364/196/322 356/188/322 362/197/322
f 366/198/323 361/199/323 360/190/323
f 367/200/324 359/201/324 361/192/324
f 363/195/325 370/202/325 369/203/325
f 370/204/326 362/197/326 368/205/326
f 282/206/327 367/207/327 366/198/327
f 283/93/328 365/208/328 367/200/328
f 369/203/329 286/209/329 285/210/329
f 286/99/330 368/205/330 284/211/330
f 311/137/331 335/169/331 359/201/331
f 285/96/332 288/103/332 282/90/332
f 369/203/333 282/206/333 366/198/333
f 350/180/334 326/149/334 302/116/334
f 291/98/335 294/102/335 288/103/335
f 297/106/336 300/110/336 294/102/336
f 303/115/337 306/118/337 300/110/337
f 306/118/338 315/131/338 312/134/338
f 315/131/339 318/143/339 312/134/339
f 318/143/340 327/146/340 324/142/340
f 327/146/341 330/150/341 324/142/341
f 333/154/342 336/158/342 330/150/342
f 339/163/343 342/166/343 336/158/343
f 342/166/344 351/179/344 348/174/344
f 348/174/345 357/187/345 354/182/345
f 357/187/346 360/190/346 354/182/346
f 363/195/347 366/198/347 360/190/347
f 1/1/657 4/68/657 5/2/657
f 2/4/658 6/65/658 5/5/658
f 7/7/659 5/85/659 6/8/659
f 8/10/660 11/82/660 12/11/660
f 9/13/661 13/66/661 12/14/661
f 14/16/662 12/86/662 13/17/662
f 15/19/663 18/64/663 19/20/663
f 20/22/664 19/26/664 18/23/664
f 17/25/665 21/84/665 19/26/665
f 22/27/666 25/67/666 26/28/666
f 23/30/667 27/34/667 26/31/667
f 28/33/668 26/31/668 27/34/668
f 29/36/669 32/40/669 33/37/669
f 34/39/670 33/37/670 32/40/670
f 31/42/671 35/38/671 33/37/671
f 36/43/672 39/47/672 40/44/672
f 37/46/673 41/48/673 40/44/673
f 42/45/674 40/44/674 41/48/674
f 43/50/675 46/54/675 47/51/675
f 44/53/676 48/55/676 47/51/676
f 49/52/677 47/51/677 48/55/677
f 50/57/678 53/61/678 54/58/678
f 55/60/679 54/58/679 53/61/679
f 52/63/680 56/59/680 54/58/680
f 1/1/25 7/3/25 18/64/25
f 7/7/26 3/9/26 16/24/26
f 2/4/27 8/10/27 14/12/27
f 14/16/28 10/18/28 3/9/28
f 9/13/29 22/27/29 28/29/29
f 13/17/30 28/33/30 24/35/30
f 17/25/31 20/22/31 27/34/31
f 20/22/32 16/24/32 24/35/32
f 15/19/33 21/21/33 46/54/33
f 46/54/34 21/84/34 17/25/34
f 50/57/35 56/59/35 25/67/35
f 25/32/36 56/59/36 52/63/36
f 51/62/37 45/56/37 48/55/37
f 48/55/38 44/53/38 52/63/38
f 43/50/39 49/52/39 32/40/39
f 32/40/40 49/52/40 45/56/40
f 50/57/41 36/43/41 42/45/41
f 42/45/42 38/49/42 51/62/42
f 37/46/43 31/42/43 34/39/43
f 41/48/44 34/39/44 30/41/44
f 1/1/45 29/36/45 35/38/45
f 4/6/46 35/38/46 31/42/46
f 36/43/47 9/13/47 11/15/47
f 39/47/48 11/82/48 8/10/48
f 43/50/49 29/36/49 1/1/49
f 10/18/50 24/35/50 16/24/50
f 37/46/51 8/10/51 2/4/51
f 22/27/52 9/13/52 36/43/52
f 23/30/53 52/63/53 44/53/53
f 45/56/54 51/62/54 38/49/54
f 57/1/681 60/68/681 61/2/681
f 58/4/682 62/65/682 61/5/682
f 63/7/683 61/85/683 62/8/683
f 64/10/684 67/82/684 68/11/684
f 65/69/685 69/66/685 68/14/685
f 70/16/686 68/86/686 69/17/686
f 71/70/687 74/64/687 75/20/687
f 76/71/688 75/26/688 74/23/688
f 73/73/689 77/84/689 75/26/689
f 78/74/690 81/67/690 82/28/690
f 79/75/691 83/34/691 82/31/691
f 84/33/692 82/31/692 83/34/692
f 85/36/693 88/40/693 89/37/693
f 90/39/694 89/37/694 88/40/694
f 87/42/695 91/38/695 89/37/695
f 92/43/696 95/47/696 96/44/696
f 93/46/697 97/48/697 96/44/697
f 98/78/698 96/44/698 97/48/698
f 99/80/699 102/54/699 103/51/699
f 100/53/700 104/55/700 103/51/700
f 105/52/701 103/51/701 104/55/701
f 106/57/702 109/61/702 110/58/702
f 111/60/703 110/58/703 109/61/703
f 108/63/704 112/81/704 110/58/704
f 57/1/79 63/3/79 74/64/79
f 63/7/80 59/9/80 72/72/80
f 58/4/81 64/10/81 70/12/81
f 62/8/82 70/16/82 66/18/82
f 65/69/83 78/74/83 84/29/83
f 84/33/84 80/76/84 66/18/84
f 79/75/85 73/73/85 76/71/85
f 83/34/86 76/71/86 72/72/86
f 99/80/87 71/70/87 77/21/87
f 102/54/88 77/84/88 73/73/88
f 78/74/705 106/57/705 112/81/705
f 81/32/90 112/81/90 108/63/90
f 101/56/91 104/55/91 111/60/91
f 111/60/92 104/55/92 100/53/92
f 85/36/93 99/80/93 105/52/93
f 105/52/94 101/56/94 86/77/94
f 106/57/95 92/43/95 98/78/95
f 98/78/706 94/79/706 107/62/706
f 87/42/97 90/39/97 97/48/97
f 90/39/98 86/77/98 94/79/98
f 85/36/707 91/38/707 60/68/707
f 60/6/100 91/38/100 87/42/100
f 92/43/101 65/69/101 67/15/101
f 67/82/102 64/10/102 93/46/102
f 71/70/103 99/80/103 85/36/103
f 66/18/104 80/76/104 72/72/104
f 93/46/105 64/10/105 58/4/105
f 106/57/106 78/74/106 65/69/106
f 79/75/107 108/63/107 100/53/107
f 107/62/108 94/79/108 86/77/108
f 113/1/708 116/68/708 117/2/708
f 114/4/709 118/65/709 117/5/709
f 119/7/710 117/85/710 118/8/710
f 120/10/711 123/82/711 124/11/711
f 121/13/712 125/66/712 124/14/712
f 126/16/713 124/86/713 125/17/713
f 127/70/714 130/64/714 131/20/714
f 132/71/715 131/26/715 130/23/715
f 129/73/716 133/84/716 131/26/716
f 134/74/717 137/67/717 138/28/717
f 135/75/718 139/34/718 138/31/718
f 140/33/719 138/31/719 139/34/719
f 141/36/720 144/40/720 145/37/720
f 146/39/721 145/37/721 144/40/721
f 143/42/722 147/38/722 145/37/722
f 148/43/723 151/47/723 152/44/723
f 149/46/724 153/48/724 152/44/724
f 154/45/725 152/44/725 153/48/725
f 155/80/726 158/54/726 159/51/726
f 156/53/727 160/55/727 159/51/727
f 161/52/728 159/51/728 160/55/728
f 162/57/729 165/61/729 166/58/729
f 167/60/730 166/58/730 165/61/730
f 164/83/731 168/59/731 166/58/731
f 113/1/133 119/3/133 130/64/133
f 130/23/134 119/7/134 115/9/134
f 120/10/135 126/12/135 118/65/135
f 126/16/136 122/18/136 115/9/136
f 121/13/137 134/74/137 140/29/137
f 125/17/138 140/33/138 136/76/138
f 135/75/139 129/73/139 132/71/139
f 132/71/140 128/24/140 136/76/140
f 155/80/732 127/70/732 133/21/732
f 133/84/142 129/73/142 156/53/142
f 162/57/143 168/59/143 137/67/143
f 137/32/733 168/59/733 164/83/733
f 157/56/145 160/55/145 167/60/145
f 160/55/146 156/53/146 164/83/146
f 155/80/147 161/52/147 144/40/147
f 161/52/148 157/56/148 142/77/148
f 148/43/149 154/45/149 165/61/149
f 154/45/734 150/79/734 163/62/734
f 143/42/151 146/39/151 153/48/151
f 153/48/152 146/39/152 142/77/152
f 113/1/153 141/36/153 147/38/153
f 147/38/154 143/42/154 114/4/154
f 148/43/735 121/13/735 123/15/735
f 123/82/156 120/10/156 149/46/156
f 155/80/157 141/36/157 113/1/157
f 122/18/158 136/76/158 128/24/158
f 149/46/159 120/10/159 114/4/159
f 134/74/160 121/13/160 148/43/160
f 129/73/161 135/75/161 164/83/161
f 163/62/162 150/79/162 142/77/162
f 169/1/736 172/68/736 173/2/736
f 174/65/737 173/5/737 172/6/737
f 171/9/738 175/7/738 173/85/738
f 179/82/739 180/11/739 182/12/739
f 177/13/740 181/66/740 180/14/740
f 178/18/741 182/16/741 180/86/741
f 183/70/742 186/64/742 187/20/742
f 184/72/743 188/22/743 187/26/743
f 189/84/744 187/26/744 188/22/744
f 190/27/745 193/67/745 194/28/745
f 195/34/746 194/31/746 193/32/746
f 192/87/747 196/33/747 194/31/747
f 197/36/748 200/40/748 201/37/748
f 198/77/749 202/39/749 201/37/749
f 203/38/750 201/37/750 202/39/750
f 204/43/751 207/47/751 208/44/751
f 209/48/752 208/44/752 207/47/752
f 206/79/753 210/45/753 208/44/753
f 211/80/754 214/54/754 215/51/754
f 216/55/755 215/51/755 214/54/755
f 213/56/756 217/52/756 215/51/756
f 218/57/757 221/61/757 222/58/757
f 219/62/758 223/60/758 222/58/758
f 224/59/759 222/58/759 223/60/759
f 169/1/187 175/3/187 186/64/187
f 175/7/188 171/9/188 184/72/188
f 176/10/189 182/12/189 174/65/189
f 182/16/190 178/18/190 171/9/190
f 190/27/191 196/29/191 181/66/191
f 196/33/192 192/87/192 178/18/192
f 185/73/193 188/22/193 195/34/193
f 188/22/194 184/72/194 192/87/194
f 183/70/195 189/21/195 214/54/195
f 214/54/760 189/84/760 185/73/760
f 190/27/197 218/57/197 224/59/197
f 224/59/761 220/83/761 191/75/761
f 213/56/199 216/55/199 223/60/199
f 216/55/200 212/53/200 220/83/200
f 211/80/762 217/52/762 200/40/762
f 217/52/202 213/56/202 198/77/202
f 218/57/763 204/43/763 210/45/763
f 210/45/764 206/79/764 219/62/764
f 199/42/765 202/39/765 209/48/765
f 202/39/206 198/77/206 206/79/206
f 169/1/207 197/36/207 203/38/207
f 172/6/208 203/38/208 199/42/208
f 204/43/209 177/13/209 179/15/209
f 207/47/766 179/82/766 176/10/766
f 183/70/211 211/80/211 197/36/211
f 178/18/212 192/87/212 184/72/212
f 205/46/213 176/10/213 170/4/213
f 190/27/214 177/13/214 204/43/214
f 191/75/215 220/83/215 212/53/215
f 213/56/216 219/62/216 206/79/216
f 225/88/767 228/68/767 229/2/767
f 230/65/768 229/5/768 228/6/768
f 227/9/769 231/7/769 229/85/769
f 235/82/770 236/11/770 238/12/770
f 233/13/771 237/66/771 236/14/771
f 234/18/772 238/16/772 236/86/772
f 239/70/773 242/64/773 243/20/773
f 240/72/774 244/22/774 243/26/774
f 245/84/775 243/26/775 244/22/775
f 246/27/776 249/67/776 250/28/776
f 251/34/777 250/31/777 249/32/777
f 248/35/778 252/33/778 250/31/778
f 253/89/779 256/40/779 257/37/779
f 254/41/780 258/39/780 257/37/780
f 259/38/781 257/37/781 258/39/781
f 260/43/782 263/47/782 264/44/782
f 265/48/783 264/44/783 263/47/783
f 262/79/784 266/45/784 264/44/784
f 267/80/785 270/54/785 271/51/785
f 272/55/786 271/51/786 270/54/786
f 269/56/787 273/52/787 271/51/787
f 274/57/788 277/61/788 278/58/788
f 275/62/789 279/60/789 278/58/789
f 280/81/790 278/58/790 279/60/790
f 239/70/241 225/88/241 231/3/241
f 231/7/242 227/9/242 240/72/242
f 232/10/243 238/12/243 230/65/243
f 238/16/244 234/18/244 227/9/244
f 233/13/245 246/27/245 252/29/245
f 252/33/246 248/35/246 234/18/246
f 241/25/247 244/22/247 251/34/247
f 251/34/791 244/22/791 240/72/791
f 267/80/249 239/70/249 245/21/249
f 270/54/250 245/84/250 241/25/250
f 246/27/251 274/57/251 280/81/251
f 249/32/792 280/81/792 276/63/792
f 269/56/253 272/55/253 279/60/253
f 272/55/254 268/53/254 276/63/254
f 253/89/255 267/80/255 273/52/255
f 273/52/793 269/56/793 254/41/793
f 260/43/257 266/45/257 277/61/257
f 266/45/258 262/79/258 275/62/258
f 261/46/259 255/42/259 258/39/259
f 258/39/260 254/41/260 262/79/260
f 225/88/261 253/89/261 259/38/261
f 228/6/262 259/38/262 255/42/262
f 260/43/263 233/13/263 235/15/263
f 235/82/264 232/10/264 261/46/264
f 267/80/265 253/89/265 225/88/265
f 234/18/266 248/35/266 240/72/266
f 255/42/267 261/46/267 232/10/267
f 246/27/268 233/13/268 260/43/268
f 241/25/269 247/75/269 276/63/269
f 275/62/270 262/79/270 254/41/270
f 282/90/271 288/103/271 289/91/271
f 283/93/272 289/105/272 287/94/272
f 285/96/794 286/351/794 292/97/794
f 286/99/274 284/211/274 290/100/274
f 294/102/275 295/111/275 289/91/275
f 295/104/276 293/113/276 287/94/276
f 297/106/277 291/98/277 292/97/277
f 292/101/278 290/100/278 296/108/278
f 300/110/279 301/119/279 295/111/279
f 301/112/795 299/121/795 293/113/795
f 297/106/281 298/107/281 304/114/281
f 298/109/282 296/108/282 302/116/282
f 306/118/283 307/127/283 301/119/283
f 307/120/284 305/129/284 299/121/284
f 303/115/285 304/114/285 310/122/285
f 310/124/286 304/117/286 302/116/286
f 306/118/287 312/134/287 313/126/287
f 313/128/288 311/137/288 305/129/288
f 309/123/289 310/122/289 316/130/289
f 310/124/290 308/125/290 314/132/290
f 312/134/291 318/143/291 319/135/291
f 319/136/292 317/145/292 311/137/292
f 315/131/293 316/130/293 322/138/293
f 316/133/294 314/132/294 320/140/294
f 324/142/295 325/151/295 319/135/295
f 319/136/296 325/153/296 323/144/296
f 327/146/297 321/139/297 322/138/297
f 328/148/298 322/141/298 320/140/298
f 330/150/299 331/159/299 325/151/299
f 331/152/300 329/161/300 323/144/300
f 333/154/796 327/146/796 328/147/796
f 334/156/797 328/148/797 326/149/797
f 336/158/303 337/167/303 331/159/303
f 337/160/304 335/169/304 329/161/304
f 333/154/305 334/155/305 340/162/305
f 340/164/306 334/156/306 332/157/306
f 342/166/307 343/175/307 337/167/307
f 337/160/798 343/176/798 341/168/798
f 339/163/309 340/162/309 346/170/309
f 340/164/310 338/165/310 344/172/310
f 348/174/311 349/183/311 343/175/311
f 343/176/312 349/184/312 347/177/312
f 345/171/313 346/170/313 352/178/313
f 346/173/799 344/172/799 350/180/799
f 354/182/315 355/191/315 349/183/315
f 349/184/316 355/193/316 353/185/316
f 351/179/317 352/178/317 358/186/317
f 352/181/318 350/180/318 356/188/318
f 360/190/319 361/199/319 355/191/319
f 361/192/320 359/201/320 353/185/320
f 357/187/321 358/186/321 364/194/321
f 364/196/322 358/189/322 356/188/322
f 366/198/323 367/207/323 361/199/323
f 367/200/324 365/208/324 359/201/324
f 363/195/325 364/194/325 370/202/325
f 370/204/326 364/196/326 362/197/326
f 282/206/327 283/352/327 367/207/327
f 283/93/328 281/95/328 365/208/328
f 369/203/329 370/202/329 286/209/329
f 286/99/330 370/204/330 368/205/330
f 365/208/331 281/95/331 287/94/331
f 287/94/331 293/113/331 299/121/331
f 299/121/331 305/129/331 311/137/331
f 311/137/331 317/145/331 323/144/331
f 323/144/331 329/161/331 335/169/331
f 335/169/331 341/168/331 347/177/331
f 347/177/331 353/185/331 359/201/331
f 359/201/331 365/208/331 287/94/331
f 287/94/331 299/121/331 311/137/331
f 311/137/331 323/144/331 335/169/331
f 335/169/331 347/177/331 359/201/331
f 359/201/331 287/94/331 311/137/331
f 285/96/332 291/98/332 288/103/332
f 369/203/333 285/210/333 282/206/333
f 296/108/334 290/100/334 284/211/334
f 284/211/334 368/205/334 362/197/334
f 362/197/334 356/188/334 350/180/334
f 350/180/334 344/172/334 338/165/334
f 338/165/334 332/157/334 326/149/334
f 326/149/334 320/140/334 314/132/334
f 314/132/334 308/125/334 302/116/334
f 302/116/334 296/108/334 284/211/334
f 284/211/334 362/197/334 350/180/334
f 350/180/334 338/165/334 326/149/334
f 326/149/334 314/132/334 302/116/334
f 302/116/334 284/211/334 350/180/334
f 291/98/335 297/106/335 294/102/335
f 297/106/336 303/115/336 300/110/336
f 303/115/337 309/123/337 306/118/337
f 306/118/338 309/123/338 315/131/338
f 315/131/339 321/139/339 318/143/339
f 318/143/340 321/139/340 327/146/340
f 327/146/341 333/154/341 330/150/341
f 333/154/342 339/163/342 336/158/342
f 339/163/343 345/171/343 342/166/343
f 342/166/344 345/171/344 351/179/344
f 348/174/800 351/179/800 357/187/800
f 357/187/346 363/195/346 360/190/346
f 363/195/347 369/203/347 366/198/347
usemtl wood
f 371/212/348 375/213/348 377/214/348
f 372/215/349 375/216/349 374/217/349
f 373/218/350 375/219/350 376/220/350
f 378/221/351 382/222/351 384/223/351
f 379/224/352 382/225/352 381/226/352
f 380/227/353 382/228/353 383/229/353
f 385/230/354 389/231/354 391/232/354
f 386/233/355 389/234/355 388/235/355
f 387/236/356 389/234/356 390/237/356
f 392/238/357 396/239/357 398/240/357
f 393/241/358 396/242/358 395/243/358
f 394/244/359 396/242/359 397/245/359
f 399/246/360 403/247/360 405/248/360
f 400/249/361 403/250/361 402/251/361
f 401/252/362 403/250/362 404/253/362
f 406/254/363 410/255/363 412/256/363
f 407/257/364 410/258/364 409/259/364
f 408/260/365 410/258/365 411/261/365
f 413/262/366 417/263/366 419/264/366
f 414/265/367 417/266/367 416/267/367
f 415/268/368 417/266/368 418/269/368
f 420/270/369 424/271/369 426/272/369
f 421/273/370 424/274/370 423/275/370
f 422/276/371 424/274/371 425/277/371
f 427/278/372 431/279/372 433/280/372
f 428/281/373 431/282/373 430/283/373
f 429/284/374 431/282/374 432/285/374
f 434/286/375 438/287/375 440/288/375
f 435/289/376 438/290/376 437/291/376
f 436/292/377 438/290/377 439/293/377
f 441/294/378 445/295/378 447/296/378
f 442/297/379 445/298/379 444/299/379
f 443/300/380 445/298/380 446/301/380
f 448/302/381 452/303/381 454/304/381
f 449/305/382 452/306/382 451/307/382
f 450/308/383 452/306/383 453/309/383
f 455/310/384 459/311/384 461/312/384
f 456/313/385 459/314/385 458/315/385
f 457/316/386 459/314/386 460/317/386
f 462/318/387 466/319/387 468/320/387
f 463/321/388 466/322/388 465/323/388
f 464/324/389 466/322/389 467/325/389
f 373/218/390 388/235/390 377/326/390
f 377/214/391 385/230/391 371/212/391
f 379/224/392 398/327/392 394/244/392
f 381/328/393 392/238/393 398/240/393
f 380/227/394 376/329/394 372/215/394
f 376/220/395 379/224/395 373/218/395
f 393/241/396 390/237/396 397/245/396
f 390/237/397 394/244/397 397/245/397
f 387/236/398 402/251/398 391/330/398
f 402/331/399 385/230/399 391/232/399
f 408/260/400 395/243/400 412/332/400
f 412/256/401 392/238/401 406/254/401
f 407/257/402 404/253/402 411/261/402
f 404/253/403 408/260/403 411/261/403
f 414/265/404 405/333/404 401/252/404
f 405/248/405 413/262/405 399/246/405
f 422/276/406 409/259/406 426/334/406
f 409/335/407 420/270/407 426/272/407
f 415/268/408 425/277/408 421/273/408
f 418/269/409 422/276/409 425/277/409
f 428/281/410 419/336/410 415/268/410
f 419/264/411 427/278/411 413/262/411
f 421/273/412 440/337/412 436/292/412
f 423/338/413 434/286/413 440/288/413
f 429/284/414 439/293/414 435/289/414
f 432/285/415 436/292/415 439/293/415
f 429/284/416 444/299/416 433/339/416
f 433/280/417 441/294/417 427/278/417
f 450/308/418 437/291/418 454/340/418
f 454/304/419 434/286/419 448/302/419
f 449/305/420 446/301/420 453/309/420
f 453/309/421 442/297/421 450/308/421
f 443/300/422 458/315/422 447/341/422
f 447/296/423 455/310/423 441/294/423
f 464/324/424 451/307/424 468/342/424
f 451/343/425 462/318/425 468/320/425
f 457/316/426 467/325/426 463/321/426
f 460/317/427 464/324/427 467/325/427
f 372/215/428 461/344/428 457/316/428
f 374/345/429 455/310/429 461/312/429
f 463/321/430 384/346/430 380/227/430
f 384/223/431 462/318/431 378/221/431
f 385/230/432 413/262/432 441/294/432
f 379/224/433 386/233/433 373/218/433
f 457/316/434 380/227/434 372/215/434
f 378/221/435 448/302/435 420/270/435
f 393/241/436 400/249/436 387/236/436
f 407/257/437 414/265/437 401/252/437
f 415/268/438 436/292/438 428/281/438
f 435/289/439 442/297/439 429/284/439
f 443/300/440 464/324/440 456/313/440
f 472/68/441 475/3/441 469/1/441
f 470/4/442 473/5/442 472/6/442
f 471/9/443 473/85/443 474/8/443
f 476/10/444 480/11/444 482/12/444
f 481/66/445 479/15/445 477/13/445
f 478/18/446 480/86/446 481/17/446
f 486/64/447 489/21/447 483/70/447
f 484/24/448 487/26/448 486/23/448
f 485/73/449 487/26/449 488/71/449
f 493/67/450 496/29/450 490/74/450
f 491/75/451 494/31/451 493/32/451
f 492/76/452 494/31/452 495/34/452
f 500/40/453 503/38/453 497/36/453
f 498/77/454 501/37/454 500/40/454
f 499/42/455 501/37/455 502/39/455
f 507/47/456 510/45/456 504/43/456
f 505/46/457 508/44/457 507/47/457
f 506/79/458 508/44/458 509/48/458
f 514/54/459 517/52/459 511/80/459
f 512/53/460 515/51/460 514/54/460
f 513/56/461 515/51/461 516/55/461
f 521/61/462 524/59/462 518/57/462
f 519/62/463 522/58/463 521/61/463
f 520/83/464 522/58/464 523/60/464
f 469/1/465 486/64/465 483/70/465
f 475/7/466 484/24/466 486/23/466
f 476/10/467 474/65/467 470/4/467
f 474/8/468 478/18/468 471/9/468
f 477/13/469 496/29/469 481/66/469
f 496/33/470 478/18/470 481/17/470
f 485/73/471 495/34/471 491/75/471
f 488/71/472 492/76/472 495/34/472
f 511/80/473 489/21/473 514/54/473
f 489/84/474 512/53/474 514/54/474
f 518/57/475 493/67/475 490/74/475
f 524/59/476 491/75/476 493/32/476
f 519/62/477 516/55/477 523/60/477
f 523/60/478 512/53/478 520/83/478
f 511/80/479 500/40/479 497/36/479
f 517/52/480 498/77/480 500/40/480
f 504/43/481 521/61/481 518/57/481
f 510/45/482 519/62/482 521/61/482
f 505/46/483 502/39/483 509/48/483
f 509/48/484 498/77/484 506/79/484
f 469/1/485 503/38/485 472/68/485
f 503/38/486 470/4/486 472/6/486
f 504/43/487 479/15/487 507/47/487
f 479/82/488 505/46/488 507/47/488
f 511/80/489 469/1/489 483/70/489
f 478/18/490 484/24/490 471/9/490
f 505/46/491 470/4/491 499/42/491
f 490/74/492 504/43/492 518/57/492
f 491/75/493 512/53/493 485/73/493
f 519/62/494 498/77/494 513/56/494
f 525/88/495 529/2/495 531/3/495
f 526/4/496 529/5/496 528/6/496
f 531/7/497 530/8/497 527/9/497
f 532/10/498 536/11/498 538/12/498
f 533/13/499 536/14/499 535/15/499
f 538/16/500 537/17/500 534/18/500
f 539/70/501 543/20/501 545/21/501
f 544/22/502 542/23/502 540/72/502
f 541/347/503 543/26/503 544/22/503
f 546/74/504 550/28/504 552/29/504
f 547/75/505 550/31/505 549/32/505
f 552/33/506 551/34/506 548/87/506
f 553/36/507 557/37/507 559/38/507
f 558/39/508 556/40/508 554/77/508
f 555/42/509 557/37/509 558/39/509
f 560/43/510 564/44/510 566/45/510
f 561/46/511 564/44/511 563/47/511
f 566/45/512 565/48/512 562/49/512
f 567/80/513 571/51/513 573/52/513
f 568/53/514 571/51/514 570/54/514
f 573/52/515 572/55/515 569/56/515
f 574/57/516 578/58/516 580/81/516
f 579/60/517 577/61/517 575/62/517
f 576/63/518 578/58/518 579/60/518
f 525/88/519 542/64/519 539/70/519
f 531/7/520 540/72/520 542/23/520
f 532/10/521 530/65/521 526/4/521
f 538/16/522 527/9/522 530/8/522
f 546/74/523 537/66/523 533/13/523
f 537/17/524 548/87/524 534/18/524
f 541/347/525 551/34/525 547/75/525
f 551/34/526 540/72/526 548/87/526
f 567/80/527 545/21/527 570/54/527
f 545/84/528 568/53/528 570/54/528
f 574/57/529 549/67/529 546/74/529
f 549/32/530 576/63/530 547/75/530
f 569/56/531 579/60/531 575/62/531
f 572/55/532 576/63/532 579/60/532
f 553/36/533 573/52/533 556/40/533
f 573/52/534 554/77/534 556/40/534
f 574/57/535 566/45/535 577/61/535
f 577/61/536 562/49/536 575/62/536
f 561/46/537 558/39/537 565/48/537
f 558/39/538 562/49/538 565/48/538
f 553/36/539 528/68/539 525/88/539
f 559/38/540 526/4/540 528/6/540
f 533/13/541 563/47/541 560/43/541
f 535/82/542 561/46/542 563/47/542
f 539/70/543 553/36/543 525/88/543
f 534/18/544 540/72/544 527/9/544
f 555/42/545 532/10/545 526/4/545
f 546/74/546 560/43/546 574/57/546
f 547/75/547 568/53/547 541/347/547
f 569/56/548 562/49/548 554/77/548
f 581/1/549 585/2/549 587/3/549
f 586/65/550 584/6/550 582/4/550
f 583/348/551 585/85/551 586/8/551
f 591/82/552 594/12/552 588/10/552
f 589/69/553 592/14/553 591/15/553
f 590/18/554 592/86/554 593/17/554
f 595/70/555 599/20/555 601/21/555
f 596/72/556 599/26/556 598/23/556
f 601/84/557 600/22/557 597/25/557
f 602/27/558 606/28/558 608/29/558
f 607/34/559 605/32/559 603/75/559
f 604/35/560 606/31/560 607/34/560
f 609/36/561 613/37/561 615/38/561
f 610/41/562 613/37/562 612/40/562
f 615/38/563 614/39/563 611/42/563
f 616/43/564 620/44/564 622/78/564
f 621/48/565 619/47/565 617/46/565
f 618/49/566 620/44/566 621/48/566
f 623/50/567 627/51/567 629/52/567
f 628/55/568 626/54/568 624/53/568
f 625/56/569 627/51/569 628/55/569
f 630/57/570 634/58/570 636/81/570
f 631/62/571 634/58/571 633/61/571
f 636/81/572 635/60/572 632/63/572
f 581/1/573 598/64/573 595/70/573
f 587/7/574 596/72/574 598/23/574
f 588/10/575 586/65/575 582/4/575
f 594/16/576 583/348/576 586/8/576
f 602/27/577 593/66/577 589/69/577
f 608/33/578 590/18/578 593/17/578
f 597/25/579 607/34/579 603/75/579
f 600/22/580 604/35/580 607/34/580
f 595/70/581 626/54/581 623/50/581
f 601/84/582 624/53/582 626/54/582
f 630/57/583 605/67/583 602/27/583
f 605/32/584 632/63/584 603/75/584
f 625/56/585 635/60/585 631/62/585
f 635/60/586 624/53/586 632/63/586
f 623/50/587 612/40/587 609/36/587
f 629/52/588 610/41/588 612/40/588
f 616/43/589 633/61/589 630/57/589
f 622/78/590 631/62/590 633/61/590
f 611/42/591 621/48/591 617/46/591
f 621/48/592 610/41/592 618/49/592
f 609/36/593 584/68/593 581/1/593
f 615/38/594 582/4/594 584/6/594
f 589/69/595 619/47/595 616/43/595
f 619/47/596 588/10/596 617/46/596
f 623/50/597 581/1/597 595/70/597
f 590/18/598 596/72/598 583/348/598
f 611/42/599 588/10/599 582/4/599
f 602/27/600 616/43/600 630/57/600
f 597/25/601 632/63/601 624/53/601
f 631/62/602 610/41/602 625/56/602
f 637/1/603 641/2/603 643/3/603
f 642/65/604 640/6/604 638/4/604
f 639/9/605 641/85/605 642/8/605
f 647/82/606 650/12/606 644/10/606
f 645/349/607 648/14/607 647/15/607
f 646/18/608 648/86/608 649/17/608
f 651/19/609 655/20/609 657/21/609
f 652/24/610 655/26/610 654/23/610
f 657/84/611 656/22/611 653/25/611
f 658/74/612 662/28/612 664/29/612
f 663/34/613 661/32/613 659/75/613
f 660/35/614 662/31/614 663/34/614
f 665/36/615 669/37/615 671/38/615
f 666/41/616 669/37/616 668/40/616
f 671/38/617 670/39/617 667/42/617
f 672/350/618 676/44/618 678/45/618
f 677/48/619 675/47/619 673/46/619
f 674/49/620 676/44/620 677/48/620
f 679/50/621 683/51/621 685/52/621
f 684/55/622 682/54/622 680/53/622
f 681/56/623 683/51/623 684/55/623
f 686/57/624 690/58/624 692/59/624
f 687/62/625 690/58/625 689/61/625
f 692/59/626 691/60/626 688/63/626
f 651/19/627 643/3/627 654/64/627
f 643/7/628 652/24/628 654/23/628
f 644/10/629 642/65/629 638/4/629
f 650/16/630 639/9/630 642/8/630
f 645/349/631 664/29/631 649/66/631
f 664/33/632 646/18/632 649/17/632
f 659/75/633 656/22/633 663/34/633
f 663/34/634 652/24/634 660/35/634
f 679/50/635 657/21/635 682/54/635
f 682/54/636 653/25/636 680/53/636
f 658/74/637 692/59/637 661/67/637
f 692/59/638 659/75/638 661/32/638
f 687/62/639 684/55/639 691/60/639
f 684/55/640 688/63/640 691/60/640
f 679/50/641 668/40/641 665/36/641
f 685/52/642 666/41/642 668/40/642
f 686/57/643 678/45/643 689/61/643
f 678/45/644 687/62/644 689/61/644
f 673/46/645 670/39/645 677/48/645
f 677/48/646 666/41/646 674/49/646
f 665/36/647 640/68/647 637/1/647
f 671/38/648 638/4/648 640/6/648
f 672/350/649 647/15/649 675/47/649
f 647/82/650 673/46/650 675/47/650
f 651/19/651 665/36/651 637/1/651
f 639/9/652 660/35/652 652/24/652
f 673/46/653 638/4/653 667/42/653
f 658/74/654 672/350/654 686/57/654
f 659/75/655 680/53/655 653/25/655
f 687/62/656 666/41/656 681/56/656
f 371/212/801 374/345/801 375/213/801
f 372/215/802 376/329/802 375/216/802
f 373/218/803 377/326/803 375/219/803
f 378/221/804 381/328/804 382/222/804
f 379/224/805 383/353/805 382/225/805
f 380/227/806 384/346/806 382/228/806
f 385/230/807 388/354/807 389/231/807
f 386/233/808 390/237/808 389/234/808
f 387/236/809 391/330/809 389/234/809
f 392/238/810 395/355/810 396/239/810
f 393/241/811 397/245/811 396/242/811
f 394/244/812 398/327/812 396/242/812
f 399/246/813 402/331/813 403/247/813
f 400/249/814 404/253/814 403/250/814
f 401/252/815 405/333/815 403/250/815
f 406/254/816 409/335/816 410/255/816
f 407/257/817 411/261/817 410/258/817
f 408/260/818 412/332/818 410/258/818
f 413/262/819 416/356/819 417/263/819
f 414/265/820 418/269/820 417/266/820
f 415/268/821 419/336/821 417/266/821
f 420/270/822 423/338/822 424/271/822
f 421/273/823 425/277/823 424/274/823
f 422/276/824 426/334/824 424/274/824
f 427/278/825 430/357/825 431/279/825
f 428/281/826 432/285/826 431/282/826
f 429/284/827 433/339/827 431/282/827
f 434/286/828 437/358/828 438/287/828
f 435/289/829 439/293/829 438/290/829
f 436/292/830 440/337/830 438/290/830
f 441/294/831 444/359/831 445/295/831
f 442/297/832 446/301/832 445/298/832
f 443/300/833 447/341/833 445/298/833
f 448/302/834 451/343/834 452/303/834
f 449/305/835 453/309/835 452/306/835
f 450/308/836 454/340/836 452/306/836
f 455/310/837 458/360/837 459/311/837
f 456/313/838 460/317/838 459/314/838
f 457/316/839 461/344/839 459/314/839
f 462/318/840 465/361/840 466/319/840
f 463/321/841 467/325/841 466/322/841
f 464/324/842 468/342/842 466/322/842
f 373/218/843 386/233/843 388/235/843
f 377/214/391 388/354/391 385/230/391
f 379/224/392 381/226/392 398/327/392
f 381/328/393 378/221/393 392/238/393
f 380/227/394 383/229/394 376/329/394
f 376/220/395 383/353/395 379/224/395
f 393/241/396 387/236/396 390/237/396
f 390/237/397 386/233/397 394/244/397
f 387/236/398 400/249/398 402/251/398
f 402/331/399 399/246/399 385/230/399
f 408/260/400 393/241/400 395/243/400
f 412/256/401 395/355/401 392/238/401
f 407/257/402 401/252/402 404/253/402
f 404/253/403 400/249/403 408/260/403
f 414/265/844 416/267/844 405/333/844
f 405/248/405 416/356/405 413/262/405
f 422/276/406 407/257/406 409/259/406
f 409/335/407 406/254/407 420/270/407
f 415/268/408 418/269/408 425/277/408
f 418/269/409 414/265/409 422/276/409
f 428/281/410 430/283/410 419/336/410
f 419/264/411 430/357/411 427/278/411
f 421/273/412 423/275/412 440/337/412
f 423/338/413 420/270/413 434/286/413
f 429/284/414 432/285/414 439/293/414
f 432/285/415 428/281/415 436/292/415
f 429/284/416 442/297/416 444/299/416
f 433/280/417 444/359/417 441/294/417
f 450/308/418 435/289/418 437/291/418
f 454/304/845 437/358/845 434/286/845
f 449/305/420 443/300/420 446/301/420
f 453/309/421 446/301/421 442/297/421
f 443/300/422 456/313/422 458/315/422
f 447/296/423 458/360/423 455/310/423
f 464/324/424 449/305/424 451/307/424
f 451/343/425 448/302/425 462/318/425
f 457/316/426 460/317/426 467/325/426
f 460/317/427 456/313/427 464/324/427
f 372/215/428 374/217/428 461/344/428
f 374/345/429 371/212/429 455/310/429
f 463/321/430 465/323/430 384/346/430
f 384/223/846 465/361/846 462/318/846
f 455/310/432 371/212/432 385/230/432
f 385/230/432 399/246/432 413/262/432
f 413/262/432 427/278/432 441/294/432
f 441/294/432 455/310/432 385/230/432
f 379/224/433 394/244/433 386/233/433
f 457/316/434 463/321/434 380/227/434
f 406/254/435 392/238/435 378/221/435
f 378/221/435 462/318/435 448/302/435
f 448/302/435 434/286/435 420/270/435
f 420/270/435 406/254/435 378/221/435
f 393/241/436 408/260/436 400/249/436
f 407/257/437 422/276/437 414/265/437
f 415/268/438 421/273/438 436/292/438
f 435/289/439 450/308/439 442/297/439
f 443/300/440 449/305/440 464/324/440
f 472/68/847 473/2/847 475/3/847
f 470/4/848 474/65/848 473/5/848
f 471/9/849 475/7/849 473/85/849
f 476/10/850 479/82/850 480/11/850
f 481/66/851 480/14/851 479/15/851
f 478/18/852 482/16/852 480/86/852
f 486/64/853 487/20/853 489/21/853
f 484/24/854 488/71/854 487/26/854
f 485/73/855 489/84/855 487/26/855
f 493/67/856 494/28/856 496/29/856
f 491/75/857 495/34/857 494/31/857
f 492/76/858 496/33/858 494/31/858
f 500/40/859 501/37/859 503/38/859
f 498/77/860 502/39/860 501/37/860
f 499/42/861 503/38/861 501/37/861
f 507/47/862 508/44/862 510/45/862
f 505/46/863 509/48/863 508/44/863
f 506/79/864 510/45/864 508/44/864
f 514/54/865 515/51/865 517/52/865
f 512/53/866 516/55/866 515/51/866
f 513/56/867 517/52/867 515/51/867
f 521/61/868 522/58/868 524/59/868
f 519/62/869 523/60/869 522/58/869
f 520/83/870 524/59/870 522/58/870
f 469/1/465 475/3/465 486/64/465
f 475/7/466 471/9/466 484/24/466
f 476/10/871 482/12/871 474/65/871
f 474/8/872 482/16/872 478/18/872
f 477/13/873 490/74/873 496/29/873
f 496/33/470 492/76/470 478/18/470
f 485/73/874 488/71/874 495/34/874
f 488/71/875 484/24/875 492/76/875
f 511/80/473 483/70/473 489/21/473
f 489/84/474 485/73/474 512/53/474
f 518/57/475 524/59/475 493/67/475
f 524/59/876 520/83/876 491/75/876
f 519/62/877 513/56/877 516/55/877
f 523/60/478 516/55/478 512/53/478
f 511/80/878 517/52/878 500/40/878
f 517/52/879 513/56/879 498/77/879
f 504/43/481 510/45/481 521/61/481
f 510/45/482 506/79/482 519/62/482
f 505/46/880 499/42/880 502/39/880
f 509/48/881 502/39/881 498/77/881
f 469/1/485 497/36/485 503/38/485
f 503/38/882 499/42/882 470/4/882
f 504/43/883 477/13/883 479/15/883
f 479/82/488 476/10/488 505/46/488
f 511/80/489 497/36/489 469/1/489
f 478/18/490 492/76/490 484/24/490
f 505/46/491 476/10/491 470/4/491
f 490/74/492 477/13/492 504/43/492
f 491/75/493 520/83/493 512/53/493
f 519/62/494 506/79/494 498/77/494
f 525/88/884 528/68/884 529/2/884
f 526/4/885 530/65/885 529/5/885
f 531/7/886 529/85/886 530/8/886
f 532/10/887 535/82/887 536/11/887
f 533/13/888 537/66/888 536/14/888
f 538/16/889 536/86/889 537/17/889
f 539/70/890 542/64/890 543/20/890
f 544/22/891 543/26/891 542/23/891
f 541/347/892 545/84/892 543/26/892
f 546/74/893 549/67/893 550/28/893
f 547/75/894 551/34/894 550/31/894
f 552/33/895 550/31/895 551/34/895
f 553/36/896 556/40/896 557/37/896
f 558/39/897 557/37/897 556/40/897
f 555/42/898 559/38/898 557/37/898
f 560/43/899 563/47/899 564/44/899
f 561/46/900 565/48/900 564/44/900
f 566/45/901 564/44/901 565/48/901
f 567/80/902 570/54/902 571/51/902
f 568/53/903 572/55/903 571/51/903
f 573/52/904 571/51/904 572/55/904
f 574/57/905 577/61/905 578/58/905
f 579/60/906 578/58/906 577/61/906
f 576/63/907 580/81/907 578/58/907
f 525/88/908 531/3/908 542/64/908
f 531/7/909 527/9/909 540/72/909
f 532/10/521 538/12/521 530/65/521
f 538/16/910 534/18/910 527/9/910
f 546/74/911 552/29/911 537/66/911
f 537/17/912 552/33/912 548/87/912
f 541/347/913 544/22/913 551/34/913
f 551/34/526 544/22/526 540/72/526
f 567/80/914 539/70/914 545/21/914
f 545/84/915 541/347/915 568/53/915
f 574/57/529 580/81/529 549/67/529
f 549/32/530 580/81/530 576/63/530
f 569/56/916 572/55/916 579/60/916
f 572/55/917 568/53/917 576/63/917
f 553/36/918 567/80/918 573/52/918
f 573/52/534 569/56/534 554/77/534
f 574/57/919 560/43/919 566/45/919
f 577/61/920 566/45/920 562/49/920
f 561/46/921 555/42/921 558/39/921
f 558/39/922 554/77/922 562/49/922
f 553/36/539 559/38/539 528/68/539
f 559/38/540 555/42/540 526/4/540
f 533/13/541 535/15/541 563/47/541
f 535/82/542 532/10/542 561/46/542
f 539/70/543 567/80/543 553/36/543
f 534/18/544 548/87/544 540/72/544
f 555/42/545 561/46/545 532/10/545
f 546/74/546 533/13/546 560/43/546
f 547/75/547 576/63/547 568/53/547
f 569/56/548 575/62/548 562/49/548
f 581/1/923 584/68/923 585/2/923
f 586/65/924 585/5/924 584/6/924
f 583/348/925 587/7/925 585/85/925
f 591/82/926 592/11/926 594/12/926
f 589/69/927 593/66/927 592/14/927
f 590/18/928 594/16/928 592/86/928
f 595/70/929 598/64/929 599/20/929
f 596/72/930 600/22/930 599/26/930
f 601/84/931 599/26/931 600/22/931
f 602/27/932 605/67/932 606/28/932
f 607/34/933 606/31/933 605/32/933
f 604/35/934 608/33/934 606/31/934
f 609/36/935 612/40/935 613/37/935
f 610/41/936 614/39/936 613/37/936
f 615/38/937 613/37/937 614/39/937
f 616/43/938 619/47/938 620/44/938
f 621/48/939 620/44/939 619/47/939
f 618/49/940 622/78/940 620/44/940
f 623/50/941 626/54/941 627/51/941
f 628/55/942 627/51/942 626/54/942
f 625/56/943 629/52/943 627/51/943
f 630/57/944 633/61/944 634/58/944
f 631/62/945 635/60/945 634/58/945
f 636/81/946 634/58/946 635/60/946
f 581/1/947 587/3/947 598/64/947
f 587/7/574 583/348/574 596/72/574
f 588/10/948 594/12/948 586/65/948
f 594/16/576 590/18/576 583/348/576
f 602/27/949 608/29/949 593/66/949
f 608/33/578 604/35/578 590/18/578
f 597/25/579 600/22/579 607/34/579
f 600/22/950 596/72/950 604/35/950
f 595/70/581 601/21/581 626/54/581
f 601/84/582 597/25/582 624/53/582
f 630/57/583 636/81/583 605/67/583
f 605/32/584 636/81/584 632/63/584
f 625/56/585 628/55/585 635/60/585
f 635/60/951 628/55/951 624/53/951
f 623/50/587 629/52/587 612/40/587
f 629/52/588 625/56/588 610/41/588
f 616/43/589 622/78/589 633/61/589
f 622/78/590 618/49/590 631/62/590
f 611/42/952 614/39/952 621/48/952
f 621/48/953 614/39/953 610/41/953
f 609/36/593 615/38/593 584/68/593
f 615/38/594 611/42/594 582/4/594
f 589/69/595 591/15/595 619/47/595
f 619/47/596 591/82/596 588/10/596
f 623/50/597 609/36/597 581/1/597
f 590/18/598 604/35/598 596/72/598
f 611/42/599 617/46/599 588/10/599
f 602/27/600 589/69/600 616/43/600
f 597/25/601 603/75/601 632/63/601
f 631/62/602 618/49/602 610/41/602
f 637/1/954 640/68/954 641/2/954
f 642/65/955 641/5/955 640/6/955
f 639/9/956 643/7/956 641/85/956
f 647/82/957 648/11/957 650/12/957
f 645/349/958 649/66/958 648/14/958
f 646/18/959 650/16/959 648/86/959
f 651/19/960 654/64/960 655/20/960
f 652/24/961 656/22/961 655/26/961
f 657/84/962 655/26/962 656/22/962
f 658/74/963 661/67/963 662/28/963
f 663/34/964 662/31/964 661/32/964
f 660/35/965 664/33/965 662/31/965
f 665/36/966 668/40/966 669/37/966
f 666/41/967 670/39/967 669/37/967
f 671/38/968 669/37/968 670/39/968
f 672/350/969 675/47/969 676/44/969
f 677/48/970 676/44/970 675/47/970
f 674/49/971 678/45/971 676/44/971
f 679/50/972 682/54/972 683/51/972
f 684/55/973 683/51/973 682/54/973
f 681/56/974 685/52/974 683/51/974
f 686/57/975 689/61/975 690/58/975
f 687/62/976 691/60/976 690/58/976
f 692/59/977 690/58/977 691/60/977
f 651/19/978 637/1/978 643/3/978
f 643/7/628 639/9/628 652/24/628
f 644/10/629 650/12/629 642/65/629
f 650/16/979 646/18/979 639/9/979
f 645/349/631 658/74/631 664/29/631
f 664/33/980 660/35/980 646/18/980
f 659/75/633 653/25/633 656/22/633
f 663/34/634 656/22/634 652/24/634
f 679/50/635 651/19/635 657/21/635
f 682/54/636 657/84/636 653/25/636
f 658/74/981 686/57/981 692/59/981
f 692/59/638 688/63/638 659/75/638
f 687/62/639 681/56/639 684/55/639
f 684/55/640 680/53/640 688/63/640
f 679/50/641 685/52/641 668/40/641
f 685/52/982 681/56/982 666/41/982
f 686/57/983 672/350/983 678/45/983
f 678/45/644 674/49/644 687/62/644
f 673/46/645 667/42/645 670/39/645
f 677/48/646 670/39/646 666/41/646
f 665/36/984 671/38/984 640/68/984
f 671/38/648 667/42/648 638/4/648
f 672/350/649 645/349/649 647/15/649
f 647/82/650 644/10/650 673/46/650
f 651/19/651 679/50/651 665/36/651
f 639/9/652 646/18/652 660/35/652
f 673/46/653 644/10/653 638/4/653
f 658/74/654 645/349/654 672/350/654
f 659/75/655 688/63/655 680/53/655
f 687/62/656 674/49/656 666/41/656
