# Blender 4.5.10 LTS
# www.blender.org
mtllib grow3_rack_leant.mtl
o grow3_rack_leant
v 0.614176 0.008571 -0.217964
v 0.614152 0.010119 -0.224419
v 0.627876 0.010338 -0.217992
v 0.612872 0.121886 -0.225502
v 0.612859 0.123558 -0.219078
v 0.626597 0.122106 -0.219075
v 0.614554 0.012908 0.229135
v 0.628254 0.014675 0.229107
v 0.614541 0.014581 0.235559
v 0.613237 0.127895 0.228021
v 0.613261 0.126348 0.234476
v 0.626975 0.126442 0.228023
v -0.338322 -0.002322 -0.217053
v -0.352059 -0.000869 -0.217055
v -0.338346 -0.000775 -0.223508
v -0.339638 0.112665 -0.218167
v -0.339625 0.110993 -0.224591
v -0.353339 0.110898 -0.218138
v -0.337944 0.002015 0.230046
v -0.337957 0.003687 0.236470
v -0.351681 0.003468 0.230044
v -0.339260 0.117002 0.228932
v -0.352961 0.115235 0.228960
v -0.339236 0.115454 0.235387
v 0.302148 0.034878 -0.011098
v 0.300009 0.052408 -0.012118
v 0.301610 0.052614 -0.011370
v 0.151671 1.270266 -0.030434
v 0.149537 1.287819 -0.029942
v 0.153272 1.270472 -0.029686
v 0.302314 0.035688 0.041383
v 0.301776 0.053423 0.041111
v 0.300180 0.053240 0.041875
v 0.149703 1.288629 0.022540
v 0.151842 1.271099 0.023559
v 0.153438 1.271282 0.022795
v 0.191189 0.021371 -0.010540
v 0.187454 0.038718 -0.010795
v 0.189050 0.038901 -0.011559
v 0.038577 1.274312 -0.029383
v 0.040712 1.256759 -0.029875
v 0.039116 1.256577 -0.029111
v 0.191354 0.022181 0.041942
v 0.189220 0.039734 0.042434
v 0.187620 0.039528 0.041686
v 0.038743 1.275122 0.023098
v 0.039282 1.257386 0.023370
v 0.040882 1.257592 0.024118
v 0.128953 0.035170 -0.007272
v 0.126790 0.052692 -0.008371
v 0.128376 0.052904 -0.007595
v -0.024177 1.270132 -0.032210
v -0.026363 1.287680 -0.031798
v -0.022591 1.270344 -0.031434
v 0.128173 0.036101 0.045202
v 0.127596 0.053835 0.044879
v 0.125987 0.053650 0.045614
v -0.027143 1.288611 0.020676
v -0.024980 1.271090 0.021775
v -0.023371 1.271275 0.021040
v 0.018034 0.021389 -0.008676
v 0.014262 0.038725 -0.009040
v 0.015871 0.038910 -0.009775
v -0.137281 1.273899 -0.033202
v -0.135096 1.256350 -0.033614
v -0.136705 1.256165 -0.032879
v 0.017255 0.022319 0.043798
v 0.015069 0.039868 0.044210
v 0.013483 0.039656 0.043434
v -0.138061 1.274830 0.019272
v -0.137484 1.257096 0.019595
v -0.135898 1.257308 0.020371
v -0.047898 0.035118 -0.018522
v -0.050007 0.052663 -0.019301
v -0.048421 0.052856 -0.018519
v -0.197280 1.270787 -0.020908
v -0.199413 1.288332 -0.020175
v -0.195694 1.270980 -0.020126
v -0.048738 0.035085 0.033959
v -0.049261 0.052823 0.033962
v -0.050871 0.052630 0.034692
v -0.200253 1.288300 0.032306
v -0.198144 1.270754 0.033086
v -0.196534 1.270948 0.032355
v -0.158855 0.021700 -0.020306
v -0.162575 0.039052 -0.020355
v -0.160964 0.039246 -0.021086
v -0.310370 1.274915 -0.021959
v -0.308237 1.257370 -0.022692
v -0.309847 1.257177 -0.021962
v -0.159696 0.021668 0.032175
v -0.161829 0.039213 0.032908
v -0.163415 0.039020 0.032126
v -0.311211 1.274882 0.030522
v -0.310688 1.257144 0.030519
v -0.309102 1.257337 0.031301
v -0.218427 0.035692 -0.004795
v -0.220695 0.053194 -0.005997
v -0.219094 0.053420 -0.005255
v -0.377848 1.269690 -0.036958
v -0.380108 1.287232 -0.036648
v -0.376247 1.269916 -0.036216
v -0.218143 0.037065 0.047674
v -0.218810 0.054792 0.047214
v -0.220402 0.054606 0.047984
v -0.379824 1.288604 0.015821
v -0.377556 1.271102 0.017023
v -0.375963 1.271288 0.016253
v -0.329285 0.021396 -0.003821
v -0.333145 0.038712 -0.004253
v -0.331553 0.038898 -0.005023
v -0.490965 1.272935 -0.035674
v -0.488706 1.255394 -0.035984
v -0.490299 1.255208 -0.035214
v -0.329001 0.022768 0.048648
v -0.331260 0.040309 0.048958
v -0.332861 0.040084 0.048216
v -0.490681 1.274307 0.016795
v -0.490014 1.256580 0.017255
v -0.488414 1.256806 0.017997
v 0.129151 1.277002 -0.074835
v 0.120626 1.276996 -0.075690
v 0.120625 1.277841 -0.074855
v -0.471321 1.276942 -0.076679
v -0.479848 1.276947 -0.075853
v -0.471322 1.277788 -0.075844
v 0.129054 1.277372 -0.016517
v 0.120527 1.278211 -0.016536
v 0.120526 1.277376 -0.015691
v -0.479946 1.277317 -0.017535
v -0.471421 1.277323 -0.016680
v -0.471420 1.278158 -0.017526
v 0.129156 1.218683 -0.074465
v 0.120630 1.217842 -0.074474
v 0.120631 1.218677 -0.075320
v -0.479843 1.218628 -0.075483
v -0.471316 1.218624 -0.076309
v -0.471317 1.217789 -0.075464
v 0.129058 1.219053 -0.016147
v 0.120531 1.219057 -0.015321
v 0.120532 1.218212 -0.016156
v -0.479941 1.218998 -0.017165
v -0.471415 1.218159 -0.017145
v -0.471416 1.219004 -0.016310
v 0.194966 0.804489 -0.080710
v 0.186426 0.804488 -0.081390
v 0.186442 0.805324 -0.080546
v -0.405418 0.804119 -0.070318
v -0.413927 0.804110 -0.069319
v -0.405403 0.804955 -0.069474
v 0.196057 0.804209 -0.022401
v 0.187532 0.805044 -0.022237
v 0.187549 0.804200 -0.021401
v -0.412836 0.803830 -0.011010
v -0.404296 0.803831 -0.010329
v -0.404312 0.804675 -0.011165
v 0.194998 0.746170 -0.080990
v 0.186474 0.745325 -0.080835
v 0.186457 0.746169 -0.081671
v -0.413896 0.745790 -0.069599
v -0.405387 0.745800 -0.070599
v -0.405371 0.744956 -0.069763
v 0.196089 0.745890 -0.022681
v 0.187580 0.745881 -0.021682
v 0.187564 0.745045 -0.022526
v -0.412805 0.745511 -0.011290
v -0.404280 0.744676 -0.011454
v -0.404265 0.745512 -0.010610
v 0.250851 0.412581 -0.074058
v 0.242331 0.412453 -0.074944
v 0.242315 0.413309 -0.074121
v -0.349557 0.404660 -0.078205
v -0.358087 0.404564 -0.077412
v -0.349573 0.405516 -0.077382
v 0.250515 0.413739 -0.015750
v 0.241979 0.414467 -0.015814
v 0.241985 0.413644 -0.014957
v -0.358423 0.405722 -0.019104
v -0.349903 0.405851 -0.018218
v -0.349909 0.406674 -0.019074
v 0.251612 0.354278 -0.072896
v 0.243098 0.353326 -0.072926
v 0.243092 0.354149 -0.073782
v -0.357326 0.346261 -0.076250
v -0.348796 0.346356 -0.077043
v -0.348790 0.345533 -0.076186
v 0.251276 0.355436 -0.014588
v 0.242746 0.355340 -0.013795
v 0.242762 0.354484 -0.014618
v -0.357662 0.347418 -0.017942
v -0.349126 0.346691 -0.017879
v -0.349142 0.347547 -0.017056
v 0.137223 1.227852 0.017349
v 0.137233 1.228466 0.016843
v 0.146471 1.228328 0.017370
v 0.137878 1.271229 0.016710
v 0.137886 1.271846 0.017212
v 0.147116 1.271091 0.017237
v 0.137139 1.227962 0.052341
v 0.146387 1.228438 0.052361
v 0.137147 1.228579 0.052843
v 0.137802 1.271956 0.052204
v 0.137791 1.271342 0.052710
v 0.147032 1.271201 0.052229
v -0.504223 1.237516 0.015778
v -0.513452 1.238271 0.015753
v -0.504212 1.238130 0.015272
v -0.503559 1.281511 0.015641
v -0.503567 1.280893 0.015139
v -0.512808 1.281034 0.015620
v -0.504307 1.237626 0.050769
v -0.504298 1.238243 0.051272
v -0.513536 1.238381 0.050745
v -0.503643 1.281621 0.050633
v -0.512892 1.281144 0.050612
v -0.503654 1.281006 0.051139
v 0.219975 0.756340 0.029318
v 0.219974 0.756907 0.028821
v 0.229206 0.757018 0.029453
v 0.219470 0.795780 0.029338
v 0.219456 0.796334 0.029849
v 0.228702 0.795892 0.029969
v 0.219497 0.755869 0.064303
v 0.228729 0.756547 0.064438
v 0.219483 0.756423 0.064815
v 0.218979 0.795862 0.064835
v 0.218979 0.795296 0.065331
v 0.228225 0.795421 0.064955
v -0.421432 0.748144 0.020457
v -0.430677 0.748586 0.020336
v -0.421432 0.748711 0.019960
v -0.421950 0.788137 0.020988
v -0.421936 0.787584 0.020477
v -0.431181 0.787459 0.020853
v -0.421909 0.747673 0.055442
v -0.421923 0.748226 0.055954
v -0.431155 0.748115 0.055322
v -0.422427 0.787666 0.055974
v -0.431659 0.786988 0.055839
v -0.422427 0.787099 0.056470
v 0.265583 0.362357 0.022636
v 0.265596 0.362920 0.022135
v 0.274827 0.362836 0.022778
v 0.265931 0.401798 0.022384
v 0.265928 0.402355 0.022892
v 0.275162 0.401714 0.023026
v 0.265057 0.362138 0.057623
v 0.274301 0.362617 0.057765
v 0.265055 0.362695 0.058131
v 0.265402 0.402135 0.057879
v 0.265390 0.401572 0.058379
v 0.274636 0.401495 0.058014
v -0.375840 0.367951 0.013030
v -0.385074 0.368592 0.012895
v -0.375828 0.368514 0.012529
v -0.375495 0.407949 0.013286
v -0.375492 0.407392 0.012778
v -0.384739 0.407470 0.013144
v -0.376366 0.367732 0.048017
v -0.376369 0.368289 0.048524
v -0.385600 0.368373 0.047882
v -0.376021 0.407730 0.048273
v -0.385265 0.407250 0.048131
v -0.376034 0.407167 0.048773
v 0.092808 1.151941 -0.040797
v 0.099718 1.148281 -0.032869
v 0.086384 1.149243 -0.032111
v 0.114024 1.220034 0.245712
v 0.106532 1.213909 0.239977
v 0.119866 1.212946 0.239219
v 0.082400 1.157758 -0.041319
v 0.082791 1.151251 -0.032291
v 0.075084 1.162049 -0.034104
v 0.107400 1.223737 0.245380
v 0.098825 1.224707 0.238164
v 0.106532 1.213909 0.239977
v 0.080429 1.169284 -0.043709
v 0.074403 1.166028 -0.034929
v 0.078126 1.178530 -0.037948
v 0.106146 1.231072 0.243859
v 0.102548 1.237209 0.235145
v 0.098825 1.224707 0.238164
v 0.088379 1.177838 -0.046168
v 0.080871 1.181484 -0.038797
v 0.093220 1.186276 -0.040749
v 0.111205 1.236516 0.242294
v 0.114897 1.242001 0.233193
v 0.102548 1.237209 0.235145
v 0.100263 1.176980 -0.046844
v 0.097323 1.185980 -0.040982
v 0.109000 1.179454 -0.040397
v 0.118769 1.235970 0.241863
v 0.126574 1.235475 0.233778
v 0.114897 1.242001 0.233193
v 0.107133 1.167356 -0.045228
v 0.111371 1.176131 -0.039839
v 0.113583 1.163200 -0.037158
v 0.123141 1.229845 0.242892
v 0.128785 1.222544 0.236460
v 0.126574 1.235475 0.233778
v 0.103815 1.156213 -0.042537
v 0.112437 1.159353 -0.036229
v 0.103518 1.149755 -0.033470
v 0.121029 1.222753 0.244604
v 0.119866 1.212946 0.239219
v 0.128785 1.222544 0.236460
v -0.249353 1.160630 -0.043499
v -0.242762 1.157425 -0.035113
v -0.256108 1.156433 -0.035702
v -0.265016 1.207791 0.231973
v -0.270938 1.201088 0.225139
v -0.257593 1.202081 0.225728
v -0.260407 1.164937 -0.044771
v -0.259914 1.157916 -0.036140
v -0.268931 1.167620 -0.038124
v -0.272050 1.210531 0.231164
v -0.279955 1.210793 0.223155
v -0.270938 1.201088 0.225139
v -0.263826 1.176207 -0.046684
v -0.270108 1.171501 -0.038783
v -0.268007 1.184595 -0.040668
v -0.274226 1.217703 0.229946
v -0.277854 1.223887 0.221270
v -0.279955 1.210793 0.223155
v -0.257035 1.185954 -0.047797
v -0.265669 1.187951 -0.041051
v -0.254032 1.194575 -0.041418
v -0.269904 1.223905 0.229238
v -0.266217 1.230511 0.220903
v -0.277854 1.223887 0.221270
v -0.245148 1.186838 -0.047272
v -0.249939 1.194879 -0.041238
v -0.237528 1.190044 -0.039810
v -0.262340 1.224468 0.229572
v -0.253807 1.225676 0.222331
v -0.266217 1.230511 0.220903
v -0.237116 1.178193 -0.045505
v -0.234763 1.187068 -0.039201
v -0.230925 1.174415 -0.037054
v -0.257229 1.218967 0.230696
v -0.249969 1.213023 0.224478
v -0.253807 1.225676 0.222331
v -0.238988 1.166530 -0.043826
v -0.231569 1.170399 -0.036476
v -0.239193 1.159457 -0.035226
v -0.258420 1.211545 0.231765
v -0.257593 1.202081 0.225728
v -0.249969 1.213023 0.224478
v 0.150092 0.757747 -0.041180
v 0.157077 0.754182 -0.033272
v 0.143718 0.754848 -0.032519
v 0.168242 0.819777 0.225919
v 0.160887 0.813522 0.220128
v 0.174246 0.812856 0.219375
v 0.139563 0.763337 -0.041666
v 0.140096 0.756771 -0.032686
v 0.132153 0.767418 -0.034423
v 0.161543 0.823335 0.225610
v 0.152943 0.824169 0.218391
v 0.160887 0.813522 0.220128
v 0.137344 0.774831 -0.043967
v 0.131389 0.771372 -0.035214
v 0.134843 0.783983 -0.038133
v 0.160131 0.830649 0.224146
v 0.156396 0.836780 0.215473
v 0.152943 0.824169 0.218391
v 0.145105 0.783574 -0.046350
v 0.137512 0.786990 -0.038953
v 0.149762 0.792069 -0.040856
v 0.165069 0.836211 0.222629
v 0.168646 0.841858 0.213570
v 0.156396 0.836780 0.215473
v 0.157002 0.782981 -0.047021
v 0.153855 0.791865 -0.041087
v 0.165677 0.785587 -0.040541
v 0.172639 0.835834 0.222203
v 0.180469 0.835580 0.214115
v 0.168646 0.841858 0.213570
v 0.164076 0.773499 -0.045474
v 0.168111 0.782325 -0.040009
v 0.170603 0.769418 -0.037425
v 0.177141 0.829801 0.223187
v 0.182961 0.822673 0.216699
v 0.180469 0.835580 0.214115
v 0.161001 0.762269 -0.042875
v 0.169545 0.765555 -0.036531
v 0.160830 0.755738 -0.033855
v 0.175184 0.822655 0.224841
v 0.174246 0.812856 0.219375
v 0.182961 0.822673 0.216699
v -0.375665 0.760981 -0.042480
v -0.368994 0.757639 -0.034212
v -0.382386 0.757455 -0.034330
v -0.378907 0.818608 0.236645
v -0.385458 0.812076 0.230237
v -0.372067 0.812259 0.230355
v -0.386476 0.765921 -0.043533
v -0.386111 0.759158 -0.034693
v -0.394585 0.769333 -0.036704
v -0.385787 0.821751 0.235975
v -0.393932 0.822251 0.228226
v -0.385458 0.812076 0.230237
v -0.389268 0.777316 -0.045709
v -0.395547 0.773260 -0.037455
v -0.392722 0.786131 -0.039845
v -0.387564 0.829003 0.234590
v -0.391107 0.835122 0.225835
v -0.393932 0.822251 0.228226
v -0.381940 0.786586 -0.047371
v -0.390197 0.789326 -0.040418
v -0.378200 0.795202 -0.041388
v -0.382900 0.834902 0.233532
v -0.379110 0.840998 0.224866
v -0.391107 0.835122 0.225835
v -0.370009 0.786749 -0.047266
v -0.374088 0.795258 -0.041351
v -0.361954 0.789713 -0.040170
v -0.375308 0.835006 0.233599
v -0.366976 0.835453 0.226047
v -0.379110 0.840998 0.224866
v -0.362460 0.777684 -0.045474
v -0.359352 0.786589 -0.039552
v -0.356218 0.773799 -0.037109
v -0.370503 0.829237 0.234740
v -0.363842 0.822663 0.228490
v -0.366976 0.835453 0.226047
v -0.364977 0.766216 -0.043344
v -0.357085 0.769847 -0.036375
v -0.365311 0.759443 -0.034510
v -0.372105 0.821939 0.236095
v -0.372067 0.812259 0.230355
v -0.363842 0.822663 0.228490
v -0.136483 0.369330 -0.043046
v -0.130271 0.365885 -0.034467
v -0.143630 0.365474 -0.035423
v -0.156903 0.416869 0.221642
v -0.162923 0.410392 0.214669
v -0.149565 0.410803 0.215626
v -0.147296 0.374109 -0.044641
v -0.147346 0.367116 -0.035971
v -0.155873 0.377199 -0.038242
v -0.163783 0.419909 0.220627
v -0.171451 0.420474 0.212398
v -0.162923 0.410392 0.214669
v -0.150163 0.385506 -0.046689
v -0.156858 0.381116 -0.038946
v -0.154133 0.394100 -0.040821
v -0.165607 0.427161 0.219324
v -0.168725 0.433458 0.210523
v -0.171451 0.420474 0.212398
v -0.142924 0.394939 -0.047649
v -0.151645 0.397342 -0.041151
v -0.139720 0.403450 -0.041218
v -0.161001 0.433164 0.218713
v -0.156800 0.439567 0.210456
v -0.168725 0.433458 0.210523
v -0.131031 0.395305 -0.046797
v -0.135633 0.403576 -0.040926
v -0.123487 0.398208 -0.039134
v -0.153434 0.433397 0.219255
v -0.144654 0.434199 0.212247
v -0.156800 0.439567 0.210456
v -0.123439 0.386328 -0.044775
v -0.120878 0.395124 -0.038440
v -0.117658 0.382322 -0.036139
v -0.148603 0.427685 0.220541
v -0.141435 0.421398 0.214548
v -0.144654 0.434199 0.212247
v -0.125865 0.374768 -0.043106
v -0.118492 0.378350 -0.035565
v -0.126623 0.367754 -0.034487
v -0.150147 0.420329 0.221603
v -0.149565 0.410803 0.215626
v -0.141435 0.421398 0.214548
v 0.016730 0.909999 0.268905
v 0.010791 0.924666 0.281434
v 0.011327 0.923660 0.255064
v 0.025724 0.937335 0.268045
v 0.011546 0.924325 0.255043
v 0.011010 0.925331 0.281413
v 0.037797 0.906260 0.214410
v 0.025150 0.921206 0.219310
v 0.042465 0.919044 0.199505
v 0.045142 0.933889 0.217815
v 0.042644 0.919717 0.199588
v 0.025328 0.921879 0.219393
v 0.088908 0.900986 0.186350
v 0.075999 0.915583 0.181095
v 0.101991 0.913276 0.177124
v 0.092253 0.929027 0.191952
v 0.102072 0.913959 0.177260
v 0.076080 0.916266 0.181232
v 0.146147 0.896644 0.197855
v 0.139545 0.910428 0.184672
v 0.162053 0.909056 0.198391
v 0.145011 0.925025 0.202556
v 0.162025 0.909747 0.198506
v 0.139518 0.911119 0.184786
v 0.182731 0.895267 0.243540
v 0.186056 0.908152 0.228366
v 0.194547 0.908357 0.253357
v 0.178732 0.923756 0.244666
v 0.194450 0.909051 0.253385
v 0.185959 0.908846 0.228393
v 0.181542 0.897498 0.302030
v 0.193767 0.909821 0.291733
v 0.184269 0.911507 0.316302
v 0.177636 0.925812 0.298577
v 0.184174 0.912196 0.316218
v 0.193672 0.910510 0.291649
v 0.143137 0.902294 0.345957
v 0.159071 0.914653 0.345122
v 0.136028 0.917031 0.357773
v 0.142237 0.930233 0.339066
v 0.136006 0.917712 0.357605
v 0.159049 0.915334 0.344954
v 0.085486 0.907411 0.354766
v 0.098203 0.920388 0.363552
v 0.072396 0.922346 0.358366
v 0.089098 0.934949 0.347185
v 0.072484 0.923017 0.358181
v 0.098291 0.921059 0.363368
v 0.035563 0.910454 0.324335
v 0.039642 0.924343 0.338400
v 0.023148 0.924964 0.317803
v 0.043083 0.937754 0.319137
v 0.023331 0.925629 0.317676
v 0.039825 0.925007 0.338274
v 0.176861 0.887844 0.329633
v 0.158300 0.890037 0.348205
v 0.163715 0.919857 0.350096
v 0.182276 0.917664 0.331524
v 0.119851 0.893590 0.366091
v 0.093670 0.895531 0.368331
v 0.096178 0.925620 0.371574
v 0.122359 0.923679 0.369334
v 0.052652 0.897870 0.357247
v 0.031101 0.898650 0.342108
v 0.030508 0.928916 0.344513
v 0.052058 0.928135 0.359652
v 0.006706 0.898681 0.307241
v -0.000130 0.897935 0.281806
v -0.002569 0.928203 0.281575
v 0.004268 0.928948 0.307010
v 0.003513 0.895643 0.239471
v 0.014589 0.893720 0.215641
v 0.012427 0.923814 0.212208
v 0.001350 0.925737 0.236038
v 0.044566 0.890178 0.185647
v 0.068372 0.887978 0.174573
v 0.068476 0.917804 0.168871
v 0.044670 0.920004 0.179946
v 0.110656 0.884843 0.170954
v 0.136053 0.883395 0.177817
v 0.139355 0.912984 0.171842
v 0.113957 0.914432 0.164979
v 0.170859 0.882134 0.202267
v 0.185963 0.882116 0.223856
v 0.191897 0.911610 0.219730
v 0.176792 0.911628 0.198141
v 0.197005 0.883320 0.264934
v 0.194749 0.884739 0.291147
v 0.201518 0.914324 0.290128
v 0.203774 0.912905 0.263914
v 0.016641 0.922181 0.342038
v 0.001646 0.923010 0.320413
v 0.001107 0.957953 0.322127
v 0.016101 0.957124 0.343751
v -0.011344 0.923411 0.271176
v -0.008970 0.922973 0.244959
v -0.010144 0.957936 0.244268
v -0.012517 0.958374 0.270485
v 0.012646 0.920977 0.198894
v 0.031277 0.919476 0.180352
v 0.031158 0.954341 0.177411
v 0.012528 0.955842 0.195953
v 0.077384 0.916016 0.159014
v 0.103555 0.914155 0.156823
v 0.105689 0.948852 0.152840
v 0.079518 0.950713 0.155031
v 0.152580 0.910851 0.170196
v 0.174045 0.909501 0.185381
v 0.178573 0.944036 0.182052
v 0.157108 0.945386 0.166866
v 0.203047 0.907898 0.227208
v 0.209763 0.907690 0.252664
v 0.215708 0.942147 0.251377
v 0.208992 0.942354 0.225921
v 0.205173 0.908538 0.303373
v 0.193997 0.909570 0.327189
v 0.199717 0.944068 0.328379
v 0.210893 0.943036 0.304563
v 0.157962 0.912473 0.363053
v 0.134124 0.914262 0.374085
v 0.138084 0.948902 0.377026
v 0.161922 0.947113 0.365994
v 0.083505 0.917861 0.378323
v 0.058158 0.919569 0.371409
v 0.059647 0.954385 0.374557
v 0.084993 0.952677 0.381471
v 0.194484 0.933485 0.189493
v 0.209086 0.932808 0.211375
v 0.214008 0.967233 0.209157
v 0.199405 0.967910 0.187276
v 0.223076 0.933432 0.268230
v 0.220290 0.934637 0.294370
v 0.225503 0.969075 0.293338
v 0.228289 0.967870 0.267198
v 0.194650 0.939052 0.346826
v 0.175779 0.941576 0.364993
v 0.180457 0.976107 0.365054
v 0.199328 0.973582 0.346888
v 0.122506 0.947717 0.388505
v 0.096380 0.950379 0.390198
v 0.099948 0.985037 0.390751
v 0.126073 0.982375 0.389057
v 0.040401 0.955371 0.373766
v 0.019245 0.956926 0.358193
v 0.021645 0.991688 0.358403
v 0.042801 0.990134 0.373975
v -0.013246 0.958434 0.309504
v -0.019533 0.958154 0.283952
v -0.017811 0.992947 0.283146
v -0.011523 0.993228 0.308698
v -0.013334 0.955472 0.225789
v -0.001811 0.953488 0.202214
v 0.000041 0.988226 0.200195
v -0.011482 0.990210 0.223770
v 0.040178 0.947871 0.161792
v 0.064120 0.945112 0.151225
v 0.066848 0.979732 0.148363
v 0.042906 0.982492 0.158930
v 0.122252 0.939188 0.147458
v 0.147410 0.936944 0.154843
v 0.151350 0.971442 0.151902
v 0.126192 0.973685 0.144517
v -0.010253 0.980424 0.201662
v 0.004954 0.979554 0.180207
v 0.006898 1.014302 0.180177
v -0.008309 1.015171 0.201632
v 0.058292 0.976763 0.143322
v 0.083719 0.975506 0.136677
v 0.085466 1.010263 0.136784
v 0.060038 1.011521 0.143429
v 0.148273 0.972468 0.142753
v 0.172023 0.971412 0.154026
v 0.173530 1.006181 0.154110
v 0.149780 1.007237 0.142837
v 0.217586 0.969550 0.200219
v 0.228547 0.969188 0.224136
v 0.229885 1.003964 0.224049
v 0.218924 1.004326 0.200132
v 0.233800 0.969373 0.288833
v 0.226842 0.969875 0.314203
v 0.228160 1.004650 0.313876
v 0.235119 1.004148 0.288506
v 0.189327 0.972020 0.367130
v 0.167706 0.973151 0.382082
v 0.169164 1.007918 0.381559
v 0.190785 1.006787 0.366607
v 0.104978 0.976252 0.398475
v 0.078811 0.977484 0.396012
v 0.080501 1.012239 0.395428
v 0.106668 1.011008 0.397891
v 0.020219 0.980090 0.368201
v 0.001750 0.980845 0.349476
v 0.003657 1.015591 0.348995
v 0.022126 1.014837 0.367720
v -0.025289 0.981738 0.290473
v -0.027419 0.981663 0.264248
v -0.025411 1.016406 0.263986
v -0.023282 1.016480 0.290211
v 0.149011 0.999863 0.134580
v 0.173162 0.999417 0.145025
v 0.173400 1.034273 0.145963
v 0.149248 1.034719 0.135518
v 0.223896 0.999289 0.192953
v 0.235699 0.999645 0.216473
v 0.234842 1.034503 0.216377
v 0.223039 1.034148 0.192857
v 0.243789 1.001544 0.285769
v 0.237720 1.002534 0.311359
v 0.236688 1.037352 0.309766
v 0.242757 1.036361 0.284177
v 0.199381 1.005571 0.369599
v 0.178280 1.006733 0.385284
v 0.178075 1.041485 0.382434
v 0.199176 1.040323 0.366749
v 0.111451 1.009487 0.405217
v 0.085191 1.010277 0.403658
v 0.086429 1.044970 0.400378
v 0.112689 1.044180 0.401937
v 0.021142 1.011459 0.375957
v 0.002011 1.011507 0.357884
v 0.004632 1.046175 0.355202
v 0.023763 1.046127 0.373275
v -0.029289 1.010565 0.295510
v -0.032339 1.009849 0.269380
v -0.029043 1.044537 0.268044
v -0.025992 1.045253 0.294175
v -0.016244 1.007222 0.201519
v -0.001787 1.006077 0.179558
v 0.001162 1.040822 0.179687
v -0.013295 1.041967 0.201648
v 0.054172 1.002996 0.137963
v 0.079372 1.001957 0.130446
v 0.081113 1.036768 0.131473
v 0.055913 1.037807 0.138990
v 0.061345 1.043010 0.402149
v 0.037392 1.045128 0.391434
v 0.042131 1.079551 0.387648
v 0.066083 1.077433 0.398363
v -0.015252 1.049151 0.340432
v -0.026780 1.049744 0.316772
v -0.020437 1.084044 0.314541
v -0.008909 1.083452 0.338200
v -0.034550 1.048826 0.243782
v -0.028260 1.047615 0.218248
v -0.021680 1.081944 0.218241
v -0.027971 1.083155 0.243775
v 0.012479 1.042187 0.157423
v 0.033645 1.039739 0.141962
v 0.038983 1.074233 0.143809
v 0.017817 1.076681 0.159270
v 0.103831 1.032340 0.121763
v 0.129968 1.029801 0.123609
v 0.133167 1.064520 0.126072
v 0.107030 1.067059 0.124225
v 0.196760 1.023893 0.153488
v 0.215639 1.022450 0.171777
v 0.216802 1.057349 0.173329
v 0.197924 1.058792 0.155040
v 0.247785 1.020797 0.237753
v 0.250572 1.021127 0.263928
v 0.250755 1.056076 0.263469
v 0.247968 1.055747 0.237294
v 0.233030 1.024503 0.335130
v 0.218420 1.026450 0.356942
v 0.219139 1.061296 0.354313
v 0.233748 1.059350 0.332501
v 0.159399 1.033275 0.400055
v 0.134229 1.035929 0.407299
v 0.136746 1.070567 0.403356
v 0.161916 1.067914 0.396112
v 0.166310 1.045140 0.401010
v 0.141326 1.046977 0.409127
v 0.142196 1.076904 0.405033
v 0.167180 1.075067 0.396915
v 0.065911 1.051934 0.406434
v 0.041542 1.053341 0.396555
v 0.044885 1.083106 0.392549
v 0.069254 1.081699 0.402428
v -0.014571 1.055979 0.345923
v -0.026924 1.056298 0.322668
v -0.021741 1.085976 0.320322
v -0.009389 1.085657 0.343577
v -0.037479 1.055382 0.247788
v -0.032035 1.054464 0.222040
v -0.026506 1.084171 0.222149
v -0.031950 1.085090 0.247898
v 0.007907 1.050422 0.157950
v 0.028601 1.048696 0.141756
v 0.032820 1.078537 0.143966
v 0.012126 1.080263 0.160160
v 0.100350 1.043421 0.118443
v 0.126610 1.041695 0.119381
v 0.128476 1.071708 0.122356
v 0.102216 1.073434 0.121418
v 0.196594 1.037654 0.147754
v 0.216134 1.036735 0.165385
v 0.215705 1.066881 0.167429
v 0.196166 1.067799 0.149799
v 0.251607 1.035819 0.232168
v 0.255283 1.036138 0.258242
v 0.253691 1.066314 0.258097
v 0.250016 1.065995 0.232023
v 0.239647 1.038776 0.332186
v 0.225739 1.040183 0.354503
v 0.224660 1.070272 0.351934
v 0.238568 1.068865 0.329617
v 0.090961 1.238544 0.230428
v 0.092454 1.230759 0.235316
v 0.100007 1.237330 0.232281
v 0.250063 1.044506 0.206233
v 0.250948 1.053245 0.209327
v 0.243395 1.046674 0.212362
v 0.092437 1.240105 0.227619
v 0.100007 1.237330 0.232281
v 0.099520 1.238229 0.221870
v 0.251539 1.046066 0.203424
v 0.250461 1.054144 0.198916
v 0.250948 1.053245 0.209327
v 0.090695 1.239036 0.224734
v 0.099520 1.238229 0.221870
v 0.091666 1.232213 0.218470
v 0.249797 1.044997 0.200539
v 0.242606 1.048128 0.195516
v 0.250461 1.054144 0.198916
v 0.088142 1.236814 0.225760
v 0.091666 1.232213 0.218470
v 0.087299 1.227596 0.226780
v 0.247244 1.042776 0.201564
v 0.238239 1.043511 0.203826
v 0.242606 1.048128 0.195516
v 0.088306 1.236511 0.229279
v 0.087299 1.227596 0.226780
v 0.092454 1.230759 0.235316
v 0.247408 1.042472 0.205084
v 0.243395 1.046674 0.212362
v 0.238239 1.043511 0.203826
v 0.132688 1.232567 0.213220
v 0.131743 1.229601 0.221998
v 0.132226 1.223276 0.213679
v -0.028607 1.064736 0.331469
v -0.021081 1.063758 0.326071
v -0.021563 1.070083 0.334390
v 0.131189 1.231815 0.210108
v 0.132226 1.223276 0.213679
v 0.124564 1.226002 0.207097
v -0.030106 1.063984 0.328356
v -0.028742 1.066483 0.319489
v -0.021081 1.063758 0.326071
v 0.128498 1.234057 0.209621
v 0.124564 1.226002 0.207097
v 0.119347 1.234011 0.211348
v -0.032797 1.066226 0.327869
v -0.033959 1.074493 0.323740
v -0.028742 1.066483 0.319489
v 0.128335 1.236195 0.212433
v 0.119347 1.234011 0.211348
v 0.123784 1.236236 0.220558
v -0.032960 1.068364 0.330681
v -0.029523 1.076717 0.332950
v -0.033959 1.074493 0.323740
v 0.130925 1.235274 0.214657
v 0.123784 1.236236 0.220558
v 0.131743 1.229601 0.221998
v -0.030370 1.067443 0.332906
v -0.021563 1.070083 0.334390
v -0.029523 1.076717 0.332950
v 0.178123 0.490690 0.308043
v 0.188880 0.505621 0.317283
v 0.162840 0.503100 0.314079
v 0.176016 0.518612 0.303202
v 0.162813 0.503463 0.314016
v 0.188852 0.505984 0.317220
v 0.143014 0.487278 0.290084
v 0.145022 0.501369 0.304965
v 0.127126 0.499620 0.285695
v 0.143850 0.515486 0.286748
v 0.127137 0.499987 0.285651
v 0.145033 0.501735 0.304921
v 0.127612 0.485754 0.253653
v 0.119309 0.498846 0.267205
v 0.117931 0.498688 0.240886
v 0.129739 0.514090 0.253371
v 0.117958 0.499056 0.240882
v 0.119337 0.499215 0.267202
v 0.139122 0.486830 0.215796
v 0.123772 0.499234 0.221673
v 0.139556 0.500740 0.200619
v 0.140284 0.515076 0.218687
v 0.139571 0.501107 0.200656
v 0.123788 0.499601 0.221710
v 0.172161 0.490004 0.194227
v 0.156323 0.502351 0.189672
v 0.181883 0.504817 0.183735
v 0.170553 0.517984 0.198926
v 0.181862 0.505180 0.183796
v 0.156302 0.502715 0.189733
v 0.211267 0.493790 0.199038
v 0.201730 0.506738 0.186177
v 0.225108 0.509010 0.198135
v 0.206381 0.521452 0.203335
v 0.225044 0.509369 0.198191
v 0.201667 0.507098 0.186233
v 0.238144 0.496417 0.227979
v 0.238748 0.510343 0.212823
v 0.249004 0.511358 0.237081
v 0.231005 0.523859 0.229849
v 0.248911 0.511714 0.237105
v 0.238655 0.510700 0.212847
v 0.240215 0.496655 0.267507
v 0.250055 0.511479 0.257142
v 0.242390 0.510762 0.282349
v 0.232902 0.524077 0.266064
v 0.242295 0.511118 0.282330
v 0.249960 0.511835 0.257123
v 0.216511 0.494393 0.299127
v 0.230360 0.509614 0.298396
v 0.208362 0.507501 0.312758
v 0.211185 0.522005 0.295033
v 0.208292 0.507860 0.312705
v 0.230291 0.509973 0.298343
v 0.237616 0.498795 0.199672
v 0.250095 0.500116 0.222803
v 0.248025 0.525064 0.222494
v 0.235547 0.523743 0.199363
v 0.253719 0.500268 0.247063
v 0.248547 0.499251 0.272846
v 0.246612 0.524205 0.273442
v 0.251784 0.525221 0.247659
v 0.235863 0.497319 0.293752
v 0.215460 0.494439 0.310122
v 0.213052 0.519321 0.311497
v 0.233455 0.522200 0.295128
v 0.192403 0.491327 0.317892
v 0.166316 0.487933 0.317190
v 0.163049 0.512698 0.318855
v 0.189135 0.516093 0.319558
v 0.143675 0.485098 0.308188
v 0.124110 0.482776 0.290742
v 0.119998 0.507436 0.292072
v 0.139563 0.509757 0.309518
v 0.112479 0.481544 0.269181
v 0.108591 0.481382 0.243154
v 0.104045 0.505996 0.243680
v 0.107933 0.506158 0.269706
v 0.113412 0.482329 0.219122
v 0.127020 0.484402 0.196693
v 0.122654 0.509052 0.196322
v 0.109046 0.506979 0.218751
v 0.146038 0.487086 0.181434
v 0.170774 0.490425 0.173098
v 0.167117 0.515174 0.172158
v 0.142381 0.511836 0.180494
v 0.195090 0.493589 0.173753
v 0.219380 0.496630 0.183410
v 0.216630 0.521498 0.182494
v 0.192340 0.518456 0.172837
v 0.187064 0.509392 0.164712
v 0.212277 0.512978 0.171328
v 0.208648 0.541703 0.169589
v 0.183435 0.538117 0.162974
v 0.237148 0.516964 0.188666
v 0.252155 0.519824 0.210088
v 0.248840 0.548599 0.208569
v 0.233833 0.545739 0.187146
v 0.260062 0.522085 0.239541
v 0.257841 0.522882 0.265747
v 0.254625 0.551686 0.264599
v 0.256846 0.550889 0.238393
v 0.245083 0.522360 0.293532
v 0.226673 0.520720 0.312259
v 0.223297 0.549518 0.311462
v 0.241706 0.551158 0.292735
v 0.199221 0.517660 0.325377
v 0.173236 0.514351 0.327863
v 0.169514 0.543110 0.327231
v 0.195498 0.546419 0.324745
v 0.143935 0.510184 0.320175
v 0.122534 0.506754 0.305256
v 0.118442 0.535460 0.304527
v 0.139842 0.538890 0.319446
v 0.105093 0.503430 0.280359
v 0.098290 0.501484 0.255017
v 0.093978 0.530149 0.253974
v 0.100781 0.532094 0.279316
v 0.100871 0.500559 0.224561
v 0.111849 0.501008 0.200653
v 0.107569 0.529660 0.199225
v 0.096591 0.529211 0.223134
v 0.133244 0.502913 0.178888
v 0.156866 0.505547 0.167601
v 0.152856 0.534223 0.165899
v 0.129234 0.531590 0.177187
v 0.260178 0.543846 0.275879
v 0.247749 0.541843 0.298984
v 0.244210 0.570630 0.299576
v 0.256639 0.572634 0.276471
v 0.220914 0.538385 0.322874
v 0.196579 0.535652 0.332501
v 0.193435 0.564490 0.332741
v 0.217770 0.567224 0.323115
v 0.160676 0.532062 0.333428
v 0.135821 0.529877 0.325071
v 0.133205 0.558768 0.325298
v 0.158060 0.560953 0.333655
v 0.107648 0.527834 0.302601
v 0.093905 0.527220 0.280171
v 0.091703 0.556142 0.280729
v 0.105447 0.556755 0.303158
v 0.086645 0.527681 0.244818
v 0.090442 0.528925 0.218810
v 0.088348 0.557840 0.219888
v 0.084550 0.556595 0.245895
v 0.107492 0.531674 0.187116
v 0.127054 0.534194 0.169700
v 0.124709 0.563068 0.171244
v 0.105147 0.560548 0.188660
v 0.160437 0.537944 0.156495
v 0.186610 0.540561 0.155819
v 0.183773 0.569380 0.157557
v 0.157600 0.566763 0.158233
v 0.220704 0.543558 0.167282
v 0.241242 0.545047 0.183663
v 0.237903 0.573822 0.185233
v 0.217366 0.572333 0.168852
v 0.260095 0.545889 0.214431
v 0.265387 0.545553 0.240203
v 0.261772 0.574316 0.241320
v 0.256479 0.574651 0.215548
v 0.145183 0.558219 0.153180
v 0.171036 0.560708 0.148907
v 0.168609 0.589619 0.151064
v 0.142756 0.587130 0.155338
v 0.210828 0.564606 0.156429
v 0.233359 0.566855 0.169849
v 0.229378 0.595614 0.171713
v 0.206847 0.593365 0.158293
v 0.259018 0.569493 0.201312
v 0.267685 0.570450 0.226147
v 0.262700 0.599106 0.226781
v 0.254034 0.598149 0.201946
v 0.267203 0.570594 0.266828
v 0.257951 0.569811 0.291457
v 0.252986 0.598462 0.290502
v 0.262238 0.599244 0.265873
v 0.231555 0.567394 0.322321
v 0.208713 0.565237 0.335220
v 0.204779 0.593982 0.333060
v 0.227621 0.596139 0.320161
v 0.168753 0.561390 0.341826
v 0.143009 0.558868 0.336960
v 0.140636 0.587763 0.334541
v 0.166380 0.590285 0.339408
v 0.108183 0.555391 0.316216
v 0.091583 0.553685 0.295861
v 0.090571 0.582715 0.294253
v 0.107171 0.584422 0.314608
v 0.078187 0.552205 0.257474
v 0.078498 0.552112 0.231155
v 0.078009 0.581200 0.231047
v 0.077698 0.581293 0.257366
v 0.092799 0.553322 0.193086
v 0.109876 0.554886 0.173118
v 0.108829 0.583927 0.174497
v 0.091752 0.582363 0.194465
v 0.104457 0.575408 0.169948
v 0.126065 0.577734 0.155074
v 0.124409 0.606839 0.157220
v 0.102800 0.604513 0.172094
v 0.168577 0.582867 0.144081
v 0.194563 0.586288 0.146647
v 0.190497 0.615102 0.149416
v 0.164511 0.611681 0.146850
v 0.234036 0.591947 0.165737
v 0.252240 0.594861 0.184543
v 0.245936 0.623354 0.186230
v 0.227732 0.620439 0.167424
v 0.270203 0.598397 0.224784
v 0.272108 0.599442 0.251030
v 0.264786 0.627734 0.250435
v 0.262881 0.626690 0.224190
v 0.260156 0.599202 0.293593
v 0.244870 0.597887 0.314998
v 0.238225 0.626193 0.311991
v 0.253511 0.627507 0.290585
v 0.208596 0.593983 0.339967
v 0.183272 0.590925 0.346516
v 0.178683 0.619452 0.342093
v 0.204008 0.622510 0.335544
v 0.139649 0.585182 0.342207
v 0.116135 0.581812 0.330836
v 0.114020 0.610664 0.326657
v 0.137533 0.614035 0.338029
v 0.085575 0.576919 0.299266
v 0.074875 0.574813 0.275295
v 0.074492 0.603943 0.272906
v 0.085192 0.606049 0.296877
v 0.071676 0.573059 0.231236
v 0.078796 0.573202 0.205881
v 0.078594 0.602432 0.205990
v 0.071475 0.602288 0.231344
v 0.064222 0.602042 0.230718
v 0.070878 0.603244 0.205254
v 0.072539 0.632478 0.207069
v 0.065883 0.631276 0.232533
v 0.097420 0.606551 0.166824
v 0.118833 0.608847 0.151647
v 0.118774 0.637867 0.155953
v 0.097360 0.635571 0.171130
v 0.163811 0.613207 0.139386
v 0.189962 0.615522 0.141597
v 0.186987 0.644259 0.146698
v 0.160835 0.641944 0.144487
v 0.232329 0.618895 0.161243
v 0.250982 0.620146 0.179808
v 0.245260 0.648664 0.183635
v 0.226607 0.647413 0.165070
v 0.270915 0.620953 0.222167
v 0.273342 0.620555 0.248399
v 0.266328 0.649021 0.249480
v 0.263901 0.649419 0.223248
v 0.261514 0.618418 0.293652
v 0.246579 0.616557 0.315277
v 0.240331 0.645162 0.313424
v 0.255266 0.647023 0.291799
v 0.208524 0.612477 0.342249
v 0.183215 0.610024 0.349148
v 0.179435 0.638893 0.345546
v 0.204743 0.641346 0.338647
v 0.136740 0.605910 0.345218
v 0.112900 0.604012 0.334164
v 0.112133 0.633148 0.330817
v 0.135972 0.635046 0.341872
v 0.079751 0.601788 0.301172
v 0.068534 0.601334 0.277336
v 0.069916 0.630615 0.276128
v 0.081132 0.631068 0.299964
v 0.120683 0.611800 0.339602
v 0.098944 0.609506 0.324938
v 0.097357 0.639488 0.322600
v 0.119097 0.641782 0.337263
v 0.071358 0.606492 0.286950
v 0.064089 0.605617 0.261666
v 0.063555 0.635713 0.260777
v 0.070824 0.636589 0.286062
v 0.067260 0.605691 0.214729
v 0.077863 0.606644 0.190655
v 0.077208 0.636738 0.191558
v 0.066605 0.635785 0.215632
v 0.110306 0.609771 0.156731
v 0.133820 0.612107 0.145132
v 0.131927 0.642081 0.147329
v 0.108413 0.639746 0.158929
v 0.180355 0.616824 0.140095
v 0.205777 0.619450 0.146397
v 0.202107 0.649244 0.148788
v 0.176685 0.646619 0.142485
v 0.244630 0.623550 0.172604
v 0.260065 0.625236 0.193860
v 0.254912 0.654874 0.195250
v 0.239477 0.653188 0.173994
v 0.273056 0.626801 0.239047
v 0.271282 0.626759 0.265311
v 0.265633 0.656337 0.264976
v 0.267408 0.656379 0.238713
v 0.252332 0.625056 0.308336
v 0.234179 0.623306 0.327317
v 0.229254 0.652949 0.325340
v 0.247407 0.654699 0.306358
v 0.192156 0.619132 0.348048
v 0.166117 0.616492 0.350866
v 0.162796 0.646295 0.348098
v 0.188835 0.648934 0.345279
v 0.149154 0.839444 0.194176
v 0.148449 0.830284 0.192654
v 0.148017 0.834717 0.202120
v 0.262551 0.631528 0.296742
v 0.255733 0.637218 0.299547
v 0.256165 0.632784 0.290081
v 0.150901 0.841517 0.196447
v 0.148017 0.834717 0.202120
v 0.156812 0.840206 0.203523
v 0.264298 0.633601 0.299013
v 0.264528 0.642707 0.300950
v 0.255733 0.637218 0.299547
v 0.153964 0.842446 0.194944
v 0.156812 0.840206 0.203523
v 0.162679 0.839165 0.194925
v 0.267361 0.634530 0.297510
v 0.270395 0.641666 0.292352
v 0.264528 0.642707 0.300950
v 0.154110 0.840948 0.191745
v 0.162679 0.839165 0.194925
v 0.157511 0.833032 0.188207
v 0.267507 0.633031 0.294310
v 0.265227 0.635533 0.285634
v 0.270395 0.641666 0.292352
v 0.151137 0.839092 0.191270
v 0.157511 0.833032 0.188207
v 0.148449 0.830284 0.192654
v 0.264535 0.631176 0.293836
v 0.256165 0.632784 0.290081
v 0.265227 0.635533 0.285634
v 0.179935 0.842690 0.209764
v 0.171797 0.839359 0.212833
v 0.181029 0.834702 0.214427
v 0.066078 0.613283 0.198933
v 0.072915 0.616868 0.204142
v 0.063684 0.621525 0.202548
v 0.182782 0.841353 0.208148
v 0.181029 0.834702 0.214427
v 0.185425 0.832961 0.205095
v 0.068925 0.611946 0.197317
v 0.077312 0.615127 0.194811
v 0.072915 0.616868 0.204142
v 0.182340 0.841737 0.204660
v 0.185425 0.832961 0.205095
v 0.178911 0.836541 0.197734
v 0.068483 0.612330 0.193830
v 0.070798 0.618707 0.187449
v 0.077312 0.615127 0.194811
v 0.179220 0.843311 0.204122
v 0.178911 0.836541 0.197734
v 0.170489 0.840496 0.202516
v 0.065362 0.613904 0.193291
v 0.062375 0.622662 0.192231
v 0.070798 0.618707 0.187449
v 0.177733 0.843900 0.207276
v 0.170489 0.840496 0.202516
v 0.171797 0.839359 0.212833
v 0.063876 0.614493 0.196445
v 0.063684 0.621525 0.202548
v 0.062375 0.622662 0.192231
v -0.349305 0.506133 0.197482
v -0.358236 0.519043 0.184525
v -0.334727 0.520299 0.196420
v -0.352862 0.534236 0.201545
v -0.334795 0.520836 0.196498
v -0.358304 0.519580 0.184602
v -0.314834 0.508810 0.234270
v -0.313818 0.521923 0.218735
v -0.303479 0.523296 0.242963
v -0.321153 0.536699 0.235386
v -0.303600 0.523830 0.242984
v -0.313938 0.522456 0.218756
v -0.312115 0.511073 0.284632
v -0.301830 0.524668 0.273511
v -0.309499 0.525517 0.298734
v -0.318652 0.538780 0.281713
v -0.309624 0.526047 0.298678
v -0.301955 0.525198 0.273455
v -0.342421 0.511861 0.325003
v -0.327882 0.525995 0.323221
v -0.349970 0.525921 0.337638
v -0.346530 0.539505 0.318849
v -0.350049 0.526450 0.337520
v -0.327960 0.526524 0.323104
v -0.391571 0.510806 0.336492
v -0.379783 0.525281 0.344607
v -0.405956 0.524319 0.341471
v -0.391742 0.538535 0.329417
v -0.405959 0.524850 0.341336
v -0.379786 0.525811 0.344472
v -0.436567 0.508402 0.313724
v -0.433249 0.522861 0.327661
v -0.451259 0.521462 0.308440
v -0.433133 0.536324 0.308473
v -0.451193 0.521996 0.308340
v -0.433183 0.523395 0.327561
v -0.456355 0.505774 0.267352
v -0.463262 0.519868 0.280313
v -0.464682 0.518686 0.254000
v -0.451336 0.533906 0.265817
v -0.464586 0.519224 0.253971
v -0.463166 0.520406 0.280283
v -0.441676 0.504151 0.219074
v -0.455779 0.517701 0.224717
v -0.439945 0.517289 0.203624
v -0.437833 0.532413 0.221408
v -0.439871 0.517830 0.203669
v -0.455705 0.518242 0.224761
v -0.399399 0.504292 0.191480
v -0.414301 0.517375 0.186887
v -0.388621 0.517926 0.180884
v -0.398943 0.532543 0.196025
v -0.388612 0.518467 0.180971
v -0.414292 0.517916 0.186974
v -0.429512 0.492421 0.195465
v -0.406631 0.493416 0.182473
v -0.410432 0.522169 0.177980
v -0.433313 0.521175 0.190972
v -0.372297 0.495686 0.176652
v -0.346492 0.497912 0.181390
v -0.348091 0.526811 0.176523
v -0.373896 0.524586 0.171785
v -0.316549 0.501183 0.199012
v -0.299894 0.503598 0.219262
v -0.299571 0.532707 0.215526
v -0.316226 0.530293 0.195275
v -0.288351 0.506340 0.252081
v -0.288639 0.507814 0.278369
v -0.287576 0.537099 0.276738
v -0.287288 0.535625 0.250451
v -0.300899 0.508743 0.311029
v -0.317995 0.508587 0.331054
v -0.317718 0.537932 0.331519
v -0.300622 0.538088 0.311494
v -0.348320 0.507269 0.348273
v -0.374225 0.505556 0.352665
v -0.375894 0.534816 0.354235
v -0.349989 0.536529 0.349843
v -0.408426 0.502606 0.346386
v -0.431019 0.500138 0.333090
v -0.434882 0.529209 0.334257
v -0.412289 0.531677 0.347553
v -0.453093 0.496938 0.306251
v -0.461802 0.494869 0.281489
v -0.467081 0.523735 0.280934
v -0.458373 0.525804 0.305696
v -0.461420 0.492915 0.246648
v -0.452170 0.492214 0.222006
v -0.457425 0.520954 0.219215
v -0.466675 0.521656 0.243857
v -0.463711 0.516907 0.217193
v -0.448307 0.516271 0.195862
v -0.452039 0.549775 0.192167
v -0.467444 0.550412 0.213497
v -0.413355 0.516535 0.172075
v -0.387869 0.517482 0.165576
v -0.390284 0.550996 0.160983
v -0.415770 0.550050 0.167482
v -0.345874 0.520073 0.169742
v -0.322232 0.522159 0.181115
v -0.323064 0.555771 0.176680
v -0.346706 0.553685 0.165307
v -0.292845 0.525865 0.211286
v -0.282109 0.528115 0.235209
v -0.281833 0.561867 0.231911
v -0.292569 0.559617 0.207988
v -0.279080 0.531202 0.277267
v -0.286273 0.532563 0.302547
v -0.285883 0.566431 0.300835
v -0.278690 0.565070 0.275555
v -0.311019 0.533585 0.336813
v -0.332777 0.533421 0.351621
v -0.333320 0.567327 0.351200
v -0.311562 0.567492 0.336392
v -0.373719 0.531901 0.362061
v -0.399860 0.530287 0.359468
v -0.401946 0.564137 0.359441
v -0.375805 0.565750 0.362034
v -0.437841 0.526936 0.341197
v -0.456133 0.524629 0.322416
v -0.459652 0.558352 0.321701
v -0.441359 0.560659 0.340482
v -0.473381 0.521015 0.283984
v -0.475267 0.519094 0.257804
v -0.479435 0.552680 0.255639
v -0.477550 0.554602 0.281820
v -0.451487 0.552298 0.341185
v -0.468431 0.550345 0.321151
v -0.471220 0.584057 0.320223
v -0.454276 0.586010 0.340258
v -0.485315 0.547339 0.275238
v -0.485405 0.546259 0.248948
v -0.488358 0.579942 0.247574
v -0.488268 0.581022 0.273864
v -0.468838 0.545484 0.202829
v -0.452032 0.545783 0.182585
v -0.454824 0.579458 0.180763
v -0.471630 0.579160 0.201007
v -0.409766 0.547602 0.157839
v -0.383927 0.549139 0.153114
v -0.386309 0.582832 0.151052
v -0.412147 0.581295 0.155777
v -0.335740 0.552700 0.161320
v -0.312959 0.554757 0.174325
v -0.314871 0.588485 0.172342
v -0.337653 0.586428 0.159338
v -0.281397 0.558394 0.211643
v -0.272333 0.560008 0.236292
v -0.273939 0.593771 0.234672
v -0.283003 0.592158 0.210023
v -0.272164 0.562019 0.285261
v -0.281058 0.562435 0.310021
v -0.282663 0.596218 0.308877
v -0.273769 0.595802 0.284118
v -0.312363 0.561880 0.347728
v -0.335054 0.560903 0.361013
v -0.336962 0.594681 0.360236
v -0.314272 0.595657 0.346951
v -0.383183 0.558040 0.369814
v -0.409053 0.556128 0.365409
v -0.411429 0.589878 0.364717
v -0.385559 0.591790 0.369122
v -0.475344 0.576801 0.193384
v -0.457845 0.575517 0.173776
v -0.457364 0.609320 0.171991
v -0.474863 0.610605 0.191600
v -0.409764 0.574124 0.147905
v -0.383729 0.574148 0.144089
v -0.383965 0.607972 0.142690
v -0.410000 0.607949 0.146506
v -0.330249 0.575632 0.155074
v -0.307861 0.576952 0.168837
v -0.308894 0.610755 0.167274
v -0.331282 0.609434 0.153511
v -0.274006 0.580619 0.211537
v -0.265740 0.582618 0.236438
v -0.267277 0.616366 0.234239
v -0.275543 0.614366 0.209338
v -0.267350 0.586751 0.290874
v -0.277075 0.588493 0.315263
v -0.278588 0.622180 0.312252
v -0.268864 0.620437 0.287864
v -0.313397 0.591159 0.355963
v -0.336562 0.591830 0.368427
v -0.337534 0.625476 0.364810
v -0.314369 0.624806 0.352346
v -0.390601 0.591781 0.376347
v -0.416367 0.591066 0.371055
v -0.416533 0.624713 0.367320
v -0.390767 0.625428 0.372612
v -0.462836 0.588326 0.342489
v -0.479147 0.586559 0.321917
v -0.478621 0.620247 0.318607
v -0.462310 0.622014 0.339180
v -0.496304 0.582409 0.270232
v -0.495528 0.580418 0.244005
v -0.494747 0.614168 0.241466
v -0.495523 0.616159 0.267692
v -0.351909 0.609748 0.138483
v -0.327152 0.611451 0.147259
v -0.330016 0.645246 0.148783
v -0.354774 0.643544 0.140008
v -0.281820 0.615288 0.184706
v -0.268520 0.616807 0.207370
v -0.272870 0.650476 0.207667
v -0.286171 0.648958 0.185003
v -0.257895 0.619359 0.265272
v -0.262276 0.619983 0.291219
v -0.266975 0.653569 0.289618
v -0.262594 0.652945 0.263671
v -0.291330 0.620056 0.342482
v -0.311341 0.619494 0.359572
v -0.315087 0.653077 0.356290
v -0.295076 0.653640 0.339200
v -0.366478 0.617054 0.380209
v -0.392757 0.615568 0.380445
v -0.394696 0.649232 0.376488
v -0.368417 0.650717 0.376251
v -0.448179 0.611756 0.360801
v -0.468429 0.610042 0.344073
v -0.468552 0.643831 0.340759
v -0.448301 0.645545 0.357487
v -0.498203 0.606643 0.293338
v -0.502949 0.605503 0.267473
v -0.502095 0.639403 0.265822
v -0.497349 0.640543 0.291688
v -0.493143 0.604106 0.209388
v -0.480164 0.604073 0.186488
v -0.479632 0.638019 0.186741
v -0.492611 0.638051 0.209641
v -0.435367 0.605332 0.148231
v -0.410736 0.606422 0.139012
v -0.411673 0.640326 0.140519
v -0.436303 0.639237 0.149738
v -0.317098 0.636386 0.147270
v -0.295944 0.638537 0.162800
v -0.299804 0.672355 0.163373
v -0.320958 0.670204 0.147843
v -0.261660 0.643944 0.214312
v -0.255500 0.646100 0.239820
v -0.260782 0.679693 0.238257
v -0.266942 0.677538 0.212748
v -0.262474 0.650251 0.301401
v -0.274190 0.651403 0.324953
v -0.279183 0.684824 0.320835
v -0.267467 0.683673 0.297283
v -0.319160 0.652357 0.367789
v -0.343270 0.651966 0.378364
v -0.346398 0.685348 0.372469
v -0.322287 0.685739 0.361894
v -0.405193 0.649276 0.382411
v -0.430416 0.647525 0.375061
v -0.430975 0.681019 0.368998
v -0.405752 0.682770 0.376348
v -0.480318 0.642450 0.338426
v -0.494852 0.640158 0.316590
v -0.493341 0.673862 0.312047
v -0.478807 0.676154 0.333883
v -0.509383 0.635073 0.256415
v -0.506427 0.633313 0.230310
v -0.504313 0.667228 0.228263
v -0.507269 0.668988 0.254368
v -0.478788 0.630596 0.174751
v -0.459725 0.630192 0.156593
v -0.458758 0.664219 0.156850
v -0.477820 0.664624 0.175009
v -0.402849 0.631115 0.131647
v -0.376599 0.632255 0.129931
v -0.377991 0.666244 0.131223
v -0.404240 0.665104 0.132939
v -0.475932 0.651977 0.346069
v -0.492102 0.650140 0.325372
v -0.490869 0.680067 0.321753
v -0.474699 0.681904 0.342449
v -0.511629 0.645979 0.265114
v -0.510680 0.644572 0.238840
v -0.508773 0.674643 0.237299
v -0.509722 0.676049 0.263573
v -0.486852 0.642358 0.180045
v -0.469228 0.642039 0.160488
v -0.468143 0.672186 0.160974
v -0.485767 0.672505 0.180531
v -0.413196 0.642808 0.130665
v -0.387143 0.643727 0.126975
v -0.387991 0.673847 0.128490
v -0.414043 0.672928 0.132179
v -0.325125 0.647119 0.140080
v -0.302834 0.648844 0.153985
v -0.305820 0.678848 0.155047
v -0.328111 0.677122 0.141143
v -0.263848 0.653273 0.203885
v -0.255749 0.654998 0.228877
v -0.260079 0.684849 0.228219
v -0.268178 0.683123 0.203227
v -0.258037 0.658390 0.292224
v -0.267920 0.659309 0.316611
v -0.272171 0.689042 0.313768
v -0.262288 0.688124 0.289382
v -0.310412 0.660078 0.363763
v -0.333652 0.659759 0.376133
v -0.336438 0.689466 0.371664
v -0.313198 0.689785 0.359295
v -0.396465 0.657545 0.385028
v -0.422188 0.656138 0.379593
v -0.422808 0.685921 0.374818
v -0.397085 0.687328 0.380253
v -0.396532 0.837396 0.195422
v -0.394743 0.828278 0.194792
v -0.399623 0.832763 0.202886
v -0.292392 0.665982 0.353165
v -0.300760 0.670035 0.352636
v -0.295881 0.665551 0.344541
v -0.396235 0.839878 0.197923
v -0.399623 0.832763 0.202886
v -0.393322 0.840159 0.206765
v -0.292096 0.668464 0.355667
v -0.294460 0.677432 0.356514
v -0.300760 0.670035 0.352636
v -0.393086 0.841441 0.197543
v -0.393322 0.840159 0.206765
v -0.384549 0.840246 0.201067
v -0.288947 0.670027 0.355287
v -0.285687 0.677519 0.350816
v -0.294460 0.677432 0.356514
v -0.391437 0.839926 0.194807
v -0.384549 0.840246 0.201067
v -0.385427 0.832903 0.193667
v -0.287297 0.668511 0.352550
v -0.286565 0.670176 0.343417
v -0.285687 0.677519 0.350816
v -0.393567 0.837425 0.193496
v -0.385427 0.832903 0.193667
v -0.394743 0.828278 0.194792
v -0.289427 0.666011 0.351239
v -0.295881 0.665551 0.344541
v -0.286565 0.670176 0.343417
v -0.373333 0.845761 0.224161
v -0.381720 0.843733 0.220657
v -0.377494 0.838933 0.228936
v -0.479193 0.648411 0.163778
v -0.477452 0.652585 0.171919
v -0.481678 0.657385 0.163640
v -0.370530 0.843916 0.225275
v -0.377494 0.838933 0.228936
v -0.368300 0.834902 0.225990
v -0.476389 0.646566 0.164892
v -0.468258 0.648555 0.168974
v -0.477452 0.652585 0.171919
v -0.368305 0.843556 0.222550
v -0.368300 0.834902 0.225990
v -0.366844 0.837211 0.215891
v -0.474165 0.646207 0.162167
v -0.466802 0.650864 0.158875
v -0.468258 0.648555 0.168974
v -0.369733 0.845179 0.219752
v -0.366844 0.837211 0.215891
v -0.375138 0.842669 0.212595
v -0.475593 0.647829 0.159369
v -0.475096 0.656322 0.155578
v -0.466802 0.650864 0.158875
v -0.372841 0.846541 0.220747
v -0.375138 0.842669 0.212595
v -0.381720 0.843733 0.220657
v -0.478701 0.649192 0.160364
v -0.481678 0.657385 0.163640
v -0.475096 0.656322 0.155578
v -0.154399 0.183189 0.303200
v -0.139353 0.196599 0.307666
v -0.165275 0.198318 0.312086
v -0.153692 0.210782 0.296610
v -0.165267 0.198644 0.312009
v -0.139345 0.196925 0.307589
v -0.190983 0.184668 0.296553
v -0.182773 0.199026 0.308907
v -0.205541 0.199276 0.295640
v -0.187170 0.212137 0.290527
v -0.205496 0.199601 0.295569
v -0.182728 0.199350 0.308836
v -0.214823 0.183853 0.267990
v -0.216944 0.198886 0.281978
v -0.225904 0.197551 0.257232
v -0.208985 0.211391 0.264391
v -0.225835 0.197876 0.257190
v -0.216875 0.199212 0.281936
v -0.214762 0.181124 0.230878
v -0.225875 0.196246 0.239481
v -0.216835 0.193950 0.214835
v -0.208930 0.208894 0.230430
v -0.216766 0.194277 0.214829
v -0.225806 0.196574 0.239476
v -0.190831 0.177759 0.202580
v -0.205388 0.192340 0.201300
v -0.182578 0.190157 0.188286
v -0.187031 0.205814 0.204536
v -0.182533 0.190488 0.188309
v -0.205343 0.192671 0.201323
v -0.154225 0.175332 0.196339
v -0.165070 0.188996 0.185300
v -0.139162 0.187948 0.190008
v -0.153534 0.203593 0.198824
v -0.139154 0.188282 0.190037
v -0.165061 0.189330 0.185330
v -0.122075 0.174978 0.215073
v -0.123784 0.187779 0.198969
v -0.106903 0.188356 0.219195
v -0.124114 0.203269 0.215968
v -0.106927 0.188691 0.219206
v -0.123809 0.188113 0.198979
v -0.109422 0.176864 0.250018
v -0.100851 0.189258 0.235909
v -0.100893 0.191191 0.262191
v -0.112535 0.204995 0.247945
v -0.100930 0.191523 0.262166
v -0.100887 0.189591 0.235885
v -0.122188 0.180106 0.284822
v -0.106999 0.192742 0.278837
v -0.123946 0.195125 0.298876
v -0.124217 0.207962 0.279793
v -0.123970 0.195454 0.298817
v -0.107023 0.193071 0.278778
v -0.093413 0.168873 0.262800
v -0.103600 0.170977 0.286971
v -0.101842 0.194227 0.285688
v -0.091656 0.192123 0.261517
v -0.118721 0.172717 0.303234
v -0.142105 0.174477 0.315171
v -0.140773 0.197776 0.314345
v -0.117388 0.196016 0.302409
v -0.164187 0.175537 0.317897
v -0.189828 0.176129 0.312014
v -0.189117 0.199457 0.311265
v -0.163476 0.198865 0.317148
v -0.208538 0.176011 0.299928
v -0.224437 0.175159 0.278979
v -0.224253 0.198484 0.277890
v -0.208354 0.199337 0.298839
v -0.231021 0.173920 0.257736
v -0.229740 0.172021 0.231522
v -0.229741 0.195311 0.229835
v -0.231023 0.197210 0.256049
v -0.221117 0.170240 0.211061
v -0.203254 0.168184 0.191849
v -0.203013 0.191424 0.189586
v -0.220876 0.193480 0.208798
v -0.183460 0.166694 0.181745
v -0.157374 0.165443 0.178524
v -0.156575 0.188641 0.175977
v -0.182661 0.189892 0.179198
v -0.135669 0.164941 0.183504
v -0.113566 0.165080 0.197781
v -0.112156 0.188264 0.195374
v -0.134259 0.188126 0.181097
v -0.100107 0.165802 0.215515
v -0.092329 0.167266 0.240611
v -0.090540 0.190470 0.238703
v -0.098319 0.189006 0.213607
v -0.084121 0.184739 0.231837
v -0.083402 0.186108 0.258103
v -0.081636 0.213079 0.256648
v -0.082355 0.211709 0.230382
v -0.092250 0.188055 0.284633
v -0.108576 0.190119 0.305163
v -0.106849 0.217098 0.303824
v -0.090523 0.215034 0.283294
v -0.132421 0.192304 0.319743
v -0.158153 0.194096 0.324931
v -0.156531 0.221085 0.323656
v -0.130798 0.219293 0.318469
v -0.185837 0.195499 0.320739
v -0.208935 0.196181 0.308157
v -0.207434 0.223175 0.306865
v -0.184336 0.222493 0.319446
v -0.227504 0.196143 0.287155
v -0.237160 0.195396 0.262691
v -0.235741 0.222390 0.261306
v -0.226085 0.223138 0.285770
v -0.237927 0.193936 0.234705
v -0.229622 0.192109 0.209806
v -0.228206 0.219098 0.208298
v -0.236510 0.220924 0.233197
v -0.212227 0.189911 0.187931
v -0.189847 0.187859 0.174247
v -0.188355 0.214838 0.172643
v -0.210734 0.216889 0.186328
v -0.162430 0.185950 0.168720
v -0.136448 0.184634 0.172654
v -0.134835 0.211604 0.171026
v -0.160817 0.212920 0.167092
v -0.111837 0.183907 0.186059
v -0.094409 0.183942 0.205771
v -0.092688 0.210909 0.204202
v -0.110116 0.210874 0.184490
v -0.231930 0.214145 0.200255
v -0.214865 0.212609 0.180283
v -0.212981 0.239628 0.179816
v -0.230046 0.241164 0.199787
v -0.185927 0.210770 0.163941
v -0.159996 0.209573 0.159630
v -0.158764 0.236634 0.159532
v -0.184694 0.237831 0.163842
v -0.127290 0.208567 0.165726
v -0.104626 0.208269 0.179094
v -0.104131 0.235353 0.178858
v -0.126794 0.235651 0.165490
v -0.083455 0.208567 0.204777
v -0.074663 0.209307 0.229567
v -0.074645 0.236384 0.228752
v -0.083437 0.235644 0.203962
v -0.074934 0.210769 0.262819
v -0.084128 0.212201 0.287433
v -0.084103 0.239245 0.285869
v -0.074910 0.237813 0.261255
v -0.105714 0.214144 0.312695
v -0.128591 0.215597 0.325615
v -0.128080 0.242597 0.323482
v -0.105203 0.241143 0.310562
v -0.161392 0.217111 0.331067
v -0.187248 0.217907 0.326248
v -0.185998 0.244872 0.323991
v -0.160142 0.244077 0.328811
v -0.215916 0.218283 0.309339
v -0.232653 0.218048 0.289035
v -0.230757 0.245005 0.287160
v -0.214020 0.245241 0.307463
v -0.243774 0.217112 0.257677
v -0.243560 0.215956 0.231389
v -0.241413 0.242934 0.230220
v -0.241627 0.244090 0.256508
v -0.147271 0.242560 0.335788
v -0.173493 0.244735 0.334936
v -0.171130 0.271428 0.330344
v -0.144908 0.269254 0.331196
v -0.208401 0.246660 0.320955
v -0.228048 0.247015 0.303437
v -0.224055 0.273619 0.299498
v -0.204408 0.273264 0.317016
v -0.245954 0.246045 0.270328
v -0.249834 0.244414 0.244342
v -0.245005 0.271063 0.241949
v -0.241125 0.272693 0.267935
v -0.242359 0.241002 0.207596
v -0.228656 0.238149 0.185300
v -0.224176 0.264957 0.184623
v -0.237879 0.267810 0.206919
v -0.199297 0.233891 0.162112
v -0.174423 0.231151 0.153939
v -0.171314 0.258158 0.154344
v -0.196188 0.260898 0.162517
v -0.136919 0.228040 0.155158
v -0.112512 0.226694 0.164932
v -0.111154 0.253847 0.165281
v -0.135561 0.255193 0.155506
v -0.084410 0.226186 0.189988
v -0.071892 0.226865 0.213136
v -0.071846 0.254041 0.212315
v -0.084365 0.253362 0.189167
v -0.066342 0.229197 0.250305
v -0.071569 0.231583 0.275996
v -0.071782 0.258650 0.273439
v -0.066556 0.256264 0.247748
v -0.091168 0.235663 0.307886
v -0.111694 0.238640 0.324098
v -0.110992 0.265517 0.320052
v -0.090466 0.262540 0.303840
v -0.234533 0.269107 0.299626
v -0.247015 0.269453 0.276432
v -0.241130 0.296006 0.273661
v -0.228649 0.295661 0.296855
v -0.252992 0.268576 0.235872
v -0.247726 0.267172 0.210100
v -0.241458 0.293782 0.209931
v -0.246724 0.295186 0.235703
v -0.226343 0.263942 0.175258
v -0.205793 0.261445 0.158968
v -0.200897 0.288263 0.161034
v -0.221447 0.290759 0.177325
v -0.167055 0.257373 0.146147
v -0.140837 0.254952 0.146961
v -0.138427 0.282031 0.149850
v -0.164644 0.284451 0.149037
v -0.102869 0.251943 0.162161
v -0.083251 0.250731 0.179697
v -0.083277 0.278002 0.181611
v -0.102895 0.279215 0.164075
v -0.063820 0.250193 0.215805
v -0.059980 0.250756 0.241860
v -0.061253 0.278062 0.241457
v -0.065092 0.277499 0.215402
v -0.068178 0.252942 0.281980
v -0.081914 0.255017 0.304361
v -0.082660 0.282183 0.301384
v -0.068924 0.280108 0.279003
v -0.113904 0.258903 0.329721
v -0.138788 0.261519 0.337957
v -0.137482 0.288435 0.333352
v -0.112598 0.285819 0.325117
v -0.179603 0.265287 0.336690
v -0.203992 0.267220 0.326926
v -0.200067 0.293895 0.322404
v -0.175678 0.291962 0.332167
v -0.057478 0.277278 0.214948
v -0.054015 0.277597 0.241072
v -0.057097 0.304875 0.241148
v -0.060560 0.304556 0.215024
v -0.063370 0.278922 0.283527
v -0.077486 0.280111 0.305750
v -0.079894 0.307294 0.302766
v -0.065778 0.306104 0.280542
v -0.111914 0.282477 0.332224
v -0.137004 0.283981 0.340148
v -0.136930 0.310993 0.335254
v -0.111840 0.309489 0.327330
v -0.180395 0.286280 0.338252
v -0.204719 0.287395 0.328169
v -0.201517 0.314241 0.323412
v -0.177193 0.313127 0.333495
v -0.236770 0.288552 0.298791
v -0.248947 0.288755 0.275419
v -0.243435 0.315519 0.272781
v -0.231258 0.315315 0.296153
v -0.254661 0.288229 0.232306
v -0.248993 0.287426 0.206581
v -0.243069 0.314227 0.207050
v -0.248737 0.315030 0.232775
v -0.225696 0.285463 0.169905
v -0.204835 0.284029 0.153864
v -0.200591 0.310972 0.156977
v -0.221452 0.312405 0.173018
v -0.163429 0.281547 0.140787
v -0.137136 0.280154 0.141936
v -0.135876 0.307275 0.145991
v -0.162169 0.308669 0.144842
v -0.096994 0.278315 0.158576
v -0.077573 0.277613 0.176377
v -0.079206 0.304868 0.179233
v -0.098628 0.305569 0.161432
v -0.079174 0.284944 0.308023
v -0.098964 0.287238 0.325226
v -0.098630 0.317124 0.321624
v -0.078841 0.314830 0.304421
v -0.139430 0.290799 0.340702
v -0.165690 0.292556 0.341111
v -0.163765 0.322302 0.336900
v -0.137505 0.320544 0.336491
v -0.206730 0.294450 0.326904
v -0.227173 0.294849 0.310328
v -0.223633 0.324520 0.306676
v -0.203191 0.324122 0.323252
v -0.249584 0.294191 0.273085
v -0.254644 0.293044 0.247279
v -0.250223 0.322741 0.245092
v -0.245163 0.323888 0.270898
v -0.247939 0.290141 0.204427
v -0.235249 0.287986 0.181467
v -0.231092 0.317797 0.180966
v -0.243782 0.319953 0.203926
v -0.202566 0.284197 0.153056
v -0.178064 0.282041 0.143685
v -0.175192 0.312002 0.144301
v -0.199695 0.314157 0.153672
v -0.134695 0.279139 0.143009
v -0.109845 0.277992 0.151612
v -0.108679 0.308066 0.152255
v -0.133529 0.309213 0.143652
v -0.076083 0.277334 0.178988
v -0.062513 0.277732 0.201539
v -0.062676 0.307833 0.201105
v -0.076246 0.307434 0.178554
v -0.054156 0.279627 0.244157
v -0.058216 0.281384 0.270104
v -0.058707 0.311410 0.267994
v -0.054647 0.309653 0.242046
v -0.165271 0.446170 0.209584
v -0.161638 0.439184 0.214557
v -0.156658 0.444046 0.206746
v -0.078313 0.285210 0.164827
v -0.075671 0.294138 0.165063
v -0.080651 0.289276 0.172873
v -0.165465 0.447018 0.206156
v -0.156658 0.444046 0.206746
v -0.162567 0.443244 0.198150
v -0.078507 0.286059 0.161399
v -0.081580 0.293336 0.156466
v -0.075671 0.294138 0.165063
v -0.168502 0.445731 0.204882
v -0.162567 0.443244 0.198150
v -0.171198 0.437887 0.200648
v -0.081545 0.284772 0.160126
v -0.090211 0.287978 0.158964
v -0.081580 0.293336 0.156466
v -0.170186 0.444088 0.207522
v -0.171198 0.437887 0.200648
v -0.170624 0.435377 0.210788
v -0.083228 0.283128 0.162766
v -0.089637 0.285469 0.169104
v -0.090211 0.287978 0.158964
v -0.168188 0.444359 0.210428
v -0.170624 0.435377 0.210788
v -0.161638 0.439184 0.214557
v -0.081231 0.283399 0.165671
v -0.080651 0.289276 0.172873
v -0.089637 0.285469 0.169104
v -0.139829 0.437847 0.179239
v -0.136271 0.433024 0.186367
v -0.142298 0.428874 0.178890
v -0.221711 0.301112 0.321127
v -0.219218 0.300425 0.312180
v -0.213191 0.304574 0.319657
v -0.142977 0.438079 0.177645
v -0.142298 0.428874 0.178890
v -0.151341 0.434132 0.178738
v -0.224859 0.301343 0.319533
v -0.228261 0.305682 0.312028
v -0.219218 0.300425 0.312180
v -0.144775 0.440723 0.179156
v -0.151341 0.434132 0.178738
v -0.150904 0.441531 0.186121
v -0.226657 0.303987 0.321043
v -0.227823 0.313081 0.319411
v -0.228261 0.305682 0.312028
v -0.142738 0.442125 0.181683
v -0.150904 0.441531 0.186121
v -0.141590 0.440846 0.190836
v -0.224620 0.305390 0.323571
v -0.218510 0.312397 0.324126
v -0.227823 0.313081 0.319411
v -0.139681 0.440348 0.181734
v -0.141590 0.440846 0.190836
v -0.136271 0.433024 0.186367
v -0.221563 0.303613 0.323622
v -0.213191 0.304574 0.319657
v -0.218510 0.312397 0.324126
v -0.279253 1.136182 0.265647
v -0.283957 1.131051 0.268460
v -0.275472 1.130558 0.268879
v -0.293198 0.880538 0.247144
v -0.288845 0.885389 0.251133
v -0.297330 0.885882 0.250715
v -0.269905 1.135930 0.259542
v -0.268678 1.130374 0.264441
v -0.265638 1.130555 0.256495
v -0.290934 0.880477 0.245665
v -0.285806 0.885570 0.243187
v -0.288845 0.885389 0.251133
v -0.272798 1.136568 0.248774
v -0.267741 1.131019 0.248668
v -0.274347 1.131624 0.243339
v -0.291635 0.880632 0.243058
v -0.292412 0.886176 0.237858
v -0.285806 0.885570 0.243187
v -0.283934 1.137215 0.248225
v -0.282441 1.132095 0.242940
v -0.289564 1.132287 0.247592
v -0.294331 0.880788 0.242925
v -0.299535 0.886368 0.242510
v -0.292412 0.886176 0.237858
v -0.287923 1.136977 0.258653
v -0.292463 1.132114 0.255172
v -0.290259 1.131628 0.263377
v -0.295297 0.880731 0.245450
v -0.297330 0.885882 0.250715
v -0.299535 0.886368 0.242510
v -0.276144 1.133825 0.244429
v -0.271566 1.128662 0.241446
v -0.280036 1.127845 0.242063
v -0.252742 0.913966 0.274697
v -0.257740 0.918375 0.270900
v -0.249271 0.919191 0.270284
v -0.284695 1.133685 0.251581
v -0.286221 1.127744 0.247236
v -0.288339 1.128387 0.255475
v -0.254802 0.913932 0.276419
v -0.259858 0.919018 0.279139
v -0.257740 0.918375 0.270900
v -0.280622 1.135185 0.261851
v -0.285393 1.129472 0.262903
v -0.278233 1.130686 0.267379
v -0.253821 0.914293 0.278892
v -0.252698 0.920232 0.283615
v -0.259858 0.919018 0.279139
v -0.269554 1.136252 0.261046
v -0.270227 1.131458 0.266796
v -0.263683 1.131565 0.261323
v -0.251155 0.914550 0.278698
v -0.246154 0.920339 0.278142
v -0.252698 0.920232 0.283615
v -0.266786 1.135412 0.250278
v -0.261681 1.130957 0.253535
v -0.264798 1.129810 0.245677
v -0.250489 0.914348 0.276105
v -0.249271 0.919191 0.270284
v -0.246154 0.920339 0.278142
v -0.282117 1.131556 0.253483
v -0.285834 1.125135 0.252305
v -0.281312 1.126883 0.259310
v -0.220973 0.897842 0.272339
v -0.222826 0.903325 0.277346
v -0.227347 0.901577 0.270342
v -0.271970 1.134310 0.257226
v -0.273952 1.128881 0.262025
v -0.265942 1.130535 0.259643
v -0.218522 0.898508 0.273243
v -0.214817 0.904979 0.274964
v -0.222826 0.903325 0.277346
v -0.265137 1.135062 0.248434
v -0.260985 1.131080 0.253265
v -0.260557 1.130354 0.244789
v -0.216871 0.898689 0.271119
v -0.214388 0.904253 0.266488
v -0.214817 0.904979 0.274964
v -0.271061 1.132771 0.239257
v -0.264854 1.128693 0.238131
v -0.272598 1.126590 0.235274
v -0.218302 0.898136 0.268902
v -0.222132 0.902150 0.263631
v -0.214388 0.904253 0.266488
v -0.281555 1.130605 0.242377
v -0.280211 1.125019 0.237538
v -0.285426 1.124445 0.244249
v -0.220838 0.897613 0.269656
v -0.227347 0.901577 0.270342
v -0.222132 0.902150 0.263631
v -0.250850 1.133894 0.268315
v -0.250077 1.127859 0.272712
v -0.245270 1.129497 0.265887
v -0.231801 0.877976 0.220289
v -0.226988 0.883886 0.219795
v -0.231795 0.882248 0.226620
v -0.251124 1.135756 0.257305
v -0.245470 1.130851 0.257880
v -0.250615 1.131506 0.251137
v -0.231867 0.878427 0.217621
v -0.232133 0.884541 0.213052
v -0.226988 0.883886 0.219795
v -0.261781 1.135286 0.253989
v -0.258364 1.131164 0.248726
v -0.266351 1.129930 0.251383
v -0.234449 0.878313 0.216818
v -0.240120 0.883307 0.215709
v -0.232133 0.884541 0.213052
v -0.268092 1.133134 0.262950
v -0.270941 1.128366 0.257900
v -0.270732 1.126948 0.266286
v -0.235978 0.877792 0.218989
v -0.239911 0.881890 0.224095
v -0.240120 0.883307 0.215709
v -0.261337 1.132274 0.271805
v -0.265819 1.126323 0.272725
v -0.257703 1.126681 0.275250
v -0.234341 0.877583 0.221134
v -0.231795 0.882248 0.226620
v -0.239911 0.881890 0.224095
v -0.282975 1.134307 0.252471
v -0.281626 1.130572 0.246078
v -0.287926 1.128713 0.251556
v -0.264273 0.943609 0.209264
v -0.270231 0.948280 0.210675
v -0.263930 0.950139 0.205196
v -0.285207 1.131456 0.262995
v -0.289532 1.126662 0.259129
v -0.286008 1.124976 0.266738
v -0.264808 0.942927 0.211784
v -0.266706 0.946594 0.218284
v -0.270231 0.948280 0.210675
v -0.275554 1.130759 0.268490
v -0.279062 1.124474 0.270692
v -0.270582 1.125291 0.269917
v -0.262496 0.942760 0.213100
v -0.258227 0.947412 0.217508
v -0.266706 0.946594 0.218284
v -0.267357 1.133177 0.261362
v -0.264683 1.127032 0.264788
v -0.262968 1.129223 0.256699
v -0.260533 0.943339 0.211393
v -0.256512 0.949602 0.209420
v -0.258227 0.947412 0.217508
v -0.271943 1.135370 0.251462
v -0.266268 1.130801 0.249575
v -0.273687 1.131337 0.245352
v -0.261631 0.943864 0.209022
v -0.263930 0.950139 0.205196
v -0.256512 0.949602 0.209420
v -0.256228 1.011980 0.281858
v -0.281185 1.012246 0.278133
v -0.280244 1.067279 0.275746
v -0.255286 1.067014 0.279471
v -0.284431 1.012304 0.275927
v -0.297076 1.012721 0.254093
v -0.293839 1.067712 0.253266
v -0.281193 1.067296 0.275100
v -0.297375 1.012779 0.250179
v -0.288186 1.013032 0.226678
v -0.284738 1.067983 0.228620
v -0.293926 1.067729 0.252122
v -0.285313 1.013046 0.224004
v -0.261209 1.012946 0.216533
v -0.259794 1.067887 0.220366
v -0.283897 1.067987 0.227838
v -0.257328 1.012905 0.217112
v -0.236460 1.012527 0.231296
v -0.237790 1.067497 0.234720
v -0.258658 1.067875 0.220536
v -0.234493 1.012462 0.234692
v -0.232574 1.012090 0.259852
v -0.235296 1.067106 0.260873
v -0.237215 1.067478 0.235713
v -0.234003 1.012050 0.263507
v -0.252479 1.011965 0.280696
v -0.254190 1.067009 0.279131
v -0.235714 1.067095 0.261942
v -0.263879 1.237884 0.193575
v -0.258655 1.230212 0.192814
v -0.269117 1.230221 0.192812
v -0.263988 1.124736 0.251914
v -0.269215 1.128567 0.245225
v -0.258753 1.128557 0.245226
v -0.266739 1.238839 0.195422
v -0.269117 1.230221 0.192812
v -0.272347 1.234784 0.201655
v -0.266848 1.125691 0.253761
v -0.272445 1.133129 0.254068
v -0.269215 1.128567 0.245225
v -0.265646 1.240379 0.198412
v -0.272347 1.234784 0.201655
v -0.263881 1.237594 0.207122
v -0.265755 1.127231 0.256750
v -0.263979 1.135939 0.259534
v -0.272445 1.133129 0.254068
v -0.262109 1.240376 0.198412
v -0.263881 1.237594 0.207122
v -0.255419 1.234769 0.201657
v -0.262219 1.127228 0.256751
v -0.255517 1.133114 0.254070
v -0.263979 1.135939 0.259534
v -0.261018 1.238834 0.195423
v -0.255419 1.234769 0.201657
v -0.258655 1.230212 0.192814
v -0.261127 1.125686 0.253762
v -0.258753 1.128557 0.245226
v -0.255517 1.133114 0.254070
vn 0.1239 -0.9649 -0.2317
vn 0.1019 0.9628 -0.2504
vn 0.1243 -0.9602 0.2502
vn 0.1023 0.9674 0.2315
vn -0.1023 -0.9674 -0.2315
vn -0.1243 0.9602 -0.2502
vn -0.1019 -0.9628 0.2504
vn -0.1239 0.9649 0.2317
vn 0.1279 -0.9917 0.0095
vn 0.4241 -0.0039 -0.9056
vn 0.1052 0.9944 -0.0097
vn 0.4256 0.0136 0.9048
vn 0.0113 -0.9677 0.2519
vn -0.0109 0.9724 0.2331
vn -0.4241 0.0039 0.9056
vn -0.1052 -0.9944 0.0097
vn -0.1279 0.9917 -0.0095
vn -0.4256 -0.0136 -0.9048
vn 0.0109 -0.9724 -0.2331
vn -0.0113 0.9677 -0.2519
vn 0.0114 -0.9999 0.0097
vn 0.9999 0.0114 -0.0010
vn -0.0008 -0.0097 -1.0000
vn -0.0114 0.9999 -0.0097
vn 0.0008 0.0097 1.0000
vn -0.9999 -0.0114 0.0010
vn 0.4234 -0.0010 -0.9059
vn 0.4141 0.0758 -0.9071
vn 0.4291 0.0269 0.9028
vn 0.4198 0.1037 0.9017
vn -0.4198 -0.1037 -0.9017
vn -0.4291 -0.0269 -0.9028
vn -0.4141 -0.0758 0.9071
vn -0.4234 0.0010 0.9059
vn 0.9995 0.0303 -0.0036
vn 0.4191 0.0374 -0.9072
vn 0.9776 0.2104 -0.0063
vn 0.4248 0.0653 0.9029
vn 0.0083 -0.0270 0.9996
vn -0.0020 0.0578 0.9983
vn -0.4191 -0.0374 0.9072
vn -0.9776 -0.2104 0.0063
vn -0.9995 -0.0303 0.0036
vn -0.4248 -0.0653 -0.9029
vn 0.0020 -0.0578 -0.9983
vn -0.0083 0.0270 -0.9996
vn 0.1209 -0.9926 0.0149
vn 0.9927 0.1208 -0.0050
vn -0.0032 -0.0154 -0.9999
vn -0.1209 0.9926 -0.0149
vn 0.0032 0.0154 0.9999
vn -0.9927 -0.1208 0.0050
vn 0.4396 -0.0021 -0.8982
vn 0.4301 0.0747 -0.8997
vn 0.4128 0.0300 0.9103
vn 0.4033 0.1068 0.9088
vn -0.4032 -0.1068 -0.9088
vn -0.4128 -0.0300 -0.9103
vn -0.4301 -0.0747 0.8997
vn -0.4397 0.0021 0.8982
vn 0.9994 0.0328 0.0143
vn 0.4352 0.0364 -0.8996
vn 0.9770 0.2128 0.0107
vn 0.4083 0.0685 0.9103
vn -0.0096 -0.0247 0.9996
vn -0.0201 0.0601 0.9980
vn -0.4352 -0.0364 0.8996
vn -0.9770 -0.2128 -0.0107
vn -0.9994 -0.0328 -0.0143
vn -0.4083 -0.0685 -0.9103
vn 0.0201 -0.0601 -0.9980
vn 0.0096 0.0247 -0.9996
vn 0.1230 -0.9922 0.0194
vn 0.9923 0.1233 0.0126
vn 0.0149 -0.0177 -0.9997
vn -0.1230 0.9922 -0.0194
vn -0.0149 0.0177 0.9997
vn -0.9923 -0.1233 -0.0126
vn 0.4407 0.0131 -0.8975
vn 0.4314 0.0899 -0.8977
vn 0.4118 0.0120 0.9112
vn 0.4025 0.0888 0.9111
vn -0.4025 -0.0888 -0.9111
vn -0.4118 -0.0120 -0.9112
vn -0.4314 -0.0899 0.8977
vn -0.4407 -0.0131 0.8976
vn 0.9994 0.0295 0.0160
vn 0.4364 0.0516 -0.8983
vn 0.9777 0.2096 0.0158
vn 0.4074 0.0505 0.9118
vn -0.0109 -0.0430 0.9990
vn -0.0211 0.0418 0.9989
vn -0.4364 -0.0516 0.8983
vn -0.9777 -0.2096 -0.0158
vn -0.9994 -0.0295 -0.0160
vn -0.4074 -0.0505 -0.9118
vn 0.0211 -0.0418 -0.9989
vn 0.0109 0.0430 -0.9990
vn 0.1200 -0.9928 0.0013
vn 0.9926 0.1200 0.0160
vn 0.0160 0.0006 -0.9999
vn -0.1200 0.9928 -0.0013
vn -0.0160 -0.0006 0.9999
vn -0.9926 -0.1200 -0.0160
vn 0.4213 -0.0077 -0.9069
vn 0.4113 0.0690 -0.9089
vn 0.4311 0.0396 0.9015
vn 0.4212 0.1163 0.8995
vn -0.4212 -0.1163 -0.8995
vn -0.4311 -0.0396 -0.9015
vn -0.4114 -0.0690 0.9089
vn -0.4213 0.0077 0.9069
vn 0.9993 0.0374 -0.0064
vn 0.4166 0.0307 -0.9086
vn 0.9760 0.2173 -0.0110
vn 0.4264 0.0780 0.9011
vn 0.0109 -0.0163 0.9998
vn -0.0001 0.0685 0.9977
vn -0.4167 -0.0307 0.9085
vn -0.9760 -0.2173 0.0110
vn -0.9993 -0.0374 0.0064
vn -0.4264 -0.0780 -0.9012
vn 0.0001 -0.0685 -0.9977
vn -0.0109 0.0163 -0.9998
vn 0.1281 -0.9914 0.0252
vn 0.9917 0.1279 -0.0087
vn -0.0054 -0.0261 -0.9996
vn -0.1281 0.9914 -0.0252
vn 0.0054 0.0261 0.9996
vn -0.9917 -0.1279 0.0087
vn 0.0706 0.7009 -0.7097
vn -0.0684 0.7009 -0.7100
vn 0.0683 0.7099 0.7010
vn -0.0707 0.7099 0.7008
vn 0.0708 -0.7099 -0.7008
vn -0.0683 -0.7099 -0.7010
vn 0.0684 -0.7010 0.7099
vn -0.0706 -0.7009 0.7097
vn 0.0980 0.9952 -0.0061
vn 0.0011 0.7026 -0.7116
vn -0.0981 0.9952 -0.0065
vn -0.0012 0.7116 0.7026
vn 0.0964 0.0063 0.9953
vn -0.0997 0.0063 0.9950
vn -0.0011 -0.7026 0.7116
vn 0.0981 -0.9952 0.0065
vn -0.0980 -0.9952 0.0061
vn 0.0012 -0.7116 -0.7026
vn 0.0997 -0.0063 -0.9950
vn -0.0964 -0.0063 -0.9953
vn 1.0000 0.0001 0.0017
vn -0.0001 1.0000 -0.0063
vn 0.0017 -0.0063 -1.0000
vn -1.0000 -0.0001 -0.0017
vn -0.0017 0.0063 1.0000
vn 0.0001 -1.0000 0.0063
vn 0.0559 0.7088 -0.7032
vn -0.0831 0.7087 -0.7006
vn 0.0823 0.7021 0.7073
vn -0.0567 0.7020 0.7099
vn 0.0567 -0.7020 -0.7100
vn -0.0823 -0.7021 -0.7074
vn 0.0831 -0.7087 0.7006
vn -0.0559 -0.7088 0.7032
vn 0.0975 0.9952 0.0030
vn -0.0136 0.7105 -0.7036
vn -0.0986 0.9951 0.0066
vn 0.0129 0.7037 0.7104
vn 0.1166 -0.0047 0.9932
vn -0.0794 -0.0048 0.9968
vn 0.0136 -0.7105 0.7036
vn 0.0986 -0.9951 -0.0066
vn -0.0975 -0.9952 -0.0030
vn -0.0129 -0.7037 -0.7104
vn 0.0794 0.0048 -0.9968
vn -0.1166 0.0047 -0.9932
vn 0.9998 0.0006 -0.0187
vn -0.0005 1.0000 0.0048
vn -0.0187 0.0048 -0.9998
vn -0.9998 -0.0006 0.0187
vn 0.0187 -0.0048 0.9998
vn 0.0005 -1.0000 -0.0048
vn 0.0644 0.6921 -0.7189
vn -0.0746 0.6903 -0.7197
vn 0.0562 0.7201 0.6916
vn -0.0828 0.7183 0.6908
vn 0.0828 -0.7183 -0.6908
vn -0.0562 -0.7201 -0.6916
vn 0.0746 -0.6903 0.7197
vn -0.0644 -0.6921 0.7189
vn 0.0850 0.9962 -0.0193
vn -0.0051 0.6929 -0.7211
vn -0.1110 0.9936 -0.0204
vn -0.0133 0.7209 0.6929
vn 0.0923 0.0210 0.9955
vn -0.1038 0.0185 0.9944
vn 0.0052 -0.6929 0.7211
vn 0.1110 -0.9936 0.0204
vn -0.0850 -0.9962 0.0193
vn 0.0133 -0.7209 -0.6929
vn 0.1038 -0.0185 -0.9944
vn -0.0923 -0.0210 -0.9955
vn 0.9999 0.0132 0.0055
vn -0.0131 0.9997 -0.0199
vn 0.0058 -0.0199 -0.9998
vn -0.9999 -0.0132 -0.0055
vn -0.0058 0.0199 0.9998
vn 0.0131 -0.9997 0.0199
vn 0.0345 -0.6357 -0.7712
vn 0.0536 0.6295 -0.7751
vn 0.0308 -0.6307 0.7754
vn 0.0498 0.6344 0.7714
vn -0.0498 -0.6344 -0.7714
vn -0.0308 0.6307 -0.7754
vn -0.0536 -0.6295 0.7751
vn -0.0345 0.6357 0.7712
vn 0.0515 -0.9987 0.0033
vn 0.0569 -0.0040 -0.9984
vn 0.0816 0.9967 -0.0029
vn 0.0521 0.0023 0.9986
vn -0.0114 -0.6307 0.7759
vn 0.0077 0.6356 0.7720
vn -0.0569 0.0040 0.9984
vn -0.0816 -0.9967 0.0029
vn -0.0515 0.9987 -0.0033
vn -0.0521 -0.0023 -0.9986
vn -0.0077 -0.6356 -0.7720
vn 0.0114 0.6307 -0.7760
vn -0.0151 -0.9999 0.0031
vn 0.9999 -0.0151 0.0024
vn 0.0024 -0.0031 -1.0000
vn 0.0151 0.9999 -0.0031
vn -0.0024 0.0031 1.0000
vn -0.9999 0.0151 -0.0024
vn 0.0593 -0.6577 -0.7509
vn 0.0420 0.6788 -0.7332
vn 0.0390 -0.6778 0.7342
vn 0.0217 0.6588 0.7520
vn -0.0217 -0.6588 -0.7520
vn -0.0390 0.6778 -0.7342
vn -0.0420 -0.6788 0.7331
vn -0.0593 0.6578 0.7509
vn 0.0734 -0.9972 -0.0124
vn 0.0681 0.0141 -0.9976
vn 0.0476 0.9988 0.0141
vn 0.0408 -0.0127 0.9991
vn -0.0015 -0.6788 0.7343
vn -0.0188 0.6589 0.7520
vn -0.0681 -0.0141 0.9976
vn -0.0475 -0.9988 -0.0141
vn -0.0734 0.9972 0.0124
vn -0.0408 0.0127 -0.9991
vn 0.0188 -0.6588 -0.7521
vn 0.0015 0.6789 -0.7342
vn 0.0130 -0.9998 -0.0133
vn 0.9998 0.0128 0.0138
vn 0.0136 0.0135 -0.9998
vn -0.0130 0.9998 0.0133
vn -0.0136 -0.0135 0.9998
vn -0.9998 -0.0128 -0.0138
vn 0.0459 -0.6640 -0.7463
vn 0.0574 0.6727 -0.7377
vn 0.0236 -0.6734 0.7389
vn 0.0351 0.6634 0.7475
vn -0.0351 -0.6634 -0.7475
vn -0.0236 0.6734 -0.7389
vn -0.0574 -0.6727 0.7377
vn -0.0459 0.6640 0.7463
vn 0.0519 -0.9986 -0.0055
vn 0.0695 0.0058 -0.9976
vn 0.0691 0.9976 0.0073
vn 0.0395 -0.0067 0.9992
vn -0.0169 -0.6736 0.7389
vn -0.0054 0.6643 0.7475
vn -0.0695 -0.0058 0.9976
vn -0.0691 -0.9976 -0.0073
vn -0.0519 0.9986 0.0055
vn -0.0394 0.0067 -0.9992
vn 0.0054 -0.6642 -0.7475
vn 0.0169 0.6736 -0.7389
vn -0.0086 -0.9999 -0.0064
vn 0.9998 -0.0087 0.0150
vn 0.0150 0.0063 -0.9999
vn 0.0086 0.9999 0.0064
vn -0.0150 -0.0063 0.9999
vn -0.9998 0.0087 -0.0150
vn -0.0873 -0.9312 -0.3538
vn -0.0072 -0.6787 0.7344
vn -0.7192 -0.5781 -0.3855
vn -0.6292 -0.3310 0.7032
vn -0.8388 0.1216 -0.5306
vn -0.7470 0.3578 0.5604
vn -0.3562 0.6410 -0.6799
vn -0.2719 0.8690 0.4134
vn 0.3653 0.5889 -0.7210
vn 0.4384 0.8177 0.3730
vn 0.7823 0.0046 -0.6229
vn 0.8489 0.2426 0.4696
vn 0.5809 -0.6719 -0.4595
vn 0.6506 -0.4234 0.6304
vn -0.3947 -0.7534 -0.5259
vn -0.2893 -0.4414 0.8494
vn -0.0567 -0.9704 0.2348
vn -0.8133 -0.5475 0.1969
vn -0.7506 -0.2548 -0.6096
vn -0.6398 0.0497 0.7670
vn -0.9566 0.2904 0.0231
vn -0.5787 0.3225 -0.7490
vn -0.4705 0.6182 0.6297
vn -0.3787 0.9124 -0.1556
vn -0.0085 0.5438 -0.8392
vn -0.0000 1.0000 -0.0000
vn 0.4854 0.8500 -0.2048
vn 0.5307 0.2424 -0.8122
vn 0.6221 0.5393 0.5675
vn 0.9848 0.1503 -0.0873
vn 0.6328 -0.3547 -0.6883
vn 0.7227 -0.0487 0.6894
vn 0.7436 -0.6598 0.1083
vn 0.2208 -0.7978 -0.5610
vn 0.3171 -0.4852 0.8149
vn -0.0709 -0.2142 -0.9742
vn -0.4831 -0.8431 0.2362
vn 0.3809 -0.9055 0.1870
vn 0.0709 0.2142 0.9742
vn -0.9825 -0.1434 0.1187
vn -0.7413 0.6667 -0.0770
vn 0.0590 0.9773 -0.2035
vn 0.8156 0.5544 -0.1656
vn 0.9589 -0.2835 0.0082
vn 0.0857 -0.9064 -0.4137
vn 0.0234 -0.7238 0.6896
vn -0.5859 -0.6447 -0.4910
vn -0.6371 -0.4665 0.6136
vn -0.7936 0.0399 -0.6072
vn -0.8414 0.2069 0.4993
vn -0.3810 0.6320 -0.6748
vn -0.4356 0.7893 0.4328
vn 0.3411 0.6857 -0.6429
vn 0.2747 0.8421 0.4641
vn 0.8291 0.1606 -0.5356
vn 0.7546 0.3256 0.5697
vn 0.7154 -0.5480 -0.4336
vn 0.6428 -0.3713 0.6701
vn -0.2270 -0.7618 -0.6067
vn -0.3002 -0.5379 0.7877
vn 0.0655 -0.9829 0.1720
vn -0.7383 -0.6697 0.0795
vn -0.6434 -0.3137 -0.6984
vn -0.7099 -0.0970 0.6976
vn -0.9869 0.1498 -0.0596
vn -0.5463 0.2910 -0.7854
vn -0.6145 0.4980 0.6119
vn -0.4931 0.8586 -0.1405
vn -0.0090 0.5968 -0.8023
vn -0.0857 0.7990 0.5952
vn 0.3713 0.9228 -0.1024
vn 0.5641 0.3735 -0.7364
vn 0.4782 0.5793 0.6601
vn 0.9554 0.2942 0.0261
vn 0.7413 -0.2107 -0.6373
vn 0.6526 0.0044 0.7577
vn 0.8193 -0.5539 0.1482
vn 0.3892 -0.7160 -0.5796
vn 0.3062 -0.4928 0.8145
vn 0.0548 -0.1509 -0.9870
vn -0.3732 -0.9177 0.1359
vn 0.4912 -0.8535 0.1740
vn -0.0548 0.1509 0.9870
vn -0.9573 -0.2892 0.0074
vn -0.8212 0.5590 -0.1147
vn -0.0674 0.9881 -0.1385
vn 0.7364 0.6749 -0.0460
vn 0.9851 -0.1447 0.0931
vn -0.0667 -0.9304 -0.3604
vn 0.0071 -0.6838 0.7296
vn -0.7064 -0.5907 -0.3900
vn -0.6220 -0.3498 0.7006
vn -0.8413 0.1078 -0.5298
vn -0.7545 0.3370 0.5631
vn -0.3697 0.6390 -0.6746
vn -0.2909 0.8593 0.4207
vn 0.3532 0.6029 -0.7153
vn 0.4199 0.8239 0.3807
vn 0.7831 0.0268 -0.6214
vn 0.8426 0.2574 0.4731
vn 0.5962 -0.6556 -0.4634
vn 0.6589 -0.4136 0.6284
vn -0.3779 -0.7579 -0.5317
vn -0.2801 -0.4538 0.8459
vn -0.0356 -0.9729 0.2284
vn -0.8012 -0.5663 0.1930
vn -0.7447 -0.2663 -0.6119
vn -0.6409 0.0298 0.7670
vn -0.9626 0.2696 0.0257
vn -0.5853 0.3160 -0.7467
vn -0.4840 0.6026 0.6344
vn -0.3983 0.9053 -0.1476
vn -0.0196 0.5505 -0.8346
vn 0.0724 0.8333 0.5480
vn 0.4669 0.8622 -0.1964
vn 0.5263 0.2606 -0.8094
vn 0.6095 0.5481 0.5728
vn 0.9814 0.1727 -0.0839
vn 0.6414 -0.3354 -0.6901
vn 0.7226 -0.0382 0.6902
vn 0.7577 -0.6440 0.1051
vn 0.2389 -0.7887 -0.5665
vn 0.3268 -0.4841 0.8117
vn -0.0654 -0.2080 -0.9759
vn -0.4647 -0.8550 0.2301
vn 0.4006 -0.8981 0.1814
vn 0.0654 0.2080 0.9759
vn -0.9792 -0.1655 0.1177
vn -0.7555 0.6512 -0.0714
vn 0.0379 0.9801 -0.1946
vn 0.8036 0.5735 -0.1593
vn 0.9649 -0.2624 0.0081
vn 0.0160 -0.9224 -0.3859
vn 0.0034 -0.7020 0.7122
vn -0.6406 -0.6224 -0.4498
vn -0.6426 -0.4068 0.6493
vn -0.8102 0.0697 -0.5820
vn -0.8095 0.2741 0.5192
vn -0.3651 0.6327 -0.6829
vn -0.3716 0.8280 0.4199
vn 0.3596 0.6426 -0.6766
vn 0.3413 0.8378 0.4262
vn 0.8181 0.0920 -0.5677
vn 0.7924 0.2961 0.5333
vn 0.6652 -0.6045 -0.4384
vn 0.6420 -0.3892 0.6605
vn -0.2937 -0.7649 -0.5732
vn -0.3048 -0.4934 0.8146
vn 0.0117 -0.9793 0.2023
vn -0.7744 -0.6201 0.1258
vn -0.6850 -0.2951 -0.6661
vn -0.6899 -0.0309 0.7232
vn -0.9775 0.2085 -0.0325
vn -0.5546 0.2992 -0.7765
vn -0.5615 0.5541 0.6146
vn -0.4446 0.8825 -0.1533
vn -0.0006 0.5706 -0.8213
vn -0.0163 0.8211 0.5705
vn 0.4229 0.8944 -0.1457
vn 0.5597 0.3145 -0.7667
vn 0.5352 0.5691 0.6242
vn 0.9718 0.2352 -0.0154
vn 0.7044 -0.2761 -0.6539
vn 0.6777 -0.0122 0.7352
vn 0.7888 -0.5986 0.1395
vn 0.3246 -0.7565 -0.5678
vn 0.3038 -0.4851 0.8200
vn 0.0112 -0.1850 -0.9827
vn -0.4233 -0.8883 0.1785
vn 0.4443 -0.8763 0.1861
vn -0.0112 0.1850 0.9827
vn -0.9722 -0.2291 0.0482
vn -0.7892 0.6048 -0.1067
vn -0.0121 0.9854 -0.1695
vn 0.7741 0.6262 -0.0930
vn 0.9771 -0.2024 0.0653
vn 0.0572 -0.9115 -0.4074
vn -0.0274 -0.7204 0.6930
vn -0.6000 -0.6210 -0.5043
vn -0.6735 -0.4350 0.5977
vn -0.7742 0.0717 -0.6288
vn -0.8447 0.2459 0.4753
vn -0.3343 0.6451 -0.6871
vn -0.4123 0.8095 0.4180
vn 0.3886 0.6673 -0.6354
vn 0.2983 0.8314 0.4689
vn 0.8500 0.1217 -0.5125
vn 0.7518 0.2951 0.5897
vn 0.7026 -0.5809 -0.4110
vn 0.6069 -0.3955 0.6894
vn -0.2434 -0.7543 -0.6098
vn -0.3451 -0.5202 0.7812
vn 0.0175 -0.9839 0.1781
vn -0.7689 -0.6363 0.0621
vn -0.6372 -0.2887 -0.7146
vn -0.7323 -0.0623 0.6781
vn -0.9774 0.1926 -0.0869
vn -0.5113 0.3109 -0.8012
vn -0.6086 0.5273 0.5930
vn -0.4509 0.8787 -0.1567
vn 0.0394 0.5929 -0.8043
vn -0.0670 0.8047 0.5899
vn 0.4140 0.9053 -0.0948
vn 0.6002 0.3451 -0.7216
vn 0.4845 0.5609 0.6712
vn 0.9662 0.2524 0.0523
vn 0.7489 -0.2460 -0.6154
vn -0.0000 0.9923 0.1240
vn 0.7897 -0.5883 0.1737
vn 0.3734 -0.7353 -0.5656
vn 0.2615 -0.5015 0.8247
vn 0.0754 -0.1580 -0.9846
vn -0.4167 -0.8998 0.1295
vn 0.4483 -0.8731 0.1914
vn -0.0754 0.1580 0.9846
vn -0.9689 -0.2469 -0.0176
vn -0.7924 0.5939 -0.1390
vn -0.0202 0.9895 -0.1434
vn 0.7663 0.6419 -0.0274
vn 0.9748 -0.1870 0.1216
vn -0.9283 -0.3719 -0.0047
vn -0.6543 0.7551 -0.0421
vn -0.7081 -0.4110 -0.5742
vn -0.4783 0.7239 -0.4972
vn -0.1739 -0.4661 -0.8675
vn -0.0514 0.6798 -0.7316
vn 0.4243 -0.5115 -0.7472
vn 0.4266 0.6435 -0.6355
vn 0.8067 -0.5259 -0.2698
vn 0.7322 0.6320 -0.2539
vn 0.7942 -0.5025 0.3415
vn 0.7222 0.6507 0.2346
vn 0.3929 -0.4524 0.8006
vn 0.4015 0.6907 0.6014
vn -0.2097 -0.3989 0.8927
vn -0.0800 0.7335 0.6750
vn -0.7314 -0.3671 0.5746
vn -0.4970 0.7589 0.4209
vn -0.7774 -0.5722 -0.2613
vn -0.5159 0.8176 -0.2556
vn -0.9497 0.3115 -0.0312
vn -0.7104 0.2690 -0.6504
vn -0.4270 -0.6159 -0.6620
vn -0.2356 0.7826 -0.5762
vn -0.1295 0.2090 -0.9693
vn 0.0990 -0.6626 -0.7424
vn 0.1853 0.7453 -0.6405
vn 0.5210 0.1597 -0.8385
vn 0.5544 -0.6904 -0.4648
vn 0.5497 0.7231 -0.4184
vn 0.9366 0.1441 -0.3194
vn 0.7262 -0.6862 0.0409
vn 0.6872 0.7264 -0.0137
vn 0.9231 0.1695 0.3453
vn 0.5340 -0.6521 0.5381
vn 0.5334 0.7537 0.3841
vn 0.4866 0.2240 0.8444
vn 0.0677 -0.6040 0.7941
vn 0.1603 0.7922 0.5889
vn -0.1684 0.2821 0.9445
vn -0.4545 -0.5644 0.6891
vn -0.2575 0.8239 0.5049
vn -0.7357 0.3166 0.5987
vn -0.7882 -0.5518 0.2723
vn -0.5246 0.8339 0.1714
vn -0.0828 -0.9959 0.0363
vn -0.8885 0.2809 -0.3627
vn -0.9021 0.3063 0.3040
vn 0.0828 0.9959 -0.0363
vn -0.4506 0.2262 -0.8636
vn 0.2065 0.1679 -0.9639
vn 0.7756 0.1332 -0.6170
vn 0.9903 0.1384 0.0148
vn 0.7501 0.1812 0.6361
vn 0.1675 0.2412 0.9559
vn -0.4850 0.2906 0.8248
vn 0.6870 -0.1696 0.7066
vn 0.0764 -0.1131 0.9906
vn -0.5750 -0.0760 0.8146
vn -0.9624 -0.0755 0.2609
vn -0.9045 -0.1119 -0.4114
vn -0.4285 -0.1682 -0.8877
vn 0.2430 -0.2180 -0.9452
vn 0.7957 -0.2380 -0.5569
vn 0.9711 -0.2189 0.0954
vn 0.4081 -0.1314 0.9034
vn 0.8848 -0.1877 0.4264
vn -0.2643 -0.0815 0.9610
vn -0.8178 -0.0615 0.5721
vn -0.9934 -0.0806 -0.0811
vn -0.7090 -0.1300 -0.6932
vn -0.0975 -0.1865 -0.9776
vn 0.5548 -0.2237 -0.8013
vn 0.9428 -0.2242 -0.2468
vn -0.8218 -0.0406 0.5683
vn -0.9954 -0.0352 -0.0895
vn -0.7066 -0.0619 -0.7049
vn -0.0906 -0.1081 -0.9900
vn 0.5644 -0.1522 -0.8113
vn 0.9519 -0.1736 -0.2525
vn 0.8906 -0.1623 0.4249
vn 0.4091 -0.1235 0.9041
vn -0.2671 -0.0754 0.9607
vn -0.9666 -0.0274 0.2548
vn -0.5789 -0.0488 0.8139
vn -0.9052 -0.0388 -0.4231
vn -0.4235 -0.0776 -0.9026
vn 0.2532 -0.1257 -0.9592
vn 0.8082 -0.1606 -0.5666
vn 0.9819 -0.1660 0.0917
vn 0.6929 -0.1393 0.7075
vn 0.0765 -0.0930 0.9927
vn 0.8198 -0.1528 -0.5518
vn 0.9831 -0.1455 0.1115
vn 0.6839 -0.0940 0.7235
vn 0.0624 -0.0223 0.9978
vn -0.5907 0.0359 0.8061
vn -0.9698 0.0535 0.2380
vn -0.8975 0.0222 -0.4405
vn -0.4076 -0.0433 -0.9121
vn 0.2706 -0.1124 -0.9561
vn 0.9601 -0.1524 -0.2346
vn 0.5810 -0.1348 -0.8027
vn 0.8877 -0.1211 0.4441
vn 0.3978 -0.0555 0.9158
vn -0.2805 0.0136 0.9598
vn -0.8298 0.0539 0.5554
vn -0.9931 0.0467 -0.1080
vn -0.6939 -0.0049 -0.7201
vn -0.0722 -0.0765 -0.9944
vn -0.8142 0.0450 -0.5789
vn -0.2521 0.0156 -0.9676
vn 0.4282 -0.0164 -0.9036
vn 0.9083 -0.0360 -0.4168
vn 0.9637 -0.0340 0.2650
vn 0.5683 -0.0114 0.8227
vn -0.0927 0.0212 0.9955
vn -0.7101 0.0487 0.7024
vn -0.9950 0.0581 0.0806
vn -0.5674 0.0310 -0.8229
vn -0.9627 0.0536 -0.2651
vn 0.0936 -0.0016 -0.9956
vn 0.7111 -0.0291 -0.7025
vn 0.9960 -0.0385 -0.0808
vn 0.8151 -0.0255 0.5788
vn 0.2530 0.0040 0.9675
vn -0.4272 0.0360 0.9034
vn -0.9074 0.0556 0.4167
vn 0.3972 0.0220 -0.9175
vn 0.8935 0.0207 -0.4487
vn 0.9726 0.0393 0.2292
vn 0.5976 0.0690 0.7988
vn -0.0561 0.0960 0.9938
vn -0.6826 0.1075 0.7228
vn -0.9888 0.0983 0.1127
vn -0.8313 0.0726 -0.5510
vn -0.2840 0.0425 -0.9579
vn 0.6867 0.0149 -0.7268
vn 0.0600 0.0264 -0.9978
vn 0.9929 0.0241 -0.1166
vn 0.8354 0.0498 0.5474
vn 0.2879 0.0799 0.9543
vn -0.3934 0.1004 0.9139
vn -0.8898 0.1017 0.4450
vn -0.9689 0.0831 -0.2330
vn -0.5938 0.0534 -0.8028
vn -0.3921 0.1537 0.9070
vn -0.8805 0.1911 0.4338
vn -0.9526 0.1825 -0.2433
vn -0.5747 0.1322 -0.8076
vn 0.0765 0.0635 -0.9950
vn 0.6961 0.0087 -0.7179
vn 0.9944 -0.0066 -0.1058
vn 0.8316 0.0247 0.5548
vn 0.2841 0.0880 0.9548
vn -0.6786 0.1720 0.7141
vn -0.0587 0.1171 0.9914
vn -0.9770 0.1873 0.1017
vn -0.8142 0.1559 -0.5592
vn -0.2664 0.0926 -0.9594
vn 0.4102 0.0269 -0.9116
vn 0.8988 -0.0105 -0.4382
vn 0.9709 -0.0020 0.2393
vn 0.5928 0.0484 0.8039
vn 0.3147 0.1197 0.9416
vn -0.3625 0.1642 0.9174
vn -0.8663 0.1879 0.4628
vn -0.9611 0.1796 -0.2096
vn -0.6025 0.1434 -0.7852
vn 0.0418 0.0960 -0.9945
vn 0.6703 0.0597 -0.7397
vn 0.9888 0.0515 -0.1400
vn 0.8484 0.0752 0.5240
vn -0.0264 0.1362 0.9903
vn 0.6184 0.0888 0.7808
vn -0.6554 0.1726 0.7353
vn -0.9742 0.1808 0.1351
vn -0.8337 0.1571 -0.5294
vn -0.2996 0.1125 -0.9474
vn 0.3782 0.0680 -0.9232
vn 0.8825 0.0443 -0.4682
vn 0.9774 0.0525 0.2048
vn -0.1054 0.5142 0.8512
vn 0.5813 -0.3232 0.7468
vn 0.3063 0.9495 0.0676
vn 0.9930 0.1121 -0.0368
vn -0.1797 0.6513 -0.7372
vn 0.5069 -0.1861 -0.8417
vn -0.8919 0.0317 -0.4511
vn -0.2053 -0.8058 -0.5555
vn -0.8460 -0.0531 0.5306
vn -0.1593 -0.8905 0.4262
vn 0.0160 0.8705 0.4920
vn 0.9086 -0.2181 0.3563
vn 0.2836 0.1138 0.9522
vn 0.7743 0.6326 0.0184
vn -0.0227 0.9419 -0.3353
vn 0.8699 -0.1467 -0.4710
vn 0.1950 0.2772 -0.9408
vn -0.6468 0.4638 -0.6054
vn 0.2457 -0.6247 -0.7412
vn -0.6538 -0.4613 -0.5998
vn -0.9938 0.0970 0.0549
vn -0.1012 -0.9916 -0.0809
vn -0.5990 -0.5623 0.5701
vn -0.5841 0.3483 0.7331
vn 0.3084 -0.7403 0.5974
vn -0.6312 0.7697 0.0959
vn 0.6311 -0.7698 -0.0960
vn 0.9947 -0.0450 0.0919
vn 0.3226 -0.7444 0.5847
vn 0.5764 -0.2548 -0.7764
vn -0.0957 -0.9541 -0.2837
vn -0.1741 0.3708 -0.9123
vn -0.8462 -0.3286 -0.4195
vn -0.2196 0.9672 -0.1278
vn -0.8917 0.2678 0.3649
vn 0.5028 0.7102 0.4928
vn -0.1693 0.0108 0.9855
vn 0.9051 -0.0658 -0.4201
vn 0.0314 -0.9749 0.2204
vn 0.7850 -0.4704 0.4032
vn 0.2864 -0.7204 -0.6317
vn 0.2963 0.1507 -0.9431
vn -0.5774 -0.7583 -0.3026
vn -0.6080 0.0252 -0.7936
vn -0.1182 0.7871 -0.6053
vn -0.9919 -0.1219 0.0352
vn -0.6622 0.7359 0.1412
vn 0.2343 0.9639 0.1264
vn -0.6394 0.0548 0.7669
vn 0.1987 0.4296 0.8809
vn 0.8667 0.4367 0.2409
vn -0.0069 -0.4723 0.8814
vn 0.6178 0.6428 -0.4529
vn -0.6177 -0.6428 0.4529
vn -0.0589 -0.4943 0.8673
vn -0.1544 0.6596 0.7356
vn -0.5887 -0.5458 0.5963
vn -0.6044 0.6159 0.5054
vn -0.8212 -0.5688 0.0464
vn -0.8018 0.5964 0.0384
vn -0.6475 -0.5525 -0.5249
vn -0.6542 0.6102 -0.4468
vn -0.1488 -0.5046 -0.8504
vn -0.2308 0.6509 -0.7233
vn 0.4413 -0.4475 -0.7778
vn 0.2705 0.6994 -0.6616
vn 0.8470 -0.4079 -0.3410
vn 0.6149 0.7330 -0.2907
vn 0.8782 -0.4043 0.2555
vn 0.6415 0.7361 0.2160
vn 0.5205 -0.4384 0.7327
vn 0.3377 0.7071 0.6213
vn -0.2817 -0.6774 0.6795
vn -0.3659 0.7305 0.5766
vn -0.1357 0.1592 0.9779
vn -0.7335 0.1013 0.6721
vn -0.6356 -0.7120 0.2985
vn -0.6668 0.7011 0.2526
vn -0.9958 0.0753 0.0517
vn -0.6628 -0.7151 -0.2219
vn -0.6900 0.6985 -0.1899
vn -0.7999 0.0936 -0.5928
vn -0.3508 -0.6854 -0.6382
vn -0.4246 0.7238 -0.5439
vn -0.2373 0.1477 -0.9602
vn 0.1546 -0.6366 -0.7555
vn 0.0051 0.7652 -0.6437
vn 0.4285 0.2121 -0.8783
vn 0.6168 -0.5917 -0.5191
vn 0.3982 0.8034 -0.4427
vn 0.8862 0.2569 -0.3855
vn 0.8196 -0.5716 -0.0395
vn 0.5706 0.8205 -0.0348
vn 0.9215 0.2610 0.2876
vn 0.6680 -0.5858 0.4589
vn 0.4417 0.8084 0.3890
vn 0.5180 0.2223 0.8260
vn 0.2331 -0.6276 0.7428
vn 0.0719 0.7729 0.6304
vn 0.0962 -0.9954 0.0010
vn -0.4613 0.1177 0.8794
vn 0.2057 0.1822 0.9615
vn -0.0962 0.9954 -0.0010
vn -0.9197 0.0729 0.3858
vn -0.9551 0.0688 -0.2883
vn -0.5506 0.1075 -0.8278
vn 0.1041 0.1705 -0.9798
vn 0.7029 0.2287 -0.6735
vn 0.9656 0.2547 -0.0521
vn 0.7693 0.2363 0.5935
vn 0.8765 0.0668 -0.4767
vn 0.9774 0.0710 0.1989
vn 0.6242 0.0172 0.7810
vn -0.0178 -0.0694 0.9974
vn -0.6483 -0.1484 0.7468
vn -0.9722 -0.1827 0.1464
vn -0.8380 -0.1563 -0.5229
vn -0.3084 -0.0816 -0.9478
vn 0.3687 0.0066 -0.9295
vn 0.9858 0.0800 -0.1478
vn 0.6618 0.0456 -0.7483
vn 0.8515 0.0536 0.5216
vn 0.3219 -0.0212 0.9466
vn -0.3554 -0.1093 0.9283
vn -0.8633 -0.1696 0.4754
vn -0.9642 -0.1738 -0.2003
vn -0.6109 -0.1200 -0.7825
vn 0.0312 -0.0333 -0.9990
vn 0.2572 -0.0260 -0.9660
vn 0.8134 0.0632 -0.5782
vn 0.9902 0.1138 0.0805
vn 0.7049 0.1021 0.7019
vn 0.0909 0.0337 0.9953
vn -0.5644 -0.0595 0.8233
vn -0.9545 -0.1339 0.2665
vn -0.8968 -0.1546 -0.4146
vn -0.4182 -0.1120 -0.9014
vn 0.5693 0.0222 -0.8218
vn -0.0860 -0.0710 -0.9938
vn 0.9594 0.0965 -0.2650
vn 0.9017 0.1173 0.4162
vn 0.4232 0.0746 0.9030
vn -0.2523 -0.0114 0.9676
vn -0.8085 -0.1005 0.5798
vn -0.9854 -0.1511 -0.0789
vn -0.7000 -0.1394 -0.7004
vn 0.8729 0.0975 0.4780
vn 0.3645 0.0320 0.9306
vn -0.3156 -0.0360 0.9482
vn -0.8494 -0.0747 0.5225
vn -0.9869 -0.0660 -0.1473
vn -0.6639 -0.0139 -0.7477
vn -0.0315 0.0571 -0.9979
vn 0.6144 0.1139 -0.7807
vn 0.9716 0.1298 -0.1978
vn 0.6588 0.0656 0.7495
vn 0.9818 0.1176 0.1490
vn 0.0264 -0.0055 0.9996
vn -0.6196 -0.0623 0.7825
vn -0.9768 -0.0782 0.1996
vn -0.8781 -0.0459 -0.4763
vn -0.3697 0.0196 -0.9290
vn 0.3105 0.0877 -0.9465
vn 0.8443 0.1264 -0.5208
vn -0.1684 0.0593 -0.9839
vn 0.4985 0.1246 -0.8579
vn 0.9286 0.1688 -0.3306
vn 0.9205 0.1712 0.3512
vn 0.4781 0.1307 0.8685
vn -0.1916 0.0662 0.9792
vn -0.7753 0.0080 0.6316
vn -0.9998 -0.0168 -0.0118
vn -0.7601 0.0034 -0.6498
vn 0.1767 0.0880 -0.9803
vn -0.4933 0.0235 -0.8696
vn 0.7606 0.1463 -0.6325
vn 0.9852 0.1711 0.0111
vn 0.7454 0.1508 0.6493
vn 0.1535 0.0949 0.9836
vn -0.5137 0.0296 0.8575
vn -0.9439 -0.0146 0.3300
vn -0.9358 -0.0170 -0.3521
vn -0.5688 0.0282 -0.8220
vn 0.0838 0.1070 -0.9907
vn 0.6897 0.1939 -0.6977
vn 0.9654 0.2482 -0.0800
vn 0.7819 0.2445 0.5734
vn 0.2251 0.1845 0.9567
vn -0.4445 0.0964 0.8906
vn -0.9136 0.0213 0.4060
vn -0.9627 -0.0056 -0.2704
vn -0.2564 0.0565 -0.9649
vn -0.8137 -0.0035 -0.5813
vn 0.4139 0.1448 -0.8987
vn 0.8835 0.2199 -0.4137
vn 0.9326 0.2469 0.2633
vn 0.5383 0.2130 0.8154
vn -0.1149 0.1341 0.9843
vn -0.7213 0.0472 0.6910
vn -0.9973 -0.0071 0.0727
vn -0.9659 0.0704 -0.2491
vn -0.5826 0.1181 -0.8041
vn 0.0669 0.1811 -0.9812
vn 0.6788 0.2298 -0.6975
vn 0.9666 0.2414 -0.0858
vn 0.7958 0.2106 0.5678
vn 0.2462 0.1517 0.9573
vn -0.4249 0.0922 0.9005
vn -0.9036 0.0601 0.4241
vn -0.8234 0.0816 -0.5616
vn -0.9944 0.0508 0.0928
vn -0.2731 0.1406 -0.9517
vn 0.3990 0.2001 -0.8948
vn 0.8784 0.2323 -0.4178
vn 0.9407 0.2221 0.2564
vn 0.5569 0.1742 0.8121
vn -0.0935 0.1112 0.9894
vn -0.7062 0.0624 0.7053
vn -0.5614 0.0348 0.8268
vn -0.9610 -0.0089 0.2766
vn -0.9150 -0.0078 -0.4033
vn -0.4451 0.0375 -0.8947
vn 0.2290 0.1058 -0.9677
vn 0.7918 0.1652 -0.5881
vn 0.9799 0.1879 0.0665
vn 0.7055 0.1632 0.6897
vn 0.0967 0.1027 0.9900
vn -0.8093 0.0030 0.5874
vn -0.2462 0.0624 0.9672
vn -0.9975 -0.0197 -0.0674
vn -0.7229 0.0050 -0.6909
vn -0.1139 0.0655 -0.9913
vn 0.5445 0.1335 -0.8281
vn 0.9442 0.1772 -0.2776
vn 0.8983 0.1761 0.4026
vn 0.4281 0.1308 0.8942
vn -0.9920 0.0909 -0.0879
vn -0.5140 -0.7856 0.3445
vn -0.5047 0.6691 0.5455
vn -0.0266 -0.2074 0.9779
vn 0.3498 0.9283 0.1263
vn 0.8278 0.0518 0.5586
vn 0.3905 0.5102 -0.7663
vn 0.8686 -0.3662 -0.3339
vn -0.4387 -0.0073 -0.8986
vn 0.0393 -0.8838 -0.4662
vn -0.8412 0.5090 0.1825
vn -0.2198 -0.6303 0.7446
vn -0.8973 -0.4140 0.1529
vn -0.3166 0.2751 0.9078
vn -0.1424 0.9451 0.2941
vn 0.4790 -0.1942 0.8561
vn 0.7017 0.5840 0.4081
vn 0.3238 0.8624 -0.3892
vn 0.9452 -0.2769 0.1729
vn 0.7503 0.0858 -0.6556
vn -0.0868 0.3751 -0.9229
vn 0.5346 -0.7642 -0.3609
vn -0.2380 -0.5310 -0.8133
vn -0.8069 0.1567 -0.5696
vn -0.1855 -0.9826 -0.0076
vn -0.4394 0.8056 -0.3974
vn -1.0000 -0.0000 -0.0000
vn 0.4394 -0.8056 0.3974
vn 0.9701 0.2425 -0.0000
vn -0.0000 -0.0000 -1.0000
vn 0.1114 0.5123 0.8515
vn -0.3718 -0.4613 0.8056
vn 0.9056 0.1395 0.4006
vn 0.4223 -0.8342 0.3546
vn 0.7822 0.2466 -0.5722
vn 0.2989 -0.7270 -0.6181
vn -0.0883 0.6857 -0.7225
vn -0.5715 -0.2879 -0.7684
vn -0.5028 0.8499 0.1574
vn -0.9860 -0.1237 0.1115
vn 0.5921 0.4652 0.6581
vn -0.0361 -0.8004 0.5983
vn -0.1552 0.0304 0.9874
vn 0.7913 -0.4140 0.4500
vn 0.9414 0.3268 -0.0834
vn 0.3132 -0.9388 -0.1432
vn 0.6442 -0.2862 -0.7093
vn 0.4238 0.6113 -0.6683
vn -0.2044 -0.6543 -0.7281
vn -0.3931 0.2371 -0.8884
vn -0.2455 0.9255 -0.2883
vn -0.8736 -0.3401 -0.3481
vn -0.8872 0.4327 0.1602
vn -0.1414 0.8352 0.5314
vn -0.7696 -0.4304 0.4717
vn 0.4442 0.8949 0.0423
vn -0.4442 -0.8950 -0.0422
vn 1.0000 -0.0000 -0.0000
vn 0.4153 -0.4851 -0.7696
vn 0.3069 0.6688 -0.6771
vn 0.8290 -0.4529 -0.3281
vn 0.6461 0.6952 -0.3151
vn 0.8616 -0.4258 0.2763
vn 0.6728 0.7175 0.1805
vn 0.4979 -0.4163 0.7608
vn 0.3746 0.7252 0.5777
vn -0.0919 -0.4290 0.8986
vn -0.1090 0.7148 0.6907
vn -0.6319 -0.4578 0.6254
vn -0.5518 0.6912 0.4667
vn -0.8693 -0.4894 0.0689
vn -0.7465 0.6653 0.0104
vn -0.6932 -0.5089 -0.5104
vn -0.6020 0.6493 -0.4646
vn -0.1858 -0.5072 -0.8416
vn -0.1860 0.6507 -0.7362
vn 0.5841 -0.6387 -0.5009
vn 0.4388 0.7676 -0.4671
vn 0.4361 0.1826 -0.8812
vn 0.8931 0.2182 -0.3934
vn 0.7914 -0.6112 -0.0153
vn 0.6090 0.7902 -0.0684
vn 0.9291 0.2480 0.2742
vn 0.6377 -0.5942 0.4903
vn 0.4828 0.8042 0.3467
vn 0.5273 0.2587 0.8094
vn 0.1949 -0.5956 0.7792
vn 0.1193 0.8030 0.5840
vn -0.1242 0.2447 0.9616
vn -0.3296 -0.6149 0.7164
vn -0.3114 0.7872 0.5323
vn -0.7207 0.2127 0.6598
vn -0.6906 -0.6430 0.3312
vn -0.6078 0.7641 0.2160
vn -0.9830 0.1779 0.0451
vn -0.7191 -0.6666 -0.1962
vn -0.6312 0.7447 -0.2169
vn -0.7885 0.1563 -0.5949
vn -0.4017 -0.6749 -0.6190
vn -0.3706 0.7379 -0.5640
vn -0.2279 0.1583 -0.9607
vn 0.1130 -0.6639 -0.7393
vn 0.0520 0.7470 -0.6628
vn 0.0315 -0.9986 0.0432
vn 0.7098 0.1880 -0.6789
vn 0.1118 0.1561 -0.9814
vn -0.0315 0.9986 -0.0432
vn 0.9729 0.2228 -0.0625
vn 0.7778 0.2444 0.5791
vn 0.2159 0.2428 0.9458
vn -0.4499 0.2182 0.8660
vn -0.9080 0.1825 0.3771
vn -0.9441 0.1525 -0.2922
vn -0.5414 0.1420 -0.8287
vn -0.4776 -0.1969 -0.8562
vn 0.1912 -0.1527 -0.9696
vn 0.7744 -0.0890 -0.6263
vn 0.9993 -0.0356 0.0129
vn 0.7605 -0.0175 0.6491
vn 0.1698 -0.0431 0.9845
vn -0.4964 -0.1006 0.8622
vn -0.9264 -0.1629 0.3394
vn -0.9190 -0.2010 -0.3392
vn -0.1536 -0.1724 -0.9730
vn -0.7447 -0.1980 -0.6373
vn 0.5131 -0.1149 -0.8506
vn 0.9434 -0.0525 -0.3274
vn 0.9360 -0.0144 0.3517
vn 0.4943 -0.0184 0.8691
vn -0.1750 -0.0627 0.9826
vn -0.7587 -0.1265 0.6391
vn -0.9837 -0.1799 -0.0007
vn -0.8033 -0.1530 -0.5756
vn -0.2392 -0.1487 -0.9595
vn 0.4387 -0.1069 -0.8923
vn 0.9130 -0.0471 -0.4053
vn 0.9619 0.0028 0.2735
vn 0.5624 0.0193 0.8266
vn -0.0984 -0.0053 0.9951
vn -0.7114 -0.0594 0.7002
vn -0.9898 -0.1177 0.0799
vn -0.5553 -0.1521 -0.8176
vn -0.9548 -0.1355 -0.2644
vn 0.1057 -0.1275 -0.9862
vn 0.7189 -0.0734 -0.6912
vn 0.9974 -0.0151 -0.0707
vn 0.8108 0.0202 0.5850
vn 0.2465 0.0160 0.9690
vn -0.4315 -0.0259 0.9017
vn -0.9059 -0.0857 0.4146
vn -0.7606 -0.0451 0.6477
vn -0.9962 -0.0871 0.0070
vn -0.7650 -0.0979 -0.6365
vn -0.1752 -0.0725 -0.9819
vn 0.4972 -0.0228 -0.8673
vn 0.9376 0.0280 -0.3466
vn 0.9399 0.0560 0.3367
vn 0.5031 0.0483 0.8629
vn -0.1685 0.0083 0.9857
vn -0.9350 -0.0678 0.3482
vn -0.4945 -0.0170 0.8690
vn -0.9373 -0.0958 -0.3351
vn -0.5005 -0.0881 -0.8613
vn 0.1711 -0.0481 -0.9841
vn 0.7633 0.0053 -0.6461
vn 0.9989 0.0473 -0.0054
vn 0.7677 0.0581 0.6382
vn 0.1779 0.0327 0.9835
vn -0.7467 -0.0245 -0.6648
vn -0.1449 -0.0419 -0.9886
vn 0.5245 -0.0233 -0.8511
vn 0.9483 0.0226 -0.3166
vn 0.9281 0.0743 0.3648
vn 0.4735 0.1077 0.8742
vn -0.2029 0.1070 0.9733
vn -0.7845 0.0727 0.6158
vn -0.9993 0.0208 -0.0311
vn -0.4743 -0.0397 -0.8794
vn -0.9290 -0.0063 -0.3700
vn 0.2021 -0.0391 -0.9786
vn 0.7838 -0.0048 -0.6210
vn 0.9985 0.0472 0.0260
vn 0.7459 0.0925 0.6596
vn 0.1440 0.1099 0.9835
vn -0.5254 0.0913 0.8459
vn -0.9492 0.0454 0.3114
vn 0.3290 0.0704 -0.9417
vn 0.8534 0.1147 -0.5085
vn 0.9763 0.1443 0.1613
vn 0.6402 0.1451 0.7544
vn 0.0023 0.1169 0.9931
vn -0.6389 0.0728 0.7659
vn -0.9833 0.0335 0.1790
vn -0.8698 0.0173 -0.4930
vn -0.3516 0.0319 -0.9356
vn 0.6300 0.0882 -0.7716
vn -0.0115 0.0441 -0.9990
vn 0.9745 0.1275 -0.1844
vn 0.8610 0.1437 0.4878
vn 0.3426 0.1291 0.9306
vn -0.3382 0.0906 0.9367
vn -0.8629 0.0462 0.5033
vn -0.9858 0.0167 -0.1668
vn -0.6496 0.0158 -0.7601
vn 0.5845 0.0804 -0.8074
vn 0.9598 0.1396 -0.2436
vn 0.8835 0.1850 0.4304
vn 0.3913 0.1955 0.8993
vn -0.2865 0.1660 0.9436
vn -0.8327 0.1105 0.5426
vn -0.9917 0.0548 -0.1160
vn -0.6892 0.0251 -0.7241
vn -0.0667 0.0352 -0.9972
vn 0.8230 0.1034 -0.5586
vn 0.2764 0.0478 -0.9599
vn 0.9821 0.1591 0.1005
vn 0.6794 0.1889 0.7090
vn 0.0564 0.1788 0.9823
vn -0.5953 0.1335 0.7924
vn -0.9708 0.0743 0.2281
vn -0.8944 0.0288 -0.4463
vn -0.4018 0.0184 -0.9155
vn -0.7881 0.1058 0.6064
vn -0.9974 0.0612 -0.0393
vn -0.7420 0.0375 -0.6693
vn -0.1417 0.0457 -0.9889
vn 0.5229 0.0821 -0.8484
vn 0.9406 0.1295 -0.3138
vn 0.9161 0.1659 0.3650
vn 0.4608 0.1741 0.8703
vn -0.2123 0.1504 0.9656
vn -0.9501 0.0758 0.3026
vn -0.5321 0.1232 0.8377
vn -0.9256 0.0394 -0.3766
vn -0.4699 0.0311 -0.8821
vn 0.2036 0.0549 -0.9775
vn 0.7798 0.0995 -0.6181
vn 0.9892 0.1441 0.0280
vn 0.7337 0.1678 0.6584
vn 0.1329 0.1596 0.9782
vn -0.8805 -0.1415 -0.4524
vn -0.4365 -0.8724 0.2202
vn -0.7977 0.5509 0.2453
vn -0.3537 -0.1800 0.9179
vn 0.0807 0.9870 0.1393
vn 0.5247 0.2561 0.8119
vn 0.5408 0.5641 -0.6239
vn 0.9848 -0.1667 0.0486
vn -0.0533 -0.1333 -0.9896
vn 0.3908 -0.8642 -0.3171
vn -0.9314 0.3076 -0.1947
vn -0.3542 -0.6425 0.6795
vn -0.7848 -0.6041 -0.1384
vn -0.6861 0.2210 0.6931
vn -0.4308 0.8953 0.1135
vn 0.1464 -0.0547 0.9877
vn 0.3607 0.7407 0.5668
vn 0.2663 0.9022 -0.3393
vn 0.8435 -0.0478 0.5350
vn 0.9091 0.2368 -0.3428
vn 0.1966 0.3187 -0.9272
vn 0.7737 -0.6313 -0.0530
vn 0.2011 -0.5944 -0.7786
vn -0.0000 -0.1843 -0.9829
vn 0.0335 -0.9988 0.0364
vn -0.4081 0.6718 -0.6182
vn -0.0000 -0.7071 -0.7071
vn 0.4081 -0.6718 0.6182
vn -0.4169 0.6777 0.6058
vn -0.9135 -0.2480 0.3225
vn 0.3651 0.1631 0.9166
vn -0.1314 -0.7626 0.6334
vn 0.9857 0.0627 0.1564
vn 0.4892 -0.8629 -0.1268
vn 0.5872 0.5154 -0.6242
vn 0.0907 -0.4103 -0.9074
vn -0.2797 0.8954 -0.3465
vn -0.7762 -0.0303 -0.6297
vn 0.0371 0.5574 0.8294
vn -0.6083 -0.6459 0.4613
vn -0.7928 0.2560 0.5531
vn 0.1392 -0.3573 0.9236
vn 0.1222 -0.9661 0.2272
vn 0.8788 -0.4768 0.0177
vn 0.8833 0.4206 -0.2071
vn 0.2379 -0.7827 -0.5752
vn 0.4039 0.0626 -0.9127
vn 0.2243 0.8543 -0.4690
vn -0.4212 -0.3490 -0.8371
vn -0.6292 0.5155 -0.5817
vn -0.2987 0.9388 0.1716
vn -0.9441 -0.2645 -0.1965
vn 0.4564 0.8509 0.2603
vn -0.4564 -0.8508 -0.2603
vn 0.1232 -0.4352 0.8918
vn 0.1637 0.7112 0.6837
vn -0.4622 -0.4116 0.7855
vn -0.3373 0.7314 0.5927
vn -0.8437 -0.4246 0.3284
vn -0.6638 0.7203 0.2015
vn -0.8428 -0.4683 -0.2655
vn -0.6630 0.6829 -0.3068
vn -0.4598 -0.5221 -0.7183
vn -0.3352 0.6368 -0.6943
vn 0.1260 -0.5610 -0.8182
vn 0.1661 0.6036 -0.7798
vn 0.6405 -0.5666 -0.5184
vn 0.6064 0.5987 -0.5232
vn 0.8429 -0.5365 0.0408
vn 0.7797 0.6245 -0.0447
vn 0.6387 -0.4846 0.5978
vn 0.6049 0.6690 0.4320
vn -0.1677 -0.5861 0.7927
vn -0.0732 0.8092 0.5829
vn 0.1782 0.2243 0.9581
vn -0.4853 0.2510 0.8376
vn -0.6165 -0.5812 0.5312
vn -0.4577 0.8135 0.3588
vn -0.9176 0.2364 0.3195
vn -0.7931 -0.6075 0.0434
vn -0.6091 0.7909 -0.0591
vn -0.9166 0.1869 -0.3536
vn -0.6149 -0.6528 -0.4424
vn -0.4564 0.7521 -0.4754
vn -0.4825 0.1257 -0.8668
vn -0.1653 -0.6958 -0.6989
vn -0.0711 0.7153 -0.6952
vn 0.1814 0.0818 -0.9800
vn 0.3453 -0.7165 -0.6062
vn 0.3665 0.6976 -0.6157
vn 0.7645 0.0754 -0.6403
vn 0.6781 -0.7051 -0.2075
vn 0.6516 0.7073 -0.2741
vn 0.9940 0.1096 -0.0064
vn 0.6773 -0.6670 0.3106
vn 0.6509 0.7399 0.1698
vn 0.7624 0.1683 0.6248
vn 0.3432 -0.6200 0.7055
vn 0.3646 0.7802 0.5083
vn -0.0536 -0.9959 0.0731
vn -0.1647 0.2332 0.9584
vn 0.5002 0.1889 0.8450
vn 0.0536 0.9959 -0.0731
vn -0.7487 0.2394 0.6181
vn -0.9785 0.2053 -0.0167
vn -0.7466 0.1465 -0.6489
vn -0.1616 0.0904 -0.9827
vn 0.5029 0.0634 -0.8620
vn 0.9360 0.0784 -0.3432
vn 0.9349 0.1278 0.3310
vn 0.9190 -0.0479 0.3914
vn 0.4550 0.0055 0.8905
vn -0.2226 0.0380 0.9742
vn -0.7968 0.0344 0.6033
vn -0.9988 -0.0036 -0.0486
vn -0.7342 -0.0582 -0.6764
vn -0.1268 -0.1040 -0.9865
vn 0.5392 -0.1193 -0.8337
vn 0.9522 -0.0972 -0.2895
vn 0.7313 -0.0177 0.6818
vn 0.9959 -0.0723 0.0539
vn 0.1238 0.0281 0.9919
vn -0.5423 0.0434 0.8391
vn -0.9553 0.0213 0.2948
vn -0.9220 -0.0280 -0.3861
vn -0.4580 -0.0814 -0.8852
vn 0.2197 -0.1139 -0.9689
vn 0.7939 -0.1103 -0.5980
vn 0.9975 -0.0666 -0.0238
vn 0.7816 -0.0191 0.6235
vn 0.1998 0.0342 0.9792
vn -0.4757 0.0685 0.8770
vn -0.9287 0.0675 0.3645
vn -0.9474 0.0319 -0.3183
vn -0.5230 -0.0217 -0.8521
vn 0.1460 -0.0683 -0.9869
vn 0.7465 -0.0860 -0.6598
vn 0.9467 -0.0448 0.3190
vn 0.9280 -0.0804 -0.3638
vn 0.5222 0.0089 0.8527
vn -0.1467 0.0555 0.9876
vn -0.7472 0.0732 0.6605
vn -0.9983 0.0538 0.0245
vn -0.7824 0.0063 -0.6228
vn -0.2006 -0.0471 -0.9785
vn 0.4749 -0.0813 -0.8763
vn -0.7580 0.0416 -0.6509
vn -0.1638 0.0039 -0.9865
vn 0.5078 -0.0168 -0.8613
vn 0.9425 -0.0107 -0.3339
vn 0.9370 0.0193 0.3489
vn 0.4937 0.0592 0.8676
vn -0.1798 0.0903 0.9795
vn -0.7685 0.0980 0.6323
vn -0.9968 0.0788 -0.0116
vn -0.4907 0.0192 -0.8711
vn -0.9340 0.0591 -0.3523
vn 0.1829 -0.0119 -0.9831
vn 0.7716 -0.0197 -0.6358
vn 1.0000 -0.0004 0.0082
vn 0.7611 0.0368 0.6475
vn 0.1669 0.0745 0.9832
vn -0.5048 0.0952 0.8580
vn -0.9396 0.0891 0.3305
vn -0.0178 0.1710 0.9851
vn -0.6492 0.2059 0.7323
vn -0.9730 0.1883 0.1335
vn -0.8378 0.1266 -0.5311
vn -0.3068 0.0496 -0.9505
vn 0.3715 -0.0067 -0.9284
vn 0.8797 -0.0158 -0.4753
vn 0.9801 0.0263 0.1969
vn 0.6256 0.1001 0.7737
vn -0.3561 0.1889 0.9152
vn 0.3226 0.1327 0.9372
vn -0.8646 0.1981 0.4618
vn -0.9650 0.1559 -0.2108
vn -0.6104 0.0821 -0.7879
vn 0.0334 0.0112 -0.9994
vn 0.6651 -0.0237 -0.7464
vn 0.9891 -0.0061 -0.1473
vn 0.8538 0.0556 0.5176
vn -0.8539 0.2376 0.4631
vn -0.9526 0.2231 -0.2068
vn -0.5995 0.1697 -0.7822
vn 0.0403 0.1025 -0.9939
vn 0.6673 0.0528 -0.7429
vn 0.9882 0.0439 -0.1466
vn 0.8528 0.0800 0.5160
vn 0.3245 0.1442 0.9348
vn -0.3495 0.2064 0.9139
vn -0.9640 0.2279 0.1371
vn -0.6427 0.2190 0.7341
vn -0.8284 0.1918 -0.5262
vn -0.2995 0.1275 -0.9455
vn 0.3753 0.0652 -0.9246
vn 0.8803 0.0340 -0.4732
vn 0.9791 0.0485 0.1974
vn 0.6256 0.1020 0.7735
vn -0.0149 0.1693 0.9855
vn 0.9850 0.1117 -0.1319
vn 0.8399 0.1322 0.5264
vn 0.3060 0.1689 0.9369
vn -0.3668 0.2045 0.9075
vn -0.8638 0.2225 0.4520
vn -0.9525 0.2143 -0.2166
vn -0.5912 0.1839 -0.7853
vn 0.0509 0.1454 -0.9881
vn 0.6733 0.1169 -0.7300
vn 0.9714 0.1092 0.2107
vn 0.8827 0.1010 -0.4590
vn 0.6096 0.1397 0.7803
vn -0.0335 0.1782 0.9834
vn -0.6570 0.2068 0.7250
vn -0.9691 0.2120 0.1259
vn -0.8238 0.1914 -0.5335
vn -0.2891 0.1547 -0.9447
vn 0.3849 0.1190 -0.9153
vn 0.6593 0.0827 0.7474
vn 0.0247 0.1386 0.9900
vn -0.6189 0.1683 0.7673
vn -0.9703 0.1579 0.1832
vn -0.8652 0.1124 -0.4887
vn -0.3526 0.0530 -0.9343
vn 0.3274 0.0075 -0.9448
vn 0.8569 -0.0028 -0.5156
vn 0.9879 0.0269 0.1527
vn 0.3634 0.1075 0.9254
vn 0.8761 0.0481 0.4797
vn -0.3170 0.1530 0.9360
vn -0.8466 0.1633 0.5066
vn -0.9777 0.1336 -0.1620
vn -0.6489 0.0778 -0.7569
vn -0.0141 0.0219 -0.9997
vn 0.6297 -0.0078 -0.7768
vn 0.9813 0.0025 -0.1925
vn 0.3769 0.6592 0.6507
vn 0.8792 -0.2706 0.3921
vn 0.3228 0.8958 -0.3054
vn 0.8251 -0.0339 -0.5640
vn -0.5245 0.5369 -0.6608
vn -0.0222 -0.3929 -0.9193
vn -0.9940 0.0784 0.0757
vn -0.4917 -0.8513 -0.1829
vn -0.4369 0.1540 0.8862
vn 0.0654 -0.7757 0.6277
vn 0.2996 0.9300 0.2132
vn 0.9525 -0.2787 -0.1229
vn 0.7485 0.2316 0.6214
vn 0.6840 0.5136 -0.5180
vn -0.1699 0.8662 -0.4698
vn 0.4830 -0.3424 -0.8059
vn -0.3258 0.0858 -0.9416
vn -0.8557 0.4405 -0.2713
vn -0.2028 -0.7681 -0.6074
vn -0.8853 -0.4605 -0.0639
vn -0.8101 0.2411 0.5343
vn -0.1572 -0.9675 0.1983
vn -0.2214 -0.3705 0.9021
vn -0.0961 0.5436 0.8338
vn 0.5568 -0.6650 0.4977
vn -0.4617 0.8546 0.2376
vn 0.2182 0.4364 0.8729
vn 0.4617 -0.8546 -0.2376
vn -0.4472 -0.0000 -0.8944
vn 0.8143 -0.2030 -0.5437
vn 0.3969 -0.9001 0.1797
vn -0.0638 -0.1384 -0.9883
vn -0.4813 -0.8356 -0.2649
vn -0.5653 0.5991 -0.5669
vn -0.9828 -0.0980 0.1565
vn 0.0029 0.9904 0.1381
vn -0.4146 0.2933 0.8615
vn 0.8556 0.4947 0.1524
vn 0.4381 -0.2025 0.8758
vn 0.4448 -0.0878 -0.8913
vn -0.0979 -0.9940 0.0490
vn 0.7217 -0.6573 -0.2169
vn -0.3249 -0.5804 -0.7468
vn -0.2738 0.3300 -0.9034
vn -0.8164 -0.5762 0.0369
vn -0.9225 0.2986 -0.2446
vn -0.2390 0.9179 -0.3168
vn -0.7817 0.0117 0.6236
vn -0.2453 0.7649 0.5956
vn 0.5010 0.8635 0.0579
vn -0.0416 -0.0427 0.9982
vn 0.7709 0.1741 0.6127
vn 0.9236 0.2420 -0.2972
vn 0.3810 -0.6643 0.6431
vn 0.3837 0.6408 -0.6649
vn -0.3837 -0.6408 0.6649
vn -0.0144 0.4907 0.8712
vn -0.0740 -0.5930 0.8018
vn 0.8217 0.4681 0.3250
vn 0.7410 -0.6151 0.2694
vn 0.5629 0.5252 -0.6382
vn 0.4888 -0.5594 -0.6694
vn -0.4332 0.5831 -0.6873
vn -0.4821 -0.5030 -0.7173
vn -0.7900 0.5618 0.2456
vn -0.8299 -0.5238 0.1920
vn 0.4283 0.6491 0.6288
vn 0.3406 -0.7604 0.5530
vn -0.0531 -0.0692 0.9962
vn 0.9304 -0.0958 0.3537
vn 0.7285 0.6670 -0.1562
vn 0.6342 -0.7429 -0.2144
vn 0.6260 -0.0287 -0.7793
vn 0.0759 0.7268 -0.6827
vn -0.0038 -0.6844 -0.7291
vn -0.5457 0.0394 -0.8371
vn -0.6277 0.7458 -0.2231
vn -0.6917 -0.6658 -0.2798
vn -0.9654 0.0144 0.2602
vn -0.4099 0.6978 0.5874
vn -0.4788 -0.7128 0.5126
vn 0.0558 0.9975 0.0441
vn 0.5429 -0.0900 0.8349
vn -0.6289 -0.0219 0.7772
vn -0.0558 -0.9975 -0.0441
vn 0.9627 -0.0650 -0.2625
vn 0.0503 0.0186 -0.9986
vn -0.9334 0.0452 -0.3560
vn -0.1064 0.4250 -0.8989
vn 0.0070 -0.6479 -0.7617
vn -0.8741 0.4124 -0.2569
vn -0.7383 -0.6601 -0.1383
vn -0.5084 0.5470 0.6650
vn -0.3833 -0.5294 0.7569
vn 0.4852 0.6429 0.5927
vn 0.5815 -0.4363 0.6867
vn 0.7337 0.5674 -0.3738
vn 0.8227 -0.5096 -0.2519
vn -0.5254 0.5861 -0.6168
vn -0.3682 -0.8102 -0.4561
vn -0.0582 -0.1422 -0.9881
vn -0.9594 -0.1570 -0.2344
vn -0.7345 0.6496 0.1964
vn -0.5719 -0.7483 0.3361
vn -0.5302 0.0011 0.8479
vn -0.0278 0.7694 0.6382
vn 0.1167 -0.6316 0.7665
vn 0.6363 0.1136 0.7630
vn 0.6181 0.7800 0.0980
vn 0.7459 -0.6213 0.2402
vn 0.9280 0.0250 -0.3717
vn 0.3105 0.6667 -0.6776
vn 0.4462 -0.7316 -0.5154
vn -0.1029 0.9893 -0.1037
vn -0.6304 -0.1713 -0.7571
vn 0.5363 -0.0588 -0.8420
vn 0.1030 -0.9893 0.1037
vn -0.9222 -0.0827 0.3778
vn 0.0642 0.0845 0.9944
vn 0.9656 0.0993 0.2405
vn -0.8141 0.3929 0.4275
vn -0.5475 -0.6576 0.5175
vn 0.0948 0.6397 0.7628
vn 0.3371 -0.4175 0.8438
vn 0.7068 0.7070 -0.0248
vn 0.9328 -0.3520 0.0773
vn 0.1762 0.5018 -0.8469
vn 0.4164 -0.5516 -0.7227
vn -0.7639 0.3077 -0.5673
vn -0.4985 -0.7405 -0.4507
vn -0.4087 0.6837 0.6047
vn -0.0800 -0.6868 0.7224
vn -0.8091 -0.1662 0.5637
vn 0.2593 0.1238 0.9578
vn 0.3823 0.8470 0.3695
vn 0.6921 -0.5274 0.4928
vn 0.9787 0.2029 0.0321
vn 0.4246 0.7753 -0.4676
vn 0.7334 -0.5974 -0.3244
vn 0.3550 -0.0382 -0.9341
vn -0.3401 0.5677 -0.7497
vn -0.0132 -0.8000 -0.5998
vn -0.7499 -0.2663 -0.6055
vn -0.8552 0.5110 -0.0870
vn -0.5160 -0.8553 0.0471
vn -0.2282 0.9690 -0.0945
vn -0.3428 -0.0139 0.9393
vn -0.9666 -0.2550 -0.0270
vn 0.2282 -0.9690 0.0945
vn 0.7623 0.2143 0.6107
vn 0.8215 0.1141 -0.5587
vn -0.2470 -0.1759 -0.9529
vn 0.6458 0.5018 0.5754
vn 0.7325 -0.5646 0.3803
vn 0.6213 0.6683 -0.4091
vn 0.7085 -0.4024 -0.5797
vn -0.3315 0.6263 -0.7056
vn -0.2206 -0.4433 -0.8688
vn -0.8959 0.4339 0.0957
vn -0.7709 -0.6309 -0.0874
vn -0.2918 0.3570 0.8874
vn -0.1819 -0.7059 0.6846
vn 0.6446 0.7563 0.1118
vn 0.7641 -0.6327 -0.1260
vn 0.8218 -0.0454 0.5679
vn 0.7930 0.1504 -0.5904
vn 0.1363 0.8210 -0.5544
vn 0.2670 -0.5694 -0.7775
vn -0.3281 0.1010 -0.9392
vn -0.6527 0.6991 -0.2919
vn -0.5046 -0.6886 -0.5207
vn -0.9921 -0.1254 0.0035
vn -0.6321 0.5590 0.5366
vn -0.4845 -0.8255 0.2895
vn -0.2814 -0.2158 0.9350
vn 0.1697 0.5944 0.7861
vn 0.2997 -0.7910 0.5334
vn -0.0956 0.9811 0.1682
vn 0.9970 0.0764 -0.0119
vn 0.3329 -0.1499 0.9310
vn 0.0956 -0.9811 -0.1682
vn 0.2862 0.1669 -0.9435
vn -0.8172 -0.0035 -0.5764
vn -0.7883 -0.1994 0.5821
vn -0.6106 0.6209 -0.4916
vn -0.5150 -0.4336 -0.7394
vn -0.8117 0.3640 0.4567
vn -0.7095 -0.6820 0.1776
vn 0.0580 0.3011 0.9518
vn 0.1316 -0.7428 0.6565
vn 0.7967 0.5191 0.3096
vn 0.8460 -0.5320 0.0353
vn 0.3835 0.7167 -0.5825
vn 0.4464 -0.3409 -0.8274
vn -0.7503 0.6608 0.0199
vn -0.6300 -0.7055 -0.3247
vn -0.6696 0.1011 -0.7358
vn -0.9052 -0.1998 0.3751
vn -0.4027 0.4946 0.7702
vn -0.2925 -0.8668 0.4037
vn 0.1137 -0.2735 0.9551
vn 0.4335 0.5752 0.6937
vn 0.5192 -0.7886 0.3295
vn 0.9791 -0.0182 0.2027
vn 0.6026 0.7913 -0.1039
vn 0.6834 -0.5789 -0.4448
vn 0.4950 0.2133 -0.8423
vn -0.1290 0.8442 -0.5204
vn -0.0268 -0.5275 -0.8491
vn -0.0706 0.9665 0.2468
vn -0.9746 -0.0459 -0.2191
vn -0.1091 0.2095 -0.9717
vn 0.0707 -0.9665 -0.2468
vn -0.4904 -0.2775 0.8262
vn 0.6744 -0.1652 0.7196
vn 0.9101 0.1358 -0.3915
vn -0.1470 0.0454 0.9881
vn -0.8634 0.0584 0.5012
vn -0.9292 0.0711 -0.3625
vn -0.2950 0.0741 -0.9526
vn 0.5618 0.0650 -0.8247
vn 0.9959 0.0507 -0.0752
vn 0.6805 0.0420 0.7316
vn -0.5610 0.0455 0.8266
vn 0.2960 0.0363 0.9545
vn -0.9953 0.0597 0.0768
vn -0.6797 0.0685 -0.7303
vn 0.1480 0.0650 -0.9868
vn 0.8646 0.0521 -0.4997
vn 0.9305 0.0393 0.3642
vn 0.0002 0.0990 -0.9951
vn -0.0007 -0.8680 -0.4965
vn -0.7976 0.3654 -0.4799
vn -0.7986 -0.6016 0.0187
vn -0.4926 0.7950 0.3540
vn -0.4935 -0.1720 0.8526
vn 0.4939 0.7941 0.3542
vn 0.4929 -0.1728 0.8527
vn 0.7984 0.3640 -0.4796
vn 0.7975 -0.6030 0.0189
vn -0.4152 0.3667 -0.8325
vn -0.4164 -0.8903 -0.1845
vn -0.0003 -0.4583 -0.8888
vn -0.9511 -0.1408 -0.2748
vn -0.6718 0.7292 -0.1299
vn -0.6730 -0.5277 0.5182
vn -0.5876 0.3713 0.7190
vn 0.0008 0.9525 0.3044
vn -0.0004 -0.3044 0.9525
vn 0.5880 0.3702 0.7191
vn 0.6720 -0.5289 0.5183
vn 0.9510 -0.1425 -0.2745
vn -0.0000 0.3511 -0.9363
vn 0.4149 -0.8910 -0.1843
vn 0.0008 0.8888 -0.4583
vn -0.0000 -0.3868 -0.9222
vn -0.0009 -0.8888 0.4583
vn 0.4264 0.0780 0.9012
vn -0.4166 -0.0307 0.9086
vn -0.4264 -0.0780 -0.9011
vn -0.0982 0.9951 -0.0065
vn -0.0011 -0.7027 0.7115
vn -0.0979 -0.9952 0.0061
vn 0.0128 0.7037 0.7104
vn 0.0136 -0.7104 0.7036
vn -0.0128 -0.7037 -0.7104
vn 0.0851 0.9962 -0.0193
vn -0.0052 0.6929 -0.7210
vn 0.0052 -0.6929 0.7210
vn -0.0851 -0.9962 0.0193
vn -0.0114 -0.6307 0.7760
vn -0.0815 -0.9967 0.0029
vn 0.0114 0.6307 -0.7759
vn 0.0475 0.9988 0.0141
vn -0.0188 0.6588 0.7521
vn -0.0476 -0.9988 -0.0141
vn 0.0188 -0.6589 -0.7520
vn 0.0015 0.6788 -0.7343
vn -0.0054 0.6642 0.7475
vn 0.0054 -0.6643 -0.7475
vn -0.3786 0.9124 -0.1556
vn 0.0911 0.8361 0.5409
vn 0.7435 -0.6598 0.1083
vn 0.2209 -0.7978 -0.5609
vn -0.0000 0.9146 -0.4043
vn -1.0000 -0.0039 -0.0000
vn -0.5463 0.2909 -0.7854
vn 0.3714 0.9228 -0.1024
vn -0.3982 0.9053 -0.1476
vn 0.2390 -0.7886 -0.5665
vn 0.0116 -0.9793 0.2023
vn -0.7744 -0.6200 0.1258
vn -0.4510 0.8787 -0.1567
vn 0.0393 0.5929 -0.8043
vn 0.6307 -0.0204 0.7757
vn -0.0000 0.9927 -0.1206
vn -0.9498 0.3114 -0.0312
vn -0.7103 0.2690 -0.6505
vn -0.1295 0.2091 -0.9693
vn 0.5209 0.1597 -0.8385
vn 0.9231 0.1695 0.3452
vn 0.4867 0.2240 0.8444
vn -0.1684 0.2820 0.9445
vn -0.7356 0.3167 0.5988
vn -0.8885 0.2809 -0.3628
vn -0.9021 0.3064 0.3040
vn -0.4508 0.2263 -0.8635
vn 0.7755 0.1333 -0.6171
vn 0.7501 0.1811 0.6360
vn 0.1674 0.2410 0.9560
vn -0.4850 0.2907 0.8248
vn -0.7089 -0.1300 -0.6932
vn -0.5789 -0.0489 0.8139
vn 0.2530 0.0039 0.9675
vn -0.8805 0.1910 0.4338
vn -0.0264 0.1363 0.9903
vn -0.6311 0.7697 0.0959
vn -0.6311 0.7697 0.0960
vn 0.6312 -0.7697 -0.0960
vn 0.7850 -0.4704 0.4031
vn -0.6622 0.7359 0.1413
vn 0.1987 0.4297 0.8809
vn -0.6178 -0.6428 0.4529
vn -0.1357 0.1595 0.9778
vn -0.7336 0.1013 0.6720
vn -0.7998 0.0936 -0.5930
vn -0.2373 0.1476 -0.9602
vn 0.4286 0.2122 -0.8782
vn 0.8863 0.2568 -0.3855
vn 0.5179 0.2223 0.8261
vn -0.4614 0.1178 0.8794
vn 0.2057 0.1823 0.9615
vn -0.9550 0.0688 -0.2884
vn -0.5508 0.1073 -0.8277
vn 0.1041 0.1706 -0.9798
vn 0.7029 0.2288 -0.6735
vn 0.9656 0.2548 -0.0521
vn 0.7692 0.2363 0.5937
vn 0.0909 0.0336 0.9953
vn -0.5644 -0.0596 0.8233
vn -0.8974 -0.4140 0.1529
vn -0.8000 -0.0000 -0.6000
vn -0.7071 -0.7071 -0.0000
vn 0.4441 0.8950 0.0422
vn -0.4441 -0.8950 -0.0423
vn -0.4442 -0.8949 -0.0422
vn 0.4361 0.1825 -0.8812
vn 0.8930 0.2182 -0.3935
vn 0.9291 0.2482 0.2742
vn 0.5274 0.2586 0.8093
vn 0.1193 0.8030 0.5839
vn -0.1242 0.2445 0.9617
vn -0.3114 0.7872 0.5324
vn -0.7207 0.2126 0.6598
vn -0.6906 -0.6429 0.3312
vn -0.6078 0.7641 0.2161
vn -0.9830 0.1778 0.0451
vn -0.7884 0.1563 -0.5950
vn -0.2280 0.1583 -0.9607
vn 0.7097 0.1882 -0.6789
vn 0.9728 0.2231 -0.0625
vn 0.7777 0.2446 0.5791
vn 0.2159 0.2425 0.9458
vn -0.4499 0.2181 0.8660
vn -0.9080 0.1826 0.3772
vn -0.5414 0.1421 -0.8287
vn -0.1536 -0.1723 -0.9730
vn -0.6388 0.0728 0.7659
vn -0.9833 0.0335 0.1789
vn 0.0564 0.1787 0.9823
vn -0.9708 0.0743 0.2282
vn -0.5437 -0.0487 -0.8379
vn 0.7676 0.2371 0.5954
vn 0.8788 -0.4768 0.0176
vn 0.4564 0.8508 0.2603
vn -0.4564 -0.8509 -0.2603
vn 0.1782 0.2242 0.9581
vn -0.4853 0.2511 0.8375
vn -0.9177 0.2362 0.3195
vn -0.9165 0.1869 -0.3536
vn 0.1814 0.0817 -0.9800
vn 0.7645 0.0754 -0.6402
vn 0.9940 0.1095 -0.0064
vn 0.5002 0.1892 0.8450
vn -0.7487 0.2395 0.6181
vn -0.9786 0.2053 -0.0167
vn -0.7467 0.1464 -0.6488
vn 0.5030 0.0635 -0.8619
vn 0.9360 0.0783 -0.3431
vn 0.9349 0.1279 0.3310
vn -0.9553 0.0213 0.2949
vn -0.4757 0.0684 0.8770
vn 0.5222 0.0089 0.8528
vn -0.1798 0.0903 0.9796
vn -0.2214 -0.3704 0.9021
vn -0.0000 0.4472 0.8944
vn -0.3248 -0.5804 -0.7468
vn -0.9335 0.3003 -0.1958
vn 0.4282 0.6490 0.6288
vn -0.4100 0.6978 0.5874
vn -0.0277 0.7694 0.6382
vn 0.1029 -0.9893 0.1037
vn -0.4086 0.6837 0.6047
vn -0.8551 0.5110 -0.0870
vn 0.2281 -0.9690 0.0945
vn 0.1363 0.8210 -0.5545
vn -0.6321 0.5591 0.5366
vn -0.7503 0.6608 0.0198
vn -0.6696 0.1010 -0.7358
vn 0.4334 0.5752 0.6937
vn 0.6026 0.7912 -0.1039
vn 0.4949 0.2133 -0.8423
vn -0.1290 0.8441 -0.5204
vn 0.0706 -0.9665 -0.2468
vn -0.9293 0.0711 -0.3625
vn -0.5610 0.0454 0.8266
vn 0.8646 0.0521 -0.4998
vn 0.5880 0.3702 0.7192
vn 0.6732 0.7280 -0.1297
vn 0.4161 0.3660 -0.8324
vn 0.0009 0.8888 -0.4583
vn -0.0008 -0.8888 0.4583
vt 0.128500 0.746500
vt 0.128500 0.750000
vt 0.125000 0.746500
vt 0.621500 0.996500
vt 0.625000 0.996500
vt 0.621500 1.000000
vt 0.128500 0.503500
vt 0.125000 0.503500
vt 0.128500 0.500000
vt 0.625000 0.250015
vt 0.621500 0.253500
vt 0.621500 0.246501
vt 0.371500 0.746500
vt 0.378499 0.746500
vt 0.378362 0.753431
vt 0.628431 0.746638
vt 0.621500 0.753500
vt 0.621500 0.746501
vt 0.371500 0.503500
vt 0.378362 0.496569
vt 0.378499 0.503500
vt 0.628431 0.503363
vt 0.621500 0.503500
vt 0.621500 0.496501
vt 0.621500 0.000000
vt 0.378500 0.003500
vt 0.378500 0.000000
vt 0.621500 0.003500
vt 0.625000 0.003500
vt 0.378500 0.253500
vt 0.378500 0.246500
vt 0.378500 0.996500
vt 0.871500 0.746500
vt 0.621500 0.246501
vt 0.128500 0.746500
vt 0.378362 0.496569
vt 0.628431 0.503363
vt 0.621500 0.496501
vt 0.871500 0.503500
vt 0.750000 0.400031
vt 0.676653 0.454107
vt 0.823347 0.454107
vt 0.250000 0.373570
vt 0.343820 0.444819
vt 0.156180 0.444819
vt 0.867299 0.343543
vt 0.863846 0.434604
vt 0.955309 0.319914
vt 0.346611 0.327045
vt 0.460811 0.298116
vt 0.343820 0.444819
vt 0.896270 0.216615
vt 0.965311 0.276090
vt 0.932668 0.133074
vt 0.370472 0.222503
vt 0.419057 0.115181
vt 0.460811 0.298116
vt 0.815096 0.114827
vt 0.904642 0.097930
vt 0.772475 0.034282
vt 0.303615 0.138668
vt 0.250000 0.033767
vt 0.419057 0.115181
vt 0.684904 0.114827
vt 0.727525 0.034282
vt 0.595358 0.097930
vt 0.196385 0.138668
vt 0.080943 0.115181
vt 0.250000 0.033767
vt 0.603730 0.216615
vt 0.567332 0.133074
vt 0.534689 0.276090
vt 0.129528 0.222503
vt 0.039189 0.298116
vt 0.080943 0.115181
vt 0.632701 0.343543
vt 0.544692 0.319914
vt 0.636154 0.434604
vt 0.153389 0.327045
vt 0.156180 0.444819
vt 0.039189 0.298116
vt 0.055955 0.512583
vt 0.000000 0.987509
vt 0.000000 0.512676
vt 0.801188 0.512583
vt 0.928572 0.987417
vt 0.785714 0.987417
vt 0.642857 0.987417
vt 0.770240 0.512583
vt 0.785714 0.987417
vt 0.515474 0.512583
vt 0.642857 0.987416
vt 0.500000 0.987417
vt 0.357143 0.987416
vt 0.484526 0.512583
vt 0.500000 0.987417
vt 0.229760 0.512583
vt 0.357143 0.987417
vt 0.214286 0.987417
vt 0.071429 0.987417
vt 0.198812 0.512583
vt 0.214286 0.987417
vt 0.944045 0.512583
vt 0.913097 0.512583
vt 0.086903 0.512583
vt 0.071429 0.987417
vt 0.658331 0.512583
vt 0.627383 0.512583
vt 0.372617 0.512583
vt 0.341669 0.512583
vt 0.750000 0.399995
vt 0.676606 0.454053
vt 0.823394 0.454053
vt 0.250000 0.373523
vt 0.343820 0.444819
vt 0.156180 0.444819
vt 0.867271 0.343520
vt 0.863774 0.434606
vt 0.955295 0.319843
vt 0.346574 0.327015
vt 0.460811 0.298116
vt 0.343820 0.444819
vt 0.896234 0.216623
vt 0.965268 0.276148
vt 0.932605 0.133040
vt 0.370426 0.222514
vt 0.419057 0.115181
vt 0.460811 0.298116
vt 0.815080 0.114859
vt 0.904661 0.097999
vt 0.772409 0.034311
vt 0.303595 0.138710
vt 0.250000 0.033767
vt 0.684920 0.114859
vt 0.727591 0.034311
vt 0.595339 0.097999
vt 0.196405 0.138710
vt 0.080943 0.115181
vt 0.250000 0.033767
vt 0.603766 0.216623
vt 0.567395 0.133040
vt 0.534732 0.276148
vt 0.129574 0.222514
vt 0.080943 0.115181
vt 0.632729 0.343520
vt 0.544705 0.319843
vt 0.636226 0.434606
vt 0.153426 0.327015
vt 0.039189 0.298116
vt 0.055997 0.513278
vt 0.000000 0.986825
vt 0.000000 0.513381
vt 0.801146 0.513278
vt 0.928571 0.986722
vt 0.785714 0.986722
vt 0.642857 0.986722
vt 0.770282 0.513278
vt 0.785714 0.986722
vt 0.515432 0.513278
vt 0.642857 0.986722
vt 0.500000 0.986722
vt 0.357143 0.986722
vt 0.484568 0.513278
vt 0.500000 0.986722
vt 0.229718 0.513278
vt 0.357143 0.986722
vt 0.214286 0.986722
vt 0.086861 0.513278
vt 0.214286 0.986722
vt 0.071429 0.986722
vt 0.944003 0.513278
vt 0.913139 0.513278
vt 0.071429 0.986722
vt 0.658289 0.513278
vt 0.627425 0.513278
vt 0.372575 0.513278
vt 0.341711 0.513278
vt 0.198854 0.513278
vt 0.750000 0.399982
vt 0.676589 0.454033
vt 0.823411 0.454033
vt 0.250000 0.373506
vt 0.156180 0.444819
vt 0.867261 0.343512
vt 0.863749 0.434607
vt 0.955290 0.319818
vt 0.346561 0.327005
vt 0.460811 0.298116
vt 0.896222 0.216626
vt 0.965253 0.276169
vt 0.932582 0.133028
vt 0.370409 0.222517
vt 0.460811 0.298116
vt 0.815075 0.114871
vt 0.904667 0.098024
vt 0.772386 0.034321
vt 0.303587 0.138725
vt 0.250000 0.033767
vt 0.419057 0.115181
vt 0.684925 0.114871
vt 0.727614 0.034321
vt 0.595333 0.098024
vt 0.196413 0.138725
vt 0.080943 0.115181
vt 0.603778 0.216626
vt 0.567418 0.133028
vt 0.534747 0.276169
vt 0.129591 0.222517
vt 0.039189 0.298116
vt 0.632739 0.343512
vt 0.544710 0.319818
vt 0.636252 0.434607
vt 0.153439 0.327005
vt 0.156180 0.444819
vt 0.039189 0.298116
vt 0.056012 0.513527
vt 0.000000 0.986580
vt 0.000000 0.513634
vt 0.801131 0.513527
vt 0.928572 0.986473
vt 0.785714 0.986473
vt 0.658274 0.513527
vt 0.785714 0.986473
vt 0.642857 0.986473
vt 0.515417 0.513527
vt 0.500000 0.986473
vt 0.372560 0.513527
vt 0.500000 0.986473
vt 0.357143 0.986473
vt 0.229703 0.513527
vt 0.357143 0.986473
vt 0.214286 0.986473
vt 0.071429 0.986473
vt 0.198869 0.513527
vt 0.214286 0.986473
vt 0.943988 0.513527
vt 0.913154 0.513527
vt 0.086846 0.513527
vt 0.071429 0.986473
vt 0.770297 0.513527
vt 0.627440 0.513527
vt 0.484583 0.513527
vt 0.341726 0.513527
vt 0.750000 0.400007
vt 0.676622 0.454071
vt 0.823378 0.454071
vt 0.250000 0.373539
vt 0.343820 0.444819
vt 0.156180 0.444819
vt 0.867280 0.343528
vt 0.863799 0.434606
vt 0.955300 0.319867
vt 0.346587 0.327025
vt 0.896246 0.216620
vt 0.965283 0.276128
vt 0.932627 0.133052
vt 0.370442 0.222510
vt 0.815086 0.114848
vt 0.904654 0.097975
vt 0.772432 0.034301
vt 0.303602 0.138695
vt 0.419057 0.115181
vt 0.684914 0.114848
vt 0.727568 0.034301
vt 0.595345 0.097975
vt 0.196398 0.138695
vt 0.080943 0.115181
vt 0.603754 0.216620
vt 0.567373 0.133052
vt 0.534717 0.276128
vt 0.129558 0.222510
vt 0.080943 0.115181
vt 0.632720 0.343528
vt 0.544700 0.319867
vt 0.636201 0.434606
vt 0.153413 0.327025
vt 0.039189 0.298116
vt 0.071429 0.986962
vt 0.000000 0.513138
vt 0.055982 0.513038
vt 0.801161 0.513038
vt 0.928571 0.986962
vt 0.785714 0.986962
vt 0.658304 0.513038
vt 0.785714 0.986962
vt 0.642857 0.986962
vt 0.500000 0.986962
vt 0.627411 0.513038
vt 0.372589 0.513038
vt 0.500000 0.986962
vt 0.357143 0.986962
vt 0.229732 0.513038
vt 0.357143 0.986962
vt 0.214286 0.986962
vt 0.071429 0.986962
vt 0.198839 0.513038
vt 0.214286 0.986962
vt 0.944018 0.513038
vt 0.913125 0.513038
vt 0.086875 0.513038
vt 0.770268 0.513038
vt 0.515447 0.513038
vt 0.484553 0.513038
vt 0.341696 0.513038
vt 0.750000 0.399968
vt 0.676572 0.454013
vt 0.823428 0.454013
vt 0.250000 0.373489
vt 0.156180 0.444819
vt 0.867250 0.343504
vt 0.863722 0.434608
vt 0.955285 0.319791
vt 0.346547 0.326994
vt 0.460811 0.298116
vt 0.896208 0.216629
vt 0.965237 0.276190
vt 0.932558 0.133016
vt 0.370392 0.222521
vt 0.419057 0.115181
vt 0.460811 0.298116
vt 0.815069 0.114883
vt 0.904674 0.098050
vt 0.772361 0.034332
vt 0.303580 0.138741
vt 0.419057 0.115181
vt 0.684931 0.114883
vt 0.727639 0.034332
vt 0.595326 0.098050
vt 0.196420 0.138741
vt 0.603792 0.216629
vt 0.567442 0.133016
vt 0.534763 0.276190
vt 0.129607 0.222521
vt 0.039189 0.298116
vt 0.632750 0.343504
vt 0.544715 0.319791
vt 0.636278 0.434608
vt 0.153453 0.326994
vt 0.156180 0.444819
vt 0.071429 0.986214
vt 0.000000 0.513896
vt 0.056027 0.513785
vt 0.801116 0.513785
vt 0.928572 0.986214
vt 0.785714 0.986214
vt 0.658258 0.513786
vt 0.785714 0.986214
vt 0.642857 0.986214
vt 0.515401 0.513786
vt 0.642857 0.986214
vt 0.500000 0.986214
vt 0.357143 0.986214
vt 0.484599 0.513785
vt 0.500000 0.986214
vt 0.214286 0.986214
vt 0.341742 0.513785
vt 0.357143 0.986214
vt 0.071429 0.986215
vt 0.198884 0.513785
vt 0.943973 0.513785
vt 0.913170 0.513785
vt 0.086830 0.513786
vt 0.770313 0.513785
vt 0.627456 0.513785
vt 0.372544 0.513785
vt 0.229687 0.513785
vt 0.750000 0.454416
vt 0.716452 0.476291
vt 0.783548 0.476291
vt 0.250000 0.451875
vt 0.281085 0.478686
vt 0.218915 0.478686
vt 0.881396 0.406592
vt 0.869758 0.444913
vt 0.921156 0.401784
vt 0.379762 0.404645
vt 0.420809 0.405203
vt 0.373184 0.445165
vt 0.951311 0.285497
vt 0.967027 0.322333
vt 0.978679 0.256257
vt 0.448808 0.285055
vt 0.480610 0.259098
vt 0.469814 0.320324
vt 0.927030 0.147792
vt 0.962748 0.165908
vt 0.929200 0.107801
vt 0.424828 0.149063
vt 0.432505 0.108737
vt 0.463590 0.162577
vt 0.819914 0.057912
vt 0.858921 0.048830
vt 0.795871 0.025882
vt 0.319045 0.060300
vt 0.299005 0.024474
vt 0.357426 0.045737
vt 0.680086 0.057912
vt 0.704129 0.025882
vt 0.641079 0.048830
vt 0.180955 0.060300
vt 0.142574 0.045737
vt 0.200995 0.024474
vt 0.572970 0.147792
vt 0.570800 0.107801
vt 0.537252 0.165908
vt 0.075172 0.149063
vt 0.036410 0.162577
vt 0.067495 0.108737
vt 0.548689 0.285497
vt 0.521322 0.256257
vt 0.532973 0.322333
vt 0.051192 0.285055
vt 0.030186 0.320324
vt 0.019390 0.259098
vt 0.618604 0.406592
vt 0.578844 0.401784
vt 0.630242 0.444913
vt 0.120238 0.404645
vt 0.126816 0.445165
vt 0.079191 0.405203
vt 0.023481 0.756088
vt 0.000000 0.763323
vt 0.023449 0.743912
vt 0.865439 0.743912
vt 0.912370 0.756088
vt 0.865408 0.756088
vt 0.754328 0.743912
vt 0.801259 0.756088
vt 0.754296 0.756088
vt 0.643217 0.743912
vt 0.690148 0.756088
vt 0.643185 0.756088
vt 0.532074 0.756088
vt 0.579005 0.743912
vt 0.579037 0.756088
vt 0.420963 0.756088
vt 0.467894 0.743912
vt 0.467926 0.756088
vt 0.309884 0.743912
vt 0.356815 0.756088
vt 0.309852 0.756088
vt 0.198741 0.756088
vt 0.245672 0.743912
vt 0.245704 0.756088
vt 0.087630 0.756088
vt 0.134560 0.743912
vt 0.134593 0.756088
vt 0.976551 0.743912
vt 0.912338 0.743912
vt 0.087662 0.743912
vt 0.801227 0.743912
vt 0.690116 0.743912
vt 0.532106 0.743912
vt 0.420995 0.743912
vt 0.356783 0.743912
vt 0.198773 0.743912
vt 0.021105 1.000000
vt 0.000000 0.500000
vt 0.022067 0.500000
vt 0.866822 0.500000
vt 0.909994 1.000000
vt 0.867784 1.000000
vt 0.756673 1.000000
vt 0.799844 0.500000
vt 0.798882 1.000000
vt 0.644600 0.500000
vt 0.687771 1.000000
vt 0.645562 1.000000
vt 0.533489 0.500000
vt 0.576660 1.000000
vt 0.534451 1.000000
vt 0.423340 1.000000
vt 0.466511 0.500000
vt 0.465549 1.000000
vt 0.311267 0.500000
vt 0.354438 1.000000
vt 0.312229 1.000000
vt 0.200156 0.500000
vt 0.243327 1.000000
vt 0.201118 1.000000
vt 0.090007 1.000000
vt 0.133178 0.500000
vt 0.132216 1.000000
vt 0.978895 1.000000
vt 0.910955 0.500000
vt 0.977933 0.500000
vt 0.089045 0.500000
vt 0.755711 0.500000
vt 0.688733 0.500000
vt 0.577622 0.500000
vt 0.355400 0.500000
vt 0.422378 0.500000
vt 0.244289 0.500000
vt 0.019116 1.000000
vt 0.019718 0.500000
vt 0.869171 0.500000
vt 0.908004 1.000000
vt 0.869773 1.000000
vt 0.758662 1.000000
vt 0.797496 0.500000
vt 0.796893 1.000000
vt 0.647551 1.000000
vt 0.686384 0.500000
vt 0.685782 1.000000
vt 0.535838 0.500000
vt 0.574671 1.000000
vt 0.536440 1.000000
vt 0.424727 0.500000
vt 0.463560 1.000000
vt 0.425329 1.000000
vt 0.314218 1.000000
vt 0.353051 0.500000
vt 0.352449 1.000000
vt 0.202505 0.500000
vt 0.241338 1.000000
vt 0.203107 1.000000
vt 0.091393 0.500000
vt 0.130227 1.000000
vt 0.091996 1.000000
vt 0.980282 0.500000
vt 0.908607 0.500000
vt 0.758060 0.500000
vt 0.646949 0.500000
vt 0.575273 0.500000
vt 0.464162 0.500000
vt 0.241940 0.500000
vt 0.313616 0.500000
vt 0.130829 0.500000
vt 0.017724 1.000000
vt 0.017974 0.500000
vt 0.870915 0.500000
vt 0.906613 1.000000
vt 0.871165 1.000000
vt 0.760054 1.000000
vt 0.795752 0.500000
vt 0.795502 1.000000
vt 0.648693 0.500000
vt 0.684391 1.000000
vt 0.648943 1.000000
vt 0.537832 1.000000
vt 0.573529 0.500000
vt 0.573280 1.000000
vt 0.426471 0.500000
vt 0.462168 1.000000
vt 0.426721 1.000000
vt 0.315359 0.500000
vt 0.351057 1.000000
vt 0.315609 1.000000
vt 0.204248 0.500000
vt 0.239946 1.000000
vt 0.204498 1.000000
vt 0.093137 0.500000
vt 0.128835 1.000000
vt 0.093387 1.000000
vt 0.982276 1.000000
vt 0.906863 0.500000
vt 0.982026 0.500000
vt 0.759804 0.500000
vt 0.684641 0.500000
vt 0.537582 0.500000
vt 0.462418 0.500000
vt 0.351307 0.500000
vt 0.240196 0.500000
vt 0.129085 0.500000
vt 0.016743 0.500000
vt 0.000000 1.000000
vt 0.000000 0.500695
vt 0.872103 1.000000
vt 0.905632 0.500000
vt 0.905675 1.000000
vt 0.761035 0.500000
vt 0.794564 1.000000
vt 0.760992 1.000000
vt 0.649881 1.000000
vt 0.683409 0.500000
vt 0.683453 1.000000
vt 0.538769 1.000000
vt 0.572298 0.500000
vt 0.572342 1.000000
vt 0.427702 0.500000
vt 0.461231 1.000000
vt 0.427658 1.000000
vt 0.316547 1.000000
vt 0.350076 0.500000
vt 0.350120 1.000000
vt 0.205480 0.500000
vt 0.239008 1.000000
vt 0.205436 1.000000
vt 0.094368 0.500000
vt 0.127897 1.000000
vt 0.094325 1.000000
vt 0.983214 1.000000
vt 0.983257 0.500000
vt 0.016786 1.000000
vt 0.794521 0.500000
vt 0.872146 0.500000
vt 0.649924 0.500000
vt 0.461187 0.500000
vt 0.538813 0.500000
vt 0.238965 0.500000
vt 0.316591 0.500000
vt 0.127854 0.500000
vt 0.015909 0.500000
vt 0.000000 0.504338
vt 0.872731 1.000000
vt 0.904798 0.500000
vt 0.905047 1.000000
vt 0.761868 0.500000
vt 0.793936 1.000000
vt 0.761620 1.000000
vt 0.650757 0.500000
vt 0.682825 1.000000
vt 0.650509 1.000000
vt 0.539646 0.500000
vt 0.571714 1.000000
vt 0.539397 1.000000
vt 0.428535 0.500000
vt 0.460603 1.000000
vt 0.428286 1.000000
vt 0.317175 1.000000
vt 0.349243 0.500000
vt 0.349492 1.000000
vt 0.206064 1.000000
vt 0.238132 0.500000
vt 0.238380 1.000000
vt 0.094953 1.000000
vt 0.127020 0.500000
vt 0.127269 1.000000
vt 0.983842 1.000000
vt 0.984091 0.500000
vt 0.095202 0.500000
vt 0.793687 0.500000
vt 0.872980 0.500000
vt 0.682576 0.500000
vt 0.571465 0.500000
vt 0.460354 0.500000
vt 0.317424 0.500000
vt 0.206313 0.500000
vt 0.015345 0.500000
vt 0.000000 0.506413
vt 0.873544 0.500000
vt 0.904580 1.000000
vt 0.873198 1.000000
vt 0.762433 0.500000
vt 0.793469 1.000000
vt 0.762087 1.000000
vt 0.651322 0.500000
vt 0.682358 1.000000
vt 0.650975 1.000000
vt 0.539864 1.000000
vt 0.570901 0.500000
vt 0.571247 1.000000
vt 0.428753 1.000000
vt 0.459790 0.500000
vt 0.460136 1.000000
vt 0.317988 0.500000
vt 0.349025 1.000000
vt 0.317642 1.000000
vt 0.206531 1.000000
vt 0.237567 0.500000
vt 0.237914 1.000000
vt 0.095420 1.000000
vt 0.126456 0.500000
vt 0.126802 1.000000
vt 0.984655 0.500000
vt 0.904234 0.500000
vt 0.095766 0.500000
vt 0.793123 0.500000
vt 0.682012 0.500000
vt 0.540210 0.500000
vt 0.348679 0.500000
vt 0.429099 0.500000
vt 0.206877 0.500000
vt 0.015389 1.000000
vt 0.000000 0.509512
vt 0.015021 0.500000
vt 0.873500 1.000000
vt 0.903910 0.500000
vt 0.904278 1.000000
vt 0.762757 0.500000
vt 0.793166 1.000000
vt 0.762389 1.000000
vt 0.651646 0.500000
vt 0.682055 1.000000
vt 0.651278 1.000000
vt 0.540535 0.500000
vt 0.570944 1.000000
vt 0.540167 1.000000
vt 0.429056 1.000000
vt 0.459465 0.500000
vt 0.459833 1.000000
vt 0.317945 1.000000
vt 0.348354 0.500000
vt 0.348722 1.000000
vt 0.207202 0.500000
vt 0.237611 1.000000
vt 0.206834 1.000000
vt 0.096091 0.500000
vt 0.126500 1.000000
vt 0.095722 1.000000
vt 0.984611 1.000000
vt 0.984979 0.500000
vt 0.792798 0.500000
vt 0.873868 0.500000
vt 0.681687 0.500000
vt 0.570576 0.500000
vt 0.429424 0.500000
vt 0.237243 0.500000
vt 0.318313 0.500000
vt 0.126132 0.500000
vt 0.750000 0.315630
vt 0.635873 0.407082
vt 0.864127 0.407082
vt 0.250000 0.315630
vt 0.364127 0.407082
vt 0.135873 0.407082
vt 0.812418 0.270281
vt 0.864127 0.407082
vt 0.934661 0.190000
vt 0.312418 0.270281
vt 0.434661 0.190000
vt 0.364127 0.407082
vt 0.788576 0.196904
vt 0.934661 0.190000
vt 0.750000 0.055836
vt 0.288576 0.196904
vt 0.250000 0.055836
vt 0.434661 0.190000
vt 0.711424 0.196904
vt 0.750000 0.055836
vt 0.565339 0.190000
vt 0.211424 0.196904
vt 0.065339 0.190000
vt 0.250000 0.055836
vt 0.687582 0.270281
vt 0.565339 0.190000
vt 0.635873 0.407082
vt 0.187582 0.270281
vt 0.135873 0.407082
vt 0.065339 0.190000
vt 0.100000 0.987176
vt 0.000000 0.512824
vt 0.100000 0.512824
vt 0.700000 0.512824
vt 0.900000 0.987176
vt 0.700000 0.987176
vt 0.500000 0.512824
vt 0.700000 0.987176
vt 0.500000 0.987176
vt 0.300000 0.512824
vt 0.500000 0.987176
vt 0.300000 0.987176
vt 0.300000 0.512824
vt 0.300000 0.987176
vt 0.900000 0.512824
vt 0.900000 0.512824
vt 0.100000 0.512824
vt 0.700000 0.512824
vt 0.500000 0.512824
vt 0.864127 0.407082
vt 0.250000 0.315630
vt 0.135873 0.407082
vt 0.812418 0.270281
vt 0.864127 0.407082
vt 0.934661 0.190000
vt 0.312418 0.270281
vt 0.434661 0.190000
vt 0.364127 0.407082
vt 0.934661 0.190000
vt 0.288576 0.196904
vt 0.250000 0.055836
vt 0.434661 0.190000
vt 0.711424 0.196904
vt 0.750000 0.055836
vt 0.565339 0.190000
vt 0.065339 0.190000
vt 0.687582 0.270281
vt 0.565339 0.190000
vt 0.635873 0.407082
vt 0.187582 0.270281
vt 0.135873 0.407082
vt 0.065339 0.190000
vt 0.100000 0.987618
vt 0.000000 0.512382
vt 0.100000 0.512382
vt 0.700000 0.987618
vt 0.900000 0.512382
vt 0.900000 0.987618
vt 0.500000 0.512382
vt 0.500000 0.987618
vt 0.300000 0.987618
vt 0.100000 0.512382
vt 0.300000 0.987618
vt 0.100000 0.987618
vt 0.700000 0.512382
vt 0.700000 0.512382
vt 0.300000 0.512382
vt 0.300000 0.512382
vt 0.750000 0.440860
vt 0.704703 0.471317
vt 0.795297 0.471317
vt 0.250000 0.437350
vt 0.293851 0.474039
vt 0.206149 0.474040
vt 0.872683 0.396208
vt 0.857560 0.448655
vt 0.926960 0.390422
vt 0.370427 0.393519
vt 0.427602 0.393437
vt 0.360418 0.449811
vt 0.937961 0.283143
vt 0.960089 0.333040
vt 0.975821 0.243822
vt 0.434504 0.282533
vt 0.478251 0.245719
vt 0.463021 0.332089
vt 0.915290 0.154570
vt 0.964315 0.178570
vt 0.919017 0.100113
vt 0.412250 0.156325
vt 0.422098 0.100004
vt 0.465949 0.175956
vt 0.815278 0.070650
vt 0.868260 0.057523
vt 0.783129 0.026537
vt 0.314078 0.073948
vt 0.285419 0.024474
vt 0.367833 0.054470
vt 0.684722 0.070650
vt 0.716871 0.026537
vt 0.631740 0.057523
vt 0.185922 0.073948
vt 0.132167 0.054470
vt 0.214581 0.024474
vt 0.584710 0.154570
vt 0.580983 0.100113
vt 0.535685 0.178570
vt 0.087750 0.156325
vt 0.034051 0.175956
vt 0.077902 0.100004
vt 0.562039 0.283143
vt 0.524180 0.243822
vt 0.539911 0.333040
vt 0.065496 0.282533
vt 0.036979 0.332089
vt 0.021750 0.245719
vt 0.627317 0.396208
vt 0.573040 0.390422
vt 0.642440 0.448655
vt 0.129573 0.393519
vt 0.139582 0.449811
vt 0.072398 0.393437
vt 0.032385 0.753249
vt 0.000000 0.761158
vt 0.032360 0.746751
vt 0.856529 0.746751
vt 0.921274 0.753249
vt 0.856504 0.753249
vt 0.745393 0.753249
vt 0.810138 0.746751
vt 0.810163 0.753249
vt 0.634307 0.746751
vt 0.699052 0.753249
vt 0.634282 0.753249
vt 0.523171 0.753249
vt 0.587915 0.746751
vt 0.587941 0.753249
vt 0.412059 0.753249
vt 0.476804 0.746751
vt 0.476829 0.753249
vt 0.300974 0.746751
vt 0.365718 0.753249
vt 0.300948 0.753249
vt 0.189862 0.746751
vt 0.254607 0.753249
vt 0.189837 0.753249
vt 0.078751 0.746751
vt 0.143496 0.753248
vt 0.078726 0.753249
vt 0.967615 0.753249
vt 0.921249 0.746751
vt 0.967640 0.746751
vt 0.699026 0.746751
vt 0.745418 0.746751
vt 0.523196 0.746751
vt 0.365693 0.746751
vt 0.412085 0.746751
vt 0.254582 0.746751
vt 0.143471 0.746751
vt 0.029615 0.500000
vt 0.000000 0.994890
vt 0.859274 0.500000
vt 0.917997 1.000000
vt 0.859781 1.000000
vt 0.748670 1.000000
vt 0.807393 0.500000
vt 0.806886 1.000000
vt 0.637051 0.500000
vt 0.695775 1.000000
vt 0.637558 1.000000
vt 0.525940 0.500000
vt 0.584664 1.000000
vt 0.526447 1.000000
vt 0.415336 1.000000
vt 0.474060 0.500000
vt 0.473553 1.000000
vt 0.304225 1.000000
vt 0.362949 0.500000
vt 0.362442 1.000000
vt 0.193114 1.000000
vt 0.251837 0.500000
vt 0.251331 1.000000
vt 0.082003 1.000000
vt 0.140726 0.500000
vt 0.140219 1.000000
vt 0.970892 1.000000
vt 0.918504 0.500000
vt 0.970385 0.500000
vt 0.081496 0.500000
vt 0.696282 0.500000
vt 0.748163 0.500000
vt 0.585171 0.500000
vt 0.414829 0.500000
vt 0.303718 0.500000
vt 0.192607 0.500000
vt 0.026555 0.500000
vt 0.000000 0.998396
vt 0.862507 1.000000
vt 0.915444 0.500000
vt 0.915270 1.000000
vt 0.751396 1.000000
vt 0.804333 0.500000
vt 0.804159 1.000000
vt 0.640285 1.000000
vt 0.693222 0.500000
vt 0.693048 1.000000
vt 0.529174 1.000000
vt 0.582111 0.500000
vt 0.581937 1.000000
vt 0.417889 0.500000
vt 0.470826 1.000000
vt 0.418063 1.000000
vt 0.306952 1.000000
vt 0.359889 0.500000
vt 0.359715 1.000000
vt 0.195841 1.000000
vt 0.248777 0.500000
vt 0.248604 1.000000
vt 0.084556 0.500000
vt 0.137493 1.000000
vt 0.084730 1.000000
vt 0.973619 1.000000
vt 0.973445 0.500000
vt 0.862334 0.500000
vt 0.751223 0.500000
vt 0.640111 0.500000
vt 0.471000 0.500000
vt 0.529000 0.500000
vt 0.306778 0.500000
vt 0.195667 0.500000
vt 0.137666 0.500000
vt 0.024270 0.500000
vt 0.000000 0.502208
vt 0.864416 1.000000
vt 0.913159 0.500000
vt 0.913362 1.000000
vt 0.753305 1.000000
vt 0.802048 0.500000
vt 0.802251 1.000000
vt 0.642396 0.500000
vt 0.691140 1.000000
vt 0.642194 1.000000
vt 0.531082 1.000000
vt 0.579826 0.500000
vt 0.580029 1.000000
vt 0.420174 0.500000
vt 0.468918 1.000000
vt 0.419971 1.000000
vt 0.309063 0.500000
vt 0.357806 1.000000
vt 0.308860 1.000000
vt 0.197749 1.000000
vt 0.246493 0.500000
vt 0.246695 1.000000
vt 0.086841 0.500000
vt 0.135584 1.000000
vt 0.086638 1.000000
vt 0.975730 0.500000
vt 0.864618 0.500000
vt 0.690937 0.500000
vt 0.753507 0.500000
vt 0.468715 0.500000
vt 0.531285 0.500000
vt 0.357604 0.500000
vt 0.135382 0.500000
vt 0.197952 0.500000
vt 0.022653 0.500000
vt 0.000000 0.506575
vt 0.865699 1.000000
vt 0.911542 0.500000
vt 0.912078 1.000000
vt 0.754588 1.000000
vt 0.800431 0.500000
vt 0.800967 1.000000
vt 0.644014 0.500000
vt 0.689856 1.000000
vt 0.643477 1.000000
vt 0.532903 0.500000
vt 0.578745 1.000000
vt 0.532366 1.000000
vt 0.421255 1.000000
vt 0.467097 0.500000
vt 0.467634 1.000000
vt 0.310144 1.000000
vt 0.355986 0.500000
vt 0.356523 1.000000
vt 0.199569 0.500000
vt 0.245412 1.000000
vt 0.199033 1.000000
vt 0.088458 0.500000
vt 0.134301 1.000000
vt 0.087922 1.000000
vt 0.976811 1.000000
vt 0.977347 0.500000
vt 0.866236 0.500000
vt 0.689320 0.500000
vt 0.755125 0.500000
vt 0.578208 0.500000
vt 0.421792 0.500000
vt 0.310680 0.500000
vt 0.244875 0.500000
vt 0.133764 0.500000
vt 0.022329 1.000000
vt 0.000000 0.510276
vt 0.021554 0.500000
vt 0.867335 0.500000
vt 0.911218 1.000000
vt 0.866560 1.000000
vt 0.755449 1.000000
vt 0.799332 0.500000
vt 0.800107 1.000000
vt 0.645112 0.500000
vt 0.688996 1.000000
vt 0.644338 1.000000
vt 0.533227 1.000000
vt 0.577110 0.500000
vt 0.577885 1.000000
vt 0.422890 0.500000
vt 0.466773 1.000000
vt 0.422116 1.000000
vt 0.311779 0.500000
vt 0.355662 1.000000
vt 0.311004 1.000000
vt 0.200668 0.500000
vt 0.244551 1.000000
vt 0.199893 1.000000
vt 0.088782 1.000000
vt 0.132665 0.500000
vt 0.133440 1.000000
vt 0.977671 1.000000
vt 0.910443 0.500000
vt 0.978446 0.500000
vt 0.089557 0.500000
vt 0.688221 0.500000
vt 0.756223 0.500000
vt 0.465999 0.500000
vt 0.534001 0.500000
vt 0.354888 0.500000
vt 0.243777 0.500000
vt 0.020808 0.500000
vt 0.000000 0.512360
vt 0.868081 0.500000
vt 0.910576 1.000000
vt 0.867202 1.000000
vt 0.756091 1.000000
vt 0.798585 0.500000
vt 0.799465 1.000000
vt 0.645859 0.500000
vt 0.688354 1.000000
vt 0.644980 1.000000
vt 0.533869 1.000000
vt 0.576363 0.500000
vt 0.577242 1.000000
vt 0.423637 0.500000
vt 0.466131 1.000000
vt 0.422758 1.000000
vt 0.312526 0.500000
vt 0.355020 1.000000
vt 0.311647 1.000000
vt 0.201415 0.500000
vt 0.243909 1.000000
vt 0.200535 1.000000
vt 0.090304 0.500000
vt 0.132798 1.000000
vt 0.089424 1.000000
vt 0.978313 1.000000
vt 0.909696 0.500000
vt 0.979192 0.500000
vt 0.021687 1.000000
vt 0.687474 0.500000
vt 0.756970 0.500000
vt 0.465252 0.500000
vt 0.534748 0.500000
vt 0.354141 0.500000
vt 0.243030 0.500000
vt 0.131919 0.500000
vt 0.021243 1.000000
vt 0.000000 0.506933
vt 0.020734 0.500000
vt 0.867646 1.000000
vt 0.909623 0.500000
vt 0.910131 1.000000
vt 0.757043 0.500000
vt 0.799020 1.000000
vt 0.756535 1.000000
vt 0.645424 1.000000
vt 0.687401 0.500000
vt 0.687909 1.000000
vt 0.534313 1.000000
vt 0.576290 0.500000
vt 0.576798 1.000000
vt 0.423710 0.500000
vt 0.465687 1.000000
vt 0.423202 1.000000
vt 0.312599 0.500000
vt 0.354576 1.000000
vt 0.312091 1.000000
vt 0.201488 0.500000
vt 0.243465 1.000000
vt 0.200980 1.000000
vt 0.089869 1.000000
vt 0.131846 0.500000
vt 0.132354 1.000000
vt 0.979266 0.500000
vt 0.090377 0.500000
vt 0.798512 0.500000
vt 0.868154 0.500000
vt 0.645932 0.500000
vt 0.465179 0.500000
vt 0.534821 0.500000
vt 0.354068 0.500000
vt 0.242957 0.500000
vt 0.750000 0.315630
vt 0.635873 0.407082
vt 0.864127 0.407082
vt 0.364127 0.407082
vt 0.135873 0.407082
vt 0.864127 0.407082
vt 0.934661 0.190000
vt 0.312418 0.270281
vt 0.364127 0.407082
vt 0.788576 0.196904
vt 0.750000 0.055836
vt 0.711424 0.196904
vt 0.250000 0.055836
vt 0.687582 0.270281
vt 0.635873 0.407082
vt 0.187582 0.270281
vt 0.135873 0.407082
vt 0.100000 0.512526
vt 0.000000 0.987474
vt 0.000000 0.512526
vt 0.700000 0.512526
vt 0.900000 0.987474
vt 0.700000 0.987474
vt 0.500000 0.512526
vt 0.500000 0.987474
vt 0.300000 0.512526
vt 0.300000 0.987474
vt 0.100000 0.987474
vt 0.300000 0.512526
vt 0.300000 0.987474
vt 0.900000 0.512526
vt 0.100000 0.512526
vt 0.100000 0.987474
vt 0.864127 0.407082
vt 0.250000 0.315630
vt 0.135873 0.407082
vt 0.812418 0.270281
vt 0.934661 0.190000
vt 0.364127 0.407082
vt 0.788576 0.196904
vt 0.288576 0.196904
vt 0.711424 0.196904
vt 0.211424 0.196904
vt 0.250000 0.055836
vt 0.687582 0.270281
vt 0.100000 0.512612
vt 0.000000 0.987388
vt 0.000000 0.512612
vt 0.700000 0.512612
vt 0.900000 0.987388
vt 0.700000 0.987388
vt 0.500000 0.987388
vt 0.700000 0.512612
vt 0.300000 0.987388
vt 0.500000 0.512612
vt 0.100000 0.512612
vt 0.300000 0.987388
vt 0.100000 0.987388
vt 0.900000 0.512612
vt 0.900000 0.512612
vt 0.100000 0.987388
vt 0.500000 0.512612
vt 0.300000 0.512612
vt 0.300000 0.512612
vt 0.750000 0.449690
vt 0.712352 0.474563
vt 0.787648 0.474563
vt 0.250000 0.446811
vt 0.285530 0.477068
vt 0.214470 0.477068
vt 0.878358 0.402972
vt 0.865506 0.446225
vt 0.923186 0.397825
vt 0.376508 0.400766
vt 0.423174 0.401106
vt 0.368739 0.446783
vt 0.946657 0.284676
vt 0.964613 0.326071
vt 0.977689 0.251919
vt 0.443821 0.284176
vt 0.479788 0.254439
vt 0.467449 0.324421
vt 0.922937 0.150155
vt 0.963301 0.170323
vt 0.925653 0.105114
vt 0.420443 0.151595
vt 0.428881 0.105696
vt 0.464412 0.167236
vt 0.818298 0.062353
vt 0.862183 0.051857
vt 0.791427 0.026104
vt 0.317313 0.065058
vt 0.294274 0.024474
vt 0.361049 0.048778
vt 0.681702 0.062353
vt 0.708573 0.026104
vt 0.637817 0.051857
vt 0.182687 0.065058
vt 0.138951 0.048778
vt 0.205726 0.024474
vt 0.577063 0.150155
vt 0.574347 0.105114
vt 0.536699 0.170323
vt 0.079557 0.151595
vt 0.035588 0.167236
vt 0.071119 0.105696
vt 0.553343 0.284676
vt 0.522312 0.251919
vt 0.535387 0.326071
vt 0.056179 0.284176
vt 0.032551 0.324421
vt 0.020212 0.254439
vt 0.621641 0.402972
vt 0.576814 0.397825
vt 0.634494 0.446225
vt 0.123492 0.400766
vt 0.131261 0.446783
vt 0.076826 0.401106
vt 0.026584 0.754783
vt 0.000000 0.762548
vt 0.026555 0.745217
vt 0.862305 0.754783
vt 0.915444 0.745217
vt 0.915473 0.754783
vt 0.751194 0.754783
vt 0.804333 0.745217
vt 0.804362 0.754783
vt 0.640083 0.754783
vt 0.693222 0.745217
vt 0.693251 0.754783
vt 0.529001 0.745217
vt 0.582140 0.754783
vt 0.528972 0.754783
vt 0.417890 0.745217
vt 0.471029 0.754783
vt 0.417860 0.754783
vt 0.306779 0.745218
vt 0.359917 0.754783
vt 0.306749 0.754783
vt 0.195667 0.745217
vt 0.248806 0.754783
vt 0.195638 0.754783
vt 0.084556 0.745217
vt 0.137695 0.754783
vt 0.084527 0.754783
vt 0.973416 0.754783
vt 0.973445 0.745217
vt 0.862334 0.745217
vt 0.751223 0.745217
vt 0.582110 0.745217
vt 0.640112 0.745217
vt 0.470999 0.745217
vt 0.359888 0.745217
vt 0.248777 0.745217
vt 0.137666 0.745217
vt 0.023891 1.000000
vt 0.024742 0.500000
vt 0.864998 1.000000
vt 0.913630 0.500000
vt 0.912780 1.000000
vt 0.753036 0.500000
vt 0.801669 1.000000
vt 0.753886 1.000000
vt 0.642775 1.000000
vt 0.691408 0.500000
vt 0.690558 1.000000
vt 0.530814 0.500000
vt 0.579447 1.000000
vt 0.531664 1.000000
vt 0.419703 0.500000
vt 0.468336 1.000000
vt 0.420553 1.000000
vt 0.308592 0.500000
vt 0.357225 1.000000
vt 0.309442 1.000000
vt 0.198331 1.000000
vt 0.246964 0.500000
vt 0.246114 1.000000
vt 0.086370 0.500000
vt 0.135002 1.000000
vt 0.087220 1.000000
vt 0.976109 1.000000
vt 0.975258 0.500000
vt 0.864147 0.500000
vt 0.802519 0.500000
vt 0.580297 0.500000
vt 0.641925 0.500000
vt 0.469186 0.500000
vt 0.358075 0.500000
vt 0.135853 0.500000
vt 0.197481 0.500000
vt 0.021647 1.000000
vt 0.022138 0.500000
vt 0.866751 0.500000
vt 0.910535 1.000000
vt 0.867242 1.000000
vt 0.755640 0.500000
vt 0.799424 1.000000
vt 0.756131 1.000000
vt 0.645020 1.000000
vt 0.688804 0.500000
vt 0.688313 1.000000
vt 0.533418 0.500000
vt 0.577202 1.000000
vt 0.533909 1.000000
vt 0.422307 0.500000
vt 0.466091 1.000000
vt 0.422798 1.000000
vt 0.311687 1.000000
vt 0.355471 0.500000
vt 0.354980 1.000000
vt 0.200576 1.000000
vt 0.244360 0.500000
vt 0.243869 1.000000
vt 0.089465 1.000000
vt 0.133249 0.500000
vt 0.132758 1.000000
vt 0.977863 0.500000
vt 0.911026 0.500000
vt 0.088974 0.500000
vt 0.799915 0.500000
vt 0.644529 0.500000
vt 0.577693 0.500000
vt 0.466582 0.500000
vt 0.311196 0.500000
vt 0.200085 0.500000
vt 0.020200 0.500000
vt 0.000000 0.998544
vt 0.868814 1.000000
vt 0.909088 0.500000
vt 0.908964 1.000000
vt 0.757703 1.000000
vt 0.797977 0.500000
vt 0.797853 1.000000
vt 0.646467 0.500000
vt 0.686742 1.000000
vt 0.646591 1.000000
vt 0.535480 1.000000
vt 0.575755 0.500000
vt 0.575631 1.000000
vt 0.424245 0.500000
vt 0.464520 1.000000
vt 0.424369 1.000000
vt 0.313134 0.500000
vt 0.353409 1.000000
vt 0.313258 1.000000
vt 0.202147 1.000000
vt 0.242422 0.500000
vt 0.242298 1.000000
vt 0.090912 0.500000
vt 0.131186 1.000000
vt 0.091036 1.000000
vt 0.979925 1.000000
vt 0.979801 0.500000
vt 0.868689 0.500000
vt 0.686866 0.500000
vt 0.757578 0.500000
vt 0.535356 0.500000
vt 0.464644 0.500000
vt 0.353533 0.500000
vt 0.131311 0.500000
vt 0.202023 0.500000
vt 0.019017 1.000000
vt 0.000000 0.502486
vt 0.018830 0.500000
vt 0.869872 1.000000
vt 0.907718 0.500000
vt 0.907906 1.000000
vt 0.758761 1.000000
vt 0.796607 0.500000
vt 0.796795 1.000000
vt 0.647650 1.000000
vt 0.685496 0.500000
vt 0.685684 1.000000
vt 0.536539 1.000000
vt 0.574385 0.500000
vt 0.574573 1.000000
vt 0.425428 1.000000
vt 0.463274 0.500000
vt 0.463461 1.000000
vt 0.314316 1.000000
vt 0.352163 0.500000
vt 0.352350 1.000000
vt 0.203393 0.500000
vt 0.241239 1.000000
vt 0.203205 1.000000
vt 0.092282 0.500000
vt 0.130128 1.000000
vt 0.092094 1.000000
vt 0.980983 1.000000
vt 0.981170 0.500000
vt 0.870059 0.500000
vt 0.758948 0.500000
vt 0.647837 0.500000
vt 0.536726 0.500000
vt 0.425615 0.500000
vt 0.314504 0.500000
vt 0.241052 0.500000
vt 0.129941 0.500000
vt 0.017901 0.500000
vt 0.000000 0.505867
vt 0.870988 0.500000
vt 0.907196 1.000000
vt 0.870582 1.000000
vt 0.759877 0.500000
vt 0.796085 1.000000
vt 0.759470 1.000000
vt 0.648359 1.000000
vt 0.684567 0.500000
vt 0.684974 1.000000
vt 0.537248 1.000000
vt 0.573456 0.500000
vt 0.573863 1.000000
vt 0.426137 1.000000
vt 0.462345 0.500000
vt 0.462752 1.000000
vt 0.315026 1.000000
vt 0.351234 0.500000
vt 0.351641 1.000000
vt 0.203915 1.000000
vt 0.240123 0.500000
vt 0.240530 1.000000
vt 0.093211 0.500000
vt 0.129418 1.000000
vt 0.092804 1.000000
vt 0.981693 1.000000
vt 0.906790 0.500000
vt 0.982099 0.500000
vt 0.795678 0.500000
vt 0.648766 0.500000
vt 0.537655 0.500000
vt 0.426544 0.500000
vt 0.315433 0.500000
vt 0.204322 0.500000
vt 0.129012 0.500000
vt 0.017271 0.500000
vt 0.000000 0.507787
vt 0.871618 0.500000
vt 0.906668 1.000000
vt 0.871110 1.000000
vt 0.760507 0.500000
vt 0.795557 1.000000
vt 0.759999 1.000000
vt 0.649396 0.500000
vt 0.684446 1.000000
vt 0.648888 1.000000
vt 0.538285 0.500000
vt 0.573335 1.000000
vt 0.537777 1.000000
vt 0.427174 0.500000
vt 0.462223 1.000000
vt 0.426666 1.000000
vt 0.315554 1.000000
vt 0.350604 0.500000
vt 0.351112 1.000000
vt 0.204952 0.500000
vt 0.240001 1.000000
vt 0.204443 1.000000
vt 0.093332 1.000000
vt 0.128382 0.500000
vt 0.128890 1.000000
vt 0.982729 0.500000
vt 0.906160 0.500000
vt 0.093840 0.500000
vt 0.795048 0.500000
vt 0.683937 0.500000
vt 0.572826 0.500000
vt 0.461715 0.500000
vt 0.316063 0.500000
vt 0.239493 0.500000
vt 0.017012 0.500000
vt 0.000000 0.508422
vt 0.871877 0.500000
vt 0.906318 1.000000
vt 0.871460 1.000000
vt 0.760765 0.500000
vt 0.795207 1.000000
vt 0.760348 1.000000
vt 0.649237 1.000000
vt 0.683679 0.500000
vt 0.684096 1.000000
vt 0.538543 0.500000
vt 0.572985 1.000000
vt 0.538126 1.000000
vt 0.427015 1.000000
vt 0.461457 0.500000
vt 0.461874 1.000000
vt 0.316321 0.500000
vt 0.350763 1.000000
vt 0.315904 1.000000
vt 0.205210 0.500000
vt 0.239652 1.000000
vt 0.204793 1.000000
vt 0.094099 0.500000
vt 0.128540 1.000000
vt 0.093682 1.000000
vt 0.982571 1.000000
vt 0.905901 0.500000
vt 0.982988 0.500000
vt 0.017429 1.000000
vt 0.794790 0.500000
vt 0.649654 0.500000
vt 0.572568 0.500000
vt 0.427432 0.500000
vt 0.350346 0.500000
vt 0.239235 0.500000
vt 0.128123 0.500000
vt 0.750000 0.315630
vt 0.864127 0.407082
vt 0.250000 0.315630
vt 0.364127 0.407082
vt 0.135873 0.407082
vt 0.812418 0.270281
vt 0.934661 0.190000
vt 0.312418 0.270281
vt 0.434661 0.190000
vt 0.288576 0.196904
vt 0.434661 0.190000
vt 0.750000 0.055836
vt 0.565339 0.190000
vt 0.065339 0.190000
vt 0.687582 0.270281
vt 0.565339 0.190000
vt 0.635873 0.407082
vt 0.135873 0.407082
vt 0.100000 0.512669
vt 0.000000 0.987331
vt 0.000000 0.512669
vt 0.700000 0.512669
vt 0.900000 0.987331
vt 0.700000 0.987330
vt 0.500000 0.512669
vt 0.700000 0.987331
vt 0.500000 0.987330
vt 0.300000 0.512669
vt 0.500000 0.987331
vt 0.300000 0.987330
vt 0.300000 0.987331
vt 0.100000 0.987331
vt 0.900000 0.512669
vt 0.900000 0.512669
vt 0.100000 0.987331
vt 0.700000 0.512669
vt 0.812418 0.270281
vt 0.312418 0.270281
vt 0.364127 0.407082
vt 0.788576 0.196904
vt 0.934661 0.190000
vt 0.250000 0.055836
vt 0.565339 0.190000
vt 0.065339 0.190000
vt 0.250000 0.055836
vt 0.687582 0.270281
vt 0.635873 0.407082
vt 0.100000 0.986062
vt 0.000000 0.513938
vt 0.100000 0.513938
vt 0.700000 0.986062
vt 0.900000 0.513938
vt 0.900000 0.986062
vt 0.500000 0.986062
vt 0.700000 0.513938
vt 0.700000 0.986062
vt 0.300000 0.513938
vt 0.500000 0.986062
vt 0.300000 0.986062
vt 0.100000 0.513938
vt 0.300000 0.986062
vt 0.100000 0.986062
vt 0.900000 0.513938
vt 0.700000 0.513938
vt 0.500000 0.513938
vt 0.500000 0.513938
vt 0.300000 0.513938
vt 0.750000 0.438403
vt 0.702576 0.470409
vt 0.797424 0.470409
vt 0.250000 0.434718
vt 0.296169 0.473196
vt 0.203831 0.473196
vt 0.871103 0.394325
vt 0.855348 0.449327
vt 0.928005 0.388360
vt 0.368734 0.391502
vt 0.428835 0.391301
vt 0.358100 0.450655
vt 0.935541 0.282716
vt 0.958826 0.334977
vt 0.975296 0.241570
vt 0.431912 0.282076
vt 0.477822 0.243290
vt 0.461788 0.334225
vt 0.913162 0.155798
vt 0.964592 0.180865
vt 0.917168 0.098725
vt 0.409970 0.157641
vt 0.420209 0.098419
vt 0.466378 0.178385
vt 0.814438 0.072959
vt 0.869948 0.059103
vt 0.780821 0.026663
vt 0.313177 0.076422
vt 0.282953 0.024474
vt 0.369722 0.056055
vt 0.685562 0.072959
vt 0.719179 0.026663
vt 0.630052 0.059103
vt 0.186823 0.076422
vt 0.130278 0.056055
vt 0.217047 0.024474
vt 0.586838 0.155798
vt 0.582832 0.098725
vt 0.535408 0.180865
vt 0.090030 0.157641
vt 0.033622 0.178385
vt 0.079791 0.098419
vt 0.564459 0.282716
vt 0.524704 0.241571
vt 0.541174 0.334977
vt 0.068088 0.282076
vt 0.038212 0.334225
vt 0.022178 0.243290
vt 0.628896 0.394325
vt 0.571995 0.388360
vt 0.644652 0.449327
vt 0.131266 0.391502
vt 0.141900 0.450655
vt 0.071165 0.391301
vt 0.033976 0.747048
vt 0.000000 0.766708
vt 0.000000 0.760804
vt 0.854889 0.752952
vt 0.922864 0.747048
vt 0.922889 0.752952
vt 0.743802 0.747048
vt 0.811778 0.752952
vt 0.743778 0.752952
vt 0.632667 0.752952
vt 0.700642 0.747048
vt 0.700667 0.752952
vt 0.521580 0.747048
vt 0.589555 0.752952
vt 0.521556 0.752952
vt 0.410445 0.752952
vt 0.478420 0.747048
vt 0.478444 0.752952
vt 0.299334 0.752952
vt 0.367309 0.747048
vt 0.367333 0.752952
vt 0.188222 0.752952
vt 0.256198 0.747048
vt 0.256222 0.752952
vt 0.077136 0.747048
vt 0.145111 0.752952
vt 0.077111 0.752952
vt 0.966025 0.747048
vt 0.854913 0.747048
vt 0.811753 0.747048
vt 0.589531 0.747048
vt 0.632691 0.747048
vt 0.410469 0.747048
vt 0.299358 0.747048
vt 0.188247 0.747048
vt 0.145087 0.747048
vt 0.030943 0.500000
vt 0.000000 0.995975
vt 0.858328 1.000000
vt 0.919831 0.500000
vt 0.919450 1.000000
vt 0.747216 1.000000
vt 0.808720 0.500000
vt 0.808339 1.000000
vt 0.635724 0.500000
vt 0.697228 1.000000
vt 0.636105 1.000000
vt 0.524994 1.000000
vt 0.586498 0.500000
vt 0.586117 1.000000
vt 0.413883 1.000000
vt 0.475387 0.500000
vt 0.475006 1.000000
vt 0.302391 0.500000
vt 0.363895 1.000000
vt 0.302772 1.000000
vt 0.191661 1.000000
vt 0.253165 0.500000
vt 0.252784 1.000000
vt 0.080550 1.000000
vt 0.142054 0.500000
vt 0.141673 1.000000
vt 0.969058 0.500000
vt 0.080169 0.500000
vt 0.030561 1.000000
vt 0.857946 0.500000
vt 0.746835 0.500000
vt 0.697609 0.500000
vt 0.524613 0.500000
vt 0.364276 0.500000
vt 0.413502 0.500000
vt 0.191280 0.500000
vt 0.027761 0.500000
vt 0.000000 0.999412
vt 0.861128 0.500000
vt 0.916589 1.000000
vt 0.861189 1.000000
vt 0.750017 0.500000
vt 0.805478 1.000000
vt 0.750078 1.000000
vt 0.638906 0.500000
vt 0.694367 1.000000
vt 0.638967 1.000000
vt 0.527795 0.500000
vt 0.583256 1.000000
vt 0.527856 1.000000
vt 0.416684 0.500000
vt 0.472144 1.000000
vt 0.416744 1.000000
vt 0.305633 1.000000
vt 0.361094 0.500000
vt 0.361033 1.000000
vt 0.194461 0.500000
vt 0.249922 1.000000
vt 0.194522 1.000000
vt 0.083350 0.500000
vt 0.138811 1.000000
vt 0.083411 1.000000
vt 0.972239 0.500000
vt 0.916650 0.500000
vt 0.805539 0.500000
vt 0.694428 0.500000
vt 0.583317 0.500000
vt 0.472205 0.500000
vt 0.305573 0.500000
vt 0.249983 0.500000
vt 0.138872 0.500000
vt 0.025698 1.000000
vt 0.000000 0.503578
vt 0.025384 0.500000
vt 0.863191 1.000000
vt 0.914273 0.500000
vt 0.914587 1.000000
vt 0.752394 0.500000
vt 0.803476 1.000000
vt 0.752080 1.000000
vt 0.640969 1.000000
vt 0.692050 0.500000
vt 0.692365 1.000000
vt 0.530172 0.500000
vt 0.581254 1.000000
vt 0.529857 1.000000
vt 0.418746 1.000000
vt 0.469828 0.500000
vt 0.470143 1.000000
vt 0.307950 0.500000
vt 0.359032 1.000000
vt 0.307635 1.000000
vt 0.196839 0.500000
vt 0.247920 1.000000
vt 0.196524 1.000000
vt 0.085727 0.500000
vt 0.136809 1.000000
vt 0.085413 1.000000
vt 0.974616 0.500000
vt 0.863505 0.500000
vt 0.803161 0.500000
vt 0.641283 0.500000
vt 0.580939 0.500000
vt 0.358717 0.500000
vt 0.419061 0.500000
vt 0.247606 0.500000
vt 0.136495 0.500000
vt 0.024353 1.000000
vt 0.000000 0.508329
vt 0.023701 0.500000
vt 0.864536 1.000000
vt 0.912590 0.500000
vt 0.913242 1.000000
vt 0.753425 1.000000
vt 0.801478 0.500000
vt 0.802130 1.000000
vt 0.642966 0.500000
vt 0.691019 1.000000
vt 0.642314 1.000000
vt 0.531855 0.500000
vt 0.579908 1.000000
vt 0.531203 1.000000
vt 0.420092 1.000000
vt 0.468145 0.500000
vt 0.468797 1.000000
vt 0.309633 0.500000
vt 0.357686 1.000000
vt 0.308981 1.000000
vt 0.198522 0.500000
vt 0.246575 1.000000
vt 0.197870 1.000000
vt 0.087411 0.500000
vt 0.135464 1.000000
vt 0.086759 1.000000
vt 0.975647 1.000000
vt 0.976299 0.500000
vt 0.865188 0.500000
vt 0.690367 0.500000
vt 0.754077 0.500000
vt 0.579256 0.500000
vt 0.357034 0.500000
vt 0.420744 0.500000
vt 0.245923 0.500000
vt 0.134812 0.500000
vt 0.022557 0.500000
vt 0.000000 0.512336
vt 0.866332 0.500000
vt 0.912340 1.000000
vt 0.865438 1.000000
vt 0.755221 0.500000
vt 0.801229 1.000000
vt 0.754327 1.000000
vt 0.644109 0.500000
vt 0.690118 1.000000
vt 0.643216 1.000000
vt 0.532104 1.000000
vt 0.578113 0.500000
vt 0.579007 1.000000
vt 0.421887 0.500000
vt 0.467896 1.000000
vt 0.420993 1.000000
vt 0.309882 1.000000
vt 0.355891 0.500000
vt 0.356784 1.000000
vt 0.199665 0.500000
vt 0.245673 1.000000
vt 0.198771 1.000000
vt 0.087660 1.000000
vt 0.133668 0.500000
vt 0.134562 1.000000
vt 0.976549 1.000000
vt 0.911446 0.500000
vt 0.977443 0.500000
vt 0.088554 0.500000
vt 0.023451 1.000000
vt 0.800335 0.500000
vt 0.689224 0.500000
vt 0.532998 0.500000
vt 0.467002 0.500000
vt 0.310776 0.500000
vt 0.244780 0.500000
vt 0.022778 1.000000
vt 0.000000 0.514585
vt 0.021780 0.500000
vt 0.867109 0.500000
vt 0.911667 1.000000
vt 0.866111 1.000000
vt 0.755998 0.500000
vt 0.800556 1.000000
vt 0.755000 1.000000
vt 0.643889 1.000000
vt 0.688446 0.500000
vt 0.689445 1.000000
vt 0.532778 1.000000
vt 0.577335 0.500000
vt 0.578333 1.000000
vt 0.421667 1.000000
vt 0.466224 0.500000
vt 0.467222 1.000000
vt 0.311554 0.500000
vt 0.356111 1.000000
vt 0.310556 1.000000
vt 0.199444 1.000000
vt 0.244002 0.500000
vt 0.245000 1.000000
vt 0.088333 1.000000
vt 0.132891 0.500000
vt 0.133889 1.000000
vt 0.978220 0.500000
vt 0.910669 0.500000
vt 0.089332 0.500000
vt 0.799557 0.500000
vt 0.644887 0.500000
vt 0.533776 0.500000
vt 0.355113 0.500000
vt 0.422665 0.500000
vt 0.200443 0.500000
vt 0.021770 0.500000
vt 0.000000 0.506607
vt 0.866585 1.000000
vt 0.910659 0.500000
vt 0.911193 1.000000
vt 0.755474 1.000000
vt 0.799548 0.500000
vt 0.800082 1.000000
vt 0.644897 0.500000
vt 0.688970 1.000000
vt 0.644363 1.000000
vt 0.533252 1.000000
vt 0.577326 0.500000
vt 0.577859 1.000000
vt 0.422674 0.500000
vt 0.466748 1.000000
vt 0.422141 1.000000
vt 0.311563 0.500000
vt 0.355637 1.000000
vt 0.311030 1.000000
vt 0.200452 0.500000
vt 0.244526 1.000000
vt 0.199918 1.000000
vt 0.089341 0.500000
vt 0.133415 1.000000
vt 0.088807 1.000000
vt 0.978230 0.500000
vt 0.867119 0.500000
vt 0.756007 0.500000
vt 0.688437 0.500000
vt 0.466215 0.500000
vt 0.533785 0.500000
vt 0.355104 0.500000
vt 0.243992 0.500000
vt 0.132881 0.500000
vt 0.750000 0.315630
vt 0.864127 0.407082
vt 0.250000 0.315630
vt 0.812418 0.270281
vt 0.788576 0.196904
vt 0.211424 0.196904
vt 0.250000 0.055836
vt 0.687582 0.270281
vt 0.635873 0.407082
vt 0.187582 0.270281
vt 0.100000 0.982835
vt 0.000000 0.517165
vt 0.100000 0.517165
vt 0.700000 0.517165
vt 0.900000 0.982835
vt 0.700000 0.982835
vt 0.500000 0.517165
vt 0.700000 0.982835
vt 0.500000 0.982835
vt 0.300000 0.517165
vt 0.500000 0.982835
vt 0.300000 0.982835
vt 0.100000 0.517165
vt 0.300000 0.982835
vt 0.100000 0.982835
vt 0.900000 0.517165
vt 0.900000 0.517165
vt 0.700000 0.517165
vt 0.500000 0.517165
vt 0.300000 0.517165
vt 0.750000 0.315630
vt 0.864127 0.407082
vt 0.135873 0.407082
vt 0.864127 0.407082
vt 0.934661 0.190000
vt 0.364127 0.407082
vt 0.788576 0.196904
vt 0.934661 0.190000
vt 0.250000 0.055836
vt 0.711424 0.196904
vt 0.750000 0.055836
vt 0.211424 0.196904
vt 0.065339 0.190000
vt 0.565339 0.190000
vt 0.187582 0.270281
vt 0.065339 0.190000
vt 0.100000 0.984850
vt 0.000000 0.515150
vt 0.100000 0.515150
vt 0.700000 0.984850
vt 0.900000 0.515150
vt 0.900000 0.984850
vt 0.500000 0.984850
vt 0.700000 0.515150
vt 0.700000 0.984850
vt 0.300000 0.515150
vt 0.500000 0.984850
vt 0.300000 0.984850
vt 0.100000 0.984850
vt 0.300000 0.515150
vt 0.300000 0.984850
vt 0.900000 0.515150
vt 0.100000 0.515150
vt 0.700000 0.515150
vt 0.500000 0.515150
vt 0.500000 0.515150
vt 0.750000 0.392502
vt 0.685411 0.442474
vt 0.814589 0.442474
vt 0.250000 0.312731
vt 0.364127 0.407082
vt 0.135873 0.407082
vt 0.885527 0.294035
vt 0.913095 0.370906
vt 0.953013 0.248050
vt 0.309661 0.269385
vt 0.434661 0.190000
vt 0.364127 0.407082
vt 0.833760 0.134713
vt 0.915387 0.132250
vt 0.810880 0.056321
vt 0.286872 0.199250
vt 0.250000 0.055836
vt 0.434661 0.190000
vt 0.666240 0.134713
vt 0.689120 0.056321
vt 0.584613 0.132250
vt 0.213128 0.199250
vt 0.065339 0.190000
vt 0.250000 0.055836
vt 0.614473 0.294036
vt 0.546987 0.248050
vt 0.586905 0.370906
vt 0.190339 0.269385
vt 0.135873 0.407082
vt 0.065339 0.190000
vt 0.100000 0.989756
vt 0.000000 0.510413
vt 0.056611 0.510244
vt 0.743389 0.510244
vt 0.900000 0.989756
vt 0.700000 0.989756
vt 0.500000 0.989756
vt 0.656611 0.510244
vt 0.700000 0.989756
vt 0.343389 0.510244
vt 0.500000 0.989756
vt 0.300000 0.989756
vt 0.143389 0.510244
vt 0.300000 0.989756
vt 0.100000 0.989756
vt 0.943389 0.510244
vt 0.856611 0.510244
vt 0.543389 0.510244
vt 0.456611 0.510244
vt 0.256611 0.510244
vt 0.750000 0.392260
vt 0.685133 0.442178
vt 0.814866 0.442178
vt 0.250000 0.312291
vt 0.885297 0.293961
vt 0.912727 0.371078
vt 0.952817 0.247695
vt 0.309242 0.269249
vt 0.364127 0.407082
vt 0.833618 0.134909
vt 0.915437 0.132652
vt 0.810481 0.056397
vt 0.286614 0.199605
vt 0.250000 0.055836
vt 0.434661 0.190000
vt 0.666382 0.134909
vt 0.689519 0.056397
vt 0.584563 0.132652
vt 0.213386 0.199605
vt 0.250000 0.055836
vt 0.614702 0.293961
vt 0.547183 0.247695
vt 0.587273 0.371078
vt 0.190758 0.269249
vt 0.100000 0.988187
vt 0.000000 0.512037
vt 0.056858 0.511813
vt 0.700000 0.988187
vt 0.856858 0.511813
vt 0.900000 0.988187
vt 0.543142 0.511813
vt 0.500000 0.988187
vt 0.343143 0.511813
vt 0.500000 0.988187
vt 0.300000 0.988187
vt 0.100000 0.988187
vt 0.256858 0.511813
vt 0.943142 0.511813
vt 0.143143 0.511813
vt 0.743142 0.511813
vt 0.656858 0.511813
vt 0.456858 0.511813
vt 0.750000 0.392406
vt 0.685301 0.442357
vt 0.814699 0.442357
vt 0.250000 0.312557
vt 0.364127 0.407082
vt 0.885437 0.294006
vt 0.912950 0.370974
vt 0.952936 0.247910
vt 0.309496 0.269331
vt 0.833704 0.134791
vt 0.915407 0.132409
vt 0.810723 0.056351
vt 0.286770 0.199390
vt 0.666296 0.134791
vt 0.689278 0.056351
vt 0.584593 0.132409
vt 0.213230 0.199390
vt 0.250000 0.055836
vt 0.614563 0.294006
vt 0.547064 0.247910
vt 0.587050 0.370974
vt 0.190504 0.269331
vt 0.065339 0.190000
vt 0.056708 0.510863
vt 0.000000 0.989327
vt 0.000000 0.511053
vt 0.743292 0.510863
vt 0.900000 0.989137
vt 0.700000 0.989137
vt 0.543292 0.510863
vt 0.700000 0.989137
vt 0.500000 0.989137
vt 0.300000 0.989137
vt 0.456708 0.510863
vt 0.500000 0.989137
vt 0.143292 0.510863
vt 0.300000 0.989137
vt 0.100000 0.989137
vt 0.943292 0.510863
vt 0.856708 0.510863
vt 0.100000 0.989137
vt 0.656708 0.510863
vt 0.343292 0.510863
vt 0.256708 0.510863
vt 0.750000 0.392529
vt 0.685442 0.442507
vt 0.814558 0.442507
vt 0.250000 0.312780
vt 0.364127 0.407082
vt 0.135873 0.407082
vt 0.885553 0.294044
vt 0.913135 0.370887
vt 0.953035 0.248089
vt 0.309707 0.269400
vt 0.364127 0.407082
vt 0.833776 0.134692
vt 0.915382 0.132205
vt 0.810924 0.056312
vt 0.286901 0.199210
vt 0.250000 0.055836
vt 0.666224 0.134692
vt 0.689076 0.056312
vt 0.584619 0.132205
vt 0.213099 0.199210
vt 0.250000 0.055836
vt 0.614447 0.294044
vt 0.546965 0.248089
vt 0.586865 0.370887
vt 0.190293 0.269400
vt 0.065339 0.190000
vt 0.056584 0.510069
vt 0.000000 0.990094
vt 0.000000 0.510232
vt 0.700000 0.989931
vt 0.856584 0.510069
vt 0.900000 0.989931
vt 0.500000 0.989931
vt 0.656584 0.510069
vt 0.343416 0.510069
vt 0.500000 0.989931
vt 0.300000 0.989931
vt 0.100000 0.989931
vt 0.256584 0.510069
vt 0.943416 0.510069
vt 0.143416 0.510069
vt 0.100000 0.989931
vt 0.743416 0.510069
vt 0.543416 0.510069
vt 0.456584 0.510069
vt 0.750000 0.392007
vt 0.684843 0.441867
vt 0.815156 0.441867
vt 0.250000 0.311832
vt 0.135873 0.407082
vt 0.885057 0.293883
vt 0.912342 0.371258
vt 0.952611 0.247323
vt 0.308805 0.269107
vt 0.364127 0.407082
vt 0.833470 0.135114
vt 0.915489 0.133074
vt 0.810064 0.056478
vt 0.286344 0.199977
vt 0.434661 0.190000
vt 0.666530 0.135114
vt 0.689936 0.056478
vt 0.584511 0.133074
vt 0.213656 0.199977
vt 0.065339 0.190000
vt 0.250000 0.055836
vt 0.614943 0.293883
vt 0.547389 0.247323
vt 0.587658 0.371258
vt 0.191195 0.269107
vt 0.065339 0.190000
vt 0.057116 0.513457
vt 0.000000 0.986833
vt 0.000000 0.513747
vt 0.700000 0.986543
vt 0.857116 0.513457
vt 0.900000 0.986543
vt 0.542884 0.513457
vt 0.500000 0.986543
vt 0.300000 0.986543
vt 0.457116 0.513457
vt 0.142884 0.513457
vt 0.300000 0.986543
vt 0.100000 0.986543
vt 0.942884 0.513457
vt 0.742884 0.513457
vt 0.657116 0.513457
vt 0.342884 0.513457
vt 0.257116 0.513457
vt 0.068616 1.000000
vt 0.000000 0.503203
vt 0.062649 0.500000
vt 0.788527 1.000000
vt 0.919792 0.500000
vt 0.925759 1.000000
vt 0.645670 1.000000
vt 0.776935 0.500000
vt 0.782902 1.000000
vt 0.508779 0.500000
vt 0.640045 1.000000
vt 0.502813 1.000000
vt 0.359955 1.000000
vt 0.491221 0.500000
vt 0.497187 1.000000
vt 0.217098 1.000000
vt 0.348364 0.500000
vt 0.354330 1.000000
vt 0.074241 1.000000
vt 0.205507 0.500000
vt 0.211473 1.000000
vt 0.931384 1.000000
vt 0.937351 0.500000
vt 0.080208 0.500000
vt 0.794494 0.500000
vt 0.634078 0.500000
vt 0.651636 0.500000
vt 0.365922 0.500000
vt 0.223065 0.500000
vt 0.635873 0.407082
vt 0.864127 0.407082
vt 0.250000 0.315630
vt 0.135873 0.407082
vt 0.364127 0.407082
vt 0.788576 0.196904
vt 0.434661 0.190000
vt 0.711424 0.196904
vt 0.565339 0.190000
vt 0.187582 0.270281
vt 0.100000 0.525395
vt 0.000000 0.974605
vt 0.000000 0.525395
vt 0.700000 0.974605
vt 0.900000 0.525395
vt 0.900000 0.974605
vt 0.500000 0.525395
vt 0.500000 0.974605
vt 0.300000 0.974605
vt 0.100000 0.525395
vt 0.300000 0.974605
vt 0.100000 0.974605
vt 0.900000 0.525395
vt 0.100000 0.974605
vt 0.700000 0.525395
vt 0.700000 0.525395
vt 0.300000 0.525395
vt 0.300000 0.525395
vt 0.928571 0.987417
vt 0.928571 0.986722
vt 0.928571 0.986473
vt 0.000000 0.987061
vt 0.928571 0.986962
vt 0.000000 0.986325
vt 0.928572 0.986215
vt 0.000000 0.775499
vt 0.976519 0.756088
vt 0.000000 0.987769
vt 0.000000 0.992886
vt 0.980884 1.000000
vt 0.000000 0.996480
vt 0.016158 1.000000
vt 0.015691 1.000000
vt 0.984309 1.000000
vt 0.000000 0.987176
vt 0.900000 0.987176
vt 0.000000 0.987618
vt 0.900000 0.987618
vt 0.000000 0.767655
vt 0.029108 1.000000
vt 0.026382 1.000000
vt 0.024473 1.000000
vt 0.975527 1.000000
vt 0.023190 1.000000
vt 0.978757 1.000000
vt 0.900000 0.987474
vt 0.900000 0.987388
vt 0.000000 0.772113
vt 0.000000 0.990896
vt 0.000000 0.995148
vt 0.978353 1.000000
vt 0.020075 1.000000
vt 0.018307 1.000000
vt 0.017779 1.000000
vt 0.982221 1.000000
vt 0.900000 0.987331
vt 0.000000 0.986062
vt 0.900000 0.986062
vt 0.034000 0.752952
vt 0.966000 0.752952
vt 0.969439 1.000000
vt 0.027700 1.000000
vt 0.972300 1.000000
vt 0.974302 1.000000
vt 0.977222 1.000000
vt 0.022304 1.000000
vt 0.977696 1.000000
vt 0.000000 0.982835
vt 0.000000 0.984850
vt 0.900000 0.984850
vt 0.000000 0.989925
vt 0.900000 0.989756
vt 0.000000 0.988411
vt 0.900000 0.988187
vt 0.900000 0.989137
vt 0.900000 0.989931
vt 0.000000 1.000000
vt 0.900000 0.974605
s 0
usemtl wood
f 1/1/1 2/2/1 3/3/1
f 4/4/2 5/5/2 6/6/2
f 7/7/3 8/8/3 9/9/3
f 10/10/4 11/11/4 12/12/4
f 13/13/5 14/14/5 15/15/5
f 16/16/6 17/17/6 18/18/6
f 19/19/7 20/20/7 21/21/7
f 22/22/8 23/23/8 24/24/8
f 1/1/9 8/8/9 7/7/9
f 4/25/10 3/26/10 2/27/10
f 10/10/11 6/28/11 5/29/11
f 9/30/12 12/12/12 11/11/12
f 7/7/13 20/20/13 19/19/13
f 10/10/14 24/24/14 11/11/14
f 23/23/15 20/20/15 24/24/15
f 13/13/16 21/21/16 14/14/16
f 22/22/17 18/18/17 23/23/17
f 15/15/18 18/18/18 17/17/18
f 13/13/19 2/2/19 1/1/19
f 5/5/20 17/17/20 16/16/20
f 19/19/21 1/1/21 7/7/21
f 6/28/22 8/31/22 3/26/22
f 17/17/23 2/32/23 15/15/23
f 22/22/24 5/33/24 16/16/24
f 11/11/25 20/20/25 9/30/25
f 23/23/26 14/14/26 21/21/26
f 25/1/27 26/2/27 27/3/27
f 28/4/28 29/5/28 30/6/28
f 31/7/29 32/8/29 33/9/29
f 34/10/30 35/11/30 36/34/30
f 37/13/31 38/14/31 39/15/31
f 40/16/32 41/17/32 42/18/32
f 43/19/33 44/20/33 45/21/33
f 46/22/34 47/23/34 48/24/34
f 31/7/35 27/3/35 32/8/35
f 26/27/36 30/28/36 27/26/36
f 29/29/37 36/34/37 30/28/37
f 35/11/38 32/31/38 36/34/38
f 31/7/39 44/20/39 43/19/39
f 46/22/40 35/11/40 34/10/40
f 45/21/41 48/24/41 47/23/41
f 43/19/42 38/14/42 37/13/42
f 46/22/43 42/18/43 47/23/43
f 41/17/44 38/14/44 42/18/44
f 25/1/45 39/15/45 26/2/45
f 29/5/46 41/17/46 40/16/46
f 43/19/47 25/1/47 31/7/47
f 30/28/48 32/31/48 27/26/48
f 41/17/49 26/32/49 39/15/49
f 46/22/50 29/33/50 40/16/50
f 35/11/51 44/20/51 33/30/51
f 45/21/52 42/18/52 38/14/52
f 49/35/53 50/2/53 51/3/53
f 52/4/54 53/5/54 54/6/54
f 55/7/55 56/8/55 57/9/55
f 58/10/56 59/11/56 60/34/56
f 61/13/57 62/14/57 63/15/57
f 64/16/58 65/17/58 66/18/58
f 67/19/59 68/36/59 69/21/59
f 70/37/60 71/23/60 72/38/60
f 49/35/61 56/8/61 55/7/61
f 52/25/62 51/26/62 50/27/62
f 58/10/63 54/28/63 53/29/63
f 59/11/64 56/31/64 60/34/64
f 55/7/65 68/36/65 67/19/65
f 70/37/66 59/11/66 58/10/66
f 69/21/67 72/38/67 71/23/67
f 61/13/68 69/21/68 62/14/68
f 70/37/69 66/18/69 71/23/69
f 63/15/70 66/18/70 65/17/70
f 61/13/71 50/2/71 49/35/71
f 53/5/72 65/17/72 64/16/72
f 55/7/73 61/13/73 49/35/73
f 54/28/74 56/31/74 51/26/74
f 65/17/75 50/32/75 63/15/75
f 58/39/76 64/16/76 70/37/76
f 57/30/77 72/38/77 68/36/77
f 71/23/78 62/14/78 69/21/78
f 73/1/79 74/2/79 75/3/79
f 76/4/80 77/5/80 78/6/80
f 79/7/81 80/8/81 81/9/81
f 82/10/82 83/11/82 84/12/82
f 85/13/83 86/14/83 87/15/83
f 88/16/84 89/17/84 90/18/84
f 91/19/85 92/20/85 93/21/85
f 94/22/86 95/23/86 96/24/86
f 73/1/87 80/8/87 79/7/87
f 74/27/88 78/28/88 75/26/88
f 77/29/89 84/12/89 78/28/89
f 81/30/90 84/12/90 83/11/90
f 79/7/91 92/20/91 91/19/91
f 94/22/92 83/11/92 82/10/92
f 95/23/93 92/20/93 96/24/93
f 85/13/94 93/21/94 86/14/94
f 88/16/95 95/23/95 94/22/95
f 89/17/96 86/14/96 90/18/96
f 85/13/97 74/2/97 73/1/97
f 77/5/98 89/17/98 88/16/98
f 91/19/99 73/1/99 79/7/99
f 78/28/100 80/31/100 75/26/100
f 89/17/101 74/32/101 87/15/101
f 94/22/102 77/33/102 88/16/102
f 83/11/103 92/20/103 81/30/103
f 95/23/104 86/14/104 93/21/104
f 97/1/105 98/2/105 99/3/105
f 100/4/106 101/5/106 102/6/106
f 103/7/107 104/8/107 105/9/107
f 106/10/108 107/11/108 108/34/108
f 109/13/109 110/14/109 111/15/109
f 112/16/110 113/17/110 114/18/110
f 115/19/111 116/20/111 117/21/111
f 118/37/112 119/23/112 120/38/112
f 97/1/113 104/8/113 103/7/113
f 98/27/114 102/28/114 99/26/114
f 101/29/115 108/34/115 102/28/115
f 105/30/116 108/34/116 107/11/116
f 103/7/117 116/20/117 115/19/117
f 118/37/118 107/11/118 106/10/118
f 117/21/119 120/38/119 119/23/119
f 115/19/120 110/14/120 109/13/120
f 112/16/121 119/23/121 118/37/121
f 111/15/122 114/18/122 113/17/122
f 109/13/123 98/2/123 97/1/123
f 112/16/124 100/4/124 113/17/124
f 115/19/125 97/1/125 103/7/125
f 99/26/126 108/34/126 104/31/126
f 111/15/127 100/4/127 98/32/127
f 106/39/128 112/16/128 118/37/128
f 105/30/129 120/38/129 116/20/129
f 119/23/130 110/14/130 117/21/130
f 121/35/131 122/2/131 123/3/131
f 124/4/132 125/5/132 126/6/132
f 127/7/133 128/8/133 129/9/133
f 130/10/134 131/11/134 132/34/134
f 133/13/135 134/14/135 135/15/135
f 136/16/136 137/17/136 138/18/136
f 139/19/137 140/36/137 141/21/137
f 142/37/138 143/23/138 144/38/138
f 121/35/139 128/8/139 127/7/139
f 124/25/140 123/26/140 122/27/140
f 130/10/141 126/28/141 125/29/141
f 129/30/142 132/34/142 131/11/142
f 139/19/143 129/9/143 140/36/143
f 130/10/144 144/38/144 131/11/144
f 141/21/145 144/38/145 143/23/145
f 133/13/146 141/21/146 134/14/146
f 136/16/147 143/23/147 142/37/147
f 135/15/148 138/18/148 137/17/148
f 121/35/149 135/15/149 122/2/149
f 125/5/150 137/17/150 136/16/150
f 139/19/151 121/35/151 127/7/151
f 126/28/152 128/31/152 123/26/152
f 137/17/153 122/32/153 135/15/153
f 142/37/154 125/33/154 136/16/154
f 129/30/155 144/38/155 140/36/155
f 143/23/156 134/14/156 141/21/156
f 145/1/157 146/2/157 147/3/157
f 148/4/158 149/5/158 150/6/158
f 151/7/159 152/8/159 153/9/159
f 154/10/160 155/11/160 156/12/160
f 157/13/161 158/14/161 159/15/161
f 160/16/162 161/17/162 162/18/162
f 163/19/163 164/20/163 165/21/163
f 166/22/164 167/23/164 168/24/164
f 151/7/165 147/3/165 152/8/165
f 148/25/166 147/26/166 146/27/166
f 149/29/167 156/12/167 150/28/167
f 153/30/168 156/12/168 155/11/168
f 151/7/169 164/20/169 163/19/169
f 166/22/170 155/11/170 154/10/170
f 165/21/171 168/24/171 167/23/171
f 163/19/172 158/14/172 157/13/172
f 166/22/173 162/18/173 167/23/173
f 159/15/174 162/18/174 161/17/174
f 157/13/175 146/2/175 145/1/175
f 149/5/176 161/17/176 160/16/176
f 163/19/177 145/1/177 151/7/177
f 150/28/178 152/31/178 147/26/178
f 159/15/179 148/4/179 146/32/179
f 166/22/180 149/33/180 160/16/180
f 155/11/181 164/20/181 153/30/181
f 167/23/182 158/14/182 165/21/182
f 169/35/183 170/2/183 171/3/183
f 172/4/184 173/5/184 174/6/184
f 175/7/185 176/8/185 177/9/185
f 178/10/186 179/11/186 180/34/186
f 181/13/187 182/14/187 183/15/187
f 184/16/188 185/17/188 186/18/188
f 187/19/189 188/20/189 189/21/189
f 190/22/190 191/23/190 192/38/190
f 175/7/191 171/3/191 176/8/191
f 170/27/192 174/28/192 171/26/192
f 173/29/193 180/34/193 174/28/193
f 177/30/194 180/34/194 179/11/194
f 175/7/195 188/20/195 187/19/195
f 178/10/196 192/38/196 179/11/196
f 191/23/197 188/20/197 192/38/197
f 187/19/198 182/14/198 181/13/198
f 184/16/199 191/23/199 190/22/199
f 183/15/200 186/18/200 185/17/200
f 181/13/201 170/2/201 169/35/201
f 173/5/202 185/17/202 184/16/202
f 187/19/203 169/35/203 175/7/203
f 174/28/204 176/31/204 171/26/204
f 185/17/205 170/32/205 183/15/205
f 178/39/206 184/16/206 190/22/206
f 177/30/207 192/38/207 188/20/207
f 189/21/208 186/18/208 182/14/208
f 265/40/287 266/41/287 267/42/287
f 268/43/288 269/44/288 270/45/288
f 271/46/289 272/47/289 273/48/289
f 274/49/290 275/50/290 276/51/290
f 277/52/291 278/53/291 279/54/291
f 280/55/292 281/56/292 282/57/292
f 283/58/293 284/59/293 285/60/293
f 286/61/294 287/62/294 288/63/294
f 289/64/295 290/65/295 291/66/295
f 292/67/296 293/68/296 294/69/296
f 295/70/297 296/71/297 297/72/297
f 298/73/298 299/74/298 300/75/298
f 301/76/299 302/77/299 303/78/299
f 304/79/300 305/80/300 306/81/300
f 267/42/301 271/46/301 265/40/301
f 276/51/302 268/43/302 274/49/302
f 266/82/303 269/83/303 267/84/303
f 273/85/304 276/86/304 275/87/304
f 273/48/305 277/52/305 271/46/305
f 282/57/306 274/49/306 280/55/306
f 281/88/307 278/89/307 282/90/307
f 279/54/308 283/58/308 277/52/308
f 288/63/309 280/55/309 286/61/309
f 285/91/310 288/92/310 287/93/310
f 285/60/311 289/64/311 283/58/311
f 287/62/312 292/67/312 294/69/312
f 293/94/313 290/95/313 294/96/313
f 296/71/314 289/64/314 291/66/314
f 300/75/315 292/67/315 298/73/315
f 297/97/316 300/98/316 299/99/316
f 297/72/317 301/76/317 295/70/317
f 306/81/318 298/73/318 304/79/318
f 305/100/319 302/101/319 306/102/319
f 266/41/320 301/76/320 303/78/320
f 270/45/321 304/79/321 268/43/321
f 271/46/322 283/58/322 295/70/322
f 267/103/323 276/86/323 272/104/323
f 303/105/324 270/106/324 266/82/324
f 268/43/325 298/73/325 286/61/325
f 273/85/326 282/90/326 278/89/326
f 279/107/327 288/92/327 284/108/327
f 285/91/328 294/96/328 290/95/328
f 291/109/329 300/98/329 296/110/329
f 299/99/330 302/101/330 297/97/330
f 307/111/331 308/112/331 309/113/331
f 310/114/332 311/115/332 312/116/332
f 313/117/333 314/118/333 315/119/333
f 316/120/334 317/121/334 318/122/334
f 319/123/335 320/124/335 321/125/335
f 322/126/336 323/127/336 324/128/336
f 325/129/337 326/130/337 327/131/337
f 328/132/338 329/133/338 330/127/338
f 331/134/339 332/135/339 333/136/339
f 334/137/340 335/138/340 336/139/340
f 337/140/341 338/141/341 339/142/341
f 340/143/342 341/74/342 342/144/342
f 343/145/343 344/146/343 345/147/343
f 346/148/344 347/116/344 348/149/344
f 309/113/345 313/117/345 307/111/345
f 318/122/346 310/114/346 316/120/346
f 308/150/347 311/151/347 309/152/347
f 315/153/348 318/154/348 317/155/348
f 320/124/349 313/117/349 315/119/349
f 324/128/350 316/120/350 322/126/350
f 323/156/351 320/157/351 324/158/351
f 321/125/352 325/129/352 319/123/352
f 330/127/353 322/126/353 328/132/353
f 327/159/354 330/160/354 329/161/354
f 327/131/355 331/134/355 325/129/355
f 336/139/356 328/132/356 334/137/356
f 335/162/357 332/163/357 336/164/357
f 338/141/358 331/134/358 333/136/358
f 342/144/359 334/137/359 340/143/359
f 339/165/360 342/166/360 341/167/360
f 339/142/361 343/145/361 337/140/361
f 348/149/362 340/143/362 346/148/362
f 345/168/363 348/169/363 347/170/363
f 345/147/364 307/111/364 343/145/364
f 312/116/365 346/148/365 310/114/365
f 313/117/366 325/129/366 337/140/366
f 309/171/367 318/154/367 314/172/367
f 345/168/368 312/173/368 308/150/368
f 310/114/369 340/143/369 328/132/369
f 315/153/370 324/158/370 320/157/370
f 321/174/371 330/160/371 326/175/371
f 327/159/372 336/164/372 332/163/372
f 333/176/373 342/166/373 338/177/373
f 339/165/374 348/169/374 344/178/374
f 349/179/375 350/180/375 351/181/375
f 352/182/376 353/122/376 354/183/376
f 355/184/377 356/185/377 357/186/377
f 358/187/378 359/188/378 360/44/378
f 361/189/379 362/190/379 363/191/379
f 364/192/380 365/127/380 366/193/380
f 367/194/381 368/195/381 369/196/381
f 370/197/382 371/198/382 372/199/382
f 373/200/383 374/201/383 375/202/383
f 376/203/384 377/204/384 378/139/384
f 379/205/385 380/206/385 381/207/385
f 382/208/386 383/209/386 384/144/386
f 385/210/387 386/211/387 387/212/387
f 388/213/388 389/214/388 390/215/388
f 356/185/389 349/179/389 351/181/389
f 360/44/390 352/182/390 358/187/390
f 350/216/391 353/217/391 351/218/391
f 357/219/392 360/220/392 359/221/392
f 362/190/393 355/184/393 357/186/393
f 366/193/394 358/187/394 364/192/394
f 363/222/395 366/223/395 365/224/395
f 368/195/396 361/189/396 363/191/396
f 372/199/397 364/192/397 370/197/397
f 369/225/398 372/224/398 371/226/398
f 374/201/399 367/194/399 369/196/399
f 378/139/400 370/197/400 376/203/400
f 375/227/401 378/228/401 377/229/401
f 380/206/402 373/200/402 375/202/402
f 384/144/403 376/203/403 382/208/403
f 381/230/404 384/231/404 383/232/404
f 381/207/405 385/210/405 379/205/405
f 390/215/406 382/208/406 388/213/406
f 389/233/407 386/234/407 390/235/407
f 387/212/408 349/179/408 385/210/408
f 354/183/409 388/213/409 352/182/409
f 355/184/410 367/194/410 379/205/410
f 351/236/411 360/220/411 356/237/411
f 387/238/412 354/239/412 350/216/412
f 352/182/413 382/208/413 370/197/413
f 357/219/414 366/223/414 362/240/414
f 363/222/415 372/224/415 368/241/415
f 369/225/416 378/228/416 374/242/416
f 375/227/417 384/231/417 380/243/417
f 381/230/418 390/235/418 386/234/418
f 391/244/419 392/245/419 393/246/419
f 394/247/420 395/248/420 396/249/420
f 397/250/421 398/251/421 399/252/421
f 400/253/422 401/193/422 402/115/422
f 403/254/423 404/255/423 405/256/423
f 406/257/424 407/127/424 408/188/424
f 409/258/425 410/259/425 411/260/425
f 412/261/426 413/139/426 414/262/426
f 415/263/427 416/264/427 417/265/427
f 418/266/428 419/267/428 420/198/428
f 421/268/429 422/269/429 423/270/429
f 424/271/430 425/215/430 426/272/430
f 427/273/431 428/274/431 429/275/431
f 430/276/432 431/249/432 432/277/432
f 398/251/433 391/244/433 393/246/433
f 402/115/434 394/247/434 400/253/434
f 396/278/435 393/279/435 392/280/435
f 399/281/436 402/282/436 401/283/436
f 399/252/437 403/254/437 397/250/437
f 408/188/438 400/253/438 406/257/438
f 405/284/439 408/285/439 407/286/439
f 410/259/440 403/254/440 405/256/440
f 414/262/441 406/257/441 412/261/441
f 413/287/442 410/288/442 414/286/442
f 411/260/443 415/263/443 409/258/443
f 420/198/444 412/261/444 418/266/444
f 417/289/445 420/290/445 419/291/445
f 417/265/446 421/268/446 415/263/446
f 426/272/447 418/266/447 424/271/447
f 423/292/448 426/293/448 425/294/448
f 428/274/449 421/268/449 423/270/449
f 432/277/450 424/271/450 430/276/450
f 431/295/451 428/296/451 432/297/451
f 429/275/452 391/244/452 427/273/452
f 396/249/453 430/276/453 394/247/453
f 397/250/454 409/258/454 421/268/454
f 393/298/455 402/282/455 398/299/455
f 429/300/456 396/278/456 392/280/456
f 394/247/457 424/271/457 412/261/457
f 399/281/458 408/285/458 404/301/458
f 405/284/459 414/286/459 410/288/459
f 411/302/460 420/290/460 416/303/460
f 417/289/461 426/293/461 422/304/461
f 423/292/462 432/297/462 428/296/462
f 433/305/463 434/306/463 435/307/463
f 436/308/464 437/115/464 438/309/464
f 439/310/465 440/311/465 441/312/465
f 442/313/466 443/314/466 444/248/466
f 445/315/467 446/316/467 447/317/467
f 448/318/468 449/319/468 450/320/468
f 451/321/469 452/322/469 453/323/469
f 454/324/470 455/139/470 456/325/470
f 457/326/471 458/327/471 459/328/471
f 460/329/472 461/138/472 462/139/472
f 463/330/473 464/331/473 465/332/473
f 466/333/474 467/334/474 468/138/474
f 469/335/475 470/336/475 471/337/475
f 472/338/476 473/339/476 474/149/476
f 435/307/477 439/310/477 433/305/477
f 444/248/478 436/308/478 442/313/478
f 438/340/479 435/341/479 434/342/479
f 441/343/480 444/344/480 443/345/480
f 446/316/481 439/310/481 441/312/481
f 450/320/482 442/313/482 448/318/482
f 447/346/483 450/347/483 449/348/483
f 452/322/484 445/315/484 447/317/484
f 456/325/485 448/318/485 454/324/485
f 453/349/486 456/350/486 455/351/486
f 453/323/487 457/326/487 451/321/487
f 462/139/488 454/324/488 460/329/488
f 461/352/489 458/353/489 462/354/489
f 459/328/490 463/330/490 457/326/490
f 468/138/491 460/329/491 466/333/491
f 467/355/492 464/356/492 468/357/492
f 465/332/493 469/335/493 463/330/493
f 467/334/494 472/338/494 474/149/494
f 473/358/495 470/359/495 474/355/495
f 471/337/496 433/305/496 469/335/496
f 438/309/497 472/338/497 436/308/497
f 439/310/498 451/321/498 463/330/498
f 435/360/499 444/344/499 440/361/499
f 471/362/500 438/340/500 434/342/500
f 436/308/501 466/333/501 454/324/501
f 441/343/502 450/347/502 446/363/502
f 447/346/503 456/350/503 452/364/503
f 453/349/504 462/354/504 458/353/504
f 459/365/505 468/357/505 464/356/505
f 465/366/506 474/355/506 470/359/506
f 1/1/9 3/3/9 8/8/9
f 4/25/10 6/28/10 3/26/10
f 10/10/11 12/12/11 6/28/11
f 9/30/12 8/31/12 12/12/12
f 7/7/13 9/9/13 20/20/13
f 10/10/14 22/22/14 24/24/14
f 23/23/15 21/21/15 20/20/15
f 13/13/16 19/19/16 21/21/16
f 22/22/17 16/16/17 18/18/17
f 15/15/18 14/14/18 18/18/18
f 13/13/19 15/15/19 2/2/19
f 5/5/20 4/4/20 17/17/20
f 19/19/21 13/13/21 1/1/21
f 6/28/22 12/12/22 8/31/22
f 17/17/23 4/4/23 2/32/23
f 22/22/24 10/39/24 5/33/24
f 11/11/25 24/24/25 20/20/25
f 23/23/26 18/18/26 14/14/26
f 31/7/35 25/1/35 27/3/35
f 26/27/36 28/25/36 30/28/36
f 29/29/37 34/10/37 36/34/37
f 35/11/38 33/30/38 32/31/38
f 31/7/39 33/9/39 44/20/39
f 46/22/40 48/24/40 35/11/40
f 45/21/41 44/20/41 48/24/41
f 43/19/42 45/21/42 38/14/42
f 46/22/43 40/16/43 42/18/43
f 41/17/44 39/15/44 38/14/44
f 25/1/45 37/13/45 39/15/45
f 29/5/46 28/4/46 41/17/46
f 43/19/47 37/13/47 25/1/47
f 30/28/48 36/34/48 32/31/48
f 41/17/49 28/4/49 26/32/49
f 46/22/50 34/39/50 29/33/50
f 35/11/51 48/24/51 44/20/51
f 45/21/52 47/23/52 42/18/52
f 49/35/61 51/3/61 56/8/61
f 52/25/62 54/28/62 51/26/62
f 58/10/63 60/34/63 54/28/63
f 59/11/64 57/30/64 56/31/64
f 55/7/65 57/9/65 68/36/65
f 70/37/66 72/38/66 59/11/66
f 69/21/67 68/36/67 72/38/67
f 61/13/68 67/19/68 69/21/68
f 70/37/69 64/16/69 66/18/69
f 63/15/70 62/14/70 66/18/70
f 61/13/71 63/15/71 50/2/71
f 53/5/72 52/4/72 65/17/72
f 55/7/73 67/19/73 61/13/73
f 54/28/74 60/34/74 56/31/74
f 65/17/75 52/4/75 50/32/75
f 58/39/76 53/33/76 64/16/76
f 57/30/77 59/11/77 72/38/77
f 71/23/78 66/18/78 62/14/78
f 73/1/87 75/3/87 80/8/87
f 74/27/88 76/25/88 78/28/88
f 77/29/89 82/10/89 84/12/89
f 81/30/90 80/31/90 84/12/90
f 79/7/91 81/9/91 92/20/91
f 94/22/92 96/24/92 83/11/92
f 95/23/93 93/21/93 92/20/93
f 85/13/94 91/19/94 93/21/94
f 88/16/95 90/18/95 95/23/95
f 89/17/96 87/15/96 86/14/96
f 85/13/97 87/15/97 74/2/97
f 77/5/98 76/4/98 89/17/98
f 91/19/99 85/13/99 73/1/99
f 78/28/100 84/12/100 80/31/100
f 89/17/101 76/4/101 74/32/101
f 94/22/102 82/39/102 77/33/102
f 83/11/103 96/24/103 92/20/103
f 95/23/104 90/18/104 86/14/104
f 97/1/113 99/3/113 104/8/113
f 98/27/114 100/25/114 102/28/114
f 101/29/115 106/10/115 108/34/115
f 105/30/1658 104/31/1658 108/34/1658
f 103/7/117 105/9/117 116/20/117
f 118/37/118 120/38/118 107/11/118
f 117/21/1659 116/20/1659 120/38/1659
f 115/19/120 117/21/120 110/14/120
f 112/16/121 114/18/121 119/23/121
f 111/15/1660 110/14/1660 114/18/1660
f 109/13/123 111/15/123 98/2/123
f 112/16/124 101/5/124 100/4/124
f 115/19/125 109/13/125 97/1/125
f 99/26/126 102/28/126 108/34/126
f 111/15/127 113/17/127 100/4/127
f 106/39/128 101/33/128 112/16/128
f 105/30/129 107/11/129 120/38/129
f 119/23/130 114/18/130 110/14/130
f 121/35/139 123/3/139 128/8/139
f 124/25/140 126/28/140 123/26/140
f 130/10/1661 132/34/1661 126/28/1661
f 129/30/142 128/31/142 132/34/142
f 139/19/143 127/7/143 129/9/143
f 130/10/144 142/37/144 144/38/144
f 141/21/1662 140/36/1662 144/38/1662
f 133/13/146 139/19/146 141/21/146
f 136/16/1663 138/18/1663 143/23/1663
f 135/15/148 134/14/148 138/18/148
f 121/35/149 133/13/149 135/15/149
f 125/5/150 124/4/150 137/17/150
f 139/19/151 133/13/151 121/35/151
f 126/28/152 132/34/152 128/31/152
f 137/17/153 124/4/153 122/32/153
f 142/37/154 130/39/154 125/33/154
f 129/30/155 131/11/155 144/38/155
f 143/23/156 138/18/156 134/14/156
f 151/7/165 145/1/165 147/3/165
f 148/25/166 150/28/166 147/26/166
f 149/29/167 154/10/167 156/12/167
f 153/30/1664 152/31/1664 156/12/1664
f 151/7/169 153/9/169 164/20/169
f 166/22/170 168/24/170 155/11/170
f 165/21/1665 164/20/1665 168/24/1665
f 163/19/172 165/21/172 158/14/172
f 166/22/173 160/16/173 162/18/173
f 159/15/1666 158/14/1666 162/18/1666
f 157/13/175 159/15/175 146/2/175
f 149/5/176 148/4/176 161/17/176
f 163/19/177 157/13/177 145/1/177
f 150/28/178 156/12/178 152/31/178
f 159/15/179 161/17/179 148/4/179
f 166/22/180 154/39/180 149/33/180
f 155/11/181 168/24/181 164/20/181
f 167/23/182 162/18/182 158/14/182
f 175/7/1667 169/35/1667 171/3/1667
f 170/27/1668 172/25/1668 174/28/1668
f 173/29/193 178/10/193 180/34/193
f 177/30/194 176/31/194 180/34/194
f 175/7/195 177/9/195 188/20/195
f 178/10/196 190/22/196 192/38/196
f 191/23/1669 189/21/1669 188/20/1669
f 187/19/198 189/21/198 182/14/198
f 184/16/1670 186/18/1670 191/23/1670
f 183/15/200 182/14/200 186/18/200
f 181/13/201 183/15/201 170/2/201
f 173/5/202 172/4/202 185/17/202
f 187/19/203 181/13/203 169/35/203
f 174/28/204 180/34/204 176/31/204
f 185/17/205 172/4/205 170/32/205
f 178/39/206 173/33/206 184/16/206
f 177/30/207 179/11/207 192/38/207
f 189/21/208 191/23/208 186/18/208
f 267/42/301 272/47/301 271/46/301
f 276/51/312 269/44/312 268/43/312
f 266/82/303 270/106/303 269/83/303
f 273/85/304 272/104/304 276/86/304
f 273/48/305 278/53/305 277/52/305
f 282/57/312 275/50/312 274/49/312
f 281/88/307 279/107/307 278/89/307
f 279/54/308 284/59/308 283/58/308
f 288/63/312 281/56/312 280/55/312
f 285/91/1681 284/108/1681 288/92/1681
f 285/60/311 290/65/311 289/64/311
f 287/62/1682 286/61/1682 292/67/1682
f 293/94/313 291/109/313 290/95/313
f 296/71/314 295/70/314 289/64/314
f 300/75/312 293/68/312 292/67/312
f 297/97/316 296/110/316 300/98/316
f 297/72/317 302/77/317 301/76/317
f 306/81/312 299/74/312 298/73/312
f 305/100/1683 303/105/1683 302/101/1683
f 266/41/1684 265/40/1684 301/76/1684
f 270/45/312 305/80/312 304/79/312
f 301/76/322 265/40/322 271/46/322
f 271/46/322 277/52/322 283/58/322
f 283/58/322 289/64/322 295/70/322
f 295/70/322 301/76/322 271/46/322
f 267/103/312 269/2307/312 276/86/312
f 303/105/312 305/100/312 270/106/312
f 280/55/325 274/49/325 268/43/325
f 268/43/325 304/79/325 298/73/325
f 298/73/325 292/67/325 286/61/325
f 286/61/325 280/55/325 268/43/325
f 273/85/312 275/87/312 282/90/312
f 279/107/1685 281/88/1685 288/92/1685
f 285/91/312 287/93/312 294/96/312
f 291/109/312 293/94/312 300/98/312
f 299/99/1686 306/102/1686 302/101/1686
f 309/113/345 314/118/345 313/117/345
f 318/122/312 311/115/312 310/114/312
f 308/150/347 312/173/347 311/151/347
f 315/153/348 314/172/348 318/154/348
f 320/124/349 319/123/349 313/117/349
f 324/128/312 317/121/312 316/120/312
f 323/156/351 321/174/351 320/157/351
f 321/125/1687 326/130/1687 325/129/1687
f 330/127/312 323/127/312 322/126/312
f 327/159/354 326/175/354 330/160/354
f 327/131/355 332/135/355 331/134/355
f 336/139/312 329/133/312 328/132/312
f 335/162/1688 333/176/1688 332/163/1688
f 338/141/358 337/140/358 331/134/358
f 342/144/312 335/138/312 334/137/312
f 339/165/360 338/177/360 342/166/360
f 339/142/361 344/146/361 343/145/361
f 348/149/312 341/74/312 340/143/312
f 345/168/363 344/178/363 348/169/363
f 345/147/364 308/112/364 307/111/364
f 312/116/312 347/116/312 346/148/312
f 343/145/366 307/111/366 313/117/366
f 313/117/366 319/123/366 325/129/366
f 325/129/366 331/134/366 337/140/366
f 337/140/366 343/145/366 313/117/366
f 309/171/312 311/2308/312 318/154/312
f 345/168/312 347/170/312 312/173/312
f 322/126/369 316/120/369 310/114/369
f 310/114/369 346/148/369 340/143/369
f 340/143/369 334/137/369 328/132/369
f 328/132/369 322/126/369 310/114/369
f 315/153/312 317/155/312 324/158/312
f 321/174/312 323/156/312 330/160/312
f 327/159/312 329/161/312 336/164/312
f 333/176/312 335/162/312 342/166/312
f 339/165/312 341/167/312 348/169/312
f 356/185/389 355/184/389 349/179/389
f 360/44/312 353/122/312 352/182/312
f 350/216/391 354/239/391 353/217/391
f 357/219/392 356/237/392 360/220/392
f 362/190/393 361/189/393 355/184/393
f 366/193/312 359/188/312 358/187/312
f 363/222/395 362/240/395 366/223/395
f 368/195/396 367/194/396 361/189/396
f 372/199/312 365/127/312 364/192/312
f 369/225/1689 368/241/1689 372/224/1689
f 374/201/399 373/200/399 367/194/399
f 378/139/312 371/198/312 370/197/312
f 375/227/401 374/242/401 378/228/401
f 380/206/402 379/205/402 373/200/402
f 384/144/312 377/204/312 376/203/312
f 381/230/404 380/243/404 384/231/404
f 381/207/405 386/211/405 385/210/405
f 390/215/312 383/209/312 382/208/312
f 389/233/407 387/238/407 386/234/407
f 387/212/1690 350/180/1690 349/179/1690
f 354/183/312 389/214/312 388/213/312
f 385/210/410 349/179/410 355/184/410
f 355/184/410 361/189/410 367/194/410
f 367/194/410 373/200/410 379/205/410
f 379/205/410 385/210/410 355/184/410
f 351/236/312 353/2309/312 360/220/312
f 387/238/312 389/233/312 354/239/312
f 364/192/413 358/187/413 352/182/413
f 352/182/413 388/213/413 382/208/413
f 382/208/413 376/203/413 370/197/413
f 370/197/413 364/192/413 352/182/413
f 357/219/312 359/221/312 366/223/312
f 363/222/312 365/224/312 372/224/312
f 369/225/312 371/226/312 378/228/312
f 375/227/312 377/229/312 384/231/312
f 381/230/312 383/232/312 390/235/312
f 398/251/433 397/250/433 391/244/433
f 402/115/312 395/248/312 394/247/312
f 396/278/1691 395/2310/1691 393/279/1691
f 399/281/1692 398/299/1692 402/282/1692
f 399/252/437 404/255/437 403/254/437
f 408/188/312 401/193/312 400/253/312
f 405/284/439 404/301/439 408/285/439
f 410/259/440 409/258/440 403/254/440
f 414/262/312 407/127/312 406/257/312
f 413/287/442 411/302/442 410/288/442
f 411/260/443 416/264/443 415/263/443
f 420/198/312 413/139/312 412/261/312
f 417/289/445 416/303/445 420/290/445
f 417/265/446 422/269/446 421/268/446
f 426/272/312 419/267/312 418/266/312
f 423/292/448 422/304/448 426/293/448
f 428/274/449 427/273/449 421/268/449
f 432/277/312 425/215/312 424/271/312
f 431/295/451 429/300/451 428/296/451
f 429/275/452 392/245/452 391/244/452
f 396/249/312 431/249/312 430/276/312
f 427/273/454 391/244/454 397/250/454
f 397/250/454 403/254/454 409/258/454
f 409/258/454 415/263/454 421/268/454
f 421/268/454 427/273/454 397/250/454
f 393/298/312 395/2311/312 402/282/312
f 429/300/312 431/295/312 396/278/312
f 406/257/457 400/253/457 394/247/457
f 394/247/457 430/276/457 424/271/457
f 424/271/457 418/266/457 412/261/457
f 412/261/457 406/257/457 394/247/457
f 399/281/312 401/283/312 408/285/312
f 405/284/312 407/286/312 414/286/312
f 411/302/312 413/287/312 420/290/312
f 417/289/312 419/291/312 426/293/312
f 423/292/312 425/294/312 432/297/312
f 435/307/477 440/311/477 439/310/477
f 444/248/312 437/115/312 436/308/312
f 438/340/479 437/2312/479 435/341/479
f 441/343/480 440/361/480 444/344/480
f 446/316/481 445/315/481 439/310/481
f 450/320/312 443/314/312 442/313/312
f 447/346/483 446/363/483 450/347/483
f 452/322/484 451/321/484 445/315/484
f 456/325/312 449/319/312 448/318/312
f 453/349/1693 452/364/1693 456/350/1693
f 453/323/1694 458/327/1694 457/326/1694
f 462/139/312 455/139/312 454/324/312
f 461/352/489 459/365/489 458/353/489
f 459/328/490 464/331/490 463/330/490
f 468/138/312 461/138/312 460/329/312
f 467/355/492 465/366/492 464/356/492
f 465/332/493 470/336/493 469/335/493
f 467/334/1695 466/333/1695 472/338/1695
f 473/358/495 471/362/495 470/359/495
f 471/337/496 434/306/496 433/305/496
f 438/309/312 473/339/312 472/338/312
f 469/335/498 433/305/498 439/310/498
f 439/310/498 445/315/498 451/321/498
f 451/321/498 457/326/498 463/330/498
f 463/330/498 469/335/498 439/310/498
f 435/360/312 437/2313/312 444/344/312
f 471/362/312 473/358/312 438/340/312
f 448/318/501 442/313/501 436/308/501
f 436/308/501 472/338/501 466/333/501
f 466/333/501 460/329/501 454/324/501
f 454/324/501 448/318/501 436/308/501
f 441/343/312 443/345/312 450/347/312
f 447/346/312 449/348/312 456/350/312
f 453/349/312 455/351/312 462/354/312
f 459/365/312 461/352/312 468/357/312
f 465/366/1696 467/355/1696 474/355/1696
usemtl iron
f 193/35/209 194/2/209 195/3/209
f 196/4/210 197/5/210 198/6/210
f 199/7/211 200/8/211 201/9/211
f 202/10/212 203/11/212 204/12/212
f 205/13/213 206/14/213 207/15/213
f 208/16/214 209/17/214 210/18/214
f 211/19/215 212/20/215 213/21/215
f 214/22/216 215/23/216 216/24/216
f 199/7/217 195/3/217 200/8/217
f 196/25/218 195/26/218 194/27/218
f 202/10/219 198/28/219 197/29/219
f 203/11/220 200/31/220 204/12/220
f 199/7/221 212/20/221 211/19/221
f 202/10/222 216/24/222 203/11/222
f 213/21/223 216/24/223 215/23/223
f 211/19/224 206/14/224 205/13/224
f 214/22/225 210/18/225 215/23/225
f 209/17/226 206/14/226 210/18/226
f 193/35/227 207/15/227 194/2/227
f 197/5/228 209/17/228 208/16/228
f 211/19/229 193/35/229 199/7/229
f 195/26/230 204/12/230 200/31/230
f 209/17/231 194/32/231 207/15/231
f 202/39/232 208/16/232 214/22/232
f 203/11/233 212/20/233 201/30/233
f 213/21/234 210/18/234 206/14/234
f 217/1/235 218/2/235 219/3/235
f 220/4/236 221/5/236 222/6/236
f 223/7/237 224/8/237 225/9/237
f 226/10/238 227/11/238 228/12/238
f 229/13/239 230/14/239 231/15/239
f 232/16/240 233/17/240 234/18/240
f 235/19/241 236/20/241 237/21/241
f 238/22/242 239/23/242 240/24/242
f 217/1/243 224/8/243 223/7/243
f 218/27/244 222/28/244 219/26/244
f 226/10/245 222/28/245 221/29/245
f 227/11/246 224/31/246 228/12/246
f 223/7/247 236/20/247 235/19/247
f 238/22/248 227/11/248 226/10/248
f 239/23/249 236/20/249 240/24/249
f 235/19/250 230/14/250 229/13/250
f 232/16/251 239/23/251 238/22/251
f 233/17/252 230/14/252 234/18/252
f 229/13/253 218/2/253 217/1/253
f 232/16/254 220/4/254 233/17/254
f 223/7/255 229/13/255 217/1/255
f 222/28/256 224/31/256 219/26/256
f 233/17/257 218/32/257 231/15/257
f 226/39/258 232/16/258 238/22/258
f 227/11/259 236/20/259 225/30/259
f 239/23/260 230/14/260 237/21/260
f 241/35/261 242/2/261 243/3/261
f 244/4/262 245/5/262 246/6/262
f 247/7/263 248/8/263 249/9/263
f 250/10/264 251/11/264 252/34/264
f 253/13/265 254/14/265 255/15/265
f 256/16/266 257/17/266 258/18/266
f 259/19/267 260/20/267 261/21/267
f 262/37/268 263/23/268 264/38/268
f 241/35/269 248/8/269 247/7/269
f 242/27/270 246/28/270 243/26/270
f 250/10/271 246/28/271 245/29/271
f 249/30/272 252/34/272 251/11/272
f 259/19/273 249/9/273 260/20/273
f 262/37/274 251/11/274 250/10/274
f 263/23/275 260/20/275 264/38/275
f 253/13/276 261/21/276 254/14/276
f 262/37/277 258/18/277 263/23/277
f 257/17/278 254/14/278 258/18/278
f 241/35/279 255/15/279 242/2/279
f 245/5/280 257/17/280 256/16/280
f 259/19/281 241/35/281 247/7/281
f 246/28/282 248/31/282 243/26/282
f 257/17/283 242/32/283 255/15/283
f 262/37/284 245/33/284 256/16/284
f 251/11/285 260/20/285 249/30/285
f 263/23/286 254/14/286 261/21/286
f 199/7/217 193/35/217 195/3/217
f 196/25/218 198/28/218 195/26/218
f 202/10/219 204/12/219 198/28/219
f 203/11/220 201/30/220 200/31/220
f 199/7/1671 201/9/1671 212/20/1671
f 202/10/222 214/22/222 216/24/222
f 213/21/223 212/20/223 216/24/223
f 211/19/1672 213/21/1672 206/14/1672
f 214/22/225 208/16/225 210/18/225
f 209/17/226 207/15/226 206/14/226
f 193/35/227 205/13/227 207/15/227
f 197/5/1673 196/4/1673 209/17/1673
f 211/19/229 205/13/229 193/35/229
f 195/26/230 198/28/230 204/12/230
f 209/17/231 196/4/231 194/32/231
f 202/39/232 197/33/232 208/16/232
f 203/11/233 216/24/233 212/20/233
f 213/21/234 215/23/234 210/18/234
f 217/1/243 219/3/243 224/8/243
f 218/27/244 220/25/244 222/28/244
f 226/10/1674 228/12/1674 222/28/1674
f 227/11/246 225/30/246 224/31/246
f 223/7/247 225/9/247 236/20/247
f 238/22/1675 240/24/1675 227/11/1675
f 239/23/249 237/21/249 236/20/249
f 235/19/1676 237/21/1676 230/14/1676
f 232/16/251 234/18/251 239/23/251
f 233/17/252 231/15/252 230/14/252
f 229/13/1677 231/15/1677 218/2/1677
f 232/16/1678 221/5/1678 220/4/1678
f 223/7/255 235/19/255 229/13/255
f 222/28/256 228/12/256 224/31/256
f 233/17/257 220/4/257 218/32/257
f 226/39/258 221/33/258 232/16/258
f 227/11/259 240/24/259 236/20/259
f 239/23/260 234/18/260 230/14/260
f 241/35/269 243/3/269 248/8/269
f 242/27/270 244/25/270 246/28/270
f 250/10/271 252/34/271 246/28/271
f 249/30/272 248/31/272 252/34/272
f 259/19/273 247/7/273 249/9/273
f 262/37/1679 264/38/1679 251/11/1679
f 263/23/275 261/21/275 260/20/275
f 253/13/276 259/19/276 261/21/276
f 262/37/277 256/16/277 258/18/277
f 257/17/278 255/15/278 254/14/278
f 241/35/1680 253/13/1680 255/15/1680
f 245/5/280 244/4/280 257/17/280
f 259/19/281 253/13/281 241/35/281
f 246/28/282 252/34/282 248/31/282
f 257/17/283 244/4/283 242/32/283
f 262/37/284 250/39/284 245/33/284
f 251/11/285 264/38/285 260/20/285
f 263/23/286 258/18/286 254/14/286
usemtl bark
f 475/367/507 476/368/507 477/369/507
f 478/370/508 479/371/508 480/372/508
f 481/373/509 482/374/509 483/375/509
f 484/376/510 485/377/510 486/378/510
f 487/379/511 488/380/511 489/381/511
f 490/382/512 491/383/512 492/384/512
f 493/385/513 494/386/513 495/387/513
f 496/388/514 497/389/514 498/390/514
f 499/391/515 500/392/515 501/393/515
f 502/394/516 503/395/516 504/396/516
f 505/397/517 506/398/517 507/399/517
f 508/400/518 509/401/518 510/402/518
f 511/403/519 512/404/519 513/405/519
f 514/406/520 515/407/520 516/408/520
f 517/409/521 518/410/521 519/411/521
f 520/412/522 521/413/522 522/414/522
f 523/415/523 524/416/523 525/417/523
f 526/418/524 527/419/524 528/420/524
f 477/369/525 481/373/525 475/367/525
f 479/371/526 484/376/526 486/378/526
f 480/421/527 477/422/527 476/423/527
f 483/424/528 486/425/528 485/426/528
f 488/380/529 481/373/529 483/375/529
f 492/384/530 484/376/530 490/382/530
f 489/427/531 492/428/531 491/429/531
f 494/386/532 487/379/532 489/381/532
f 491/383/533 496/388/533 498/390/533
f 495/430/534 498/431/534 497/432/534
f 500/392/535 493/385/535 495/387/535
f 497/389/536 502/394/536 504/396/536
f 503/433/537 500/434/537 504/435/537
f 501/393/538 505/397/538 499/391/538
f 510/402/539 502/394/539 508/400/539
f 509/436/540 506/437/540 510/438/540
f 507/399/541 511/403/541 505/397/541
f 516/408/542 508/400/542 514/406/542
f 513/439/543 516/440/543 515/441/543
f 518/410/544 511/403/544 513/405/544
f 515/407/545 520/412/545 522/414/545
f 521/442/546 518/443/546 522/444/546
f 524/416/547 517/409/547 519/411/547
f 528/420/548 520/412/548 526/418/548
f 527/445/549 524/446/549 528/447/549
f 525/417/550 475/367/550 523/415/550
f 527/419/551 478/370/551 480/372/551
f 481/373/552 505/397/552 517/409/552
f 477/448/553 486/425/553 482/449/553
f 527/445/554 476/423/554 525/450/554
f 478/370/555 508/400/555 496/388/555
f 485/426/556 488/451/556 483/424/556
f 489/427/557 498/431/557 494/452/557
f 495/430/558 504/435/558 500/434/558
f 501/453/559 510/438/559 506/437/559
f 507/454/560 516/440/560 512/455/560
f 515/441/561 518/443/561 513/439/561
f 519/456/562 528/447/562 524/446/562
f 532/457/563 530/458/563 529/459/563
f 534/460/564 536/461/564 535/462/564
f 539/463/565 537/464/565 540/465/565
f 542/466/566 544/467/566 543/468/566
f 546/469/567 548/470/567 547/471/567
f 551/472/568 549/473/568 552/474/568
f 554/475/569 556/476/569 555/477/569
f 558/478/570 560/479/570 559/480/570
f 563/481/571 561/482/571 564/483/571
f 531/484/572 533/485/572 530/486/572
f 563/481/573 529/459/573 562/487/573
f 534/460/574 540/465/574 537/464/574
f 538/488/575 544/467/575 541/489/575
f 542/466/576 548/470/576 545/490/576
f 546/469/577 552/474/577 549/473/577
f 551/472/578 553/491/578 550/492/578
f 554/475/579 560/479/579 557/493/579
f 559/480/580 561/482/580 558/478/580
f 568/494/581 566/458/581 565/495/581
f 570/496/582 572/497/582 571/498/582
f 575/499/583 573/500/583 576/501/583
f 579/502/584 577/503/584 580/504/584
f 582/505/585 584/506/585 583/507/585
f 586/508/586 588/509/586 587/510/586
f 591/511/587 589/512/587 592/513/587
f 594/514/588 596/515/588 595/516/588
f 598/517/589 600/518/589 599/519/589
f 566/520/590 572/497/590 569/521/590
f 599/519/591 565/495/591 598/517/591
f 571/498/592 573/500/592 570/496/592
f 574/522/593 580/504/593 577/503/593
f 578/523/594 584/506/594 581/524/594
f 583/507/595 585/525/595 582/505/595
f 586/508/596 592/513/596 589/512/596
f 591/511/597 593/526/597 590/527/597
f 594/514/598 600/518/598 597/528/598
f 604/529/599 602/458/599 601/530/599
f 606/531/600 608/532/600 607/533/600
f 611/534/601 609/535/601 612/536/601
f 614/537/602 616/538/602 615/539/602
f 619/540/603 617/541/603 620/542/603
f 622/543/604 624/544/604 623/545/604
f 626/546/605 628/547/605 627/548/605
f 630/549/606 632/550/606 631/551/606
f 634/552/607 636/553/607 635/554/607
f 603/555/608 605/556/608 602/557/608
f 635/554/609 601/530/609 634/552/609
f 606/531/610 612/536/610 609/535/610
f 610/558/611 616/538/611 613/559/611
f 615/539/612 617/541/612 614/537/612
f 618/560/613 624/544/613 621/561/613
f 623/545/614 625/562/614 622/543/614
f 626/546/615 632/550/615 629/563/615
f 631/551/616 633/564/616 630/549/616
f 637/565/617 639/566/617 638/567/617
f 643/568/618 641/569/618 644/570/618
f 646/571/619 648/572/619 647/573/619
f 651/574/620 649/575/620 652/576/620
f 655/577/621 653/578/621 656/579/621
f 658/580/622 660/581/622 659/582/622
f 663/583/623 661/584/623 664/585/623
f 666/586/624 668/587/624 667/588/624
f 670/589/625 672/590/625 671/591/625
f 639/592/626 641/569/626 638/593/626
f 670/589/627 640/594/627 637/565/627
f 643/568/628 645/595/628 642/596/628
f 646/571/629 652/576/629 649/575/629
f 650/597/630 656/579/630 653/578/630
f 655/577/631 657/598/631 654/599/631
f 658/580/632 664/585/632 661/584/632
f 663/583/633 665/600/633 662/601/633
f 666/586/634 672/590/634 669/602/634
f 673/603/635 675/566/635 674/604/635
f 679/605/636 677/606/636 680/607/636
f 682/608/637 684/609/637 683/610/637
f 686/611/638 688/612/638 687/613/638
f 690/614/639 692/615/639 691/616/639
f 694/617/640 696/618/640 695/619/640
f 699/620/641 697/621/641 700/622/641
f 703/623/642 701/624/642 704/625/642
f 707/626/643 705/627/643 708/628/643
f 675/629/644 677/606/644 674/630/644
f 707/626/645 673/603/645 706/631/645
f 679/605/646 681/632/646 678/633/646
f 682/608/647 688/612/647 685/634/647
f 687/613/648 689/635/648 686/611/648
f 691/616/649 693/636/649 690/614/649
f 694/617/650 700/622/650 697/621/650
f 698/637/651 704/625/651 701/624/651
f 702/638/652 708/628/652 705/627/652
f 709/639/653 711/566/653 710/640/653
f 714/641/654 716/642/654 715/643/654
f 718/644/655 720/645/655 719/646/655
f 722/647/656 724/648/656 723/649/656
f 727/650/657 725/651/657 728/652/657
f 731/653/658 729/654/658 732/655/658
f 734/656/659 736/657/659 735/658/659
f 739/659/660 737/660/660 740/661/660
f 743/662/661 741/663/661 744/664/661
f 710/665/662 716/642/662 713/666/662
f 743/662/663 709/639/663 742/667/663
f 714/641/664 720/645/664 717/668/664
f 718/644/665 724/648/665 721/669/665
f 723/649/666 725/651/666 722/647/666
f 727/650/667 729/654/667 726/670/667
f 731/653/668 733/671/668 730/672/668
f 734/656/669 740/661/669 737/660/669
f 739/659/670 741/663/670 738/673/670
f 748/674/671 746/675/671 745/676/671
f 751/677/672 749/678/672 752/679/672
f 754/680/673 756/681/673 755/682/673
f 758/683/674 760/684/674 759/685/674
f 762/686/675 764/687/675 763/688/675
f 767/689/676 765/690/676 768/691/676
f 771/692/677 769/693/677 772/694/677
f 774/695/678 776/696/678 775/697/678
f 778/698/679 780/699/679 779/700/679
f 747/701/680 749/678/680 746/702/680
f 779/700/681 745/676/681 778/698/681
f 751/677/682 753/703/682 750/704/682
f 754/680/683 760/684/683 757/705/683
f 759/685/684 761/706/684 758/683/684
f 763/688/685 765/690/685 762/686/685
f 767/689/686 769/693/686 766/707/686
f 771/692/687 773/708/687 770/709/687
f 775/697/688 777/710/688 774/695/688
f 841/799/743 842/800/743 843/801/743
f 844/802/744 845/803/744 846/804/744
f 847/805/745 848/806/745 849/807/745
f 850/808/746 851/809/746 852/810/746
f 853/811/747 854/812/747 855/813/747
f 856/814/748 857/815/748 858/816/748
f 859/817/749 860/818/749 861/819/749
f 862/820/750 863/821/750 864/822/750
f 865/823/751 866/824/751 867/825/751
f 868/826/752 869/827/752 870/828/752
f 871/829/753 872/830/753 873/831/753
f 874/832/754 875/833/754 876/834/754
f 877/835/755 878/836/755 879/837/755
f 880/838/756 881/839/756 882/840/756
f 883/841/757 884/842/757 885/843/757
f 886/844/758 887/845/758 888/846/758
f 889/847/759 890/848/759 891/849/759
f 892/850/760 893/851/760 894/852/760
f 843/801/761 847/805/761 841/799/761
f 845/803/762 850/808/762 852/810/762
f 846/853/763 843/854/763 842/855/763
f 849/856/764 852/857/764 851/858/764
f 854/812/765 847/805/765 849/807/765
f 851/809/766 856/814/766 858/816/766
f 857/859/767 854/860/767 858/861/767
f 860/818/768 853/811/768 855/813/768
f 857/815/769 862/820/769 864/822/769
f 861/862/770 864/863/770 863/864/770
f 861/819/771 865/823/771 859/817/771
f 870/828/772 862/820/772 868/826/772
f 869/865/773 866/866/773 870/867/773
f 872/830/774 865/823/774 867/825/774
f 876/834/775 868/826/775 874/832/775
f 875/868/776 872/869/776 876/870/776
f 873/831/777 877/835/777 871/829/777
f 875/833/778 880/838/778 882/840/778
f 879/871/779 882/872/779 881/873/779
f 879/837/780 883/841/780 877/835/780
f 888/846/781 880/838/781 886/844/781
f 885/874/782 888/875/782 887/876/782
f 890/848/783 883/841/783 885/843/783
f 887/845/784 892/850/784 894/852/784
f 891/877/785 894/878/785 893/879/785
f 891/849/786 841/799/786 889/847/786
f 846/804/787 892/850/787 844/802/787
f 847/805/788 871/829/788 883/841/788
f 845/880/789 848/881/789 843/882/789
f 893/879/790 842/855/790 891/877/790
f 844/802/791 874/832/791 862/820/791
f 851/858/792 854/860/792 849/856/792
f 857/859/793 860/883/793 855/884/793
f 863/864/794 866/866/794 861/862/794
f 867/885/795 876/870/795 872/869/795
f 875/868/796 878/886/796 873/887/796
f 881/873/797 884/888/797 879/871/797
f 887/876/798 890/889/798 885/874/798
f 895/890/799 897/891/799 896/458/799
f 900/892/800 902/893/800 901/894/800
f 905/895/801 903/896/801 906/897/801
f 908/898/802 910/899/802 909/900/802
f 912/901/803 914/902/803 913/903/803
f 917/904/804 915/905/804 918/906/804
f 921/907/805 919/908/805 922/909/805
f 925/910/806 923/911/806 926/912/806
f 929/913/807 927/914/807 930/915/807
f 897/916/808 899/917/808 896/918/808
f 929/913/809 895/890/809 928/919/809
f 900/892/810 906/897/810 903/896/810
f 905/895/811 907/920/811 904/921/811
f 908/898/812 914/902/812 911/922/812
f 912/901/813 918/906/813 915/905/813
f 916/923/814 922/909/814 919/908/814
f 921/907/815 923/911/815 920/924/815
f 924/925/816 930/915/816 927/914/816
f 931/926/817 933/927/817 932/458/817
f 937/928/818 935/929/818 938/930/818
f 941/931/819 939/932/819 942/933/819
f 945/934/820 943/935/820 946/936/820
f 949/937/821 947/938/821 950/939/821
f 952/940/822 954/941/822 953/942/822
f 957/943/823 955/944/823 958/945/823
f 961/946/824 959/947/824 962/948/824
f 964/949/825 966/950/825 965/951/825
f 933/952/826 935/929/826 932/953/826
f 965/951/827 931/926/827 964/949/827
f 936/954/828 942/933/828 939/932/828
f 941/931/829 943/935/829 940/955/829
f 944/956/830 950/939/830 947/938/830
f 949/937/831 951/957/831 948/958/831
f 952/940/832 958/945/832 955/944/832
f 957/943/833 959/947/833 956/959/833
f 960/960/834 966/950/834 963/961/834
f 967/962/835 969/566/835 968/963/835
f 973/964/836 971/965/836 974/966/836
f 977/967/837 975/968/837 978/969/837
f 980/970/838 982/971/838 981/972/838
f 985/973/839 983/974/839 986/975/839
f 988/976/840 990/977/840 989/978/840
f 992/979/841 994/980/841 993/981/841
f 997/982/842 995/983/842 998/984/842
f 1000/985/843 1002/986/843 1001/987/843
f 968/988/844 974/966/844 971/965/844
f 1001/987/845 967/962/845 1000/985/845
f 973/964/846 975/968/846 972/989/846
f 977/967/847 979/990/847 976/991/847
f 980/970/848 986/975/848 983/974/848
f 985/973/849 987/992/849 984/993/849
f 988/976/850 994/980/850 991/994/850
f 992/979/851 998/984/851 995/983/851
f 997/982/852 999/995/852 996/996/852
f 1003/997/853 1005/566/853 1004/998/853
f 1009/999/854 1007/1000/854 1010/1001/854
f 1013/1002/855 1011/1003/855 1014/1004/855
f 1016/1005/856 1018/1006/856 1017/1007/856
f 1020/1008/857 1022/1009/857 1021/1010/857
f 1025/1011/858 1023/1012/858 1026/1013/858
f 1029/1014/859 1027/1015/859 1030/1016/859
f 1032/1017/860 1034/1018/860 1033/1019/860
f 1036/1020/861 1038/1021/861 1037/1022/861
f 1005/1023/862 1007/1000/862 1004/1024/862
f 1037/1022/863 1003/997/863 1036/1020/863
f 1009/999/864 1011/1003/864 1008/1025/864
f 1013/1002/865 1015/1026/865 1012/1027/865
f 1017/1007/866 1019/1028/866 1016/1005/866
f 1020/1008/867 1026/1013/867 1023/1012/867
f 1025/1011/868 1027/1015/868 1024/1029/868
f 1028/1030/869 1034/1018/869 1031/1031/869
f 1032/1017/870 1038/1021/870 1035/1032/870
f 1042/1033/871 1040/1034/871 1039/1035/871
f 1044/1036/872 1046/1037/872 1045/1038/872
f 1049/1039/873 1047/1040/873 1050/1041/873
f 1052/1042/874 1054/1043/874 1053/1044/874
f 1057/1045/875 1055/1046/875 1058/1047/875
f 1060/1048/876 1062/1049/876 1061/1050/876
f 1064/1051/877 1066/1052/877 1065/1053/877
f 1068/1054/878 1070/1055/878 1069/1056/878
f 1073/1057/879 1071/1058/879 1074/1059/879
f 1041/1060/880 1043/1061/880 1040/1062/880
f 1072/1063/881 1042/1033/881 1039/1035/881
f 1045/1038/882 1047/1040/882 1044/1036/882
f 1049/1039/883 1051/1064/883 1048/1065/883
f 1053/1044/884 1055/1046/884 1052/1042/884
f 1057/1045/885 1059/1066/885 1056/1067/885
f 1060/1048/886 1066/1052/886 1063/1068/886
f 1065/1053/887 1067/1069/887 1064/1051/887
f 1068/1054/888 1074/1059/888 1071/1058/888
f 1075/1070/889 1077/566/889 1076/1071/889
f 1080/1072/890 1082/1073/890 1081/1074/890
f 1085/1075/891 1083/1076/891 1086/1077/891
f 1088/1078/892 1090/1079/892 1089/1080/892
f 1093/1081/893 1091/1082/893 1094/1083/893
f 1096/1084/894 1098/1085/894 1097/1086/894
f 1100/1087/895 1102/1088/895 1101/1089/895
f 1104/1090/896 1106/1091/896 1105/1092/896
f 1108/1093/897 1110/1094/897 1109/1095/897
f 1077/1096/898 1079/1097/898 1076/1098/898
f 1108/1093/899 1078/1099/899 1075/1070/899
f 1081/1074/900 1083/1076/900 1080/1072/900
f 1085/1075/901 1087/1100/901 1084/1101/901
f 1088/1078/902 1094/1083/902 1091/1082/902
f 1093/1081/903 1095/1102/903 1092/1103/903
f 1096/1084/904 1102/1088/904 1099/1104/904
f 1101/1089/905 1103/1105/905 1100/1087/905
f 1104/1090/906 1110/1094/906 1107/1106/906
f 1114/1107/907 1112/1108/907 1111/1109/907
f 1117/1110/908 1115/1111/908 1118/1112/908
f 1120/1113/909 1122/1114/909 1121/1115/909
f 1125/1116/910 1123/1117/910 1126/1118/910
f 1129/1119/911 1127/1120/911 1130/1121/911
f 1132/1122/912 1134/1123/912 1133/1124/912
f 1136/1125/913 1138/1126/913 1137/1127/913
f 1140/1128/914 1142/1129/914 1141/1130/914
f 1145/1131/915 1143/1132/915 1146/1133/915
f 1112/1134/916 1118/1112/916 1115/1111/916
f 1145/1131/917 1111/1109/917 1144/1135/917
f 1117/1110/918 1119/1136/918 1116/1137/918
f 1121/1115/919 1123/1117/919 1120/1113/919
f 1125/1116/920 1127/1120/920 1124/1138/920
f 1129/1119/921 1131/1139/921 1128/1140/921
f 1132/1122/922 1138/1126/922 1135/1141/922
f 1136/1125/923 1142/1129/923 1139/1142/923
f 1140/1128/924 1146/1133/924 1143/1132/924
f 1207/1207/983 1208/1208/983 1209/1209/983
f 1210/1210/984 1211/1211/984 1212/1212/984
f 1213/1213/985 1214/1214/985 1215/1215/985
f 1216/1216/986 1217/1217/986 1218/1218/986
f 1219/1219/987 1220/1220/987 1221/1221/987
f 1222/1222/988 1223/1223/988 1224/1224/988
f 1225/1225/989 1226/1226/989 1227/1227/989
f 1228/1228/990 1229/1229/990 1230/1230/990
f 1231/1231/991 1232/1232/991 1233/1233/991
f 1234/1234/992 1235/1235/992 1236/1236/992
f 1237/1237/993 1238/1238/993 1239/1239/993
f 1240/1240/994 1241/1241/994 1242/1242/994
f 1243/1243/995 1244/1244/995 1245/1245/995
f 1246/1246/996 1247/1247/996 1248/1248/996
f 1249/1249/997 1250/1250/997 1251/1251/997
f 1252/1252/998 1253/1253/998 1254/1254/998
f 1255/1255/999 1256/1256/999 1257/1257/999
f 1258/1258/1000 1259/1259/1000 1260/1260/1000
f 1209/1209/1001 1213/1213/1001 1207/1207/1001
f 1218/1218/1002 1210/1210/1002 1216/1216/1002
f 1212/1261/1003 1209/1262/1003 1208/1263/1003
f 1217/1264/1004 1214/1265/1004 1218/1266/1004
f 1220/1220/1005 1213/1213/1005 1215/1215/1005
f 1224/1224/1006 1216/1216/1006 1222/1222/1006
f 1223/1267/1007 1220/1268/1007 1224/1269/1007
f 1221/1221/1008 1225/1225/1008 1219/1219/1008
f 1230/1230/1009 1222/1222/1009 1228/1228/1009
f 1229/1270/1010 1226/1271/1010 1230/1272/1010
f 1232/1232/1011 1225/1225/1011 1227/1227/1011
f 1229/1229/1012 1234/1234/1012 1236/1236/1012
f 1233/1273/1013 1236/1274/1013 1235/1275/1013
f 1238/1238/1014 1231/1231/1014 1233/1233/1014
f 1235/1235/1015 1240/1240/1015 1242/1242/1015
f 1239/1276/1016 1242/1277/1016 1241/1278/1016
f 1244/1244/1017 1237/1237/1017 1239/1239/1017
f 1241/1241/1018 1246/1246/1018 1248/1248/1018
f 1245/1279/1019 1248/1280/1019 1247/1281/1019
f 1245/1245/1020 1249/1249/1020 1243/1243/1020
f 1247/1247/1021 1252/1252/1021 1254/1254/1021
f 1251/1282/1022 1254/1283/1022 1253/1284/1022
f 1251/1251/1023 1255/1255/1023 1249/1249/1023
f 1253/1253/1024 1258/1258/1024 1260/1260/1024
f 1257/1285/1025 1260/1286/1025 1259/1287/1025
f 1208/1208/1026 1255/1255/1026 1257/1257/1026
f 1212/1212/1027 1258/1258/1027 1210/1210/1027
f 1213/1213/1028 1237/1237/1028 1249/1249/1028
f 1211/1288/1029 1214/1265/1029 1209/1289/1029
f 1259/1287/1030 1208/1263/1030 1257/1285/1030
f 1210/1210/1031 1240/1240/1031 1228/1228/1031
f 1215/1290/1032 1224/1269/1032 1220/1268/1032
f 1223/1267/1033 1226/1271/1033 1221/1291/1033
f 1229/1270/1034 1232/1292/1034 1227/1293/1034
f 1235/1275/1035 1238/1294/1035 1233/1273/1035
f 1241/1278/1036 1244/1295/1036 1239/1276/1036
f 1247/1281/1037 1250/1296/1037 1245/1279/1037
f 1253/1284/1038 1256/1297/1038 1251/1282/1038
f 1264/1298/1039 1262/458/1039 1261/1299/1039
f 1267/1300/1040 1265/1301/1040 1268/1302/1040
f 1270/1303/1041 1272/1304/1041 1271/1305/1041
f 1275/1306/1042 1273/1307/1042 1276/1308/1042
f 1278/1309/1043 1280/1310/1043 1279/1311/1043
f 1282/1312/1044 1284/1313/1044 1283/1314/1044
f 1286/1315/1045 1288/1316/1045 1287/1317/1045
f 1291/1318/1046 1289/1319/1046 1292/1320/1046
f 1294/1321/1047 1296/1322/1047 1295/1323/1047
f 1263/1324/1048 1265/1301/1048 1262/1325/1048
f 1294/1321/1049 1264/1298/1049 1261/1299/1049
f 1266/1326/1050 1272/1304/1050 1269/1327/1050
f 1271/1305/1051 1273/1307/1051 1270/1303/1051
f 1275/1306/1052 1277/1328/1052 1274/1329/1052
f 1279/1311/1053 1281/1330/1053 1278/1309/1053
f 1282/1312/1054 1288/1316/1054 1285/1331/1054
f 1287/1317/1055 1289/1319/1055 1286/1315/1055
f 1291/1318/1056 1293/1332/1056 1290/1333/1056
f 1300/1334/1057 1298/458/1057 1297/1335/1057
f 1302/1336/1058 1304/1337/1058 1303/1338/1058
f 1306/1339/1059 1308/1340/1059 1307/1341/1059
f 1311/1342/1060 1309/1343/1060 1312/1344/1060
f 1314/1345/1061 1316/1346/1061 1315/1347/1061
f 1318/1348/1062 1320/1349/1062 1319/1350/1062
f 1323/1351/1063 1321/1352/1063 1324/1353/1063
f 1327/1354/1064 1325/1355/1064 1328/1356/1064
f 1331/1357/1065 1329/1358/1065 1332/1359/1065
f 1298/1360/1066 1304/1337/1066 1301/1361/1066
f 1330/1362/1067 1300/1334/1067 1297/1335/1067
f 1303/1338/1068 1305/1363/1068 1302/1336/1068
f 1306/1339/1069 1312/1344/1069 1309/1343/1069
f 1310/1364/1070 1316/1346/1070 1313/1365/1070
f 1314/1345/1071 1320/1349/1071 1317/1366/1071
f 1318/1348/1072 1324/1353/1072 1321/1352/1072
f 1323/1351/1073 1325/1355/1073 1322/1367/1073
f 1327/1354/1074 1329/1358/1074 1326/1368/1074
f 1333/1369/1075 1335/1370/1075 1334/458/1075
f 1339/1371/1076 1337/1372/1076 1340/1373/1076
f 1343/1374/1077 1341/1375/1077 1344/1376/1077
f 1346/1377/1078 1348/1378/1078 1347/1379/1078
f 1351/1380/1079 1349/1381/1079 1352/1382/1079
f 1354/1383/1080 1356/1384/1080 1355/1385/1080
f 1358/1386/1081 1360/1387/1081 1359/1388/1081
f 1363/1389/1082 1361/1390/1082 1364/1391/1082
f 1366/1392/1083 1368/1393/1083 1367/1394/1083
f 1335/1395/1084 1337/1372/1084 1334/1396/1084
f 1367/1394/1085 1333/1369/1085 1366/1392/1085
f 1338/1397/1086 1344/1376/1086 1341/1375/1086
f 1343/1374/1087 1345/1398/1087 1342/1399/1087
f 1346/1377/1088 1352/1382/1088 1349/1381/1088
f 1350/1400/1089 1356/1384/1089 1353/1401/1089
f 1354/1383/1090 1360/1387/1090 1357/1402/1090
f 1358/1386/1091 1364/1391/1091 1361/1390/1091
f 1363/1389/1092 1365/1403/1092 1362/1404/1092
f 1372/1405/1093 1370/1406/1093 1369/1407/1093
f 1375/1408/1094 1373/1409/1094 1376/1410/1094
f 1379/1411/1095 1377/1412/1095 1380/1413/1095
f 1383/1414/1096 1381/1415/1096 1384/1416/1096
f 1387/1417/1097 1385/1418/1097 1388/1419/1097
f 1391/1420/1098 1389/1421/1098 1392/1422/1098
f 1395/1423/1099 1393/1424/1099 1396/1425/1099
f 1398/1426/1100 1400/1427/1100 1399/1428/1100
f 1402/1429/1101 1404/1430/1101 1403/1431/1101
f 1371/1432/1102 1373/1409/1102 1370/1433/1102
f 1403/1431/1103 1369/1407/1103 1402/1429/1103
f 1375/1408/1104 1377/1412/1104 1374/1434/1104
f 1379/1411/1105 1381/1415/1105 1378/1435/1105
f 1383/1414/1106 1385/1418/1106 1382/1436/1106
f 1386/1437/1107 1392/1422/1107 1389/1421/1107
f 1391/1420/1108 1393/1424/1108 1390/1438/1108
f 1394/1439/1109 1400/1427/1109 1397/1440/1109
f 1399/1428/1110 1401/1441/1110 1398/1426/1110
f 1405/1442/1111 1407/566/1111 1406/1443/1111
f 1410/1444/1112 1412/1445/1112 1411/1446/1112
f 1414/1447/1113 1416/1448/1113 1415/1449/1113
f 1419/1450/1114 1417/1451/1114 1420/1452/1114
f 1423/1453/1115 1421/1454/1115 1424/1455/1115
f 1427/1456/1116 1425/1457/1116 1428/1458/1116
f 1431/1459/1117 1429/1460/1117 1432/1461/1117
f 1435/1462/1118 1433/1463/1118 1436/1464/1118
f 1438/1465/1119 1440/1466/1119 1439/1467/1119
f 1407/1468/1120 1409/1469/1120 1406/1470/1120
f 1439/1467/1121 1405/1442/1121 1438/1465/1121
f 1411/1446/1122 1413/1471/1122 1410/1444/1122
f 1414/1447/1123 1420/1452/1123 1417/1451/1123
f 1419/1450/1124 1421/1454/1124 1418/1472/1124
f 1423/1453/1125 1425/1457/1125 1422/1473/1125
f 1427/1456/1126 1429/1460/1126 1426/1474/1126
f 1431/1459/1127 1433/1463/1127 1430/1475/1127
f 1434/1476/1128 1440/1466/1128 1437/1477/1128
f 1441/1478/1129 1443/566/1129 1442/1479/1129
f 1446/1480/1130 1448/1481/1130 1447/1482/1130
f 1450/1483/1131 1452/1484/1131 1451/1485/1131
f 1454/1486/1132 1456/1487/1132 1455/1488/1132
f 1458/1489/1133 1460/1490/1133 1459/1491/1133
f 1462/1492/1134 1464/1493/1134 1463/1494/1134
f 1467/1495/1135 1465/1496/1135 1468/1497/1135
f 1470/1498/1136 1472/1499/1136 1471/1500/1136
f 1475/1501/1137 1473/1502/1137 1476/1503/1137
f 1442/1504/1138 1448/1481/1138 1445/1505/1138
f 1475/1501/1139 1441/1478/1139 1474/1506/1139
f 1446/1480/1140 1452/1484/1140 1449/1507/1140
f 1451/1485/1141 1453/1508/1141 1450/1483/1141
f 1455/1488/1142 1457/1509/1142 1454/1486/1142
f 1459/1491/1143 1461/1510/1143 1458/1489/1143
f 1463/1494/1144 1465/1496/1144 1462/1492/1144
f 1466/1511/1145 1472/1499/1145 1469/1512/1145
f 1471/1500/1146 1473/1502/1146 1470/1498/1146
f 1477/1513/1147 1479/566/1147 1478/1514/1147
f 1482/1515/1148 1484/1516/1148 1483/1517/1148
f 1486/1518/1149 1488/1519/1149 1487/1520/1149
f 1491/1521/1150 1489/1522/1150 1492/1523/1150
f 1494/1524/1151 1496/1525/1151 1495/1526/1151
f 1499/1527/1152 1497/1528/1152 1500/1529/1152
f 1502/1530/1153 1504/1531/1153 1503/1532/1153
f 1506/1533/1154 1508/1534/1154 1507/1535/1154
f 1510/1536/1155 1512/1537/1155 1511/1538/1155
f 1479/1539/1156 1481/1540/1156 1478/1541/1156
f 1510/1536/1157 1480/1542/1157 1477/1513/1157
f 1482/1515/1158 1488/1519/1158 1485/1543/1158
f 1486/1518/1159 1492/1523/1159 1489/1522/1159
f 1490/1544/1160 1496/1525/1160 1493/1545/1160
f 1495/1526/1161 1497/1528/1161 1494/1524/1161
f 1498/1546/1162 1504/1531/1162 1501/1547/1162
f 1502/1530/1163 1508/1534/1163 1505/1548/1163
f 1507/1535/1164 1509/1549/1164 1506/1533/1164
f 1573/1617/1219 1574/1618/1219 1575/1619/1219
f 1576/1620/1220 1577/1621/1220 1578/1622/1220
f 1579/1623/1221 1580/1624/1221 1581/1625/1221
f 1582/1626/1222 1583/1627/1222 1584/1628/1222
f 1585/1629/1223 1586/1630/1223 1587/1631/1223
f 1588/1632/1224 1589/1633/1224 1590/1634/1224
f 1591/1635/1225 1592/1636/1225 1593/1637/1225
f 1594/1638/1226 1595/1639/1226 1596/1640/1226
f 1597/1641/1227 1598/1642/1227 1599/1643/1227
f 1600/1644/1228 1601/1645/1228 1602/1646/1228
f 1603/1647/1229 1604/1648/1229 1605/1649/1229
f 1606/1650/1230 1607/1651/1230 1608/1652/1230
f 1609/1653/1231 1610/1654/1231 1611/1655/1231
f 1612/1656/1232 1613/1657/1232 1614/1658/1232
f 1615/1659/1233 1616/1660/1233 1617/1661/1233
f 1618/1662/1234 1619/1663/1234 1620/1664/1234
f 1621/1665/1235 1622/1666/1235 1623/1667/1235
f 1624/1668/1236 1625/1669/1236 1626/1670/1236
f 1575/1619/1237 1579/1623/1237 1573/1617/1237
f 1584/1628/1238 1576/1620/1238 1582/1626/1238
f 1574/1671/1239 1577/1672/1239 1575/1673/1239
f 1583/1674/1240 1580/1675/1240 1584/1676/1240
f 1586/1630/1241 1579/1623/1241 1581/1625/1241
f 1583/1627/1242 1588/1632/1242 1590/1634/1242
f 1587/1677/1243 1590/1678/1243 1589/1679/1243
f 1587/1631/1244 1591/1635/1244 1585/1629/1244
f 1596/1640/1245 1588/1632/1245 1594/1638/1245
f 1595/1680/1246 1592/1681/1246 1596/1682/1246
f 1598/1642/1247 1591/1635/1247 1593/1637/1247
f 1602/1646/1248 1594/1638/1248 1600/1644/1248
f 1599/1683/1249 1602/1684/1249 1601/1685/1249
f 1604/1648/1250 1597/1641/1250 1599/1643/1250
f 1601/1645/1251 1606/1650/1251 1608/1652/1251
f 1607/1686/1252 1604/1687/1252 1608/1688/1252
f 1605/1649/1253 1609/1653/1253 1603/1647/1253
f 1614/1658/1254 1606/1650/1254 1612/1656/1254
f 1613/1689/1255 1610/1690/1255 1614/1691/1255
f 1616/1660/1256 1609/1653/1256 1611/1655/1256
f 1620/1664/1257 1612/1656/1257 1618/1662/1257
f 1619/1692/1258 1616/1693/1258 1620/1694/1258
f 1622/1666/1259 1615/1659/1259 1617/1661/1259
f 1619/1663/1260 1624/1668/1260 1626/1670/1260
f 1623/1695/1261 1626/1696/1261 1625/1697/1261
f 1623/1667/1262 1573/1617/1262 1621/1665/1262
f 1625/1669/1263 1576/1620/1263 1578/1622/1263
f 1579/1623/1264 1603/1647/1264 1615/1659/1264
f 1575/1698/1265 1584/1676/1265 1580/1675/1265
f 1625/1697/1266 1574/1671/1266 1623/1695/1266
f 1576/1620/1267 1606/1650/1267 1594/1638/1267
f 1581/1699/1268 1590/1678/1268 1586/1700/1268
f 1587/1677/1269 1596/1682/1269 1592/1681/1269
f 1595/1680/1270 1598/1701/1270 1593/1702/1270
f 1599/1683/1271 1608/1688/1271 1604/1687/1271
f 1605/1703/1272 1614/1691/1272 1610/1690/1272
f 1613/1689/1273 1616/1693/1273 1611/1704/1273
f 1617/1705/1274 1626/1696/1274 1622/1706/1274
f 1627/1707/1275 1629/1708/1275 1628/458/1275
f 1633/1709/1276 1631/1710/1276 1634/1711/1276
f 1637/1712/1277 1635/1713/1277 1638/1714/1277
f 1640/1715/1278 1642/1716/1278 1641/1717/1278
f 1645/1718/1279 1643/1719/1279 1646/1720/1279
f 1649/1721/1280 1647/1722/1280 1650/1723/1280
f 1652/1724/1281 1654/1725/1281 1653/1726/1281
f 1657/1727/1282 1655/1728/1282 1658/1729/1282
f 1661/1730/1283 1659/1731/1283 1662/1732/1283
f 1628/1733/1284 1634/1711/1284 1631/1710/1284
f 1660/1734/1285 1630/1735/1285 1627/1707/1285
f 1633/1709/1286 1635/1713/1286 1632/1736/1286
f 1636/1737/1287 1642/1716/1287 1639/1738/1287
f 1641/1717/1288 1643/1719/1288 1640/1715/1288
f 1644/1739/1289 1650/1723/1289 1647/1722/1289
f 1649/1721/1290 1651/1740/1290 1648/1741/1290
f 1653/1726/1291 1655/1728/1291 1652/1724/1291
f 1656/1742/1292 1662/1732/1292 1659/1731/1292
f 1663/1743/1293 1665/1744/1293 1664/458/1293
f 1668/1745/1294 1670/1746/1294 1669/1747/1294
f 1672/1748/1295 1674/1749/1295 1673/1750/1295
f 1676/1751/1296 1678/1752/1296 1677/1753/1296
f 1680/1754/1297 1682/1755/1297 1681/1756/1297
f 1684/1757/1298 1686/1758/1298 1685/1759/1298
f 1689/1760/1299 1687/1761/1299 1690/1762/1299
f 1692/1763/1300 1694/1764/1300 1693/1765/1300
f 1696/1766/1301 1698/1767/1301 1697/1768/1301
f 1664/1769/1302 1670/1746/1302 1667/1770/1302
f 1697/1768/1303 1663/1743/1303 1696/1766/1303
f 1668/1745/1304 1674/1749/1304 1671/1771/1304
f 1673/1750/1305 1675/1772/1305 1672/1748/1305
f 1677/1753/1306 1679/1773/1306 1676/1751/1306
f 1680/1754/1307 1686/1758/1307 1683/1774/1307
f 1684/1757/1308 1690/1762/1308 1687/1761/1308
f 1688/1775/1309 1694/1764/1309 1691/1776/1309
f 1693/1765/1310 1695/1777/1310 1692/1763/1310
f 1702/1778/1311 1700/1779/1311 1699/1780/1311
f 1705/1781/1312 1703/1782/1312 1706/1783/1312
f 1708/1784/1313 1710/1785/1313 1709/1786/1313
f 1713/1787/1314 1711/1788/1314 1714/1789/1314
f 1716/1790/1315 1718/1791/1315 1717/1792/1315
f 1721/1793/1316 1719/1794/1316 1722/1795/1316
f 1724/1796/1317 1726/1797/1317 1725/1798/1317
f 1728/1799/1318 1730/1800/1318 1729/1801/1318
f 1732/1802/1319 1734/1803/1319 1733/1804/1319
f 1700/1805/1320 1706/1783/1320 1703/1782/1320
f 1733/1804/1321 1699/1780/1321 1732/1802/1321
f 1704/1806/1322 1710/1785/1322 1707/1807/1322
f 1708/1784/1323 1714/1789/1323 1711/1788/1323
f 1712/1808/1324 1718/1791/1324 1715/1809/1324
f 1717/1792/1325 1719/1794/1325 1716/1790/1325
f 1721/1793/1326 1723/1810/1326 1720/1811/1326
f 1724/1796/1327 1730/1800/1327 1727/1812/1327
f 1729/1801/1328 1731/1813/1328 1728/1799/1328
f 1738/1814/1329 1736/1815/1329 1735/1816/1329
f 1741/1817/1330 1739/1818/1330 1742/1819/1330
f 1745/1820/1331 1743/1821/1331 1746/1822/1331
f 1748/1823/1332 1750/1824/1332 1749/1825/1332
f 1752/1826/1333 1754/1827/1333 1753/1828/1333
f 1757/1829/1334 1755/1830/1334 1758/1831/1334
f 1760/1832/1335 1762/1833/1335 1761/1834/1335
f 1764/1835/1336 1766/1836/1336 1765/1837/1336
f 1768/1838/1337 1770/1839/1337 1769/1840/1337
f 1737/1841/1338 1739/1818/1338 1736/1842/1338
f 1768/1838/1339 1738/1814/1339 1735/1816/1339
f 1740/1843/1340 1746/1822/1340 1743/1821/1340
f 1745/1820/1341 1747/1844/1341 1744/1845/1341
f 1749/1825/1342 1751/1846/1342 1748/1823/1342
f 1753/1828/1343 1755/1830/1343 1752/1826/1343
f 1757/1829/1344 1759/1847/1344 1756/1848/1344
f 1761/1834/1345 1763/1849/1345 1760/1832/1345
f 1764/1835/1346 1770/1839/1346 1767/1850/1346
f 1771/1851/1347 1773/566/1347 1772/1852/1347
f 1776/1853/1348 1778/1854/1348 1777/1855/1348
f 1780/1856/1349 1782/1857/1349 1781/1858/1349
f 1784/1859/1350 1786/1860/1350 1785/1861/1350
f 1789/1862/1351 1787/1863/1351 1790/1864/1351
f 1792/1865/1352 1794/1866/1352 1793/1867/1352
f 1797/1868/1353 1795/1869/1353 1798/1870/1353
f 1800/1871/1354 1802/1872/1354 1801/1873/1354
f 1805/1874/1355 1803/1875/1355 1806/1876/1355
f 1773/1877/1356 1775/1878/1356 1772/1879/1356
f 1804/1880/1357 1774/1881/1357 1771/1851/1357
f 1777/1855/1358 1779/1882/1358 1776/1853/1358
f 1781/1858/1359 1783/1883/1359 1780/1856/1359
f 1785/1861/1360 1787/1863/1360 1784/1859/1360
f 1788/1884/1361 1794/1866/1361 1791/1885/1361
f 1793/1867/1362 1795/1869/1362 1792/1865/1362
f 1796/1886/1363 1802/1872/1363 1799/1887/1363
f 1801/1873/1364 1803/1875/1364 1800/1871/1364
f 1810/1888/1365 1808/1889/1365 1807/1890/1365
f 1812/1891/1366 1814/1892/1366 1813/1893/1366
f 1816/1894/1367 1818/1895/1367 1817/1896/1367
f 1821/1897/1368 1819/1898/1368 1822/1899/1368
f 1825/1900/1369 1823/1901/1369 1826/1902/1369
f 1829/1903/1370 1827/1904/1370 1830/1905/1370
f 1832/1906/1371 1834/1907/1371 1833/1908/1371
f 1837/1909/1372 1835/1910/1372 1838/1911/1372
f 1841/1912/1373 1839/1913/1373 1842/1914/1373
f 1808/1915/1374 1814/1892/1374 1811/1916/1374
f 1841/1912/1375 1807/1890/1375 1840/1917/1375
f 1812/1891/1376 1818/1895/1376 1815/1918/1376
f 1816/1894/1377 1822/1899/1377 1819/1898/1377
f 1821/1897/1378 1823/1901/1378 1820/1919/1378
f 1824/1920/1379 1830/1905/1379 1827/1904/1379
f 1829/1903/1380 1831/1921/1380 1828/1922/1380
f 1833/1908/1381 1835/1910/1381 1832/1906/1381
f 1837/1909/1382 1839/1913/1382 1836/1923/1382
f 1843/1924/1383 1845/566/1383 1844/1925/1383
f 1849/1926/1384 1847/1927/1384 1850/1928/1384
f 1853/1929/1385 1851/1930/1385 1854/1931/1385
f 1856/1932/1386 1858/1933/1386 1857/1934/1386
f 1861/1935/1387 1859/1936/1387 1862/1937/1387
f 1864/1938/1388 1866/1939/1388 1865/1940/1388
f 1868/1941/1389 1870/1942/1389 1869/1943/1389
f 1872/1944/1390 1874/1945/1390 1873/1946/1390
f 1876/1947/1391 1878/1948/1391 1877/1949/1391
f 1844/1950/1392 1850/1928/1392 1847/1927/1392
f 1877/1949/1393 1843/1924/1393 1876/1947/1393
f 1848/1951/1394 1854/1931/1394 1851/1930/1394
f 1852/1952/1395 1858/1933/1395 1855/1953/1395
f 1857/1934/1396 1859/1936/1396 1856/1932/1396
f 1861/1935/1397 1863/1954/1397 1860/1955/1397
f 1865/1940/1398 1867/1956/1398 1864/1938/1398
f 1868/1941/1399 1874/1945/1399 1871/1957/1399
f 1873/1946/1400 1875/1958/1400 1872/1944/1400
f 1939/2025/1457 1940/2026/1457 1941/2027/1457
f 1942/2028/1458 1943/2029/1458 1944/2030/1458
f 1945/2031/1459 1946/2032/1459 1947/2033/1459
f 1948/2034/1460 1949/2035/1460 1950/2036/1460
f 1951/2037/1461 1952/2038/1461 1953/2039/1461
f 1954/2040/1462 1955/2041/1462 1956/2042/1462
f 1957/2043/1463 1958/2044/1463 1959/2045/1463
f 1960/2046/1464 1961/2047/1464 1962/2048/1464
f 1963/2049/1465 1964/2050/1465 1965/2051/1465
f 1966/2052/1466 1967/2053/1466 1968/2054/1466
f 1946/2032/1467 1939/2025/1467 1941/2027/1467
f 1950/2036/1468 1942/2028/1468 1948/2034/1468
f 1944/2055/1469 1941/2056/1469 1940/2057/1469
f 1947/2058/1470 1950/2059/1470 1949/2060/1470
f 1952/2038/1471 1945/2031/1471 1947/2033/1471
f 1956/2042/1472 1948/2034/1472 1954/2040/1472
f 1955/2061/1473 1952/2062/1473 1956/2063/1473
f 1953/2039/1474 1957/2043/1474 1951/2037/1474
f 1962/2048/1475 1954/2040/1475 1960/2046/1475
f 1959/2064/1476 1962/2065/1476 1961/2066/1476
f 1964/2050/1477 1957/2043/1477 1959/2045/1477
f 1968/2054/1478 1960/2046/1478 1966/2052/1478
f 1965/2067/1479 1968/2068/1479 1967/2069/1479
f 1940/2026/1480 1963/2049/1480 1965/2051/1480
f 1944/2030/1481 1966/2052/1481 1942/2028/1481
f 1945/2031/1482 1957/2043/1482 1963/2049/1482
f 1941/2070/1483 1950/2059/1483 1946/2071/1483
f 1965/2067/1484 1944/2055/1484 1940/2057/1484
f 1942/2028/1485 1960/2046/1485 1954/2040/1485
f 1947/2058/1486 1956/2063/1486 1952/2062/1486
f 1953/2072/1487 1962/2065/1487 1958/2073/1487
f 1959/2064/1488 1968/2068/1488 1964/2074/1488
f 1969/2075/1489 1970/2076/1489 1971/2077/1489
f 1972/2078/1490 1973/722/1490 1974/762/1490
f 1975/2079/1491 1976/2080/1491 1977/2081/1491
f 1978/2082/1492 1979/772/1492 1980/2083/1492
f 1981/2084/1493 1982/2085/1493 1983/2086/1493
f 1984/2087/1494 1985/2088/1494 1986/2089/1494
f 1987/2090/1495 1988/2091/1495 1989/2092/1495
f 1990/2093/1496 1991/782/1496 1992/2094/1496
f 1993/2095/1497 1994/2096/1497 1995/2097/1497
f 1996/2098/1498 1997/762/1498 1998/782/1498
f 1976/2080/1499 1969/2075/1499 1971/2077/1499
f 1980/2083/1500 1972/2078/1500 1978/2082/1500
f 1974/2099/1501 1971/2100/1501 1970/2101/1501
f 1979/2102/1502 1976/2103/1502 1980/2104/1502
f 1977/2081/1503 1981/2084/1503 1975/2079/1503
f 1986/2089/1504 1978/2082/1504 1984/2087/1504
f 1983/2105/1505 1986/2102/1505 1985/2106/1505
f 1988/2091/1506 1981/2084/1506 1983/2086/1506
f 1992/2094/1507 1984/2087/1507 1990/2093/1507
f 1989/2107/1508 1992/2108/1508 1991/2109/1508
f 1989/2092/1509 1993/2095/1509 1987/2090/1509
f 1998/782/1510 1990/2093/1510 1996/2098/1510
f 1997/2110/1511 1994/2111/1511 1998/2109/1511
f 1970/2076/1512 1993/2095/1512 1995/2097/1512
f 1974/762/1513 1996/2098/1513 1972/2078/1513
f 1975/2079/1514 1987/2090/1514 1993/2095/1514
f 1971/2112/1515 1980/2104/1515 1976/2103/1515
f 1995/2113/1516 1974/2099/1516 1970/2101/1516
f 1972/2078/1517 1990/2093/1517 1984/2087/1517
f 1977/2114/1518 1986/2102/1518 1982/2115/1518
f 1983/2105/1519 1992/2108/1519 1988/2116/1519
f 1989/2107/1520 1998/2109/1520 1994/2111/1520
f 1999/2117/1521 2000/2118/1521 2001/2119/1521
f 2002/2120/1522 2003/2121/1522 2004/762/1522
f 2005/2122/1523 2006/2123/1523 2007/2124/1523
f 2008/2125/1524 2009/2042/1524 2010/715/1524
f 2011/2126/1525 2012/2127/1525 2013/2128/1525
f 2014/2129/1526 2015/2041/1526 2016/772/1526
f 2017/2130/1527 2018/2131/1527 2019/2132/1527
f 2020/2133/1528 2021/776/1528 2022/2134/1528
f 2023/2135/1529 2024/2136/1529 2025/2137/1529
f 2026/2138/1530 2027/762/1530 2028/2139/1530
f 2001/2119/1531 2005/2122/1531 1999/2117/1531
f 2010/715/1532 2002/2120/1532 2008/2125/1532
f 2000/2140/1533 2003/2141/1533 2001/2142/1533
f 2007/2143/1534 2010/2144/1534 2009/2145/1534
f 2007/2124/1535 2011/2126/1535 2005/2122/1535
f 2016/772/1536 2008/2125/1536 2014/2129/1536
f 2013/2146/1537 2016/2147/1537 2015/2148/1537
f 2013/2128/1538 2017/2130/1538 2011/2126/1538
f 2022/2134/1539 2014/2129/1539 2020/2133/1539
f 2021/2149/1540 2018/2150/1540 2022/2151/1540
f 2024/2136/1541 2017/2130/1541 2019/2132/1541
f 2028/2139/1542 2020/2133/1542 2026/2138/1542
f 2025/2152/1543 2028/2153/1543 2027/2154/1543
f 2000/2118/1544 2023/2135/1544 2025/2137/1544
f 2004/762/1545 2026/2138/1545 2002/2120/1545
f 2005/2122/1546 2017/2130/1546 2023/2135/1546
f 2001/2155/1547 2010/2144/1547 2006/2156/1547
f 2025/2152/1548 2004/2157/1548 2000/2140/1548
f 2002/2120/1549 2020/2133/1549 2014/2129/1549
f 2007/2143/1550 2016/2147/1550 2012/2158/1550
f 2013/2146/1551 2022/2151/1551 2018/2150/1551
f 2019/2159/1552 2028/2153/1552 2024/2160/1552
f 2029/2161/1553 2030/2162/1553 2031/2163/1553
f 2032/2164/1554 2033/2165/1554 2034/2166/1554
f 2035/2167/1555 2036/2168/1555 2037/2169/1555
f 2038/2170/1556 2039/2089/1556 2040/2171/1556
f 2041/2172/1557 2042/2173/1557 2043/2174/1557
f 2044/2175/1558 2045/2176/1558 2046/1558/1558
f 2047/2177/1559 2048/2178/1559 2049/2179/1559
f 2050/2180/1560 2051/782/1560 2052/2181/1560
f 2053/2182/1561 2054/2183/1561 2055/2184/1561
f 2056/2185/1562 2057/2166/1562 2058/2186/1562
f 2036/2168/1563 2029/2161/1563 2031/2163/1563
f 2040/2171/1564 2032/2164/1564 2038/2170/1564
f 2030/2187/1565 2033/2188/1565 2031/2189/1565
f 2039/2190/1566 2036/2191/1566 2040/2192/1566
f 2037/2169/1567 2041/2172/1567 2035/2167/1567
f 2046/1558/1568 2038/2170/1568 2044/2175/1568
f 2045/2193/1569 2042/2194/1569 2046/2190/1569
f 2043/2174/1570 2047/2177/1570 2041/2172/1570
f 2052/2181/1571 2044/2175/1571 2050/2180/1571
f 2049/2195/1572 2052/2196/1572 2051/2197/1572
f 2054/2183/1573 2047/2177/1573 2049/2179/1573
f 2058/2186/1574 2050/2180/1574 2056/2185/1574
f 2057/2198/1575 2054/2199/1575 2058/2197/1575
f 2030/2162/1576 2053/2182/1576 2055/2184/1576
f 2034/2166/1577 2056/2185/1577 2032/2164/1577
f 2035/2167/1578 2047/2177/1578 2053/2182/1578
f 2031/2200/1579 2040/2192/1579 2036/2191/1579
f 2055/2201/1580 2034/2202/1580 2030/2187/1580
f 2032/2164/1581 2050/2180/1581 2044/2175/1581
f 2037/2203/1582 2046/2190/1582 2042/2194/1582
f 2043/2204/1583 2052/2196/1583 2048/2205/1583
f 2049/2195/1584 2058/2197/1584 2054/2199/1584
f 2059/2206/1585 2060/2207/1585 2061/2208/1585
f 2062/2209/1586 2063/1146/1586 2064/2210/1586
f 2065/2211/1587 2066/2212/1587 2067/2213/1587
f 2068/2214/1588 2069/721/1588 2070/2215/1588
f 2071/2216/1589 2072/2217/1589 2073/2218/1589
f 2074/2219/1590 2075/2048/1590 2076/2220/1590
f 2077/2221/1591 2078/2222/1591 2079/2223/1591
f 2080/2224/1592 2081/2225/1592 2082/2226/1592
f 2083/2227/1593 2084/2228/1593 2085/2229/1593
f 2086/2230/1594 2087/1178/1594 2088/2231/1594
f 2061/2208/1595 2065/2211/1595 2059/2206/1595
f 2070/2215/1596 2062/2209/1596 2068/2214/1596
f 2060/2232/1597 2063/2233/1597 2061/2234/1597
f 2069/2235/1598 2066/2236/1598 2070/2237/1598
f 2072/2217/1599 2065/2211/1599 2067/2213/1599
f 2076/2220/1600 2068/2214/1600 2074/2219/1600
f 2073/2238/1601 2076/2235/1601 2075/2239/1601
f 2073/2218/1602 2077/2221/1602 2071/2216/1602
f 2082/2226/1603 2074/2219/1603 2080/2224/1603
f 2081/2240/1604 2078/2241/1604 2082/2239/1604
f 2079/2223/1605 2083/2227/1605 2077/2221/1605
f 2088/2231/1606 2080/2224/1606 2086/2230/1606
f 2085/2242/1607 2088/2243/1607 2087/2244/1607
f 2060/2207/1608 2083/2227/1608 2085/2229/1608
f 2064/2210/1609 2086/2230/1609 2062/2209/1609
f 2065/2211/1610 2077/2221/1610 2083/2227/1610
f 2061/2245/1611 2070/2237/1611 2066/2236/1611
f 2085/2242/1612 2064/2244/1612 2060/2232/1612
f 2062/2209/1613 2080/2224/1613 2074/2219/1613
f 2067/2246/1614 2076/2235/1614 2072/2247/1614
f 2073/2238/1615 2082/2239/1615 2078/2241/1615
f 2079/2248/1616 2088/2243/1616 2084/2249/1616
f 477/369/525 482/374/525 481/373/525
f 479/371/526 478/370/526 484/376/526
f 480/421/1697 479/2314/1697 477/422/1697
f 483/424/1698 482/449/1698 486/425/1698
f 488/380/529 487/379/529 481/373/529
f 492/384/530 485/377/530 484/376/530
f 489/427/1699 488/451/1699 492/428/1699
f 494/386/532 493/385/532 487/379/532
f 491/383/533 490/382/533 496/388/533
f 495/430/1700 494/452/1700 498/431/1700
f 500/392/535 499/391/535 493/385/535
f 497/389/536 496/388/536 502/394/536
f 503/433/537 501/453/537 500/434/537
f 501/393/538 506/398/538 505/397/538
f 510/402/539 503/395/539 502/394/539
f 509/436/1701 507/454/1701 506/437/1701
f 507/399/541 512/404/541 511/403/541
f 516/408/542 509/401/542 508/400/542
f 513/439/1702 512/455/1702 516/440/1702
f 518/410/544 517/409/544 511/403/544
f 515/407/545 514/406/545 520/412/545
f 521/442/1703 519/456/1703 518/443/1703
f 524/416/547 523/415/547 517/409/547
f 528/420/548 521/413/548 520/412/548
f 527/445/1704 525/450/1704 524/446/1704
f 525/417/550 476/368/550 475/367/550
f 527/419/551 526/418/551 478/370/551
f 523/415/552 475/367/552 481/373/552
f 481/373/552 487/379/552 493/385/552
f 493/385/552 499/391/552 505/397/552
f 505/397/552 511/403/552 517/409/552
f 517/409/552 523/415/552 481/373/552
f 481/373/552 493/385/552 505/397/552
f 477/448/1705 479/2315/1705 486/425/1705
f 527/445/1706 480/421/1706 476/423/1706
f 490/382/555 484/376/555 478/370/555
f 478/370/555 526/418/555 520/412/555
f 520/412/555 514/406/555 508/400/555
f 508/400/555 502/394/555 496/388/555
f 496/388/555 490/382/555 478/370/555
f 478/370/555 520/412/555 508/400/555
f 485/426/1707 492/428/1707 488/451/1707
f 489/427/557 491/429/557 498/431/557
f 495/430/1708 497/432/1708 504/435/1708
f 501/453/559 503/433/559 510/438/559
f 507/454/1709 509/436/1709 516/440/1709
f 515/441/1710 522/444/1710 518/443/1710
f 519/456/1711 521/442/1711 528/447/1711
f 532/457/563 531/2316/563 530/458/563
f 534/460/564 533/485/564 536/461/564
f 539/463/565 538/488/565 537/464/565
f 542/466/566 541/489/566 544/467/566
f 546/469/567 545/490/567 548/470/567
f 551/472/568 550/492/568 549/473/568
f 554/475/569 553/491/569 556/476/569
f 558/478/570 557/493/570 560/479/570
f 563/481/571 562/487/571 561/482/571
f 531/484/572 536/461/572 533/485/572
f 563/481/573 532/457/573 529/459/573
f 534/460/574 535/462/574 540/465/574
f 538/488/575 539/463/575 544/467/575
f 542/466/576 543/468/576 548/470/576
f 546/469/1712 547/471/1712 552/474/1712
f 551/472/578 556/476/578 553/491/578
f 554/475/579 555/477/579 560/479/579
f 559/480/580 564/483/580 561/482/580
f 568/494/581 567/2317/581 566/458/581
f 570/496/582 569/521/582 572/497/582
f 575/499/583 574/522/583 573/500/583
f 579/502/584 578/523/584 577/503/584
f 582/505/585 581/524/585 584/506/585
f 586/508/586 585/525/586 588/509/586
f 591/511/587 590/527/587 589/512/587
f 594/514/588 593/526/588 596/515/588
f 598/517/589 597/528/589 600/518/589
f 566/520/590 567/2318/590 572/497/590
f 599/519/1713 568/494/1713 565/495/1713
f 571/498/592 576/501/592 573/500/592
f 574/522/593 575/499/593 580/504/593
f 578/523/594 579/502/594 584/506/594
f 583/507/595 588/509/595 585/525/595
f 586/508/596 587/510/596 592/513/596
f 591/511/597 596/515/597 593/526/597
f 594/514/598 595/516/598 600/518/598
f 604/529/599 603/2319/599 602/458/599
f 606/531/600 605/556/600 608/532/600
f 611/534/601 610/558/601 609/535/601
f 614/537/602 613/559/602 616/538/602
f 619/540/603 618/560/603 617/541/603
f 622/543/604 621/561/604 624/544/604
f 626/546/605 625/562/605 628/547/605
f 630/549/606 629/563/606 632/550/606
f 634/552/607 633/564/607 636/553/607
f 603/555/608 608/532/608 605/556/608
f 635/554/609 604/529/609 601/530/609
f 606/531/610 607/533/610 612/536/610
f 610/558/611 611/534/611 616/538/611
f 615/539/612 620/542/612 617/541/612
f 618/560/613 619/540/613 624/544/613
f 623/545/614 628/547/614 625/562/614
f 626/546/615 627/548/615 632/550/615
f 631/551/616 636/553/616 633/564/616
f 637/565/617 640/594/617 639/566/617
f 643/568/618 642/596/618 641/569/618
f 646/571/619 645/595/619 648/572/619
f 651/574/620 650/597/620 649/575/620
f 655/577/621 654/599/621 653/578/621
f 658/580/622 657/598/622 660/581/622
f 663/583/623 662/601/623 661/584/623
f 666/586/624 665/600/624 668/587/624
f 670/589/625 669/602/625 672/590/625
f 639/592/626 644/570/626 641/569/626
f 670/589/627 671/591/627 640/594/627
f 643/568/628 648/572/628 645/595/628
f 646/571/629 647/573/629 652/576/629
f 650/597/630 651/574/630 656/579/630
f 655/577/631 660/581/631 657/598/631
f 658/580/1714 659/582/1714 664/585/1714
f 663/583/633 668/587/633 665/600/633
f 666/586/634 667/588/634 672/590/634
f 673/603/635 676/2320/635 675/566/635
f 679/605/636 678/633/636 677/606/636
f 682/608/637 681/632/637 684/609/637
f 686/611/638 685/634/638 688/612/638
f 690/614/639 689/635/639 692/615/639
f 694/617/640 693/636/640 696/618/640
f 699/620/641 698/637/641 697/621/641
f 703/623/642 702/638/642 701/624/642
f 707/626/643 706/631/643 705/627/643
f 675/629/644 680/607/644 677/606/644
f 707/626/645 676/2320/645 673/603/645
f 679/605/646 684/609/646 681/632/646
f 682/608/647 683/610/647 688/612/647
f 687/613/648 692/615/648 689/635/648
f 691/616/649 696/618/649 693/636/649
f 694/617/650 695/619/650 700/622/650
f 698/637/651 699/620/651 704/625/651
f 702/638/652 703/623/652 708/628/652
f 709/639/653 712/2321/653 711/566/653
f 714/641/1715 713/666/1715 716/642/1715
f 718/644/655 717/668/655 720/645/655
f 722/647/656 721/669/656 724/648/656
f 727/650/657 726/670/657 725/651/657
f 731/653/658 730/672/658 729/654/658
f 734/656/659 733/671/659 736/657/659
f 739/659/660 738/673/660 737/660/660
f 743/662/661 742/667/661 741/663/661
f 710/665/662 711/2322/662 716/642/662
f 743/662/663 712/2321/663 709/639/663
f 714/641/664 715/643/664 720/645/664
f 718/644/665 719/646/665 724/648/665
f 723/649/666 728/652/666 725/651/666
f 727/650/667 732/655/667 729/654/667
f 731/653/668 736/657/668 733/671/668
f 734/656/669 735/658/669 740/661/669
f 739/659/670 744/664/670 741/663/670
f 748/674/671 747/566/671 746/675/671
f 751/677/672 750/704/672 749/678/672
f 754/680/673 753/703/673 756/681/673
f 758/683/674 757/705/674 760/684/674
f 762/686/675 761/706/675 764/687/675
f 767/689/676 766/707/676 765/690/676
f 771/692/677 770/709/677 769/693/677
f 774/695/678 773/708/678 776/696/678
f 778/698/679 777/710/679 780/699/679
f 747/701/1716 752/679/1716 749/678/1716
f 779/700/681 748/674/681 745/676/681
f 751/677/682 756/681/682 753/703/682
f 754/680/683 755/682/683 760/684/683
f 759/685/684 764/687/684 761/706/684
f 763/688/685 768/691/685 765/690/685
f 767/689/686 772/694/686 769/693/686
f 771/692/687 776/696/687 773/708/687
f 775/697/688 780/699/688 777/710/688
f 843/801/761 848/806/761 847/805/761
f 845/803/762 844/802/762 850/808/762
f 846/853/1724 845/2327/1724 843/854/1724
f 849/856/1725 848/881/1725 852/857/1725
f 854/812/765 853/811/765 847/805/765
f 851/809/766 850/808/766 856/814/766
f 857/859/767 855/884/767 854/860/767
f 860/818/768 859/817/768 853/811/768
f 857/815/769 856/814/769 862/820/769
f 861/862/1726 860/883/1726 864/863/1726
f 861/819/771 866/824/771 865/823/771
f 870/828/772 863/821/772 862/820/772
f 869/865/1727 867/885/1727 866/866/1727
f 872/830/774 871/829/774 865/823/774
f 876/834/775 869/827/775 868/826/775
f 875/868/1728 873/887/1728 872/869/1728
f 873/831/777 878/836/777 877/835/777
f 875/833/778 874/832/778 880/838/778
f 879/871/1729 878/886/1729 882/872/1729
f 879/837/780 884/842/780 883/841/780
f 888/846/781 881/839/781 880/838/781
f 885/874/782 884/888/782 888/875/782
f 890/848/783 889/847/783 883/841/783
f 887/845/784 886/844/784 892/850/784
f 891/877/1730 890/889/1730 894/878/1730
f 891/849/786 842/800/786 841/799/786
f 846/804/787 893/851/787 892/850/787
f 889/847/788 841/799/788 847/805/788
f 847/805/788 853/811/788 859/817/788
f 859/817/788 865/823/788 871/829/788
f 871/829/788 877/835/788 883/841/788
f 883/841/788 889/847/788 847/805/788
f 847/805/788 859/817/788 871/829/788
f 845/880/1731 852/857/1731 848/881/1731
f 893/879/1732 846/853/1732 842/855/1732
f 856/814/791 850/808/791 844/802/791
f 844/802/791 892/850/791 886/844/791
f 886/844/791 880/838/791 874/832/791
f 874/832/791 868/826/791 862/820/791
f 862/820/791 856/814/791 844/802/791
f 844/802/791 886/844/791 874/832/791
f 851/858/792 858/861/792 854/860/792
f 857/859/1733 864/863/1733 860/883/1733
f 863/864/1734 870/867/1734 866/866/1734
f 867/885/1735 869/865/1735 876/870/1735
f 875/868/1736 882/872/1736 878/886/1736
f 881/873/1737 888/875/1737 884/888/1737
f 887/876/1738 894/878/1738 890/889/1738
f 895/890/799 898/2328/799 897/891/799
f 900/892/800 899/917/800 902/893/800
f 905/895/801 904/921/801 903/896/801
f 908/898/802 907/920/802 910/899/802
f 912/901/803 911/922/803 914/902/803
f 917/904/804 916/923/804 915/905/804
f 921/907/805 920/924/805 919/908/805
f 925/910/806 924/925/806 923/911/806
f 929/913/807 928/919/807 927/914/807
f 897/916/808 902/893/808 899/917/808
f 929/913/809 898/2328/809 895/890/809
f 900/892/810 901/894/810 906/897/810
f 905/895/811 910/899/811 907/920/811
f 908/898/812 909/900/812 914/902/812
f 912/901/813 913/903/813 918/906/813
f 916/923/814 917/904/814 922/909/814
f 921/907/815 926/912/815 923/911/815
f 924/925/816 925/910/816 930/915/816
f 931/926/817 934/2329/817 933/927/817
f 937/928/818 936/954/818 935/929/818
f 941/931/819 940/955/819 939/932/819
f 945/934/820 944/956/820 943/935/820
f 949/937/1739 948/958/1739 947/938/1739
f 952/940/1740 951/957/1740 954/941/1740
f 957/943/823 956/959/823 955/944/823
f 961/946/824 960/960/824 959/947/824
f 964/949/825 963/961/825 966/950/825
f 933/952/826 938/930/826 935/929/826
f 965/951/827 934/2329/827 931/926/827
f 936/954/828 937/928/828 942/933/828
f 941/931/829 946/936/829 943/935/829
f 944/956/830 945/934/830 950/939/830
f 949/937/831 954/941/831 951/957/831
f 952/940/832 953/942/832 958/945/832
f 957/943/833 962/948/833 959/947/833
f 960/960/834 961/946/834 966/950/834
f 967/962/835 970/2330/835 969/566/835
f 973/964/836 972/989/836 971/965/836
f 977/967/837 976/991/837 975/968/837
f 980/970/838 979/990/838 982/971/838
f 985/973/839 984/993/839 983/974/839
f 988/976/840 987/992/840 990/977/840
f 992/979/841 991/994/841 994/980/841
f 997/982/842 996/996/842 995/983/842
f 1000/985/843 999/995/843 1002/986/843
f 968/988/844 969/2331/844 974/966/844
f 1001/987/845 970/2330/845 967/962/845
f 973/964/846 978/969/846 975/968/846
f 977/967/847 982/971/847 979/990/847
f 980/970/848 981/972/848 986/975/848
f 985/973/849 990/977/849 987/992/849
f 988/976/850 989/978/850 994/980/850
f 992/979/851 993/981/851 998/984/851
f 997/982/852 1002/986/852 999/995/852
f 1003/997/853 1006/2332/853 1005/566/853
f 1009/999/854 1008/1025/854 1007/1000/854
f 1013/1002/855 1012/1027/855 1011/1003/855
f 1016/1005/856 1015/1026/856 1018/1006/856
f 1020/1008/857 1019/1028/857 1022/1009/857
f 1025/1011/858 1024/1029/858 1023/1012/858
f 1029/1014/859 1028/1030/859 1027/1015/859
f 1032/1017/860 1031/1031/860 1034/1018/860
f 1036/1020/861 1035/1032/861 1038/1021/861
f 1005/1023/862 1010/1001/862 1007/1000/862
f 1037/1022/863 1006/2332/863 1003/997/863
f 1009/999/864 1014/1004/864 1011/1003/864
f 1013/1002/865 1018/1006/865 1015/1026/865
f 1017/1007/866 1022/1009/866 1019/1028/866
f 1020/1008/867 1021/1010/867 1026/1013/867
f 1025/1011/868 1030/1016/868 1027/1015/868
f 1028/1030/869 1029/1014/869 1034/1018/869
f 1032/1017/870 1033/1019/870 1038/1021/870
f 1042/1033/871 1041/566/871 1040/1034/871
f 1044/1036/872 1043/1061/872 1046/1037/872
f 1049/1039/873 1048/1065/873 1047/1040/873
f 1052/1042/874 1051/1064/874 1054/1043/874
f 1057/1045/875 1056/1067/875 1055/1046/875
f 1060/1048/876 1059/1066/876 1062/1049/876
f 1064/1051/877 1063/1068/877 1066/1052/877
f 1068/1054/878 1067/1069/878 1070/1055/878
f 1073/1057/879 1072/1063/879 1071/1058/879
f 1041/1060/880 1046/1037/880 1043/1061/880
f 1072/1063/881 1073/1057/881 1042/1033/881
f 1045/1038/882 1050/1041/882 1047/1040/882
f 1049/1039/883 1054/1043/883 1051/1064/883
f 1053/1044/884 1058/1047/884 1055/1046/884
f 1057/1045/885 1062/1049/885 1059/1066/885
f 1060/1048/886 1061/1050/886 1066/1052/886
f 1065/1053/887 1070/1055/887 1067/1069/887
f 1068/1054/888 1069/1056/888 1074/1059/888
f 1075/1070/889 1078/1099/889 1077/566/889
f 1080/1072/890 1079/1097/890 1082/1073/890
f 1085/1075/891 1084/1101/891 1083/1076/891
f 1088/1078/892 1087/1100/892 1090/1079/892
f 1093/1081/893 1092/1103/893 1091/1082/893
f 1096/1084/894 1095/1102/894 1098/1085/894
f 1100/1087/895 1099/1104/895 1102/1088/895
f 1104/1090/896 1103/1105/896 1106/1091/896
f 1108/1093/897 1107/1106/897 1110/1094/897
f 1077/1096/898 1082/1073/898 1079/1097/898
f 1108/1093/899 1109/1095/899 1078/1099/899
f 1081/1074/900 1086/1077/900 1083/1076/900
f 1085/1075/901 1090/1079/901 1087/1100/901
f 1088/1078/902 1089/1080/902 1094/1083/902
f 1093/1081/903 1098/1085/903 1095/1102/903
f 1096/1084/904 1097/1086/904 1102/1088/904
f 1101/1089/905 1106/1091/905 1103/1105/905
f 1104/1090/906 1105/1092/906 1110/1094/906
f 1114/1107/907 1113/566/907 1112/1108/907
f 1117/1110/908 1116/1137/908 1115/1111/908
f 1120/1113/909 1119/1136/909 1122/1114/909
f 1125/1116/910 1124/1138/910 1123/1117/910
f 1129/1119/911 1128/1140/911 1127/1120/911
f 1132/1122/912 1131/1139/912 1134/1123/912
f 1136/1125/913 1135/1141/913 1138/1126/913
f 1140/1128/914 1139/1142/914 1142/1129/914
f 1145/1131/915 1144/1135/915 1143/1132/915
f 1112/1134/916 1113/2333/916 1118/1112/916
f 1145/1131/917 1114/1107/917 1111/1109/917
f 1117/1110/918 1122/1114/918 1119/1136/918
f 1121/1115/919 1126/1118/919 1123/1117/919
f 1125/1116/920 1130/1121/920 1127/1120/920
f 1129/1119/921 1134/1123/921 1131/1139/921
f 1132/1122/922 1133/1124/922 1138/1126/922
f 1136/1125/923 1137/1127/923 1142/1129/923
f 1140/1128/924 1141/1130/924 1146/1133/924
f 1209/1209/1001 1214/1214/1001 1213/1213/1001
f 1218/1218/1002 1211/1211/1002 1210/1210/1002
f 1212/1261/1747 1211/2336/1747 1209/1262/1747
f 1217/1264/1748 1215/1290/1748 1214/1265/1748
f 1220/1220/1005 1219/1219/1005 1213/1213/1005
f 1224/1224/1006 1217/1217/1006 1216/1216/1006
f 1223/1267/1749 1221/1291/1749 1220/1268/1749
f 1221/1221/1008 1226/1226/1008 1225/1225/1008
f 1230/1230/1009 1223/1223/1009 1222/1222/1009
f 1229/1270/1750 1227/1293/1750 1226/1271/1750
f 1232/1232/1011 1231/1231/1011 1225/1225/1011
f 1229/1229/1751 1228/1228/1751 1234/1234/1751
f 1233/1273/1752 1232/1292/1752 1236/1274/1752
f 1238/1238/1014 1237/1237/1014 1231/1231/1014
f 1235/1235/1753 1234/1234/1753 1240/1240/1753
f 1239/1276/1754 1238/1294/1754 1242/1277/1754
f 1244/1244/1755 1243/1243/1755 1237/1237/1755
f 1241/1241/1756 1240/1240/1756 1246/1246/1756
f 1245/1279/1757 1244/1295/1757 1248/1280/1757
f 1245/1245/1020 1250/1250/1020 1249/1249/1020
f 1247/1247/1021 1246/1246/1021 1252/1252/1021
f 1251/1282/1758 1250/1296/1758 1254/1283/1758
f 1251/1251/1023 1256/1256/1023 1255/1255/1023
f 1253/1253/1024 1252/1252/1024 1258/1258/1024
f 1257/1285/1759 1256/1297/1759 1260/1286/1759
f 1208/1208/1026 1207/1207/1026 1255/1255/1026
f 1212/1212/1027 1259/1259/1027 1258/1258/1027
f 1255/1255/1028 1207/1207/1028 1213/1213/1028
f 1213/1213/1028 1219/1219/1028 1225/1225/1028
f 1225/1225/1028 1231/1231/1028 1237/1237/1028
f 1237/1237/1028 1243/1243/1028 1249/1249/1028
f 1249/1249/1028 1255/1255/1028 1213/1213/1028
f 1213/1213/1028 1225/1225/1028 1237/1237/1028
f 1211/1288/1760 1218/1266/1760 1214/1265/1760
f 1259/1287/1030 1212/1261/1030 1208/1263/1030
f 1222/1222/1031 1216/1216/1031 1210/1210/1031
f 1210/1210/1031 1258/1258/1031 1252/1252/1031
f 1252/1252/1031 1246/1246/1031 1240/1240/1031
f 1240/1240/1031 1234/1234/1031 1228/1228/1031
f 1228/1228/1031 1222/1222/1031 1210/1210/1031
f 1210/1210/1031 1252/1252/1031 1240/1240/1031
f 1215/1290/1761 1217/1264/1761 1224/1269/1761
f 1223/1267/1762 1230/1272/1762 1226/1271/1762
f 1229/1270/1763 1236/1274/1763 1232/1292/1763
f 1235/1275/1764 1242/1277/1764 1238/1294/1764
f 1241/1278/1765 1248/1280/1765 1244/1295/1765
f 1247/1281/1037 1254/1283/1037 1250/1296/1037
f 1253/1284/1766 1260/1286/1766 1256/1297/1766
f 1264/1298/1039 1263/2337/1039 1262/458/1039
f 1267/1300/1040 1266/1326/1040 1265/1301/1040
f 1270/1303/1041 1269/1327/1041 1272/1304/1041
f 1275/1306/1042 1274/1329/1042 1273/1307/1042
f 1278/1309/1043 1277/1328/1043 1280/1310/1043
f 1282/1312/1044 1281/1330/1044 1284/1313/1044
f 1286/1315/1045 1285/1331/1045 1288/1316/1045
f 1291/1318/1046 1290/1333/1046 1289/1319/1046
f 1294/1321/1047 1293/1332/1047 1296/1322/1047
f 1263/1324/1767 1268/1302/1767 1265/1301/1767
f 1294/1321/1049 1295/1323/1049 1264/1298/1049
f 1266/1326/1050 1267/1300/1050 1272/1304/1050
f 1271/1305/1051 1276/1308/1051 1273/1307/1051
f 1275/1306/1052 1280/1310/1052 1277/1328/1052
f 1279/1311/1053 1284/1313/1053 1281/1330/1053
f 1282/1312/1054 1283/1314/1054 1288/1316/1054
f 1287/1317/1055 1292/1320/1055 1289/1319/1055
f 1291/1318/1056 1296/1322/1056 1293/1332/1056
f 1300/1334/1057 1299/2338/1057 1298/458/1057
f 1302/1336/1058 1301/1361/1058 1304/1337/1058
f 1306/1339/1059 1305/1363/1059 1308/1340/1059
f 1311/1342/1060 1310/1364/1060 1309/1343/1060
f 1314/1345/1061 1313/1365/1061 1316/1346/1061
f 1318/1348/1062 1317/1366/1062 1320/1349/1062
f 1323/1351/1063 1322/1367/1063 1321/1352/1063
f 1327/1354/1064 1326/1368/1064 1325/1355/1064
f 1331/1357/1065 1330/1362/1065 1329/1358/1065
f 1298/1360/1066 1299/2339/1066 1304/1337/1066
f 1330/1362/1067 1331/1357/1067 1300/1334/1067
f 1303/1338/1068 1308/1340/1068 1305/1363/1068
f 1306/1339/1069 1307/1341/1069 1312/1344/1069
f 1310/1364/1070 1311/1342/1070 1316/1346/1070
f 1314/1345/1071 1315/1347/1071 1320/1349/1071
f 1318/1348/1072 1319/1350/1072 1324/1353/1072
f 1323/1351/1073 1328/1356/1073 1325/1355/1073
f 1327/1354/1074 1332/1359/1074 1329/1358/1074
f 1333/1369/1075 1336/2340/1075 1335/1370/1075
f 1339/1371/1076 1338/1397/1076 1337/1372/1076
f 1343/1374/1077 1342/1399/1077 1341/1375/1077
f 1346/1377/1078 1345/1398/1078 1348/1378/1078
f 1351/1380/1079 1350/1400/1079 1349/1381/1079
f 1354/1383/1080 1353/1401/1080 1356/1384/1080
f 1358/1386/1081 1357/1402/1081 1360/1387/1081
f 1363/1389/1082 1362/1404/1082 1361/1390/1082
f 1366/1392/1083 1365/1403/1083 1368/1393/1083
f 1335/1395/1084 1340/1373/1084 1337/1372/1084
f 1367/1394/1085 1336/2340/1085 1333/1369/1085
f 1338/1397/1086 1339/1371/1086 1344/1376/1086
f 1343/1374/1087 1348/1378/1087 1345/1398/1087
f 1346/1377/1088 1347/1379/1088 1352/1382/1088
f 1350/1400/1089 1351/1380/1089 1356/1384/1089
f 1354/1383/1090 1355/1385/1090 1360/1387/1090
f 1358/1386/1091 1359/1388/1091 1364/1391/1091
f 1363/1389/1092 1368/1393/1092 1365/1403/1092
f 1372/1405/1093 1371/566/1093 1370/1406/1093
f 1375/1408/1094 1374/1434/1094 1373/1409/1094
f 1379/1411/1095 1378/1435/1095 1377/1412/1095
f 1383/1414/1096 1382/1436/1096 1381/1415/1096
f 1387/1417/1097 1386/1437/1097 1385/1418/1097
f 1391/1420/1098 1390/1438/1098 1389/1421/1098
f 1395/1423/1099 1394/1439/1099 1393/1424/1099
f 1398/1426/1100 1397/1440/1100 1400/1427/1100
f 1402/1429/1101 1401/1441/1101 1404/1430/1101
f 1371/1432/1102 1376/1410/1102 1373/1409/1102
f 1403/1431/1103 1372/1405/1103 1369/1407/1103
f 1375/1408/1104 1380/1413/1104 1377/1412/1104
f 1379/1411/1105 1384/1416/1105 1381/1415/1105
f 1383/1414/1106 1388/1419/1106 1385/1418/1106
f 1386/1437/1107 1387/1417/1107 1392/1422/1107
f 1391/1420/1108 1396/1425/1108 1393/1424/1108
f 1394/1439/1109 1395/1423/1109 1400/1427/1109
f 1399/1428/1110 1404/1430/1110 1401/1441/1110
f 1405/1442/1111 1408/2341/1111 1407/566/1111
f 1410/1444/1112 1409/1469/1112 1412/1445/1112
f 1414/1447/1113 1413/1471/1113 1416/1448/1113
f 1419/1450/1114 1418/1472/1114 1417/1451/1114
f 1423/1453/1115 1422/1473/1115 1421/1454/1115
f 1427/1456/1768 1426/1474/1768 1425/1457/1768
f 1431/1459/1769 1430/1475/1769 1429/1460/1769
f 1435/1462/1118 1434/1476/1118 1433/1463/1118
f 1438/1465/1119 1437/1477/1119 1440/1466/1119
f 1407/1468/1120 1412/1445/1120 1409/1469/1120
f 1439/1467/1121 1408/2341/1121 1405/1442/1121
f 1411/1446/1122 1416/1448/1122 1413/1471/1122
f 1414/1447/1123 1415/1449/1123 1420/1452/1123
f 1419/1450/1124 1424/1455/1124 1421/1454/1124
f 1423/1453/1125 1428/1458/1125 1425/1457/1125
f 1427/1456/1126 1432/1461/1126 1429/1460/1126
f 1431/1459/1127 1436/1464/1127 1433/1463/1127
f 1434/1476/1128 1435/1462/1128 1440/1466/1128
f 1441/1478/1129 1444/2342/1129 1443/566/1129
f 1446/1480/1130 1445/1505/1130 1448/1481/1130
f 1450/1483/1131 1449/1507/1131 1452/1484/1131
f 1454/1486/1132 1453/1508/1132 1456/1487/1132
f 1458/1489/1133 1457/1509/1133 1460/1490/1133
f 1462/1492/1134 1461/1510/1134 1464/1493/1134
f 1467/1495/1135 1466/1511/1135 1465/1496/1135
f 1470/1498/1136 1469/1512/1136 1472/1499/1136
f 1475/1501/1137 1474/1506/1137 1473/1502/1137
f 1442/1504/1138 1443/2343/1138 1448/1481/1138
f 1475/1501/1139 1444/2342/1139 1441/1478/1139
f 1446/1480/1140 1447/1482/1140 1452/1484/1140
f 1451/1485/1141 1456/1487/1141 1453/1508/1141
f 1455/1488/1770 1460/1490/1770 1457/1509/1770
f 1459/1491/1143 1464/1493/1143 1461/1510/1143
f 1463/1494/1771 1468/1497/1771 1465/1496/1771
f 1466/1511/1145 1467/1495/1145 1472/1499/1145
f 1471/1500/1146 1476/1503/1146 1473/1502/1146
f 1477/1513/1147 1480/1542/1147 1479/566/1147
f 1482/1515/1148 1481/1540/1148 1484/1516/1148
f 1486/1518/1149 1485/1543/1149 1488/1519/1149
f 1491/1521/1150 1490/1544/1150 1489/1522/1150
f 1494/1524/1151 1493/1545/1151 1496/1525/1151
f 1499/1527/1152 1498/1546/1152 1497/1528/1152
f 1502/1530/1153 1501/1547/1153 1504/1531/1153
f 1506/1533/1154 1505/1548/1154 1508/1534/1154
f 1510/1536/1155 1509/1549/1155 1512/1537/1155
f 1479/1539/1156 1484/1516/1156 1481/1540/1156
f 1510/1536/1157 1511/1538/1157 1480/1542/1157
f 1482/1515/1158 1483/1517/1158 1488/1519/1158
f 1486/1518/1159 1487/1520/1159 1492/1523/1159
f 1490/1544/1160 1491/1521/1160 1496/1525/1160
f 1495/1526/1161 1500/1529/1161 1497/1528/1161
f 1498/1546/1162 1499/1527/1162 1504/1531/1162
f 1502/1530/1163 1503/1532/1163 1508/1534/1163
f 1507/1535/1164 1512/1537/1164 1509/1549/1164
f 1575/1619/1237 1580/1624/1237 1579/1623/1237
f 1584/1628/1238 1577/1621/1238 1576/1620/1238
f 1574/1671/1777 1578/2347/1777 1577/1672/1777
f 1583/1674/1778 1581/1699/1778 1580/1675/1778
f 1586/1630/1241 1585/1629/1241 1579/1623/1241
f 1583/1627/1242 1582/1626/1242 1588/1632/1242
f 1587/1677/1779 1586/1700/1779 1590/1678/1779
f 1587/1631/1244 1592/1636/1244 1591/1635/1244
f 1596/1640/1245 1589/1633/1245 1588/1632/1245
f 1595/1680/1780 1593/1702/1780 1592/1681/1780
f 1598/1642/1247 1597/1641/1247 1591/1635/1247
f 1602/1646/1248 1595/1639/1248 1594/1638/1248
f 1599/1683/1249 1598/1701/1249 1602/1684/1249
f 1604/1648/1250 1603/1647/1250 1597/1641/1250
f 1601/1645/1251 1600/1644/1251 1606/1650/1251
f 1607/1686/1781 1605/1703/1781 1604/1687/1781
f 1605/1649/1253 1610/1654/1253 1609/1653/1253
f 1614/1658/1254 1607/1651/1254 1606/1650/1254
f 1613/1689/1782 1611/1704/1782 1610/1690/1782
f 1616/1660/1256 1615/1659/1256 1609/1653/1256
f 1620/1664/1257 1613/1657/1257 1612/1656/1257
f 1619/1692/1783 1617/1705/1783 1616/1693/1783
f 1622/1666/1259 1621/1665/1259 1615/1659/1259
f 1619/1663/1260 1618/1662/1260 1624/1668/1260
f 1623/1695/1261 1622/1706/1261 1626/1696/1261
f 1623/1667/1262 1574/1618/1262 1573/1617/1262
f 1625/1669/1263 1624/1668/1263 1576/1620/1263
f 1621/1665/1264 1573/1617/1264 1579/1623/1264
f 1579/1623/1264 1585/1629/1264 1591/1635/1264
f 1591/1635/1264 1597/1641/1264 1603/1647/1264
f 1603/1647/1264 1609/1653/1264 1615/1659/1264
f 1615/1659/1264 1621/1665/1264 1579/1623/1264
f 1579/1623/1264 1591/1635/1264 1603/1647/1264
f 1575/1698/1265 1577/2348/1265 1584/1676/1265
f 1625/1697/1784 1578/2347/1784 1574/1671/1784
f 1588/1632/1267 1582/1626/1267 1576/1620/1267
f 1576/1620/1267 1624/1668/1267 1618/1662/1267
f 1618/1662/1267 1612/1656/1267 1606/1650/1267
f 1606/1650/1267 1600/1644/1267 1594/1638/1267
f 1594/1638/1267 1588/1632/1267 1576/1620/1267
f 1576/1620/1267 1618/1662/1267 1606/1650/1267
f 1581/1699/1785 1583/1674/1785 1590/1678/1785
f 1587/1677/1786 1589/1679/1786 1596/1682/1786
f 1595/1680/1787 1602/1684/1787 1598/1701/1787
f 1599/1683/1271 1601/1685/1271 1608/1688/1271
f 1605/1703/1788 1607/1686/1788 1614/1691/1788
f 1613/1689/1789 1620/1694/1789 1616/1693/1789
f 1617/1705/1790 1619/1692/1790 1626/1696/1790
f 1627/1707/1275 1630/1735/1275 1629/1708/1275
f 1633/1709/1276 1632/1736/1276 1631/1710/1276
f 1637/1712/1277 1636/1737/1277 1635/1713/1277
f 1640/1715/1278 1639/1738/1278 1642/1716/1278
f 1645/1718/1279 1644/1739/1279 1643/1719/1279
f 1649/1721/1280 1648/1741/1280 1647/1722/1280
f 1652/1724/1281 1651/1740/1281 1654/1725/1281
f 1657/1727/1282 1656/1742/1282 1655/1728/1282
f 1661/1730/1283 1660/1734/1283 1659/1731/1283
f 1628/1733/1284 1629/2349/1284 1634/1711/1284
f 1660/1734/1285 1661/1730/1285 1630/1735/1285
f 1633/1709/1286 1638/1714/1286 1635/1713/1286
f 1636/1737/1287 1637/1712/1287 1642/1716/1287
f 1641/1717/1791 1646/1720/1791 1643/1719/1791
f 1644/1739/1289 1645/1718/1289 1650/1723/1289
f 1649/1721/1290 1654/1725/1290 1651/1740/1290
f 1653/1726/1291 1658/1729/1291 1655/1728/1291
f 1656/1742/1292 1657/1727/1292 1662/1732/1292
f 1663/1743/1293 1666/2350/1293 1665/1744/1293
f 1668/1745/1294 1667/1770/1294 1670/1746/1294
f 1672/1748/1295 1671/1771/1295 1674/1749/1295
f 1676/1751/1792 1675/1772/1792 1678/1752/1792
f 1680/1754/1297 1679/1773/1297 1682/1755/1297
f 1684/1757/1298 1683/1774/1298 1686/1758/1298
f 1689/1760/1299 1688/1775/1299 1687/1761/1299
f 1692/1763/1300 1691/1776/1300 1694/1764/1300
f 1696/1766/1301 1695/1777/1301 1698/1767/1301
f 1664/1769/1302 1665/2351/1302 1670/1746/1302
f 1697/1768/1303 1666/2350/1303 1663/1743/1303
f 1668/1745/1793 1669/1747/1793 1674/1749/1793
f 1673/1750/1305 1678/1752/1305 1675/1772/1305
f 1677/1753/1306 1682/1755/1306 1679/1773/1306
f 1680/1754/1307 1681/1756/1307 1686/1758/1307
f 1684/1757/1308 1685/1759/1308 1690/1762/1308
f 1688/1775/1309 1689/1760/1309 1694/1764/1309
f 1693/1765/1310 1698/1767/1310 1695/1777/1310
f 1702/1778/1311 1701/566/1311 1700/1779/1311
f 1705/1781/1312 1704/1806/1312 1703/1782/1312
f 1708/1784/1313 1707/1807/1313 1710/1785/1313
f 1713/1787/1314 1712/1808/1314 1711/1788/1314
f 1716/1790/1315 1715/1809/1315 1718/1791/1315
f 1721/1793/1316 1720/1811/1316 1719/1794/1316
f 1724/1796/1794 1723/1810/1794 1726/1797/1794
f 1728/1799/1318 1727/1812/1318 1730/1800/1318
f 1732/1802/1319 1731/1813/1319 1734/1803/1319
f 1700/1805/1320 1701/2352/1320 1706/1783/1320
f 1733/1804/1321 1702/1778/1321 1699/1780/1321
f 1704/1806/1322 1705/1781/1322 1710/1785/1322
f 1708/1784/1323 1709/1786/1323 1714/1789/1323
f 1712/1808/1324 1713/1787/1324 1718/1791/1324
f 1717/1792/1325 1722/1795/1325 1719/1794/1325
f 1721/1793/1326 1726/1797/1326 1723/1810/1326
f 1724/1796/1327 1725/1798/1327 1730/1800/1327
f 1729/1801/1328 1734/1803/1328 1731/1813/1328
f 1738/1814/1329 1737/566/1329 1736/1815/1329
f 1741/1817/1330 1740/1843/1330 1739/1818/1330
f 1745/1820/1331 1744/1845/1331 1743/1821/1331
f 1748/1823/1332 1747/1844/1332 1750/1824/1332
f 1752/1826/1333 1751/1846/1333 1754/1827/1333
f 1757/1829/1334 1756/1848/1334 1755/1830/1334
f 1760/1832/1335 1759/1847/1335 1762/1833/1335
f 1764/1835/1336 1763/1849/1336 1766/1836/1336
f 1768/1838/1337 1767/1850/1337 1770/1839/1337
f 1737/1841/1338 1742/1819/1338 1739/1818/1338
f 1768/1838/1339 1769/1840/1339 1738/1814/1339
f 1740/1843/1340 1741/1817/1340 1746/1822/1340
f 1745/1820/1341 1750/1824/1341 1747/1844/1341
f 1749/1825/1342 1754/1827/1342 1751/1846/1342
f 1753/1828/1343 1758/1831/1343 1755/1830/1343
f 1757/1829/1344 1762/1833/1344 1759/1847/1344
f 1761/1834/1345 1766/1836/1345 1763/1849/1345
f 1764/1835/1346 1765/1837/1346 1770/1839/1346
f 1771/1851/1347 1774/1881/1347 1773/566/1347
f 1776/1853/1348 1775/1878/1348 1778/1854/1348
f 1780/1856/1349 1779/1882/1349 1782/1857/1349
f 1784/1859/1350 1783/1883/1350 1786/1860/1350
f 1789/1862/1351 1788/1884/1351 1787/1863/1351
f 1792/1865/1352 1791/1885/1352 1794/1866/1352
f 1797/1868/1353 1796/1886/1353 1795/1869/1353
f 1800/1871/1354 1799/1887/1354 1802/1872/1354
f 1805/1874/1355 1804/1880/1355 1803/1875/1355
f 1773/1877/1356 1778/1854/1356 1775/1878/1356
f 1804/1880/1357 1805/1874/1357 1774/1881/1357
f 1777/1855/1358 1782/1857/1358 1779/1882/1358
f 1781/1858/1359 1786/1860/1359 1783/1883/1359
f 1785/1861/1360 1790/1864/1360 1787/1863/1360
f 1788/1884/1361 1789/1862/1361 1794/1866/1361
f 1793/1867/1362 1798/1870/1362 1795/1869/1362
f 1796/1886/1363 1797/1868/1363 1802/1872/1363
f 1801/1873/1364 1806/1876/1364 1803/1875/1364
f 1810/1888/1365 1809/566/1365 1808/1889/1365
f 1812/1891/1366 1811/1916/1366 1814/1892/1366
f 1816/1894/1367 1815/1918/1367 1818/1895/1367
f 1821/1897/1368 1820/1919/1368 1819/1898/1368
f 1825/1900/1369 1824/1920/1369 1823/1901/1369
f 1829/1903/1370 1828/1922/1370 1827/1904/1370
f 1832/1906/1371 1831/1921/1371 1834/1907/1371
f 1837/1909/1372 1836/1923/1372 1835/1910/1372
f 1841/1912/1373 1840/1917/1373 1839/1913/1373
f 1808/1915/1374 1809/2353/1374 1814/1892/1374
f 1841/1912/1375 1810/1888/1375 1807/1890/1375
f 1812/1891/1376 1813/1893/1376 1818/1895/1376
f 1816/1894/1377 1817/1896/1377 1822/1899/1377
f 1821/1897/1378 1826/1902/1378 1823/1901/1378
f 1824/1920/1379 1825/1900/1379 1830/1905/1379
f 1829/1903/1380 1834/1907/1380 1831/1921/1380
f 1833/1908/1381 1838/1911/1381 1835/1910/1381
f 1837/1909/1382 1842/1914/1382 1839/1913/1382
f 1843/1924/1383 1846/2354/1383 1845/566/1383
f 1849/1926/1384 1848/1951/1384 1847/1927/1384
f 1853/1929/1385 1852/1952/1385 1851/1930/1385
f 1856/1932/1386 1855/1953/1386 1858/1933/1386
f 1861/1935/1387 1860/1955/1387 1859/1936/1387
f 1864/1938/1388 1863/1954/1388 1866/1939/1388
f 1868/1941/1389 1867/1956/1389 1870/1942/1389
f 1872/1944/1390 1871/1957/1390 1874/1945/1390
f 1876/1947/1391 1875/1958/1391 1878/1948/1391
f 1844/1950/1392 1845/2355/1392 1850/1928/1392
f 1877/1949/1393 1846/2354/1393 1843/1924/1393
f 1848/1951/1394 1849/1926/1394 1854/1931/1394
f 1852/1952/1395 1853/1929/1395 1858/1933/1395
f 1857/1934/1396 1862/1937/1396 1859/1936/1396
f 1861/1935/1397 1866/1939/1397 1863/1954/1397
f 1865/1940/1398 1870/1942/1398 1867/1956/1398
f 1868/1941/1399 1869/1943/1399 1874/1945/1399
f 1873/1946/1400 1878/1948/1400 1875/1958/1400
f 1946/2032/1799 1945/2031/1799 1939/2025/1799
f 1950/2036/312 1943/2029/312 1942/2028/312
f 1944/2055/1469 1943/2359/1469 1941/2056/1469
f 1947/2058/1470 1946/2071/1470 1950/2059/1470
f 1952/2038/1471 1951/2037/1471 1945/2031/1471
f 1956/2042/312 1949/2035/312 1948/2034/312
f 1955/2061/1473 1953/2072/1473 1952/2062/1473
f 1953/2039/1474 1958/2044/1474 1957/2043/1474
f 1962/2048/312 1955/2041/312 1954/2040/312
f 1959/2064/1476 1958/2073/1476 1962/2065/1476
f 1964/2050/1477 1963/2049/1477 1957/2043/1477
f 1968/2054/312 1961/2047/312 1960/2046/312
f 1965/2067/1479 1964/2074/1479 1968/2068/1479
f 1940/2026/1800 1939/2025/1800 1963/2049/1800
f 1944/2030/312 1967/2053/312 1966/2052/312
f 1963/2049/1482 1939/2025/1482 1945/2031/1482
f 1945/2031/1482 1951/2037/1482 1957/2043/1482
f 1941/2070/312 1943/2360/312 1950/2059/312
f 1965/2067/312 1967/2069/312 1944/2055/312
f 1954/2040/1485 1948/2034/1485 1942/2028/1485
f 1942/2028/1485 1966/2052/1485 1960/2046/1485
f 1947/2058/312 1949/2060/312 1956/2063/312
f 1953/2072/312 1955/2061/312 1962/2065/312
f 1959/2064/312 1961/2066/312 1968/2068/312
f 1976/2080/1499 1975/2079/1499 1969/2075/1499
f 1980/2083/312 1973/722/312 1972/2078/312
f 1974/2099/1501 1973/2361/1501 1971/2100/1501
f 1979/2102/1502 1977/2114/1502 1976/2103/1502
f 1977/2081/1503 1982/2085/1503 1981/2084/1503
f 1986/2089/312 1979/772/312 1978/2082/312
f 1983/2105/1505 1982/2115/1505 1986/2102/1505
f 1988/2091/1801 1987/2090/1801 1981/2084/1801
f 1992/2094/312 1985/2088/312 1984/2087/312
f 1989/2107/1508 1988/2116/1508 1992/2108/1508
f 1989/2092/1509 1994/2096/1509 1993/2095/1509
f 1998/782/312 1991/782/312 1990/2093/312
f 1997/2110/1511 1995/2113/1511 1994/2111/1511
f 1970/2076/1512 1969/2075/1512 1993/2095/1512
f 1974/762/312 1997/762/312 1996/2098/312
f 1993/2095/1514 1969/2075/1514 1975/2079/1514
f 1975/2079/1514 1981/2084/1514 1987/2090/1514
f 1971/2112/312 1973/2362/312 1980/2104/312
f 1995/2113/312 1997/2110/312 1974/2099/312
f 1984/2087/1802 1978/2082/1802 1972/2078/1802
f 1972/2078/1517 1996/2098/1517 1990/2093/1517
f 1977/2114/312 1979/2102/312 1986/2102/312
f 1983/2105/312 1985/2106/312 1992/2108/312
f 1989/2107/312 1991/2109/312 1998/2109/312
f 2001/2119/1803 2006/2123/1803 2005/2122/1803
f 2010/715/312 2003/2121/312 2002/2120/312
f 2000/2140/1533 2004/2157/1533 2003/2141/1533
f 2007/2143/1534 2006/2156/1534 2010/2144/1534
f 2007/2124/1535 2012/2127/1535 2011/2126/1535
f 2016/772/312 2009/2042/312 2008/2125/312
f 2013/2146/1537 2012/2158/1537 2016/2147/1537
f 2013/2128/1538 2018/2131/1538 2017/2130/1538
f 2022/2134/312 2015/2041/312 2014/2129/312
f 2021/2149/1540 2019/2159/1540 2018/2150/1540
f 2024/2136/1541 2023/2135/1541 2017/2130/1541
f 2028/2139/312 2021/776/312 2020/2133/312
f 2025/2152/1543 2024/2160/1543 2028/2153/1543
f 2000/2118/1804 1999/2117/1804 2023/2135/1804
f 2004/762/312 2027/762/312 2026/2138/312
f 2023/2135/1546 1999/2117/1546 2005/2122/1546
f 2005/2122/1546 2011/2126/1546 2017/2130/1546
f 2001/2155/312 2003/2363/312 2010/2144/312
f 2025/2152/312 2027/2154/312 2004/2157/312
f 2014/2129/1549 2008/2125/1549 2002/2120/1549
f 2002/2120/1805 2026/2138/1805 2020/2133/1805
f 2007/2143/312 2009/2145/312 2016/2147/312
f 2013/2146/312 2015/2148/312 2022/2151/312
f 2019/2159/312 2021/2149/312 2028/2153/312
f 2036/2168/1563 2035/2167/1563 2029/2161/1563
f 2040/2171/312 2033/2165/312 2032/2164/312
f 2030/2187/1565 2034/2202/1565 2033/2188/1565
f 2039/2190/1566 2037/2203/1566 2036/2191/1566
f 2037/2169/1806 2042/2173/1806 2041/2172/1806
f 2046/1558/312 2039/2089/312 2038/2170/312
f 2045/2193/1569 2043/2204/1569 2042/2194/1569
f 2043/2174/1570 2048/2178/1570 2047/2177/1570
f 2052/2181/312 2045/2176/312 2044/2175/312
f 2049/2195/1572 2048/2205/1572 2052/2196/1572
f 2054/2183/1807 2053/2182/1807 2047/2177/1807
f 2058/2186/312 2051/782/312 2050/2180/312
f 2057/2198/1575 2055/2201/1575 2054/2199/1575
f 2030/2162/1576 2029/2161/1576 2053/2182/1576
f 2034/2166/312 2057/2166/312 2056/2185/312
f 2053/2182/1578 2029/2161/1578 2035/2167/1578
f 2035/2167/1578 2041/2172/1578 2047/2177/1578
f 2031/2200/312 2033/2364/312 2040/2192/312
f 2055/2201/312 2057/2198/312 2034/2202/312
f 2044/2175/1581 2038/2170/1581 2032/2164/1581
f 2032/2164/1581 2056/2185/1581 2050/2180/1581
f 2037/2203/312 2039/2190/312 2046/2190/312
f 2043/2204/312 2045/2193/312 2052/2196/312
f 2049/2195/312 2051/2197/312 2058/2197/312
f 2061/2208/1808 2066/2212/1808 2065/2211/1808
f 2070/2215/312 2063/1146/312 2062/2209/312
f 2060/2232/1809 2064/2244/1809 2063/2233/1809
f 2069/2235/1598 2067/2246/1598 2066/2236/1598
f 2072/2217/1599 2071/2216/1599 2065/2211/1599
f 2076/2220/312 2069/721/312 2068/2214/312
f 2073/2238/1601 2072/2247/1601 2076/2235/1601
f 2073/2218/1810 2078/2222/1810 2077/2221/1810
f 2082/2226/312 2075/2048/312 2074/2219/312
f 2081/2240/1604 2079/2248/1604 2078/2241/1604
f 2079/2223/1811 2084/2228/1811 2083/2227/1811
f 2088/2231/312 2081/2225/312 2080/2224/312
f 2085/2242/1812 2084/2249/1812 2088/2243/1812
f 2060/2207/1813 2059/2206/1813 2083/2227/1813
f 2064/2210/312 2087/1178/312 2086/2230/312
f 2083/2227/1610 2059/2206/1610 2065/2211/1610
f 2065/2211/1610 2071/2216/1610 2077/2221/1610
f 2061/2245/312 2063/2237/312 2070/2237/312
f 2085/2242/312 2087/2244/312 2064/2244/312
f 2074/2219/1814 2068/2214/1814 2062/2209/1814
f 2062/2209/1814 2086/2230/1814 2080/2224/1814
f 2067/2246/312 2069/2235/312 2076/2235/312
f 2073/2238/982 2075/2239/982 2082/2239/982
f 2079/2248/312 2081/2240/312 2088/2243/312
usemtl rope
f 781/711/689 782/712/689 783/713/689
f 784/714/690 785/715/690 786/716/690
f 787/717/691 788/718/691 789/719/691
f 790/720/692 791/721/692 792/722/692
f 793/723/693 794/724/693 795/725/693
f 796/726/694 797/727/694 798/728/694
f 799/729/695 800/730/695 801/731/695
f 802/732/696 803/733/696 804/734/696
f 805/735/697 806/736/697 807/737/697
f 808/738/698 809/739/698 810/740/698
f 783/713/699 787/717/699 781/711/699
f 792/722/700 784/714/700 790/720/700
f 786/741/701 783/742/701 782/743/701
f 789/744/702 792/745/702 791/746/702
f 789/719/703 793/723/703 787/717/703
f 798/728/704 790/720/704 796/726/704
f 795/747/705 798/748/705 797/749/705
f 795/725/706 799/729/706 793/723/706
f 804/734/707 796/726/707 802/732/707
f 801/750/708 804/751/708 803/752/708
f 801/731/709 805/735/709 799/729/709
f 810/740/710 802/732/710 808/738/710
f 809/741/711 806/753/711 810/754/711
f 807/737/712 781/711/712 805/735/712
f 786/716/713 808/738/713 784/714/713
f 787/717/714 799/729/714 805/735/714
f 783/755/312 792/745/312 788/756/312
f 807/757/312 786/741/312 782/743/312
f 784/714/715 802/732/715 796/726/715
f 789/744/312 798/748/312 794/758/312
f 795/747/312 804/751/312 800/759/312
f 801/750/312 810/754/312 806/753/312
f 811/711/716 812/712/716 813/760/716
f 814/761/717 815/715/717 816/762/717
f 817/763/718 818/764/718 819/765/718
f 820/766/719 821/767/719 822/768/719
f 823/723/720 824/769/720 825/725/720
f 826/770/721 827/771/721 828/772/721
f 829/773/722 830/774/722 831/775/722
f 832/732/723 833/776/723 834/734/723
f 835/777/724 836/778/724 837/779/724
f 838/780/725 839/781/725 840/782/725
f 813/760/726 817/763/726 811/711/726
f 822/768/727 814/761/727 820/766/727
f 816/783/728 813/784/728 812/785/728
f 821/786/729 818/787/729 822/788/729
f 819/765/730 823/723/730 817/763/730
f 828/772/731 820/766/731 826/770/731
f 825/789/732 828/786/732 827/790/732
f 825/725/733 829/773/733 823/723/733
f 834/734/734 826/770/734 832/732/734
f 833/791/735 830/789/735 834/790/735
f 831/775/736 835/777/736 829/773/736
f 840/782/737 832/732/737 838/780/737
f 837/792/738 840/793/738 839/794/738
f 837/779/739 811/711/739 835/777/739
f 816/762/740 838/780/740 814/761/740
f 817/763/741 829/773/741 835/777/741
f 813/787/312 822/788/312 818/787/312
f 837/792/312 816/783/312 812/785/312
f 814/761/742 832/732/742 826/770/742
f 819/795/312 828/786/312 824/796/312
f 825/789/312 834/790/312 830/789/312
f 831/797/312 840/793/312 836/798/312
f 1147/1143/925 1148/1144/925 1149/1145/925
f 1150/761/926 1151/1146/926 1152/1147/926
f 1153/763/927 1154/1148/927 1155/1149/927
f 1156/1150/928 1157/767/928 1158/1151/928
f 1159/1152/929 1160/1149/929 1161/1153/929
f 1162/726/930 1163/727/930 1164/728/930
f 1165/1154/931 1166/730/931 1167/731/931
f 1168/732/932 1169/733/932 1170/1155/932
f 1171/1156/933 1172/778/933 1173/1157/933
f 1174/1158/934 1175/1159/934 1176/733/934
f 1149/1145/935 1153/763/935 1147/1143/935
f 1158/1151/936 1150/761/936 1156/1150/936
f 1148/1160/937 1151/1161/937 1149/1162/937
f 1155/1163/938 1158/1164/938 1157/1165/938
f 1155/1149/939 1159/1152/939 1153/763/939
f 1164/728/940 1156/1150/940 1162/726/940
f 1161/1166/941 1164/1165/941 1163/1167/941
f 1161/1153/942 1165/1154/942 1159/1152/942
f 1170/1155/943 1162/726/943 1168/732/943
f 1167/1168/944 1170/1167/944 1169/1169/944
f 1167/731/945 1171/1156/945 1165/1154/945
f 1176/733/946 1168/732/946 1174/1158/946
f 1175/1170/947 1172/1171/947 1176/1172/947
f 1173/1157/948 1147/1143/948 1171/1156/948
f 1152/1147/949 1174/1158/949 1150/761/949
f 1153/763/950 1165/1154/950 1171/1156/950
f 1149/1173/951 1158/1164/951 1154/1173/951
f 1173/1174/312 1152/1175/312 1148/1160/312
f 1150/761/952 1168/732/952 1162/726/952
f 1155/1163/312 1164/1165/312 1160/1163/312
f 1161/1166/953 1170/1167/953 1166/1166/953
f 1167/1168/954 1176/1172/954 1172/1171/954
f 1177/711/955 1178/712/955 1179/1176/955
f 1180/1177/956 1181/715/956 1182/1178/956
f 1183/1179/957 1184/1148/957 1185/1180/957
f 1186/720/958 1187/767/958 1188/1181/958
f 1189/1182/959 1190/724/959 1191/725/959
f 1192/1183/960 1193/771/960 1194/728/960
f 1195/1184/961 1196/774/961 1197/731/961
f 1198/1185/962 1199/776/962 1200/1186/962
f 1201/1187/963 1202/778/963 1203/1157/963
f 1204/738/964 1205/762/964 1206/782/964
f 1179/1176/965 1183/1179/965 1177/711/965
f 1188/1181/966 1180/1177/966 1186/720/966
f 1178/1188/967 1181/1189/967 1179/1190/967
f 1185/1191/968 1188/1192/968 1187/1193/968
f 1185/1180/969 1189/1182/969 1183/1179/969
f 1194/728/970 1186/720/970 1192/1183/970
f 1193/1194/971 1190/1195/971 1194/1193/971
f 1191/725/972 1195/1184/972 1189/1182/972
f 1200/1186/973 1192/1183/973 1198/1185/973
f 1199/1196/974 1196/1197/974 1200/1194/974
f 1197/731/975 1201/1187/975 1195/1184/975
f 1206/782/976 1198/1185/976 1204/738/976
f 1203/1198/977 1206/1199/977 1205/1200/977
f 1203/1157/978 1177/711/978 1201/1187/978
f 1182/1178/979 1204/738/979 1180/1177/979
f 1183/1179/980 1195/1184/980 1201/1187/980
f 1179/1201/312 1188/1192/312 1184/1202/312
f 1203/1198/312 1182/1203/312 1178/1188/312
f 1180/1177/981 1198/1185/981 1192/1183/981
f 1185/1191/982 1194/1193/982 1190/1195/982
f 1191/1204/312 1200/1194/312 1196/1197/312
f 1197/1205/312 1206/1199/312 1202/1206/312
f 1513/1550/1165 1514/737/1165 1515/1551/1165
f 1516/1552/1166 1517/1553/1166 1518/1554/1166
f 1519/1555/1167 1520/1551/1167 1521/1556/1167
f 1522/1557/1168 1523/1558/1168 1524/1553/1168
f 1525/723/1169 1526/769/1169 1527/725/1169
f 1528/1559/1170 1529/771/1170 1530/1560/1170
f 1531/729/1171 1532/1561/1171 1533/1562/1171
f 1534/732/1172 1535/1563/1172 1536/734/1172
f 1537/1564/1173 1538/1565/1173 1539/1566/1173
f 1540/780/1174 1541/1567/1174 1542/733/1174
f 1515/1551/1175 1519/1555/1175 1513/1550/1175
f 1524/1553/1176 1516/1552/1176 1522/1557/1176
f 1514/1568/1177 1517/1569/1177 1515/1570/1177
f 1521/1571/1178 1524/1572/1178 1523/1573/1178
f 1521/1556/1179 1525/723/1179 1519/1555/1179
f 1530/1560/1180 1522/1557/1180 1528/1559/1180
f 1527/1574/1181 1530/1575/1181 1529/1576/1181
f 1527/725/1182 1531/729/1182 1525/723/1182
f 1536/734/1183 1528/1559/1183 1534/732/1183
f 1533/1577/1184 1536/1578/1184 1535/1579/1184
f 1533/1562/1185 1537/1564/1185 1531/729/1185
f 1542/733/1186 1534/732/1186 1540/780/1186
f 1539/1568/1187 1542/1580/1187 1541/1581/1187
f 1514/737/1188 1537/1564/1188 1539/1566/1188
f 1518/1554/1189 1540/780/1189 1516/1552/1189
f 1519/1555/1190 1531/729/1190 1537/1564/1190
f 1515/1582/312 1524/1572/312 1520/1583/312
f 1539/1568/1191 1518/1584/1191 1514/1568/1191
f 1516/1552/1192 1534/732/1192 1528/1559/1192
f 1521/1571/312 1530/1575/312 1526/1585/312
f 1527/1574/312 1536/1578/312 1532/1574/312
f 1533/1577/312 1542/1580/312 1538/1577/312
f 1543/1143/1193 1544/737/1193 1545/713/1193
f 1546/761/1194 1547/1553/1194 1548/716/1194
f 1549/1586/1195 1550/713/1195 1551/724/1195
f 1552/1587/1196 1553/767/1196 1554/1588/1196
f 1555/1589/1197 1556/1590/1197 1557/1561/1197
f 1558/1183/1198 1559/1591/1198 1560/772/1198
f 1561/729/1199 1562/1561/1199 1563/1592/1199
f 1564/732/1200 1565/1593/1200 1566/1594/1200
f 1567/1595/1201 1568/778/1201 1569/1596/1201
f 1570/738/1202 1571/716/1202 1572/733/1202
f 1545/713/1203 1549/1586/1203 1543/1143/1203
f 1554/1588/1204 1546/761/1204 1552/1587/1204
f 1548/1597/1205 1545/1598/1205 1544/1599/1205
f 1553/1600/1206 1550/1601/1206 1554/1602/1206
f 1556/1590/982 1549/1586/982 1551/724/982
f 1560/772/1207 1552/1587/1207 1558/1183/1207
f 1559/1603/1208 1556/1604/1208 1560/1605/1208
f 1557/1561/1209 1561/729/1209 1555/1589/1209
f 1566/1594/1210 1558/1183/1210 1564/732/1210
f 1563/1606/1211 1566/1607/1211 1565/1608/1211
f 1563/1592/1212 1567/1595/1212 1561/729/1212
f 1572/733/1213 1564/732/1213 1570/738/1213
f 1569/1609/1214 1572/1610/1214 1571/1611/1214
f 1569/1596/1215 1543/1143/1215 1567/1595/1215
f 1548/716/1216 1570/738/1216 1546/761/1216
f 1549/1586/1217 1561/729/1217 1567/1595/1217
f 1545/1612/312 1554/1602/312 1550/1601/312
f 1569/1609/312 1548/1597/312 1544/1599/312
f 1546/761/1218 1564/732/1218 1558/1183/1218
f 1551/1613/312 1560/1605/312 1556/1604/312
f 1557/1614/312 1566/1607/312 1562/1615/312
f 1563/1606/312 1572/1610/312 1568/1616/312
f 1879/1959/1401 1880/1144/1401 1881/1960/1401
f 1882/1961/1402 1883/1146/1402 1884/739/1402
f 1885/1962/1403 1886/1176/1403 1887/719/1403
f 1888/766/1404 1889/767/1404 1890/1151/1404
f 1891/1963/1405 1892/769/1405 1893/1561/1405
f 1894/726/1406 1895/727/1406 1896/772/1406
f 1897/729/1407 1898/1153/1407 1899/1592/1407
f 1900/1964/1408 1901/776/1408 1902/1965/1408
f 1903/1966/1409 1904/778/1409 1905/1967/1409
f 1906/1968/1410 1907/1178/1410 1908/740/1410
f 1881/1960/1411 1885/1962/1411 1879/1959/1411
f 1890/1151/1412 1882/1961/1412 1888/766/1412
f 1884/1969/1413 1881/1970/1413 1880/1971/1413
f 1887/1972/1414 1890/1973/1414 1889/1974/1414
f 1887/719/1415 1891/1963/1415 1885/1962/1415
f 1896/772/1416 1888/766/1416 1894/726/1416
f 1893/1975/1417 1896/1976/1417 1895/1977/1417
f 1893/1561/1418 1897/729/1418 1891/1963/1418
f 1902/1965/1419 1894/726/1419 1900/1964/1419
f 1899/1978/1420 1902/1979/1420 1901/1980/1420
f 1899/1592/1421 1903/1966/1421 1897/729/1421
f 1908/740/1422 1900/1964/1422 1906/1968/1422
f 1905/1981/1423 1908/1982/1423 1907/1983/1423
f 1905/1967/1424 1879/1959/1424 1903/1966/1424
f 1884/739/1425 1906/1968/1425 1882/1961/1425
f 1885/1962/1426 1897/729/1426 1903/1966/1426
f 1881/1984/312 1890/1973/312 1886/1985/312
f 1905/1981/1427 1884/1969/1427 1880/1971/1427
f 1882/1961/1428 1900/1964/1428 1894/726/1428
f 1887/1972/312 1896/1976/312 1892/1986/312
f 1893/1975/1429 1902/1979/1429 1898/1987/1429
f 1899/1978/312 1908/1982/312 1904/1988/312
f 1909/1989/1430 1910/1144/1430 1911/1990/1430
f 1912/1961/1431 1913/1146/1431 1914/1991/1431
f 1915/1962/1432 1916/1992/1432 1917/1993/1432
f 1918/766/1433 1919/767/1433 1920/1994/1433
f 1921/1995/1434 1922/1996/1434 1923/730/1434
f 1924/726/1435 1925/1997/1435 1926/772/1435
f 1927/1998/1436 1928/1999/1436 1929/775/1436
f 1930/2000/1437 1931/2001/1437 1932/1155/1437
f 1933/1564/1438 1934/2002/1438 1935/1566/1438
f 1936/2003/1439 1937/1159/1439 1938/2004/1439
f 1911/1990/1440 1915/1962/1440 1909/1989/1440
f 1920/1994/1441 1912/1961/1441 1918/766/1441
f 1914/2005/1442 1911/2006/1442 1910/2007/1442
f 1919/2008/1443 1916/2009/1443 1920/2010/1443
f 1917/1993/1444 1921/1995/1444 1915/1962/1444
f 1926/772/1445 1918/766/1445 1924/726/1445
f 1925/2011/1446 1922/2012/1446 1926/2013/1446
f 1923/730/1447 1927/1998/1447 1921/1995/1447
f 1932/1155/1448 1924/726/1448 1930/2000/1448
f 1929/2014/1449 1932/2015/1449 1931/2016/1449
f 1929/775/1450 1933/1564/1450 1927/1998/1450
f 1938/2004/1451 1930/2000/1451 1936/2003/1451
f 1937/2017/1452 1934/2018/1452 1938/2019/1452
f 1935/1566/1453 1909/1989/1453 1933/1564/1453
f 1914/1991/1454 1936/2003/1454 1912/1961/1454
f 1915/1962/1455 1927/1998/1455 1933/1564/1455
f 1911/2020/312 1920/2010/312 1916/2009/312
f 1935/2021/312 1914/2005/312 1910/2007/312
f 1912/1961/1456 1930/2000/1456 1924/726/1456
f 1917/2022/312 1926/2013/312 1922/2012/312
f 1923/2023/312 1932/2015/312 1928/2024/312
f 1929/2014/312 1938/2019/312 1934/2018/312
f 2092/2250/1617 2090/2251/1617 2089/2252/1617
f 2095/2253/1618 2093/2254/1618 2096/2255/1618
f 2099/2256/1619 2097/2257/1619 2100/2258/1619
f 2102/2259/1620 2104/2260/1620 2103/2261/1620
f 2107/2262/1621 2105/2263/1621 2108/2264/1621
f 2111/2265/1622 2109/2266/1622 2112/2267/1622
f 2115/2268/1623 2113/2269/1623 2116/2270/1623
f 2091/2271/1624 2093/2254/1624 2090/2272/1624
f 2115/2268/1625 2089/2252/1625 2114/2273/1625
f 2095/2253/1626 2097/2257/1626 2094/2274/1626
f 2099/2256/1627 2101/2275/1627 2098/2276/1627
f 2102/2259/1628 2108/2264/1628 2105/2263/1628
f 2107/2262/1629 2109/2266/1629 2106/2277/1629
f 2111/2265/1630 2113/2269/1630 2110/2278/1630
f 2117/1550/1631 2118/2279/1631 2119/2280/1631
f 2120/2281/1632 2121/2083/1632 2122/2282/1632
f 2123/763/1633 2124/1176/1633 2125/1149/1633
f 2126/1557/1634 2127/767/1634 2128/2283/1634
f 2129/2284/1635 2130/1149/1635 2131/725/1635
f 2132/726/1636 2133/771/1636 2134/2285/1636
f 2135/2286/1637 2136/1561/1637 2137/2287/1637
f 2138/732/1638 2139/2054/1638 2140/734/1638
f 2141/1564/1639 2142/778/1639 2143/737/1639
f 2144/2288/1640 2145/2210/1640 2146/733/1640
f 2119/2280/1641 2123/763/1641 2117/1550/1641
f 2128/2283/1642 2120/2281/1642 2126/1557/1642
f 2118/2289/1643 2121/2290/1643 2119/2291/1643
f 2127/2292/1644 2124/2293/1644 2128/2294/1644
f 2125/1149/1645 2129/2284/1645 2123/763/1645
f 2134/2285/1646 2126/1557/1646 2132/726/1646
f 2131/2295/1647 2134/2292/1647 2133/2296/1647
f 2131/725/1648 2135/2286/1648 2129/2284/1648
f 2140/734/1649 2132/726/1649 2138/732/1649
f 2139/2297/1650 2136/2295/1650 2140/2296/1650
f 2142/778/312 2135/2286/312 2137/2287/312
f 2146/733/1651 2138/732/1651 2144/2288/1651
f 2143/2298/1652 2146/2299/1652 2145/2300/1652
f 2118/2279/1653 2141/1564/1653 2143/737/1653
f 2122/2282/1654 2144/2288/1654 2120/2281/1654
f 2123/763/1655 2135/2286/1655 2141/1564/1655
f 2119/2301/312 2128/2294/312 2124/2293/312
f 2143/2298/1656 2122/2302/1656 2118/2289/1656
f 2120/2281/1657 2138/732/1657 2132/726/1657
f 2125/2303/312 2134/2292/312 2130/2304/312
f 2131/2295/312 2140/2296/312 2136/2295/312
f 2137/2305/982 2146/2299/982 2142/2306/982
f 783/713/312 788/718/312 787/717/312
f 792/722/312 785/715/312 784/714/312
f 786/741/701 785/2323/701 783/742/701
f 789/744/702 788/756/702 792/745/702
f 789/719/312 794/724/312 793/723/312
f 798/728/312 791/721/312 790/720/312
f 795/747/705 794/758/705 798/748/705
f 795/725/312 800/730/312 799/729/312
f 804/734/312 797/727/312 796/726/312
f 801/750/708 800/759/708 804/751/708
f 801/731/312 806/736/312 805/735/312
f 810/740/312 803/733/312 802/732/312
f 809/741/711 807/757/711 806/753/711
f 807/737/312 782/712/312 781/711/312
f 786/716/312 809/739/312 808/738/312
f 805/735/1717 781/711/1717 787/717/1717
f 787/717/1718 793/723/1718 799/729/1718
f 783/755/312 785/2324/312 792/745/312
f 807/757/312 809/741/312 786/741/312
f 796/726/1719 790/720/1719 784/714/1719
f 784/714/1719 808/738/1719 802/732/1719
f 789/744/312 791/746/312 798/748/312
f 795/747/312 797/749/312 804/751/312
f 801/750/312 803/752/312 810/754/312
f 813/760/312 818/764/312 817/763/312
f 822/768/312 815/715/312 814/761/312
f 816/783/1720 815/2325/1720 813/784/1720
f 821/786/729 819/795/729 818/787/729
f 819/765/312 824/769/312 823/723/312
f 828/772/312 821/767/312 820/766/312
f 825/789/732 824/796/732 828/786/732
f 825/725/312 830/774/312 829/773/312
f 834/734/312 827/771/312 826/770/312
f 833/791/1721 831/797/1721 830/789/1721
f 831/775/312 836/778/312 835/777/312
f 840/782/312 833/776/312 832/732/312
f 837/792/1722 836/798/1722 840/793/1722
f 837/779/312 812/712/312 811/711/312
f 816/762/312 839/781/312 838/780/312
f 835/777/741 811/711/741 817/763/741
f 817/763/741 823/723/741 829/773/741
f 813/787/312 815/2326/312 822/788/312
f 837/792/312 839/794/312 816/783/312
f 826/770/1723 820/766/1723 814/761/1723
f 814/761/1723 838/780/1723 832/732/1723
f 819/795/312 821/786/312 828/786/312
f 825/789/312 827/790/312 834/790/312
f 831/797/312 833/791/312 840/793/312
f 1149/1145/312 1154/1148/312 1153/763/312
f 1158/1151/312 1151/1146/312 1150/761/312
f 1148/1160/1741 1152/1175/1741 1151/1161/1741
f 1155/1163/938 1154/1173/938 1158/1164/938
f 1155/1149/312 1160/1149/312 1159/1152/312
f 1164/728/312 1157/767/312 1156/1150/312
f 1161/1166/941 1160/1163/941 1164/1165/941
f 1161/1153/312 1166/730/312 1165/1154/312
f 1170/1155/312 1163/727/312 1162/726/312
f 1167/1168/944 1166/1166/944 1170/1167/944
f 1167/731/1742 1172/778/1742 1171/1156/1742
f 1176/733/312 1169/733/312 1168/732/312
f 1175/1170/947 1173/1174/947 1172/1171/947
f 1173/1157/312 1148/1144/312 1147/1143/312
f 1152/1147/312 1175/1159/312 1174/1158/312
f 1171/1156/950 1147/1143/950 1153/763/950
f 1153/763/950 1159/1152/950 1165/1154/950
f 1149/1173/312 1151/2334/312 1158/1164/312
f 1173/1174/312 1175/1170/312 1152/1175/312
f 1162/726/952 1156/1150/952 1150/761/952
f 1150/761/952 1174/1158/952 1168/732/952
f 1155/1163/312 1157/1165/312 1164/1165/312
f 1161/1166/312 1163/1167/312 1170/1167/312
f 1167/1168/312 1169/1169/312 1176/1172/312
f 1179/1176/312 1184/1148/312 1183/1179/312
f 1188/1181/312 1181/715/312 1180/1177/312
f 1178/1188/967 1182/1203/967 1181/1189/967
f 1185/1191/968 1184/1202/968 1188/1192/968
f 1185/1180/982 1190/724/982 1189/1182/982
f 1194/728/312 1187/767/312 1186/720/312
f 1193/1194/971 1191/1204/971 1190/1195/971
f 1191/725/312 1196/774/312 1195/1184/312
f 1200/1186/312 1193/771/312 1192/1183/312
f 1199/1196/974 1197/1205/974 1196/1197/974
f 1197/731/312 1202/778/312 1201/1187/312
f 1206/782/1743 1199/776/1743 1198/1185/1743
f 1203/1198/977 1202/1206/977 1206/1199/977
f 1203/1157/312 1178/712/312 1177/711/312
f 1182/1178/312 1205/762/312 1204/738/312
f 1201/1187/1744 1177/711/1744 1183/1179/1744
f 1183/1179/980 1189/1182/980 1195/1184/980
f 1179/1201/312 1181/2335/312 1188/1192/312
f 1203/1198/312 1205/1200/312 1182/1203/312
f 1192/1183/1745 1186/720/1745 1180/1177/1745
f 1180/1177/1746 1204/738/1746 1198/1185/1746
f 1185/1191/312 1187/1193/312 1194/1193/312
f 1191/1204/312 1193/1194/312 1200/1194/312
f 1197/1205/951 1199/1196/951 1206/1199/951
f 1515/1551/312 1520/1551/312 1519/1555/312
f 1524/1553/312 1517/1553/312 1516/1552/312
f 1514/1568/1177 1518/1584/1177 1517/1569/1177
f 1521/1571/1178 1520/1583/1178 1524/1572/1178
f 1521/1556/312 1526/769/312 1525/723/312
f 1530/1560/312 1523/1558/312 1522/1557/312
f 1527/1574/1181 1526/1585/1181 1530/1575/1181
f 1527/725/312 1532/1561/312 1531/729/312
f 1536/734/312 1529/771/312 1528/1559/312
f 1533/1577/1184 1532/1574/1184 1536/1578/1184
f 1533/1562/312 1538/1565/312 1537/1564/312
f 1542/733/312 1535/1563/312 1534/732/312
f 1539/1568/1187 1538/1577/1187 1542/1580/1187
f 1514/737/1772 1513/1550/1772 1537/1564/1772
f 1518/1554/312 1541/1567/312 1540/780/312
f 1537/1564/1190 1513/1550/1190 1519/1555/1190
f 1519/1555/1190 1525/723/1190 1531/729/1190
f 1515/1582/312 1517/2344/312 1524/1572/312
f 1539/1568/312 1541/1581/312 1518/1584/312
f 1528/1559/1192 1522/1557/1192 1516/1552/1192
f 1516/1552/1192 1540/780/1192 1534/732/1192
f 1521/1571/312 1523/1573/312 1530/1575/312
f 1527/1574/312 1529/1576/312 1536/1578/312
f 1533/1577/312 1535/1579/312 1542/1580/312
f 1545/713/312 1550/713/312 1549/1586/312
f 1554/1588/312 1547/1553/312 1546/761/312
f 1548/1597/1205 1547/2345/1205 1545/1598/1205
f 1553/1600/1206 1551/1613/1206 1550/1601/1206
f 1556/1590/1773 1555/1589/1773 1549/1586/1773
f 1560/772/312 1553/767/312 1552/1587/312
f 1559/1603/1774 1557/1614/1774 1556/1604/1774
f 1557/1561/312 1562/1561/312 1561/729/312
f 1566/1594/312 1559/1591/312 1558/1183/312
f 1563/1606/1211 1562/1615/1211 1566/1607/1211
f 1563/1592/312 1568/778/312 1567/1595/312
f 1572/733/312 1565/1593/312 1564/732/312
f 1569/1609/1214 1568/1616/1214 1572/1610/1214
f 1569/1596/312 1544/737/312 1543/1143/312
f 1548/716/312 1571/716/312 1570/738/312
f 1567/1595/1775 1543/1143/1775 1549/1586/1775
f 1549/1586/1775 1555/1589/1775 1561/729/1775
f 1545/1612/312 1547/2346/312 1554/1602/312
f 1569/1609/312 1571/1611/312 1548/1597/312
f 1558/1183/1218 1552/1587/1218 1546/761/1218
f 1546/761/1776 1570/738/1776 1564/732/1776
f 1551/1613/312 1553/1600/312 1560/1605/312
f 1557/1614/312 1559/1603/312 1566/1607/312
f 1563/1606/312 1565/1608/312 1572/1610/312
f 1881/1960/312 1886/1176/312 1885/1962/312
f 1890/1151/312 1883/1146/312 1882/1961/312
f 1884/1969/1413 1883/2356/1413 1881/1970/1413
f 1887/1972/1414 1886/1985/1414 1890/1973/1414
f 1887/719/312 1892/769/312 1891/1963/312
f 1896/772/312 1889/767/312 1888/766/312
f 1893/1975/1417 1892/1986/1417 1896/1976/1417
f 1893/1561/951 1898/1153/951 1897/729/951
f 1902/1965/312 1895/727/312 1894/726/312
f 1899/1978/1420 1898/1987/1420 1902/1979/1420
f 1899/1592/312 1904/778/312 1903/1966/312
f 1908/740/312 1901/776/312 1900/1964/312
f 1905/1981/1795 1904/1988/1795 1908/1982/1795
f 1905/1967/1796 1880/1144/1796 1879/1959/1796
f 1884/739/312 1907/1178/312 1906/1968/312
f 1903/1966/1426 1879/1959/1426 1885/1962/1426
f 1885/1962/1426 1891/1963/1426 1897/729/1426
f 1881/1984/312 1883/1973/312 1890/1973/312
f 1905/1981/312 1907/1983/312 1884/1969/312
f 1894/726/1428 1888/766/1428 1882/1961/1428
f 1882/1961/1428 1906/1968/1428 1900/1964/1428
f 1887/1972/312 1889/1974/312 1896/1976/312
f 1893/1975/312 1895/1977/312 1902/1979/312
f 1899/1978/312 1901/1980/312 1908/1982/312
f 1911/1990/312 1916/1992/312 1915/1962/312
f 1920/1994/312 1913/1146/312 1912/1961/312
f 1914/2005/1442 1913/2357/1442 1911/2006/1442
f 1919/2008/1797 1917/2022/1797 1916/2009/1797
f 1917/1993/312 1922/1996/312 1921/1995/312
f 1926/772/312 1919/767/312 1918/766/312
f 1925/2011/1446 1923/2023/1446 1922/2012/1446
f 1923/730/312 1928/1999/312 1927/1998/312
f 1932/1155/312 1925/1997/312 1924/726/312
f 1929/2014/1449 1928/2024/1449 1932/2015/1449
f 1929/775/312 1934/2002/312 1933/1564/312
f 1938/2004/312 1931/2001/312 1930/2000/312
f 1937/2017/1452 1935/2021/1452 1934/2018/1452
f 1935/1566/312 1910/1144/312 1909/1989/312
f 1914/1991/312 1937/1159/312 1936/2003/312
f 1933/1564/1455 1909/1989/1455 1915/1962/1455
f 1915/1962/1455 1921/1995/1455 1927/1998/1455
f 1911/2020/312 1913/2358/312 1920/2010/312
f 1935/2021/312 1937/2017/312 1914/2005/312
f 1924/726/1456 1918/766/1456 1912/1961/1456
f 1912/1961/1456 1936/2003/1456 1930/2000/1456
f 1917/2022/1798 1919/2008/1798 1926/2013/1798
f 1923/2023/312 1925/2011/312 1932/2015/312
f 1929/2014/312 1931/2016/312 1938/2019/312
f 2092/2250/1617 2091/2365/1617 2090/2251/1617
f 2095/2253/1618 2094/2274/1618 2093/2254/1618
f 2099/2256/1815 2098/2276/1815 2097/2257/1815
f 2102/2259/1620 2101/2275/1620 2104/2260/1620
f 2107/2262/1621 2106/2277/1621 2105/2263/1621
f 2111/2265/1622 2110/2278/1622 2109/2266/1622
f 2115/2268/1623 2114/2273/1623 2113/2269/1623
f 2091/2271/1816 2096/2255/1816 2093/2254/1816
f 2115/2268/1625 2092/2250/1625 2089/2252/1625
f 2095/2253/1626 2100/2258/1626 2097/2257/1626
f 2099/2256/1627 2104/2260/1627 2101/2275/1627
f 2102/2259/1628 2103/2261/1628 2108/2264/1628
f 2107/2262/1817 2112/2267/1817 2109/2266/1817
f 2111/2265/1630 2116/2270/1630 2113/2269/1630
f 2119/2280/312 2124/1176/312 2123/763/312
f 2128/2283/312 2121/2083/312 2120/2281/312
f 2118/2289/1643 2122/2302/1643 2121/2290/1643
f 2127/2292/1644 2125/2303/1644 2124/2293/1644
f 2125/1149/312 2130/1149/312 2129/2284/312
f 2134/2285/312 2127/767/312 2126/1557/312
f 2131/2295/1647 2130/2304/1647 2134/2292/1647
f 2131/725/312 2136/1561/312 2135/2286/312
f 2140/734/312 2133/771/312 2132/726/312
f 2139/2297/1818 2137/2305/1818 2136/2295/1818
f 2142/778/1819 2141/1564/1819 2135/2286/1819
f 2146/733/312 2139/2054/312 2138/732/312
f 2143/2298/1652 2142/2306/1652 2146/2299/1652
f 2118/2279/1820 2117/1550/1820 2141/1564/1820
f 2122/2282/312 2145/2210/312 2144/2288/312
f 2141/1564/1821 2117/1550/1821 2123/763/1821
f 2123/763/1655 2129/2284/1655 2135/2286/1655
f 2119/2301/312 2121/2366/312 2128/2294/312
f 2143/2298/312 2145/2300/312 2122/2302/312
f 2132/726/1822 2126/1557/1822 2120/2281/1822
f 2120/2281/1822 2144/2288/1822 2138/732/1822
f 2125/2303/312 2127/2292/312 2134/2292/312
f 2131/2295/312 2133/2296/312 2140/2296/312
f 2137/2305/312 2139/2297/312 2146/2299/312
