# Blender 4.5.10 LTS
# www.blender.org
mtllib stow_post_canopy_hipped.mtl
o stow_post_canopy_hipped
v 0.542610 0.008457 -0.247057
v 0.542582 0.010346 -0.254355
v 0.557987 0.010593 -0.247091
v 0.542599 0.008981 -0.252210
v 0.551488 0.009346 -0.251276
v 0.553472 0.010491 -0.252234
v 0.553492 0.009155 -0.247073
v 0.541024 0.146411 -0.255674
v 0.541008 0.148441 -0.248413
v 0.556429 0.146658 -0.248409
v 0.541010 0.147817 -0.253555
v 0.549904 0.147674 -0.252617
v 0.551903 0.147992 -0.248418
v 0.551915 0.146556 -0.253552
v 0.543037 0.013360 0.258359
v 0.558414 0.015495 0.258325
v 0.543021 0.015390 0.265620
v 0.553919 0.014058 0.258343
v 0.551922 0.014330 0.262546
v 0.553908 0.015494 0.263477
v 0.543035 0.013983 0.263501
v 0.541435 0.153344 0.257003
v 0.541464 0.151455 0.264301
v 0.556856 0.151560 0.257007
v 0.541446 0.152820 0.262156
v 0.550339 0.152658 0.261205
v 0.552351 0.151558 0.262159
v 0.552330 0.152894 0.256998
v -0.526519 -0.003771 -0.246035
v -0.541941 -0.001987 -0.246039
v -0.526548 -0.001881 -0.253333
v -0.537415 -0.003321 -0.246030
v -0.535423 -0.003085 -0.250237
v -0.537435 -0.001985 -0.251191
v -0.526530 -0.003247 -0.251188
v -0.528122 0.136214 -0.247391
v -0.528105 0.134183 -0.254652
v -0.543498 0.134078 -0.247357
v -0.528120 0.135590 -0.252533
v -0.537006 0.135243 -0.251577
v -0.538992 0.134079 -0.252509
v -0.539004 0.135515 -0.247375
v -0.526092 0.001132 0.259381
v -0.526109 0.003162 0.266642
v -0.541514 0.002916 0.259377
v -0.526094 0.001756 0.264523
v -0.534989 0.001899 0.263585
v -0.536999 0.003017 0.264520
v -0.536987 0.001581 0.259386
v -0.527695 0.141116 0.258025
v -0.543071 0.138980 0.258059
v -0.527666 0.139227 0.265324
v -0.538577 0.140418 0.258041
v -0.536572 0.140227 0.262244
v -0.538556 0.139082 0.263202
v -0.527684 0.140592 0.263178
v 0.533646 0.112181 -0.226409
v 0.533923 0.128380 -0.232946
v 0.535626 0.128387 -0.226512
v 0.533718 0.116909 -0.230991
v 0.534729 0.119003 -0.230172
v 0.535117 0.128369 -0.231064
v 0.534922 0.116914 -0.226442
v 0.554739 1.255687 -0.239680
v 0.555062 1.271962 -0.233337
v 0.556442 1.255694 -0.233246
v 0.554958 1.267179 -0.237862
v 0.555892 1.265060 -0.237018
v 0.556162 1.267184 -0.233313
v 0.555934 1.255676 -0.237798
v 0.535277 0.114821 0.220700
v 0.537257 0.131027 0.220597
v 0.535601 0.131096 0.227043
v 0.536553 0.119555 0.220667
v 0.536387 0.121688 0.224374
v 0.536781 0.131063 0.225153
v 0.535382 0.119604 0.225225
v 0.556693 1.274603 0.213772
v 0.556417 1.258404 0.220309
v 0.558073 1.258335 0.213863
v 0.556622 1.269874 0.218354
v 0.557550 1.267744 0.217528
v 0.557598 1.258371 0.218419
v 0.557793 1.269825 0.213796
v 0.417027 0.114337 -0.225996
v 0.415647 0.130605 -0.226088
v 0.417303 0.130535 -0.232533
v 0.415927 0.119114 -0.226021
v 0.416170 0.121195 -0.229752
v 0.416122 0.130569 -0.230643
v 0.417098 0.119065 -0.230579
v 0.438443 1.274118 -0.232924
v 0.438120 1.257843 -0.239267
v 0.436463 1.257912 -0.232821
v 0.438339 1.269335 -0.237450
v 0.437333 1.267251 -0.236598
v 0.436939 1.257876 -0.237377
v 0.437167 1.269384 -0.232892
v 0.418658 0.116977 0.221113
v 0.418981 0.133252 0.227456
v 0.417278 0.133245 0.221022
v 0.418762 0.121760 0.225638
v 0.417828 0.123880 0.224793
v 0.417787 0.133263 0.225574
v 0.417558 0.121755 0.221089
v 0.440074 1.276759 0.214185
v 0.438094 1.260553 0.214288
v 0.439798 1.260560 0.220722
v 0.438798 1.272025 0.214217
v 0.438991 1.269936 0.217947
v 0.438603 1.260571 0.218840
v 0.440003 1.272030 0.218767
v -0.445679 0.123487 -0.233009
v -0.445268 0.139789 -0.239278
v -0.443689 0.139691 -0.232814
v -0.445517 0.128289 -0.237512
v -0.444520 0.130368 -0.236640
v -0.444110 0.139747 -0.237374
v -0.444401 0.128220 -0.232941
v -0.423691 1.267041 -0.227518
v -0.423480 1.283212 -0.220910
v -0.422111 1.266943 -0.221054
v -0.423501 1.278502 -0.225513
v -0.422584 1.276368 -0.224684
v -0.422384 1.278433 -0.220941
v -0.422533 1.266999 -0.225614
v -0.452621 0.118956 0.214034
v -0.450631 0.135160 0.214229
v -0.452410 0.135127 0.220642
v -0.451342 0.123689 0.214102
v -0.451578 0.125762 0.217838
v -0.451193 0.135123 0.218775
v -0.452601 0.123666 0.218637
v -0.430422 1.278681 0.226133
v -0.430833 1.262379 0.232403
v -0.429053 1.262412 0.225990
v -0.430584 1.273879 0.230637
v -0.429642 1.271762 0.229794
v -0.429616 1.262375 0.230535
v -0.429326 1.273902 0.226102
v -0.562284 0.125738 -0.234797
v -0.563653 0.142007 -0.234653
v -0.561873 0.142039 -0.241066
v -0.563380 0.130516 -0.234765
v -0.563064 0.132657 -0.238458
v -0.563090 0.142043 -0.239199
v -0.562122 0.130540 -0.239300
v -0.540085 1.285462 -0.222698
v -0.540296 1.269291 -0.229306
v -0.542075 1.269259 -0.222893
v -0.540105 1.280753 -0.227300
v -0.541128 1.278656 -0.226502
v -0.541512 1.269295 -0.227438
v -0.541363 1.280730 -0.222766
v -0.569226 0.121207 0.212246
v -0.569015 0.137378 0.218855
v -0.570594 0.137476 0.212390
v -0.569205 0.125916 0.216849
v -0.570122 0.128050 0.216021
v -0.570173 0.137420 0.216950
v -0.570322 0.125985 0.212278
v -0.547027 1.280931 0.224345
v -0.549017 1.264727 0.224150
v -0.547437 1.264630 0.230615
v -0.548305 1.276199 0.224278
v -0.548185 1.274050 0.227976
v -0.548596 1.264672 0.228711
v -0.547188 1.276130 0.228849
v 0.536541 0.136958 -0.244259
v 0.536541 0.152350 -0.245477
v 0.551939 0.152359 -0.244331
v 0.536542 0.141463 -0.245080
v 0.545432 0.143463 -0.244932
v 0.547430 0.152353 -0.245131
v 0.547430 0.141469 -0.244270
v 0.536456 1.221529 -0.252258
v 0.536453 1.236935 -0.251236
v 0.551854 1.221537 -0.251112
v 0.536455 1.232420 -0.251999
v 0.545346 1.230424 -0.251826
v 0.547343 1.232426 -0.251189
v 0.547345 1.221532 -0.251912
v 0.536411 0.137451 -0.166501
v 0.551809 0.152852 -0.166573
v 0.536408 0.152858 -0.165479
v 0.547300 0.141962 -0.166511
v 0.545300 0.143964 -0.165881
v 0.547298 0.152856 -0.165789
v 0.536409 0.141966 -0.165738
v 0.536323 1.237429 -0.173478
v 0.536322 1.222036 -0.172260
v 0.551724 1.222030 -0.173354
v 0.536322 1.232923 -0.172657
v 0.545214 1.230925 -0.172775
v 0.547212 1.222035 -0.172570
v 0.547213 1.232919 -0.173431
v -0.532658 0.136861 -0.246047
v -0.548059 0.152259 -0.246170
v -0.532657 0.152254 -0.247264
v -0.543547 0.141370 -0.246093
v -0.541548 0.143365 -0.246749
v -0.543547 0.152255 -0.246954
v -0.532657 0.141366 -0.246867
v -0.532745 1.236839 -0.253023
v -0.532742 1.221432 -0.254045
v -0.548144 1.221438 -0.252951
v -0.532744 1.232323 -0.253786
v -0.541635 1.230325 -0.253643
v -0.543632 1.221433 -0.253736
v -0.543634 1.232327 -0.253013
v -0.532788 0.137354 -0.168288
v -0.532791 0.152761 -0.167266
v -0.548189 0.152752 -0.168412
v -0.532789 0.141870 -0.167525
v -0.541680 0.143866 -0.167698
v -0.543680 0.152758 -0.167612
v -0.543678 0.141864 -0.168335
v -0.532875 1.237332 -0.175265
v -0.548274 1.221931 -0.175193
v -0.532876 1.221939 -0.174047
v -0.543764 1.232821 -0.175254
v -0.541767 1.230827 -0.174592
v -0.543765 1.221936 -0.174393
v -0.532876 1.232826 -0.174444
v 0.476480 0.405912 -0.197379
v 0.476503 0.406770 -0.203557
v 0.490186 0.407073 -0.197323
v 0.476501 0.406113 -0.201740
v 0.484416 0.406360 -0.200899
v 0.486193 0.406933 -0.201700
v 0.486177 0.406327 -0.197331
v 0.475615 0.474790 -0.204913
v 0.475566 0.475892 -0.198774
v 0.489298 0.475093 -0.198679
v 0.475595 0.475519 -0.203123
v 0.483513 0.475512 -0.202278
v 0.485271 0.475733 -0.198715
v 0.485305 0.474954 -0.203056
v 0.474013 0.414402 0.230210
v 0.487719 0.415562 0.230266
v 0.473965 0.415504 0.236349
v 0.483710 0.414817 0.230257
v 0.481907 0.414991 0.233801
v 0.483676 0.415596 0.234598
v 0.473984 0.414775 0.234559
v 0.473099 0.484382 0.228815
v 0.473077 0.483525 0.234993
v 0.486831 0.483583 0.228910
v 0.473078 0.484182 0.233175
v 0.481005 0.484143 0.232422
v 0.482787 0.483617 0.233243
v 0.482804 0.484223 0.228874
v -0.475983 0.393372 -0.202625
v -0.489714 0.394171 -0.202721
v -0.475960 0.394230 -0.208804
v -0.485687 0.393531 -0.202685
v -0.483888 0.393611 -0.206233
v -0.485671 0.394138 -0.207053
v -0.475961 0.393573 -0.206986
v -0.476897 0.463352 -0.204020
v -0.476848 0.462250 -0.210159
v -0.490602 0.462192 -0.204076
v -0.476868 0.462979 -0.208369
v -0.484791 0.462763 -0.207611
v -0.486559 0.462158 -0.208409
v -0.486593 0.462938 -0.204068
v -0.478450 0.401862 0.224963
v -0.478498 0.402964 0.231102
v -0.492181 0.402661 0.224868
v -0.478479 0.402235 0.229312
v -0.486396 0.402242 0.228467
v -0.488188 0.402800 0.229245
v -0.488154 0.402021 0.224904
v -0.479364 0.471842 0.223568
v -0.493069 0.470682 0.223512
v -0.479386 0.470985 0.229747
v -0.489060 0.471427 0.223521
v -0.487299 0.471394 0.227089
v -0.489076 0.470821 0.227889
v -0.479385 0.471642 0.227929
v 0.486213 0.812894 -0.178331
v 0.486335 0.813779 -0.184504
v 0.499936 0.813801 -0.178085
v 0.486297 0.813114 -0.182690
v 0.494202 0.813212 -0.181742
v 0.496001 0.813756 -0.182516
v 0.495914 0.813130 -0.178151
v 0.486713 0.881810 -0.185539
v 0.486602 0.882884 -0.179396
v 0.500313 0.881832 -0.179120
v 0.486682 0.882531 -0.183746
v 0.494586 0.882374 -0.182794
v 0.496299 0.882546 -0.179207
v 0.496378 0.881787 -0.183551
v 0.478116 0.819441 0.249222
v 0.491839 0.820349 0.249468
v 0.478005 0.820515 0.255365
v 0.487817 0.819677 0.249402
v 0.485971 0.819868 0.252922
v 0.487738 0.820436 0.253746
v 0.478035 0.819795 0.253572
v 0.478504 0.889432 0.248157
v 0.478382 0.888546 0.254331
v 0.492216 0.888380 0.248433
v 0.478420 0.889211 0.252516
v 0.486354 0.889030 0.251870
v 0.488116 0.888467 0.252711
v 0.488202 0.889094 0.248346
v -0.466161 0.817904 -0.196444
v -0.479873 0.818956 -0.196720
v -0.466039 0.818790 -0.202617
v -0.475859 0.818242 -0.196633
v -0.474011 0.818305 -0.200157
v -0.475773 0.818868 -0.200998
v -0.466077 0.818124 -0.200803
v -0.465773 0.887895 -0.197509
v -0.465662 0.886821 -0.203652
v -0.479496 0.886987 -0.197755
v -0.465692 0.887541 -0.201859
v -0.473628 0.887468 -0.201209
v -0.475396 0.886899 -0.202033
v -0.475474 0.887659 -0.197689
v -0.474259 0.824451 0.231109
v -0.474370 0.825525 0.237252
v -0.487970 0.825503 0.230833
v -0.474339 0.824805 0.235459
v -0.482243 0.824961 0.234507
v -0.484035 0.825549 0.235264
v -0.483957 0.824789 0.230920
v -0.473870 0.894442 0.230044
v -0.487593 0.893534 0.229798
v -0.473992 0.893556 0.236217
v -0.483571 0.894206 0.229864
v -0.481859 0.894124 0.233456
v -0.483658 0.893580 0.234229
v -0.473954 0.894222 0.234403
v 0.215262 0.287976 -0.195604
v 0.215114 0.299010 -0.201264
v 0.216050 0.298909 -0.195378
v 0.215237 0.291257 -0.199697
v 0.215772 0.292668 -0.198901
v 0.215794 0.298988 -0.199537
v 0.215899 0.291185 -0.195534
v 0.201808 1.056902 -0.186100
v 0.201572 1.067700 -0.180003
v 0.202743 1.056801 -0.180213
v 0.201659 1.064586 -0.184224
v 0.202244 1.063164 -0.183485
v 0.202321 1.064515 -0.180061
v 0.202487 1.056879 -0.184373
v 0.212203 0.279756 0.212542
v 0.212991 0.290689 0.212768
v 0.211967 0.290554 0.218639
v 0.212840 0.282965 0.212611
v 0.212662 0.284311 0.216033
v 0.212673 0.290600 0.216923
v 0.212116 0.282869 0.216763
v 0.198513 1.059480 0.228143
v 0.198660 1.048445 0.233803
v 0.199684 1.048581 0.227932
v 0.198538 1.056199 0.232236
v 0.199134 1.054807 0.231449
v 0.199366 1.048492 0.232087
v 0.199262 1.056294 0.228085
v 0.147234 0.286792 -0.196137
v 0.146063 0.297691 -0.195927
v 0.147087 0.297827 -0.201798
v 0.146485 0.289977 -0.196079
v 0.146613 0.291464 -0.199444
v 0.146381 0.297780 -0.200081
v 0.147209 0.290073 -0.200230
v 0.133544 1.066516 -0.180536
v 0.133780 1.055718 -0.186633
v 0.132756 1.055583 -0.180763
v 0.133631 1.063402 -0.184757
v 0.133085 1.061961 -0.184027
v 0.133074 1.055671 -0.184917
v 0.132907 1.063307 -0.180606
v 0.144175 0.278572 0.212008
v 0.143940 0.289370 0.218105
v 0.143004 0.289471 0.212219
v 0.144088 0.281686 0.216229
v 0.143503 0.283108 0.215490
v 0.143260 0.289393 0.216378
v 0.143426 0.281757 0.212067
v 0.130485 1.058296 0.227609
v 0.129697 1.047363 0.227383
v 0.130633 1.047261 0.233270
v 0.129848 1.055087 0.227540
v 0.129975 1.053604 0.230907
v 0.129953 1.047284 0.231542
v 0.130510 1.055015 0.231702
v -0.146914 0.294571 -0.189608
v -0.146977 0.305463 -0.195540
v -0.145919 0.305489 -0.189673
v -0.146965 0.297749 -0.193781
v -0.146387 0.299169 -0.193032
v -0.146261 0.305470 -0.193827
v -0.146217 0.297768 -0.189633
v -0.145941 1.063613 -0.199153
v -0.145849 1.074561 -0.193326
v -0.144884 1.063640 -0.193287
v -0.145908 1.071343 -0.197468
v -0.145334 1.069929 -0.196706
v -0.145160 1.071362 -0.193320
v -0.145226 1.063620 -0.197440
v -0.141521 0.296509 0.218591
v -0.140526 0.307427 0.218526
v -0.141429 0.307456 0.224419
v -0.140824 0.299706 0.218567
v -0.140904 0.301139 0.221956
v -0.140759 0.307447 0.222687
v -0.141462 0.299727 0.222733
v -0.140456 1.076499 0.214874
v -0.140393 1.065607 0.220805
v -0.139491 1.065578 0.214913
v -0.140405 1.073320 0.219047
v -0.139852 1.071899 0.218283
v -0.139723 1.065598 0.219074
v -0.139767 1.073300 0.214880
v -0.214948 0.294668 -0.188710
v -0.215913 0.305589 -0.188749
v -0.215011 0.305560 -0.194642
v -0.215637 0.297867 -0.188716
v -0.215552 0.299268 -0.192119
v -0.215681 0.305569 -0.192910
v -0.214999 0.297846 -0.192883
v -0.213883 1.074658 -0.192427
v -0.213975 1.063710 -0.198255
v -0.214878 1.063740 -0.192362
v -0.213942 1.071440 -0.196569
v -0.214500 1.070027 -0.195792
v -0.214646 1.063719 -0.196524
v -0.214580 1.071461 -0.192403
v -0.209555 0.296606 0.219490
v -0.209463 0.307554 0.225317
v -0.210520 0.307527 0.219451
v -0.209496 0.299824 0.223632
v -0.210070 0.301238 0.222870
v -0.210178 0.307546 0.223604
v -0.210244 0.299805 0.219484
v -0.208490 1.076596 0.215772
v -0.209485 1.065678 0.215837
v -0.208427 1.065704 0.221704
v -0.209187 1.073399 0.215797
v -0.209017 1.071998 0.219196
v -0.209143 1.065697 0.219991
v -0.208439 1.073418 0.219945
v 0.557690 0.431307 0.211663
v 0.557679 0.432022 0.210835
v 0.573913 0.432322 0.211744
v 0.557688 0.431523 0.211073
v 0.567060 0.431793 0.211223
v 0.569160 0.432240 0.211130
v 0.569167 0.431735 0.211715
v 0.556733 0.480605 0.211673
v 0.556716 0.481290 0.212525
v 0.572966 0.480906 0.212582
v 0.556722 0.481096 0.211927
v 0.566098 0.481185 0.212075
v 0.568201 0.481308 0.212570
v 0.568213 0.480824 0.211968
v 0.557462 0.430297 0.269974
v 0.573685 0.431312 0.270055
v 0.557445 0.430983 0.270826
v 0.568939 0.430725 0.270026
v 0.566828 0.430767 0.270504
v 0.568927 0.431210 0.270628
v 0.557455 0.430492 0.270571
v 0.556488 0.480281 0.270835
v 0.556498 0.479566 0.271663
v 0.572738 0.479896 0.270892
v 0.556489 0.480065 0.271426
v 0.565866 0.480158 0.271355
v 0.567980 0.479793 0.271466
v 0.567973 0.480298 0.270881
v -0.569607 0.409424 0.206872
v -0.585858 0.409808 0.206815
v -0.569618 0.410138 0.206044
v -0.581093 0.409406 0.206826
v -0.578986 0.409546 0.206352
v -0.581100 0.409911 0.206241
v -0.569609 0.409639 0.206281
v -0.570581 0.459407 0.207733
v -0.570565 0.458721 0.206882
v -0.586805 0.458392 0.207652
v -0.570575 0.459212 0.207136
v -0.579948 0.458937 0.207204
v -0.582047 0.458494 0.207079
v -0.582059 0.458979 0.207681
v -0.569836 0.408414 0.265183
v -0.569853 0.409099 0.266034
v -0.586086 0.408798 0.265126
v -0.569842 0.408608 0.265780
v -0.579218 0.408519 0.265633
v -0.581333 0.408880 0.265740
v -0.581321 0.408396 0.265137
v -0.570810 0.458397 0.266044
v -0.587033 0.457382 0.265963
v -0.570799 0.457682 0.266872
v -0.582287 0.457969 0.265992
v -0.580180 0.457911 0.266484
v -0.582280 0.457464 0.266577
v -0.570808 0.458182 0.266635
v 0.567857 0.817660 0.199070
v 0.567856 0.818358 0.198229
v 0.584105 0.818082 0.198814
v 0.567851 0.817864 0.198475
v 0.577228 0.817794 0.198437
v 0.579340 0.818162 0.198295
v 0.579341 0.817668 0.198889
v 0.568686 0.866951 0.198143
v 0.568711 0.867652 0.198982
v 0.584935 0.866675 0.198729
v 0.568698 0.867447 0.198389
v 0.578072 0.867195 0.198351
v 0.580188 0.867251 0.198802
v 0.580170 0.866755 0.198209
v 0.568773 0.817746 0.257382
v 0.585021 0.818168 0.257127
v 0.568798 0.818447 0.258221
v 0.580257 0.817755 0.257202
v 0.578160 0.817882 0.257720
v 0.580275 0.818251 0.257795
v 0.568786 0.817952 0.257976
v 0.569627 0.867739 0.257295
v 0.569629 0.867040 0.258136
v 0.585851 0.866761 0.257041
v 0.569633 0.867535 0.257889
v 0.579004 0.867283 0.257633
v 0.581105 0.866843 0.257710
v 0.581104 0.867337 0.257115
v -0.559359 0.836950 0.216751
v -0.575583 0.837928 0.217004
v -0.559360 0.837649 0.215909
v -0.570836 0.837352 0.216930
v -0.568735 0.837406 0.216412
v -0.570837 0.837846 0.216336
v -0.559365 0.837154 0.216156
v -0.558505 0.886943 0.216663
v -0.558530 0.886242 0.215824
v -0.574752 0.886521 0.216919
v -0.558518 0.886737 0.216069
v -0.567891 0.886807 0.216326
v -0.570006 0.886439 0.216250
v -0.569989 0.886934 0.216843
v -0.558443 0.837037 0.275063
v -0.558418 0.837738 0.275902
v -0.574667 0.838014 0.275317
v -0.558430 0.837243 0.275657
v -0.567804 0.837494 0.275695
v -0.569902 0.837934 0.275836
v -0.569920 0.837438 0.275243
v -0.557589 0.887029 0.274976
v -0.573836 0.886607 0.275232
v -0.557588 0.886331 0.275817
v -0.569073 0.887021 0.275156
v -0.566960 0.886895 0.275608
v -0.569072 0.886527 0.275751
v -0.557583 0.886825 0.275570
v 0.552041 0.140855 -0.269090
v 0.551891 0.141573 -0.276661
v 0.567984 0.141937 -0.269397
v 0.551940 0.141015 -0.274438
v 0.561168 0.141279 -0.273628
v 0.563213 0.141779 -0.274655
v 0.563320 0.141272 -0.269301
v 0.550991 0.199878 -0.277591
v 0.551115 0.200841 -0.270047
v 0.567084 0.200242 -0.270327
v 0.551022 0.200508 -0.275387
v 0.560253 0.200554 -0.274574
v 0.562401 0.200766 -0.270250
v 0.562313 0.200085 -0.275585
v 0.561581 0.149374 0.255635
v 0.577523 0.150455 0.255327
v 0.561705 0.150336 0.263179
v 0.572859 0.149791 0.255423
v 0.570866 0.149939 0.259823
v 0.572947 0.150471 0.260757
v 0.561674 0.149707 0.260975
v 0.560655 0.209359 0.254678
v 0.560805 0.208642 0.262249
v 0.576623 0.208761 0.254397
v 0.560756 0.209200 0.260026
v 0.569951 0.209215 0.258877
v 0.572047 0.208777 0.259827
v 0.571941 0.209284 0.254474
v -0.555724 0.124081 -0.248678
v -0.571692 0.124680 -0.248398
v -0.555874 0.124799 -0.256249
v -0.567010 0.124157 -0.248474
v -0.565020 0.124226 -0.252878
v -0.567116 0.124664 -0.253828
v -0.555825 0.124241 -0.254026
v -0.556650 0.184067 -0.249635
v -0.556774 0.183104 -0.257180
v -0.572592 0.182985 -0.249328
v -0.556743 0.183734 -0.254975
v -0.565935 0.183501 -0.253823
v -0.568016 0.182969 -0.254758
v -0.567928 0.183650 -0.249423
v -0.546184 0.132600 0.276046
v -0.546060 0.133562 0.283590
v -0.562153 0.133198 0.276327
v -0.546091 0.132933 0.281386
v -0.555322 0.132886 0.280573
v -0.557382 0.133356 0.281585
v -0.557470 0.132675 0.276250
v -0.547110 0.192585 0.275089
v -0.563053 0.191504 0.275396
v -0.546960 0.191868 0.282660
v -0.558389 0.192168 0.275301
v -0.556237 0.192162 0.279628
v -0.558282 0.191661 0.280654
v -0.547009 0.192426 0.280437
v 0.593535 1.230606 -0.265702
v 0.593613 1.231942 -0.273552
v 0.610321 1.232154 -0.265520
v 0.593595 1.230971 -0.271248
v 0.603280 1.231247 -0.270121
v 0.605465 1.232066 -0.271119
v 0.605409 1.231121 -0.265568
v 0.592761 1.329135 -0.274350
v 0.592658 1.330598 -0.266522
v 0.609468 1.329348 -0.266317
v 0.592726 1.330143 -0.272062
v 0.602414 1.330056 -0.270932
v 0.604540 1.330294 -0.266382
v 0.604613 1.329259 -0.271917
v 0.587226 1.235019 0.278564
v 0.604012 1.236567 0.278746
v 0.587123 1.236482 0.286392
v 0.599100 1.235534 0.278697
v 0.596867 1.235733 0.283197
v 0.599027 1.236569 0.284232
v 0.587158 1.235474 0.284104
v 0.586349 1.335011 0.277743
v 0.586270 1.333675 0.285594
v 0.603159 1.333760 0.277948
v 0.586288 1.334646 0.283290
v 0.596000 1.334542 0.282386
v 0.598175 1.333762 0.283435
v 0.598231 1.334707 0.277883
v -0.572742 1.220268 -0.279137
v -0.589553 1.221519 -0.279342
v -0.572663 1.221604 -0.286988
v -0.584624 1.220573 -0.279277
v -0.582393 1.220737 -0.283779
v -0.584568 1.221518 -0.284828
v -0.572681 1.220633 -0.284683
v -0.573619 1.320261 -0.279958
v -0.573516 1.318797 -0.287786
v -0.590405 1.318712 -0.280140
v -0.573551 1.319806 -0.285498
v -0.583260 1.319546 -0.284591
v -0.585420 1.318711 -0.285626
v -0.585493 1.319745 -0.280091
v -0.579051 1.224681 0.265129
v -0.579154 1.226144 0.272956
v -0.595861 1.225932 0.264924
v -0.579119 1.225136 0.270668
v -0.588807 1.225223 0.269538
v -0.591006 1.226020 0.270523
v -0.590933 1.224986 0.264988
v -0.579928 1.324674 0.264308
v -0.596714 1.323125 0.264126
v -0.580006 1.323337 0.272158
v -0.591802 1.324158 0.264174
v -0.589674 1.324033 0.268727
v -0.591858 1.323213 0.269726
v -0.579989 1.324309 0.269854
v -0.001459 1.329869 0.001770
v -0.078408 1.387323 -0.056652
v 0.030331 1.381016 -0.093144
v 0.098772 1.380683 -0.000886
v 0.032331 1.386784 0.092623
v -0.077172 1.390888 0.058157
v -0.025733 1.473648 -0.095416
v 0.083769 1.469544 -0.060950
v 0.085005 1.473109 0.053859
v -0.023734 1.479416 0.090350
v -0.092175 1.479749 -0.001907
v 0.008056 1.530563 -0.004563
v 0.016392 1.342314 -0.053462
v -0.047523 1.346022 -0.032013
v -0.028838 1.376085 -0.087802
v -0.092026 1.381888 0.001130
v -0.046797 1.348117 0.035469
v 0.056620 1.342119 0.000765
v 0.075306 1.372182 -0.055024
v 0.017567 1.345705 0.055728
v 0.076481 1.375573 0.054166
v -0.026936 1.381571 0.088871
v -0.100845 1.434119 -0.034175
v -0.100119 1.436214 0.033308
v 0.002123 1.426826 -0.110588
v -0.061792 1.430533 -0.089139
v 0.106716 1.424218 -0.036101
v 0.066488 1.424414 -0.090329
v 0.068389 1.429899 0.086345
v 0.107443 1.426313 0.031381
v -0.059890 1.436019 0.087536
v 0.004474 1.433607 0.107794
v -0.069884 1.484860 -0.056960
v 0.033534 1.478861 -0.091665
v 0.098624 1.478544 -0.003923
v 0.035435 1.484347 0.085009
v -0.068709 1.488250 0.052231
v -0.010969 1.514728 -0.058521
v -0.050023 1.518313 -0.003558
v 0.053394 1.512315 -0.038263
v 0.054121 1.514411 0.029220
v -0.009794 1.518118 0.050669
v 0.002388 1.341152 0.003950
v -0.046936 1.388986 -0.035953
v 0.024385 1.389217 -0.055372
v 0.064889 1.390149 0.006454
v 0.018600 1.390493 0.064083
v -0.050511 1.389775 0.037873
v -0.014919 1.467548 -0.058111
v 0.054193 1.468266 -0.031902
v 0.050617 1.469054 0.041924
v -0.020704 1.468823 0.061343
v -0.061207 1.467892 -0.000483
v 0.001294 1.516888 0.002021
v 0.015413 1.353977 -0.030749
v -0.026508 1.353841 -0.019335
v -0.013579 1.382093 -0.054204
v -0.057601 1.382421 0.000604
v -0.028609 1.354305 0.024059
v 0.039221 1.354524 0.005591
v 0.052150 1.382776 -0.029277
v 0.012013 1.354727 0.039464
v 0.048750 1.383526 0.040936
v -0.019080 1.383306 0.059404
v -0.063888 1.428337 -0.021941
v -0.065990 1.428800 0.021453
v 0.005241 1.428270 -0.067228
v -0.036681 1.428135 -0.055814
v 0.069671 1.429240 -0.015482
v 0.045864 1.428692 -0.051823
v 0.040362 1.429906 0.061785
v 0.067570 1.429703 0.027912
v -0.042182 1.429348 0.057794
v -0.001560 1.429770 0.073199
v -0.045069 1.474514 -0.034965
v 0.022762 1.474734 -0.053433
v 0.061282 1.475619 0.005367
v 0.017260 1.475947 0.060175
v -0.048469 1.475264 0.035248
v -0.008332 1.503314 -0.033493
v -0.035540 1.503516 0.000380
v 0.032291 1.503736 -0.018088
v 0.030189 1.504199 0.025306
v -0.011732 1.504063 0.036720
v 0.170993 1.337162 -0.127063
v 0.161387 1.350722 -0.116019
v 0.163902 1.350610 -0.139986
v 0.164602 1.341206 -0.119186
v 0.162062 1.342957 -0.128027
v 0.159588 1.350715 -0.128323
v 0.166380 1.341127 -0.136133
v 0.182500 1.577007 -0.126971
v 0.174127 1.563738 -0.139903
v 0.171612 1.563849 -0.115937
v 0.177512 1.573147 -0.136043
v 0.173027 1.571509 -0.127939
v 0.169813 1.563843 -0.128241
v 0.175733 1.573226 -0.119096
v 0.181553 1.336939 -0.144159
v 0.166982 1.350545 -0.144971
v 0.187285 1.350173 -0.157947
v 0.171425 1.341021 -0.144300
v 0.176760 1.342646 -0.151822
v 0.175478 1.350379 -0.154049
v 0.185782 1.340758 -0.153475
v 0.189594 1.576856 -0.138456
v 0.194431 1.563366 -0.152879
v 0.174127 1.563738 -0.139903
v 0.193561 1.572848 -0.147958
v 0.184423 1.571268 -0.146388
v 0.182624 1.563572 -0.148981
v 0.179204 1.573111 -0.138783
v 0.201501 1.336603 -0.146561
v 0.193103 1.350075 -0.158647
v 0.215906 1.349723 -0.150861
v 0.195312 1.340597 -0.154622
v 0.204526 1.342179 -0.155165
v 0.205498 1.349874 -0.157663
v 0.211436 1.340348 -0.149116
v 0.202996 1.576631 -0.140069
v 0.217234 1.563013 -0.145092
v 0.194431 1.563366 -0.152879
v 0.212882 1.572545 -0.142837
v 0.205950 1.570906 -0.148979
v 0.206826 1.563165 -0.151895
v 0.196758 1.572794 -0.148343
v 0.215817 1.336409 -0.132459
v 0.220081 1.349666 -0.146748
v 0.228213 1.349598 -0.124063
v 0.218275 1.340255 -0.142380
v 0.224451 1.341908 -0.135538
v 0.227040 1.349581 -0.136443
v 0.224025 1.340207 -0.126339
v 0.212613 1.576501 -0.130596
v 0.225366 1.562946 -0.122407
v 0.217234 1.563013 -0.145092
v 0.220926 1.572466 -0.124536
v 0.221398 1.570696 -0.133762
v 0.224193 1.562929 -0.134787
v 0.215176 1.572514 -0.140577
v 0.213720 1.336502 -0.112474
v 0.227601 1.349625 -0.118235
v 0.214938 1.349894 -0.097733
v 0.223023 1.340252 -0.116791
v 0.221532 1.342037 -0.107721
v 0.223884 1.349721 -0.106368
v 0.214069 1.340441 -0.102295
v 0.211204 1.576563 -0.117169
v 0.212702 1.563214 -0.101906
v 0.225366 1.562946 -0.122407
v 0.211635 1.572670 -0.106837
v 0.219135 1.570797 -0.112195
v 0.221649 1.563042 -0.110541
v 0.220590 1.572481 -0.121334
v 0.196789 1.336812 -0.101653
v 0.210000 1.349984 -0.094578
v 0.186077 1.350386 -0.091698
v 0.205980 1.340590 -0.097126
v 0.197966 1.342469 -0.092661
v 0.198406 1.350188 -0.090086
v 0.189064 1.340874 -0.095089
v 0.199830 1.576771 -0.109900
v 0.188780 1.563616 -0.099026
v 0.212702 1.563214 -0.101906
v 0.192006 1.573005 -0.103067
v 0.200864 1.571131 -0.100519
v 0.201109 1.563418 -0.097414
v 0.208922 1.572720 -0.105103
v 0.177774 1.337106 -0.108147
v 0.180532 1.350472 -0.093592
v 0.163365 1.350705 -0.110502
v 0.179980 1.341015 -0.098191
v 0.171500 1.342879 -0.101698
v 0.169792 1.350631 -0.099857
v 0.167841 1.341179 -0.110149
v 0.187055 1.576969 -0.114262
v 0.171612 1.563849 -0.115937
v 0.188780 1.563616 -0.099026
v 0.176820 1.573216 -0.116065
v 0.180345 1.571449 -0.107526
v 0.178039 1.563775 -0.105291
v 0.188959 1.573052 -0.104107
v 0.203055 1.324216 0.148663
v 0.218046 1.337384 0.148615
v 0.198299 1.337863 0.162419
v 0.213297 1.327989 0.148309
v 0.208331 1.329910 0.156012
v 0.209934 1.337639 0.158036
v 0.199334 1.328328 0.158070
v 0.201927 1.564128 0.138716
v 0.197296 1.551050 0.153581
v 0.217044 1.550571 0.139776
v 0.198243 1.560412 0.148448
v 0.207256 1.558526 0.146534
v 0.208931 1.550826 0.149198
v 0.212206 1.560073 0.138687
v 0.183223 1.324533 0.151889
v 0.192515 1.337955 0.163360
v 0.169406 1.338160 0.156526
v 0.189859 1.328479 0.159611
v 0.180727 1.330350 0.160502
v 0.180090 1.338115 0.162890
v 0.173519 1.328624 0.154779
v 0.188604 1.564340 0.140883
v 0.174188 1.551255 0.146747
v 0.197296 1.551050 0.153581
v 0.178724 1.560608 0.144133
v 0.185855 1.558868 0.150015
v 0.184871 1.551210 0.153111
v 0.195065 1.560463 0.148965
v 0.168332 1.324524 0.138394
v 0.165064 1.338158 0.152591
v 0.155995 1.337934 0.130265
v 0.166405 1.328620 0.148332
v 0.160002 1.330338 0.141720
v 0.157682 1.338102 0.142584
v 0.159993 1.328461 0.132545
v 0.178600 1.564334 0.131818
v 0.165119 1.551031 0.124421
v 0.174188 1.551255 0.146747
v 0.169926 1.560448 0.126183
v 0.169786 1.558859 0.135453
v 0.166806 1.551199 0.136740
v 0.176338 1.560606 0.141970
v 0.169596 1.324196 0.118341
v 0.156364 1.337838 0.124417
v 0.168164 1.337354 0.103410
v 0.160597 1.328305 0.122966
v 0.161761 1.329882 0.113809
v 0.159584 1.337609 0.112408
v 0.168941 1.327962 0.108112
v 0.179449 1.564114 0.118346
v 0.176919 1.550547 0.103414
v 0.165119 1.551031 0.124421
v 0.178472 1.560053 0.108116
v 0.171150 1.558505 0.113813
v 0.168340 1.550802 0.112412
v 0.170128 1.560395 0.122970
v 0.186063 1.323796 0.106830
v 0.172966 1.337237 0.100053
v 0.196749 1.336857 0.096185
v 0.176807 1.327771 0.102613
v 0.184680 1.329326 0.097787
v 0.184364 1.337007 0.095085
v 0.193624 1.327503 0.099877
v 0.190512 1.563846 0.110612
v 0.200703 1.550167 0.099546
v 0.176919 1.550547 0.103414
v 0.197928 1.559720 0.103536
v 0.188920 1.558073 0.101391
v 0.188317 1.550317 0.098446
v 0.181111 1.559989 0.106271
v 0.205333 1.323626 0.112528
v 0.202369 1.336808 0.097847
v 0.220226 1.336818 0.114029
v 0.202830 1.327421 0.102600
v 0.211501 1.329088 0.105718
v 0.213361 1.336750 0.103661
v 0.215457 1.327429 0.114042
v 0.203457 1.563731 0.114441
v 0.218559 1.550178 0.115728
v 0.200703 1.550167 0.099546
v 0.213643 1.559700 0.115892
v 0.209714 1.557889 0.107540
v 0.211695 1.550109 0.105360
v 0.201016 1.559693 0.104449
v 0.212895 1.323812 0.131146
v 0.222431 1.336873 0.119459
v 0.220915 1.337266 0.143506
v 0.219070 1.327518 0.122936
v 0.222026 1.329348 0.131631
v 0.224741 1.337031 0.131676
v 0.217998 1.327796 0.139941
v 0.208538 1.563856 0.126948
v 0.217044 1.550571 0.139776
v 0.218559 1.550178 0.115728
v 0.213783 1.560008 0.135880
v 0.217875 1.558090 0.127631
v 0.220869 1.550336 0.127946
v 0.214855 1.559730 0.118875
v -0.179938 1.328881 -0.112924
v -0.165532 1.342095 -0.116921
v -0.180877 1.342469 -0.098344
v -0.170170 1.332687 -0.115985
v -0.172903 1.334567 -0.107228
v -0.170835 1.342295 -0.105675
v -0.181021 1.332951 -0.102849
v -0.184187 1.568819 -0.121267
v -0.184653 1.555680 -0.105757
v -0.169308 1.555305 -0.124335
v -0.185132 1.565061 -0.110919
v -0.176952 1.563209 -0.115178
v -0.174610 1.555505 -0.113088
v -0.174281 1.564796 -0.124056
v -0.198189 1.329126 -0.104519
v -0.186200 1.342541 -0.095892
v -0.210295 1.342696 -0.096308
v -0.189740 1.333068 -0.098833
v -0.198307 1.334909 -0.095530
v -0.198300 1.342664 -0.093027
v -0.206778 1.333178 -0.099127
v -0.196449 1.568984 -0.115621
v -0.208748 1.555835 -0.106173
v -0.184653 1.555680 -0.105757
v -0.205094 1.565210 -0.109866
v -0.196648 1.563473 -0.106108
v -0.196753 1.555803 -0.102892
v -0.188056 1.565100 -0.109573
v -0.216142 1.329115 -0.113548
v -0.215530 1.342693 -0.098941
v -0.230230 1.342513 -0.118036
v -0.215354 1.333173 -0.103440
v -0.223295 1.334893 -0.108097
v -0.225316 1.342647 -0.106614
v -0.225749 1.333046 -0.116943
v -0.208510 1.568976 -0.121686
v -0.223448 1.555655 -0.125268
v -0.208748 1.555835 -0.106173
v -0.218365 1.565081 -0.124815
v -0.216021 1.563461 -0.115852
v -0.218533 1.555789 -0.113846
v -0.207971 1.565208 -0.111313
v -0.220278 1.328856 -0.133212
v -0.231436 1.342437 -0.123771
v -0.225672 1.342057 -0.147167
v -0.227724 1.332922 -0.126337
v -0.229050 1.334532 -0.135466
v -0.231539 1.342256 -0.136204
v -0.223648 1.332653 -0.142880
v -0.211288 1.568802 -0.134897
v -0.217683 1.555275 -0.148664
v -0.223448 1.555655 -0.125268
v -0.214952 1.564770 -0.144510
v -0.220484 1.563181 -0.137071
v -0.223550 1.555474 -0.137701
v -0.219028 1.565039 -0.127967
v -0.207481 1.328544 -0.148703
v -0.221940 1.341966 -0.151684
v -0.200052 1.341672 -0.161763
v -0.217535 1.332504 -0.150281
v -0.211240 1.334098 -0.157027
v -0.212282 1.341787 -0.159516
v -0.202058 1.332296 -0.157408
v -0.202691 1.568592 -0.145304
v -0.195796 1.554981 -0.158743
v -0.217683 1.555275 -0.148664
v -0.197424 1.564512 -0.154119
v -0.206675 1.562845 -0.153788
v -0.208026 1.555096 -0.156495
v -0.212901 1.564720 -0.146992
v -0.187389 1.328414 -0.148357
v -0.194193 1.341634 -0.161662
v -0.172664 1.341648 -0.150835
v -0.192460 1.332234 -0.157242
v -0.183274 1.333917 -0.156545
v -0.182047 1.341591 -0.158995
v -0.177236 1.332243 -0.149586
v -0.189193 1.568505 -0.145071
v -0.174267 1.554994 -0.147915
v -0.195796 1.554981 -0.158743
v -0.178981 1.564501 -0.146408
v -0.184993 1.562705 -0.153414
v -0.183650 1.554938 -0.156075
v -0.194205 1.564492 -0.154064
v -0.175131 1.328564 -0.132434
v -0.169089 1.341691 -0.146191
v -0.164130 1.342002 -0.122610
v -0.171380 1.332315 -0.141979
v -0.166213 1.334126 -0.134382
v -0.163601 1.341817 -0.135033
v -0.167874 1.332535 -0.125305
v -0.180958 1.568606 -0.134374
v -0.169308 1.555305 -0.124335
v -0.174267 1.554994 -0.147915
v -0.173510 1.564745 -0.127182
v -0.171765 1.562867 -0.136231
v -0.168779 1.555120 -0.136757
v -0.177017 1.564525 -0.143856
v -0.204539 1.329849 0.107019
v -0.218963 1.343066 0.103101
v -0.196507 1.343012 0.094357
v -0.214530 1.333669 0.104819
v -0.207861 1.335314 0.098454
v -0.208851 1.342977 0.095865
v -0.198651 1.333631 0.098636
v -0.203041 1.569952 0.109383
v -0.195176 1.556370 0.096458
v -0.217632 1.556424 0.105202
v -0.197202 1.565901 0.100923
v -0.206433 1.564113 0.100707
v -0.207519 1.556335 0.097966
v -0.213081 1.565939 0.107106
v -0.184504 1.329984 0.108573
v -0.190665 1.343051 0.094810
v -0.169828 1.343398 0.106911
v -0.189080 1.333695 0.099378
v -0.179975 1.335502 0.100616
v -0.178702 1.343181 0.098203
v -0.174346 1.333941 0.107935
v -0.189581 1.570044 0.110427
v -0.174339 1.556717 0.108559
v -0.195176 1.556370 0.096458
v -0.179257 1.566168 0.109729
v -0.184813 1.564260 0.102384
v -0.183213 1.556499 0.099851
v -0.193991 1.565923 0.101172
v -0.173229 1.330370 0.125203
v -0.166539 1.343511 0.111761
v -0.163012 1.343998 0.135595
v -0.168959 1.334125 0.115879
v -0.164282 1.336040 0.123763
v -0.161735 1.343761 0.123228
v -0.166465 1.334470 0.132733
v -0.182006 1.570303 0.121599
v -0.170812 1.557204 0.132393
v -0.174339 1.556717 0.108559
v -0.174956 1.566574 0.129247
v -0.172646 1.564676 0.120329
v -0.169534 1.556968 0.120026
v -0.177450 1.566230 0.112394
v -0.179204 1.330716 0.144386
v -0.164755 1.344099 0.141190
v -0.181193 1.344359 0.158809
v -0.169320 1.334635 0.141897
v -0.172599 1.336521 0.150463
v -0.170726 1.344282 0.152096
v -0.180944 1.334819 0.154356
v -0.186020 1.570535 0.134487
v -0.187250 1.557464 0.150013
v -0.170812 1.557204 0.132393
v -0.187538 1.566814 0.144780
v -0.179094 1.565049 0.141030
v -0.176783 1.557387 0.143299
v -0.175914 1.566630 0.132321
v -0.197930 1.330761 0.151678
v -0.186654 1.344372 0.160936
v -0.210680 1.344209 0.159072
v -0.189890 1.334840 0.157839
v -0.198662 1.336583 0.160612
v -0.198905 1.344350 0.163068
v -0.206878 1.334725 0.156522
v -0.198601 1.570566 0.139386
v -0.211276 1.557301 0.148150
v -0.187250 1.557464 0.150013
v -0.207527 1.566706 0.144631
v -0.199301 1.565098 0.148899
v -0.199501 1.557442 0.152145
v -0.190538 1.566821 0.145948
v -0.215306 1.330471 0.141587
v -0.215748 1.344125 0.156130
v -0.229269 1.343662 0.136187
v -0.215179 1.334587 0.151701
v -0.222847 1.336180 0.146567
v -0.225053 1.343914 0.147883
v -0.224740 1.334260 0.137600
v -0.210274 1.570371 0.132606
v -0.224797 1.556839 0.128207
v -0.211276 1.557301 0.148150
v -0.219873 1.566332 0.128912
v -0.218052 1.564786 0.138009
v -0.220581 1.557091 0.139903
v -0.210312 1.566659 0.143014
v -0.218247 1.330065 0.121712
v -0.230126 1.343543 0.130391
v -0.222961 1.343129 0.107386
v -0.226145 1.334066 0.128105
v -0.226941 1.335615 0.118904
v -0.229479 1.343303 0.117975
v -0.221079 1.333772 0.111838
v -0.212250 1.570098 0.119254
v -0.217632 1.556424 0.105202
v -0.224797 1.556839 0.128207
v -0.215277 1.565974 0.109460
v -0.221226 1.564347 0.116562
v -0.224150 1.556598 0.115791
v -0.220344 1.566267 0.125727
v 0.296779 1.510951 -0.260280
v 0.296756 1.508823 -0.264566
v 0.305467 1.511198 -0.260506
v 0.296759 1.509275 -0.263202
v 0.301775 1.509562 -0.262693
v 0.302902 1.509449 -0.263362
v 0.302919 1.510954 -0.260331
v 0.297388 1.537578 -0.282736
v 0.297429 1.540534 -0.278974
v 0.306098 1.539952 -0.278676
v 0.297404 1.538615 -0.281743
v 0.302417 1.538794 -0.281166
v 0.303563 1.540294 -0.278872
v 0.303534 1.538204 -0.281532
v 0.299027 1.687453 0.019111
v 0.307715 1.687699 0.018885
v 0.299069 1.690409 0.022873
v 0.305166 1.687455 0.019059
v 0.304060 1.688999 0.021344
v 0.305196 1.689546 0.021720
v 0.299053 1.689372 0.021879
v 0.299677 1.717035 0.000417
v 0.299700 1.719163 0.004703
v 0.308346 1.716453 0.000715
v 0.299697 1.718712 0.003339
v 0.304702 1.718231 0.002872
v 0.305827 1.718300 0.003550
v 0.305811 1.716795 0.000519
v -0.305743 1.522599 -0.262791
v -0.314412 1.523181 -0.263088
v -0.305766 1.520471 -0.267076
v -0.311877 1.522839 -0.262893
v -0.310768 1.521403 -0.265245
v -0.311893 1.521334 -0.265923
v -0.305763 1.520922 -0.265713
v -0.305093 1.552181 -0.281484
v -0.305135 1.549225 -0.285247
v -0.313780 1.551935 -0.281259
v -0.305119 1.550262 -0.284253
v -0.310126 1.550635 -0.283718
v -0.311262 1.550088 -0.284094
v -0.311232 1.552179 -0.281433
v -0.303495 1.699100 0.016600
v -0.303453 1.702056 0.020363
v -0.312164 1.699682 0.016302
v -0.303469 1.701019 0.019369
v -0.308483 1.700840 0.018792
v -0.309599 1.701430 0.019159
v -0.309629 1.699340 0.016498
v -0.302845 1.728683 -0.002093
v -0.311533 1.728436 -0.001868
v -0.302822 1.730811 0.002193
v -0.308984 1.728680 -0.002042
v -0.307841 1.730072 0.000320
v -0.308968 1.730185 0.000988
v -0.302825 1.730359 0.000829
v 0.380259 1.523494 -0.197671
v 0.380546 1.523847 -0.203274
v 0.384533 1.521344 -0.197630
v 0.380352 1.523572 -0.201632
v 0.382699 1.522154 -0.200880
v 0.383375 1.522052 -0.201603
v 0.383172 1.521803 -0.197641
v 0.398864 1.552513 -0.203504
v 0.399104 1.552986 -0.197907
v 0.402852 1.550010 -0.197860
v 0.399044 1.552823 -0.201866
v 0.401322 1.551297 -0.201113
v 0.401863 1.551053 -0.197875
v 0.401693 1.550718 -0.201832
v 0.378626 1.527650 0.191103
v 0.382901 1.525500 0.191144
v 0.378866 1.528123 0.196699
v 0.381540 1.525959 0.191133
v 0.381040 1.526379 0.194360
v 0.381710 1.526293 0.195091
v 0.378687 1.527813 0.195062
v 0.397472 1.557142 0.190867
v 0.397185 1.556789 0.196470
v 0.401219 1.554166 0.190914
v 0.397378 1.557063 0.194827
v 0.399663 1.555522 0.194127
v 0.400028 1.554959 0.194861
v 0.400231 1.555209 0.190899
v 0.101781 1.701421 -0.200743
v 0.098034 1.704396 -0.200790
v 0.102069 1.701774 -0.206346
v 0.099022 1.703354 -0.200775
v 0.099591 1.703040 -0.204003
v 0.099225 1.703603 -0.204737
v 0.101875 1.701499 -0.204703
v 0.120627 1.730913 -0.200979
v 0.120387 1.730440 -0.206575
v 0.116352 1.733063 -0.201020
v 0.120566 1.730749 -0.204937
v 0.118213 1.732183 -0.204236
v 0.117544 1.732270 -0.204966
v 0.117714 1.732604 -0.201009
v 0.100149 1.705577 0.188032
v 0.100389 1.706049 0.193628
v 0.096402 1.708552 0.187984
v 0.100209 1.705740 0.191990
v 0.097931 1.707265 0.191238
v 0.097560 1.707844 0.191957
v 0.097390 1.707510 0.187999
v 0.118995 1.735069 0.187796
v 0.114720 1.737218 0.187755
v 0.118707 1.734715 0.193399
v 0.116081 1.736760 0.187765
v 0.116554 1.736408 0.191004
v 0.115878 1.736510 0.191727
v 0.118901 1.734990 0.191756
v 0.301890 1.701209 -0.005843
v 0.301998 1.704170 -0.009600
v 0.310567 1.701526 -0.005407
v 0.301966 1.703131 -0.008608
v 0.306962 1.702798 -0.007953
v 0.308102 1.703355 -0.008301
v 0.308026 1.701262 -0.005644
v 0.301956 1.732908 0.008607
v 0.301847 1.730775 0.012889
v 0.310525 1.730264 0.012800
v 0.301924 1.732454 0.009970
v 0.306920 1.732014 0.010557
v 0.307983 1.730585 0.012935
v 0.308060 1.732093 0.009907
v 0.294343 1.524377 0.273246
v 0.303020 1.524694 0.273681
v 0.294233 1.522244 0.277528
v 0.300479 1.524429 0.273445
v 0.299290 1.523025 0.275777
v 0.300401 1.522921 0.276473
v 0.294266 1.522697 0.276165
v 0.294300 1.553942 0.291977
v 0.294192 1.550981 0.295735
v 0.302978 1.553431 0.291888
v 0.294223 1.552020 0.294743
v 0.299247 1.552241 0.294287
v 0.300360 1.551659 0.294680
v 0.300436 1.553752 0.292023
v -0.300593 1.707949 -0.017864
v -0.309271 1.708460 -0.017775
v -0.300485 1.710910 -0.021622
v -0.306729 1.708139 -0.017910
v -0.305540 1.709650 -0.020174
v -0.306652 1.710232 -0.020567
v -0.300516 1.709871 -0.020630
v -0.300636 1.737514 0.000867
v -0.300526 1.739647 -0.003415
v -0.309313 1.737197 0.000432
v -0.300559 1.739194 -0.002052
v -0.305583 1.738866 -0.001664
v -0.306694 1.738970 -0.002360
v -0.306772 1.737462 0.000668
v -0.308140 1.531116 0.261224
v -0.308249 1.528983 0.265506
v -0.316818 1.531627 0.261313
v -0.308217 1.529437 0.264143
v -0.313213 1.529877 0.263556
v -0.314353 1.529798 0.264206
v -0.314276 1.531306 0.261179
v -0.308183 1.560682 0.279956
v -0.316860 1.560365 0.279521
v -0.308291 1.557721 0.283713
v -0.314319 1.560629 0.279757
v -0.313255 1.559093 0.282066
v -0.314395 1.558536 0.282414
v -0.308259 1.558760 0.282722
v -0.102636 1.698987 -0.195249
v -0.103025 1.699490 -0.200834
v -0.098894 1.701968 -0.195284
v -0.102802 1.699172 -0.199204
v -0.100507 1.700697 -0.198503
v -0.100156 1.701280 -0.199228
v -0.099881 1.700924 -0.195279
v -0.121377 1.728123 -0.199959
v -0.121517 1.728444 -0.194348
v -0.117246 1.730601 -0.194408
v -0.121528 1.728387 -0.198311
v -0.119164 1.729805 -0.197613
v -0.118607 1.730140 -0.194386
v -0.118508 1.729913 -0.198353
v -0.093992 1.692648 0.193403
v -0.090249 1.695630 0.193369
v -0.094131 1.692969 0.199014
v -0.091236 1.694585 0.193374
v -0.091718 1.694253 0.196613
v -0.091335 1.694812 0.197341
v -0.093981 1.692704 0.197365
v -0.112872 1.722105 0.194304
v -0.112483 1.721601 0.199889
v -0.108601 1.724262 0.194244
v -0.112707 1.721919 0.198258
v -0.110375 1.723361 0.197503
v -0.109687 1.723445 0.198216
v -0.109962 1.723801 0.194267
v -0.380811 1.520590 -0.191971
v -0.385082 1.518432 -0.191911
v -0.381199 1.521093 -0.197556
v -0.383721 1.518893 -0.191934
v -0.383307 1.519333 -0.195170
v -0.383996 1.519250 -0.195883
v -0.380976 1.520775 -0.195926
v -0.399691 1.550047 -0.191071
v -0.399551 1.549726 -0.196681
v -0.403433 1.547065 -0.191036
v -0.399702 1.549990 -0.195033
v -0.401965 1.548442 -0.194281
v -0.402348 1.547882 -0.195008
v -0.402447 1.548109 -0.191041
v -0.372166 1.514251 0.196681
v -0.372305 1.514572 0.202292
v -0.376437 1.512094 0.196741
v -0.372155 1.514307 0.200643
v -0.374519 1.512889 0.199946
v -0.375175 1.512782 0.200686
v -0.375076 1.512555 0.196718
v -0.391046 1.543708 0.197582
v -0.394788 1.540726 0.197616
v -0.390657 1.543204 0.203167
v -0.393802 1.541770 0.197611
v -0.393176 1.541997 0.200835
v -0.393527 1.541414 0.201561
v -0.390881 1.543522 0.201536
v 0.063666 1.681886 -0.058150
v 0.063681 1.682771 -0.059948
v 0.065472 1.682755 -0.058100
v 0.063683 1.682164 -0.059430
v 0.064728 1.682284 -0.059174
v 0.064960 1.682778 -0.059395
v 0.064949 1.682152 -0.058123
v 0.062737 1.741066 -0.058506
v 0.062695 1.741860 -0.056666
v 0.064528 1.741049 -0.056657
v 0.062719 1.741646 -0.057959
v 0.063767 1.741548 -0.057708
v 0.063985 1.741634 -0.056651
v 0.064015 1.741073 -0.057952
v 0.061669 1.678729 0.068155
v 0.063475 1.679597 0.068205
v 0.061627 1.679523 0.069995
v 0.062952 1.678995 0.068182
v 0.062697 1.679074 0.069231
v 0.062922 1.679557 0.069483
v 0.061645 1.678943 0.069447
v 0.060698 1.738703 0.069639
v 0.060683 1.737817 0.071437
v 0.062531 1.737892 0.069647
v 0.060681 1.738425 0.070919
v 0.061737 1.738338 0.070697
v 0.061978 1.737851 0.070925
v 0.061988 1.738477 0.069653
v -0.062661 1.679890 -0.060197
v -0.064495 1.680701 -0.060206
v -0.062646 1.680775 -0.061995
v -0.063952 1.680116 -0.060212
v -0.063701 1.680255 -0.061256
v -0.063941 1.680742 -0.061483
v -0.062645 1.680168 -0.061477
v -0.063633 1.739864 -0.058713
v -0.063591 1.739070 -0.060553
v -0.065439 1.738996 -0.058763
v -0.063609 1.739650 -0.060006
v -0.064661 1.739519 -0.059789
v -0.064886 1.739036 -0.060041
v -0.064916 1.739598 -0.058740
v -0.064658 1.676733 0.066108
v -0.064701 1.677527 0.067948
v -0.066491 1.677544 0.066099
v -0.064683 1.676947 0.067400
v -0.065731 1.677045 0.067150
v -0.065979 1.677520 0.067394
v -0.065949 1.676958 0.066093
v -0.065630 1.736707 0.067592
v -0.067436 1.735838 0.067541
v -0.065645 1.735821 0.069390
v -0.066913 1.736440 0.067565
v -0.066691 1.736309 0.068616
v -0.066923 1.735815 0.068836
v -0.065646 1.736428 0.068872
vn 0.0638 -0.9951 -0.0755
vn 0.0907 -0.8399 -0.5351
vn 0.2948 -0.9248 -0.2405
vn 0.1163 0.7521 -0.6487
vn 0.0287 0.9923 -0.1204
vn 0.2736 0.9265 -0.2585
vn 0.0516 -0.9914 0.1203
vn 0.2952 -0.9200 0.2579
vn 0.1348 -0.7493 0.6484
vn 0.0411 0.9963 0.0754
vn 0.0725 0.8418 0.5350
vn 0.2740 0.9313 0.2400
vn -0.0289 -0.9945 -0.1011
vn -0.2740 -0.9313 -0.2400
vn -0.1174 -0.7646 -0.6337
vn -0.0639 0.9934 -0.0947
vn -0.0916 0.8294 -0.5512
vn -0.2952 0.9200 -0.2579
vn -0.0410 -0.9946 0.0948
vn -0.0716 -0.8312 0.5513
vn -0.2736 -0.9265 0.2585
vn -0.0514 0.9935 0.1012
vn -0.2948 0.9248 0.2405
vn -0.1337 0.7617 0.6340
vn 0.0641 -0.9979 0.0096
vn 0.3046 -0.9524 0.0090
vn 0.1913 -0.0073 -0.9815
vn 0.7515 0.0022 -0.6597
vn 0.0412 0.9991 -0.0097
vn 0.2827 0.9591 -0.0095
vn 0.1930 0.0117 0.9811
vn 0.7526 0.0150 0.6583
vn 0.0115 -0.9927 0.1205
vn 0.0101 -0.8331 0.5531
vn -0.0113 0.9948 0.1012
vn -0.0091 0.8436 0.5368
vn -0.7515 -0.0022 0.6597
vn -0.1913 0.0073 0.9815
vn -0.0412 -0.9991 0.0097
vn -0.2828 -0.9591 0.0095
vn -0.0641 0.9979 -0.0096
vn -0.3046 0.9524 -0.0090
vn -0.1930 -0.0117 -0.9811
vn -0.7526 -0.0150 -0.6583
vn 0.0113 -0.9948 -0.1012
vn 0.0091 -0.8436 -0.5368
vn -0.0115 0.9927 -0.1205
vn -0.0101 0.8331 -0.5531
vn 0.0114 -0.9999 0.0097
vn 0.9999 0.0114 -0.0010
vn -0.0008 -0.0097 -1.0000
vn -0.0114 0.9999 -0.0097
vn 0.0008 0.0097 1.0000
vn -0.9999 -0.0114 0.0010
vn 0.9352 -0.2537 -0.2473
vn 0.7645 -0.1216 -0.6331
vn 0.9925 -0.0517 -0.1107
vn 0.8434 0.0482 -0.5351
vn 0.9438 0.2160 -0.2501
vn 0.9960 0.0238 -0.0863
vn 0.9369 -0.2508 0.2434
vn 0.9950 -0.0606 0.0793
vn 0.8448 -0.0795 0.5291
vn 0.9456 0.2189 0.2407
vn 0.7729 0.0931 0.6277
vn 0.9945 0.0149 0.1036
vn -0.9456 -0.2189 -0.2406
vn -0.9966 -0.0247 -0.0788
vn -0.8473 -0.0545 -0.5283
vn -0.9369 0.2508 -0.2434
vn -0.7690 0.1141 -0.6289
vn -0.9933 0.0504 -0.1041
vn -0.9438 -0.2160 0.2501
vn -0.7683 -0.0857 0.6343
vn -0.9937 -0.0137 0.1111
vn -0.9352 0.2537 0.2472
vn -0.9944 0.0616 0.0858
vn -0.8410 0.0857 0.5343
vn 0.9656 -0.2602 -0.0020
vn 0.9981 -0.0613 -0.0033
vn 0.8440 -0.0188 -0.5359
vn 0.9936 -0.0190 -0.1109
vn 0.9745 0.2243 -0.0049
vn 0.9997 0.0243 -0.0038
vn 0.8479 -0.0125 0.5300
vn 0.9944 -0.0177 0.1039
vn -0.0101 -0.6871 0.7265
vn 0.0006 -0.1562 0.9877
vn 0.0154 0.6957 0.7182
vn 0.0066 0.1679 0.9858
vn -0.9936 0.0190 0.1109
vn -0.8441 0.0188 0.5359
vn -0.9745 -0.2243 0.0049
vn -0.9997 -0.0243 0.0038
vn -0.9656 0.2602 0.0020
vn -0.9981 0.0613 0.0033
vn -0.8480 0.0125 -0.5299
vn -0.9944 0.0177 -0.1039
vn -0.0154 -0.6957 -0.7182
vn -0.0066 -0.1679 -0.9858
vn 0.0101 0.6871 -0.7265
vn -0.0006 0.1562 -0.9877
vn -0.0185 -0.9998 0.0060
vn 0.9998 -0.0185 -0.0035
vn -0.0036 -0.0059 -1.0000
vn 0.0185 0.9998 -0.0060
vn 0.0036 0.0059 1.0000
vn -0.9998 0.0185 0.0035
vn 0.9396 -0.2505 -0.2333
vn 0.7764 -0.1121 -0.6202
vn 0.9944 -0.0508 -0.0924
vn 0.8535 0.0561 -0.5180
vn 0.9486 0.2192 -0.2284
vn 0.9975 0.0243 -0.0668
vn 0.9320 -0.2555 0.2573
vn 0.9933 -0.0627 0.0974
vn 0.8345 -0.0887 0.5439
vn 0.9409 0.2142 0.2622
vn 0.7608 0.0824 0.6437
vn 0.9923 0.0124 0.1230
vn -0.9409 -0.2142 -0.2622
vn -0.9949 -0.0226 -0.0982
vn -0.8370 -0.0453 -0.5453
vn -0.9320 0.2555 -0.2573
vn -0.7569 0.1249 -0.6415
vn -0.9911 0.0529 -0.1222
vn -0.9486 -0.2192 0.2285
vn -0.7804 -0.0952 0.6181
vn -0.9957 -0.0146 0.0918
vn -0.9396 0.2505 0.2334
vn -0.9958 0.0610 0.0677
vn -0.8510 0.0779 0.5194
vn 0.9653 -0.2610 0.0123
vn 0.9980 -0.0621 0.0149
vn 0.8542 -0.0109 -0.5198
vn 0.9956 -0.0181 -0.0922
vn 0.9745 0.2235 0.0174
vn 0.9996 0.0235 0.0158
vn 0.8376 -0.0217 0.5458
vn 0.9922 -0.0203 0.1227
vn -0.0244 -0.6987 0.7150
vn -0.0184 -0.1720 0.9849
vn 0.0020 0.6841 0.7294
vn -0.0122 0.1520 0.9883
vn -0.9956 0.0181 0.0921
vn -0.8542 0.0109 0.5199
vn -0.9745 -0.2235 -0.0174
vn -0.9996 -0.0235 -0.0158
vn -0.9653 0.2610 -0.0123
vn -0.9980 0.0621 -0.0149
vn -0.8376 0.0217 -0.5458
vn -0.9922 0.0203 -0.1227
vn -0.0020 -0.6841 -0.7294
vn 0.0122 -0.1520 -0.9883
vn 0.0244 0.6987 -0.7150
vn 0.0184 0.1720 -0.9849
vn -0.0191 -0.9998 -0.0104
vn 0.9997 -0.0193 0.0153
vn 0.0155 0.0101 -0.9998
vn 0.0191 0.9998 0.0104
vn -0.0155 -0.0101 0.9998
vn -0.9997 0.0193 -0.0153
vn 0.0936 -0.2283 -0.9691
vn 0.0248 -0.0364 -0.9990
vn 0.1743 -0.0611 -0.9828
vn 0.0318 0.0168 -0.9994
vn 0.0565 0.1664 -0.9844
vn 0.2237 0.0859 -0.9709
vn 0.0532 -0.1664 0.9846
vn 0.2205 -0.0858 0.9716
vn 0.0284 -0.0168 0.9995
vn 0.0904 0.2283 0.9694
vn 0.0214 0.0364 0.9991
vn 0.1710 0.0611 0.9834
vn -0.0532 -0.1789 -0.9824
vn -0.2205 -0.0982 -0.9704
vn -0.0284 -0.0294 -0.9992
vn -0.0904 0.2159 -0.9722
vn -0.0214 0.0238 -0.9995
vn -0.1710 0.0486 -0.9841
vn -0.0936 -0.2160 0.9719
vn -0.0248 -0.0238 0.9994
vn -0.1743 -0.0487 0.9835
vn -0.0565 0.1789 0.9822
vn -0.2237 0.0981 0.9697
vn -0.0318 0.0294 0.9991
vn 0.3828 -0.9238 0.0065
vn 0.9239 -0.3826 0.0040
vn 0.0318 -0.0063 -0.9995
vn 0.1746 -0.0062 -0.9846
vn 0.3826 0.9239 -0.0052
vn 0.9238 0.3828 -0.0009
vn 0.0284 0.0063 0.9996
vn 0.1713 0.0063 0.9852
vn -0.0016 -0.1667 0.9860
vn -0.0017 -0.0238 0.9997
vn -0.0017 0.1792 0.9838
vn -0.0017 0.0364 0.9993
vn -0.1746 0.0062 0.9846
vn -0.0318 0.0063 0.9995
vn -0.3826 -0.9239 0.0052
vn -0.9238 -0.3828 0.0009
vn -0.3827 0.9238 -0.0065
vn -0.9239 0.3826 -0.0040
vn -0.0284 -0.0063 -0.9996
vn -0.1713 -0.0063 -0.9852
vn 0.0017 -0.1792 -0.9838
vn 0.0017 -0.0364 -0.9993
vn 0.0016 0.1667 -0.9860
vn 0.0017 0.0238 -0.9997
vn 0.0001 -1.0000 0.0063
vn 1.0000 0.0001 0.0017
vn 0.0017 -0.0063 -1.0000
vn -0.0001 1.0000 -0.0063
vn -0.0017 0.0063 1.0000
vn -1.0000 -0.0001 -0.0017
vn 0.0429 -0.9986 -0.0304
vn 0.0653 -0.9385 -0.3391
vn 0.1815 -0.9742 -0.1345
vn 0.0739 0.8831 -0.4632
vn 0.0100 0.9963 -0.0855
vn 0.1561 0.9724 -0.1733
vn 0.0353 -0.9957 0.0857
vn 0.1797 -0.9680 0.1752
vn 0.0920 -0.8810 0.4642
vn 0.0162 0.9994 0.0307
vn 0.0369 0.9398 0.3397
vn 0.1543 0.9786 0.1364
vn -0.0092 -0.9989 -0.0460
vn -0.1543 -0.9786 -0.1364
vn -0.0687 -0.9009 -0.4287
vn -0.0423 0.9966 -0.0705
vn -0.0612 0.9242 -0.3769
vn -0.1797 0.9680 -0.1752
vn -0.0168 -0.9974 0.0702
vn -0.0410 -0.9256 0.3763
vn -0.1560 -0.9724 0.1733
vn -0.0360 0.9983 0.0457
vn -0.1815 0.9742 0.1345
vn -0.0971 0.8987 0.4278
vn 0.0426 -0.9989 0.0201
vn 0.1828 -0.9829 0.0206
vn 0.1885 -0.0171 -0.9819
vn 0.7388 -0.0038 -0.6739
vn 0.0165 0.9997 -0.0198
vn 0.1571 0.9874 -0.0187
vn 0.1771 0.0219 0.9839
vn 0.7310 0.0231 0.6820
vn 0.0126 -0.9962 0.0856
vn 0.0101 -0.9261 0.3771
vn -0.0134 0.9989 0.0459
vn -0.0143 0.9404 0.3399
vn -0.7388 0.0038 0.6739
vn -0.1885 0.0171 0.9819
vn -0.0165 -0.9997 0.0198
vn -0.1570 -0.9874 0.0187
vn -0.0426 0.9989 -0.0201
vn -0.1828 0.9829 -0.0206
vn -0.1771 -0.0219 -0.9839
vn -0.7310 -0.0231 -0.6820
vn 0.0134 -0.9989 -0.0459
vn 0.0143 -0.9404 -0.3398
vn -0.0126 0.9962 -0.0856
vn -0.0101 0.9261 -0.3771
vn 0.0131 -0.9997 0.0199
vn 0.9999 0.0132 0.0055
vn 0.0058 -0.0199 -0.9998
vn -0.0131 0.9997 -0.0199
vn -0.0058 0.0199 0.9998
vn -0.9999 -0.0132 -0.0055
vn 0.0249 -0.9991 -0.0347
vn 0.0527 -0.9379 -0.3428
vn 0.1654 -0.9767 -0.1368
vn 0.0963 0.8838 -0.4579
vn 0.0294 0.9963 -0.0805
vn 0.1762 0.9702 -0.1665
vn 0.0159 -0.9966 0.0813
vn 0.1595 -0.9719 0.1728
vn 0.0696 -0.8846 0.4611
vn 0.0341 0.9988 0.0358
vn 0.0495 0.9374 0.3448
vn 0.1703 0.9749 0.1432
vn -0.0269 -0.9983 -0.0510
vn -0.1703 -0.9749 -0.1432
vn -0.0794 -0.8974 -0.4339
vn -0.0230 0.9975 -0.0662
vn -0.0391 0.9270 -0.3731
vn -0.1595 0.9719 -0.1729
vn -0.0360 -0.9972 0.0651
vn -0.0631 -0.9264 0.3712
vn -0.1761 -0.9702 0.1664
vn -0.0184 0.9986 0.0501
vn -0.1654 0.9767 0.1368
vn -0.0864 0.8983 0.4308
vn 0.0240 -0.9996 0.0158
vn 0.1645 -0.9862 0.0182
vn 0.2014 -0.0160 -0.9794
vn 0.7477 -0.0142 -0.6639
vn 0.0351 0.9993 -0.0146
vn 0.1754 0.9844 -0.0118
vn 0.1642 0.0141 0.9863
vn 0.7220 0.0065 0.6919
vn -0.0068 -0.9967 0.0809
vn -0.0120 -0.9279 0.3726
vn 0.0043 0.9987 0.0506
vn -0.0016 0.9389 0.3443
vn -0.7477 0.0142 0.6639
vn -0.2014 0.0160 0.9794
vn -0.0351 -0.9993 0.0146
vn -0.1754 -0.9844 0.0118
vn -0.0240 0.9996 -0.0158
vn -0.1645 0.9862 -0.0182
vn -0.1642 -0.0141 -0.9863
vn -0.7220 -0.0065 -0.6919
vn -0.0043 -0.9987 -0.0506
vn 0.0016 -0.9389 -0.3443
vn 0.0068 0.9967 -0.0809
vn 0.0120 0.9279 -0.3726
vn -0.0055 -0.9999 0.0152
vn 0.9998 -0.0053 0.0190
vn 0.0189 -0.0153 -0.9997
vn 0.0055 0.9999 -0.0152
vn -0.0189 0.0153 0.9997
vn -0.9998 0.0053 -0.0190
vn 0.9693 -0.1889 -0.1573
vn 0.8860 -0.0784 -0.4570
vn 0.9981 -0.0097 -0.0616
vn 0.9273 0.0873 -0.3639
vn 0.9620 0.2289 -0.1490
vn 0.9975 0.0555 -0.0443
vn 0.9669 -0.1954 0.1641
vn 0.9980 -0.0208 0.0599
vn 0.9240 -0.0551 0.3784
vn 0.9596 0.2225 0.1725
vn 0.8755 0.1090 0.4708
vn 0.9960 0.0444 0.0772
vn -0.9596 -0.2225 -0.1725
vn -0.9967 -0.0534 -0.0614
vn -0.9217 -0.0723 -0.3810
vn -0.9669 0.1954 -0.1641
vn -0.8791 0.0970 -0.4667
vn -0.9970 0.0125 -0.0761
vn -0.9620 -0.2289 0.1490
vn -0.8824 -0.1276 0.4529
vn -0.9971 -0.0472 0.0604
vn -0.9693 0.1889 0.1574
vn -0.9988 0.0187 0.0458
vn -0.9296 0.0401 0.3665
vn 0.9809 -0.1947 0.0034
vn 0.9998 -0.0198 0.0071
vn 0.9304 0.0237 -0.3659
vn 0.9980 0.0187 -0.0610
vn 0.9734 0.2287 0.0119
vn 0.9985 0.0545 0.0086
vn 0.9248 0.0086 0.3805
vn 0.9969 0.0160 0.0767
vn 0.0093 -0.8046 0.5937
vn -0.0035 -0.2373 0.9714
vn -0.0185 0.7800 0.6255
vn -0.0111 0.1980 0.9801
vn -0.9980 -0.0187 0.0610
vn -0.9303 -0.0237 0.3659
vn -0.9734 -0.2287 -0.0119
vn -0.9985 -0.0545 -0.0086
vn -0.9809 0.1947 -0.0034
vn -0.9998 0.0197 -0.0071
vn -0.9247 -0.0086 -0.3805
vn -0.9969 -0.0160 -0.0767
vn 0.0185 -0.7801 -0.6254
vn 0.0111 -0.1980 -0.9801
vn -0.0093 0.8046 -0.5937
vn 0.0035 0.2373 -0.9714
vn 0.0176 -0.9996 -0.0200
vn 0.9998 0.0174 0.0078
vn 0.0075 0.0201 -0.9998
vn -0.0176 0.9996 0.0200
vn -0.0075 -0.0201 0.9998
vn -0.9998 -0.0174 -0.0078
vn 0.9621 -0.2111 -0.1725
vn 0.8746 -0.1065 -0.4730
vn 0.9962 -0.0302 -0.0819
vn 0.9209 0.0607 -0.3850
vn 0.9627 0.2069 -0.1745
vn 0.9972 0.0354 -0.0662
vn 0.9664 -0.2096 0.1490
vn 0.9985 -0.0383 0.0399
vn 0.9306 -0.0633 0.3605
vn 0.9669 0.2084 0.1470
vn 0.8871 0.1040 0.4498
vn 0.9981 0.0273 0.0555
vn -0.9669 -0.2084 -0.1470
vn -0.9986 -0.0359 -0.0395
vn -0.9308 -0.0642 -0.3599
vn -0.9664 0.2096 -0.1490
vn -0.8868 0.1021 -0.4507
vn -0.9980 0.0295 -0.0558
vn -0.9627 -0.2069 0.1745
vn -0.8749 -0.0996 0.4740
vn -0.9963 -0.0267 0.0821
vn -0.9621 0.2111 0.1725
vn -0.9971 0.0388 0.0659
vn -0.9207 0.0668 0.3844
vn 0.9769 -0.2131 -0.0119
vn 0.9992 -0.0386 -0.0130
vn 0.9227 -0.0031 -0.3855
vn 0.9966 -0.0018 -0.0820
vn 0.9775 0.2104 -0.0139
vn 0.9993 0.0357 -0.0134
vn 0.9326 0.0004 0.3610
vn 0.9984 -0.0011 0.0557
vn 0.0070 -0.7897 0.6134
vn 0.0126 -0.2131 0.9770
vn 0.0091 0.7955 0.6059
vn 0.0132 0.2223 0.9749
vn -0.9966 0.0018 0.0820
vn -0.9227 0.0031 0.3855
vn -0.9775 -0.2103 0.0139
vn -0.9993 -0.0357 0.0134
vn -0.9770 0.2131 0.0119
vn -0.9992 0.0386 0.0130
vn -0.9326 -0.0004 -0.3610
vn -0.9984 0.0011 -0.0557
vn -0.0091 -0.7955 -0.6059
vn -0.0132 -0.2223 -0.9749
vn -0.0070 0.7897 -0.6134
vn -0.0126 0.2131 -0.9770
vn -0.0014 -1.0000 0.0048
vn 0.9999 -0.0014 -0.0132
vn -0.0132 -0.0047 -0.9999
vn 0.0014 1.0000 -0.0048
vn 0.0132 0.0047 0.9999
vn -0.9999 0.0014 0.0132
vn 0.0371 -0.9614 -0.2726
vn 0.0269 -0.4292 -0.9028
vn 0.0971 -0.7530 -0.6509
vn 0.0167 0.3728 -0.9278
vn -0.0042 0.9508 -0.3099
vn 0.0672 0.7781 -0.6245
vn 0.0301 -0.9503 0.3100
vn 0.0921 -0.7750 0.6252
vn 0.0233 -0.3719 0.9280
vn -0.0026 0.9621 0.2726
vn 0.0026 0.4296 0.9030
vn 0.0623 0.7560 0.6516
vn 0.0067 -0.9395 -0.3426
vn -0.0622 -0.7560 -0.6516
vn -0.0094 -0.3403 -0.9403
vn -0.0351 0.9703 -0.2394
vn -0.0199 0.4601 -0.8876
vn -0.0921 0.7750 -0.6253
vn 0.0006 -0.9710 0.2392
vn -0.0096 -0.4607 0.8875
vn -0.0673 -0.7781 0.6245
vn -0.0326 0.9390 0.3425
vn -0.0971 0.7529 0.6510
vn -0.0306 0.3397 0.9400
vn 0.0373 -0.9992 -0.0172
vn 0.1229 -0.9923 -0.0167
vn 0.0253 0.0177 -0.9995
vn 0.1278 0.0196 -0.9916
vn -0.0016 0.9998 0.0173
vn 0.0841 0.9963 0.0176
vn 0.0175 -0.0169 0.9997
vn 0.1200 -0.0148 0.9927
vn 0.0171 -0.9506 0.3100
vn 0.0052 -0.4605 0.8876
vn -0.0197 0.9393 0.3425
vn -0.0122 0.4294 0.9030
vn -0.1278 -0.0196 0.9916
vn -0.0253 -0.0177 0.9995
vn 0.0016 -0.9998 -0.0173
vn -0.0841 -0.9963 -0.0176
vn -0.0373 0.9992 0.0172
vn -0.1228 0.9923 0.0167
vn -0.0175 0.0169 -0.9997
vn -0.1200 0.0148 -0.9927
vn 0.0197 -0.9393 -0.3426
vn 0.0122 -0.4294 -0.9030
vn -0.0171 0.9506 -0.3099
vn -0.0052 0.4604 -0.8877
vn 0.0195 -0.9997 -0.0172
vn 0.9998 0.0194 0.0043
vn 0.0039 0.0173 -0.9998
vn -0.0195 0.9997 0.0172
vn -0.0039 -0.0173 0.9998
vn -0.9998 -0.0194 -0.0043
vn -0.0033 -0.9671 -0.2545
vn -0.0069 -0.4465 -0.8947
vn 0.0566 -0.7681 -0.6379
vn 0.0114 0.3544 -0.9350
vn 0.0240 0.9443 -0.3281
vn 0.0827 0.7633 -0.6407
vn 0.0019 -0.9447 0.3278
vn 0.0766 -0.7661 0.6381
vn 0.0286 -0.3553 0.9343
vn 0.0378 0.9664 0.2541
vn 0.0364 0.4460 0.8943
vn 0.1028 0.7652 0.6355
vn -0.0342 -0.9453 -0.3243
vn -0.1028 -0.7653 -0.6355
vn -0.0408 -0.3572 -0.9332
vn -0.0048 0.9663 -0.2575
vn -0.0212 0.4439 -0.8958
vn -0.0766 0.7661 -0.6382
vn -0.0297 -0.9657 0.2580
vn -0.0083 -0.4433 0.8964
vn -0.0827 -0.7633 0.6407
vn 0.0083 0.9457 0.3249
vn -0.0566 0.7680 0.6380
vn 0.0008 0.3578 0.9338
vn 0.0008 -1.0000 0.0015
vn 0.0865 -0.9963 0.0001
vn 0.0057 -0.0018 -1.0000
vn 0.1083 -0.0036 -0.9941
vn 0.0349 0.9994 -0.0020
vn 0.1205 0.9927 -0.0034
vn 0.0371 0.0011 0.9993
vn 0.1395 -0.0006 0.9902
vn -0.0110 -0.9446 0.3279
vn 0.0065 -0.4436 0.8962
vn 0.0213 0.9456 0.3245
vn 0.0217 0.4463 0.8946
vn -0.1083 0.0036 0.9941
vn -0.0057 0.0018 1.0000
vn -0.0349 -0.9994 0.0020
vn -0.1205 -0.9927 0.0034
vn -0.0008 1.0000 -0.0015
vn -0.0865 0.9963 -0.0001
vn -0.0371 -0.0011 -0.9993
vn -0.1395 0.0006 -0.9902
vn -0.0213 -0.9456 -0.3246
vn -0.0217 -0.4464 -0.8946
vn 0.0110 0.9446 -0.3279
vn -0.0065 0.4438 -0.8961
vn -0.0171 -0.9999 0.0018
vn 0.9997 -0.0171 -0.0157
vn -0.0157 -0.0015 -0.9999
vn 0.0171 0.9999 -0.0018
vn 0.0157 0.0015 0.9999
vn -0.9997 0.0171 0.0157
vn 0.0366 -0.9991 -0.0197
vn 0.0492 -0.9685 -0.2441
vn 0.1385 -0.9857 -0.0961
vn 0.0441 0.9374 -0.3454
vn 0.0005 0.9981 -0.0622
vn 0.1080 0.9859 -0.1276
vn 0.0330 -0.9976 0.0616
vn 0.1425 -0.9821 0.1230
vn 0.0851 -0.9355 0.3430
vn 0.0070 0.9998 0.0189
vn 0.0288 0.9697 0.2427
vn 0.1120 0.9895 0.0915
vn -0.0021 -0.9996 -0.0297
vn -0.1120 -0.9895 -0.0915
vn -0.0560 -0.9481 -0.3130
vn -0.0378 0.9980 -0.0508
vn -0.0586 0.9601 -0.2735
vn -0.1425 0.9821 -0.1229
vn -0.0057 -0.9987 0.0516
vn -0.0194 -0.9613 0.2749
vn -0.1080 -0.9859 0.1276
vn -0.0313 0.9991 0.0303
vn -0.1385 0.9857 0.0961
vn -0.0732 0.9461 0.3154
vn 0.0372 -0.9992 0.0155
vn 0.1413 -0.9899 0.0135
vn 0.1746 -0.0130 -0.9845
vn 0.7406 0.0007 -0.6719
vn 0.0064 0.9998 -0.0163
vn 0.1107 0.9937 -0.0181
vn 0.2103 0.0188 0.9775
vn 0.7645 0.0221 0.6442
vn 0.0163 -0.9980 0.0619
vn 0.0196 -0.9614 0.2744
vn -0.0146 0.9994 0.0300
vn -0.0102 0.9698 0.2436
vn -0.7406 -0.0007 0.6719
vn -0.1746 0.0130 0.9845
vn -0.0064 -0.9998 0.0163
vn -0.1107 -0.9937 0.0181
vn -0.0372 0.9992 -0.0155
vn -0.1413 0.9899 -0.0135
vn -0.2103 -0.0188 -0.9775
vn -0.7645 -0.0221 -0.6442
vn 0.0146 -0.9994 -0.0300
vn 0.0102 -0.9698 -0.2436
vn -0.0163 0.9980 -0.0619
vn -0.0196 0.9614 -0.2744
vn 0.0154 -0.9998 0.0159
vn 0.9997 0.0151 -0.0184
vn -0.0182 -0.0162 -0.9997
vn -0.0154 0.9998 -0.0159
vn 0.0182 0.0162 0.9997
vn -0.9997 -0.0151 0.0184
vn 0.0438 -0.9979 -0.0480
vn 0.0712 -0.9193 -0.3870
vn 0.2048 -0.9653 -0.1623
vn 0.0923 0.8648 -0.4936
vn 0.0185 0.9965 -0.0816
vn 0.1878 0.9659 -0.1781
vn 0.0343 -0.9960 0.0822
vn 0.2007 -0.9625 0.1826
vn 0.0962 -0.8631 0.4958
vn 0.0250 0.9985 0.0489
vn 0.0460 0.9204 0.3884
vn 0.1838 0.9687 0.1667
vn -0.0168 -0.9977 -0.0659
vn -0.1837 -0.9687 -0.1667
vn -0.0810 -0.8727 -0.4816
vn -0.0425 0.9970 -0.0652
vn -0.0621 0.9129 -0.4033
vn -0.2007 0.9625 -0.1826
vn -0.0264 -0.9976 0.0644
vn -0.0552 -0.9140 0.4020
vn -0.1878 -0.9659 0.1781
vn -0.0360 0.9972 0.0652
vn -0.2047 0.9653 0.1623
vn -0.1075 0.8710 0.4794
vn 0.0433 -0.9990 0.0086
vn 0.2058 -0.9785 0.0103
vn 0.2011 -0.0063 -0.9795
vn 0.7555 0.0012 -0.6551
vn 0.0257 0.9996 -0.0078
vn 0.1885 0.9820 -0.0058
vn 0.1784 0.0096 0.9839
vn 0.7401 0.0120 0.6724
vn 0.0079 -0.9966 0.0820
vn 0.0035 -0.9150 0.4034
vn -0.0096 0.9978 0.0656
vn -0.0126 0.9214 0.3883
vn -0.7555 -0.0012 0.6551
vn -0.2011 0.0063 0.9795
vn -0.0257 -0.9996 0.0078
vn -0.1886 -0.9820 0.0058
vn -0.0433 0.9990 -0.0086
vn -0.2057 0.9786 -0.0103
vn -0.1784 -0.0096 -0.9839
vn -0.7401 -0.0120 -0.6724
vn 0.0096 -0.9978 -0.0656
vn 0.0126 -0.9214 -0.3883
vn -0.0079 0.9966 -0.0820
vn -0.0035 0.9150 -0.4034
vn 0.0088 -0.9999 0.0082
vn 0.9999 0.0089 0.0115
vn 0.0116 -0.0081 -0.9999
vn -0.0088 0.9999 -0.0082
vn -0.0116 0.0081 0.9999
vn -0.9999 -0.0089 -0.0115
vn -0.1431 -0.9546 -0.2613
vn -0.7087 -0.6670 -0.2298
vn 0.2014 -0.9675 -0.1529
vn 0.2053 -0.9563 0.2083
vn -0.1368 -0.9364 0.3231
vn -0.9148 -0.3206 -0.2458
vn -0.0514 -0.3829 -0.9224
vn 0.8598 -0.4067 -0.3088
vn 0.5595 -0.3591 0.7470
vn -0.5373 -0.3059 0.7860
vn -0.8132 -0.1160 -0.5703
vn 0.2892 -0.1800 -0.9402
vn 0.9830 -0.1833 -0.0049
vn 0.3095 -0.1215 0.9431
vn -0.8007 -0.0799 0.5937
vn -0.3669 0.6911 -0.6227
vn 0.4798 0.6521 -0.5870
vn 0.7087 0.6670 0.2298
vn 0.0035 0.7153 0.6988
vn -0.6613 0.7302 0.1720
vn -0.2014 0.9675 0.1529
vn -0.4223 0.8495 0.3163
vn -0.3539 0.7287 0.5864
vn 0.1431 0.9546 0.2613
vn 0.2221 0.8253 0.5191
vn 0.4919 0.6869 0.5349
vn 0.3521 0.9354 -0.0328
vn 0.6131 0.7894 -0.0311
vn 0.7032 0.6510 -0.2859
vn 0.1368 0.9364 -0.3231
vn 0.2103 0.7914 -0.5740
vn -0.0120 0.6705 -0.7418
vn -0.2053 0.9563 -0.2083
vn -0.4296 0.8285 -0.3593
vn -0.6653 0.7185 -0.2027
vn -0.8598 0.4067 0.3088
vn -0.7754 0.2585 0.5761
vn -0.5435 0.4052 0.7351
vn 0.0514 0.3829 0.9224
vn 0.3218 0.2174 0.9215
vn 0.5539 0.3537 0.7537
vn 0.9148 0.3206 0.2458
vn 0.9876 0.1563 -0.0155
vn 0.9091 0.3041 -0.2848
vn 0.5373 0.3059 -0.7860
vn 0.3018 0.1596 -0.9399
vn 0.0313 0.3249 -0.9452
vn -0.5595 0.3591 -0.7470
vn -0.7878 0.2228 -0.5743
vn -0.8665 0.3873 -0.3149
vn -0.2892 0.1800 0.9402
vn -0.3018 -0.1596 0.9399
vn -0.0313 -0.3249 0.9452
vn 0.8132 0.1160 0.5703
vn 0.7878 -0.2228 0.5743
vn 0.8665 -0.3873 0.3149
vn 0.8007 0.0799 -0.5937
vn 0.7754 -0.2585 -0.5761
vn 0.5435 -0.4052 -0.7351
vn -0.3095 0.1215 -0.9431
vn -0.3218 -0.2174 -0.9215
vn -0.5539 -0.3537 -0.7537
vn -0.9830 0.1833 0.0049
vn -0.9876 -0.1563 0.0155
vn -0.9091 -0.3041 0.2848
vn -0.4798 -0.6521 0.5870
vn -0.2103 -0.7914 0.5740
vn 0.0120 -0.6705 0.7418
vn 0.3669 -0.6911 0.6227
vn 0.4296 -0.8285 0.3593
vn 0.6653 -0.7185 0.2027
vn 0.6613 -0.7302 -0.1720
vn 0.4223 -0.8495 -0.3163
vn 0.3539 -0.7287 -0.5864
vn -0.7032 -0.6510 0.2859
vn -0.6131 -0.7894 0.0311
vn -0.3521 -0.9354 0.0328
vn -0.0035 -0.7153 -0.6988
vn -0.2221 -0.8253 -0.5191
vn -0.4919 -0.6869 -0.5349
vn -0.0999 -0.9205 -0.3777
vn -0.7443 -0.5850 -0.3222
vn 0.3419 -0.9159 -0.2102
vn 0.3190 -0.9109 0.2617
vn -0.1368 -0.9124 0.3858
vn -0.9073 -0.2788 -0.3148
vn 0.0230 -0.2801 -0.9597
vn 0.9239 -0.2669 -0.2743
vn 0.5503 -0.2575 0.7943
vn -0.5815 -0.2649 0.7693
vn -0.7750 -0.1124 -0.6218
vn 0.3535 -0.1088 -0.9291
vn 0.9944 -0.0941 0.0492
vn 0.2619 -0.0886 0.9610
vn -0.8316 -0.1000 0.5463
vn -0.4155 0.5664 -0.7117
vn 0.5400 0.5734 -0.6161
vn 0.7443 0.5850 0.3222
vn -0.0850 0.5851 0.8065
vn -0.8018 0.5737 0.1675
vn -0.3419 0.9159 0.2102
vn -0.5822 0.7237 0.3705
vn -0.4817 0.5810 0.6560
vn 0.0999 0.9205 0.3777
vn 0.1769 0.7316 0.6584
vn 0.4786 0.5870 0.6530
vn 0.3957 0.9183 0.0094
vn 0.6853 0.7278 0.0254
vn 0.7726 0.5788 -0.2612
vn 0.1368 0.9124 -0.3858
vn 0.2404 0.7176 -0.6536
vn -0.0061 0.5677 -0.8232
vn -0.3190 0.9109 -0.2617
vn -0.5429 0.7151 -0.4404
vn -0.7813 0.5691 -0.2563
vn -0.9239 0.2669 0.2743
vn -0.8278 0.1518 0.5400
vn -0.6242 0.2738 0.7317
vn -0.0230 0.2801 0.9597
vn 0.2587 0.1631 0.9521
vn 0.5047 0.2818 0.8160
vn 0.9073 0.2788 0.3148
vn 0.9864 0.1577 0.0461
vn 0.9338 0.2730 -0.2315
vn 0.5815 0.2649 -0.7693
vn 0.3496 0.1431 -0.9259
vn 0.0701 0.2595 -0.9632
vn -0.5503 0.2575 -0.7943
vn -0.7716 0.1394 -0.6206
vn -0.8928 0.2601 -0.3679
vn -0.3535 0.1088 0.9291
vn -0.3496 -0.1431 0.9259
vn -0.0701 -0.2595 0.9632
vn 0.7750 0.1124 0.6218
vn 0.7716 -0.1394 0.6206
vn 0.8928 -0.2601 0.3679
vn 0.8316 0.1000 -0.5463
vn 0.8278 -0.1518 -0.5400
vn 0.6242 -0.2738 -0.7317
vn -0.2619 0.0886 -0.9610
vn -0.2587 -0.1631 -0.9521
vn -0.5047 -0.2818 -0.8160
vn -0.9944 0.0941 -0.0492
vn -0.9864 -0.1577 -0.0461
vn -0.9338 -0.2730 0.2315
vn -0.5400 -0.5734 0.6161
vn -0.2404 -0.7176 0.6536
vn 0.0061 -0.5677 0.8232
vn 0.4155 -0.5664 0.7117
vn 0.5429 -0.7151 0.4404
vn 0.7813 -0.5691 0.2563
vn 0.8018 -0.5737 -0.1675
vn 0.5822 -0.7237 -0.3705
vn 0.4817 -0.5810 -0.6560
vn -0.7726 -0.5788 0.2612
vn -0.6853 -0.7278 -0.0254
vn -0.3957 -0.9183 -0.0094
vn 0.0850 -0.5851 -0.8065
vn -0.1769 -0.7316 -0.6584
vn -0.4786 -0.5870 -0.6530
vn -0.5346 -0.8397 -0.0952
vn -0.9098 -0.3700 0.1881
vn -0.8961 -0.2983 -0.3288
vn -0.5008 0.8655 -0.0147
vn -0.8191 0.4438 -0.3636
vn -0.9158 0.3787 0.1337
vn -0.2622 -0.8453 -0.4655
vn -0.7158 -0.3754 -0.5888
vn -0.3029 -0.3097 -0.9013
vn -0.2974 0.8609 -0.4127
vn -0.2248 0.4325 -0.8732
vn -0.6741 0.3725 -0.6378
vn 0.1971 -0.8529 -0.4834
vn 0.0124 -0.3884 -0.9214
vn 0.5145 -0.3229 -0.7944
vn 0.1406 0.8535 -0.5018
vn 0.5441 0.4203 -0.7262
vn 0.0797 0.3592 -0.9298
vn 0.4975 -0.8568 -0.1354
vn 0.7265 -0.3991 -0.5594
vn 0.9406 -0.3278 -0.0886
vn 0.4833 0.8487 -0.2149
vn 0.9086 0.4163 -0.0333
vn 0.7780 0.3489 -0.5225
vn 0.4127 -0.8541 0.3164
vn 0.8888 -0.3995 0.2248
vn 0.6545 -0.3209 0.6846
vn 0.4727 0.8501 0.2319
vn 0.5943 0.4236 0.6837
vn 0.8950 0.3493 0.2775
vn 0.0066 -0.8468 0.5318
vn 0.3770 -0.3892 0.8405
vn -0.1282 -0.3072 0.9430
vn 0.1168 0.8568 0.5022
vn -0.1622 0.4366 0.8849
vn 0.3425 0.3601 0.8677
vn -0.4149 -0.8404 0.3486
vn -0.4235 -0.3761 0.8241
vn -0.8183 -0.2972 0.4920
vn -0.3165 0.8636 0.3925
vn -0.7912 0.4456 0.4188
vn -0.4634 0.3732 0.8037
vn -0.7825 -0.3988 -0.4781
vn -0.3628 -0.9074 -0.2122
vn -0.7513 0.4631 -0.4701
vn -0.3254 0.9213 -0.2130
vn -0.9884 0.0474 0.1445
vn -0.9368 0.0451 -0.3470
vn -0.3128 0.0330 -0.9493
vn -0.7291 0.0407 -0.6832
vn -0.1158 -0.4110 -0.9043
vn -0.0639 -0.9129 -0.4032
vn -0.0992 0.4512 -0.8869
vn -0.0328 0.9159 -0.4001
vn 0.5472 0.0192 -0.8368
vn 0.0796 0.0265 -0.9965
vn 0.6331 -0.4225 -0.6486
vn 0.2718 -0.9181 -0.2886
vn 0.6332 0.4399 -0.6368
vn 0.2959 0.9108 -0.2879
vn 0.9954 0.0140 -0.0943
vn 0.8287 0.0154 -0.5595
vn 0.9002 -0.4248 0.0964
vn 0.3915 -0.9191 0.0454
vn 0.8944 0.4377 0.0918
vn 0.4131 0.9098 0.0391
vn 0.6945 0.0213 0.7192
vn 0.9542 0.0158 0.2988
vn 0.4843 -0.4160 0.7697
vn 0.2051 -0.9151 0.3472
vn -0.0000 1.0000 -0.0000
vn 0.2306 0.9137 0.3346
vn -0.1290 0.0357 0.9910
vn 0.3615 0.0274 0.9320
vn -0.3014 -0.4028 0.8643
vn -0.1471 -0.9092 0.3895
vn -0.0000 0.3118 0.9502
vn -0.1141 0.9195 0.3761
vn -0.8550 0.0463 0.5165
vn -0.5030 0.0415 0.8633
vn -0.8651 -0.3951 0.3089
vn -0.3998 -0.9058 0.1406
vn -0.8321 0.4667 0.2997
vn -0.3616 0.9229 0.1324
vn -0.0165 -0.9999 0.0029
vn -0.8498 0.0410 -0.5255
vn -0.9404 0.0450 0.3372
vn 0.0164 0.9999 -0.0029
vn -0.1190 0.0276 -0.9925
vn 0.7018 0.0149 -0.7122
vn 0.9945 0.0125 0.1043
vn 0.5387 0.0221 0.8422
vn -0.3224 0.0366 0.9459
vn 0.2561 -0.8445 0.4704
vn 0.7282 -0.3865 0.5659
vn 0.3309 -0.3027 0.8938
vn 0.3398 0.8587 0.3836
vn 0.2738 0.4409 0.8547
vn 0.7109 0.3630 0.6023
vn -0.2021 -0.8377 0.5073
vn 0.0144 -0.3713 0.9284
vn -0.4903 -0.2928 0.8209
vn -0.0941 0.8662 0.4908
vn -0.5006 0.4496 0.7398
vn -0.0301 0.3780 0.9253
vn -0.5167 -0.8387 0.1721
vn -0.7141 -0.3667 0.5963
vn -0.9454 -0.2973 0.1335
vn -0.4484 0.8667 0.2184
vn -0.8936 0.4444 0.0627
vn -0.7448 0.3818 0.5473
vn -0.4508 -0.8466 -0.2828
vn -0.9089 -0.3761 -0.1803
vn -0.6918 -0.3129 -0.6508
vn -0.4564 0.8599 -0.2285
vn -0.6094 0.4293 -0.6666
vn -0.8950 0.3715 -0.2471
vn -0.0540 -0.8556 -0.5149
vn -0.4231 -0.3925 -0.8167
vn 0.0796 -0.3278 -0.9414
vn -0.1121 0.8509 -0.5133
vn 0.1381 0.4156 -0.8990
vn -0.3675 0.3549 -0.8596
vn 0.3748 -0.8588 -0.3493
vn 0.3774 -0.4035 -0.8335
vn 0.7879 -0.3308 -0.5195
vn 0.3253 0.8464 -0.4216
vn 0.7860 0.4137 -0.4595
vn 0.4403 0.3445 -0.8291
vn 0.5129 -0.8538 0.0892
vn 0.8898 -0.4009 -0.2182
vn 0.8997 -0.3196 0.2973
vn 0.5265 0.8499 -0.0224
vn 0.8464 0.4250 0.3210
vn 0.9203 0.3481 -0.1785
vn 0.1411 -0.3981 0.9064
vn 0.0534 -0.9071 0.4176
vn 0.1494 0.4637 0.8733
vn 0.0767 0.9215 0.3808
vn 0.7579 0.0306 0.6517
vn 0.3529 0.0404 0.9348
vn -0.5110 0.0508 0.8581
vn -0.0371 0.0466 0.9982
vn -0.6178 -0.3914 0.6820
vn -0.2867 -0.9040 0.3170
vn -0.5928 0.4703 0.6538
vn -0.2563 0.9244 0.2823
vn -0.9898 0.0461 0.1349
vn -0.8038 0.0507 0.5927
vn -0.9156 -0.3988 -0.0512
vn -0.4202 -0.9073 -0.0117
vn -0.8840 0.4631 -0.0633
vn -0.3871 0.9212 -0.0395
vn -0.7230 0.0297 -0.6903
vn -0.9649 0.0396 -0.2595
vn -0.5281 -0.4146 -0.7411
vn -0.2465 -0.9145 -0.3209
vn -0.5051 0.4475 -0.7380
vn -0.2170 0.9142 -0.3422
vn 0.0886 0.0141 -0.9960
vn -0.3991 0.0218 -0.9166
vn 0.2529 -0.4271 -0.8681
vn 0.1036 -0.9201 -0.3778
vn 0.2589 0.4353 -0.8622
vn 0.1258 0.9087 -0.3980
vn 0.8337 0.0109 -0.5521
vn 0.4676 0.0107 -0.8839
vn 0.8394 -0.4268 -0.3367
vn 0.3664 -0.9199 -0.1396
vn 0.8324 0.4357 -0.3425
vn 0.3831 0.9089 -0.1647
vn 0.9514 0.0226 0.3072
vn 0.9825 0.0146 -0.1859
vn 0.7896 -0.4139 0.4531
vn 0.3441 -0.9141 0.2144
vn 0.7837 0.4483 0.4299
vn 0.3613 0.9145 0.1819
vn -0.0134 -0.9998 0.0155
vn 0.1611 0.0416 0.9861
vn 0.8718 0.0244 0.4892
vn 0.0135 0.9998 -0.0155
vn -0.6707 0.0490 0.7401
vn -0.9971 0.0410 -0.0635
vn -0.5724 0.0235 -0.8196
vn 0.2837 0.0099 -0.9589
vn 0.9264 0.0102 -0.3764
vn 0.3742 -0.8452 0.3816
vn 0.8537 -0.3861 0.3494
vn 0.5581 -0.3046 0.7718
vn 0.4281 0.8585 0.2823
vn 0.4911 0.4390 0.7523
vn 0.8452 0.3633 0.3921
vn -0.0575 -0.8400 0.5395
vn 0.2626 -0.3743 0.8894
vn -0.2527 -0.2969 0.9209
vn 0.0386 0.8643 0.5015
vn -0.2858 0.4456 0.8483
vn 0.2172 0.3749 0.9012
vn -0.4502 -0.8408 0.3005
vn -0.5282 -0.3708 0.7639
vn -0.8748 -0.3007 0.3799
vn -0.3757 0.8646 0.3336
vn -0.8454 0.4414 0.3008
vn -0.5724 0.3777 0.7278
vn -0.5082 -0.8471 -0.1555
vn -0.9232 -0.3783 0.0674
vn -0.8398 -0.3129 -0.4437
vn -0.5027 0.8592 -0.0949
vn -0.7662 0.4295 -0.4780
vn -0.9292 0.3695 0.0023
vn -0.1877 -0.8541 -0.4851
vn -0.6250 -0.3912 -0.6756
vn -0.1739 -0.3245 -0.9298
vn -0.2469 0.8522 -0.4614
vn -0.1078 0.4189 -0.9016
vn -0.5845 0.3565 -0.7289
vn 0.2698 -0.8565 -0.4401
vn 0.1420 -0.3997 -0.9056
vn 0.6213 -0.3267 -0.7122
vn 0.1992 0.8488 -0.4898
vn 0.6339 0.4176 -0.6510
vn 0.2022 0.3485 -0.9152
vn 0.5199 -0.8525 -0.0543
vn 0.8000 -0.3974 -0.4494
vn 0.9471 -0.3178 0.0450
vn 0.4996 0.8516 -0.1588
vn 0.9004 0.4266 0.0851
vn 0.8385 0.3515 -0.4163
vn 0.3788 -0.4006 0.8343
vn 0.1649 -0.9082 0.3846
vn 0.3762 0.4613 0.8035
vn 0.1736 0.9205 0.3501
vn 0.9043 0.0308 0.4258
vn 0.5896 0.0385 0.8068
vn -0.2634 0.0465 0.9636
vn 0.2306 0.0433 0.9721
vn -0.4125 -0.3955 0.8207
vn -0.1898 -0.9059 0.3785
vn -0.3977 0.4663 0.7902
vn -0.1737 0.9227 0.3442
vn -0.9179 0.0426 0.3944
vn -0.6165 0.0463 0.7860
vn -0.8952 -0.4014 0.1936
vn -0.4062 -0.9086 0.0974
vn -0.8698 0.4606 0.1769
vn -0.3856 0.9201 0.0690
vn -0.8811 0.0297 -0.4721
vn -0.9993 0.0375 0.0077
vn -0.7059 -0.4139 -0.5748
vn -0.3213 -0.9142 -0.2470
vn -0.6847 0.4483 -0.5746
vn -0.3025 0.9146 -0.2683
vn -0.1806 0.0175 -0.9834
vn -0.6294 0.0236 -0.7767
vn 0.0129 -0.4235 -0.9058
vn 0.0009 -0.9185 -0.3954
vn 0.0183 0.4389 -0.8984
vn 0.0131 0.9104 -0.4135
vn 0.6560 0.0153 -0.7546
vn 0.2146 0.0150 -0.9766
vn 0.7199 -0.4231 -0.5502
vn 0.3178 -0.9183 -0.2360
vn 0.7098 0.4393 -0.5506
vn 0.3233 0.9106 -0.2575
vn 0.9988 0.0246 0.0421
vn 0.8971 0.0182 -0.4414
vn 0.8828 -0.4129 0.2242
vn 0.3908 -0.9137 0.1111
vn 0.8691 0.4493 0.2068
vn 0.3947 0.9151 0.0824
vn -0.0067 -0.9999 0.0146
vn 0.4184 0.0390 0.9074
vn 0.9707 0.0255 0.2388
vn 0.0067 0.9999 -0.0146
vn -0.4489 0.0446 0.8925
vn -0.9780 0.0381 0.2052
vn -0.7705 0.0244 -0.6370
vn 0.0173 0.0138 -0.9998
vn 0.7923 0.0143 -0.6100
vn -0.1472 -0.8587 -0.4908
vn -0.5781 -0.4025 -0.7098
vn -0.1135 -0.3311 -0.9367
vn -0.2296 0.8467 -0.4800
vn -0.0588 0.4132 -0.9087
vn -0.5441 0.3454 -0.7646
vn 0.3067 -0.8549 -0.4184
vn 0.2013 -0.4020 -0.8932
vn 0.6671 -0.3218 -0.6718
vn 0.2174 0.8490 -0.4816
vn 0.6665 0.4228 -0.6140
vn 0.2525 0.3468 -0.9033
vn 0.5331 -0.8459 -0.0183
vn 0.8307 -0.3890 -0.3984
vn 0.9467 -0.3051 0.1036
vn 0.4973 0.8573 -0.1332
vn 0.8882 0.4387 0.1367
vn 0.8575 0.3605 -0.3671
vn 0.3614 -0.8384 0.4081
vn 0.8361 -0.3732 0.4022
vn 0.5146 -0.2936 0.8056
vn 0.3993 0.8654 0.3028
vn 0.4393 0.4490 0.7781
vn 0.8153 0.3762 0.4401
vn -0.0791 -0.8381 0.5397
vn 0.2134 -0.3666 0.9056
vn -0.3038 -0.2959 0.9056
vn -0.0027 0.8671 0.4981
vn -0.3420 0.4459 0.8272
vn 0.1578 0.3820 0.9106
vn -0.4567 -0.8453 0.2775
vn -0.5684 -0.3741 0.7328
vn -0.8921 -0.3103 0.3283
vn -0.4061 0.8612 0.3057
vn -0.8675 0.4317 0.2470
vn -0.6200 0.3736 0.6900
vn -0.4870 -0.8544 -0.1811
vn -0.9207 -0.3901 0.0139
vn -0.8075 -0.3260 -0.4917
vn -0.5071 0.8521 -0.1297
vn -0.7415 0.4172 -0.5255
vn -0.9323 0.3573 -0.0556
vn 0.0728 -0.4276 -0.9010
vn 0.0364 -0.9203 -0.3896
vn 0.0667 0.4349 -0.8980
vn 0.0262 0.9085 -0.4170
vn -0.5818 0.0116 -0.8133
vn -0.1213 0.0105 -0.9926
vn 0.7000 0.0203 -0.7139
vn 0.2727 0.0132 -0.9620
vn 0.7571 -0.4162 -0.5036
vn 0.3432 -0.9152 -0.2114
vn 0.7360 0.4460 -0.5094
vn 0.3265 0.9135 -0.2426
vn 0.9941 0.0379 0.1019
vn 0.9217 0.0279 -0.3868
vn 0.8729 -0.4002 0.2791
vn 0.3951 -0.9080 0.1394
vn 0.8492 0.4617 0.2562
vn 0.3774 0.9205 0.1009
vn 0.5395 0.0500 0.8405
vn 0.8766 0.0447 0.4792
vn 0.3331 -0.3917 0.8577
vn 0.1531 -0.9042 0.3988
vn 0.3213 0.4700 0.8221
vn 0.1404 0.9243 0.3549
vn -0.3215 0.0476 0.9457
vn 0.1712 0.0509 0.9839
vn -0.4560 -0.3970 0.7965
vn -0.2006 -0.9066 0.3714
vn -0.4504 0.4648 0.7623
vn -0.2059 0.9220 0.3281
vn -0.9405 0.0324 0.3383
vn -0.6632 0.0419 0.7473
vn -0.9000 -0.4122 0.1416
vn -0.3996 -0.9134 0.0778
vn -0.8847 0.4499 0.1218
vn -0.4007 0.9153 0.0406
vn -0.8514 0.0159 -0.5243
vn -0.9983 0.0244 -0.0526
vn -0.6647 -0.4258 -0.6139
vn -0.2941 -0.9195 -0.2609
vn -0.6546 0.4366 -0.6172
vn -0.2975 0.9093 -0.2910
vn 0.0052 -0.9998 0.0197
vn 0.0772 0.0093 -0.9970
vn -0.7310 0.0113 -0.6822
vn -0.0052 0.9998 -0.0197
vn 0.8273 0.0218 -0.5614
vn 0.9542 0.0394 0.2965
vn 0.3625 0.0487 0.9307
vn -0.5023 0.0429 0.8636
vn -0.9890 0.0262 0.1458
vn 0.0046 -0.8625 0.5061
vn 0.0225 -0.9490 0.3144
vn 0.1153 -0.8899 0.4413
vn 0.0853 0.6367 -0.7664
vn 0.0362 0.8212 -0.5695
vn 0.1519 0.7764 -0.6117
vn -0.0003 -0.8219 0.5696
vn 0.1167 -0.7816 0.6128
vn 0.0542 -0.6394 0.7670
vn 0.0421 0.8615 -0.5059
vn 0.0617 0.9475 -0.3139
vn 0.1533 0.8847 -0.4401
vn -0.0368 -0.8667 0.4975
vn -0.1533 -0.8847 0.4401
vn -0.0896 -0.9650 0.2467
vn -0.0050 0.8275 -0.5614
vn -0.0256 0.6917 -0.7218
vn -0.1167 0.7816 -0.6128
vn -0.0417 -0.8266 0.5612
vn -0.0584 -0.6901 0.7214
vn -0.1520 -0.7763 0.6117
vn 0.0009 0.8674 -0.4976
vn -0.1153 0.8899 -0.4413
vn -0.0501 0.9676 -0.2474
vn 0.0049 -0.8454 0.5341
vn 0.1166 -0.8401 0.5298
vn 0.2148 -0.5251 -0.8235
vn 0.7937 -0.3373 -0.5062
vn 0.0420 0.8445 -0.5339
vn 0.1534 0.8349 -0.5286
vn 0.2281 0.5165 0.8253
vn 0.8019 0.3065 0.5129
vn -0.0183 -0.8217 0.5697
vn -0.0164 -0.6915 0.7222
vn 0.0188 0.8672 -0.4976
vn 0.0197 0.9491 -0.3143
vn -0.7937 0.3373 0.5062
vn -0.2148 0.5251 0.8235
vn -0.0420 -0.8445 0.5339
vn -0.1534 -0.8349 0.5286
vn -0.0049 0.8454 -0.5341
vn -0.1166 0.8401 -0.5298
vn -0.2281 -0.5165 -0.8253
vn -0.8019 -0.3065 -0.5129
vn -0.0188 -0.8672 0.4976
vn -0.0197 -0.9491 0.3145
vn 0.0183 0.8217 -0.5696
vn 0.0164 0.6914 -0.7223
vn -0.0186 -0.8452 0.5341
vn 0.9998 -0.0193 0.0042
vn -0.0068 -0.5341 -0.8454
vn 0.0186 0.8452 -0.5341
vn 0.0068 0.5341 0.8454
vn -0.9998 0.0193 -0.0042
vn -0.5018 -0.8647 -0.0206
vn -0.4389 -0.8764 -0.1981
vn -0.2510 -0.9630 -0.0986
vn 0.6095 0.7641 -0.2113
vn 0.5655 0.8237 -0.0426
vn 0.7243 0.6860 -0.0693
vn -0.5104 -0.8588 0.0433
vn -0.3191 -0.9448 0.0738
vn -0.4407 -0.8720 0.2132
vn 0.5736 0.8189 0.0214
vn 0.6078 0.7685 0.2000
vn 0.7670 0.6331 0.1043
vn -0.5652 -0.8244 -0.0298
vn -0.7240 -0.6871 -0.0607
vn -0.6078 -0.7685 -0.2000
vn 0.5019 0.8642 -0.0349
vn 0.4407 0.8720 -0.2132
vn 0.2518 0.9607 -0.1170
vn -0.5738 -0.8183 0.0341
vn -0.6095 -0.7641 0.2113
vn -0.7679 -0.6308 0.1114
vn 0.5102 0.8596 0.0292
vn 0.3183 0.9463 0.0563
vn 0.4389 0.8764 0.1981
vn -0.5020 -0.8648 0.0071
vn -0.3194 -0.9476 0.0088
vn 0.3729 -0.2455 -0.8948
vn 0.7962 -0.5114 -0.3233
vn 0.5739 0.8189 -0.0063
vn 0.7257 0.6880 -0.0043
vn 0.3653 -0.2262 0.9030
vn 0.7934 -0.5043 0.3408
vn -0.5383 -0.8417 0.0429
vn -0.5277 -0.8222 0.2133
vn 0.5379 0.8425 0.0295
vn 0.5260 0.8266 0.2001
vn -0.7962 0.5114 0.3233
vn -0.3729 0.2455 0.8948
vn -0.5738 -0.8189 0.0063
vn -0.7257 -0.6880 0.0043
vn 0.5021 0.8648 -0.0071
vn 0.3193 0.9476 -0.0088
vn -0.3654 0.2262 -0.9030
vn -0.7934 0.5043 -0.3409
vn -0.5379 -0.8425 -0.0295
vn -0.5260 -0.8267 -0.2000
vn 0.5383 0.8417 -0.0430
vn 0.5277 0.8222 -0.2133
vn -0.5385 -0.8426 0.0067
vn 0.8426 -0.5384 0.0093
vn 0.0042 -0.0107 -0.9999
vn 0.5385 0.8426 -0.0067
vn -0.0042 0.0107 0.9999
vn -0.8426 0.5384 -0.0093
vn 0.0254 -0.8268 -0.5619
vn 0.0487 -0.6906 -0.7216
vn 0.1379 -0.7799 -0.6106
vn 0.0756 0.9654 0.2496
vn 0.0176 0.8664 0.4990
vn 0.1354 0.8855 0.4445
vn 0.0181 -0.8668 -0.4983
vn 0.1331 -0.8885 -0.4392
vn 0.0640 -0.9669 -0.2469
vn 0.0214 0.8263 0.5628
vn 0.0353 0.6897 0.7233
vn 0.1308 0.7769 0.6159
vn -0.0157 -0.8208 -0.5710
vn -0.1308 -0.7769 -0.6159
vn -0.0615 -0.6365 -0.7688
vn -0.0239 0.8618 0.5067
vn -0.0377 0.9485 0.3146
vn -0.1331 0.8885 0.4392
vn -0.0229 -0.8613 -0.5076
vn -0.0463 -0.9475 -0.3163
vn -0.1355 -0.8855 -0.4445
vn -0.0201 0.8212 0.5702
vn -0.1379 0.7799 0.6106
vn -0.0779 0.6380 0.7661
vn 0.0246 -0.8448 -0.5346
vn 0.1363 -0.8385 -0.5276
vn 0.2437 0.5193 -0.8191
vn 0.8115 0.3136 -0.4931
vn 0.0221 0.8442 0.5355
vn 0.1338 0.8355 0.5330
vn 0.1992 -0.5243 0.8279
vn 0.7840 -0.3314 0.5249
vn 0.0003 -0.8668 -0.4987
vn -0.0043 -0.9488 -0.3157
vn -0.0022 0.8212 0.5707
vn -0.0067 0.6907 0.7231
vn -0.8115 -0.3136 0.4931
vn -0.2437 -0.5193 0.8191
vn -0.0221 -0.8442 -0.5355
vn -0.1337 -0.8355 -0.5330
vn -0.0246 0.8448 0.5346
vn -0.1362 0.8385 0.5276
vn -0.1992 0.5243 -0.8279
vn -0.7840 0.3314 -0.5249
vn 0.0022 -0.8212 -0.5707
vn 0.0067 -0.6907 -0.7231
vn -0.0003 0.8668 0.4987
vn 0.0043 0.9488 0.3157
vn 0.0012 -0.8447 -0.5352
vn 0.9997 -0.0112 0.0199
vn 0.0228 0.5351 -0.8445
vn -0.0012 0.8447 0.5352
vn -0.0228 -0.5351 0.8445
vn -0.9997 0.0112 -0.0199
vn 0.5740 -0.8171 -0.0539
vn 0.6050 -0.7618 -0.2317
vn 0.7656 -0.6290 -0.1351
vn -0.4453 0.8768 -0.1815
vn -0.5121 0.8588 -0.0108
vn -0.3213 0.9460 -0.0425
vn 0.5671 -0.8236 0.0102
vn 0.7265 -0.6862 0.0377
vn 0.6140 -0.7686 0.1795
vn -0.5023 0.8631 0.0530
vn -0.4362 0.8700 0.2296
vn -0.2496 0.9597 0.1292
vn 0.5104 -0.8577 -0.0616
vn 0.3184 -0.9439 -0.0876
vn 0.4363 -0.8700 -0.2296
vn -0.5752 0.8180 -0.0016
vn -0.6140 0.7686 -0.1796
vn -0.7704 0.6325 -0.0804
vn 0.5035 -0.8640 0.0025
vn 0.4454 -0.8768 0.1815
vn 0.2549 -0.9631 0.0865
vn -0.5654 0.8224 0.0622
vn -0.7236 0.6840 0.0923
vn -0.6049 0.7619 0.2316
vn 0.5749 -0.8178 -0.0261
vn 0.7264 -0.6867 -0.0274
vn 0.3487 0.2511 -0.9029
vn 0.7866 0.5146 -0.3413
vn -0.5031 0.8639 0.0253
vn -0.3206 0.9470 0.0226
vn 0.3887 0.2218 0.8943
vn 0.8013 0.5038 0.3226
vn 0.5399 -0.8417 0.0105
vn 0.5324 -0.8268 0.1814
vn -0.5383 0.8405 0.0619
vn -0.5232 0.8201 0.2318
vn -0.7866 -0.5146 0.3413
vn -0.3487 -0.2511 0.9029
vn 0.5032 -0.8638 -0.0253
vn 0.3206 -0.9470 -0.0226
vn -0.5748 0.8179 0.0261
vn -0.7264 0.6867 0.0274
vn -0.3887 -0.2218 -0.8943
vn -0.8013 -0.5038 -0.3226
vn 0.5383 -0.8405 -0.0619
vn 0.5232 -0.8201 -0.2319
vn -0.5399 0.8417 -0.0105
vn -0.5324 0.8268 -0.1815
vn 0.5394 -0.8416 -0.0257
vn 0.8417 0.5398 -0.0099
vn -0.0222 0.0163 -0.9996
vn -0.5394 0.8416 0.0257
vn 0.0222 -0.0163 0.9996
vn -0.8417 -0.5398 0.0099
vn 0.2037 -0.9653 -0.1636
vn 0.2521 -0.6279 -0.7363
vn 0.7930 -0.5163 -0.3233
vn 0.3265 0.5611 -0.7606
vn 0.1297 0.9787 -0.1594
vn 0.7171 0.6669 -0.2023
vn 0.1553 -0.9742 0.1640
vn 0.7308 -0.6442 0.2257
vn 0.3193 -0.5510 0.7710
vn 0.1679 0.9711 0.1696
vn 0.2084 0.6351 0.7437
vn 0.7657 0.5406 0.3486
vn -0.1240 -0.9693 -0.2122
vn -0.7098 -0.6554 -0.2579
vn -0.3019 -0.5221 -0.7977
vn -0.1994 0.9724 -0.1216
vn -0.2291 0.6642 -0.7116
vn -0.7828 0.5324 -0.3222
vn -0.1722 -0.9783 0.1155
vn -0.2310 -0.6715 0.7041
vn -0.7760 -0.5566 0.2967
vn -0.1614 0.9648 0.2075
vn -0.7383 0.6324 0.2345
vn -0.3439 0.5121 0.7871
vn 0.2037 -0.9788 -0.0212
vn 0.7548 -0.6559 -0.0045
vn 0.3972 0.0291 -0.9173
vn 0.9297 0.0242 -0.3676
vn 0.1714 0.9848 0.0273
vn 0.7331 0.6796 0.0286
vn 0.3680 -0.0170 0.9297
vn 0.9176 0.0050 0.3975
vn 0.0129 -0.9865 0.1634
vn -0.0009 -0.6863 0.7273
vn -0.0189 0.9771 0.2120
vn -0.0226 0.6490 0.7605
vn -0.9297 -0.0242 0.3676
vn -0.3972 -0.0291 0.9173
vn -0.1719 -0.9847 -0.0273
vn -0.7332 -0.6794 -0.0286
vn -0.2041 0.9787 0.0212
vn -0.7549 0.6558 0.0045
vn -0.3680 0.0170 -0.9297
vn -0.9176 -0.0050 -0.3975
vn 0.0189 -0.9771 -0.2119
vn 0.0226 -0.6490 -0.7605
vn -0.0129 0.9865 -0.1634
vn 0.0009 0.6863 -0.7273
vn 0.0162 -0.9996 -0.0247
vn 0.9997 0.0158 0.0162
vn 0.0158 0.0250 -0.9996
vn -0.0162 0.9996 0.0247
vn -0.0158 -0.0250 0.9996
vn -0.9997 -0.0158 -0.0162
vn 0.0514 -0.9935 -0.1012
vn 0.1337 -0.7617 -0.6340
vn 0.4003 -0.8868 -0.2311
vn 0.0716 0.8312 -0.5513
vn 0.0410 0.9946 -0.0948
vn 0.3799 0.8911 -0.2483
vn 0.0639 -0.9934 0.0947
vn 0.4006 -0.8822 0.2476
vn 0.0916 -0.8294 0.5512
vn 0.0289 0.9945 0.1011
vn 0.1174 0.7646 0.6337
vn 0.3803 0.8957 0.2303
vn -0.0411 -0.9963 -0.0754
vn -0.3803 -0.8957 -0.2303
vn -0.0725 -0.8418 -0.5350
vn -0.0516 0.9914 -0.1203
vn -0.1348 0.7493 -0.6484
vn -0.4007 0.8821 -0.2476
vn -0.0287 -0.9923 0.1204
vn -0.1163 -0.7521 0.6486
vn -0.3799 -0.8911 0.2483
vn -0.0638 0.9951 0.0755
vn -0.4003 0.8868 0.2311
vn -0.0907 0.8399 0.5351
vn 0.2828 0.9591 -0.0095
vn -0.2827 -0.9591 0.0095
vn 0.9076 -0.3446 -0.2399
vn 0.8410 -0.0858 -0.5343
vn 0.9944 -0.0615 -0.0858
vn 0.7683 0.0857 -0.6344
vn 0.9196 0.3080 -0.2438
vn 0.9937 0.0137 -0.1111
vn 0.9093 -0.3418 0.2373
vn 0.9933 -0.0504 0.1041
vn 0.7690 -0.1141 0.6289
vn 0.9214 0.3108 0.2334
vn 0.8473 0.0546 0.5283
vn 0.9966 0.0247 0.0788
vn -0.9214 -0.3108 -0.2334
vn -0.9945 -0.0149 -0.1036
vn -0.7729 -0.0931 -0.6277
vn -0.9093 0.3418 -0.2373
vn -0.8448 0.0795 -0.5291
vn -0.9950 0.0606 -0.0793
vn -0.9196 -0.3080 0.2438
vn -0.8434 -0.0483 0.5351
vn -0.9960 -0.0238 0.0863
vn -0.9076 0.3446 0.2399
vn -0.9925 0.0517 0.1107
vn -0.7645 0.1216 0.6331
vn 0.8441 -0.0188 -0.5358
vn 0.8480 -0.0125 0.5299
vn 0.9118 -0.3415 -0.2279
vn 0.8509 -0.0779 -0.5194
vn 0.9958 -0.0610 -0.0677
vn 0.7804 0.0952 -0.6180
vn 0.9243 0.3110 -0.2211
vn 0.9957 0.0146 -0.0917
vn 0.9044 -0.3464 0.2492
vn 0.9911 -0.0529 0.1222
vn 0.7568 -0.1249 0.6416
vn 0.9169 0.3062 0.2560
vn 0.8371 0.0453 0.5452
vn 0.9949 0.0226 0.0982
vn -0.9169 -0.3062 -0.2560
vn -0.9923 -0.0124 -0.1230
vn -0.7608 -0.0824 -0.6438
vn -0.9044 0.3463 -0.2492
vn -0.8345 0.0887 -0.5439
vn -0.9933 0.0627 -0.0974
vn -0.9243 -0.3110 0.2211
vn -0.8535 -0.0561 0.5180
vn -0.9975 -0.0243 0.0668
vn -0.9118 0.3416 0.2279
vn -0.9944 0.0508 0.0924
vn -0.7764 0.1121 0.6202
vn 0.8542 -0.0109 -0.5199
vn 0.8377 -0.0217 0.5458
vn -0.9956 0.0181 0.0922
vn -0.8542 0.0109 0.5198
vn 0.0565 -0.1789 -0.9822
vn 0.0318 -0.0294 -0.9991
vn 0.2237 -0.0981 -0.9697
vn 0.0248 0.0238 -0.9994
vn 0.0936 0.2160 -0.9719
vn 0.1743 0.0487 -0.9835
vn 0.0904 -0.2159 0.9722
vn 0.1710 -0.0486 0.9841
vn 0.0214 -0.0238 0.9995
vn 0.0532 0.1789 0.9824
vn 0.0284 0.0294 0.9992
vn 0.2205 0.0982 0.9704
vn -0.0904 -0.2283 -0.9694
vn -0.1710 -0.0611 -0.9834
vn -0.0214 -0.0364 -0.9991
vn -0.0532 0.1664 -0.9846
vn -0.0284 0.0168 -0.9995
vn -0.2205 0.0858 -0.9716
vn -0.0565 -0.1664 0.9844
vn -0.0318 -0.0168 0.9994
vn -0.2237 -0.0859 0.9709
vn -0.0936 0.2283 0.9691
vn -0.1743 0.0611 0.9828
vn -0.0248 0.0364 0.9990
vn -0.3828 0.9238 -0.0065
vn 0.0017 -0.0365 -0.9993
vn 0.0360 -0.9983 -0.0457
vn 0.0972 -0.8987 -0.4278
vn 0.2498 -0.9592 -0.1322
vn 0.0410 0.9256 -0.3763
vn 0.0168 0.9974 -0.0702
vn 0.2247 0.9594 -0.1704
vn 0.0423 -0.9966 0.0705
vn 0.2481 -0.9532 0.1730
vn 0.0612 -0.9243 0.3769
vn 0.0092 0.9989 0.0460
vn 0.0687 0.9008 0.4287
vn 0.2230 0.9655 0.1348
vn -0.0162 -0.9994 -0.0307
vn -0.2230 -0.9655 -0.1348
vn -0.0369 -0.9398 -0.3397
vn -0.0353 0.9957 -0.0857
vn -0.0920 0.8809 -0.4642
vn -0.2480 0.9532 -0.1730
vn -0.0100 -0.9963 0.0855
vn -0.0739 -0.8831 0.4632
vn -0.2248 -0.9594 0.1704
vn -0.0429 0.9986 0.0304
vn -0.2498 0.9592 0.1322
vn -0.0653 0.9385 0.3391
vn -0.0143 0.9404 0.3398
vn -0.1571 -0.9874 0.0187
vn -0.1772 -0.0219 -0.9839
vn 0.0143 -0.9404 -0.3399
vn 0.0183 -0.9986 -0.0501
vn 0.0865 -0.8983 -0.4308
vn 0.2339 -0.9630 -0.1335
vn 0.0630 0.9264 -0.3711
vn 0.0360 0.9972 -0.0651
vn 0.2446 0.9559 -0.1627
vn 0.0230 -0.9975 0.0662
vn 0.2281 -0.9584 0.1717
vn 0.0391 -0.9270 0.3731
vn 0.0269 0.9983 0.0510
vn 0.0794 0.8974 0.4339
vn 0.2388 0.9605 0.1425
vn -0.0341 -0.9988 -0.0358
vn -0.2388 -0.9606 -0.1425
vn -0.0495 -0.9374 -0.3447
vn -0.0159 0.9966 -0.0813
vn -0.0696 0.8846 -0.4611
vn -0.2282 0.9584 -0.1717
vn -0.0294 -0.9963 0.0805
vn -0.0963 -0.8838 0.4579
vn -0.2446 -0.9559 0.1627
vn -0.0249 0.9991 0.0347
vn -0.2340 0.9630 0.1335
vn -0.0527 0.9379 0.3428
vn 0.1644 -0.9862 0.0182
vn -0.0016 0.9389 0.3442
vn -0.1644 0.9862 -0.0182
vn 0.0016 -0.9389 -0.3442
vn 0.9495 -0.2723 -0.1556
vn 0.9296 -0.0401 -0.3664
vn 0.9988 -0.0187 -0.0458
vn 0.8824 0.1276 -0.4528
vn 0.9393 0.3115 -0.1440
vn 0.9971 0.0472 -0.0604
vn 0.9472 -0.2787 0.1588
vn 0.9970 -0.0125 0.0761
vn 0.8791 -0.0970 0.4667
vn 0.9369 0.3052 0.1704
vn 0.9218 0.0723 0.3810
vn 0.9967 0.0534 0.0614
vn -0.9369 -0.3052 -0.1704
vn -0.9960 -0.0444 -0.0772
vn -0.8755 -0.1090 -0.4708
vn -0.9472 0.2787 -0.1587
vn -0.9240 0.0551 -0.3784
vn -0.9980 0.0208 -0.0599
vn -0.9393 -0.3115 0.1439
vn -0.9273 -0.0873 0.3639
vn -0.9975 -0.0555 0.0443
vn -0.9495 0.2724 0.1556
vn -0.9981 0.0097 0.0616
vn -0.8860 0.0784 0.4569
vn 0.9998 -0.0197 0.0071
vn 0.9303 0.0237 -0.3659
vn 0.9247 0.0086 0.3805
vn -0.9304 -0.0237 0.3659
vn -0.9248 -0.0086 -0.3805
vn 0.9408 -0.2941 -0.1683
vn 0.9207 -0.0668 -0.3844
vn 0.9971 -0.0388 -0.0659
vn 0.8749 0.0996 -0.4740
vn 0.9416 0.2900 -0.1711
vn 0.9963 0.0267 -0.0821
vn 0.9450 -0.2926 0.1462
vn 0.9980 -0.0295 0.0558
vn 0.8868 -0.1021 0.4508
vn 0.9458 0.2915 0.1434
vn 0.9308 0.0642 0.3599
vn 0.9986 0.0359 0.0395
vn -0.9458 -0.2915 -0.1434
vn -0.9981 -0.0273 -0.0555
vn -0.8871 -0.1040 -0.4497
vn -0.9450 0.2926 -0.1462
vn -0.9306 0.0633 -0.3606
vn -0.9985 0.0383 -0.0399
vn -0.9416 -0.2899 0.1711
vn -0.9209 -0.0607 0.3850
vn -0.9972 -0.0354 0.0662
vn -0.9408 0.2942 0.1683
vn -0.9962 0.0302 0.0819
vn -0.8746 0.1065 0.4730
vn 0.9770 -0.2131 -0.0119
vn 0.9775 0.2103 -0.0139
vn -0.9769 0.2132 0.0119
vn -0.0070 0.7897 -0.6135
vn 0.0326 -0.9390 -0.3425
vn 0.0306 -0.3396 -0.9401
vn 0.1308 -0.7498 -0.6486
vn 0.0095 0.4607 -0.8875
vn -0.0006 0.9710 -0.2392
vn 0.1011 0.7762 -0.6223
vn 0.0351 -0.9703 0.2394
vn 0.1258 -0.7718 0.6233
vn 0.0199 -0.4602 0.8876
vn -0.0067 0.9395 0.3425
vn 0.0094 0.3404 0.9402
vn 0.0961 0.7542 0.6495
vn 0.0026 -0.9621 -0.2727
vn -0.0961 -0.7542 -0.6496
vn -0.0025 -0.4297 -0.9030
vn -0.0301 0.9503 -0.3100
vn -0.0233 0.3719 -0.9280
vn -0.1259 0.7718 -0.6233
vn 0.0042 -0.9508 0.3099
vn -0.0167 -0.3727 0.9278
vn -0.1011 -0.7762 0.6224
vn -0.0371 0.9614 0.2726
vn -0.1308 0.7497 0.6487
vn -0.0269 0.4292 0.9028
vn 0.1228 -0.9923 -0.0167
vn 0.0052 -0.4603 0.8877
vn -0.1229 0.9923 0.0167
vn 0.0197 -0.9393 -0.3425
vn 0.0122 -0.4295 -0.9030
vn -0.0171 0.9506 -0.3100
vn -0.0052 0.4605 -0.8876
vn -0.9998 -0.0194 -0.0042
vn -0.0083 -0.9458 -0.3247
vn -0.0008 -0.3580 -0.9337
vn 0.0904 -0.7661 -0.6363
vn 0.0083 0.4434 -0.8963
vn 0.0297 0.9657 -0.2581
vn 0.1165 0.7602 -0.6392
vn 0.0048 -0.9662 0.2576
vn 0.1104 -0.7641 0.6355
vn 0.0212 -0.4440 0.8958
vn 0.0342 0.9453 0.3243
vn 0.0408 0.3573 0.9331
vn 0.1365 0.7621 0.6329
vn -0.0378 -0.9665 -0.2537
vn -0.1365 -0.7622 -0.6328
vn -0.0364 -0.4461 -0.8942
vn -0.0019 0.9448 -0.3276
vn -0.0286 0.3553 -0.9343
vn -0.1104 0.7641 -0.6356
vn -0.0240 -0.9444 0.3280
vn -0.0114 -0.3545 0.9350
vn -0.1164 -0.7603 0.6391
vn 0.0033 0.9671 0.2545
vn -0.0904 0.7661 0.6364
vn 0.0070 0.4466 0.8947
vn -0.0110 -0.9446 0.3280
vn 0.0065 -0.4438 0.8961
vn 0.0213 0.9456 0.3248
vn 0.0217 0.4465 0.8945
vn -0.0065 0.4436 -0.8962
vn 0.0313 -0.9991 -0.0303
vn 0.0732 -0.9461 -0.3154
vn 0.1907 -0.9769 -0.0963
vn 0.0194 0.9613 -0.2749
vn 0.0057 0.9987 -0.0516
vn 0.1605 0.9788 -0.1275
vn 0.0378 -0.9980 0.0508
vn 0.1946 -0.9734 0.1210
vn 0.0586 -0.9601 0.2735
vn 0.0021 0.9996 0.0297
vn 0.0560 0.9481 0.3130
vn 0.1644 0.9823 0.0898
vn -0.0070 -0.9998 -0.0189
vn -0.1644 -0.9823 -0.0898
vn -0.0288 -0.9697 -0.2427
vn -0.0330 0.9976 -0.0616
vn -0.0851 0.9355 -0.3430
vn -0.1946 0.9734 -0.1210
vn -0.0005 -0.9981 0.0622
vn -0.0441 -0.9374 0.3454
vn -0.1605 -0.9788 0.1275
vn -0.0366 0.9991 0.0197
vn -0.1906 0.9769 0.0963
vn -0.0491 0.9685 0.2441
vn 0.0360 -0.9972 -0.0652
vn 0.1075 -0.8710 -0.4794
vn 0.2824 -0.9461 -0.1582
vn 0.0552 0.9140 -0.4020
vn 0.0263 0.9976 -0.0644
vn 0.2659 0.9482 -0.1738
vn 0.0425 -0.9970 0.0652
vn 0.2786 -0.9434 0.1801
vn 0.0621 -0.9129 0.4034
vn 0.0168 0.9977 0.0658
vn 0.0810 0.8727 0.4815
vn 0.2620 0.9510 0.1645
vn -0.0250 -0.9985 -0.0488
vn -0.2621 -0.9509 -0.1645
vn -0.0460 -0.9204 -0.3883
vn -0.0343 0.9960 -0.0822
vn -0.0962 0.8631 -0.4958
vn -0.2786 0.9434 -0.1800
vn -0.0185 -0.9965 0.0816
vn -0.0923 -0.8648 0.4936
vn -0.2658 -0.9482 0.1738
vn -0.0438 0.9979 0.0480
vn -0.2826 0.9461 0.1582
vn -0.0713 0.9193 0.3870
vn 0.0432 -0.9990 0.0086
vn 0.2012 -0.0063 -0.9795
vn 0.7555 0.0012 -0.6552
vn 0.1887 0.9820 -0.0058
vn 0.0079 -0.9966 0.0819
vn -0.0258 -0.9996 0.0078
vn -0.2058 0.9785 -0.0103
vn -0.5435 -0.8393 -0.0101
vn -0.9451 -0.2961 0.1384
vn -0.8513 -0.3725 -0.3694
vn -0.4921 0.8651 -0.0975
vn -0.8677 0.3766 -0.3244
vn -0.8763 0.4463 0.1815
vn -0.3343 -0.8440 -0.4194
vn -0.6987 -0.3025 -0.6484
vn -0.2435 -0.3841 -0.8906
vn -0.2272 0.8597 -0.4575
vn -0.2860 0.3654 -0.8858
vn -0.6866 0.4410 -0.5780
vn 0.1161 -0.8517 -0.5111
vn 0.0700 -0.3160 -0.9462
vn 0.5429 -0.3966 -0.7403
vn 0.2193 0.8523 -0.4749
vn 0.5155 0.3525 -0.7810
vn 0.0254 0.4283 -0.9033
vn 0.4686 -0.8566 -0.2160
vn 0.7821 -0.3265 -0.5308
vn 0.9157 -0.4007 -0.0317
vn 0.5114 0.8484 -0.1365
vn 0.9334 0.3476 -0.0889
vn 0.7237 0.4178 -0.5493
vn 0.4577 -0.8551 0.2436
vn 0.9014 -0.3261 0.2850
vn 0.5942 -0.3932 0.7016
vn 0.4290 0.8511 0.3028
vn 0.6529 0.3545 0.6694
vn 0.8823 0.4175 0.2174
vn 0.0917 -0.8482 0.5216
vn 0.3380 -0.3151 0.8868
vn -0.1795 -0.3799 0.9075
vn 0.0342 0.8582 0.5122
vn -0.1148 0.3678 0.9228
vn 0.3819 0.4275 0.8194
vn -0.3539 -0.8412 0.4087
vn -0.4837 -0.3017 0.8216
vn -0.8228 -0.3707 0.4308
vn -0.3758 0.8644 0.3340
vn -0.7915 0.3777 0.4805
vn -0.4007 0.4403 0.8035
vn -0.7825 -0.3988 -0.4782
vn 0.4131 0.9099 0.0391
vn 0.2051 -0.9151 0.3471
vn 0.4877 0.4463 0.7503
vn -0.3013 -0.4028 0.8643
vn -0.2807 0.4592 0.8428
vn -0.1142 0.9195 0.3761
vn -0.3617 0.9228 0.1324
vn -0.0164 -0.9999 0.0029
vn 0.0165 0.9999 -0.0029
vn 1.0000 -0.0000 -0.0000
vn 0.3263 -0.8462 0.4214
vn 0.7158 -0.3121 0.6247
vn 0.2689 -0.3754 0.8870
vn 0.2716 0.8604 0.4313
vn 0.3335 0.3722 0.8662
vn 0.7229 0.4300 0.5408
vn -0.1200 -0.8385 0.5316
vn -0.0399 -0.2968 0.9541
vn -0.5231 -0.3666 0.7694
vn -0.1739 0.8669 0.4672
vn -0.4718 0.3819 0.7947
vn 0.0250 0.4449 0.8952
vn -0.4845 -0.8379 0.2514
vn -0.7686 -0.2930 0.5687
vn -0.9251 -0.3719 0.0770
vn -0.4797 0.8660 0.1412
vn -0.9181 0.3775 0.1206
vn -0.6874 0.4495 0.5705
vn -0.4927 -0.8449 -0.2082
vn -0.9218 -0.3035 -0.2414
vn -0.6344 -0.3873 -0.6690
vn -0.4157 0.8582 -0.3010
vn -0.6694 0.3622 -0.6486
vn -0.8778 0.4403 -0.1888
vn -0.1385 -0.8542 -0.5011
vn -0.3839 -0.3204 -0.8660
vn 0.1301 -0.4013 -0.9067
vn -0.0299 0.8496 -0.5266
vn 0.0871 0.3476 -0.9336
vn -0.4028 0.4242 -0.8110
vn 0.3114 -0.8588 -0.4068
vn 0.4398 -0.3310 -0.8349
vn 0.7927 -0.4033 -0.4571
vn 0.3870 0.8465 -0.3657
vn 0.7817 0.3447 -0.5198
vn 0.3798 0.4135 -0.8275
vn 0.5182 -0.8552 0.0038
vn 0.9293 -0.3273 -0.1714
vn 0.8545 -0.3917 0.3412
vn 0.5212 0.8513 0.0607
vn 0.8913 0.3556 0.2812
vn 0.8808 0.4160 -0.2259
vn 0.0766 0.9215 0.3808
vn -0.2564 0.9244 0.2823
vn -0.9156 -0.3987 -0.0512
vn -0.2171 0.9142 -0.3422
vn 0.1257 0.9087 -0.3980
vn 0.3612 0.9146 0.1819
vn -0.0135 -0.9998 0.0155
vn 0.0134 0.9998 -0.0155
vn 0.4287 -0.8465 0.3156
vn 0.8572 -0.3119 0.4097
vn 0.4968 -0.3774 0.7815
vn 0.3751 0.8598 0.3465
vn 0.5518 0.3704 0.7471
vn 0.8402 0.4305 0.3298
vn 0.0280 -0.8405 0.5410
vn 0.2169 -0.3000 0.9290
vn -0.2979 -0.3706 0.8797
vn -0.0447 0.8649 0.5000
vn -0.2433 0.3779 0.8933
vn 0.2622 0.4421 0.8578
vn -0.3980 -0.8402 0.3683
vn -0.5883 -0.2972 0.7521
vn -0.8702 -0.3750 0.3197
vn -0.4265 0.8640 0.2676
vn -0.8534 0.3743 0.3628
vn -0.5111 0.4455 0.7351
vn -0.5286 -0.8458 -0.0724
vn -0.9521 -0.3055 0.0123
vn -0.7891 -0.3871 -0.4768
vn -0.4828 0.8579 -0.1758
vn -0.8191 0.3622 -0.4449
vn -0.8973 0.4382 0.0541
vn -0.2655 -0.8530 -0.4493
vn -0.6006 -0.3188 -0.7333
vn -0.1158 -0.3980 -0.9100
vn -0.1712 0.8512 -0.4962
vn -0.1661 0.3509 -0.9216
vn -0.6056 0.4256 -0.6724
vn 0.1933 -0.8565 -0.4785
vn 0.2017 -0.3269 -0.9233
vn 0.6428 -0.3993 -0.6537
vn 0.2736 0.8488 -0.4524
vn 0.6138 0.3488 -0.7082
vn 0.1442 0.4173 -0.8973
vn 0.5022 -0.8536 -0.1381
vn 0.8504 -0.3238 -0.4146
vn 0.9154 -0.3902 0.0991
vn 0.5167 0.8527 -0.0774
vn 0.9333 0.3575 0.0344
vn 0.7877 0.4195 -0.4512
vn 0.1736 0.9205 0.3502
vn -0.1736 0.9227 0.3442
vn 0.4472 -0.8944 -0.0000
vn -0.3855 0.9201 0.0689
vn 0.0130 0.9104 -0.4135
vn 0.3949 0.9150 0.0824
vn 0.0068 0.9999 -0.0146
vn -0.2270 -0.8585 -0.4597
vn -0.5512 -0.3301 -0.7663
vn -0.0558 -0.4037 -0.9132
vn -0.1520 0.8465 -0.5102
vn -0.1148 0.3444 -0.9318
vn -0.5695 0.4144 -0.7099
vn 0.2327 -0.8562 -0.4614
vn 0.2610 -0.3286 -0.9077
vn 0.6860 -0.3939 -0.6117
vn 0.2894 0.8502 -0.4398
vn 0.6507 0.3535 -0.6720
vn 0.1926 0.4149 -0.8892
vn 0.5205 -0.8476 -0.1030
vn 0.8779 -0.3146 -0.3610
vn 0.9127 -0.3777 0.1560
vn 0.5095 0.8590 -0.0508
vn 0.9249 0.3699 0.0884
vn 0.8079 0.4277 -0.4054
vn 0.4197 -0.8393 0.3455
vn 0.8350 -0.2986 0.4622
vn 0.4537 -0.3672 0.8120
vn 0.3425 0.8663 0.3637
vn 0.5011 0.3812 0.7769
vn 0.8132 0.4431 0.3773
vn 0.0062 -0.8375 0.5463
vn 0.1645 -0.2927 0.9419
vn -0.3455 -0.3704 0.8622
vn -0.0858 0.8665 0.4917
vn -0.3014 0.3789 0.8750
vn 0.2044 0.4496 0.8696
vn -0.4086 -0.8436 0.3484
vn -0.6286 -0.3013 0.7170
vn -0.8829 -0.3849 0.2689
vn -0.4528 0.8596 0.2367
vn -0.8784 0.3647 0.3088
vn -0.5600 0.4422 0.7006
vn -0.5124 -0.8530 -0.0994
vn -0.9471 -0.3179 -0.0433
vn -0.7540 -0.3997 -0.5212
vn -0.4823 0.8507 -0.2092
vn -0.7954 0.3494 -0.4953
vn -0.9044 0.4266 -0.0023
vn 0.0261 0.9085 -0.4170
vn -0.0000 -0.4472 -0.8944
vn 0.3773 0.9206 0.1009
vn 0.1405 0.9243 0.3549
vn -0.2058 0.9220 0.3281
vn -0.4008 0.9153 0.0406
vn -0.2976 0.9093 -0.2910
vn 0.0053 -0.9998 0.0196
vn -0.0053 0.9998 -0.0197
vn -0.0000 -0.0017 -1.0000
vn -0.0009 -0.8674 0.4976
vn 0.0500 -0.9676 0.2475
vn 0.1712 -0.8828 0.4374
vn 0.0584 0.6900 -0.7214
vn 0.0417 0.8266 -0.5612
vn 0.2077 0.7681 -0.6058
vn 0.0050 -0.8275 0.5614
vn 0.1727 -0.7754 0.6074
vn 0.0256 -0.6917 0.7217
vn 0.0368 0.8667 -0.4974
vn 0.0896 0.9649 -0.2468
vn 0.2089 0.8755 -0.4358
vn -0.0421 -0.8616 0.5059
vn -0.2090 -0.8755 0.4358
vn -0.0617 -0.9475 0.3139
vn 0.0003 0.8219 -0.5696
vn -0.0543 0.6393 -0.7670
vn -0.1728 0.7754 -0.6074
vn -0.0362 -0.8212 0.5695
vn -0.0852 -0.6367 0.7664
vn -0.2074 -0.7681 0.6058
vn -0.0046 0.8624 -0.5061
vn -0.1715 0.8828 -0.4374
vn -0.0224 0.9490 -0.3144
vn 0.0048 -0.8454 0.5341
vn 0.0419 0.8445 -0.5339
vn 0.0197 0.9491 -0.3145
vn -0.0048 0.8454 -0.5341
vn -0.0197 -0.9491 0.3143
vn 0.0183 0.8217 -0.5697
vn 0.0164 0.6915 -0.7222
vn -0.5101 -0.8596 -0.0292
vn -0.4291 -0.8587 -0.2801
vn -0.3183 -0.9463 -0.0562
vn 0.5969 0.7469 -0.2932
vn 0.5738 0.8183 -0.0341
vn 0.7680 0.6307 -0.1114
vn -0.5019 -0.8642 0.0349
vn -0.2518 -0.9607 0.1170
vn -0.4317 -0.8525 0.2947
vn 0.5651 0.8245 0.0297
vn 0.5944 0.7530 0.2821
vn 0.7240 0.6871 0.0607
vn -0.5735 -0.8189 -0.0214
vn -0.7669 -0.6332 -0.1043
vn -0.5945 -0.7530 -0.2820
vn 0.5104 0.8588 -0.0432
vn 0.4316 0.8526 -0.2947
vn 0.3191 0.9448 -0.0738
vn -0.5655 -0.8237 0.0426
vn -0.5969 -0.7469 0.2931
vn -0.7244 -0.6859 0.0693
vn 0.5017 0.8648 0.0206
vn 0.2510 0.9630 0.0986
vn 0.4292 0.8587 0.2802
vn -0.5021 -0.8648 0.0071
vn -0.3197 -0.9475 0.0088
vn 0.5738 0.8189 -0.0063
vn 0.7258 0.6879 -0.0043
vn 0.7934 -0.5043 0.3409
vn -0.5382 -0.8417 0.0430
vn -0.5739 -0.8189 0.0063
vn -0.7258 -0.6879 0.0043
vn 0.5020 0.8648 -0.0071
vn 0.3196 0.9475 -0.0088
vn -0.7934 0.5043 -0.3408
vn -0.5260 -0.8266 -0.2001
vn 0.5382 0.8417 -0.0429
vn 0.0201 -0.8212 -0.5702
vn 0.0780 -0.6379 -0.7661
vn 0.1936 -0.7733 -0.6038
vn 0.0463 0.9475 0.3163
vn 0.0228 0.8613 0.5076
vn 0.1915 0.8766 0.4415
vn 0.0239 -0.8618 -0.5067
vn 0.1891 -0.8809 -0.4340
vn 0.0377 -0.9485 -0.3146
vn 0.0158 0.8208 0.5710
vn 0.0615 0.6365 0.7688
vn 0.1863 0.7691 0.6114
vn -0.0214 -0.8263 -0.5629
vn -0.1864 -0.7691 -0.6114
vn -0.0353 -0.6897 -0.7233
vn -0.0182 0.8668 0.4983
vn -0.0640 0.9669 0.2469
vn -0.1890 0.8809 0.4340
vn -0.0177 -0.8664 -0.4990
vn -0.0757 -0.9654 -0.2495
vn -0.1913 -0.8766 -0.4415
vn -0.0253 0.8268 0.5619
vn -0.1936 0.7733 0.6038
vn -0.0487 0.6906 0.7216
vn 0.1361 -0.8385 -0.5276
vn -0.1338 -0.8355 -0.5330
vn -0.1363 0.8385 0.5276
vn -0.9997 0.0112 -0.0200
vn 0.5656 -0.8224 -0.0622
vn 0.5902 -0.7442 -0.3127
vn 0.7235 -0.6841 -0.0924
vn -0.4378 0.8595 -0.2639
vn -0.5035 0.8640 -0.0025
vn -0.2547 0.9631 -0.0865
vn 0.5752 -0.8180 0.0017
vn 0.7703 -0.6326 0.0804
vn 0.6030 -0.7536 0.2619
vn -0.5105 0.8577 0.0616
vn -0.4250 0.8500 0.3111
vn -0.3183 0.9439 0.0875
vn 0.5024 -0.8630 -0.0531
vn 0.2504 -0.9595 -0.1291
vn 0.4250 -0.8501 -0.3109
vn -0.5671 0.8236 -0.0102
vn -0.6029 0.7535 -0.2620
vn -0.7264 0.6863 -0.0377
vn 0.5121 -0.8589 0.0108
vn 0.4378 -0.8595 0.2638
vn 0.3215 -0.9460 0.0425
vn -0.5740 0.8171 0.0539
vn -0.7655 0.6290 0.1352
vn -0.5901 0.7442 0.3130
vn 0.5748 -0.8179 -0.0261
vn 0.7266 -0.6865 -0.0274
vn -0.5032 0.8638 0.0253
vn -0.3204 0.9470 0.0226
vn 0.5031 -0.8639 -0.0253
vn 0.3205 -0.9470 -0.0226
vn -0.5749 0.8178 0.0261
vn -0.7266 0.6866 0.0274
vn 0.5232 -0.8201 -0.2317
vn -0.5399 0.8417 -0.0104
vn -0.5324 0.8268 -0.1814
vn 0.1614 -0.9648 -0.2074
vn 0.3440 -0.5120 -0.7871
vn 0.7382 -0.6325 -0.2345
vn 0.2311 0.6715 -0.7041
vn 0.1722 0.9783 -0.1155
vn 0.7758 0.5568 -0.2968
vn 0.1995 -0.9723 0.1215
vn 0.7827 -0.5325 0.3222
vn 0.2292 -0.6642 0.7116
vn 0.1236 0.9694 0.2122
vn 0.3018 0.5221 0.7977
vn 0.7097 0.6556 0.2580
vn -0.1676 -0.9712 -0.1697
vn -0.7656 -0.5406 -0.3486
vn -0.2082 -0.6352 -0.7438
vn -0.1554 0.9741 -0.1640
vn -0.3193 0.5510 -0.7710
vn -0.7308 0.6442 -0.2258
vn -0.1297 -0.9787 0.1594
vn -0.3265 -0.5611 0.7606
vn -0.7170 -0.6671 0.2024
vn -0.2035 0.9653 0.1637
vn -0.7931 0.5162 0.3233
vn -0.2522 0.6279 0.7363
vn 0.2034 -0.9789 -0.0212
vn 0.9297 0.0242 -0.3675
vn 0.1721 0.9847 0.0273
vn 0.7332 0.6794 0.0286
vn -0.0009 -0.6863 0.7274
vn -0.9297 -0.0242 0.3675
vn -0.1717 -0.9848 -0.0273
vn -0.7331 -0.6796 -0.0286
vn -0.2032 0.9789 0.0212
vn -0.7547 0.6561 0.0045
vn 0.0189 -0.9771 -0.2120
vt 0.128500 0.746500
vt 0.126479 0.750000
vt 0.125000 0.746500
vt 0.378500 0.996500
vt 0.376479 1.000000
vt 0.375000 0.996500
vt 0.375000 0.003500
vt 0.378500 0.000000
vt 0.378500 0.003500
vt 0.621500 0.996500
vt 0.625000 0.998521
vt 0.621500 1.000000
vt 0.871500 0.746500
vt 0.875000 0.748521
vt 0.871500 0.750000
vt 0.621500 0.000000
vt 0.625000 0.003500
vt 0.621500 0.003500
vt 0.128500 0.503500
vt 0.125000 0.501479
vt 0.128500 0.500000
vt 0.378500 0.250000
vt 0.375000 0.246500
vt 0.378500 0.246500
vt 0.378500 0.253500
vt 0.375740 0.250740
vt 0.871500 0.503500
vt 0.873521 0.500000
vt 0.875000 0.503500
vt 0.621500 0.253500
vt 0.624260 0.249260
vt 0.625000 0.253500
vt 0.625000 0.246500
vt 0.621500 0.250000
vt 0.621500 0.246500
vt 0.371500 0.746500
vt 0.375493 0.750000
vt 0.373250 0.751750
vt 0.378500 0.750000
vt 0.375000 0.746500
vt 0.378500 0.746500
vt 0.378500 0.753500
vt 0.628500 0.746500
vt 0.625000 0.749507
vt 0.625000 0.746500
vt 0.621500 0.753500
vt 0.626750 0.751750
vt 0.621500 0.750000
vt 0.621500 0.746500
vt 0.371500 0.503500
vt 0.375000 0.500493
vt 0.375000 0.503500
vt 0.378500 0.496500
vt 0.373250 0.498250
vt 0.378500 0.500000
vt 0.378500 0.503500
vt 0.628500 0.503500
vt 0.624507 0.500000
vt 0.626750 0.498250
vt 0.621500 0.500000
vt 0.625000 0.503500
vt 0.621500 0.503500
vt 0.621500 0.496500
vt 0.125000 0.503500
vt 0.378500 1.000000
vt 0.875000 0.746500
vt 0.375000 0.253500
vt 0.871500 0.500000
vt 0.128500 0.750000
vt 0.625000 0.996500
vt 0.375000 0.001479
vt 0.871500 0.746500
vt 0.623521 0.000000
vt 0.378500 0.246500
vt 0.378500 0.253500
vt 0.378500 0.250000
vt 0.871500 0.503500
vt 0.378500 0.746500
vt 0.378500 0.753500
vt 0.625000 0.746500
vt 0.621500 0.753500
vt 0.621500 0.746500
vt 0.371500 0.503500
vt 0.626750 0.498250
vt 0.628500 0.503500
vt 0.621500 0.496500
vt 0.128500 0.503500
vt 0.621500 0.246500
vt 0.128500 0.746500
vt 0.621500 0.253500
vt 0.371500 0.746500
vt 0.871500 0.746500
vt 0.871500 0.503500
vt 0.621500 0.746500
vt 0.621500 0.003500
vt 0.371500 0.746500
vt 0.181819 0.000000
vt 0.227273 0.078731
vt 0.136365 0.078731
vt 0.272728 0.157461
vt 0.318182 0.078731
vt 0.363637 0.157461
vt 0.909091 0.000000
vt 0.954545 0.078731
vt 0.863636 0.078731
vt 0.727273 0.000000
vt 0.772727 0.078731
vt 0.681818 0.078731
vt 0.545455 0.000000
vt 0.590909 0.078731
vt 0.500000 0.078731
vt 0.318182 0.236191
vt 0.090910 0.157461
vt 0.181819 0.157461
vt 0.136365 0.236191
vt 0.818182 0.157461
vt 0.909091 0.157461
vt 0.863636 0.236191
vt 0.636364 0.157461
vt 0.727273 0.157461
vt 0.681818 0.236191
vt 0.454546 0.157461
vt 0.545455 0.157461
vt 0.500000 0.236191
vt 0.227273 0.236191
vt 0.045455 0.236191
vt 0.772727 0.236191
vt 0.590909 0.236191
vt 0.409092 0.236191
vt 0.181819 0.314921
vt 0.272728 0.314921
vt 0.227273 0.393651
vt 0.000000 0.314921
vt 0.090910 0.314921
vt 0.045455 0.393651
vt 0.727273 0.314921
vt 0.818182 0.314921
vt 0.772727 0.393651
vt 0.545455 0.314921
vt 0.636364 0.314921
vt 0.590909 0.393651
vt 0.363637 0.314921
vt 0.454546 0.314921
vt 0.409092 0.393651
vt 0.500000 0.393651
vt 0.454546 0.472382
vt 0.681818 0.393651
vt 0.636364 0.472382
vt 0.863636 0.393651
vt 0.818182 0.472382
vt 0.909091 0.314921
vt 0.136365 0.393651
vt 0.090910 0.472382
vt 0.318182 0.393651
vt 0.272728 0.472382
vt 0.954545 0.236191
vt 1.000000 0.157461
vt 0.409092 0.078731
vt 0.363637 0.000000
vt 0.750000 0.396259
vt 0.735759 0.483142
vt 0.816506 0.457972
vt 0.058637 0.527848
vt 0.000000 0.512138
vt 0.050633 0.500000
vt 0.941363 0.527848
vt 0.989158 0.500000
vt 1.000000 0.528028
vt 0.250000 0.372824
vt 0.266697 0.481959
vt 0.167633 0.450334
vt 0.928572 0.972152
vt 1.000000 0.988598
vt 0.937291 1.000000
vt 0.071429 0.972152
vt 0.012712 1.000000
vt 0.000000 0.972332
vt 0.864350 0.341191
vt 0.923399 0.406496
vt 0.954065 0.327672
vt 0.915780 0.527848
vt 0.851722 0.506069
vt 0.907776 0.500000
vt 0.798506 0.527848
vt 0.857143 0.528028
vt 0.346028 0.326579
vt 0.441763 0.381570
vt 0.355273 0.439303
vt 0.785714 0.972152
vt 0.863499 0.994299
vt 0.794434 1.000000
vt 0.928571 0.972152
vt 0.857143 0.972332
vt 0.892592 0.217454
vt 0.980466 0.212005
vt 0.937959 0.138883
vt 0.772923 0.527848
vt 0.708865 0.506069
vt 0.764919 0.500000
vt 0.655648 0.527848
vt 0.714286 0.528028
vt 0.369744 0.222669
vt 0.472428 0.182106
vt 0.463640 0.285723
vt 0.642857 0.972152
vt 0.720642 0.994299
vt 0.651577 1.000000
vt 0.785714 0.972152
vt 0.714286 0.972332
vt 0.813459 0.118225
vt 0.863987 0.046125
vt 0.780316 0.033767
vt 0.630066 0.527848
vt 0.566008 0.506069
vt 0.622062 0.500000
vt 0.512791 0.527848
vt 0.571429 0.528028
vt 0.303291 0.139340
vt 0.335600 0.033767
vt 0.411132 0.105243
vt 0.500000 0.972152
vt 0.577784 0.994299
vt 0.508719 1.000000
vt 0.642857 0.972152
vt 0.571429 0.972332
vt 0.686541 0.118225
vt 0.661674 0.033767
vt 0.599844 0.091479
vt 0.487209 0.527848
vt 0.423150 0.506069
vt 0.479205 0.500000
vt 0.369934 0.527848
vt 0.428572 0.528028
vt 0.196709 0.139340
vt 0.134313 0.048256
vt 0.237288 0.033767
vt 0.357143 0.972152
vt 0.434927 0.994299
vt 0.365862 1.000000
vt 0.500000 0.972152
vt 0.428571 0.972332
vt 0.607408 0.217454
vt 0.525872 0.184237
vt 0.532443 0.268560
vt 0.344352 0.527848
vt 0.280293 0.506069
vt 0.336348 0.500000
vt 0.227077 0.527848
vt 0.285714 0.528028
vt 0.130256 0.222669
vt 0.020141 0.214662
vt 0.073017 0.125120
vt 0.214286 0.972152
vt 0.292070 0.994299
vt 0.223005 1.000000
vt 0.357143 0.972152
vt 0.285714 0.972332
vt 0.635650 0.341191
vt 0.558843 0.384228
vt 0.628866 0.431665
vt 0.201494 0.527848
vt 0.137436 0.506069
vt 0.193491 0.500000
vt 0.084220 0.527848
vt 0.142857 0.528028
vt 0.153972 0.326579
vt 0.079057 0.407678
vt 0.042017 0.310509
vt 0.071429 0.972152
vt 0.149213 0.994299
vt 0.080148 1.000000
vt 0.214286 0.972152
vt 0.142857 0.972332
vt 0.949367 0.500000
vt 0.919852 1.000000
vt 0.000000 0.528028
vt 1.000000 0.972332
vt 0.806509 0.500000
vt 0.967557 0.268560
vt 0.776995 1.000000
vt 0.457983 0.310509
vt 0.663652 0.500000
vt 0.634138 1.000000
vt 0.426983 0.125120
vt 0.520795 0.500000
vt 0.719684 0.033767
vt 0.491281 1.000000
vt 0.377938 0.500000
vt 0.562041 0.138883
vt 0.348423 1.000000
vt 0.088868 0.105243
vt 0.235081 0.500000
vt 0.545935 0.327672
vt 0.205566 1.000000
vt 0.036360 0.285723
vt 0.092224 0.500000
vt 0.683494 0.457973
vt 0.062709 1.000000
vt 0.750000 0.396259
vt 0.058637 0.527848
vt 0.250000 0.372824
vt 0.071429 0.972152
vt 0.798506 0.527848
vt 0.857143 0.528028
vt 0.346027 0.326579
vt 0.785714 0.972152
vt 0.928571 0.972152
vt 0.857143 0.972332
vt 0.655648 0.527848
vt 0.714286 0.528028
vt 0.369744 0.222669
vt 0.785714 0.972152
vt 0.714286 0.972332
vt 0.813459 0.118225
vt 0.512791 0.527848
vt 0.571429 0.528028
vt 0.303291 0.139340
vt 0.642857 0.972152
vt 0.571429 0.972332
vt 0.686541 0.118225
vt 0.487209 0.527848
vt 0.369934 0.527848
vt 0.428571 0.528028
vt 0.196709 0.139340
vt 0.357143 0.972152
vt 0.428572 0.972332
vt 0.227077 0.527848
vt 0.285714 0.528028
vt 0.214286 0.972152
vt 0.635650 0.341191
vt 0.084220 0.527848
vt 0.153972 0.326579
vt 0.071429 0.972152
vt 0.332367 0.450334
vt 0.941363 0.527848
vt 0.928572 0.972152
vt 0.864350 0.341191
vt 0.346028 0.326579
vt 0.642857 0.972152
vt 0.607408 0.217454
vt 0.227077 0.527848
vt 0.084220 0.527848
vt 0.871134 0.431665
vt 0.900155 0.091479
vt 0.262712 0.033767
vt 0.798506 0.527848
vt 0.378500 0.996500
vt 0.378500 0.003500
vt 0.621500 0.996500
vt 0.621500 0.003500
vt 0.378500 0.246500
vt 0.378500 0.750000
vt 0.375000 0.746500
vt 0.625000 0.746500
vt 0.626750 0.751750
vt 0.378500 0.496500
vt 0.378500 0.503500
vt 0.621500 0.503500
vt 0.621500 0.253500
vt 0.621500 0.246500
vt 0.378500 0.746500
vt 0.625000 0.746500
vt 0.378500 0.253500
vt 0.144727 0.439303
s 0
usemtl stone
f 1/1/1 5/2/1 7/3/1
f 2/4/2 5/5/2 4/6/2
f 7/7/3 6/8/3 3/9/3
f 8/10/4 12/11/4 14/12/4
f 9/13/5 12/14/5 11/15/5
f 14/16/6 13/17/6 10/18/6
f 15/19/7 19/20/7 21/21/7
f 20/22/8 18/23/8 16/24/8
f 17/25/9 19/26/9 20/22/9
f 22/27/10 26/28/10 28/29/10
f 23/30/11 26/31/11 25/32/11
f 28/33/12 27/34/12 24/35/12
f 29/36/13 33/37/13 35/38/13
f 34/39/14 32/40/14 30/41/14
f 31/42/15 33/37/15 34/39/15
f 36/43/16 40/44/16 42/45/16
f 37/46/17 40/44/17 39/47/17
f 42/45/18 41/48/18 38/49/18
f 43/50/19 47/51/19 49/52/19
f 44/53/20 47/51/20 46/54/20
f 49/52/21 48/55/21 45/56/21
f 50/57/22 54/58/22 56/59/22
f 55/60/23 53/61/23 51/62/23
f 52/63/24 54/58/24 55/60/24
f 1/1/25 18/64/25 15/19/25
f 7/7/26 16/24/26 18/23/26
f 2/4/27 14/12/27 6/65/27
f 14/16/28 3/9/28 6/8/28
f 9/13/29 28/29/29 13/66/29
f 28/33/30 10/18/30 13/17/30
f 17/25/31 27/34/31 23/30/31
f 20/22/32 24/35/32 27/34/32
f 15/19/33 46/54/33 43/50/33
f 21/67/34 44/53/34 46/54/34
f 50/57/35 25/68/35 22/27/35
f 25/32/36 52/63/36 23/30/36
f 51/62/37 48/55/37 55/60/37
f 48/55/38 52/63/38 55/60/38
f 43/50/39 32/40/39 29/36/39
f 49/52/40 30/41/40 32/40/40
f 36/43/41 53/61/41 50/57/41
f 53/61/42 38/49/42 51/62/42
f 31/42/43 41/48/43 37/46/43
f 41/48/44 30/41/44 38/49/44
f 29/36/45 4/69/45 1/1/45
f 4/6/46 31/42/46 2/4/46
f 9/13/47 39/47/47 36/43/47
f 11/70/48 37/46/48 39/47/48
f 43/50/49 1/1/49 15/19/49
f 10/18/50 16/24/50 3/9/50
f 37/46/51 2/4/51 31/42/51
f 22/27/52 36/43/52 50/57/52
f 23/30/53 44/53/53 17/25/53
f 45/56/54 38/49/54 30/41/54
f 1/1/1451 4/69/1451 5/2/1451
f 2/4/1452 6/65/1452 5/5/1452
f 7/7/1453 5/71/1453 6/8/1453
f 8/10/1454 11/70/1454 12/11/1454
f 9/13/1455 13/66/1455 12/14/1455
f 14/16/1456 12/73/1456 13/17/1456
f 15/19/1457 18/64/1457 19/20/1457
f 20/22/1458 19/26/1458 18/23/1458
f 17/25/1459 21/67/1459 19/26/1459
f 22/27/1460 25/68/1460 26/28/1460
f 23/30/1461 27/34/1461 26/31/1461
f 28/33/1462 26/31/1462 27/34/1462
f 29/36/1463 32/40/1463 33/37/1463
f 34/39/1464 33/37/1464 32/40/1464
f 31/42/1465 35/38/1465 33/37/1465
f 36/43/1466 39/47/1466 40/44/1466
f 37/46/1467 41/48/1467 40/44/1467
f 42/45/1468 40/44/1468 41/48/1468
f 43/50/1469 46/54/1469 47/51/1469
f 44/53/1470 48/55/1470 47/51/1470
f 49/52/1471 47/51/1471 48/55/1471
f 50/57/1472 53/61/1472 54/58/1472
f 55/60/1473 54/58/1473 53/61/1473
f 52/63/1474 56/59/1474 54/58/1474
f 1/1/25 7/3/25 18/64/25
f 7/7/26 3/9/26 16/24/26
f 2/4/27 8/10/27 14/12/27
f 14/16/28 10/18/28 3/9/28
f 9/13/29 22/27/29 28/29/29
f 28/33/1475 24/35/1475 10/18/1475
f 17/25/31 20/22/31 27/34/31
f 20/22/32 16/24/32 24/35/32
f 15/19/33 21/21/33 46/54/33
f 21/67/34 17/25/34 44/53/34
f 50/57/35 56/59/35 25/68/35
f 25/32/36 56/59/36 52/63/36
f 51/62/37 45/56/37 48/55/37
f 48/55/38 44/53/38 52/63/38
f 43/50/39 49/52/39 32/40/39
f 49/52/1476 45/56/1476 30/41/1476
f 36/43/41 42/45/41 53/61/41
f 53/61/42 42/45/42 38/49/42
f 31/42/43 34/39/43 41/48/43
f 41/48/44 34/39/44 30/41/44
f 29/36/45 35/38/45 4/69/45
f 4/6/46 35/38/46 31/42/46
f 9/13/47 11/15/47 39/47/47
f 11/70/48 8/10/48 37/46/48
f 43/50/49 29/36/49 1/1/49
f 10/18/50 24/35/50 16/24/50
f 37/46/51 8/10/51 2/4/51
f 22/27/52 9/13/52 36/43/52
f 23/30/53 52/63/53 44/53/53
f 45/56/54 51/62/54 38/49/54
usemtl wood
f 60/69/55 63/3/55 57/1/55
f 58/4/56 61/5/56 60/6/56
f 59/9/57 61/71/57 62/8/57
f 64/10/58 68/11/58 70/12/58
f 69/66/59 67/15/59 65/72/59
f 66/18/60 68/73/60 69/17/60
f 74/64/61 77/21/61 71/19/61
f 72/74/62 75/26/62 74/23/62
f 73/75/63 75/26/63 76/76/63
f 81/68/64 84/29/64 78/77/64
f 79/30/65 82/31/65 81/32/65
f 80/35/66 82/31/66 83/34/66
f 88/40/67 91/38/67 85/36/67
f 86/78/68 89/37/68 88/40/68
f 87/79/69 89/37/69 90/39/69
f 95/47/70 98/80/70 92/43/70
f 93/81/71 96/44/71 95/47/71
f 94/82/72 96/44/72 97/48/72
f 102/54/73 105/52/73 99/83/73
f 100/53/74 103/51/74 102/54/74
f 101/56/75 103/51/75 104/55/75
f 109/61/76 112/84/76 106/85/76
f 107/62/77 110/58/77 109/61/77
f 108/86/78 110/58/78 111/60/78
f 57/1/79 74/64/79 71/19/79
f 63/7/80 72/74/80 74/23/80
f 58/4/81 70/12/81 62/65/81
f 70/16/82 59/9/82 62/8/82
f 78/77/83 69/66/83 65/72/83
f 84/33/84 66/18/84 69/17/84
f 73/75/85 83/34/85 79/30/85
f 83/34/86 72/74/86 80/35/86
f 71/19/87 102/54/87 99/83/87
f 77/67/88 100/53/88 102/54/88
f 106/85/89 81/68/89 78/77/89
f 81/32/90 108/86/90 79/30/90
f 101/56/91 111/60/91 107/62/91
f 104/55/92 108/86/92 111/60/92
f 99/83/93 88/40/93 85/36/93
f 105/52/94 86/78/94 88/40/94
f 92/43/95 109/61/95 106/85/95
f 109/61/96 94/82/96 107/62/96
f 87/79/97 97/48/97 93/81/97
f 90/39/98 94/82/98 97/48/98
f 85/36/99 60/69/99 57/1/99
f 60/6/100 87/79/100 58/4/100
f 65/72/101 95/47/101 92/43/101
f 67/70/102 93/81/102 95/47/102
f 99/83/103 57/1/103 71/19/103
f 59/9/104 80/35/104 72/74/104
f 93/81/105 58/4/105 87/79/105
f 78/77/106 92/43/106 106/85/106
f 73/75/107 108/86/107 100/53/107
f 107/62/108 86/78/108 101/56/108
f 116/69/109 119/3/109 113/1/109
f 114/4/110 117/5/110 116/6/110
f 115/9/111 117/71/111 118/8/111
f 120/10/112 124/11/112 126/12/112
f 125/66/113 123/15/113 121/13/113
f 122/18/114 124/73/114 125/17/114
f 130/64/115 133/21/115 127/87/115
f 128/74/116 131/26/116 130/23/116
f 129/25/117 131/26/117 132/76/117
f 137/68/118 140/29/118 134/27/118
f 135/30/119 138/31/119 137/32/119
f 136/88/120 138/31/120 139/34/120
f 144/40/121 147/38/121 141/36/121
f 142/78/122 145/37/122 144/40/122
f 143/79/123 145/37/123 146/39/123
f 151/47/124 154/45/124 148/43/124
f 149/81/125 152/44/125 151/47/125
f 150/82/126 152/44/126 153/48/126
f 158/54/127 161/52/127 155/50/127
f 156/53/128 159/51/128 158/54/128
f 157/56/129 159/51/129 160/55/129
f 165/61/130 168/59/130 162/57/130
f 163/62/131 166/58/131 165/61/131
f 164/63/132 166/58/132 167/60/132
f 127/87/133 119/3/133 130/64/133
f 130/23/134 115/9/134 128/74/134
f 114/4/135 126/12/135 118/65/135
f 126/16/136 115/9/136 118/8/136
f 134/27/137 125/66/137 121/13/137
f 125/17/138 136/88/138 122/18/138
f 129/25/139 139/34/139 135/30/139
f 132/76/140 136/88/140 139/34/140
f 127/87/141 158/54/141 155/50/141
f 133/67/142 156/53/142 158/54/142
f 162/57/143 137/68/143 134/27/143
f 168/59/144 135/30/144 137/32/144
f 157/56/145 167/60/145 163/62/145
f 167/60/146 156/53/146 164/63/146
f 155/50/147 144/40/147 141/36/147
f 161/52/148 142/78/148 144/40/148
f 148/43/149 165/61/149 162/57/149
f 165/61/150 150/82/150 163/62/150
f 143/79/151 153/48/151 149/81/151
f 153/48/152 142/78/152 150/82/152
f 113/1/153 147/38/153 116/69/153
f 147/38/154 114/4/154 116/6/154
f 148/43/155 123/15/155 151/47/155
f 151/47/156 120/10/156 149/81/156
f 155/50/157 113/1/157 127/87/157
f 122/18/158 128/74/158 115/9/158
f 149/81/159 114/4/159 143/79/159
f 134/27/160 148/43/160 162/57/160
f 129/25/161 164/63/161 156/53/161
f 163/62/162 142/78/162 157/56/162
f 169/89/163 173/2/163 175/3/163
f 170/4/164 173/5/164 172/6/164
f 171/9/165 173/71/165 174/8/165
f 176/10/166 180/11/166 182/12/166
f 177/13/167 180/14/167 179/15/167
f 178/18/168 180/73/168 181/17/168
f 183/87/169 187/20/169 189/21/169
f 184/24/170 187/26/170 186/23/170
f 185/25/171 187/26/171 188/22/171
f 190/77/172 194/28/172 196/29/172
f 191/90/173 194/31/173 193/32/173
f 192/35/174 194/31/174 195/34/174
f 197/91/175 201/37/175 203/38/175
f 198/41/176 201/37/176 200/40/176
f 199/79/177 201/37/177 202/39/177
f 204/43/178 208/44/178 210/45/178
f 205/46/179 208/44/179 207/47/179
f 206/49/180 208/44/180 209/48/180
f 211/50/181 215/51/181 217/52/181
f 212/53/182 215/51/182 214/54/182
f 213/56/183 215/51/183 216/55/183
f 218/57/184 222/58/184 224/84/184
f 219/62/185 222/58/185 221/61/185
f 220/63/186 222/58/186 223/60/186
f 169/89/187 186/64/187 183/87/187
f 175/7/188 184/24/188 186/23/188
f 170/4/189 182/12/189 174/65/189
f 182/16/190 171/9/190 174/8/190
f 190/77/191 181/66/191 177/13/191
f 196/33/192 178/18/192 181/17/192
f 185/25/193 195/34/193 191/90/193
f 188/22/194 192/35/194 195/34/194
f 183/87/195 214/54/195 211/50/195
f 189/67/196 212/53/196 214/54/196
f 218/57/197 193/68/197 190/77/197
f 224/84/198 191/90/198 193/32/198
f 213/56/199 223/60/199 219/62/199
f 216/55/200 220/63/200 223/60/200
f 211/50/201 200/40/201 197/91/201
f 200/40/202 213/56/202 198/41/202
f 218/57/203 210/45/203 221/61/203
f 210/45/204 219/62/204 221/61/204
f 199/79/205 209/48/205 205/46/205
f 202/39/206 206/49/206 209/48/206
f 169/89/207 203/38/207 172/69/207
f 172/6/208 199/79/208 170/4/208
f 177/13/209 207/47/209 204/43/209
f 179/70/210 205/46/210 207/47/210
f 183/87/211 197/91/211 169/89/211
f 171/9/212 192/35/212 184/24/212
f 205/46/213 170/4/213 199/79/213
f 218/57/214 177/13/214 204/43/214
f 185/25/215 220/63/215 212/53/215
f 213/56/216 206/49/216 198/41/216
f 225/1/217 229/2/217 231/3/217
f 226/4/218 229/5/218 228/6/218
f 231/7/219 230/8/219 227/9/219
f 232/10/220 236/11/220 238/12/220
f 233/92/221 236/14/221 235/15/221
f 238/16/222 237/17/222 234/18/222
f 239/19/223 243/20/223 245/21/223
f 244/22/224 242/23/224 240/24/224
f 241/25/225 243/26/225 244/22/225
f 246/27/226 250/28/226 252/29/226
f 247/90/227 250/31/227 249/32/227
f 252/33/228 251/34/228 248/35/228
f 253/36/229 257/37/229 259/38/229
f 258/39/230 256/40/230 254/41/230
f 255/42/231 257/37/231 258/39/231
f 260/43/232 264/44/232 266/45/232
f 261/46/233 264/44/233 263/47/233
f 266/45/234 265/48/234 262/82/234
f 267/50/235 271/51/235 273/52/235
f 268/53/236 271/51/236 270/54/236
f 273/52/237 272/55/237 269/56/237
f 274/57/238 278/58/238 280/59/238
f 279/60/239 277/61/239 275/62/239
f 276/63/240 278/58/240 279/60/240
f 225/1/241 242/64/241 239/19/241
f 231/7/242 240/24/242 242/23/242
f 232/10/243 230/65/243 226/4/243
f 230/8/244 234/18/244 227/9/244
f 246/27/245 237/66/245 233/92/245
f 252/33/246 234/18/246 237/17/246
f 241/25/247 251/34/247 247/90/247
f 244/22/248 248/35/248 251/34/248
f 239/19/249 270/54/249 267/50/249
f 245/67/250 268/53/250 270/54/250
f 246/27/251 280/59/251 249/68/251
f 249/32/252 276/63/252 247/90/252
f 269/56/253 279/60/253 275/62/253
f 272/55/254 276/63/254 279/60/254
f 253/36/255 273/52/255 256/40/255
f 273/52/256 254/41/256 256/40/256
f 274/57/257 266/45/257 277/61/257
f 277/61/258 262/82/258 275/62/258
f 255/42/259 265/48/259 261/46/259
f 258/39/260 262/82/260 265/48/260
f 253/36/261 228/69/261 225/1/261
f 259/38/262 226/4/262 228/6/262
f 233/92/263 263/47/263 260/43/263
f 235/70/264 261/46/264 263/47/264
f 267/50/265 225/1/265 239/19/265
f 234/18/266 240/24/266 227/9/266
f 261/46/267 226/4/267 255/42/267
f 274/57/268 233/92/268 260/43/268
f 241/25/269 276/63/269 268/53/269
f 269/56/270 262/82/270 254/41/270
f 281/1/271 285/2/271 287/3/271
f 282/4/272 285/5/272 284/6/272
f 287/7/273 286/8/273 283/9/273
f 288/10/274 292/11/274 294/12/274
f 289/13/275 292/14/275 291/15/275
f 294/16/276 293/17/276 290/18/276
f 295/19/277 299/20/277 301/21/277
f 300/76/278 298/23/278 296/74/278
f 297/75/279 299/26/279 300/76/279
f 302/93/280 306/28/280 308/29/280
f 303/30/281 306/31/281 305/32/281
f 308/33/282 307/34/282 304/35/282
f 309/36/283 313/37/283 315/38/283
f 314/39/284 312/40/284 310/78/284
f 311/79/285 313/37/285 314/39/285
f 316/43/286 320/44/286 322/80/286
f 317/46/287 320/44/287 319/47/287
f 322/80/288 321/48/288 318/94/288
f 323/50/289 327/51/289 329/52/289
f 324/53/290 327/51/290 326/54/290
f 329/52/291 328/55/291 325/56/291
f 330/57/292 334/58/292 336/59/292
f 335/60/293 333/61/293 331/62/293
f 332/63/294 334/58/294 335/60/294
f 281/1/295 298/64/295 295/19/295
f 287/7/296 296/74/296 298/23/296
f 282/4/297 294/12/297 286/65/297
f 286/8/298 290/18/298 283/9/298
f 302/93/299 293/66/299 289/13/299
f 308/33/300 290/18/300 293/17/300
f 303/30/301 300/76/301 307/34/301
f 300/76/302 304/35/302 307/34/302
f 295/19/303 326/54/303 323/50/303
f 326/54/304 297/75/304 324/53/304
f 330/57/305 305/68/305 302/93/305
f 336/59/306 303/30/306 305/32/306
f 331/62/307 328/55/307 335/60/307
f 335/60/308 324/53/308 332/63/308
f 323/50/309 312/40/309 309/36/309
f 312/40/310 325/56/310 310/78/310
f 330/57/311 322/80/311 333/61/311
f 333/61/312 318/94/312 331/62/312
f 311/79/313 321/48/313 317/46/313
f 321/48/314 310/78/314 318/94/314
f 309/36/315 284/69/315 281/1/315
f 284/6/316 311/79/316 282/4/316
f 316/43/317 291/15/317 319/47/317
f 291/70/318 317/46/318 319/47/318
f 323/50/319 281/1/319 295/19/319
f 290/18/320 296/74/320 283/9/320
f 317/46/321 282/4/321 311/79/321
f 302/93/322 316/43/322 330/57/322
f 303/30/323 324/53/323 297/75/323
f 325/56/324 318/94/324 310/78/324
f 340/69/325 343/3/325 337/1/325
f 338/4/326 341/5/326 340/6/326
f 339/9/327 341/71/327 342/8/327
f 344/10/328 348/11/328 350/12/328
f 349/66/329 347/15/329 345/13/329
f 346/18/330 348/73/330 349/17/330
f 354/64/331 357/21/331 351/87/331
f 352/74/332 355/26/332 354/23/332
f 353/75/333 355/26/333 356/76/333
f 361/68/334 364/29/334 358/27/334
f 359/30/335 362/31/335 361/32/335
f 360/35/336 362/31/336 363/34/336
f 368/40/337 371/38/337 365/36/337
f 366/41/338 369/37/338 368/40/338
f 367/79/339 369/37/339 370/39/339
f 375/47/340 378/45/340 372/43/340
f 373/81/341 376/44/341 375/47/341
f 374/82/342 376/44/342 377/48/342
f 382/54/343 385/52/343 379/83/343
f 380/53/344 383/51/344 382/54/344
f 381/56/345 383/51/345 384/55/345
f 389/61/346 392/59/346 386/57/346
f 387/62/347 390/58/347 389/61/347
f 388/86/348 390/58/348 391/60/348
f 337/1/349 354/64/349 351/87/349
f 343/7/350 352/74/350 354/23/350
f 344/10/351 342/65/351 338/4/351
f 350/16/352 339/9/352 342/8/352
f 345/13/353 364/29/353 349/66/353
f 364/33/354 346/18/354 349/17/354
f 353/75/355 363/34/355 359/30/355
f 356/76/356 360/35/356 363/34/356
f 351/87/357 382/54/357 379/83/357
f 357/67/358 380/53/358 382/54/358
f 386/57/359 361/68/359 358/27/359
f 392/59/360 359/30/360 361/32/360
f 387/62/361 384/55/361 391/60/361
f 384/55/362 388/86/362 391/60/362
f 379/83/363 368/40/363 365/36/363
f 385/52/364 366/41/364 368/40/364
f 372/43/365 389/61/365 386/57/365
f 389/61/366 374/82/366 387/62/366
f 367/79/367 377/48/367 373/81/367
f 377/48/368 366/41/368 374/82/368
f 365/36/369 340/69/369 337/1/369
f 340/6/370 367/79/370 338/4/370
f 372/43/371 347/15/371 375/47/371
f 347/70/372 373/81/372 375/47/372
f 379/83/373 337/1/373 351/87/373
f 339/9/374 360/35/374 352/74/374
f 373/81/375 338/4/375 367/79/375
f 386/57/376 345/13/376 372/43/376
f 359/30/377 380/53/377 353/75/377
f 387/62/378 366/41/378 381/56/378
f 396/69/379 399/3/379 393/1/379
f 394/4/380 397/5/380 396/6/380
f 395/9/381 397/71/381 398/8/381
f 400/10/382 404/11/382 406/12/382
f 405/66/383 403/15/383 401/13/383
f 402/95/384 404/73/384 405/17/384
f 410/64/385 413/21/385 407/87/385
f 408/74/386 411/26/386 410/23/386
f 409/25/387 411/26/387 412/76/387
f 417/68/388 420/29/388 414/77/388
f 415/90/389 418/31/389 417/32/389
f 416/88/390 418/31/390 419/34/390
f 424/40/391 427/38/391 421/91/391
f 422/41/392 425/37/392 424/40/392
f 423/79/393 425/37/393 426/39/393
f 431/47/394 434/45/394 428/43/394
f 429/46/395 432/44/395 431/47/395
f 430/49/396 432/44/396 433/48/396
f 438/54/397 441/52/397 435/50/397
f 436/53/398 439/51/398 438/54/398
f 437/56/399 439/51/399 440/55/399
f 445/61/400 448/84/400 442/57/400
f 443/62/401 446/58/401 445/61/401
f 444/63/402 446/58/402 447/60/402
f 407/87/403 399/3/403 410/64/403
f 410/23/404 395/9/404 408/74/404
f 394/4/405 406/12/405 398/65/405
f 406/16/406 395/9/406 398/8/406
f 414/77/407 405/66/407 401/13/407
f 420/33/408 402/95/408 405/17/408
f 409/25/409 419/34/409 415/90/409
f 412/76/410 416/88/410 419/34/410
f 435/50/411 413/21/411 438/54/411
f 413/67/412 436/53/412 438/54/412
f 414/77/413 448/84/413 417/68/413
f 448/84/414 415/90/414 417/32/414
f 437/56/415 447/60/415 443/62/415
f 447/60/416 436/53/416 444/63/416
f 435/50/417 424/40/417 421/91/417
f 441/52/418 422/41/418 424/40/418
f 442/57/419 434/45/419 445/61/419
f 445/61/420 430/49/420 443/62/420
f 423/79/421 433/48/421 429/46/421
f 426/39/422 430/49/422 433/48/422
f 421/91/423 396/69/423 393/1/423
f 427/38/424 394/4/424 396/6/424
f 401/13/425 431/47/425 428/43/425
f 403/70/426 429/46/426 431/47/426
f 435/50/427 393/1/427 407/87/427
f 402/95/428 408/74/428 395/9/428
f 429/46/429 394/4/429 423/79/429
f 442/57/430 401/13/430 428/43/430
f 415/90/431 436/53/431 409/25/431
f 443/62/432 422/41/432 437/56/432
f 617/1/595 621/2/595 623/3/595
f 618/4/596 621/5/596 620/6/596
f 623/7/597 622/8/597 619/9/597
f 624/10/598 628/11/598 630/12/598
f 625/13/599 628/14/599 627/15/599
f 630/16/600 629/17/600 626/18/600
f 631/87/601 635/20/601 637/21/601
f 636/76/602 634/23/602 632/74/602
f 633/25/603 635/26/603 636/76/603
f 638/27/604 642/28/604 644/29/604
f 639/30/605 642/31/605 641/32/605
f 644/33/606 643/34/606 640/88/606
f 645/36/607 649/37/607 651/38/607
f 650/39/608 648/40/608 646/78/608
f 647/79/609 649/37/609 650/39/609
f 652/43/610 656/44/610 658/45/610
f 653/81/611 656/44/611 655/47/611
f 658/45/612 657/48/612 654/82/612
f 659/50/613 663/51/613 665/52/613
f 660/53/614 663/51/614 662/54/614
f 665/52/615 664/55/615 661/56/615
f 666/57/616 670/58/616 672/59/616
f 671/60/617 669/61/617 667/62/617
f 668/63/618 670/58/618 671/60/618
f 617/1/619 634/64/619 631/87/619
f 623/7/620 632/74/620 634/23/620
f 618/4/621 630/12/621 622/65/621
f 630/16/622 619/9/622 622/8/622
f 638/27/623 629/66/623 625/13/623
f 644/33/624 626/18/624 629/17/624
f 639/30/625 636/76/625 643/34/625
f 636/76/626 640/88/626 643/34/626
f 659/50/627 637/21/627 662/54/627
f 637/67/628 660/53/628 662/54/628
f 666/57/629 641/68/629 638/27/629
f 641/32/630 668/63/630 639/30/630
f 667/62/631 664/55/631 671/60/631
f 664/55/632 668/63/632 671/60/632
f 645/36/633 665/52/633 648/40/633
f 648/40/634 661/56/634 646/78/634
f 652/43/635 669/61/635 666/57/635
f 658/45/636 667/62/636 669/61/636
f 647/79/637 657/48/637 653/81/637
f 650/39/638 654/82/638 657/48/638
f 645/36/639 620/69/639 617/1/639
f 651/38/640 618/4/640 620/6/640
f 625/13/641 655/47/641 652/43/641
f 627/70/642 653/81/642 655/47/642
f 659/50/643 617/1/643 631/87/643
f 619/9/644 640/88/644 632/74/644
f 653/81/645 618/4/645 647/79/645
f 638/27/646 652/43/646 666/57/646
f 639/30/647 660/53/647 633/25/647
f 667/62/648 646/78/648 661/56/648
f 757/160/809 761/161/809 763/162/809
f 758/163/810 761/164/810 760/165/810
f 759/166/811 761/167/811 762/168/811
f 764/169/812 768/170/812 770/171/812
f 765/172/813 768/173/813 767/174/813
f 766/175/814 768/176/814 769/177/814
f 771/178/815 775/179/815 777/180/815
f 772/181/816 775/182/816 774/183/816
f 773/184/817 775/182/817 776/185/817
f 778/186/818 782/187/818 784/188/818
f 779/189/819 782/190/819 781/191/819
f 780/192/820 782/190/820 783/193/820
f 785/194/821 789/195/821 791/196/821
f 786/197/822 789/198/822 788/199/822
f 787/200/823 789/198/823 790/201/823
f 792/202/824 796/203/824 798/204/824
f 793/205/825 796/206/825 795/207/825
f 794/208/826 796/206/826 797/209/826
f 799/210/827 803/211/827 805/212/827
f 800/213/828 803/214/828 802/215/828
f 801/216/829 803/214/829 804/217/829
f 806/218/830 810/219/830 812/220/830
f 807/221/831 810/222/831 809/223/831
f 808/224/832 810/222/832 811/225/832
f 813/226/833 817/227/833 819/228/833
f 814/229/834 817/230/834 816/231/834
f 815/232/835 817/230/835 818/233/835
f 820/234/836 824/235/836 826/236/836
f 821/237/837 824/238/837 823/239/837
f 822/240/838 824/238/838 825/241/838
f 827/242/839 831/243/839 833/244/839
f 828/245/840 831/246/840 830/247/840
f 829/248/841 831/246/841 832/249/841
f 834/250/842 838/251/842 840/252/842
f 835/253/843 838/254/843 837/255/843
f 836/256/844 838/254/844 839/257/844
f 841/258/845 845/259/845 847/260/845
f 842/261/846 845/262/846 844/263/846
f 843/264/847 845/262/847 846/265/847
f 848/266/848 852/267/848 854/268/848
f 849/269/849 852/270/849 851/271/849
f 850/272/850 852/270/850 853/273/850
f 759/166/851 774/183/851 763/274/851
f 763/162/852 771/178/852 757/160/852
f 780/192/853 767/174/853 784/275/853
f 784/188/854 764/169/854 778/186/854
f 758/163/855 769/177/855 762/276/855
f 769/277/856 759/166/856 762/168/856
f 773/184/857 783/193/857 779/189/857
f 783/193/858 772/181/858 780/192/858
f 773/184/859 788/199/859 777/278/859
f 788/279/860 771/178/860 777/180/860
f 794/208/861 781/191/861 798/280/861
f 781/281/862 792/202/862 798/204/862
f 787/200/863 797/209/863 793/205/863
f 797/209/864 786/197/864 794/208/864
f 787/200/865 802/215/865 791/282/865
f 791/196/866 799/210/866 785/194/866
f 808/224/867 795/207/867 812/283/867
f 795/284/868 806/218/868 812/220/868
f 801/216/869 811/225/869 807/221/869
f 811/225/870 800/213/870 808/224/870
f 814/229/871 805/285/871 801/216/871
f 816/286/872 799/210/872 805/212/872
f 822/240/873 809/223/873 826/287/873
f 826/236/874 806/218/874 820/234/874
f 815/232/875 825/241/875 821/237/875
f 825/241/876 814/229/876 822/240/876
f 815/232/877 830/247/877 819/288/877
f 830/289/878 813/226/878 819/228/878
f 821/237/879 840/290/879 836/256/879
f 823/291/880 834/250/880 840/252/880
f 829/248/881 839/257/881 835/253/881
f 839/257/882 828/245/882 836/256/882
f 829/248/883 844/263/883 833/292/883
f 844/293/884 827/242/884 833/244/884
f 835/253/885 854/294/885 850/272/885
f 837/295/886 848/266/886 854/268/886
f 843/264/887 853/273/887 849/269/887
f 853/273/888 842/261/888 850/272/888
f 843/264/889 760/165/889 847/296/889
f 760/297/890 841/258/890 847/260/890
f 766/175/891 851/271/891 770/298/891
f 770/171/892 848/266/892 764/169/892
f 771/178/893 799/210/893 827/242/893
f 759/166/894 780/192/894 772/181/894
f 843/264/895 766/175/895 758/163/895
f 764/169/896 834/250/896 806/218/896
f 773/184/897 794/208/897 786/197/897
f 787/200/898 808/224/898 800/213/898
f 801/216/899 822/240/899 814/229/899
f 815/232/900 836/256/900 828/245/900
f 835/253/901 842/261/901 829/248/901
f 855/299/902 859/161/902 861/162/902
f 856/300/903 859/164/903 858/165/903
f 857/166/904 859/167/904 860/168/904
f 862/301/905 866/170/905 868/171/905
f 863/172/906 866/173/906 865/174/906
f 864/302/907 866/176/907 867/177/907
f 869/178/908 873/179/908 875/180/908
f 870/181/909 873/182/909 872/183/909
f 871/303/910 873/182/910 874/304/910
f 876/305/911 880/187/911 882/188/911
f 877/306/912 880/190/912 879/191/912
f 878/307/913 880/190/913 881/308/913
f 883/194/914 887/195/914 889/196/914
f 884/197/915 887/198/915 886/199/915
f 885/309/916 887/198/916 888/310/916
f 890/311/917 894/203/917 896/204/917
f 891/205/918 894/206/918 893/207/918
f 892/312/919 894/206/919 895/313/919
f 897/314/920 901/211/920 903/212/920
f 898/213/921 901/214/921 900/215/921
f 899/315/922 901/214/922 902/316/922
f 904/317/923 908/219/923 910/220/923
f 905/221/924 908/222/924 907/223/924
f 906/318/925 908/222/925 909/319/925
f 911/320/926 915/227/926 917/228/926
f 912/321/927 915/230/927 914/231/927
f 913/322/928 915/230/928 916/323/928
f 918/324/929 922/235/929 924/236/929
f 919/325/930 922/238/930 921/239/930
f 920/240/931 922/238/931 923/326/931
f 925/242/932 929/243/932 931/244/932
f 926/245/933 929/246/933 928/247/933
f 927/327/934 929/246/934 930/328/934
f 932/250/935 936/251/935 938/252/935
f 933/329/936 936/254/936 935/255/936
f 934/256/937 936/254/937 937/257/937
f 939/330/938 943/259/938 945/260/938
f 940/261/939 943/262/939 942/263/939
f 941/331/940 943/262/940 944/265/940
f 946/332/941 950/267/941 952/268/941
f 947/333/942 950/270/942 949/271/942
f 948/272/943 950/270/943 951/273/943
f 870/181/944 861/274/944 857/166/944
f 861/162/945 869/178/945 855/299/945
f 878/307/946 865/174/946 882/275/946
f 865/334/947 876/305/947 882/188/947
f 856/300/948 867/177/948 860/276/948
f 867/277/949 857/166/949 860/168/949
f 871/303/950 881/308/950 877/306/950
f 881/308/951 870/181/951 878/307/951
f 871/303/952 886/199/952 875/278/952
f 875/180/953 883/194/953 869/178/953
f 892/312/954 879/191/954 896/280/954
f 879/281/955 890/311/955 896/204/955
f 885/309/956 895/313/956 891/205/956
f 895/313/957 884/197/957 892/312/957
f 885/309/958 900/215/958 889/282/958
f 889/196/959 897/314/959 883/194/959
f 906/318/960 893/207/960 910/283/960
f 910/220/961 890/311/961 904/317/961
f 899/315/962 909/319/962 905/221/962
f 909/319/963 898/213/963 906/318/963
f 899/315/964 914/231/964 903/285/964
f 914/286/965 897/314/965 903/212/965
f 920/240/966 907/223/966 924/287/966
f 924/236/967 904/317/967 918/324/967
f 913/322/968 923/326/968 919/325/968
f 923/326/969 912/321/969 920/240/969
f 913/322/970 928/247/970 917/288/970
f 917/228/971 925/242/971 911/320/971
f 934/256/972 921/239/972 938/290/972
f 921/291/973 932/250/973 938/252/973
f 927/327/974 937/257/974 933/329/974
f 937/257/975 926/245/975 934/256/975
f 940/261/976 931/292/976 927/327/976
f 942/293/977 925/242/977 931/244/977
f 948/272/978 935/255/978 952/294/978
f 935/295/979 946/332/979 952/268/979
f 941/331/980 951/273/980 947/333/980
f 951/273/981 940/261/981 948/272/981
f 941/331/982 858/165/982 945/296/982
f 945/260/983 855/299/983 939/330/983
f 864/302/984 949/271/984 868/298/984
f 868/171/985 946/332/985 862/301/985
f 869/178/986 897/314/986 925/242/986
f 857/166/987 878/307/987 870/181/987
f 941/331/988 864/302/988 856/300/988
f 862/301/989 932/250/989 904/317/989
f 871/303/990 892/312/990 884/197/990
f 885/309/991 906/318/991 898/213/991
f 899/315/992 920/240/992 912/321/992
f 913/322/993 934/256/993 926/245/993
f 927/327/994 948/272/994 940/261/994
f 953/160/995 957/161/995 959/162/995
f 954/163/996 957/164/996 956/165/996
f 955/335/997 957/167/997 958/168/997
f 960/169/998 964/170/998 966/171/998
f 961/336/999 964/173/999 963/174/999
f 962/175/1000 964/176/1000 965/177/1000
f 967/337/1001 971/179/1001 973/180/1001
f 968/181/1002 971/182/1002 970/183/1002
f 969/184/1003 971/182/1003 972/185/1003
f 974/338/1004 978/187/1004 980/188/1004
f 975/189/1005 978/190/1005 977/191/1005
f 976/307/1006 978/190/1006 979/193/1006
f 981/194/1007 985/195/1007 987/196/1007
f 982/197/1008 985/198/1008 984/199/1008
f 983/200/1009 985/198/1009 986/201/1009
f 988/311/1010 992/203/1010 994/204/1010
f 989/205/1011 992/206/1011 991/207/1011
f 990/208/1012 992/206/1012 993/209/1012
f 995/314/1013 999/211/1013 1001/212/1013
f 996/213/1014 999/214/1014 998/215/1014
f 997/216/1015 999/214/1015 1000/217/1015
f 1002/218/1016 1006/219/1016 1008/220/1016
f 1003/221/1017 1006/222/1017 1005/223/1017
f 1004/339/1018 1006/222/1018 1007/225/1018
f 1009/226/1019 1013/227/1019 1015/228/1019
f 1010/229/1020 1013/230/1020 1012/231/1020
f 1011/232/1021 1013/230/1021 1014/233/1021
f 1016/234/1022 1020/235/1022 1022/236/1022
f 1017/237/1023 1020/238/1023 1019/239/1023
f 1018/240/1024 1020/238/1024 1021/241/1024
f 1023/340/1025 1027/243/1025 1029/244/1025
f 1024/245/1026 1027/246/1026 1026/247/1026
f 1025/341/1027 1027/246/1027 1028/249/1027
f 1030/250/1028 1034/251/1028 1036/252/1028
f 1031/253/1029 1034/254/1029 1033/255/1029
f 1032/256/1030 1034/254/1030 1035/257/1030
f 1037/258/1031 1041/259/1031 1043/260/1031
f 1038/261/1032 1041/262/1032 1040/263/1032
f 1039/342/1033 1041/262/1033 1042/265/1033
f 1044/266/1034 1048/267/1034 1050/268/1034
f 1045/269/1035 1048/270/1035 1047/271/1035
f 1046/272/1036 1048/270/1036 1049/273/1036
f 955/335/1037 970/183/1037 959/274/1037
f 970/343/1038 953/160/1038 959/162/1038
f 976/307/1039 963/174/1039 980/275/1039
f 963/334/1040 974/338/1040 980/188/1040
f 954/163/1041 965/177/1041 958/276/1041
f 965/277/1042 955/335/1042 958/168/1042
f 969/184/1043 979/193/1043 975/189/1043
f 979/193/1044 968/181/1044 976/307/1044
f 982/197/1045 973/278/1045 969/184/1045
f 984/279/1046 967/337/1046 973/180/1046
f 990/208/1047 977/191/1047 994/280/1047
f 977/281/1048 988/311/1048 994/204/1048
f 983/200/1049 993/209/1049 989/205/1049
f 993/209/1050 982/197/1050 990/208/1050
f 996/213/1051 987/282/1051 983/200/1051
f 998/344/1052 981/194/1052 987/196/1052
f 1004/339/1053 991/207/1053 1008/283/1053
f 991/284/1054 1002/218/1054 1008/220/1054
f 997/216/1055 1007/225/1055 1003/221/1055
f 1007/225/1056 996/213/1056 1004/339/1056
f 997/216/1057 1012/231/1057 1001/285/1057
f 1012/286/1058 995/314/1058 1001/212/1058
f 1018/240/1059 1005/223/1059 1022/287/1059
f 1005/345/1060 1016/234/1060 1022/236/1060
f 1011/232/1061 1021/241/1061 1017/237/1061
f 1021/241/1062 1010/229/1062 1018/240/1062
f 1011/232/1063 1026/247/1063 1015/288/1063
f 1026/289/1064 1009/226/1064 1015/228/1064
f 1032/256/1065 1019/239/1065 1036/290/1065
f 1019/291/1066 1030/250/1066 1036/252/1066
f 1025/341/1067 1035/257/1067 1031/253/1067
f 1035/257/1068 1024/245/1068 1032/256/1068
f 1025/341/1069 1040/263/1069 1029/292/1069
f 1040/293/1070 1023/340/1070 1029/244/1070
f 1046/272/1071 1033/255/1071 1050/294/1071
f 1050/268/1072 1030/250/1072 1044/266/1072
f 1039/342/1073 1049/273/1073 1045/269/1073
f 1049/273/1074 1038/261/1074 1046/272/1074
f 1039/342/1075 956/165/1075 1043/296/1075
f 1043/260/1076 953/160/1076 1037/258/1076
f 962/175/1077 1047/271/1077 966/298/1077
f 966/171/1078 1044/266/1078 960/169/1078
f 967/337/1079 995/314/1079 1023/340/1079
f 955/335/1080 976/307/1080 968/181/1080
f 1039/342/1081 962/175/1081 954/163/1081
f 960/169/1082 1030/250/1082 1002/218/1082
f 969/184/1083 990/208/1083 982/197/1083
f 983/200/1084 1004/339/1084 996/213/1084
f 997/216/1085 1018/240/1085 1010/229/1085
f 1011/232/1086 1032/256/1086 1024/245/1086
f 1025/341/1087 1046/272/1087 1038/261/1087
f 1051/160/1088 1055/161/1088 1057/162/1088
f 1052/300/1089 1055/164/1089 1054/165/1089
f 1053/166/1090 1055/167/1090 1056/168/1090
f 1058/301/1091 1062/170/1091 1064/171/1091
f 1059/172/1092 1062/173/1092 1061/174/1092
f 1060/302/1093 1062/176/1093 1063/177/1093
f 1065/178/1094 1069/179/1094 1071/180/1094
f 1066/181/1095 1069/182/1095 1068/183/1095
f 1067/346/1096 1069/182/1096 1070/304/1096
f 1072/305/1097 1076/187/1097 1078/188/1097
f 1073/306/1098 1076/190/1098 1075/191/1098
f 1074/307/1099 1076/190/1099 1077/308/1099
f 1079/194/1100 1083/195/1100 1085/196/1100
f 1080/197/1101 1083/198/1101 1082/199/1101
f 1081/309/1102 1083/198/1102 1084/310/1102
f 1086/311/1103 1090/203/1103 1092/204/1103
f 1087/205/1104 1090/206/1104 1089/207/1104
f 1088/312/1105 1090/206/1105 1091/313/1105
f 1093/314/1106 1097/211/1106 1099/212/1106
f 1094/213/1107 1097/214/1107 1096/215/1107
f 1095/315/1108 1097/214/1108 1098/316/1108
f 1100/218/1109 1104/219/1109 1106/220/1109
f 1101/221/1110 1104/222/1110 1103/223/1110
f 1102/318/1111 1104/222/1111 1105/319/1111
f 1107/320/1112 1111/227/1112 1113/228/1112
f 1108/321/1113 1111/230/1113 1110/231/1113
f 1109/322/1114 1111/230/1114 1112/323/1114
f 1114/324/1115 1118/235/1115 1120/236/1115
f 1115/325/1116 1118/238/1116 1117/239/1116
f 1116/221/1117 1118/238/1117 1119/326/1117
f 1121/242/1118 1125/243/1118 1127/244/1118
f 1122/245/1119 1125/246/1119 1124/247/1119
f 1123/327/1120 1125/246/1120 1126/328/1120
f 1128/250/1121 1132/251/1121 1134/252/1121
f 1129/329/1122 1132/254/1122 1131/255/1122
f 1130/256/1123 1132/254/1123 1133/257/1123
f 1135/330/1124 1139/259/1124 1141/260/1124
f 1136/261/1125 1139/262/1125 1138/263/1125
f 1137/331/1126 1139/262/1126 1140/265/1126
f 1142/332/1127 1146/267/1127 1148/268/1127
f 1143/333/1128 1146/270/1128 1145/271/1128
f 1144/272/1129 1146/270/1129 1147/273/1129
f 1066/181/1130 1057/274/1130 1053/166/1130
f 1057/162/1131 1065/178/1131 1051/160/1131
f 1074/307/1132 1061/174/1132 1078/275/1132
f 1078/188/1133 1058/301/1133 1072/305/1133
f 1052/300/1134 1063/177/1134 1056/276/1134
f 1063/277/1135 1053/166/1135 1056/168/1135
f 1067/346/1136 1077/308/1136 1073/306/1136
f 1077/308/1137 1066/181/1137 1074/307/1137
f 1080/197/1138 1071/278/1138 1067/346/1138
f 1082/279/1139 1065/178/1139 1071/180/1139
f 1088/312/1140 1075/191/1140 1092/280/1140
f 1092/204/1141 1072/305/1141 1086/311/1141
f 1081/309/1142 1091/313/1142 1087/205/1142
f 1091/313/1143 1080/197/1143 1088/312/1143
f 1081/309/1144 1096/215/1144 1085/282/1144
f 1085/196/1145 1093/314/1145 1079/194/1145
f 1102/318/1146 1089/207/1146 1106/283/1146
f 1089/284/1147 1100/218/1147 1106/220/1147
f 1095/315/1148 1105/319/1148 1101/221/1148
f 1105/319/1149 1094/213/1149 1102/318/1149
f 1108/321/1150 1099/285/1150 1095/315/1150
f 1110/286/1151 1093/314/1151 1099/212/1151
f 1116/221/1152 1103/223/1152 1120/287/1152
f 1120/236/1153 1100/218/1153 1114/324/1153
f 1109/322/1154 1119/326/1154 1115/325/1154
f 1119/326/1155 1108/321/1155 1116/221/1155
f 1109/322/1156 1124/247/1156 1113/288/1156
f 1124/289/1157 1107/320/1157 1113/228/1157
f 1130/256/1158 1117/239/1158 1134/290/1158
f 1134/252/1159 1114/324/1159 1128/250/1159
f 1123/327/1160 1133/257/1160 1129/329/1160
f 1133/257/1161 1122/245/1161 1130/256/1161
f 1136/261/1162 1127/292/1162 1123/327/1162
f 1138/293/1163 1121/242/1163 1127/244/1163
f 1144/272/1164 1131/255/1164 1148/294/1164
f 1148/268/1165 1128/250/1165 1142/332/1165
f 1137/331/1166 1147/273/1166 1143/333/1166
f 1147/273/1167 1136/261/1167 1144/272/1167
f 1137/331/1168 1054/165/1168 1141/296/1168
f 1141/260/1169 1051/160/1169 1135/330/1169
f 1060/302/1170 1145/271/1170 1064/298/1170
f 1064/171/1171 1142/332/1171 1058/301/1171
f 1065/178/1172 1093/314/1172 1121/242/1172
f 1053/166/1173 1074/307/1173 1066/181/1173
f 1137/331/1174 1060/302/1174 1052/300/1174
f 1058/301/1175 1128/250/1175 1100/218/1175
f 1067/346/1176 1088/312/1176 1080/197/1176
f 1081/309/1177 1102/318/1177 1094/213/1177
f 1095/315/1178 1116/221/1178 1108/321/1178
f 1109/322/1179 1130/256/1179 1122/245/1179
f 1123/327/1180 1144/272/1180 1136/261/1180
f 1149/1/1181 1153/2/1181 1155/3/1181
f 1150/347/1182 1153/5/1182 1152/6/1182
f 1155/7/1183 1154/8/1183 1151/348/1183
f 1156/349/1184 1160/11/1184 1162/12/1184
f 1157/13/1185 1160/14/1185 1159/15/1185
f 1162/16/1186 1161/17/1186 1158/350/1186
f 1163/19/1187 1167/20/1187 1169/21/1187
f 1168/76/1188 1166/23/1188 1164/351/1188
f 1165/75/1189 1167/26/1189 1168/76/1189
f 1170/93/1190 1174/28/1190 1176/29/1190
f 1171/90/1191 1174/31/1191 1173/32/1191
f 1176/33/1192 1175/34/1192 1172/88/1192
f 1177/36/1193 1181/37/1193 1183/38/1193
f 1182/352/1194 1180/353/1194 1178/78/1194
f 1179/42/1195 1181/37/1195 1182/352/1195
f 1184/43/1196 1188/44/1196 1190/354/1196
f 1185/81/1197 1188/44/1197 1187/355/1197
f 1190/354/1198 1189/48/1198 1186/82/1198
f 1191/50/1199 1195/51/1199 1197/52/1199
f 1192/356/1200 1195/51/1200 1194/54/1200
f 1197/52/1201 1196/55/1201 1193/357/1201
f 1198/85/1202 1202/58/1202 1204/84/1202
f 1203/60/1203 1201/61/1203 1199/358/1203
f 1200/86/1204 1202/58/1204 1203/60/1204
f 1163/19/1205 1155/3/1205 1166/64/1205
f 1155/7/1206 1164/351/1206 1166/23/1206
f 1156/349/1207 1154/65/1207 1150/347/1207
f 1154/8/1208 1158/350/1208 1151/348/1208
f 1170/93/1209 1161/66/1209 1157/13/1209
f 1176/33/1210 1158/350/1210 1161/17/1210
f 1171/90/1211 1168/76/1211 1175/34/1211
f 1175/34/1212 1164/351/1212 1172/88/1212
f 1191/50/1213 1169/21/1213 1194/54/1213
f 1194/54/1214 1165/75/1214 1192/356/1214
f 1198/85/1215 1173/68/1215 1170/93/1215
f 1173/32/1216 1200/86/1216 1171/90/1216
f 1193/357/1217 1203/60/1217 1199/358/1217
f 1203/60/1218 1192/356/1218 1200/86/1218
f 1177/36/1219 1197/52/1219 1180/353/1219
f 1197/52/1220 1178/78/1220 1180/353/1220
f 1184/43/1221 1201/61/1221 1198/85/1221
f 1190/354/1222 1199/358/1222 1201/61/1222
f 1185/81/1223 1182/352/1223 1189/48/1223
f 1182/352/1224 1186/82/1224 1189/48/1224
f 1177/36/1225 1152/69/1225 1149/1/1225
f 1183/38/1226 1150/347/1226 1152/6/1226
f 1157/13/1227 1187/355/1227 1184/43/1227
f 1187/355/1228 1156/349/1228 1185/81/1228
f 1191/50/1229 1149/1/1229 1163/19/1229
f 1158/350/1230 1164/351/1230 1151/348/1230
f 1185/81/1231 1150/347/1231 1179/42/1231
f 1198/85/1232 1157/13/1232 1184/43/1232
f 1165/75/1233 1200/86/1233 1192/356/1233
f 1199/358/1234 1178/78/1234 1193/357/1234
f 1205/1/1235 1209/2/1235 1211/3/1235
f 1210/65/1236 1208/6/1236 1206/347/1236
f 1207/348/1237 1209/71/1237 1210/8/1237
f 1215/70/1238 1218/12/1238 1212/349/1238
f 1213/72/1239 1216/14/1239 1215/15/1239
f 1214/350/1240 1216/73/1240 1217/17/1240
f 1219/19/1241 1223/20/1241 1225/21/1241
f 1220/74/1242 1223/26/1242 1222/23/1242
f 1225/67/1243 1224/76/1243 1221/75/1243
f 1226/27/1244 1230/28/1244 1232/29/1244
f 1231/34/1245 1229/32/1245 1227/90/1245
f 1228/88/1246 1230/31/1246 1231/34/1246
f 1233/36/1247 1237/37/1247 1239/38/1247
f 1234/78/1248 1237/37/1248 1236/353/1248
f 1239/38/1249 1238/352/1249 1235/42/1249
f 1240/43/1250 1244/44/1250 1246/354/1250
f 1245/48/1251 1243/355/1251 1241/81/1251
f 1242/82/1252 1244/44/1252 1245/48/1252
f 1247/83/1253 1251/51/1253 1253/52/1253
f 1252/55/1254 1250/54/1254 1248/356/1254
f 1249/357/1255 1251/51/1255 1252/55/1255
f 1254/85/1256 1258/58/1256 1260/59/1256
f 1255/358/1257 1258/58/1257 1257/61/1257
f 1260/59/1258 1259/60/1258 1256/86/1258
f 1205/1/1259 1222/64/1259 1219/19/1259
f 1211/7/1260 1220/74/1260 1222/23/1260
f 1212/349/1261 1210/65/1261 1206/347/1261
f 1218/16/1262 1207/348/1262 1210/8/1262
f 1226/27/1263 1217/66/1263 1213/72/1263
f 1232/33/1264 1214/350/1264 1217/17/1264
f 1221/75/1265 1231/34/1265 1227/90/1265
f 1224/76/1266 1228/88/1266 1231/34/1266
f 1219/19/1267 1250/54/1267 1247/83/1267
f 1225/67/1268 1248/356/1268 1250/54/1268
f 1254/85/1269 1229/68/1269 1226/27/1269
f 1229/32/1270 1256/86/1270 1227/90/1270
f 1255/358/1271 1252/55/1271 1259/60/1271
f 1252/55/1272 1256/86/1272 1259/60/1272
f 1233/36/1273 1253/52/1273 1236/353/1273
f 1236/353/1274 1249/357/1274 1234/78/1274
f 1240/43/1275 1257/61/1275 1254/85/1275
f 1257/61/1276 1242/82/1276 1255/358/1276
f 1241/81/1277 1238/352/1277 1245/48/1277
f 1245/48/1278 1234/78/1278 1242/82/1278
f 1205/1/1279 1239/38/1279 1208/69/1279
f 1208/6/1280 1235/42/1280 1206/347/1280
f 1240/43/1281 1215/15/1281 1243/355/1281
f 1215/70/1282 1241/81/1282 1243/355/1282
f 1247/83/1283 1205/1/1283 1219/19/1283
f 1214/350/1284 1220/74/1284 1207/348/1284
f 1241/81/1285 1206/347/1285 1235/42/1285
f 1226/27/1286 1240/43/1286 1254/85/1286
f 1221/75/1287 1256/86/1287 1248/356/1287
f 1255/358/1288 1234/78/1288 1249/357/1288
f 1261/89/1289 1265/2/1289 1267/3/1289
f 1262/347/1290 1265/5/1290 1264/6/1290
f 1267/7/1291 1266/8/1291 1263/348/1291
f 1268/349/1292 1272/11/1292 1274/12/1292
f 1269/13/1293 1272/14/1293 1271/15/1293
f 1274/16/1294 1273/17/1294 1270/350/1294
f 1275/87/1295 1279/20/1295 1281/21/1295
f 1280/76/1296 1278/23/1296 1276/74/1296
f 1277/75/1297 1279/26/1297 1280/76/1297
f 1282/93/1298 1286/28/1298 1288/29/1298
f 1283/359/1299 1286/31/1299 1285/32/1299
f 1288/33/1300 1287/34/1300 1284/88/1300
f 1289/96/1301 1293/37/1301 1295/38/1301
f 1294/352/1302 1292/353/1302 1290/78/1302
f 1291/42/1303 1293/37/1303 1294/352/1303
f 1296/43/1304 1300/44/1304 1302/354/1304
f 1297/81/1305 1300/44/1305 1299/355/1305
f 1302/354/1306 1301/48/1306 1298/82/1306
f 1303/50/1307 1307/51/1307 1309/52/1307
f 1304/356/1308 1307/51/1308 1306/54/1308
f 1309/52/1309 1308/55/1309 1305/357/1309
f 1310/85/1310 1314/58/1310 1316/59/1310
f 1315/60/1311 1313/61/1311 1311/358/1311
f 1312/86/1312 1314/58/1312 1315/60/1312
f 1261/89/1313 1278/64/1313 1275/87/1313
f 1278/23/1314 1263/348/1314 1276/74/1314
f 1268/349/1315 1266/65/1315 1262/347/1315
f 1274/16/1316 1263/348/1316 1266/8/1316
f 1269/13/1317 1288/29/1317 1273/66/1317
f 1273/17/1318 1284/88/1318 1270/350/1318
f 1277/75/1319 1287/34/1319 1283/359/1319
f 1280/76/1320 1284/88/1320 1287/34/1320
f 1275/87/1321 1306/54/1321 1303/50/1321
f 1281/67/1322 1304/356/1322 1306/54/1322
f 1310/85/1323 1285/68/1323 1282/93/1323
f 1316/59/1324 1283/359/1324 1285/32/1324
f 1311/358/1325 1308/55/1325 1315/60/1325
f 1308/55/1326 1312/86/1326 1315/60/1326
f 1289/96/1327 1309/52/1327 1292/353/1327
f 1292/353/1328 1305/357/1328 1290/78/1328
f 1296/43/1329 1313/61/1329 1310/85/1329
f 1302/354/1330 1311/358/1330 1313/61/1330
f 1291/42/1331 1301/48/1331 1297/81/1331
f 1301/48/1332 1290/78/1332 1298/82/1332
f 1289/96/1333 1264/69/1333 1261/89/1333
f 1264/6/1334 1291/42/1334 1262/347/1334
f 1296/43/1335 1271/15/1335 1299/355/1335
f 1299/355/1336 1268/349/1336 1297/81/1336
f 1303/50/1337 1261/89/1337 1275/87/1337
f 1263/348/1338 1284/88/1338 1276/74/1338
f 1291/42/1339 1268/349/1339 1262/347/1339
f 1282/93/1340 1296/43/1340 1310/85/1340
f 1283/359/1341 1304/356/1341 1277/75/1341
f 1305/357/1342 1298/82/1342 1290/78/1342
f 1317/89/1343 1321/2/1343 1323/3/1343
f 1322/65/1344 1320/6/1344 1318/347/1344
f 1319/348/1345 1321/71/1345 1322/8/1345
f 1327/70/1346 1330/12/1346 1324/349/1346
f 1325/13/1347 1328/14/1347 1327/15/1347
f 1326/350/1348 1328/73/1348 1329/17/1348
f 1331/19/1349 1335/20/1349 1337/21/1349
f 1332/74/1350 1335/26/1350 1334/23/1350
f 1337/67/1351 1336/76/1351 1333/25/1351
f 1338/27/1352 1342/28/1352 1344/29/1352
f 1343/34/1353 1341/32/1353 1339/90/1353
f 1340/360/1354 1342/31/1354 1343/34/1354
f 1345/96/1355 1349/37/1355 1351/38/1355
f 1346/361/1356 1349/37/1356 1348/353/1356
f 1351/38/1357 1350/352/1357 1347/42/1357
f 1352/43/1358 1356/44/1358 1358/362/1358
f 1357/48/1359 1355/355/1359 1353/81/1359
f 1354/49/1360 1356/44/1360 1357/48/1360
f 1359/50/1361 1363/51/1361 1365/52/1361
f 1364/55/1362 1362/54/1362 1360/356/1362
f 1361/357/1363 1363/51/1363 1364/55/1363
f 1366/85/1364 1370/58/1364 1372/59/1364
f 1367/358/1365 1370/58/1365 1369/61/1365
f 1372/59/1366 1371/60/1366 1368/86/1366
f 1331/19/1367 1323/3/1367 1334/64/1367
f 1323/7/1368 1332/74/1368 1334/23/1368
f 1318/347/1369 1330/12/1369 1322/65/1369
f 1330/16/1370 1319/348/1370 1322/8/1370
f 1338/27/1371 1329/66/1371 1325/13/1371
f 1329/17/1372 1340/360/1372 1326/350/1372
f 1333/25/1373 1343/34/1373 1339/90/1373
f 1336/76/1374 1340/360/1374 1343/34/1374
f 1331/19/1375 1362/54/1375 1359/50/1375
f 1362/54/1376 1333/25/1376 1360/356/1376
f 1366/85/1377 1341/68/1377 1338/27/1377
f 1372/59/1378 1339/90/1378 1341/32/1378
f 1361/357/1379 1371/60/1379 1367/358/1379
f 1364/55/1380 1368/86/1380 1371/60/1380
f 1345/96/1381 1365/52/1381 1348/353/1381
f 1348/353/1382 1361/357/1382 1346/361/1382
f 1352/43/1383 1369/61/1383 1366/85/1383
f 1369/61/1384 1354/49/1384 1367/358/1384
f 1353/81/1385 1350/352/1385 1357/48/1385
f 1350/352/1386 1354/49/1386 1357/48/1386
f 1345/96/1387 1320/69/1387 1317/89/1387
f 1351/38/1388 1318/347/1388 1320/6/1388
f 1325/13/1389 1355/355/1389 1352/43/1389
f 1327/70/1390 1353/81/1390 1355/355/1390
f 1359/50/1391 1317/89/1391 1331/19/1391
f 1326/350/1392 1332/74/1392 1319/348/1392
f 1353/81/1393 1318/347/1393 1347/42/1393
f 1338/27/1394 1352/43/1394 1366/85/1394
f 1339/90/1395 1360/356/1395 1333/25/1395
f 1361/357/1396 1354/49/1396 1346/361/1396
f 1373/89/1397 1377/2/1397 1379/3/1397
f 1374/347/1398 1377/5/1398 1376/6/1398
f 1375/348/1399 1377/71/1399 1378/8/1399
f 1380/349/1400 1384/11/1400 1386/12/1400
f 1381/13/1401 1384/14/1401 1383/15/1401
f 1382/350/1402 1384/73/1402 1385/17/1402
f 1387/19/1403 1391/20/1403 1393/21/1403
f 1388/74/1404 1391/26/1404 1390/23/1404
f 1389/363/1405 1391/26/1405 1392/76/1405
f 1394/27/1406 1398/28/1406 1400/29/1406
f 1395/90/1407 1398/31/1407 1397/32/1407
f 1396/35/1408 1398/31/1408 1399/34/1408
f 1401/96/1409 1405/37/1409 1407/38/1409
f 1402/361/1410 1405/37/1410 1404/353/1410
f 1403/42/1411 1405/37/1411 1406/352/1411
f 1408/43/1412 1412/44/1412 1414/354/1412
f 1409/81/1413 1412/44/1413 1411/355/1413
f 1410/49/1414 1412/44/1414 1413/48/1414
f 1415/50/1415 1419/51/1415 1421/52/1415
f 1416/356/1416 1419/51/1416 1418/54/1416
f 1417/357/1417 1419/51/1417 1420/55/1417
f 1422/85/1418 1426/58/1418 1428/59/1418
f 1423/358/1419 1426/58/1419 1425/61/1419
f 1424/86/1420 1426/58/1420 1427/60/1420
f 1373/89/1421 1390/64/1421 1387/19/1421
f 1390/23/1422 1375/348/1422 1388/74/1422
f 1374/347/1423 1386/12/1423 1378/65/1423
f 1386/16/1424 1375/348/1424 1378/8/1424
f 1381/13/1425 1400/29/1425 1385/66/1425
f 1385/17/1426 1396/35/1426 1382/350/1426
f 1395/90/1427 1392/76/1427 1399/34/1427
f 1399/34/1428 1388/74/1428 1396/35/1428
f 1387/19/1429 1418/54/1429 1415/50/1429
f 1393/67/1430 1416/356/1430 1418/54/1430
f 1422/85/1431 1397/68/1431 1394/27/1431
f 1428/59/1432 1395/90/1432 1397/32/1432
f 1423/358/1433 1420/55/1433 1427/60/1433
f 1420/55/1434 1424/86/1434 1427/60/1434
f 1401/96/1435 1421/52/1435 1404/353/1435
f 1421/52/1436 1402/361/1436 1404/353/1436
f 1408/43/1437 1425/61/1437 1422/85/1437
f 1414/354/1438 1423/358/1438 1425/61/1438
f 1403/42/1439 1413/48/1439 1409/81/1439
f 1406/352/1440 1410/49/1440 1413/48/1440
f 1401/96/1441 1376/69/1441 1373/89/1441
f 1407/38/1442 1374/347/1442 1376/6/1442
f 1408/43/1443 1383/15/1443 1411/355/1443
f 1411/355/1444 1380/349/1444 1409/81/1444
f 1415/50/1445 1373/89/1445 1387/19/1445
f 1382/350/1446 1388/74/1446 1375/348/1446
f 1403/42/1447 1380/349/1447 1374/347/1447
f 1394/27/1448 1408/43/1448 1422/85/1448
f 1395/90/1449 1416/356/1449 1389/363/1449
f 1417/357/1450 1410/49/1450 1402/361/1450
f 60/69/1477 61/2/1477 63/3/1477
f 58/4/1478 62/65/1478 61/5/1478
f 59/9/1479 63/7/1479 61/71/1479
f 64/10/1480 67/70/1480 68/11/1480
f 69/66/1481 68/14/1481 67/15/1481
f 66/18/1482 70/16/1482 68/73/1482
f 74/64/1483 75/20/1483 77/21/1483
f 72/74/1484 76/76/1484 75/26/1484
f 73/75/1485 77/67/1485 75/26/1485
f 81/68/1486 82/28/1486 84/29/1486
f 79/30/1487 83/34/1487 82/31/1487
f 80/35/1488 84/33/1488 82/31/1488
f 88/40/1489 89/37/1489 91/38/1489
f 86/78/1490 90/39/1490 89/37/1490
f 87/79/1491 91/38/1491 89/37/1491
f 95/47/1492 96/44/1492 98/80/1492
f 93/81/1493 97/48/1493 96/44/1493
f 94/82/1494 98/80/1494 96/44/1494
f 102/54/1495 103/51/1495 105/52/1495
f 100/53/1496 104/55/1496 103/51/1496
f 101/56/1497 105/52/1497 103/51/1497
f 109/61/1498 110/58/1498 112/84/1498
f 107/62/1499 111/60/1499 110/58/1499
f 108/86/1500 112/84/1500 110/58/1500
f 57/1/79 63/3/79 74/64/79
f 63/7/80 59/9/80 72/74/80
f 58/4/1501 64/10/1501 70/12/1501
f 70/16/82 66/18/82 59/9/82
f 78/77/83 84/29/83 69/66/83
f 84/33/84 80/35/84 66/18/84
f 73/75/1502 76/76/1502 83/34/1502
f 83/34/86 76/76/86 72/74/86
f 71/19/87 77/21/87 102/54/87
f 77/67/88 73/75/88 100/53/88
f 106/85/89 112/84/89 81/68/89
f 81/32/90 112/84/90 108/86/90
f 101/56/91 104/55/91 111/60/91
f 104/55/92 100/53/92 108/86/92
f 99/83/93 105/52/93 88/40/93
f 105/52/94 101/56/94 86/78/94
f 92/43/95 98/80/95 109/61/95
f 109/61/96 98/80/96 94/82/96
f 87/79/97 90/39/97 97/48/97
f 90/39/98 86/78/98 94/82/98
f 85/36/99 91/38/99 60/69/99
f 60/6/100 91/38/100 87/79/100
f 65/72/101 67/15/101 95/47/101
f 67/70/102 64/10/102 93/81/102
f 99/83/103 85/36/103 57/1/103
f 59/9/104 66/18/104 80/35/104
f 93/81/105 64/10/105 58/4/105
f 78/77/106 65/72/106 92/43/106
f 73/75/107 79/30/107 108/86/107
f 107/62/108 94/82/108 86/78/108
f 116/69/1503 117/2/1503 119/3/1503
f 114/4/1504 118/65/1504 117/5/1504
f 115/9/1505 119/7/1505 117/71/1505
f 120/10/1506 123/70/1506 124/11/1506
f 125/66/1507 124/14/1507 123/15/1507
f 122/18/1508 126/16/1508 124/73/1508
f 130/64/1509 131/20/1509 133/21/1509
f 128/74/1510 132/76/1510 131/26/1510
f 129/25/1511 133/67/1511 131/26/1511
f 137/68/1512 138/28/1512 140/29/1512
f 135/30/1513 139/34/1513 138/31/1513
f 136/88/1514 140/33/1514 138/31/1514
f 144/40/1515 145/37/1515 147/38/1515
f 142/78/1516 146/39/1516 145/37/1516
f 143/79/1517 147/38/1517 145/37/1517
f 151/47/1518 152/44/1518 154/45/1518
f 149/81/1519 153/48/1519 152/44/1519
f 150/82/1520 154/45/1520 152/44/1520
f 158/54/1521 159/51/1521 161/52/1521
f 156/53/1522 160/55/1522 159/51/1522
f 157/56/1523 161/52/1523 159/51/1523
f 165/61/1524 166/58/1524 168/59/1524
f 163/62/1525 167/60/1525 166/58/1525
f 164/63/1526 168/59/1526 166/58/1526
f 127/87/133 113/1/133 119/3/133
f 130/23/134 119/7/134 115/9/134
f 114/4/1527 120/10/1527 126/12/1527
f 126/16/136 122/18/136 115/9/136
f 134/27/137 140/29/137 125/66/137
f 125/17/138 140/33/138 136/88/138
f 129/25/1528 132/76/1528 139/34/1528
f 132/76/140 128/74/140 136/88/140
f 127/87/141 133/21/141 158/54/141
f 133/67/142 129/25/142 156/53/142
f 162/57/143 168/59/143 137/68/143
f 168/59/144 164/63/144 135/30/144
f 157/56/1529 160/55/1529 167/60/1529
f 167/60/1530 160/55/1530 156/53/1530
f 155/50/147 161/52/147 144/40/147
f 161/52/148 157/56/148 142/78/148
f 148/43/149 154/45/149 165/61/149
f 165/61/150 154/45/150 150/82/150
f 143/79/151 146/39/151 153/48/151
f 153/48/152 146/39/152 142/78/152
f 113/1/153 141/36/153 147/38/153
f 147/38/154 143/79/154 114/4/154
f 148/43/155 121/13/155 123/15/155
f 151/47/156 123/70/156 120/10/156
f 155/50/157 141/36/157 113/1/157
f 122/18/158 136/88/158 128/74/158
f 149/81/159 120/10/159 114/4/159
f 134/27/160 121/13/160 148/43/160
f 129/25/161 135/30/161 164/63/161
f 163/62/162 150/82/162 142/78/162
f 169/89/1531 172/69/1531 173/2/1531
f 170/4/1532 174/65/1532 173/5/1532
f 171/9/1533 175/7/1533 173/71/1533
f 176/10/1534 179/70/1534 180/11/1534
f 177/13/1535 181/66/1535 180/14/1535
f 178/18/1536 182/16/1536 180/73/1536
f 183/87/1537 186/64/1537 187/20/1537
f 184/24/1538 188/22/1538 187/26/1538
f 185/25/1539 189/67/1539 187/26/1539
f 190/77/1540 193/68/1540 194/28/1540
f 191/90/1541 195/34/1541 194/31/1541
f 192/35/1542 196/33/1542 194/31/1542
f 197/91/1543 200/40/1543 201/37/1543
f 198/41/1544 202/39/1544 201/37/1544
f 199/79/1545 203/38/1545 201/37/1545
f 204/43/1546 207/47/1546 208/44/1546
f 205/46/1547 209/48/1547 208/44/1547
f 206/49/1548 210/45/1548 208/44/1548
f 211/50/1549 214/54/1549 215/51/1549
f 212/53/1550 216/55/1550 215/51/1550
f 213/56/1551 217/52/1551 215/51/1551
f 218/57/1552 221/61/1552 222/58/1552
f 219/62/1553 223/60/1553 222/58/1553
f 220/63/1554 224/84/1554 222/58/1554
f 169/89/187 175/3/187 186/64/187
f 175/7/188 171/9/188 184/24/188
f 170/4/189 176/10/189 182/12/189
f 182/16/190 178/18/190 171/9/190
f 190/77/191 196/29/191 181/66/191
f 196/33/192 192/35/192 178/18/192
f 185/25/193 188/22/193 195/34/193
f 188/22/194 184/24/194 192/35/194
f 183/87/195 189/21/195 214/54/195
f 189/67/196 185/25/196 212/53/196
f 218/57/197 224/84/197 193/68/197
f 224/84/198 220/63/198 191/90/198
f 213/56/199 216/55/199 223/60/199
f 216/55/200 212/53/200 220/63/200
f 211/50/201 217/52/201 200/40/201
f 200/40/202 217/52/202 213/56/202
f 218/57/1555 204/43/1555 210/45/1555
f 210/45/204 206/49/204 219/62/204
f 199/79/205 202/39/205 209/48/205
f 202/39/206 198/41/206 206/49/206
f 169/89/207 197/91/207 203/38/207
f 172/6/1556 203/38/1556 199/79/1556
f 177/13/209 179/15/209 207/47/209
f 179/70/210 176/10/210 205/46/210
f 183/87/211 211/50/211 197/91/211
f 171/9/212 178/18/212 192/35/212
f 205/46/213 176/10/213 170/4/213
f 218/57/214 190/77/214 177/13/214
f 185/25/215 191/90/215 220/63/215
f 213/56/216 219/62/216 206/49/216
f 225/1/1557 228/69/1557 229/2/1557
f 226/4/1558 230/65/1558 229/5/1558
f 231/7/1559 229/71/1559 230/8/1559
f 232/10/1560 235/70/1560 236/11/1560
f 233/92/1561 237/66/1561 236/14/1561
f 238/16/1562 236/73/1562 237/17/1562
f 239/19/1563 242/64/1563 243/20/1563
f 244/22/1564 243/26/1564 242/23/1564
f 241/25/1565 245/67/1565 243/26/1565
f 246/27/1566 249/68/1566 250/28/1566
f 247/90/1567 251/34/1567 250/31/1567
f 252/33/1568 250/31/1568 251/34/1568
f 253/36/1569 256/40/1569 257/37/1569
f 258/39/1570 257/37/1570 256/40/1570
f 255/42/1571 259/38/1571 257/37/1571
f 260/43/1572 263/47/1572 264/44/1572
f 261/46/1573 265/48/1573 264/44/1573
f 266/45/1574 264/44/1574 265/48/1574
f 267/50/1575 270/54/1575 271/51/1575
f 268/53/1576 272/55/1576 271/51/1576
f 273/52/1577 271/51/1577 272/55/1577
f 274/57/1578 277/61/1578 278/58/1578
f 279/60/1579 278/58/1579 277/61/1579
f 276/63/1580 280/59/1580 278/58/1580
f 225/1/241 231/3/241 242/64/241
f 231/7/242 227/9/242 240/24/242
f 232/10/243 238/12/243 230/65/243
f 230/8/244 238/16/244 234/18/244
f 246/27/245 252/29/245 237/66/245
f 252/33/246 248/35/246 234/18/246
f 241/25/247 244/22/247 251/34/247
f 244/22/248 240/24/248 248/35/248
f 239/19/249 245/21/249 270/54/249
f 245/67/250 241/25/250 268/53/250
f 246/27/251 274/57/251 280/59/251
f 249/32/1581 280/59/1581 276/63/1581
f 269/56/253 272/55/253 279/60/253
f 272/55/254 268/53/254 276/63/254
f 253/36/255 267/50/255 273/52/255
f 273/52/1582 269/56/1582 254/41/1582
f 274/57/257 260/43/257 266/45/257
f 277/61/258 266/45/258 262/82/258
f 255/42/1583 258/39/1583 265/48/1583
f 258/39/260 254/41/260 262/82/260
f 253/36/261 259/38/261 228/69/261
f 259/38/1584 255/42/1584 226/4/1584
f 233/92/263 235/15/263 263/47/263
f 235/70/264 232/10/264 261/46/264
f 267/50/265 253/36/265 225/1/265
f 234/18/266 248/35/266 240/24/266
f 261/46/267 232/10/267 226/4/267
f 274/57/268 246/27/268 233/92/268
f 241/25/269 247/90/269 276/63/269
f 269/56/270 275/62/270 262/82/270
f 281/1/1585 284/69/1585 285/2/1585
f 282/4/1586 286/65/1586 285/5/1586
f 287/7/1587 285/71/1587 286/8/1587
f 288/10/1588 291/70/1588 292/11/1588
f 289/13/1589 293/66/1589 292/14/1589
f 294/16/1590 292/73/1590 293/17/1590
f 295/19/1591 298/64/1591 299/20/1591
f 300/76/1592 299/26/1592 298/23/1592
f 297/75/1593 301/67/1593 299/26/1593
f 302/93/1594 305/68/1594 306/28/1594
f 303/30/1595 307/34/1595 306/31/1595
f 308/33/1596 306/31/1596 307/34/1596
f 309/36/1597 312/40/1597 313/37/1597
f 314/39/1598 313/37/1598 312/40/1598
f 311/79/1599 315/38/1599 313/37/1599
f 316/43/1600 319/47/1600 320/44/1600
f 317/46/1601 321/48/1601 320/44/1601
f 322/80/1602 320/44/1602 321/48/1602
f 323/50/1603 326/54/1603 327/51/1603
f 324/53/1604 328/55/1604 327/51/1604
f 329/52/1605 327/51/1605 328/55/1605
f 330/57/1606 333/61/1606 334/58/1606
f 335/60/1607 334/58/1607 333/61/1607
f 332/63/1608 336/59/1608 334/58/1608
f 281/1/295 287/3/295 298/64/295
f 287/7/1609 283/9/1609 296/74/1609
f 282/4/297 288/10/297 294/12/297
f 286/8/298 294/16/298 290/18/298
f 302/93/299 308/29/299 293/66/299
f 308/33/300 304/35/300 290/18/300
f 303/30/301 297/75/301 300/76/301
f 300/76/302 296/74/302 304/35/302
f 295/19/303 301/21/303 326/54/303
f 326/54/304 301/67/304 297/75/304
f 330/57/305 336/59/305 305/68/305
f 336/59/1610 332/63/1610 303/30/1610
f 331/62/307 325/56/307 328/55/307
f 335/60/308 328/55/308 324/53/308
f 323/50/309 329/52/309 312/40/309
f 312/40/310 329/52/310 325/56/310
f 330/57/311 316/43/311 322/80/311
f 333/61/1611 322/80/1611 318/94/1611
f 311/79/313 314/39/313 321/48/313
f 321/48/314 314/39/314 310/78/314
f 309/36/315 315/38/315 284/69/315
f 284/6/1612 315/38/1612 311/79/1612
f 316/43/317 289/13/317 291/15/317
f 291/70/318 288/10/318 317/46/318
f 323/50/319 309/36/319 281/1/319
f 290/18/320 304/35/320 296/74/320
f 317/46/321 288/10/321 282/4/321
f 302/93/322 289/13/322 316/43/322
f 303/30/323 332/63/323 324/53/323
f 325/56/324 331/62/324 318/94/324
f 340/69/1613 341/2/1613 343/3/1613
f 338/4/1614 342/65/1614 341/5/1614
f 339/9/1615 343/7/1615 341/71/1615
f 344/10/1616 347/70/1616 348/11/1616
f 349/66/1617 348/14/1617 347/15/1617
f 346/18/1618 350/16/1618 348/73/1618
f 354/64/1619 355/20/1619 357/21/1619
f 352/74/1620 356/76/1620 355/26/1620
f 353/75/1621 357/67/1621 355/26/1621
f 361/68/1622 362/28/1622 364/29/1622
f 359/30/1623 363/34/1623 362/31/1623
f 360/35/1624 364/33/1624 362/31/1624
f 368/40/1625 369/37/1625 371/38/1625
f 366/41/1626 370/39/1626 369/37/1626
f 367/79/1627 371/38/1627 369/37/1627
f 375/47/1628 376/44/1628 378/45/1628
f 373/81/1629 377/48/1629 376/44/1629
f 374/82/1630 378/45/1630 376/44/1630
f 382/54/1631 383/51/1631 385/52/1631
f 380/53/1632 384/55/1632 383/51/1632
f 381/56/1633 385/52/1633 383/51/1633
f 389/61/1634 390/58/1634 392/59/1634
f 387/62/1635 391/60/1635 390/58/1635
f 388/86/1636 392/59/1636 390/58/1636
f 337/1/349 343/3/349 354/64/349
f 343/7/1637 339/9/1637 352/74/1637
f 344/10/1638 350/12/1638 342/65/1638
f 350/16/352 346/18/352 339/9/352
f 345/13/353 358/27/353 364/29/353
f 364/33/354 360/35/354 346/18/354
f 353/75/1639 356/76/1639 363/34/1639
f 356/76/356 352/74/356 360/35/356
f 351/87/357 357/21/357 382/54/357
f 357/67/358 353/75/358 380/53/358
f 386/57/359 392/59/359 361/68/359
f 392/59/360 388/86/360 359/30/360
f 387/62/361 381/56/361 384/55/361
f 384/55/1640 380/53/1640 388/86/1640
f 379/83/363 385/52/363 368/40/363
f 385/52/364 381/56/364 366/41/364
f 372/43/365 378/45/365 389/61/365
f 389/61/366 378/45/366 374/82/366
f 367/79/1641 370/39/1641 377/48/1641
f 377/48/368 370/39/368 366/41/368
f 365/36/369 371/38/369 340/69/369
f 340/6/370 371/38/370 367/79/370
f 372/43/371 345/13/371 347/15/371
f 347/70/372 344/10/372 373/81/372
f 379/83/373 365/36/373 337/1/373
f 339/9/374 346/18/374 360/35/374
f 373/81/375 344/10/375 338/4/375
f 386/57/376 358/27/376 345/13/376
f 359/30/377 388/86/377 380/53/377
f 387/62/378 374/82/378 366/41/378
f 396/69/1642 397/2/1642 399/3/1642
f 394/4/1643 398/65/1643 397/5/1643
f 395/9/1644 399/7/1644 397/71/1644
f 400/10/1645 403/70/1645 404/11/1645
f 405/66/1646 404/14/1646 403/15/1646
f 402/95/1647 406/16/1647 404/73/1647
f 410/64/1648 411/20/1648 413/21/1648
f 408/74/1649 412/76/1649 411/26/1649
f 409/25/1650 413/67/1650 411/26/1650
f 417/68/1651 418/28/1651 420/29/1651
f 415/90/1652 419/34/1652 418/31/1652
f 416/88/1653 420/33/1653 418/31/1653
f 424/40/1654 425/37/1654 427/38/1654
f 422/41/1655 426/39/1655 425/37/1655
f 423/79/1656 427/38/1656 425/37/1656
f 431/47/1657 432/44/1657 434/45/1657
f 429/46/1658 433/48/1658 432/44/1658
f 430/49/1659 434/45/1659 432/44/1659
f 438/54/1660 439/51/1660 441/52/1660
f 436/53/1661 440/55/1661 439/51/1661
f 437/56/1662 441/52/1662 439/51/1662
f 445/61/1663 446/58/1663 448/84/1663
f 443/62/1664 447/60/1664 446/58/1664
f 444/63/1665 448/84/1665 446/58/1665
f 407/87/1666 393/1/1666 399/3/1666
f 410/23/404 399/7/404 395/9/404
f 394/4/405 400/10/405 406/12/405
f 406/16/406 402/95/406 395/9/406
f 414/77/1667 420/29/1667 405/66/1667
f 420/33/408 416/88/408 402/95/408
f 409/25/409 412/76/409 419/34/409
f 412/76/410 408/74/410 416/88/410
f 435/50/411 407/87/411 413/21/411
f 413/67/412 409/25/412 436/53/412
f 414/77/413 442/57/413 448/84/413
f 448/84/414 444/63/414 415/90/414
f 437/56/415 440/55/415 447/60/415
f 447/60/416 440/55/416 436/53/416
f 435/50/417 441/52/417 424/40/417
f 441/52/418 437/56/418 422/41/418
f 442/57/1668 428/43/1668 434/45/1668
f 445/61/420 434/45/420 430/49/420
f 423/79/421 426/39/421 433/48/421
f 426/39/422 422/41/422 430/49/422
f 421/91/423 427/38/423 396/69/423
f 427/38/424 423/79/424 394/4/424
f 401/13/1669 403/15/1669 431/47/1669
f 403/70/426 400/10/426 429/46/426
f 435/50/427 421/91/427 393/1/427
f 402/95/428 416/88/428 408/74/428
f 429/46/429 400/10/429 394/4/429
f 442/57/430 414/77/430 401/13/430
f 415/90/431 444/63/431 436/53/431
f 443/62/432 430/49/432 422/41/432
f 617/1/1755 620/69/1755 621/2/1755
f 618/4/1756 622/65/1756 621/5/1756
f 623/7/1757 621/71/1757 622/8/1757
f 624/10/1758 627/70/1758 628/11/1758
f 625/13/1759 629/66/1759 628/14/1759
f 630/16/1760 628/73/1760 629/17/1760
f 631/87/1761 634/64/1761 635/20/1761
f 636/76/1762 635/26/1762 634/23/1762
f 633/25/1763 637/67/1763 635/26/1763
f 638/27/1764 641/68/1764 642/28/1764
f 639/30/1765 643/34/1765 642/31/1765
f 644/33/1766 642/31/1766 643/34/1766
f 645/36/1767 648/40/1767 649/37/1767
f 650/39/1768 649/37/1768 648/40/1768
f 647/79/1769 651/38/1769 649/37/1769
f 652/43/1770 655/47/1770 656/44/1770
f 653/81/1771 657/48/1771 656/44/1771
f 658/45/1772 656/44/1772 657/48/1772
f 659/50/1773 662/54/1773 663/51/1773
f 660/53/1774 664/55/1774 663/51/1774
f 665/52/1775 663/51/1775 664/55/1775
f 666/57/1776 669/61/1776 670/58/1776
f 671/60/1777 670/58/1777 669/61/1777
f 668/63/1778 672/59/1778 670/58/1778
f 617/1/1779 623/3/1779 634/64/1779
f 623/7/620 619/9/620 632/74/620
f 618/4/1780 624/10/1780 630/12/1780
f 630/16/1781 626/18/1781 619/9/1781
f 638/27/623 644/29/623 629/66/623
f 644/33/1782 640/88/1782 626/18/1782
f 639/30/625 633/25/625 636/76/625
f 636/76/626 632/74/626 640/88/626
f 659/50/1783 631/87/1783 637/21/1783
f 637/67/628 633/25/628 660/53/628
f 666/57/629 672/59/629 641/68/629
f 641/32/630 672/59/630 668/63/630
f 667/62/631 661/56/631 664/55/631
f 664/55/632 660/53/632 668/63/632
f 645/36/1784 659/50/1784 665/52/1784
f 648/40/634 665/52/634 661/56/634
f 652/43/635 658/45/635 669/61/635
f 658/45/1785 654/82/1785 667/62/1785
f 647/79/637 650/39/637 657/48/637
f 650/39/638 646/78/638 654/82/638
f 645/36/639 651/38/639 620/69/639
f 651/38/640 647/79/640 618/4/640
f 625/13/641 627/15/641 655/47/641
f 627/70/642 624/10/642 653/81/642
f 659/50/643 645/36/643 617/1/643
f 619/9/644 626/18/644 640/88/644
f 653/81/645 624/10/645 618/4/645
f 638/27/646 625/13/646 652/43/646
f 639/30/647 668/63/647 660/53/647
f 667/62/648 654/82/648 646/78/648
f 757/160/1786 760/297/1786 761/161/1786
f 758/163/1787 762/276/1787 761/164/1787
f 759/166/1788 763/274/1788 761/167/1788
f 764/169/1789 767/334/1789 768/170/1789
f 765/172/1790 769/277/1790 768/173/1790
f 766/175/1791 770/298/1791 768/176/1791
f 771/178/1792 774/343/1792 775/179/1792
f 772/181/1793 776/185/1793 775/182/1793
f 773/184/1794 777/278/1794 775/182/1794
f 778/186/1795 781/281/1795 782/187/1795
f 779/189/1796 783/193/1796 782/190/1796
f 780/192/1797 784/275/1797 782/190/1797
f 785/194/1798 788/279/1798 789/195/1798
f 786/197/1799 790/201/1799 789/198/1799
f 787/200/1800 791/282/1800 789/198/1800
f 792/202/1801 795/284/1801 796/203/1801
f 793/205/1802 797/209/1802 796/206/1802
f 794/208/1803 798/280/1803 796/206/1803
f 799/210/1804 802/344/1804 803/211/1804
f 800/213/1805 804/217/1805 803/214/1805
f 801/216/1806 805/285/1806 803/214/1806
f 806/218/1807 809/345/1807 810/219/1807
f 807/221/1808 811/225/1808 810/222/1808
f 808/224/1809 812/283/1809 810/222/1809
f 813/226/1810 816/286/1810 817/227/1810
f 814/229/1811 818/233/1811 817/230/1811
f 815/232/1812 819/288/1812 817/230/1812
f 820/234/1813 823/291/1813 824/235/1813
f 821/237/1814 825/241/1814 824/238/1814
f 822/240/1815 826/287/1815 824/238/1815
f 827/242/1816 830/289/1816 831/243/1816
f 828/245/1817 832/249/1817 831/246/1817
f 829/248/1818 833/292/1818 831/246/1818
f 834/250/1819 837/295/1819 838/251/1819
f 835/253/1820 839/257/1820 838/254/1820
f 836/256/1821 840/290/1821 838/254/1821
f 841/258/1822 844/293/1822 845/259/1822
f 842/261/1823 846/265/1823 845/262/1823
f 843/264/1824 847/296/1824 845/262/1824
f 848/266/1825 851/364/1825 852/267/1825
f 849/269/1826 853/273/1826 852/270/1826
f 850/272/1827 854/294/1827 852/270/1827
f 759/166/1828 772/181/1828 774/183/1828
f 763/162/852 774/343/852 771/178/852
f 780/192/879 765/172/879 767/174/879
f 784/188/854 767/334/854 764/169/854
f 758/163/855 766/175/855 769/177/855
f 769/277/856 765/172/856 759/166/856
f 773/184/857 776/185/857 783/193/857
f 783/193/858 776/185/858 772/181/858
f 773/184/859 786/197/859 788/199/859
f 788/279/860 785/194/860 771/178/860
f 794/208/879 779/189/879 781/191/879
f 781/281/862 778/186/862 792/202/862
f 787/200/863 790/201/863 797/209/863
f 797/209/864 790/201/864 786/197/864
f 787/200/865 800/213/865 802/215/865
f 791/196/866 802/344/866 799/210/866
f 808/224/879 793/205/879 795/207/879
f 795/284/868 792/202/868 806/218/868
f 801/216/869 804/217/869 811/225/869
f 811/225/870 804/217/870 800/213/870
f 814/229/871 816/231/871 805/285/871
f 816/286/872 813/226/872 799/210/872
f 822/240/879 807/221/879 809/223/879
f 826/236/1829 809/345/1829 806/218/1829
f 815/232/875 818/233/875 825/241/875
f 825/241/876 818/233/876 814/229/876
f 815/232/877 828/245/877 830/247/877
f 830/289/1830 827/242/1830 813/226/1830
f 821/237/1831 823/239/1831 840/290/1831
f 823/291/880 820/234/880 834/250/880
f 829/248/881 832/249/881 839/257/881
f 839/257/882 832/249/882 828/245/882
f 829/248/1832 842/261/1832 844/263/1832
f 844/293/884 841/258/884 827/242/884
f 835/253/1833 837/255/1833 854/294/1833
f 837/295/1834 834/250/1834 848/266/1834
f 843/264/887 846/265/887 853/273/887
f 853/273/888 846/265/888 842/261/888
f 843/264/889 758/163/889 760/165/889
f 760/297/890 757/160/890 841/258/890
f 766/175/879 849/269/879 851/271/879
f 770/171/1835 851/364/1835 848/266/1835
f 841/258/1836 757/160/1836 771/178/1836
f 771/178/893 785/194/893 799/210/893
f 799/210/893 813/226/893 827/242/893
f 827/242/1836 841/258/1836 771/178/1836
f 759/166/879 765/172/879 780/192/879
f 843/264/879 849/269/879 766/175/879
f 792/202/1837 778/186/1837 764/169/1837
f 764/169/1837 848/266/1837 834/250/1837
f 834/250/1837 820/234/1837 806/218/1837
f 806/218/1837 792/202/1837 764/169/1837
f 773/184/879 779/189/879 794/208/879
f 787/200/879 793/205/879 808/224/879
f 801/216/879 807/221/879 822/240/879
f 815/232/1838 821/237/1838 836/256/1838
f 835/253/879 850/272/879 842/261/879
f 855/299/1839 858/297/1839 859/161/1839
f 856/300/1840 860/276/1840 859/164/1840
f 857/166/1841 861/274/1841 859/167/1841
f 862/301/1842 865/334/1842 866/170/1842
f 863/172/1843 867/277/1843 866/173/1843
f 864/302/1844 868/298/1844 866/176/1844
f 869/178/1845 872/343/1845 873/179/1845
f 870/181/1846 874/304/1846 873/182/1846
f 871/303/1847 875/278/1847 873/182/1847
f 876/305/1848 879/281/1848 880/187/1848
f 877/306/1849 881/308/1849 880/190/1849
f 878/307/1850 882/275/1850 880/190/1850
f 883/194/1851 886/279/1851 887/195/1851
f 884/197/1852 888/310/1852 887/198/1852
f 885/309/1853 889/282/1853 887/198/1853
f 890/311/1854 893/284/1854 894/203/1854
f 891/205/1855 895/313/1855 894/206/1855
f 892/312/1856 896/280/1856 894/206/1856
f 897/314/1857 900/344/1857 901/211/1857
f 898/213/1858 902/316/1858 901/214/1858
f 899/315/1859 903/285/1859 901/214/1859
f 904/317/1860 907/345/1860 908/219/1860
f 905/221/1861 909/319/1861 908/222/1861
f 906/318/1862 910/283/1862 908/222/1862
f 911/320/1863 914/286/1863 915/227/1863
f 912/321/1864 916/323/1864 915/230/1864
f 913/322/1865 917/288/1865 915/230/1865
f 918/324/1866 921/291/1866 922/235/1866
f 919/325/1867 923/326/1867 922/238/1867
f 920/240/1868 924/287/1868 922/238/1868
f 925/242/1869 928/289/1869 929/243/1869
f 926/245/1870 930/328/1870 929/246/1870
f 927/327/1871 931/292/1871 929/246/1871
f 932/250/1872 935/295/1872 936/251/1872
f 933/329/1873 937/257/1873 936/254/1873
f 934/256/1874 938/290/1874 936/254/1874
f 939/330/1875 942/293/1875 943/259/1875
f 940/261/1876 944/265/1876 943/262/1876
f 941/331/1877 945/296/1877 943/262/1877
f 946/332/1878 949/364/1878 950/267/1878
f 947/333/1879 951/273/1879 950/270/1879
f 948/272/1880 952/294/1880 950/270/1880
f 870/181/944 872/183/944 861/274/944
f 861/162/945 872/343/945 869/178/945
f 878/307/879 863/172/879 865/174/879
f 865/334/1881 862/301/1881 876/305/1881
f 856/300/948 864/302/948 867/177/948
f 867/277/949 863/172/949 857/166/949
f 871/303/950 874/304/950 881/308/950
f 881/308/951 874/304/951 870/181/951
f 871/303/952 884/197/952 886/199/952
f 875/180/953 886/279/953 883/194/953
f 892/312/879 877/306/879 879/191/879
f 879/281/1882 876/305/1882 890/311/1882
f 885/309/956 888/310/956 895/313/956
f 895/313/957 888/310/957 884/197/957
f 885/309/1883 898/213/1883 900/215/1883
f 889/196/959 900/344/959 897/314/959
f 906/318/879 891/205/879 893/207/879
f 910/220/961 893/284/961 890/311/961
f 899/315/962 902/316/962 909/319/962
f 909/319/963 902/316/963 898/213/963
f 899/315/964 912/321/964 914/231/964
f 914/286/965 911/320/965 897/314/965
f 920/240/879 905/221/879 907/223/879
f 924/236/1884 907/345/1884 904/317/1884
f 913/322/968 916/323/968 923/326/968
f 923/326/969 916/323/969 912/321/969
f 913/322/970 926/245/970 928/247/970
f 917/228/971 928/289/971 925/242/971
f 934/256/879 919/325/879 921/239/879
f 921/291/1885 918/324/1885 932/250/1885
f 927/327/974 930/328/974 937/257/974
f 937/257/975 930/328/975 926/245/975
f 940/261/976 942/263/976 931/292/976
f 942/293/977 939/330/977 925/242/977
f 948/272/879 933/329/879 935/255/879
f 935/295/979 932/250/979 946/332/979
f 941/331/980 944/265/980 951/273/980
f 951/273/981 944/265/981 940/261/981
f 941/331/982 856/300/982 858/165/982
f 945/260/983 858/297/983 855/299/983
f 864/302/879 947/333/879 949/271/879
f 868/171/1886 949/364/1886 946/332/1886
f 939/330/986 855/299/986 869/178/986
f 869/178/1887 883/194/1887 897/314/1887
f 897/314/986 911/320/986 925/242/986
f 925/242/1887 939/330/1887 869/178/1887
f 857/166/879 863/172/879 878/307/879
f 941/331/879 947/333/879 864/302/879
f 890/311/1888 876/305/1888 862/301/1888
f 862/301/1888 946/332/1888 932/250/1888
f 932/250/1888 918/324/1888 904/317/1888
f 904/317/989 890/311/989 862/301/989
f 871/303/879 877/306/879 892/312/879
f 885/309/879 891/205/879 906/318/879
f 899/315/879 905/221/879 920/240/879
f 913/322/879 919/325/879 934/256/879
f 927/327/879 933/329/879 948/272/879
f 953/160/1889 956/297/1889 957/161/1889
f 954/163/1890 958/276/1890 957/164/1890
f 955/335/1891 959/274/1891 957/167/1891
f 960/169/1892 963/334/1892 964/170/1892
f 961/336/1893 965/277/1893 964/173/1893
f 962/175/1894 966/298/1894 964/176/1894
f 967/337/1895 970/343/1895 971/179/1895
f 968/181/1896 972/185/1896 971/182/1896
f 969/184/1897 973/278/1897 971/182/1897
f 974/338/1898 977/281/1898 978/187/1898
f 975/189/1899 979/193/1899 978/190/1899
f 976/307/1900 980/275/1900 978/190/1900
f 981/194/1901 984/279/1901 985/195/1901
f 982/197/1902 986/201/1902 985/198/1902
f 983/200/1903 987/282/1903 985/198/1903
f 988/311/1904 991/284/1904 992/203/1904
f 989/205/1905 993/209/1905 992/206/1905
f 990/208/1906 994/280/1906 992/206/1906
f 995/314/1907 998/344/1907 999/211/1907
f 996/213/1908 1000/217/1908 999/214/1908
f 997/216/1909 1001/285/1909 999/214/1909
f 1002/218/1910 1005/345/1910 1006/219/1910
f 1003/221/1911 1007/225/1911 1006/222/1911
f 1004/339/1912 1008/283/1912 1006/222/1912
f 1009/226/1913 1012/286/1913 1013/227/1913
f 1010/229/1914 1014/233/1914 1013/230/1914
f 1011/232/1915 1015/288/1915 1013/230/1915
f 1016/234/1916 1019/291/1916 1020/235/1916
f 1017/237/1917 1021/241/1917 1020/238/1917
f 1018/240/1918 1022/287/1918 1020/238/1918
f 1023/340/1919 1026/289/1919 1027/243/1919
f 1024/245/1920 1028/249/1920 1027/246/1920
f 1025/341/1921 1029/292/1921 1027/246/1921
f 1030/250/1922 1033/295/1922 1034/251/1922
f 1031/253/1923 1035/257/1923 1034/254/1923
f 1032/256/1924 1036/290/1924 1034/254/1924
f 1037/258/1925 1040/293/1925 1041/259/1925
f 1038/261/1926 1042/265/1926 1041/262/1926
f 1039/342/1927 1043/296/1927 1041/262/1927
f 1044/266/1928 1047/364/1928 1048/267/1928
f 1045/269/1929 1049/273/1929 1048/270/1929
f 1046/272/1930 1050/294/1930 1048/270/1930
f 955/335/1037 968/181/1037 970/183/1037
f 970/343/1038 967/337/1038 953/160/1038
f 976/307/879 961/336/879 963/174/879
f 963/334/1931 960/169/1931 974/338/1931
f 954/163/1041 962/175/1041 965/177/1041
f 965/277/1042 961/336/1042 955/335/1042
f 969/184/1043 972/185/1043 979/193/1043
f 979/193/1044 972/185/1044 968/181/1044
f 982/197/1045 984/199/1045 973/278/1045
f 984/279/1046 981/194/1046 967/337/1046
f 990/208/879 975/189/879 977/191/879
f 977/281/1932 974/338/1932 988/311/1932
f 983/200/1049 986/201/1049 993/209/1049
f 993/209/1050 986/201/1050 982/197/1050
f 996/213/1051 998/215/1051 987/282/1051
f 998/344/1052 995/314/1052 981/194/1052
f 1004/339/1933 989/205/1933 991/207/1933
f 991/284/1934 988/311/1934 1002/218/1934
f 997/216/1055 1000/217/1055 1007/225/1055
f 1007/225/1056 1000/217/1056 996/213/1056
f 997/216/1057 1010/229/1057 1012/231/1057
f 1012/286/1058 1009/226/1058 995/314/1058
f 1018/240/879 1003/221/879 1005/223/879
f 1005/345/1060 1002/218/1060 1016/234/1060
f 1011/232/1061 1014/233/1061 1021/241/1061
f 1021/241/1062 1014/233/1062 1010/229/1062
f 1011/232/1063 1024/245/1063 1026/247/1063
f 1026/289/1064 1023/340/1064 1009/226/1064
f 1032/256/879 1017/237/879 1019/239/879
f 1019/291/1935 1016/234/1935 1030/250/1935
f 1025/341/1067 1028/249/1067 1035/257/1067
f 1035/257/1068 1028/249/1068 1024/245/1068
f 1025/341/1069 1038/261/1069 1040/263/1069
f 1040/293/1070 1037/258/1070 1023/340/1070
f 1046/272/879 1031/253/879 1033/255/879
f 1050/268/1072 1033/295/1072 1030/250/1072
f 1039/342/1073 1042/265/1073 1049/273/1073
f 1049/273/1074 1042/265/1074 1038/261/1074
f 1039/342/1075 954/163/1075 956/165/1075
f 1043/260/1076 956/297/1076 953/160/1076
f 962/175/879 1045/269/879 1047/271/879
f 966/171/1936 1047/364/1936 1044/266/1936
f 1037/258/1079 953/160/1079 967/337/1079
f 967/337/1079 981/194/1079 995/314/1079
f 995/314/1079 1009/226/1079 1023/340/1079
f 1023/340/1079 1037/258/1079 967/337/1079
f 955/335/879 961/336/879 976/307/879
f 1039/342/879 1045/269/879 962/175/879
f 988/311/1082 974/338/1082 960/169/1082
f 960/169/1937 1044/266/1937 1030/250/1937
f 1030/250/1082 1016/234/1082 1002/218/1082
f 1002/218/1082 988/311/1082 960/169/1082
f 969/184/879 975/189/879 990/208/879
f 983/200/1838 989/205/1838 1004/339/1838
f 997/216/879 1003/221/879 1018/240/879
f 1011/232/879 1017/237/879 1032/256/879
f 1025/341/879 1031/253/879 1046/272/879
f 1051/160/1938 1054/297/1938 1055/161/1938
f 1052/300/1939 1056/276/1939 1055/164/1939
f 1053/166/1940 1057/274/1940 1055/167/1940
f 1058/301/1941 1061/334/1941 1062/170/1941
f 1059/172/1942 1063/277/1942 1062/173/1942
f 1060/302/1943 1064/298/1943 1062/176/1943
f 1065/178/1944 1068/343/1944 1069/179/1944
f 1066/181/1945 1070/304/1945 1069/182/1945
f 1067/346/1946 1071/278/1946 1069/182/1946
f 1072/305/1947 1075/281/1947 1076/187/1947
f 1073/306/1948 1077/308/1948 1076/190/1948
f 1074/307/1949 1078/275/1949 1076/190/1949
f 1079/194/1950 1082/279/1950 1083/195/1950
f 1080/197/1951 1084/310/1951 1083/198/1951
f 1081/309/1952 1085/282/1952 1083/198/1952
f 1086/311/1953 1089/284/1953 1090/203/1953
f 1087/205/1954 1091/313/1954 1090/206/1954
f 1088/312/1955 1092/280/1955 1090/206/1955
f 1093/314/1956 1096/344/1956 1097/211/1956
f 1094/213/1957 1098/316/1957 1097/214/1957
f 1095/315/1958 1099/285/1958 1097/214/1958
f 1100/218/1959 1103/345/1959 1104/219/1959
f 1101/221/1960 1105/319/1960 1104/222/1960
f 1102/318/1961 1106/283/1961 1104/222/1961
f 1107/320/1962 1110/286/1962 1111/227/1962
f 1108/321/1963 1112/323/1963 1111/230/1963
f 1109/322/1964 1113/288/1964 1111/230/1964
f 1114/324/1965 1117/291/1965 1118/235/1965
f 1115/325/1966 1119/326/1966 1118/238/1966
f 1116/221/1967 1120/287/1967 1118/238/1967
f 1121/242/1968 1124/289/1968 1125/243/1968
f 1122/245/1969 1126/328/1969 1125/246/1969
f 1123/327/1970 1127/292/1970 1125/246/1970
f 1128/250/1971 1131/295/1971 1132/251/1971
f 1129/329/1972 1133/257/1972 1132/254/1972
f 1130/256/1973 1134/290/1973 1132/254/1973
f 1135/330/1974 1138/293/1974 1139/259/1974
f 1136/261/1975 1140/265/1975 1139/262/1975
f 1137/331/1976 1141/296/1976 1139/262/1976
f 1142/332/1977 1145/364/1977 1146/267/1977
f 1143/333/1978 1147/273/1978 1146/270/1978
f 1144/272/1979 1148/294/1979 1146/270/1979
f 1066/181/1130 1068/183/1130 1057/274/1130
f 1057/162/1131 1068/343/1131 1065/178/1131
f 1074/307/879 1059/172/879 1061/174/879
f 1078/188/1980 1061/334/1980 1058/301/1980
f 1052/300/1134 1060/302/1134 1063/177/1134
f 1063/277/1135 1059/172/1135 1053/166/1135
f 1067/346/1136 1070/304/1136 1077/308/1136
f 1077/308/1137 1070/304/1137 1066/181/1137
f 1080/197/1138 1082/199/1138 1071/278/1138
f 1082/279/1139 1079/194/1139 1065/178/1139
f 1088/312/879 1073/306/879 1075/191/879
f 1092/204/1141 1075/281/1141 1072/305/1141
f 1081/309/1142 1084/310/1142 1091/313/1142
f 1091/313/1143 1084/310/1143 1080/197/1143
f 1081/309/1144 1094/213/1144 1096/215/1144
f 1085/196/1145 1096/344/1145 1093/314/1145
f 1102/318/1981 1087/205/1981 1089/207/1981
f 1089/284/1982 1086/311/1982 1100/218/1982
f 1095/315/1148 1098/316/1148 1105/319/1148
f 1105/319/1149 1098/316/1149 1094/213/1149
f 1108/321/1150 1110/231/1150 1099/285/1150
f 1110/286/1151 1107/320/1151 1093/314/1151
f 1116/221/879 1101/221/879 1103/223/879
f 1120/236/1983 1103/345/1983 1100/218/1983
f 1109/322/1154 1112/323/1154 1119/326/1154
f 1119/326/1155 1112/323/1155 1108/321/1155
f 1109/322/1156 1122/245/1156 1124/247/1156
f 1124/289/1157 1121/242/1157 1107/320/1157
f 1130/256/879 1115/325/879 1117/239/879
f 1134/252/1984 1117/291/1984 1114/324/1984
f 1123/327/1160 1126/328/1160 1133/257/1160
f 1133/257/1161 1126/328/1161 1122/245/1161
f 1136/261/1162 1138/263/1162 1127/292/1162
f 1138/293/1163 1135/330/1163 1121/242/1163
f 1144/272/879 1129/329/879 1131/255/879
f 1148/268/1985 1131/295/1985 1128/250/1985
f 1137/331/1166 1140/265/1166 1147/273/1166
f 1147/273/1167 1140/265/1167 1136/261/1167
f 1137/331/1168 1052/300/1168 1054/165/1168
f 1141/260/1169 1054/297/1169 1051/160/1169
f 1060/302/879 1143/333/879 1145/271/879
f 1064/171/1986 1145/364/1986 1142/332/1986
f 1135/330/1172 1051/160/1172 1065/178/1172
f 1065/178/1172 1079/194/1172 1093/314/1172
f 1093/314/1172 1107/320/1172 1121/242/1172
f 1121/242/1987 1135/330/1987 1065/178/1987
f 1053/166/879 1059/172/879 1074/307/879
f 1137/331/879 1143/333/879 1060/302/879
f 1086/311/1175 1072/305/1175 1058/301/1175
f 1058/301/1988 1142/332/1988 1128/250/1988
f 1128/250/1988 1114/324/1988 1100/218/1988
f 1100/218/1988 1086/311/1988 1058/301/1988
f 1067/346/879 1073/306/879 1088/312/879
f 1081/309/1989 1087/205/1989 1102/318/1989
f 1095/315/879 1101/221/879 1116/221/879
f 1109/322/879 1115/325/879 1130/256/879
f 1123/327/879 1129/329/879 1144/272/879
f 1149/1/1990 1152/69/1990 1153/2/1990
f 1150/347/1991 1154/65/1991 1153/5/1991
f 1155/7/1992 1153/71/1992 1154/8/1992
f 1156/349/1993 1159/70/1993 1160/11/1993
f 1157/13/1994 1161/66/1994 1160/14/1994
f 1162/16/1995 1160/73/1995 1161/17/1995
f 1163/19/1996 1166/64/1996 1167/20/1996
f 1168/76/1997 1167/26/1997 1166/23/1997
f 1165/75/1998 1169/67/1998 1167/26/1998
f 1170/93/1999 1173/68/1999 1174/28/1999
f 1171/90/2000 1175/34/2000 1174/31/2000
f 1176/33/2001 1174/31/2001 1175/34/2001
f 1177/36/2002 1180/353/2002 1181/37/2002
f 1182/352/2003 1181/37/2003 1180/353/2003
f 1179/42/2004 1183/38/2004 1181/37/2004
f 1184/43/2005 1187/355/2005 1188/44/2005
f 1185/81/2006 1189/48/2006 1188/44/2006
f 1190/354/2007 1188/44/2007 1189/48/2007
f 1191/50/2008 1194/54/2008 1195/51/2008
f 1192/356/2009 1196/55/2009 1195/51/2009
f 1197/52/2010 1195/51/2010 1196/55/2010
f 1198/85/2011 1201/61/2011 1202/58/2011
f 1203/60/2012 1202/58/2012 1201/61/2012
f 1200/86/2013 1204/84/2013 1202/58/2013
f 1163/19/2014 1149/1/2014 1155/3/2014
f 1155/7/1206 1151/348/1206 1164/351/1206
f 1156/349/1207 1162/12/1207 1154/65/1207
f 1154/8/1208 1162/16/1208 1158/350/1208
f 1170/93/2015 1176/29/2015 1161/66/2015
f 1176/33/1210 1172/88/1210 1158/350/1210
f 1171/90/1211 1165/75/1211 1168/76/1211
f 1175/34/1212 1168/76/1212 1164/351/1212
f 1191/50/1213 1163/19/1213 1169/21/1213
f 1194/54/1214 1169/67/1214 1165/75/1214
f 1198/85/1215 1204/84/1215 1173/68/1215
f 1173/32/2016 1204/84/2016 1200/86/2016
f 1193/357/1217 1196/55/1217 1203/60/1217
f 1203/60/1218 1196/55/1218 1192/356/1218
f 1177/36/1219 1191/50/1219 1197/52/1219
f 1197/52/1220 1193/357/1220 1178/78/1220
f 1184/43/2017 1190/354/2017 1201/61/2017
f 1190/354/1222 1186/82/1222 1199/358/1222
f 1185/81/1223 1179/42/1223 1182/352/1223
f 1182/352/1224 1178/78/1224 1186/82/1224
f 1177/36/1225 1183/38/1225 1152/69/1225
f 1183/38/2018 1179/42/2018 1150/347/2018
f 1157/13/2019 1159/15/2019 1187/355/2019
f 1187/355/2020 1159/70/2020 1156/349/2020
f 1191/50/1229 1177/36/1229 1149/1/1229
f 1158/350/1230 1172/88/1230 1164/351/1230
f 1185/81/1231 1156/349/1231 1150/347/1231
f 1198/85/1232 1170/93/1232 1157/13/1232
f 1165/75/1233 1171/90/1233 1200/86/1233
f 1199/358/1234 1186/82/1234 1178/78/1234
f 1205/1/2021 1208/69/2021 1209/2/2021
f 1210/65/2022 1209/5/2022 1208/6/2022
f 1207/348/2023 1211/7/2023 1209/71/2023
f 1215/70/2024 1216/11/2024 1218/12/2024
f 1213/72/2025 1217/66/2025 1216/14/2025
f 1214/350/2026 1218/16/2026 1216/73/2026
f 1219/19/2027 1222/64/2027 1223/20/2027
f 1220/74/2028 1224/76/2028 1223/26/2028
f 1225/67/2029 1223/26/2029 1224/76/2029
f 1226/27/2030 1229/68/2030 1230/28/2030
f 1231/34/2031 1230/31/2031 1229/32/2031
f 1228/88/2032 1232/33/2032 1230/31/2032
f 1233/36/2033 1236/353/2033 1237/37/2033
f 1234/78/2034 1238/352/2034 1237/37/2034
f 1239/38/2035 1237/37/2035 1238/352/2035
f 1240/43/2036 1243/355/2036 1244/44/2036
f 1245/48/2037 1244/44/2037 1243/355/2037
f 1242/82/2038 1246/354/2038 1244/44/2038
f 1247/83/2039 1250/54/2039 1251/51/2039
f 1252/55/2040 1251/51/2040 1250/54/2040
f 1249/357/2041 1253/52/2041 1251/51/2041
f 1254/85/2042 1257/61/2042 1258/58/2042
f 1255/358/2043 1259/60/2043 1258/58/2043
f 1260/59/2044 1258/58/2044 1259/60/2044
f 1205/1/2045 1211/3/2045 1222/64/2045
f 1211/7/2046 1207/348/2046 1220/74/2046
f 1212/349/1261 1218/12/1261 1210/65/1261
f 1218/16/1262 1214/350/1262 1207/348/1262
f 1226/27/2047 1232/29/2047 1217/66/2047
f 1232/33/2048 1228/88/2048 1214/350/2048
f 1221/75/1265 1224/76/1265 1231/34/1265
f 1224/76/2049 1220/74/2049 1228/88/2049
f 1219/19/2050 1225/21/2050 1250/54/2050
f 1225/67/1268 1221/75/1268 1248/356/1268
f 1254/85/1269 1260/59/1269 1229/68/1269
f 1229/32/1270 1260/59/1270 1256/86/1270
f 1255/358/1271 1249/357/1271 1252/55/1271
f 1252/55/1272 1248/356/1272 1256/86/1272
f 1233/36/2051 1247/83/2051 1253/52/2051
f 1236/353/2052 1253/52/2052 1249/357/2052
f 1240/43/2053 1246/354/2053 1257/61/2053
f 1257/61/2054 1246/354/2054 1242/82/2054
f 1241/81/1277 1235/42/1277 1238/352/1277
f 1245/48/2055 1238/352/2055 1234/78/2055
f 1205/1/1279 1233/36/1279 1239/38/1279
f 1208/6/2056 1239/38/2056 1235/42/2056
f 1240/43/2057 1213/72/2057 1215/15/2057
f 1215/70/1282 1212/349/1282 1241/81/1282
f 1247/83/1283 1233/36/1283 1205/1/1283
f 1214/350/1284 1228/88/1284 1220/74/1284
f 1241/81/1285 1212/349/1285 1206/347/1285
f 1226/27/1286 1213/72/1286 1240/43/1286
f 1221/75/1287 1227/90/1287 1256/86/1287
f 1255/358/1288 1242/82/1288 1234/78/1288
f 1261/89/2058 1264/69/2058 1265/2/2058
f 1262/347/2059 1266/65/2059 1265/5/2059
f 1267/7/2060 1265/71/2060 1266/8/2060
f 1268/349/2061 1271/70/2061 1272/11/2061
f 1269/13/2062 1273/66/2062 1272/14/2062
f 1274/16/2063 1272/73/2063 1273/17/2063
f 1275/87/2064 1278/64/2064 1279/20/2064
f 1280/76/2065 1279/26/2065 1278/23/2065
f 1277/75/2066 1281/67/2066 1279/26/2066
f 1282/93/2067 1285/68/2067 1286/28/2067
f 1283/359/2068 1287/34/2068 1286/31/2068
f 1288/33/2069 1286/31/2069 1287/34/2069
f 1289/96/2070 1292/353/2070 1293/37/2070
f 1294/352/2071 1293/37/2071 1292/353/2071
f 1291/42/2072 1295/38/2072 1293/37/2072
f 1296/43/2073 1299/355/2073 1300/44/2073
f 1297/81/2074 1301/48/2074 1300/44/2074
f 1302/354/2075 1300/44/2075 1301/48/2075
f 1303/50/2076 1306/54/2076 1307/51/2076
f 1304/356/2077 1308/55/2077 1307/51/2077
f 1309/52/2078 1307/51/2078 1308/55/2078
f 1310/85/2079 1313/61/2079 1314/58/2079
f 1315/60/2080 1314/58/2080 1313/61/2080
f 1312/86/2081 1316/59/2081 1314/58/2081
f 1261/89/1313 1267/3/1313 1278/64/1313
f 1278/23/2082 1267/7/2082 1263/348/2082
f 1268/349/1315 1274/12/1315 1266/65/1315
f 1274/16/1316 1270/350/1316 1263/348/1316
f 1269/13/1317 1282/93/1317 1288/29/1317
f 1273/17/1318 1288/33/1318 1284/88/1318
f 1277/75/1319 1280/76/1319 1287/34/1319
f 1280/76/1320 1276/74/1320 1284/88/1320
f 1275/87/1321 1281/21/1321 1306/54/1321
f 1281/67/1322 1277/75/1322 1304/356/1322
f 1310/85/1323 1316/59/1323 1285/68/1323
f 1316/59/1324 1312/86/1324 1283/359/1324
f 1311/358/1325 1305/357/1325 1308/55/1325
f 1308/55/1326 1304/356/1326 1312/86/1326
f 1289/96/1327 1303/50/1327 1309/52/1327
f 1292/353/2083 1309/52/2083 1305/357/2083
f 1296/43/1329 1302/354/1329 1313/61/1329
f 1302/354/2084 1298/82/2084 1311/358/2084
f 1291/42/1331 1294/352/1331 1301/48/1331
f 1301/48/1332 1294/352/1332 1290/78/1332
f 1289/96/1333 1295/38/1333 1264/69/1333
f 1264/6/1334 1295/38/1334 1291/42/1334
f 1296/43/1335 1269/13/1335 1271/15/1335
f 1299/355/1336 1271/70/1336 1268/349/1336
f 1303/50/1337 1289/96/1337 1261/89/1337
f 1263/348/1338 1270/350/1338 1284/88/1338
f 1291/42/1339 1297/81/1339 1268/349/1339
f 1282/93/1340 1269/13/1340 1296/43/1340
f 1283/359/1341 1312/86/1341 1304/356/1341
f 1305/357/2085 1311/358/2085 1298/82/2085
f 1317/89/2086 1320/69/2086 1321/2/2086
f 1322/65/2087 1321/5/2087 1320/6/2087
f 1319/348/2088 1323/7/2088 1321/71/2088
f 1327/70/2089 1328/11/2089 1330/12/2089
f 1325/13/2090 1329/66/2090 1328/14/2090
f 1326/350/2091 1330/16/2091 1328/73/2091
f 1331/19/2092 1334/64/2092 1335/20/2092
f 1332/74/2093 1336/76/2093 1335/26/2093
f 1337/67/2094 1335/26/2094 1336/76/2094
f 1338/27/2095 1341/68/2095 1342/28/2095
f 1343/34/2096 1342/31/2096 1341/32/2096
f 1340/360/2097 1344/33/2097 1342/31/2097
f 1345/96/2098 1348/353/2098 1349/37/2098
f 1346/361/2099 1350/352/2099 1349/37/2099
f 1351/38/2100 1349/37/2100 1350/352/2100
f 1352/43/2101 1355/355/2101 1356/44/2101
f 1357/48/2102 1356/44/2102 1355/355/2102
f 1354/49/2103 1358/362/2103 1356/44/2103
f 1359/50/2104 1362/54/2104 1363/51/2104
f 1364/55/2105 1363/51/2105 1362/54/2105
f 1361/357/2106 1365/52/2106 1363/51/2106
f 1366/85/2107 1369/61/2107 1370/58/2107
f 1367/358/2108 1371/60/2108 1370/58/2108
f 1372/59/2109 1370/58/2109 1371/60/2109
f 1331/19/2110 1317/89/2110 1323/3/2110
f 1323/7/2111 1319/348/2111 1332/74/2111
f 1318/347/1369 1324/349/1369 1330/12/1369
f 1330/16/1370 1326/350/1370 1319/348/1370
f 1338/27/2112 1344/29/2112 1329/66/2112
f 1329/17/2113 1344/33/2113 1340/360/2113
f 1333/25/1373 1336/76/1373 1343/34/1373
f 1336/76/1374 1332/74/1374 1340/360/1374
f 1331/19/1375 1337/21/1375 1362/54/1375
f 1362/54/1376 1337/67/1376 1333/25/1376
f 1366/85/1377 1372/59/1377 1341/68/1377
f 1372/59/1378 1368/86/1378 1339/90/1378
f 1361/357/1379 1364/55/1379 1371/60/1379
f 1364/55/1380 1360/356/1380 1368/86/1380
f 1345/96/2114 1359/50/2114 1365/52/2114
f 1348/353/2115 1365/52/2115 1361/357/2115
f 1352/43/2116 1358/362/2116 1369/61/2116
f 1369/61/2117 1358/362/2117 1354/49/2117
f 1353/81/1385 1347/42/1385 1350/352/1385
f 1350/352/1386 1346/361/1386 1354/49/1386
f 1345/96/1387 1351/38/1387 1320/69/1387
f 1351/38/2118 1347/42/2118 1318/347/2118
f 1325/13/2119 1327/15/2119 1355/355/2119
f 1327/70/2120 1324/349/2120 1353/81/2120
f 1359/50/1391 1345/96/1391 1317/89/1391
f 1326/350/1392 1340/360/1392 1332/74/1392
f 1353/81/1393 1324/349/1393 1318/347/1393
f 1338/27/1394 1325/13/1394 1352/43/1394
f 1339/90/1395 1368/86/1395 1360/356/1395
f 1361/357/1396 1367/358/1396 1354/49/1396
f 1373/89/2121 1376/69/2121 1377/2/2121
f 1374/347/2122 1378/65/2122 1377/5/2122
f 1375/348/2123 1379/7/2123 1377/71/2123
f 1380/349/2124 1383/70/2124 1384/11/2124
f 1381/13/2125 1385/66/2125 1384/14/2125
f 1382/350/2126 1386/16/2126 1384/73/2126
f 1387/19/2127 1390/64/2127 1391/20/2127
f 1388/74/2128 1392/76/2128 1391/26/2128
f 1389/363/2129 1393/67/2129 1391/26/2129
f 1394/27/2130 1397/68/2130 1398/28/2130
f 1395/90/2131 1399/34/2131 1398/31/2131
f 1396/35/2132 1400/33/2132 1398/31/2132
f 1401/96/2133 1404/353/2133 1405/37/2133
f 1402/361/2134 1406/352/2134 1405/37/2134
f 1403/42/2135 1407/38/2135 1405/37/2135
f 1408/43/2136 1411/355/2136 1412/44/2136
f 1409/81/2137 1413/48/2137 1412/44/2137
f 1410/49/2138 1414/354/2138 1412/44/2138
f 1415/50/2139 1418/54/2139 1419/51/2139
f 1416/356/2140 1420/55/2140 1419/51/2140
f 1417/357/2141 1421/52/2141 1419/51/2141
f 1422/85/2142 1425/61/2142 1426/58/2142
f 1423/358/2143 1427/60/2143 1426/58/2143
f 1424/86/2144 1428/59/2144 1426/58/2144
f 1373/89/2145 1379/3/2145 1390/64/2145
f 1390/23/1422 1379/7/1422 1375/348/1422
f 1374/347/1423 1380/349/1423 1386/12/1423
f 1386/16/2146 1382/350/2146 1375/348/2146
f 1381/13/2147 1394/27/2147 1400/29/2147
f 1385/17/2148 1400/33/2148 1396/35/2148
f 1395/90/1427 1389/363/1427 1392/76/1427
f 1399/34/1428 1392/76/1428 1388/74/1428
f 1387/19/1429 1393/21/1429 1418/54/1429
f 1393/67/2149 1389/363/2149 1416/356/2149
f 1422/85/1431 1428/59/1431 1397/68/1431
f 1428/59/1432 1424/86/1432 1395/90/1432
f 1423/358/2150 1417/357/2150 1420/55/2150
f 1420/55/1434 1416/356/1434 1424/86/1434
f 1401/96/2151 1415/50/2151 1421/52/2151
f 1421/52/2152 1417/357/2152 1402/361/2152
f 1408/43/2153 1414/354/2153 1425/61/2153
f 1414/354/2154 1410/49/2154 1423/358/2154
f 1403/42/1439 1406/352/1439 1413/48/1439
f 1406/352/1440 1402/361/1440 1410/49/1440
f 1401/96/2155 1407/38/2155 1376/69/2155
f 1407/38/1442 1403/42/1442 1374/347/1442
f 1408/43/1443 1381/13/1443 1383/15/1443
f 1411/355/1444 1383/70/1444 1380/349/1444
f 1415/50/1445 1401/96/1445 1373/89/1445
f 1382/350/1446 1396/35/1446 1388/74/1446
f 1403/42/1447 1409/81/1447 1380/349/1447
f 1394/27/1448 1381/13/1448 1408/43/1448
f 1395/90/1449 1424/86/1449 1416/356/1449
f 1417/357/1450 1423/358/1450 1410/49/1450
usemtl iron
f 449/89/433 453/2/433 455/3/433
f 450/4/434 453/5/434 452/6/434
f 455/7/435 454/8/435 451/9/435
f 456/10/436 460/11/436 462/12/436
f 457/13/437 460/14/437 459/15/437
f 462/16/438 461/17/438 458/18/438
f 463/19/439 467/20/439 469/21/439
f 468/76/440 466/23/440 464/24/440
f 465/25/441 467/26/441 468/76/441
f 470/27/442 474/28/442 476/29/442
f 471/90/443 474/31/443 473/32/443
f 476/33/444 475/34/444 472/35/444
f 477/96/445 481/37/445 483/38/445
f 482/39/446 480/40/446 478/41/446
f 479/42/447 481/37/447 482/39/447
f 484/43/448 488/44/448 490/80/448
f 485/46/449 488/44/449 487/47/449
f 490/80/450 489/48/450 486/49/450
f 491/50/451 495/51/451 497/52/451
f 492/53/452 495/51/452 494/54/452
f 497/52/453 496/55/453 493/56/453
f 498/57/454 502/58/454 504/59/454
f 503/60/455 501/61/455 499/62/455
f 500/63/456 502/58/456 503/60/456
f 463/19/457 455/3/457 466/64/457
f 455/7/458 464/24/458 466/23/458
f 456/10/459 454/65/459 450/4/459
f 454/8/460 458/18/460 451/9/460
f 457/13/461 476/29/461 461/66/461
f 476/33/462 458/18/462 461/17/462
f 465/25/463 475/34/463 471/90/463
f 475/34/464 464/24/464 472/35/464
f 463/19/465 494/54/465 491/50/465
f 469/67/466 492/53/466 494/54/466
f 470/27/467 504/59/467 473/68/467
f 504/59/468 471/90/468 473/32/468
f 493/56/469 503/60/469 499/62/469
f 503/60/470 492/53/470 500/63/470
f 477/96/471 497/52/471 480/40/471
f 497/52/472 478/41/472 480/40/472
f 498/57/473 490/80/473 501/61/473
f 490/80/474 499/62/474 501/61/474
f 479/42/475 489/48/475 485/46/475
f 482/39/476 486/49/476 489/48/476
f 449/89/477 483/38/477 452/69/477
f 483/38/478 450/4/478 452/6/478
f 457/13/479 487/47/479 484/43/479
f 487/47/480 456/10/480 485/46/480
f 491/50/481 449/89/481 463/19/481
f 458/18/482 464/24/482 451/9/482
f 485/46/483 450/4/483 479/42/483
f 498/57/484 457/13/484 484/43/484
f 471/90/485 492/53/485 465/25/485
f 493/56/486 486/49/486 478/41/486
f 505/1/487 509/2/487 511/3/487
f 506/4/488 509/5/488 508/6/488
f 511/7/489 510/8/489 507/9/489
f 512/10/490 516/11/490 518/12/490
f 513/13/491 516/14/491 515/15/491
f 518/16/492 517/17/492 514/18/492
f 519/19/493 523/20/493 525/21/493
f 524/22/494 522/23/494 520/24/494
f 521/25/495 523/26/495 524/22/495
f 526/27/496 530/28/496 532/29/496
f 527/30/497 530/31/497 529/32/497
f 532/33/498 531/34/498 528/35/498
f 533/36/499 537/37/499 539/38/499
f 538/39/500 536/40/500 534/41/500
f 535/42/501 537/37/501 538/39/501
f 540/43/502 544/44/502 546/45/502
f 541/46/503 544/44/503 543/47/503
f 546/45/504 545/48/504 542/49/504
f 547/50/505 551/51/505 553/52/505
f 548/53/506 551/51/506 550/54/506
f 553/52/507 552/55/507 549/56/507
f 554/57/508 558/58/508 560/59/508
f 559/60/509 557/61/509 555/62/509
f 556/63/510 558/58/510 559/60/510
f 505/1/511 522/64/511 519/19/511
f 522/23/512 507/9/512 520/24/512
f 506/4/513 518/12/513 510/65/513
f 518/16/514 507/9/514 510/8/514
f 513/13/515 532/29/515 517/66/515
f 532/33/516 514/18/516 517/17/516
f 527/30/517 524/22/517 531/34/517
f 531/34/518 520/24/518 528/35/518
f 547/50/519 525/21/519 550/54/519
f 550/54/520 521/25/520 548/53/520
f 554/57/521 529/68/521 526/27/521
f 560/59/522 527/30/522 529/32/522
f 555/62/523 552/55/523 559/60/523
f 559/60/524 548/53/524 556/63/524
f 547/50/525 536/40/525 533/36/525
f 553/52/526 534/41/526 536/40/526
f 554/57/527 546/45/527 557/61/527
f 546/45/528 555/62/528 557/61/528
f 541/46/529 538/39/529 545/48/529
f 538/39/530 542/49/530 545/48/530
f 505/1/531 539/38/531 508/69/531
f 508/6/532 535/42/532 506/4/532
f 540/43/533 515/15/533 543/47/533
f 543/47/534 512/10/534 541/46/534
f 547/50/535 505/1/535 519/19/535
f 507/9/536 528/35/536 520/24/536
f 541/46/537 506/4/537 535/42/537
f 526/27/538 540/43/538 554/57/538
f 521/25/539 556/63/539 548/53/539
f 555/62/540 534/41/540 549/56/540
f 561/1/541 565/2/541 567/3/541
f 562/4/542 565/5/542 564/6/542
f 567/7/543 566/8/543 563/9/543
f 568/10/544 572/11/544 574/12/544
f 569/72/545 572/14/545 571/15/545
f 574/16/546 573/17/546 570/18/546
f 575/19/547 579/20/547 581/21/547
f 580/76/548 578/23/548 576/74/548
f 577/75/549 579/26/549 580/76/549
f 582/77/550 586/28/550 588/29/550
f 583/30/551 586/31/551 585/32/551
f 588/33/552 587/34/552 584/35/552
f 589/36/553 593/37/553 595/38/553
f 594/39/554 592/40/554 590/78/554
f 591/79/555 593/37/555 594/39/555
f 596/43/556 600/44/556 602/80/556
f 597/81/557 600/44/557 599/47/557
f 602/80/558 601/48/558 598/82/558
f 603/83/559 607/51/559 609/52/559
f 604/53/560 607/51/560 606/54/560
f 609/52/561 608/55/561 605/56/561
f 610/85/562 614/58/562 616/84/562
f 615/60/563 613/61/563 611/62/563
f 612/86/564 614/58/564 615/60/564
f 575/19/565 567/3/565 578/64/565
f 578/23/566 563/9/566 576/74/566
f 568/10/567 566/65/567 562/4/567
f 566/8/568 570/18/568 563/9/568
f 582/77/569 573/66/569 569/72/569
f 573/17/570 584/35/570 570/18/570
f 577/75/571 587/34/571 583/30/571
f 587/34/572 576/74/572 584/35/572
f 575/19/573 606/54/573 603/83/573
f 606/54/574 577/75/574 604/53/574
f 610/85/575 585/68/575 582/77/575
f 585/32/576 612/86/576 583/30/576
f 605/56/577 615/60/577 611/62/577
f 608/55/578 612/86/578 615/60/578
f 603/83/579 592/40/579 589/36/579
f 592/40/580 605/56/580 590/78/580
f 596/43/581 613/61/581 610/85/581
f 613/61/582 598/82/582 611/62/582
f 591/79/583 601/48/583 597/81/583
f 594/39/584 598/82/584 601/48/584
f 561/1/585 595/38/585 564/69/585
f 595/38/586 562/4/586 564/6/586
f 569/72/587 599/47/587 596/43/587
f 571/70/588 597/81/588 599/47/588
f 603/83/589 561/1/589 575/19/589
f 563/9/590 584/35/590 576/74/590
f 597/81/591 562/4/591 591/79/591
f 610/85/592 569/72/592 596/43/592
f 583/30/593 604/53/593 577/75/593
f 611/62/594 590/78/594 605/56/594
f 449/89/1670 452/69/1670 453/2/1670
f 450/4/1671 454/65/1671 453/5/1671
f 455/7/1672 453/71/1672 454/8/1672
f 456/10/1673 459/70/1673 460/11/1673
f 457/13/1674 461/66/1674 460/14/1674
f 462/16/1675 460/73/1675 461/17/1675
f 463/19/1676 466/64/1676 467/20/1676
f 468/76/1677 467/26/1677 466/23/1677
f 465/25/1678 469/67/1678 467/26/1678
f 470/27/1679 473/68/1679 474/28/1679
f 471/90/1680 475/34/1680 474/31/1680
f 476/33/1681 474/31/1681 475/34/1681
f 477/96/1682 480/40/1682 481/37/1682
f 482/39/1683 481/37/1683 480/40/1683
f 479/42/1684 483/38/1684 481/37/1684
f 484/43/1685 487/47/1685 488/44/1685
f 485/46/1686 489/48/1686 488/44/1686
f 490/80/1687 488/44/1687 489/48/1687
f 491/50/1688 494/54/1688 495/51/1688
f 492/53/1689 496/55/1689 495/51/1689
f 497/52/1690 495/51/1690 496/55/1690
f 498/57/1691 501/61/1691 502/58/1691
f 503/60/1692 502/58/1692 501/61/1692
f 500/63/1693 504/59/1693 502/58/1693
f 463/19/457 449/89/457 455/3/457
f 455/7/1694 451/9/1694 464/24/1694
f 456/10/459 462/12/459 454/65/459
f 454/8/460 462/16/460 458/18/460
f 457/13/461 470/27/461 476/29/461
f 476/33/462 472/35/462 458/18/462
f 465/25/463 468/76/463 475/34/463
f 475/34/464 468/76/464 464/24/464
f 463/19/465 469/21/465 494/54/465
f 469/67/1695 465/25/1695 492/53/1695
f 470/27/467 498/57/467 504/59/467
f 504/59/468 500/63/468 471/90/468
f 493/56/469 496/55/469 503/60/469
f 503/60/470 496/55/470 492/53/470
f 477/96/471 491/50/471 497/52/471
f 497/52/472 493/56/472 478/41/472
f 498/57/473 484/43/473 490/80/473
f 490/80/1696 486/49/1696 499/62/1696
f 479/42/475 482/39/475 489/48/475
f 482/39/476 478/41/476 486/49/476
f 449/89/1697 477/96/1697 483/38/1697
f 483/38/1698 479/42/1698 450/4/1698
f 457/13/1699 459/15/1699 487/47/1699
f 487/47/1700 459/70/1700 456/10/1700
f 491/50/481 477/96/481 449/89/481
f 458/18/482 472/35/482 464/24/482
f 485/46/483 456/10/483 450/4/483
f 498/57/484 470/27/484 457/13/484
f 471/90/485 500/63/485 492/53/485
f 493/56/1701 499/62/1701 486/49/1701
f 505/1/1702 508/69/1702 509/2/1702
f 506/4/1703 510/65/1703 509/5/1703
f 511/7/1704 509/71/1704 510/8/1704
f 512/10/1705 515/70/1705 516/11/1705
f 513/13/1706 517/66/1706 516/14/1706
f 518/16/1707 516/73/1707 517/17/1707
f 519/19/1708 522/64/1708 523/20/1708
f 524/22/1709 523/26/1709 522/23/1709
f 521/25/1710 525/67/1710 523/26/1710
f 526/27/1711 529/68/1711 530/28/1711
f 527/30/1712 531/34/1712 530/31/1712
f 532/33/1713 530/31/1713 531/34/1713
f 533/36/1714 536/40/1714 537/37/1714
f 538/39/1715 537/37/1715 536/40/1715
f 535/42/1716 539/38/1716 537/37/1716
f 540/43/1717 543/47/1717 544/44/1717
f 541/46/1718 545/48/1718 544/44/1718
f 546/45/1719 544/44/1719 545/48/1719
f 547/50/1720 550/54/1720 551/51/1720
f 548/53/1721 552/55/1721 551/51/1721
f 553/52/1722 551/51/1722 552/55/1722
f 554/57/1723 557/61/1723 558/58/1723
f 559/60/1724 558/58/1724 557/61/1724
f 556/63/1725 560/59/1725 558/58/1725
f 505/1/511 511/3/511 522/64/511
f 522/23/512 511/7/512 507/9/512
f 506/4/513 512/10/513 518/12/513
f 518/16/514 514/18/514 507/9/514
f 513/13/515 526/27/515 532/29/515
f 532/33/516 528/35/516 514/18/516
f 527/30/517 521/25/517 524/22/517
f 531/34/518 524/22/518 520/24/518
f 547/50/1726 519/19/1726 525/21/1726
f 550/54/1727 525/67/1727 521/25/1727
f 554/57/1728 560/59/1728 529/68/1728
f 560/59/1729 556/63/1729 527/30/1729
f 555/62/523 549/56/523 552/55/523
f 559/60/524 552/55/524 548/53/524
f 547/50/525 553/52/525 536/40/525
f 553/52/526 549/56/526 534/41/526
f 554/57/527 540/43/527 546/45/527
f 546/45/528 542/49/528 555/62/528
f 541/46/529 535/42/529 538/39/529
f 538/39/530 534/41/530 542/49/530
f 505/1/531 533/36/531 539/38/531
f 508/6/532 539/38/532 535/42/532
f 540/43/533 513/13/533 515/15/533
f 543/47/1730 515/70/1730 512/10/1730
f 547/50/535 533/36/535 505/1/535
f 507/9/536 514/18/536 528/35/536
f 541/46/537 512/10/537 506/4/537
f 526/27/538 513/13/538 540/43/538
f 521/25/539 527/30/539 556/63/539
f 555/62/540 542/49/540 534/41/540
f 561/1/1731 564/69/1731 565/2/1731
f 562/4/1732 566/65/1732 565/5/1732
f 567/7/1733 565/71/1733 566/8/1733
f 568/10/1734 571/70/1734 572/11/1734
f 569/72/1735 573/66/1735 572/14/1735
f 574/16/1736 572/73/1736 573/17/1736
f 575/19/1737 578/64/1737 579/20/1737
f 580/76/1738 579/26/1738 578/23/1738
f 577/75/1739 581/67/1739 579/26/1739
f 582/77/1740 585/68/1740 586/28/1740
f 583/30/1741 587/34/1741 586/31/1741
f 588/33/1742 586/31/1742 587/34/1742
f 589/36/1743 592/40/1743 593/37/1743
f 594/39/1744 593/37/1744 592/40/1744
f 591/79/1745 595/38/1745 593/37/1745
f 596/43/1746 599/47/1746 600/44/1746
f 597/81/1747 601/48/1747 600/44/1747
f 602/80/1748 600/44/1748 601/48/1748
f 603/83/1749 606/54/1749 607/51/1749
f 604/53/1750 608/55/1750 607/51/1750
f 609/52/1751 607/51/1751 608/55/1751
f 610/85/1752 613/61/1752 614/58/1752
f 615/60/1753 614/58/1753 613/61/1753
f 612/86/1754 616/84/1754 614/58/1754
f 575/19/565 561/1/565 567/3/565
f 578/23/566 567/7/566 563/9/566
f 568/10/567 574/12/567 566/65/567
f 566/8/568 574/16/568 570/18/568
f 582/77/569 588/29/569 573/66/569
f 573/17/570 588/33/570 584/35/570
f 577/75/571 580/76/571 587/34/571
f 587/34/572 580/76/572 576/74/572
f 575/19/573 581/21/573 606/54/573
f 606/54/574 581/67/574 577/75/574
f 610/85/575 616/84/575 585/68/575
f 585/32/576 616/84/576 612/86/576
f 605/56/577 608/55/577 615/60/577
f 608/55/578 604/53/578 612/86/578
f 603/83/579 609/52/579 592/40/579
f 592/40/580 609/52/580 605/56/580
f 596/43/581 602/80/581 613/61/581
f 613/61/582 602/80/582 598/82/582
f 591/79/583 594/39/583 601/48/583
f 594/39/584 590/78/584 598/82/584
f 561/1/585 589/36/585 595/38/585
f 595/38/586 591/79/586 562/4/586
f 569/72/587 571/15/587 599/47/587
f 571/70/588 568/10/588 597/81/588
f 603/83/589 589/36/589 561/1/589
f 563/9/590 570/18/590 584/35/590
f 597/81/591 568/10/591 562/4/591
f 610/85/592 582/77/592 569/72/592
f 583/30/593 612/86/593 604/53/593
f 611/62/594 598/82/594 590/78/594
usemtl core
f 673/97/649 686/98/649 685/99/649
f 674/100/650 686/101/650 688/102/650
f 673/103/651 685/104/651 690/105/651
f 673/106/652 690/107/652 692/108/652
f 673/109/653 692/110/653 689/111/653
f 674/100/654 688/102/654 695/112/654
f 675/113/655 687/114/655 697/115/655
f 676/116/656 691/117/656 699/118/656
f 677/119/657 693/120/657 701/121/657
f 678/122/658 694/123/658 703/124/658
f 674/100/659 695/112/659 698/125/659
f 675/113/660 697/115/660 700/126/660
f 676/116/661 699/118/661 702/127/661
f 677/119/662 701/121/662 704/128/662
f 678/122/663 703/124/663 696/129/663
f 679/130/664 705/131/664 710/132/664
f 680/133/665 706/134/665 712/135/665
f 681/136/666 707/137/666 713/138/666
f 682/139/667 708/140/667 714/141/667
f 683/142/668 709/143/668 711/144/668
f 711/144/669 714/145/669 684/146/669
f 711/144/670 709/143/670 714/145/670
f 709/143/671 682/139/671 714/145/671
f 714/141/672 713/147/672 684/148/672
f 714/141/673 708/140/673 713/147/673
f 708/140/674 681/136/674 713/147/674
f 713/138/675 712/149/675 684/150/675
f 713/138/676 707/137/676 712/149/676
f 707/137/677 680/151/677 712/149/677
f 712/135/678 710/152/678 684/153/678
f 712/135/679 706/134/679 710/152/679
f 706/134/680 679/130/680 710/152/680
f 710/132/681 711/154/681 684/155/681
f 710/132/682 705/131/682 711/154/682
f 705/131/683 683/142/683 711/154/683
f 696/129/684 709/143/684 683/142/684
f 696/129/685 703/124/685 709/143/685
f 703/124/686 682/139/686 709/143/686
f 704/128/687 708/140/687 682/139/687
f 704/128/688 701/121/688 708/140/688
f 701/121/689 681/136/689 708/140/689
f 702/127/690 707/137/690 681/136/690
f 702/127/691 699/118/691 707/137/691
f 699/118/692 680/151/692 707/137/692
f 700/126/693 706/134/693 680/133/693
f 700/126/694 697/115/694 706/134/694
f 697/115/695 679/130/695 706/134/695
f 698/125/696 705/131/696 679/130/696
f 698/125/697 695/112/697 705/131/697
f 695/112/698 683/142/698 705/131/698
f 703/124/699 704/128/699 682/139/699
f 703/124/700 694/123/700 704/128/700
f 694/123/701 677/119/701 704/128/701
f 701/121/702 702/127/702 681/136/702
f 701/121/703 693/120/703 702/127/703
f 693/120/704 676/116/704 702/127/704
f 699/118/705 700/156/705 680/151/705
f 699/118/706 691/117/706 700/156/706
f 691/117/707 675/157/707 700/156/707
f 697/115/708 698/125/708 679/130/708
f 697/115/709 687/114/709 698/125/709
f 687/114/710 674/100/710 698/125/710
f 695/112/711 696/129/711 683/142/711
f 695/112/712 688/102/712 696/129/712
f 688/102/713 678/122/713 696/129/713
f 689/111/714 694/123/714 678/122/714
f 689/111/715 692/110/715 694/123/715
f 692/110/716 677/119/716 694/123/716
f 692/108/717 693/120/717 677/119/717
f 692/108/718 690/107/718 693/120/718
f 690/107/719 676/116/719 693/120/719
f 690/105/720 691/117/720 676/116/720
f 690/105/721 685/104/721 691/117/721
f 685/104/722 675/157/722 691/117/722
f 688/102/723 689/158/723 678/122/723
f 688/102/724 686/101/724 689/158/724
f 686/101/725 673/159/725 689/158/725
f 685/99/726 687/114/726 675/113/726
f 685/99/727 686/98/727 687/114/727
f 686/98/728 674/100/728 687/114/728
f 715/97/729 728/98/729 727/99/729
f 716/100/730 728/101/730 730/102/730
f 715/103/731 727/104/731 732/105/731
f 715/106/732 732/107/732 734/108/732
f 715/109/733 734/110/733 731/111/733
f 716/100/734 730/102/734 737/112/734
f 717/113/735 729/114/735 739/115/735
f 718/116/736 733/117/736 741/118/736
f 719/119/737 735/120/737 743/121/737
f 720/122/738 736/123/738 745/124/738
f 716/100/739 737/112/739 740/125/739
f 717/113/740 739/115/740 742/126/740
f 718/116/741 741/118/741 744/127/741
f 719/119/742 743/121/742 746/128/742
f 720/122/743 745/124/743 738/129/743
f 721/130/744 747/131/744 752/132/744
f 722/133/745 748/134/745 754/135/745
f 723/136/746 749/137/746 755/138/746
f 724/139/747 750/140/747 756/141/747
f 725/142/748 751/143/748 753/144/748
f 753/144/749 756/145/749 726/146/749
f 753/144/750 751/143/750 756/145/750
f 751/143/751 724/139/751 756/145/751
f 756/141/752 755/147/752 726/148/752
f 756/141/753 750/140/753 755/147/753
f 750/140/754 723/136/754 755/147/754
f 755/138/755 754/149/755 726/150/755
f 755/138/756 749/137/756 754/149/756
f 749/137/757 722/151/757 754/149/757
f 754/135/758 752/152/758 726/153/758
f 754/135/759 748/134/759 752/152/759
f 748/134/760 721/130/760 752/152/760
f 752/132/761 753/154/761 726/155/761
f 752/132/762 747/131/762 753/154/762
f 747/131/763 725/142/763 753/154/763
f 738/129/764 751/143/764 725/142/764
f 738/129/765 745/124/765 751/143/765
f 745/124/766 724/139/766 751/143/766
f 746/128/767 750/140/767 724/139/767
f 746/128/768 743/121/768 750/140/768
f 743/121/769 723/136/769 750/140/769
f 744/127/770 749/137/770 723/136/770
f 744/127/771 741/118/771 749/137/771
f 741/118/772 722/151/772 749/137/772
f 742/126/773 748/134/773 722/133/773
f 742/126/774 739/115/774 748/134/774
f 739/115/775 721/130/775 748/134/775
f 740/125/776 747/131/776 721/130/776
f 740/125/777 737/112/777 747/131/777
f 737/112/778 725/142/778 747/131/778
f 745/124/779 746/128/779 724/139/779
f 745/124/780 736/123/780 746/128/780
f 736/123/781 719/119/781 746/128/781
f 743/121/782 744/127/782 723/136/782
f 743/121/783 735/120/783 744/127/783
f 735/120/784 718/116/784 744/127/784
f 741/118/785 742/156/785 722/151/785
f 741/118/786 733/117/786 742/156/786
f 733/117/787 717/157/787 742/156/787
f 739/115/788 740/125/788 721/130/788
f 739/115/789 729/114/789 740/125/789
f 729/114/790 716/100/790 740/125/790
f 737/112/791 738/129/791 725/142/791
f 737/112/792 730/102/792 738/129/792
f 730/102/793 720/122/793 738/129/793
f 731/111/794 736/123/794 720/122/794
f 731/111/795 734/110/795 736/123/795
f 734/110/796 719/119/796 736/123/796
f 734/108/797 735/120/797 719/119/797
f 734/108/798 732/107/798 735/120/798
f 732/107/799 718/116/799 735/120/799
f 732/105/800 733/117/800 718/116/800
f 732/105/801 727/104/801 733/117/801
f 727/104/802 717/157/802 733/117/802
f 730/102/803 731/158/803 720/122/803
f 730/102/804 728/101/804 731/158/804
f 728/101/805 715/159/805 731/158/805
f 727/99/806 729/114/806 717/113/806
f 727/99/807 728/98/807 729/114/807
f 728/98/808 716/100/808 729/114/808
