# Blender 4.5.10 LTS
# www.blender.org
mtllib stow_post_remodel2_b.mtl
o stow_post_remodel2_b
v 0.443801 0.101699 -0.256915
v 0.535824 1.141957 -0.333698
v 0.444107 0.105062 0.263074
v 0.536212 1.146225 0.326289
v -0.436173 0.094990 -0.256354
v -0.544145 1.133723 -0.333009
v -0.435868 0.098353 0.263635
v -0.543757 1.137991 0.326977
v 0.556734 -0.074629 -0.343610
v 0.551270 -0.050698 -0.360864
v 0.571739 -0.049061 -0.338987
v 0.458918 0.288689 -0.299851
v 0.453405 0.305099 -0.275345
v 0.479387 0.290327 -0.277975
v 0.556681 -0.082777 -0.298370
v 0.571686 -0.057209 -0.293747
v 0.551167 -0.066367 -0.273863
v 0.453351 0.296952 -0.230105
v 0.458815 0.273021 -0.212851
v 0.479333 0.282179 -0.232735
v 0.433509 -0.107083 -0.349601
v 0.407527 -0.092310 -0.346971
v 0.428045 -0.083153 -0.366855
v 0.330180 0.272645 -0.281336
v 0.335693 0.256235 -0.305842
v 0.315174 0.247077 -0.285958
v 0.433456 -0.115231 -0.304361
v 0.427942 -0.098821 -0.279854
v 0.407473 -0.100458 -0.301731
v 0.330126 0.264498 -0.236096
v 0.315121 0.238930 -0.240718
v 0.335590 0.240567 -0.218842
v 0.560079 -0.085639 -0.261832
v 0.554255 -0.061386 -0.278508
v 0.575072 -0.060115 -0.256939
v 0.448216 0.325899 -0.198990
v 0.443048 0.341792 -0.174071
v 0.469033 0.327170 -0.177420
v 0.560791 -0.094696 -0.216771
v 0.575784 -0.069172 -0.211878
v 0.555623 -0.078804 -0.191852
v 0.443760 0.332735 -0.129010
v 0.449584 0.308481 -0.112334
v 0.469745 0.318113 -0.132359
v 0.436882 -0.118418 -0.266475
v 0.410897 -0.103796 -0.263126
v 0.431057 -0.094164 -0.283151
v 0.319851 0.309014 -0.178714
v 0.325018 0.293121 -0.203633
v 0.304857 0.283489 -0.183608
v 0.437593 -0.127475 -0.221414
v 0.432426 -0.111582 -0.196495
v 0.411608 -0.112853 -0.218065
v 0.320562 0.299956 -0.133653
v 0.305569 0.274432 -0.138546
v 0.326387 0.275703 -0.116977
v 0.556891 -0.092055 0.215814
v 0.551126 -0.075779 0.191276
v 0.571588 -0.066328 0.211081
v 0.454413 0.263352 0.129361
v 0.448716 0.287267 0.146561
v 0.474874 0.272803 0.149166
v 0.556965 -0.083778 0.261030
v 0.571662 -0.058052 0.256297
v 0.551268 -0.059863 0.278231
v 0.448790 0.295544 0.191778
v 0.454555 0.279268 0.216316
v 0.474948 0.281080 0.194383
v 0.434065 -0.125914 0.222212
v 0.407907 -0.111450 0.219608
v 0.428300 -0.109638 0.197674
v 0.325890 0.253408 0.152960
v 0.331587 0.229493 0.135759
v 0.311193 0.227682 0.157693
v 0.434139 -0.117638 0.267429
v 0.428443 -0.093723 0.284629
v 0.407981 -0.103173 0.264824
v 0.325964 0.261684 0.198177
v 0.311268 0.235958 0.202909
v 0.331729 0.245409 0.222715
v 0.554833 -0.082695 0.295813
v 0.549346 -0.066480 0.271171
v 0.569827 -0.057153 0.291015
v 0.444370 0.318060 0.198773
v 0.438863 0.342120 0.215832
v 0.464851 0.327387 0.218617
v 0.554811 -0.074196 0.340988
v 0.569805 -0.048653 0.336191
v 0.549303 -0.050135 0.358047
v 0.438840 0.350619 0.261008
v 0.444327 0.334404 0.285649
v 0.464829 0.335886 0.263792
v 0.431622 -0.115191 0.301865
v 0.405633 -0.100458 0.299080
v 0.426135 -0.098976 0.277223
v 0.315652 0.309624 0.221884
v 0.321159 0.285564 0.204825
v 0.300657 0.284082 0.226682
v 0.431599 -0.106692 0.347040
v 0.426092 -0.082631 0.364099
v 0.405611 -0.091959 0.344255
v 0.315629 0.318123 0.267059
v 0.300635 0.292581 0.271857
v 0.321116 0.301908 0.291701
v -0.443546 -0.106448 -0.346174
v -0.437193 -0.082840 -0.363568
v -0.417180 -0.092407 -0.343364
v -0.335798 0.254206 -0.304401
v -0.330097 0.270669 -0.279973
v -0.315785 0.244639 -0.284197
v -0.444253 -0.114188 -0.300868
v -0.417886 -0.100148 -0.298058
v -0.438552 -0.097726 -0.276441
v -0.330803 0.262928 -0.234667
v -0.337157 0.239320 -0.217274
v -0.316491 0.236898 -0.238891
v -0.565842 -0.070403 -0.341923
v -0.580154 -0.044373 -0.337699
v -0.559489 -0.046795 -0.359317
v -0.452393 0.306714 -0.275722
v -0.458094 0.290251 -0.300150
v -0.478759 0.292673 -0.278532
v -0.566549 -0.078144 -0.296617
v -0.560848 -0.061681 -0.272190
v -0.580861 -0.052114 -0.292393
v -0.453099 0.298973 -0.230416
v -0.479466 0.284932 -0.233226
v -0.459453 0.275365 -0.213023
v -0.440611 -0.124980 -0.263783
v -0.434791 -0.100802 -0.280570
v -0.414458 -0.110582 -0.260793
v -0.323329 0.289198 -0.202304
v -0.317700 0.305080 -0.177478
v -0.302996 0.279418 -0.182527
v -0.440818 -0.133968 -0.218703
v -0.414665 -0.119570 -0.215712
v -0.435189 -0.118086 -0.193877
v -0.317907 0.296092 -0.132398
v -0.323727 0.271914 -0.115611
v -0.303202 0.270430 -0.137447
v -0.563447 -0.091116 -0.257595
v -0.578151 -0.065454 -0.252546
v -0.557627 -0.066938 -0.274381
v -0.440535 0.338944 -0.171290
v -0.446164 0.323063 -0.196116
v -0.466689 0.324547 -0.174280
v -0.563653 -0.100103 -0.212514
v -0.558024 -0.084222 -0.187688
v -0.578358 -0.074441 -0.207465
v -0.440742 0.329957 -0.126209
v -0.466895 0.315559 -0.129200
v -0.446562 0.305779 -0.109423
v -0.438511 -0.126824 0.215518
v -0.432801 -0.110184 0.191213
v -0.412525 -0.111996 0.213256
v -0.339653 0.232407 0.133703
v -0.334374 0.256185 0.151223
v -0.319378 0.230594 0.155745
v -0.438978 -0.119091 0.260829
v -0.412992 -0.104263 0.258566
v -0.433698 -0.095313 0.278349
v -0.334841 0.263918 0.196534
v -0.340551 0.247278 0.220839
v -0.319844 0.238327 0.201056
v -0.561719 -0.094465 0.208726
v -0.576716 -0.068874 0.204204
v -0.556009 -0.077825 0.184421
v -0.457582 0.288544 0.144431
v -0.462862 0.264766 0.126911
v -0.483568 0.273717 0.146694
v -0.562186 -0.086732 0.254037
v -0.556907 -0.062953 0.271557
v -0.577182 -0.061141 0.249515
v -0.458049 0.296277 0.189742
v -0.484035 0.281450 0.192005
v -0.463759 0.279637 0.214047
v -0.434703 -0.112630 0.295800
v -0.428756 -0.096007 0.271540
v -0.408655 -0.097883 0.293735
v -0.320009 0.297284 0.206289
v -0.314790 0.321046 0.223850
v -0.299908 0.295408 0.228485
v -0.435491 -0.104895 0.341106
v -0.409443 -0.090148 0.339041
v -0.430271 -0.081133 0.358666
v -0.315577 0.328780 0.269155
v -0.321524 0.312158 0.293416
v -0.300696 0.303142 0.273791
v -0.557755 -0.079888 0.288071
v -0.572637 -0.054250 0.283435
v -0.551808 -0.063265 0.263810
v -0.437842 0.353788 0.216121
v -0.443062 0.330026 0.198560
v -0.463890 0.339041 0.218185
v -0.558543 -0.072153 0.333377
v -0.553323 -0.048391 0.350937
v -0.573424 -0.046515 0.328741
v -0.438630 0.361522 0.261426
v -0.464678 0.346775 0.263491
v -0.444576 0.344900 0.285687
v 0.572573 1.161967 -0.356732
v 0.572267 1.183247 -0.378645
v 0.594024 1.183710 -0.357207
v 0.571946 1.230041 -0.379329
v 0.571955 1.251955 -0.358047
v 0.593702 1.230504 -0.357891
v 0.574026 1.164891 -0.157292
v 0.595477 1.186634 -0.157767
v 0.574035 1.186805 -0.136011
v 0.573409 1.254879 -0.158607
v 0.573714 1.233599 -0.136695
v 0.595156 1.233428 -0.158451
v -0.564609 1.154283 -0.348333
v -0.586356 1.175734 -0.348489
v -0.564914 1.175564 -0.370246
v -0.565226 1.244271 -0.349648
v -0.565235 1.222358 -0.370929
v -0.586677 1.222528 -0.349173
v -0.563155 1.157207 -0.148893
v -0.563146 1.179121 -0.127612
v -0.584902 1.178658 -0.149049
v -0.563773 1.247196 -0.150208
v -0.585224 1.225452 -0.149733
v -0.563467 1.225915 -0.128295
v 0.570941 1.149879 -0.096240
v 0.571162 1.171412 -0.117906
v 0.592696 1.171323 -0.096240
v 0.571499 1.218210 -0.118050
v 0.571590 1.239876 -0.096516
v 0.593033 1.218122 -0.096384
v 0.570338 1.150496 0.103225
v 0.592093 1.171940 0.103225
v 0.570428 1.172163 0.124758
v 0.570986 1.240494 0.102949
v 0.570765 1.218961 0.124615
v 0.592430 1.218739 0.103081
v -0.561419 1.158029 -0.099690
v -0.582862 1.179783 -0.099822
v -0.561198 1.179561 -0.121356
v -0.560770 1.248026 -0.099966
v -0.560860 1.226360 -0.121500
v -0.582525 1.226582 -0.099966
v -0.562022 1.158646 0.099775
v -0.561932 1.180312 0.121308
v -0.583466 1.180400 0.099643
v -0.561373 1.248643 0.099498
v -0.583128 1.227199 0.099499
v -0.561594 1.227110 0.121165
v 0.577136 1.163398 0.138164
v 0.576761 1.185275 0.116849
v 0.598446 1.185283 0.138364
v 0.576137 1.232067 0.117462
v 0.575936 1.253382 0.139343
v 0.597822 1.232075 0.138977
v 0.577939 1.160795 0.337612
v 0.599249 1.182681 0.337812
v 0.577738 1.182110 0.359493
v 0.576739 1.250780 0.338791
v 0.577114 1.228902 0.360106
v 0.598625 1.229473 0.338425
v -0.561532 1.148155 0.142551
v -0.583418 1.169462 0.142917
v -0.561907 1.170033 0.121236
v -0.562732 1.238139 0.143730
v -0.562531 1.216825 0.121849
v -0.584042 1.216254 0.143530
v -0.560729 1.145553 0.341999
v -0.560930 1.166867 0.363880
v -0.582615 1.166860 0.342365
v -0.561929 1.235537 0.343178
v -0.583239 1.213652 0.342978
v -0.561554 1.213659 0.364493
v 0.481733 1.248952 -0.266226
v 0.482023 1.266026 -0.282744
v 0.498766 1.265512 -0.265895
v 0.482533 1.302418 -0.282139
v 0.482713 1.318935 -0.265062
v 0.499276 1.301903 -0.265290
v 0.480937 1.244933 -0.023860
v 0.497970 1.261492 -0.023530
v 0.481117 1.261450 -0.006783
v 0.481917 1.314916 -0.022696
v 0.481627 1.297842 -0.006178
v 0.498480 1.297884 -0.022925
v -0.477568 1.262438 -0.269153
v -0.494131 1.279470 -0.268925
v -0.477277 1.279512 -0.285671
v -0.476587 1.332421 -0.267989
v -0.476767 1.315904 -0.285066
v -0.493621 1.315861 -0.268320
v -0.478364 1.258419 -0.026788
v -0.478184 1.274936 -0.009711
v -0.494927 1.275451 -0.026560
v -0.477383 1.328402 -0.025624
v -0.494417 1.311842 -0.025955
v -0.477674 1.311328 -0.009106
v 0.465744 1.255773 0.012859
v 0.465769 1.272315 -0.004195
v 0.482524 1.272592 0.012648
v 0.465725 1.308711 -0.004750
v 0.465659 1.325765 0.011792
v 0.482479 1.308988 0.012093
v 0.465089 1.259468 0.255230
v 0.481869 1.276287 0.255019
v 0.465024 1.276522 0.271772
v 0.465004 1.329460 0.254163
v 0.464979 1.312918 0.271217
v 0.481825 1.312683 0.254464
v -0.453578 1.254615 0.010393
v -0.470398 1.271392 0.010092
v -0.453553 1.271157 -0.006661
v -0.453663 1.324607 0.009326
v -0.453598 1.307553 -0.007216
v -0.470443 1.307788 0.009537
v -0.454233 1.258310 0.252764
v -0.454299 1.275364 0.269306
v -0.471053 1.275087 0.252463
v -0.454318 1.328302 0.251697
v -0.471098 1.311483 0.251908
v -0.454343 1.311760 0.268751
v 0.455815 0.141229 0.264528
v 0.455756 0.151469 0.255615
v 0.465398 0.150826 0.265152
v 0.454039 1.086941 0.320439
v 0.454063 1.095855 0.330679
v 0.463680 1.086298 0.329976
v 0.455905 0.139791 0.285278
v 0.465488 0.149388 0.285902
v 0.455929 0.148704 0.295519
v 0.454153 1.094417 0.351429
v 0.454212 1.084176 0.360343
v 0.463770 1.084860 0.350726
v 0.250613 0.140792 0.265388
v 0.240995 0.150349 0.266092
v 0.250554 0.151033 0.256474
v 0.248860 1.095418 0.331539
v 0.248836 1.086505 0.321298
v 0.239278 1.085821 0.330916
v 0.250703 0.139355 0.286138
v 0.250727 0.148268 0.296378
v 0.241085 0.148911 0.286842
v 0.248950 1.093981 0.352289
v 0.239368 1.084383 0.351666
v 0.249009 1.083740 0.361202
v 0.220585 0.160189 0.268734
v 0.220769 0.170509 0.259914
v 0.230265 0.169672 0.269581
v 0.228371 1.075542 0.330881
v 0.228348 1.084363 0.341202
v 0.237867 1.074704 0.340548
v 0.220361 0.158565 0.289469
v 0.230041 0.168047 0.290316
v 0.220338 0.167386 0.299790
v 0.228124 1.082739 0.361937
v 0.227940 1.072419 0.370757
v 0.237643 1.073080 0.361283
v 0.011752 0.162109 0.266626
v 0.002233 0.171767 0.267279
v 0.011936 0.172429 0.257806
v 0.019514 1.086282 0.339094
v 0.019538 1.077461 0.328773
v 0.009835 1.076800 0.338246
v 0.011528 0.160485 0.287361
v 0.011504 0.169306 0.297682
v 0.002009 0.170143 0.288015
v 0.019290 1.084658 0.359829
v 0.009611 1.075176 0.358982
v 0.019106 1.074338 0.368649
v -0.008825 0.159077 0.275844
v -0.008812 0.169282 0.266890
v 0.000639 0.168780 0.276624
v -0.021433 1.069031 0.325560
v -0.021713 1.077983 0.335763
v -0.011981 1.068529 0.335294
v -0.009142 0.157719 0.296597
v 0.000322 0.167422 0.297377
v -0.009423 0.166671 0.306800
v -0.022031 1.076626 0.356517
v -0.022043 1.066420 0.365470
v -0.012298 1.067172 0.356047
v -0.216913 0.156377 0.272485
v -0.226646 0.165831 0.272955
v -0.216901 0.166582 0.263531
v -0.229802 1.075284 0.332404
v -0.229521 1.066332 0.322201
v -0.239266 1.065581 0.331625
v -0.217231 0.155019 0.293238
v -0.217512 0.163971 0.303441
v -0.226963 0.164474 0.293708
v -0.230119 1.073926 0.353158
v -0.239583 1.064223 0.352378
v -0.230132 1.063721 0.362111
v -0.251380 0.157690 0.264907
v -0.251317 0.167865 0.255919
v -0.241702 0.167193 0.265480
v -0.243824 1.077757 0.312313
v -0.243730 1.086744 0.322488
v -0.234209 1.077085 0.321874
v -0.251346 0.156403 0.285667
v -0.241668 0.165906 0.286240
v -0.251252 0.165390 0.295842
v -0.243696 1.085457 0.343248
v -0.243759 1.075282 0.352236
v -0.234175 1.075798 0.342634
v -0.455746 0.159345 0.265345
v -0.465267 0.169005 0.265959
v -0.455683 0.169521 0.256357
v -0.448096 1.088400 0.322926
v -0.448190 1.079412 0.312750
v -0.457774 1.078896 0.322353
v -0.455712 0.158058 0.286105
v -0.455617 0.167046 0.296280
v -0.465233 0.167718 0.286719
v -0.448062 1.087113 0.343686
v -0.457740 1.077609 0.343113
v -0.448125 1.076937 0.352674
v 0.465117 0.327708 -0.305308
v 0.465010 0.335851 -0.313484
v 0.473210 0.335935 -0.305364
v 0.464864 0.353531 -0.313520
v 0.464837 0.361707 -0.305376
v 0.473064 0.353615 -0.305400
v 0.468046 0.328954 0.298364
v 0.476138 0.337181 0.298308
v 0.468018 0.337130 0.306507
v 0.467765 0.362953 0.298295
v 0.467872 0.354810 0.306472
v 0.475992 0.354860 0.298272
v -0.478089 0.319928 -0.300716
v -0.486316 0.328020 -0.300692
v -0.478196 0.328071 -0.308892
v -0.478370 0.353927 -0.300784
v -0.478342 0.345750 -0.308928
v -0.486462 0.345700 -0.300728
v -0.475160 0.321173 0.302956
v -0.475188 0.329350 0.311099
v -0.483387 0.329266 0.302979
v -0.475441 0.355172 0.302887
v -0.483534 0.346945 0.302944
v -0.475334 0.347029 0.311064
v 0.504167 0.884772 -0.299467
v 0.504207 0.892959 -0.307600
v 0.512320 0.892939 -0.299393
v 0.504193 0.910639 -0.307541
v 0.504140 0.918772 -0.299354
v 0.512306 0.910618 -0.299334
v 0.500710 0.882772 0.304200
v 0.508864 0.890938 0.304274
v 0.500657 0.890905 0.312387
v 0.500684 0.916772 0.304313
v 0.500643 0.908585 0.312445
v 0.508850 0.908618 0.304332
v -0.504984 0.884006 -0.305247
v -0.513150 0.892160 -0.305267
v -0.504944 0.892193 -0.313380
v -0.505010 0.918006 -0.305134
v -0.504957 0.909873 -0.313321
v -0.513164 0.909840 -0.305208
v -0.508440 0.882006 0.298420
v -0.508493 0.890139 0.306607
v -0.516606 0.890159 0.298400
v -0.508467 0.916005 0.298532
v -0.516620 0.907839 0.298459
v -0.508507 0.907818 0.306665
v 0.196060 0.735345 0.324315
v 0.195804 0.748195 0.313457
v 0.207886 0.747285 0.325130
v 0.193955 1.063285 0.339936
v 0.194072 1.074145 0.352786
v 0.206037 1.062375 0.351609
v 0.196472 0.733153 0.350426
v 0.208297 0.745093 0.351242
v 0.196589 0.744013 0.363276
v 0.194484 1.071953 0.378898
v 0.194741 1.059103 0.389755
v 0.206449 1.060183 0.377721
v 0.170288 0.735161 0.324706
v 0.158323 0.746931 0.325882
v 0.170031 0.748011 0.313848
v 0.168300 1.073961 0.353177
v 0.168183 1.063101 0.340327
v 0.156475 1.062021 0.352361
v 0.170700 0.732969 0.350817
v 0.170817 0.743829 0.363667
v 0.158735 0.744739 0.351994
v 0.168712 1.071769 0.379289
v 0.156886 1.059829 0.378473
v 0.168968 1.058919 0.390146
v 0.577139 0.894406 -0.065511
v 0.577113 0.902633 -0.073796
v 0.585396 0.902661 -0.065567
v 0.577115 0.936121 -0.073910
v 0.577142 0.944405 -0.065682
v 0.585398 0.936149 -0.065681
v 0.577607 0.894896 0.077975
v 0.585863 0.903151 0.077920
v 0.577634 0.903180 0.086203
v 0.577610 0.944895 0.077804
v 0.577636 0.936668 0.086088
v 0.585865 0.936639 0.077806
v 0.559252 0.894407 -0.065453
v 0.550996 0.902663 -0.065454
v 0.559225 0.902634 -0.073737
v 0.559254 0.944406 -0.065624
v 0.559227 0.936122 -0.073852
v 0.550998 0.936151 -0.065569
v 0.559719 0.894897 0.078033
v 0.559747 0.903181 0.086261
v 0.551464 0.903153 0.078032
v 0.559722 0.944897 0.077863
v 0.551466 0.936641 0.077918
v 0.559748 0.936669 0.086147
v -0.164170 0.731647 0.314926
v -0.164051 0.744254 0.303894
v -0.152353 0.743485 0.315861
v -0.164806 1.059862 0.324907
v -0.164981 1.070895 0.337513
v -0.153108 1.059093 0.336874
v -0.164497 0.729899 0.341173
v -0.152680 0.741737 0.342109
v -0.164673 0.740931 0.353779
v -0.165308 1.069147 0.363760
v -0.165427 1.056539 0.374792
v -0.153435 1.057345 0.363122
v -0.189835 0.731607 0.314603
v -0.201708 0.743408 0.315241
v -0.189716 0.744214 0.303571
v -0.190646 1.070855 0.337190
v -0.190470 1.059822 0.324584
v -0.202463 1.059017 0.336255
v -0.190161 0.729859 0.340851
v -0.190337 0.740891 0.353457
v -0.202035 0.741660 0.341489
v -0.190973 1.069107 0.363438
v -0.202790 1.057268 0.362502
v -0.191092 1.056499 0.374470
v -0.559435 0.898902 -0.068474
v -0.559515 0.907156 -0.076658
v -0.551271 0.907176 -0.068464
v -0.559738 0.940717 -0.076515
v -0.559767 0.948901 -0.068261
v -0.551494 0.940737 -0.068322
v -0.558989 0.898295 0.075086
v -0.550825 0.906568 0.075096
v -0.559018 0.906478 0.083340
v -0.559321 0.948293 0.075299
v -0.559241 0.940040 0.083483
v -0.551048 0.940129 0.075239
v -0.577242 0.898784 -0.068419
v -0.585515 0.906948 -0.068359
v -0.577322 0.907037 -0.076603
v -0.577574 0.948782 -0.068207
v -0.577545 0.940598 -0.076460
v -0.585738 0.940509 -0.068216
v -0.576796 0.898176 0.075141
v -0.576825 0.906360 0.083395
v -0.585069 0.906340 0.075201
v -0.577128 0.948174 0.075354
v -0.585292 0.939901 0.075344
v -0.577048 0.939921 0.083538
v 0.207961 1.042766 0.327949
v 0.207833 1.055706 0.316970
v 0.219944 1.054752 0.328820
v 0.207796 1.081619 0.319094
v 0.207890 1.092599 0.332034
v 0.219907 1.080665 0.330944
v 0.208202 1.040642 0.353861
v 0.220184 1.052628 0.354732
v 0.208295 1.051622 0.366800
v 0.208130 1.090475 0.357946
v 0.208258 1.077535 0.368925
v 0.220147 1.078541 0.356856
v -0.193926 1.041893 0.331604
v -0.205942 1.053827 0.332694
v -0.194054 1.054833 0.320625
v -0.193997 1.091726 0.335689
v -0.194091 1.080746 0.322749
v -0.205979 1.079740 0.334818
v -0.193686 1.039769 0.357516
v -0.193592 1.050749 0.370456
v -0.205702 1.051703 0.358606
v -0.193757 1.089602 0.361601
v -0.205739 1.077616 0.360730
v -0.193629 1.076662 0.372580
v 0.197002 0.705069 0.318101
v 0.196853 0.717869 0.306959
v 0.208911 0.717135 0.318879
v 0.196656 0.743806 0.308756
v 0.196623 0.754948 0.321557
v 0.208714 0.743072 0.320676
v 0.197128 0.703273 0.344039
v 0.209036 0.715339 0.344817
v 0.197095 0.714415 0.356839
v 0.196749 0.753152 0.347494
v 0.196898 0.740352 0.358636
v 0.208839 0.741276 0.346613
v -0.198430 0.701946 0.319801
v -0.210520 0.713822 0.320682
v -0.198579 0.714746 0.308659
v -0.198809 0.751825 0.323256
v -0.198776 0.740683 0.310456
v -0.210718 0.739759 0.322478
v -0.198304 0.700150 0.345738
v -0.198337 0.711292 0.358539
v -0.210395 0.712026 0.346619
v -0.198683 0.750029 0.349194
v -0.210592 0.737963 0.348416
v -0.198534 0.737229 0.360336
v -0.004844 0.797621 0.343285
v -0.070172 0.857738 0.296784
v 0.018100 0.853049 0.263002
v 0.077650 0.854131 0.336539
v 0.026182 0.859488 0.415769
v -0.065177 0.861718 0.391199
v -0.028051 0.951404 0.261297
v 0.063307 0.949174 0.285868
v 0.068302 0.953154 0.380283
v -0.019969 0.957843 0.414065
v -0.079520 0.956761 0.340528
v 0.002975 1.013271 0.333781
v 0.007955 0.811270 0.296930
v -0.043929 0.814026 0.316787
v -0.030443 0.846606 0.269597
v -0.079391 0.851702 0.344950
v -0.040993 0.816366 0.372282
v 0.042958 0.811906 0.340154
v 0.056445 0.844485 0.292965
v 0.012706 0.815055 0.386724
v 0.061195 0.848271 0.382759
v -0.022757 0.852730 0.414887
v -0.087822 0.907567 0.315166
v -0.084886 0.909906 0.370661
v -0.005685 0.901661 0.248738
v -0.057570 0.904417 0.268595
v 0.083017 0.900986 0.306405
v 0.048014 0.900350 0.263180
v 0.055701 0.906475 0.408471
v 0.085953 0.903325 0.361900
v -0.049884 0.910542 0.413886
v 0.003816 0.909231 0.428328
v -0.063065 0.962622 0.294308
v 0.020887 0.958162 0.262179
v 0.077522 0.959190 0.332117
v 0.028574 0.964286 0.407469
v -0.058314 0.966407 0.384102
v -0.014575 0.995837 0.290342
v -0.044828 0.998986 0.336913
v 0.039123 0.994526 0.304784
v 0.042059 0.996866 0.360280
v -0.009825 0.999622 0.380136
v 0.038225 0.394914 0.324247
v 0.038239 0.402123 0.317056
v 0.045450 0.402088 0.324245
v 0.038643 0.517722 0.317200
v 0.038678 0.524913 0.324409
v 0.045853 0.517688 0.324389
v 0.038249 0.394894 0.339847
v 0.045474 0.402069 0.339845
v 0.038285 0.402085 0.347055
v 0.038702 0.524893 0.340008
v 0.038688 0.517684 0.347200
v 0.045877 0.517668 0.339989
v -0.048362 0.395215 0.324378
v -0.055536 0.402441 0.324398
v -0.048347 0.402424 0.317187
v -0.047908 0.525215 0.324540
v -0.047944 0.518024 0.317331
v -0.055133 0.518040 0.324542
v -0.048338 0.395196 0.339978
v -0.048302 0.402387 0.347187
v -0.055513 0.402421 0.339998
v -0.047885 0.525195 0.340140
v -0.055110 0.518020 0.340142
v -0.047899 0.517986 0.347331
v -0.100000 1.245000 0.300000
v -0.100000 1.249000 0.335000
v -0.100000 1.257000 0.330000
v -0.100000 1.245000 0.370000
v -0.100000 1.200000 0.405000
v -0.100000 1.125000 0.430000
v -0.100000 0.973235 0.445000
v -0.100000 0.888443 0.455000
v -0.180000 1.245000 0.300000
v -0.180000 1.249000 0.335000
v -0.180000 1.257000 0.330000
v -0.180000 1.245000 0.370000
v -0.180000 1.200000 0.405000
v -0.180000 1.125000 0.430000
v -0.180000 0.973235 0.445000
v -0.180000 0.873382 0.455000
v -0.260000 1.245000 0.300000
v -0.260000 1.249000 0.335000
v -0.260000 1.257000 0.330000
v -0.260000 1.245000 0.370000
v -0.260000 1.200000 0.405000
v -0.260000 1.125000 0.430000
v -0.260000 0.973235 0.445000
v -0.260000 0.846038 0.455000
v -0.340000 1.245000 0.300000
v -0.340000 1.249000 0.335000
v -0.340000 1.257000 0.330000
v -0.340000 1.245000 0.370000
v -0.340000 1.200000 0.405000
v -0.340000 1.125000 0.430000
v -0.340000 0.973235 0.445000
v -0.340000 0.818259 0.455000
v -0.420000 1.245000 0.300000
v -0.420000 1.249000 0.335000
v -0.420000 1.257000 0.330000
v -0.420000 1.245000 0.370000
v -0.420000 1.200000 0.405000
v -0.420000 1.125000 0.430000
v -0.420000 0.973235 0.445000
v -0.420000 0.839218 0.455000
v -0.500000 1.245000 0.300000
v -0.500000 1.249000 0.335000
v -0.500000 1.257000 0.330000
v -0.500000 1.245000 0.370000
v -0.500000 1.200000 0.405000
v -0.500000 1.125000 0.430000
v -0.500000 0.973235 0.445000
v -0.500000 0.772835 0.455000
v -0.100000 1.231091 0.301590
v -0.100000 1.242921 0.347611
v -0.100000 1.248507 0.341130
v -0.100000 1.233450 0.362088
v -0.100000 1.193394 0.392657
v -0.100000 1.122080 0.416308
v -0.099929 0.971793 0.431075
v -0.099858 0.886936 0.441082
v -0.180000 1.231091 0.301590
v -0.180000 1.242921 0.347611
v -0.180000 1.248507 0.341130
v -0.180000 1.233450 0.362088
v -0.180000 1.193394 0.392657
v -0.180000 1.122080 0.416308
v -0.179912 0.971863 0.431068
v -0.179819 0.872036 0.441066
v -0.260000 1.231091 0.301590
v -0.260000 1.242921 0.347611
v -0.260000 1.248507 0.341130
v -0.260000 1.233450 0.362088
v -0.260000 1.193394 0.392657
v -0.260000 1.122080 0.416308
v -0.259905 0.971992 0.431056
v -0.259813 0.844954 0.441043
v -0.340000 1.231091 0.301590
v -0.340000 1.242921 0.347611
v -0.340000 1.248507 0.341130
v -0.340000 1.233450 0.362088
v -0.340000 1.193394 0.392657
v -0.340000 1.122080 0.416308
v -0.339989 0.972058 0.431050
v -0.339982 0.817282 0.441034
v -0.420000 1.231091 0.301590
v -0.420000 1.242921 0.347611
v -0.420000 1.248507 0.341130
v -0.420000 1.233450 0.362088
v -0.420000 1.193394 0.392657
v -0.420000 1.122080 0.416308
v -0.419945 0.972096 0.431047
v -0.419865 0.838324 0.441029
v -0.500000 1.231091 0.301590
v -0.500000 1.242921 0.347611
v -0.500000 1.248507 0.341130
v -0.500000 1.233450 0.362088
v -0.500000 1.193394 0.392657
v -0.500000 1.122080 0.416308
v -0.499827 0.972129 0.431045
v -0.499653 0.772000 0.441029
v 0.555884 0.008133 0.312843
v 0.630723 0.043525 0.363940
v 0.530519 0.055425 0.393517
v 0.470537 0.055054 0.307760
v 0.533672 0.042925 0.225183
v 0.632672 0.035799 0.259905
v 0.591629 0.112321 0.390437
v 0.492629 0.119446 0.355715
v 0.494578 0.111721 0.251680
v 0.594783 0.099820 0.222103
v 0.654765 0.100191 0.307860
v 0.569418 0.147113 0.302776
v -0.547296 -0.001381 0.318452
v -0.501885 0.038469 0.245268
v -0.474077 0.046356 0.345015
v -0.552859 0.041405 0.405358
v -0.629356 0.030458 0.342903
v -0.597851 0.028643 0.243962
v -0.479381 0.105884 0.286945
v -0.510886 0.107698 0.385885
v -0.606852 0.097873 0.384580
v -0.634660 0.089986 0.284832
v -0.555878 0.094937 0.224489
v -0.561441 0.137723 0.311396
vn 0.9961 -0.0881 -0.0000
vn 0.0011 -0.0607 0.9982
vn -0.9946 -0.1033 0.0013
vn -0.0001 -0.0736 -0.9973
vn 0.0076 -1.0000 0.0065
vn -0.0076 1.0000 -0.0065
vn 0.7077 -0.2997 -0.6398
vn 0.4090 0.7981 -0.4424
vn 0.7064 -0.5043 0.4966
vn 0.4077 0.5934 0.6940
vn -0.4077 -0.5934 -0.6940
vn -0.7064 0.5043 -0.4966
vn -0.4090 -0.7981 0.4424
vn -0.7077 0.2997 0.6398
vn 0.8660 -0.4924 -0.0876
vn 0.6839 0.3052 -0.6627
vn 0.5001 0.8522 0.1541
vn 0.6822 0.0546 0.7291
vn 0.1821 -0.7976 0.5751
vn -0.1838 0.5469 0.8168
vn -0.6839 -0.3052 0.6627
vn -0.5001 -0.8522 -0.1541
vn -0.8660 0.4924 0.0876
vn -0.6822 -0.0546 -0.7291
vn 0.1838 -0.5469 -0.8168
vn -0.1821 0.7976 -0.5751
vn 0.2587 -0.9507 -0.1709
vn 0.9660 0.2544 0.0470
vn 0.0012 0.1772 -0.9842
vn -0.2587 0.9507 0.1709
vn -0.0012 -0.1772 0.9842
vn -0.9660 -0.2544 -0.0470
vn 0.6982 -0.2841 -0.6571
vn 0.3991 0.8084 -0.4328
vn 0.7161 -0.5117 0.4748
vn 0.4169 0.5808 0.6991
vn -0.4169 -0.5808 -0.6991
vn -0.7161 0.5117 -0.4748
vn -0.3991 -0.8084 0.4328
vn -0.6982 0.2841 0.6571
vn 0.8661 -0.4873 -0.1116
vn 0.6719 0.3210 -0.6674
vn 0.4997 0.8507 0.1631
vn 0.6938 0.0424 0.7189
vn 0.1941 -0.8083 0.5558
vn -0.1722 0.5297 0.8305
vn -0.6719 -0.3210 0.6674
vn -0.4997 -0.8507 -0.1631
vn -0.8661 0.4873 0.1116
vn -0.6938 -0.0424 -0.7189
vn 0.1722 -0.5297 -0.8305
vn -0.1941 0.8083 -0.5558
vn 0.2591 -0.9461 -0.1943
vn 0.9657 0.2569 0.0364
vn -0.0155 0.1970 -0.9803
vn -0.2591 0.9461 0.1943
vn 0.0155 -0.1970 0.9803
vn -0.9657 -0.2569 -0.0364
vn 0.7109 -0.4976 -0.4970
vn 0.3990 0.5961 -0.6967
vn 0.7128 -0.2897 0.6388
vn 0.4009 0.8040 0.4391
vn -0.4009 -0.8040 -0.4391
vn -0.7128 0.2897 -0.6388
vn -0.3990 -0.5961 0.6967
vn -0.7109 0.4976 0.4970
vn 0.8718 -0.4821 0.0868
vn 0.6797 0.0604 -0.7310
vn 0.4898 0.8574 -0.1577
vn 0.6820 0.3150 0.6601
vn 0.1921 -0.5424 0.8178
vn -0.1899 0.7971 0.5733
vn -0.6797 -0.0604 0.7310
vn -0.4898 -0.8574 0.1577
vn -0.8718 0.4821 -0.0868
vn -0.6820 -0.3150 -0.6601
vn 0.1899 -0.7971 -0.5733
vn -0.1921 0.5424 -0.8178
vn 0.2701 -0.9472 0.1729
vn 0.9628 0.2654 -0.0502
vn -0.0016 -0.1800 -0.9837
vn -0.2701 0.9472 -0.1729
vn 0.0016 0.1800 0.9837
vn -0.9628 -0.2654 0.0502
vn 0.7075 -0.5077 -0.4916
vn 0.4083 0.5883 -0.6980
vn 0.7069 -0.2942 0.6432
vn 0.4077 0.8018 0.4368
vn -0.4077 -0.8018 -0.4368
vn -0.7069 0.2942 -0.6432
vn -0.4083 -0.5883 0.6980
vn -0.7075 0.5077 0.4916
vn 0.8662 -0.4910 0.0928
vn 0.6833 0.0494 -0.7285
vn 0.4997 0.8513 -0.1599
vn 0.6826 0.3109 0.6614
vn 0.1829 -0.5404 0.8213
vn -0.1836 0.8019 0.5686
vn -0.6833 -0.0494 0.7285
vn -0.4997 -0.8513 0.1599
vn -0.8662 0.4910 -0.0928
vn -0.6826 -0.3109 -0.6614
vn 0.1836 -0.8019 -0.5686
vn -0.1829 0.5404 -0.8213
vn 0.2591 -0.9492 0.1787
vn 0.9658 0.2547 -0.0474
vn 0.0005 -0.1849 -0.9828
vn -0.2591 0.9492 -0.1787
vn -0.0005 0.1849 0.9828
vn -0.9658 -0.2547 0.0474
vn 0.3983 -0.6111 -0.6840
vn 0.7264 0.4793 -0.4926
vn 0.3806 -0.8056 0.4541
vn 0.7086 0.2849 0.6455
vn -0.7086 -0.2849 -0.6455
vn -0.3806 0.8056 -0.4541
vn -0.7264 -0.4793 0.4926
vn -0.3983 0.6111 0.6840
vn 0.4770 -0.8676 -0.1408
vn 0.6888 -0.0807 -0.7205
vn 0.8788 0.4680 0.0937
vn 0.6670 -0.3189 0.6734
vn -0.2118 -0.7868 0.5797
vn 0.1900 0.5487 0.8141
vn -0.6888 0.0807 0.7205
vn -0.8788 -0.4680 -0.0937
vn -0.4770 0.8676 0.1408
vn -0.6670 0.3189 -0.6734
vn -0.1900 -0.5487 -0.8141
vn 0.2118 0.7868 -0.5797
vn -0.2841 -0.9444 -0.1658
vn 0.9587 -0.2826 -0.0333
vn 0.0154 0.1684 -0.9856
vn 0.2841 0.9444 0.1658
vn -0.0154 -0.1684 0.9856
vn -0.9587 0.2826 0.0333
vn 0.4027 -0.5854 -0.7036
vn 0.7143 0.5047 -0.4848
vn 0.3976 -0.8112 0.4288
vn 0.7091 0.2789 0.6476
vn -0.7091 -0.2789 -0.6476
vn -0.3976 0.8112 -0.4288
vn -0.7143 -0.5047 0.4848
vn -0.4027 0.5854 0.7036
vn 0.4901 -0.8553 -0.1683
vn 0.6841 -0.0495 -0.7278
vn 0.8717 0.4799 0.0997
vn 0.6777 -0.3260 0.6591
vn -0.1940 -0.8058 0.5595
vn 0.1876 0.5293 0.8274
vn -0.6841 0.0495 0.7278
vn -0.8717 -0.4799 -0.0997
vn -0.4901 0.8553 0.1683
vn -0.6777 0.3260 -0.6591
vn -0.1876 -0.5293 -0.8274
vn 0.1940 0.8058 -0.5595
vn -0.2698 -0.9441 -0.1895
vn 0.9629 -0.2655 -0.0485
vn 0.0045 0.1955 -0.9807
vn 0.2698 0.9441 0.1895
vn -0.0045 -0.1955 0.9807
vn -0.9629 0.2655 0.0485
vn 0.4140 -0.7935 -0.4460
vn 0.7130 0.3064 -0.6307
vn 0.4022 -0.5993 0.6922
vn 0.7013 0.5006 0.5075
vn -0.7013 -0.5006 -0.5075
vn -0.4022 0.5993 -0.6921
vn -0.7130 -0.3064 0.6307
vn -0.4140 0.7935 0.4460
vn 0.4998 -0.8529 0.1507
vn 0.6901 -0.2983 -0.6593
vn 0.8661 0.4942 -0.0754
vn 0.6758 -0.0604 0.7346
vn -0.1903 -0.5546 0.8101
vn 0.1760 0.7925 0.5839
vn -0.6901 0.2983 0.6593
vn -0.8661 -0.4942 0.0754
vn -0.4998 0.8529 -0.1507
vn -0.6758 0.0604 -0.7346
vn -0.1760 -0.7925 -0.5839
vn 0.1903 0.5546 -0.8101
vn -0.2590 -0.9526 0.1599
vn 0.9658 -0.2537 0.0532
vn 0.0102 -0.1682 -0.9857
vn 0.2590 0.9526 -0.1599
vn -0.0102 0.1682 0.9857
vn -0.9658 0.2537 -0.0532
vn 0.4149 -0.7948 -0.4429
vn 0.7187 0.3042 -0.6252
vn 0.3951 -0.6005 0.6952
vn 0.6990 0.4984 0.5128
vn -0.6990 -0.4984 -0.5129
vn -0.3951 0.6005 -0.6952
vn -0.7187 -0.3042 0.6252
vn -0.4149 0.7948 0.4429
vn 0.4960 -0.8545 0.1545
vn 0.6942 -0.3005 -0.6541
vn 0.8682 0.4915 -0.0688
vn 0.6700 -0.0625 0.7398
vn -0.1982 -0.5540 0.8086
vn 0.1740 0.7920 0.5853
vn -0.6942 0.3005 0.6541
vn -0.8682 -0.4915 0.0688
vn -0.4960 0.8545 -0.1545
vn -0.6700 0.0625 -0.7398
vn -0.1740 -0.7920 -0.5853
vn 0.1982 0.5540 -0.8086
vn -0.2632 -0.9517 0.1579
vn 0.9646 -0.2567 0.0606
vn 0.0171 -0.1683 -0.9856
vn 0.2632 0.9517 -0.1579
vn -0.0171 0.1683 0.9856
vn -0.9646 0.2567 -0.0606
vn 0.5771 -0.5818 -0.5731
vn 0.5691 0.5727 -0.5900
vn 0.5855 -0.5649 0.5814
vn 0.5776 0.5896 0.5646
vn -0.5776 -0.5896 -0.5646
vn -0.5855 0.5649 -0.5814
vn -0.5692 -0.5727 0.5900
vn -0.5771 0.5818 0.5731
vn 0.7119 -0.7022 0.0051
vn 0.7019 -0.0056 -0.7122
vn 0.7022 0.7118 -0.0156
vn 0.7122 0.0151 0.7018
vn 0.0100 -0.6966 0.7173
vn 0.0003 0.7174 0.6967
vn -0.7019 0.0056 0.7122
vn -0.7022 -0.7118 0.0156
vn -0.7119 0.7022 -0.0051
vn -0.7122 -0.0151 -0.7018
vn -0.0003 -0.7174 -0.6967
vn -0.0100 0.6967 -0.7173
vn 0.0069 -0.9999 0.0146
vn 0.9999 0.0068 -0.0074
vn -0.0073 -0.0147 -0.9999
vn -0.0069 0.9999 -0.0146
vn 0.0073 0.0147 0.9999
vn -0.9999 -0.0068 0.0074
vn 0.5749 -0.5833 -0.5738
vn 0.5832 0.5714 -0.5774
vn 0.5714 -0.5797 0.5809
vn 0.5797 0.5750 0.5773
vn -0.5797 -0.5750 -0.5773
vn -0.5714 0.5797 -0.5809
vn -0.5832 -0.5714 0.5774
vn -0.5749 0.5833 0.5738
vn 0.7020 -0.7122 0.0043
vn 0.7092 -0.0073 -0.7049
vn 0.7122 0.7020 -0.0000
vn 0.7049 -0.0029 0.7093
vn -0.0072 -0.7049 0.7093
vn 0.0030 0.7093 0.7049
vn -0.7092 0.0073 0.7049
vn -0.7122 -0.7020 -0.0000
vn -0.7020 0.7122 -0.0043
vn -0.7049 0.0029 -0.7093
vn -0.0030 -0.7093 -0.7049
vn 0.0072 0.7049 -0.7093
vn -0.0072 -1.0000 0.0031
vn 1.0000 -0.0072 0.0030
vn 0.0030 -0.0031 -1.0000
vn 0.0072 1.0000 -0.0031
vn -0.0030 0.0031 1.0000
vn -1.0000 0.0072 -0.0030
vn 0.5827 -0.5620 -0.5871
vn 0.5673 0.5925 -0.5720
vn 0.5873 -0.5771 0.5675
vn 0.5719 0.5774 0.5826
vn -0.5719 -0.5774 -0.5826
vn -0.5873 0.5771 -0.5675
vn -0.5673 -0.5925 0.5720
vn -0.5827 0.5620 0.5871
vn 0.7165 -0.6975 -0.0120
vn 0.7042 0.0187 -0.7098
vn 0.6976 0.7164 0.0065
vn 0.7099 0.0002 0.7043
vn 0.0123 -0.7162 0.6978
vn -0.0066 0.6978 0.7163
vn -0.7042 -0.0187 0.7098
vn -0.6976 -0.7164 -0.0065
vn -0.7165 0.6975 0.0120
vn -0.7099 -0.0002 -0.7043
vn 0.0066 -0.6978 -0.7163
vn -0.0123 0.7162 -0.6978
vn 0.0133 -0.9998 -0.0131
vn 0.9999 0.0134 -0.0039
vn -0.0040 0.0130 -0.9999
vn -0.0133 0.9998 0.0131
vn 0.0040 -0.0130 0.9999
vn -0.9999 -0.0134 0.0039
vn 0.5711 -0.5758 -0.5851
vn 0.5873 0.5787 -0.5659
vn 0.5673 -0.5949 0.5694
vn 0.5835 0.5595 0.5886
vn -0.5835 -0.5595 -0.5886
vn -0.5673 0.5949 -0.5694
vn -0.5873 -0.5787 0.5659
vn -0.5711 0.5758 0.5851
vn 0.6971 -0.7169 -0.0096
vn 0.7094 0.0018 -0.7048
vn 0.7169 0.6970 0.0139
vn 0.7047 -0.0217 0.7092
vn -0.0122 -0.7187 0.6952
vn 0.0076 0.6952 0.7188
vn -0.7094 -0.0018 0.7049
vn -0.7169 -0.6970 -0.0139
vn -0.6971 0.7169 0.0096
vn -0.7047 0.0217 -0.7092
vn -0.0076 -0.6952 -0.7188
vn 0.0122 0.7187 -0.6953
vn -0.0140 -0.9998 -0.0166
vn 0.9999 -0.0141 0.0031
vn 0.0033 0.0166 -0.9999
vn 0.0140 0.9998 0.0166
vn -0.0033 -0.0166 0.9999
vn -0.9999 0.0141 -0.0031
vn 0.5796 -0.5854 -0.5669
vn 0.5782 0.5692 -0.5845
vn 0.5765 -0.5678 0.5876
vn 0.5751 0.5868 0.5700
vn -0.5751 -0.5868 -0.5700
vn -0.5765 0.5677 -0.5876
vn -0.5782 -0.5692 0.5845
vn -0.5796 0.5854 0.5669
vn 0.7080 -0.7061 0.0127
vn 0.7090 -0.0099 -0.7051
vn 0.7062 0.7079 -0.0089
vn 0.7052 0.0117 0.7089
vn -0.0010 -0.6962 0.7178
vn -0.0028 0.7178 0.6962
vn -0.7090 0.0099 0.7051
vn -0.7062 -0.7079 0.0089
vn -0.7080 0.7061 -0.0127
vn -0.7052 -0.0117 -0.7089
vn 0.0028 -0.7178 -0.6962
vn 0.0010 0.6962 -0.7178
vn 0.0012 -0.9999 0.0152
vn 1.0000 0.0013 0.0027
vn 0.0027 -0.0152 -0.9999
vn -0.0012 0.9999 -0.0152
vn -0.0027 0.0152 0.9999
vn -1.0000 -0.0013 -0.0027
vn 0.5759 -0.5348 -0.6183
vn 0.5738 0.6171 -0.5385
vn 0.5809 -0.6146 0.5336
vn 0.5788 0.5373 0.6135
vn -0.5788 -0.5373 -0.6135
vn -0.5809 0.6146 -0.5336
vn -0.5738 -0.6171 0.5385
vn -0.5759 0.5348 0.6183
vn 0.7084 -0.7039 -0.0518
vn 0.7040 0.0504 -0.7084
vn 0.7058 0.7069 0.0459
vn 0.7102 -0.0474 0.7024
vn 0.0044 -0.7543 0.6565
vn 0.0018 0.6565 0.7543
vn -0.7040 -0.0504 0.7084
vn -0.7058 -0.7069 -0.0459
vn -0.7084 0.7039 0.0518
vn -0.7102 0.0474 -0.7024
vn -0.0018 -0.6565 -0.7543
vn -0.0044 0.7543 -0.6565
vn 0.0018 -0.9976 -0.0691
vn 1.0000 0.0021 -0.0042
vn -0.0043 0.0691 -0.9976
vn -0.0018 0.9976 0.0691
vn 0.0043 -0.0691 0.9976
vn -1.0000 -0.0021 0.0042
vn 0.5787 -0.5358 -0.6149
vn 0.5884 0.6153 -0.5246
vn 0.5662 -0.6259 0.5362
vn 0.5759 0.5252 0.6265
vn -0.5759 -0.5252 -0.6265
vn -0.5662 0.6260 -0.5363
vn -0.5884 -0.6153 0.5246
vn -0.5787 0.5358 0.6149
vn 0.7011 -0.7114 -0.0481
vn 0.7147 0.0487 -0.6978
vn 0.7130 0.6984 0.0624
vn 0.6994 -0.0617 0.7120
vn -0.0135 -0.7601 0.6496
vn -0.0017 0.6497 0.7602
vn -0.7147 -0.0487 0.6978
vn -0.7130 -0.6984 -0.0624
vn -0.7011 0.7114 0.0481
vn -0.6994 0.0617 -0.7120
vn 0.0017 -0.6497 -0.7602
vn 0.0135 0.7601 -0.6496
vn -0.0084 -0.9969 -0.0782
vn 0.9999 -0.0092 0.0101
vn 0.0108 0.0781 -0.9969
vn 0.0084 0.9969 0.0782
vn -0.0108 -0.0781 0.9969
vn -0.9999 0.0092 -0.0101
vn 0.5941 -0.5309 -0.6043
vn 0.5780 0.6212 -0.5292
vn 0.5765 -0.6063 0.5478
vn 0.5603 0.5459 0.6229
vn -0.5603 -0.5459 -0.6229
vn -0.5765 0.6063 -0.5478
vn -0.5780 -0.6212 0.5292
vn -0.5941 0.5309 0.6043
vn 0.7169 -0.6964 -0.0346
vn 0.7177 0.0553 -0.6941
vn 0.6971 0.7147 0.0574
vn 0.6962 -0.0370 0.7169
vn -0.0009 -0.7517 0.6595
vn -0.0207 0.6594 0.7515
vn -0.7177 -0.0553 0.6941
vn -0.6971 -0.7147 -0.0574
vn -0.7169 0.6964 0.0346
vn -0.6962 0.0370 -0.7169
vn 0.0207 -0.6594 -0.7515
vn 0.0009 0.7517 -0.6595
vn 0.0140 -0.9978 -0.0651
vn 0.9998 0.0130 0.0161
vn 0.0153 0.0653 -0.9978
vn -0.0140 0.9978 0.0651
vn -0.0153 -0.0653 0.9978
vn -0.9998 -0.0130 -0.0161
vn 0.5716 -0.5452 -0.6132
vn 0.5811 0.6073 -0.5418
vn 0.5735 -0.6166 0.5393
vn 0.5830 0.5358 0.6107
vn -0.5830 -0.5358 -0.6107
vn -0.5735 0.6166 -0.5393
vn -0.5811 -0.6073 0.5418
vn -0.5716 0.5452 0.6132
vn 0.7013 -0.7115 -0.0453
vn 0.7059 0.0380 -0.7073
vn 0.7129 0.7000 0.0422
vn 0.7082 -0.0495 0.7042
vn -0.0047 -0.7495 0.6620
vn 0.0070 0.6620 0.7495
vn -0.7059 -0.0380 0.7073
vn -0.7129 -0.7000 -0.0422
vn -0.7013 0.7115 0.0453
vn -0.7082 0.0495 -0.7042
vn -0.0070 -0.6620 -0.7495
vn 0.0047 0.7495 -0.6620
vn -0.0082 -0.9981 -0.0619
vn 1.0000 -0.0081 -0.0021
vn -0.0016 0.0619 -0.9981
vn 0.0082 0.9981 0.0619
vn 0.0016 -0.0619 0.9981
vn -1.0000 0.0081 0.0021
vn 0.5793 -0.5738 -0.5790
vn 0.5698 0.5809 -0.5813
vn 0.5849 -0.5714 0.5757
vn 0.5754 0.5833 0.5734
vn -0.5754 -0.5833 -0.5734
vn -0.5849 0.5714 -0.5757
vn -0.5698 -0.5809 0.5813
vn -0.5793 0.5738 0.5790
vn 0.7129 -0.7012 -0.0020
vn 0.7036 0.0044 -0.7105
vn 0.7012 0.7129 -0.0049
vn 0.7105 0.0073 0.7037
vn 0.0093 -0.7056 0.7085
vn -0.0024 0.7085 0.7057
vn -0.7036 -0.0044 0.7105
vn -0.7012 -0.7129 0.0049
vn -0.7129 0.7012 0.0020
vn -0.7105 -0.0073 -0.7037
vn 0.0024 -0.7085 -0.7057
vn -0.0093 0.7056 -0.7085
vn 0.0083 -1.0000 0.0020
vn 1.0000 0.0082 -0.0049
vn -0.0049 -0.0021 -1.0000
vn -0.0083 1.0000 -0.0020
vn 0.0049 0.0021 1.0000
vn -1.0000 -0.0082 0.0049
vn 0.5811 -0.5750 -0.5759
vn 0.5802 0.5797 -0.5721
vn 0.5745 -0.5788 0.5787
vn 0.5736 0.5759 0.5826
vn -0.5736 -0.5759 -0.5826
vn -0.5745 0.5788 -0.5787
vn -0.5802 -0.5797 0.5721
vn -0.5811 0.5750 0.5759
vn 0.7077 -0.7066 0.0017
vn 0.7111 0.0029 -0.7030
vn 0.7065 0.7077 0.0064
vn 0.7030 -0.0018 0.7111
vn -0.0035 -0.7094 0.7047
vn -0.0046 0.7048 0.7094
vn -0.7112 -0.0029 0.7030
vn -0.7065 -0.7076 -0.0064
vn -0.7076 0.7066 -0.0017
vn -0.7030 0.0018 -0.7111
vn 0.0046 -0.7048 -0.7094
vn 0.0035 0.7094 -0.7047
vn 0.0008 -1.0000 -0.0033
vn 1.0000 0.0008 0.0057
vn 0.0057 0.0033 -1.0000
vn -0.0008 1.0000 0.0033
vn -0.0057 -0.0033 1.0000
vn -1.0000 -0.0008 -0.0057
vn 0.5716 -0.5229 -0.6324
vn 0.5648 0.6277 -0.5357
vn 0.5897 -0.6195 0.5181
vn 0.5830 0.5312 0.6148
vn -0.5830 -0.5311 -0.6148
vn -0.5897 0.6195 -0.5182
vn -0.5648 -0.6277 0.5357
vn -0.5716 0.5229 0.6324
vn 0.7111 -0.6996 -0.0699
vn 0.6959 0.0642 -0.7153
vn 0.7029 0.7097 0.0485
vn 0.7181 -0.0541 0.6938
vn 0.0152 -0.7638 0.6453
vn 0.0070 0.6455 0.7638
vn -0.6959 -0.0642 0.7153
vn -0.7029 -0.7097 -0.0485
vn -0.7111 0.6996 0.0699
vn -0.7181 0.0541 -0.6938
vn -0.0070 -0.6455 -0.7638
vn -0.0152 0.7638 -0.6453
vn 0.0058 -0.9965 -0.0837
vn 0.9999 0.0071 -0.0152
vn -0.0157 0.0836 -0.9964
vn -0.0058 0.9965 0.0837
vn 0.0157 -0.0836 0.9964
vn -0.9999 -0.0071 0.0152
vn 0.5754 -0.5794 -0.5773
vn 0.5755 0.5753 -0.5812
vn 0.5792 -0.5754 0.5774
vn 0.5793 0.5793 0.5735
vn -0.5793 -0.5793 -0.5735
vn -0.5792 0.5754 -0.5774
vn -0.5755 -0.5753 0.5812
vn -0.5754 0.5794 0.5773
vn 0.7071 -0.7072 0.0001
vn 0.7048 -0.0025 -0.7094
vn 0.7071 0.7070 -0.0047
vn 0.7094 0.0024 0.7048
vn 0.0023 -0.7047 0.7095
vn 0.0023 0.7095 0.7047
vn -0.7048 0.0025 0.7094
vn -0.7071 -0.7071 0.0047
vn -0.7071 0.7072 -0.0001
vn -0.7094 -0.0024 -0.7048
vn -0.0023 -0.7095 -0.7047
vn -0.0023 0.7047 -0.7095
vn -0.0001 -1.0000 0.0034
vn 1.0000 -0.0001 -0.0033
vn -0.0033 -0.0034 -1.0000
vn 0.0001 1.0000 -0.0034
vn 0.0033 0.0034 1.0000
vn -1.0000 0.0001 0.0033
vn 0.5859 -0.5368 -0.6071
vn 0.5831 0.6153 -0.5304
vn 0.5715 -0.6135 0.5449
vn 0.5688 0.5386 0.6216
vn -0.5687 -0.5386 -0.6216
vn -0.5715 0.6135 -0.5449
vn -0.5831 -0.6153 0.5304
vn -0.5859 0.5368 0.6071
vn 0.7087 -0.7044 -0.0381
vn 0.7158 0.0481 -0.6966
vn 0.7054 0.7067 0.0559
vn 0.6983 -0.0459 0.7144
vn -0.0071 -0.7525 0.6585
vn -0.0105 0.6586 0.7525
vn -0.7158 -0.0481 0.6966
vn -0.7054 -0.7066 -0.0559
vn -0.7087 0.7044 0.0381
vn -0.6983 0.0459 -0.7144
vn 0.0105 -0.6586 -0.7525
vn 0.0071 0.7525 -0.6585
vn 0.0024 -0.9978 -0.0664
vn 0.9999 0.0016 0.0126
vn 0.0124 0.0665 -0.9977
vn -0.0024 0.9978 0.0664
vn -0.0124 -0.0665 0.9977
vn -0.9999 -0.0016 -0.0126
vn 0.5794 -0.5710 -0.5816
vn 0.5717 0.5836 -0.5767
vn 0.5830 -0.5759 0.5731
vn 0.5753 0.5787 0.5780
vn -0.5753 -0.5787 -0.5780
vn -0.5830 0.5759 -0.5731
vn -0.5717 -0.5836 0.5767
vn -0.5794 0.5710 0.5816
vn 0.7118 -0.7024 -0.0052
vn 0.7049 0.0077 -0.7093
vn 0.7024 0.7118 0.0008
vn 0.7093 0.0017 0.7049
vn 0.0069 -0.7101 0.7041
vn -0.0025 0.7041 0.7101
vn -0.7049 -0.0077 0.7093
vn -0.7024 -0.7118 -0.0008
vn -0.7118 0.7024 0.0052
vn -0.7093 -0.0017 -0.7049
vn 0.0025 -0.7041 -0.7101
vn -0.0069 0.7101 -0.7041
vn 0.0066 -1.0000 -0.0043
vn 1.0000 0.0067 -0.0031
vn -0.0031 0.0042 -1.0000
vn -0.0066 1.0000 0.0043
vn 0.0031 -0.0042 1.0000
vn -1.0000 -0.0067 0.0031
vn 0.5728 -0.5270 -0.6278
vn 0.5712 0.6238 -0.5335
vn 0.5835 -0.6213 0.5230
vn 0.5818 0.5295 0.6173
vn -0.5818 -0.5295 -0.6173
vn -0.5835 0.6213 -0.5230
vn -0.5712 -0.6238 0.5335
vn -0.5728 0.5270 0.6278
vn 0.7081 -0.7032 -0.0642
vn 0.7005 0.0593 -0.7111
vn 0.7061 0.7063 0.0513
vn 0.7136 -0.0562 0.6983
vn 0.0075 -0.7625 0.6469
vn 0.0055 0.6470 0.7625
vn -0.7005 -0.0593 0.7111
vn -0.7061 -0.7063 -0.0513
vn -0.7081 0.7032 0.0642
vn -0.7136 0.0562 -0.6983
vn -0.0055 -0.6470 -0.7625
vn -0.0075 0.7625 -0.6469
vn 0.0014 -0.9967 -0.0817
vn 1.0000 0.0022 -0.0091
vn -0.0092 0.0817 -0.9966
vn -0.0014 0.9967 0.0817
vn 0.0092 -0.0817 0.9966
vn -1.0000 -0.0022 0.0091
vn 0.5789 -0.5315 -0.6183
vn 0.5702 0.6204 -0.5385
vn 0.5845 -0.6113 0.5336
vn 0.5757 0.5406 0.6134
vn -0.5757 -0.5406 -0.6134
vn -0.5845 0.6113 -0.5336
vn -0.5702 -0.6204 0.5385
vn -0.5789 0.5315 0.6183
vn 0.7124 -0.6998 -0.0519
vn 0.7037 0.0544 -0.7084
vn 0.7017 0.7110 0.0458
vn 0.7105 -0.0433 0.7024
vn 0.0088 -0.7542 0.6565
vn -0.0019 0.6566 0.7543
vn -0.7037 -0.0544 0.7085
vn -0.7017 -0.7110 -0.0458
vn -0.7124 0.6998 0.0519
vn -0.7105 0.0433 -0.7024
vn 0.0019 -0.6566 -0.7543
vn -0.0088 0.7542 -0.6565
vn 0.0076 -0.9976 -0.0691
vn 1.0000 0.0079 -0.0043
vn -0.0048 0.0691 -0.9976
vn -0.0076 0.9976 0.0691
vn 0.0048 -0.0691 0.9976
vn -1.0000 -0.0079 0.0043
vn -0.1726 -0.9310 -0.3218
vn -0.7875 -0.5747 -0.2228
vn 0.2681 -0.9417 -0.2032
vn 0.2922 -0.9225 0.2522
vn -0.1336 -0.8999 0.4151
vn -0.9431 -0.2557 -0.2126
vn -0.0859 -0.3190 -0.9439
vn 0.8760 -0.3278 -0.3537
vn 0.6133 -0.2700 0.7423
vn -0.5110 -0.2254 0.8295
vn -0.8376 -0.0984 -0.5374
vn 0.2530 -0.1564 -0.9548
vn 0.9886 -0.1430 -0.0463
vn 0.3528 -0.0768 0.9325
vn -0.7758 -0.0493 0.6290
vn -0.4527 0.5800 -0.6773
vn 0.4937 0.5457 -0.6771
vn 0.7875 0.5747 0.2228
vn 0.0226 0.6269 0.7787
vn -0.7439 0.6302 0.2225
vn -0.2681 0.9417 0.2032
vn -0.4979 0.7737 0.3918
vn -0.3814 0.6368 0.6701
vn 0.1726 0.9310 0.3218
vn 0.2690 0.7549 0.5981
vn 0.5599 0.5984 0.5731
vn 0.4209 0.9051 -0.0604
vn 0.7010 0.7100 -0.0670
vn 0.7571 0.5505 -0.3519
vn 0.1336 0.8999 -0.4151
vn 0.2012 0.7009 -0.6843
vn -0.0623 0.5593 -0.8266
vn -0.2922 0.9225 -0.2522
vn -0.5398 0.7403 -0.4007
vn -0.7660 0.6126 -0.1950
vn -0.8760 0.3278 0.3537
vn -0.7610 0.2120 0.6131
vn -0.5329 0.3341 0.7774
vn 0.0859 0.3190 0.9439
vn 0.3598 0.1847 0.9146
vn 0.5945 0.2919 0.7492
vn 0.9431 0.2557 0.2126
vn 0.9912 0.1190 -0.0575
vn 0.9143 0.2327 -0.3314
vn 0.5110 0.2254 -0.8295
vn 0.2607 0.1057 -0.9596
vn -0.0154 0.2382 -0.9711
vn -0.6133 0.2700 -0.7423
vn -0.8223 0.1632 -0.5452
vn -0.9098 0.3009 -0.2858
vn -0.2530 0.1564 0.9548
vn -0.2607 -0.1057 0.9596
vn 0.0154 -0.2382 0.9711
vn 0.8376 0.0984 0.5374
vn 0.8223 -0.1632 0.5452
vn 0.9098 -0.3009 0.2858
vn 0.7758 0.0493 -0.6290
vn 0.7610 -0.2120 -0.6131
vn 0.5329 -0.3341 -0.7774
vn -0.3528 0.0768 -0.9325
vn -0.3598 -0.1847 -0.9146
vn -0.5945 -0.2919 -0.7492
vn -0.9886 0.1430 0.0463
vn -0.9912 -0.1190 0.0575
vn -0.9143 -0.2327 0.3314
vn -0.4937 -0.5457 0.6771
vn -0.2012 -0.7009 0.6843
vn 0.0623 -0.5593 0.8266
vn 0.4527 -0.5800 0.6773
vn 0.5398 -0.7402 0.4007
vn 0.7660 -0.6126 0.1950
vn 0.7439 -0.6302 -0.2225
vn 0.4979 -0.7737 -0.3918
vn 0.3814 -0.6368 -0.6701
vn -0.7571 -0.5505 0.3519
vn -0.7010 -0.7100 0.0670
vn -0.4209 -0.9051 0.0604
vn -0.0226 -0.6269 -0.7787
vn -0.2690 -0.7549 -0.5981
vn -0.5599 -0.5984 -0.5731
vn 0.5745 -0.5786 -0.5789
vn 0.5785 0.5761 -0.5775
vn 0.5762 -0.5801 0.5758
vn 0.5802 0.5746 0.5772
vn -0.5802 -0.5746 -0.5772
vn -0.5762 0.5801 -0.5758
vn -0.5785 -0.5761 0.5775
vn -0.5745 0.5786 0.5789
vn 0.7046 -0.7096 -0.0020
vn 0.7060 -0.0016 -0.7082
vn 0.7096 0.7046 -0.0002
vn 0.7082 -0.0033 0.7060
vn -0.0014 -0.7080 0.7062
vn 0.0035 0.7062 0.7080
vn -0.7060 0.0016 0.7082
vn -0.7096 -0.7046 0.0002
vn -0.7046 0.7096 0.0020
vn -0.7082 0.0034 -0.7060
vn -0.0035 -0.7062 -0.7080
vn 0.0014 0.7080 -0.7062
vn -0.0035 -1.0000 -0.0012
vn 1.0000 -0.0035 -0.0015
vn -0.0015 0.0013 -1.0000
vn 0.0035 1.0000 0.0012
vn 0.0015 -0.0013 1.0000
vn -1.0000 0.0035 0.0015
vn -0.0000 0.9935 -0.1135
vn -0.0000 -0.5300 -0.8480
vn -0.0000 0.9578 0.2873
vn -0.0000 0.6139 0.7894
vn -0.0000 0.3162 0.9487
vn -0.0000 0.0984 0.9952
vn -0.0000 0.1171 0.9931
vn -0.0000 0.0996 0.9950
vn -0.0000 0.0784 0.9969
vn 0.0169 0.0644 0.9978
vn -0.0000 0.0744 0.9972
vn -0.0000 -0.9685 0.2490
vn -0.0000 0.7575 0.6529
vn -0.0000 -0.8121 -0.5835
vn -0.0000 -0.6067 -0.7950
vn -0.0000 -0.3148 -0.9492
vn -0.0000 -0.0978 -0.9952
vn -0.0000 -0.1171 -0.9931
vn -0.0000 -0.0997 -0.9950
vn -0.0000 -0.0784 -0.9969
vn -0.0000 -0.0744 -0.9972
vn 1.0000 -0.0000 -0.0000
vn -0.0000 -0.1135 -0.9935
vn 1.0000 0.0014 0.0049
vn 0.1839 -0.9770 0.1077
vn 0.3220 -0.9420 0.0952
vn 0.3270 -0.9418 0.0775
vn -0.2542 -0.9648 0.0672
vn -1.0000 -0.0000 -0.0000
vn -0.9999 -0.0024 -0.0122
vn -0.9997 -0.0021 -0.0247
vn 0.6376 -0.7684 0.0553
vn 0.0511 -0.8545 0.5170
vn 0.3837 -0.9204 0.0755
vn -0.4696 -0.8181 0.3320
vn -0.4591 -0.8595 -0.2248
vn 0.0680 -0.9213 -0.3829
vn 0.9345 -0.3532 0.0437
vn 0.2521 -0.2197 0.9424
vn -0.8105 -0.1446 0.5676
vn -0.7892 -0.2290 -0.5698
vn 0.2864 -0.3558 -0.8896
vn 0.7892 0.2290 0.5698
vn -0.2864 0.3558 0.8896
vn -0.9345 0.3532 -0.0437
vn -0.2521 0.2197 -0.9424
vn 0.8105 0.1446 -0.5676
vn 0.4591 0.8595 0.2248
vn -0.0680 0.9213 0.3829
vn -0.3837 0.9204 -0.0755
vn -0.0511 0.8545 -0.5170
vn 0.4696 0.8181 -0.3320
vn 0.5673 -0.8182 -0.0935
vn 0.0978 -0.8983 -0.4284
vn 0.3794 -0.8202 0.4281
vn -0.2168 -0.8813 0.4200
vn -0.3871 -0.9159 -0.1065
vn 0.0444 -0.3073 -0.9506
vn 0.9538 -0.1619 -0.2531
vn 0.6068 -0.1552 0.7795
vn -0.5836 -0.2771 0.7633
vn -0.8940 -0.3511 -0.2782
vn 0.5836 0.2771 -0.7633
vn 0.8940 0.3511 0.2782
vn -0.0444 0.3073 0.9506
vn -0.9538 0.1619 0.2531
vn -0.6068 0.1552 -0.7795
vn 0.2168 0.8813 -0.4200
vn 0.3871 0.9159 0.1065
vn -0.0978 0.8983 0.4284
vn -0.5673 0.8182 0.0935
vn -0.3794 0.8202 -0.4281
vn 0.6777 -0.3260 0.6592
vn -0.6840 0.0495 0.7278
vn -0.0100 0.6966 -0.7173
vn -0.7094 -0.0018 0.7048
vn 0.7102 -0.0474 0.7025
vn -0.7168 0.6964 0.0346
vn 0.7076 -0.7066 0.0017
vn 0.7066 0.7076 0.0064
vn -0.0035 -0.7094 0.7048
vn -0.7111 -0.0029 0.7030
vn 0.0035 0.7094 -0.7048
vn 0.7071 -0.7071 0.0001
vn 0.7071 0.7071 -0.0047
vn -0.0000 1.0000 -0.0034
vn 0.7054 0.7066 0.0559
vn -0.0105 0.6585 0.7525
vn 0.7037 0.0544 -0.7085
vn -0.7037 -0.0544 0.7084
vn -0.7082 0.0033 -0.7060
vn -0.0188 0.0996 0.9948
vn -0.0268 0.0783 0.9966
vn -0.0224 0.0644 0.9977
vn -0.0413 0.0498 0.9979
vn 0.0188 -0.0996 -0.9948
vn 0.0268 -0.0783 -0.9966
vn 0.0223 -0.0644 -0.9977
vn -0.0169 -0.0644 -0.9978
vn 0.0414 -0.0497 -0.9979
vn 1.0000 0.0010 0.0050
vn 0.9999 0.0012 0.0101
vn 0.1823 -0.9785 0.0969
vn 0.3197 -0.9443 0.0776
vn 0.3256 -0.9432 0.0665
vn -0.2530 -0.9656 0.0594
vn -0.9999 -0.0006 -0.0124
vn 0.6380 -0.7675 0.0617
vt 0.625000 0.000000
vt 0.375000 0.250000
vt 0.375000 0.000000
vt 0.625000 0.250000
vt 0.375000 0.500000
vt 0.625000 0.500000
vt 0.375000 0.750000
vt 0.625000 0.750000
vt 0.375000 1.000000
vt 0.125000 0.750000
vt 0.125000 0.500000
vt 0.875000 0.500000
vt 0.156200 0.690000
vt 0.156200 0.750000
vt 0.125000 0.690000
vt 0.611720 0.000000
vt 0.625000 0.060000
vt 0.611721 0.060000
vt 0.156200 0.560000
vt 0.125000 0.560000
vt 0.156200 0.500000
vt 0.625000 0.252372
vt 0.611720 0.280999
vt 0.611720 0.190000
vt 0.343800 0.690000
vt 0.388100 0.690000
vt 0.385177 0.779024
vt 0.644719 0.723560
vt 0.611721 0.781200
vt 0.611721 0.690810
vt 0.343800 0.560000
vt 0.385177 0.470976
vt 0.388100 0.560000
vt 0.644719 0.526440
vt 0.611721 0.559190
vt 0.611721 0.468800
vt 0.388279 0.000000
vt 0.388279 0.060000
vt 0.388279 0.190000
vt 0.625000 0.968800
vt 0.611720 0.968800
vt 0.388279 0.968800
vt 0.843800 0.560000
vt 0.388279 0.281200
vt 0.156200 0.690000
vt 0.156200 0.750000
vt 0.125000 0.690000
vt 0.613260 0.000000
vt 0.625000 0.060000
vt 0.613259 0.060000
vt 0.156200 0.560000
vt 0.125000 0.560000
vt 0.156200 0.500000
vt 0.625000 0.252372
vt 0.613259 0.281023
vt 0.613259 0.190000
vt 0.343800 0.690000
vt 0.386601 0.690000
vt 0.384105 0.779285
vt 0.644719 0.723560
vt 0.613259 0.781200
vt 0.613259 0.690712
vt 0.343800 0.560000
vt 0.384105 0.470715
vt 0.386601 0.560000
vt 0.644719 0.526440
vt 0.613259 0.559288
vt 0.613259 0.468800
vt 0.386741 0.060000
vt 0.386741 0.000000
vt 0.386741 0.190000
vt 0.386741 0.968800
vt 0.843800 0.690000
vt 0.386740 0.281200
vt 0.156200 0.690000
vt 0.125000 0.690000
vt 0.611756 0.000000
vt 0.625000 0.060000
vt 0.611756 0.060000
vt 0.125000 0.560000
vt 0.611756 0.280999
vt 0.611756 0.190000
vt 0.343800 0.690000
vt 0.388066 0.690000
vt 0.385153 0.779030
vt 0.644719 0.723560
vt 0.611756 0.781200
vt 0.611756 0.690807
vt 0.385153 0.470970
vt 0.388066 0.560000
vt 0.611756 0.559193
vt 0.611756 0.468800
vt 0.388244 0.060000
vt 0.388244 0.000000
vt 0.388244 0.281200
vt 0.388244 0.190000
vt 0.388244 0.968800
vt 0.156200 0.690000
vt 0.156200 0.750000
vt 0.125000 0.690000
vt 0.613149 0.000000
vt 0.613149 0.060000
vt 0.613149 0.281021
vt 0.613149 0.190000
vt 0.386709 0.690000
vt 0.384183 0.779266
vt 0.613149 0.781200
vt 0.613149 0.690719
vt 0.343800 0.560000
vt 0.384183 0.470733
vt 0.386709 0.560000
vt 0.613149 0.559281
vt 0.613149 0.468800
vt 0.386851 0.060000
vt 0.386851 0.000000
vt 0.386851 0.190000
vt 0.386851 0.968800
vt 0.386851 0.281200
vt 0.125000 0.690000
vt 0.611718 0.000000
vt 0.611718 0.060000
vt 0.611718 0.280999
vt 0.611718 0.190000
vt 0.343800 0.690000
vt 0.388103 0.690000
vt 0.385179 0.779024
vt 0.611718 0.781200
vt 0.611718 0.690810
vt 0.343800 0.560000
vt 0.385179 0.470977
vt 0.388103 0.560000
vt 0.611718 0.559190
vt 0.611718 0.468800
vt 0.388282 0.060000
vt 0.388282 0.000000
vt 0.388282 0.281200
vt 0.611718 0.968800
vt 0.388282 0.190000
vt 0.388282 0.968800
vt 0.613356 0.000000
vt 0.613356 0.060000
vt 0.625000 0.252372
vt 0.613356 0.281025
vt 0.613356 0.190000
vt 0.386507 0.690000
vt 0.384037 0.779301
vt 0.644719 0.723560
vt 0.613356 0.781200
vt 0.613356 0.690705
vt 0.384037 0.470698
vt 0.386507 0.560000
vt 0.613356 0.559295
vt 0.613356 0.468800
vt 0.386644 0.060000
vt 0.386644 0.000000
vt 0.386644 0.281200
vt 0.386644 0.190000
vt 0.386644 0.968800
vt 0.156200 0.750000
vt 0.611809 0.000000
vt 0.625000 0.060000
vt 0.611809 0.060000
vt 0.156200 0.560000
vt 0.156200 0.500000
vt 0.611809 0.281000
vt 0.611809 0.190000
vt 0.388014 0.690000
vt 0.385116 0.779039
vt 0.611809 0.781200
vt 0.611809 0.690804
vt 0.385116 0.470961
vt 0.388014 0.560000
vt 0.611809 0.559196
vt 0.611809 0.468800
vt 0.388191 0.000000
vt 0.388191 0.060000
vt 0.388191 0.190000
vt 0.388191 0.968800
vt 0.388191 0.281200
vt 0.613360 0.000000
vt 0.613360 0.060000
vt 0.156200 0.560000
vt 0.613360 0.281025
vt 0.613360 0.190000
vt 0.386503 0.690000
vt 0.384034 0.779302
vt 0.613360 0.781200
vt 0.613360 0.690705
vt 0.384034 0.470698
vt 0.386503 0.560000
vt 0.613360 0.559295
vt 0.613360 0.468800
vt 0.386640 0.060000
vt 0.386640 0.000000
vt 0.386640 0.281200
vt 0.386640 0.190000
vt 0.386640 0.968800
vt 0.129575 0.727747
vt 0.129575 0.750000
vt 0.125000 0.727747
vt 0.565000 0.000000
vt 0.625000 0.022253
vt 0.565000 0.022253
vt 0.129575 0.522253
vt 0.125000 0.522253
vt 0.129575 0.500000
vt 0.625000 0.250348
vt 0.565000 0.254554
vt 0.565000 0.227747
vt 0.370425 0.727747
vt 0.433596 0.727747
vt 0.409727 0.752784
vt 0.628975 0.731264
vt 0.565000 0.754575
vt 0.565000 0.728268
vt 0.370425 0.522253
vt 0.409727 0.497216
vt 0.433596 0.522253
vt 0.628975 0.518736
vt 0.565000 0.521732
vt 0.565000 0.495425
vt 0.435000 0.000000
vt 0.435000 0.022253
vt 0.435000 0.254575
vt 0.565000 0.995425
vt 0.435000 0.227747
vt 0.435000 0.995425
vt 0.870425 0.522253
vt 0.129593 0.727747
vt 0.129593 0.750000
vt 0.129593 0.522253
vt 0.129593 0.500000
vt 0.625000 0.250348
vt 0.565000 0.254573
vt 0.565000 0.227747
vt 0.370407 0.727747
vt 0.409721 0.752796
vt 0.628991 0.731266
vt 0.565000 0.754593
vt 0.370407 0.522253
vt 0.409721 0.497204
vt 0.628991 0.518734
vt 0.565000 0.495407
vt 0.625000 0.995407
vt 0.435000 0.995406
vt 0.870407 0.727747
vt 0.435000 0.254593
vt 0.129569 0.727747
vt 0.129569 0.750000
vt 0.565000 0.000000
vt 0.625000 0.022253
vt 0.565000 0.022253
vt 0.129569 0.522253
vt 0.125000 0.522253
vt 0.129569 0.500000
vt 0.625000 0.250347
vt 0.565000 0.254548
vt 0.565000 0.227747
vt 0.370431 0.727747
vt 0.409729 0.752780
vt 0.628970 0.731264
vt 0.565000 0.754569
vt 0.370431 0.522253
vt 0.409729 0.497219
vt 0.628970 0.518737
vt 0.565000 0.521732
vt 0.565000 0.495431
vt 0.435000 0.254569
vt 0.625000 0.995431
vt 0.435000 0.995431
vt 0.870431 0.727747
vt 0.129230 0.734783
vt 0.129230 0.750000
vt 0.125000 0.734783
vt 0.625000 0.015217
vt 0.565000 0.015217
vt 0.129230 0.515217
vt 0.125000 0.515217
vt 0.129230 0.500000
vt 0.625000 0.250175
vt 0.565000 0.254212
vt 0.565000 0.234783
vt 0.370770 0.734783
vt 0.434065 0.734783
vt 0.409845 0.752573
vt 0.628857 0.736497
vt 0.565000 0.754230
vt 0.565000 0.735020
vt 0.370770 0.515217
vt 0.409845 0.497427
vt 0.434065 0.515217
vt 0.628857 0.513503
vt 0.565000 0.514980
vt 0.565000 0.495770
vt 0.435000 0.015217
vt 0.435000 0.254230
vt 0.625000 0.995770
vt 0.435000 0.234783
vt 0.435000 0.995770
vt 0.870770 0.734783
vt 0.129407 0.734783
vt 0.129407 0.750000
vt 0.125000 0.734783
vt 0.565000 0.000000
vt 0.625000 0.015217
vt 0.129407 0.515217
vt 0.125000 0.515217
vt 0.129407 0.500000
vt 0.625000 0.250176
vt 0.565000 0.254388
vt 0.565000 0.234783
vt 0.370593 0.734783
vt 0.434065 0.734783
vt 0.409784 0.752682
vt 0.629019 0.736512
vt 0.565000 0.754407
vt 0.565000 0.735020
vt 0.370592 0.515217
vt 0.409784 0.497318
vt 0.434065 0.515217
vt 0.629019 0.513488
vt 0.565000 0.514980
vt 0.565000 0.495592
vt 0.435000 0.015217
vt 0.435000 0.234783
vt 0.625000 0.995593
vt 0.435000 0.995593
vt 0.870592 0.515217
vt 0.435000 0.254407
vt 0.135695 0.690000
vt 0.135695 0.750000
vt 0.622492 0.989305
vt 0.625000 0.989305
vt 0.622492 1.000000
vt 0.135695 0.560000
vt 0.135695 0.500000
vt 0.625000 0.254354
vt 0.622492 0.260695
vt 0.622492 0.190147
vt 0.364305 0.690000
vt 0.377502 0.690000
vt 0.377326 0.760548
vt 0.631562 0.717317
vt 0.622492 0.760695
vt 0.622492 0.690147
vt 0.364305 0.560000
vt 0.377326 0.489452
vt 0.377502 0.560000
vt 0.631562 0.533444
vt 0.622492 0.560000
vt 0.622492 0.489309
vt 0.622492 0.000000
vt 0.377508 0.060000
vt 0.377508 0.000000
vt 0.622492 0.060000
vt 0.377508 0.190000
vt 0.377508 0.989305
vt 0.864305 0.560000
vt 0.377508 0.260695
vt 0.135524 0.690000
vt 0.135524 0.750000
vt 0.622411 0.989476
vt 0.625000 0.989476
vt 0.622411 1.000000
vt 0.135524 0.560000
vt 0.125000 0.560000
vt 0.135524 0.500000
vt 0.625000 0.254296
vt 0.622411 0.260524
vt 0.622411 0.190152
vt 0.364476 0.690000
vt 0.377582 0.690000
vt 0.377402 0.760374
vt 0.631456 0.717261
vt 0.622411 0.760524
vt 0.622411 0.690152
vt 0.364476 0.560000
vt 0.377402 0.489626
vt 0.377582 0.560000
vt 0.631456 0.533485
vt 0.622411 0.560000
vt 0.622411 0.489480
vt 0.622411 0.000000
vt 0.377589 0.060000
vt 0.377589 0.000000
vt 0.625000 0.060000
vt 0.622411 0.060000
vt 0.377589 0.260524
vt 0.377589 0.190000
vt 0.377589 0.989476
vt 0.864476 0.560000
vt 0.135557 0.690000
vt 0.135557 0.750000
vt 0.622394 0.989443
vt 0.625000 0.989443
vt 0.622394 1.000000
vt 0.135557 0.560000
vt 0.135557 0.500000
vt 0.625000 0.254307
vt 0.622394 0.260557
vt 0.622394 0.190153
vt 0.364443 0.690000
vt 0.377599 0.690000
vt 0.377417 0.760406
vt 0.631477 0.717272
vt 0.622394 0.760557
vt 0.622394 0.690153
vt 0.364443 0.560000
vt 0.377417 0.489594
vt 0.377599 0.560000
vt 0.631477 0.533477
vt 0.622394 0.560000
vt 0.622394 0.489447
vt 0.377606 0.000000
vt 0.622394 0.060000
vt 0.377606 0.060000
vt 0.377606 0.260557
vt 0.377606 0.190000
vt 0.377606 0.989443
vt 0.864443 0.560000
vt 0.135735 0.690000
vt 0.135735 0.750000
vt 0.622422 0.989265
vt 0.625000 0.989265
vt 0.622422 1.000000
vt 0.135735 0.560000
vt 0.135735 0.500000
vt 0.625000 0.254367
vt 0.622422 0.260735
vt 0.622422 0.190151
vt 0.364265 0.690000
vt 0.377572 0.690000
vt 0.377390 0.760583
vt 0.631587 0.717330
vt 0.622422 0.760735
vt 0.622422 0.690151
vt 0.364265 0.560000
vt 0.377390 0.489417
vt 0.377572 0.560000
vt 0.631587 0.533434
vt 0.622422 0.560000
vt 0.622422 0.489269
vt 0.377578 0.000000
vt 0.622422 0.060000
vt 0.377578 0.060000
vt 0.377578 0.260735
vt 0.377578 0.190000
vt 0.377578 0.989265
vt 0.864265 0.560000
vt 0.127126 0.746710
vt 0.127126 0.750000
vt 0.125000 0.746710
vt 0.565000 0.997874
vt 0.625000 0.997874
vt 0.565000 1.000000
vt 0.127126 0.503290
vt 0.125000 0.503290
vt 0.127126 0.500000
vt 0.625000 0.250019
vt 0.565000 0.252126
vt 0.565000 0.246720
vt 0.372874 0.746710
vt 0.434807 0.746710
vt 0.410566 0.751290
vt 0.627086 0.746810
vt 0.565000 0.752126
vt 0.565000 0.746720
vt 0.372874 0.503290
vt 0.410566 0.498710
vt 0.434807 0.503290
vt 0.627086 0.503190
vt 0.565000 0.503290
vt 0.565000 0.497878
vt 0.435000 0.003290
vt 0.565000 0.003290
vt 0.625000 0.003290
vt 0.435000 0.252126
vt 0.435000 0.246710
vt 0.435000 0.997874
vt 0.872874 0.503290
vt 0.126989 0.746710
vt 0.126989 0.750000
vt 0.565000 0.998011
vt 0.625000 0.998011
vt 0.126989 0.503290
vt 0.126989 0.500000
vt 0.625000 0.250019
vt 0.565000 0.251989
vt 0.373011 0.746710
vt 0.434807 0.746710
vt 0.410614 0.751207
vt 0.626952 0.746808
vt 0.565000 0.751989
vt 0.373011 0.503290
vt 0.410614 0.498793
vt 0.434807 0.503290
vt 0.626952 0.503192
vt 0.565000 0.503290
vt 0.565000 0.498015
vt 0.435000 0.251989
vt 0.435000 0.998011
vt 0.873011 0.503290
vt 0.185000 0.690517
vt 0.185000 0.750000
vt 0.125000 0.690517
vt 0.616252 0.940000
vt 0.625000 0.940000
vt 0.616252 1.000000
vt 0.185000 0.559483
vt 0.125000 0.559483
vt 0.185000 0.500000
vt 0.625000 0.257168
vt 0.616252 0.310000
vt 0.616252 0.191031
vt 0.315000 0.690517
vt 0.383672 0.690517
vt 0.381021 0.807621
vt 0.665047 0.730251
vt 0.616253 0.810000
vt 0.616252 0.691031
vt 0.315000 0.559483
vt 0.381021 0.442379
vt 0.383672 0.559483
vt 0.665047 0.528505
vt 0.616252 0.559483
vt 0.616253 0.440524
vt 0.616252 0.000000
vt 0.383747 0.059483
vt 0.383748 0.000000
vt 0.616252 0.059483
vt 0.625000 0.059483
vt 0.383747 0.190517
vt 0.383747 0.940000
vt 0.815000 0.690517
vt 0.383747 0.310000
vt 0.185000 0.737100
vt 0.185000 0.750000
vt 0.125000 0.737100
vt 0.583720 0.940000
vt 0.625000 0.940000
vt 0.583720 1.000000
vt 0.185000 0.512900
vt 0.125000 0.512900
vt 0.185000 0.500000
vt 0.625000 0.247150
vt 0.583720 0.310000
vt 0.583720 0.237210
vt 0.315000 0.737100
vt 0.415928 0.737100
vt 0.394711 0.797222
vt 0.681436 0.741430
vt 0.583720 0.810000
vt 0.583720 0.737210
vt 0.315000 0.512900
vt 0.394711 0.452778
vt 0.415928 0.512900
vt 0.681436 0.509524
vt 0.583720 0.512900
vt 0.583720 0.442816
vt 0.583720 0.000000
vt 0.416280 0.012900
vt 0.416280 0.000000
vt 0.583720 0.012900
vt 0.625000 0.012900
vt 0.416280 0.310000
vt 0.416280 0.237100
vt 0.416280 0.940000
vt 0.815000 0.512900
vt 0.185000 0.690770
vt 0.185000 0.750000
vt 0.125000 0.690770
vt 0.616290 0.940000
vt 0.625000 0.940000
vt 0.616290 1.000000
vt 0.185000 0.559230
vt 0.125000 0.559230
vt 0.625000 0.257041
vt 0.616290 0.310000
vt 0.616290 0.191277
vt 0.315000 0.690770
vt 0.383636 0.690770
vt 0.380998 0.807631
vt 0.665155 0.730205
vt 0.616290 0.810000
vt 0.616290 0.691277
vt 0.315000 0.559230
vt 0.380998 0.442369
vt 0.383636 0.559230
vt 0.665155 0.528485
vt 0.616290 0.559230
vt 0.616290 0.440522
vt 0.383710 0.000000
vt 0.616290 0.059230
vt 0.383710 0.059230
vt 0.625000 0.059230
vt 0.383710 0.310000
vt 0.383710 0.190770
vt 0.383710 0.940000
vt 0.815000 0.559230
vt 0.185000 0.737158
vt 0.185000 0.750000
vt 0.125000 0.737158
vt 0.583906 0.940000
vt 0.625000 0.940000
vt 0.583906 1.000000
vt 0.185000 0.512842
vt 0.125000 0.512842
vt 0.625000 0.247156
vt 0.583906 0.310000
vt 0.583906 0.237266
vt 0.315000 0.737158
vt 0.415748 0.737158
vt 0.394679 0.797290
vt 0.681453 0.741464
vt 0.583906 0.810000
vt 0.583906 0.737266
vt 0.315000 0.512842
vt 0.394679 0.452710
vt 0.415748 0.512842
vt 0.681453 0.509484
vt 0.583906 0.512842
vt 0.583906 0.442801
vt 0.416094 0.000000
vt 0.583906 0.012842
vt 0.416094 0.012842
vt 0.625000 0.012842
vt 0.416094 0.237158
vt 0.416094 0.940000
vt 0.815000 0.512842
vt 0.416094 0.310000
vt 0.132044 0.690000
vt 0.132044 0.750000
vt 0.565000 0.992956
vt 0.625000 0.992956
vt 0.132044 0.560000
vt 0.132044 0.500000
vt 0.625000 0.253039
vt 0.565000 0.257044
vt 0.565000 0.194445
vt 0.367956 0.690000
vt 0.430555 0.690000
vt 0.408893 0.754301
vt 0.629301 0.716107
vt 0.565000 0.757044
vt 0.565000 0.694446
vt 0.367956 0.560000
vt 0.408893 0.495699
vt 0.430555 0.560000
vt 0.629301 0.534362
vt 0.565000 0.560000
vt 0.565000 0.493005
vt 0.435000 0.060000
vt 0.625000 0.060000
vt 0.565000 0.060000
vt 0.435000 0.257044
vt 0.435000 0.190000
vt 0.435000 0.992956
vt 0.867956 0.560000
vt 0.132152 0.690000
vt 0.132152 0.750000
vt 0.125000 0.690000
vt 0.565000 0.992848
vt 0.625000 0.992848
vt 0.132152 0.560000
vt 0.132152 0.500000
vt 0.625000 0.253080
vt 0.565000 0.257152
vt 0.565000 0.194445
vt 0.367848 0.690000
vt 0.430555 0.690000
vt 0.408857 0.754368
vt 0.629368 0.716143
vt 0.565000 0.757152
vt 0.565000 0.694445
vt 0.367848 0.560000
vt 0.408857 0.495632
vt 0.430555 0.560000
vt 0.629368 0.534334
vt 0.565000 0.560000
vt 0.565000 0.492898
vt 0.565000 0.060000
vt 0.435000 0.060000
vt 0.435000 0.190000
vt 0.435000 0.992848
vt 0.867848 0.560000
vt 0.435000 0.257152
vt 0.181819 0.000000
vt 0.227273 0.078731
vt 0.136365 0.078731
vt 0.272728 0.157461
vt 0.318182 0.078731
vt 0.363637 0.157461
vt 0.909091 0.000000
vt 0.954545 0.078731
vt 0.863636 0.078731
vt 0.727273 0.000000
vt 0.772727 0.078731
vt 0.681818 0.078731
vt 0.545455 0.000000
vt 0.590909 0.078731
vt 0.500000 0.078731
vt 0.318182 0.236191
vt 0.090910 0.157461
vt 0.181819 0.157461
vt 0.136365 0.236191
vt 0.818182 0.157461
vt 0.909091 0.157461
vt 0.863636 0.236191
vt 0.636364 0.157461
vt 0.727273 0.157461
vt 0.681818 0.236191
vt 0.454546 0.157461
vt 0.545455 0.157461
vt 0.500000 0.236191
vt 0.227273 0.236191
vt 0.045455 0.236191
vt 0.772727 0.236191
vt 0.590909 0.236191
vt 0.409092 0.236191
vt 0.181819 0.314921
vt 0.272728 0.314921
vt 0.227273 0.393651
vt 0.000000 0.314921
vt 0.090910 0.314921
vt 0.045455 0.393651
vt 0.727273 0.314921
vt 0.818182 0.314921
vt 0.772727 0.393651
vt 0.545455 0.314921
vt 0.636364 0.314921
vt 0.590909 0.393651
vt 0.363637 0.314921
vt 0.454546 0.314921
vt 0.409092 0.393651
vt 0.500000 0.393651
vt 0.454546 0.472382
vt 0.681818 0.393651
vt 0.636364 0.472382
vt 0.863636 0.393651
vt 0.818182 0.472382
vt 0.909091 0.314921
vt 0.136365 0.393651
vt 0.090910 0.472382
vt 0.318182 0.393651
vt 0.272728 0.472382
vt 0.954545 0.236191
vt 1.000000 0.157461
vt 0.409092 0.078731
vt 0.363637 0.000000
vt 0.142824 0.690000
vt 0.142824 0.750000
vt 0.611154 0.982176
vt 0.625000 0.982176
vt 0.611154 1.000000
vt 0.142824 0.560000
vt 0.142824 0.500000
vt 0.625000 0.256435
vt 0.611154 0.267824
vt 0.611154 0.190846
vt 0.357176 0.690000
vt 0.388651 0.690000
vt 0.386424 0.766461
vt 0.636045 0.719599
vt 0.611154 0.767824
vt 0.611154 0.690846
vt 0.357176 0.560000
vt 0.386424 0.483539
vt 0.388651 0.560000
vt 0.636045 0.531835
vt 0.611154 0.560000
vt 0.611154 0.482242
vt 0.611154 0.000000
vt 0.388846 0.060000
vt 0.388846 0.000000
vt 0.611154 0.060000
vt 0.388846 0.267824
vt 0.388846 0.190000
vt 0.388846 0.982176
vt 0.857176 0.690000
vt 0.000000 0.000000
vt 0.625000 1.000000
vt 0.875000 0.750000
vt 0.613259 0.968800
vt 0.611756 0.968800
vt 0.613149 0.968800
vt 0.613356 0.968800
vt 0.611809 0.968800
vt 0.613360 0.968800
vt 0.625000 0.995425
vt 0.870425 0.727747
vt 0.565000 0.995407
vt 0.870407 0.522253
vt 0.565000 0.995431
vt 0.870431 0.522253
vt 0.565000 0.995771
vt 0.870770 0.515217
vt 0.565000 0.995592
vt 0.870593 0.734783
vt 0.864305 0.690000
vt 0.864476 0.690000
vt 0.622394 0.000000
vt 0.864443 0.690000
vt 0.622422 0.000000
vt 0.864265 0.690000
vt 0.872874 0.746710
vt 0.873011 0.746710
vt 0.815000 0.559483
vt 0.815000 0.737100
vt 0.616290 0.000000
vt 0.815000 0.690770
vt 0.583906 0.000000
vt 0.815000 0.737158
vt 0.867956 0.690000
vt 0.867848 0.690000
vt 0.857176 0.560000
s 0
usemtl wood
f 2/1/1 3/2/1 1/3/1
f 4/4/2 7/5/2 3/2/2
f 8/6/3 5/7/3 7/5/3
f 6/8/4 1/9/4 5/7/4
f 7/5/5 1/10/5 3/11/5
f 4/12/6 6/8/6 8/6/6
f 9/13/7 10/14/7 11/15/7
f 12/16/8 13/17/8 14/18/8
f 15/19/9 16/20/9 17/21/9
f 18/22/10 19/23/10 20/24/10
f 21/25/11 22/26/11 23/27/11
f 24/28/12 25/29/12 26/30/12
f 27/31/13 28/32/13 29/33/13
f 30/34/14 31/35/14 32/36/14
f 9/13/15 16/20/15 15/19/15
f 10/37/16 14/18/16 11/38/16
f 13/17/17 20/24/17 14/18/17
f 19/23/18 16/39/18 20/24/18
f 15/19/19 28/32/19 27/31/19
f 18/22/20 32/36/20 19/23/20
f 31/35/21 28/32/21 32/36/21
f 21/25/22 29/33/22 22/26/22
f 30/34/23 26/30/23 31/35/23
f 25/29/24 22/26/24 26/30/24
f 9/13/25 23/27/25 10/14/25
f 13/40/26 25/29/26 24/28/26
f 15/19/27 21/25/27 9/13/27
f 14/18/28 16/39/28 11/38/28
f 23/27/29 12/41/29 10/42/29
f 18/43/30 24/28/30 30/34/30
f 19/23/31 28/32/31 17/44/31
f 31/35/32 22/26/32 29/33/32
f 33/45/33 34/46/33 35/47/33
f 36/48/34 37/49/34 38/50/34
f 39/51/35 40/52/35 41/53/35
f 42/54/36 43/55/36 44/56/36
f 45/57/37 46/58/37 47/59/37
f 48/60/38 49/61/38 50/62/38
f 51/63/39 52/64/39 53/65/39
f 54/66/40 55/67/40 56/68/40
f 39/51/41 35/47/41 40/52/41
f 36/48/42 35/69/42 34/70/42
f 37/49/43 44/56/43 38/50/43
f 43/55/44 40/71/44 44/56/44
f 39/51/45 52/64/45 51/63/45
f 54/66/46 43/55/46 42/54/46
f 53/65/47 56/68/47 55/67/47
f 45/57/48 53/65/48 46/58/48
f 48/60/49 55/67/49 54/66/49
f 47/59/50 50/62/50 49/61/50
f 33/45/51 47/59/51 34/46/51
f 37/40/52 49/61/52 48/60/52
f 51/63/53 33/45/53 39/51/53
f 38/50/54 40/71/54 35/69/54
f 49/61/55 34/72/55 47/59/55
f 54/66/56 37/73/56 48/60/56
f 43/55/57 52/64/57 41/74/57
f 53/65/58 50/62/58 46/58/58
f 57/75/59 58/14/59 59/76/59
f 60/77/60 61/78/60 62/79/60
f 63/19/61 64/80/61 65/21/61
f 66/54/62 67/81/62 68/82/62
f 69/83/63 70/84/63 71/85/63
f 72/86/64 73/87/64 74/88/64
f 75/63/65 76/89/65 77/90/65
f 78/34/66 79/91/66 80/92/66
f 63/19/67 59/76/67 64/80/67
f 60/77/68 59/93/68 58/94/68
f 66/54/69 62/79/69 61/78/69
f 65/95/70 68/82/70 67/81/70
f 63/19/71 76/89/71 75/63/71
f 78/34/72 67/81/72 66/54/72
f 77/90/73 80/92/73 79/91/73
f 69/83/74 77/90/74 70/84/74
f 72/86/75 79/91/75 78/34/75
f 73/87/76 70/84/76 74/88/76
f 57/75/77 71/85/77 58/14/77
f 61/40/78 73/87/78 72/86/78
f 75/63/79 57/75/79 63/19/79
f 62/79/80 64/96/80 59/93/80
f 73/87/81 58/97/81 71/85/81
f 78/34/82 61/73/82 72/86/82
f 67/81/83 76/89/83 65/95/83
f 79/91/84 70/84/84 77/90/84
f 81/98/85 82/99/85 83/100/85
f 84/101/86 85/78/86 86/102/86
f 87/19/87 88/80/87 89/21/87
f 90/54/88 91/103/88 92/104/88
f 93/83/89 94/105/89 95/106/89
f 96/86/90 97/107/90 98/108/90
f 99/109/91 100/110/91 101/111/91
f 102/34/92 103/112/92 104/113/92
f 81/98/93 88/80/93 87/19/93
f 84/101/94 83/114/94 82/115/94
f 90/54/95 86/102/95 85/78/95
f 91/103/96 88/116/96 92/104/96
f 99/109/97 89/21/97 100/110/97
f 90/54/98 104/113/98 91/103/98
f 103/112/99 100/110/99 104/113/99
f 99/109/100 94/105/100 93/83/100
f 102/34/101 98/108/101 103/112/101
f 95/106/102 98/108/102 97/107/102
f 81/98/103 95/106/103 82/99/103
f 85/40/104 97/107/104 96/86/104
f 99/109/105 81/98/105 87/19/105
f 83/114/106 92/104/106 88/116/106
f 97/107/107 82/117/107 95/106/107
f 90/43/108 96/86/108 102/34/108
f 91/103/109 100/110/109 89/118/109
f 101/111/110 98/108/110 94/105/110
f 105/75/111 106/99/111 107/119/111
f 108/120/112 109/49/112 110/121/112
f 111/51/113 112/80/113 113/21/113
f 114/22/114 115/122/114 116/123/114
f 117/124/115 118/125/115 119/126/115
f 120/86/116 121/127/116 122/128/116
f 123/129/117 124/130/117 125/131/117
f 126/66/118 127/132/118 128/133/118
f 111/51/119 107/119/119 112/80/119
f 108/120/120 107/134/120 106/135/120
f 109/49/121 116/123/121 110/121/121
f 113/136/122 116/123/122 115/122/122
f 123/129/123 113/21/123 124/130/123
f 114/22/124 128/133/124 115/122/124
f 125/131/125 128/133/125 127/132/125
f 117/124/126 125/131/126 118/125/126
f 120/86/127 127/132/127 126/66/127
f 119/126/128 122/128/128 121/127/128
f 105/75/129 119/126/129 106/99/129
f 120/86/130 108/137/130 121/127/130
f 123/129/131 105/75/131 111/51/131
f 110/121/132 112/138/132 107/134/132
f 119/126/133 108/137/133 106/139/133
f 114/43/134 120/86/134 126/66/134
f 113/136/135 128/133/135 124/130/135
f 127/132/136 118/125/136 125/131/136
f 129/45/137 130/99/137 131/47/137
f 132/140/138 133/78/138 134/141/138
f 135/19/139 136/80/139 137/21/139
f 138/142/140 139/143/140 140/144/140
f 141/57/141 142/145/141 143/146/141
f 144/147/142 145/148/142 146/149/142
f 147/129/143 148/150/143 149/151/143
f 150/66/144 151/152/144 152/153/144
f 135/19/145 131/47/145 136/80/145
f 132/140/146 131/154/146 130/155/146
f 133/78/147 140/144/147 134/141/147
f 137/156/148 140/144/148 139/143/148
f 135/19/149 148/150/149 147/129/149
f 138/142/150 152/153/150 139/143/150
f 151/152/151 148/150/151 152/153/151
f 147/129/152 142/145/152 141/57/152
f 150/66/153 146/149/153 151/152/153
f 143/146/154 146/149/154 145/148/154
f 141/57/155 130/99/155 129/45/155
f 133/40/156 145/148/156 144/147/156
f 135/19/157 141/57/157 129/45/157
f 134/141/158 136/157/158 131/154/158
f 145/148/159 130/158/159 143/146/159
f 138/43/160 144/147/160 150/66/160
f 139/143/161 148/150/161 137/156/161
f 151/152/162 142/145/162 149/151/162
f 153/98/163 154/159/163 155/119/163
f 156/160/164 157/161/164 158/162/164
f 159/163/165 160/20/165 161/164/165
f 162/54/166 163/165/166 164/166/166
f 165/83/167 166/167/167 167/168/167
f 168/60/168 169/169/168 170/170/168
f 171/63/169 172/171/169 173/172/169
f 174/34/170 175/173/170 176/174/170
f 153/98/171 160/20/171 159/163/171
f 154/175/172 158/162/172 155/176/172
f 157/161/173 164/166/173 158/162/173
f 163/165/174 160/177/174 164/166/174
f 171/63/175 161/164/175 172/171/175
f 174/34/176 163/165/176 162/54/176
f 173/172/177 176/174/177 175/173/177
f 171/63/178 166/167/178 165/83/178
f 174/34/179 170/170/179 175/173/179
f 167/168/180 170/170/180 169/169/180
f 165/83/181 154/159/181 153/98/181
f 157/40/182 169/169/182 168/60/182
f 171/63/183 153/98/183 159/163/183
f 158/162/184 160/177/184 155/176/184
f 169/169/185 154/178/185 167/168/185
f 162/43/186 168/60/186 174/34/186
f 163/165/187 172/171/187 161/179/187
f 175/173/188 166/167/188 173/172/188
f 177/45/189 178/99/189 179/76/189
f 180/180/190 181/49/190 182/181/190
f 183/182/191 184/52/191 185/21/191
f 186/54/192 187/183/192 188/184/192
f 189/83/193 190/185/193 191/186/193
f 192/60/194 193/187/194 194/188/194
f 195/109/195 196/189/195 197/190/195
f 198/34/196 199/191/196 200/192/196
f 177/45/197 184/52/197 183/182/197
f 180/180/198 179/193/198 178/194/198
f 181/49/199 188/184/199 182/181/199
f 185/195/200 188/184/200 187/183/200
f 195/109/201 185/21/201 196/189/201
f 198/34/202 187/183/202 186/54/202
f 197/190/203 200/192/203 199/191/203
f 195/109/204 190/185/204 189/83/204
f 198/34/205 194/188/205 199/191/205
f 191/186/206 194/188/206 193/187/206
f 189/83/207 178/99/207 177/45/207
f 181/40/208 193/187/208 192/60/208
f 195/109/209 177/45/209 183/182/209
f 179/193/210 188/184/210 184/196/210
f 193/187/211 178/197/211 191/186/211
f 198/34/212 181/73/212 192/60/212
f 187/183/213 196/189/213 185/195/213
f 199/191/214 190/185/214 197/190/214
f 201/198/215 202/199/215 203/200/215
f 204/201/216 205/202/216 206/203/216
f 207/204/217 208/205/217 209/206/217
f 210/207/218 211/208/218 212/209/218
f 213/210/219 214/211/219 215/212/219
f 216/213/220 217/214/220 218/215/220
f 219/216/221 220/217/221 221/218/221
f 222/219/222 223/220/222 224/221/222
f 207/204/223 203/200/223 208/205/223
f 202/222/224 206/203/224 203/223/224
f 210/207/225 206/203/225 205/202/225
f 209/224/226 212/209/226 211/208/226
f 207/204/227 220/217/227 219/216/227
f 210/207/228 224/221/228 211/208/228
f 223/220/229 220/217/229 224/221/229
f 219/216/230 214/211/230 213/210/230
f 222/219/231 218/215/231 223/220/231
f 215/212/232 218/215/232 217/214/232
f 213/210/233 202/199/233 201/198/233
f 216/213/234 204/225/234 217/214/234
f 219/216/235 201/198/235 207/204/235
f 203/223/236 212/209/236 208/226/236
f 217/214/237 202/227/237 215/212/237
f 210/228/238 216/213/238 222/219/238
f 209/224/239 224/221/239 220/217/239
f 223/220/240 214/211/240 221/218/240
f 225/229/241 226/230/241 227/200/241
f 228/201/242 229/202/242 230/203/242
f 231/231/243 232/205/243 233/232/243
f 234/233/244 235/234/244 236/235/244
f 237/236/245 238/211/245 239/237/245
f 240/238/246 241/239/246 242/215/246
f 243/240/247 244/241/247 245/218/247
f 246/242/248 247/220/248 248/243/248
f 225/229/249 232/205/249 231/231/249
f 228/201/250 227/223/250 226/222/250
f 234/233/251 230/203/251 229/202/251
f 235/234/252 232/226/252 236/235/252
f 243/240/253 233/232/253 244/241/253
f 246/242/254 235/234/254 234/233/254
f 245/218/255 248/243/255 247/220/255
f 243/240/256 238/211/256 237/236/256
f 240/238/257 247/220/257 246/242/257
f 239/237/258 242/215/258 241/239/258
f 237/236/259 226/230/259 225/229/259
f 229/244/260 241/239/260 240/238/260
f 243/240/261 225/229/261 231/231/261
f 230/203/262 232/226/262 227/223/262
f 241/239/263 226/245/263 239/237/263
f 246/242/264 229/246/264 240/238/264
f 235/234/265 244/241/265 233/247/265
f 247/220/266 238/211/266 245/218/266
f 249/248/267 250/249/267 251/200/267
f 252/250/268 253/251/268 254/252/268
f 255/253/269 256/254/269 257/255/269
f 258/256/270 259/257/270 260/258/270
f 261/259/271 262/211/271 263/260/271
f 264/261/272 265/262/272 266/215/272
f 267/263/273 268/264/273 269/218/273
f 270/265/274 271/266/274 272/267/274
f 249/248/275 256/254/275 255/253/275
f 252/250/276 251/223/276 250/222/276
f 258/256/277 254/252/277 253/251/277
f 257/268/278 260/258/278 259/257/278
f 255/253/279 268/264/279 267/263/279
f 270/265/280 259/257/280 258/256/280
f 269/218/281 272/267/281 271/266/281
f 261/259/282 269/218/282 262/211/282
f 264/261/283 271/266/283 270/265/283
f 265/262/284 262/211/284 266/215/284
f 261/259/285 250/249/285 249/248/285
f 253/269/286 265/262/286 264/261/286
f 267/263/287 249/248/287 255/253/287
f 254/252/288 256/226/288 251/223/288
f 265/262/289 250/270/289 263/260/289
f 270/265/290 253/271/290 264/261/290
f 257/268/291 272/267/291 268/264/291
f 271/266/292 262/211/292 269/218/292
f 273/272/293 274/273/293 275/274/293
f 276/201/294 277/275/294 278/276/294
f 279/277/295 280/278/295 281/279/295
f 282/280/296 283/281/296 284/282/296
f 285/283/297 286/284/297 287/285/297
f 288/286/298 289/287/298 290/288/298
f 291/289/299 292/290/299 293/291/299
f 294/292/300 295/293/300 296/294/300
f 273/272/301 280/278/301 279/277/301
f 274/222/302 278/276/302 275/295/302
f 282/280/303 278/276/303 277/275/303
f 281/296/304 284/282/304 283/281/304
f 279/277/305 292/290/305 291/289/305
f 294/292/306 283/281/306 282/280/306
f 293/291/307 296/294/307 295/293/307
f 291/289/308 286/284/308 285/283/308
f 288/286/309 295/293/309 294/292/309
f 287/285/310 290/288/310 289/287/310
f 285/283/311 274/273/311 273/272/311
f 277/297/312 289/287/312 288/286/312
f 291/289/313 273/272/313 279/277/313
f 278/276/314 280/298/314 275/295/314
f 289/287/315 274/299/315 287/285/315
f 294/292/316 277/300/316 288/286/316
f 281/296/317 296/294/317 292/290/317
f 295/293/318 286/284/318 293/291/318
f 297/301/319 298/302/319 299/303/319
f 300/304/320 301/305/320 302/276/320
f 303/306/321 304/307/321 305/308/321
f 306/309/322 307/310/322 308/311/322
f 309/312/323 310/313/323 311/314/323
f 312/315/324 313/316/324 314/317/324
f 315/318/325 316/319/325 317/320/325
f 318/321/326 319/322/326 320/323/326
f 297/301/327 304/307/327 303/306/327
f 300/304/328 299/324/328 298/222/328
f 301/305/329 308/311/329 302/276/329
f 307/310/330 304/325/330 308/311/330
f 303/306/331 316/319/331 315/318/331
f 306/309/332 320/323/332 307/310/332
f 317/320/333 320/323/333 319/322/333
f 315/318/334 310/313/334 309/312/334
f 312/315/335 319/322/335 318/321/335
f 313/316/336 310/313/336 314/317/336
f 309/312/337 298/302/337 297/301/337
f 301/326/338 313/316/338 312/315/338
f 303/306/339 309/312/339 297/301/339
f 302/276/340 304/325/340 299/324/340
f 313/316/341 298/327/341 311/314/341
f 306/328/342 312/315/342 318/321/342
f 307/310/343 316/319/343 305/329/343
f 317/320/344 314/317/344 310/313/344
f 321/330/345 322/331/345 323/100/345
f 324/332/346 325/333/346 326/334/346
f 327/335/347 328/80/347 329/336/347
f 330/337/348 331/338/348 332/339/348
f 333/340/349 334/341/349 335/342/349
f 336/343/350 337/344/350 338/345/350
f 339/346/351 340/347/351 341/348/351
f 342/349/352 343/350/352 344/351/352
f 321/330/353 328/80/353 327/335/353
f 324/352/354 323/353/354 322/354/354
f 325/49/355 332/339/355 326/355/355
f 331/338/356 328/356/356 332/339/356
f 339/346/357 329/336/357 340/347/357
f 342/349/358 331/338/358 330/337/358
f 341/348/359 344/351/359 343/350/359
f 333/340/360 341/348/360 334/341/360
f 342/349/361 338/345/361 343/350/361
f 335/342/362 338/345/362 337/344/362
f 333/340/363 322/331/363 321/330/363
f 325/333/364 337/344/364 336/343/364
f 339/346/365 321/330/365 327/335/365
f 323/353/366 332/339/366 328/356/366
f 337/344/367 322/357/367 335/342/367
f 330/358/368 336/343/368 342/349/368
f 329/359/369 344/351/369 340/347/369
f 343/350/370 334/341/370 341/348/370
f 345/360/371 346/361/371 347/47/371
f 348/362/372 349/363/372 350/364/372
f 351/365/373 352/366/373 353/367/373
f 354/368/374 355/369/374 356/370/374
f 357/371/375 358/372/375 359/373/375
f 360/374/376 361/375/376 362/376/376
f 363/377/377 364/378/377 365/379/377
f 366/380/378 367/381/378 368/382/378
f 351/365/379 347/47/379 352/366/379
f 348/383/380 347/384/380 346/385/380
f 349/386/381 356/370/381 350/387/381
f 353/388/382 356/370/382 355/369/382
f 351/365/383 364/378/383 363/377/383
f 354/368/384 368/382/384 355/369/384
f 365/379/385 368/382/385 367/381/385
f 363/377/386 358/372/386 357/371/386
f 366/380/387 362/376/387 367/381/387
f 359/373/388 362/376/388 361/375/388
f 345/360/389 359/373/389 346/361/389
f 349/363/390 361/375/390 360/374/390
f 363/377/391 345/360/391 351/365/391
f 350/387/392 352/389/392 347/384/392
f 361/375/393 346/390/393 359/373/393
f 354/391/394 360/374/394 366/380/394
f 355/369/395 364/378/395 353/388/395
f 367/381/396 358/372/396 365/379/396
f 369/392/397 370/393/397 371/47/397
f 372/394/398 373/395/398 374/396/398
f 375/397/399 376/80/399 377/398/399
f 378/399/400 379/400/400 380/401/400
f 381/402/401 382/403/401 383/404/401
f 384/405/402 385/406/402 386/407/402
f 387/408/403 388/409/403 389/410/403
f 390/411/404 391/412/404 392/413/404
f 375/397/405 371/47/405 376/80/405
f 370/414/406 374/415/406 371/416/406
f 373/49/407 380/401/407 374/415/407
f 377/417/408 380/401/408 379/400/408
f 375/397/409 388/409/409 387/408/409
f 390/411/410 379/400/410 378/399/410
f 389/410/411 392/413/411 391/412/411
f 381/402/412 389/410/412 382/403/412
f 390/411/413 386/407/413 391/412/413
f 385/406/414 382/403/414 386/407/414
f 381/402/415 370/393/415 369/392/415
f 384/405/416 372/394/416 385/406/416
f 387/408/417 369/392/417 375/397/417
f 371/416/418 380/401/418 376/418/418
f 385/406/419 370/419/419 383/404/419
f 378/420/420 384/405/420 390/411/420
f 377/417/421 392/413/421 388/409/421
f 391/412/422 382/403/422 389/410/422
f 393/421/423 394/422/423 395/100/423
f 396/423/424 397/424/424 398/425/424
f 399/426/425 400/80/425 401/427/425
f 402/428/426 403/429/426 404/430/426
f 405/431/427 406/432/427 407/433/427
f 408/434/428 409/435/428 410/436/428
f 411/437/429 412/438/429 413/439/429
f 414/440/430 415/441/430 416/442/430
f 393/421/431 400/80/431 399/426/431
f 394/443/432 398/444/432 395/445/432
f 402/428/433 398/444/433 397/386/433
f 401/446/434 404/430/434 403/429/434
f 399/426/435 412/438/435 411/437/435
f 414/440/436 403/429/436 402/428/436
f 415/441/437 412/438/437 416/442/437
f 411/437/438 406/432/438 405/431/438
f 408/434/439 415/441/439 414/440/439
f 407/433/440 410/436/440 409/435/440
f 405/431/441 394/422/441 393/421/441
f 397/424/442 409/435/442 408/434/442
f 411/437/443 393/421/443 399/426/443
f 395/445/444 404/430/444 400/447/444
f 409/435/445 394/448/445 407/433/445
f 402/449/446 408/434/446 414/440/446
f 403/429/447 412/438/447 401/446/447
f 413/439/448 410/436/448 406/432/448
f 465/503/501 466/504/501 467/505/501
f 468/506/502 469/507/502 470/508/502
f 471/509/503 472/510/503 473/511/503
f 474/512/504 475/513/504 476/514/504
f 477/515/505 478/516/505 479/517/505
f 480/518/506 481/519/506 482/520/506
f 483/521/507 484/522/507 485/523/507
f 486/524/508 487/525/508 488/526/508
f 471/509/509 467/505/509 472/510/509
f 468/527/510 467/528/510 466/529/510
f 474/512/511 470/530/511 469/531/511
f 475/513/512 472/532/512 476/514/512
f 483/521/513 473/511/513 484/522/513
f 474/512/514 488/526/514 475/513/514
f 485/523/515 488/526/515 487/525/515
f 477/515/516 485/523/516 478/516/516
f 480/518/517 487/525/517 486/524/517
f 479/517/518 482/520/518 481/519/518
f 465/503/519 479/517/519 466/504/519
f 469/507/520 481/519/520 480/518/520
f 471/509/521 477/515/521 465/503/521
f 467/528/522 476/514/522 472/532/522
f 479/517/523 468/506/523 466/533/523
f 486/524/524 469/534/524 480/518/524
f 475/513/525 484/522/525 473/535/525
f 485/523/526 482/520/526 478/516/526
f 513/569/553 514/570/553 515/571/553
f 516/572/554 517/573/554 518/574/554
f 519/575/555 520/576/555 521/544/555
f 522/577/556 523/578/556 524/579/556
f 525/580/557 526/581/557 527/582/557
f 528/583/558 529/584/558 530/585/558
f 531/586/559 532/587/559 533/588/559
f 534/589/560 535/590/560 536/591/560
f 513/569/561 520/576/561 519/575/561
f 514/592/562 518/593/562 515/594/562
f 522/577/563 518/593/563 517/595/563
f 521/596/564 524/579/564 523/578/564
f 531/586/565 521/544/565 532/587/565
f 534/589/566 523/578/566 522/577/566
f 533/588/567 536/591/567 535/590/567
f 525/580/568 533/588/568 526/581/568
f 528/583/569 535/590/569 534/589/569
f 527/582/570 530/585/570 529/584/570
f 525/580/571 514/570/571 513/569/571
f 528/583/572 516/572/572 529/584/572
f 519/575/573 525/580/573 513/569/573
f 515/594/574 524/579/574 520/597/574
f 529/584/575 514/598/575 527/582/575
f 522/599/576 528/583/576 534/589/576
f 523/578/577 532/587/577 521/596/577
f 535/590/578 526/581/578 533/588/578
f 561/631/605 562/632/605 563/100/605
f 564/633/606 565/634/606 566/455/606
f 567/635/607 568/80/607 569/636/607
f 570/637/608 571/638/608 572/639/608
f 573/640/609 574/641/609 575/642/609
f 576/643/610 577/644/610 578/645/610
f 579/646/611 580/647/611 581/648/611
f 582/649/612 583/650/612 584/651/612
f 561/631/613 568/80/613 567/635/613
f 564/201/614 563/652/614 562/222/614
f 565/653/615 572/639/615 566/654/615
f 569/655/616 572/639/616 571/638/616
f 567/635/617 580/647/617 579/646/617
f 582/649/618 571/638/618 570/637/618
f 581/648/619 584/651/619 583/650/619
f 579/646/620 574/641/620 573/640/620
f 582/649/621 578/645/621 583/650/621
f 577/644/622 574/641/622 578/645/622
f 573/640/623 562/632/623 561/631/623
f 576/643/624 564/633/624 577/644/624
f 567/635/625 573/640/625 561/631/625
f 563/652/626 572/639/626 568/656/626
f 575/642/627 564/633/627 562/657/627
f 570/658/628 576/643/628 582/649/628
f 571/638/629 580/647/629 569/655/629
f 581/648/630 578/645/630 574/641/630
f 585/659/631 586/660/631 587/661/631
f 588/662/632 589/663/632 590/455/632
f 591/664/633 592/80/633 593/665/633
f 594/666/634 595/667/634 596/668/634
f 597/669/635 598/670/635 599/671/635
f 600/672/636 601/673/636 602/674/636
f 603/675/637 604/676/637 605/677/637
f 606/678/638 607/679/638 608/680/638
f 585/659/639 592/80/639 591/664/639
f 586/222/640 590/681/640 587/682/640
f 589/49/641 596/668/641 590/681/641
f 595/667/642 592/683/642 596/668/642
f 591/664/643 604/676/643 603/675/643
f 606/678/644 595/667/644 594/666/644
f 607/679/645 604/676/645 608/680/645
f 603/675/646 598/670/646 597/669/646
f 600/672/647 607/679/647 606/678/647
f 599/671/648 602/674/648 601/673/648
f 597/669/649 586/660/649 585/659/649
f 589/663/650 601/673/650 600/672/650
f 603/675/651 585/659/651 591/664/651
f 590/681/652 592/683/652 587/682/652
f 601/673/653 586/684/653 599/671/653
f 594/685/654 600/672/654 606/678/654
f 595/667/655 604/676/655 593/686/655
f 607/679/656 598/670/656 605/677/656
f 2/1/1 4/4/1 3/2/1
f 4/4/2 8/6/2 7/5/2
f 8/6/3 6/8/3 5/7/3
f 6/8/4 2/781/4 1/9/4
f 7/5/5 5/7/5 1/10/5
f 4/12/6 2/782/6 6/8/6
f 9/13/15 11/15/15 16/20/15
f 10/37/16 12/16/16 14/18/16
f 13/17/17 18/22/17 20/24/17
f 19/23/18 17/44/18 16/39/18
f 15/19/19 17/21/19 28/32/19
f 18/22/20 30/34/20 32/36/20
f 31/35/21 29/33/21 28/32/21
f 21/25/22 27/31/22 29/33/22
f 30/34/23 24/28/23 26/30/23
f 25/29/24 23/27/24 22/26/24
f 9/13/25 21/25/25 23/27/25
f 13/40/26 12/41/26 25/29/26
f 15/19/27 27/31/27 21/25/27
f 14/18/28 20/24/28 16/39/28
f 23/27/29 25/29/29 12/41/29
f 18/43/30 13/73/30 24/28/30
f 19/23/31 32/36/31 28/32/31
f 31/35/32 26/30/32 22/26/32
f 39/51/41 33/45/41 35/47/41
f 36/48/42 38/50/42 35/69/42
f 37/49/43 42/54/43 44/56/43
f 43/55/44 41/74/44 40/71/44
f 39/51/45 41/53/45 52/64/45
f 54/66/46 56/68/46 43/55/46
f 53/65/47 52/64/47 56/68/47
f 45/57/48 51/63/48 53/65/48
f 48/60/49 50/62/49 55/67/49
f 47/59/50 46/58/50 50/62/50
f 33/45/51 45/57/51 47/59/51
f 37/40/52 36/783/52 49/61/52
f 51/63/53 45/57/53 33/45/53
f 38/50/54 44/56/54 40/71/54
f 49/61/55 36/783/55 34/72/55
f 54/66/56 42/43/56 37/73/56
f 43/55/57 56/68/57 52/64/57
f 53/65/58 55/67/58 50/62/58
f 63/19/67 57/75/67 59/76/67
f 60/77/68 62/79/68 59/93/68
f 66/54/69 68/82/69 62/79/69
f 65/95/70 64/96/70 68/82/70
f 63/19/71 65/21/71 76/89/71
f 78/34/72 80/92/72 67/81/72
f 77/90/73 76/89/73 80/92/73
f 69/83/74 75/63/74 77/90/74
f 72/86/75 74/88/75 79/91/75
f 73/87/76 71/85/76 70/84/76
f 57/75/77 69/83/77 71/85/77
f 61/40/78 60/784/78 73/87/78
f 75/63/79 69/83/79 57/75/79
f 62/79/80 68/82/80 64/96/80
f 73/87/81 60/784/81 58/97/81
f 78/34/82 66/43/82 61/73/82
f 67/81/83 80/92/83 76/89/83
f 79/91/84 74/88/84 70/84/84
f 81/98/93 83/100/93 88/80/93
f 84/101/94 86/102/94 83/114/94
f 90/54/95 92/104/95 86/102/95
f 91/103/96 89/118/96 88/116/96
f 99/109/97 87/19/97 89/21/97
f 90/54/98 102/34/98 104/113/98
f 103/112/99 101/111/99 100/110/99
f 99/109/100 101/111/100 94/105/100
f 102/34/101 96/86/101 98/108/101
f 95/106/102 94/105/102 98/108/102
f 81/98/103 93/83/103 95/106/103
f 85/40/104 84/785/104 97/107/104
f 99/109/105 93/83/105 81/98/105
f 83/114/106 86/102/106 92/104/106
f 97/107/107 84/785/107 82/117/107
f 90/43/108 85/73/108 96/86/108
f 91/103/109 104/113/109 100/110/109
f 101/111/110 103/112/110 98/108/110
f 111/51/119 105/75/119 107/119/119
f 108/120/120 110/121/120 107/134/120
f 109/49/121 114/22/121 116/123/121
f 113/136/122 112/138/122 116/123/122
f 123/129/123 111/51/123 113/21/123
f 114/22/124 126/66/124 128/133/124
f 125/131/125 124/130/125 128/133/125
f 117/124/126 123/129/126 125/131/126
f 120/86/127 122/128/127 127/132/127
f 119/126/128 118/125/128 122/128/128
f 105/75/129 117/124/129 119/126/129
f 120/86/130 109/40/130 108/137/130
f 123/129/131 117/124/131 105/75/131
f 110/121/132 116/123/132 112/138/132
f 119/126/133 121/127/133 108/137/133
f 114/43/134 109/73/134 120/86/134
f 113/136/135 115/122/135 128/133/135
f 127/132/136 122/128/136 118/125/136
f 135/19/145 129/45/145 131/47/145
f 132/140/146 134/141/146 131/154/146
f 133/78/147 138/142/147 140/144/147
f 137/156/835 136/157/835 140/144/835
f 135/19/149 137/21/149 148/150/149
f 138/142/150 150/66/150 152/153/150
f 151/152/836 149/151/836 148/150/836
f 147/129/152 149/151/152 142/145/152
f 150/66/153 144/147/153 146/149/153
f 143/146/154 142/145/154 146/149/154
f 141/57/155 143/146/155 130/99/155
f 133/40/156 132/786/156 145/148/156
f 135/19/157 147/129/157 141/57/157
f 134/141/158 140/144/158 136/157/158
f 145/148/159 132/786/159 130/158/159
f 138/43/160 133/73/160 144/147/160
f 139/143/161 152/153/161 148/150/161
f 151/152/162 146/149/162 142/145/162
f 153/98/171 155/119/171 160/20/171
f 154/175/172 156/160/172 158/162/172
f 157/161/173 162/54/173 164/166/173
f 163/165/174 161/179/174 160/177/174
f 171/63/175 159/163/175 161/164/175
f 174/34/176 176/174/176 163/165/176
f 173/172/177 172/171/177 176/174/177
f 171/63/178 173/172/178 166/167/178
f 174/34/179 168/60/179 170/170/179
f 167/168/180 166/167/180 170/170/180
f 165/83/181 167/168/181 154/159/181
f 157/40/182 156/787/182 169/169/182
f 171/63/183 165/83/183 153/98/183
f 158/162/184 164/166/184 160/177/184
f 169/169/185 156/787/185 154/178/185
f 162/43/186 157/73/186 168/60/186
f 163/165/187 176/174/187 172/171/187
f 175/173/188 170/170/188 166/167/188
f 177/45/197 179/76/197 184/52/197
f 180/180/198 182/181/198 179/193/198
f 181/49/199 186/54/199 188/184/199
f 185/195/200 184/196/200 188/184/200
f 195/109/201 183/182/201 185/21/201
f 198/34/202 200/192/202 187/183/202
f 197/190/203 196/189/203 200/192/203
f 195/109/204 197/190/204 190/185/204
f 198/34/205 192/60/205 194/188/205
f 191/186/206 190/185/206 194/188/206
f 189/83/207 191/186/207 178/99/207
f 181/40/208 180/788/208 193/187/208
f 195/109/209 189/83/209 177/45/209
f 179/193/210 182/181/210 188/184/210
f 193/187/211 180/788/211 178/197/211
f 198/34/212 186/43/212 181/73/212
f 187/183/213 200/192/213 196/189/213
f 199/191/214 194/188/214 190/185/214
f 207/204/223 201/198/223 203/200/223
f 202/222/224 204/201/224 206/203/224
f 210/207/225 212/209/225 206/203/225
f 209/224/226 208/226/226 212/209/226
f 207/204/227 209/206/227 220/217/227
f 210/207/228 222/219/228 224/221/228
f 223/220/229 221/218/229 220/217/229
f 219/216/230 221/218/230 214/211/230
f 222/219/231 216/213/231 218/215/231
f 215/212/232 214/211/232 218/215/232
f 213/210/233 215/212/233 202/199/233
f 216/213/837 205/789/837 204/225/837
f 219/216/235 213/210/235 201/198/235
f 203/223/236 206/203/236 212/209/236
f 217/214/237 204/225/237 202/227/237
f 210/228/238 205/790/238 216/213/238
f 209/224/239 211/208/239 224/221/239
f 223/220/240 218/215/240 214/211/240
f 225/229/249 227/200/249 232/205/249
f 228/201/250 230/203/250 227/223/250
f 234/233/251 236/235/251 230/203/251
f 235/234/252 233/247/252 232/226/252
f 243/240/253 231/231/253 233/232/253
f 246/242/254 248/243/254 235/234/254
f 245/218/255 244/241/255 248/243/255
f 243/240/256 245/218/256 238/211/256
f 240/238/257 242/215/257 247/220/257
f 239/237/258 238/211/258 242/215/258
f 237/236/259 239/237/259 226/230/259
f 229/244/260 228/791/260 241/239/260
f 243/240/261 237/236/261 225/229/261
f 230/203/262 236/235/262 232/226/262
f 241/239/263 228/791/263 226/245/263
f 246/242/264 234/792/264 229/246/264
f 235/234/265 248/243/265 244/241/265
f 247/220/266 242/215/266 238/211/266
f 249/248/275 251/200/275 256/254/275
f 252/250/276 254/252/276 251/223/276
f 258/256/277 260/258/277 254/252/277
f 257/268/278 256/226/278 260/258/278
f 255/253/279 257/255/279 268/264/279
f 270/265/280 272/267/280 259/257/280
f 269/218/281 268/264/281 272/267/281
f 261/259/282 267/263/282 269/218/282
f 264/261/283 266/215/283 271/266/283
f 265/262/284 263/260/284 262/211/284
f 261/259/285 263/260/285 250/249/285
f 253/269/286 252/793/286 265/262/286
f 267/263/287 261/259/287 249/248/287
f 254/252/288 260/258/288 256/226/288
f 265/262/289 252/793/289 250/270/289
f 270/265/290 258/794/290 253/271/290
f 257/268/291 259/257/291 272/267/291
f 271/266/292 266/215/292 262/211/292
f 273/272/301 275/274/301 280/278/301
f 274/222/302 276/201/302 278/276/302
f 282/280/303 284/282/303 278/276/303
f 281/296/304 280/298/304 284/282/304
f 279/277/305 281/279/305 292/290/305
f 294/292/306 296/294/306 283/281/306
f 293/291/838 292/290/838 296/294/838
f 291/289/308 293/291/308 286/284/308
f 288/286/309 290/288/309 295/293/309
f 287/285/310 286/284/310 290/288/310
f 285/283/311 287/285/311 274/273/311
f 277/297/312 276/795/312 289/287/312
f 291/289/313 285/283/313 273/272/313
f 278/276/314 284/282/314 280/298/314
f 289/287/315 276/795/315 274/299/315
f 294/292/316 282/796/316 277/300/316
f 281/296/317 283/281/317 296/294/317
f 295/293/318 290/288/318 286/284/318
f 297/301/327 299/303/327 304/307/327
f 300/304/328 302/276/328 299/324/328
f 301/305/329 306/309/329 308/311/329
f 307/310/330 305/329/330 304/325/330
f 303/306/331 305/308/331 316/319/331
f 306/309/332 318/321/332 320/323/332
f 317/320/333 316/319/333 320/323/333
f 315/318/334 317/320/334 310/313/334
f 312/315/335 314/317/335 319/322/335
f 313/316/336 311/314/336 310/313/336
f 309/312/337 311/314/337 298/302/337
f 301/326/338 300/797/338 313/316/338
f 303/306/339 315/318/339 309/312/339
f 302/276/340 308/311/340 304/325/340
f 313/316/341 300/797/341 298/327/341
f 306/328/342 301/798/342 312/315/342
f 307/310/343 320/323/343 316/319/343
f 317/320/344 319/322/344 314/317/344
f 321/330/353 323/100/353 328/80/353
f 324/352/354 326/355/354 323/353/354
f 325/49/355 330/337/355 332/339/355
f 331/338/839 329/359/839 328/356/839
f 339/346/357 327/335/357 329/336/357
f 342/349/358 344/351/358 331/338/358
f 341/348/359 340/347/359 344/351/359
f 333/340/360 339/346/360 341/348/360
f 342/349/361 336/343/361 338/345/361
f 335/342/362 334/341/362 338/345/362
f 333/340/363 335/342/363 322/331/363
f 325/333/364 324/332/364 337/344/364
f 339/346/365 333/340/365 321/330/365
f 323/353/366 326/355/366 332/339/366
f 337/344/367 324/332/367 322/357/367
f 330/358/368 325/799/368 336/343/368
f 329/359/369 331/338/369 344/351/369
f 343/350/370 338/345/370 334/341/370
f 351/365/379 345/360/379 347/47/379
f 348/383/380 350/387/380 347/384/380
f 349/386/381 354/368/381 356/370/381
f 353/388/382 352/389/382 356/370/382
f 351/365/383 353/367/383 364/378/383
f 354/368/384 366/380/384 368/382/384
f 365/379/385 364/378/385 368/382/385
f 363/377/386 365/379/386 358/372/386
f 366/380/387 360/374/387 362/376/387
f 359/373/388 358/372/388 362/376/388
f 345/360/389 357/371/389 359/373/389
f 349/363/390 348/362/390 361/375/390
f 363/377/391 357/371/391 345/360/391
f 350/387/392 356/370/392 352/389/392
f 361/375/393 348/362/393 346/390/393
f 354/391/394 349/800/394 360/374/394
f 355/369/395 368/382/395 364/378/395
f 367/381/396 362/376/396 358/372/396
f 375/397/405 369/392/405 371/47/405
f 370/414/406 372/801/406 374/415/406
f 373/49/407 378/399/407 380/401/407
f 377/417/408 376/418/408 380/401/408
f 375/397/409 377/398/409 388/409/409
f 390/411/410 392/413/410 379/400/410
f 389/410/411 388/409/411 392/413/411
f 381/402/412 387/408/412 389/410/412
f 390/411/840 384/405/840 386/407/840
f 385/406/414 383/404/414 382/403/414
f 381/402/415 383/404/415 370/393/415
f 384/405/416 373/395/416 372/394/416
f 387/408/417 381/402/417 369/392/417
f 371/416/418 374/415/418 380/401/418
f 385/406/419 372/394/419 370/419/419
f 378/420/420 373/802/420 384/405/420
f 377/417/421 379/400/421 392/413/421
f 391/412/422 386/407/422 382/403/422
f 393/421/431 395/100/431 400/80/431
f 394/443/432 396/803/432 398/444/432
f 402/428/433 404/430/433 398/444/433
f 401/446/434 400/447/434 404/430/434
f 399/426/435 401/427/435 412/438/435
f 414/440/436 416/442/436 403/429/436
f 415/441/437 413/439/437 412/438/437
f 411/437/438 413/439/438 406/432/438
f 408/434/439 410/436/439 415/441/439
f 407/433/440 406/432/440 410/436/440
f 405/431/441 407/433/441 394/422/441
f 397/424/442 396/423/442 409/435/442
f 411/437/443 405/431/443 393/421/443
f 395/445/444 398/444/444 404/430/444
f 409/435/445 396/423/445 394/448/445
f 402/449/446 397/804/446 408/434/446
f 403/429/447 416/442/447 412/438/447
f 413/439/448 415/441/448 410/436/448
f 471/509/509 465/503/509 467/505/509
f 468/527/510 470/530/510 467/528/510
f 474/512/511 476/514/511 470/530/511
f 475/513/512 473/535/512 472/532/512
f 483/521/513 471/509/513 473/511/513
f 474/512/514 486/524/514 488/526/514
f 485/523/515 484/522/515 488/526/515
f 477/515/516 483/521/516 485/523/516
f 480/518/517 482/520/517 487/525/517
f 479/517/518 478/516/518 482/520/518
f 465/503/519 477/515/519 479/517/519
f 469/507/520 468/506/520 481/519/520
f 471/509/521 483/521/521 477/515/521
f 467/528/522 470/530/522 476/514/522
f 479/517/523 481/519/523 468/506/523
f 486/524/524 474/807/524 469/534/524
f 475/513/525 488/526/525 484/522/525
f 485/523/526 487/525/526 482/520/526
f 513/569/561 515/571/561 520/576/561
f 514/592/562 516/809/562 518/593/562
f 522/577/849 524/579/849 518/593/849
f 521/596/564 520/597/564 524/579/564
f 531/586/565 519/575/565 521/544/565
f 534/589/850 536/591/850 523/578/850
f 533/588/567 532/587/567 536/591/567
f 525/580/568 531/586/568 533/588/568
f 528/583/569 530/585/569 535/590/569
f 527/582/570 526/581/570 530/585/570
f 525/580/571 527/582/571 514/570/571
f 528/583/572 517/573/572 516/572/572
f 519/575/573 531/586/573 525/580/573
f 515/594/574 518/593/574 524/579/574
f 529/584/575 516/572/575 514/598/575
f 522/599/576 517/810/576 528/583/576
f 523/578/577 536/591/577 532/587/577
f 535/590/578 530/585/578 526/581/578
f 561/631/613 563/100/613 568/80/613
f 564/201/614 566/654/614 563/652/614
f 565/653/615 570/637/615 572/639/615
f 569/655/616 568/656/616 572/639/616
f 567/635/617 569/636/617 580/647/617
f 582/649/618 584/651/618 571/638/618
f 581/648/619 580/647/619 584/651/619
f 579/646/620 581/648/620 574/641/620
f 582/649/621 576/643/621 578/645/621
f 577/644/622 575/642/622 574/641/622
f 573/640/623 575/642/623 562/632/623
f 576/643/624 565/634/624 564/633/624
f 567/635/625 579/646/625 573/640/625
f 563/652/626 566/654/626 572/639/626
f 575/642/627 577/644/627 564/633/627
f 570/658/628 565/813/628 576/643/628
f 571/638/629 584/651/629 580/647/629
f 581/648/630 583/650/630 578/645/630
f 585/659/639 587/661/639 592/80/639
f 586/222/851 588/201/851 590/681/851
f 589/49/641 594/666/641 596/668/641
f 595/667/642 593/686/642 592/683/642
f 591/664/643 593/665/643 604/676/643
f 606/678/644 608/680/644 595/667/644
f 607/679/852 605/677/852 604/676/852
f 603/675/646 605/677/646 598/670/646
f 600/672/647 602/674/647 607/679/647
f 599/671/648 598/670/648 602/674/648
f 597/669/649 599/671/649 586/660/649
f 589/663/650 588/662/650 601/673/650
f 603/675/651 597/669/651 585/659/651
f 590/681/652 596/668/652 592/683/652
f 601/673/653 588/662/653 586/684/653
f 594/685/654 589/814/654 600/672/654
f 595/667/655 608/680/655 604/676/655
f 607/679/656 602/674/656 598/670/656
usemtl rope
f 417/450/449 418/451/449 419/452/449
f 420/453/450 421/454/450 422/455/450
f 423/456/451 424/457/451 425/458/451
f 426/459/452 427/460/452 428/461/452
f 429/462/453 430/463/453 431/464/453
f 432/465/454 433/466/454 434/467/454
f 435/468/455 436/469/455 437/470/455
f 438/471/456 439/472/456 440/473/456
f 417/450/457 424/457/457 423/456/457
f 420/201/458 419/474/458 418/222/458
f 426/459/459 422/475/459 421/476/459
f 425/477/460 428/461/460 427/460/460
f 423/456/461 436/469/461 435/468/461
f 438/471/462 427/460/462 426/459/462
f 437/470/463 440/473/463 439/472/463
f 435/468/464 430/463/464 429/462/464
f 438/471/465 434/467/465 439/472/465
f 433/466/466 430/463/466 434/467/466
f 429/462/467 418/451/467 417/450/467
f 432/465/468 420/453/468 433/466/468
f 435/468/469 417/450/469 423/456/469
f 422/475/470 424/478/470 419/474/470
f 431/464/471 420/453/471 418/479/471
f 426/480/472 432/465/472 438/471/472
f 427/460/473 436/469/473 425/477/473
f 439/472/474 430/463/474 437/470/474
f 441/481/475 442/482/475 443/452/475
f 444/483/476 445/484/476 446/455/476
f 447/485/477 448/457/477 449/486/477
f 450/487/478 451/488/478 452/461/478
f 453/489/479 454/490/479 455/491/479
f 456/492/480 457/493/480 458/467/480
f 459/494/481 460/495/481 461/496/481
f 462/497/482 463/498/482 464/499/482
f 441/481/483 448/457/483 447/485/483
f 444/201/484 443/474/484 442/222/484
f 450/487/485 446/475/485 445/476/485
f 449/500/486 452/461/486 451/488/486
f 447/485/487 460/495/487 459/494/487
f 462/497/488 451/488/488 450/487/488
f 461/496/489 464/499/489 463/498/489
f 459/494/490 454/490/490 453/489/490
f 456/492/491 463/498/491 462/497/491
f 455/491/492 458/467/492 457/493/492
f 453/489/493 442/482/493 441/481/493
f 445/484/494 457/493/494 456/492/494
f 459/494/495 441/481/495 447/485/495
f 446/475/496 448/478/496 443/474/496
f 457/493/497 442/501/497 455/491/497
f 450/502/498 456/492/498 462/497/498
f 451/488/499 460/495/499 449/500/499
f 463/498/500 454/490/500 461/496/500
f 489/536/527 490/537/527 491/538/527
f 492/539/528 493/540/528 494/541/528
f 495/542/529 496/543/529 497/544/529
f 498/545/530 499/546/530 500/547/530
f 501/548/531 502/549/531 503/550/531
f 504/551/532 505/552/532 506/553/532
f 507/554/533 508/555/533 509/556/533
f 510/557/534 511/558/534 512/559/534
f 489/536/535 496/543/535 495/542/535
f 492/560/536 491/561/536 490/562/536
f 498/545/537 494/563/537 493/564/537
f 497/565/538 500/547/538 499/546/538
f 495/542/539 508/555/539 507/554/539
f 510/557/540 499/546/540 498/545/540
f 509/556/541 512/559/541 511/558/541
f 501/548/542 509/556/542 502/549/542
f 510/557/543 506/553/543 511/558/543
f 503/550/544 506/553/544 505/552/544
f 489/536/545 503/550/545 490/537/545
f 493/540/546 505/552/546 504/551/546
f 507/554/547 489/536/547 495/542/547
f 494/563/548 496/566/548 491/561/548
f 505/552/549 490/567/549 503/550/549
f 498/568/550 504/551/550 510/557/550
f 497/565/551 512/559/551 508/555/551
f 511/558/552 502/549/552 509/556/552
f 537/600/579 538/601/579 539/602/579
f 540/603/580 541/604/580 542/605/580
f 543/606/581 544/607/581 545/511/581
f 546/608/582 547/609/582 548/610/582
f 549/611/583 550/612/583 551/613/583
f 552/614/584 553/615/584 554/616/584
f 555/617/585 556/618/585 557/619/585
f 558/620/586 559/621/586 560/622/586
f 537/600/587 544/607/587 543/606/587
f 538/623/588 542/624/588 539/625/588
f 541/626/589 548/610/589 542/624/589
f 547/609/590 544/627/590 548/610/590
f 543/606/591 556/618/591 555/617/591
f 558/620/592 547/609/592 546/608/592
f 559/621/593 556/618/593 560/622/593
f 555/617/594 550/612/594 549/611/594
f 552/614/595 559/621/595 558/620/595
f 553/615/596 550/612/596 554/616/596
f 537/600/597 551/613/597 538/601/597
f 552/614/598 540/603/598 553/615/598
f 555/617/599 537/600/599 543/606/599
f 539/625/600 548/610/600 544/627/600
f 551/613/601 540/603/601 538/628/601
f 546/629/602 552/614/602 558/620/602
f 545/630/603 560/622/603 556/618/603
f 559/621/604 550/612/604 557/619/604
f 651/750/737 652/751/737 653/100/737
f 654/752/738 655/753/738 656/754/738
f 657/755/739 658/366/739 659/756/739
f 660/757/740 661/758/740 662/759/740
f 663/760/741 664/761/741 665/762/741
f 666/763/742 667/764/742 668/765/742
f 669/766/743 670/767/743 671/768/743
f 672/769/744 673/770/744 674/771/744
f 651/750/745 658/366/745 657/755/745
f 654/772/746 653/773/746 652/774/746
f 660/757/747 656/775/747 655/49/747
f 659/776/748 662/759/748 661/758/748
f 657/755/749 670/767/749 669/766/749
f 672/769/750 661/758/750 660/757/750
f 671/768/751 674/771/751 673/770/751
f 669/766/752 664/761/752 663/760/752
f 672/769/753 668/765/753 673/770/753
f 665/762/754 668/765/754 667/764/754
f 663/760/755 652/751/755 651/750/755
f 655/753/756 667/764/756 666/763/756
f 669/766/757 651/750/757 657/755/757
f 656/775/758 658/777/758 653/773/758
f 665/762/759 654/752/759 652/778/759
f 672/769/760 655/779/760 666/763/760
f 659/776/761 674/771/761 670/767/761
f 673/770/762 664/761/762 671/768/762
f 417/450/457 419/452/457 424/457/457
f 420/201/458 422/475/458 419/474/458
f 426/459/459 428/461/459 422/475/459
f 425/477/460 424/478/460 428/461/460
f 423/456/461 425/458/461 436/469/461
f 438/471/462 440/473/462 427/460/462
f 437/470/463 436/469/463 440/473/463
f 435/468/464 437/470/464 430/463/464
f 438/471/465 432/465/465 434/467/465
f 433/466/466 431/464/466 430/463/466
f 429/462/467 431/464/467 418/451/467
f 432/465/468 421/454/468 420/453/468
f 435/468/469 429/462/469 417/450/469
f 422/475/470 428/461/470 424/478/470
f 431/464/471 433/466/471 420/453/471
f 426/480/472 421/805/472 432/465/472
f 427/460/473 440/473/473 436/469/473
f 439/472/474 434/467/474 430/463/474
f 441/481/841 443/452/841 448/457/841
f 444/201/484 446/475/484 443/474/484
f 450/487/842 452/461/842 446/475/842
f 449/500/486 448/478/486 452/461/486
f 447/485/843 449/486/843 460/495/843
f 462/497/488 464/499/488 451/488/488
f 461/496/844 460/495/844 464/499/844
f 459/494/490 461/496/490 454/490/490
f 456/492/491 458/467/491 463/498/491
f 455/491/492 454/490/492 458/467/492
f 453/489/493 455/491/493 442/482/493
f 445/484/845 444/483/845 457/493/845
f 459/494/495 453/489/495 441/481/495
f 446/475/496 452/461/496 448/478/496
f 457/493/497 444/483/497 442/501/497
f 450/502/498 445/806/498 456/492/498
f 451/488/499 464/499/499 460/495/499
f 463/498/500 458/467/500 454/490/500
f 489/536/846 491/538/846 496/543/846
f 492/560/536 494/563/536 491/561/536
f 498/545/847 500/547/847 494/563/847
f 497/565/538 496/566/538 500/547/538
f 495/542/539 497/544/539 508/555/539
f 510/557/540 512/559/540 499/546/540
f 509/556/541 508/555/541 512/559/541
f 501/548/542 507/554/542 509/556/542
f 510/557/543 504/551/543 506/553/543
f 503/550/544 502/549/544 506/553/544
f 489/536/545 501/548/545 503/550/545
f 493/540/546 492/539/546 505/552/546
f 507/554/547 501/548/547 489/536/547
f 494/563/548 500/547/548 496/566/548
f 505/552/549 492/539/549 490/567/549
f 498/568/848 493/808/848 504/551/848
f 497/565/551 499/546/551 512/559/551
f 511/558/552 506/553/552 502/549/552
f 537/600/587 539/602/587 544/607/587
f 538/623/588 540/811/588 542/624/588
f 541/626/589 546/608/589 548/610/589
f 547/609/590 545/630/590 544/627/590
f 543/606/591 545/511/591 556/618/591
f 558/620/592 560/622/592 547/609/592
f 559/621/593 557/619/593 556/618/593
f 555/617/594 557/619/594 550/612/594
f 552/614/595 554/616/595 559/621/595
f 553/615/596 551/613/596 550/612/596
f 537/600/597 549/611/597 551/613/597
f 552/614/598 541/604/598 540/603/598
f 555/617/599 549/611/599 537/600/599
f 539/625/600 542/624/600 548/610/600
f 551/613/601 553/615/601 540/603/601
f 546/629/602 541/812/602 552/614/602
f 545/630/603 547/609/603 560/622/603
f 559/621/604 554/616/604 550/612/604
f 651/750/745 653/100/745 658/366/745
f 654/772/746 656/775/746 653/773/746
f 660/757/747 662/759/747 656/775/747
f 659/776/748 658/777/748 662/759/748
f 657/755/749 659/756/749 670/767/749
f 672/769/750 674/771/750 661/758/750
f 671/768/751 670/767/751 674/771/751
f 669/766/752 671/768/752 664/761/752
f 672/769/753 666/763/753 668/765/753
f 665/762/853 664/761/853 668/765/853
f 663/760/755 665/762/755 652/751/755
f 655/753/756 654/752/756 667/764/756
f 669/766/757 663/760/757 651/750/757
f 656/775/758 662/759/758 658/777/758
f 665/762/759 667/764/759 654/752/759
f 672/769/760 660/815/760 655/779/760
f 659/776/761 661/758/761 674/771/761
f 673/770/762 668/765/762 664/761/762
usemtl core
f 609/687/657 622/688/657 621/689/657
f 610/690/658 622/691/658 624/692/658
f 609/693/659 621/694/659 626/695/659
f 609/696/660 626/697/660 628/698/660
f 609/699/661 628/700/661 625/701/661
f 610/690/662 624/692/662 631/702/662
f 611/703/663 623/704/663 633/705/663
f 612/706/664 627/707/664 635/708/664
f 613/709/665 629/710/665 637/711/665
f 614/712/666 630/713/666 639/714/666
f 610/690/667 631/702/667 634/715/667
f 611/703/668 633/705/668 636/716/668
f 612/706/669 635/708/669 638/717/669
f 613/709/670 637/711/670 640/718/670
f 614/712/671 639/714/671 632/719/671
f 615/720/672 641/721/672 646/722/672
f 616/723/673 642/724/673 648/725/673
f 617/726/674 643/727/674 649/728/674
f 618/729/675 644/730/675 650/731/675
f 619/732/676 645/733/676 647/734/676
f 647/734/677 650/735/677 620/736/677
f 647/734/678 645/733/678 650/735/678
f 645/733/679 618/729/679 650/735/679
f 650/731/680 649/737/680 620/738/680
f 650/731/681 644/730/681 649/737/681
f 644/730/682 617/726/682 649/737/682
f 649/728/683 648/739/683 620/740/683
f 649/728/684 643/727/684 648/739/684
f 643/727/685 616/741/685 648/739/685
f 648/725/686 646/742/686 620/743/686
f 648/725/687 642/724/687 646/742/687
f 642/724/688 615/720/688 646/742/688
f 646/722/689 647/744/689 620/745/689
f 646/722/690 641/721/690 647/744/690
f 641/721/691 619/732/691 647/744/691
f 632/719/692 645/733/692 619/732/692
f 632/719/693 639/714/693 645/733/693
f 639/714/694 618/729/694 645/733/694
f 640/718/695 644/730/695 618/729/695
f 640/718/696 637/711/696 644/730/696
f 637/711/697 617/726/697 644/730/697
f 638/717/698 643/727/698 617/726/698
f 638/717/699 635/708/699 643/727/699
f 635/708/700 616/741/700 643/727/700
f 636/716/701 642/724/701 616/723/701
f 636/716/702 633/705/702 642/724/702
f 633/705/703 615/720/703 642/724/703
f 634/715/704 641/721/704 615/720/704
f 634/715/705 631/702/705 641/721/705
f 631/702/706 619/732/706 641/721/706
f 639/714/707 640/718/707 618/729/707
f 639/714/708 630/713/708 640/718/708
f 630/713/709 613/709/709 640/718/709
f 637/711/710 638/717/710 617/726/710
f 637/711/711 629/710/711 638/717/711
f 629/710/712 612/706/712 638/717/712
f 635/708/713 636/746/713 616/741/713
f 635/708/714 627/707/714 636/746/714
f 627/707/715 611/747/715 636/746/715
f 633/705/716 634/715/716 615/720/716
f 633/705/717 623/704/717 634/715/717
f 623/704/718 610/690/718 634/715/718
f 631/702/719 632/719/719 619/732/719
f 631/702/720 624/692/720 632/719/720
f 624/692/721 614/712/721 632/719/721
f 625/701/722 630/713/722 614/712/722
f 625/701/723 628/700/723 630/713/723
f 628/700/724 613/709/724 630/713/724
f 628/698/725 629/710/725 613/709/725
f 628/698/726 626/697/726 629/710/726
f 626/697/727 612/706/727 629/710/727
f 626/695/728 627/707/728 612/706/728
f 626/695/729 621/694/729 627/707/729
f 621/694/730 611/747/730 627/707/730
f 624/692/731 625/748/731 614/712/731
f 624/692/732 622/691/732 625/748/732
f 622/691/733 609/749/733 625/748/733
f 621/689/734 623/704/734 611/703/734
f 621/689/735 622/688/735 623/704/735
f 622/688/736 610/690/736 623/704/736
usemtl hide
f 675/780/763 684/780/763 676/780/763
f 684/780/764 677/780/764 676/780/764
f 677/780/765 686/780/765 678/780/765
f 678/780/766 687/780/766 679/780/766
f 687/780/767 680/780/767 679/780/767
f 688/780/768 681/780/768 680/780/768
f 689/780/769 682/780/769 681/780/769
f 683/780/763 692/780/763 684/780/763
f 692/780/764 685/780/764 684/780/764
f 685/780/765 694/780/765 686/780/765
f 686/780/766 695/780/766 687/780/766
f 687/780/767 696/780/767 688/780/767
f 696/780/768 689/780/768 688/780/768
f 697/780/770 690/780/770 689/780/770
f 699/780/763 692/780/763 691/780/763
f 700/780/764 693/780/764 692/780/764
f 701/780/765 694/780/765 693/780/765
f 702/780/766 695/780/766 694/780/766
f 695/780/767 704/780/767 696/780/767
f 704/780/768 697/780/768 696/780/768
f 705/780/771 698/780/771 697/780/771
f 699/780/763 708/780/763 700/780/763
f 708/780/764 701/780/764 700/780/764
f 709/780/765 702/780/765 701/780/765
f 702/780/766 711/780/766 703/780/766
f 711/780/767 704/780/767 703/780/767
f 712/780/768 705/780/768 704/780/768
f 705/780/772 714/780/772 706/780/772
f 707/780/763 716/780/763 708/780/763
f 716/780/764 709/780/764 708/780/764
f 717/780/765 710/780/765 709/780/765
f 718/780/766 711/780/766 710/780/766
f 719/780/767 712/780/767 711/780/767
f 712/780/768 721/780/768 713/780/768
f 721/780/773 714/780/773 713/780/773
f 724/780/774 731/780/774 723/780/774
f 724/780/775 733/780/775 732/780/775
f 726/780/776 733/780/776 725/780/776
f 727/780/777 734/780/777 726/780/777
f 728/780/778 735/780/778 727/780/778
f 728/780/779 737/780/779 736/780/779
f 730/780/780 737/780/780 729/780/780
f 732/780/774 739/780/774 731/780/774
f 732/780/775 741/780/775 740/780/775
f 734/780/776 741/780/776 733/780/776
f 735/780/777 742/780/777 734/780/777
f 735/780/778 744/780/778 743/780/778
f 736/780/779 745/780/779 744/780/779
f 738/780/781 745/780/781 737/780/781
f 740/780/774 747/780/774 739/780/774
f 741/780/775 748/780/775 740/780/775
f 741/780/776 750/780/776 749/780/776
f 743/780/777 750/780/777 742/780/777
f 744/780/778 751/780/778 743/780/778
f 744/780/779 753/780/779 752/780/779
f 746/780/782 753/780/782 745/780/782
f 748/780/774 755/780/774 747/780/774
f 748/780/775 757/780/775 756/780/775
f 749/780/776 758/780/776 757/780/776
f 751/780/777 758/780/777 750/780/777
f 751/780/778 760/780/778 759/780/778
f 752/780/779 761/780/779 760/780/779
f 753/780/783 762/780/783 761/780/783
f 756/780/774 763/780/774 755/780/774
f 756/780/775 765/780/775 764/780/775
f 758/780/776 765/780/776 757/780/776
f 759/780/777 766/780/777 758/780/777
f 759/780/778 768/780/778 767/780/778
f 760/780/779 769/780/779 768/780/779
f 762/780/783 769/780/783 761/780/783
f 676/780/784 723/780/784 675/780/784
f 675/780/785 731/780/785 683/780/785
f 676/780/784 725/780/784 724/780/784
f 678/780/784 725/780/784 677/780/784
f 679/780/784 726/780/784 678/780/784
f 680/780/784 727/780/784 679/780/784
f 681/780/784 728/780/784 680/780/784
f 681/780/786 730/780/786 729/780/786
f 690/780/787 730/780/787 682/780/787
f 683/780/785 739/780/785 691/780/785
f 698/780/788 738/780/788 690/780/788
f 691/780/785 747/780/785 699/780/785
f 706/780/789 746/780/789 698/780/789
f 699/780/785 755/780/785 707/780/785
f 706/780/790 762/780/790 754/780/790
f 707/780/785 763/780/785 715/780/785
f 716/780/791 763/780/791 764/780/791
f 716/780/791 765/780/791 717/780/791
f 718/780/791 765/780/791 766/780/791
f 719/780/791 766/780/791 767/780/791
f 720/780/791 767/780/791 768/780/791
f 721/780/792 768/780/792 769/780/792
f 722/780/793 769/780/793 770/780/793
f 722/780/794 762/780/794 714/780/794
f 675/780/763 683/780/763 684/780/763
f 684/780/764 685/780/764 677/780/764
f 677/780/765 685/780/765 686/780/765
f 678/780/766 686/780/766 687/780/766
f 687/780/767 688/780/767 680/780/767
f 688/780/768 689/780/768 681/780/768
f 689/780/854 690/780/854 682/780/854
f 683/780/763 691/780/763 692/780/763
f 692/780/764 693/780/764 685/780/764
f 685/780/765 693/780/765 694/780/765
f 686/780/766 694/780/766 695/780/766
f 687/780/767 695/780/767 696/780/767
f 696/780/768 697/780/768 689/780/768
f 697/780/855 698/780/855 690/780/855
f 699/780/763 700/780/763 692/780/763
f 700/780/764 701/780/764 693/780/764
f 701/780/765 702/780/765 694/780/765
f 702/780/766 703/780/766 695/780/766
f 695/780/767 703/780/767 704/780/767
f 704/780/768 705/780/768 697/780/768
f 705/780/856 706/780/856 698/780/856
f 699/780/763 707/780/763 708/780/763
f 708/780/764 709/780/764 701/780/764
f 709/780/765 710/780/765 702/780/765
f 702/780/766 710/780/766 711/780/766
f 711/780/767 712/780/767 704/780/767
f 712/780/768 713/780/768 705/780/768
f 705/780/773 713/780/773 714/780/773
f 707/780/763 715/780/763 716/780/763
f 716/780/764 717/780/764 709/780/764
f 717/780/765 718/780/765 710/780/765
f 718/780/766 719/780/766 711/780/766
f 719/780/767 720/780/767 712/780/767
f 712/780/768 720/780/768 721/780/768
f 721/780/857 722/780/857 714/780/857
f 724/780/774 732/780/774 731/780/774
f 724/780/775 725/780/775 733/780/775
f 726/780/776 734/780/776 733/780/776
f 727/780/777 735/780/777 734/780/777
f 728/780/778 736/780/778 735/780/778
f 728/780/779 729/780/779 737/780/779
f 730/780/858 738/780/858 737/780/858
f 732/780/774 740/780/774 739/780/774
f 732/780/775 733/780/775 741/780/775
f 734/780/776 742/780/776 741/780/776
f 735/780/777 743/780/777 742/780/777
f 735/780/778 736/780/778 744/780/778
f 736/780/779 737/780/779 745/780/779
f 738/780/859 746/780/859 745/780/859
f 740/780/774 748/780/774 747/780/774
f 741/780/775 749/780/775 748/780/775
f 741/780/776 742/780/776 750/780/776
f 743/780/777 751/780/777 750/780/777
f 744/780/778 752/780/778 751/780/778
f 744/780/779 745/780/779 753/780/779
f 746/780/860 754/780/860 753/780/860
f 748/780/774 756/780/774 755/780/774
f 748/780/775 749/780/775 757/780/775
f 749/780/776 750/780/776 758/780/776
f 751/780/777 759/780/777 758/780/777
f 751/780/778 752/780/778 760/780/778
f 752/780/779 753/780/779 761/780/779
f 753/780/861 754/780/861 762/780/861
f 756/780/774 764/780/774 763/780/774
f 756/780/775 757/780/775 765/780/775
f 758/780/776 766/780/776 765/780/776
f 759/780/777 767/780/777 766/780/777
f 759/780/778 760/780/778 768/780/778
f 760/780/779 761/780/779 769/780/779
f 762/780/862 770/780/862 769/780/862
f 676/780/784 724/780/784 723/780/784
f 675/780/785 723/780/785 731/780/785
f 676/780/784 677/780/784 725/780/784
f 678/780/784 726/780/784 725/780/784
f 679/780/784 727/780/784 726/780/784
f 680/780/784 728/780/784 727/780/784
f 681/780/863 729/780/863 728/780/863
f 681/780/864 682/780/864 730/780/864
f 690/780/865 738/780/865 730/780/865
f 683/780/785 731/780/785 739/780/785
f 698/780/866 746/780/866 738/780/866
f 691/780/785 739/780/785 747/780/785
f 706/780/867 754/780/867 746/780/867
f 699/780/785 747/780/785 755/780/785
f 706/780/868 714/780/868 762/780/868
f 707/780/785 755/780/785 763/780/785
f 716/780/791 715/780/791 763/780/791
f 716/780/791 764/780/791 765/780/791
f 718/780/791 717/780/791 765/780/791
f 719/780/791 718/780/791 766/780/791
f 720/780/791 719/780/791 767/780/791
f 721/780/791 720/780/791 768/780/791
f 722/780/869 721/780/869 769/780/869
f 722/780/870 770/780/870 762/780/870
usemtl stone
f 771/687/795 772/690/795 773/703/795
f 772/690/796 771/749/796 776/712/796
f 771/693/797 773/747/797 774/706/797
f 771/696/798 774/706/798 775/709/798
f 771/699/799 775/709/799 776/712/799
f 772/690/800 776/712/800 781/732/800
f 773/703/801 772/690/801 777/720/801
f 774/706/802 773/747/802 778/741/802
f 775/709/803 774/706/803 779/726/803
f 776/712/804 775/709/804 780/729/804
f 772/690/805 781/732/805 777/720/805
f 773/703/806 777/720/806 778/723/806
f 774/706/807 778/741/807 779/726/807
f 775/709/808 779/726/808 780/729/808
f 776/712/809 780/729/809 781/732/809
f 777/720/810 781/732/810 782/745/810
f 778/723/811 777/720/811 782/743/811
f 779/726/812 778/741/812 782/740/812
f 780/729/813 779/726/813 782/738/813
f 781/732/814 780/729/814 782/736/814
f 783/687/815 784/690/815 785/703/815
f 784/690/816 783/749/816 788/712/816
f 783/693/817 785/747/817 786/706/817
f 783/696/818 786/706/818 787/709/818
f 783/699/819 787/709/819 788/712/819
f 784/690/820 788/712/820 793/732/820
f 785/703/821 784/690/821 789/720/821
f 786/706/822 785/747/822 790/741/822
f 787/709/823 786/706/823 791/726/823
f 788/712/824 787/709/824 792/729/824
f 784/690/825 793/732/825 789/720/825
f 785/703/826 789/720/826 790/723/826
f 786/706/827 790/741/827 791/726/827
f 787/709/828 791/726/828 792/729/828
f 788/712/829 792/729/829 793/732/829
f 789/720/830 793/732/830 794/745/830
f 790/723/831 789/720/831 794/743/831
f 791/726/832 790/741/832 794/740/832
f 792/729/833 791/726/833 794/738/833
f 793/732/834 792/729/834 794/736/834
