# Blender 4.5.10 LTS
# www.blender.org
mtllib stow_post_remodel2_c.mtl
o stow_post_remodel2_c
v 0.661476 -0.041188 -0.267115
v -0.658375 -0.020985 -0.265827
v 0.661857 -0.002835 -0.349765
v -0.658010 0.015834 -0.345170
v 0.662908 0.085690 -0.371309
v -0.657000 0.100818 -0.365853
v 0.663839 0.157727 -0.315525
v -0.656107 0.169973 -0.312300
v 0.663948 0.159029 -0.224418
v -0.656003 0.171224 -0.224838
v 0.663153 0.088617 -0.166595
v -0.656765 0.103628 -0.169327
v 0.662053 -0.000488 -0.185597
v -0.657821 0.018087 -0.187569
v 0.664511 0.158271 0.261518
v -0.655163 0.184568 0.275195
v 0.664439 0.118385 0.343440
v -0.655232 0.146278 0.353840
v 0.662591 0.029489 0.363342
v -0.657006 0.060938 0.372946
v 0.660359 -0.041477 0.306238
v -0.659149 -0.007190 0.318126
v 0.659422 -0.041074 0.215128
v -0.660048 -0.006803 0.230660
v 0.660488 0.030395 0.158620
v -0.659025 0.061807 0.176413
v 0.662752 0.119111 0.179266
v -0.656851 0.146975 0.196232
v 0.536479 0.262882 -0.370970
v 0.526197 0.272862 0.368904
v 0.617712 0.221658 -0.369060
v 0.604182 0.233286 0.370737
v 0.636111 0.132441 -0.367097
v 0.621844 0.147638 0.372621
v 0.577820 0.062413 -0.366558
v 0.565885 0.080411 0.373139
v 0.486733 0.064307 -0.367849
v 0.478441 0.082230 0.371899
v 0.431441 0.136697 -0.369999
v 0.425361 0.151724 0.369836
v 0.453580 0.225071 -0.371387
v 0.446615 0.236563 0.368503
v -0.541429 0.266990 -0.368638
v -0.524127 0.267228 0.371172
v -0.459384 0.227393 -0.370319
v -0.445365 0.229215 0.369557
v -0.439171 0.138548 -0.370259
v -0.425960 0.143924 0.369615
v -0.496011 0.067357 -0.368503
v -0.480526 0.075580 0.371302
v -0.587102 0.067428 -0.366372
v -0.567973 0.075648 0.373347
v -0.643850 0.138707 -0.365473
v -0.622452 0.144077 0.374210
v -0.623524 0.227521 -0.366481
v -0.602939 0.229338 0.373243
v 0.662830 0.167626 -0.285726
v -0.656688 0.141999 -0.260566
v 0.660369 0.207451 -0.367641
v -0.659051 0.180231 -0.339204
v 0.657980 0.296333 -0.387547
v -0.661344 0.265558 -0.358315
v 0.657463 0.367343 -0.330456
v -0.661841 0.333727 -0.303507
v 0.659206 0.367008 -0.239358
v -0.660167 0.333406 -0.216052
v 0.661898 0.295581 -0.182852
v -0.657583 0.264836 -0.161806
v 0.663511 0.206848 -0.203487
v -0.656035 0.179652 -0.181617
v 0.662951 0.349774 0.252228
v -0.656553 0.372918 0.280346
v 0.663938 0.312328 0.335287
v -0.655605 0.336970 0.360083
v 0.662588 0.224055 0.357826
v -0.656902 0.252228 0.381721
v 0.659916 0.151425 0.302872
v -0.659467 0.182504 0.328965
v 0.657935 0.149132 0.211807
v -0.661368 0.180302 0.241542
v 0.658137 0.218901 0.153205
v -0.661175 0.247280 0.185284
v 0.660369 0.308195 0.171193
v -0.659032 0.333003 0.202553
v 0.520824 0.249900 -0.371911
v 0.533052 0.258491 0.367950
v 0.438810 0.289580 -0.370792
v 0.454318 0.296584 0.369024
v 0.418688 0.378445 -0.370987
v 0.435001 0.381894 0.368837
v 0.475610 0.449579 -0.372350
v 0.489646 0.450183 0.367529
v 0.566713 0.449417 -0.373853
v 0.577105 0.450027 0.366085
v 0.623394 0.378080 -0.374366
v 0.631519 0.381543 0.365593
v 0.602972 0.289286 -0.373502
v 0.611914 0.296302 0.366423
v -0.538061 0.241269 -0.365427
v -0.522065 0.263420 0.374081
v -0.619943 0.281226 -0.364628
v -0.600673 0.301779 0.374848
v -0.639788 0.370138 -0.366357
v -0.619724 0.387134 0.373187
v -0.582651 0.441051 -0.369313
v -0.564872 0.455211 0.370350
v -0.491558 0.440567 -0.371269
v -0.477423 0.454746 0.368472
v -0.435103 0.369050 -0.370752
v -0.423226 0.386090 0.368968
v -0.455799 0.280354 -0.368152
v -0.443094 0.300941 0.371464
v 0.660674 0.334267 -0.263247
v -0.658933 0.364339 -0.275599
v 0.662242 0.375166 -0.344652
v -0.657427 0.403602 -0.353748
v 0.664166 0.464308 -0.363414
v -0.655580 0.489179 -0.371760
v 0.664998 0.534567 -0.305405
v -0.654782 0.556627 -0.316071
v 0.664110 0.533036 -0.214307
v -0.655634 0.555158 -0.228617
v 0.662172 0.460869 -0.158718
v -0.657495 0.485877 -0.175251
v 0.660642 0.372408 -0.180499
v -0.658963 0.400954 -0.196161
v 0.659643 0.551446 0.267095
v 0.189730 0.549988 0.277417
v 0.661121 0.511109 0.348783
v 0.191134 0.511668 0.355020
v 0.660831 0.422086 0.368196
v 0.190858 0.427096 0.373463
v 0.658992 0.351413 0.310716
v 0.189111 0.359957 0.318857
v 0.656989 0.352307 0.219627
v 0.187208 0.360806 0.232322
v 0.656329 0.424096 0.163520
v 0.186581 0.429006 0.179021
v 0.657511 0.512721 0.184646
v 0.187704 0.513199 0.199090
v -0.187082 0.547974 0.266111
v -0.657013 0.554295 0.273364
v -0.185952 0.511020 0.344379
v -0.655823 0.515397 0.355751
v -0.185835 0.426782 0.364292
v -0.655700 0.426726 0.376712
v -0.186820 0.358693 0.310856
v -0.656737 0.355052 0.320463
v -0.188164 0.358024 0.224309
v -0.658152 0.354348 0.229362
v -0.188857 0.425280 0.169823
v -0.658881 0.425144 0.172008
v -0.188375 0.509816 0.188427
v -0.658374 0.514129 0.191591
v 0.532043 0.446926 -0.372288
v 0.534580 0.439541 0.367682
v 0.449744 0.486016 -0.371392
v 0.455572 0.477068 0.368543
v 0.429000 0.574727 -0.369931
v 0.435658 0.562231 0.369945
v 0.485433 0.646257 -0.369006
v 0.489834 0.630900 0.370833
v 0.576547 0.646743 -0.369314
v 0.577303 0.631366 0.370538
v 0.633731 0.575819 -0.370622
v 0.632200 0.563279 0.369282
v 0.613925 0.486892 -0.371946
v 0.613186 0.477909 0.368011
v -0.517951 0.659946 -0.365811
v -0.536466 0.640890 0.373724
v -0.436094 0.619946 -0.364568
v -0.457884 0.602490 0.374918
v -0.416294 0.531017 -0.365859
v -0.438876 0.517119 0.373678
v -0.473461 0.460124 -0.368712
v -0.493756 0.449061 0.370939
v -0.564547 0.460651 -0.370979
v -0.581199 0.449567 0.368763
v -0.620963 0.532201 -0.370952
v -0.635357 0.518255 0.368788
v -0.600225 0.620895 -0.368652
v -0.615449 0.603401 0.370996
v 0.659767 0.746862 -0.259627
v -0.659894 0.734427 -0.287148
v 0.658263 0.709383 -0.176590
v -0.661338 0.698447 -0.207433
v 0.658343 0.621085 -0.154106
v -0.661261 0.613681 -0.185847
v 0.659948 0.548459 -0.209104
v -0.659721 0.543960 -0.238646
v 0.661868 0.546193 -0.300171
v -0.657877 0.541784 -0.326071
v 0.662658 0.615993 -0.358732
v -0.657119 0.608793 -0.382288
v 0.661723 0.705300 -0.340688
v -0.658016 0.694527 -0.364966
v 0.656715 0.747918 0.282713
v -0.662927 0.736918 0.253703
v 0.655084 0.709986 0.365542
v -0.664492 0.700503 0.333218
v 0.655055 0.621566 0.387542
v -0.664521 0.615620 0.354338
v 0.656649 0.549241 0.332147
v -0.662990 0.546188 0.301159
v 0.658666 0.547472 0.241071
v -0.661054 0.544490 0.213726
v 0.659587 0.617592 0.182896
v -0.660170 0.611805 0.157878
v 0.658719 0.706799 0.201428
v -0.661003 0.697444 0.175669
v 0.533024 0.830726 -0.373905
v 0.522551 0.845226 0.365891
v 0.614983 0.790976 -0.371741
v 0.601231 0.807065 0.367968
v 0.634975 0.702116 -0.369212
v 0.620424 0.721760 0.370396
v 0.577946 0.631061 -0.368223
v 0.565676 0.653548 0.371346
v 0.486840 0.631317 -0.369518
v 0.478215 0.653793 0.370103
v 0.430262 0.702690 -0.372122
v 0.423899 0.722311 0.367603
v 0.450816 0.791436 -0.374075
v 0.443631 0.807507 0.365728
v -0.531807 0.625765 -0.367912
v -0.535446 0.634612 0.372038
v -0.612918 0.667269 -0.368582
v -0.613313 0.674456 0.371394
v -0.631038 0.756563 -0.369235
v -0.630708 0.760178 0.370768
v -0.572522 0.826405 -0.369378
v -0.574533 0.827226 0.370631
v -0.481434 0.824204 -0.368903
v -0.487089 0.825113 0.371086
v -0.426365 0.751617 -0.368169
v -0.434223 0.755430 0.371791
v -0.448783 0.663303 -0.367728
v -0.455744 0.670648 0.372215
v 0.663059 0.925839 -0.259716
v -0.656736 0.938168 -0.279870
v 0.661313 0.887444 -0.177104
v -0.658412 0.901309 -0.200562
v 0.659875 0.798907 -0.155626
v -0.659792 0.816314 -0.179943
v 0.659829 0.726900 -0.211455
v -0.659837 0.747187 -0.233539
v 0.661208 0.725644 -0.302551
v -0.658513 0.745981 -0.320992
v 0.662975 0.796085 -0.360317
v -0.656817 0.813605 -0.376447
v 0.663799 0.885180 -0.341254
v -0.656026 0.899136 -0.358146
v 0.660175 0.743172 0.263679
v -0.659488 0.714457 0.272856
v 0.658634 0.781846 0.181192
v -0.660967 0.751584 0.193669
v 0.656276 0.870436 0.160019
v -0.663231 0.836630 0.173343
v 0.654877 0.942232 0.216103
v -0.664573 0.905554 0.227184
v 0.655490 0.943170 0.307212
v -0.663985 0.906455 0.314648
v 0.657654 0.872544 0.364739
v -0.661908 0.838654 0.369874
v 0.659739 0.783536 0.345365
v -0.659906 0.753207 0.351275
v 0.536972 1.030834 -0.367972
v 0.528094 1.022175 0.371936
v 0.618910 0.990988 -0.367230
v 0.606754 0.983923 0.372648
v 0.638851 0.902082 -0.367527
v 0.625898 0.898573 0.372363
v 0.581779 0.831064 -0.368639
v 0.571109 0.830396 0.371296
v 0.490670 0.831411 -0.369728
v 0.483645 0.830729 0.370250
v 0.434132 0.902864 -0.369975
v 0.429368 0.899323 0.370014
v 0.454738 0.991615 -0.369193
v 0.449150 0.984525 0.370764
v -0.530240 0.817152 -0.367616
v -0.527665 0.832780 0.372226
v -0.611582 0.858206 -0.367976
v -0.605753 0.872192 0.371881
v -0.630200 0.947389 -0.369291
v -0.623626 0.957808 0.370619
v -0.572074 1.017545 -0.370571
v -0.567825 1.025158 0.369390
v -0.480975 1.015844 -0.370852
v -0.480370 1.023525 0.369120
v -0.425501 0.943568 -0.369923
v -0.427116 0.954140 0.370012
v -0.447426 0.855141 -0.368483
v -0.448164 0.869250 0.371394
v 0.658999 1.136394 -0.274701
v -0.660727 1.109897 -0.268376
v 0.660054 1.097191 -0.192457
v -0.659713 1.072263 -0.189421
v 0.661652 1.008454 -0.171838
v -0.658180 0.987075 -0.169627
v 0.662589 0.937002 -0.228370
v -0.657280 0.918482 -0.223898
v 0.662160 0.936641 -0.319484
v -0.657693 0.918135 -0.311367
v 0.660687 1.007643 -0.376569
v -0.659106 0.986297 -0.366168
v 0.659281 1.096541 -0.356639
v -0.660456 1.071639 -0.347036
v 0.660967 0.911587 0.266600
v -0.658970 0.925074 0.268300
v 0.661141 0.951245 0.184568
v -0.658803 0.963145 0.189549
v 0.661740 1.040104 0.164428
v -0.658227 1.048451 0.170215
v 0.662314 1.111253 0.221345
v -0.657677 1.116753 0.224856
v 0.662430 1.111114 0.312461
v -0.657565 1.116620 0.312327
v 0.662001 1.039791 0.369162
v -0.657977 1.048150 0.366760
v 0.661350 0.950994 0.348752
v -0.658602 0.962905 0.347166
v 0.525604 1.217061 -0.369636
v 0.534253 1.218638 0.370324
v 0.606795 1.175711 -0.370272
v 0.612196 1.178943 0.369713
v 0.625094 1.086453 -0.369791
v 0.629764 1.093255 0.370174
v 0.566724 1.016500 -0.368556
v 0.573728 1.026101 0.371361
v 0.475637 1.018528 -0.367495
v 0.486285 1.028047 0.372379
v 0.420424 1.091010 -0.367409
v 0.433280 1.097630 0.372462
v 0.442662 1.179365 -0.368361
v 0.454628 1.182451 0.371547
v -0.524732 1.002361 -0.367086
v -0.525983 1.022463 0.372652
v -0.607606 1.040218 -0.368031
v -0.605542 1.058806 0.371745
v -0.629669 1.128601 -0.369965
v -0.626723 1.143654 0.369888
v -0.574309 1.200955 -0.371433
v -0.573576 1.213113 0.368478
v -0.483212 1.202796 -0.371329
v -0.486123 1.214881 0.368578
v -0.424976 1.132739 -0.369732
v -0.430217 1.147625 0.370112
v -0.443455 1.043536 -0.367843
v -0.447957 1.061991 0.371925
v 0.679238 1.224862 -0.404270
v 0.679142 1.243899 -0.423631
v 0.698596 1.243898 -0.404689
v 0.679489 1.285496 -0.423985
v 0.679907 1.304856 -0.404951
v 0.698944 1.285495 -0.405043
v 0.682329 1.226800 -0.173366
v 0.701687 1.245836 -0.173785
v 0.682747 1.246160 -0.154331
v 0.682997 1.306795 -0.174046
v 0.683094 1.287757 -0.154685
v 0.702035 1.287433 -0.174139
v -0.688638 1.236442 -0.386057
v -0.707676 1.255804 -0.385965
v -0.688735 1.255480 -0.405418
v -0.687970 1.316437 -0.386738
v -0.688387 1.297077 -0.405772
v -0.707328 1.297401 -0.386319
v -0.685547 1.238381 -0.155153
v -0.685130 1.257741 -0.136118
v -0.704585 1.257742 -0.155060
v -0.684879 1.318376 -0.155833
v -0.704237 1.299339 -0.155414
v -0.684783 1.299338 -0.136472
v 0.700042 1.238004 -0.098443
v 0.700166 1.257162 -0.117685
v 0.719065 1.257378 -0.098189
v 0.699789 1.298760 -0.117781
v 0.699317 1.318001 -0.098628
v 0.718688 1.298976 -0.098286
v 0.696459 1.238506 0.132463
v 0.715482 1.257880 0.132716
v 0.695988 1.257747 0.151616
v 0.695735 1.318503 0.132277
v 0.695611 1.299345 0.151520
v 0.715105 1.299478 0.132619
v -0.685284 1.225403 -0.119909
v -0.704655 1.244427 -0.120251
v -0.685161 1.244560 -0.139151
v -0.686009 1.305399 -0.120094
v -0.685537 1.286158 -0.139248
v -0.705032 1.286026 -0.120348
v -0.688867 1.225905 0.110996
v -0.689339 1.245146 0.130149
v -0.708238 1.244929 0.110654
v -0.689592 1.305901 0.110811
v -0.708615 1.286527 0.110557
v -0.689716 1.286744 0.130053
v 0.691514 1.228184 0.155796
v 0.691883 1.247347 0.136562
v 0.710979 1.247116 0.155865
v 0.692460 1.288943 0.136489
v 0.692624 1.308176 0.155655
v 0.711555 1.288712 0.155792
v 0.690285 1.228608 0.386726
v 0.709750 1.247539 0.386795
v 0.690450 1.247841 0.405892
v 0.691395 1.308600 0.386585
v 0.691026 1.289437 0.405818
v 0.710326 1.289135 0.386721
v -0.704260 1.247530 0.148333
v -0.723191 1.266994 0.148196
v -0.703891 1.266693 0.129099
v -0.703150 1.327522 0.148192
v -0.703314 1.308288 0.129026
v -0.722614 1.308590 0.148123
v -0.705489 1.247953 0.379262
v -0.705325 1.267186 0.398428
v -0.724420 1.267417 0.379126
v -0.704379 1.327945 0.379122
v -0.723843 1.309013 0.379053
v -0.704748 1.308782 0.398355
v 0.451629 1.439840 -0.340154
v 0.463758 1.437760 0.339734
v 0.506473 1.413748 -0.341213
v 0.518602 1.411668 0.338676
v 0.520269 1.354593 -0.341640
v 0.532397 1.352513 0.338249
v 0.482627 1.306921 -0.341114
v 0.494756 1.304840 0.338775
v 0.421894 1.306629 -0.340031
v 0.434022 1.304549 0.339857
v 0.383802 1.353938 -0.339207
v 0.395930 1.351858 0.340681
v 0.397035 1.413223 -0.339262
v 0.409164 1.411142 0.340627
v 0.630373 -0.102555 -0.319133
v 0.630268 -0.081184 -0.340959
v 0.651869 -0.080853 -0.319363
v 0.624049 1.218321 -0.354652
v 0.623947 1.240148 -0.333281
v 0.645650 1.218652 -0.333056
v 0.630376 -0.102062 -0.272335
v 0.651872 -0.080360 -0.272566
v 0.630274 -0.080236 -0.250964
v 0.623950 1.240641 -0.286483
v 0.624055 1.219270 -0.264657
v 0.645653 1.219145 -0.286258
v 0.583573 -0.102779 -0.319127
v 0.561870 -0.081284 -0.319352
v 0.583468 -0.081408 -0.340954
v 0.577147 1.239924 -0.333275
v 0.577249 1.218098 -0.354646
v 0.555651 1.218222 -0.333045
v 0.583576 -0.102286 -0.272330
v 0.583475 -0.080460 -0.250959
v 0.561873 -0.080791 -0.272555
v 0.577150 1.240417 -0.286478
v 0.555654 1.218715 -0.286248
v 0.577255 1.219046 -0.264651
v 0.652630 0.280085 -0.354764
v 0.652615 0.288181 -0.362987
v 0.660840 0.288194 -0.354893
v 0.652724 0.305860 -0.363126
v 0.652839 0.314084 -0.355031
v 0.660949 0.305873 -0.355032
v 0.653458 0.280895 -0.251090
v 0.661667 0.289004 -0.251219
v 0.653573 0.289118 -0.242995
v 0.653666 0.314893 -0.251357
v 0.653682 0.306797 -0.243134
v 0.661776 0.306683 -0.251358
v 0.549242 0.280727 -0.353944
v 0.541132 0.288937 -0.353943
v 0.549227 0.288823 -0.362167
v 0.549451 0.314725 -0.354211
v 0.549335 0.306502 -0.362306
v 0.541241 0.306616 -0.354082
v 0.550069 0.281536 -0.250270
v 0.550184 0.289759 -0.242175
v 0.541960 0.289746 -0.250270
v 0.550278 0.315534 -0.250537
v 0.542068 0.307426 -0.250409
v 0.550293 0.307439 -0.242314
v 0.660497 0.776672 -0.348109
v 0.660501 0.784832 -0.356269
v 0.668660 0.784829 -0.348109
v 0.660509 0.802512 -0.356270
v 0.660512 0.810672 -0.348111
v 0.668668 0.802509 -0.348110
v 0.660489 0.776678 -0.244429
v 0.668653 0.784834 -0.244429
v 0.660492 0.784838 -0.236269
v 0.660504 0.810678 -0.244431
v 0.660500 0.802518 -0.236270
v 0.668661 0.802514 -0.244430
v 0.555102 0.776719 -0.348116
v 0.546945 0.784883 -0.348117
v 0.555106 0.784879 -0.356277
v 0.555117 0.810719 -0.348118
v 0.555114 0.802559 -0.356278
v 0.546953 0.802563 -0.348118
v 0.555094 0.776725 -0.244436
v 0.555097 0.784885 -0.236277
v 0.546938 0.784888 -0.244437
v 0.555109 0.810724 -0.244438
v 0.546946 0.802568 -0.244438
v 0.555105 0.802565 -0.236278
v 0.630863 -0.098001 0.266287
v 0.630713 -0.076138 0.244953
v 0.652229 -0.076172 0.266638
v 0.616708 1.221699 0.260845
v 0.616391 1.243031 0.282707
v 0.638223 1.221666 0.282529
v 0.630682 -0.098576 0.313083
v 0.652048 -0.076747 0.313434
v 0.630366 -0.077244 0.334946
v 0.616211 1.242456 0.329503
v 0.616361 1.220594 0.350837
v 0.638042 1.221091 0.329325
v 0.584066 -0.098504 0.266100
v 0.562235 -0.077138 0.266279
v 0.583916 -0.076641 0.244767
v 0.569594 1.242528 0.282521
v 0.569911 1.221197 0.260658
v 0.548229 1.220699 0.282170
v 0.583886 -0.099078 0.312897
v 0.583569 -0.077747 0.334759
v 0.562054 -0.077713 0.313075
v 0.569414 1.241953 0.329317
v 0.548048 1.220124 0.328966
v 0.569564 1.220091 0.350650
v 0.657178 0.277016 0.254059
v 0.657144 0.285138 0.245861
v 0.665338 0.285176 0.253986
v 0.657142 0.302817 0.245778
v 0.657176 0.311016 0.253899
v 0.665336 0.302856 0.253903
v 0.657612 0.277503 0.357737
v 0.665772 0.285663 0.357664
v 0.657646 0.285701 0.365858
v 0.657610 0.311502 0.357577
v 0.657644 0.303381 0.365775
v 0.665770 0.303343 0.357581
v 0.553425 0.277010 0.254493
v 0.545265 0.285169 0.254489
v 0.553391 0.285131 0.246295
v 0.553423 0.311009 0.254333
v 0.553389 0.302811 0.246212
v 0.545263 0.302849 0.254406
v 0.553859 0.277497 0.358171
v 0.553893 0.285695 0.366292
v 0.545699 0.285656 0.358167
v 0.553856 0.311496 0.358011
v 0.545697 0.303336 0.358084
v 0.553891 0.303375 0.366209
v 0.652856 0.783161 0.246106
v 0.652825 0.791373 0.237998
v 0.661012 0.791325 0.246131
v 0.652816 0.809053 0.238111
v 0.652840 0.817161 0.246322
v 0.661004 0.809005 0.246243
v 0.653201 0.782502 0.349783
v 0.661357 0.790666 0.349808
v 0.653225 0.790610 0.357995
v 0.653185 0.816501 0.350000
v 0.653216 0.808290 0.358107
v 0.661349 0.808345 0.349920
v 0.548140 0.783109 0.246455
v 0.539976 0.791265 0.246534
v 0.548109 0.791321 0.238347
v 0.548124 0.817109 0.246671
v 0.548100 0.809001 0.238459
v 0.539968 0.808945 0.246646
v 0.548485 0.782450 0.350132
v 0.548509 0.790558 0.358344
v 0.540321 0.790606 0.350211
v 0.548469 0.816449 0.350348
v 0.540313 0.808285 0.350323
v 0.548500 0.808237 0.358456
v -0.462278 1.306477 -0.339702
v -0.454537 1.292640 0.340113
v -0.517640 1.331448 -0.338564
v -0.509899 1.317611 0.341251
v -0.532621 1.390300 -0.337195
v -0.524881 1.376463 0.342620
v -0.495941 1.438715 -0.336628
v -0.488200 1.424878 0.343188
v -0.435219 1.440236 -0.337288
v -0.427479 1.426399 0.342527
v -0.396182 1.393718 -0.338679
v -0.388442 1.379881 0.341136
v -0.408224 1.334190 -0.339754
v -0.400484 1.320352 0.340061
v -0.566673 -0.106822 -0.318665
v -0.566969 -0.085399 -0.340439
v -0.545272 -0.085027 -0.318940
v -0.578933 1.225286 -0.351043
v -0.579032 1.247060 -0.329618
v -0.557236 1.225658 -0.329543
v -0.566461 -0.106441 -0.271867
v -0.545059 -0.084646 -0.272142
v -0.566560 -0.084667 -0.250443
v -0.578820 1.247441 -0.282820
v -0.578524 1.226018 -0.261047
v -0.557024 1.226039 -0.282745
v -0.613471 -0.107247 -0.318449
v -0.635267 -0.085845 -0.318524
v -0.613766 -0.085824 -0.340223
v -0.625830 1.246635 -0.329402
v -0.625730 1.224861 -0.350827
v -0.647231 1.224840 -0.329128
v -0.613259 -0.106866 -0.271651
v -0.613358 -0.085092 -0.250227
v -0.635055 -0.085464 -0.271726
v -0.625617 1.247015 -0.282604
v -0.647019 1.225221 -0.282330
v -0.625322 1.225593 -0.260831
v -0.541090 0.279073 -0.354552
v -0.541037 0.287208 -0.362737
v -0.532931 0.287234 -0.354524
v -0.541037 0.304888 -0.362792
v -0.541091 0.313073 -0.354658
v -0.532931 0.304914 -0.354579
v -0.541773 0.279397 -0.250875
v -0.533614 0.287557 -0.250846
v -0.541827 0.287582 -0.242740
v -0.541774 0.313396 -0.250981
v -0.541828 0.305262 -0.242795
v -0.533614 0.305237 -0.250901
v -0.646219 0.279068 -0.355244
v -0.654379 0.287228 -0.355323
v -0.646166 0.287203 -0.363429
v -0.646220 0.313068 -0.355350
v -0.646166 0.304882 -0.363485
v -0.654380 0.304907 -0.355379
v -0.646902 0.279391 -0.251567
v -0.646956 0.287576 -0.243433
v -0.655062 0.287551 -0.251646
v -0.646903 0.313391 -0.251673
v -0.655063 0.305230 -0.251701
v -0.646957 0.305256 -0.243488
v -0.553703 0.784922 -0.349580
v -0.553745 0.793116 -0.357706
v -0.545547 0.793087 -0.349584
v -0.553754 0.810796 -0.357632
v -0.553721 0.818922 -0.349438
v -0.545556 0.810767 -0.349510
v -0.553219 0.784489 -0.245902
v -0.545064 0.792654 -0.245906
v -0.553185 0.792615 -0.237708
v -0.553237 0.818489 -0.245760
v -0.553195 0.810295 -0.237634
v -0.545073 0.810334 -0.245832
v -0.656717 0.784867 -0.349099
v -0.664881 0.793023 -0.349027
v -0.656759 0.793061 -0.357225
v -0.656735 0.818867 -0.348957
v -0.656769 0.810741 -0.357151
v -0.664890 0.810703 -0.348953
v -0.656233 0.784434 -0.245422
v -0.656200 0.792560 -0.237228
v -0.664398 0.792590 -0.245349
v -0.656251 0.818434 -0.245279
v -0.664407 0.810270 -0.245275
v -0.656209 0.810240 -0.237154
v -0.575949 -0.099853 0.274062
v -0.575482 -0.078194 0.252525
v -0.554237 -0.078369 0.274474
v -0.568604 1.212596 0.256137
v -0.568841 1.234137 0.277794
v -0.547359 1.212421 0.278086
v -0.576713 -0.099980 0.320855
v -0.555001 -0.078496 0.321268
v -0.576951 -0.078438 0.342513
v -0.569605 1.234010 0.324588
v -0.570072 1.212352 0.346124
v -0.548123 1.212294 0.324879
v -0.622742 -0.099601 0.273299
v -0.644224 -0.077886 0.273007
v -0.622275 -0.077943 0.251762
v -0.615634 1.234388 0.277031
v -0.615397 1.212847 0.255373
v -0.637346 1.212905 0.276618
v -0.623506 -0.099728 0.320092
v -0.623744 -0.078187 0.341750
v -0.644988 -0.078012 0.319801
v -0.616398 1.234262 0.323824
v -0.638110 1.212778 0.323412
v -0.616865 1.212603 0.345361
v -0.551295 0.282810 0.255024
v -0.551288 0.290975 0.246870
v -0.543078 0.290912 0.254979
v -0.551162 0.308655 0.246882
v -0.551054 0.316809 0.255047
v -0.542952 0.308591 0.254991
v -0.550658 0.282735 0.358702
v -0.542440 0.290837 0.358657
v -0.550550 0.290889 0.366867
v -0.550416 0.316734 0.358725
v -0.550424 0.308568 0.366879
v -0.542315 0.308516 0.358669
v -0.653723 0.283536 0.255654
v -0.661825 0.291753 0.255710
v -0.653716 0.291701 0.247500
v -0.653482 0.317535 0.255677
v -0.653591 0.309381 0.247512
v -0.661700 0.309433 0.255722
v -0.653086 0.283461 0.359332
v -0.652978 0.291615 0.367498
v -0.661188 0.291678 0.359388
v -0.652845 0.317460 0.359355
v -0.661062 0.309358 0.359400
v -0.652852 0.309294 0.367510
v -0.542430 0.779131 0.253956
v -0.542397 0.787264 0.245770
v -0.534266 0.787287 0.253959
v -0.542388 0.804944 0.245713
v -0.542413 0.813130 0.253846
v -0.534257 0.804966 0.253902
v -0.542799 0.779466 0.357635
v -0.534635 0.787622 0.357638
v -0.542824 0.787653 0.365769
v -0.542782 0.813466 0.357525
v -0.542816 0.805333 0.365711
v -0.534627 0.805302 0.357580
v -0.647713 0.779182 0.253581
v -0.655869 0.787346 0.253526
v -0.647680 0.787316 0.245395
v -0.647696 0.813182 0.253471
v -0.647671 0.804996 0.245338
v -0.655860 0.805026 0.253468
v -0.648082 0.779518 0.357260
v -0.648107 0.787705 0.365394
v -0.656238 0.787682 0.357205
v -0.648065 0.813518 0.357150
v -0.656229 0.805362 0.357147
v -0.648098 0.805385 0.365336
v 0.000923 0.344769 0.087552
v -0.063603 0.408275 0.044570
v 0.025662 0.407218 0.013173
v 0.083020 0.402247 0.088276
v 0.029203 0.400232 0.166089
v -0.061414 0.403958 0.139076
v -0.021384 0.505005 0.018729
v 0.069233 0.501279 0.045742
v 0.071422 0.496961 0.140249
v -0.017843 0.498019 0.171646
v -0.075201 0.502990 0.096542
v 0.006896 0.560468 0.097267
v 0.014940 0.362540 0.042980
v -0.037528 0.363162 0.061435
v -0.022987 0.399868 0.017716
v -0.074169 0.397953 0.091720
v -0.036242 0.360624 0.116984
v 0.048654 0.359619 0.087125
v 0.063196 0.396325 0.043406
v 0.017021 0.358434 0.132862
v 0.065277 0.392219 0.133288
v -0.019619 0.393225 0.163147
v -0.082273 0.456162 0.066719
v -0.080987 0.453624 0.122269
v 0.001828 0.456724 0.002527
v -0.050641 0.457346 0.020981
v 0.088806 0.451612 0.062550
v 0.055092 0.454534 0.018405
v 0.058460 0.447891 0.163837
v 0.090092 0.449075 0.118099
v -0.047273 0.450703 0.166414
v 0.005991 0.448513 0.182291
v -0.057458 0.513018 0.051531
v 0.027439 0.512012 0.021671
v 0.081988 0.507284 0.093098
v 0.030806 0.505368 0.167103
v -0.055376 0.508912 0.141412
v -0.009202 0.546803 0.051957
v -0.040835 0.545618 0.097694
v 0.044061 0.544612 0.067834
v 0.045347 0.542075 0.123384
v -0.007121 0.542697 0.141838
v 0.007311 1.174676 0.406207
v 0.012394 1.174782 0.401292
v 0.017309 1.174755 0.406375
v 0.012227 1.174649 0.411290
v 0.015084 1.191154 0.406556
v 0.018316 1.187337 0.401558
v 0.021381 1.183386 0.406558
v 0.018149 1.187204 0.411556
v 0.032814 1.195349 0.406909
v 0.031825 1.190533 0.401827
v 0.030668 1.185583 0.406743
v 0.031658 1.190399 0.411825
v 0.047151 1.184100 0.406998
v 0.042748 1.181962 0.401895
v 0.038178 1.179691 0.406790
v 0.042581 1.181829 0.411893
v 0.047298 1.165879 0.406758
v 0.042860 1.168079 0.401712
v 0.038255 1.170147 0.406664
v 0.042693 1.167946 0.411710
v 0.033145 1.154407 0.406368
v 0.032077 1.159339 0.401415
v 0.030841 1.164137 0.406459
v 0.031910 1.159205 0.411413
v 0.015349 1.158322 0.406123
v 0.018518 1.162321 0.401228
v 0.021520 1.166188 0.406331
v 0.018351 1.162188 0.411226
v -0.061485 1.175204 0.402544
v -0.056508 1.175084 0.397523
v -0.051486 1.175132 0.402501
v -0.056463 1.175253 0.407522
v -0.053462 1.191563 0.402232
v -0.050395 1.187548 0.397286
v -0.047283 1.183701 0.402337
v -0.050350 1.187716 0.407284
v -0.035668 1.195490 0.402086
v -0.036837 1.190540 0.397174
v -0.037962 1.185758 0.402261
v -0.036792 1.190708 0.407173
v -0.021502 1.184027 0.402216
v -0.026044 1.181806 0.397273
v -0.030542 1.179754 0.402329
v -0.025999 1.181975 0.407271
v -0.021631 1.165807 0.402524
v -0.026143 1.167925 0.397508
v -0.030610 1.170210 0.402490
v -0.026098 1.168093 0.407506
v -0.035959 1.154550 0.402778
v -0.037059 1.159347 0.397701
v -0.038115 1.164313 0.402623
v -0.037014 1.159516 0.407700
v -0.053696 1.158732 0.402787
v -0.050573 1.162534 0.397708
v -0.047405 1.166504 0.402628
v -0.050528 1.162702 0.407707
v 0.057246 1.008117 0.402829
v 0.057282 1.011451 0.399443
v 0.060619 1.011464 0.402825
v 0.057845 1.154725 0.398330
v 0.057836 1.158111 0.401663
v 0.061183 1.154738 0.401712
v 0.057198 1.008173 0.410108
v 0.060571 1.011520 0.410104
v 0.057189 1.011560 0.413442
v 0.057788 1.158168 0.408943
v 0.057753 1.154834 0.412329
v 0.061135 1.154795 0.408991
v -0.064636 1.008590 0.402022
v -0.067983 1.011963 0.401974
v -0.064601 1.011923 0.398636
v -0.064047 1.158584 0.400857
v -0.064038 1.155198 0.397523
v -0.067420 1.155237 0.400861
v -0.064684 1.008646 0.409302
v -0.064693 1.012033 0.412636
v -0.068031 1.012019 0.409254
v -0.064095 1.158641 0.408137
v -0.067468 1.155294 0.408141
v -0.064130 1.155307 0.411523
v 0.020456 1.070432 0.396506
v 0.020466 1.074266 0.392660
v 0.024304 1.074263 0.396503
v 0.020571 1.121586 0.392590
v 0.020577 1.125432 0.396425
v 0.024408 1.121583 0.396433
v 0.020450 1.070444 0.404826
v 0.024299 1.074275 0.404823
v 0.020456 1.074290 0.408660
v 0.020571 1.125444 0.404745
v 0.020561 1.121609 0.408590
v 0.024403 1.121595 0.404753
v -0.026647 1.070535 0.396476
v -0.030478 1.074384 0.396468
v -0.026636 1.074370 0.392631
v -0.026526 1.125535 0.396395
v -0.026532 1.121689 0.392561
v -0.030374 1.121704 0.396399
v -0.026652 1.070548 0.404796
v -0.026646 1.074393 0.408631
v -0.030483 1.074396 0.404788
v -0.026531 1.125548 0.404715
v -0.030379 1.121716 0.404719
v -0.026542 1.121713 0.408561
v 0.324523 1.316527 -0.193598
v 0.324512 1.318136 -0.189856
v 0.321637 1.319199 -0.192539
v 0.323815 1.644797 -0.059739
v 0.323815 1.648538 -0.061349
v 0.320940 1.645859 -0.062422
v 0.324535 1.318836 -0.199395
v 0.321649 1.321508 -0.198336
v 0.324535 1.322577 -0.201004
v 0.323827 1.650847 -0.067146
v 0.323838 1.649237 -0.070887
v 0.320953 1.648168 -0.068219
v 0.478762 1.316700 -0.193207
v 0.481637 1.319379 -0.192134
v 0.478751 1.318310 -0.189466
v 0.478054 1.648711 -0.060958
v 0.478054 1.644970 -0.059349
v 0.480940 1.646039 -0.062017
v 0.478775 1.319009 -0.199004
v 0.478774 1.322750 -0.200614
v 0.481649 1.321688 -0.197931
v 0.478066 1.651020 -0.066756
v 0.480952 1.648348 -0.067814
v 0.478078 1.649411 -0.070497
v 0.441141 1.318880 -0.136076
v 0.444463 1.320217 -0.138017
v 0.443678 1.321473 -0.134223
v 0.578832 1.641568 -0.216575
v 0.577678 1.645416 -0.215901
v 0.578047 1.642824 -0.212781
v 0.436292 1.321600 -0.133243
v 0.438829 1.324193 -0.131390
v 0.435138 1.325448 -0.132570
v 0.572829 1.648136 -0.213069
v 0.569507 1.646799 -0.211128
v 0.573197 1.645544 -0.209948
v 0.363340 1.318855 -0.269256
v 0.362971 1.321446 -0.272376
v 0.366662 1.320191 -0.271197
v 0.499876 1.645390 -0.349081
v 0.501031 1.641543 -0.349755
v 0.497340 1.642798 -0.350934
v 0.358491 1.321575 -0.266423
v 0.357336 1.325422 -0.265750
v 0.358122 1.324166 -0.269544
v 0.495027 1.648110 -0.346249
v 0.492491 1.645518 -0.348102
v 0.491705 1.646774 -0.344308
v 0.435927 1.316433 -0.268070
v 0.432519 1.317487 -0.270035
v 0.436117 1.318934 -0.271279
v 0.279158 1.623500 -0.357743
v 0.280067 1.627434 -0.357208
v 0.282757 1.624947 -0.358987
v 0.440603 1.319553 -0.265362
v 0.440794 1.322054 -0.268571
v 0.441512 1.323487 -0.264827
v 0.284743 1.630554 -0.354500
v 0.288151 1.629499 -0.352535
v 0.287433 1.628067 -0.356279
v 0.358804 1.316067 -0.134497
v 0.356114 1.318554 -0.132718
v 0.355395 1.317121 -0.136462
v 0.202943 1.627067 -0.223635
v 0.202035 1.623133 -0.224170
v 0.202753 1.624566 -0.220426
v 0.363480 1.319186 -0.131789
v 0.364388 1.323120 -0.131253
v 0.360790 1.321674 -0.130009
v 0.207620 1.630187 -0.220926
v 0.207429 1.627686 -0.217717
v 0.211028 1.629133 -0.218961
vn -0.0143 -0.9070 -0.4209
vn -0.0067 -0.2364 -0.9716
vn 0.0037 0.6122 -0.7907
vn 0.0092 0.9999 -0.0143
vn 0.0056 0.6346 0.7728
vn -0.9999 0.0121 0.0010
vn -0.0044 -0.2085 0.9780
vn -0.0133 -0.8946 0.4467
vn 0.9999 -0.0121 -0.0010
vn 0.0224 0.8989 0.4377
vn 0.0123 0.2182 0.9758
vn -0.0093 -0.6267 0.7792
vn -0.0260 -0.9997 -0.0042
vn -0.0253 -0.6198 -0.7844
vn -0.9997 0.0231 0.0104
vn -0.0077 0.2268 -0.9739
vn 0.0135 0.9027 -0.4301
vn 0.9997 -0.0231 -0.0104
vn 0.4526 0.8917 -0.0057
vn 0.9792 0.2023 0.0147
vn 0.7684 -0.6394 0.0280
vn -0.0211 -0.9995 0.0240
vn -0.7948 -0.6069 0.0058
vn -0.0138 0.0192 0.9997
vn -0.9700 0.2428 -0.0129
vn -0.4148 0.9097 -0.0180
vn 0.0138 -0.0192 -0.9997
vn 0.4345 0.9006 -0.0105
vn 0.9749 0.2218 -0.0190
vn 0.7813 -0.6240 -0.0094
vn -0.0005 -0.9999 0.0111
vn -0.7819 -0.6228 0.0271
vn 0.0234 0.0060 0.9997
vn -0.9744 0.2233 0.0266
vn -0.4331 0.9013 0.0098
vn -0.0234 -0.0060 -0.9997
vn 0.0091 -0.8992 -0.4374
vn -0.0165 -0.2189 -0.9756
vn -0.0319 0.6261 -0.7791
vn -0.0254 0.9997 0.0042
vn -0.0019 0.6204 0.7843
vn -0.9996 -0.0226 0.0190
vn 0.0208 -0.2261 0.9739
vn 0.0257 -0.9024 0.4302
vn 0.9996 0.0226 -0.0190
vn 0.0247 0.9115 0.4106
vn 0.0228 0.2470 0.9687
vn 0.0016 -0.6034 0.7974
vn -0.0230 -0.9994 0.0257
vn -0.0324 -0.6428 -0.7654
vn -0.9996 0.0207 0.0212
vn -0.0196 0.1979 -0.9800
vn 0.0059 0.8896 -0.4567
vn 0.9996 -0.0207 -0.0212
vn -0.4353 -0.9001 0.0176
vn -0.9751 -0.2207 0.0225
vn -0.7806 0.6249 0.0143
vn 0.0018 1.0000 -0.0008
vn 0.7829 0.6221 -0.0115
vn 0.0165 0.0059 0.9998
vn 0.9745 -0.2242 -0.0097
vn 0.4324 -0.9017 0.0033
vn -0.0165 -0.0059 -0.9998
vn -0.4380 -0.8983 0.0364
vn -0.9756 -0.2171 0.0315
vn -0.7785 0.6276 0.0067
vn 0.0049 0.9998 -0.0193
vn 0.7847 0.6193 -0.0269
vn 0.0216 0.0243 0.9995
vn 0.9737 -0.2275 -0.0104
vn 0.4296 -0.9029 0.0178
vn -0.0216 -0.0243 -0.9995
vn -0.0162 -0.8933 -0.4491
vn 0.0023 -0.2060 -0.9785
vn 0.0169 0.6365 -0.7711
vn 0.0166 0.9997 0.0170
vn 0.0016 0.6102 0.7922
vn -0.9998 0.0196 -0.0094
vn -0.0167 -0.2388 0.9709
vn -0.0246 -0.9079 0.4185
vn 0.9998 -0.0196 0.0094
vn 0.0069 0.8967 0.4426
vn 0.0132 0.2130 0.9770
vn 0.0020 -0.6310 0.7758
vn -0.0183 -0.9998 -0.0094
vn -0.0324 -0.6157 -0.7874
vn -0.9997 0.0081 0.0221
vn -0.0297 0.2321 -0.9722
vn -0.0121 0.9052 -0.4248
vn 0.9997 -0.0081 -0.0221
vn 0.0187 0.9042 0.4267
vn 0.0257 0.2300 0.9728
vn 0.0209 -0.6174 0.7864
vn 0.0079 -0.9999 0.0076
vn -0.0034 -0.6295 -0.7770
vn -0.9999 0.0023 0.0155
vn -0.0046 0.2150 -0.9766
vn 0.0053 0.8975 -0.4409
vn 0.9999 -0.0023 -0.0155
vn -0.4291 -0.9032 -0.0075
vn -0.9737 -0.2278 0.0049
vn -0.7851 0.6191 0.0175
vn -0.0053 0.9998 0.0208
vn 0.7785 0.6275 0.0122
vn 0.0035 -0.0157 0.9999
vn 0.9761 -0.2174 -0.0017
vn 0.4386 -0.8986 -0.0105
vn -0.0035 0.0157 -0.9999
vn 0.4384 0.8982 0.0341
vn 0.9756 0.2167 0.0339
vn 0.7781 -0.6280 0.0120
vn -0.0054 -0.9999 -0.0151
vn -0.7850 -0.6189 -0.0269
vn -0.0250 -0.0201 0.9995
vn -0.9736 0.2280 -0.0146
vn -0.4291 0.9032 0.0125
vn 0.0250 0.0201 -0.9995
vn -0.0172 0.9114 0.4111
vn -0.0247 0.2467 0.9688
vn -0.0158 -0.6039 0.7969
vn 0.0028 -0.9997 0.0249
vn 0.0172 -0.6427 -0.7659
vn -0.9998 -0.0062 -0.0209
vn 0.0164 0.1982 -0.9800
vn 0.0011 0.8899 -0.4562
vn 0.9998 0.0062 0.0209
vn -0.0167 0.9092 0.4160
vn -0.0255 0.2414 0.9701
vn -0.0172 -0.6082 0.7936
vn 0.0019 -0.9998 0.0195
vn 0.0174 -0.6386 -0.7694
vn -0.9997 -0.0052 -0.0220
vn 0.0177 0.2035 -0.9789
vn 0.0025 0.8923 -0.4513
vn 0.9997 0.0052 0.0220
vn 0.4366 0.8996 -0.0115
vn 0.9754 0.2198 0.0134
vn 0.7797 -0.6253 0.0319
vn -0.0032 -0.9995 0.0303
vn -0.7838 -0.6210 0.0097
vn -0.0141 0.0253 0.9996
vn -0.9742 0.2253 -0.0144
vn -0.4311 0.9020 -0.0238
vn 0.0141 -0.0253 -0.9996
vn -0.4556 -0.8902 0.0084
vn -0.9800 -0.1989 0.0014
vn -0.7665 0.6422 -0.0028
vn 0.0242 0.9997 -0.0010
vn 0.7966 0.6044 0.0053
vn -0.0051 0.0063 1.0000
vn 0.9692 -0.2460 0.0116
vn 0.4119 -0.9111 0.0129
vn 0.0051 -0.0063 -1.0000
vn 0.0020 0.9068 0.4215
vn -0.0148 0.2360 0.9717
vn -0.0226 -0.6126 0.7901
vn -0.0156 -0.9998 0.0135
vn 0.0010 -0.6341 -0.7732
vn -0.9998 0.0125 -0.0153
vn 0.0147 0.2091 -0.9778
vn 0.0152 0.8949 -0.4461
vn 0.9998 -0.0125 0.0153
vn 0.0167 -0.9052 -0.4247
vn -0.0039 -0.2325 -0.9726
vn -0.0237 0.6151 -0.7881
vn -0.0279 0.9996 -0.0101
vn -0.0132 0.6312 0.7755
vn -0.9997 -0.0249 0.0070
vn 0.0093 -0.2125 0.9771
vn 0.0226 -0.8962 0.4430
vn 0.9997 0.0249 -0.0070
vn 0.4372 0.8992 0.0158
vn 0.9756 0.2188 0.0181
vn 0.7794 -0.6265 0.0107
vn -0.0038 -1.0000 -0.0010
vn -0.7842 -0.6205 -0.0080
vn -0.0120 -0.0060 0.9999
vn -0.9741 0.2262 -0.0052
vn -0.4305 0.9026 0.0054
vn 0.0120 0.0060 -0.9999
vn -0.4506 -0.8925 0.0204
vn -0.9789 -0.2042 0.0116
vn -0.7701 0.6380 -0.0021
vn 0.0186 0.9998 -0.0104
vn 0.7933 0.6088 -0.0070
vn 0.0034 0.0154 0.9999
vn 0.9706 -0.2406 0.0056
vn 0.4170 -0.9087 0.0177
vn -0.0034 -0.0154 -0.9999
vn -0.0161 0.9025 0.4304
vn -0.0020 0.2263 0.9741
vn 0.0114 -0.6203 0.7842
vn 0.0140 -0.9999 0.0039
vn 0.0040 -0.6265 -0.7794
vn -0.9998 -0.0169 0.0048
vn -0.0112 0.2186 -0.9758
vn -0.0201 0.8991 -0.4374
vn 0.9998 0.0169 -0.0048
vn -0.0098 -0.9003 -0.4352
vn -0.0057 -0.2210 -0.9753
vn 0.0005 0.6247 -0.7809
vn 0.0042 1.0000 0.0015
vn 0.0025 0.6223 0.7828
vn -1.0000 0.0070 0.0013
vn -0.0032 -0.2240 0.9746
vn -0.0087 -0.9016 0.4325
vn 1.0000 -0.0070 -0.0013
vn 0.4538 0.8911 -0.0072
vn 0.9796 0.2008 -0.0080
vn 0.7678 -0.6407 0.0010
vn -0.0221 -0.9997 0.0132
vn -0.7953 -0.6059 0.0192
vn 0.0118 0.0078 0.9999
vn -0.9696 0.2442 0.0147
vn -0.4137 0.9104 0.0029
vn -0.0118 -0.0078 -0.9999
vn -0.4156 -0.9092 0.0240
vn -0.9702 -0.2420 0.0088
vn -0.7942 0.6075 -0.0092
vn -0.0202 0.9997 -0.0164
vn 0.7691 0.6391 -0.0074
vn -0.0016 0.0215 0.9998
vn 0.9792 -0.2026 0.0110
vn 0.4520 -0.8917 0.0250
vn 0.0016 -0.0215 -0.9998
vn 0.5647 -0.5870 -0.5801
vn 0.5744 0.5676 -0.5899
vn 0.5802 -0.5773 0.5745
vn 0.5898 0.5773 0.5647
vn -0.5898 -0.5773 -0.5647
vn -0.5802 0.5774 -0.5745
vn -0.5744 -0.5676 0.5899
vn -0.5647 0.5870 0.5801
vn 0.7011 -0.7130 -0.0034
vn 0.6976 -0.0119 -0.7164
vn 0.7129 0.7011 -0.0154
vn 0.7165 -0.0000 0.6976
vn 0.0036 -0.7011 0.7130
vn 0.0154 0.7130 0.7010
vn -0.6976 0.0119 0.7164
vn -0.7129 -0.7011 0.0154
vn -0.7011 0.7130 0.0034
vn -0.7165 -0.0000 -0.6976
vn -0.0154 -0.7130 -0.7010
vn -0.0036 0.7011 -0.7130
vn -0.0084 -0.9999 0.0085
vn 0.9999 -0.0085 -0.0133
vn -0.0134 -0.0084 -0.9999
vn 0.0084 0.9999 -0.0085
vn 0.0134 0.0084 0.9999
vn -0.9999 0.0085 0.0133
vn 0.5914 -0.5733 -0.5670
vn 0.5810 0.5813 -0.5697
vn 0.5735 -0.5708 0.5876
vn 0.5631 0.5838 0.5849
vn -0.5631 -0.5838 -0.5849
vn -0.5735 0.5708 -0.5876
vn -0.5810 -0.5813 0.5697
vn -0.5914 0.5733 0.5670
vn 0.7134 -0.7006 0.0126
vn 0.7180 0.0049 -0.6961
vn 0.7006 0.7135 0.0093
vn 0.6960 0.0080 0.7180
vn -0.0046 -0.7055 0.7087
vn -0.0174 0.7086 0.7054
vn -0.7180 -0.0049 0.6961
vn -0.7006 -0.7135 -0.0093
vn -0.7134 0.7006 -0.0126
vn -0.6960 -0.0080 -0.7180
vn 0.0174 -0.7086 -0.7054
vn 0.0046 0.7055 -0.7087
vn 0.0091 -1.0000 0.0023
vn 0.9998 0.0091 0.0155
vn 0.0155 -0.0022 -0.9999
vn -0.0091 1.0000 -0.0023
vn -0.0155 0.0022 0.9999
vn -0.9998 -0.0091 -0.0155
vn 0.5723 -0.5864 -0.5732
vn 0.5884 0.5682 -0.5753
vn 0.5662 -0.5842 0.5814
vn 0.5822 0.5704 0.5794
vn -0.5822 -0.5704 -0.5794
vn -0.5662 0.5842 -0.5814
vn -0.5884 -0.5682 0.5753
vn -0.5724 0.5864 0.5732
vn 0.6972 -0.7168 0.0050
vn 0.7108 -0.0111 -0.7033
vn 0.7168 0.6972 0.0025
vn 0.7033 -0.0085 0.7109
vn -0.0136 -0.7057 0.7083
vn 0.0060 0.7083 0.7059
vn -0.7108 0.0111 0.7033
vn -0.7168 -0.6972 -0.0025
vn -0.6972 0.7168 -0.0050
vn -0.7033 0.0085 -0.7109
vn -0.0060 -0.7083 -0.7059
vn 0.0136 0.7057 -0.7083
vn -0.0139 -0.9999 0.0018
vn 0.9999 -0.0139 0.0053
vn 0.0053 -0.0018 -1.0000
vn 0.0139 0.9999 -0.0018
vn -0.0053 0.0018 1.0000
vn -0.9999 0.0139 -0.0053
vn 0.4295 0.9030 -0.0049
vn 0.9737 0.2272 -0.0167
vn 0.7847 -0.6197 -0.0159
vn 0.0047 -1.0000 -0.0031
vn -0.7787 -0.6272 0.0120
vn 0.0178 -0.0031 0.9998
vn -0.9758 0.2178 0.0181
vn -0.4381 0.8989 0.0106
vn -0.0178 0.0031 -0.9998
vn 0.5801 -0.5806 -0.5713
vn 0.5745 0.5740 -0.5835
vn 0.5801 -0.5685 0.5833
vn 0.5746 0.5862 0.5712
vn -0.5746 -0.5862 -0.5712
vn -0.5801 0.5685 -0.5833
vn -0.5745 -0.5740 0.5835
vn -0.5801 0.5806 0.5713
vn 0.7105 -0.7037 0.0074
vn 0.7071 -0.0041 -0.7072
vn 0.7037 0.7104 -0.0075
vn 0.7071 0.0108 0.7070
vn 0.0034 -0.6996 0.7145
vn -0.0033 0.7145 0.6996
vn -0.7071 0.0041 0.7072
vn -0.7037 -0.7104 0.0075
vn -0.7105 0.7037 -0.0074
vn -0.7071 -0.0108 -0.7070
vn 0.0033 -0.7145 -0.6996
vn -0.0034 0.6996 -0.7145
vn 0.0048 -0.9999 0.0105
vn 1.0000 0.0048 -0.0001
vn -0.0001 -0.0105 -0.9999
vn -0.0048 0.9999 -0.0105
vn 0.0001 0.0105 0.9999
vn -1.0000 -0.0048 0.0001
vn 0.5692 -0.5854 -0.5774
vn 0.5763 0.5692 -0.5864
vn 0.5784 -0.5764 0.5773
vn 0.5855 0.5782 0.5682
vn -0.5855 -0.5782 -0.5682
vn -0.5784 0.5764 -0.5773
vn -0.5763 -0.5692 0.5864
vn -0.5692 0.5854 0.5774
vn 0.7027 -0.7115 -0.0001
vn 0.7014 -0.0099 -0.7127
vn 0.7114 0.7027 -0.0112
vn 0.7127 0.0011 0.7015
vn 0.0013 -0.7016 0.7126
vn 0.0100 0.7126 0.7015
vn -0.7014 0.0099 0.7127
vn -0.7114 -0.7027 0.0112
vn -0.7027 0.7115 0.0001
vn -0.7127 -0.0011 -0.7015
vn -0.0100 -0.7126 -0.7015
vn -0.0013 0.7016 -0.7126
vn -0.0061 -1.0000 0.0079
vn 0.9999 -0.0062 -0.0079
vn -0.0080 -0.0078 -0.9999
vn 0.0061 1.0000 -0.0079
vn 0.0080 0.0078 0.9999
vn -0.9999 0.0062 0.0079
vn 0.5771 -0.5776 -0.5773
vn 0.5776 0.5771 -0.5773
vn 0.5770 -0.5776 0.5774
vn 0.5776 0.5771 0.5774
vn -0.5776 -0.5771 -0.5774
vn -0.5771 0.5776 -0.5774
vn -0.5776 -0.5771 0.5773
vn -0.5771 0.5776 0.5773
vn 0.7068 -0.7074 0.0001
vn 0.7072 -0.0004 -0.7071
vn 0.7074 0.7068 -0.0000
vn 0.7071 -0.0003 0.7072
vn -0.0004 -0.7071 0.7071
vn 0.0003 0.7071 0.7071
vn -0.7072 0.0004 0.7071
vn -0.7074 -0.7068 -0.0000
vn -0.7068 0.7074 -0.0001
vn -0.7071 0.0003 -0.7072
vn -0.0003 -0.7071 -0.7071
vn 0.0004 0.7071 -0.7071
vn -0.0004 -1.0000 0.0001
vn 1.0000 -0.0004 0.0001
vn 0.0001 -0.0001 -1.0000
vn 0.0004 1.0000 -0.0001
vn -0.0001 0.0001 1.0000
vn -1.0000 0.0004 -0.0001
vn 0.5858 -0.5640 -0.5821
vn 0.5733 0.5906 -0.5679
vn 0.5813 -0.5782 0.5725
vn 0.5689 0.5764 0.5867
vn -0.5689 -0.5764 -0.5867
vn -0.5813 0.5782 -0.5725
vn -0.5733 -0.5906 0.5679
vn -0.5858 0.5640 0.5821
vn 0.7147 -0.6994 -0.0058
vn 0.7098 0.0163 -0.7042
vn 0.6994 0.7146 0.0115
vn 0.7043 -0.0011 0.7099
vn 0.0049 -0.7157 0.6984
vn -0.0104 0.6983 0.7157
vn -0.7098 -0.0163 0.7042
vn -0.6994 -0.7146 -0.0115
vn -0.7147 0.6994 0.0058
vn -0.7043 0.0011 -0.7099
vn 0.0104 -0.6983 -0.7157
vn -0.0049 0.7157 -0.6984
vn 0.0108 -0.9999 -0.0122
vn 0.9999 0.0107 0.0040
vn 0.0039 0.0123 -0.9999
vn -0.0108 0.9999 0.0122
vn -0.0039 -0.0123 0.9999
vn -0.9999 -0.0107 -0.0040
vn 0.5750 -0.5800 -0.5770
vn 0.5749 0.5747 -0.5825
vn 0.5798 -0.5746 0.5776
vn 0.5797 0.5801 0.5722
vn -0.5797 -0.5801 -0.5722
vn -0.5798 0.5746 -0.5776
vn -0.5749 -0.5747 0.5825
vn -0.5750 0.5800 0.5770
vn 0.7072 -0.7071 0.0004
vn 0.7041 -0.0033 -0.7101
vn 0.7070 0.7071 -0.0063
vn 0.7101 0.0034 0.7041
vn 0.0030 -0.7038 0.7104
vn 0.0029 0.7104 0.7038
vn -0.7041 0.0033 0.7101
vn -0.7070 -0.7071 0.0063
vn -0.7072 0.7071 -0.0004
vn -0.7101 -0.0034 -0.7041
vn -0.0029 -0.7104 -0.7038
vn -0.0030 0.7038 -0.7104
vn 0.0001 -1.0000 0.0047
vn 1.0000 0.0001 -0.0042
vn -0.0042 -0.0047 -1.0000
vn -0.0001 1.0000 -0.0047
vn 0.0042 0.0047 1.0000
vn -1.0000 -0.0001 0.0042
vn 0.5757 -0.5734 -0.5829
vn 0.5751 0.5813 -0.5756
vn 0.5795 -0.5807 0.5717
vn 0.5790 0.5739 0.5791
vn -0.5790 -0.5740 -0.5791
vn -0.5796 0.5807 -0.5717
vn -0.5751 -0.5813 0.5756
vn -0.5757 0.5734 0.5829
vn 0.7074 -0.7067 -0.0069
vn 0.7047 0.0048 -0.7094
vn 0.7068 0.7074 0.0021
vn 0.7095 -0.0041 0.7047
vn 0.0027 -0.7116 0.7026
vn 0.0020 0.7026 0.7116
vn -0.7047 -0.0048 0.7094
vn -0.7068 -0.7074 -0.0021
vn -0.7074 0.7067 0.0069
vn -0.7095 0.0041 -0.7047
vn -0.0020 -0.7026 -0.7116
vn -0.0027 0.7116 -0.7026
vn 0.0005 -1.0000 -0.0064
vn 1.0000 0.0005 -0.0033
vn -0.0033 0.0064 -1.0000
vn -0.0005 1.0000 0.0064
vn 0.0033 -0.0064 1.0000
vn -1.0000 -0.0005 0.0033
vn -0.4114 -0.9114 -0.0139
vn -0.9690 -0.2468 0.0060
vn -0.7970 0.6036 0.0214
vn -0.0248 0.9995 0.0206
vn 0.7661 0.6427 0.0044
vn 0.0114 -0.0203 0.9997
vn 0.9801 -0.1980 -0.0152
vn 0.4561 -0.8896 -0.0233
vn -0.0114 0.0203 -0.9997
vn 0.5800 -0.5768 -0.5753
vn 0.5694 0.5779 -0.5847
vn 0.5852 -0.5674 0.5793
vn 0.5747 0.5873 0.5700
vn -0.5747 -0.5873 -0.5700
vn -0.5852 0.5674 -0.5793
vn -0.5694 -0.5779 0.5847
vn -0.5800 0.5768 0.5753
vn 0.7135 -0.7006 0.0025
vn 0.7039 0.0007 -0.7103
vn 0.7006 0.7135 -0.0090
vn 0.7103 0.0122 0.7038
vn 0.0097 -0.7013 0.7128
vn -0.0032 0.7128 0.7014
vn -0.7039 -0.0007 0.7103
vn -0.7006 -0.7135 0.0090
vn -0.7135 0.7006 -0.0025
vn -0.7103 -0.0122 -0.7038
vn 0.0032 -0.7128 -0.7014
vn -0.0097 0.7013 -0.7128
vn 0.0091 -0.9999 0.0081
vn 0.9999 0.0091 -0.0046
vn -0.0045 -0.0081 -1.0000
vn -0.0091 0.9999 -0.0081
vn 0.0045 0.0081 1.0000
vn -0.9999 -0.0091 0.0046
vn 0.5812 -0.5791 -0.5717
vn 0.5811 0.5756 -0.5753
vn 0.5736 -0.5755 0.5829
vn 0.5735 0.5792 0.5793
vn -0.5735 -0.5792 -0.5793
vn -0.5736 0.5755 -0.5829
vn -0.5811 -0.5756 0.5753
vn -0.5812 0.5791 0.5717
vn 0.7071 -0.7071 0.0069
vn 0.7118 -0.0022 -0.7024
vn 0.7071 0.7071 0.0025
vn 0.7024 0.0022 0.7117
vn -0.0046 -0.7049 0.7093
vn -0.0047 0.7093 0.7049
vn -0.7118 0.0022 0.7024
vn -0.7071 -0.7071 -0.0025
vn -0.7071 0.7071 -0.0069
vn -0.7024 -0.0022 -0.7117
vn 0.0047 -0.7093 -0.7049
vn 0.0046 0.7049 -0.7093
vn -0.0000 -1.0000 0.0031
vn 1.0000 -0.0000 0.0066
vn 0.0066 -0.0031 -1.0000
vn -0.0000 1.0000 -0.0031
vn -0.0066 0.0031 1.0000
vn -1.0000 -0.0000 -0.0066
vn 0.5750 -0.5746 -0.5824
vn 0.5743 0.5801 -0.5776
vn 0.5803 -0.5794 0.5722
vn 0.5797 0.5752 0.5771
vn -0.5797 -0.5752 -0.5771
vn -0.5803 0.5795 -0.5722
vn -0.5743 -0.5801 0.5776
vn -0.5749 0.5746 0.5825
vn 0.7075 -0.7067 -0.0063
vn 0.7038 0.0033 -0.7104
vn 0.7067 0.7075 -0.0003
vn 0.7104 -0.0026 0.7038
vn 0.0037 -0.7101 0.7041
vn 0.0029 0.7041 0.7100
vn -0.7038 -0.0033 0.7104
vn -0.7067 -0.7075 0.0003
vn -0.7075 0.7067 0.0063
vn -0.7104 0.0026 -0.7038
vn -0.0029 -0.7041 -0.7101
vn -0.0037 0.7101 -0.7041
vn 0.0005 -1.0000 -0.0042
vn 1.0000 0.0005 -0.0047
vn -0.0047 0.0042 -1.0000
vn -0.0005 1.0000 0.0042
vn 0.0047 -0.0042 1.0000
vn -1.0000 -0.0005 0.0047
vn 0.5836 -0.5789 -0.5695
vn 0.5898 0.5758 -0.5662
vn 0.5648 -0.5820 0.5851
vn 0.5709 0.5727 0.5883
vn -0.5709 -0.5727 -0.5883
vn -0.5648 0.5820 -0.5851
vn -0.5898 -0.5758 0.5662
vn -0.5836 0.5789 0.5695
vn 0.7032 -0.7109 0.0096
vn 0.7185 -0.0019 -0.6955
vn 0.7108 0.7033 0.0135
vn 0.6955 -0.0057 0.7185
vn -0.0153 -0.7090 0.7050
vn -0.0078 0.7052 0.7090
vn -0.7185 0.0019 0.6955
vn -0.7108 -0.7033 -0.0135
vn -0.7032 0.7109 -0.0096
vn -0.6955 0.0057 -0.7185
vn 0.0078 -0.7052 -0.7090
vn 0.0153 0.7090 -0.7050
vn -0.0053 -1.0000 -0.0028
vn 0.9999 -0.0054 0.0163
vn 0.0163 0.0027 -0.9999
vn 0.0053 1.0000 0.0028
vn -0.0163 -0.0027 0.9999
vn -0.9999 0.0054 -0.0163
vn 0.5697 -0.5810 -0.5813
vn 0.5779 0.5737 -0.5805
vn 0.5768 -0.5818 0.5734
vn 0.5850 0.5728 0.5742
vn -0.5850 -0.5728 -0.5742
vn -0.5768 0.5818 -0.5734
vn -0.5779 -0.5737 0.5805
vn -0.5697 0.5810 0.5813
vn 0.7021 -0.7121 -0.0048
vn 0.7027 -0.0045 -0.7115
vn 0.7121 0.7021 -0.0039
vn 0.7114 -0.0055 0.7027
vn -0.0007 -0.7076 0.7066
vn 0.0094 0.7066 0.7076
vn -0.7027 0.0045 0.7114
vn -0.7121 -0.7021 0.0039
vn -0.7021 0.7121 0.0048
vn -0.7114 0.0055 -0.7027
vn -0.0094 -0.7066 -0.7076
vn 0.0007 0.7076 -0.7066
vn -0.0071 -1.0000 -0.0007
vn 1.0000 -0.0071 -0.0062
vn -0.0062 0.0007 -1.0000
vn 0.0071 1.0000 0.0007
vn 0.0062 -0.0007 1.0000
vn -1.0000 0.0071 0.0062
vn 0.5791 -0.5795 -0.5734
vn 0.5797 0.5752 -0.5772
vn 0.5750 -0.5758 0.5813
vn 0.5756 0.5789 0.5775
vn -0.5756 -0.5789 -0.5775
vn -0.5750 0.5758 -0.5813
vn -0.5797 -0.5752 0.5771
vn -0.5791 0.5795 0.5734
vn 0.7067 -0.7075 0.0048
vn 0.7096 -0.0026 -0.7046
vn 0.7075 0.7068 0.0002
vn 0.7046 0.0019 0.7096
vn -0.0029 -0.7048 0.7094
vn -0.0022 0.7094 0.7048
vn -0.7096 0.0026 0.7046
vn -0.7075 -0.7068 -0.0002
vn -0.7067 0.7075 -0.0048
vn -0.7046 -0.0019 -0.7096
vn 0.0022 -0.7094 -0.7048
vn 0.0029 0.7048 -0.7094
vn -0.0005 -1.0000 0.0032
vn 1.0000 -0.0005 0.0036
vn 0.0036 -0.0032 -1.0000
vn 0.0005 1.0000 -0.0032
vn -0.0036 0.0032 1.0000
vn -1.0000 0.0005 -0.0036
vn -0.1539 -0.9002 -0.4073
vn -0.7749 -0.5585 -0.2959
vn 0.2832 -0.9182 -0.2770
vn 0.2937 -0.9390 0.1788
vn -0.1369 -0.9339 0.3303
vn -0.9339 -0.2427 -0.2624
vn -0.0551 -0.2352 -0.9704
vn 0.8892 -0.2891 -0.3547
vn 0.5939 -0.3299 0.7338
vn -0.5328 -0.3013 0.7908
vn -0.8204 -0.0567 -0.5689
vn 0.2823 -0.0698 -0.9568
vn 0.9909 -0.1312 -0.0289
vn 0.3261 -0.1561 0.9324
vn -0.7934 -0.1101 0.5986
vn -0.4383 0.6341 -0.6370
vn 0.5080 0.6068 -0.6114
vn 0.7749 0.5585 0.2959
vn -0.0064 0.5560 0.8311
vn -0.7562 0.6028 0.2546
vn -0.2832 0.9182 0.2770
vn -0.5168 0.7325 0.4431
vn -0.4071 0.5725 0.7117
vn 0.1539 0.9002 0.4073
vn 0.2439 0.7012 0.6699
vn 0.5369 0.5496 0.6400
vn 0.4135 0.9099 0.0320
vn 0.6957 0.7182 0.0167
vn 0.7616 0.5848 -0.2793
vn 0.1369 0.9339 -0.3303
vn 0.2142 0.7599 -0.6138
vn -0.0436 0.6294 -0.7758
vn -0.2937 0.9390 -0.1788
vn -0.5351 0.7688 -0.3502
vn -0.7659 0.6219 -0.1634
vn -0.8892 0.2891 0.3547
vn -0.7807 0.1517 0.6062
vn -0.5587 0.2604 0.7874
vn 0.0551 0.2352 0.9704
vn 0.3310 0.1060 0.9376
vn 0.5694 0.2291 0.7895
vn 0.9339 0.2427 0.2624
vn 0.9913 0.1307 -0.0170
vn 0.9213 0.2676 -0.2821
vn 0.5328 0.3013 -0.7908
vn 0.2876 0.1917 -0.9384
vn 0.0107 0.3228 -0.9464
vn -0.5939 0.3299 -0.7338
vn -0.8075 0.2047 -0.5532
vn -0.9040 0.3183 -0.2854
vn -0.2823 0.0698 0.9568
vn -0.2876 -0.1917 0.9384
vn -0.0107 -0.3228 0.9464
vn 0.8204 0.0567 0.5689
vn 0.8075 -0.2047 0.5532
vn 0.9040 -0.3183 0.2854
vn 0.7934 0.1101 -0.5986
vn 0.7807 -0.1517 -0.6062
vn 0.5587 -0.2604 -0.7874
vn -0.3261 0.1561 -0.9324
vn -0.3310 -0.1060 -0.9376
vn -0.5694 -0.2291 -0.7895
vn -0.9909 0.1312 0.0289
vn -0.9913 -0.1307 0.0170
vn -0.9213 -0.2676 0.2821
vn -0.5080 -0.6068 0.6114
vn -0.2142 -0.7599 0.6138
vn 0.0436 -0.6294 0.7758
vn 0.4383 -0.6341 0.6370
vn 0.5351 -0.7688 0.3502
vn 0.7659 -0.6219 0.1634
vn 0.7562 -0.6028 -0.2546
vn 0.5168 -0.7325 -0.4431
vn 0.4071 -0.5725 -0.7117
vn -0.7616 -0.5848 0.2793
vn -0.6957 -0.7181 -0.0167
vn -0.4135 -0.9099 -0.0320
vn 0.0064 -0.5560 -0.8311
vn -0.2439 -0.7012 -0.6699
vn -0.5369 -0.5496 -0.6400
vn -0.6607 0.3260 -0.6762
vn 0.6830 -0.3081 -0.6622
vn 0.6607 -0.3260 0.6762
vn -0.6830 0.3081 0.6622
vn -0.1600 0.7319 -0.6624
vn 0.1823 -0.7140 -0.6760
vn 0.1600 -0.7319 0.6624
vn -0.1823 0.7140 0.6760
vn 0.4696 0.5933 -0.6537
vn -0.4472 -0.5755 -0.6847
vn -0.4696 -0.5933 0.6537
vn 0.4473 0.5755 0.6847
vn 0.7540 0.0148 -0.6567
vn -0.7316 0.0031 -0.6817
vn -0.7540 -0.0148 0.6567
vn 0.7316 -0.0031 0.6817
vn 0.4790 -0.5682 -0.6691
vn -0.4566 0.5861 -0.6693
vn -0.4790 0.5682 0.6691
vn 0.4567 -0.5861 0.6693
vn -0.1483 -0.7166 -0.6816
vn 0.1706 0.7344 -0.6569
vn 0.1483 0.7166 0.6816
vn -0.1706 -0.7344 0.6569
vn -0.6555 -0.3186 -0.6847
vn 0.6778 0.3365 -0.6537
vn 0.6555 0.3186 0.6847
vn -0.6778 -0.3365 0.6537
vn -0.6701 0.3158 -0.6718
vn 0.6640 -0.3384 -0.6668
vn 0.6701 -0.3158 0.6718
vn -0.6640 0.3384 0.6667
vn -0.1632 0.7141 -0.6808
vn 0.1572 -0.7367 -0.6577
vn 0.1632 -0.7141 0.6808
vn -0.1571 0.7367 0.6578
vn 0.4643 0.5661 -0.6811
vn -0.4703 -0.5887 -0.6574
vn -0.4643 -0.5661 0.6811
vn 0.4703 0.5887 0.6574
vn 0.7399 -0.0166 -0.6725
vn -0.7459 -0.0059 -0.6660
vn -0.7399 0.0166 0.6725
vn 0.7459 0.0060 0.6660
vn 0.4561 -0.5954 -0.6615
vn -0.4621 0.5728 -0.6770
vn -0.4561 0.5954 0.6615
vn 0.4621 -0.5728 0.6770
vn -0.1735 -0.7343 -0.6563
vn 0.1675 0.7117 -0.6822
vn 0.1735 0.7343 0.6563
vn -0.1674 -0.7117 0.6822
vn -0.6746 -0.3288 -0.6609
vn 0.6686 0.3062 -0.6776
vn 0.6746 0.3288 0.6609
vn -0.6686 -0.3062 0.6776
vn 0.5788 -0.5841 -0.5690
vn 0.5834 0.5706 -0.5780
vn 0.5713 -0.5751 0.5856
vn 0.5758 0.5796 0.5767
vn -0.5758 -0.5796 -0.5767
vn -0.5713 0.5751 -0.5856
vn -0.5834 -0.5706 0.5780
vn -0.5788 0.5841 0.5690
vn 0.7043 -0.7098 0.0102
vn 0.7117 -0.0083 -0.7024
vn 0.7099 0.7043 -0.0008
vn 0.7024 0.0028 0.7118
vn -0.0074 -0.7016 0.7126
vn -0.0019 0.7126 0.7016
vn -0.7117 0.0083 0.7024
vn -0.7099 -0.7043 0.0008
vn -0.7043 0.7099 -0.0102
vn -0.7024 -0.0028 -0.7118
vn 0.0019 -0.7126 -0.7016
vn 0.0074 0.7016 -0.7126
vn -0.0039 -1.0000 0.0078
vn 1.0000 -0.0039 0.0066
vn 0.0066 -0.0078 -0.9999
vn 0.0039 1.0000 -0.0078
vn -0.0066 0.0078 0.9999
vn -1.0000 0.0039 -0.0066
vn 0.5765 -0.5795 -0.5761
vn 0.5789 0.5752 -0.5779
vn 0.5757 -0.5778 0.5786
vn 0.5783 0.5769 0.5769
vn -0.5782 -0.5769 -0.5769
vn -0.5757 0.5778 -0.5786
vn -0.5790 -0.5752 0.5778
vn -0.5764 0.5795 0.5761
vn 0.7055 -0.7087 0.0015
vn 0.7075 -0.0026 -0.7067
vn 0.7086 0.7056 -0.0006
vn 0.7067 -0.0005 0.7076
vn -0.0020 -0.7061 0.7082
vn 0.0011 0.7082 0.7061
vn -0.7075 0.0026 0.7067
vn -0.7087 -0.7055 0.0006
vn -0.7056 0.7086 -0.0015
vn -0.7067 0.0005 -0.7075
vn -0.0011 -0.7081 -0.7061
vn 0.0020 0.7061 -0.7082
vn -0.0022 -1.0000 0.0015
vn 1.0000 -0.0022 0.0006
vn 0.0006 -0.0015 -1.0000
vn 0.0022 1.0000 -0.0015
vn -0.0006 0.0015 1.0000
vn -1.0000 0.0022 -0.0006
vn -0.5773 -0.7507 0.3213
vn -0.5796 0.3221 0.7486
vn -0.5751 -0.3234 -0.7515
vn -0.5774 0.7494 -0.3241
vn 0.5774 -0.7493 0.3242
vn 0.5751 0.3233 0.7514
vn 0.5796 -0.3221 -0.7485
vn 0.5774 0.7507 -0.3212
vn -0.7057 -0.6577 -0.2635
vn -0.7085 -0.2625 0.6551
vn -0.7085 0.6561 0.2599
vn -0.7057 0.2609 -0.6587
vn 0.0028 -0.3952 -0.9186
vn -0.0000 0.9186 -0.3952
vn 0.7085 0.2625 -0.6551
vn 0.7085 -0.6561 -0.2599
vn 0.7057 0.6577 0.2635
vn 0.7057 -0.2609 0.6587
vn -0.0000 -0.9186 0.3953
vn -0.0028 0.3952 0.9186
vn 0.0020 -0.9290 -0.3701
vn -1.0000 -0.0011 -0.0025
vn -0.0019 -0.3701 0.9290
vn -0.0020 0.9290 0.3700
vn 0.0019 0.3701 -0.9290
vn 1.0000 0.0011 0.0025
vn 0.5226 -0.7712 0.3635
vn 0.9572 0.2680 0.1094
vn -0.3747 -0.2678 0.8876
vn 0.0598 0.7714 0.6336
vn -0.0598 -0.7714 -0.6335
vn 0.3747 0.2678 -0.8876
vn -0.9572 -0.2680 -0.1094
vn -0.5226 0.7712 -0.3635
vn 0.0906 -0.6363 0.7661
vn 0.9062 -0.3081 0.2896
vn 0.6228 0.6365 0.4550
vn -0.1928 0.3084 0.9315
vn -0.8156 -0.3282 0.4766
vn -0.2834 0.9446 0.1654
vn -0.9062 0.3081 -0.2896
vn -0.6228 -0.6365 -0.4550
vn -0.0906 0.6362 -0.7661
vn 0.1929 -0.3084 -0.9315
vn 0.2835 -0.9446 -0.1654
vn 0.8156 0.3282 -0.4765
vn -0.3763 -0.9000 0.2200
vn 0.5044 0.0002 0.8635
vn 0.7771 -0.4359 -0.4539
vn 0.3764 0.9000 -0.2200
vn -0.7771 0.4359 0.4539
vn -0.5044 -0.0002 -0.8635
vn 0.1066 -0.7873 -0.6073
vn -0.3946 0.2127 -0.8939
vn 0.9719 -0.2100 -0.1061
vn 0.4708 0.7901 -0.3927
vn -0.4707 -0.7901 0.3927
vn -0.9719 0.2100 0.1061
vn 0.3946 -0.2127 0.8939
vn -0.1066 0.7873 0.6073
vn 0.6605 -0.6107 -0.4368
vn -0.1763 -0.3519 -0.9193
vn 0.0467 0.6141 -0.7879
vn 0.8835 0.3552 -0.3054
vn 0.8368 -0.2588 0.4825
vn 0.2230 0.9659 0.1314
vn 0.1764 0.3519 0.9193
vn -0.0467 -0.6141 0.7879
vn -0.6605 0.6107 0.4368
vn -0.8835 -0.3552 0.3054
vn -0.2230 -0.9659 -0.1314
vn -0.8368 0.2588 -0.4824
vn 0.4340 -0.8660 0.2482
vn 0.5000 0.0024 -0.8660
vn -0.7494 -0.5000 -0.4341
vn -0.4340 0.8660 -0.2482
vn 0.7494 0.5000 0.4341
vn -0.5000 -0.0024 0.8660
vn 0.4366 0.8996 -0.0114
vn -0.7943 0.6075 -0.0092
vn -0.7165 0.0001 -0.6976
vn -0.7070 0.0041 0.7072
vn 0.7041 -0.0033 -0.7100
vn 0.7047 0.0049 -0.7094
vn -0.7047 -0.0049 0.7094
vn 0.7117 -0.0022 -0.7024
vn -0.7117 0.0022 0.7024
vn -0.7024 -0.0022 -0.7118
vn 1.0000 0.0001 0.0066
vn -1.0000 -0.0001 -0.0066
vn -0.0029 -0.7042 -0.7100
vn -0.0037 0.7100 -0.7041
vn 0.7027 -0.0045 -0.7114
vn -0.1599 0.7319 -0.6624
vn 0.1599 -0.7318 0.6624
vn 0.4696 0.5934 -0.6537
vn -0.4473 -0.5755 -0.6847
vn 0.4472 0.5755 0.6847
vn 0.4566 -0.5861 0.6693
vn -0.1482 -0.7166 -0.6816
vn 0.1482 0.7166 0.6815
vn -0.1706 -0.7345 0.6569
vn 0.6554 0.3186 0.6847
vn -0.6700 0.3158 -0.6718
vn 0.6640 -0.3384 -0.6667
vn 0.1571 -0.7367 -0.6578
vn -0.1572 0.7367 0.6578
vn 0.4704 0.5887 0.6574
vn -0.7459 -0.0060 -0.6660
vn 0.4621 -0.5728 0.6771
vn 0.7098 0.7044 -0.0008
vn -0.7043 0.7098 -0.0102
vn 0.7056 -0.7087 0.0015
vn 0.7087 0.7056 -0.0006
vn 0.7067 -0.0005 0.7075
vn -0.0020 -0.7061 0.7081
vn 0.0011 0.7081 0.7061
vn -0.7055 0.7087 -0.0015
vn -0.7057 -0.6577 -0.2634
vn -0.8156 -0.3281 0.4765
vn -0.2835 0.9446 0.1654
vn -0.0906 0.6363 -0.7661
vn 0.1928 -0.3083 -0.9315
vn 0.2834 -0.9446 -0.1654
vn 0.8156 0.3281 -0.4765
vn 0.3763 0.9000 -0.2200
vn -0.1763 -0.3518 -0.9193
vn 0.8368 -0.2588 0.4824
vn 0.2231 0.9659 0.1314
vn 0.1763 0.3519 0.9193
vn -0.0467 -0.6140 0.7879
vt 1.000000 1.000000
vt 0.857143 0.500000
vt 1.000000 0.500000
vt 0.857143 1.000000
vt 0.714286 0.500000
vt 0.714286 1.000000
vt 0.571429 0.500000
vt 0.428571 1.000000
vt 0.428571 0.500000
vt 0.285714 0.500000
vt 0.250000 0.490000
vt 0.016017 0.196595
vt 0.354132 0.033767
vt 0.285714 1.000000
vt 0.142857 0.500000
vt 0.142857 1.000000
vt 0.000000 0.500000
vt 0.937640 0.399638
vt 0.854132 0.033767
vt 0.516017 0.196595
vt 0.571429 1.000000
vt 0.000000 1.000000
vt 0.016017 0.196595
vt 0.354132 0.033767
vt 0.854132 0.033767
vt 0.128413 0.732178
vt 0.128413 0.750000
vt 0.125000 0.732178
vt 0.565000 0.000000
vt 0.625000 0.017822
vt 0.565000 0.017822
vt 0.128413 0.517822
vt 0.125000 0.517822
vt 0.128413 0.500000
vt 0.625000 0.250213
vt 0.565000 0.253401
vt 0.565000 0.232178
vt 0.371587 0.732178
vt 0.433894 0.732178
vt 0.410124 0.752074
vt 0.628057 0.734390
vt 0.565000 0.753413
vt 0.565000 0.732507
vt 0.371587 0.517822
vt 0.410124 0.497926
vt 0.433894 0.517822
vt 0.628057 0.515610
vt 0.565000 0.517493
vt 0.565000 0.496587
vt 0.435000 0.017822
vt 0.435000 0.000000
vt 0.435000 0.232178
vt 0.625000 0.996587
vt 0.435000 0.996587
vt 0.871587 0.517822
vt 0.435000 0.253413
vt 0.128371 0.732178
vt 0.128371 0.750000
vt 0.125000 0.732178
vt 0.565000 0.000000
vt 0.128371 0.517822
vt 0.128371 0.500000
vt 0.625000 0.250212
vt 0.565000 0.253360
vt 0.565000 0.232178
vt 0.371629 0.732178
vt 0.410138 0.752049
vt 0.628020 0.734386
vt 0.565000 0.753371
vt 0.565000 0.732507
vt 0.371629 0.517822
vt 0.410138 0.497952
vt 0.433894 0.517822
vt 0.628020 0.515614
vt 0.565000 0.517493
vt 0.565000 0.496629
vt 0.435000 0.017822
vt 0.435000 0.253371
vt 0.625000 0.996629
vt 0.435000 0.232178
vt 0.435000 0.996629
vt 0.871629 0.517822
vt 0.128347 0.732178
vt 0.128347 0.750000
vt 0.125000 0.732178
vt 0.565000 0.000000
vt 0.625000 0.017822
vt 0.128347 0.517822
vt 0.128347 0.500000
vt 0.625000 0.250211
vt 0.565000 0.253336
vt 0.565000 0.232178
vt 0.371653 0.732178
vt 0.410147 0.752034
vt 0.627998 0.734384
vt 0.565000 0.753347
vt 0.371654 0.517822
vt 0.410147 0.497966
vt 0.433894 0.517822
vt 0.627998 0.515616
vt 0.565000 0.496653
vt 0.435000 0.253347
vt 0.565000 0.996653
vt 0.435000 0.996653
vt 0.871653 0.517822
vt 0.250000 0.490000
vt 0.354132 0.033768
vt 0.854132 0.033768
vt 0.516017 0.196595
vt 0.185000 0.690000
vt 0.185000 0.750000
vt 0.125000 0.690000
vt 0.620979 0.000000
vt 0.625000 0.060000
vt 0.620978 0.060000
vt 0.185000 0.560000
vt 0.125000 0.560000
vt 0.185000 0.500000
vt 0.625000 0.242571
vt 0.620978 0.309763
vt 0.620979 0.190000
vt 0.315000 0.690000
vt 0.379006 0.690000
vt 0.377874 0.808925
vt 0.664826 0.730348
vt 0.620978 0.810000
vt 0.620979 0.690237
vt 0.315000 0.560000
vt 0.377874 0.441075
vt 0.379006 0.560000
vt 0.664826 0.519652
vt 0.620978 0.559763
vt 0.620979 0.440000
vt 0.379021 0.060000
vt 0.379021 0.000000
vt 0.379021 0.310000
vt 0.625000 0.940000
vt 0.379021 0.190000
vt 0.379021 0.940000
vt 0.815000 0.560000
vt 0.142041 0.733000
vt 0.142041 0.750000
vt 0.125000 0.733000
vt 0.565000 0.982959
vt 0.625000 0.982959
vt 0.565000 1.000000
vt 0.142041 0.517000
vt 0.125000 0.517000
vt 0.142041 0.500000
vt 0.625000 0.250398
vt 0.565000 0.267041
vt 0.565000 0.233298
vt 0.357959 0.733000
vt 0.433949 0.733000
vt 0.405646 0.760548
vt 0.640422 0.736234
vt 0.565000 0.767041
vt 0.565000 0.733298
vt 0.357959 0.517000
vt 0.405646 0.489452
vt 0.433949 0.517000
vt 0.640422 0.513915
vt 0.565000 0.517000
vt 0.565000 0.483259
vt 0.565000 0.017000
vt 0.435000 0.017000
vt 0.625000 0.017000
vt 0.435000 0.267041
vt 0.435000 0.233000
vt 0.435000 0.982959
vt 0.857959 0.517000
vt 0.141760 0.733000
vt 0.141760 0.750000
vt 0.125000 0.733000
vt 0.565000 0.983240
vt 0.625000 0.983240
vt 0.141760 0.517000
vt 0.125000 0.517000
vt 0.141760 0.500000
vt 0.625000 0.250409
vt 0.565000 0.266760
vt 0.565000 0.233298
vt 0.358240 0.733000
vt 0.405734 0.760370
vt 0.640167 0.736210
vt 0.565000 0.766760
vt 0.358240 0.517000
vt 0.405734 0.489630
vt 0.433949 0.517000
vt 0.640167 0.513935
vt 0.565000 0.517000
vt 0.565000 0.483529
vt 0.435000 0.017000
vt 0.565000 0.017000
vt 0.435000 0.266760
vt 0.435000 0.233000
vt 0.435000 0.983240
vt 0.858240 0.517000
vt 0.185000 0.690000
vt 0.185000 0.750000
vt 0.620974 0.000000
vt 0.625000 0.060000
vt 0.620974 0.060000
vt 0.185000 0.560000
vt 0.125000 0.560000
vt 0.625000 0.242571
vt 0.620974 0.309763
vt 0.620974 0.190000
vt 0.315000 0.690000
vt 0.379010 0.690000
vt 0.377878 0.808924
vt 0.620974 0.810000
vt 0.620974 0.690237
vt 0.315000 0.560000
vt 0.377878 0.441076
vt 0.379010 0.560000
vt 0.620974 0.559763
vt 0.620974 0.440000
vt 0.379026 0.000000
vt 0.379026 0.060000
vt 0.379026 0.190000
vt 0.620974 0.940000
vt 0.379026 0.940000
vt 0.815000 0.690000
vt 0.379026 0.310000
vt 0.141990 0.733000
vt 0.141990 0.750000
vt 0.565000 0.983011
vt 0.625000 0.983010
vt 0.141990 0.517000
vt 0.141990 0.500000
vt 0.625000 0.250400
vt 0.565000 0.266990
vt 0.565000 0.233298
vt 0.358010 0.733000
vt 0.433949 0.733000
vt 0.405662 0.760516
vt 0.640375 0.736229
vt 0.565000 0.766990
vt 0.565000 0.733298
vt 0.358011 0.517000
vt 0.405662 0.489485
vt 0.640375 0.513919
vt 0.565000 0.483308
vt 0.435000 0.266990
vt 0.435000 0.983010
vt 0.858011 0.733000
vt 0.141854 0.733000
vt 0.141854 0.750000
vt 0.565000 0.983146
vt 0.625000 0.983146
vt 0.141854 0.517000
vt 0.141854 0.500000
vt 0.625000 0.250406
vt 0.565000 0.266854
vt 0.565000 0.233298
vt 0.358146 0.733000
vt 0.405705 0.760430
vt 0.640252 0.736218
vt 0.565000 0.766854
vt 0.358146 0.517000
vt 0.405705 0.489570
vt 0.640252 0.513929
vt 0.565000 0.483438
vt 0.435000 0.266854
vt 0.435000 0.983146
vt 0.858146 0.733000
vt 0.185000 0.690000
vt 0.185000 0.750000
vt 0.621012 0.000000
vt 0.625000 0.060000
vt 0.621012 0.060000
vt 0.185000 0.500000
vt 0.625000 0.242571
vt 0.621012 0.309765
vt 0.621012 0.190000
vt 0.315000 0.690000
vt 0.378973 0.690000
vt 0.377852 0.808934
vt 0.664826 0.730348
vt 0.621012 0.810000
vt 0.621012 0.690235
vt 0.315000 0.560000
vt 0.377852 0.441066
vt 0.378973 0.560000
vt 0.621012 0.559765
vt 0.621012 0.440000
vt 0.378988 0.060000
vt 0.378988 0.000000
vt 0.378988 0.310000
vt 0.378988 0.190000
vt 0.621012 0.940000
vt 0.378988 0.940000
vt 0.815000 0.560000
vt 0.141797 0.733000
vt 0.141797 0.750000
vt 0.565000 0.983203
vt 0.625000 0.983203
vt 0.141797 0.517000
vt 0.125000 0.517000
vt 0.141797 0.500000
vt 0.625000 0.250408
vt 0.565000 0.266797
vt 0.358203 0.733000
vt 0.433949 0.733000
vt 0.405723 0.760393
vt 0.640200 0.736213
vt 0.565000 0.766797
vt 0.358203 0.517000
vt 0.405723 0.489607
vt 0.433949 0.517000
vt 0.640200 0.513933
vt 0.565000 0.483494
vt 0.435000 0.017000
vt 0.435000 0.233000
vt 0.435000 0.983203
vt 0.858203 0.733000
vt 0.435000 0.266797
vt 0.142095 0.733000
vt 0.142095 0.750000
vt 0.565000 0.982905
vt 0.625000 0.982905
vt 0.142095 0.517000
vt 0.142095 0.500000
vt 0.625000 0.250396
vt 0.565000 0.267095
vt 0.565000 0.233298
vt 0.357905 0.733000
vt 0.405629 0.760582
vt 0.640471 0.736238
vt 0.565000 0.767095
vt 0.357905 0.517000
vt 0.405629 0.489418
vt 0.640471 0.513912
vt 0.565000 0.483207
vt 0.435000 0.233000
vt 0.435000 0.982905
vt 0.857905 0.733000
vt 0.435000 0.267095
vt 0.185000 0.690000
vt 0.620952 0.000000
vt 0.625000 0.060000
vt 0.620952 0.060000
vt 0.620952 0.309762
vt 0.620952 0.190000
vt 0.315000 0.690000
vt 0.379032 0.690000
vt 0.377893 0.808918
vt 0.620952 0.810000
vt 0.620952 0.690239
vt 0.377893 0.441082
vt 0.379032 0.560000
vt 0.620952 0.559762
vt 0.620952 0.440000
vt 0.379048 0.060000
vt 0.379048 0.000000
vt 0.379048 0.310000
vt 0.379048 0.190000
vt 0.379048 0.940000
vt 0.142179 0.733000
vt 0.142179 0.750000
vt 0.565000 0.982821
vt 0.625000 0.982821
vt 0.142179 0.517000
vt 0.142179 0.500000
vt 0.625000 0.250393
vt 0.565000 0.267179
vt 0.565000 0.233298
vt 0.357821 0.733000
vt 0.405603 0.760635
vt 0.640547 0.736245
vt 0.565000 0.767179
vt 0.357821 0.517000
vt 0.405603 0.489365
vt 0.640547 0.513906
vt 0.565000 0.483126
vt 0.435000 0.267179
vt 0.435000 0.233000
vt 0.435000 0.982821
vt 0.857821 0.733000
vt 0.141776 0.733000
vt 0.141776 0.750000
vt 0.565000 0.983224
vt 0.625000 0.983224
vt 0.141776 0.517000
vt 0.141776 0.500000
vt 0.625000 0.250409
vt 0.565000 0.266776
vt 0.565000 0.233298
vt 0.358224 0.733000
vt 0.405729 0.760380
vt 0.640181 0.736211
vt 0.565000 0.766776
vt 0.358224 0.517000
vt 0.405729 0.489620
vt 0.640181 0.513934
vt 0.565000 0.483514
vt 0.435000 0.983224
vt 0.858224 0.517000
vt 0.435000 0.266776
vt 0.181819 0.000000
vt 0.227273 0.078731
vt 0.136365 0.078731
vt 0.272728 0.157461
vt 0.318182 0.078731
vt 0.363637 0.157461
vt 0.909091 0.000000
vt 0.954545 0.078731
vt 0.863636 0.078731
vt 0.727273 0.000000
vt 0.772727 0.078731
vt 0.681818 0.078731
vt 0.545455 0.000000
vt 0.590909 0.078731
vt 0.500000 0.078731
vt 0.318182 0.236191
vt 0.090910 0.157461
vt 0.181819 0.157461
vt 0.136365 0.236191
vt 0.818182 0.157461
vt 0.909091 0.157461
vt 0.863636 0.236191
vt 0.636364 0.157461
vt 0.727273 0.157461
vt 0.681818 0.236191
vt 0.454546 0.157461
vt 0.545455 0.157461
vt 0.500000 0.236191
vt 0.227273 0.236191
vt 0.045455 0.236191
vt 0.772727 0.236191
vt 0.590909 0.236191
vt 0.409092 0.236191
vt 0.181819 0.314921
vt 0.272728 0.314921
vt 0.227273 0.393651
vt 0.000000 0.314921
vt 0.090910 0.314921
vt 0.045455 0.393651
vt 0.727273 0.314921
vt 0.818182 0.314921
vt 0.772727 0.393651
vt 0.545455 0.314921
vt 0.636364 0.314921
vt 0.590909 0.393651
vt 0.363637 0.314921
vt 0.454546 0.314921
vt 0.409092 0.393651
vt 0.500000 0.393651
vt 0.454546 0.472382
vt 0.681818 0.393651
vt 0.636364 0.472382
vt 0.863636 0.393651
vt 0.818182 0.472382
vt 0.909091 0.314921
vt 0.136365 0.393651
vt 0.090910 0.472382
vt 0.318182 0.393651
vt 0.272728 0.472382
vt 0.954545 0.236191
vt 1.000000 0.157461
vt 0.409092 0.078731
vt 0.363637 0.000000
vt 0.571429 0.750000
vt 0.714286 0.750000
vt 0.571429 0.000000
vt 0.714286 0.250000
vt 0.571429 0.250000
vt 0.857143 0.750000
vt 0.714286 0.000000
vt 0.857143 0.250000
vt 1.000000 0.750000
vt 0.857143 0.000000
vt 1.000000 0.250000
vt -0.000000 0.500000
vt 0.142857 0.750000
vt -0.000000 0.750000
vt -0.000000 1.000000
vt 0.142857 0.000000
vt -0.000000 0.250000
vt -0.000000 0.000000
vt 0.142857 0.500000
vt 0.285714 0.750000
vt 0.285714 1.000000
vt 0.142857 1.000000
vt 0.285714 0.250000
vt 0.142857 0.250000
vt 0.285714 0.500000
vt 0.428571 0.500000
vt 0.428571 1.000000
vt 0.428571 0.000000
vt 0.285714 0.000000
vt 0.428571 0.750000
vt 0.428571 0.250000
vt 0.131532 0.690000
vt 0.131532 0.750000
vt 0.125000 0.690000
vt 0.619400 0.993468
vt 0.625000 0.993468
vt 0.619400 1.000000
vt 0.131532 0.560000
vt 0.125000 0.560000
vt 0.131532 0.500000
vt 0.625000 0.252841
vt 0.619400 0.256532
vt 0.619400 0.190332
vt 0.368468 0.690000
vt 0.380569 0.690000
vt 0.380219 0.756326
vt 0.628985 0.715934
vt 0.619400 0.756532
vt 0.619400 0.690332
vt 0.368468 0.560000
vt 0.380219 0.493674
vt 0.380569 0.560000
vt 0.628985 0.534496
vt 0.619400 0.560000
vt 0.619400 0.493472
vt 0.380600 0.000000
vt 0.619400 0.060000
vt 0.380600 0.060000
vt 0.380600 0.190000
vt 0.380600 0.993468
vt 0.868468 0.690000
vt 0.380600 0.256532
vt 0.142524 0.690000
vt 0.142524 0.750000
vt 0.607545 0.982476
vt 0.625000 0.982476
vt 0.607545 1.000000
vt 0.142524 0.560000
vt 0.125000 0.560000
vt 0.142524 0.500000
vt 0.625000 0.256360
vt 0.607545 0.267524
vt 0.607545 0.191081
vt 0.357476 0.690000
vt 0.392140 0.690000
vt 0.389044 0.765815
vt 0.635854 0.719505
vt 0.607545 0.767524
vt 0.607545 0.691081
vt 0.357476 0.560000
vt 0.389044 0.484185
vt 0.392140 0.560000
vt 0.635854 0.531898
vt 0.607545 0.560000
vt 0.607545 0.482557
vt 0.607545 0.000000
vt 0.392455 0.060000
vt 0.392455 0.000000
vt 0.607545 0.060000
vt 0.625000 0.060000
vt 0.392455 0.267524
vt 0.392455 0.190000
vt 0.392455 0.982476
vt 0.857476 0.690000
vt 0.129500 0.690000
vt 0.129500 0.750000
vt 0.622985 0.995500
vt 0.625000 0.995500
vt 0.622985 1.000000
vt 0.129500 0.560000
vt 0.129500 0.500000
vt 0.625000 0.252019
vt 0.622985 0.254500
vt 0.622985 0.190118
vt 0.370500 0.690000
vt 0.377011 0.690000
vt 0.376941 0.754449
vt 0.627739 0.715247
vt 0.622985 0.754500
vt 0.622985 0.690118
vt 0.370500 0.560000
vt 0.376941 0.495551
vt 0.377011 0.560000
vt 0.627739 0.535038
vt 0.622985 0.560000
vt 0.622985 0.495501
vt 0.622985 0.000000
vt 0.377015 0.060000
vt 0.377015 0.000000
vt 0.622985 0.060000
vt 0.377015 0.254500
vt 0.377015 0.190000
vt 0.377015 0.995500
vt 0.870500 0.560000
vt 0.129500 0.690000
vt 0.125000 0.690000
vt 0.623016 0.995500
vt 0.625000 0.995500
vt 0.623016 1.000000
vt 0.129500 0.560000
vt 0.623016 0.254500
vt 0.623016 0.190116
vt 0.376981 0.690000
vt 0.376912 0.754450
vt 0.623016 0.754500
vt 0.623016 0.690116
vt 0.376912 0.495550
vt 0.376981 0.560000
vt 0.627739 0.535038
vt 0.623016 0.560000
vt 0.623016 0.495501
vt 0.623016 0.000000
vt 0.376984 0.060000
vt 0.376984 0.000000
vt 0.623016 0.060000
vt 0.376984 0.190000
vt 0.376984 0.995500
vt 0.870500 0.690000
vt 0.376984 0.254500
vt 0.129500 0.750000
vt 0.622995 0.995500
vt 0.625000 0.995500
vt 0.622995 1.000000
vt 0.129500 0.560000
vt 0.129500 0.500000
vt 0.625000 0.252019
vt 0.622995 0.254500
vt 0.622995 0.190117
vt 0.370500 0.690000
vt 0.377001 0.690000
vt 0.376932 0.754449
vt 0.627739 0.715247
vt 0.622995 0.754500
vt 0.622995 0.690117
vt 0.376932 0.495551
vt 0.377001 0.560000
vt 0.627738 0.535038
vt 0.622995 0.560000
vt 0.622995 0.495501
vt 0.622995 0.000000
vt 0.377005 0.060000
vt 0.377005 0.000000
vt 0.622995 0.060000
vt 0.625000 0.060000
vt 0.377005 0.254500
vt 0.377005 0.190000
vt 0.377005 0.995500
vt 0.870500 0.560000
vt 0.483983 0.196595
vt 0.437640 0.399638
vt 0.062360 0.399638
vt 0.145868 0.033767
vt 0.562360 0.399638
vt 0.750000 0.490000
vt 0.983983 0.196595
vt 0.645868 0.033767
vt 0.483983 0.196595
vt 0.145868 0.033767
vt 0.145868 0.033767
vt 0.645868 0.033767
vt 0.565000 0.996587
vt 0.871587 0.732178
vt 0.565000 0.996629
vt 0.871629 0.732178
vt 0.625000 0.996653
vt 0.871653 0.732178
vt 0.062360 0.399638
vt 0.145868 0.033768
vt 0.750000 0.490000
vt 0.983983 0.196595
vt 0.645868 0.033768
vt 0.620979 0.940000
vt 0.815000 0.690000
vt 0.857959 0.733000
vt 0.858240 0.733000
vt 0.858010 0.517000
vt 0.858146 0.517000
vt 0.858203 0.517000
vt 0.857905 0.517000
vt 0.620952 0.940000
vt 0.857821 0.517000
vt 0.858224 0.733000
vt 1.000000 0.000000
vt 0.619400 0.000000
vt 0.868468 0.560000
vt 0.857476 0.560000
vt 0.870500 0.690000
s 0
usemtl wood
f 2/1/1 3/2/1 1/3/1
f 4/4/2 5/5/2 3/2/2
f 6/6/3 7/7/3 5/5/3
f 7/7/4 10/8/4 9/9/4
f 10/8/5 11/10/5 9/9/5
f 2/11/6 12/12/6 8/13/6
f 12/14/7 13/15/7 11/10/7
f 14/16/8 1/17/8 13/15/8
f 3/18/9 7/19/9 11/20/9
f 16/1/10 17/2/10 15/3/10
f 18/4/11 19/5/11 17/2/11
f 19/5/12 22/21/12 21/7/12
f 21/7/13 24/8/13 23/9/13
f 24/8/14 25/10/14 23/9/14
f 16/11/15 26/12/15 22/13/15
f 26/14/16 27/15/16 25/10/16
f 27/15/17 16/22/17 15/17/17
f 17/18/18 21/19/18 25/20/18
f 30/1/19 31/2/19 29/3/19
f 32/4/20 33/5/20 31/2/20
f 34/6/21 35/7/21 33/5/21
f 36/21/22 37/9/22 35/7/22
f 38/8/23 39/10/23 37/9/23
f 30/11/24 40/12/24 36/13/24
f 40/14/25 41/15/25 39/10/25
f 42/16/26 29/17/26 41/15/26
f 31/18/27 35/19/27 39/20/27
f 44/1/28 45/2/28 43/3/28
f 46/4/29 47/5/29 45/2/29
f 48/6/30 49/7/30 47/5/30
f 50/21/31 51/9/31 49/7/31
f 51/9/32 54/14/32 53/10/32
f 44/11/33 54/12/33 50/13/33
f 54/14/34 55/15/34 53/10/34
f 55/15/35 44/22/35 43/17/35
f 45/18/36 49/19/36 53/20/36
f 58/1/37 59/2/37 57/3/37
f 59/2/38 62/6/38 61/5/38
f 62/6/39 63/7/39 61/5/39
f 64/21/40 65/9/40 63/7/40
f 65/9/41 68/14/41 67/10/41
f 58/11/42 68/12/42 64/13/42
f 67/10/43 70/16/43 69/15/43
f 69/15/44 58/22/44 57/17/44
f 59/18/45 63/19/45 67/20/45
f 72/1/46 73/2/46 71/3/46
f 74/4/47 75/5/47 73/2/47
f 76/6/48 77/7/48 75/5/48
f 78/21/49 79/9/49 77/7/49
f 80/8/50 81/10/50 79/9/50
f 72/11/51 82/12/51 78/13/51
f 82/14/52 83/15/52 81/10/52
f 83/15/53 72/22/53 71/17/53
f 73/18/54 77/19/54 81/20/54
f 86/1/55 87/2/55 85/3/55
f 88/4/56 89/5/56 87/2/56
f 90/6/57 91/7/57 89/5/57
f 91/7/58 94/8/58 93/9/58
f 94/8/59 95/10/59 93/9/59
f 86/11/60 96/12/60 92/13/60
f 95/10/61 98/16/61 97/15/61
f 98/16/62 85/17/62 97/15/62
f 87/18/63 91/19/63 95/20/63
f 100/1/64 101/2/64 99/3/64
f 102/4/65 103/5/65 101/2/65
f 104/6/66 105/7/66 103/5/66
f 106/21/67 107/9/67 105/7/67
f 108/8/68 109/10/68 107/9/68
f 100/11/69 110/12/69 106/13/69
f 110/14/70 111/15/70 109/10/70
f 111/15/71 100/22/71 99/17/71
f 101/18/72 105/19/72 109/20/72
f 114/1/73 115/2/73 113/3/73
f 116/4/74 117/5/74 115/2/74
f 118/6/75 119/7/75 117/5/75
f 119/7/76 122/8/76 121/9/76
f 122/8/77 123/10/77 121/9/77
f 114/11/78 124/12/78 120/13/78
f 124/14/79 125/15/79 123/10/79
f 126/16/80 113/17/80 125/15/80
f 115/18/81 119/19/81 123/20/81
f 128/1/82 129/2/82 127/3/82
f 130/4/83 131/5/83 129/2/83
f 132/6/84 133/7/84 131/5/84
f 133/7/85 136/8/85 135/9/85
f 136/8/86 137/10/86 135/9/86
f 128/11/87 138/23/87 134/13/87
f 137/10/88 140/16/88 139/15/88
f 140/16/89 127/17/89 139/15/89
f 129/18/90 133/19/90 137/20/90
f 141/3/91 144/4/91 143/2/91
f 143/2/92 146/6/92 145/5/92
f 146/6/93 147/7/93 145/5/93
f 148/21/94 149/9/94 147/7/94
f 150/8/95 151/10/95 149/9/95
f 142/11/96 152/23/96 148/24/96
f 152/14/97 153/15/97 151/10/97
f 154/16/98 141/17/98 153/15/98
f 143/18/99 147/25/99 151/20/99
f 156/1/100 157/2/100 155/3/100
f 158/4/101 159/5/101 157/2/101
f 160/6/102 161/7/102 159/5/102
f 162/21/103 163/9/103 161/7/103
f 163/9/104 166/14/104 165/10/104
f 156/11/105 166/12/105 162/13/105
f 165/10/106 168/16/106 167/15/106
f 168/16/107 155/17/107 167/15/107
f 157/18/108 161/19/108 165/20/108
f 170/1/109 171/2/109 169/3/109
f 172/4/110 173/5/110 171/2/110
f 174/6/111 175/7/111 173/5/111
f 176/21/112 177/9/112 175/7/112
f 177/9/113 180/14/113 179/10/113
f 170/11/114 180/12/114 176/13/114
f 180/14/115 181/15/115 179/10/115
f 182/16/116 169/17/116 181/15/116
f 171/18/117 175/19/117 179/20/117
f 184/1/118 185/2/118 183/3/118
f 186/4/119 187/5/119 185/2/119
f 188/6/120 189/7/120 187/5/120
f 190/21/121 191/9/121 189/7/121
f 191/9/122 194/14/122 193/10/122
f 184/11/123 194/12/123 190/13/123
f 193/10/124 196/16/124 195/15/124
f 196/16/125 183/17/125 195/15/125
f 185/18/126 189/19/126 193/20/126
f 198/1/127 199/2/127 197/3/127
f 199/2/128 202/6/128 201/5/128
f 202/6/129 203/7/129 201/5/129
f 204/21/130 205/9/130 203/7/130
f 206/8/131 207/10/131 205/9/131
f 198/11/132 208/12/132 204/13/132
f 208/14/133 209/15/133 207/10/133
f 210/16/134 197/17/134 209/15/134
f 199/18/135 203/19/135 207/20/135
f 211/3/136 214/4/136 213/2/136
f 214/4/137 215/5/137 213/2/137
f 216/6/138 217/7/138 215/5/138
f 218/21/139 219/9/139 217/7/139
f 220/8/140 221/10/140 219/9/140
f 212/11/141 222/12/141 218/13/141
f 222/14/142 223/15/142 221/10/142
f 224/16/143 211/17/143 223/15/143
f 213/18/144 217/19/144 221/20/144
f 226/1/145 227/2/145 225/3/145
f 228/4/146 229/5/146 227/2/146
f 230/6/147 231/7/147 229/5/147
f 232/21/148 233/9/148 231/7/148
f 234/8/149 235/10/149 233/9/149
f 226/11/150 236/12/150 232/13/150
f 236/14/151 237/15/151 235/10/151
f 238/16/152 225/17/152 237/15/152
f 227/18/153 231/19/153 235/20/153
f 240/1/154 241/2/154 239/3/154
f 242/4/155 243/5/155 241/2/155
f 243/5/156 246/21/156 245/7/156
f 246/21/157 247/9/157 245/7/157
f 248/8/158 249/10/158 247/9/158
f 240/11/159 250/12/159 246/13/159
f 250/14/160 251/15/160 249/10/160
f 252/16/161 239/17/161 251/15/161
f 241/18/162 245/19/162 249/20/162
f 254/1/163 255/2/163 253/3/163
f 255/2/164 258/6/164 257/5/164
f 258/6/165 259/7/165 257/5/165
f 259/7/166 262/8/166 261/9/166
f 262/8/167 263/10/167 261/9/167
f 254/11/168 264/12/168 260/13/168
f 263/10/169 266/16/169 265/15/169
f 266/16/170 253/17/170 265/15/170
f 255/18/171 259/19/171 263/20/171
f 268/1/172 269/2/172 267/3/172
f 269/2/173 272/6/173 271/5/173
f 272/6/174 273/7/174 271/5/174
f 274/21/175 275/9/175 273/7/175
f 276/8/176 277/10/176 275/9/176
f 268/11/177 278/12/177 274/13/177
f 278/14/178 279/15/178 277/10/178
f 280/16/179 267/17/179 279/15/179
f 269/18/180 273/19/180 277/20/180
f 281/3/181 284/4/181 283/2/181
f 284/4/182 285/5/182 283/2/182
f 286/6/183 287/7/183 285/5/183
f 288/21/184 289/9/184 287/7/184
f 289/9/185 292/14/185 291/10/185
f 282/11/186 292/12/186 288/13/186
f 291/10/187 294/16/187 293/15/187
f 294/16/188 281/17/188 293/15/188
f 283/18/189 287/19/189 291/20/189
f 296/1/190 297/2/190 295/3/190
f 298/4/191 299/5/191 297/2/191
f 300/6/192 301/7/192 299/5/192
f 302/21/193 303/9/193 301/7/193
f 304/8/194 305/10/194 303/9/194
f 296/11/195 306/12/195 302/13/195
f 306/14/196 307/15/196 305/10/196
f 308/16/197 295/17/197 307/15/197
f 297/18/198 301/19/198 305/20/198
f 309/3/199 312/4/199 311/2/199
f 311/2/200 314/6/200 313/5/200
f 314/6/201 315/7/201 313/5/201
f 316/21/202 317/9/202 315/7/202
f 318/8/203 319/10/203 317/9/203
f 310/11/204 320/12/204 316/13/204
f 320/14/205 321/15/205 319/10/205
f 322/16/206 309/17/206 321/15/206
f 311/18/207 315/19/207 319/20/207
f 324/1/208 325/2/208 323/3/208
f 325/2/209 328/6/209 327/5/209
f 327/5/210 330/21/210 329/7/210
f 330/21/211 331/9/211 329/7/211
f 332/8/212 333/10/212 331/9/212
f 324/11/213 334/12/213 330/13/213
f 334/14/214 335/15/214 333/10/214
f 336/16/215 323/17/215 335/15/215
f 325/18/216 329/19/216 333/20/216
f 338/1/217 339/2/217 337/3/217
f 340/4/218 341/5/218 339/2/218
f 342/6/219 343/7/219 341/5/219
f 343/7/220 346/8/220 345/9/220
f 345/9/221 348/14/221 347/10/221
f 338/11/222 348/12/222 344/13/222
f 347/10/223 350/16/223 349/15/223
f 350/16/224 337/17/224 349/15/224
f 339/18/225 343/19/225 347/20/225
f 351/26/226 352/27/226 353/28/226
f 354/29/227 355/30/227 356/31/227
f 357/32/228 358/33/228 359/34/228
f 360/35/229 361/36/229 362/37/229
f 363/38/230 364/39/230 365/40/230
f 366/41/231 367/42/231 368/43/231
f 369/44/232 370/45/232 371/46/232
f 372/47/233 373/48/233 374/49/233
f 357/32/234 353/28/234 358/33/234
f 354/29/235 353/50/235 352/51/235
f 360/35/236 356/31/236 355/30/236
f 361/36/237 358/52/237 362/37/237
f 357/32/238 370/45/238 369/44/238
f 372/47/239 361/36/239 360/35/239
f 373/48/240 370/45/240 374/49/240
f 363/38/241 371/46/241 364/39/241
f 366/41/242 373/48/242 372/47/242
f 367/42/243 364/39/243 368/43/243
f 363/38/244 352/27/244 351/26/244
f 355/53/245 367/42/245 366/41/245
f 369/44/246 351/26/246 357/32/246
f 356/31/247 358/52/247 353/50/247
f 367/42/248 352/54/248 365/40/248
f 360/55/249 366/41/249 372/47/249
f 361/36/250 370/45/250 359/56/250
f 371/46/251 368/43/251 364/39/251
f 375/57/252 376/58/252 377/59/252
f 378/60/253 379/30/253 380/31/253
f 381/61/254 382/33/254 383/62/254
f 384/63/255 385/64/255 386/65/255
f 387/66/256 388/39/256 389/67/256
f 390/68/257 391/69/257 392/70/257
f 393/71/258 394/72/258 395/73/258
f 396/74/259 397/75/259 398/76/259
f 375/57/260 382/33/260 381/61/260
f 378/60/261 377/77/261 376/51/261
f 384/63/262 380/31/262 379/30/262
f 383/78/263 386/65/263 385/64/263
f 393/71/264 383/62/264 394/72/264
f 396/74/265 385/64/265 384/63/265
f 397/75/266 394/72/266 398/76/266
f 387/66/267 395/73/267 388/39/267
f 396/74/268 392/70/268 397/75/268
f 389/67/269 392/70/269 391/69/269
f 387/66/270 376/58/270 375/57/270
f 379/79/271 391/69/271 390/68/271
f 393/71/272 375/57/272 381/61/272
f 380/31/273 382/80/273 377/77/273
f 391/69/274 376/81/274 389/67/274
f 384/82/275 390/68/275 396/74/275
f 385/64/276 394/72/276 383/78/276
f 395/73/277 392/70/277 388/39/277
f 399/83/278 400/84/278 401/85/278
f 402/86/279 403/87/279 404/31/279
f 405/88/280 406/33/280 407/89/280
f 408/90/281 409/91/281 410/92/281
f 411/93/282 412/39/282 413/94/282
f 414/95/283 415/96/283 416/43/283
f 417/97/284 418/98/284 419/99/284
f 420/100/285 421/48/285 422/101/285
f 399/83/286 406/33/286 405/88/286
f 402/86/287 401/50/287 400/51/287
f 408/90/288 404/31/288 403/87/288
f 407/102/289 410/92/289 409/91/289
f 405/88/290 418/98/290 417/97/290
f 420/100/291 409/91/291 408/90/291
f 419/99/292 422/101/292 421/48/292
f 417/97/293 412/39/293 411/93/293
f 414/95/294 421/48/294 420/100/294
f 413/94/295 416/43/295 415/96/295
f 411/93/296 400/84/296 399/83/296
f 414/95/297 402/103/297 415/96/297
f 417/97/298 399/83/298 405/88/298
f 404/31/299 406/52/299 401/50/299
f 415/96/300 400/104/300 413/94/300
f 408/105/301 414/95/301 420/100/301
f 409/91/302 418/98/302 407/102/302
f 421/48/303 412/39/303 419/99/303
f 423/3/304 426/4/304 425/2/304
f 426/4/305 427/5/305 425/2/305
f 428/6/306 429/7/306 427/5/306
f 430/21/307 431/9/307 429/7/307
f 431/9/308 434/14/308 433/10/308
f 424/106/309 434/12/309 430/107/309
f 434/14/310 435/15/310 433/10/310
f 436/16/311 423/17/311 435/15/311
f 425/18/312 429/108/312 433/109/312
f 437/110/313 438/111/313 439/112/313
f 440/113/314 441/114/314 442/115/314
f 443/116/315 444/117/315 445/118/315
f 446/119/316 447/120/316 448/121/316
f 449/122/317 450/123/317 451/124/317
f 452/125/318 453/126/318 454/127/318
f 455/128/319 456/129/319 457/130/319
f 458/131/320 459/132/320 460/133/320
f 443/116/321 439/112/321 444/117/321
f 440/113/322 439/134/322 438/135/322
f 446/119/323 442/115/323 441/114/323
f 445/136/324 448/121/324 447/120/324
f 455/128/325 445/118/325 456/129/325
f 446/119/326 460/133/326 447/120/326
f 459/132/327 456/129/327 460/133/327
f 449/122/328 457/130/328 450/123/328
f 458/131/329 454/127/329 459/132/329
f 453/126/330 450/123/330 454/127/330
f 449/122/331 438/111/331 437/110/331
f 441/137/332 453/126/332 452/125/332
f 443/116/333 449/122/333 437/110/333
f 439/134/334 448/121/334 444/138/334
f 453/126/335 438/139/335 451/124/335
f 446/140/336 452/125/336 458/131/336
f 447/120/337 456/129/337 445/136/337
f 459/132/338 450/123/338 457/130/338
f 509/199/391 510/200/391 511/112/391
f 512/201/392 513/202/392 514/203/392
f 515/204/393 516/205/393 517/118/393
f 518/206/394 519/207/394 520/208/394
f 521/209/395 522/210/395 523/211/395
f 524/125/396 525/212/396 526/213/396
f 527/214/397 528/215/397 529/216/397
f 530/131/398 531/217/398 532/218/398
f 515/204/399 511/112/399 516/205/399
f 510/219/400 514/203/400 511/220/400
f 518/206/401 514/203/401 513/202/401
f 519/207/402 516/221/402 520/208/402
f 527/214/403 517/118/403 528/215/403
f 530/131/404 519/207/404 518/206/404
f 529/216/405 532/218/405 531/217/405
f 521/209/406 529/216/406 522/210/406
f 524/125/407 531/217/407 530/131/407
f 523/211/408 526/213/408 525/212/408
f 521/209/409 510/200/409 509/199/409
f 513/137/410 525/212/410 524/125/410
f 515/204/411 521/209/411 509/199/411
f 514/203/412 516/221/412 511/220/412
f 523/211/413 512/222/413 510/223/413
f 530/131/414 513/224/414 524/125/414
f 519/207/415 528/215/415 517/225/415
f 529/216/416 526/213/416 522/210/416
f 582/1/469 583/2/469 581/3/469
f 584/4/470 585/5/470 583/2/470
f 586/6/471 587/7/471 585/5/471
f 587/7/472 590/8/472 589/9/472
f 589/9/473 592/14/473 591/10/473
f 582/106/474 592/12/474 588/107/474
f 592/14/475 593/15/475 591/10/475
f 593/15/476 582/22/476 581/17/476
f 583/18/477 587/108/477 591/109/477
f 595/268/478 596/269/478 597/112/478
f 598/270/479 599/271/479 600/272/479
f 601/204/480 602/117/480 603/273/480
f 604/274/481 605/275/481 606/276/481
f 607/277/482 608/278/482 609/279/482
f 610/280/483 611/281/483 612/282/483
f 613/283/484 614/284/484 615/285/484
f 616/131/485 617/286/485 618/287/485
f 595/268/486 602/117/486 601/204/486
f 598/270/487 597/288/487 596/289/487
f 604/274/488 600/272/488 599/271/488
f 603/290/489 606/276/489 605/275/489
f 601/204/490 614/284/490 613/283/490
f 604/274/491 618/287/491 605/275/491
f 617/286/492 614/284/492 618/287/492
f 613/283/493 608/278/493 607/277/493
f 616/131/494 612/282/494 617/286/494
f 609/279/495 612/282/495 611/281/495
f 607/277/496 596/269/496 595/268/496
f 599/137/497 611/281/497 610/280/497
f 601/204/498 607/277/498 595/268/498
f 600/272/499 602/291/499 597/288/499
f 609/279/500 598/292/500 596/293/500
f 604/294/501 610/280/501 616/131/501
f 605/275/502 614/284/502 603/290/502
f 617/286/503 608/278/503 615/285/503
f 667/340/556 668/200/556 669/112/556
f 670/341/557 671/342/557 672/343/557
f 673/116/558 674/205/558 675/118/558
f 676/274/559 677/344/559 678/345/559
f 679/346/560 680/347/560 681/348/560
f 682/280/561 683/349/561 684/350/561
f 685/283/562 686/351/562 687/352/562
f 688/131/563 689/353/563 690/354/563
f 667/340/564 674/205/564 673/116/564
f 670/341/565 669/355/565 668/356/565
f 671/342/566 678/345/566 672/343/566
f 675/357/567 678/345/567 677/344/567
f 685/283/568 675/118/568 686/351/568
f 688/131/569 677/344/569 676/274/569
f 687/352/570 690/354/570 689/353/570
f 685/283/571 680/347/571 679/346/571
f 682/280/572 689/353/572 688/131/572
f 681/348/573 684/350/573 683/349/573
f 667/340/574 681/348/574 668/200/574
f 671/137/575 683/349/575 682/280/575
f 673/116/576 679/346/576 667/340/576
f 672/343/577 674/358/577 669/355/577
f 683/349/578 668/359/578 681/348/578
f 688/131/579 671/224/579 682/280/579
f 677/344/580 686/351/580 675/357/580
f 689/353/581 680/347/581 687/352/581
f 2/1/1 4/4/1 3/2/1
f 4/4/2 6/6/2 5/5/2
f 6/6/3 8/21/3 7/7/3
f 7/7/4 8/21/4 10/8/4
f 10/8/5 12/14/5 11/10/5
f 6/642/6 4/643/6 2/11/6
f 2/11/6 14/644/6 12/12/6
f 12/12/6 10/645/6 8/13/6
f 8/13/6 6/642/6 2/11/6
f 12/14/7 14/16/7 13/15/7
f 14/16/8 2/22/8 1/17/8
f 13/646/9 1/647/9 3/18/9
f 3/18/9 5/648/9 7/19/9
f 7/19/9 9/649/9 11/20/9
f 11/20/9 13/646/9 3/18/9
f 16/1/10 18/4/10 17/2/10
f 18/4/11 20/6/11 19/5/11
f 19/5/12 20/6/12 22/21/12
f 21/7/13 22/21/13 24/8/13
f 24/8/14 26/14/14 25/10/14
f 20/642/15 18/643/15 16/11/15
f 16/11/15 28/644/15 26/12/15
f 26/12/15 24/645/15 22/13/15
f 22/13/15 20/642/15 16/11/15
f 26/14/16 28/16/16 27/15/16
f 27/15/17 28/16/17 16/22/17
f 27/646/18 15/647/18 17/18/18
f 17/18/18 19/648/18 21/19/18
f 21/19/18 23/649/18 25/20/18
f 25/20/18 27/646/18 17/18/18
f 30/1/19 32/4/19 31/2/19
f 32/4/20 34/6/20 33/5/20
f 34/6/21 36/21/21 35/7/21
f 36/21/22 38/8/22 37/9/22
f 38/8/23 40/14/23 39/10/23
f 34/642/24 32/643/24 30/11/24
f 30/11/24 42/644/24 40/12/24
f 40/12/24 38/645/24 36/13/24
f 36/13/24 34/642/24 30/11/24
f 40/14/25 42/16/25 41/15/25
f 42/16/26 30/22/26 29/17/26
f 41/646/27 29/647/27 31/18/27
f 31/18/27 33/648/27 35/19/27
f 35/19/27 37/649/27 39/20/27
f 39/20/27 41/646/27 31/18/27
f 44/1/28 46/4/28 45/2/28
f 46/4/29 48/6/29 47/5/29
f 48/6/30 50/21/30 49/7/30
f 50/21/31 52/8/31 51/9/31
f 51/9/32 52/8/32 54/14/32
f 48/642/33 46/643/33 44/11/33
f 44/11/33 56/644/33 54/12/33
f 54/12/33 52/645/33 50/13/33
f 50/13/33 48/642/33 44/11/33
f 54/14/34 56/16/34 55/15/34
f 55/15/35 56/16/35 44/22/35
f 55/646/36 43/647/36 45/18/36
f 45/18/36 47/648/36 49/19/36
f 49/19/36 51/649/36 53/20/36
f 53/20/36 55/646/36 45/18/36
f 58/1/37 60/4/37 59/2/37
f 59/2/38 60/4/38 62/6/38
f 62/6/39 64/21/39 63/7/39
f 64/21/40 66/8/40 65/9/40
f 65/9/41 66/8/41 68/14/41
f 62/642/42 60/643/42 58/11/42
f 58/11/42 70/644/42 68/12/42
f 68/12/42 66/645/42 64/13/42
f 64/13/42 62/642/42 58/11/42
f 67/10/43 68/14/43 70/16/43
f 69/15/44 70/16/44 58/22/44
f 69/646/45 57/647/45 59/18/45
f 59/18/45 61/648/45 63/19/45
f 63/19/45 65/649/45 67/20/45
f 67/20/45 69/646/45 59/18/45
f 72/1/46 74/4/46 73/2/46
f 74/4/47 76/6/47 75/5/47
f 76/6/48 78/21/48 77/7/48
f 78/21/49 80/8/49 79/9/49
f 80/8/50 82/14/50 81/10/50
f 76/642/51 74/643/51 72/11/51
f 72/11/51 84/644/51 82/12/51
f 82/12/51 80/645/51 78/13/51
f 78/13/51 76/642/51 72/11/51
f 82/14/52 84/16/52 83/15/52
f 83/15/53 84/16/53 72/22/53
f 83/646/54 71/647/54 73/18/54
f 73/18/54 75/648/54 77/19/54
f 77/19/54 79/649/54 81/20/54
f 81/20/54 83/646/54 73/18/54
f 86/1/55 88/4/55 87/2/55
f 88/4/56 90/6/56 89/5/56
f 90/6/57 92/21/57 91/7/57
f 91/7/58 92/21/58 94/8/58
f 94/8/59 96/14/59 95/10/59
f 90/642/60 88/643/60 86/11/60
f 86/11/60 98/644/60 96/12/60
f 96/12/60 94/645/60 92/13/60
f 92/13/60 90/642/60 86/11/60
f 95/10/61 96/14/61 98/16/61
f 98/16/62 86/22/62 85/17/62
f 97/646/63 85/647/63 87/18/63
f 87/18/63 89/648/63 91/19/63
f 91/19/63 93/649/63 95/20/63
f 95/20/63 97/646/63 87/18/63
f 100/1/64 102/4/64 101/2/64
f 102/4/65 104/6/65 103/5/65
f 104/6/66 106/21/66 105/7/66
f 106/21/67 108/8/67 107/9/67
f 108/8/68 110/14/68 109/10/68
f 104/642/69 102/643/69 100/11/69
f 100/11/69 112/644/69 110/12/69
f 110/12/69 108/645/69 106/13/69
f 106/13/69 104/642/69 100/11/69
f 110/14/70 112/16/70 111/15/70
f 111/15/71 112/16/71 100/22/71
f 111/646/72 99/647/72 101/18/72
f 101/18/72 103/648/72 105/19/72
f 105/19/72 107/649/72 109/20/72
f 109/20/72 111/646/72 101/18/72
f 114/1/73 116/4/73 115/2/73
f 116/4/74 118/6/74 117/5/74
f 118/6/75 120/21/75 119/7/75
f 119/7/76 120/21/76 122/8/76
f 122/8/77 124/14/77 123/10/77
f 118/642/78 116/643/78 114/11/78
f 114/11/78 126/644/78 124/12/78
f 124/12/78 122/645/78 120/13/78
f 120/13/78 118/642/78 114/11/78
f 124/14/79 126/16/79 125/15/79
f 126/16/80 114/22/80 113/17/80
f 125/646/81 113/647/81 115/18/81
f 115/18/81 117/648/81 119/19/81
f 119/19/81 121/649/81 123/20/81
f 123/20/81 125/646/81 115/18/81
f 128/1/82 130/4/82 129/2/82
f 130/4/83 132/6/83 131/5/83
f 132/6/84 134/21/84 133/7/84
f 133/7/85 134/21/85 136/8/85
f 136/8/86 138/14/86 137/10/86
f 132/650/87 130/643/87 128/11/87
f 128/11/87 140/644/87 138/23/87
f 138/23/87 136/651/87 134/13/87
f 134/13/87 132/650/87 128/11/87
f 137/10/88 138/14/88 140/16/88
f 140/16/89 128/22/89 127/17/89
f 139/646/90 127/647/90 129/18/90
f 129/18/90 131/648/90 133/19/90
f 133/19/90 135/649/90 137/20/90
f 137/20/90 139/646/90 129/18/90
f 141/3/91 142/1/91 144/4/91
f 143/2/92 144/4/92 146/6/92
f 146/6/93 148/21/93 147/7/93
f 148/21/94 150/8/94 149/9/94
f 150/8/95 152/14/95 151/10/95
f 146/650/96 144/643/96 142/11/96
f 142/11/96 154/644/96 152/23/96
f 152/23/96 150/652/96 148/24/96
f 148/24/96 146/650/96 142/11/96
f 152/14/97 154/16/97 153/15/97
f 154/16/98 142/22/98 141/17/98
f 153/646/99 141/647/99 143/18/99
f 143/18/99 145/648/99 147/25/99
f 147/25/99 149/653/99 151/20/99
f 151/20/99 153/646/99 143/18/99
f 156/1/100 158/4/100 157/2/100
f 158/4/101 160/6/101 159/5/101
f 160/6/102 162/21/102 161/7/102
f 162/21/103 164/8/103 163/9/103
f 163/9/104 164/8/104 166/14/104
f 160/642/105 158/643/105 156/11/105
f 156/11/105 168/644/105 166/12/105
f 166/12/105 164/645/105 162/13/105
f 162/13/105 160/642/105 156/11/105
f 165/10/106 166/14/106 168/16/106
f 168/16/107 156/22/107 155/17/107
f 167/646/108 155/647/108 157/18/108
f 157/18/108 159/648/108 161/19/108
f 161/19/108 163/649/108 165/20/108
f 165/20/108 167/646/108 157/18/108
f 170/1/109 172/4/109 171/2/109
f 172/4/110 174/6/110 173/5/110
f 174/6/111 176/21/111 175/7/111
f 176/21/112 178/8/112 177/9/112
f 177/9/113 178/8/113 180/14/113
f 174/642/114 172/643/114 170/11/114
f 170/11/114 182/644/114 180/12/114
f 180/12/114 178/645/114 176/13/114
f 176/13/114 174/642/114 170/11/114
f 180/14/115 182/16/115 181/15/115
f 182/16/116 170/22/116 169/17/116
f 181/646/117 169/647/117 171/18/117
f 171/18/117 173/648/117 175/19/117
f 175/19/117 177/649/117 179/20/117
f 179/20/117 181/646/117 171/18/117
f 184/1/118 186/4/118 185/2/118
f 186/4/119 188/6/119 187/5/119
f 188/6/120 190/21/120 189/7/120
f 190/21/121 192/8/121 191/9/121
f 191/9/122 192/8/122 194/14/122
f 188/642/123 186/643/123 184/11/123
f 184/11/123 196/644/123 194/12/123
f 194/12/123 192/645/123 190/13/123
f 190/13/123 188/642/123 184/11/123
f 193/10/124 194/14/124 196/16/124
f 196/16/125 184/22/125 183/17/125
f 195/646/126 183/647/126 185/18/126
f 185/18/126 187/648/126 189/19/126
f 189/19/126 191/649/126 193/20/126
f 193/20/126 195/646/126 185/18/126
f 198/1/127 200/4/127 199/2/127
f 199/2/128 200/4/128 202/6/128
f 202/6/129 204/21/129 203/7/129
f 204/21/130 206/8/130 205/9/130
f 206/8/131 208/14/131 207/10/131
f 202/642/132 200/643/132 198/11/132
f 198/11/132 210/644/132 208/12/132
f 208/12/132 206/645/132 204/13/132
f 204/13/132 202/642/132 198/11/132
f 208/14/133 210/16/133 209/15/133
f 210/16/134 198/22/134 197/17/134
f 209/646/135 197/647/135 199/18/135
f 199/18/135 201/648/135 203/19/135
f 203/19/135 205/649/135 207/20/135
f 207/20/135 209/646/135 199/18/135
f 211/3/900 212/1/900 214/4/900
f 214/4/137 216/6/137 215/5/137
f 216/6/138 218/21/138 217/7/138
f 218/21/139 220/8/139 219/9/139
f 220/8/140 222/14/140 221/10/140
f 216/642/141 214/643/141 212/11/141
f 212/11/141 224/644/141 222/12/141
f 222/12/141 220/645/141 218/13/141
f 218/13/141 216/642/141 212/11/141
f 222/14/142 224/16/142 223/15/142
f 224/16/143 212/22/143 211/17/143
f 223/646/144 211/647/144 213/18/144
f 213/18/144 215/648/144 217/19/144
f 217/19/144 219/649/144 221/20/144
f 221/20/144 223/646/144 213/18/144
f 226/1/145 228/4/145 227/2/145
f 228/4/146 230/6/146 229/5/146
f 230/6/147 232/21/147 231/7/147
f 232/21/148 234/8/148 233/9/148
f 234/8/149 236/14/149 235/10/149
f 230/642/150 228/643/150 226/11/150
f 226/11/150 238/644/150 236/12/150
f 236/12/150 234/645/150 232/13/150
f 232/13/150 230/642/150 226/11/150
f 236/14/151 238/16/151 237/15/151
f 238/16/152 226/22/152 225/17/152
f 237/646/153 225/647/153 227/18/153
f 227/18/153 229/648/153 231/19/153
f 231/19/153 233/649/153 235/20/153
f 235/20/153 237/646/153 227/18/153
f 240/1/154 242/4/154 241/2/154
f 242/4/155 244/6/155 243/5/155
f 243/5/156 244/6/156 246/21/156
f 246/21/157 248/8/157 247/9/157
f 248/8/158 250/14/158 249/10/158
f 244/642/159 242/643/159 240/11/159
f 240/11/159 252/644/159 250/12/159
f 250/12/159 248/645/159 246/13/159
f 246/13/159 244/642/159 240/11/159
f 250/14/160 252/16/160 251/15/160
f 252/16/161 240/22/161 239/17/161
f 251/646/162 239/647/162 241/18/162
f 241/18/162 243/648/162 245/19/162
f 245/19/162 247/649/162 249/20/162
f 249/20/162 251/646/162 241/18/162
f 254/1/163 256/4/163 255/2/163
f 255/2/164 256/4/164 258/6/164
f 258/6/165 260/21/165 259/7/165
f 259/7/166 260/21/166 262/8/166
f 262/8/167 264/14/167 263/10/167
f 258/642/168 256/643/168 254/11/168
f 254/11/168 266/644/168 264/12/168
f 264/12/168 262/645/168 260/13/168
f 260/13/168 258/642/168 254/11/168
f 263/10/169 264/14/169 266/16/169
f 266/16/170 254/22/170 253/17/170
f 265/646/171 253/647/171 255/18/171
f 255/18/171 257/648/171 259/19/171
f 259/19/171 261/649/171 263/20/171
f 263/20/171 265/646/171 255/18/171
f 268/1/172 270/4/172 269/2/172
f 269/2/173 270/4/173 272/6/173
f 272/6/174 274/21/174 273/7/174
f 274/21/175 276/8/175 275/9/175
f 276/8/176 278/14/176 277/10/176
f 272/642/177 270/643/177 268/11/177
f 268/11/177 280/644/177 278/12/177
f 278/12/177 276/645/177 274/13/177
f 274/13/177 272/642/177 268/11/177
f 278/14/178 280/16/178 279/15/178
f 280/16/179 268/22/179 267/17/179
f 279/646/180 267/647/180 269/18/180
f 269/18/180 271/648/180 273/19/180
f 273/19/180 275/649/180 277/20/180
f 277/20/180 279/646/180 269/18/180
f 281/3/181 282/1/181 284/4/181
f 284/4/182 286/6/182 285/5/182
f 286/6/183 288/21/183 287/7/183
f 288/21/184 290/8/184 289/9/184
f 289/9/185 290/8/185 292/14/185
f 286/642/186 284/643/186 282/11/186
f 282/11/186 294/644/186 292/12/186
f 292/12/186 290/645/186 288/13/186
f 288/13/186 286/642/186 282/11/186
f 291/10/187 292/14/187 294/16/187
f 294/16/188 282/22/188 281/17/188
f 293/646/189 281/647/189 283/18/189
f 283/18/189 285/648/189 287/19/189
f 287/19/189 289/649/189 291/20/189
f 291/20/189 293/646/189 283/18/189
f 296/1/190 298/4/190 297/2/190
f 298/4/191 300/6/191 299/5/191
f 300/6/192 302/21/192 301/7/192
f 302/21/193 304/8/193 303/9/193
f 304/8/194 306/14/194 305/10/194
f 300/642/195 298/643/195 296/11/195
f 296/11/195 308/644/195 306/12/195
f 306/12/195 304/645/195 302/13/195
f 302/13/195 300/642/195 296/11/195
f 306/14/196 308/16/196 307/15/196
f 308/16/197 296/22/197 295/17/197
f 307/646/198 295/647/198 297/18/198
f 297/18/198 299/648/198 301/19/198
f 301/19/198 303/649/198 305/20/198
f 305/20/198 307/646/198 297/18/198
f 309/3/199 310/1/199 312/4/199
f 311/2/200 312/4/200 314/6/200
f 314/6/201 316/21/201 315/7/201
f 316/21/202 318/8/202 317/9/202
f 318/8/203 320/14/203 319/10/203
f 314/642/204 312/643/204 310/11/204
f 310/11/204 322/644/204 320/12/204
f 320/12/204 318/645/204 316/13/204
f 316/13/204 314/642/204 310/11/204
f 320/14/205 322/16/205 321/15/205
f 322/16/206 310/22/206 309/17/206
f 321/646/207 309/647/207 311/18/207
f 311/18/207 313/648/207 315/19/207
f 315/19/207 317/649/207 319/20/207
f 319/20/207 321/646/207 311/18/207
f 324/1/208 326/4/208 325/2/208
f 325/2/209 326/4/209 328/6/209
f 327/5/210 328/6/210 330/21/210
f 330/21/211 332/8/211 331/9/211
f 332/8/212 334/14/212 333/10/212
f 328/642/213 326/643/213 324/11/213
f 324/11/213 336/644/213 334/12/213
f 334/12/213 332/645/213 330/13/213
f 330/13/213 328/642/213 324/11/213
f 334/14/214 336/16/214 335/15/214
f 336/16/215 324/22/215 323/17/215
f 335/646/216 323/647/216 325/18/216
f 325/18/216 327/648/216 329/19/216
f 329/19/216 331/649/216 333/20/216
f 333/20/216 335/646/216 325/18/216
f 338/1/217 340/4/217 339/2/217
f 340/4/218 342/6/218 341/5/218
f 342/6/901 344/21/901 343/7/901
f 343/7/220 344/21/220 346/8/220
f 345/9/221 346/8/221 348/14/221
f 342/642/222 340/643/222 338/11/222
f 338/11/222 350/644/222 348/12/222
f 348/12/222 346/645/222 344/13/222
f 344/13/222 342/642/222 338/11/222
f 347/10/223 348/14/223 350/16/223
f 350/16/224 338/22/224 337/17/224
f 349/646/225 337/647/225 339/18/225
f 339/18/225 341/648/225 343/19/225
f 343/19/225 345/649/225 347/20/225
f 347/20/225 349/646/225 339/18/225
f 357/32/234 351/26/234 353/28/234
f 354/29/235 356/31/235 353/50/235
f 360/35/236 362/37/236 356/31/236
f 361/36/237 359/56/237 358/52/237
f 357/32/238 359/34/238 370/45/238
f 372/47/239 374/49/239 361/36/239
f 373/48/240 371/46/240 370/45/240
f 363/38/241 369/44/241 371/46/241
f 366/41/242 368/43/242 373/48/242
f 367/42/902 365/40/902 364/39/902
f 363/38/244 365/40/244 352/27/244
f 355/53/245 354/654/245 367/42/245
f 369/44/246 363/38/246 351/26/246
f 356/31/247 362/37/247 358/52/247
f 367/42/248 354/654/248 352/54/248
f 360/55/249 355/655/249 366/41/249
f 361/36/250 374/49/250 370/45/250
f 371/46/251 373/48/251 368/43/251
f 375/57/260 377/59/260 382/33/260
f 378/60/261 380/31/261 377/77/261
f 384/63/262 386/65/262 380/31/262
f 383/78/263 382/80/263 386/65/263
f 393/71/264 381/61/264 383/62/264
f 396/74/265 398/76/265 385/64/265
f 397/75/266 395/73/266 394/72/266
f 387/66/267 393/71/267 395/73/267
f 396/74/268 390/68/268 392/70/268
f 389/67/269 388/39/269 392/70/269
f 387/66/270 389/67/270 376/58/270
f 379/79/271 378/656/271 391/69/271
f 393/71/272 387/66/272 375/57/272
f 380/31/273 386/65/273 382/80/273
f 391/69/274 378/656/274 376/81/274
f 384/82/275 379/657/275 390/68/275
f 385/64/276 398/76/276 394/72/276
f 395/73/277 397/75/277 392/70/277
f 399/83/286 401/85/286 406/33/286
f 402/86/287 404/31/287 401/50/287
f 408/90/288 410/92/288 404/31/288
f 407/102/289 406/52/289 410/92/289
f 405/88/290 407/89/290 418/98/290
f 420/100/291 422/101/291 409/91/291
f 419/99/292 418/98/292 422/101/292
f 417/97/293 419/99/293 412/39/293
f 414/95/294 416/43/294 421/48/294
f 413/94/295 412/39/295 416/43/295
f 411/93/296 413/94/296 400/84/296
f 414/95/297 403/658/297 402/103/297
f 417/97/298 411/93/298 399/83/298
f 404/31/299 410/92/299 406/52/299
f 415/96/300 402/103/300 400/104/300
f 408/105/301 403/659/301 414/95/301
f 409/91/302 422/101/302 418/98/302
f 421/48/303 416/43/303 412/39/303
f 423/3/304 424/1/304 426/4/304
f 426/4/305 428/6/305 427/5/305
f 428/6/306 430/21/306 429/7/306
f 430/21/307 432/8/307 431/9/307
f 431/9/308 432/8/308 434/14/308
f 428/642/309 426/643/309 424/106/309
f 424/106/309 436/660/309 434/12/309
f 434/12/309 432/661/309 430/107/309
f 430/107/309 428/642/309 424/106/309
f 434/14/310 436/16/310 435/15/310
f 436/16/311 424/22/311 423/17/311
f 435/646/312 423/662/312 425/18/312
f 425/18/312 427/663/312 429/108/312
f 429/108/312 431/664/312 433/109/312
f 433/109/312 435/646/312 425/18/312
f 443/116/321 437/110/321 439/112/321
f 440/113/322 442/115/322 439/134/322
f 446/119/323 448/121/323 442/115/323
f 445/136/324 444/138/324 448/121/324
f 455/128/325 443/116/325 445/118/325
f 446/119/326 458/131/326 460/133/326
f 459/132/903 457/130/903 456/129/903
f 449/122/328 455/128/328 457/130/328
f 458/131/329 452/125/329 454/127/329
f 453/126/330 451/124/330 450/123/330
f 449/122/331 451/124/331 438/111/331
f 441/137/332 440/665/332 453/126/332
f 443/116/333 455/128/333 449/122/333
f 439/134/334 442/115/334 448/121/334
f 453/126/335 440/665/335 438/139/335
f 446/140/336 441/666/336 452/125/336
f 447/120/337 460/133/337 456/129/337
f 459/132/338 454/127/338 450/123/338
f 515/204/399 509/199/399 511/112/399
f 510/219/400 512/201/400 514/203/400
f 518/206/401 520/208/401 514/203/401
f 519/207/402 517/225/402 516/221/402
f 527/214/403 515/204/403 517/118/403
f 530/131/404 532/218/404 519/207/404
f 529/216/405 528/215/405 532/218/405
f 521/209/406 527/214/406 529/216/406
f 524/125/407 526/213/407 531/217/407
f 523/211/408 522/210/408 526/213/408
f 521/209/409 523/211/409 510/200/409
f 513/137/410 512/222/410 525/212/410
f 515/204/411 527/214/411 521/209/411
f 514/203/412 520/208/412 516/221/412
f 523/211/413 525/212/413 512/222/413
f 530/131/414 518/294/414 513/224/414
f 519/207/415 532/218/415 528/215/415
f 529/216/416 531/217/416 526/213/416
f 582/1/469 584/4/469 583/2/469
f 584/4/470 586/6/470 585/5/470
f 586/6/471 588/21/471 587/7/471
f 587/7/472 588/21/472 590/8/472
f 589/9/473 590/8/473 592/14/473
f 586/642/474 584/643/474 582/106/474
f 582/106/474 594/660/474 592/12/474
f 592/12/474 590/661/474 588/107/474
f 588/107/474 586/642/474 582/106/474
f 592/14/475 594/16/475 593/15/475
f 593/15/476 594/16/476 582/22/476
f 593/646/477 581/662/477 583/18/477
f 583/18/477 585/663/477 587/108/477
f 587/108/477 589/664/477 591/109/477
f 591/109/477 593/646/477 583/18/477
f 595/268/486 597/112/486 602/117/486
f 598/270/487 600/272/487 597/288/487
f 604/274/488 606/276/488 600/272/488
f 603/290/489 602/291/489 606/276/489
f 601/204/490 603/273/490 614/284/490
f 604/274/491 616/131/491 618/287/491
f 617/286/492 615/285/492 614/284/492
f 613/283/493 615/285/493 608/278/493
f 616/131/494 610/280/494 612/282/494
f 609/279/495 608/278/495 612/282/495
f 607/277/496 609/279/496 596/269/496
f 599/137/497 598/292/497 611/281/497
f 601/204/498 613/283/498 607/277/498
f 600/272/499 606/276/499 602/291/499
f 609/279/500 611/281/500 598/292/500
f 604/294/501 599/224/501 610/280/501
f 605/275/502 618/287/502 614/284/502
f 617/286/503 612/282/503 608/278/503
f 667/340/564 669/112/564 674/205/564
f 670/341/565 672/343/565 669/355/565
f 671/342/566 676/274/566 678/345/566
f 675/357/567 674/358/567 678/345/567
f 685/283/568 673/116/568 675/118/568
f 688/131/569 690/354/569 677/344/569
f 687/352/570 686/351/570 690/354/570
f 685/283/571 687/352/571 680/347/571
f 682/280/572 684/350/572 689/353/572
f 681/348/573 680/347/573 684/350/573
f 667/340/574 679/346/574 681/348/574
f 671/137/575 670/673/575 683/349/575
f 673/116/576 685/283/576 679/346/576
f 672/343/577 678/345/577 674/358/577
f 683/349/578 670/673/578 668/359/578
f 688/131/579 676/294/579 671/224/579
f 677/344/580 690/354/580 686/351/580
f 689/353/581 684/350/581 680/347/581
usemtl iron
f 461/141/339 462/142/339 463/143/339
f 464/144/340 465/145/340 466/146/340
f 467/147/341 468/148/341 469/149/341
f 470/150/342 471/151/342 472/152/342
f 473/153/343 474/154/343 475/155/343
f 476/156/344 477/157/344 478/158/344
f 479/159/345 480/160/345 481/161/345
f 482/162/346 483/163/346 484/164/346
f 467/147/347 463/143/347 468/148/347
f 462/51/348 466/165/348 463/166/348
f 470/150/349 466/165/349 465/167/349
f 469/168/350 472/152/350 471/151/350
f 467/147/351 480/160/351 479/159/351
f 482/162/352 471/151/352 470/150/352
f 481/161/353 484/164/353 483/163/353
f 479/159/354 474/154/354 473/153/354
f 476/156/355 483/163/355 482/162/355
f 477/157/356 474/154/356 478/158/356
f 461/141/357 475/155/357 462/142/357
f 465/145/358 477/157/358 476/156/358
f 479/159/359 461/141/359 467/147/359
f 463/166/360 472/152/360 468/169/360
f 475/155/361 464/144/361 462/170/361
f 470/171/362 476/156/362 482/162/362
f 471/151/363 480/160/363 469/168/363
f 483/163/364 474/154/364 481/161/364
f 485/172/365 486/173/365 487/174/365
f 488/175/366 489/176/366 490/146/366
f 491/177/367 492/178/367 493/179/367
f 494/180/368 495/181/368 496/182/368
f 497/183/369 498/154/369 499/184/369
f 500/185/370 501/186/370 502/158/370
f 503/187/371 504/188/371 505/189/371
f 506/190/372 507/191/372 508/192/372
f 491/177/373 487/174/373 492/178/373
f 488/86/374 487/193/374 486/51/374
f 494/180/375 490/194/375 489/167/375
f 493/195/376 496/182/376 495/181/376
f 491/177/377 504/188/377 503/187/377
f 494/180/378 508/192/378 495/181/378
f 505/189/379 508/192/379 507/191/379
f 503/187/380 498/154/380 497/183/380
f 500/185/381 507/191/381 506/190/381
f 499/184/382 502/158/382 501/186/382
f 497/183/383 486/173/383 485/172/383
f 489/176/384 501/186/384 500/185/384
f 503/187/385 485/172/385 491/177/385
f 490/194/386 492/196/386 487/193/386
f 499/184/387 488/175/387 486/197/387
f 494/198/388 500/185/388 506/190/388
f 495/181/389 504/188/389 493/195/389
f 507/191/390 498/154/390 505/189/390
f 533/226/417 534/227/417 535/174/417
f 536/228/418 537/229/418 538/146/418
f 539/230/419 540/178/419 541/231/419
f 542/232/420 543/233/420 544/234/420
f 545/235/421 546/236/421 547/237/421
f 548/238/422 549/239/422 550/240/422
f 551/241/423 552/242/423 553/161/423
f 554/243/424 555/163/424 556/244/424
f 533/226/425 540/178/425 539/230/425
f 534/51/426 538/165/426 535/166/426
f 537/167/427 544/234/427 538/165/427
f 541/245/428 544/234/428 543/233/428
f 551/241/429 541/231/429 552/242/429
f 554/243/430 543/233/430 542/232/430
f 553/161/431 556/244/431 555/163/431
f 551/241/432 546/236/432 545/235/432
f 554/243/433 550/240/433 555/163/433
f 549/239/434 546/236/434 550/240/434
f 545/235/435 534/227/435 533/226/435
f 548/238/436 536/228/436 549/239/436
f 551/241/437 533/226/437 539/230/437
f 535/166/438 544/234/438 540/169/438
f 547/237/439 536/228/439 534/246/439
f 554/243/440 537/247/440 548/238/440
f 543/233/441 552/242/441 541/245/441
f 555/163/442 546/236/442 553/161/442
f 557/248/443 558/249/443 559/174/443
f 560/250/444 561/251/444 562/146/444
f 563/252/445 564/178/445 565/253/445
f 566/254/446 567/255/446 568/256/446
f 569/257/447 570/236/447 571/258/447
f 572/259/448 573/260/448 574/240/448
f 575/261/449 576/262/449 577/161/449
f 578/263/450 579/163/450 580/264/450
f 557/248/451 564/178/451 563/252/451
f 560/86/452 559/166/452 558/51/452
f 561/167/453 568/256/453 562/165/453
f 565/265/454 568/256/454 567/255/454
f 563/252/455 576/262/455 575/261/455
f 566/254/456 580/264/456 567/255/456
f 579/163/457 576/262/457 580/264/457
f 569/257/458 577/161/458 570/236/458
f 578/263/459 574/240/459 579/163/459
f 573/260/460 570/236/460 574/240/460
f 569/257/461 558/249/461 557/248/461
f 572/259/462 560/250/462 573/260/462
f 575/261/463 557/248/463 563/252/463
f 562/165/464 564/169/464 559/166/464
f 573/260/465 558/266/465 571/258/465
f 578/263/466 561/267/466 572/259/466
f 567/255/467 576/262/467 565/265/467
f 577/161/468 574/240/468 570/236/468
f 619/295/504 620/296/504 621/143/504
f 622/297/505 623/298/505 624/146/505
f 625/299/506 626/300/506 627/301/506
f 628/302/507 629/303/507 630/256/507
f 631/304/508 632/305/508 633/306/508
f 634/307/509 635/308/509 636/240/509
f 637/309/510 638/310/510 639/311/510
f 640/312/511 641/163/511 642/313/511
f 625/299/512 621/143/512 626/300/512
f 622/86/513 621/314/513 620/51/513
f 623/167/514 630/256/514 624/165/514
f 629/303/515 626/315/515 630/256/515
f 637/309/516 627/301/516 638/310/516
f 628/302/517 642/313/517 629/303/517
f 641/163/518 638/310/518 642/313/518
f 631/304/519 639/311/519 632/305/519
f 634/307/520 641/163/520 640/312/520
f 633/306/521 636/240/521 635/308/521
f 619/295/522 633/306/522 620/296/522
f 623/298/523 635/308/523 634/307/523
f 637/309/524 619/295/524 625/299/524
f 624/165/525 626/315/525 621/314/525
f 635/308/526 620/316/526 633/306/526
f 640/312/527 623/317/527 634/307/527
f 629/303/528 638/310/528 627/318/528
f 641/163/529 632/305/529 639/311/529
f 643/319/530 644/320/530 645/174/530
f 646/321/531 647/322/531 648/146/531
f 649/323/532 650/178/532 651/324/532
f 652/325/533 653/326/533 654/327/533
f 655/328/534 656/305/534 657/329/534
f 658/330/535 659/331/535 660/158/535
f 661/332/536 662/333/536 663/189/536
f 664/334/537 665/191/537 666/335/537
f 649/323/538 645/174/538 650/178/538
f 646/86/539 645/193/539 644/51/539
f 647/167/540 654/327/540 648/194/540
f 653/326/541 650/336/541 654/327/541
f 661/332/542 651/324/542 662/333/542
f 652/325/543 666/335/543 653/326/543
f 665/191/544 662/333/544 666/335/544
f 661/332/545 656/305/545 655/328/545
f 658/330/546 665/191/546 664/334/546
f 657/329/547 660/158/547 659/331/547
f 655/328/548 644/320/548 643/319/548
f 647/322/549 659/331/549 658/330/549
f 661/332/550 643/319/550 649/323/550
f 648/194/551 650/336/551 645/193/551
f 659/331/552 644/337/552 657/329/552
f 664/334/553 647/338/553 658/330/553
f 651/339/554 666/335/554 662/333/554
f 663/189/555 660/158/555 656/305/555
f 691/360/582 692/361/582 693/174/582
f 694/362/583 695/363/583 696/146/583
f 697/364/584 698/178/584 699/365/584
f 700/366/585 701/367/585 702/368/585
f 703/369/586 704/154/586 705/370/586
f 706/371/587 707/372/587 708/158/587
f 709/373/588 710/374/588 711/189/588
f 712/375/589 713/191/589 714/376/589
f 697/364/590 693/174/590 698/178/590
f 694/86/591 693/193/591 692/51/591
f 700/366/592 696/194/592 695/167/592
f 699/377/593 702/368/593 701/367/593
f 697/364/594 710/374/594 709/373/594
f 712/375/595 701/367/595 700/366/595
f 713/191/596 710/374/596 714/376/596
f 709/373/597 704/154/597 703/369/597
f 712/375/598 708/158/598 713/191/598
f 707/372/599 704/154/599 708/158/599
f 703/369/600 692/361/600 691/360/600
f 706/371/601 694/362/601 707/372/601
f 697/364/602 703/369/602 691/360/602
f 696/194/603 698/378/603 693/193/603
f 705/370/604 694/362/604 692/379/604
f 712/375/605 695/380/605 706/371/605
f 701/367/606 710/374/606 699/377/606
f 711/189/607 708/158/607 704/154/607
f 715/381/608 716/382/608 717/174/608
f 718/383/609 719/384/609 720/146/609
f 721/385/610 722/178/610 723/386/610
f 724/387/611 725/388/611 726/389/611
f 727/390/612 728/236/612 729/391/612
f 730/392/613 731/393/613 732/240/613
f 733/394/614 734/395/614 735/161/614
f 736/396/615 737/163/615 738/397/615
f 715/381/616 722/178/616 721/385/616
f 716/51/617 720/165/617 717/166/617
f 724/387/618 720/165/618 719/167/618
f 725/388/619 722/169/619 726/389/619
f 733/394/620 723/386/620 734/395/620
f 736/396/621 725/388/621 724/387/621
f 735/161/622 738/397/622 737/163/622
f 733/394/623 728/236/623 727/390/623
f 730/392/624 737/163/624 736/396/624
f 729/391/625 732/240/625 731/393/625
f 715/381/626 729/391/626 716/382/626
f 719/384/627 731/393/627 730/392/627
f 733/394/628 715/381/628 721/385/628
f 717/166/629 726/389/629 722/169/629
f 731/393/630 716/398/630 729/391/630
f 724/399/631 730/392/631 736/396/631
f 725/388/632 734/395/632 723/400/632
f 737/163/633 728/236/633 735/161/633
f 785/5/714 782/464/714 781/7/714
f 786/465/715 783/21/715 782/464/715
f 783/466/716 788/467/716 784/468/716
f 788/467/717 781/7/717 784/468/717
f 785/5/718 790/469/718 786/465/718
f 790/469/719 787/6/719 786/465/719
f 787/470/720 792/471/720 788/467/720
f 792/471/721 785/5/721 788/467/721
f 789/2/722 794/472/722 790/469/722
f 790/469/723 795/1/723 791/4/723
f 791/473/724 796/474/724 792/471/724
f 792/471/725 793/3/725 789/2/725
f 793/475/726 798/476/726 794/477/726
f 798/476/727 795/478/727 794/477/727
f 799/479/728 796/480/728 795/481/728
f 796/480/729 797/482/729 793/475/729
f 797/482/730 802/483/730 798/476/730
f 798/476/731 803/484/731 799/485/731
f 799/479/732 804/486/732 800/487/732
f 800/487/733 801/488/733 797/482/733
f 805/489/734 802/483/734 801/488/734
f 802/483/735 807/490/735 803/484/735
f 807/491/736 804/486/736 803/492/736
f 804/486/737 805/489/737 801/488/737
f 781/7/738 806/493/738 805/489/738
f 782/464/739 807/490/739 806/493/739
f 807/491/740 784/468/740 808/494/740
f 784/468/741 805/489/741 808/494/741
f 813/5/742 810/464/742 809/7/742
f 810/464/743 815/6/743 811/21/743
f 815/470/744 812/468/744 811/466/744
f 812/468/745 813/5/745 809/7/745
f 813/5/746 818/469/746 814/465/746
f 818/469/747 815/6/747 814/465/747
f 815/470/748 820/471/748 816/467/748
f 820/471/749 813/5/749 816/467/749
f 817/2/750 822/472/750 818/469/750
f 822/472/751 819/4/751 818/469/751
f 819/473/752 824/474/752 820/471/752
f 824/474/753 817/2/753 820/471/753
f 825/482/754 822/477/754 821/475/754
f 826/476/755 823/478/755 822/477/755
f 823/481/756 828/487/756 824/480/756
f 828/487/757 821/475/757 824/480/757
f 825/482/758 830/483/758 826/476/758
f 830/483/759 827/485/759 826/476/759
f 827/479/760 832/486/760 828/487/760
f 832/486/761 825/482/761 828/487/761
f 833/489/762 830/483/762 829/488/762
f 830/483/763 835/490/763 831/484/763
f 835/491/764 832/486/764 831/492/764
f 832/486/765 833/489/765 829/488/765
f 809/7/766 834/493/766 833/489/766
f 834/493/767 811/21/767 835/490/767
f 835/491/768 812/468/768 836/494/768
f 812/468/769 833/489/769 836/494/769
f 837/495/770 838/496/770 839/497/770
f 840/498/771 841/499/771 842/500/771
f 843/501/772 844/502/772 845/503/772
f 846/504/773 847/505/773 848/506/773
f 849/507/774 850/508/774 851/509/774
f 852/510/775 853/511/775 854/512/775
f 855/513/776 856/514/776 857/515/776
f 858/516/777 859/517/777 860/518/777
f 843/501/778 839/497/778 844/502/778
f 838/519/779 842/520/779 839/521/779
f 846/504/780 842/520/780 841/342/780
f 847/505/781 844/522/781 848/506/781
f 843/501/782 856/514/782 855/513/782
f 858/516/783 847/505/783 846/504/783
f 859/517/784 856/514/784 860/518/784
f 849/507/785 857/515/785 850/508/785
f 852/510/786 859/517/786 858/516/786
f 851/509/787 854/512/787 853/511/787
f 837/495/788 851/509/788 838/496/788
f 852/510/789 840/498/789 853/511/789
f 855/513/790 837/495/790 843/501/790
f 842/520/791 844/522/791 839/521/791
f 853/511/792 838/523/792 851/509/792
f 858/516/793 841/524/793 852/510/793
f 847/505/794 856/514/794 845/525/794
f 857/515/795 854/512/795 850/508/795
f 861/526/796 862/527/796 863/497/796
f 864/528/797 865/529/797 866/530/797
f 867/531/798 868/532/798 869/533/798
f 870/534/799 871/535/799 872/536/799
f 873/537/800 874/538/800 875/539/800
f 876/540/801 877/541/801 878/542/801
f 879/543/802 880/544/802 881/545/802
f 882/546/803 883/547/803 884/548/803
f 861/526/804 868/532/804 867/531/804
f 864/549/805 863/550/805 862/551/805
f 870/534/806 866/552/806 865/553/806
f 869/554/807 872/536/807 871/535/807
f 879/543/808 869/533/808 880/544/808
f 870/534/809 884/548/809 871/535/809
f 881/545/810 884/548/810 883/547/810
f 879/543/811 874/538/811 873/537/811
f 876/540/812 883/547/812 882/546/812
f 877/541/813 874/538/813 878/542/813
f 861/526/814 875/539/814 862/527/814
f 865/529/815 877/541/815 876/540/815
f 867/531/816 873/537/816 861/526/816
f 863/550/817 872/536/817 868/555/817
f 877/541/818 862/556/818 875/539/818
f 882/546/819 865/557/819 876/540/819
f 871/535/820 880/544/820 869/554/820
f 881/545/821 878/542/821 874/538/821
f 467/147/347 461/141/347 463/143/347
f 462/51/348 464/86/348 466/165/348
f 470/150/349 472/152/349 466/165/349
f 469/168/350 468/169/350 472/152/350
f 467/147/351 469/149/351 480/160/351
f 482/162/352 484/164/352 471/151/352
f 481/161/353 480/160/353 484/164/353
f 479/159/354 481/161/354 474/154/354
f 476/156/355 478/158/355 483/163/355
f 477/157/356 475/155/356 474/154/356
f 461/141/357 473/153/357 475/155/357
f 465/145/358 464/144/358 477/157/358
f 479/159/359 473/153/359 461/141/359
f 463/166/360 466/165/360 472/152/360
f 475/155/361 477/157/361 464/144/361
f 470/171/362 465/667/362 476/156/362
f 471/151/363 484/164/363 480/160/363
f 483/163/364 478/158/364 474/154/364
f 491/177/373 485/172/373 487/174/373
f 488/86/374 490/194/374 487/193/374
f 494/180/375 496/182/375 490/194/375
f 493/195/376 492/196/376 496/182/376
f 491/177/377 493/179/377 504/188/377
f 494/180/378 506/190/378 508/192/378
f 505/189/379 504/188/379 508/192/379
f 503/187/380 505/189/380 498/154/380
f 500/185/381 502/158/381 507/191/381
f 499/184/382 498/154/382 502/158/382
f 497/183/383 499/184/383 486/173/383
f 489/176/384 488/175/384 501/186/384
f 503/187/385 497/183/385 485/172/385
f 490/194/386 496/182/386 492/196/386
f 499/184/387 501/186/387 488/175/387
f 494/198/388 489/668/388 500/185/388
f 495/181/389 508/192/389 504/188/389
f 507/191/390 502/158/390 498/154/390
f 533/226/425 535/174/425 540/178/425
f 534/51/904 536/86/904 538/165/904
f 537/167/427 542/232/427 544/234/427
f 541/245/428 540/169/428 544/234/428
f 551/241/429 539/230/429 541/231/429
f 554/243/430 556/244/430 543/233/430
f 553/161/431 552/242/431 556/244/431
f 551/241/432 553/161/432 546/236/432
f 554/243/433 548/238/433 550/240/433
f 549/239/434 547/237/434 546/236/434
f 545/235/435 547/237/435 534/227/435
f 548/238/436 537/229/436 536/228/436
f 551/241/437 545/235/437 533/226/437
f 535/166/438 538/165/438 544/234/438
f 547/237/439 549/239/439 536/228/439
f 554/243/440 542/669/440 537/247/440
f 543/233/441 556/244/441 552/242/441
f 555/163/442 550/240/442 546/236/442
f 557/248/451 559/174/451 564/178/451
f 560/86/905 562/165/905 559/166/905
f 561/167/453 566/254/453 568/256/453
f 565/265/454 564/169/454 568/256/454
f 563/252/455 565/253/455 576/262/455
f 566/254/456 578/263/456 580/264/456
f 579/163/906 577/161/906 576/262/906
f 569/257/458 575/261/458 577/161/458
f 578/263/459 572/259/459 574/240/459
f 573/260/460 571/258/460 570/236/460
f 569/257/461 571/258/461 558/249/461
f 572/259/462 561/251/462 560/250/462
f 575/261/463 569/257/463 557/248/463
f 562/165/464 568/256/464 564/169/464
f 573/260/465 560/250/465 558/266/465
f 578/263/466 566/670/466 561/267/466
f 567/255/467 580/264/467 576/262/467
f 577/161/468 579/163/468 574/240/468
f 625/299/512 619/295/512 621/143/512
f 622/86/907 624/165/907 621/314/907
f 623/167/514 628/302/514 630/256/514
f 629/303/515 627/318/515 626/315/515
f 637/309/516 625/299/516 627/301/516
f 628/302/517 640/312/517 642/313/517
f 641/163/908 639/311/908 638/310/908
f 631/304/519 637/309/519 639/311/519
f 634/307/520 636/240/520 641/163/520
f 633/306/909 632/305/909 636/240/909
f 619/295/522 631/304/522 633/306/522
f 623/298/523 622/297/523 635/308/523
f 637/309/524 631/304/524 619/295/524
f 624/165/910 630/256/910 626/315/910
f 635/308/526 622/297/526 620/316/526
f 640/312/527 628/671/527 623/317/527
f 629/303/528 642/313/528 638/310/528
f 641/163/911 636/240/911 632/305/911
f 649/323/538 643/319/538 645/174/538
f 646/86/539 648/194/539 645/193/539
f 647/167/540 652/325/540 654/327/540
f 653/326/541 651/339/541 650/336/541
f 661/332/542 649/323/542 651/324/542
f 652/325/543 664/334/543 666/335/543
f 665/191/544 663/189/544 662/333/544
f 661/332/545 663/189/545 656/305/545
f 658/330/546 660/158/546 665/191/546
f 657/329/547 656/305/547 660/158/547
f 655/328/912 657/329/912 644/320/912
f 647/322/913 646/321/913 659/331/913
f 661/332/550 655/328/550 643/319/550
f 648/194/551 654/327/551 650/336/551
f 659/331/552 646/321/552 644/337/552
f 664/334/553 652/672/553 647/338/553
f 651/339/554 653/326/554 666/335/554
f 663/189/555 665/191/555 660/158/555
f 697/364/590 691/360/590 693/174/590
f 694/86/914 696/194/914 693/193/914
f 700/366/592 702/368/592 696/194/592
f 699/377/593 698/378/593 702/368/593
f 697/364/594 699/365/594 710/374/594
f 712/375/595 714/376/595 701/367/595
f 713/191/596 711/189/596 710/374/596
f 709/373/597 711/189/597 704/154/597
f 712/375/598 706/371/598 708/158/598
f 707/372/599 705/370/599 704/154/599
f 703/369/600 705/370/600 692/361/600
f 706/371/601 695/363/601 694/362/601
f 697/364/602 709/373/602 703/369/602
f 696/194/603 702/368/603 698/378/603
f 705/370/604 707/372/604 694/362/604
f 712/375/605 700/674/605 695/380/605
f 701/367/606 714/376/606 710/374/606
f 711/189/607 713/191/607 708/158/607
f 715/381/616 717/174/616 722/178/616
f 716/51/617 718/86/617 720/165/617
f 724/387/618 726/389/618 720/165/618
f 725/388/619 723/400/619 722/169/619
f 733/394/620 721/385/620 723/386/620
f 736/396/621 738/397/621 725/388/621
f 735/161/622 734/395/622 738/397/622
f 733/394/623 735/161/623 728/236/623
f 730/392/624 732/240/624 737/163/624
f 729/391/625 728/236/625 732/240/625
f 715/381/626 727/390/626 729/391/626
f 719/384/627 718/383/627 731/393/627
f 733/394/628 727/390/628 715/381/628
f 717/166/629 720/165/629 726/389/629
f 731/393/630 718/383/630 716/398/630
f 724/399/631 719/675/631 730/392/631
f 725/388/632 738/397/632 734/395/632
f 737/163/633 732/240/633 728/236/633
f 785/5/714 786/465/714 782/464/714
f 786/465/715 787/6/715 783/21/715
f 783/466/716 787/470/716 788/467/716
f 788/467/717 785/5/717 781/7/717
f 785/5/915 789/2/915 790/469/915
f 790/469/719 791/4/719 787/6/719
f 787/470/916 791/473/916 792/471/916
f 792/471/721 789/2/721 785/5/721
f 789/2/917 793/3/917 794/472/917
f 790/469/918 794/472/918 795/1/918
f 791/473/724 795/676/724 796/474/724
f 792/471/919 796/474/919 793/3/919
f 793/475/726 797/482/726 798/476/726
f 798/476/727 799/485/727 795/478/727
f 799/479/728 800/487/728 796/480/728
f 796/480/729 800/487/729 797/482/729
f 797/482/730 801/488/730 802/483/730
f 798/476/731 802/483/731 803/484/731
f 799/479/732 803/492/732 804/486/732
f 800/487/920 804/486/920 801/488/920
f 805/489/921 806/493/921 802/483/921
f 802/483/735 806/493/735 807/490/735
f 807/491/922 808/494/922 804/486/922
f 804/486/923 808/494/923 805/489/923
f 781/7/738 782/464/738 806/493/738
f 782/464/739 783/21/739 807/490/739
f 807/491/924 783/466/924 784/468/924
f 784/468/741 781/7/741 805/489/741
f 813/5/925 814/465/925 810/464/925
f 810/464/926 814/465/926 815/6/926
f 815/470/744 816/467/744 812/468/744
f 812/468/745 816/467/745 813/5/745
f 813/5/746 817/2/746 818/469/746
f 818/469/927 819/4/927 815/6/927
f 815/470/748 819/473/748 820/471/748
f 820/471/928 817/2/928 813/5/928
f 817/2/750 821/3/750 822/472/750
f 822/472/751 823/1/751 819/4/751
f 819/473/752 823/676/752 824/474/752
f 824/474/929 821/3/929 817/2/929
f 825/482/754 826/476/754 822/477/754
f 826/476/930 827/485/930 823/478/930
f 823/481/756 827/479/756 828/487/756
f 828/487/757 825/482/757 821/475/757
f 825/482/758 829/488/758 830/483/758
f 830/483/759 831/484/759 827/485/759
f 827/479/760 831/492/760 832/486/760
f 832/486/931 829/488/931 825/482/931
f 833/489/762 834/493/762 830/483/762
f 830/483/763 834/493/763 835/490/763
f 835/491/764 836/494/764 832/486/764
f 832/486/765 836/494/765 833/489/765
f 809/7/766 810/464/766 834/493/766
f 834/493/767 810/464/767 811/21/767
f 835/491/768 811/466/768 812/468/768
f 812/468/769 809/7/769 833/489/769
f 843/501/778 837/495/778 839/497/778
f 838/519/779 840/677/779 842/520/779
f 846/504/932 848/506/932 842/520/932
f 847/505/781 845/525/781 844/522/781
f 843/501/782 845/503/782 856/514/782
f 858/516/783 860/518/783 847/505/783
f 859/517/784 857/515/784 856/514/784
f 849/507/785 855/513/785 857/515/785
f 852/510/933 854/512/933 859/517/933
f 851/509/787 850/508/787 854/512/787
f 837/495/788 849/507/788 851/509/788
f 852/510/789 841/499/789 840/498/789
f 855/513/790 849/507/790 837/495/790
f 842/520/791 848/506/791 844/522/791
f 853/511/792 840/498/792 838/523/792
f 858/516/793 846/678/793 841/524/793
f 847/505/794 860/518/794 856/514/794
f 857/515/795 859/517/795 854/512/795
f 861/526/934 863/497/934 868/532/934
f 864/549/805 866/552/805 863/550/805
f 870/534/935 872/536/935 866/552/935
f 869/554/936 868/555/936 872/536/936
f 879/543/937 867/531/937 869/533/937
f 870/534/938 882/546/938 884/548/938
f 881/545/810 880/544/810 884/548/810
f 879/543/811 881/545/811 874/538/811
f 876/540/939 878/542/939 883/547/939
f 877/541/813 875/539/813 874/538/813
f 861/526/814 873/537/814 875/539/814
f 865/529/815 864/528/815 877/541/815
f 867/531/816 879/543/816 873/537/816
f 863/550/817 866/552/817 872/536/817
f 877/541/818 864/528/818 862/556/818
f 882/546/819 870/679/819 865/557/819
f 871/535/820 884/548/820 880/544/820
f 881/545/821 883/547/821 878/542/821
usemtl core
f 739/401/634 752/402/634 751/403/634
f 740/404/635 752/405/635 754/406/635
f 739/407/636 751/408/636 756/409/636
f 739/410/637 756/411/637 758/412/637
f 739/413/638 758/414/638 755/415/638
f 740/404/639 754/406/639 761/416/639
f 741/417/640 753/418/640 763/419/640
f 742/420/641 757/421/641 765/422/641
f 743/423/642 759/424/642 767/425/642
f 744/426/643 760/427/643 769/428/643
f 740/404/644 761/416/644 764/429/644
f 741/417/645 763/419/645 766/430/645
f 742/420/646 765/422/646 768/431/646
f 743/423/647 767/425/647 770/432/647
f 744/426/648 769/428/648 762/433/648
f 745/434/649 771/435/649 776/436/649
f 746/437/650 772/438/650 778/439/650
f 747/440/651 773/441/651 779/442/651
f 748/443/652 774/444/652 780/445/652
f 749/446/653 775/447/653 777/448/653
f 777/448/654 780/449/654 750/450/654
f 777/448/655 775/447/655 780/449/655
f 775/447/656 748/443/656 780/449/656
f 780/445/657 779/451/657 750/452/657
f 780/445/658 774/444/658 779/451/658
f 774/444/659 747/440/659 779/451/659
f 779/442/660 778/453/660 750/454/660
f 779/442/661 773/441/661 778/453/661
f 773/441/662 746/455/662 778/453/662
f 778/439/663 776/456/663 750/457/663
f 778/439/664 772/438/664 776/456/664
f 772/438/665 745/434/665 776/456/665
f 776/436/666 777/458/666 750/459/666
f 776/436/667 771/435/667 777/458/667
f 771/435/668 749/446/668 777/458/668
f 762/433/669 775/447/669 749/446/669
f 762/433/670 769/428/670 775/447/670
f 769/428/671 748/443/671 775/447/671
f 770/432/672 774/444/672 748/443/672
f 770/432/673 767/425/673 774/444/673
f 767/425/674 747/440/674 774/444/674
f 768/431/675 773/441/675 747/440/675
f 768/431/676 765/422/676 773/441/676
f 765/422/677 746/455/677 773/441/677
f 766/430/678 772/438/678 746/437/678
f 766/430/679 763/419/679 772/438/679
f 763/419/680 745/434/680 772/438/680
f 764/429/681 771/435/681 745/434/681
f 764/429/682 761/416/682 771/435/682
f 761/416/683 749/446/683 771/435/683
f 769/428/684 770/432/684 748/443/684
f 769/428/685 760/427/685 770/432/685
f 760/427/686 743/423/686 770/432/686
f 767/425/687 768/431/687 747/440/687
f 767/425/688 759/424/688 768/431/688
f 759/424/689 742/420/689 768/431/689
f 765/422/690 766/460/690 746/455/690
f 765/422/691 757/421/691 766/460/691
f 757/421/692 741/461/692 766/460/692
f 763/419/693 764/429/693 745/434/693
f 763/419/694 753/418/694 764/429/694
f 753/418/695 740/404/695 764/429/695
f 761/416/696 762/433/696 749/446/696
f 761/416/697 754/406/697 762/433/697
f 754/406/698 744/426/698 762/433/698
f 755/415/699 760/427/699 744/426/699
f 755/415/700 758/414/700 760/427/700
f 758/414/701 743/423/701 760/427/701
f 758/412/702 759/424/702 743/423/702
f 758/412/703 756/411/703 759/424/703
f 756/411/704 742/420/704 759/424/704
f 756/409/705 757/421/705 742/420/705
f 756/409/706 751/408/706 757/421/706
f 751/408/707 741/461/707 757/421/707
f 754/406/708 755/462/708 744/426/708
f 754/406/709 752/405/709 755/462/709
f 752/405/710 739/463/710 755/462/710
f 751/403/711 753/418/711 741/417/711
f 751/403/712 752/402/712 753/418/712
f 752/402/713 740/404/713 753/418/713
usemtl frond
f 885/558/822 886/559/822 887/112/822
f 888/560/823 889/561/823 890/562/823
f 891/563/824 892/532/824 893/564/824
f 894/565/825 895/566/825 896/567/825
f 897/568/826 898/569/826 899/570/826
f 900/571/827 901/572/827 902/573/827
f 903/574/828 904/575/828 905/576/828
f 906/577/829 907/578/829 908/579/829
f 891/563/830 887/112/830 892/532/830
f 888/580/831 887/581/831 886/582/831
f 894/565/832 890/583/832 889/342/832
f 893/584/833 896/567/833 895/566/833
f 891/563/834 904/575/834 903/574/834
f 906/577/835 895/566/835 894/565/835
f 907/578/836 904/575/836 908/579/836
f 903/574/837 898/569/837 897/568/837
f 906/577/838 902/573/838 907/578/838
f 899/570/839 902/573/839 901/572/839
f 897/568/840 886/559/840 885/558/840
f 889/561/841 901/572/841 900/571/841
f 903/574/842 885/558/842 891/563/842
f 887/581/843 896/567/843 892/585/843
f 901/572/844 886/586/844 899/570/844
f 894/587/845 900/571/845 906/577/845
f 895/566/846 904/575/846 893/584/846
f 905/576/847 902/573/847 898/569/847
f 909/588/848 910/559/848 911/589/848
f 912/590/849 913/591/849 914/592/849
f 915/593/850 916/205/850 917/564/850
f 918/565/851 919/594/851 920/595/851
f 921/568/852 922/596/852 923/597/852
f 924/571/853 925/598/853 926/599/853
f 927/574/854 928/600/854 929/601/854
f 930/602/855 931/603/855 932/604/855
f 909/588/856 916/205/856 915/593/856
f 912/605/857 911/606/857 910/607/857
f 918/565/858 914/608/858 913/342/858
f 919/594/859 916/609/859 920/595/859
f 927/574/860 917/564/860 928/600/860
f 930/602/861 919/594/861 918/565/861
f 929/601/862 932/604/862 931/603/862
f 927/574/863 922/596/863 921/568/863
f 924/571/864 931/603/864 930/602/864
f 923/597/865 926/599/865 925/598/865
f 909/588/866 923/597/866 910/559/866
f 913/591/867 925/598/867 924/571/867
f 915/593/868 921/568/868 909/588/868
f 911/606/869 920/595/869 916/609/869
f 923/597/870 912/590/870 910/610/870
f 930/602/871 913/611/871 924/571/871
f 919/594/872 928/600/872 917/612/872
f 929/601/873 926/599/873 922/596/873
f 933/558/874 934/613/874 935/112/874
f 936/614/875 937/615/875 938/616/875
f 939/617/876 940/532/876 941/618/876
f 942/619/877 943/620/877 944/621/877
f 945/622/878 946/623/878 947/624/878
f 948/625/879 949/626/879 950/627/879
f 951/574/880 952/628/880 953/629/880
f 954/630/881 955/631/881 956/632/881
f 939/617/882 935/112/882 940/532/882
f 936/633/883 935/634/883 934/635/883
f 942/619/884 938/636/884 937/637/884
f 941/638/885 944/621/885 943/620/885
f 939/617/886 952/628/886 951/574/886
f 954/630/887 943/620/887 942/619/887
f 955/631/888 952/628/888 956/632/888
f 951/574/889 946/623/889 945/622/889
f 954/630/890 950/627/890 955/631/890
f 947/624/891 950/627/891 949/626/891
f 933/558/892 947/624/892 934/613/892
f 937/615/893 949/626/893 948/625/893
f 951/574/894 933/558/894 939/617/894
f 935/634/895 944/621/895 940/639/895
f 947/624/896 936/614/896 934/640/896
f 942/641/897 948/625/897 954/630/897
f 943/620/898 952/628/898 941/638/898
f 955/631/899 946/623/899 953/629/899
f 891/563/940 885/558/940 887/112/940
f 888/580/831 890/583/831 887/581/831
f 894/565/832 896/567/832 890/583/832
f 893/584/833 892/585/833 896/567/833
f 891/563/834 893/564/834 904/575/834
f 906/577/835 908/579/835 895/566/835
f 907/578/836 905/576/836 904/575/836
f 903/574/837 905/576/837 898/569/837
f 906/577/838 900/571/838 902/573/838
f 899/570/839 898/569/839 902/573/839
f 897/568/840 899/570/840 886/559/840
f 889/561/841 888/560/841 901/572/841
f 903/574/842 897/568/842 885/558/842
f 887/581/843 890/583/843 896/567/843
f 901/572/844 888/560/844 886/586/844
f 894/587/845 889/611/845 900/571/845
f 895/566/846 908/579/846 904/575/846
f 905/576/847 907/578/847 902/573/847
f 909/588/856 911/589/856 916/205/856
f 912/605/857 914/608/857 911/606/857
f 918/565/858 920/595/858 914/608/858
f 919/594/859 917/612/859 916/609/859
f 927/574/941 915/593/941 917/564/941
f 930/602/942 932/604/942 919/594/942
f 929/601/862 928/600/862 932/604/862
f 927/574/863 929/601/863 922/596/863
f 924/571/943 926/599/943 931/603/943
f 923/597/944 922/596/944 926/599/944
f 909/588/945 921/568/945 923/597/945
f 913/591/946 912/590/946 925/598/946
f 915/593/868 927/574/868 921/568/868
f 911/606/869 914/608/869 920/595/869
f 923/597/870 925/598/870 912/590/870
f 930/602/947 918/587/947 913/611/947
f 919/594/872 932/604/872 928/600/872
f 929/601/873 931/603/873 926/599/873
f 939/617/882 933/558/882 935/112/882
f 936/633/948 938/636/948 935/634/948
f 942/619/884 944/621/884 938/636/884
f 941/638/885 940/639/885 944/621/885
f 939/617/949 941/618/949 952/628/949
f 954/630/950 956/632/950 943/620/950
f 955/631/951 953/629/951 952/628/951
f 951/574/952 953/629/952 946/623/952
f 954/630/890 948/625/890 950/627/890
f 947/624/891 946/623/891 950/627/891
f 933/558/892 945/622/892 947/624/892
f 937/615/893 936/614/893 949/626/893
f 951/574/894 945/622/894 933/558/894
f 935/634/895 938/636/895 944/621/895
f 947/624/896 949/626/896 936/614/896
f 942/641/897 937/680/897 948/625/897
f 943/620/898 956/632/898 952/628/898
f 955/631/899 950/627/899 946/623/899
