# Blender 4.5.10 LTS
# www.blender.org
mtllib stow_post_spine.mtl
o stow_post_spine
v 0.542610 0.008457 -0.247057
v 0.542582 0.010346 -0.254355
v 0.557987 0.010593 -0.247091
v 0.542599 0.008981 -0.252210
v 0.551488 0.009346 -0.251276
v 0.553472 0.010491 -0.252234
v 0.553492 0.009155 -0.247073
v 0.541024 0.146411 -0.255674
v 0.541008 0.148441 -0.248413
v 0.556429 0.146658 -0.248409
v 0.541010 0.147817 -0.253555
v 0.549904 0.147674 -0.252617
v 0.551903 0.147992 -0.248418
v 0.551915 0.146556 -0.253552
v 0.543037 0.013360 0.258359
v 0.558414 0.015495 0.258325
v 0.543021 0.015390 0.265620
v 0.553919 0.014058 0.258343
v 0.551922 0.014330 0.262546
v 0.553908 0.015494 0.263477
v 0.543035 0.013983 0.263501
v 0.541435 0.153344 0.257003
v 0.541464 0.151455 0.264301
v 0.556856 0.151560 0.257007
v 0.541446 0.152820 0.262156
v 0.550339 0.152658 0.261205
v 0.552351 0.151558 0.262159
v 0.552330 0.152894 0.256998
v -0.526519 -0.003771 -0.246035
v -0.541941 -0.001987 -0.246039
v -0.526548 -0.001881 -0.253333
v -0.537415 -0.003321 -0.246030
v -0.535423 -0.003085 -0.250237
v -0.537435 -0.001985 -0.251191
v -0.526530 -0.003247 -0.251188
v -0.528122 0.136214 -0.247391
v -0.528105 0.134183 -0.254652
v -0.543498 0.134078 -0.247357
v -0.528120 0.135590 -0.252533
v -0.537006 0.135243 -0.251577
v -0.538992 0.134079 -0.252509
v -0.539004 0.135515 -0.247375
v -0.526092 0.001132 0.259381
v -0.526109 0.003162 0.266642
v -0.541514 0.002916 0.259377
v -0.526094 0.001756 0.264523
v -0.534989 0.001899 0.263585
v -0.536999 0.003017 0.264520
v -0.536987 0.001581 0.259386
v -0.527695 0.141116 0.258025
v -0.543071 0.138980 0.258059
v -0.527666 0.139227 0.265324
v -0.538577 0.140418 0.258041
v -0.536572 0.140227 0.262244
v -0.538556 0.139082 0.263202
v -0.527684 0.140592 0.263178
v 0.533646 0.112181 -0.226409
v 0.533923 0.128380 -0.232946
v 0.535626 0.128387 -0.226512
v 0.533718 0.116909 -0.230991
v 0.534729 0.119003 -0.230172
v 0.535117 0.128369 -0.231064
v 0.534922 0.116914 -0.226442
v 0.554739 1.255687 -0.239680
v 0.555062 1.271962 -0.233337
v 0.556442 1.255694 -0.233246
v 0.554958 1.267179 -0.237862
v 0.555892 1.265060 -0.237018
v 0.556162 1.267184 -0.233313
v 0.555934 1.255676 -0.237798
v 0.535277 0.114821 0.220700
v 0.537257 0.131027 0.220597
v 0.535601 0.131096 0.227043
v 0.536553 0.119555 0.220667
v 0.536387 0.121688 0.224374
v 0.536781 0.131063 0.225153
v 0.535382 0.119604 0.225225
v 0.556693 1.274603 0.213772
v 0.556417 1.258404 0.220309
v 0.558073 1.258335 0.213863
v 0.556622 1.269874 0.218354
v 0.557550 1.267744 0.217528
v 0.557598 1.258371 0.218419
v 0.557793 1.269825 0.213796
v 0.417027 0.114337 -0.225996
v 0.415647 0.130605 -0.226088
v 0.417303 0.130535 -0.232533
v 0.415927 0.119114 -0.226021
v 0.416170 0.121195 -0.229752
v 0.416122 0.130569 -0.230643
v 0.417098 0.119065 -0.230579
v 0.438443 1.274118 -0.232924
v 0.438120 1.257843 -0.239267
v 0.436463 1.257912 -0.232821
v 0.438339 1.269335 -0.237450
v 0.437333 1.267251 -0.236598
v 0.436939 1.257876 -0.237377
v 0.437167 1.269384 -0.232892
v 0.418658 0.116977 0.221113
v 0.418981 0.133252 0.227456
v 0.417278 0.133245 0.221022
v 0.418762 0.121760 0.225638
v 0.417828 0.123880 0.224793
v 0.417787 0.133263 0.225574
v 0.417558 0.121755 0.221089
v 0.440074 1.276759 0.214185
v 0.438094 1.260553 0.214288
v 0.439798 1.260560 0.220722
v 0.438798 1.272025 0.214217
v 0.438991 1.269936 0.217947
v 0.438603 1.260571 0.218840
v 0.440003 1.272030 0.218767
v -0.445679 0.123487 -0.233009
v -0.445268 0.139789 -0.239278
v -0.443689 0.139691 -0.232814
v -0.445517 0.128289 -0.237512
v -0.444520 0.130368 -0.236640
v -0.444110 0.139747 -0.237374
v -0.444401 0.128220 -0.232941
v -0.423691 1.267041 -0.227518
v -0.423480 1.283212 -0.220910
v -0.422111 1.266943 -0.221054
v -0.423501 1.278502 -0.225513
v -0.422584 1.276368 -0.224684
v -0.422384 1.278433 -0.220941
v -0.422533 1.266999 -0.225614
v -0.452621 0.118956 0.214034
v -0.450631 0.135160 0.214229
v -0.452410 0.135127 0.220642
v -0.451342 0.123689 0.214102
v -0.451578 0.125762 0.217838
v -0.451193 0.135123 0.218775
v -0.452601 0.123666 0.218637
v -0.430422 1.278681 0.226133
v -0.430833 1.262379 0.232403
v -0.429053 1.262412 0.225990
v -0.430584 1.273879 0.230637
v -0.429642 1.271762 0.229794
v -0.429616 1.262375 0.230535
v -0.429326 1.273902 0.226102
v -0.562284 0.125738 -0.234797
v -0.563653 0.142007 -0.234653
v -0.561873 0.142039 -0.241066
v -0.563380 0.130516 -0.234765
v -0.563064 0.132657 -0.238458
v -0.563090 0.142043 -0.239199
v -0.562122 0.130540 -0.239300
v -0.540085 1.285462 -0.222698
v -0.540296 1.269291 -0.229306
v -0.542075 1.269259 -0.222893
v -0.540105 1.280753 -0.227300
v -0.541128 1.278656 -0.226502
v -0.541512 1.269295 -0.227438
v -0.541363 1.280730 -0.222766
v -0.569226 0.121207 0.212246
v -0.569015 0.137378 0.218855
v -0.570594 0.137476 0.212390
v -0.569205 0.125916 0.216849
v -0.570122 0.128050 0.216021
v -0.570173 0.137420 0.216950
v -0.570322 0.125985 0.212278
v -0.547027 1.280931 0.224345
v -0.549017 1.264727 0.224150
v -0.547437 1.264630 0.230615
v -0.548305 1.276199 0.224278
v -0.548185 1.274050 0.227976
v -0.548596 1.264672 0.228711
v -0.547188 1.276130 0.228849
v 0.536541 0.136958 -0.244259
v 0.536541 0.152350 -0.245477
v 0.551939 0.152359 -0.244331
v 0.536542 0.141463 -0.245080
v 0.545432 0.143463 -0.244932
v 0.547430 0.152353 -0.245131
v 0.547430 0.141469 -0.244270
v 0.536456 1.221529 -0.252258
v 0.536453 1.236935 -0.251236
v 0.551854 1.221537 -0.251112
v 0.536455 1.232420 -0.251999
v 0.545346 1.230424 -0.251826
v 0.547343 1.232426 -0.251189
v 0.547345 1.221532 -0.251912
v 0.536411 0.137451 -0.166501
v 0.551809 0.152852 -0.166573
v 0.536408 0.152858 -0.165479
v 0.547300 0.141962 -0.166511
v 0.545300 0.143964 -0.165881
v 0.547298 0.152856 -0.165789
v 0.536409 0.141966 -0.165738
v 0.536323 1.237429 -0.173478
v 0.536322 1.222036 -0.172260
v 0.551724 1.222030 -0.173354
v 0.536322 1.232923 -0.172657
v 0.545214 1.230925 -0.172775
v 0.547212 1.222035 -0.172570
v 0.547213 1.232919 -0.173431
v -0.532658 0.136861 -0.246047
v -0.548059 0.152259 -0.246170
v -0.532657 0.152254 -0.247264
v -0.543547 0.141370 -0.246093
v -0.541548 0.143365 -0.246749
v -0.543547 0.152255 -0.246954
v -0.532657 0.141366 -0.246867
v -0.532745 1.236839 -0.253023
v -0.532742 1.221432 -0.254045
v -0.548144 1.221438 -0.252951
v -0.532744 1.232323 -0.253786
v -0.541635 1.230325 -0.253643
v -0.543632 1.221433 -0.253736
v -0.543634 1.232327 -0.253013
v -0.532788 0.137354 -0.168288
v -0.532791 0.152761 -0.167266
v -0.548189 0.152752 -0.168412
v -0.532789 0.141870 -0.167525
v -0.541680 0.143866 -0.167698
v -0.543680 0.152758 -0.167612
v -0.543678 0.141864 -0.168335
v -0.532875 1.237332 -0.175265
v -0.548274 1.221931 -0.175193
v -0.532876 1.221939 -0.174047
v -0.543764 1.232821 -0.175254
v -0.541767 1.230827 -0.174592
v -0.543765 1.221936 -0.174393
v -0.532876 1.232826 -0.174444
v 0.476480 0.405912 -0.197379
v 0.476503 0.406770 -0.203557
v 0.490186 0.407073 -0.197323
v 0.476501 0.406113 -0.201740
v 0.484416 0.406360 -0.200899
v 0.486193 0.406933 -0.201700
v 0.486177 0.406327 -0.197331
v 0.475615 0.474790 -0.204913
v 0.475566 0.475892 -0.198774
v 0.489298 0.475093 -0.198679
v 0.475595 0.475519 -0.203123
v 0.483513 0.475512 -0.202278
v 0.485271 0.475733 -0.198715
v 0.485305 0.474954 -0.203056
v 0.474013 0.414402 0.230210
v 0.487719 0.415562 0.230266
v 0.473965 0.415504 0.236349
v 0.483710 0.414817 0.230257
v 0.481907 0.414991 0.233801
v 0.483676 0.415596 0.234598
v 0.473984 0.414775 0.234559
v 0.473099 0.484382 0.228815
v 0.473077 0.483525 0.234993
v 0.486831 0.483583 0.228910
v 0.473078 0.484182 0.233175
v 0.481005 0.484143 0.232422
v 0.482787 0.483617 0.233243
v 0.482804 0.484223 0.228874
v -0.475983 0.393372 -0.202625
v -0.489714 0.394171 -0.202721
v -0.475960 0.394230 -0.208804
v -0.485687 0.393531 -0.202685
v -0.483888 0.393611 -0.206233
v -0.485671 0.394138 -0.207053
v -0.475961 0.393573 -0.206986
v -0.476897 0.463352 -0.204020
v -0.476848 0.462250 -0.210159
v -0.490602 0.462192 -0.204076
v -0.476868 0.462979 -0.208369
v -0.484791 0.462763 -0.207611
v -0.486559 0.462158 -0.208409
v -0.486593 0.462938 -0.204068
v -0.478450 0.401862 0.224963
v -0.478498 0.402964 0.231102
v -0.492181 0.402661 0.224868
v -0.478479 0.402235 0.229312
v -0.486396 0.402242 0.228467
v -0.488188 0.402800 0.229245
v -0.488154 0.402021 0.224904
v -0.479364 0.471842 0.223568
v -0.493069 0.470682 0.223512
v -0.479386 0.470985 0.229747
v -0.489060 0.471427 0.223521
v -0.487299 0.471394 0.227089
v -0.489076 0.470821 0.227889
v -0.479385 0.471642 0.227929
v 0.486213 0.812894 -0.178331
v 0.486335 0.813779 -0.184504
v 0.499936 0.813801 -0.178085
v 0.486297 0.813114 -0.182690
v 0.494202 0.813212 -0.181742
v 0.496001 0.813756 -0.182516
v 0.495914 0.813130 -0.178151
v 0.486713 0.881810 -0.185539
v 0.486602 0.882884 -0.179396
v 0.500313 0.881832 -0.179120
v 0.486682 0.882531 -0.183746
v 0.494586 0.882374 -0.182794
v 0.496299 0.882546 -0.179207
v 0.496378 0.881787 -0.183551
v 0.478116 0.819441 0.249222
v 0.491839 0.820349 0.249468
v 0.478005 0.820515 0.255365
v 0.487817 0.819677 0.249402
v 0.485971 0.819868 0.252922
v 0.487738 0.820436 0.253746
v 0.478035 0.819795 0.253572
v 0.478504 0.889432 0.248157
v 0.478382 0.888546 0.254331
v 0.492216 0.888380 0.248433
v 0.478420 0.889211 0.252516
v 0.486354 0.889030 0.251870
v 0.488116 0.888467 0.252711
v 0.488202 0.889094 0.248346
v -0.466161 0.817904 -0.196444
v -0.479873 0.818956 -0.196720
v -0.466039 0.818790 -0.202617
v -0.475859 0.818242 -0.196633
v -0.474011 0.818305 -0.200157
v -0.475773 0.818868 -0.200998
v -0.466077 0.818124 -0.200803
v -0.465773 0.887895 -0.197509
v -0.465662 0.886821 -0.203652
v -0.479496 0.886987 -0.197755
v -0.465692 0.887541 -0.201859
v -0.473628 0.887468 -0.201209
v -0.475396 0.886899 -0.202033
v -0.475474 0.887659 -0.197689
v -0.474259 0.824451 0.231109
v -0.474370 0.825525 0.237252
v -0.487970 0.825503 0.230833
v -0.474339 0.824805 0.235459
v -0.482243 0.824961 0.234507
v -0.484035 0.825549 0.235264
v -0.483957 0.824789 0.230920
v -0.473870 0.894442 0.230044
v -0.487593 0.893534 0.229798
v -0.473992 0.893556 0.236217
v -0.483571 0.894206 0.229864
v -0.481859 0.894124 0.233456
v -0.483658 0.893580 0.234229
v -0.473954 0.894222 0.234403
v 0.215262 0.287976 -0.195604
v 0.215114 0.299010 -0.201264
v 0.216050 0.298909 -0.195378
v 0.215237 0.291257 -0.199697
v 0.215772 0.292668 -0.198901
v 0.215794 0.298988 -0.199537
v 0.215899 0.291185 -0.195534
v 0.201808 1.056902 -0.186100
v 0.201572 1.067700 -0.180003
v 0.202743 1.056801 -0.180213
v 0.201659 1.064586 -0.184224
v 0.202244 1.063164 -0.183485
v 0.202321 1.064515 -0.180061
v 0.202487 1.056879 -0.184373
v 0.212203 0.279756 0.212542
v 0.212991 0.290689 0.212768
v 0.211967 0.290554 0.218639
v 0.212840 0.282965 0.212611
v 0.212662 0.284311 0.216033
v 0.212673 0.290600 0.216923
v 0.212116 0.282869 0.216763
v 0.198513 1.059480 0.228143
v 0.198660 1.048445 0.233803
v 0.199684 1.048581 0.227932
v 0.198538 1.056199 0.232236
v 0.199134 1.054807 0.231449
v 0.199366 1.048492 0.232087
v 0.199262 1.056294 0.228085
v 0.147234 0.286792 -0.196137
v 0.146063 0.297691 -0.195927
v 0.147087 0.297827 -0.201798
v 0.146485 0.289977 -0.196079
v 0.146613 0.291464 -0.199444
v 0.146381 0.297780 -0.200081
v 0.147209 0.290073 -0.200230
v 0.133544 1.066516 -0.180536
v 0.133780 1.055718 -0.186633
v 0.132756 1.055583 -0.180763
v 0.133631 1.063402 -0.184757
v 0.133085 1.061961 -0.184027
v 0.133074 1.055671 -0.184917
v 0.132907 1.063307 -0.180606
v 0.144175 0.278572 0.212008
v 0.143940 0.289370 0.218105
v 0.143004 0.289471 0.212219
v 0.144088 0.281686 0.216229
v 0.143503 0.283108 0.215490
v 0.143260 0.289393 0.216378
v 0.143426 0.281757 0.212067
v 0.130485 1.058296 0.227609
v 0.129697 1.047363 0.227383
v 0.130633 1.047261 0.233270
v 0.129848 1.055087 0.227540
v 0.129975 1.053604 0.230907
v 0.129953 1.047284 0.231542
v 0.130510 1.055015 0.231702
v -0.146914 0.294571 -0.189608
v -0.146977 0.305463 -0.195540
v -0.145919 0.305489 -0.189673
v -0.146965 0.297749 -0.193781
v -0.146387 0.299169 -0.193032
v -0.146261 0.305470 -0.193827
v -0.146217 0.297768 -0.189633
v -0.145941 1.063613 -0.199153
v -0.145849 1.074561 -0.193326
v -0.144884 1.063640 -0.193287
v -0.145908 1.071343 -0.197468
v -0.145334 1.069929 -0.196706
v -0.145160 1.071362 -0.193320
v -0.145226 1.063620 -0.197440
v -0.141521 0.296509 0.218591
v -0.140526 0.307427 0.218526
v -0.141429 0.307456 0.224419
v -0.140824 0.299706 0.218567
v -0.140904 0.301139 0.221956
v -0.140759 0.307447 0.222687
v -0.141462 0.299727 0.222733
v -0.140456 1.076499 0.214874
v -0.140393 1.065607 0.220805
v -0.139491 1.065578 0.214913
v -0.140405 1.073320 0.219047
v -0.139852 1.071899 0.218283
v -0.139723 1.065598 0.219074
v -0.139767 1.073300 0.214880
v -0.214948 0.294668 -0.188710
v -0.215913 0.305589 -0.188749
v -0.215011 0.305560 -0.194642
v -0.215637 0.297867 -0.188716
v -0.215552 0.299268 -0.192119
v -0.215681 0.305569 -0.192910
v -0.214999 0.297846 -0.192883
v -0.213883 1.074658 -0.192427
v -0.213975 1.063710 -0.198255
v -0.214878 1.063740 -0.192362
v -0.213942 1.071440 -0.196569
v -0.214500 1.070027 -0.195792
v -0.214646 1.063719 -0.196524
v -0.214580 1.071461 -0.192403
v -0.209555 0.296606 0.219490
v -0.209463 0.307554 0.225317
v -0.210520 0.307527 0.219451
v -0.209496 0.299824 0.223632
v -0.210070 0.301238 0.222870
v -0.210178 0.307546 0.223604
v -0.210244 0.299805 0.219484
v -0.208490 1.076596 0.215772
v -0.209485 1.065678 0.215837
v -0.208427 1.065704 0.221704
v -0.209187 1.073399 0.215797
v -0.209017 1.071998 0.219196
v -0.209143 1.065697 0.219991
v -0.208439 1.073418 0.219945
v 0.578564 1.250901 -0.271647
v 0.578567 1.252436 -0.279462
v 0.595333 1.252626 -0.271552
v 0.578578 1.251406 -0.277183
v 0.588268 1.251759 -0.276121
v 0.590435 1.252627 -0.277115
v 0.590433 1.251541 -0.271589
v 0.576674 1.349603 -0.277786
v 0.576616 1.350867 -0.269924
v 0.593440 1.349793 -0.269876
v 0.576646 1.350553 -0.275473
v 0.586343 1.350542 -0.274418
v 0.588501 1.350687 -0.269880
v 0.588542 1.349794 -0.275440
v 0.576434 1.241476 0.272587
v 0.593203 1.243201 0.272683
v 0.576376 1.242740 0.280450
v 0.588303 1.242116 0.272645
v 0.586102 1.242177 0.277164
v 0.588262 1.243010 0.278205
v 0.576404 1.241790 0.278137
v 0.574486 1.341442 0.274311
v 0.574482 1.339907 0.282125
v 0.591310 1.340368 0.274358
v 0.574472 1.340936 0.279846
v 0.584177 1.340960 0.278867
v 0.586368 1.340177 0.279880
v 0.586371 1.341263 0.274354
v -0.587606 1.228262 -0.276603
v -0.604430 1.229336 -0.276651
v -0.587602 1.229797 -0.284418
v -0.599491 1.228441 -0.276647
v -0.597297 1.228744 -0.281160
v -0.599488 1.229527 -0.282173
v -0.587592 1.228768 -0.282139
v -0.589554 1.328228 -0.274880
v -0.589496 1.326964 -0.282743
v -0.606323 1.326503 -0.274975
v -0.589524 1.327914 -0.280430
v -0.599222 1.327527 -0.279457
v -0.601382 1.326694 -0.280497
v -0.601423 1.327588 -0.274937
v -0.589736 1.218837 0.267631
v -0.589794 1.220101 0.275494
v -0.606560 1.219911 0.267583
v -0.589766 1.219151 0.273181
v -0.599463 1.219162 0.272125
v -0.601662 1.219910 0.273147
v -0.601621 1.219017 0.267587
v -0.591684 1.318803 0.269354
v -0.608453 1.317078 0.269259
v -0.591687 1.317268 0.277169
v -0.603553 1.318163 0.269297
v -0.601388 1.317945 0.273829
v -0.603555 1.317077 0.274823
v -0.591698 1.318298 0.274890
v 0.567857 0.397660 0.199070
v 0.567856 0.398358 0.198229
v 0.584105 0.398082 0.198814
v 0.567851 0.397864 0.198475
v 0.577228 0.397794 0.198437
v 0.579340 0.398162 0.198295
v 0.579341 0.397668 0.198889
v 0.568686 0.446951 0.198143
v 0.568711 0.447652 0.198982
v 0.584935 0.446675 0.198729
v 0.568698 0.447447 0.198389
v 0.578072 0.447195 0.198351
v 0.580188 0.447251 0.198802
v 0.580170 0.446755 0.198209
v 0.568773 0.397746 0.257382
v 0.585021 0.398168 0.257127
v 0.568798 0.398447 0.258221
v 0.580257 0.397755 0.257202
v 0.578160 0.397882 0.257720
v 0.580275 0.398251 0.257795
v 0.568786 0.397952 0.257976
v 0.569627 0.447739 0.257295
v 0.569629 0.447040 0.258136
v 0.585851 0.446761 0.257041
v 0.569633 0.447535 0.257889
v 0.579004 0.447283 0.257633
v 0.581105 0.446843 0.257710
v 0.581104 0.447337 0.257115
v -0.559359 0.416950 0.216751
v -0.575583 0.417928 0.217004
v -0.559360 0.417649 0.215909
v -0.570836 0.417352 0.216930
v -0.568735 0.417406 0.216412
v -0.570837 0.417846 0.216336
v -0.559365 0.417154 0.216156
v -0.558505 0.466943 0.216663
v -0.558530 0.466242 0.215824
v -0.574752 0.466521 0.216919
v -0.558518 0.466737 0.216069
v -0.567891 0.466807 0.216326
v -0.570007 0.466439 0.216250
v -0.569989 0.466934 0.216843
v -0.558443 0.417037 0.275063
v -0.558418 0.417738 0.275902
v -0.574667 0.418015 0.275317
v -0.558430 0.417243 0.275657
v -0.567804 0.417494 0.275695
v -0.569902 0.417934 0.275836
v -0.569920 0.417438 0.275243
v -0.557589 0.467029 0.274976
v -0.573836 0.466607 0.275232
v -0.557588 0.466331 0.275817
v -0.569073 0.467021 0.275156
v -0.566960 0.466895 0.275608
v -0.569072 0.466527 0.275751
v -0.557583 0.466825 0.275570
v 0.565921 0.849787 0.203862
v 0.565895 0.850474 0.203011
v 0.582146 0.850733 0.203552
v 0.565907 0.849983 0.203265
v 0.575281 0.850217 0.203200
v 0.577380 0.850651 0.203046
v 0.577398 0.850166 0.203648
v 0.565145 0.899061 0.202236
v 0.565149 0.899775 0.203065
v 0.581396 0.899321 0.202777
v 0.565142 0.899560 0.202474
v 0.574519 0.899613 0.202412
v 0.576633 0.899744 0.202857
v 0.576629 0.899239 0.202271
v 0.566981 0.850734 0.262165
v 0.583206 0.851679 0.261855
v 0.566985 0.851447 0.262994
v 0.578458 0.851113 0.261950
v 0.576359 0.851179 0.262472
v 0.578461 0.851617 0.262536
v 0.566989 0.850948 0.262756
v 0.566209 0.900721 0.261368
v 0.566235 0.900035 0.262218
v 0.582456 0.900267 0.261080
v 0.566223 0.900526 0.261965
v 0.575596 0.900576 0.261684
v 0.577711 0.900205 0.261761
v 0.577693 0.900690 0.261159
v -0.561278 0.832719 0.224632
v -0.577525 0.833173 0.224920
v -0.561305 0.833405 0.223781
v -0.572762 0.832750 0.224840
v -0.570665 0.832865 0.224315
v -0.572780 0.833236 0.224238
v -0.561292 0.832914 0.224035
v -0.562050 0.882707 0.223834
v -0.562055 0.881993 0.223006
v -0.578275 0.881761 0.224145
v -0.562058 0.882492 0.223244
v -0.571428 0.882261 0.223527
v -0.573530 0.881823 0.223463
v -0.573527 0.882328 0.224049
v -0.560218 0.833666 0.282935
v -0.560214 0.834379 0.283763
v -0.576465 0.834120 0.283222
v -0.560211 0.833880 0.283525
v -0.569588 0.833827 0.283587
v -0.571699 0.834201 0.283729
v -0.571702 0.833697 0.283143
v -0.560990 0.883653 0.282137
v -0.577215 0.882708 0.282447
v -0.560964 0.882967 0.282988
v -0.572467 0.883274 0.282352
v -0.570350 0.883223 0.282799
v -0.572449 0.882789 0.282953
v -0.560976 0.883458 0.282734
v 0.564090 0.130425 -0.256483
v 0.564170 0.131203 -0.264049
v 0.580041 0.131406 -0.256306
v 0.564150 0.130627 -0.261830
v 0.573351 0.130826 -0.260744
v 0.575429 0.131321 -0.261705
v 0.575372 0.130771 -0.256355
v 0.563659 0.189519 -0.264528
v 0.563564 0.190420 -0.256975
v 0.579529 0.189722 -0.256784
v 0.563628 0.190131 -0.262318
v 0.572831 0.190112 -0.261230
v 0.574850 0.190274 -0.256843
v 0.574917 0.189637 -0.262183
v 0.558006 0.134680 0.268345
v 0.573957 0.135661 0.268522
v 0.557911 0.135581 0.275897
v 0.569288 0.135026 0.268473
v 0.567166 0.135152 0.272812
v 0.569221 0.135663 0.273813
v 0.557942 0.134969 0.273688
v 0.557480 0.194676 0.267852
v 0.557400 0.193897 0.275419
v 0.573446 0.193977 0.268043
v 0.557420 0.194473 0.273200
v 0.566646 0.194438 0.272326
v 0.568710 0.193979 0.273335
v 0.568766 0.194530 0.267984
v -0.543873 0.120604 -0.269246
v -0.559839 0.121302 -0.269437
v -0.543793 0.121383 -0.276812
v -0.555159 0.120750 -0.269378
v -0.553039 0.120842 -0.273720
v -0.555103 0.121301 -0.274728
v -0.543813 0.120807 -0.274593
v -0.544399 0.180600 -0.269739
v -0.544304 0.179698 -0.277291
v -0.560350 0.179618 -0.269916
v -0.544335 0.180310 -0.275082
v -0.553559 0.180128 -0.274206
v -0.555614 0.179616 -0.275207
v -0.555681 0.180254 -0.269867
v -0.549957 0.124859 0.255581
v -0.550052 0.125760 0.263134
v -0.565922 0.125558 0.255391
v -0.550021 0.125149 0.260924
v -0.559224 0.125168 0.259837
v -0.561310 0.125642 0.260790
v -0.561243 0.125005 0.255449
v -0.550483 0.184855 0.255089
v -0.566434 0.183874 0.254912
v -0.550563 0.184076 0.262655
v -0.561765 0.184509 0.254961
v -0.559744 0.184454 0.259350
v -0.561822 0.183958 0.260311
v -0.550543 0.184652 0.260436
v -0.001847 0.529915 0.062079
v -0.051160 0.568172 0.023526
v 0.019453 0.561319 -0.000705
v 0.064562 0.560952 0.059174
v 0.021826 0.567578 0.120413
v -0.049694 0.572041 0.098380
v -0.015228 0.622854 -0.003206
v 0.056291 0.618392 0.018826
v 0.057757 0.622260 0.093681
v -0.012856 0.629114 0.117912
v -0.057964 0.629481 0.058033
v 0.008444 0.660518 0.055128
v 0.009770 0.536908 0.025786
v -0.031735 0.540937 0.040029
v -0.019216 0.559396 0.003125
v -0.059859 0.565698 0.061366
v -0.030874 0.543211 0.084027
v 0.036284 0.536693 0.060982
v 0.048804 0.555151 0.024078
v 0.011164 0.540588 0.096977
v 0.050198 0.558831 0.095269
v -0.016959 0.565349 0.118314
v -0.064721 0.599460 0.037650
v -0.063859 0.601734 0.081648
v 0.001904 0.591537 -0.012588
v -0.039601 0.595565 0.001655
v 0.070456 0.588698 0.035559
v 0.043943 0.588914 0.000362
v 0.046199 0.594867 0.115552
v 0.071318 0.590972 0.079557
v -0.037345 0.601518 0.116845
v 0.004693 0.598895 0.129795
v -0.043601 0.631602 0.021937
v 0.023557 0.625084 -0.001107
v 0.066456 0.624734 0.055841
v 0.025813 0.631037 0.114082
v -0.042206 0.635281 0.093128
v -0.004567 0.649845 0.020230
v -0.029686 0.653740 0.056225
v 0.037471 0.647222 0.033180
v 0.038333 0.649495 0.077178
v -0.003172 0.653524 0.091421
v 0.002401 0.536683 0.064053
v -0.029053 0.567576 0.036755
v 0.017877 0.567827 0.025589
v 0.042992 0.568840 0.066764
v 0.011583 0.569214 0.103378
v -0.032943 0.568433 0.084831
v -0.007902 0.618826 0.022594
v 0.036624 0.619607 0.041141
v 0.032734 0.620465 0.089216
v -0.014196 0.620213 0.100383
v -0.039311 0.619201 0.059207
v 0.001280 0.651357 0.061918
v 0.011596 0.544922 0.041632
v -0.015989 0.544774 0.048195
v -0.006892 0.563080 0.025586
v -0.036763 0.563437 0.060408
v -0.018275 0.545278 0.076453
v 0.026358 0.545517 0.065834
v 0.035455 0.563823 0.043225
v 0.007897 0.545737 0.087355
v 0.031756 0.564639 0.088948
v -0.012878 0.564400 0.099568
v -0.040507 0.593277 0.045347
v -0.042793 0.593781 0.073605
v 0.005540 0.593205 0.017262
v -0.022045 0.593057 0.023825
v 0.046474 0.594259 0.052366
v 0.031712 0.593664 0.028164
v 0.025726 0.594983 0.102146
v 0.044188 0.594763 0.080625
v -0.028031 0.594376 0.097807
v -0.001859 0.594835 0.108709
v -0.028074 0.623402 0.037023
v 0.016559 0.623641 0.026404
v 0.040444 0.624603 0.065564
v 0.010573 0.624960 0.100385
v -0.031774 0.624217 0.082746
v -0.004216 0.642303 0.038616
v -0.022677 0.642523 0.060137
v 0.021956 0.642762 0.049518
v 0.019670 0.643266 0.077776
v -0.007915 0.643118 0.084339
v 0.006889 0.961337 0.069481
v -0.041865 0.994009 0.025465
v 0.031121 0.993833 0.008337
v 0.069937 0.998738 0.072288
v 0.020939 1.001944 0.128939
v -0.048158 0.999022 0.100000
v -0.008947 1.051604 0.001069
v 0.060149 1.054526 0.030008
v 0.053856 1.059539 0.104544
v -0.019130 1.059714 0.121671
v -0.057945 1.054810 0.057720
v 0.005103 1.092211 0.060528
v 0.021289 0.968949 0.034328
v -0.021611 0.969052 0.044395
v -0.007367 0.988153 0.008456
v -0.053966 0.991203 0.062334
v -0.025310 0.971998 0.088205
v 0.044104 0.971832 0.071917
v 0.058348 0.990933 0.035978
v 0.015304 0.973716 0.105215
v 0.052363 0.995700 0.106866
v -0.017052 0.995867 0.123155
v -0.059720 1.023994 0.037482
v -0.063419 1.026941 0.081293
v 0.011981 1.022006 -0.005884
v -0.030920 1.022110 0.004183
v 0.075410 1.026607 0.048716
v 0.052595 1.023724 0.011126
v 0.042911 1.031438 0.125825
v 0.071711 1.029553 0.092526
v -0.040604 1.029823 0.118883
v 0.000010 1.031541 0.135892
v -0.040371 1.057847 0.023143
v 0.029043 1.057681 0.006854
v 0.065958 1.062345 0.067675
v 0.019359 1.065394 0.121553
v -0.046357 1.062615 0.094031
v -0.003313 1.079831 0.024793
v -0.032113 1.081716 0.058092
v 0.037301 1.081549 0.041803
v 0.033602 1.084495 0.085614
v -0.009298 1.084599 0.095681
v 0.007435 0.960536 0.061059
v -0.024174 0.990519 0.032936
v 0.022784 0.990858 0.021892
v 0.047773 0.993058 0.063098
v 0.016259 0.994079 0.099608
v -0.028207 0.992509 0.080967
v -0.003372 1.041572 0.017594
v 0.041094 1.043141 0.036236
v 0.037061 1.045132 0.084266
v -0.009897 1.044792 0.095310
v -0.034887 1.042592 0.054104
v 0.005451 1.075114 0.056144
v 0.016631 0.968301 0.038469
v -0.010970 0.968101 0.044960
v -0.001948 0.985924 0.021939
v -0.031920 0.986894 0.056662
v -0.013341 0.969271 0.073192
v 0.031320 0.969594 0.062689
v 0.040342 0.987417 0.039668
v 0.012796 0.970194 0.084149
v 0.036506 0.989310 0.085347
v -0.008155 0.988987 0.095850
v -0.035847 1.016332 0.040873
v -0.038217 1.017502 0.069104
v 0.010279 1.015932 0.012921
v -0.017323 1.015733 0.019412
v 0.051104 1.018148 0.048098
v 0.036416 1.016855 0.023878
v 0.030209 1.019918 0.097790
v 0.048733 1.019318 0.076330
v -0.023529 1.018796 0.093324
v 0.002608 1.019718 0.104281
v -0.023619 1.046340 0.031855
v 0.021041 1.046663 0.021352
v 0.044807 1.048756 0.060541
v 0.014835 1.049726 0.095264
v -0.027455 1.048234 0.077535
v 0.000091 1.065457 0.033054
v -0.018433 1.066056 0.054514
v 0.026227 1.066379 0.044011
v 0.023857 1.067549 0.072242
v -0.003745 1.067350 0.078733
v 0.045409 0.288958 -0.160499
v 0.045624 0.300235 -0.164482
v 0.047044 0.300124 -0.160290
v 0.045464 0.292295 -0.163405
v 0.046305 0.293720 -0.162837
v 0.046620 0.300190 -0.163258
v 0.046467 0.292216 -0.160441
v 0.061992 1.077518 -0.149491
v 0.062248 1.088632 -0.145076
v 0.063412 1.077407 -0.145299
v 0.062165 1.085410 -0.148108
v 0.062945 1.083930 -0.147596
v 0.063169 1.085332 -0.145144
v 0.062988 1.077473 -0.148266
v 0.046792 0.283306 0.131043
v 0.048428 0.294472 0.131251
v 0.047048 0.294420 0.135458
v 0.047851 0.286564 0.131101
v 0.047712 0.287974 0.133554
v 0.048032 0.294423 0.134223
v 0.046876 0.286527 0.134075
v 0.063632 1.082980 0.146466
v 0.063416 1.071703 0.150449
v 0.064796 1.071755 0.146243
v 0.063577 1.079643 0.149372
v 0.064352 1.078184 0.148795
v 0.064400 1.071706 0.149214
v 0.064553 1.079680 0.146398
v -0.051769 0.290995 -0.159998
v -0.052933 0.302220 -0.159775
v -0.051553 0.302272 -0.163982
v -0.052689 0.294294 -0.159930
v -0.052489 0.295790 -0.162327
v -0.052537 0.302268 -0.162747
v -0.051714 0.294331 -0.162904
v -0.034929 1.090669 -0.144575
v -0.035185 1.079555 -0.148990
v -0.036565 1.079503 -0.144784
v -0.035012 1.087447 -0.147607
v -0.035849 1.086001 -0.147086
v -0.036169 1.079551 -0.147755
v -0.035988 1.087410 -0.144633
v -0.050385 0.285343 0.131543
v -0.050129 0.296457 0.135959
v -0.051549 0.296567 0.131767
v -0.050302 0.288564 0.134576
v -0.051082 0.290044 0.134063
v -0.051125 0.296501 0.134734
v -0.051306 0.288642 0.131612
v -0.033545 1.085016 0.146967
v -0.035181 1.073850 0.146758
v -0.033761 1.073740 0.150950
v -0.034604 1.081758 0.146909
v -0.034442 1.080255 0.149304
v -0.034757 1.073784 0.149725
v -0.033600 1.081680 0.149873
v 0.118775 0.275273 -0.182292
v 0.118899 0.286464 -0.188188
v 0.119511 0.286471 -0.182298
v 0.118847 0.278547 -0.186454
v 0.119245 0.280000 -0.185687
v 0.119368 0.286465 -0.186458
v 0.119280 0.278552 -0.182289
v 0.121419 1.064059 -0.189325
v 0.121368 1.075268 -0.183462
v 0.122031 1.064066 -0.183435
v 0.121419 1.071981 -0.187615
v 0.121807 1.070528 -0.186844
v 0.121852 1.071986 -0.183450
v 0.121888 1.064060 -0.187596
v 0.112671 0.275890 0.225902
v 0.113407 0.287088 0.225896
v 0.112619 0.287099 0.231765
v 0.113176 0.279169 0.225905
v 0.113040 0.280628 0.229296
v 0.113140 0.287095 0.230050
v 0.112619 0.279177 0.230055
v 0.115264 1.075885 0.224732
v 0.115140 1.064694 0.230627
v 0.115928 1.064683 0.224758
v 0.115191 1.072611 0.228894
v 0.115602 1.071155 0.228139
v 0.115660 1.064690 0.228913
v 0.115748 1.072603 0.224744
v 0.070180 0.275430 -0.183019
v 0.069517 0.286632 -0.183046
v 0.070304 0.286621 -0.188914
v 0.069696 0.278712 -0.183031
v 0.069842 0.280159 -0.186426
v 0.069784 0.286625 -0.187200
v 0.070253 0.278704 -0.187181
v 0.072773 1.075425 -0.184189
v 0.072825 1.064216 -0.190052
v 0.072037 1.064227 -0.184183
v 0.072825 1.072138 -0.188342
v 0.072405 1.070687 -0.187583
v 0.072304 1.064220 -0.188338
v 0.072268 1.072146 -0.184192
v 0.064077 0.276047 0.225175
v 0.064025 0.287255 0.231038
v 0.063413 0.287249 0.225148
v 0.064025 0.279333 0.229328
v 0.063637 0.280787 0.228557
v 0.063556 0.287255 0.229309
v 0.063592 0.279329 0.225163
v 0.066670 1.076042 0.224005
v 0.065933 1.064844 0.224011
v 0.066545 1.064850 0.229900
v 0.066164 1.072763 0.224002
v 0.066200 1.071314 0.227400
v 0.066076 1.064849 0.228171
v 0.066597 1.072767 0.228167
v -0.065803 0.268844 -0.175098
v -0.065698 0.279938 -0.181175
v -0.064993 0.280035 -0.175297
v -0.065775 0.272050 -0.179313
v -0.065356 0.273513 -0.178576
v -0.065202 0.279963 -0.179454
v -0.065276 0.272119 -0.175156
v -0.058047 1.057378 -0.194956
v -0.057931 1.068680 -0.189275
v -0.057342 1.057475 -0.189077
v -0.057968 1.065326 -0.193374
v -0.057577 1.063883 -0.192586
v -0.057469 1.065395 -0.189217
v -0.057551 1.057404 -0.193234
v -0.065420 0.276075 0.233078
v -0.064610 0.287266 0.232879
v -0.065304 0.287377 0.238759
v -0.064893 0.279350 0.233019
v -0.064966 0.280864 0.236388
v -0.064811 0.287342 0.237036
v -0.065384 0.279429 0.237177
v -0.057548 1.075911 0.218901
v -0.057653 1.064818 0.224978
v -0.056959 1.064707 0.219099
v -0.057577 1.072705 0.223116
v -0.057188 1.071234 0.222378
v -0.057160 1.064782 0.223256
v -0.057086 1.072626 0.218958
v -0.114401 0.269323 -0.175061
v -0.114990 0.280528 -0.175259
v -0.114296 0.280417 -0.181138
v -0.114863 0.272608 -0.175118
v -0.114761 0.274000 -0.178538
v -0.114789 0.280452 -0.179416
v -0.114372 0.272529 -0.179276
v -0.106529 1.069159 -0.189238
v -0.106645 1.057857 -0.194919
v -0.107339 1.057968 -0.189039
v -0.106565 1.065805 -0.193337
v -0.106983 1.064370 -0.192548
v -0.107138 1.057892 -0.193196
v -0.107056 1.065884 -0.189179
v -0.114018 0.276554 0.233115
v -0.113902 0.287856 0.238796
v -0.114607 0.287759 0.232917
v -0.113981 0.279908 0.237214
v -0.114372 0.281351 0.236426
v -0.114398 0.287831 0.237074
v -0.114480 0.279839 0.233057
v -0.106146 1.076390 0.218938
v -0.106956 1.065199 0.219137
v -0.106251 1.065296 0.225015
v -0.106673 1.073115 0.218996
v -0.106593 1.071721 0.222416
v -0.106747 1.065271 0.223294
v -0.106174 1.073184 0.223153
v 0.082860 0.271790 0.204951
v 0.082848 0.272492 0.204114
v 0.085095 0.272504 0.204935
v 0.082854 0.271997 0.204358
v 0.084147 0.272096 0.204457
v 0.084434 0.272502 0.204347
v 0.084442 0.272005 0.204939
v 0.082528 0.321091 0.204285
v 0.082531 0.321788 0.205128
v 0.084775 0.321103 0.205107
v 0.082527 0.321585 0.204533
v 0.083822 0.321503 0.204631
v 0.084116 0.321594 0.205114
v 0.084114 0.321101 0.204518
v 0.083346 0.271587 0.263269
v 0.085582 0.272302 0.263253
v 0.083349 0.272284 0.264112
v 0.084929 0.271803 0.263257
v 0.084642 0.271890 0.263744
v 0.084931 0.272295 0.263852
v 0.083350 0.271790 0.263864
v 0.083017 0.321586 0.263445
v 0.083029 0.320883 0.264283
v 0.085262 0.320900 0.263424
v 0.083023 0.321379 0.264039
v 0.084316 0.321297 0.263919
v 0.084610 0.320894 0.264024
v 0.084602 0.321391 0.263432
v -0.072651 0.270761 0.206245
v -0.074896 0.271446 0.206266
v -0.072663 0.271463 0.205408
v -0.074236 0.270955 0.206259
v -0.073950 0.271049 0.205772
v -0.074245 0.271452 0.205667
v -0.072658 0.270968 0.205652
v -0.072981 0.320759 0.206422
v -0.072983 0.320062 0.205579
v -0.075216 0.320044 0.206438
v -0.072984 0.320556 0.205827
v -0.074276 0.320456 0.205946
v -0.074565 0.320051 0.205838
v -0.074563 0.320544 0.206434
v -0.072165 0.270558 0.264563
v -0.072162 0.271255 0.265405
v -0.074409 0.271243 0.264584
v -0.072161 0.270761 0.265157
v -0.073456 0.270844 0.265060
v -0.073748 0.271245 0.265172
v -0.073750 0.270753 0.264577
v -0.072494 0.320557 0.264739
v -0.074729 0.319842 0.264755
v -0.072483 0.319854 0.265577
v -0.074077 0.320341 0.264752
v -0.073781 0.320251 0.265234
v -0.074068 0.319844 0.265344
v -0.072488 0.320350 0.265332
v 0.073537 1.070213 0.199105
v 0.073553 1.070921 0.198272
v 0.075784 1.070891 0.199136
v 0.073546 1.070424 0.198513
v 0.074839 1.070501 0.198637
v 0.075134 1.070903 0.198535
v 0.075123 1.070402 0.199124
v 0.074039 1.119516 0.198724
v 0.074037 1.120209 0.199570
v 0.076270 1.119486 0.199588
v 0.074041 1.120009 0.198974
v 0.075332 1.119904 0.199097
v 0.075619 1.119988 0.199585
v 0.075620 1.119498 0.198987
v 0.072904 1.069677 0.257419
v 0.075150 1.070355 0.257450
v 0.072901 1.070370 0.258266
v 0.074489 1.069866 0.257438
v 0.074194 1.069956 0.257921
v 0.074488 1.070356 0.258037
v 0.072899 1.069877 0.258015
v 0.073403 1.119673 0.257884
v 0.073387 1.118965 0.258718
v 0.075636 1.118950 0.257902
v 0.073395 1.119462 0.258476
v 0.074688 1.119359 0.258381
v 0.074974 1.118951 0.258489
v 0.074985 1.119452 0.257900
v -0.081966 1.071783 0.197430
v -0.084199 1.072506 0.197412
v -0.081950 1.072491 0.196597
v -0.083548 1.072004 0.197415
v -0.083251 1.072096 0.196934
v -0.083536 1.072505 0.196826
v -0.081957 1.071994 0.196838
v -0.081466 1.121778 0.197895
v -0.081464 1.121086 0.197049
v -0.083713 1.121101 0.197864
v -0.081462 1.121579 0.197299
v -0.082757 1.121500 0.197393
v -0.083050 1.121100 0.197278
v -0.083052 1.121589 0.197876
v -0.082599 1.071247 0.255744
v -0.082602 1.071939 0.256591
v -0.084832 1.071970 0.255727
v -0.082604 1.071447 0.256340
v -0.083895 1.071552 0.256218
v -0.084183 1.071958 0.256328
v -0.084181 1.071468 0.255729
v -0.082100 1.121242 0.256209
v -0.084347 1.120565 0.256178
v -0.082116 1.120535 0.257043
v -0.083686 1.121053 0.256190
v -0.083401 1.120955 0.256677
v -0.083697 1.120553 0.256779
v -0.082108 1.121032 0.256801
vn 0.0638 -0.9951 -0.0755
vn 0.0907 -0.8399 -0.5351
vn 0.2948 -0.9248 -0.2405
vn 0.1163 0.7521 -0.6487
vn 0.0287 0.9923 -0.1204
vn 0.2736 0.9265 -0.2585
vn 0.0516 -0.9914 0.1203
vn 0.2952 -0.9200 0.2579
vn 0.1348 -0.7493 0.6484
vn 0.0411 0.9963 0.0754
vn 0.0725 0.8418 0.5350
vn 0.2740 0.9313 0.2400
vn -0.0289 -0.9945 -0.1011
vn -0.2740 -0.9313 -0.2400
vn -0.1174 -0.7646 -0.6337
vn -0.0639 0.9934 -0.0947
vn -0.0916 0.8294 -0.5512
vn -0.2952 0.9200 -0.2579
vn -0.0410 -0.9946 0.0948
vn -0.0716 -0.8312 0.5513
vn -0.2736 -0.9265 0.2585
vn -0.0514 0.9935 0.1012
vn -0.2948 0.9248 0.2405
vn -0.1337 0.7617 0.6340
vn 0.0641 -0.9979 0.0096
vn 0.3046 -0.9524 0.0090
vn 0.1913 -0.0073 -0.9815
vn 0.7515 0.0022 -0.6597
vn 0.0412 0.9991 -0.0097
vn 0.2827 0.9591 -0.0095
vn 0.1930 0.0117 0.9811
vn 0.7526 0.0150 0.6583
vn 0.0115 -0.9927 0.1205
vn 0.0101 -0.8331 0.5531
vn -0.0113 0.9948 0.1012
vn -0.0091 0.8436 0.5368
vn -0.7515 -0.0022 0.6597
vn -0.1913 0.0073 0.9815
vn -0.0412 -0.9991 0.0097
vn -0.2828 -0.9591 0.0095
vn -0.0641 0.9979 -0.0096
vn -0.3046 0.9524 -0.0090
vn -0.1930 -0.0117 -0.9811
vn -0.7526 -0.0150 -0.6583
vn 0.0113 -0.9948 -0.1012
vn 0.0091 -0.8436 -0.5368
vn -0.0115 0.9927 -0.1205
vn -0.0101 0.8331 -0.5531
vn 0.0114 -0.9999 0.0097
vn 0.9999 0.0114 -0.0010
vn -0.0008 -0.0097 -1.0000
vn -0.0114 0.9999 -0.0097
vn 0.0008 0.0097 1.0000
vn -0.9999 -0.0114 0.0010
vn 0.9352 -0.2537 -0.2473
vn 0.7645 -0.1216 -0.6331
vn 0.9925 -0.0517 -0.1107
vn 0.8434 0.0482 -0.5351
vn 0.9438 0.2160 -0.2501
vn 0.9960 0.0238 -0.0863
vn 0.9369 -0.2508 0.2434
vn 0.9950 -0.0606 0.0793
vn 0.8448 -0.0795 0.5291
vn 0.9456 0.2189 0.2407
vn 0.7729 0.0931 0.6277
vn 0.9945 0.0149 0.1036
vn -0.9456 -0.2189 -0.2406
vn -0.9966 -0.0247 -0.0788
vn -0.8473 -0.0545 -0.5283
vn -0.9369 0.2508 -0.2434
vn -0.7690 0.1141 -0.6289
vn -0.9933 0.0504 -0.1041
vn -0.9438 -0.2160 0.2501
vn -0.7683 -0.0857 0.6343
vn -0.9937 -0.0137 0.1111
vn -0.9352 0.2537 0.2472
vn -0.9944 0.0616 0.0858
vn -0.8410 0.0857 0.5343
vn 0.9656 -0.2602 -0.0020
vn 0.9981 -0.0613 -0.0033
vn 0.8440 -0.0188 -0.5359
vn 0.9936 -0.0190 -0.1109
vn 0.9745 0.2243 -0.0049
vn 0.9997 0.0243 -0.0038
vn 0.8479 -0.0125 0.5300
vn 0.9944 -0.0177 0.1039
vn -0.0101 -0.6871 0.7265
vn 0.0006 -0.1562 0.9877
vn 0.0154 0.6957 0.7182
vn 0.0066 0.1679 0.9858
vn -0.9936 0.0190 0.1109
vn -0.8441 0.0188 0.5359
vn -0.9745 -0.2243 0.0049
vn -0.9997 -0.0243 0.0038
vn -0.9656 0.2602 0.0020
vn -0.9981 0.0613 0.0033
vn -0.8480 0.0125 -0.5299
vn -0.9944 0.0177 -0.1039
vn -0.0154 -0.6957 -0.7182
vn -0.0066 -0.1679 -0.9858
vn 0.0101 0.6871 -0.7265
vn -0.0006 0.1562 -0.9877
vn -0.0185 -0.9998 0.0060
vn 0.9998 -0.0185 -0.0035
vn -0.0036 -0.0059 -1.0000
vn 0.0185 0.9998 -0.0060
vn 0.0036 0.0059 1.0000
vn -0.9998 0.0185 0.0035
vn 0.9396 -0.2505 -0.2333
vn 0.7764 -0.1121 -0.6202
vn 0.9944 -0.0508 -0.0924
vn 0.8535 0.0561 -0.5180
vn 0.9486 0.2192 -0.2284
vn 0.9975 0.0243 -0.0668
vn 0.9320 -0.2555 0.2573
vn 0.9933 -0.0627 0.0974
vn 0.8345 -0.0887 0.5439
vn 0.9409 0.2142 0.2622
vn 0.7608 0.0824 0.6437
vn 0.9923 0.0124 0.1230
vn -0.9409 -0.2142 -0.2622
vn -0.9949 -0.0226 -0.0982
vn -0.8370 -0.0453 -0.5453
vn -0.9320 0.2555 -0.2573
vn -0.7569 0.1249 -0.6415
vn -0.9911 0.0529 -0.1222
vn -0.9486 -0.2192 0.2285
vn -0.7804 -0.0952 0.6181
vn -0.9957 -0.0146 0.0918
vn -0.9396 0.2505 0.2334
vn -0.9958 0.0610 0.0677
vn -0.8510 0.0779 0.5194
vn 0.9653 -0.2610 0.0123
vn 0.9980 -0.0621 0.0149
vn 0.8542 -0.0109 -0.5198
vn 0.9956 -0.0181 -0.0922
vn 0.9745 0.2235 0.0174
vn 0.9996 0.0235 0.0158
vn 0.8376 -0.0217 0.5458
vn 0.9922 -0.0203 0.1227
vn -0.0244 -0.6987 0.7150
vn -0.0184 -0.1720 0.9849
vn 0.0020 0.6841 0.7294
vn -0.0122 0.1520 0.9883
vn -0.9956 0.0181 0.0921
vn -0.8542 0.0109 0.5199
vn -0.9745 -0.2235 -0.0174
vn -0.9996 -0.0235 -0.0158
vn -0.9653 0.2610 -0.0123
vn -0.9980 0.0621 -0.0149
vn -0.8376 0.0217 -0.5458
vn -0.9922 0.0203 -0.1227
vn -0.0020 -0.6841 -0.7294
vn 0.0122 -0.1520 -0.9883
vn 0.0244 0.6987 -0.7150
vn 0.0184 0.1720 -0.9849
vn -0.0191 -0.9998 -0.0104
vn 0.9997 -0.0193 0.0153
vn 0.0155 0.0101 -0.9998
vn 0.0191 0.9998 0.0104
vn -0.0155 -0.0101 0.9998
vn -0.9997 0.0193 -0.0153
vn 0.0936 -0.2283 -0.9691
vn 0.0248 -0.0364 -0.9990
vn 0.1743 -0.0611 -0.9828
vn 0.0318 0.0168 -0.9994
vn 0.0565 0.1664 -0.9844
vn 0.2237 0.0859 -0.9709
vn 0.0532 -0.1664 0.9846
vn 0.2205 -0.0858 0.9716
vn 0.0284 -0.0168 0.9995
vn 0.0904 0.2283 0.9694
vn 0.0214 0.0364 0.9991
vn 0.1710 0.0611 0.9834
vn -0.0532 -0.1789 -0.9824
vn -0.2205 -0.0982 -0.9704
vn -0.0284 -0.0294 -0.9992
vn -0.0904 0.2159 -0.9722
vn -0.0214 0.0238 -0.9995
vn -0.1710 0.0486 -0.9841
vn -0.0936 -0.2160 0.9719
vn -0.0248 -0.0238 0.9994
vn -0.1743 -0.0487 0.9835
vn -0.0565 0.1789 0.9822
vn -0.2237 0.0981 0.9697
vn -0.0318 0.0294 0.9991
vn 0.3828 -0.9238 0.0065
vn 0.9239 -0.3826 0.0040
vn 0.0318 -0.0063 -0.9995
vn 0.1746 -0.0062 -0.9846
vn 0.3826 0.9239 -0.0052
vn 0.9238 0.3828 -0.0009
vn 0.0284 0.0063 0.9996
vn 0.1713 0.0063 0.9852
vn -0.0016 -0.1667 0.9860
vn -0.0017 -0.0238 0.9997
vn -0.0017 0.1792 0.9838
vn -0.0017 0.0364 0.9993
vn -0.1746 0.0062 0.9846
vn -0.0318 0.0063 0.9995
vn -0.3826 -0.9239 0.0052
vn -0.9238 -0.3828 0.0009
vn -0.3827 0.9238 -0.0065
vn -0.9239 0.3826 -0.0040
vn -0.0284 -0.0063 -0.9996
vn -0.1713 -0.0063 -0.9852
vn 0.0017 -0.1792 -0.9838
vn 0.0017 -0.0364 -0.9993
vn 0.0016 0.1667 -0.9860
vn 0.0017 0.0238 -0.9997
vn 0.0001 -1.0000 0.0063
vn 1.0000 0.0001 0.0017
vn 0.0017 -0.0063 -1.0000
vn -0.0001 1.0000 -0.0063
vn -0.0017 0.0063 1.0000
vn -1.0000 -0.0001 -0.0017
vn 0.0429 -0.9986 -0.0304
vn 0.0653 -0.9385 -0.3391
vn 0.1815 -0.9742 -0.1345
vn 0.0739 0.8831 -0.4632
vn 0.0100 0.9963 -0.0855
vn 0.1561 0.9724 -0.1733
vn 0.0353 -0.9957 0.0857
vn 0.1797 -0.9680 0.1752
vn 0.0920 -0.8810 0.4642
vn 0.0162 0.9994 0.0307
vn 0.0369 0.9398 0.3397
vn 0.1543 0.9786 0.1364
vn -0.0092 -0.9989 -0.0460
vn -0.1543 -0.9786 -0.1364
vn -0.0687 -0.9009 -0.4287
vn -0.0423 0.9966 -0.0705
vn -0.0612 0.9242 -0.3769
vn -0.1797 0.9680 -0.1752
vn -0.0168 -0.9974 0.0702
vn -0.0410 -0.9256 0.3763
vn -0.1560 -0.9724 0.1733
vn -0.0360 0.9983 0.0457
vn -0.1815 0.9742 0.1345
vn -0.0971 0.8987 0.4278
vn 0.0426 -0.9989 0.0201
vn 0.1828 -0.9829 0.0206
vn 0.1885 -0.0171 -0.9819
vn 0.7388 -0.0038 -0.6739
vn 0.0165 0.9997 -0.0198
vn 0.1571 0.9874 -0.0187
vn 0.1771 0.0219 0.9839
vn 0.7310 0.0231 0.6820
vn 0.0126 -0.9962 0.0856
vn 0.0101 -0.9261 0.3771
vn -0.0134 0.9989 0.0459
vn -0.0143 0.9404 0.3399
vn -0.7388 0.0038 0.6739
vn -0.1885 0.0171 0.9819
vn -0.0165 -0.9997 0.0198
vn -0.1570 -0.9874 0.0187
vn -0.0426 0.9989 -0.0201
vn -0.1828 0.9829 -0.0206
vn -0.1771 -0.0219 -0.9839
vn -0.7310 -0.0231 -0.6820
vn 0.0134 -0.9989 -0.0459
vn 0.0143 -0.9404 -0.3398
vn -0.0126 0.9962 -0.0856
vn -0.0101 0.9261 -0.3771
vn 0.0131 -0.9997 0.0199
vn 0.9999 0.0132 0.0055
vn 0.0058 -0.0199 -0.9998
vn -0.0131 0.9997 -0.0199
vn -0.0058 0.0199 0.9998
vn -0.9999 -0.0132 -0.0055
vn 0.0249 -0.9991 -0.0347
vn 0.0527 -0.9379 -0.3428
vn 0.1654 -0.9767 -0.1368
vn 0.0963 0.8838 -0.4579
vn 0.0294 0.9963 -0.0805
vn 0.1762 0.9702 -0.1665
vn 0.0159 -0.9966 0.0813
vn 0.1595 -0.9719 0.1728
vn 0.0696 -0.8846 0.4611
vn 0.0341 0.9988 0.0358
vn 0.0495 0.9374 0.3448
vn 0.1703 0.9749 0.1432
vn -0.0269 -0.9983 -0.0510
vn -0.1703 -0.9749 -0.1432
vn -0.0794 -0.8974 -0.4339
vn -0.0230 0.9975 -0.0662
vn -0.0391 0.9270 -0.3731
vn -0.1595 0.9719 -0.1729
vn -0.0360 -0.9972 0.0651
vn -0.0631 -0.9264 0.3712
vn -0.1761 -0.9702 0.1664
vn -0.0184 0.9986 0.0501
vn -0.1654 0.9767 0.1368
vn -0.0864 0.8983 0.4308
vn 0.0240 -0.9996 0.0158
vn 0.1645 -0.9862 0.0182
vn 0.2014 -0.0160 -0.9794
vn 0.7477 -0.0142 -0.6639
vn 0.0351 0.9993 -0.0146
vn 0.1754 0.9844 -0.0118
vn 0.1642 0.0141 0.9863
vn 0.7220 0.0065 0.6919
vn -0.0068 -0.9967 0.0809
vn -0.0120 -0.9279 0.3726
vn 0.0043 0.9987 0.0506
vn -0.0016 0.9389 0.3443
vn -0.7477 0.0142 0.6639
vn -0.2014 0.0160 0.9794
vn -0.0351 -0.9993 0.0146
vn -0.1754 -0.9844 0.0118
vn -0.0240 0.9996 -0.0158
vn -0.1645 0.9862 -0.0182
vn -0.1642 -0.0141 -0.9863
vn -0.7220 -0.0065 -0.6919
vn -0.0043 -0.9987 -0.0506
vn 0.0016 -0.9389 -0.3443
vn 0.0068 0.9967 -0.0809
vn 0.0120 0.9279 -0.3726
vn -0.0055 -0.9999 0.0152
vn 0.9998 -0.0053 0.0190
vn 0.0189 -0.0153 -0.9997
vn 0.0055 0.9999 -0.0152
vn -0.0189 0.0153 0.9997
vn -0.9998 0.0053 -0.0190
vn 0.9693 -0.1889 -0.1573
vn 0.8860 -0.0784 -0.4570
vn 0.9981 -0.0097 -0.0616
vn 0.9273 0.0873 -0.3639
vn 0.9620 0.2289 -0.1490
vn 0.9975 0.0555 -0.0443
vn 0.9669 -0.1954 0.1641
vn 0.9980 -0.0208 0.0599
vn 0.9240 -0.0551 0.3784
vn 0.9596 0.2225 0.1725
vn 0.8755 0.1090 0.4708
vn 0.9960 0.0444 0.0772
vn -0.9596 -0.2225 -0.1725
vn -0.9967 -0.0534 -0.0614
vn -0.9217 -0.0723 -0.3810
vn -0.9669 0.1954 -0.1641
vn -0.8791 0.0970 -0.4667
vn -0.9970 0.0125 -0.0761
vn -0.9620 -0.2289 0.1490
vn -0.8824 -0.1276 0.4529
vn -0.9971 -0.0472 0.0604
vn -0.9693 0.1889 0.1574
vn -0.9988 0.0187 0.0458
vn -0.9296 0.0401 0.3665
vn 0.9809 -0.1947 0.0034
vn 0.9998 -0.0198 0.0071
vn 0.9304 0.0237 -0.3659
vn 0.9980 0.0187 -0.0610
vn 0.9734 0.2287 0.0119
vn 0.9985 0.0545 0.0086
vn 0.9248 0.0086 0.3805
vn 0.9969 0.0160 0.0767
vn 0.0093 -0.8046 0.5937
vn -0.0035 -0.2373 0.9714
vn -0.0185 0.7800 0.6255
vn -0.0111 0.1980 0.9801
vn -0.9980 -0.0187 0.0610
vn -0.9303 -0.0237 0.3659
vn -0.9734 -0.2287 -0.0119
vn -0.9985 -0.0545 -0.0086
vn -0.9809 0.1947 -0.0034
vn -0.9998 0.0197 -0.0071
vn -0.9247 -0.0086 -0.3805
vn -0.9969 -0.0160 -0.0767
vn 0.0185 -0.7801 -0.6254
vn 0.0111 -0.1980 -0.9801
vn -0.0093 0.8046 -0.5937
vn 0.0035 0.2373 -0.9714
vn 0.0176 -0.9996 -0.0200
vn 0.9998 0.0174 0.0078
vn 0.0075 0.0201 -0.9998
vn -0.0176 0.9996 0.0200
vn -0.0075 -0.0201 0.9998
vn -0.9998 -0.0174 -0.0078
vn 0.9621 -0.2111 -0.1725
vn 0.8746 -0.1065 -0.4730
vn 0.9962 -0.0302 -0.0819
vn 0.9209 0.0607 -0.3850
vn 0.9627 0.2069 -0.1745
vn 0.9972 0.0354 -0.0662
vn 0.9664 -0.2096 0.1490
vn 0.9985 -0.0383 0.0399
vn 0.9306 -0.0633 0.3605
vn 0.9669 0.2084 0.1470
vn 0.8871 0.1040 0.4498
vn 0.9981 0.0273 0.0555
vn -0.9669 -0.2084 -0.1470
vn -0.9986 -0.0359 -0.0395
vn -0.9308 -0.0642 -0.3599
vn -0.9664 0.2096 -0.1490
vn -0.8868 0.1021 -0.4507
vn -0.9980 0.0295 -0.0558
vn -0.9627 -0.2069 0.1745
vn -0.8749 -0.0996 0.4740
vn -0.9963 -0.0267 0.0821
vn -0.9621 0.2111 0.1725
vn -0.9971 0.0388 0.0659
vn -0.9207 0.0668 0.3844
vn 0.9769 -0.2131 -0.0119
vn 0.9992 -0.0386 -0.0130
vn 0.9227 -0.0031 -0.3855
vn 0.9966 -0.0018 -0.0820
vn 0.9775 0.2104 -0.0139
vn 0.9993 0.0357 -0.0134
vn 0.9326 0.0004 0.3610
vn 0.9984 -0.0011 0.0557
vn 0.0070 -0.7897 0.6134
vn 0.0126 -0.2131 0.9770
vn 0.0091 0.7955 0.6059
vn 0.0132 0.2223 0.9749
vn -0.9966 0.0018 0.0820
vn -0.9227 0.0031 0.3855
vn -0.9775 -0.2103 0.0139
vn -0.9993 -0.0357 0.0134
vn -0.9770 0.2131 0.0119
vn -0.9992 0.0386 0.0130
vn -0.9326 -0.0004 -0.3610
vn -0.9984 0.0011 -0.0557
vn -0.0091 -0.7955 -0.6059
vn -0.0132 -0.2223 -0.9749
vn -0.0070 0.7897 -0.6134
vn -0.0126 0.2131 -0.9770
vn -0.0014 -1.0000 0.0048
vn 0.9999 -0.0014 -0.0132
vn -0.0132 -0.0047 -0.9999
vn 0.0014 1.0000 -0.0048
vn 0.0132 0.0047 0.9999
vn -0.9999 0.0014 0.0132
vn 0.0541 -0.9958 -0.0737
vn 0.0780 -0.9084 -0.4107
vn 0.2138 -0.9586 -0.1882
vn 0.0793 0.8779 -0.4722
vn 0.0073 0.9984 -0.0564
vn 0.1761 0.9721 -0.1549
vn 0.0456 -0.9974 0.0567
vn 0.2124 -0.9646 0.1566
vn 0.1092 -0.8743 0.4729
vn 0.0148 0.9972 0.0739
vn 0.0392 0.9107 0.4112
vn 0.1747 0.9661 0.1899
vn -0.0067 -0.9958 -0.0910
vn -0.1748 -0.9661 -0.1899
vn -0.0754 -0.8610 -0.5030
vn -0.0536 0.9978 -0.0396
vn -0.0749 0.9221 -0.3796
vn -0.2124 0.9646 -0.1566
vn -0.0152 -0.9991 0.0393
vn -0.0423 -0.9244 0.3791
vn -0.1761 -0.9721 0.1549
vn -0.0461 0.9948 0.0908
vn -0.2137 0.9586 0.1882
vn -0.1130 0.8574 0.5021
vn 0.0539 -0.9984 -0.0171
vn 0.2163 -0.9762 -0.0161
vn 0.1936 0.0207 -0.9809
vn 0.7503 0.0260 -0.6605
vn 0.0150 0.9997 0.0174
vn 0.1782 0.9838 0.0177
vn 0.1859 -0.0133 0.9825
vn 0.7451 0.0030 0.6669
vn 0.0191 -0.9982 0.0565
vn 0.0163 -0.9248 0.3800
vn -0.0197 0.9957 0.0909
vn -0.0194 0.9111 0.4116
vn -0.7503 -0.0260 0.6605
vn -0.1936 -0.0207 0.9809
vn -0.0150 -0.9997 -0.0174
vn -0.1780 -0.9839 -0.0177
vn -0.0540 0.9984 0.0171
vn -0.2163 0.9762 0.0161
vn -0.1859 0.0133 -0.9825
vn -0.7451 -0.0030 -0.6669
vn 0.0197 -0.9957 -0.0909
vn 0.0194 -0.9111 -0.4116
vn -0.0191 0.9982 -0.0566
vn -0.0163 0.9248 -0.3800
vn 0.0195 -0.9997 -0.0172
vn 0.9998 0.0194 0.0042
vn 0.0039 0.0173 -0.9998
vn -0.0195 0.9997 0.0172
vn -0.0039 -0.0173 0.9998
vn -0.9998 -0.0194 -0.0042
vn -0.0033 -0.9671 -0.2546
vn -0.0070 -0.4466 -0.8947
vn 0.0566 -0.7680 -0.6380
vn 0.0114 0.3545 -0.9350
vn 0.0240 0.9443 -0.3281
vn 0.0827 0.7634 -0.6407
vn 0.0019 -0.9448 0.3276
vn 0.0766 -0.7661 0.6381
vn 0.0286 -0.3552 0.9344
vn 0.0378 0.9665 0.2540
vn 0.0364 0.4460 0.8943
vn 0.1028 0.7652 0.6355
vn -0.0342 -0.9453 -0.3243
vn -0.1027 -0.7653 -0.6355
vn -0.0408 -0.3573 -0.9331
vn -0.0048 0.9663 -0.2574
vn -0.0212 0.4440 -0.8958
vn -0.0766 0.7661 -0.6382
vn -0.0297 -0.9657 0.2579
vn -0.0083 -0.4433 0.8963
vn -0.0827 -0.7634 0.6406
vn 0.0083 0.9458 0.3247
vn -0.0566 0.7680 0.6380
vn 0.0008 0.3580 0.9337
vn 0.0008 -1.0000 0.0015
vn 0.0865 -0.9963 0.0001
vn 0.0057 -0.0019 -1.0000
vn 0.1083 -0.0036 -0.9941
vn 0.0349 0.9994 -0.0020
vn 0.1205 0.9927 -0.0034
vn 0.0371 0.0011 0.9993
vn 0.1395 -0.0007 0.9902
vn -0.0110 -0.9446 0.3279
vn 0.0065 -0.4436 0.8962
vn 0.0213 0.9456 0.3246
vn 0.0217 0.4464 0.8946
vn -0.1083 0.0036 0.9941
vn -0.0057 0.0018 1.0000
vn -0.0349 -0.9994 0.0020
vn -0.1205 -0.9927 0.0034
vn -0.0008 1.0000 -0.0015
vn -0.0865 0.9963 -0.0001
vn -0.0371 -0.0011 -0.9993
vn -0.1395 0.0006 -0.9902
vn -0.0213 -0.9456 -0.3246
vn -0.0217 -0.4464 -0.8946
vn 0.0110 0.9447 -0.3279
vn -0.0065 0.4437 -0.8962
vn -0.0171 -0.9999 0.0018
vn 0.9997 -0.0171 -0.0157
vn -0.0157 -0.0015 -0.9999
vn 0.0171 0.9999 -0.0018
vn 0.0157 0.0015 0.9999
vn -0.9997 0.0171 0.0157
vn 0.0275 -0.9702 -0.2408
vn 0.0053 -0.4592 -0.8883
vn 0.0799 -0.7747 -0.6273
vn -0.0025 0.3413 -0.9400
vn -0.0076 0.9398 -0.3416
vn 0.0562 0.7564 -0.6517
vn 0.0335 -0.9394 0.3411
vn 0.1031 -0.7540 0.6487
vn 0.0425 -0.3409 0.9391
vn 0.0070 0.9707 0.2401
vn 0.0241 0.4598 0.8877
vn 0.0794 0.7772 0.6242
vn -0.0043 -0.9505 -0.3107
vn -0.0794 -0.7771 -0.6243
vn -0.0315 -0.3716 -0.9279
vn -0.0368 0.9618 -0.2712
vn -0.0378 0.4301 -0.9020
vn -0.1031 0.7539 -0.6488
vn 0.0023 -0.9624 0.2716
vn 0.0084 -0.4307 0.9025
vn -0.0562 -0.7565 0.6516
vn -0.0216 0.9500 0.3114
vn -0.0799 0.7748 0.6272
vn -0.0085 0.3710 0.9286
vn 0.0333 -0.9993 0.0156
vn 0.1188 -0.9928 0.0140
vn 0.0032 -0.0159 -0.9999
vn 0.1058 -0.0142 -0.9943
vn 0.0024 0.9999 -0.0163
vn 0.0881 0.9959 -0.0178
vn 0.0396 0.0166 0.9991
vn 0.1419 0.0180 0.9897
vn 0.0205 -0.9398 0.3412
vn 0.0231 -0.4304 0.9024
vn -0.0087 0.9504 0.3110
vn 0.0094 0.4595 0.8881
vn -0.1058 0.0142 0.9943
vn -0.0032 0.0159 0.9999
vn -0.0024 -0.9999 0.0163
vn -0.0881 -0.9959 0.0178
vn -0.0333 0.9993 -0.0156
vn -0.1188 0.9928 -0.0140
vn -0.0396 -0.0166 -0.9991
vn -0.1419 -0.0180 -0.9897
vn 0.0087 -0.9503 -0.3112
vn -0.0094 -0.4596 -0.8881
vn -0.0205 0.9398 -0.3412
vn -0.0231 0.4304 -0.9024
vn 0.0154 -0.9998 0.0160
vn 0.9997 0.0151 -0.0184
vn -0.0182 -0.0162 -0.9997
vn -0.0154 0.9998 -0.0160
vn 0.0182 0.0162 0.9997
vn -0.9997 -0.0151 0.0184
vn 0.0310 -0.9992 -0.0268
vn 0.0504 -0.9668 -0.2505
vn 0.1352 -0.9858 -0.1000
vn 0.0602 0.9398 -0.3363
vn 0.0085 0.9985 -0.0540
vn 0.1179 0.9862 -0.1162
vn 0.0249 -0.9982 0.0544
vn 0.1327 -0.9840 0.1191
vn 0.0690 -0.9387 0.3377
vn 0.0126 0.9995 0.0273
vn 0.0275 0.9675 0.2514
vn 0.1154 0.9880 0.1029
vn -0.0074 -0.9993 -0.0380
vn -0.1154 -0.9880 -0.1029
vn -0.0525 -0.9452 -0.3223
vn -0.0301 0.9986 -0.0437
vn -0.0444 0.9626 -0.2672
vn -0.1327 0.9840 -0.1191
vn -0.0134 -0.9990 0.0432
vn -0.0335 -0.9633 0.2663
vn -0.1179 -0.9862 0.1162
vn -0.0260 0.9990 0.0376
vn -0.1352 0.9858 0.1000
vn -0.0767 0.9440 0.3208
vn 0.0306 -0.9995 0.0085
vn 0.1347 -0.9908 0.0096
vn 0.2039 -0.0062 -0.9790
vn 0.7603 0.0013 -0.6495
vn 0.0130 0.9999 -0.0080
vn 0.1173 0.9931 -0.0067
vn 0.1811 0.0097 0.9834
vn 0.7451 0.0120 0.6669
vn 0.0082 -0.9985 0.0542
vn 0.0055 -0.9637 0.2670
vn -0.0093 0.9992 0.0378
vn -0.0115 0.9679 0.2511
vn -0.7603 -0.0013 0.6495
vn -0.2039 0.0062 0.9790
vn -0.0130 -0.9999 0.0080
vn -0.1173 -0.9931 0.0067
vn -0.0306 0.9995 -0.0085
vn -0.1347 0.9908 -0.0096
vn -0.1811 -0.0097 -0.9834
vn -0.7451 -0.0120 -0.6669
vn 0.0093 -0.9992 -0.0378
vn 0.0115 -0.9679 -0.2511
vn -0.0082 0.9985 -0.0542
vn -0.0055 0.9637 -0.2670
vn 0.0088 -0.9999 0.0082
vn 0.9999 0.0089 0.0115
vn 0.0116 -0.0081 -0.9999
vn -0.0088 0.9999 -0.0082
vn -0.0116 0.0081 0.9999
vn -0.9999 -0.0089 -0.0115
vn -0.1750 -0.9549 -0.2400
vn -0.7311 -0.6490 -0.2105
vn 0.1697 -0.9764 -0.1338
vn 0.1768 -0.9577 0.2270
vn -0.1636 -0.9247 0.3438
vn -0.9263 -0.2966 -0.2323
vn -0.0706 -0.4003 -0.9137
vn 0.8441 -0.4400 -0.3063
vn 0.5537 -0.3609 0.7504
vn -0.5405 -0.2723 0.7961
vn -0.8209 -0.1022 -0.5618
vn 0.2760 -0.2087 -0.9382
vn 0.9767 -0.2144 -0.0081
vn 0.3129 -0.1114 0.9432
vn -0.7981 -0.0421 0.6010
vn -0.3498 0.6892 -0.6345
vn 0.4955 0.6242 -0.6041
vn 0.7311 0.6490 0.2105
vn 0.0314 0.7293 0.6835
vn -0.6366 0.7541 0.1612
vn -0.1697 0.9764 0.1338
vn -0.3929 0.8688 0.3013
vn -0.3262 0.7516 0.5733
vn 0.1750 0.9549 0.2400
vn 0.2520 0.8286 0.4999
vn 0.5174 0.6821 0.5167
vn 0.3810 0.9229 -0.0552
vn 0.6373 0.7688 -0.0522
vn 0.7210 0.6224 -0.3047
vn 0.1636 0.9247 -0.3438
vn 0.2306 0.7722 -0.5921
vn 0.0032 0.6549 -0.7557
vn -0.1768 0.9577 -0.2270
vn -0.4061 0.8340 -0.3736
vn -0.6440 0.7348 -0.2131
vn -0.8441 0.4400 0.3063
vn -0.7623 0.2949 0.5761
vn -0.5247 0.4374 0.7303
vn 0.0706 0.4003 0.9137
vn 0.3357 0.2264 0.9143
vn 0.5706 0.3518 0.7421
vn 0.9263 0.2966 0.2323
vn 0.9919 0.1247 -0.0259
vn 0.9159 0.2692 -0.2977
vn 0.5405 0.2723 -0.7961
vn 0.2993 0.1303 -0.9452
vn 0.0340 0.3039 -0.9521
vn -0.5537 0.3609 -0.7504
vn -0.7848 0.2355 -0.5732
vn -0.8563 0.4078 -0.3168
vn -0.2760 0.2087 0.9382
vn -0.2993 -0.1303 0.9452
vn -0.0340 -0.3039 0.9521
vn 0.8209 0.1022 0.5618
vn 0.7848 -0.2355 0.5732
vn 0.8563 -0.4078 0.3168
vn 0.7981 0.0421 -0.6010
vn 0.7623 -0.2949 -0.5761
vn 0.5247 -0.4374 -0.7303
vn -0.3129 0.1114 -0.9432
vn -0.3357 -0.2264 -0.9143
vn -0.5706 -0.3518 -0.7421
vn -0.9767 0.2144 0.0081
vn -0.9919 -0.1247 0.0259
vn -0.9159 -0.2692 0.2977
vn -0.4955 -0.6242 0.6041
vn -0.2306 -0.7722 0.5921
vn -0.0032 -0.6549 0.7557
vn 0.3498 -0.6892 0.6345
vn 0.4061 -0.8340 0.3736
vn 0.6440 -0.7348 0.2131
vn 0.6366 -0.7541 -0.1612
vn 0.3929 -0.8688 -0.3013
vn 0.3262 -0.7516 -0.5733
vn -0.7210 -0.6224 0.3047
vn -0.6373 -0.7688 0.0522
vn -0.3810 -0.9229 0.0552
vn -0.0314 -0.7293 -0.6835
vn -0.2520 -0.8286 -0.4999
vn -0.5174 -0.6821 -0.5167
vn -0.0840 -0.9237 -0.3739
vn -0.7312 -0.5904 -0.3417
vn 0.3521 -0.9160 -0.1922
vn 0.3140 -0.9076 0.2786
vn -0.1457 -0.9101 0.3880
vn -0.8956 -0.2848 -0.3418
vn 0.0551 -0.2870 -0.9563
vn 0.9333 -0.2651 -0.2423
vn 0.5253 -0.2494 0.8135
vn -0.6050 -0.2616 0.7521
vn -0.7541 -0.1202 -0.6457
vn 0.3837 -0.1141 -0.9164
vn 0.9926 -0.0896 0.0819
vn 0.2311 -0.0805 0.9696
vn -0.8484 -0.0994 0.5199
vn -0.3945 0.5595 -0.7289
vn 0.5574 0.5711 -0.6026
vn 0.7312 0.5904 0.3417
vn -0.1133 0.5907 0.7989
vn -0.8090 0.5715 0.1373
vn -0.3521 0.9160 0.1922
vn -0.5967 0.7240 0.3461
vn -0.5049 0.5838 0.6358
vn 0.0840 0.9237 0.3739
vn 0.1527 0.7371 0.6583
vn 0.4549 0.5937 0.6637
vn 0.3916 0.9200 0.0153
vn 0.6813 0.7308 0.0421
vn 0.7783 0.5800 -0.2404
vn 0.1457 0.9101 -0.3880
vn 0.2586 0.7138 -0.6509
vn 0.0183 0.5617 -0.8272
vn -0.3140 0.9076 -0.2786
vn -0.5312 0.7096 -0.4630
vn -0.7748 0.5640 -0.2856
vn -0.9333 0.2651 0.2423
vn -0.8454 0.1523 0.5119
vn -0.6485 0.2766 0.7092
vn -0.0551 0.2870 0.9563
vn 0.2272 0.1711 0.9587
vn 0.4770 0.2898 0.8298
vn 0.8956 0.2848 0.3418
vn 0.9838 0.1621 0.0767
vn 0.9397 0.2751 -0.2033
vn 0.6049 0.2616 -0.7521
vn 0.3788 0.1377 -0.9152
vn 0.1001 0.2528 -0.9623
vn -0.5253 0.2494 -0.8135
vn -0.7517 0.1317 -0.6462
vn -0.8814 0.2537 -0.3984
vn -0.3837 0.1141 0.9164
vn -0.3788 -0.1377 0.9152
vn -0.1001 -0.2528 0.9623
vn 0.7541 0.1202 0.6457
vn 0.7517 -0.1317 0.6462
vn 0.8814 -0.2537 0.3984
vn 0.8484 0.0994 -0.5199
vn 0.8454 -0.1523 -0.5119
vn 0.6485 -0.2766 -0.7092
vn -0.2311 0.0805 -0.9696
vn -0.2272 -0.1711 -0.9587
vn -0.4770 -0.2898 -0.8298
vn -0.9926 0.0896 -0.0819
vn -0.9838 -0.1621 -0.0767
vn -0.9397 -0.2751 0.2033
vn -0.5574 -0.5711 0.6026
vn -0.2586 -0.7138 0.6509
vn -0.0183 -0.5617 0.8272
vn 0.3945 -0.5595 0.7289
vn 0.5312 -0.7096 0.4630
vn 0.7748 -0.5640 0.2856
vn 0.8090 -0.5715 -0.1373
vn 0.5967 -0.7240 -0.3461
vn 0.5049 -0.5838 -0.6358
vn -0.7783 -0.5800 0.2404
vn -0.6813 -0.7308 -0.0421
vn -0.3916 -0.9200 -0.0153
vn 0.1133 -0.5907 -0.7989
vn -0.1527 -0.7371 -0.6583
vn -0.4549 -0.5937 -0.6637
vn -0.0572 -0.9707 -0.2336
vn -0.6404 -0.7208 -0.2651
vn 0.2759 -0.9566 -0.0941
vn 0.2456 -0.9324 0.2652
vn -0.1062 -0.9316 0.3477
vn -0.8658 -0.3898 -0.3138
vn 0.0589 -0.4177 -0.9067
vn 0.9089 -0.3586 -0.2130
vn 0.5095 -0.2942 0.8086
vn -0.5873 -0.3134 0.7462
vn -0.7478 -0.1904 -0.6360
vn 0.3860 -0.1931 -0.9021
vn 0.9889 -0.1169 0.0914
vn 0.2278 -0.0671 0.9714
vn -0.8456 -0.1125 0.5219
vn -0.3508 0.6426 -0.6812
vn 0.4897 0.6618 -0.5677
vn 0.6404 0.7208 0.2651
vn -0.1069 0.7381 0.6662
vn -0.7195 0.6897 0.0814
vn -0.2759 0.9566 0.0941
vn -0.5030 0.8298 0.2417
vn -0.4524 0.7234 0.5215
vn 0.0572 0.9707 0.2336
vn 0.1200 0.8562 0.5026
vn 0.3954 0.7368 0.5483
vn 0.2933 0.9552 -0.0395
vn 0.5618 0.8272 -0.0082
vn 0.6837 0.6863 -0.2479
vn 0.1062 0.9316 -0.3477
vn 0.2118 0.7830 -0.5848
vn 0.0141 0.6417 -0.7668
vn -0.2456 0.9324 -0.2652
vn -0.4463 0.7846 -0.4304
vn -0.6880 0.6646 -0.2913
vn -0.9089 0.3586 0.2130
vn -0.8403 0.2260 0.4927
vn -0.6340 0.3934 0.6658
vn -0.0589 0.4177 0.9067
vn 0.2205 0.2709 0.9370
vn 0.4579 0.4165 0.7854
vn 0.8658 0.3898 0.3138
vn 0.9728 0.2216 0.0672
vn 0.9103 0.3543 -0.2139
vn 0.5873 0.3134 -0.7462
vn 0.3769 0.1463 -0.9146
vn 0.0980 0.2927 -0.9512
vn -0.5095 0.2942 -0.8086
vn -0.7437 0.1490 -0.6517
vn -0.8565 0.3169 -0.4075
vn -0.3860 0.1931 0.9021
vn -0.3769 -0.1463 0.9146
vn -0.0980 -0.2927 0.9512
vn 0.7478 0.1904 0.6360
vn 0.7437 -0.1490 0.6517
vn 0.8565 -0.3169 0.4075
vn 0.8456 0.1125 -0.5219
vn 0.8403 -0.2260 -0.4927
vn 0.6340 -0.3934 -0.6658
vn -0.2278 0.0671 -0.9714
vn -0.2205 -0.2709 -0.9370
vn -0.4579 -0.4165 -0.7854
vn -0.9889 0.1169 -0.0914
vn -0.9728 -0.2216 -0.0672
vn -0.9103 -0.3543 0.2139
vn -0.4897 -0.6618 0.5677
vn -0.2118 -0.7830 0.5848
vn -0.0141 -0.6417 0.7668
vn 0.3508 -0.6426 0.6812
vn 0.4463 -0.7846 0.4304
vn 0.6881 -0.6646 0.2913
vn 0.7195 -0.6897 -0.0814
vn 0.5030 -0.8298 -0.2417
vn 0.4524 -0.7234 -0.5215
vn -0.6838 -0.6863 0.2479
vn -0.5618 -0.8272 0.0082
vn -0.2933 -0.9552 0.0395
vn 0.1069 -0.7381 -0.6662
vn -0.1200 -0.8562 -0.5026
vn -0.3954 -0.7368 -0.5483
vn -0.0760 -0.9331 -0.3516
vn -0.7257 -0.6041 -0.3292
vn 0.3596 -0.9177 -0.1690
vn 0.3201 -0.8982 0.3014
vn -0.1399 -0.9015 0.4095
vn -0.8924 -0.2999 -0.3372
vn 0.0600 -0.3096 -0.9490
vn 0.9359 -0.2638 -0.2334
vn 0.5249 -0.2257 0.8207
vn -0.6051 -0.2480 0.7566
vn -0.7513 -0.1416 -0.6446
vn 0.3872 -0.1333 -0.9123
vn 0.9930 -0.0800 0.0867
vn 0.2290 -0.0552 0.9719
vn -0.8491 -0.0933 0.5199
vn -0.3967 0.5386 -0.7433
vn 0.5548 0.5606 -0.6148
vn 0.7258 0.6041 0.3292
vn -0.1200 0.6089 0.7841
vn -0.8137 0.5685 0.1212
vn -0.3596 0.9177 0.1690
vn -0.6031 0.7276 0.3269
vn -0.5112 0.5951 0.6201
vn 0.0759 0.9331 0.3516
vn 0.1452 0.7540 0.6406
vn 0.4485 0.6130 0.6504
vn 0.3846 0.9231 -0.0060
vn 0.6756 0.7368 0.0262
vn 0.7746 0.5800 -0.2523
vn 0.1399 0.9015 -0.4095
vn 0.2550 0.6998 -0.6673
vn 0.0164 0.5416 -0.8405
vn -0.3201 0.8982 -0.3014
vn -0.5352 0.6941 -0.4814
vn -0.7782 0.5510 -0.3013
vn -0.9359 0.2637 0.2334
vn -0.8480 0.1582 0.5058
vn -0.6526 0.2887 0.7005
vn -0.0600 0.3096 0.9490
vn 0.2231 0.1960 0.9549
vn 0.4724 0.3135 0.8238
vn 0.8924 0.2999 0.3372
vn 0.9823 0.1714 0.0754
vn 0.9381 0.2773 -0.2074
vn 0.6051 0.2480 -0.7566
vn 0.3803 0.1184 -0.9172
vn 0.1010 0.2302 -0.9679
vn -0.5249 0.2257 -0.8207
vn -0.7509 0.1103 -0.6512
vn -0.8822 0.2372 -0.4068
vn -0.3872 0.1333 0.9123
vn -0.3803 -0.1184 0.9172
vn -0.1010 -0.2302 0.9679
vn 0.7513 0.1416 0.6446
vn 0.7509 -0.1103 0.6512
vn 0.8822 -0.2372 0.4068
vn 0.8491 0.0933 -0.5199
vn 0.8480 -0.1582 -0.5058
vn 0.6526 -0.2887 -0.7005
vn -0.2290 0.0552 -0.9719
vn -0.2231 -0.1960 -0.9549
vn -0.4724 -0.3135 -0.8238
vn -0.9930 0.0800 -0.0867
vn -0.9823 -0.1714 -0.0754
vn -0.9381 -0.2773 0.2074
vn -0.5548 -0.5606 0.6148
vn -0.2550 -0.6998 0.6673
vn -0.0164 -0.5416 0.8405
vn 0.3967 -0.5386 0.7433
vn 0.5353 -0.6941 0.4814
vn 0.7782 -0.5510 0.3013
vn 0.8137 -0.5685 -0.1212
vn 0.6031 -0.7276 -0.3269
vn 0.5112 -0.5951 -0.6201
vn -0.7746 -0.5800 0.2523
vn -0.6756 -0.7368 -0.0262
vn -0.3846 -0.9231 0.0060
vn 0.1200 -0.6089 -0.7841
vn -0.1452 -0.7540 -0.6406
vn -0.4485 -0.6130 -0.6504
vn 0.9046 -0.2883 -0.3140
vn 0.6798 -0.1121 -0.7247
vn 0.9881 -0.0574 -0.1425
vn 0.7753 0.0703 -0.6277
vn 0.9162 0.2619 -0.3034
vn 0.9935 0.0326 -0.1093
vn 0.9075 -0.3001 0.2940
vn 0.9923 -0.0742 0.0991
vn 0.7781 -0.1029 0.6196
vn 0.9191 0.2501 0.3046
vn 0.6914 0.0834 0.7177
vn 0.9911 0.0159 0.1323
vn -0.9191 -0.2501 -0.3046
vn -0.9945 -0.0285 -0.1011
vn -0.7813 -0.0461 -0.6225
vn -0.9075 0.3001 -0.2939
vn -0.6867 0.1400 -0.7134
vn -0.9894 0.0627 -0.1308
vn -0.9162 -0.2619 0.3033
vn -0.6845 -0.1112 0.7204
vn -0.9898 -0.0212 0.1410
vn -0.9046 0.2883 0.3140
vn -0.9913 0.0702 0.1113
vn -0.7722 0.0786 0.6305
vn 0.9511 -0.3088 -0.0105
vn 0.9973 -0.0726 -0.0061
vn 0.7759 -0.0042 -0.6308
vn 0.9897 -0.0181 -0.1418
vn 0.9632 0.2687 0.0006
vn 0.9995 0.0308 -0.0041
vn 0.7819 -0.0285 0.6228
vn 0.9910 -0.0234 0.1316
vn -0.0106 -0.6852 0.7282
vn 0.0015 -0.1726 0.9850
vn 0.0176 0.6565 0.7541
vn 0.0079 0.1343 0.9909
vn -0.9897 0.0181 0.1418
vn -0.7759 0.0042 0.6308
vn -0.9632 -0.2687 -0.0006
vn -0.9995 -0.0308 0.0041
vn -0.9511 0.3088 0.0105
vn -0.9973 0.0726 0.0061
vn -0.7819 0.0285 -0.6228
vn -0.9910 0.0234 -0.1316
vn -0.0176 -0.6565 -0.7541
vn -0.0079 -0.1343 -0.9909
vn 0.0106 0.6852 -0.7282
vn -0.0015 0.1726 -0.9850
vn -0.0210 -0.9996 -0.0193
vn 0.9998 -0.0210 -0.0052
vn -0.0047 0.0194 -0.9998
vn 0.0210 0.9996 0.0193
vn 0.0047 -0.0194 0.9998
vn -0.9998 0.0210 0.0052
vn 0.9832 -0.1515 -0.1020
vn 0.9386 -0.0796 -0.3356
vn 0.9991 -0.0231 -0.0343
vn 0.9642 0.0425 -0.2616
vn 0.9841 0.1449 -0.1024
vn 0.9995 0.0226 -0.0229
vn 0.9797 -0.1512 0.1318
vn 0.9982 -0.0290 0.0528
vn 0.9557 -0.0487 0.2903
vn 0.9806 0.1452 0.1314
vn 0.9287 0.0736 0.3636
vn 0.9978 0.0167 0.0641
vn -0.9806 -0.1452 -0.1314
vn -0.9984 -0.0227 -0.0527
vn -0.9560 -0.0434 -0.2902
vn -0.9797 0.1511 -0.1318
vn -0.9282 0.0785 -0.3638
vn -0.9977 0.0230 -0.0642
vn -0.9841 -0.1448 0.1024
vn -0.9391 -0.0725 0.3358
vn -0.9993 -0.0165 0.0343
vn -0.9832 0.1515 0.1020
vn -0.9993 0.0291 0.0228
vn -0.9639 0.0496 0.2615
vn 0.9882 -0.1524 0.0150
vn 0.9995 -0.0291 0.0150
vn 0.9651 -0.0035 -0.2618
vn 0.9994 -0.0033 -0.0343
vn 0.9892 0.1460 0.0146
vn 0.9996 0.0227 0.0149
vn 0.9569 -0.0027 0.2906
vn 0.9979 -0.0031 0.0642
vn -0.0118 -0.7841 0.6205
vn -0.0153 -0.2110 0.9774
vn -0.0067 0.7860 0.6182
vn -0.0139 0.2140 0.9767
vn -0.9994 0.0033 0.0343
vn -0.9651 0.0035 0.2618
vn -0.9892 -0.1460 -0.0146
vn -0.9996 -0.0227 -0.0149
vn -0.9882 0.1524 -0.0150
vn -0.9995 0.0291 -0.0150
vn -0.9568 0.0027 -0.2906
vn -0.9979 0.0031 -0.0642
vn 0.0067 -0.7860 -0.6182
vn 0.0139 -0.2140 -0.9767
vn 0.0118 0.7841 -0.6205
vn 0.0153 0.2110 -0.9774
vn -0.0032 -1.0000 0.0015
vn 0.9999 -0.0032 0.0150
vn 0.0150 -0.0015 -0.9999
vn 0.0032 1.0000 -0.0015
vn -0.0150 0.0015 0.9999
vn -0.9999 0.0032 -0.0150
vn 0.9804 -0.1599 -0.1150
vn 0.9326 -0.0914 -0.3491
vn 0.9983 -0.0305 -0.0496
vn 0.9602 0.0317 -0.2774
vn 0.9833 0.1364 -0.1203
vn 0.9991 0.0153 -0.0390
vn 0.9806 -0.1558 0.1188
vn 0.9987 -0.0350 0.0375
vn 0.9598 -0.0506 0.2760
vn 0.9835 0.1405 0.1135
vn 0.9348 0.0730 0.3476
vn 0.9988 0.0109 0.0481
vn -0.9835 -0.1405 -0.1135
vn -0.9992 -0.0167 -0.0366
vn -0.9607 -0.0415 -0.2743
vn -0.9806 0.1558 -0.1188
vn -0.9333 0.0790 -0.3503
vn -0.9984 0.0288 -0.0488
vn -0.9833 -0.1364 0.1203
vn -0.9341 -0.0606 0.3518
vn -0.9987 -0.0091 0.0504
vn -0.9804 0.1599 0.1150
vn -0.9986 0.0364 0.0381
vn -0.9593 0.0604 0.2758
vn 0.9873 -0.1589 0.0019
vn 0.9994 -0.0357 -0.0003
vn 0.9608 -0.0144 -0.2769
vn 0.9987 -0.0107 -0.0500
vn 0.9902 0.1394 -0.0034
vn 0.9999 0.0160 -0.0012
vn 0.9613 -0.0046 0.2754
vn 0.9988 -0.0090 0.0485
vn -0.0071 -0.7739 0.6332
vn -0.0012 -0.1951 0.9808
vn 0.0083 0.7959 0.6054
vn 0.0030 0.2298 0.9732
vn -0.9987 0.0107 0.0500
vn -0.9608 0.0144 0.2769
vn -0.9902 -0.1394 0.0034
vn -0.9999 -0.0160 0.0012
vn -0.9873 0.1589 -0.0019
vn -0.9994 0.0357 0.0003
vn -0.9613 0.0046 -0.2754
vn -0.9988 0.0090 -0.0485
vn -0.0083 -0.7959 -0.6054
vn -0.0030 -0.2298 -0.9732
vn 0.0071 0.7739 -0.6332
vn 0.0012 0.1951 -0.9808
vn -0.0098 -0.9998 0.0177
vn 1.0000 -0.0099 -0.0008
vn -0.0009 -0.0177 -0.9998
vn 0.0098 0.9998 -0.0177
vn 0.0009 0.0177 0.9998
vn -1.0000 0.0099 0.0008
vn 0.1283 -0.9575 -0.2585
vn 0.1016 -0.4388 -0.8928
vn 0.5012 -0.6594 -0.5604
vn 0.1336 0.3569 -0.9246
vn 0.0846 0.9429 -0.3223
vn 0.4924 0.6699 -0.5557
vn 0.1024 -0.9416 0.3208
vn 0.5104 -0.6633 0.5474
vn 0.1537 -0.3548 0.9222
vn 0.1200 0.9591 0.2564
vn 0.1106 0.4402 0.8911
vn 0.5017 0.6660 0.5520
vn -0.0900 -0.9406 -0.3273
vn -0.5016 -0.6660 -0.5520
vn -0.1490 -0.3504 -0.9247
vn -0.1326 0.9592 -0.2496
vn -0.1165 0.4450 -0.8879
vn -0.5105 0.6632 -0.5473
vn -0.1157 -0.9609 0.2517
vn -0.0957 -0.4464 0.8897
vn -0.4924 -0.6699 0.5557
vn -0.0970 0.9394 0.3289
vn -0.5011 0.6595 0.5603
vn -0.1382 0.3486 0.9270
vn 0.1349 -0.9909 -0.0046
vn 0.6075 -0.7943 -0.0078
vn 0.1452 0.0044 -0.9894
vn 0.6649 0.0070 -0.7469
vn 0.1218 0.9926 0.0024
vn 0.5970 0.8022 -0.0022
vn 0.1617 -0.0024 0.9868
vn 0.6773 0.0019 0.7357
vn 0.0089 -0.9464 0.3230
vn 0.0104 -0.4482 0.8939
vn -0.0035 0.9441 0.3296
vn 0.0045 0.4421 0.8970
vn -0.6649 -0.0070 0.7469
vn -0.1452 -0.0044 0.9894
vn -0.1218 -0.9925 -0.0024
vn -0.5970 -0.8023 0.0022
vn -0.1349 0.9908 0.0046
vn -0.6074 0.7943 0.0078
vn -0.1617 0.0024 -0.9868
vn -0.6773 -0.0019 -0.7357
vn 0.0035 -0.9441 -0.3296
vn -0.0045 -0.4419 -0.8970
vn -0.0089 0.9464 -0.3230
vn -0.0104 0.4482 -0.8939
vn 0.0066 -1.0000 -0.0035
vn 0.9999 0.0066 -0.0083
vn -0.0083 0.0035 -1.0000
vn -0.0066 1.0000 0.0035
vn 0.0083 -0.0035 1.0000
vn -0.9999 -0.0066 0.0083
vn 0.1173 -0.9580 -0.2617
vn 0.1114 -0.4354 -0.8933
vn 0.5010 -0.6645 -0.5545
vn 0.1573 0.3596 -0.9197
vn 0.1064 0.9431 -0.3151
vn 0.5140 0.6646 -0.5423
vn 0.0805 -0.9450 0.3171
vn 0.4888 -0.6747 0.5530
vn 0.1301 -0.3626 0.9228
vn 0.1310 0.9555 0.2643
vn 0.1008 0.4333 0.8956
vn 0.5020 0.6545 0.5654
vn -0.0992 -0.9372 -0.3345
vn -0.5018 -0.6544 -0.5656
vn -0.1372 -0.3426 -0.9294
vn -0.1118 0.9627 -0.2464
vn -0.0921 0.4518 -0.8873
vn -0.4887 0.6748 -0.5531
vn -0.1365 -0.9602 0.2438
vn -0.1202 -0.4497 0.8851
vn -0.5142 -0.6646 0.5422
vn -0.0875 0.9390 0.3325
vn -0.5007 0.6645 0.5547
vn -0.1501 0.3456 0.9263
vn 0.1184 -0.9929 -0.0078
vn 0.5944 -0.8042 -0.0009
vn 0.1642 0.0075 -0.9864
vn 0.6791 -0.0000 -0.7340
vn 0.1382 0.9903 0.0106
vn 0.6103 0.7920 0.0139
vn 0.1428 -0.0106 0.9897
vn 0.6630 -0.0136 0.7485
vn -0.0130 -0.9482 0.3175
vn -0.0142 -0.4533 0.8913
vn 0.0059 0.9422 0.3350
vn -0.0053 0.4369 0.8995
vn -0.6791 -0.0000 0.7340
vn -0.1642 -0.0075 0.9864
vn -0.1382 -0.9903 -0.0106
vn -0.6102 -0.7921 -0.0139
vn -0.1184 0.9929 0.0078
vn -0.5942 0.8043 0.0009
vn -0.1427 0.0106 -0.9897
vn -0.6630 0.0136 -0.7485
vn -0.0059 -0.9421 -0.3352
vn 0.0053 -0.4369 -0.8995
vn 0.0130 0.9482 -0.3173
vn 0.0142 0.4532 -0.8913
vn -0.0100 -0.9999 -0.0093
vn 0.9999 -0.0101 0.0108
vn 0.0109 0.0092 -0.9999
vn 0.0100 0.9999 0.0093
vn -0.0109 -0.0092 0.9999
vn -0.9999 0.0101 -0.0108
vn 0.0514 -0.9935 -0.1012
vn 0.1337 -0.7617 -0.6340
vn 0.4003 -0.8868 -0.2311
vn 0.0716 0.8312 -0.5513
vn 0.0410 0.9946 -0.0948
vn 0.3799 0.8911 -0.2483
vn 0.0639 -0.9934 0.0947
vn 0.4006 -0.8822 0.2476
vn 0.0916 -0.8294 0.5512
vn 0.0289 0.9945 0.1011
vn 0.1174 0.7646 0.6337
vn 0.3803 0.8957 0.2303
vn -0.0411 -0.9963 -0.0754
vn -0.3803 -0.8957 -0.2303
vn -0.0725 -0.8418 -0.5350
vn -0.0516 0.9914 -0.1203
vn -0.1348 0.7493 -0.6484
vn -0.4007 0.8821 -0.2476
vn -0.0287 -0.9923 0.1204
vn -0.1163 -0.7521 0.6486
vn -0.3799 -0.8911 0.2483
vn -0.0638 0.9951 0.0755
vn -0.4003 0.8868 0.2311
vn -0.0907 0.8399 0.5351
vn 0.2828 0.9591 -0.0095
vn -0.2827 -0.9591 0.0095
vn 0.9076 -0.3446 -0.2399
vn 0.8410 -0.0858 -0.5343
vn 0.9944 -0.0615 -0.0858
vn 0.7683 0.0857 -0.6344
vn 0.9196 0.3080 -0.2438
vn 0.9937 0.0137 -0.1111
vn 0.9093 -0.3418 0.2373
vn 0.9933 -0.0504 0.1041
vn 0.7690 -0.1141 0.6289
vn 0.9214 0.3108 0.2334
vn 0.8473 0.0546 0.5283
vn 0.9966 0.0247 0.0788
vn -0.9214 -0.3108 -0.2334
vn -0.9945 -0.0149 -0.1036
vn -0.7729 -0.0931 -0.6277
vn -0.9093 0.3418 -0.2373
vn -0.8448 0.0795 -0.5291
vn -0.9950 0.0606 -0.0793
vn -0.9196 -0.3080 0.2438
vn -0.8434 -0.0483 0.5351
vn -0.9960 -0.0238 0.0863
vn -0.9076 0.3446 0.2399
vn -0.9925 0.0517 0.1107
vn -0.7645 0.1216 0.6331
vn 0.8441 -0.0188 -0.5358
vn 0.8480 -0.0125 0.5299
vn 0.9118 -0.3415 -0.2279
vn 0.8509 -0.0779 -0.5194
vn 0.9958 -0.0610 -0.0677
vn 0.7804 0.0952 -0.6180
vn 0.9243 0.3110 -0.2211
vn 0.9957 0.0146 -0.0917
vn 0.9044 -0.3464 0.2492
vn 0.9911 -0.0529 0.1222
vn 0.7568 -0.1249 0.6416
vn 0.9169 0.3062 0.2560
vn 0.8371 0.0453 0.5452
vn 0.9949 0.0226 0.0982
vn -0.9169 -0.3062 -0.2560
vn -0.9923 -0.0124 -0.1230
vn -0.7608 -0.0824 -0.6438
vn -0.9044 0.3463 -0.2492
vn -0.8345 0.0887 -0.5439
vn -0.9933 0.0627 -0.0974
vn -0.9243 -0.3110 0.2211
vn -0.8535 -0.0561 0.5180
vn -0.9975 -0.0243 0.0668
vn -0.9118 0.3416 0.2279
vn -0.9944 0.0508 0.0924
vn -0.7764 0.1121 0.6202
vn 0.8542 -0.0109 -0.5199
vn 0.8377 -0.0217 0.5458
vn -0.9956 0.0181 0.0922
vn -0.8542 0.0109 0.5198
vn 0.0565 -0.1789 -0.9822
vn 0.0318 -0.0294 -0.9991
vn 0.2237 -0.0981 -0.9697
vn 0.0248 0.0238 -0.9994
vn 0.0936 0.2160 -0.9719
vn 0.1743 0.0487 -0.9835
vn 0.0904 -0.2159 0.9722
vn 0.1710 -0.0486 0.9841
vn 0.0214 -0.0238 0.9995
vn 0.0532 0.1789 0.9824
vn 0.0284 0.0294 0.9992
vn 0.2205 0.0982 0.9704
vn -0.0904 -0.2283 -0.9694
vn -0.1710 -0.0611 -0.9834
vn -0.0214 -0.0364 -0.9991
vn -0.0532 0.1664 -0.9846
vn -0.0284 0.0168 -0.9995
vn -0.2205 0.0858 -0.9716
vn -0.0565 -0.1664 0.9844
vn -0.0318 -0.0168 0.9994
vn -0.2237 -0.0859 0.9709
vn -0.0936 0.2283 0.9691
vn -0.1743 0.0611 0.9828
vn -0.0248 0.0364 0.9990
vn -0.3828 0.9238 -0.0065
vn 0.0017 -0.0365 -0.9993
vn 0.0360 -0.9983 -0.0457
vn 0.0972 -0.8987 -0.4278
vn 0.2498 -0.9592 -0.1322
vn 0.0410 0.9256 -0.3763
vn 0.0168 0.9974 -0.0702
vn 0.2247 0.9594 -0.1704
vn 0.0423 -0.9966 0.0705
vn 0.2481 -0.9532 0.1730
vn 0.0612 -0.9243 0.3769
vn 0.0092 0.9989 0.0460
vn 0.0687 0.9008 0.4287
vn 0.2230 0.9655 0.1348
vn -0.0162 -0.9994 -0.0307
vn -0.2230 -0.9655 -0.1348
vn -0.0369 -0.9398 -0.3397
vn -0.0353 0.9957 -0.0857
vn -0.0920 0.8809 -0.4642
vn -0.2480 0.9532 -0.1730
vn -0.0100 -0.9963 0.0855
vn -0.0739 -0.8831 0.4632
vn -0.2248 -0.9594 0.1704
vn -0.0429 0.9986 0.0304
vn -0.2498 0.9592 0.1322
vn -0.0653 0.9385 0.3391
vn -0.0143 0.9404 0.3398
vn -0.1571 -0.9874 0.0187
vn -0.1772 -0.0219 -0.9839
vn 0.0143 -0.9404 -0.3399
vn 0.0183 -0.9986 -0.0501
vn 0.0865 -0.8983 -0.4308
vn 0.2339 -0.9630 -0.1335
vn 0.0630 0.9264 -0.3711
vn 0.0360 0.9972 -0.0651
vn 0.2446 0.9559 -0.1627
vn 0.0230 -0.9975 0.0662
vn 0.2281 -0.9584 0.1717
vn 0.0391 -0.9270 0.3731
vn 0.0269 0.9983 0.0510
vn 0.0794 0.8974 0.4339
vn 0.2388 0.9605 0.1425
vn -0.0341 -0.9988 -0.0358
vn -0.2388 -0.9606 -0.1425
vn -0.0495 -0.9374 -0.3447
vn -0.0159 0.9966 -0.0813
vn -0.0696 0.8846 -0.4611
vn -0.2282 0.9584 -0.1717
vn -0.0294 -0.9963 0.0805
vn -0.0963 -0.8838 0.4579
vn -0.2446 -0.9559 0.1627
vn -0.0249 0.9991 0.0347
vn -0.2340 0.9630 0.1335
vn -0.0527 0.9379 0.3428
vn 0.1644 -0.9862 0.0182
vn -0.0016 0.9389 0.3442
vn -0.1644 0.9862 -0.0182
vn 0.0016 -0.9389 -0.3442
vn 0.9495 -0.2723 -0.1556
vn 0.9296 -0.0401 -0.3664
vn 0.9988 -0.0187 -0.0458
vn 0.8824 0.1276 -0.4528
vn 0.9393 0.3115 -0.1440
vn 0.9971 0.0472 -0.0604
vn 0.9472 -0.2787 0.1588
vn 0.9970 -0.0125 0.0761
vn 0.8791 -0.0970 0.4667
vn 0.9369 0.3052 0.1704
vn 0.9218 0.0723 0.3810
vn 0.9967 0.0534 0.0614
vn -0.9369 -0.3052 -0.1704
vn -0.9960 -0.0444 -0.0772
vn -0.8755 -0.1090 -0.4708
vn -0.9472 0.2787 -0.1587
vn -0.9240 0.0551 -0.3784
vn -0.9980 0.0208 -0.0599
vn -0.9393 -0.3115 0.1439
vn -0.9273 -0.0873 0.3639
vn -0.9975 -0.0555 0.0443
vn -0.9495 0.2724 0.1556
vn -0.9981 0.0097 0.0616
vn -0.8860 0.0784 0.4569
vn 0.9998 -0.0197 0.0071
vn 0.9303 0.0237 -0.3659
vn 0.9247 0.0086 0.3805
vn -0.9304 -0.0237 0.3659
vn -0.9248 -0.0086 -0.3805
vn 0.9408 -0.2941 -0.1683
vn 0.9207 -0.0668 -0.3844
vn 0.9971 -0.0388 -0.0659
vn 0.8749 0.0996 -0.4740
vn 0.9416 0.2900 -0.1711
vn 0.9963 0.0267 -0.0821
vn 0.9450 -0.2926 0.1462
vn 0.9980 -0.0295 0.0558
vn 0.8868 -0.1021 0.4508
vn 0.9458 0.2915 0.1434
vn 0.9308 0.0642 0.3599
vn 0.9986 0.0359 0.0395
vn -0.9458 -0.2915 -0.1434
vn -0.9981 -0.0273 -0.0555
vn -0.8871 -0.1040 -0.4497
vn -0.9450 0.2926 -0.1462
vn -0.9306 0.0633 -0.3606
vn -0.9985 0.0383 -0.0399
vn -0.9416 -0.2899 0.1711
vn -0.9209 -0.0607 0.3850
vn -0.9972 -0.0354 0.0662
vn -0.9408 0.2942 0.1683
vn -0.9962 0.0302 0.0819
vn -0.8746 0.1065 0.4730
vn 0.9770 -0.2131 -0.0119
vn 0.9775 0.2103 -0.0139
vn -0.9769 0.2132 0.0119
vn -0.0070 0.7897 -0.6135
vn 0.0461 -0.9948 -0.0908
vn 0.1131 -0.8574 -0.5021
vn 0.2914 -0.9387 -0.1843
vn 0.0423 0.9244 -0.3791
vn 0.0152 0.9991 -0.0393
vn 0.2545 0.9551 -0.1516
vn 0.0536 -0.9978 0.0396
vn 0.2900 -0.9446 0.1540
vn 0.0749 -0.9221 0.3796
vn 0.0067 0.9958 0.0910
vn 0.0754 0.8610 0.5030
vn 0.2532 0.9493 0.1866
vn -0.0148 -0.9972 -0.0740
vn -0.2532 -0.9493 -0.1866
vn -0.0392 -0.9107 -0.4112
vn -0.0455 0.9974 -0.0567
vn -0.1093 0.8743 -0.4730
vn -0.2901 0.9445 -0.1539
vn -0.0073 -0.9984 0.0564
vn -0.0793 -0.8779 0.4722
vn -0.2544 -0.9551 0.1516
vn -0.0541 0.9958 0.0737
vn -0.2913 0.9387 0.1843
vn -0.0780 0.9084 0.4107
vn 0.1780 0.9839 0.0177
vn 0.0191 -0.9982 0.0566
vn -0.0194 0.9111 0.4117
vn -0.1782 -0.9838 -0.0177
vn 0.0194 -0.9111 -0.4117
vn -0.0083 -0.9458 -0.3248
vn -0.0008 -0.3579 -0.9337
vn 0.0904 -0.7660 -0.6364
vn 0.0083 0.4435 -0.8963
vn 0.0297 0.9657 -0.2579
vn 0.1165 0.7603 -0.6391
vn 0.0048 -0.9663 0.2574
vn 0.1104 -0.7642 0.6354
vn 0.0212 -0.4440 0.8958
vn 0.0342 0.9453 0.3244
vn 0.0408 0.3573 0.9331
vn 0.1365 0.7621 0.6329
vn -0.0378 -0.9665 -0.2539
vn -0.1365 -0.7621 -0.6329
vn -0.0364 -0.4459 -0.8943
vn -0.0019 0.9448 -0.3277
vn -0.0286 0.3551 -0.9344
vn -0.1104 0.7641 -0.6355
vn -0.0240 -0.9444 0.3281
vn -0.0114 -0.3544 0.9350
vn -0.1165 -0.7603 0.6390
vn 0.0033 0.9670 0.2546
vn -0.0904 0.7661 0.6364
vn 0.0069 0.4465 0.8948
vn 0.0057 -0.0018 -1.0000
vn 0.1395 -0.0006 0.9902
vn -0.0110 -0.9447 0.3278
vn 0.0065 -0.4437 0.8962
vn 0.0217 0.4463 0.8946
vn -0.0217 -0.4463 -0.8946
vn 0.0110 0.9446 -0.3280
vn -0.0065 0.4437 -0.8961
vn 0.0216 -0.9500 -0.3114
vn 0.0085 -0.3710 -0.9286
vn 0.1137 -0.7716 -0.6258
vn -0.0084 0.4306 -0.9025
vn -0.0023 0.9624 -0.2718
vn 0.0901 0.7544 -0.6502
vn 0.0368 -0.9619 0.2710
vn 0.1368 -0.7511 0.6459
vn 0.0379 -0.4303 0.9019
vn 0.0043 0.9505 0.3108
vn 0.0315 0.3718 0.9278
vn 0.1132 0.7751 0.6216
vn -0.0070 -0.9707 -0.2401
vn -0.1133 -0.7751 -0.6217
vn -0.0241 -0.4597 -0.8878
vn -0.0335 0.9395 -0.3410
vn -0.0425 0.3408 -0.9392
vn -0.1368 0.7510 -0.6460
vn 0.0076 -0.9399 0.3414
vn 0.0025 -0.3413 0.9400
vn -0.0902 -0.7545 0.6501
vn -0.0275 0.9702 0.2408
vn -0.1137 0.7716 0.6258
vn -0.0053 0.4592 0.8883
vn 0.1189 -0.9928 0.0140
vn 0.0881 0.9960 -0.0178
vn 0.0205 -0.9397 0.3414
vn 0.0231 -0.4306 0.9022
vn -0.0087 0.9503 0.3112
vn 0.0094 0.4596 0.8881
vn -0.0881 -0.9960 0.0178
vn -0.0396 -0.0165 -0.9991
vn 0.0087 -0.9504 -0.3110
vn -0.0094 -0.4594 -0.8882
vn -0.0205 0.9397 -0.3414
vn -0.0231 0.4304 -0.9023
vn -0.0154 0.9998 -0.0159
vn 0.0260 -0.9990 -0.0376
vn 0.0767 -0.9440 -0.3208
vn 0.1874 -0.9773 -0.0986
vn 0.0335 0.9633 -0.2663
vn 0.0134 0.9990 -0.0432
vn 0.1702 0.9787 -0.1146
vn 0.0301 -0.9986 0.0437
vn 0.1849 -0.9756 0.1187
vn 0.0444 -0.9626 0.2672
vn 0.0074 0.9993 0.0380
vn 0.0525 0.9452 0.3223
vn 0.1677 0.9805 0.1027
vn -0.0126 -0.9995 -0.0273
vn -0.1677 -0.9805 -0.1027
vn -0.0275 -0.9675 -0.2514
vn -0.0249 0.9982 -0.0544
vn -0.0690 0.9387 -0.3377
vn -0.1849 0.9756 -0.1187
vn -0.0085 -0.9985 0.0540
vn -0.0602 -0.9398 0.3363
vn -0.1702 -0.9787 0.1146
vn -0.0310 0.9992 0.0268
vn -0.1874 0.9773 0.0986
vn -0.0504 0.9668 0.2505
vn 0.8685 -0.3912 -0.3045
vn 0.7722 -0.0786 -0.6305
vn 0.9913 -0.0702 -0.1113
vn 0.6846 0.1112 -0.7204
vn 0.8844 0.3657 -0.2899
vn 0.9898 0.0212 -0.1410
vn 0.8713 -0.4025 0.2808
vn 0.9894 -0.0627 0.1308
vn 0.6867 -0.1400 0.7134
vn 0.8872 0.3544 0.2954
vn 0.7813 0.0461 0.6225
vn 0.9945 0.0285 0.1011
vn -0.8872 -0.3544 -0.2954
vn -0.9911 -0.0159 -0.1323
vn -0.6914 -0.0834 -0.7177
vn -0.8713 0.4025 -0.2808
vn -0.7781 0.1029 -0.6196
vn -0.9923 0.0743 -0.0991
vn -0.8844 -0.3657 0.2898
vn -0.7753 -0.0703 0.6276
vn -0.9935 -0.0326 0.1093
vn -0.8685 0.3911 0.3044
vn -0.9881 0.0574 0.1425
vn -0.6798 0.1121 0.7247
vn 0.9510 -0.3089 -0.0105
vn -0.9510 0.3089 0.0105
vn 0.0211 0.9996 0.0193
vn 0.9719 -0.2126 -0.1008
vn 0.9639 -0.0496 -0.2615
vn 0.9993 -0.0291 -0.0228
vn 0.9391 0.0725 -0.3359
vn 0.9733 0.2060 -0.1014
vn 0.9993 0.0165 -0.0343
vn 0.9685 -0.2123 0.1304
vn 0.9977 -0.0230 0.0642
vn 0.9282 -0.0785 0.3638
vn 0.9698 0.2064 0.1298
vn 0.9560 0.0434 0.2902
vn 0.9984 0.0227 0.0527
vn -0.9698 -0.2064 -0.1298
vn -0.9978 -0.0167 -0.0641
vn -0.9287 -0.0736 -0.3636
vn -0.9685 0.2123 -0.1304
vn -0.9557 0.0487 -0.2903
vn -0.9982 0.0290 -0.0528
vn -0.9733 -0.2060 0.1014
vn -0.9642 -0.0425 0.2616
vn -0.9995 -0.0226 0.0229
vn -0.9719 0.2126 0.1007
vn -0.9991 0.0231 0.0343
vn -0.9386 0.0796 0.3356
vn 0.9568 -0.0027 0.2906
vn -0.9569 0.0027 -0.2906
vn 0.9688 -0.2209 -0.1126
vn 0.9593 -0.0604 -0.2758
vn 0.9986 -0.0364 -0.0381
vn 0.9341 0.0606 -0.3518
vn 0.9729 0.1977 -0.1200
vn 0.9987 0.0091 -0.0503
vn 0.9690 -0.2168 0.1185
vn 0.9984 -0.0288 0.0488
vn 0.9333 -0.0791 0.3503
vn 0.9731 0.2018 0.1111
vn 0.9607 0.0415 0.2743
vn 0.9992 0.0167 0.0366
vn -0.9731 -0.2018 -0.1111
vn -0.9988 -0.0109 -0.0481
vn -0.9348 -0.0730 -0.3476
vn -0.9690 0.2168 -0.1185
vn -0.9598 0.0506 -0.2760
vn -0.9987 0.0350 -0.0375
vn -0.9729 -0.1977 0.1200
vn -0.9602 -0.0317 0.2774
vn -0.9991 -0.0153 0.0390
vn -0.9688 0.2209 0.1126
vn -0.9983 0.0305 0.0496
vn -0.9326 0.0914 0.3490
vn -0.9613 0.0046 -0.2755
vn 0.0970 -0.9394 -0.3289
vn 0.1382 -0.3486 -0.9270
vn 0.6376 -0.5857 -0.5004
vn 0.0958 0.4463 -0.8897
vn 0.1157 0.9608 -0.2518
vn 0.6297 0.5976 -0.4963
vn 0.1326 -0.9592 0.2496
vn 0.6458 -0.5891 0.4856
vn 0.1165 -0.4450 0.8879
vn 0.0900 0.9406 0.3273
vn 0.1490 0.3504 0.9247
vn 0.6379 0.5942 0.4898
vn -0.1199 -0.9591 -0.2565
vn -0.6381 -0.5941 -0.4898
vn -0.1106 -0.4402 -0.8911
vn -0.1024 0.9416 -0.3208
vn -0.1537 0.3549 -0.9222
vn -0.6457 0.5892 -0.4857
vn -0.0846 -0.9428 0.3224
vn -0.1336 -0.3568 0.9246
vn -0.6299 -0.5975 0.4962
vn -0.1284 0.9575 0.2584
vn -0.6376 0.5857 0.5004
vn -0.1016 0.4387 0.8928
vn 0.1218 0.9925 0.0024
vn 0.0089 -0.9464 0.3229
vn 0.0104 -0.4481 0.8939
vn 0.0045 0.4419 0.8971
vn -0.6075 0.7943 0.0078
vn -0.0045 -0.4420 -0.8970
vn -0.0089 0.9464 -0.3229
vn 0.0876 -0.9390 -0.3327
vn 0.1500 -0.3456 -0.9263
vn 0.6371 -0.5936 -0.4917
vn 0.1202 0.4497 -0.8851
vn 0.1365 0.9602 -0.2438
vn 0.6491 0.5896 -0.4806
vn 0.1116 -0.9627 0.2464
vn 0.6266 -0.6025 0.4943
vn 0.0920 -0.4518 0.8874
vn 0.0993 0.9371 0.3345
vn 0.1371 0.3427 0.9294
vn 0.6380 0.5809 0.5055
vn -0.1311 -0.9555 -0.2643
vn -0.6381 -0.5807 -0.5055
vn -0.1008 -0.4334 -0.8956
vn -0.0804 0.9450 -0.3169
vn -0.1302 0.3625 -0.9228
vn -0.6265 0.6026 -0.4943
vn -0.1063 -0.9431 0.3151
vn -0.1573 -0.3597 0.9197
vn -0.6489 -0.5898 0.4807
vn -0.1172 0.9580 0.2616
vn -0.6372 0.5935 0.4917
vn -0.1114 0.4355 0.8932
vn 0.1185 -0.9929 -0.0078
vn 0.5942 -0.8043 -0.0009
vn 0.1383 0.9903 0.0106
vn 0.6102 0.7921 0.0139
vn 0.1427 -0.0106 0.9897
vn -0.0142 -0.4534 0.8912
vn 0.0059 0.9422 0.3349
vn -0.1383 -0.9903 -0.0106
vn -0.6102 -0.7922 -0.0139
vn -0.1185 0.9929 0.0078
vn -0.5942 0.8044 0.0009
vn -0.0059 -0.9422 -0.3350
vn 0.0053 -0.4368 -0.8995
vn 0.0130 0.9482 -0.3175
vn 0.0142 0.4534 -0.8912
vt 0.128500 0.746500
vt 0.126479 0.750000
vt 0.125000 0.746500
vt 0.378500 0.996500
vt 0.376479 1.000000
vt 0.375000 0.996500
vt 0.375000 0.003500
vt 0.378500 0.000000
vt 0.378500 0.003500
vt 0.621500 0.996500
vt 0.625000 0.998521
vt 0.621500 1.000000
vt 0.871500 0.746500
vt 0.875000 0.748521
vt 0.871500 0.750000
vt 0.621500 0.000000
vt 0.625000 0.003500
vt 0.621500 0.003500
vt 0.128500 0.503500
vt 0.125000 0.501479
vt 0.128500 0.500000
vt 0.378500 0.250000
vt 0.375000 0.246500
vt 0.378500 0.246500
vt 0.378500 0.253500
vt 0.375740 0.250740
vt 0.871500 0.503500
vt 0.873521 0.500000
vt 0.875000 0.503500
vt 0.621500 0.253500
vt 0.624260 0.249260
vt 0.625000 0.253500
vt 0.625000 0.246500
vt 0.621500 0.250000
vt 0.621500 0.246500
vt 0.371500 0.746500
vt 0.375493 0.750000
vt 0.373250 0.751750
vt 0.378500 0.750000
vt 0.375000 0.746500
vt 0.378500 0.746500
vt 0.378500 0.753500
vt 0.628500 0.746500
vt 0.625000 0.749507
vt 0.625000 0.746500
vt 0.621500 0.753500
vt 0.626750 0.751750
vt 0.621500 0.750000
vt 0.621500 0.746500
vt 0.371500 0.503500
vt 0.375000 0.500493
vt 0.375000 0.503500
vt 0.378500 0.496500
vt 0.373250 0.498250
vt 0.378500 0.500000
vt 0.378500 0.503500
vt 0.628500 0.503500
vt 0.624507 0.500000
vt 0.626750 0.498250
vt 0.621500 0.500000
vt 0.625000 0.503500
vt 0.621500 0.503500
vt 0.621500 0.496500
vt 0.125000 0.503500
vt 0.378500 1.000000
vt 0.875000 0.746500
vt 0.375000 0.253500
vt 0.871500 0.500000
vt 0.128500 0.750000
vt 0.625000 0.996500
vt 0.128500 0.746500
vt 0.375000 0.001479
vt 0.623521 0.000000
vt 0.378500 0.253500
vt 0.621500 0.253500
vt 0.378500 0.746500
vt 0.625000 0.746500
vt 0.628500 0.746500
vt 0.621500 0.746500
vt 0.371500 0.503500
vt 0.128500 0.503500
vt 0.378500 0.250000
vt 0.871500 0.503500
vt 0.621500 0.246500
vt 0.378500 0.246500
vt 0.621500 0.246500
vt 0.621500 0.496500
vt 0.378500 0.003500
vt 0.871500 0.746500
vt 0.371500 0.746500
vt 0.626750 0.498250
vt 0.871500 0.746500
vt 0.181819 0.000000
vt 0.227273 0.078731
vt 0.136365 0.078731
vt 0.272728 0.157461
vt 0.318182 0.078731
vt 0.363637 0.157461
vt 0.909091 0.000000
vt 0.954545 0.078731
vt 0.863636 0.078731
vt 0.727273 0.000000
vt 0.772727 0.078731
vt 0.681818 0.078731
vt 0.545455 0.000000
vt 0.590909 0.078731
vt 0.500000 0.078731
vt 0.318182 0.236191
vt 0.090910 0.157461
vt 0.181819 0.157461
vt 0.136365 0.236191
vt 0.818182 0.157461
vt 0.909091 0.157461
vt 0.863636 0.236191
vt 0.636364 0.157461
vt 0.727273 0.157461
vt 0.681818 0.236191
vt 0.454546 0.157461
vt 0.545455 0.157461
vt 0.500000 0.236191
vt 0.227273 0.236191
vt 0.045455 0.236191
vt 0.772727 0.236191
vt 0.590909 0.236191
vt 0.409092 0.236191
vt 0.181819 0.314921
vt 0.272728 0.314921
vt 0.227273 0.393651
vt 0.000000 0.314921
vt 0.090910 0.314921
vt 0.045455 0.393651
vt 0.727273 0.314921
vt 0.818182 0.314921
vt 0.772727 0.393651
vt 0.545455 0.314921
vt 0.636364 0.314921
vt 0.590909 0.393651
vt 0.363637 0.314921
vt 0.454546 0.314921
vt 0.409092 0.393651
vt 0.500000 0.393651
vt 0.454546 0.472382
vt 0.681818 0.393651
vt 0.636364 0.472382
vt 0.863636 0.393651
vt 0.818182 0.472382
vt 0.909091 0.314921
vt 0.136365 0.393651
vt 0.090910 0.472382
vt 0.318182 0.393651
vt 0.272728 0.472382
vt 0.954545 0.236191
vt 1.000000 0.157461
vt 0.409092 0.078731
vt 0.363637 0.000000
vt 0.378500 0.253500
s 0
usemtl stone
f 1/1/1 5/2/1 7/3/1
f 2/4/2 5/5/2 4/6/2
f 7/7/3 6/8/3 3/9/3
f 8/10/4 12/11/4 14/12/4
f 9/13/5 12/14/5 11/15/5
f 14/16/6 13/17/6 10/18/6
f 15/19/7 19/20/7 21/21/7
f 20/22/8 18/23/8 16/24/8
f 17/25/9 19/26/9 20/22/9
f 22/27/10 26/28/10 28/29/10
f 23/30/11 26/31/11 25/32/11
f 28/33/12 27/34/12 24/35/12
f 29/36/13 33/37/13 35/38/13
f 34/39/14 32/40/14 30/41/14
f 31/42/15 33/37/15 34/39/15
f 36/43/16 40/44/16 42/45/16
f 37/46/17 40/44/17 39/47/17
f 42/45/18 41/48/18 38/49/18
f 43/50/19 47/51/19 49/52/19
f 44/53/20 47/51/20 46/54/20
f 49/52/21 48/55/21 45/56/21
f 50/57/22 54/58/22 56/59/22
f 55/60/23 53/61/23 51/62/23
f 52/63/24 54/58/24 55/60/24
f 1/1/25 18/64/25 15/19/25
f 7/7/26 16/24/26 18/23/26
f 2/4/27 14/12/27 6/65/27
f 14/16/28 3/9/28 6/8/28
f 9/13/29 28/29/29 13/66/29
f 28/33/30 10/18/30 13/17/30
f 17/25/31 27/34/31 23/30/31
f 20/22/32 24/35/32 27/34/32
f 15/19/33 46/54/33 43/50/33
f 21/67/34 44/53/34 46/54/34
f 50/57/35 25/68/35 22/27/35
f 25/32/36 52/63/36 23/30/36
f 51/62/37 48/55/37 55/60/37
f 48/55/38 52/63/38 55/60/38
f 43/50/39 32/40/39 29/36/39
f 49/52/40 30/41/40 32/40/40
f 36/43/41 53/61/41 50/57/41
f 53/61/42 38/49/42 51/62/42
f 31/42/43 41/48/43 37/46/43
f 41/48/44 30/41/44 38/49/44
f 29/36/45 4/69/45 1/1/45
f 4/6/46 31/42/46 2/4/46
f 9/13/47 39/47/47 36/43/47
f 11/70/48 37/46/48 39/47/48
f 43/50/49 1/1/49 15/19/49
f 10/18/50 16/24/50 3/9/50
f 37/46/51 2/4/51 31/42/51
f 22/27/52 36/43/52 50/57/52
f 23/30/53 44/53/53 17/25/53
f 45/56/54 38/49/54 30/41/54
f 1/1/1239 4/69/1239 5/2/1239
f 2/4/1240 6/65/1240 5/5/1240
f 7/7/1241 5/72/1241 6/8/1241
f 8/10/1242 11/70/1242 12/11/1242
f 9/13/1243 13/66/1243 12/14/1243
f 14/16/1244 12/73/1244 13/17/1244
f 15/19/1245 18/64/1245 19/20/1245
f 20/22/1246 19/26/1246 18/23/1246
f 17/25/1247 21/67/1247 19/26/1247
f 22/27/1248 25/68/1248 26/28/1248
f 23/30/1249 27/34/1249 26/31/1249
f 28/33/1250 26/31/1250 27/34/1250
f 29/36/1251 32/40/1251 33/37/1251
f 34/39/1252 33/37/1252 32/40/1252
f 31/42/1253 35/38/1253 33/37/1253
f 36/43/1254 39/47/1254 40/44/1254
f 37/46/1255 41/48/1255 40/44/1255
f 42/45/1256 40/44/1256 41/48/1256
f 43/50/1257 46/54/1257 47/51/1257
f 44/53/1258 48/55/1258 47/51/1258
f 49/52/1259 47/51/1259 48/55/1259
f 50/57/1260 53/61/1260 54/58/1260
f 55/60/1261 54/58/1261 53/61/1261
f 52/63/1262 56/59/1262 54/58/1262
f 1/1/25 7/3/25 18/64/25
f 7/7/26 3/9/26 16/24/26
f 2/4/27 8/10/27 14/12/27
f 14/16/28 10/18/28 3/9/28
f 9/13/29 22/27/29 28/29/29
f 28/33/1263 24/35/1263 10/18/1263
f 17/25/31 20/22/31 27/34/31
f 20/22/32 16/24/32 24/35/32
f 15/19/33 21/21/33 46/54/33
f 21/67/34 17/25/34 44/53/34
f 50/57/35 56/59/35 25/68/35
f 25/32/36 56/59/36 52/63/36
f 51/62/37 45/56/37 48/55/37
f 48/55/38 44/53/38 52/63/38
f 43/50/39 49/52/39 32/40/39
f 49/52/1264 45/56/1264 30/41/1264
f 36/43/41 42/45/41 53/61/41
f 53/61/42 42/45/42 38/49/42
f 31/42/43 34/39/43 41/48/43
f 41/48/44 34/39/44 30/41/44
f 29/36/45 35/38/45 4/69/45
f 4/6/46 35/38/46 31/42/46
f 9/13/47 11/15/47 39/47/47
f 11/70/48 8/10/48 37/46/48
f 43/50/49 29/36/49 1/1/49
f 10/18/50 24/35/50 16/24/50
f 37/46/51 8/10/51 2/4/51
f 22/27/52 9/13/52 36/43/52
f 23/30/53 52/63/53 44/53/53
f 45/56/54 51/62/54 38/49/54
usemtl wood
f 60/69/55 63/3/55 57/71/55
f 58/4/56 61/5/56 60/6/56
f 59/9/57 61/72/57 62/8/57
f 64/10/58 68/11/58 70/12/58
f 69/66/59 67/15/59 65/13/59
f 66/18/60 68/73/60 69/17/60
f 74/64/61 77/21/61 71/19/61
f 72/24/62 75/26/62 74/23/62
f 73/74/63 75/26/63 76/22/63
f 81/68/64 84/29/64 78/27/64
f 79/75/65 82/31/65 81/32/65
f 80/35/66 82/31/66 83/34/66
f 88/40/67 91/38/67 85/36/67
f 86/76/68 89/37/68 88/40/68
f 87/42/69 89/37/69 90/39/69
f 95/47/70 98/77/70 92/78/70
f 93/46/71 96/44/71 95/47/71
f 94/79/72 96/44/72 97/48/72
f 102/54/73 105/52/73 99/80/73
f 100/53/74 103/51/74 102/54/74
f 101/56/75 103/51/75 104/55/75
f 109/61/76 112/59/76 106/57/76
f 107/62/77 110/58/77 109/61/77
f 108/63/78 110/58/78 111/60/78
f 57/71/79 74/64/79 71/19/79
f 63/7/80 72/24/80 74/23/80
f 58/4/81 70/12/81 62/65/81
f 70/16/82 59/9/82 62/8/82
f 78/27/83 69/66/83 65/13/83
f 84/33/84 66/18/84 69/17/84
f 73/74/85 83/34/85 79/75/85
f 83/34/86 72/24/86 80/35/86
f 71/19/87 102/54/87 99/80/87
f 77/67/88 100/53/88 102/54/88
f 106/57/89 81/68/89 78/27/89
f 81/32/90 108/63/90 79/75/90
f 101/56/91 111/60/91 107/62/91
f 104/55/92 108/63/92 111/60/92
f 99/80/93 88/40/93 85/36/93
f 105/52/94 86/76/94 88/40/94
f 92/78/95 109/61/95 106/57/95
f 109/61/96 94/79/96 107/62/96
f 87/42/97 97/48/97 93/46/97
f 90/39/98 94/79/98 97/48/98
f 85/36/99 60/69/99 57/71/99
f 60/6/100 87/42/100 58/4/100
f 65/13/101 95/47/101 92/78/101
f 67/70/102 93/46/102 95/47/102
f 99/80/103 57/71/103 71/19/103
f 59/9/104 80/35/104 72/24/104
f 93/46/105 58/4/105 87/42/105
f 78/27/106 92/78/106 106/57/106
f 73/74/107 108/63/107 100/53/107
f 107/62/108 86/76/108 101/56/108
f 116/69/109 119/3/109 113/71/109
f 114/4/110 117/5/110 116/6/110
f 115/9/111 117/72/111 118/8/111
f 120/10/112 124/11/112 126/12/112
f 125/66/113 123/15/113 121/13/113
f 122/18/114 124/73/114 125/17/114
f 130/64/115 133/21/115 127/81/115
f 128/24/116 131/26/116 130/23/116
f 129/74/117 131/26/117 132/82/117
f 137/68/118 140/29/118 134/83/118
f 135/30/119 138/31/119 137/32/119
f 136/84/120 138/31/120 139/34/120
f 144/40/121 147/38/121 141/36/121
f 142/76/122 145/37/122 144/40/122
f 143/42/123 145/37/123 146/39/123
f 151/47/124 154/77/124 148/78/124
f 149/46/125 152/44/125 151/47/125
f 150/79/126 152/44/126 153/48/126
f 158/54/127 161/52/127 155/80/127
f 156/53/128 159/51/128 158/54/128
f 157/56/129 159/51/129 160/55/129
f 165/61/130 168/59/130 162/57/130
f 163/62/131 166/58/131 165/61/131
f 164/63/132 166/58/132 167/60/132
f 127/81/133 119/3/133 130/64/133
f 130/23/134 115/9/134 128/24/134
f 114/4/135 126/12/135 118/65/135
f 126/16/136 115/9/136 118/8/136
f 134/83/137 125/66/137 121/13/137
f 125/17/138 136/84/138 122/18/138
f 129/74/139 139/34/139 135/30/139
f 132/82/140 136/84/140 139/34/140
f 127/81/141 158/54/141 155/80/141
f 133/67/142 156/53/142 158/54/142
f 162/57/143 137/68/143 134/83/143
f 168/59/144 135/30/144 137/32/144
f 157/56/145 167/60/145 163/62/145
f 167/60/146 156/53/146 164/63/146
f 155/80/147 144/40/147 141/36/147
f 161/52/148 142/76/148 144/40/148
f 148/78/149 165/61/149 162/57/149
f 165/61/150 150/79/150 163/62/150
f 143/42/151 153/48/151 149/46/151
f 153/48/152 142/76/152 150/79/152
f 113/71/153 147/38/153 116/69/153
f 147/38/154 114/4/154 116/6/154
f 148/78/155 123/15/155 151/47/155
f 151/47/156 120/10/156 149/46/156
f 155/80/157 113/71/157 127/81/157
f 122/18/158 128/24/158 115/9/158
f 149/46/159 114/4/159 143/42/159
f 134/83/160 148/78/160 162/57/160
f 129/74/161 164/63/161 156/53/161
f 163/62/162 142/76/162 157/56/162
f 169/71/163 173/2/163 175/3/163
f 170/4/164 173/5/164 172/6/164
f 171/9/165 173/72/165 174/8/165
f 176/10/166 180/11/166 182/12/166
f 177/13/167 180/14/167 179/15/167
f 178/18/168 180/73/168 181/17/168
f 183/81/169 187/20/169 189/21/169
f 184/85/170 187/26/170 186/23/170
f 185/74/171 187/26/171 188/22/171
f 190/83/172 194/28/172 196/29/172
f 191/30/173 194/31/173 193/32/173
f 192/86/174 194/31/174 195/34/174
f 197/36/175 201/37/175 203/38/175
f 198/41/176 201/37/176 200/40/176
f 199/42/177 201/37/177 202/39/177
f 204/78/178 208/44/178 210/45/178
f 205/46/179 208/44/179 207/47/179
f 206/79/180 208/44/180 209/48/180
f 211/80/181 215/51/181 217/52/181
f 212/53/182 215/51/182 214/54/182
f 213/56/183 215/51/183 216/55/183
f 218/57/184 222/58/184 224/59/184
f 219/62/185 222/58/185 221/61/185
f 220/87/186 222/58/186 223/60/186
f 169/71/187 186/64/187 183/81/187
f 175/7/188 184/85/188 186/23/188
f 170/4/189 182/12/189 174/65/189
f 182/16/190 171/9/190 174/8/190
f 190/83/191 181/66/191 177/13/191
f 196/33/192 178/18/192 181/17/192
f 185/74/193 195/34/193 191/30/193
f 188/22/194 192/86/194 195/34/194
f 183/81/195 214/54/195 211/80/195
f 189/67/196 212/53/196 214/54/196
f 218/57/197 193/68/197 190/83/197
f 224/59/198 191/30/198 193/32/198
f 213/56/199 223/60/199 219/62/199
f 216/55/200 220/87/200 223/60/200
f 211/80/201 200/40/201 197/36/201
f 200/40/202 213/56/202 198/41/202
f 218/57/203 210/45/203 221/61/203
f 210/45/204 219/62/204 221/61/204
f 199/42/205 209/48/205 205/46/205
f 202/39/206 206/79/206 209/48/206
f 169/71/207 203/38/207 172/69/207
f 172/6/208 199/42/208 170/4/208
f 177/13/209 207/47/209 204/78/209
f 179/70/210 205/46/210 207/47/210
f 183/81/211 197/36/211 169/71/211
f 171/9/212 192/86/212 184/85/212
f 205/46/213 170/4/213 199/42/213
f 218/57/214 177/13/214 204/78/214
f 185/74/215 220/87/215 212/53/215
f 213/56/216 206/79/216 198/41/216
f 225/1/217 229/2/217 231/3/217
f 226/4/218 229/5/218 228/6/218
f 231/7/219 230/8/219 227/88/219
f 232/10/220 236/11/220 238/12/220
f 233/89/221 236/14/221 235/15/221
f 238/16/222 237/17/222 234/18/222
f 239/81/223 243/20/223 245/21/223
f 244/22/224 242/23/224 240/85/224
f 241/25/225 243/26/225 244/22/225
f 246/83/226 250/28/226 252/29/226
f 247/30/227 250/31/227 249/32/227
f 252/33/228 251/34/228 248/35/228
f 253/90/229 257/37/229 259/38/229
f 258/39/230 256/40/230 254/41/230
f 255/42/231 257/37/231 258/39/231
f 260/78/232 264/44/232 266/45/232
f 261/46/233 264/44/233 263/47/233
f 266/45/234 265/48/234 262/49/234
f 267/80/235 271/51/235 273/52/235
f 268/53/236 271/51/236 270/54/236
f 273/52/237 272/55/237 269/56/237
f 274/57/238 278/58/238 280/91/238
f 279/60/239 277/61/239 275/62/239
f 276/63/240 278/58/240 279/60/240
f 225/1/241 242/64/241 239/81/241
f 231/7/242 240/85/242 242/23/242
f 232/10/243 230/65/243 226/4/243
f 230/8/244 234/18/244 227/88/244
f 246/83/245 237/66/245 233/89/245
f 252/33/246 234/18/246 237/17/246
f 241/25/247 251/34/247 247/30/247
f 244/22/248 248/35/248 251/34/248
f 239/81/249 270/54/249 267/80/249
f 245/67/250 268/53/250 270/54/250
f 246/83/251 280/91/251 249/68/251
f 249/32/252 276/63/252 247/30/252
f 269/56/253 279/60/253 275/62/253
f 272/55/254 276/63/254 279/60/254
f 253/90/255 273/52/255 256/40/255
f 273/52/256 254/41/256 256/40/256
f 274/57/257 266/45/257 277/61/257
f 277/61/258 262/49/258 275/62/258
f 255/42/259 265/48/259 261/46/259
f 258/39/260 262/49/260 265/48/260
f 253/90/261 228/69/261 225/1/261
f 259/38/262 226/4/262 228/6/262
f 233/89/263 263/47/263 260/78/263
f 235/70/264 261/46/264 263/47/264
f 267/80/265 225/1/265 239/81/265
f 234/18/266 240/85/266 227/88/266
f 261/46/267 226/4/267 255/42/267
f 274/57/268 233/89/268 260/78/268
f 241/25/269 276/63/269 268/53/269
f 269/56/270 262/49/270 254/41/270
f 281/1/271 285/2/271 287/3/271
f 282/4/272 285/5/272 284/6/272
f 287/7/273 286/8/273 283/9/273
f 288/10/274 292/11/274 294/12/274
f 289/89/275 292/14/275 291/15/275
f 294/16/276 293/17/276 290/18/276
f 295/81/277 299/20/277 301/21/277
f 300/22/278 298/23/278 296/24/278
f 297/25/279 299/26/279 300/22/279
f 302/83/280 306/28/280 308/29/280
f 303/30/281 306/31/281 305/32/281
f 308/33/282 307/34/282 304/35/282
f 309/90/283 313/37/283 315/38/283
f 314/39/284 312/40/284 310/41/284
f 311/42/285 313/37/285 314/39/285
f 316/78/286 320/44/286 322/45/286
f 317/46/287 320/44/287 319/47/287
f 322/45/288 321/48/288 318/49/288
f 323/50/289 327/51/289 329/52/289
f 324/53/290 327/51/290 326/54/290
f 329/52/291 328/55/291 325/56/291
f 330/57/292 334/58/292 336/59/292
f 335/60/293 333/61/293 331/62/293
f 332/63/294 334/58/294 335/60/294
f 281/1/295 298/64/295 295/81/295
f 287/7/296 296/24/296 298/23/296
f 282/4/297 294/12/297 286/65/297
f 286/8/298 290/18/298 283/9/298
f 302/83/299 293/66/299 289/89/299
f 308/33/300 290/18/300 293/17/300
f 303/30/301 300/22/301 307/34/301
f 300/22/302 304/35/302 307/34/302
f 295/81/303 326/54/303 323/50/303
f 326/54/304 297/25/304 324/53/304
f 330/57/305 305/68/305 302/83/305
f 336/59/306 303/30/306 305/32/306
f 331/62/307 328/55/307 335/60/307
f 335/60/308 324/53/308 332/63/308
f 323/50/309 312/40/309 309/90/309
f 312/40/310 325/56/310 310/41/310
f 330/57/311 322/45/311 333/61/311
f 333/61/312 318/49/312 331/62/312
f 311/42/313 321/48/313 317/46/313
f 321/48/314 310/41/314 318/49/314
f 309/90/315 284/69/315 281/1/315
f 284/6/316 311/42/316 282/4/316
f 316/78/317 291/15/317 319/47/317
f 291/70/318 317/46/318 319/47/318
f 323/50/319 281/1/319 295/81/319
f 290/18/320 296/24/320 283/9/320
f 317/46/321 282/4/321 311/42/321
f 302/83/322 316/78/322 330/57/322
f 303/30/323 324/53/323 297/25/323
f 325/56/324 318/49/324 310/41/324
f 340/69/325 343/3/325 337/71/325
f 338/4/326 341/5/326 340/6/326
f 339/9/327 341/72/327 342/8/327
f 344/10/328 348/11/328 350/12/328
f 349/66/329 347/15/329 345/13/329
f 346/18/330 348/73/330 349/17/330
f 354/64/331 357/21/331 351/19/331
f 352/24/332 355/26/332 354/23/332
f 353/74/333 355/26/333 356/22/333
f 361/68/334 364/29/334 358/83/334
f 359/75/335 362/31/335 361/32/335
f 360/35/336 362/31/336 363/34/336
f 368/40/337 371/38/337 365/36/337
f 366/41/338 369/37/338 368/40/338
f 367/42/339 369/37/339 370/39/339
f 375/47/340 378/45/340 372/78/340
f 373/46/341 376/44/341 375/47/341
f 374/49/342 376/44/342 377/48/342
f 382/54/343 385/52/343 379/80/343
f 380/53/344 383/51/344 382/54/344
f 381/56/345 383/51/345 384/55/345
f 389/61/346 392/59/346 386/57/346
f 387/62/347 390/58/347 389/61/347
f 388/63/348 390/58/348 391/60/348
f 337/71/349 354/64/349 351/19/349
f 343/7/350 352/24/350 354/23/350
f 344/10/351 342/65/351 338/4/351
f 350/16/352 339/9/352 342/8/352
f 345/13/353 364/29/353 349/66/353
f 364/33/354 346/18/354 349/17/354
f 353/74/355 363/34/355 359/75/355
f 356/22/356 360/35/356 363/34/356
f 351/19/357 382/54/357 379/80/357
f 357/67/358 380/53/358 382/54/358
f 386/57/359 361/68/359 358/83/359
f 392/59/360 359/75/360 361/32/360
f 387/62/361 384/55/361 391/60/361
f 384/55/362 388/63/362 391/60/362
f 379/80/363 368/40/363 365/36/363
f 385/52/364 366/41/364 368/40/364
f 372/78/365 389/61/365 386/57/365
f 389/61/366 374/49/366 387/62/366
f 367/42/367 377/48/367 373/46/367
f 377/48/368 366/41/368 374/49/368
f 365/36/369 340/69/369 337/71/369
f 340/6/370 367/42/370 338/4/370
f 372/78/371 347/15/371 375/47/371
f 347/70/372 373/46/372 375/47/372
f 379/80/373 337/71/373 351/19/373
f 339/9/374 360/35/374 352/24/374
f 373/46/375 338/4/375 367/42/375
f 386/57/376 345/13/376 372/78/376
f 359/75/377 380/53/377 353/74/377
f 387/62/378 366/41/378 381/56/378
f 396/69/379 399/3/379 393/71/379
f 394/4/380 397/5/380 396/6/380
f 395/9/381 397/72/381 398/8/381
f 400/10/382 404/11/382 406/12/382
f 405/66/383 403/15/383 401/13/383
f 402/18/384 404/73/384 405/17/384
f 410/64/385 413/21/385 407/19/385
f 408/85/386 411/26/386 410/23/386
f 409/74/387 411/26/387 412/22/387
f 417/68/388 420/29/388 414/27/388
f 415/30/389 418/31/389 417/32/389
f 416/35/390 418/31/390 419/34/390
f 424/40/391 427/38/391 421/36/391
f 422/76/392 425/37/392 424/40/392
f 423/42/393 425/37/393 426/39/393
f 431/47/394 434/77/394 428/78/394
f 429/46/395 432/44/395 431/47/395
f 430/79/396 432/44/396 433/48/396
f 438/54/397 441/52/397 435/80/397
f 436/53/398 439/51/398 438/54/398
f 437/56/399 439/51/399 440/55/399
f 445/61/400 448/59/400 442/57/400
f 443/62/401 446/58/401 445/61/401
f 444/63/402 446/58/402 447/60/402
f 407/19/403 399/3/403 410/64/403
f 410/23/404 395/9/404 408/85/404
f 394/4/405 406/12/405 398/65/405
f 406/16/406 395/9/406 398/8/406
f 414/27/407 405/66/407 401/13/407
f 420/33/408 402/18/408 405/17/408
f 409/74/409 419/34/409 415/30/409
f 412/22/410 416/35/410 419/34/410
f 435/80/411 413/21/411 438/54/411
f 413/67/412 436/53/412 438/54/412
f 414/27/413 448/59/413 417/68/413
f 448/59/414 415/30/414 417/32/414
f 437/56/415 447/60/415 443/62/415
f 447/60/416 436/53/416 444/63/416
f 435/80/417 424/40/417 421/36/417
f 441/52/418 422/76/418 424/40/418
f 442/57/419 434/77/419 445/61/419
f 445/61/420 430/79/420 443/62/420
f 423/42/421 433/48/421 429/46/421
f 426/39/422 430/79/422 433/48/422
f 421/36/423 396/69/423 393/71/423
f 427/38/424 394/4/424 396/6/424
f 401/13/425 431/47/425 428/78/425
f 403/70/426 429/46/426 431/47/426
f 435/80/427 393/71/427 407/19/427
f 402/18/428 408/85/428 395/9/428
f 429/46/429 394/4/429 423/42/429
f 442/57/430 401/13/430 428/78/430
f 415/30/431 436/53/431 409/74/431
f 443/62/432 422/76/432 437/56/432
f 449/71/433 453/2/433 455/3/433
f 450/4/434 453/5/434 452/6/434
f 455/7/435 454/8/435 451/9/435
f 456/10/436 460/11/436 462/12/436
f 457/13/437 460/14/437 459/15/437
f 462/16/438 461/17/438 458/18/438
f 463/81/439 467/20/439 469/21/439
f 468/22/440 466/23/440 464/85/440
f 465/74/441 467/26/441 468/22/441
f 470/27/442 474/28/442 476/29/442
f 471/30/443 474/31/443 473/32/443
f 476/33/444 475/34/444 472/86/444
f 477/36/445 481/37/445 483/38/445
f 482/39/446 480/40/446 478/76/446
f 479/42/447 481/37/447 482/39/447
f 484/78/448 488/44/448 490/45/448
f 485/46/449 488/44/449 487/47/449
f 490/45/450 489/48/450 486/79/450
f 491/80/451 495/51/451 497/52/451
f 492/53/452 495/51/452 494/54/452
f 497/52/453 496/55/453 493/56/453
f 498/57/454 502/58/454 504/59/454
f 503/60/455 501/61/455 499/62/455
f 500/63/456 502/58/456 503/60/456
f 463/81/457 455/3/457 466/64/457
f 455/7/458 464/85/458 466/23/458
f 456/10/459 454/65/459 450/4/459
f 462/16/460 451/9/460 454/8/460
f 470/27/461 461/66/461 457/13/461
f 461/17/462 472/86/462 458/18/462
f 465/74/463 475/34/463 471/30/463
f 468/22/464 472/86/464 475/34/464
f 491/80/465 469/21/465 494/54/465
f 469/67/466 492/53/466 494/54/466
f 498/57/467 473/68/467 470/27/467
f 504/59/468 471/30/468 473/32/468
f 499/62/469 496/55/469 503/60/469
f 503/60/470 492/53/470 500/63/470
f 477/36/471 497/52/471 480/40/471
f 497/52/472 478/76/472 480/40/472
f 498/57/473 490/45/473 501/61/473
f 490/45/474 499/62/474 501/61/474
f 485/46/475 482/39/475 489/48/475
f 489/48/476 478/76/476 486/79/476
f 477/36/477 452/69/477 449/71/477
f 452/6/478 479/42/478 450/4/478
f 457/13/479 487/47/479 484/78/479
f 459/70/480 485/46/480 487/47/480
f 491/80/481 449/71/481 463/81/481
f 458/18/482 464/85/482 451/9/482
f 485/46/483 450/4/483 479/42/483
f 498/57/484 457/13/484 484/78/484
f 471/30/485 492/53/485 465/74/485
f 499/62/486 478/76/486 493/56/486
f 900/69/1023 903/3/1023 897/71/1023
f 898/4/1024 901/5/1024 900/6/1024
f 899/9/1025 901/72/1025 902/8/1025
f 904/10/1026 908/11/1026 910/12/1026
f 909/66/1027 907/15/1027 905/13/1027
f 906/18/1028 908/73/1028 909/17/1028
f 914/64/1029 917/21/1029 911/81/1029
f 912/85/1030 915/26/1030 914/23/1030
f 913/74/1031 915/26/1031 916/22/1031
f 921/68/1032 924/29/1032 918/27/1032
f 919/30/1033 922/31/1033 921/32/1033
f 920/84/1034 922/31/1034 923/34/1034
f 928/40/1035 931/38/1035 925/36/1035
f 926/76/1036 929/37/1036 928/40/1036
f 927/42/1037 929/37/1037 930/39/1037
f 935/47/1038 938/77/1038 932/78/1038
f 933/46/1039 936/44/1039 935/47/1039
f 934/79/1040 936/44/1040 937/48/1040
f 942/54/1041 945/52/1041 939/80/1041
f 940/53/1042 943/51/1042 942/54/1042
f 941/56/1043 943/51/1043 944/55/1043
f 949/61/1044 952/59/1044 946/57/1044
f 947/62/1045 950/58/1045 949/61/1045
f 948/63/1046 950/58/1046 951/60/1046
f 911/81/1047 903/3/1047 914/64/1047
f 903/7/1048 912/85/1048 914/23/1048
f 898/4/1049 910/12/1049 902/65/1049
f 910/16/1050 899/9/1050 902/8/1050
f 918/27/1051 909/66/1051 905/13/1051
f 924/33/1052 906/18/1052 909/17/1052
f 913/74/1053 923/34/1053 919/30/1053
f 916/22/1054 920/84/1054 923/34/1054
f 911/81/1055 942/54/1055 939/80/1055
f 917/67/1056 940/53/1056 942/54/1056
f 918/27/1057 952/59/1057 921/68/1057
f 952/59/1058 919/30/1058 921/32/1058
f 941/56/1059 951/60/1059 947/62/1059
f 944/55/1060 948/63/1060 951/60/1060
f 925/36/1061 945/52/1061 928/40/1061
f 945/52/1062 926/76/1062 928/40/1062
f 932/78/1063 949/61/1063 946/57/1063
f 938/77/1064 947/62/1064 949/61/1064
f 933/46/1065 930/39/1065 937/48/1065
f 930/39/1066 934/79/1066 937/48/1066
f 897/71/1067 931/38/1067 900/69/1067
f 931/38/1068 898/4/1068 900/6/1068
f 905/13/1069 935/47/1069 932/78/1069
f 935/47/1070 904/10/1070 933/46/1070
f 911/81/1071 925/36/1071 897/71/1071
f 906/18/1072 912/85/1072 899/9/1072
f 933/46/1073 898/4/1073 927/42/1073
f 918/27/1074 932/78/1074 946/57/1074
f 919/30/1075 940/53/1075 913/74/1075
f 947/62/1076 926/76/1076 941/56/1076
f 956/69/1077 959/3/1077 953/71/1077
f 954/4/1078 957/5/1078 956/6/1078
f 955/9/1079 957/72/1079 958/8/1079
f 960/10/1080 964/11/1080 966/12/1080
f 965/66/1081 963/15/1081 961/13/1081
f 962/18/1082 964/73/1082 965/17/1082
f 970/64/1083 973/21/1083 967/81/1083
f 968/85/1084 971/26/1084 970/23/1084
f 969/156/1085 971/26/1085 972/22/1085
f 977/68/1086 980/29/1086 974/27/1086
f 975/30/1087 978/31/1087 977/32/1087
f 976/86/1088 978/31/1088 979/34/1088
f 984/40/1089 987/38/1089 981/36/1089
f 982/76/1090 985/37/1090 984/40/1090
f 983/42/1091 985/37/1091 986/39/1091
f 991/47/1092 994/45/1092 988/78/1092
f 989/46/1093 992/44/1093 991/47/1093
f 990/79/1094 992/44/1094 993/48/1094
f 998/54/1095 1001/52/1095 995/80/1095
f 996/53/1096 999/51/1096 998/54/1096
f 997/56/1097 999/51/1097 1000/55/1097
f 1005/61/1098 1008/59/1098 1002/57/1098
f 1003/62/1099 1006/58/1099 1005/61/1099
f 1004/63/1100 1006/58/1100 1007/60/1100
f 953/71/1101 970/64/1101 967/81/1101
f 959/7/1102 968/85/1102 970/23/1102
f 954/4/1103 966/12/1103 958/65/1103
f 966/16/1104 955/9/1104 958/8/1104
f 974/27/1105 965/66/1105 961/13/1105
f 980/33/1106 962/18/1106 965/17/1106
f 969/156/1107 979/34/1107 975/30/1107
f 979/34/1108 968/85/1108 976/86/1108
f 967/81/1109 998/54/1109 995/80/1109
f 998/54/1110 969/156/1110 996/53/1110
f 1002/57/1111 977/68/1111 974/27/1111
f 1008/59/1112 975/30/1112 977/32/1112
f 1003/62/1113 1000/55/1113 1007/60/1113
f 1000/55/1114 1004/63/1114 1007/60/1114
f 981/36/1115 1001/52/1115 984/40/1115
f 1001/52/1116 982/76/1116 984/40/1116
f 988/78/1117 1005/61/1117 1002/57/1117
f 994/45/1118 1003/62/1118 1005/61/1118
f 989/46/1119 986/39/1119 993/48/1119
f 986/39/1120 990/79/1120 993/48/1120
f 981/36/1121 956/69/1121 953/71/1121
f 987/38/1122 954/4/1122 956/6/1122
f 961/13/1123 991/47/1123 988/78/1123
f 991/47/1124 960/10/1124 989/46/1124
f 967/81/1125 981/36/1125 953/71/1125
f 962/18/1126 968/85/1126 955/9/1126
f 989/46/1127 954/4/1127 983/42/1127
f 1002/57/1128 961/13/1128 988/78/1128
f 975/30/1129 996/53/1129 969/156/1129
f 1003/62/1130 982/76/1130 997/56/1130
f 60/69/1265 61/2/1265 63/3/1265
f 58/4/1266 62/65/1266 61/5/1266
f 59/9/1267 63/7/1267 61/72/1267
f 64/10/1268 67/70/1268 68/11/1268
f 69/66/1269 68/14/1269 67/15/1269
f 66/18/1270 70/16/1270 68/73/1270
f 74/64/1271 75/20/1271 77/21/1271
f 72/24/1272 76/22/1272 75/26/1272
f 73/74/1273 77/67/1273 75/26/1273
f 81/68/1274 82/28/1274 84/29/1274
f 79/75/1275 83/34/1275 82/31/1275
f 80/35/1276 84/33/1276 82/31/1276
f 88/40/1277 89/37/1277 91/38/1277
f 86/76/1278 90/39/1278 89/37/1278
f 87/42/1279 91/38/1279 89/37/1279
f 95/47/1280 96/44/1280 98/77/1280
f 93/46/1281 97/48/1281 96/44/1281
f 94/79/1282 98/77/1282 96/44/1282
f 102/54/1283 103/51/1283 105/52/1283
f 100/53/1284 104/55/1284 103/51/1284
f 101/56/1285 105/52/1285 103/51/1285
f 109/61/1286 110/58/1286 112/59/1286
f 107/62/1287 111/60/1287 110/58/1287
f 108/63/1288 112/59/1288 110/58/1288
f 57/71/79 63/3/79 74/64/79
f 63/7/80 59/9/80 72/24/80
f 58/4/1289 64/10/1289 70/12/1289
f 70/16/82 66/18/82 59/9/82
f 78/27/83 84/29/83 69/66/83
f 84/33/84 80/35/84 66/18/84
f 73/74/1290 76/22/1290 83/34/1290
f 83/34/86 76/22/86 72/24/86
f 71/19/87 77/21/87 102/54/87
f 77/67/88 73/74/88 100/53/88
f 106/57/89 112/59/89 81/68/89
f 81/32/90 112/59/90 108/63/90
f 101/56/91 104/55/91 111/60/91
f 104/55/92 100/53/92 108/63/92
f 99/80/93 105/52/93 88/40/93
f 105/52/94 101/56/94 86/76/94
f 92/78/95 98/77/95 109/61/95
f 109/61/96 98/77/96 94/79/96
f 87/42/97 90/39/97 97/48/97
f 90/39/98 86/76/98 94/79/98
f 85/36/99 91/38/99 60/69/99
f 60/6/100 91/38/100 87/42/100
f 65/13/101 67/15/101 95/47/101
f 67/70/102 64/10/102 93/46/102
f 99/80/103 85/36/103 57/71/103
f 59/9/104 66/18/104 80/35/104
f 93/46/105 64/10/105 58/4/105
f 78/27/106 65/13/106 92/78/106
f 73/74/107 79/75/107 108/63/107
f 107/62/108 94/79/108 86/76/108
f 116/69/1291 117/2/1291 119/3/1291
f 114/4/1292 118/65/1292 117/5/1292
f 115/9/1293 119/7/1293 117/72/1293
f 120/10/1294 123/70/1294 124/11/1294
f 125/66/1295 124/14/1295 123/15/1295
f 122/18/1296 126/16/1296 124/73/1296
f 130/64/1297 131/20/1297 133/21/1297
f 128/24/1298 132/82/1298 131/26/1298
f 129/74/1299 133/67/1299 131/26/1299
f 137/68/1300 138/28/1300 140/29/1300
f 135/30/1301 139/34/1301 138/31/1301
f 136/84/1302 140/33/1302 138/31/1302
f 144/40/1303 145/37/1303 147/38/1303
f 142/76/1304 146/39/1304 145/37/1304
f 143/42/1305 147/38/1305 145/37/1305
f 151/47/1306 152/44/1306 154/77/1306
f 149/46/1307 153/48/1307 152/44/1307
f 150/79/1308 154/77/1308 152/44/1308
f 158/54/1309 159/51/1309 161/52/1309
f 156/53/1310 160/55/1310 159/51/1310
f 157/56/1311 161/52/1311 159/51/1311
f 165/61/1312 166/58/1312 168/59/1312
f 163/62/1313 167/60/1313 166/58/1313
f 164/63/1314 168/59/1314 166/58/1314
f 127/81/133 113/71/133 119/3/133
f 130/23/134 119/7/134 115/9/134
f 114/4/1315 120/10/1315 126/12/1315
f 126/16/136 122/18/136 115/9/136
f 134/83/137 140/29/137 125/66/137
f 125/17/138 140/33/138 136/84/138
f 129/74/1316 132/82/1316 139/34/1316
f 132/82/140 128/24/140 136/84/140
f 127/81/141 133/21/141 158/54/141
f 133/67/142 129/74/142 156/53/142
f 162/57/143 168/59/143 137/68/143
f 168/59/144 164/63/144 135/30/144
f 157/56/1317 160/55/1317 167/60/1317
f 167/60/1318 160/55/1318 156/53/1318
f 155/80/147 161/52/147 144/40/147
f 161/52/148 157/56/148 142/76/148
f 148/78/149 154/77/149 165/61/149
f 165/61/150 154/77/150 150/79/150
f 143/42/151 146/39/151 153/48/151
f 153/48/152 146/39/152 142/76/152
f 113/71/153 141/36/153 147/38/153
f 147/38/154 143/42/154 114/4/154
f 148/78/155 121/13/155 123/15/155
f 151/47/156 123/70/156 120/10/156
f 155/80/157 141/36/157 113/71/157
f 122/18/158 136/84/158 128/24/158
f 149/46/159 120/10/159 114/4/159
f 134/83/160 121/13/160 148/78/160
f 129/74/161 135/30/161 164/63/161
f 163/62/162 150/79/162 142/76/162
f 169/71/1319 172/69/1319 173/2/1319
f 170/4/1320 174/65/1320 173/5/1320
f 171/9/1321 175/7/1321 173/72/1321
f 176/10/1322 179/70/1322 180/11/1322
f 177/13/1323 181/66/1323 180/14/1323
f 178/18/1324 182/16/1324 180/73/1324
f 183/81/1325 186/64/1325 187/20/1325
f 184/85/1326 188/22/1326 187/26/1326
f 185/74/1327 189/67/1327 187/26/1327
f 190/83/1328 193/68/1328 194/28/1328
f 191/30/1329 195/34/1329 194/31/1329
f 192/86/1330 196/33/1330 194/31/1330
f 197/36/1331 200/40/1331 201/37/1331
f 198/41/1332 202/39/1332 201/37/1332
f 199/42/1333 203/38/1333 201/37/1333
f 204/78/1334 207/47/1334 208/44/1334
f 205/46/1335 209/48/1335 208/44/1335
f 206/79/1336 210/45/1336 208/44/1336
f 211/80/1337 214/54/1337 215/51/1337
f 212/53/1338 216/55/1338 215/51/1338
f 213/56/1339 217/52/1339 215/51/1339
f 218/57/1340 221/61/1340 222/58/1340
f 219/62/1341 223/60/1341 222/58/1341
f 220/87/1342 224/59/1342 222/58/1342
f 169/71/187 175/3/187 186/64/187
f 175/7/188 171/9/188 184/85/188
f 170/4/189 176/10/189 182/12/189
f 182/16/190 178/18/190 171/9/190
f 190/83/191 196/29/191 181/66/191
f 196/33/192 192/86/192 178/18/192
f 185/74/193 188/22/193 195/34/193
f 188/22/194 184/85/194 192/86/194
f 183/81/195 189/21/195 214/54/195
f 189/67/196 185/74/196 212/53/196
f 218/57/197 224/59/197 193/68/197
f 224/59/198 220/87/198 191/30/198
f 213/56/199 216/55/199 223/60/199
f 216/55/200 212/53/200 220/87/200
f 211/80/201 217/52/201 200/40/201
f 200/40/202 217/52/202 213/56/202
f 218/57/1343 204/78/1343 210/45/1343
f 210/45/204 206/79/204 219/62/204
f 199/42/205 202/39/205 209/48/205
f 202/39/206 198/41/206 206/79/206
f 169/71/207 197/36/207 203/38/207
f 172/6/1344 203/38/1344 199/42/1344
f 177/13/209 179/15/209 207/47/209
f 179/70/210 176/10/210 205/46/210
f 183/81/211 211/80/211 197/36/211
f 171/9/212 178/18/212 192/86/212
f 205/46/213 176/10/213 170/4/213
f 218/57/214 190/83/214 177/13/214
f 185/74/215 191/30/215 220/87/215
f 213/56/216 219/62/216 206/79/216
f 225/1/1345 228/69/1345 229/2/1345
f 226/4/1346 230/65/1346 229/5/1346
f 231/7/1347 229/72/1347 230/8/1347
f 232/10/1348 235/70/1348 236/11/1348
f 233/89/1349 237/66/1349 236/14/1349
f 238/16/1350 236/73/1350 237/17/1350
f 239/81/1351 242/64/1351 243/20/1351
f 244/22/1352 243/26/1352 242/23/1352
f 241/25/1353 245/67/1353 243/26/1353
f 246/83/1354 249/68/1354 250/28/1354
f 247/30/1355 251/34/1355 250/31/1355
f 252/33/1356 250/31/1356 251/34/1356
f 253/90/1357 256/40/1357 257/37/1357
f 258/39/1358 257/37/1358 256/40/1358
f 255/42/1359 259/38/1359 257/37/1359
f 260/78/1360 263/47/1360 264/44/1360
f 261/46/1361 265/48/1361 264/44/1361
f 266/45/1362 264/44/1362 265/48/1362
f 267/80/1363 270/54/1363 271/51/1363
f 268/53/1364 272/55/1364 271/51/1364
f 273/52/1365 271/51/1365 272/55/1365
f 274/57/1366 277/61/1366 278/58/1366
f 279/60/1367 278/58/1367 277/61/1367
f 276/63/1368 280/91/1368 278/58/1368
f 225/1/241 231/3/241 242/64/241
f 231/7/242 227/88/242 240/85/242
f 232/10/243 238/12/243 230/65/243
f 230/8/244 238/16/244 234/18/244
f 246/83/245 252/29/245 237/66/245
f 252/33/246 248/35/246 234/18/246
f 241/25/247 244/22/247 251/34/247
f 244/22/248 240/85/248 248/35/248
f 239/81/249 245/21/249 270/54/249
f 245/67/250 241/25/250 268/53/250
f 246/83/251 274/57/251 280/91/251
f 249/32/1369 280/91/1369 276/63/1369
f 269/56/253 272/55/253 279/60/253
f 272/55/254 268/53/254 276/63/254
f 253/90/255 267/80/255 273/52/255
f 273/52/1370 269/56/1370 254/41/1370
f 274/57/257 260/78/257 266/45/257
f 277/61/258 266/45/258 262/49/258
f 255/42/1371 258/39/1371 265/48/1371
f 258/39/260 254/41/260 262/49/260
f 253/90/261 259/38/261 228/69/261
f 259/38/1372 255/42/1372 226/4/1372
f 233/89/263 235/15/263 263/47/263
f 235/70/264 232/10/264 261/46/264
f 267/80/265 253/90/265 225/1/265
f 234/18/266 248/35/266 240/85/266
f 261/46/267 232/10/267 226/4/267
f 274/57/268 246/83/268 233/89/268
f 241/25/269 247/30/269 276/63/269
f 269/56/270 275/62/270 262/49/270
f 281/1/1373 284/69/1373 285/2/1373
f 282/4/1374 286/65/1374 285/5/1374
f 287/7/1375 285/72/1375 286/8/1375
f 288/10/1376 291/70/1376 292/11/1376
f 289/89/1377 293/66/1377 292/14/1377
f 294/16/1378 292/73/1378 293/17/1378
f 295/81/1379 298/64/1379 299/20/1379
f 300/22/1380 299/26/1380 298/23/1380
f 297/25/1381 301/67/1381 299/26/1381
f 302/83/1382 305/68/1382 306/28/1382
f 303/30/1383 307/34/1383 306/31/1383
f 308/33/1384 306/31/1384 307/34/1384
f 309/90/1385 312/40/1385 313/37/1385
f 314/39/1386 313/37/1386 312/40/1386
f 311/42/1387 315/38/1387 313/37/1387
f 316/78/1388 319/47/1388 320/44/1388
f 317/46/1389 321/48/1389 320/44/1389
f 322/45/1390 320/44/1390 321/48/1390
f 323/50/1391 326/54/1391 327/51/1391
f 324/53/1392 328/55/1392 327/51/1392
f 329/52/1393 327/51/1393 328/55/1393
f 330/57/1394 333/61/1394 334/58/1394
f 335/60/1395 334/58/1395 333/61/1395
f 332/63/1396 336/59/1396 334/58/1396
f 281/1/295 287/3/295 298/64/295
f 287/7/1397 283/9/1397 296/24/1397
f 282/4/297 288/10/297 294/12/297
f 286/8/298 294/16/298 290/18/298
f 302/83/299 308/29/299 293/66/299
f 308/33/300 304/35/300 290/18/300
f 303/30/301 297/25/301 300/22/301
f 300/22/302 296/24/302 304/35/302
f 295/81/303 301/21/303 326/54/303
f 326/54/304 301/67/304 297/25/304
f 330/57/305 336/59/305 305/68/305
f 336/59/1398 332/63/1398 303/30/1398
f 331/62/307 325/56/307 328/55/307
f 335/60/308 328/55/308 324/53/308
f 323/50/309 329/52/309 312/40/309
f 312/40/310 329/52/310 325/56/310
f 330/57/311 316/78/311 322/45/311
f 333/61/1399 322/45/1399 318/49/1399
f 311/42/313 314/39/313 321/48/313
f 321/48/314 314/39/314 310/41/314
f 309/90/315 315/38/315 284/69/315
f 284/6/1400 315/38/1400 311/42/1400
f 316/78/317 289/89/317 291/15/317
f 291/70/318 288/10/318 317/46/318
f 323/50/319 309/90/319 281/1/319
f 290/18/320 304/35/320 296/24/320
f 317/46/321 288/10/321 282/4/321
f 302/83/322 289/89/322 316/78/322
f 303/30/323 332/63/323 324/53/323
f 325/56/324 331/62/324 318/49/324
f 340/69/1401 341/2/1401 343/3/1401
f 338/4/1402 342/65/1402 341/5/1402
f 339/9/1403 343/7/1403 341/72/1403
f 344/10/1404 347/70/1404 348/11/1404
f 349/66/1405 348/14/1405 347/15/1405
f 346/18/1406 350/16/1406 348/73/1406
f 354/64/1407 355/20/1407 357/21/1407
f 352/24/1408 356/22/1408 355/26/1408
f 353/74/1409 357/67/1409 355/26/1409
f 361/68/1410 362/28/1410 364/29/1410
f 359/75/1411 363/34/1411 362/31/1411
f 360/35/1412 364/33/1412 362/31/1412
f 368/40/1413 369/37/1413 371/38/1413
f 366/41/1414 370/39/1414 369/37/1414
f 367/42/1415 371/38/1415 369/37/1415
f 375/47/1416 376/44/1416 378/45/1416
f 373/46/1417 377/48/1417 376/44/1417
f 374/49/1418 378/45/1418 376/44/1418
f 382/54/1419 383/51/1419 385/52/1419
f 380/53/1420 384/55/1420 383/51/1420
f 381/56/1421 385/52/1421 383/51/1421
f 389/61/1422 390/58/1422 392/59/1422
f 387/62/1423 391/60/1423 390/58/1423
f 388/63/1424 392/59/1424 390/58/1424
f 337/71/349 343/3/349 354/64/349
f 343/7/1425 339/9/1425 352/24/1425
f 344/10/1426 350/12/1426 342/65/1426
f 350/16/352 346/18/352 339/9/352
f 345/13/353 358/83/353 364/29/353
f 364/33/354 360/35/354 346/18/354
f 353/74/1427 356/22/1427 363/34/1427
f 356/22/356 352/24/356 360/35/356
f 351/19/357 357/21/357 382/54/357
f 357/67/358 353/74/358 380/53/358
f 386/57/359 392/59/359 361/68/359
f 392/59/360 388/63/360 359/75/360
f 387/62/361 381/56/361 384/55/361
f 384/55/1428 380/53/1428 388/63/1428
f 379/80/363 385/52/363 368/40/363
f 385/52/364 381/56/364 366/41/364
f 372/78/365 378/45/365 389/61/365
f 389/61/366 378/45/366 374/49/366
f 367/42/1429 370/39/1429 377/48/1429
f 377/48/368 370/39/368 366/41/368
f 365/36/369 371/38/369 340/69/369
f 340/6/370 371/38/370 367/42/370
f 372/78/371 345/13/371 347/15/371
f 347/70/372 344/10/372 373/46/372
f 379/80/373 365/36/373 337/71/373
f 339/9/374 346/18/374 360/35/374
f 373/46/375 344/10/375 338/4/375
f 386/57/376 358/83/376 345/13/376
f 359/75/377 388/63/377 380/53/377
f 387/62/378 374/49/378 366/41/378
f 396/69/1430 397/2/1430 399/3/1430
f 394/4/1431 398/65/1431 397/5/1431
f 395/9/1432 399/7/1432 397/72/1432
f 400/10/1433 403/70/1433 404/11/1433
f 405/66/1434 404/14/1434 403/15/1434
f 402/18/1435 406/16/1435 404/73/1435
f 410/64/1436 411/20/1436 413/21/1436
f 408/85/1437 412/22/1437 411/26/1437
f 409/74/1438 413/67/1438 411/26/1438
f 417/68/1439 418/28/1439 420/29/1439
f 415/30/1440 419/34/1440 418/31/1440
f 416/35/1441 420/33/1441 418/31/1441
f 424/40/1442 425/37/1442 427/38/1442
f 422/76/1443 426/39/1443 425/37/1443
f 423/42/1444 427/38/1444 425/37/1444
f 431/47/1445 432/44/1445 434/77/1445
f 429/46/1446 433/48/1446 432/44/1446
f 430/79/1447 434/77/1447 432/44/1447
f 438/54/1448 439/51/1448 441/52/1448
f 436/53/1449 440/55/1449 439/51/1449
f 437/56/1450 441/52/1450 439/51/1450
f 445/61/1451 446/58/1451 448/59/1451
f 443/62/1452 447/60/1452 446/58/1452
f 444/63/1453 448/59/1453 446/58/1453
f 407/19/1454 393/71/1454 399/3/1454
f 410/23/404 399/7/404 395/9/404
f 394/4/405 400/10/405 406/12/405
f 406/16/406 402/18/406 395/9/406
f 414/27/1455 420/29/1455 405/66/1455
f 420/33/408 416/35/408 402/18/408
f 409/74/409 412/22/409 419/34/409
f 412/22/410 408/85/410 416/35/410
f 435/80/411 407/19/411 413/21/411
f 413/67/412 409/74/412 436/53/412
f 414/27/413 442/57/413 448/59/413
f 448/59/414 444/63/414 415/30/414
f 437/56/415 440/55/415 447/60/415
f 447/60/416 440/55/416 436/53/416
f 435/80/417 441/52/417 424/40/417
f 441/52/418 437/56/418 422/76/418
f 442/57/1456 428/78/1456 434/77/1456
f 445/61/420 434/77/420 430/79/420
f 423/42/421 426/39/421 433/48/421
f 426/39/422 422/76/422 430/79/422
f 421/36/423 427/38/423 396/69/423
f 427/38/424 423/42/424 394/4/424
f 401/13/1457 403/15/1457 431/47/1457
f 403/70/426 400/10/426 429/46/426
f 435/80/427 421/36/427 393/71/427
f 402/18/428 416/35/428 408/85/428
f 429/46/429 400/10/429 394/4/429
f 442/57/430 414/27/430 401/13/430
f 415/30/431 444/63/431 436/53/431
f 443/62/432 430/79/432 422/76/432
f 449/71/1458 452/69/1458 453/2/1458
f 450/4/1459 454/65/1459 453/5/1459
f 455/7/1460 453/72/1460 454/8/1460
f 456/10/1461 459/70/1461 460/11/1461
f 457/13/1462 461/66/1462 460/14/1462
f 462/16/1463 460/73/1463 461/17/1463
f 463/81/1464 466/64/1464 467/20/1464
f 468/22/1465 467/26/1465 466/23/1465
f 465/74/1466 469/67/1466 467/26/1466
f 470/27/1467 473/68/1467 474/28/1467
f 471/30/1468 475/34/1468 474/31/1468
f 476/33/1469 474/31/1469 475/34/1469
f 477/36/1470 480/40/1470 481/37/1470
f 482/39/1471 481/37/1471 480/40/1471
f 479/42/1472 483/38/1472 481/37/1472
f 484/78/1473 487/47/1473 488/44/1473
f 485/46/1474 489/48/1474 488/44/1474
f 490/45/1475 488/44/1475 489/48/1475
f 491/80/1476 494/54/1476 495/51/1476
f 492/53/1477 496/55/1477 495/51/1477
f 497/52/1478 495/51/1478 496/55/1478
f 498/57/1479 501/61/1479 502/58/1479
f 503/60/1480 502/58/1480 501/61/1480
f 500/63/1481 504/59/1481 502/58/1481
f 463/81/457 449/71/457 455/3/457
f 455/7/458 451/9/458 464/85/458
f 456/10/459 462/12/459 454/65/459
f 462/16/460 458/18/460 451/9/460
f 470/27/461 476/29/461 461/66/461
f 461/17/1482 476/33/1482 472/86/1482
f 465/74/463 468/22/463 475/34/463
f 468/22/464 464/85/464 472/86/464
f 491/80/1483 463/81/1483 469/21/1483
f 469/67/466 465/74/466 492/53/466
f 498/57/467 504/59/467 473/68/467
f 504/59/1484 500/63/1484 471/30/1484
f 499/62/469 493/56/469 496/55/469
f 503/60/470 496/55/470 492/53/470
f 477/36/471 491/80/471 497/52/471
f 497/52/1485 493/56/1485 478/76/1485
f 498/57/473 484/78/473 490/45/473
f 490/45/474 486/79/474 499/62/474
f 485/46/475 479/42/475 482/39/475
f 489/48/476 482/39/476 478/76/476
f 477/36/477 483/38/477 452/69/477
f 452/6/1486 483/38/1486 479/42/1486
f 457/13/479 459/15/479 487/47/479
f 459/70/480 456/10/480 485/46/480
f 491/80/481 477/36/481 449/71/481
f 458/18/482 472/86/482 464/85/482
f 485/46/483 456/10/483 450/4/483
f 498/57/484 470/27/484 457/13/484
f 471/30/485 500/63/485 492/53/485
f 499/62/486 486/79/486 478/76/486
f 900/69/1607 901/2/1607 903/3/1607
f 898/4/1608 902/65/1608 901/5/1608
f 899/9/1609 903/7/1609 901/72/1609
f 904/10/1610 907/70/1610 908/11/1610
f 909/66/1611 908/14/1611 907/15/1611
f 906/18/1612 910/16/1612 908/73/1612
f 914/64/1613 915/20/1613 917/21/1613
f 912/85/1614 916/22/1614 915/26/1614
f 913/74/1615 917/67/1615 915/26/1615
f 921/68/1616 922/28/1616 924/29/1616
f 919/30/1617 923/34/1617 922/31/1617
f 920/84/1618 924/33/1618 922/31/1618
f 928/40/1619 929/37/1619 931/38/1619
f 926/76/1620 930/39/1620 929/37/1620
f 927/42/1621 931/38/1621 929/37/1621
f 935/47/1622 936/44/1622 938/77/1622
f 933/46/1623 937/48/1623 936/44/1623
f 934/79/1624 938/77/1624 936/44/1624
f 942/54/1625 943/51/1625 945/52/1625
f 940/53/1626 944/55/1626 943/51/1626
f 941/56/1627 945/52/1627 943/51/1627
f 949/61/1628 950/58/1628 952/59/1628
f 947/62/1629 951/60/1629 950/58/1629
f 948/63/1630 952/59/1630 950/58/1630
f 911/81/1047 897/71/1047 903/3/1047
f 903/7/1048 899/9/1048 912/85/1048
f 898/4/1049 904/10/1049 910/12/1049
f 910/16/1050 906/18/1050 899/9/1050
f 918/27/1051 924/29/1051 909/66/1051
f 924/33/1052 920/84/1052 906/18/1052
f 913/74/1631 916/22/1631 923/34/1631
f 916/22/1054 912/85/1054 920/84/1054
f 911/81/1055 917/21/1055 942/54/1055
f 917/67/1056 913/74/1056 940/53/1056
f 918/27/1057 946/57/1057 952/59/1057
f 952/59/1058 948/63/1058 919/30/1058
f 941/56/1059 944/55/1059 951/60/1059
f 944/55/1060 940/53/1060 948/63/1060
f 925/36/1061 939/80/1061 945/52/1061
f 945/52/1062 941/56/1062 926/76/1062
f 932/78/1063 938/77/1063 949/61/1063
f 938/77/1064 934/79/1064 947/62/1064
f 933/46/1632 927/42/1632 930/39/1632
f 930/39/1066 926/76/1066 934/79/1066
f 897/71/1067 925/36/1067 931/38/1067
f 931/38/1068 927/42/1068 898/4/1068
f 905/13/1069 907/15/1069 935/47/1069
f 935/47/1070 907/70/1070 904/10/1070
f 911/81/1071 939/80/1071 925/36/1071
f 906/18/1072 920/84/1072 912/85/1072
f 933/46/1073 904/10/1073 898/4/1073
f 918/27/1074 905/13/1074 932/78/1074
f 919/30/1075 948/63/1075 940/53/1075
f 947/62/1076 934/79/1076 926/76/1076
f 956/69/1633 957/2/1633 959/3/1633
f 954/4/1634 958/65/1634 957/5/1634
f 955/9/1635 959/7/1635 957/72/1635
f 960/10/1636 963/70/1636 964/11/1636
f 965/66/1637 964/14/1637 963/15/1637
f 962/18/1638 966/16/1638 964/73/1638
f 970/64/1639 971/20/1639 973/21/1639
f 968/85/1640 972/22/1640 971/26/1640
f 969/156/1641 973/67/1641 971/26/1641
f 977/68/1642 978/28/1642 980/29/1642
f 975/30/1643 979/34/1643 978/31/1643
f 976/86/1644 980/33/1644 978/31/1644
f 984/40/1645 985/37/1645 987/38/1645
f 982/76/1646 986/39/1646 985/37/1646
f 983/42/1647 987/38/1647 985/37/1647
f 991/47/1648 992/44/1648 994/45/1648
f 989/46/1649 993/48/1649 992/44/1649
f 990/79/1650 994/45/1650 992/44/1650
f 998/54/1651 999/51/1651 1001/52/1651
f 996/53/1652 1000/55/1652 999/51/1652
f 997/56/1653 1001/52/1653 999/51/1653
f 1005/61/1654 1006/58/1654 1008/59/1654
f 1003/62/1655 1007/60/1655 1006/58/1655
f 1004/63/1656 1008/59/1656 1006/58/1656
f 953/71/1101 959/3/1101 970/64/1101
f 959/7/1102 955/9/1102 968/85/1102
f 954/4/1103 960/10/1103 966/12/1103
f 966/16/1104 962/18/1104 955/9/1104
f 974/27/1105 980/29/1105 965/66/1105
f 980/33/1106 976/86/1106 962/18/1106
f 969/156/1107 972/22/1107 979/34/1107
f 979/34/1108 972/22/1108 968/85/1108
f 967/81/1109 973/21/1109 998/54/1109
f 998/54/1110 973/67/1110 969/156/1110
f 1002/57/1111 1008/59/1111 977/68/1111
f 1008/59/1112 1004/63/1112 975/30/1112
f 1003/62/1113 997/56/1113 1000/55/1113
f 1000/55/1114 996/53/1114 1004/63/1114
f 981/36/1115 995/80/1115 1001/52/1115
f 1001/52/1116 997/56/1116 982/76/1116
f 988/78/1117 994/45/1117 1005/61/1117
f 994/45/1118 990/79/1118 1003/62/1118
f 989/46/1657 983/42/1657 986/39/1657
f 986/39/1120 982/76/1120 990/79/1120
f 981/36/1121 987/38/1121 956/69/1121
f 987/38/1122 983/42/1122 954/4/1122
f 961/13/1123 963/15/1123 991/47/1123
f 991/47/1124 963/70/1124 960/10/1124
f 967/81/1125 995/80/1125 981/36/1125
f 962/18/1126 976/86/1126 968/85/1126
f 989/46/1127 960/10/1127 954/4/1127
f 1002/57/1128 974/27/1128 961/13/1128
f 975/30/1129 1004/63/1129 996/53/1129
f 1003/62/1130 990/79/1130 982/76/1130
usemtl iron
f 505/1/487 509/2/487 511/3/487
f 506/4/488 509/5/488 508/6/488
f 511/7/489 510/8/489 507/88/489
f 512/10/490 516/11/490 518/12/490
f 513/89/491 516/14/491 515/15/491
f 518/16/492 517/17/492 514/18/492
f 519/81/493 523/20/493 525/21/493
f 524/22/494 522/23/494 520/85/494
f 521/25/495 523/26/495 524/22/495
f 526/83/496 530/28/496 532/29/496
f 527/30/497 530/31/497 529/32/497
f 532/33/498 531/34/498 528/35/498
f 533/90/499 537/37/499 539/38/499
f 538/39/500 536/40/500 534/41/500
f 535/42/501 537/37/501 538/39/501
f 540/78/502 544/44/502 546/45/502
f 541/46/503 544/44/503 543/47/503
f 546/45/504 545/48/504 542/49/504
f 547/80/505 551/51/505 553/52/505
f 548/53/506 551/51/506 550/54/506
f 553/52/507 552/55/507 549/56/507
f 554/57/508 558/58/508 560/91/508
f 559/60/509 557/61/509 555/62/509
f 556/63/510 558/58/510 559/60/510
f 505/1/511 522/64/511 519/81/511
f 511/7/512 520/85/512 522/23/512
f 512/10/513 510/65/513 506/4/513
f 510/8/514 514/18/514 507/88/514
f 526/83/515 517/66/515 513/89/515
f 532/33/516 514/18/516 517/17/516
f 521/25/517 531/34/517 527/30/517
f 531/34/518 520/85/518 528/35/518
f 519/81/519 550/54/519 547/80/519
f 550/54/520 521/25/520 548/53/520
f 526/83/521 560/91/521 529/68/521
f 529/32/522 556/63/522 527/30/522
f 555/62/523 552/55/523 559/60/523
f 559/60/524 548/53/524 556/63/524
f 547/80/525 536/40/525 533/90/525
f 553/52/526 534/41/526 536/40/526
f 554/57/527 546/45/527 557/61/527
f 557/61/528 542/49/528 555/62/528
f 541/46/529 538/39/529 545/48/529
f 538/39/530 542/49/530 545/48/530
f 505/1/531 539/38/531 508/69/531
f 508/6/532 535/42/532 506/4/532
f 513/89/533 543/47/533 540/78/533
f 515/70/534 541/46/534 543/47/534
f 519/81/535 533/90/535 505/1/535
f 514/18/536 520/85/536 507/88/536
f 541/46/537 506/4/537 535/42/537
f 526/83/538 540/78/538 554/57/538
f 521/25/539 556/63/539 548/53/539
f 549/56/540 542/49/540 534/41/540
f 561/71/541 565/2/541 567/3/541
f 562/4/542 565/5/542 564/6/542
f 567/7/543 566/8/543 563/9/543
f 568/10/544 572/11/544 574/12/544
f 569/92/545 572/14/545 571/15/545
f 574/16/546 573/17/546 570/18/546
f 575/19/547 579/20/547 581/21/547
f 580/22/548 578/23/548 576/24/548
f 577/25/549 579/26/549 580/22/549
f 582/83/550 586/28/550 588/29/550
f 583/30/551 586/31/551 585/32/551
f 588/33/552 587/34/552 584/35/552
f 589/36/553 593/37/553 595/38/553
f 594/39/554 592/40/554 590/41/554
f 591/42/555 593/37/555 594/39/555
f 596/43/556 600/44/556 602/45/556
f 597/46/557 600/44/557 599/47/557
f 602/45/558 601/48/558 598/79/558
f 603/50/559 607/51/559 609/52/559
f 604/53/560 607/51/560 606/54/560
f 609/52/561 608/55/561 605/56/561
f 610/57/562 614/58/562 616/59/562
f 615/60/563 613/61/563 611/62/563
f 612/63/564 614/58/564 615/60/564
f 561/71/565 578/64/565 575/19/565
f 578/23/566 563/9/566 576/24/566
f 568/10/567 566/65/567 562/4/567
f 574/16/568 563/9/568 566/8/568
f 569/92/569 588/29/569 573/66/569
f 588/33/570 570/18/570 573/17/570
f 577/25/571 587/34/571 583/30/571
f 580/22/572 584/35/572 587/34/572
f 575/19/573 606/54/573 603/50/573
f 606/54/574 577/25/574 604/53/574
f 610/57/575 585/68/575 582/83/575
f 616/59/576 583/30/576 585/32/576
f 605/56/577 615/60/577 611/62/577
f 608/55/578 612/63/578 615/60/578
f 589/36/579 609/52/579 592/40/579
f 609/52/580 590/41/580 592/40/580
f 596/43/581 613/61/581 610/57/581
f 602/45/582 611/62/582 613/61/582
f 597/46/583 594/39/583 601/48/583
f 594/39/584 598/79/584 601/48/584
f 561/71/585 595/38/585 564/69/585
f 564/6/586 591/42/586 562/4/586
f 569/92/587 599/47/587 596/43/587
f 571/70/588 597/46/588 599/47/588
f 603/50/589 561/71/589 575/19/589
f 563/9/590 584/35/590 576/24/590
f 597/46/591 562/4/591 591/42/591
f 582/83/592 596/43/592 610/57/592
f 583/30/593 604/53/593 577/25/593
f 611/62/594 590/41/594 605/56/594
f 617/71/595 621/2/595 623/3/595
f 618/4/596 621/5/596 620/6/596
f 623/7/597 622/8/597 619/9/597
f 624/10/598 628/11/598 630/12/598
f 625/13/599 628/14/599 627/15/599
f 630/16/600 629/17/600 626/18/600
f 631/19/601 635/20/601 637/21/601
f 636/22/602 634/23/602 632/85/602
f 633/74/603 635/26/603 636/22/603
f 638/27/604 642/28/604 644/29/604
f 639/30/605 642/31/605 641/32/605
f 644/33/606 643/34/606 640/35/606
f 645/36/607 649/37/607 651/38/607
f 650/39/608 648/40/608 646/76/608
f 647/42/609 649/37/609 650/39/609
f 652/78/610 656/44/610 658/77/610
f 653/46/611 656/44/611 655/47/611
f 658/77/612 657/48/612 654/79/612
f 659/80/613 663/51/613 665/52/613
f 660/53/614 663/51/614 662/54/614
f 665/52/615 664/55/615 661/56/615
f 666/57/616 670/58/616 672/59/616
f 671/60/617 669/61/617 667/62/617
f 668/63/618 670/58/618 671/60/618
f 631/19/619 623/3/619 634/64/619
f 634/23/620 619/9/620 632/85/620
f 624/10/621 622/65/621 618/4/621
f 630/16/622 619/9/622 622/8/622
f 625/13/623 644/29/623 629/66/623
f 644/33/624 626/18/624 629/17/624
f 633/74/625 643/34/625 639/30/625
f 643/34/626 632/85/626 640/35/626
f 631/19/627 662/54/627 659/80/627
f 662/54/628 633/74/628 660/53/628
f 666/57/629 641/68/629 638/27/629
f 641/32/630 668/63/630 639/30/630
f 667/62/631 664/55/631 671/60/631
f 671/60/632 660/53/632 668/63/632
f 659/80/633 648/40/633 645/36/633
f 665/52/634 646/76/634 648/40/634
f 652/78/635 669/61/635 666/57/635
f 658/77/636 667/62/636 669/61/636
f 647/42/637 657/48/637 653/46/637
f 657/48/638 646/76/638 654/79/638
f 645/36/639 620/69/639 617/71/639
f 651/38/640 618/4/640 620/6/640
f 625/13/641 655/47/641 652/78/641
f 627/70/642 653/46/642 655/47/642
f 659/80/643 617/71/643 631/19/643
f 626/18/644 632/85/644 619/9/644
f 647/42/645 624/10/645 618/4/645
f 638/27/646 652/78/646 666/57/646
f 639/30/647 660/53/647 633/74/647
f 667/62/648 646/76/648 661/56/648
f 1009/1/1131 1013/2/1131 1015/3/1131
f 1010/4/1132 1013/5/1132 1012/6/1132
f 1015/7/1133 1014/8/1133 1011/88/1133
f 1016/10/1134 1020/11/1134 1022/12/1134
f 1017/89/1135 1020/14/1135 1019/15/1135
f 1022/16/1136 1021/17/1136 1018/18/1136
f 1023/81/1137 1027/20/1137 1029/21/1137
f 1028/22/1138 1026/23/1138 1024/85/1138
f 1025/25/1139 1027/26/1139 1028/22/1139
f 1030/83/1140 1034/28/1140 1036/29/1140
f 1031/30/1141 1034/31/1141 1033/32/1141
f 1036/33/1142 1035/34/1142 1032/35/1142
f 1037/90/1143 1041/37/1143 1043/38/1143
f 1042/39/1144 1040/40/1144 1038/41/1144
f 1039/42/1145 1041/37/1145 1042/39/1145
f 1044/78/1146 1048/44/1146 1050/45/1146
f 1045/46/1147 1048/44/1147 1047/47/1147
f 1050/45/1148 1049/48/1148 1046/49/1148
f 1051/50/1149 1055/51/1149 1057/52/1149
f 1052/53/1150 1055/51/1150 1054/54/1150
f 1057/52/1151 1056/55/1151 1053/56/1151
f 1058/57/1152 1062/58/1152 1064/91/1152
f 1063/60/1153 1061/61/1153 1059/62/1153
f 1060/63/1154 1062/58/1154 1063/60/1154
f 1009/1/1155 1026/64/1155 1023/81/1155
f 1026/23/1156 1011/88/1156 1024/85/1156
f 1016/10/1157 1014/65/1157 1010/4/1157
f 1014/8/1158 1018/18/1158 1011/88/1158
f 1030/83/1159 1021/66/1159 1017/89/1159
f 1021/17/1160 1032/35/1160 1018/18/1160
f 1025/25/1161 1035/34/1161 1031/30/1161
f 1035/34/1162 1024/85/1162 1032/35/1162
f 1023/81/1163 1054/54/1163 1051/50/1163
f 1054/54/1164 1025/25/1164 1052/53/1164
f 1030/83/1165 1064/91/1165 1033/68/1165
f 1033/32/1166 1060/63/1166 1031/30/1166
f 1059/62/1167 1056/55/1167 1063/60/1167
f 1056/55/1168 1060/63/1168 1063/60/1168
f 1037/90/1169 1057/52/1169 1040/40/1169
f 1040/40/1170 1053/56/1170 1038/41/1170
f 1044/78/1171 1061/61/1171 1058/57/1171
f 1061/61/1172 1046/49/1172 1059/62/1172
f 1045/46/1173 1042/39/1173 1049/48/1173
f 1042/39/1174 1046/49/1174 1049/48/1174
f 1037/90/1175 1012/69/1175 1009/1/1175
f 1043/38/1176 1010/4/1176 1012/6/1176
f 1044/78/1177 1019/15/1177 1047/47/1177
f 1019/70/1178 1045/46/1178 1047/47/1178
f 1023/81/1179 1037/90/1179 1009/1/1179
f 1011/88/1180 1032/35/1180 1024/85/1180
f 1045/46/1181 1010/4/1181 1039/42/1181
f 1030/83/1182 1044/78/1182 1058/57/1182
f 1031/30/1183 1052/53/1183 1025/25/1183
f 1059/62/1184 1038/41/1184 1053/56/1184
f 1065/71/1185 1069/2/1185 1071/3/1185
f 1066/4/1186 1069/5/1186 1068/6/1186
f 1071/7/1187 1070/8/1187 1067/9/1187
f 1072/10/1188 1076/11/1188 1078/12/1188
f 1073/92/1189 1076/14/1189 1075/15/1189
f 1078/16/1190 1077/17/1190 1074/18/1190
f 1079/19/1191 1083/20/1191 1085/21/1191
f 1084/22/1192 1082/23/1192 1080/24/1192
f 1081/25/1193 1083/26/1193 1084/22/1193
f 1086/83/1194 1090/28/1194 1092/29/1194
f 1087/30/1195 1090/31/1195 1089/32/1195
f 1092/33/1196 1091/34/1196 1088/35/1196
f 1093/36/1197 1097/37/1197 1099/38/1197
f 1098/39/1198 1096/40/1198 1094/41/1198
f 1095/42/1199 1097/37/1199 1098/39/1199
f 1100/43/1200 1104/44/1200 1106/45/1200
f 1101/46/1201 1104/44/1201 1103/47/1201
f 1106/45/1202 1105/48/1202 1102/79/1202
f 1107/80/1203 1111/51/1203 1113/52/1203
f 1108/53/1204 1111/51/1204 1110/54/1204
f 1113/52/1205 1112/55/1205 1109/56/1205
f 1114/57/1206 1118/58/1206 1120/59/1206
f 1119/60/1207 1117/61/1207 1115/62/1207
f 1116/63/1208 1118/58/1208 1119/60/1208
f 1065/71/1209 1082/64/1209 1079/19/1209
f 1082/23/1210 1067/9/1210 1080/24/1210
f 1066/4/1211 1078/12/1211 1070/65/1211
f 1078/16/1212 1067/9/1212 1070/8/1212
f 1073/92/1213 1092/29/1213 1077/66/1213
f 1092/33/1214 1074/18/1214 1077/17/1214
f 1087/30/1215 1084/22/1215 1091/34/1215
f 1091/34/1216 1080/24/1216 1088/35/1216
f 1079/19/1217 1110/54/1217 1107/80/1217
f 1085/67/1218 1108/53/1218 1110/54/1218
f 1114/57/1219 1089/68/1219 1086/83/1219
f 1120/59/1220 1087/30/1220 1089/32/1220
f 1109/56/1221 1119/60/1221 1115/62/1221
f 1119/60/1222 1108/53/1222 1116/63/1222
f 1093/36/1223 1113/52/1223 1096/40/1223
f 1096/40/1224 1109/56/1224 1094/41/1224
f 1114/57/1225 1106/45/1225 1117/61/1225
f 1106/45/1226 1115/62/1226 1117/61/1226
f 1101/46/1227 1098/39/1227 1105/48/1227
f 1098/39/1228 1102/79/1228 1105/48/1228
f 1065/71/1229 1099/38/1229 1068/69/1229
f 1099/38/1230 1066/4/1230 1068/6/1230
f 1073/92/1231 1103/47/1231 1100/43/1231
f 1103/47/1232 1072/10/1232 1101/46/1232
f 1107/80/1233 1065/71/1233 1079/19/1233
f 1074/18/1234 1080/24/1234 1067/9/1234
f 1101/46/1235 1066/4/1235 1095/42/1235
f 1086/83/1236 1100/43/1236 1114/57/1236
f 1087/30/1237 1108/53/1237 1081/25/1237
f 1109/56/1238 1102/79/1238 1094/41/1238
f 505/1/1487 508/69/1487 509/2/1487
f 506/4/1488 510/65/1488 509/5/1488
f 511/7/1489 509/72/1489 510/8/1489
f 512/10/1490 515/70/1490 516/11/1490
f 513/89/1491 517/66/1491 516/14/1491
f 518/16/1492 516/73/1492 517/17/1492
f 519/81/1493 522/64/1493 523/20/1493
f 524/22/1494 523/26/1494 522/23/1494
f 521/25/1495 525/67/1495 523/26/1495
f 526/83/1496 529/68/1496 530/28/1496
f 527/30/1497 531/34/1497 530/31/1497
f 532/33/1498 530/31/1498 531/34/1498
f 533/90/1499 536/40/1499 537/37/1499
f 538/39/1500 537/37/1500 536/40/1500
f 535/42/1501 539/38/1501 537/37/1501
f 540/78/1502 543/47/1502 544/44/1502
f 541/46/1503 545/48/1503 544/44/1503
f 546/45/1504 544/44/1504 545/48/1504
f 547/80/1505 550/54/1505 551/51/1505
f 548/53/1506 552/55/1506 551/51/1506
f 553/52/1507 551/51/1507 552/55/1507
f 554/57/1508 557/61/1508 558/58/1508
f 559/60/1509 558/58/1509 557/61/1509
f 556/63/1510 560/91/1510 558/58/1510
f 505/1/511 511/3/511 522/64/511
f 511/7/512 507/88/512 520/85/512
f 512/10/1511 518/12/1511 510/65/1511
f 510/8/514 518/16/514 514/18/514
f 526/83/515 532/29/515 517/66/515
f 532/33/516 528/35/516 514/18/516
f 521/25/517 524/22/517 531/34/517
f 531/34/1512 524/22/1512 520/85/1512
f 519/81/1513 525/21/1513 550/54/1513
f 550/54/1514 525/67/1514 521/25/1514
f 526/83/521 554/57/521 560/91/521
f 529/32/1515 560/91/1515 556/63/1515
f 555/62/523 549/56/523 552/55/523
f 559/60/524 552/55/524 548/53/524
f 547/80/525 553/52/525 536/40/525
f 553/52/526 549/56/526 534/41/526
f 554/57/527 540/78/527 546/45/527
f 557/61/528 546/45/528 542/49/528
f 541/46/529 535/42/529 538/39/529
f 538/39/530 534/41/530 542/49/530
f 505/1/531 533/90/531 539/38/531
f 508/6/1516 539/38/1516 535/42/1516
f 513/89/1517 515/15/1517 543/47/1517
f 515/70/1518 512/10/1518 541/46/1518
f 519/81/535 547/80/535 533/90/535
f 514/18/536 528/35/536 520/85/536
f 541/46/537 512/10/537 506/4/537
f 526/83/538 513/89/538 540/78/538
f 521/25/539 527/30/539 556/63/539
f 549/56/540 555/62/540 542/49/540
f 561/71/1519 564/69/1519 565/2/1519
f 562/4/1520 566/65/1520 565/5/1520
f 567/7/1521 565/72/1521 566/8/1521
f 568/10/1522 571/70/1522 572/11/1522
f 569/92/1523 573/66/1523 572/14/1523
f 574/16/1524 572/73/1524 573/17/1524
f 575/19/1525 578/64/1525 579/20/1525
f 580/22/1526 579/26/1526 578/23/1526
f 577/25/1527 581/67/1527 579/26/1527
f 582/83/1528 585/68/1528 586/28/1528
f 583/30/1529 587/34/1529 586/31/1529
f 588/33/1530 586/31/1530 587/34/1530
f 589/36/1531 592/40/1531 593/37/1531
f 594/39/1532 593/37/1532 592/40/1532
f 591/42/1533 595/38/1533 593/37/1533
f 596/43/1534 599/47/1534 600/44/1534
f 597/46/1535 601/48/1535 600/44/1535
f 602/45/1536 600/44/1536 601/48/1536
f 603/50/1537 606/54/1537 607/51/1537
f 604/53/1538 608/55/1538 607/51/1538
f 609/52/1539 607/51/1539 608/55/1539
f 610/57/1540 613/61/1540 614/58/1540
f 615/60/1541 614/58/1541 613/61/1541
f 612/63/1542 616/59/1542 614/58/1542
f 561/71/565 567/3/565 578/64/565
f 578/23/1543 567/7/1543 563/9/1543
f 568/10/567 574/12/567 566/65/567
f 574/16/568 570/18/568 563/9/568
f 569/92/569 582/83/569 588/29/569
f 588/33/1544 584/35/1544 570/18/1544
f 577/25/571 580/22/571 587/34/571
f 580/22/572 576/24/572 584/35/572
f 575/19/1545 581/21/1545 606/54/1545
f 606/54/1546 581/67/1546 577/25/1546
f 610/57/1547 616/59/1547 585/68/1547
f 616/59/1548 612/63/1548 583/30/1548
f 605/56/577 608/55/577 615/60/577
f 608/55/578 604/53/578 612/63/578
f 589/36/579 603/50/579 609/52/579
f 609/52/1549 605/56/1549 590/41/1549
f 596/43/581 602/45/581 613/61/581
f 602/45/582 598/79/582 611/62/582
f 597/46/1550 591/42/1550 594/39/1550
f 594/39/584 590/41/584 598/79/584
f 561/71/1551 589/36/1551 595/38/1551
f 564/6/1552 595/38/1552 591/42/1552
f 569/92/1553 571/15/1553 599/47/1553
f 571/70/1554 568/10/1554 597/46/1554
f 603/50/589 589/36/589 561/71/589
f 563/9/590 570/18/590 584/35/590
f 597/46/591 568/10/591 562/4/591
f 582/83/1555 569/92/1555 596/43/1555
f 583/30/593 612/63/593 604/53/593
f 611/62/594 598/79/594 590/41/594
f 617/71/1556 620/69/1556 621/2/1556
f 618/4/1557 622/65/1557 621/5/1557
f 623/7/1558 621/72/1558 622/8/1558
f 624/10/1559 627/70/1559 628/11/1559
f 625/13/1560 629/66/1560 628/14/1560
f 630/16/1561 628/73/1561 629/17/1561
f 631/19/1562 634/64/1562 635/20/1562
f 636/22/1563 635/26/1563 634/23/1563
f 633/74/1564 637/67/1564 635/26/1564
f 638/27/1565 641/68/1565 642/28/1565
f 639/30/1566 643/34/1566 642/31/1566
f 644/33/1567 642/31/1567 643/34/1567
f 645/36/1568 648/40/1568 649/37/1568
f 650/39/1569 649/37/1569 648/40/1569
f 647/42/1570 651/38/1570 649/37/1570
f 652/78/1571 655/47/1571 656/44/1571
f 653/46/1572 657/48/1572 656/44/1572
f 658/77/1573 656/44/1573 657/48/1573
f 659/80/1574 662/54/1574 663/51/1574
f 660/53/1575 664/55/1575 663/51/1575
f 665/52/1576 663/51/1576 664/55/1576
f 666/57/1577 669/61/1577 670/58/1577
f 671/60/1578 670/58/1578 669/61/1578
f 668/63/1579 672/59/1579 670/58/1579
f 631/19/619 617/71/619 623/3/619
f 634/23/620 623/7/620 619/9/620
f 624/10/621 630/12/621 622/65/621
f 630/16/622 626/18/622 619/9/622
f 625/13/623 638/27/623 644/29/623
f 644/33/624 640/35/624 626/18/624
f 633/74/625 636/22/625 643/34/625
f 643/34/626 636/22/626 632/85/626
f 631/19/627 637/21/627 662/54/627
f 662/54/628 637/67/628 633/74/628
f 666/57/629 672/59/629 641/68/629
f 641/32/630 672/59/630 668/63/630
f 667/62/631 661/56/631 664/55/631
f 671/60/632 664/55/632 660/53/632
f 659/80/633 665/52/633 648/40/633
f 665/52/634 661/56/634 646/76/634
f 652/78/635 658/77/635 669/61/635
f 658/77/636 654/79/636 667/62/636
f 647/42/637 650/39/637 657/48/637
f 657/48/638 650/39/638 646/76/638
f 645/36/639 651/38/639 620/69/639
f 651/38/640 647/42/640 618/4/640
f 625/13/641 627/15/641 655/47/641
f 627/70/642 624/10/642 653/46/642
f 659/80/643 645/36/643 617/71/643
f 626/18/644 640/35/644 632/85/644
f 647/42/645 653/46/645 624/10/645
f 638/27/646 625/13/646 652/78/646
f 639/30/647 668/63/647 660/53/647
f 667/62/648 654/79/648 646/76/648
f 1009/1/1658 1012/69/1658 1013/2/1658
f 1010/4/1659 1014/65/1659 1013/5/1659
f 1015/7/1660 1013/72/1660 1014/8/1660
f 1016/10/1661 1019/70/1661 1020/11/1661
f 1017/89/1662 1021/66/1662 1020/14/1662
f 1022/16/1663 1020/73/1663 1021/17/1663
f 1023/81/1664 1026/64/1664 1027/20/1664
f 1028/22/1665 1027/26/1665 1026/23/1665
f 1025/25/1666 1029/67/1666 1027/26/1666
f 1030/83/1667 1033/68/1667 1034/28/1667
f 1031/30/1668 1035/34/1668 1034/31/1668
f 1036/33/1669 1034/31/1669 1035/34/1669
f 1037/90/1670 1040/40/1670 1041/37/1670
f 1042/39/1671 1041/37/1671 1040/40/1671
f 1039/42/1672 1043/38/1672 1041/37/1672
f 1044/78/1673 1047/47/1673 1048/44/1673
f 1045/46/1674 1049/48/1674 1048/44/1674
f 1050/45/1675 1048/44/1675 1049/48/1675
f 1051/50/1676 1054/54/1676 1055/51/1676
f 1052/53/1677 1056/55/1677 1055/51/1677
f 1057/52/1678 1055/51/1678 1056/55/1678
f 1058/57/1679 1061/61/1679 1062/58/1679
f 1063/60/1680 1062/58/1680 1061/61/1680
f 1060/63/1681 1064/91/1681 1062/58/1681
f 1009/1/1155 1015/3/1155 1026/64/1155
f 1026/23/1156 1015/7/1156 1011/88/1156
f 1016/10/1157 1022/12/1157 1014/65/1157
f 1014/8/1158 1022/16/1158 1018/18/1158
f 1030/83/1682 1036/29/1682 1021/66/1682
f 1021/17/1160 1036/33/1160 1032/35/1160
f 1025/25/1161 1028/22/1161 1035/34/1161
f 1035/34/1162 1028/22/1162 1024/85/1162
f 1023/81/1683 1029/21/1683 1054/54/1683
f 1054/54/1684 1029/67/1684 1025/25/1684
f 1030/83/1165 1058/57/1165 1064/91/1165
f 1033/32/1685 1064/91/1685 1060/63/1685
f 1059/62/1167 1053/56/1167 1056/55/1167
f 1056/55/1168 1052/53/1168 1060/63/1168
f 1037/90/1169 1051/50/1169 1057/52/1169
f 1040/40/1170 1057/52/1170 1053/56/1170
f 1044/78/1171 1050/45/1171 1061/61/1171
f 1061/61/1686 1050/45/1686 1046/49/1686
f 1045/46/1173 1039/42/1173 1042/39/1173
f 1042/39/1174 1038/41/1174 1046/49/1174
f 1037/90/1175 1043/38/1175 1012/69/1175
f 1043/38/1687 1039/42/1687 1010/4/1687
f 1044/78/1688 1017/89/1688 1019/15/1688
f 1019/70/1178 1016/10/1178 1045/46/1178
f 1023/81/1179 1051/50/1179 1037/90/1179
f 1011/88/1180 1018/18/1180 1032/35/1180
f 1045/46/1181 1016/10/1181 1010/4/1181
f 1030/83/1182 1017/89/1182 1044/78/1182
f 1031/30/1183 1060/63/1183 1052/53/1183
f 1059/62/1184 1046/49/1184 1038/41/1184
f 1065/71/1689 1068/69/1689 1069/2/1689
f 1066/4/1690 1070/65/1690 1069/5/1690
f 1071/7/1691 1069/72/1691 1070/8/1691
f 1072/10/1692 1075/70/1692 1076/11/1692
f 1073/92/1693 1077/66/1693 1076/14/1693
f 1078/16/1694 1076/73/1694 1077/17/1694
f 1079/19/1695 1082/64/1695 1083/20/1695
f 1084/22/1696 1083/26/1696 1082/23/1696
f 1081/25/1697 1085/67/1697 1083/26/1697
f 1086/83/1698 1089/68/1698 1090/28/1698
f 1087/30/1699 1091/34/1699 1090/31/1699
f 1092/33/1700 1090/31/1700 1091/34/1700
f 1093/36/1701 1096/40/1701 1097/37/1701
f 1098/39/1702 1097/37/1702 1096/40/1702
f 1095/42/1703 1099/38/1703 1097/37/1703
f 1100/43/1704 1103/47/1704 1104/44/1704
f 1101/46/1705 1105/48/1705 1104/44/1705
f 1106/45/1706 1104/44/1706 1105/48/1706
f 1107/80/1707 1110/54/1707 1111/51/1707
f 1108/53/1708 1112/55/1708 1111/51/1708
f 1113/52/1709 1111/51/1709 1112/55/1709
f 1114/57/1710 1117/61/1710 1118/58/1710
f 1119/60/1711 1118/58/1711 1117/61/1711
f 1116/63/1712 1120/59/1712 1118/58/1712
f 1065/71/1713 1071/3/1713 1082/64/1713
f 1082/23/1714 1071/7/1714 1067/9/1714
f 1066/4/1211 1072/10/1211 1078/12/1211
f 1078/16/1212 1074/18/1212 1067/9/1212
f 1073/92/1715 1086/83/1715 1092/29/1715
f 1092/33/1716 1088/35/1716 1074/18/1716
f 1087/30/1717 1081/25/1717 1084/22/1717
f 1091/34/1216 1084/22/1216 1080/24/1216
f 1079/19/1217 1085/21/1217 1110/54/1217
f 1085/67/1718 1081/25/1718 1108/53/1718
f 1114/57/1719 1120/59/1719 1089/68/1719
f 1120/59/1220 1116/63/1220 1087/30/1220
f 1109/56/1221 1112/55/1221 1119/60/1221
f 1119/60/1222 1112/55/1222 1108/53/1222
f 1093/36/1720 1107/80/1720 1113/52/1720
f 1096/40/1721 1113/52/1721 1109/56/1721
f 1114/57/1722 1100/43/1722 1106/45/1722
f 1106/45/1723 1102/79/1723 1115/62/1723
f 1101/46/1227 1095/42/1227 1098/39/1227
f 1098/39/1228 1094/41/1228 1102/79/1228
f 1065/71/1724 1093/36/1724 1099/38/1724
f 1099/38/1725 1095/42/1725 1066/4/1725
f 1073/92/1726 1075/15/1726 1103/47/1726
f 1103/47/1727 1075/70/1727 1072/10/1727
f 1107/80/1233 1093/36/1233 1065/71/1233
f 1074/18/1234 1088/35/1234 1080/24/1234
f 1101/46/1235 1072/10/1235 1066/4/1235
f 1086/83/1236 1073/92/1236 1100/43/1236
f 1087/30/1237 1116/63/1237 1108/53/1237
f 1109/56/1238 1115/62/1238 1102/79/1238
usemtl core
f 673/93/649 686/94/649 685/95/649
f 674/96/650 686/97/650 688/98/650
f 673/99/651 685/100/651 690/101/651
f 673/102/652 690/103/652 692/104/652
f 673/105/653 692/106/653 689/107/653
f 674/96/654 688/98/654 695/108/654
f 675/109/655 687/110/655 697/111/655
f 676/112/656 691/113/656 699/114/656
f 677/115/657 693/116/657 701/117/657
f 678/118/658 694/119/658 703/120/658
f 674/96/659 695/108/659 698/121/659
f 675/109/660 697/111/660 700/122/660
f 676/112/661 699/114/661 702/123/661
f 677/115/662 701/117/662 704/124/662
f 678/118/663 703/120/663 696/125/663
f 679/126/664 705/127/664 710/128/664
f 680/129/665 706/130/665 712/131/665
f 681/132/666 707/133/666 713/134/666
f 682/135/667 708/136/667 714/137/667
f 683/138/668 709/139/668 711/140/668
f 711/140/669 714/141/669 684/142/669
f 711/140/670 709/139/670 714/141/670
f 709/139/671 682/135/671 714/141/671
f 714/137/672 713/143/672 684/144/672
f 714/137/673 708/136/673 713/143/673
f 708/136/674 681/132/674 713/143/674
f 713/134/675 712/145/675 684/146/675
f 713/134/676 707/133/676 712/145/676
f 707/133/677 680/147/677 712/145/677
f 712/131/678 710/148/678 684/149/678
f 712/131/679 706/130/679 710/148/679
f 706/130/680 679/126/680 710/148/680
f 710/128/681 711/150/681 684/151/681
f 710/128/682 705/127/682 711/150/682
f 705/127/683 683/138/683 711/150/683
f 696/125/684 709/139/684 683/138/684
f 696/125/685 703/120/685 709/139/685
f 703/120/686 682/135/686 709/139/686
f 704/124/687 708/136/687 682/135/687
f 704/124/688 701/117/688 708/136/688
f 701/117/689 681/132/689 708/136/689
f 702/123/690 707/133/690 681/132/690
f 702/123/691 699/114/691 707/133/691
f 699/114/692 680/147/692 707/133/692
f 700/122/693 706/130/693 680/129/693
f 700/122/694 697/111/694 706/130/694
f 697/111/695 679/126/695 706/130/695
f 698/121/696 705/127/696 679/126/696
f 698/121/697 695/108/697 705/127/697
f 695/108/698 683/138/698 705/127/698
f 703/120/699 704/124/699 682/135/699
f 703/120/700 694/119/700 704/124/700
f 694/119/701 677/115/701 704/124/701
f 701/117/702 702/123/702 681/132/702
f 701/117/703 693/116/703 702/123/703
f 693/116/704 676/112/704 702/123/704
f 699/114/705 700/152/705 680/147/705
f 699/114/706 691/113/706 700/152/706
f 691/113/707 675/153/707 700/152/707
f 697/111/708 698/121/708 679/126/708
f 697/111/709 687/110/709 698/121/709
f 687/110/710 674/96/710 698/121/710
f 695/108/711 696/125/711 683/138/711
f 695/108/712 688/98/712 696/125/712
f 688/98/713 678/118/713 696/125/713
f 689/107/714 694/119/714 678/118/714
f 689/107/715 692/106/715 694/119/715
f 692/106/716 677/115/716 694/119/716
f 692/104/717 693/116/717 677/115/717
f 692/104/718 690/103/718 693/116/718
f 690/103/719 676/112/719 693/116/719
f 690/101/720 691/113/720 676/112/720
f 690/101/721 685/100/721 691/113/721
f 685/100/722 675/153/722 691/113/722
f 688/98/723 689/154/723 678/118/723
f 688/98/724 686/97/724 689/154/724
f 686/97/725 673/155/725 689/154/725
f 685/95/726 687/110/726 675/109/726
f 685/95/727 686/94/727 687/110/727
f 686/94/728 674/96/728 687/110/728
f 715/93/729 728/94/729 727/95/729
f 716/96/730 728/97/730 730/98/730
f 715/99/731 727/100/731 732/101/731
f 715/102/732 732/103/732 734/104/732
f 715/105/733 734/106/733 731/107/733
f 716/96/734 730/98/734 737/108/734
f 717/109/735 729/110/735 739/111/735
f 718/112/736 733/113/736 741/114/736
f 719/115/737 735/116/737 743/117/737
f 720/118/738 736/119/738 745/120/738
f 716/96/739 737/108/739 740/121/739
f 717/109/740 739/111/740 742/122/740
f 718/112/741 741/114/741 744/123/741
f 719/115/742 743/117/742 746/124/742
f 720/118/743 745/120/743 738/125/743
f 721/126/744 747/127/744 752/128/744
f 722/129/745 748/130/745 754/131/745
f 723/132/746 749/133/746 755/134/746
f 724/135/747 750/136/747 756/137/747
f 725/138/748 751/139/748 753/140/748
f 753/140/749 756/141/749 726/142/749
f 753/140/750 751/139/750 756/141/750
f 751/139/751 724/135/751 756/141/751
f 756/137/752 755/143/752 726/144/752
f 756/137/753 750/136/753 755/143/753
f 750/136/754 723/132/754 755/143/754
f 755/134/755 754/145/755 726/146/755
f 755/134/756 749/133/756 754/145/756
f 749/133/757 722/147/757 754/145/757
f 754/131/758 752/148/758 726/149/758
f 754/131/759 748/130/759 752/148/759
f 748/130/760 721/126/760 752/148/760
f 752/128/761 753/150/761 726/151/761
f 752/128/762 747/127/762 753/150/762
f 747/127/763 725/138/763 753/150/763
f 738/125/764 751/139/764 725/138/764
f 738/125/765 745/120/765 751/139/765
f 745/120/766 724/135/766 751/139/766
f 746/124/767 750/136/767 724/135/767
f 746/124/768 743/117/768 750/136/768
f 743/117/769 723/132/769 750/136/769
f 744/123/770 749/133/770 723/132/770
f 744/123/771 741/114/771 749/133/771
f 741/114/772 722/147/772 749/133/772
f 742/122/773 748/130/773 722/129/773
f 742/122/774 739/111/774 748/130/774
f 739/111/775 721/126/775 748/130/775
f 740/121/776 747/127/776 721/126/776
f 740/121/777 737/108/777 747/127/777
f 737/108/778 725/138/778 747/127/778
f 745/120/779 746/124/779 724/135/779
f 745/120/780 736/119/780 746/124/780
f 736/119/781 719/115/781 746/124/781
f 743/117/782 744/123/782 723/132/782
f 743/117/783 735/116/783 744/123/783
f 735/116/784 718/112/784 744/123/784
f 741/114/785 742/152/785 722/147/785
f 741/114/786 733/113/786 742/152/786
f 733/113/787 717/153/787 742/152/787
f 739/111/788 740/121/788 721/126/788
f 739/111/789 729/110/789 740/121/789
f 729/110/790 716/96/790 740/121/790
f 737/108/791 738/125/791 725/138/791
f 737/108/792 730/98/792 738/125/792
f 730/98/793 720/118/793 738/125/793
f 731/107/794 736/119/794 720/118/794
f 731/107/795 734/106/795 736/119/795
f 734/106/796 719/115/796 736/119/796
f 734/104/797 735/116/797 719/115/797
f 734/104/798 732/103/798 735/116/798
f 732/103/799 718/112/799 735/116/799
f 732/101/800 733/113/800 718/112/800
f 732/101/801 727/100/801 733/113/801
f 727/100/802 717/153/802 733/113/802
f 730/98/803 731/154/803 720/118/803
f 730/98/804 728/97/804 731/154/804
f 728/97/805 715/155/805 731/154/805
f 727/95/806 729/110/806 717/109/806
f 727/95/807 728/94/807 729/110/807
f 728/94/808 716/96/808 729/110/808
f 757/93/809 770/94/809 769/95/809
f 758/96/810 770/97/810 772/98/810
f 757/99/811 769/100/811 774/101/811
f 757/102/812 774/103/812 776/104/812
f 757/105/813 776/106/813 773/107/813
f 758/96/814 772/98/814 779/108/814
f 759/109/815 771/110/815 781/111/815
f 760/112/816 775/113/816 783/114/816
f 761/115/817 777/116/817 785/117/817
f 762/118/818 778/119/818 787/120/818
f 758/96/819 779/108/819 782/121/819
f 759/109/820 781/111/820 784/122/820
f 760/112/821 783/114/821 786/123/821
f 761/115/822 785/117/822 788/124/822
f 762/118/823 787/120/823 780/125/823
f 763/126/824 789/127/824 794/128/824
f 764/129/825 790/130/825 796/131/825
f 765/132/826 791/133/826 797/134/826
f 766/135/827 792/136/827 798/137/827
f 767/138/828 793/139/828 795/140/828
f 795/140/829 798/141/829 768/142/829
f 795/140/830 793/139/830 798/141/830
f 793/139/831 766/135/831 798/141/831
f 798/137/832 797/143/832 768/144/832
f 798/137/833 792/136/833 797/143/833
f 792/136/834 765/132/834 797/143/834
f 797/134/835 796/145/835 768/146/835
f 797/134/836 791/133/836 796/145/836
f 791/133/837 764/147/837 796/145/837
f 796/131/838 794/148/838 768/149/838
f 796/131/839 790/130/839 794/148/839
f 790/130/840 763/126/840 794/148/840
f 794/128/841 795/150/841 768/151/841
f 794/128/842 789/127/842 795/150/842
f 789/127/843 767/138/843 795/150/843
f 780/125/844 793/139/844 767/138/844
f 780/125/845 787/120/845 793/139/845
f 787/120/846 766/135/846 793/139/846
f 788/124/847 792/136/847 766/135/847
f 788/124/848 785/117/848 792/136/848
f 785/117/849 765/132/849 792/136/849
f 786/123/850 791/133/850 765/132/850
f 786/123/851 783/114/851 791/133/851
f 783/114/852 764/147/852 791/133/852
f 784/122/853 790/130/853 764/129/853
f 784/122/854 781/111/854 790/130/854
f 781/111/855 763/126/855 790/130/855
f 782/121/856 789/127/856 763/126/856
f 782/121/857 779/108/857 789/127/857
f 779/108/858 767/138/858 789/127/858
f 787/120/859 788/124/859 766/135/859
f 787/120/860 778/119/860 788/124/860
f 778/119/861 761/115/861 788/124/861
f 785/117/862 786/123/862 765/132/862
f 785/117/863 777/116/863 786/123/863
f 777/116/864 760/112/864 786/123/864
f 783/114/865 784/152/865 764/147/865
f 783/114/866 775/113/866 784/152/866
f 775/113/867 759/153/867 784/152/867
f 781/111/868 782/121/868 763/126/868
f 781/111/869 771/110/869 782/121/869
f 771/110/870 758/96/870 782/121/870
f 779/108/871 780/125/871 767/138/871
f 779/108/872 772/98/872 780/125/872
f 772/98/873 762/118/873 780/125/873
f 773/107/874 778/119/874 762/118/874
f 773/107/875 776/106/875 778/119/875
f 776/106/876 761/115/876 778/119/876
f 776/104/877 777/116/877 761/115/877
f 776/104/878 774/103/878 777/116/878
f 774/103/879 760/112/879 777/116/879
f 774/101/880 775/113/880 760/112/880
f 774/101/881 769/100/881 775/113/881
f 769/100/882 759/153/882 775/113/882
f 772/98/883 773/154/883 762/118/883
f 772/98/884 770/97/884 773/154/884
f 770/97/885 757/155/885 773/154/885
f 769/95/886 771/110/886 759/109/886
f 769/95/887 770/94/887 771/110/887
f 770/94/888 758/96/888 771/110/888
f 799/93/889 812/94/889 811/95/889
f 800/96/890 812/97/890 814/98/890
f 799/99/891 811/100/891 816/101/891
f 799/102/892 816/103/892 818/104/892
f 799/105/893 818/106/893 815/107/893
f 800/96/894 814/98/894 821/108/894
f 801/109/895 813/110/895 823/111/895
f 802/112/896 817/113/896 825/114/896
f 803/115/897 819/116/897 827/117/897
f 804/118/898 820/119/898 829/120/898
f 800/96/899 821/108/899 824/121/899
f 801/109/900 823/111/900 826/122/900
f 802/112/901 825/114/901 828/123/901
f 803/115/902 827/117/902 830/124/902
f 804/118/903 829/120/903 822/125/903
f 805/126/904 831/127/904 836/128/904
f 806/129/905 832/130/905 838/131/905
f 807/132/906 833/133/906 839/134/906
f 808/135/907 834/136/907 840/137/907
f 809/138/908 835/139/908 837/140/908
f 837/140/909 840/141/909 810/142/909
f 837/140/910 835/139/910 840/141/910
f 835/139/911 808/135/911 840/141/911
f 840/137/912 839/143/912 810/144/912
f 840/137/913 834/136/913 839/143/913
f 834/136/914 807/132/914 839/143/914
f 839/134/915 838/145/915 810/146/915
f 839/134/916 833/133/916 838/145/916
f 833/133/917 806/147/917 838/145/917
f 838/131/918 836/148/918 810/149/918
f 838/131/919 832/130/919 836/148/919
f 832/130/920 805/126/920 836/148/920
f 836/128/921 837/150/921 810/151/921
f 836/128/922 831/127/922 837/150/922
f 831/127/923 809/138/923 837/150/923
f 822/125/924 835/139/924 809/138/924
f 822/125/925 829/120/925 835/139/925
f 829/120/926 808/135/926 835/139/926
f 830/124/927 834/136/927 808/135/927
f 830/124/928 827/117/928 834/136/928
f 827/117/929 807/132/929 834/136/929
f 828/123/930 833/133/930 807/132/930
f 828/123/931 825/114/931 833/133/931
f 825/114/932 806/147/932 833/133/932
f 826/122/933 832/130/933 806/129/933
f 826/122/934 823/111/934 832/130/934
f 823/111/935 805/126/935 832/130/935
f 824/121/936 831/127/936 805/126/936
f 824/121/937 821/108/937 831/127/937
f 821/108/938 809/138/938 831/127/938
f 829/120/939 830/124/939 808/135/939
f 829/120/940 820/119/940 830/124/940
f 820/119/941 803/115/941 830/124/941
f 827/117/942 828/123/942 807/132/942
f 827/117/943 819/116/943 828/123/943
f 819/116/944 802/112/944 828/123/944
f 825/114/945 826/152/945 806/147/945
f 825/114/946 817/113/946 826/152/946
f 817/113/947 801/153/947 826/152/947
f 823/111/948 824/121/948 805/126/948
f 823/111/949 813/110/949 824/121/949
f 813/110/950 800/96/950 824/121/950
f 821/108/951 822/125/951 809/138/951
f 821/108/952 814/98/952 822/125/952
f 814/98/953 804/118/953 822/125/953
f 815/107/954 820/119/954 804/118/954
f 815/107/955 818/106/955 820/119/955
f 818/106/956 803/115/956 820/119/956
f 818/104/957 819/116/957 803/115/957
f 818/104/958 816/103/958 819/116/958
f 816/103/959 802/112/959 819/116/959
f 816/101/960 817/113/960 802/112/960
f 816/101/961 811/100/961 817/113/961
f 811/100/962 801/153/962 817/113/962
f 814/98/963 815/154/963 804/118/963
f 814/98/964 812/97/964 815/154/964
f 812/97/965 799/155/965 815/154/965
f 811/95/966 813/110/966 801/109/966
f 811/95/967 812/94/967 813/110/967
f 812/94/968 800/96/968 813/110/968
f 844/69/969 847/3/969 841/71/969
f 842/4/970 845/5/970 844/6/970
f 843/9/971 845/72/971 846/8/971
f 848/10/972 852/11/972 854/12/972
f 853/66/973 851/15/973 849/13/973
f 850/18/974 852/73/974 853/17/974
f 858/64/975 861/21/975 855/19/975
f 856/24/976 859/26/976 858/23/976
f 857/74/977 859/26/977 860/22/977
f 865/68/978 868/29/978 862/83/978
f 863/75/979 866/31/979 865/32/979
f 864/35/980 866/31/980 867/34/980
f 872/40/981 875/38/981 869/36/981
f 870/41/982 873/37/982 872/40/982
f 871/42/983 873/37/983 874/39/983
f 879/47/984 882/45/984 876/78/984
f 877/46/985 880/44/985 879/47/985
f 878/49/986 880/44/986 881/48/986
f 886/54/987 889/52/987 883/80/987
f 884/53/988 887/51/988 886/54/988
f 885/56/989 887/51/989 888/55/989
f 893/61/990 896/59/990 890/57/990
f 891/62/991 894/58/991 893/61/991
f 892/63/992 894/58/992 895/60/992
f 841/71/993 858/64/993 855/19/993
f 847/7/994 856/24/994 858/23/994
f 848/10/995 846/65/995 842/4/995
f 854/16/996 843/9/996 846/8/996
f 862/83/997 853/66/997 849/13/997
f 853/17/998 864/35/998 850/18/998
f 863/75/999 860/22/999 867/34/999
f 867/34/1000 856/24/1000 864/35/1000
f 883/80/1001 861/21/1001 886/54/1001
f 886/54/1002 857/74/1002 884/53/1002
f 890/57/1003 865/68/1003 862/83/1003
f 865/32/1004 892/63/1004 863/75/1004
f 885/56/1005 895/60/1005 891/62/1005
f 888/55/1006 892/63/1006 895/60/1006
f 883/80/1007 872/40/1007 869/36/1007
f 889/52/1008 870/41/1008 872/40/1008
f 890/57/1009 882/45/1009 893/61/1009
f 882/45/1010 891/62/1010 893/61/1010
f 871/42/1011 881/48/1011 877/46/1011
f 874/39/1012 878/49/1012 881/48/1012
f 841/71/1013 875/38/1013 844/69/1013
f 875/38/1014 842/4/1014 844/6/1014
f 849/13/1015 879/47/1015 876/78/1015
f 879/47/1016 848/10/1016 877/46/1016
f 855/19/1017 869/36/1017 841/71/1017
f 843/9/1018 864/35/1018 856/24/1018
f 871/42/1019 848/10/1019 842/4/1019
f 890/57/1020 849/13/1020 876/78/1020
f 863/75/1021 884/53/1021 857/74/1021
f 891/62/1022 870/41/1022 885/56/1022
f 844/69/1580 845/2/1580 847/3/1580
f 842/4/1581 846/65/1581 845/5/1581
f 843/9/1582 847/7/1582 845/72/1582
f 848/10/1583 851/70/1583 852/11/1583
f 853/66/1584 852/14/1584 851/15/1584
f 850/18/1585 854/16/1585 852/73/1585
f 858/64/1586 859/20/1586 861/21/1586
f 856/24/1587 860/22/1587 859/26/1587
f 857/74/1588 861/67/1588 859/26/1588
f 865/68/1589 866/28/1589 868/29/1589
f 863/75/1590 867/34/1590 866/31/1590
f 864/35/1591 868/33/1591 866/31/1591
f 872/40/1592 873/37/1592 875/38/1592
f 870/41/1593 874/39/1593 873/37/1593
f 871/42/1594 875/38/1594 873/37/1594
f 879/47/1595 880/44/1595 882/45/1595
f 877/46/1596 881/48/1596 880/44/1596
f 878/49/1597 882/45/1597 880/44/1597
f 886/54/1598 887/51/1598 889/52/1598
f 884/53/1599 888/55/1599 887/51/1599
f 885/56/1600 889/52/1600 887/51/1600
f 893/61/1601 894/58/1601 896/59/1601
f 891/62/1602 895/60/1602 894/58/1602
f 892/63/1603 896/59/1603 894/58/1603
f 841/71/1604 847/3/1604 858/64/1604
f 847/7/994 843/9/994 856/24/994
f 848/10/995 854/12/995 846/65/995
f 854/16/996 850/18/996 843/9/996
f 862/83/997 868/29/997 853/66/997
f 853/17/998 868/33/998 864/35/998
f 863/75/999 857/74/999 860/22/999
f 867/34/1000 860/22/1000 856/24/1000
f 883/80/1001 855/19/1001 861/21/1001
f 886/54/1002 861/67/1002 857/74/1002
f 890/57/1003 896/59/1003 865/68/1003
f 865/32/1004 896/59/1004 892/63/1004
f 885/56/1005 888/55/1005 895/60/1005
f 888/55/1006 884/53/1006 892/63/1006
f 883/80/1007 889/52/1007 872/40/1007
f 889/52/1008 885/56/1008 870/41/1008
f 890/57/1605 876/78/1605 882/45/1605
f 882/45/1010 878/49/1010 891/62/1010
f 871/42/1011 874/39/1011 881/48/1011
f 874/39/1012 870/41/1012 878/49/1012
f 841/71/1013 869/36/1013 875/38/1013
f 875/38/1014 871/42/1014 842/4/1014
f 849/13/1015 851/15/1015 879/47/1015
f 879/47/1016 851/70/1016 848/10/1016
f 855/19/1017 883/80/1017 869/36/1017
f 843/9/1018 850/18/1018 864/35/1018
f 871/42/1019 877/46/1019 848/10/1019
f 890/57/1606 862/83/1606 849/13/1606
f 863/75/1021 892/63/1021 884/53/1021
f 891/62/1022 878/49/1022 870/41/1022
