# Blender 4.5.10 LTS
# www.blender.org
mtllib stow_post_crown_sunken.mtl
o stow_post_crown_sunken
v 0.542610 0.008457 -0.247057
v 0.542582 0.010346 -0.254355
v 0.557987 0.010593 -0.247091
v 0.542599 0.008981 -0.252210
v 0.551488 0.009346 -0.251276
v 0.553472 0.010491 -0.252234
v 0.553492 0.009155 -0.247073
v 0.541024 0.146411 -0.255674
v 0.541008 0.148441 -0.248413
v 0.556429 0.146658 -0.248409
v 0.541010 0.147817 -0.253555
v 0.549904 0.147674 -0.252617
v 0.551903 0.147992 -0.248418
v 0.551915 0.146556 -0.253552
v 0.543037 0.013360 0.258359
v 0.558414 0.015495 0.258325
v 0.543021 0.015390 0.265620
v 0.553919 0.014058 0.258343
v 0.551922 0.014330 0.262546
v 0.553908 0.015494 0.263477
v 0.543035 0.013983 0.263501
v 0.541435 0.153344 0.257003
v 0.541464 0.151455 0.264301
v 0.556856 0.151560 0.257007
v 0.541446 0.152820 0.262156
v 0.550339 0.152658 0.261205
v 0.552351 0.151558 0.262159
v 0.552330 0.152894 0.256998
v -0.526519 -0.003771 -0.246035
v -0.541941 -0.001987 -0.246039
v -0.526548 -0.001881 -0.253333
v -0.537415 -0.003321 -0.246030
v -0.535423 -0.003085 -0.250237
v -0.537435 -0.001985 -0.251191
v -0.526530 -0.003247 -0.251188
v -0.528122 0.136214 -0.247391
v -0.528105 0.134183 -0.254652
v -0.543498 0.134078 -0.247357
v -0.528120 0.135590 -0.252533
v -0.537006 0.135243 -0.251577
v -0.538992 0.134079 -0.252509
v -0.539004 0.135515 -0.247375
v -0.526092 0.001132 0.259381
v -0.526109 0.003162 0.266642
v -0.541514 0.002916 0.259377
v -0.526094 0.001756 0.264523
v -0.534989 0.001899 0.263585
v -0.536999 0.003017 0.264520
v -0.536987 0.001581 0.259386
v -0.527695 0.141116 0.258025
v -0.543071 0.138980 0.258059
v -0.527666 0.139227 0.265324
v -0.538577 0.140418 0.258041
v -0.536572 0.140227 0.262244
v -0.538556 0.139082 0.263202
v -0.527684 0.140592 0.263178
v 0.533646 0.112181 -0.226409
v 0.533923 0.128380 -0.232946
v 0.535626 0.128387 -0.226512
v 0.533718 0.116909 -0.230991
v 0.534729 0.119003 -0.230172
v 0.535117 0.128369 -0.231064
v 0.534922 0.116914 -0.226442
v 0.554739 1.255687 -0.239680
v 0.555062 1.271962 -0.233337
v 0.556442 1.255694 -0.233246
v 0.554958 1.267179 -0.237862
v 0.555892 1.265060 -0.237018
v 0.556162 1.267184 -0.233313
v 0.555934 1.255676 -0.237798
v 0.535277 0.114821 0.220700
v 0.537257 0.131027 0.220597
v 0.535601 0.131096 0.227043
v 0.536553 0.119555 0.220667
v 0.536387 0.121688 0.224374
v 0.536781 0.131063 0.225153
v 0.535382 0.119604 0.225225
v 0.556693 1.274603 0.213772
v 0.556417 1.258404 0.220309
v 0.558073 1.258335 0.213863
v 0.556622 1.269874 0.218354
v 0.557550 1.267744 0.217528
v 0.557598 1.258371 0.218419
v 0.557793 1.269825 0.213796
v 0.417027 0.114337 -0.225996
v 0.415647 0.130605 -0.226088
v 0.417303 0.130535 -0.232533
v 0.415927 0.119114 -0.226021
v 0.416170 0.121195 -0.229752
v 0.416122 0.130569 -0.230643
v 0.417098 0.119065 -0.230579
v 0.438443 1.274118 -0.232924
v 0.438120 1.257843 -0.239267
v 0.436463 1.257912 -0.232821
v 0.438339 1.269335 -0.237450
v 0.437333 1.267251 -0.236598
v 0.436939 1.257876 -0.237377
v 0.437167 1.269384 -0.232892
v 0.418658 0.116977 0.221113
v 0.418981 0.133252 0.227456
v 0.417278 0.133245 0.221022
v 0.418762 0.121760 0.225638
v 0.417828 0.123880 0.224793
v 0.417787 0.133263 0.225574
v 0.417558 0.121755 0.221089
v 0.440074 1.276759 0.214185
v 0.438094 1.260553 0.214288
v 0.439798 1.260560 0.220722
v 0.438798 1.272025 0.214217
v 0.438991 1.269936 0.217947
v 0.438603 1.260571 0.218840
v 0.440003 1.272030 0.218767
v -0.445679 0.123487 -0.233009
v -0.445268 0.139789 -0.239278
v -0.443689 0.139691 -0.232814
v -0.445517 0.128289 -0.237512
v -0.444520 0.130368 -0.236640
v -0.444110 0.139747 -0.237374
v -0.444401 0.128220 -0.232941
v -0.423691 1.267041 -0.227518
v -0.423480 1.283212 -0.220910
v -0.422111 1.266943 -0.221054
v -0.423501 1.278502 -0.225513
v -0.422584 1.276368 -0.224684
v -0.422384 1.278433 -0.220941
v -0.422533 1.266999 -0.225614
v -0.452621 0.118956 0.214034
v -0.450631 0.135160 0.214229
v -0.452410 0.135127 0.220642
v -0.451342 0.123689 0.214102
v -0.451578 0.125762 0.217838
v -0.451193 0.135123 0.218775
v -0.452601 0.123666 0.218637
v -0.430422 1.278681 0.226133
v -0.430833 1.262379 0.232403
v -0.429053 1.262412 0.225990
v -0.430584 1.273879 0.230637
v -0.429642 1.271762 0.229794
v -0.429616 1.262375 0.230535
v -0.429326 1.273902 0.226102
v -0.562284 0.125738 -0.234797
v -0.563653 0.142007 -0.234653
v -0.561873 0.142039 -0.241066
v -0.563380 0.130516 -0.234765
v -0.563064 0.132657 -0.238458
v -0.563090 0.142043 -0.239199
v -0.562122 0.130540 -0.239300
v -0.540085 1.285462 -0.222698
v -0.540296 1.269291 -0.229306
v -0.542075 1.269259 -0.222893
v -0.540105 1.280753 -0.227300
v -0.541128 1.278656 -0.226502
v -0.541512 1.269295 -0.227438
v -0.541363 1.280730 -0.222766
v -0.569226 0.121207 0.212246
v -0.569015 0.137378 0.218855
v -0.570594 0.137476 0.212390
v -0.569205 0.125916 0.216849
v -0.570122 0.128050 0.216021
v -0.570173 0.137420 0.216950
v -0.570322 0.125985 0.212278
v -0.547027 1.280931 0.224345
v -0.549017 1.264727 0.224150
v -0.547437 1.264630 0.230615
v -0.548305 1.276199 0.224278
v -0.548185 1.274050 0.227976
v -0.548596 1.264672 0.228711
v -0.547188 1.276130 0.228849
v 0.536541 0.136958 -0.244259
v 0.536541 0.152350 -0.245477
v 0.551939 0.152359 -0.244331
v 0.536542 0.141463 -0.245080
v 0.545432 0.143463 -0.244932
v 0.547430 0.152353 -0.245131
v 0.547430 0.141469 -0.244270
v 0.536456 1.221529 -0.252258
v 0.536453 1.236935 -0.251236
v 0.551854 1.221537 -0.251112
v 0.536455 1.232420 -0.251999
v 0.545346 1.230424 -0.251826
v 0.547343 1.232426 -0.251189
v 0.547345 1.221532 -0.251912
v 0.536411 0.137451 -0.166501
v 0.551809 0.152852 -0.166573
v 0.536408 0.152858 -0.165479
v 0.547300 0.141962 -0.166511
v 0.545300 0.143964 -0.165881
v 0.547298 0.152856 -0.165789
v 0.536409 0.141966 -0.165738
v 0.536323 1.237429 -0.173478
v 0.536322 1.222036 -0.172260
v 0.551724 1.222030 -0.173354
v 0.536322 1.232923 -0.172657
v 0.545214 1.230925 -0.172775
v 0.547212 1.222035 -0.172570
v 0.547213 1.232919 -0.173431
v -0.532658 0.136861 -0.246047
v -0.548059 0.152259 -0.246170
v -0.532657 0.152254 -0.247264
v -0.543547 0.141370 -0.246093
v -0.541548 0.143365 -0.246749
v -0.543547 0.152255 -0.246954
v -0.532657 0.141366 -0.246867
v -0.532745 1.236839 -0.253023
v -0.532742 1.221432 -0.254045
v -0.548144 1.221438 -0.252951
v -0.532744 1.232323 -0.253786
v -0.541635 1.230325 -0.253643
v -0.543632 1.221433 -0.253736
v -0.543634 1.232327 -0.253013
v -0.532788 0.137354 -0.168288
v -0.532791 0.152761 -0.167266
v -0.548189 0.152752 -0.168412
v -0.532789 0.141870 -0.167525
v -0.541680 0.143866 -0.167698
v -0.543680 0.152758 -0.167612
v -0.543678 0.141864 -0.168335
v -0.532875 1.237332 -0.175265
v -0.548274 1.221931 -0.175193
v -0.532876 1.221939 -0.174047
v -0.543764 1.232821 -0.175254
v -0.541767 1.230827 -0.174592
v -0.543765 1.221936 -0.174393
v -0.532876 1.232826 -0.174444
v 0.476480 0.405912 -0.197379
v 0.476503 0.406770 -0.203557
v 0.490186 0.407073 -0.197323
v 0.476501 0.406113 -0.201740
v 0.484416 0.406360 -0.200899
v 0.486193 0.406933 -0.201700
v 0.486177 0.406327 -0.197331
v 0.475615 0.474790 -0.204913
v 0.475566 0.475892 -0.198774
v 0.489298 0.475093 -0.198679
v 0.475595 0.475519 -0.203123
v 0.483513 0.475512 -0.202278
v 0.485271 0.475733 -0.198715
v 0.485305 0.474954 -0.203056
v 0.474013 0.414402 0.230210
v 0.487719 0.415562 0.230266
v 0.473965 0.415504 0.236349
v 0.483710 0.414817 0.230257
v 0.481907 0.414991 0.233801
v 0.483676 0.415596 0.234598
v 0.473984 0.414775 0.234559
v 0.473099 0.484382 0.228815
v 0.473077 0.483525 0.234993
v 0.486831 0.483583 0.228910
v 0.473078 0.484182 0.233175
v 0.481005 0.484143 0.232422
v 0.482787 0.483617 0.233243
v 0.482804 0.484223 0.228874
v -0.475983 0.393372 -0.202625
v -0.489714 0.394171 -0.202721
v -0.475960 0.394230 -0.208804
v -0.485687 0.393531 -0.202685
v -0.483888 0.393611 -0.206233
v -0.485671 0.394138 -0.207053
v -0.475961 0.393573 -0.206986
v -0.476897 0.463352 -0.204020
v -0.476848 0.462250 -0.210159
v -0.490602 0.462192 -0.204076
v -0.476868 0.462979 -0.208369
v -0.484791 0.462763 -0.207611
v -0.486559 0.462158 -0.208409
v -0.486593 0.462938 -0.204068
v -0.478450 0.401862 0.224963
v -0.478498 0.402964 0.231102
v -0.492181 0.402661 0.224868
v -0.478479 0.402235 0.229312
v -0.486396 0.402242 0.228467
v -0.488188 0.402800 0.229245
v -0.488154 0.402021 0.224904
v -0.479364 0.471842 0.223568
v -0.493069 0.470682 0.223512
v -0.479386 0.470985 0.229747
v -0.489060 0.471427 0.223521
v -0.487299 0.471394 0.227089
v -0.489076 0.470821 0.227889
v -0.479385 0.471642 0.227929
v 0.486213 0.812894 -0.178331
v 0.486335 0.813779 -0.184504
v 0.499936 0.813801 -0.178085
v 0.486297 0.813114 -0.182690
v 0.494202 0.813212 -0.181742
v 0.496001 0.813756 -0.182516
v 0.495914 0.813130 -0.178151
v 0.486713 0.881810 -0.185539
v 0.486602 0.882884 -0.179396
v 0.500313 0.881832 -0.179120
v 0.486682 0.882531 -0.183746
v 0.494586 0.882374 -0.182794
v 0.496299 0.882546 -0.179207
v 0.496378 0.881787 -0.183551
v 0.478116 0.819441 0.249222
v 0.491839 0.820349 0.249468
v 0.478005 0.820515 0.255365
v 0.487817 0.819677 0.249402
v 0.485971 0.819868 0.252922
v 0.487738 0.820436 0.253746
v 0.478035 0.819795 0.253572
v 0.478504 0.889432 0.248157
v 0.478382 0.888546 0.254331
v 0.492216 0.888380 0.248433
v 0.478420 0.889211 0.252516
v 0.486354 0.889030 0.251870
v 0.488116 0.888467 0.252711
v 0.488202 0.889094 0.248346
v -0.466161 0.817904 -0.196444
v -0.479873 0.818956 -0.196720
v -0.466039 0.818790 -0.202617
v -0.475859 0.818242 -0.196633
v -0.474011 0.818305 -0.200157
v -0.475773 0.818868 -0.200998
v -0.466077 0.818124 -0.200803
v -0.465773 0.887895 -0.197509
v -0.465662 0.886821 -0.203652
v -0.479496 0.886987 -0.197755
v -0.465692 0.887541 -0.201859
v -0.473628 0.887468 -0.201209
v -0.475396 0.886899 -0.202033
v -0.475474 0.887659 -0.197689
v -0.474259 0.824451 0.231109
v -0.474370 0.825525 0.237252
v -0.487970 0.825503 0.230833
v -0.474339 0.824805 0.235459
v -0.482243 0.824961 0.234507
v -0.484035 0.825549 0.235264
v -0.483957 0.824789 0.230920
v -0.473870 0.894442 0.230044
v -0.487593 0.893534 0.229798
v -0.473992 0.893556 0.236217
v -0.483571 0.894206 0.229864
v -0.481859 0.894124 0.233456
v -0.483658 0.893580 0.234229
v -0.473954 0.894222 0.234403
v 0.215262 0.287976 -0.195604
v 0.215114 0.299010 -0.201264
v 0.216050 0.298909 -0.195378
v 0.215237 0.291257 -0.199697
v 0.215772 0.292668 -0.198901
v 0.215794 0.298988 -0.199537
v 0.215899 0.291185 -0.195534
v 0.201808 1.056902 -0.186100
v 0.201572 1.067700 -0.180003
v 0.202743 1.056801 -0.180213
v 0.201659 1.064586 -0.184224
v 0.202244 1.063164 -0.183485
v 0.202321 1.064515 -0.180061
v 0.202487 1.056879 -0.184373
v 0.212203 0.279756 0.212542
v 0.212991 0.290689 0.212768
v 0.211967 0.290554 0.218639
v 0.212840 0.282965 0.212611
v 0.212662 0.284311 0.216033
v 0.212673 0.290600 0.216923
v 0.212116 0.282869 0.216763
v 0.198513 1.059480 0.228143
v 0.198660 1.048445 0.233803
v 0.199684 1.048581 0.227932
v 0.198538 1.056199 0.232236
v 0.199134 1.054807 0.231449
v 0.199366 1.048492 0.232087
v 0.199262 1.056294 0.228085
v 0.147234 0.286792 -0.196137
v 0.146063 0.297691 -0.195927
v 0.147087 0.297827 -0.201798
v 0.146485 0.289977 -0.196079
v 0.146613 0.291464 -0.199444
v 0.146381 0.297780 -0.200081
v 0.147209 0.290073 -0.200230
v 0.133544 1.066516 -0.180536
v 0.133780 1.055718 -0.186633
v 0.132756 1.055583 -0.180763
v 0.133631 1.063402 -0.184757
v 0.133085 1.061961 -0.184027
v 0.133074 1.055671 -0.184917
v 0.132907 1.063307 -0.180606
v 0.144175 0.278572 0.212008
v 0.143940 0.289370 0.218105
v 0.143004 0.289471 0.212219
v 0.144088 0.281686 0.216229
v 0.143503 0.283108 0.215490
v 0.143260 0.289393 0.216378
v 0.143426 0.281757 0.212067
v 0.130485 1.058296 0.227609
v 0.129697 1.047363 0.227383
v 0.130633 1.047261 0.233270
v 0.129848 1.055087 0.227540
v 0.129975 1.053604 0.230907
v 0.129953 1.047284 0.231542
v 0.130510 1.055015 0.231702
v -0.146914 0.294571 -0.189608
v -0.146977 0.305463 -0.195540
v -0.145919 0.305489 -0.189673
v -0.146965 0.297749 -0.193781
v -0.146387 0.299169 -0.193032
v -0.146261 0.305470 -0.193827
v -0.146217 0.297768 -0.189633
v -0.145941 1.063613 -0.199153
v -0.145849 1.074561 -0.193326
v -0.144884 1.063640 -0.193287
v -0.145908 1.071343 -0.197468
v -0.145334 1.069929 -0.196706
v -0.145160 1.071362 -0.193320
v -0.145226 1.063620 -0.197440
v -0.141521 0.296509 0.218591
v -0.140526 0.307427 0.218526
v -0.141429 0.307456 0.224419
v -0.140824 0.299706 0.218567
v -0.140904 0.301139 0.221956
v -0.140759 0.307447 0.222687
v -0.141462 0.299727 0.222733
v -0.140456 1.076499 0.214874
v -0.140393 1.065607 0.220805
v -0.139491 1.065578 0.214913
v -0.140405 1.073320 0.219047
v -0.139852 1.071899 0.218283
v -0.139723 1.065598 0.219074
v -0.139767 1.073300 0.214880
v -0.214948 0.294668 -0.188710
v -0.215913 0.305589 -0.188749
v -0.215011 0.305560 -0.194642
v -0.215637 0.297867 -0.188716
v -0.215552 0.299268 -0.192119
v -0.215681 0.305569 -0.192910
v -0.214999 0.297846 -0.192883
v -0.213883 1.074658 -0.192427
v -0.213975 1.063710 -0.198255
v -0.214878 1.063740 -0.192362
v -0.213942 1.071440 -0.196569
v -0.214500 1.070027 -0.195792
v -0.214646 1.063719 -0.196524
v -0.214580 1.071461 -0.192403
v -0.209555 0.296606 0.219490
v -0.209463 0.307554 0.225317
v -0.210520 0.307527 0.219451
v -0.209496 0.299824 0.223632
v -0.210070 0.301238 0.222870
v -0.210178 0.307546 0.223604
v -0.210244 0.299805 0.219484
v -0.208490 1.076596 0.215772
v -0.209485 1.065678 0.215837
v -0.208427 1.065704 0.221704
v -0.209187 1.073399 0.215797
v -0.209017 1.071998 0.219196
v -0.209143 1.065697 0.219991
v -0.208439 1.073418 0.219945
v 0.557690 0.431307 0.211663
v 0.557679 0.432022 0.210835
v 0.573913 0.432322 0.211744
v 0.557688 0.431523 0.211073
v 0.567060 0.431793 0.211223
v 0.569160 0.432240 0.211130
v 0.569167 0.431735 0.211715
v 0.556733 0.480605 0.211673
v 0.556716 0.481290 0.212525
v 0.572966 0.480906 0.212582
v 0.556722 0.481096 0.211927
v 0.566098 0.481185 0.212075
v 0.568201 0.481308 0.212570
v 0.568213 0.480824 0.211968
v 0.557462 0.430297 0.269974
v 0.573685 0.431312 0.270055
v 0.557445 0.430983 0.270826
v 0.568939 0.430725 0.270026
v 0.566828 0.430767 0.270504
v 0.568927 0.431210 0.270628
v 0.557455 0.430492 0.270571
v 0.556488 0.480281 0.270835
v 0.556498 0.479566 0.271663
v 0.572738 0.479896 0.270892
v 0.556489 0.480065 0.271426
v 0.565866 0.480158 0.271355
v 0.567980 0.479793 0.271466
v 0.567973 0.480298 0.270881
v -0.569607 0.409424 0.206872
v -0.585858 0.409808 0.206815
v -0.569618 0.410138 0.206044
v -0.581093 0.409406 0.206826
v -0.578986 0.409546 0.206352
v -0.581100 0.409911 0.206241
v -0.569609 0.409639 0.206281
v -0.570581 0.459407 0.207733
v -0.570565 0.458721 0.206882
v -0.586805 0.458392 0.207652
v -0.570575 0.459212 0.207136
v -0.579948 0.458937 0.207204
v -0.582047 0.458494 0.207079
v -0.582059 0.458979 0.207681
v -0.569836 0.408414 0.265183
v -0.569853 0.409099 0.266034
v -0.586086 0.408798 0.265126
v -0.569842 0.408608 0.265780
v -0.579218 0.408519 0.265633
v -0.581333 0.408880 0.265740
v -0.581321 0.408396 0.265137
v -0.570810 0.458397 0.266044
v -0.587033 0.457382 0.265963
v -0.570799 0.457682 0.266872
v -0.582287 0.457969 0.265992
v -0.580180 0.457911 0.266484
v -0.582280 0.457464 0.266577
v -0.570808 0.458182 0.266635
v 0.567857 0.817660 0.199070
v 0.567856 0.818358 0.198229
v 0.584105 0.818082 0.198814
v 0.567851 0.817864 0.198475
v 0.577228 0.817794 0.198437
v 0.579340 0.818162 0.198295
v 0.579341 0.817668 0.198889
v 0.568686 0.866951 0.198143
v 0.568711 0.867652 0.198982
v 0.584935 0.866675 0.198729
v 0.568698 0.867447 0.198389
v 0.578072 0.867195 0.198351
v 0.580188 0.867251 0.198802
v 0.580170 0.866755 0.198209
v 0.568773 0.817746 0.257382
v 0.585021 0.818168 0.257127
v 0.568798 0.818447 0.258221
v 0.580257 0.817755 0.257202
v 0.578160 0.817882 0.257720
v 0.580275 0.818251 0.257795
v 0.568786 0.817952 0.257976
v 0.569627 0.867739 0.257295
v 0.569629 0.867040 0.258136
v 0.585851 0.866761 0.257041
v 0.569633 0.867535 0.257889
v 0.579004 0.867283 0.257633
v 0.581105 0.866843 0.257710
v 0.581104 0.867337 0.257115
v -0.559359 0.836950 0.216751
v -0.575583 0.837928 0.217004
v -0.559360 0.837649 0.215909
v -0.570836 0.837352 0.216930
v -0.568735 0.837406 0.216412
v -0.570837 0.837846 0.216336
v -0.559365 0.837154 0.216156
v -0.558505 0.886943 0.216663
v -0.558530 0.886242 0.215824
v -0.574752 0.886521 0.216919
v -0.558518 0.886737 0.216069
v -0.567891 0.886807 0.216326
v -0.570006 0.886439 0.216250
v -0.569989 0.886934 0.216843
v -0.558443 0.837037 0.275063
v -0.558418 0.837738 0.275902
v -0.574667 0.838014 0.275317
v -0.558430 0.837243 0.275657
v -0.567804 0.837494 0.275695
v -0.569902 0.837934 0.275836
v -0.569920 0.837438 0.275243
v -0.557589 0.887029 0.274976
v -0.573836 0.886607 0.275232
v -0.557588 0.886331 0.275817
v -0.569073 0.887021 0.275156
v -0.566960 0.886895 0.275608
v -0.569072 0.886527 0.275751
v -0.557583 0.886825 0.275570
v 0.552041 0.140855 -0.269090
v 0.551891 0.141573 -0.276661
v 0.567984 0.141937 -0.269397
v 0.551940 0.141015 -0.274438
v 0.561168 0.141279 -0.273628
v 0.563213 0.141779 -0.274655
v 0.563320 0.141272 -0.269301
v 0.550991 0.199878 -0.277591
v 0.551115 0.200841 -0.270047
v 0.567084 0.200242 -0.270327
v 0.551022 0.200508 -0.275387
v 0.560253 0.200554 -0.274574
v 0.562401 0.200766 -0.270250
v 0.562313 0.200085 -0.275585
v 0.561581 0.149374 0.255635
v 0.577523 0.150455 0.255327
v 0.561705 0.150336 0.263179
v 0.572859 0.149791 0.255423
v 0.570866 0.149939 0.259823
v 0.572947 0.150471 0.260757
v 0.561674 0.149707 0.260975
v 0.560655 0.209359 0.254678
v 0.560805 0.208642 0.262249
v 0.576623 0.208761 0.254397
v 0.560756 0.209200 0.260026
v 0.569951 0.209215 0.258877
v 0.572047 0.208777 0.259827
v 0.571941 0.209284 0.254474
v -0.555724 0.124081 -0.248678
v -0.571692 0.124680 -0.248398
v -0.555874 0.124799 -0.256249
v -0.567010 0.124157 -0.248474
v -0.565020 0.124226 -0.252878
v -0.567116 0.124664 -0.253828
v -0.555825 0.124241 -0.254026
v -0.556650 0.184067 -0.249635
v -0.556774 0.183104 -0.257180
v -0.572592 0.182985 -0.249328
v -0.556743 0.183734 -0.254975
v -0.565935 0.183501 -0.253823
v -0.568016 0.182969 -0.254758
v -0.567928 0.183650 -0.249423
v -0.546184 0.132600 0.276046
v -0.546060 0.133562 0.283590
v -0.562153 0.133198 0.276327
v -0.546091 0.132933 0.281386
v -0.555322 0.132886 0.280573
v -0.557382 0.133356 0.281585
v -0.557470 0.132675 0.276250
v -0.547110 0.192585 0.275089
v -0.563053 0.191504 0.275396
v -0.546960 0.191868 0.282660
v -0.558389 0.192168 0.275301
v -0.556237 0.192162 0.279628
v -0.558282 0.191661 0.280654
v -0.547009 0.192426 0.280437
v 0.592002 1.201988 -0.270208
v 0.592011 1.204764 -0.273171
v 0.608775 1.204937 -0.270038
v 0.592019 1.202792 -0.272294
v 0.601709 1.203244 -0.271803
v 0.603879 1.204877 -0.272173
v 0.603873 1.202914 -0.270078
v 0.590307 1.399150 -0.274767
v 0.590248 1.401974 -0.271850
v 0.607071 1.399323 -0.271633
v 0.590279 1.401137 -0.273922
v 0.599976 1.400863 -0.273426
v 0.602133 1.401259 -0.271706
v 0.602175 1.399263 -0.273769
v 0.589636 1.203643 -0.066109
v 0.606409 1.206592 -0.065938
v 0.589577 1.206467 -0.063192
v 0.601507 1.204569 -0.065978
v 0.599304 1.204926 -0.064309
v 0.601465 1.206565 -0.063916
v 0.589604 1.204480 -0.064037
v 0.587882 1.403629 -0.067750
v 0.587873 1.400853 -0.064788
v 0.604705 1.400978 -0.067534
v 0.587865 1.402826 -0.065665
v 0.597571 1.402545 -0.065932
v 0.599761 1.400951 -0.065512
v 0.599767 1.402914 -0.067607
v -0.574275 1.191651 -0.283643
v -0.591098 1.194301 -0.283860
v -0.574266 1.194427 -0.286606
v -0.586160 1.192366 -0.283787
v -0.583964 1.192734 -0.285462
v -0.586154 1.194328 -0.285882
v -0.574258 1.192454 -0.285729
v -0.576029 1.391636 -0.285285
v -0.575970 1.388813 -0.288202
v -0.592803 1.388688 -0.285456
v -0.575998 1.390799 -0.287357
v -0.585697 1.390353 -0.287085
v -0.587858 1.388714 -0.287478
v -0.587900 1.390711 -0.285415
v -0.576641 1.193305 -0.079544
v -0.576700 1.196129 -0.076627
v -0.593464 1.195956 -0.079760
v -0.576672 1.194142 -0.077472
v -0.586370 1.194417 -0.077968
v -0.588568 1.196017 -0.077625
v -0.588526 1.194020 -0.079687
v -0.578395 1.393291 -0.081186
v -0.595168 1.390342 -0.081356
v -0.578404 1.390515 -0.078223
v -0.590266 1.392366 -0.081316
v -0.588102 1.392035 -0.079590
v -0.590272 1.390403 -0.079221
v -0.578412 1.392488 -0.079100
v 0.584084 1.182855 0.070637
v 0.584126 1.185618 0.067662
v 0.600934 1.185334 0.070540
v 0.584091 1.183650 0.068548
v 0.593797 1.183833 0.068889
v 0.596006 1.185402 0.068479
v 0.595977 1.183449 0.070583
v 0.587822 1.379968 0.065232
v 0.587887 1.382804 0.068137
v 0.604631 1.379684 0.068110
v 0.587863 1.381958 0.066069
v 0.597556 1.381415 0.066419
v 0.599749 1.381757 0.068103
v 0.599703 1.379752 0.066049
v 0.584890 1.185392 0.274740
v 0.601740 1.187871 0.274642
v 0.584955 1.188228 0.277644
v 0.596783 1.185985 0.274685
v 0.594617 1.186411 0.276386
v 0.596829 1.187991 0.276739
v 0.584914 1.186238 0.276808
v 0.588693 1.385340 0.272240
v 0.588652 1.382577 0.275214
v 0.605437 1.382221 0.272212
v 0.588686 1.384546 0.274329
v 0.598375 1.383993 0.273916
v 0.600526 1.382340 0.274309
v 0.600555 1.384294 0.272206
v -0.582096 1.205092 0.074967
v -0.598840 1.208212 0.074994
v -0.582054 1.207855 0.071992
v -0.593958 1.206138 0.075001
v -0.591778 1.206439 0.073291
v -0.593928 1.208092 0.072897
v -0.582089 1.205886 0.072878
v -0.578293 1.405040 0.072467
v -0.578357 1.402205 0.069562
v -0.595143 1.402561 0.072565
v -0.578317 1.404194 0.070399
v -0.588020 1.404021 0.070821
v -0.590231 1.402442 0.070468
v -0.590185 1.404447 0.072522
v -0.581290 1.207629 0.279070
v -0.581225 1.210464 0.281974
v -0.598033 1.210748 0.279097
v -0.581266 1.208474 0.281138
v -0.590958 1.209018 0.280788
v -0.593105 1.210680 0.281157
v -0.593151 1.208675 0.279103
v -0.577486 1.407577 0.276570
v -0.594337 1.405098 0.276667
v -0.577528 1.404814 0.279545
v -0.589379 1.406983 0.276624
v -0.587200 1.406600 0.278318
v -0.589409 1.405030 0.278728
v -0.577494 1.406783 0.278659
v 0.602292 1.193333 -0.265308
v 0.602436 1.196099 -0.273159
v 0.607324 1.196146 -0.265223
v 0.602397 1.194129 -0.270854
v 0.605286 1.194504 -0.269783
v 0.605955 1.196118 -0.270794
v 0.605853 1.194162 -0.265243
v 0.601927 1.390497 -0.273998
v 0.601768 1.393330 -0.266171
v 0.606815 1.390544 -0.266062
v 0.601878 1.392486 -0.271711
v 0.604768 1.392135 -0.270636
v 0.605334 1.392520 -0.266099
v 0.605446 1.390516 -0.271633
v 0.591766 1.195654 0.278905
v 0.596798 1.198468 0.278990
v 0.591607 1.198488 0.286732
v 0.595327 1.196484 0.278971
v 0.594585 1.196865 0.283482
v 0.595215 1.198488 0.284505
v 0.591657 1.196498 0.284444
v 0.591243 1.395652 0.278042
v 0.591098 1.392885 0.285892
v 0.596289 1.392866 0.278151
v 0.591138 1.394855 0.283588
v 0.594068 1.394496 0.282629
v 0.594706 1.392885 0.283665
v 0.594808 1.394841 0.278114
v 0.252438 1.192388 -0.272071
v 0.247392 1.195174 -0.272180
v 0.252583 1.195154 -0.279921
v 0.248873 1.193199 -0.272143
v 0.249614 1.193544 -0.276658
v 0.248975 1.195155 -0.277694
v 0.252543 1.193184 -0.277617
v 0.251915 1.392385 -0.272934
v 0.252074 1.389552 -0.280760
v 0.246883 1.389572 -0.273019
v 0.252024 1.391542 -0.278473
v 0.249096 1.391175 -0.277511
v 0.248467 1.389552 -0.278533
v 0.248354 1.391556 -0.272999
v 0.241913 1.194710 0.272143
v 0.241754 1.197543 0.279969
v 0.236866 1.197496 0.272033
v 0.241803 1.195554 0.277682
v 0.238913 1.195905 0.276607
v 0.238235 1.197524 0.277604
v 0.238347 1.195520 0.272070
v 0.241389 1.394707 0.271279
v 0.236358 1.391894 0.271194
v 0.241245 1.391941 0.279130
v 0.237828 1.393878 0.271214
v 0.238396 1.393535 0.275754
v 0.237726 1.391921 0.276765
v 0.241284 1.393911 0.276825
v -0.233214 1.203226 -0.261969
v -0.233069 1.205899 -0.269851
v -0.228187 1.206048 -0.261914
v -0.233107 1.203956 -0.267524
v -0.230219 1.204350 -0.266455
v -0.229552 1.205953 -0.267485
v -0.229654 1.204062 -0.261911
v -0.233906 1.400272 -0.272991
v -0.234074 1.403198 -0.265199
v -0.229023 1.400421 -0.265053
v -0.233960 1.402289 -0.270728
v -0.231070 1.401955 -0.269647
v -0.230508 1.402394 -0.265115
v -0.230389 1.400325 -0.270625
v -0.244087 1.211968 0.282172
v -0.239060 1.214791 0.282227
v -0.244256 1.214894 0.289965
v -0.240528 1.212805 0.282230
v -0.241274 1.213238 0.286736
v -0.240647 1.214873 0.287740
v -0.244202 1.212877 0.287701
v -0.244948 1.411940 0.278942
v -0.245092 1.409266 0.286825
v -0.239897 1.409164 0.279088
v -0.245055 1.411209 0.284497
v -0.242124 1.410843 0.283544
v -0.241483 1.409246 0.284600
v -0.241381 1.411137 0.279026
v -0.583061 1.201608 -0.268934
v -0.588112 1.204384 -0.269079
v -0.582916 1.204281 -0.276816
v -0.586627 1.202411 -0.269018
v -0.585885 1.202705 -0.273536
v -0.586525 1.204302 -0.274592
v -0.582954 1.202339 -0.274489
v -0.583921 1.401580 -0.272164
v -0.583753 1.398654 -0.279956
v -0.588948 1.398757 -0.272219
v -0.583807 1.400671 -0.277692
v -0.586735 1.400310 -0.276728
v -0.587362 1.398674 -0.277731
v -0.587481 1.400743 -0.272221
v -0.593934 1.210350 0.275207
v -0.594103 1.213276 0.283000
v -0.598985 1.213127 0.275062
v -0.594049 1.211259 0.280736
v -0.596939 1.211593 0.279655
v -0.597620 1.213222 0.280633
v -0.597501 1.211154 0.275123
v -0.594795 1.410322 0.271977
v -0.599822 1.407499 0.271922
v -0.594939 1.407649 0.279860
v -0.598354 1.409486 0.271920
v -0.597789 1.409198 0.276464
v -0.598457 1.407595 0.277493
v -0.594902 1.409591 0.277533
v 0.007691 1.196778 0.001418
v -0.077084 1.255500 -0.067866
v 0.045469 1.256035 -0.101035
v 0.114861 1.259511 0.005231
v 0.035193 1.261123 0.104076
v -0.083435 1.258644 0.058899
v -0.022307 1.354527 -0.106874
v 0.096321 1.357006 -0.061696
v 0.089971 1.360151 0.065068
v -0.032583 1.359615 0.098238
v -0.101975 1.356139 -0.008029
v 0.005196 1.418872 -0.004216
v 0.030115 1.212112 -0.058308
v -0.041919 1.211797 -0.038811
v -0.019714 1.246628 -0.099032
v -0.095481 1.248162 -0.005025
v -0.045652 1.213645 0.035699
v 0.070903 1.214155 0.004154
v 0.093109 1.248986 -0.056066
v 0.024076 1.215102 0.062253
v 0.087069 1.251976 0.064495
v -0.029487 1.251467 0.096040
v -0.106379 1.305468 -0.044364
v -0.110112 1.307316 0.030146
v 0.012483 1.304835 -0.121961
v -0.059552 1.304520 -0.102464
v 0.122999 1.308335 -0.032944
v 0.082212 1.306292 -0.095406
v 0.072439 1.311130 0.099667
v 0.119266 1.310183 0.041566
v -0.069325 1.309358 0.092609
v 0.000403 1.310816 0.119163
v -0.074182 1.363674 -0.067292
v 0.042373 1.364184 -0.098837
v 0.108368 1.367489 0.002228
v 0.032601 1.369022 0.096234
v -0.080222 1.366665 0.053269
v -0.011189 1.400548 -0.065051
v -0.058016 1.401495 -0.006951
v 0.058539 1.402005 -0.038496
v 0.054806 1.403853 0.036014
v -0.017229 1.403538 0.055510
v 0.001827 1.220021 -0.010489
v -0.052430 1.277560 -0.048669
v 0.024978 1.275282 -0.074696
v 0.073528 1.270710 -0.009147
v 0.026124 1.270162 0.057391
v -0.051722 1.274395 0.032964
v -0.014261 1.363813 -0.070923
v 0.063585 1.359579 -0.046497
v 0.064294 1.356415 0.035137
v -0.013115 1.358692 0.061163
v -0.061665 1.363264 -0.004385
v 0.010036 1.413954 -0.003043
v 0.014714 1.235478 -0.048882
v -0.030785 1.236817 -0.033584
v -0.017178 1.269299 -0.071324
v -0.062260 1.268778 -0.008043
v -0.030369 1.234957 0.014398
v 0.043251 1.232791 -0.010354
v 0.056859 1.265273 -0.048093
v 0.015388 1.232468 0.028756
v 0.057533 1.262263 0.029545
v -0.016087 1.264429 0.054297
v -0.068105 1.321013 -0.029997
v -0.067689 1.319154 0.017986
v 0.005258 1.319997 -0.084405
v -0.040242 1.321336 -0.069107
v 0.079552 1.314821 -0.031518
v 0.051015 1.317509 -0.070047
v 0.052105 1.312639 0.055575
v 0.079968 1.312961 0.016464
v -0.039152 1.316466 0.056515
v 0.006606 1.313978 0.070873
v -0.045670 1.371711 -0.043077
v 0.027950 1.369545 -0.067830
v 0.074123 1.365197 -0.005489
v 0.029041 1.364676 0.057792
v -0.044996 1.368702 0.034561
v -0.003525 1.401506 -0.042288
v -0.031388 1.401184 -0.003178
v 0.042232 1.399018 -0.027930
v 0.042648 1.397158 0.020052
v -0.002851 1.398497 0.035350
v 0.173100 1.377693 -0.114065
v 0.173108 1.378322 -0.114556
v 0.177861 1.378310 -0.114007
v 0.173105 1.377877 -0.114412
v 0.175852 1.377951 -0.114314
v 0.176472 1.378313 -0.114370
v 0.176466 1.377868 -0.114023
v 0.173226 1.422062 -0.114610
v 0.173221 1.422692 -0.114120
v 0.177979 1.422050 -0.114060
v 0.173225 1.422508 -0.114467
v 0.175972 1.422418 -0.114369
v 0.176586 1.422499 -0.114078
v 0.176590 1.422053 -0.114424
v 0.172676 1.377735 -0.080048
v 0.177437 1.378353 -0.079989
v 0.172672 1.378366 -0.079559
v 0.176042 1.377911 -0.080006
v 0.175421 1.377995 -0.079731
v 0.176039 1.378357 -0.079660
v 0.172672 1.377921 -0.079702
v 0.172797 1.422735 -0.080103
v 0.172790 1.422106 -0.079612
v 0.177555 1.422093 -0.080043
v 0.172793 1.422551 -0.079756
v 0.175541 1.422462 -0.079786
v 0.176157 1.422097 -0.079714
v 0.176163 1.422542 -0.080061
v -0.157353 1.378579 -0.118184
v -0.162111 1.379222 -0.118244
v -0.157345 1.379209 -0.118675
v -0.160718 1.378773 -0.118226
v -0.160097 1.378853 -0.118502
v -0.160713 1.379218 -0.118573
v -0.157348 1.378763 -0.118531
v -0.157232 1.423579 -0.118239
v -0.157227 1.422948 -0.118728
v -0.161993 1.422962 -0.118298
v -0.157228 1.423394 -0.118586
v -0.159977 1.423320 -0.118556
v -0.160595 1.422958 -0.118627
v -0.160598 1.423404 -0.118281
v -0.157777 1.378622 -0.084167
v -0.157781 1.379253 -0.083678
v -0.162535 1.379265 -0.084227
v -0.157781 1.378807 -0.083821
v -0.160528 1.378896 -0.083918
v -0.161145 1.379261 -0.083863
v -0.161142 1.378816 -0.084209
v -0.157656 1.423622 -0.084222
v -0.162417 1.423005 -0.084281
v -0.157663 1.422993 -0.083731
v -0.161022 1.423446 -0.084264
v -0.160408 1.423363 -0.083973
v -0.161027 1.423002 -0.083917
v -0.157660 1.423438 -0.083875
v 0.164062 1.373512 0.085139
v 0.164067 1.374135 0.084640
v 0.168827 1.374103 0.085127
v 0.164064 1.373692 0.084790
v 0.166812 1.373752 0.084850
v 0.167433 1.374110 0.084781
v 0.167430 1.373669 0.085134
v 0.164426 1.417869 0.083994
v 0.164432 1.418506 0.084474
v 0.169186 1.417837 0.084481
v 0.164430 1.418316 0.084131
v 0.167177 1.418213 0.084194
v 0.167796 1.418294 0.084475
v 0.167792 1.417843 0.084135
v 0.164088 1.374014 0.119155
v 0.168853 1.374605 0.119143
v 0.164094 1.374652 0.119636
v 0.167455 1.374171 0.119150
v 0.166839 1.374262 0.119432
v 0.167459 1.374622 0.119490
v 0.164090 1.374204 0.119499
v 0.164457 1.419008 0.118491
v 0.164453 1.418385 0.118990
v 0.169212 1.418339 0.118497
v 0.164456 1.418829 0.118840
v 0.167203 1.418723 0.118776
v 0.167818 1.418356 0.118844
v 0.167822 1.418796 0.118491
v -0.166406 1.376226 0.085349
v -0.171161 1.376895 0.085343
v -0.166402 1.376849 0.084850
v -0.169771 1.376438 0.085349
v -0.169152 1.376511 0.085064
v -0.169767 1.376879 0.084996
v -0.166405 1.376406 0.085000
v -0.166037 1.421220 0.084685
v -0.166043 1.420583 0.084204
v -0.170802 1.420629 0.084697
v -0.166039 1.421030 0.084341
v -0.168788 1.420972 0.084408
v -0.169408 1.420612 0.084350
v -0.169404 1.421063 0.084690
v -0.166381 1.376728 0.119366
v -0.166375 1.377366 0.119846
v -0.171135 1.377398 0.119359
v -0.166379 1.376918 0.119709
v -0.169126 1.377021 0.119646
v -0.169741 1.377391 0.119705
v -0.169745 1.376941 0.119365
v -0.166011 1.421722 0.118701
v -0.170776 1.421131 0.118713
v -0.166016 1.421099 0.119200
v -0.169379 1.421565 0.118706
v -0.168762 1.421483 0.118990
v -0.169382 1.421125 0.119059
v -0.166013 1.421543 0.119050
v 0.176367 1.379191 -0.112011
v 0.176335 1.379833 -0.115368
v 0.176853 1.379824 -0.112013
v 0.176346 1.379384 -0.114386
v 0.176632 1.379466 -0.113952
v 0.176690 1.379832 -0.114387
v 0.176712 1.379378 -0.112013
v 0.176047 1.423572 -0.115214
v 0.176071 1.424190 -0.111852
v 0.176565 1.423563 -0.111858
v 0.176052 1.424013 -0.114229
v 0.176339 1.423932 -0.113795
v 0.176418 1.424008 -0.111856
v 0.176401 1.423570 -0.114233
v 0.178313 1.378381 0.121260
v 0.178799 1.379014 0.121258
v 0.178337 1.378999 0.124622
v 0.178658 1.378568 0.121257
v 0.178610 1.378643 0.123198
v 0.178675 1.379005 0.123635
v 0.178332 1.378557 0.123636
v 0.178017 1.423380 0.121418
v 0.178049 1.422738 0.124776
v 0.178511 1.422753 0.121412
v 0.178038 1.423187 0.123794
v 0.178318 1.423109 0.123355
v 0.178387 1.422744 0.123789
v 0.178364 1.423198 0.121415
v 0.142349 1.378966 -0.111728
v 0.141855 1.379593 -0.111721
v 0.142317 1.379608 -0.115085
v 0.142001 1.379148 -0.111724
v 0.142048 1.379237 -0.113664
v 0.141979 1.379602 -0.114098
v 0.142328 1.379159 -0.114103
v 0.142053 1.423965 -0.111569
v 0.142029 1.423346 -0.114931
v 0.141567 1.423331 -0.111567
v 0.142034 1.423788 -0.113945
v 0.141755 1.423703 -0.113507
v 0.141691 1.423341 -0.113944
v 0.141707 1.423778 -0.111567
v 0.144295 1.378156 0.121543
v 0.144319 1.378774 0.124905
v 0.143801 1.378783 0.121549
v 0.144314 1.378332 0.123919
v 0.144027 1.378414 0.123486
v 0.143964 1.378776 0.123924
v 0.143947 1.378338 0.121546
v 0.143999 1.423155 0.121701
v 0.143513 1.422522 0.121703
v 0.144031 1.422513 0.125059
v 0.143653 1.422968 0.121704
v 0.143734 1.422880 0.123643
v 0.143676 1.422514 0.124078
v 0.144020 1.422962 0.124077
v -0.141231 1.379130 -0.118997
v -0.141188 1.379791 -0.122351
v -0.140734 1.379755 -0.118986
v -0.141203 1.379337 -0.121371
v -0.140924 1.379412 -0.120931
v -0.140852 1.379779 -0.121363
v -0.140882 1.379311 -0.118991
v -0.140751 1.423527 -0.121944
v -0.140781 1.424126 -0.118578
v -0.140297 1.423491 -0.118579
v -0.140757 1.423963 -0.120956
v -0.140480 1.423875 -0.120518
v -0.140436 1.423938 -0.118576
v -0.140415 1.423515 -0.120956
v -0.143765 1.376987 0.114259
v -0.143269 1.377612 0.114271
v -0.143795 1.377586 0.117625
v -0.143417 1.377168 0.114265
v -0.143501 1.377232 0.116205
v -0.143438 1.377591 0.116645
v -0.143789 1.377149 0.116637
v -0.143316 1.421982 0.114678
v -0.143358 1.421322 0.118032
v -0.142832 1.421347 0.114677
v -0.143343 1.421776 0.117052
v -0.143056 1.421695 0.116618
v -0.143001 1.421327 0.117051
v -0.142971 1.421794 0.114680
v -0.175247 1.379474 -0.119363
v -0.175731 1.380109 -0.119363
v -0.175204 1.380134 -0.122717
v -0.175592 1.379662 -0.119365
v -0.175506 1.379761 -0.121304
v -0.175561 1.380129 -0.121737
v -0.175219 1.379680 -0.121737
v -0.174797 1.424470 -0.118945
v -0.174767 1.423870 -0.122310
v -0.175294 1.423844 -0.118956
v -0.174773 1.424307 -0.121322
v -0.175062 1.424224 -0.120890
v -0.175124 1.423865 -0.121330
v -0.175146 1.424288 -0.118950
v -0.177782 1.377330 0.113893
v -0.177812 1.377929 0.117259
v -0.178265 1.377965 0.113894
v -0.177806 1.377492 0.116270
v -0.178083 1.377581 0.115832
v -0.178148 1.377941 0.116271
v -0.178126 1.377518 0.113891
v -0.177332 1.422326 0.114311
v -0.177828 1.421701 0.114300
v -0.177375 1.421665 0.117665
v -0.177680 1.422145 0.114306
v -0.177638 1.422045 0.116246
v -0.177710 1.421677 0.116678
v -0.177360 1.422119 0.116685
vn 0.0638 -0.9951 -0.0755
vn 0.0907 -0.8399 -0.5351
vn 0.2948 -0.9248 -0.2405
vn 0.1163 0.7521 -0.6487
vn 0.0287 0.9923 -0.1204
vn 0.2736 0.9265 -0.2585
vn 0.0516 -0.9914 0.1203
vn 0.2952 -0.9200 0.2579
vn 0.1348 -0.7493 0.6484
vn 0.0411 0.9963 0.0754
vn 0.0725 0.8418 0.5350
vn 0.2740 0.9313 0.2400
vn -0.0289 -0.9945 -0.1011
vn -0.2740 -0.9313 -0.2400
vn -0.1174 -0.7646 -0.6337
vn -0.0639 0.9934 -0.0947
vn -0.0916 0.8294 -0.5512
vn -0.2952 0.9200 -0.2579
vn -0.0410 -0.9946 0.0948
vn -0.0716 -0.8312 0.5513
vn -0.2736 -0.9265 0.2585
vn -0.0514 0.9935 0.1012
vn -0.2948 0.9248 0.2405
vn -0.1337 0.7617 0.6340
vn 0.0641 -0.9979 0.0096
vn 0.3046 -0.9524 0.0090
vn 0.1913 -0.0073 -0.9815
vn 0.7515 0.0022 -0.6597
vn 0.0412 0.9991 -0.0097
vn 0.2827 0.9591 -0.0095
vn 0.1930 0.0117 0.9811
vn 0.7526 0.0150 0.6583
vn 0.0115 -0.9927 0.1205
vn 0.0101 -0.8331 0.5531
vn -0.0113 0.9948 0.1012
vn -0.0091 0.8436 0.5368
vn -0.7515 -0.0022 0.6597
vn -0.1913 0.0073 0.9815
vn -0.0412 -0.9991 0.0097
vn -0.2828 -0.9591 0.0095
vn -0.0641 0.9979 -0.0096
vn -0.3046 0.9524 -0.0090
vn -0.1930 -0.0117 -0.9811
vn -0.7526 -0.0150 -0.6583
vn 0.0113 -0.9948 -0.1012
vn 0.0091 -0.8436 -0.5368
vn -0.0115 0.9927 -0.1205
vn -0.0101 0.8331 -0.5531
vn 0.0114 -0.9999 0.0097
vn 0.9999 0.0114 -0.0010
vn -0.0008 -0.0097 -1.0000
vn -0.0114 0.9999 -0.0097
vn 0.0008 0.0097 1.0000
vn -0.9999 -0.0114 0.0010
vn 0.9352 -0.2537 -0.2473
vn 0.7645 -0.1216 -0.6331
vn 0.9925 -0.0517 -0.1107
vn 0.8434 0.0482 -0.5351
vn 0.9438 0.2160 -0.2501
vn 0.9960 0.0238 -0.0863
vn 0.9369 -0.2508 0.2434
vn 0.9950 -0.0606 0.0793
vn 0.8448 -0.0795 0.5291
vn 0.9456 0.2189 0.2407
vn 0.7729 0.0931 0.6277
vn 0.9945 0.0149 0.1036
vn -0.9456 -0.2189 -0.2406
vn -0.9966 -0.0247 -0.0788
vn -0.8473 -0.0545 -0.5283
vn -0.9369 0.2508 -0.2434
vn -0.7690 0.1141 -0.6289
vn -0.9933 0.0504 -0.1041
vn -0.9438 -0.2160 0.2501
vn -0.7683 -0.0857 0.6343
vn -0.9937 -0.0137 0.1111
vn -0.9352 0.2537 0.2472
vn -0.9944 0.0616 0.0858
vn -0.8410 0.0857 0.5343
vn 0.9656 -0.2602 -0.0020
vn 0.9981 -0.0613 -0.0033
vn 0.8440 -0.0188 -0.5359
vn 0.9936 -0.0190 -0.1109
vn 0.9745 0.2243 -0.0049
vn 0.9997 0.0243 -0.0038
vn 0.8479 -0.0125 0.5300
vn 0.9944 -0.0177 0.1039
vn -0.0101 -0.6871 0.7265
vn 0.0006 -0.1562 0.9877
vn 0.0154 0.6957 0.7182
vn 0.0066 0.1679 0.9858
vn -0.9936 0.0190 0.1109
vn -0.8441 0.0188 0.5359
vn -0.9745 -0.2243 0.0049
vn -0.9997 -0.0243 0.0038
vn -0.9656 0.2602 0.0020
vn -0.9981 0.0613 0.0033
vn -0.8480 0.0125 -0.5299
vn -0.9944 0.0177 -0.1039
vn -0.0154 -0.6957 -0.7182
vn -0.0066 -0.1679 -0.9858
vn 0.0101 0.6871 -0.7265
vn -0.0006 0.1562 -0.9877
vn -0.0185 -0.9998 0.0060
vn 0.9998 -0.0185 -0.0035
vn -0.0036 -0.0059 -1.0000
vn 0.0185 0.9998 -0.0060
vn 0.0036 0.0059 1.0000
vn -0.9998 0.0185 0.0035
vn 0.9396 -0.2505 -0.2333
vn 0.7764 -0.1121 -0.6202
vn 0.9944 -0.0508 -0.0924
vn 0.8535 0.0561 -0.5180
vn 0.9486 0.2192 -0.2284
vn 0.9975 0.0243 -0.0668
vn 0.9320 -0.2555 0.2573
vn 0.9933 -0.0627 0.0974
vn 0.8345 -0.0887 0.5439
vn 0.9409 0.2142 0.2622
vn 0.7608 0.0824 0.6437
vn 0.9923 0.0124 0.1230
vn -0.9409 -0.2142 -0.2622
vn -0.9949 -0.0226 -0.0982
vn -0.8370 -0.0453 -0.5453
vn -0.9320 0.2555 -0.2573
vn -0.7569 0.1249 -0.6415
vn -0.9911 0.0529 -0.1222
vn -0.9486 -0.2192 0.2285
vn -0.7804 -0.0952 0.6181
vn -0.9957 -0.0146 0.0918
vn -0.9396 0.2505 0.2334
vn -0.9958 0.0610 0.0677
vn -0.8510 0.0779 0.5194
vn 0.9653 -0.2610 0.0123
vn 0.9980 -0.0621 0.0149
vn 0.8542 -0.0109 -0.5198
vn 0.9956 -0.0181 -0.0922
vn 0.9745 0.2235 0.0174
vn 0.9996 0.0235 0.0158
vn 0.8376 -0.0217 0.5458
vn 0.9922 -0.0203 0.1227
vn -0.0244 -0.6987 0.7150
vn -0.0184 -0.1720 0.9849
vn 0.0020 0.6841 0.7294
vn -0.0122 0.1520 0.9883
vn -0.9956 0.0181 0.0921
vn -0.8542 0.0109 0.5199
vn -0.9745 -0.2235 -0.0174
vn -0.9996 -0.0235 -0.0158
vn -0.9653 0.2610 -0.0123
vn -0.9980 0.0621 -0.0149
vn -0.8376 0.0217 -0.5458
vn -0.9922 0.0203 -0.1227
vn -0.0020 -0.6841 -0.7294
vn 0.0122 -0.1520 -0.9883
vn 0.0244 0.6987 -0.7150
vn 0.0184 0.1720 -0.9849
vn -0.0191 -0.9998 -0.0104
vn 0.9997 -0.0193 0.0153
vn 0.0155 0.0101 -0.9998
vn 0.0191 0.9998 0.0104
vn -0.0155 -0.0101 0.9998
vn -0.9997 0.0193 -0.0153
vn 0.0936 -0.2283 -0.9691
vn 0.0248 -0.0364 -0.9990
vn 0.1743 -0.0611 -0.9828
vn 0.0318 0.0168 -0.9994
vn 0.0565 0.1664 -0.9844
vn 0.2237 0.0859 -0.9709
vn 0.0532 -0.1664 0.9846
vn 0.2205 -0.0858 0.9716
vn 0.0284 -0.0168 0.9995
vn 0.0904 0.2283 0.9694
vn 0.0214 0.0364 0.9991
vn 0.1710 0.0611 0.9834
vn -0.0532 -0.1789 -0.9824
vn -0.2205 -0.0982 -0.9704
vn -0.0284 -0.0294 -0.9992
vn -0.0904 0.2159 -0.9722
vn -0.0214 0.0238 -0.9995
vn -0.1710 0.0486 -0.9841
vn -0.0936 -0.2160 0.9719
vn -0.0248 -0.0238 0.9994
vn -0.1743 -0.0487 0.9835
vn -0.0565 0.1789 0.9822
vn -0.2237 0.0981 0.9697
vn -0.0318 0.0294 0.9991
vn 0.3828 -0.9238 0.0065
vn 0.9239 -0.3826 0.0040
vn 0.0318 -0.0063 -0.9995
vn 0.1746 -0.0062 -0.9846
vn 0.3826 0.9239 -0.0052
vn 0.9238 0.3828 -0.0009
vn 0.0284 0.0063 0.9996
vn 0.1713 0.0063 0.9852
vn -0.0016 -0.1667 0.9860
vn -0.0017 -0.0238 0.9997
vn -0.0017 0.1792 0.9838
vn -0.0017 0.0364 0.9993
vn -0.1746 0.0062 0.9846
vn -0.0318 0.0063 0.9995
vn -0.3826 -0.9239 0.0052
vn -0.9238 -0.3828 0.0009
vn -0.3827 0.9238 -0.0065
vn -0.9239 0.3826 -0.0040
vn -0.0284 -0.0063 -0.9996
vn -0.1713 -0.0063 -0.9852
vn 0.0017 -0.1792 -0.9838
vn 0.0017 -0.0364 -0.9993
vn 0.0016 0.1667 -0.9860
vn 0.0017 0.0238 -0.9997
vn 0.0001 -1.0000 0.0063
vn 1.0000 0.0001 0.0017
vn 0.0017 -0.0063 -1.0000
vn -0.0001 1.0000 -0.0063
vn -0.0017 0.0063 1.0000
vn -1.0000 -0.0001 -0.0017
vn 0.0429 -0.9986 -0.0304
vn 0.0653 -0.9385 -0.3391
vn 0.1815 -0.9742 -0.1345
vn 0.0739 0.8831 -0.4632
vn 0.0100 0.9963 -0.0855
vn 0.1561 0.9724 -0.1733
vn 0.0353 -0.9957 0.0857
vn 0.1797 -0.9680 0.1752
vn 0.0920 -0.8810 0.4642
vn 0.0162 0.9994 0.0307
vn 0.0369 0.9398 0.3397
vn 0.1543 0.9786 0.1364
vn -0.0092 -0.9989 -0.0460
vn -0.1543 -0.9786 -0.1364
vn -0.0687 -0.9009 -0.4287
vn -0.0423 0.9966 -0.0705
vn -0.0612 0.9242 -0.3769
vn -0.1797 0.9680 -0.1752
vn -0.0168 -0.9974 0.0702
vn -0.0410 -0.9256 0.3763
vn -0.1560 -0.9724 0.1733
vn -0.0360 0.9983 0.0457
vn -0.1815 0.9742 0.1345
vn -0.0971 0.8987 0.4278
vn 0.0426 -0.9989 0.0201
vn 0.1828 -0.9829 0.0206
vn 0.1885 -0.0171 -0.9819
vn 0.7388 -0.0038 -0.6739
vn 0.0165 0.9997 -0.0198
vn 0.1571 0.9874 -0.0187
vn 0.1771 0.0219 0.9839
vn 0.7310 0.0231 0.6820
vn 0.0126 -0.9962 0.0856
vn 0.0101 -0.9261 0.3771
vn -0.0134 0.9989 0.0459
vn -0.0143 0.9404 0.3399
vn -0.7388 0.0038 0.6739
vn -0.1885 0.0171 0.9819
vn -0.0165 -0.9997 0.0198
vn -0.1570 -0.9874 0.0187
vn -0.0426 0.9989 -0.0201
vn -0.1828 0.9829 -0.0206
vn -0.1771 -0.0219 -0.9839
vn -0.7310 -0.0231 -0.6820
vn 0.0134 -0.9989 -0.0459
vn 0.0143 -0.9404 -0.3398
vn -0.0126 0.9962 -0.0856
vn -0.0101 0.9261 -0.3771
vn 0.0131 -0.9997 0.0199
vn 0.9999 0.0132 0.0055
vn 0.0058 -0.0199 -0.9998
vn -0.0131 0.9997 -0.0199
vn -0.0058 0.0199 0.9998
vn -0.9999 -0.0132 -0.0055
vn 0.0249 -0.9991 -0.0347
vn 0.0527 -0.9379 -0.3428
vn 0.1654 -0.9767 -0.1368
vn 0.0963 0.8838 -0.4579
vn 0.0294 0.9963 -0.0805
vn 0.1762 0.9702 -0.1665
vn 0.0159 -0.9966 0.0813
vn 0.1595 -0.9719 0.1728
vn 0.0696 -0.8846 0.4611
vn 0.0341 0.9988 0.0358
vn 0.0495 0.9374 0.3448
vn 0.1703 0.9749 0.1432
vn -0.0269 -0.9983 -0.0510
vn -0.1703 -0.9749 -0.1432
vn -0.0794 -0.8974 -0.4339
vn -0.0230 0.9975 -0.0662
vn -0.0391 0.9270 -0.3731
vn -0.1595 0.9719 -0.1729
vn -0.0360 -0.9972 0.0651
vn -0.0631 -0.9264 0.3712
vn -0.1761 -0.9702 0.1664
vn -0.0184 0.9986 0.0501
vn -0.1654 0.9767 0.1368
vn -0.0864 0.8983 0.4308
vn 0.0240 -0.9996 0.0158
vn 0.1645 -0.9862 0.0182
vn 0.2014 -0.0160 -0.9794
vn 0.7477 -0.0142 -0.6639
vn 0.0351 0.9993 -0.0146
vn 0.1754 0.9844 -0.0118
vn 0.1642 0.0141 0.9863
vn 0.7220 0.0065 0.6919
vn -0.0068 -0.9967 0.0809
vn -0.0120 -0.9279 0.3726
vn 0.0043 0.9987 0.0506
vn -0.0016 0.9389 0.3443
vn -0.7477 0.0142 0.6639
vn -0.2014 0.0160 0.9794
vn -0.0351 -0.9993 0.0146
vn -0.1754 -0.9844 0.0118
vn -0.0240 0.9996 -0.0158
vn -0.1645 0.9862 -0.0182
vn -0.1642 -0.0141 -0.9863
vn -0.7220 -0.0065 -0.6919
vn -0.0043 -0.9987 -0.0506
vn 0.0016 -0.9389 -0.3443
vn 0.0068 0.9967 -0.0809
vn 0.0120 0.9279 -0.3726
vn -0.0055 -0.9999 0.0152
vn 0.9998 -0.0053 0.0190
vn 0.0189 -0.0153 -0.9997
vn 0.0055 0.9999 -0.0152
vn -0.0189 0.0153 0.9997
vn -0.9998 0.0053 -0.0190
vn 0.9693 -0.1889 -0.1573
vn 0.8860 -0.0784 -0.4570
vn 0.9981 -0.0097 -0.0616
vn 0.9273 0.0873 -0.3639
vn 0.9620 0.2289 -0.1490
vn 0.9975 0.0555 -0.0443
vn 0.9669 -0.1954 0.1641
vn 0.9980 -0.0208 0.0599
vn 0.9240 -0.0551 0.3784
vn 0.9596 0.2225 0.1725
vn 0.8755 0.1090 0.4708
vn 0.9960 0.0444 0.0772
vn -0.9596 -0.2225 -0.1725
vn -0.9967 -0.0534 -0.0614
vn -0.9217 -0.0723 -0.3810
vn -0.9669 0.1954 -0.1641
vn -0.8791 0.0970 -0.4667
vn -0.9970 0.0125 -0.0761
vn -0.9620 -0.2289 0.1490
vn -0.8824 -0.1276 0.4529
vn -0.9971 -0.0472 0.0604
vn -0.9693 0.1889 0.1574
vn -0.9988 0.0187 0.0458
vn -0.9296 0.0401 0.3665
vn 0.9809 -0.1947 0.0034
vn 0.9998 -0.0198 0.0071
vn 0.9304 0.0237 -0.3659
vn 0.9980 0.0187 -0.0610
vn 0.9734 0.2287 0.0119
vn 0.9985 0.0545 0.0086
vn 0.9248 0.0086 0.3805
vn 0.9969 0.0160 0.0767
vn 0.0093 -0.8046 0.5937
vn -0.0035 -0.2373 0.9714
vn -0.0185 0.7800 0.6255
vn -0.0111 0.1980 0.9801
vn -0.9980 -0.0187 0.0610
vn -0.9303 -0.0237 0.3659
vn -0.9734 -0.2287 -0.0119
vn -0.9985 -0.0545 -0.0086
vn -0.9809 0.1947 -0.0034
vn -0.9998 0.0197 -0.0071
vn -0.9247 -0.0086 -0.3805
vn -0.9969 -0.0160 -0.0767
vn 0.0185 -0.7801 -0.6254
vn 0.0111 -0.1980 -0.9801
vn -0.0093 0.8046 -0.5937
vn 0.0035 0.2373 -0.9714
vn 0.0176 -0.9996 -0.0200
vn 0.9998 0.0174 0.0078
vn 0.0075 0.0201 -0.9998
vn -0.0176 0.9996 0.0200
vn -0.0075 -0.0201 0.9998
vn -0.9998 -0.0174 -0.0078
vn 0.9621 -0.2111 -0.1725
vn 0.8746 -0.1065 -0.4730
vn 0.9962 -0.0302 -0.0819
vn 0.9209 0.0607 -0.3850
vn 0.9627 0.2069 -0.1745
vn 0.9972 0.0354 -0.0662
vn 0.9664 -0.2096 0.1490
vn 0.9985 -0.0383 0.0399
vn 0.9306 -0.0633 0.3605
vn 0.9669 0.2084 0.1470
vn 0.8871 0.1040 0.4498
vn 0.9981 0.0273 0.0555
vn -0.9669 -0.2084 -0.1470
vn -0.9986 -0.0359 -0.0395
vn -0.9308 -0.0642 -0.3599
vn -0.9664 0.2096 -0.1490
vn -0.8868 0.1021 -0.4507
vn -0.9980 0.0295 -0.0558
vn -0.9627 -0.2069 0.1745
vn -0.8749 -0.0996 0.4740
vn -0.9963 -0.0267 0.0821
vn -0.9621 0.2111 0.1725
vn -0.9971 0.0388 0.0659
vn -0.9207 0.0668 0.3844
vn 0.9769 -0.2131 -0.0119
vn 0.9992 -0.0386 -0.0130
vn 0.9227 -0.0031 -0.3855
vn 0.9966 -0.0018 -0.0820
vn 0.9775 0.2104 -0.0139
vn 0.9993 0.0357 -0.0134
vn 0.9326 0.0004 0.3610
vn 0.9984 -0.0011 0.0557
vn 0.0070 -0.7897 0.6134
vn 0.0126 -0.2131 0.9770
vn 0.0091 0.7955 0.6059
vn 0.0132 0.2223 0.9749
vn -0.9966 0.0018 0.0820
vn -0.9227 0.0031 0.3855
vn -0.9775 -0.2103 0.0139
vn -0.9993 -0.0357 0.0134
vn -0.9770 0.2131 0.0119
vn -0.9992 0.0386 0.0130
vn -0.9326 -0.0004 -0.3610
vn -0.9984 0.0011 -0.0557
vn -0.0091 -0.7955 -0.6059
vn -0.0132 -0.2223 -0.9749
vn -0.0070 0.7897 -0.6134
vn -0.0126 0.2131 -0.9770
vn -0.0014 -1.0000 0.0048
vn 0.9999 -0.0014 -0.0132
vn -0.0132 -0.0047 -0.9999
vn 0.0014 1.0000 -0.0048
vn 0.0132 0.0047 0.9999
vn -0.9999 0.0014 0.0132
vn 0.0371 -0.9614 -0.2726
vn 0.0269 -0.4292 -0.9028
vn 0.0971 -0.7530 -0.6509
vn 0.0167 0.3728 -0.9278
vn -0.0042 0.9508 -0.3099
vn 0.0672 0.7781 -0.6245
vn 0.0301 -0.9503 0.3100
vn 0.0921 -0.7750 0.6252
vn 0.0233 -0.3719 0.9280
vn -0.0026 0.9621 0.2726
vn 0.0026 0.4296 0.9030
vn 0.0623 0.7560 0.6516
vn 0.0067 -0.9395 -0.3426
vn -0.0622 -0.7560 -0.6516
vn -0.0094 -0.3403 -0.9403
vn -0.0351 0.9703 -0.2394
vn -0.0199 0.4601 -0.8876
vn -0.0921 0.7750 -0.6253
vn 0.0006 -0.9710 0.2392
vn -0.0096 -0.4607 0.8875
vn -0.0673 -0.7781 0.6245
vn -0.0326 0.9390 0.3425
vn -0.0971 0.7529 0.6510
vn -0.0306 0.3397 0.9400
vn 0.0373 -0.9992 -0.0172
vn 0.1229 -0.9923 -0.0167
vn 0.0253 0.0177 -0.9995
vn 0.1278 0.0196 -0.9916
vn -0.0016 0.9998 0.0173
vn 0.0841 0.9963 0.0176
vn 0.0175 -0.0169 0.9997
vn 0.1200 -0.0148 0.9927
vn 0.0171 -0.9506 0.3100
vn 0.0052 -0.4605 0.8876
vn -0.0197 0.9393 0.3425
vn -0.0122 0.4294 0.9030
vn -0.1278 -0.0196 0.9916
vn -0.0253 -0.0177 0.9995
vn 0.0016 -0.9998 -0.0173
vn -0.0841 -0.9963 -0.0176
vn -0.0373 0.9992 0.0172
vn -0.1228 0.9923 0.0167
vn -0.0175 0.0169 -0.9997
vn -0.1200 0.0148 -0.9927
vn 0.0197 -0.9393 -0.3426
vn 0.0122 -0.4294 -0.9030
vn -0.0171 0.9506 -0.3099
vn -0.0052 0.4604 -0.8877
vn 0.0195 -0.9997 -0.0172
vn 0.9998 0.0194 0.0043
vn 0.0039 0.0173 -0.9998
vn -0.0195 0.9997 0.0172
vn -0.0039 -0.0173 0.9998
vn -0.9998 -0.0194 -0.0043
vn -0.0033 -0.9671 -0.2545
vn -0.0069 -0.4465 -0.8947
vn 0.0566 -0.7681 -0.6379
vn 0.0114 0.3544 -0.9350
vn 0.0240 0.9443 -0.3281
vn 0.0827 0.7633 -0.6407
vn 0.0019 -0.9447 0.3278
vn 0.0766 -0.7661 0.6381
vn 0.0286 -0.3553 0.9343
vn 0.0378 0.9664 0.2541
vn 0.0364 0.4460 0.8943
vn 0.1028 0.7652 0.6355
vn -0.0342 -0.9453 -0.3243
vn -0.1028 -0.7653 -0.6355
vn -0.0408 -0.3572 -0.9332
vn -0.0048 0.9663 -0.2575
vn -0.0212 0.4439 -0.8958
vn -0.0766 0.7661 -0.6382
vn -0.0297 -0.9657 0.2580
vn -0.0083 -0.4433 0.8964
vn -0.0827 -0.7633 0.6407
vn 0.0083 0.9457 0.3249
vn -0.0566 0.7680 0.6380
vn 0.0008 0.3578 0.9338
vn 0.0008 -1.0000 0.0015
vn 0.0865 -0.9963 0.0001
vn 0.0057 -0.0018 -1.0000
vn 0.1083 -0.0036 -0.9941
vn 0.0349 0.9994 -0.0020
vn 0.1205 0.9927 -0.0034
vn 0.0371 0.0011 0.9993
vn 0.1395 -0.0006 0.9902
vn -0.0110 -0.9446 0.3279
vn 0.0065 -0.4436 0.8962
vn 0.0213 0.9456 0.3245
vn 0.0217 0.4463 0.8946
vn -0.1083 0.0036 0.9941
vn -0.0057 0.0018 1.0000
vn -0.0349 -0.9994 0.0020
vn -0.1205 -0.9927 0.0034
vn -0.0008 1.0000 -0.0015
vn -0.0865 0.9963 -0.0001
vn -0.0371 -0.0011 -0.9993
vn -0.1395 0.0006 -0.9902
vn -0.0213 -0.9456 -0.3246
vn -0.0217 -0.4464 -0.8946
vn 0.0110 0.9446 -0.3279
vn -0.0065 0.4438 -0.8961
vn -0.0171 -0.9999 0.0018
vn 0.9997 -0.0171 -0.0157
vn -0.0157 -0.0015 -0.9999
vn 0.0171 0.9999 -0.0018
vn 0.0157 0.0015 0.9999
vn -0.9997 0.0171 0.0157
vn 0.0366 -0.9991 -0.0197
vn 0.0492 -0.9685 -0.2441
vn 0.1385 -0.9857 -0.0961
vn 0.0441 0.9374 -0.3454
vn 0.0005 0.9981 -0.0622
vn 0.1080 0.9859 -0.1276
vn 0.0330 -0.9976 0.0616
vn 0.1425 -0.9821 0.1230
vn 0.0851 -0.9355 0.3430
vn 0.0070 0.9998 0.0189
vn 0.0288 0.9697 0.2427
vn 0.1120 0.9895 0.0915
vn -0.0021 -0.9996 -0.0297
vn -0.1120 -0.9895 -0.0915
vn -0.0560 -0.9481 -0.3130
vn -0.0378 0.9980 -0.0508
vn -0.0586 0.9601 -0.2735
vn -0.1425 0.9821 -0.1229
vn -0.0057 -0.9987 0.0516
vn -0.0194 -0.9613 0.2749
vn -0.1080 -0.9859 0.1276
vn -0.0313 0.9991 0.0303
vn -0.1385 0.9857 0.0961
vn -0.0732 0.9461 0.3154
vn 0.0372 -0.9992 0.0155
vn 0.1413 -0.9899 0.0135
vn 0.1746 -0.0130 -0.9845
vn 0.7406 0.0007 -0.6719
vn 0.0064 0.9998 -0.0163
vn 0.1107 0.9937 -0.0181
vn 0.2103 0.0188 0.9775
vn 0.7645 0.0221 0.6442
vn 0.0163 -0.9980 0.0619
vn 0.0196 -0.9614 0.2744
vn -0.0146 0.9994 0.0300
vn -0.0102 0.9698 0.2436
vn -0.7406 -0.0007 0.6719
vn -0.1746 0.0130 0.9845
vn -0.0064 -0.9998 0.0163
vn -0.1107 -0.9937 0.0181
vn -0.0372 0.9992 -0.0155
vn -0.1413 0.9899 -0.0135
vn -0.2103 -0.0188 -0.9775
vn -0.7645 -0.0221 -0.6442
vn 0.0146 -0.9994 -0.0300
vn 0.0102 -0.9698 -0.2436
vn -0.0163 0.9980 -0.0619
vn -0.0196 0.9614 -0.2744
vn 0.0154 -0.9998 0.0159
vn 0.9997 0.0151 -0.0184
vn -0.0182 -0.0162 -0.9997
vn -0.0154 0.9998 -0.0159
vn 0.0182 0.0162 0.9997
vn -0.9997 -0.0151 0.0184
vn 0.0776 -0.9567 -0.2804
vn 0.0650 -0.4052 -0.9119
vn 0.2935 -0.6981 -0.6531
vn 0.0768 0.3088 -0.9480
vn 0.0453 0.9265 -0.3735
vn 0.2813 0.6923 -0.6645
vn 0.0531 -0.9256 0.3747
vn 0.2781 -0.6873 0.6710
vn 0.0604 -0.3075 0.9496
vn 0.0542 0.9579 0.2820
vn 0.0368 0.4062 0.9131
vn 0.2659 0.7031 0.6595
vn -0.0368 -0.9324 -0.3594
vn -0.2659 -0.7031 -0.6595
vn -0.0549 -0.3241 -0.9444
vn -0.0710 0.9520 -0.2976
vn -0.0438 0.3904 -0.9196
vn -0.2781 0.6873 -0.6710
vn -0.0609 -0.9532 0.2962
vn -0.0581 -0.3913 0.9184
vn -0.2813 -0.6923 0.6645
vn -0.0616 0.9316 0.3583
vn -0.2935 0.6981 0.6531
vn -0.0823 0.3229 0.9429
vn 0.0776 -0.9969 0.0090
vn 0.3814 -0.9243 0.0119
vn 0.0838 -0.0074 -0.9965
vn 0.3998 -0.0040 -0.9166
vn 0.0601 0.9982 -0.0074
vn 0.3651 0.9310 -0.0033
vn 0.0607 0.0087 0.9981
vn 0.3784 0.0109 0.9256
vn 0.0039 -0.9272 0.3745
vn -0.0071 -0.3914 0.9202
vn -0.0124 0.9332 0.3593
vn -0.0141 0.4062 0.9137
vn -0.3998 0.0040 0.9166
vn -0.0839 0.0074 0.9965
vn -0.0601 -0.9982 0.0074
vn -0.3651 -0.9310 0.0033
vn -0.0776 0.9969 -0.0090
vn -0.3814 0.9243 -0.0119
vn -0.0607 -0.0087 -0.9981
vn -0.3785 -0.0109 -0.9256
vn 0.0124 -0.9332 -0.3593
vn 0.0141 -0.4062 -0.9137
vn -0.0039 0.9272 -0.3745
vn 0.0071 0.3914 -0.9202
vn 0.0088 -0.9999 0.0082
vn 0.9999 0.0089 0.0115
vn 0.0116 -0.0081 -0.9999
vn -0.0088 0.9999 -0.0082
vn -0.0116 0.0081 0.9999
vn -0.9999 -0.0089 -0.0115
vn 0.0466 -0.9596 -0.2773
vn 0.0397 -0.4106 -0.9110
vn 0.2639 -0.7086 -0.6544
vn 0.0708 0.3027 -0.9505
vn 0.0654 0.9234 -0.3783
vn 0.2903 0.6815 -0.6718
vn 0.0330 -0.9252 0.3779
vn 0.2691 -0.6921 0.6697
vn 0.0663 -0.3053 0.9500
vn 0.0852 0.9571 0.2769
vn 0.0621 0.4087 0.9106
vn 0.2956 0.6980 0.6523
vn -0.0683 -0.9325 -0.3547
vn -0.2955 -0.6979 -0.6523
vn -0.0783 -0.3262 -0.9421
vn -0.0489 0.9525 -0.3007
vn -0.0470 0.3878 -0.9205
vn -0.2691 0.6922 -0.6697
vn -0.0829 -0.9499 0.3013
vn -0.0549 -0.3858 0.9209
vn -0.2903 -0.6815 0.6718
vn -0.0301 0.9344 0.3550
vn -0.2639 0.7086 0.6544
vn -0.0588 0.3288 0.9426
vn 0.0499 -0.9987 0.0122
vn 0.3555 -0.9346 0.0102
vn 0.0683 -0.0138 -0.9976
vn 0.3855 -0.0189 -0.9225
vn 0.0878 0.9961 -0.0127
vn 0.3909 0.9203 -0.0130
vn 0.0762 0.0110 0.9970
vn 0.3928 0.0040 0.9196
vn -0.0162 -0.9254 0.3785
vn -0.0040 -0.3873 0.9219
vn 0.0191 0.9346 0.3553
vn 0.0112 0.4101 0.9120
vn -0.3855 0.0189 0.9225
vn -0.0683 0.0138 0.9976
vn -0.0878 -0.9961 0.0127
vn -0.3909 -0.9203 0.0130
vn -0.0499 0.9987 -0.0122
vn -0.3556 0.9346 -0.0102
vn -0.0762 -0.0110 -0.9970
vn -0.3927 -0.0040 -0.9196
vn -0.0191 -0.9345 -0.3554
vn -0.0112 -0.4101 -0.9120
vn 0.0162 0.9254 -0.3786
vn 0.0040 0.3874 -0.9219
vn -0.0190 -0.9997 0.0125
vn 0.9998 -0.0191 -0.0037
vn -0.0039 -0.0124 -0.9999
vn 0.0190 0.9997 -0.0125
vn 0.0039 0.0124 0.9999
vn -0.9998 0.0191 0.0037
vn 0.2275 -0.9685 -0.1014
vn 0.4012 -0.6996 -0.5913
vn 0.8511 -0.4825 -0.2067
vn 0.3976 0.6966 -0.5973
vn 0.1723 0.9743 -0.1450
vn 0.7926 0.5913 -0.1489
vn 0.1718 -0.9734 0.1517
vn 0.7894 -0.5871 0.1795
vn 0.3780 -0.6944 0.6123
vn 0.2183 0.9697 0.1100
vn 0.3743 0.7017 0.6063
vn 0.8399 0.4871 0.2394
vn -0.1666 -0.9756 -0.1433
vn -0.7863 -0.5927 -0.1743
vn -0.3742 -0.7017 -0.6062
vn -0.2232 0.9675 -0.1184
vn -0.3779 0.6945 -0.6123
vn -0.8425 0.4806 -0.2436
vn -0.2224 -0.9688 0.1098
vn -0.3975 -0.6966 0.5973
vn -0.8486 -0.4851 0.2109
vn -0.1774 0.9746 0.1366
vn -0.7956 0.5884 0.1438
vn -0.4012 0.6996 0.5913
vn 0.2268 -0.9739 0.0085
vn 0.8031 -0.5956 0.0181
vn 0.5578 -0.0021 -0.8300
vn 0.9711 0.0015 -0.2386
vn 0.2216 0.9751 0.0001
vn 0.8000 0.5999 0.0129
vn 0.5253 0.0050 0.8509
vn 0.9612 0.0037 0.2759
vn -0.0002 -0.9886 0.1506
vn -0.0106 -0.7546 0.6561
vn -0.0054 0.9898 0.1420
vn -0.0146 0.7601 0.6496
vn -0.9711 -0.0015 0.2386
vn -0.5578 0.0021 0.8300
vn -0.2217 -0.9751 -0.0001
vn -0.8000 -0.5998 -0.0129
vn -0.2268 0.9739 -0.0085
vn -0.8031 0.5955 -0.0181
vn -0.5253 -0.0050 -0.8509
vn -0.9612 -0.0037 -0.2759
vn 0.0054 -0.9898 -0.1420
vn 0.0146 -0.7602 -0.6496
vn 0.0002 0.9886 -0.1506
vn 0.0106 0.7545 -0.6562
vn 0.0026 -1.0000 0.0043
vn 0.9998 0.0027 0.0193
vn 0.0193 -0.0043 -0.9998
vn -0.0026 1.0000 -0.0043
vn -0.0193 0.0043 0.9998
vn -0.9998 -0.0027 -0.0193
vn 0.2292 -0.9692 -0.0898
vn 0.4027 -0.7059 -0.5827
vn 0.8521 -0.4834 -0.2005
vn 0.3968 0.6901 -0.6052
vn 0.1707 0.9728 -0.1564
vn 0.7917 0.5908 -0.1554
vn 0.1733 -0.9712 0.1633
vn 0.7903 -0.5835 0.1869
vn 0.3788 -0.6865 0.6207
vn 0.2165 0.9713 0.0987
vn 0.3727 0.7094 0.5982
vn 0.8390 0.4912 0.2341
vn -0.1650 -0.9775 -0.1318
vn -0.7852 -0.5960 -0.1678
vn -0.3727 -0.7095 -0.5982
vn -0.2248 0.9657 -0.1300
vn -0.3788 0.6865 -0.6207
vn -0.8431 0.4763 -0.2498
vn -0.2209 -0.9677 0.1211
vn -0.3967 -0.6901 0.6053
vn -0.8479 -0.4840 0.2161
vn -0.1791 0.9759 0.1249
vn -0.7967 0.5887 0.1363
vn -0.4028 0.7058 0.5827
vn 0.2285 -0.9733 0.0202
vn 0.8041 -0.5939 0.0256
vn 0.5583 -0.0110 -0.8296
vn 0.9713 0.0003 -0.2380
vn 0.2201 0.9754 -0.0113
vn 0.7990 0.6014 0.0063
vn 0.5247 0.0160 0.8511
vn 0.9610 0.0086 0.2765
vn 0.0013 -0.9867 0.1623
vn -0.0098 -0.7467 0.6650
vn -0.0072 0.9914 0.1303
vn -0.0163 0.7677 0.6406
vn -0.9713 -0.0003 0.2380
vn -0.5583 0.0110 0.8296
vn -0.2200 -0.9754 0.0113
vn -0.7990 -0.6013 -0.0063
vn -0.2284 0.9733 -0.0202
vn -0.8041 0.5939 -0.0256
vn -0.5247 -0.0160 -0.8511
vn -0.9610 -0.0086 -0.2764
vn 0.0072 -0.9914 -0.1303
vn 0.0163 -0.7677 -0.6406
vn -0.0013 0.9867 -0.1623
vn 0.0098 0.7467 -0.6650
vn 0.0043 -0.9999 0.0162
vn 0.9998 0.0046 0.0199
vn 0.0200 -0.0161 -0.9997
vn -0.0043 0.9999 -0.0162
vn -0.0200 0.0161 0.9997
vn -0.9998 -0.0046 -0.0199
vn -0.0696 -0.9596 -0.2725
vn -0.6524 -0.7068 -0.2735
vn 0.2681 -0.9526 -0.1439
vn 0.2500 -0.9436 0.2169
vn -0.0988 -0.9452 0.3113
vn -0.8777 -0.3732 -0.3005
vn 0.0263 -0.3789 -0.9251
vn 0.8995 -0.3522 -0.2587
vn 0.5352 -0.3300 0.7776
vn -0.5632 -0.3430 0.7518
vn -0.7698 -0.1607 -0.6178
vn 0.3544 -0.1558 -0.9220
vn 0.9909 -0.1239 0.0527
vn 0.2601 -0.1092 0.9594
vn -0.8280 -0.1319 0.5450
vn -0.3706 0.6721 -0.6410
vn 0.4733 0.6838 -0.5554
vn 0.6524 0.7068 0.2735
vn -0.0809 0.7094 0.7002
vn -0.7131 0.6879 0.1349
vn -0.2681 0.9526 0.1439
vn -0.4907 0.8204 0.2936
vn -0.4311 0.7021 0.5668
vn 0.0696 0.9596 0.2725
vn 0.1409 0.8336 0.5341
vn 0.4172 0.7116 0.5654
vn 0.2963 0.9551 -0.0088
vn 0.5651 0.8250 0.0078
vn 0.6782 0.6940 -0.2416
vn 0.0988 0.9452 -0.3113
vn 0.1956 0.8065 -0.5579
vn -0.0088 0.6737 -0.7390
vn -0.2500 0.9436 -0.2169
vn -0.4569 0.8037 -0.3813
vn -0.6944 0.6786 -0.2393
vn -0.8995 0.3522 0.2587
vn -0.8222 0.2075 0.5301
vn -0.6093 0.3667 0.7030
vn -0.0263 0.3789 0.9251
vn 0.2533 0.2300 0.9396
vn 0.4861 0.3812 0.7864
vn 0.8777 0.3732 0.3005
vn 0.9756 0.2154 0.0435
vn 0.9043 0.3601 -0.2295
vn 0.5632 0.3430 -0.7518
vn 0.3465 0.1839 -0.9199
vn 0.0672 0.3326 -0.9407
vn -0.5352 0.3300 -0.7776
vn -0.7646 0.1790 -0.6192
vn -0.8682 0.3367 -0.3644
vn -0.3544 0.1558 0.9220
vn -0.3465 -0.1839 0.9199
vn -0.0672 -0.3326 0.9407
vn 0.7698 0.1607 0.6178
vn 0.7646 -0.1790 0.6192
vn 0.8682 -0.3367 0.3644
vn 0.8280 0.1319 -0.5450
vn 0.8222 -0.2075 -0.5301
vn 0.6093 -0.3667 -0.7030
vn -0.2601 0.1092 -0.9594
vn -0.2533 -0.2300 -0.9396
vn -0.4861 -0.3812 -0.7864
vn -0.9909 0.1239 -0.0527
vn -0.9756 -0.2154 -0.0435
vn -0.9043 -0.3601 0.2295
vn -0.4733 -0.6838 0.5554
vn -0.1956 -0.8065 0.5579
vn 0.0088 -0.6737 0.7390
vn 0.3706 -0.6721 0.6410
vn 0.4569 -0.8037 0.3813
vn 0.6944 -0.6786 0.2393
vn 0.7131 -0.6879 -0.1349
vn 0.4907 -0.8204 -0.2936
vn 0.4311 -0.7021 -0.5668
vn -0.6782 -0.6940 0.2416
vn -0.5651 -0.8250 -0.0078
vn -0.2963 -0.9551 0.0088
vn 0.0809 -0.7094 -0.7002
vn -0.1409 -0.8336 -0.5341
vn -0.4172 -0.7116 -0.5654
vn -0.1661 -0.8942 -0.4158
vn -0.7891 -0.5325 -0.3061
vn 0.2841 -0.9187 -0.2745
vn 0.2882 -0.9370 0.1976
vn -0.1595 -0.9238 0.3481
vn -0.9362 -0.2199 -0.2741
vn -0.0450 -0.2309 -0.9719
vn 0.8927 -0.2948 -0.3409
vn 0.5809 -0.3234 0.7470
vn -0.5494 -0.2771 0.7883
vn -0.8135 -0.0442 -0.5799
vn 0.2947 -0.0769 -0.9525
vn 0.9897 -0.1423 -0.0141
vn 0.3111 -0.1502 0.9384
vn -0.8033 -0.0896 0.5888
vn -0.4267 0.6210 -0.6575
vn 0.5319 0.5789 -0.6180
vn 0.7891 0.5325 0.3061
vn -0.0105 0.5460 0.8377
vn -0.7619 0.6007 0.2422
vn -0.2841 0.9187 0.2745
vn -0.5241 0.7297 0.4391
vn -0.4148 0.5680 0.7109
vn 0.1661 0.8942 0.4158
vn 0.2495 0.6877 0.6818
vn 0.5429 0.5297 0.6517
vn 0.4402 0.8973 0.0310
vn 0.7205 0.6931 0.0206
vn 0.7841 0.5552 -0.2775
vn 0.1595 0.9238 -0.3481
vn 0.2381 0.7385 -0.6308
vn -0.0246 0.6092 -0.7926
vn -0.2882 0.9370 -0.1976
vn -0.5311 0.7612 -0.3721
vn -0.7656 0.6171 -0.1818
vn -0.8927 0.2948 0.3409
vn -0.7876 0.1618 0.5946
vn -0.5677 0.2642 0.7797
vn 0.0450 0.2309 0.9719
vn 0.3197 0.1016 0.9420
vn 0.5632 0.2156 0.7977
vn 0.9362 0.2199 0.2741
vn 0.9940 0.1094 -0.0044
vn 0.9315 0.2411 -0.2724
vn 0.5494 0.2771 -0.7883
vn 0.3034 0.1744 -0.9368
vn 0.0283 0.3054 -0.9518
vn -0.5809 0.3234 -0.7470
vn -0.7976 0.2068 -0.5666
vn -0.8983 0.3197 -0.3015
vn -0.2947 0.0769 0.9525
vn -0.3034 -0.1744 0.9368
vn -0.0283 -0.3054 0.9518
vn 0.8135 0.0442 0.5799
vn 0.7977 -0.2068 0.5666
vn 0.8983 -0.3197 0.3015
vn 0.8033 0.0896 -0.5888
vn 0.7876 -0.1618 -0.5946
vn 0.5677 -0.2642 -0.7797
vn -0.3111 0.1502 -0.9384
vn -0.3197 -0.1016 -0.9420
vn -0.5632 -0.2156 -0.7977
vn -0.9897 0.1423 0.0141
vn -0.9940 -0.1094 0.0044
vn -0.9315 -0.2411 0.2724
vn -0.5319 -0.5789 0.6180
vn -0.2381 -0.7385 0.6308
vn 0.0246 -0.6092 0.7926
vn 0.4267 -0.6210 0.6575
vn 0.5312 -0.7612 0.3721
vn 0.7656 -0.6171 0.1818
vn 0.7619 -0.6007 -0.2422
vn 0.5241 -0.7297 -0.4391
vn 0.4148 -0.5680 -0.7109
vn -0.7841 -0.5552 0.2776
vn -0.7205 -0.6931 -0.0206
vn -0.4402 -0.8973 -0.0310
vn 0.0105 -0.5460 -0.8377
vn -0.2495 -0.6877 -0.6818
vn -0.5429 -0.5297 -0.6517
vn 0.0529 -0.9253 -0.3755
vn 0.0422 -0.3077 -0.9505
vn 0.2006 -0.6041 -0.7713
vn 0.0541 0.2384 -0.9697
vn 0.0454 0.8814 -0.4702
vn 0.2037 0.6009 -0.7729
vn 0.0289 -0.8815 0.4714
vn 0.1812 -0.6021 0.7776
vn 0.0286 -0.2388 0.9707
vn 0.0484 0.9248 0.3773
vn 0.0201 0.3077 0.9513
vn 0.1846 0.6028 0.7763
vn -0.0336 -0.8827 -0.4688
vn -0.1844 -0.6027 -0.7763
vn -0.0299 -0.2408 -0.9701
vn -0.0435 0.9241 -0.3797
vn -0.0185 0.3054 -0.9520
vn -0.1810 0.6020 -0.7777
vn -0.0579 -0.9240 0.3780
vn -0.0437 -0.3053 0.9513
vn -0.2037 -0.6010 0.7728
vn -0.0405 0.8826 0.4683
vn -0.2005 0.6041 0.7713
vn -0.0528 0.2411 0.9691
vn 0.0521 -0.9986 0.0019
vn 0.3019 -0.9533 0.0050
vn 0.0550 -0.0014 -0.9985
vn 0.2533 -0.0019 -0.9674
vn 0.0574 0.9984 -0.0005
vn 0.3069 0.9517 0.0026
vn 0.0302 0.0011 0.9995
vn 0.2291 0.0006 0.9734
vn -0.0082 -0.8820 0.4712
vn -0.0127 -0.3055 0.9521
vn -0.0035 0.8832 0.4689
vn -0.0110 0.3079 0.9514
vn -0.2533 0.0019 0.9674
vn -0.0550 0.0014 0.9985
vn -0.0573 -0.9984 0.0005
vn -0.3069 -0.9517 -0.0026
vn -0.0521 0.9986 -0.0019
vn -0.3017 0.9534 -0.0050
vn -0.0301 -0.0011 -0.9995
vn -0.2291 -0.0006 -0.9734
vn 0.0035 -0.8834 -0.4686
vn 0.0110 -0.3078 -0.9514
vn 0.0082 0.8819 -0.4714
vn 0.0127 0.3055 -0.9521
vn -0.0027 -1.0000 0.0012
vn 0.9999 -0.0027 0.0125
vn 0.0125 -0.0013 -0.9999
vn 0.0027 1.0000 -0.0012
vn -0.0125 0.0013 0.9999
vn -0.9999 0.0027 -0.0125
vn 0.0428 -0.9304 -0.3640
vn 0.0279 -0.3207 -0.9468
vn 0.1870 -0.6153 -0.7658
vn 0.0426 0.2250 -0.9734
vn 0.0440 0.8746 -0.4828
vn 0.1969 0.5894 -0.7835
vn 0.0303 -0.8753 0.4826
vn 0.1882 -0.5925 0.7833
vn 0.0401 -0.2259 0.9733
vn 0.0586 0.9294 0.3643
vn 0.0344 0.3203 0.9467
vn 0.1980 0.6122 0.7655
vn -0.0447 -0.8884 -0.4569
vn -0.1981 -0.6122 -0.7655
vn -0.0441 -0.2538 -0.9662
vn -0.0433 0.9191 -0.3916
vn -0.0293 0.2927 -0.9558
vn -0.1881 0.5925 -0.7833
vn -0.0580 -0.9184 0.3915
vn -0.0329 -0.2921 0.9558
vn -0.1969 -0.5893 0.7836
vn -0.0295 0.8892 0.4565
vn -0.1871 0.6154 0.7657
vn -0.0386 0.2544 0.9663
vn 0.0465 -0.9988 0.0147
vn 0.2966 -0.9549 0.0139
vn 0.0418 -0.0151 -0.9990
vn 0.2404 -0.0163 -0.9705
vn 0.0630 0.9979 -0.0148
vn 0.3121 0.9499 -0.0143
vn 0.0434 0.0144 0.9990
vn 0.2419 0.0123 0.9702
vn -0.0069 -0.8755 0.4831
vn -0.0018 -0.2925 0.9563
vn 0.0076 0.8894 0.4570
vn 0.0032 0.3207 0.9472
vn -0.2404 0.0163 0.9705
vn -0.0418 0.0151 0.9990
vn -0.0630 -0.9979 0.0148
vn -0.3124 -0.9498 0.0143
vn -0.0466 0.9988 -0.0147
vn -0.2966 0.9549 -0.0139
vn -0.0434 -0.0144 -0.9990
vn -0.2419 -0.0123 -0.9702
vn -0.0076 -0.8895 -0.4568
vn -0.0032 -0.3207 -0.9472
vn 0.0069 0.8755 -0.4832
vn 0.0018 0.2925 -0.9562
vn -0.0082 -0.9999 0.0148
vn 1.0000 -0.0082 -0.0006
vn -0.0008 -0.0148 -0.9999
vn 0.0082 0.9999 -0.0148
vn 0.0008 0.0148 0.9999
vn -1.0000 0.0082 0.0006
vn 0.4750 -0.8780 -0.0595
vn 0.7622 -0.5855 -0.2761
vn 0.9701 -0.2330 -0.0675
vn 0.7544 0.5974 -0.2718
vn 0.3704 0.9261 -0.0717
vn 0.9484 0.3130 -0.0509
vn 0.3846 -0.9208 0.0653
vn 0.9532 -0.3002 0.0351
vn 0.7666 -0.5874 0.2593
vn 0.4641 0.8843 0.0517
vn 0.7587 0.5957 0.2635
vn 0.9680 0.2458 0.0513
vn -0.3717 -0.9256 -0.0719
vn -0.9492 -0.3124 -0.0373
vn -0.7587 -0.5957 -0.2636
vn -0.4761 0.8782 -0.0455
vn -0.7664 0.5876 -0.2594
vn -0.9711 0.2333 -0.0496
vn -0.4629 -0.8848 0.0533
vn -0.7543 -0.5976 0.2720
vn -0.9670 -0.2462 0.0658
vn -0.3832 0.9203 0.0781
vn -0.9525 0.2999 0.0531
vn -0.7622 0.5855 0.2761
vn 0.4756 -0.8796 -0.0070
vn 0.9538 -0.3002 -0.0090
vn 0.9404 0.0074 -0.3399
vn 0.9976 0.0068 -0.0686
vn 0.4656 0.8850 -0.0008
vn 0.9497 0.3131 -0.0068
vn 0.9460 0.0051 0.3242
vn 0.9986 0.0064 0.0520
vn 0.0072 -0.9972 0.0739
vn 0.0094 -0.9125 0.4090
vn -0.0059 0.9967 0.0809
vn -0.0026 0.9096 0.4155
vn -0.9976 -0.0068 0.0686
vn -0.9404 -0.0074 0.3399
vn -0.4641 -0.8858 0.0008
vn -0.9498 -0.3128 0.0068
vn -0.4762 0.8793 0.0070
vn -0.9538 0.3002 0.0090
vn -0.9460 -0.0051 -0.3242
vn -0.9986 -0.0064 -0.0520
vn 0.0059 -0.9967 -0.0810
vn 0.0026 -0.9096 -0.4155
vn -0.0072 0.9972 -0.0740
vn -0.0094 0.9124 -0.4091
vn 0.0066 -1.0000 -0.0035
vn 0.9999 0.0066 -0.0083
vn -0.0083 0.0035 -1.0000
vn -0.0066 1.0000 0.0035
vn 0.0083 -0.0035 1.0000
vn -0.9999 -0.0066 0.0083
vn 0.4606 -0.8859 -0.0557
vn 0.7575 -0.5966 -0.2650
vn 0.9672 -0.2489 -0.0503
vn 0.7692 0.5864 -0.2541
vn 0.3873 0.9201 -0.0591
vn 0.9543 0.2972 -0.0310
vn 0.3669 -0.9278 0.0672
vn 0.9472 -0.3165 0.0515
vn 0.7514 -0.6018 0.2705
vn 0.4771 0.8764 0.0659
vn 0.7636 0.5812 0.2813
vn 0.9708 0.2293 0.0712
vn -0.3857 -0.9188 -0.0843
vn -0.9534 -0.2963 -0.0572
vn -0.7634 -0.5814 -0.2814
vn -0.4603 0.8864 -0.0493
vn -0.7515 0.6018 -0.2704
vn -0.9660 0.2497 -0.0667
vn -0.4787 -0.8771 0.0393
vn -0.7693 -0.5862 0.2541
vn -0.9720 -0.2304 0.0459
vn -0.3680 0.9267 0.0763
vn -0.9482 0.3156 0.0367
vn -0.7576 0.5966 0.2649
vn 0.4613 -0.8873 -0.0031
vn 0.9487 -0.3162 0.0074
vn 0.9467 -0.0065 -0.3219
vn 0.9987 -0.0095 -0.0495
vn 0.4790 0.8777 0.0133
vn 0.9548 0.2971 0.0131
vn 0.9395 -0.0126 0.3422
vn 0.9974 -0.0106 0.0710
vn -0.0108 -0.9976 0.0681
vn -0.0136 -0.9147 0.4040
vn 0.0091 0.9962 0.0867
vn 0.0046 0.9072 0.4208
vn -0.9987 0.0095 0.0495
vn -0.9468 0.0065 0.3219
vn -0.4790 -0.8777 -0.0133
vn -0.9548 -0.2971 -0.0131
vn -0.4609 0.8874 0.0031
vn -0.9486 0.3163 -0.0074
vn -0.9395 0.0126 -0.3422
vn -0.9974 0.0106 -0.0710
vn -0.0091 -0.9962 -0.0867
vn -0.0046 -0.9071 -0.4209
vn 0.0108 0.9976 -0.0682
vn 0.0136 0.9147 -0.4038
vn -0.0100 -0.9999 -0.0093
vn 0.9999 -0.0101 0.0108
vn 0.0109 0.0092 -0.9999
vn 0.0100 0.9999 0.0093
vn -0.0109 -0.0092 0.9999
vn -0.9999 0.0101 -0.0108
vn 0.0514 -0.9935 -0.1012
vn 0.1337 -0.7617 -0.6340
vn 0.4003 -0.8868 -0.2311
vn 0.0716 0.8312 -0.5513
vn 0.0410 0.9946 -0.0948
vn 0.3799 0.8911 -0.2483
vn 0.0639 -0.9934 0.0947
vn 0.4006 -0.8822 0.2476
vn 0.0916 -0.8294 0.5512
vn 0.0289 0.9945 0.1011
vn 0.1174 0.7646 0.6337
vn 0.3803 0.8957 0.2303
vn -0.0411 -0.9963 -0.0754
vn -0.3803 -0.8957 -0.2303
vn -0.0725 -0.8418 -0.5350
vn -0.0516 0.9914 -0.1203
vn -0.1348 0.7493 -0.6484
vn -0.4007 0.8821 -0.2476
vn -0.0287 -0.9923 0.1204
vn -0.1163 -0.7521 0.6486
vn -0.3799 -0.8911 0.2483
vn -0.0638 0.9951 0.0755
vn -0.4003 0.8868 0.2311
vn -0.0907 0.8399 0.5351
vn 0.2828 0.9591 -0.0095
vn -0.2827 -0.9591 0.0095
vn 0.9076 -0.3446 -0.2399
vn 0.8410 -0.0858 -0.5343
vn 0.9944 -0.0615 -0.0858
vn 0.7683 0.0857 -0.6344
vn 0.9196 0.3080 -0.2438
vn 0.9937 0.0137 -0.1111
vn 0.9093 -0.3418 0.2373
vn 0.9933 -0.0504 0.1041
vn 0.7690 -0.1141 0.6289
vn 0.9214 0.3108 0.2334
vn 0.8473 0.0546 0.5283
vn 0.9966 0.0247 0.0788
vn -0.9214 -0.3108 -0.2334
vn -0.9945 -0.0149 -0.1036
vn -0.7729 -0.0931 -0.6277
vn -0.9093 0.3418 -0.2373
vn -0.8448 0.0795 -0.5291
vn -0.9950 0.0606 -0.0793
vn -0.9196 -0.3080 0.2438
vn -0.8434 -0.0483 0.5351
vn -0.9960 -0.0238 0.0863
vn -0.9076 0.3446 0.2399
vn -0.9925 0.0517 0.1107
vn -0.7645 0.1216 0.6331
vn 0.8441 -0.0188 -0.5358
vn 0.8480 -0.0125 0.5299
vn 0.9118 -0.3415 -0.2279
vn 0.8509 -0.0779 -0.5194
vn 0.9958 -0.0610 -0.0677
vn 0.7804 0.0952 -0.6180
vn 0.9243 0.3110 -0.2211
vn 0.9957 0.0146 -0.0917
vn 0.9044 -0.3464 0.2492
vn 0.9911 -0.0529 0.1222
vn 0.7568 -0.1249 0.6416
vn 0.9169 0.3062 0.2560
vn 0.8371 0.0453 0.5452
vn 0.9949 0.0226 0.0982
vn -0.9169 -0.3062 -0.2560
vn -0.9923 -0.0124 -0.1230
vn -0.7608 -0.0824 -0.6438
vn -0.9044 0.3463 -0.2492
vn -0.8345 0.0887 -0.5439
vn -0.9933 0.0627 -0.0974
vn -0.9243 -0.3110 0.2211
vn -0.8535 -0.0561 0.5180
vn -0.9975 -0.0243 0.0668
vn -0.9118 0.3416 0.2279
vn -0.9944 0.0508 0.0924
vn -0.7764 0.1121 0.6202
vn 0.8542 -0.0109 -0.5199
vn 0.8377 -0.0217 0.5458
vn -0.9956 0.0181 0.0922
vn -0.8542 0.0109 0.5198
vn 0.0565 -0.1789 -0.9822
vn 0.0318 -0.0294 -0.9991
vn 0.2237 -0.0981 -0.9697
vn 0.0248 0.0238 -0.9994
vn 0.0936 0.2160 -0.9719
vn 0.1743 0.0487 -0.9835
vn 0.0904 -0.2159 0.9722
vn 0.1710 -0.0486 0.9841
vn 0.0214 -0.0238 0.9995
vn 0.0532 0.1789 0.9824
vn 0.0284 0.0294 0.9992
vn 0.2205 0.0982 0.9704
vn -0.0904 -0.2283 -0.9694
vn -0.1710 -0.0611 -0.9834
vn -0.0214 -0.0364 -0.9991
vn -0.0532 0.1664 -0.9846
vn -0.0284 0.0168 -0.9995
vn -0.2205 0.0858 -0.9716
vn -0.0565 -0.1664 0.9844
vn -0.0318 -0.0168 0.9994
vn -0.2237 -0.0859 0.9709
vn -0.0936 0.2283 0.9691
vn -0.1743 0.0611 0.9828
vn -0.0248 0.0364 0.9990
vn -0.3828 0.9238 -0.0065
vn 0.0017 -0.0365 -0.9993
vn 0.0360 -0.9983 -0.0457
vn 0.0972 -0.8987 -0.4278
vn 0.2498 -0.9592 -0.1322
vn 0.0410 0.9256 -0.3763
vn 0.0168 0.9974 -0.0702
vn 0.2247 0.9594 -0.1704
vn 0.0423 -0.9966 0.0705
vn 0.2481 -0.9532 0.1730
vn 0.0612 -0.9243 0.3769
vn 0.0092 0.9989 0.0460
vn 0.0687 0.9008 0.4287
vn 0.2230 0.9655 0.1348
vn -0.0162 -0.9994 -0.0307
vn -0.2230 -0.9655 -0.1348
vn -0.0369 -0.9398 -0.3397
vn -0.0353 0.9957 -0.0857
vn -0.0920 0.8809 -0.4642
vn -0.2480 0.9532 -0.1730
vn -0.0100 -0.9963 0.0855
vn -0.0739 -0.8831 0.4632
vn -0.2248 -0.9594 0.1704
vn -0.0429 0.9986 0.0304
vn -0.2498 0.9592 0.1322
vn -0.0653 0.9385 0.3391
vn -0.0143 0.9404 0.3398
vn -0.1571 -0.9874 0.0187
vn -0.1772 -0.0219 -0.9839
vn 0.0143 -0.9404 -0.3399
vn 0.0183 -0.9986 -0.0501
vn 0.0865 -0.8983 -0.4308
vn 0.2339 -0.9630 -0.1335
vn 0.0630 0.9264 -0.3711
vn 0.0360 0.9972 -0.0651
vn 0.2446 0.9559 -0.1627
vn 0.0230 -0.9975 0.0662
vn 0.2281 -0.9584 0.1717
vn 0.0391 -0.9270 0.3731
vn 0.0269 0.9983 0.0510
vn 0.0794 0.8974 0.4339
vn 0.2388 0.9605 0.1425
vn -0.0341 -0.9988 -0.0358
vn -0.2388 -0.9606 -0.1425
vn -0.0495 -0.9374 -0.3447
vn -0.0159 0.9966 -0.0813
vn -0.0696 0.8846 -0.4611
vn -0.2282 0.9584 -0.1717
vn -0.0294 -0.9963 0.0805
vn -0.0963 -0.8838 0.4579
vn -0.2446 -0.9559 0.1627
vn -0.0249 0.9991 0.0347
vn -0.2340 0.9630 0.1335
vn -0.0527 0.9379 0.3428
vn 0.1644 -0.9862 0.0182
vn -0.0016 0.9389 0.3442
vn -0.1644 0.9862 -0.0182
vn 0.0016 -0.9389 -0.3442
vn 0.9495 -0.2723 -0.1556
vn 0.9296 -0.0401 -0.3664
vn 0.9988 -0.0187 -0.0458
vn 0.8824 0.1276 -0.4528
vn 0.9393 0.3115 -0.1440
vn 0.9971 0.0472 -0.0604
vn 0.9472 -0.2787 0.1588
vn 0.9970 -0.0125 0.0761
vn 0.8791 -0.0970 0.4667
vn 0.9369 0.3052 0.1704
vn 0.9218 0.0723 0.3810
vn 0.9967 0.0534 0.0614
vn -0.9369 -0.3052 -0.1704
vn -0.9960 -0.0444 -0.0772
vn -0.8755 -0.1090 -0.4708
vn -0.9472 0.2787 -0.1587
vn -0.9240 0.0551 -0.3784
vn -0.9980 0.0208 -0.0599
vn -0.9393 -0.3115 0.1439
vn -0.9273 -0.0873 0.3639
vn -0.9975 -0.0555 0.0443
vn -0.9495 0.2724 0.1556
vn -0.9981 0.0097 0.0616
vn -0.8860 0.0784 0.4569
vn 0.9998 -0.0197 0.0071
vn 0.9303 0.0237 -0.3659
vn 0.9247 0.0086 0.3805
vn -0.9304 -0.0237 0.3659
vn -0.9248 -0.0086 -0.3805
vn 0.9408 -0.2941 -0.1683
vn 0.9207 -0.0668 -0.3844
vn 0.9971 -0.0388 -0.0659
vn 0.8749 0.0996 -0.4740
vn 0.9416 0.2900 -0.1711
vn 0.9963 0.0267 -0.0821
vn 0.9450 -0.2926 0.1462
vn 0.9980 -0.0295 0.0558
vn 0.8868 -0.1021 0.4508
vn 0.9458 0.2915 0.1434
vn 0.9308 0.0642 0.3599
vn 0.9986 0.0359 0.0395
vn -0.9458 -0.2915 -0.1434
vn -0.9981 -0.0273 -0.0555
vn -0.8871 -0.1040 -0.4497
vn -0.9450 0.2926 -0.1462
vn -0.9306 0.0633 -0.3606
vn -0.9985 0.0383 -0.0399
vn -0.9416 -0.2899 0.1711
vn -0.9209 -0.0607 0.3850
vn -0.9972 -0.0354 0.0662
vn -0.9408 0.2942 0.1683
vn -0.9962 0.0302 0.0819
vn -0.8746 0.1065 0.4730
vn 0.9770 -0.2131 -0.0119
vn 0.9775 0.2103 -0.0139
vn -0.9769 0.2132 0.0119
vn -0.0070 0.7897 -0.6135
vn 0.0326 -0.9390 -0.3425
vn 0.0306 -0.3396 -0.9401
vn 0.1308 -0.7498 -0.6486
vn 0.0095 0.4607 -0.8875
vn -0.0006 0.9710 -0.2392
vn 0.1011 0.7762 -0.6223
vn 0.0351 -0.9703 0.2394
vn 0.1258 -0.7718 0.6233
vn 0.0199 -0.4602 0.8876
vn -0.0067 0.9395 0.3425
vn 0.0094 0.3404 0.9402
vn 0.0961 0.7542 0.6495
vn 0.0026 -0.9621 -0.2727
vn -0.0961 -0.7542 -0.6496
vn -0.0025 -0.4297 -0.9030
vn -0.0301 0.9503 -0.3100
vn -0.0233 0.3719 -0.9280
vn -0.1259 0.7718 -0.6233
vn 0.0042 -0.9508 0.3099
vn -0.0167 -0.3727 0.9278
vn -0.1011 -0.7762 0.6224
vn -0.0371 0.9614 0.2726
vn -0.1308 0.7497 0.6487
vn -0.0269 0.4292 0.9028
vn 0.1228 -0.9923 -0.0167
vn 0.0052 -0.4603 0.8877
vn -0.1229 0.9923 0.0167
vn 0.0197 -0.9393 -0.3425
vn 0.0122 -0.4295 -0.9030
vn -0.0171 0.9506 -0.3100
vn -0.0052 0.4605 -0.8876
vn -0.9998 -0.0194 -0.0042
vn -0.0083 -0.9458 -0.3247
vn -0.0008 -0.3580 -0.9337
vn 0.0904 -0.7661 -0.6363
vn 0.0083 0.4434 -0.8963
vn 0.0297 0.9657 -0.2581
vn 0.1165 0.7602 -0.6392
vn 0.0048 -0.9662 0.2576
vn 0.1104 -0.7641 0.6355
vn 0.0212 -0.4440 0.8958
vn 0.0342 0.9453 0.3243
vn 0.0408 0.3573 0.9331
vn 0.1365 0.7621 0.6329
vn -0.0378 -0.9665 -0.2537
vn -0.1365 -0.7622 -0.6328
vn -0.0364 -0.4461 -0.8942
vn -0.0019 0.9448 -0.3276
vn -0.0286 0.3553 -0.9343
vn -0.1104 0.7641 -0.6356
vn -0.0240 -0.9444 0.3280
vn -0.0114 -0.3545 0.9350
vn -0.1164 -0.7603 0.6391
vn 0.0033 0.9671 0.2545
vn -0.0904 0.7661 0.6364
vn 0.0070 0.4466 0.8947
vn -0.0110 -0.9446 0.3280
vn 0.0065 -0.4438 0.8961
vn 0.0213 0.9456 0.3248
vn 0.0217 0.4465 0.8945
vn -0.0065 0.4436 -0.8962
vn 0.0313 -0.9991 -0.0303
vn 0.0732 -0.9461 -0.3154
vn 0.1907 -0.9769 -0.0963
vn 0.0194 0.9613 -0.2749
vn 0.0057 0.9987 -0.0516
vn 0.1605 0.9788 -0.1275
vn 0.0378 -0.9980 0.0508
vn 0.1946 -0.9734 0.1210
vn 0.0586 -0.9601 0.2735
vn 0.0021 0.9996 0.0297
vn 0.0560 0.9481 0.3130
vn 0.1644 0.9823 0.0898
vn -0.0070 -0.9998 -0.0189
vn -0.1644 -0.9823 -0.0898
vn -0.0288 -0.9697 -0.2427
vn -0.0330 0.9976 -0.0616
vn -0.0851 0.9355 -0.3430
vn -0.1946 0.9734 -0.1210
vn -0.0005 -0.9981 0.0622
vn -0.0441 -0.9374 0.3454
vn -0.1605 -0.9788 0.1275
vn -0.0366 0.9991 0.0197
vn -0.1906 0.9769 0.0963
vn -0.0491 0.9685 0.2441
vn 0.0616 -0.9316 -0.3583
vn 0.0823 -0.3228 -0.9429
vn 0.3976 -0.6702 -0.6267
vn 0.0581 0.3913 -0.9184
vn 0.0609 0.9532 -0.2961
vn 0.3858 0.6668 -0.6376
vn 0.0710 -0.9520 0.2977
vn 0.3828 -0.6599 0.6465
vn 0.0438 -0.3904 0.9196
vn 0.0368 0.9325 0.3594
vn 0.0549 0.3241 0.9444
vn 0.3710 0.6771 0.6356
vn -0.0542 -0.9579 -0.2819
vn -0.3711 -0.6771 -0.6355
vn -0.0368 -0.4062 -0.9130
vn -0.0531 0.9257 -0.3746
vn -0.0604 0.3075 -0.9496
vn -0.3828 0.6599 -0.6466
vn -0.0453 -0.9265 0.3735
vn -0.0768 -0.3088 0.9480
vn -0.3857 -0.6667 0.6377
vn -0.0776 0.9567 0.2805
vn -0.3975 0.6702 0.6267
vn -0.0650 0.4053 0.9119
vn 0.3785 0.0109 0.9256
vn 0.0039 -0.9272 0.3746
vn -0.0124 0.9331 0.3593
vn -0.3813 0.9244 -0.0119
vn -0.3785 -0.0109 -0.9255
vn 0.0124 -0.9331 -0.3593
vn 0.0141 -0.4063 -0.9136
vn 0.0071 0.3913 -0.9202
vn 0.0301 -0.9343 -0.3551
vn 0.0588 -0.3288 -0.9426
vn 0.3690 -0.6836 -0.6297
vn 0.0549 0.3859 -0.9209
vn 0.0829 0.9499 -0.3012
vn 0.3944 0.6532 -0.6464
vn 0.0489 -0.9525 0.3007
vn 0.3741 -0.6677 0.6436
vn 0.0470 -0.3878 0.9205
vn 0.0683 0.9325 0.3547
vn 0.0783 0.3262 0.9421
vn 0.3995 0.6690 0.6268
vn -0.0852 -0.9571 -0.2769
vn -0.3995 -0.6689 -0.6269
vn -0.0621 -0.4086 -0.9106
vn -0.0330 0.9252 -0.3779
vn -0.0663 0.3053 -0.9500
vn -0.3741 0.6678 -0.6435
vn -0.0655 -0.9234 0.3783
vn -0.0708 -0.3027 0.9504
vn -0.3944 -0.6531 0.6464
vn -0.0466 0.9596 0.2774
vn -0.3690 0.6836 0.6297
vn -0.0397 0.4106 0.9110
vn 0.3556 -0.9346 0.0102
vn 0.0879 0.9961 -0.0127
vn 0.3908 0.9204 -0.0130
vn 0.3927 0.0040 0.9196
vn -0.0162 -0.9254 0.3786
vn -0.0040 -0.3874 0.9219
vn 0.0162 0.9254 -0.3785
vn 0.0040 0.3873 -0.9219
vn 0.1774 -0.9746 -0.1366
vn 0.3461 -0.5970 -0.7237
vn 0.7957 -0.5884 -0.1437
vn 0.3430 0.5926 -0.7288
vn 0.2225 0.9687 -0.1098
vn 0.8486 0.4852 -0.2109
vn 0.2232 -0.9675 0.1184
vn 0.8425 -0.4806 0.2436
vn 0.3178 -0.5908 0.7416
vn 0.1667 0.9755 0.1432
vn 0.3147 0.5988 0.7365
vn 0.7863 0.5928 0.1744
vn -0.2183 -0.9697 -0.1100
vn -0.8399 -0.4871 -0.2394
vn -0.3146 -0.5988 -0.7365
vn -0.1718 0.9734 -0.1517
vn -0.3178 0.5908 -0.7416
vn -0.7894 0.5871 -0.1794
vn -0.1723 -0.9743 0.1450
vn -0.3430 -0.5925 0.7289
vn -0.7926 -0.5913 0.1489
vn -0.2276 0.9685 0.1014
vn -0.8512 0.4825 0.2067
vn -0.3461 0.5971 0.7237
vn 0.2267 -0.9739 0.0085
vn 0.2218 0.9751 0.0001
vn 0.9612 0.0037 0.2760
vn -0.2215 -0.9752 -0.0001
vn -0.7999 -0.5999 -0.0129
vn -0.8031 0.5956 -0.0181
vn 0.0054 -0.9898 -0.1421
vn 0.0106 0.7546 -0.6561
vn 0.1790 -0.9759 -0.1249
vn 0.3476 -0.6050 -0.7163
vn 0.7968 -0.5887 -0.1363
vn 0.3424 0.5845 -0.7356
vn 0.2209 0.9677 -0.1211
vn 0.8480 0.4840 -0.2161
vn 0.2248 -0.9657 0.1300
vn 0.8431 -0.4762 0.2498
vn 0.3183 -0.5814 0.7488
vn 0.1649 0.9775 0.1318
vn 0.3132 0.6080 0.7295
vn 0.7852 0.5961 0.1678
vn -0.2164 -0.9713 -0.0987
vn -0.8390 -0.4912 -0.2341
vn -0.3132 -0.6080 -0.7295
vn -0.1733 0.9712 -0.1633
vn -0.3183 0.5814 -0.7487
vn -0.7903 0.5835 -0.1869
vn -0.1708 -0.9728 0.1564
vn -0.3425 -0.5845 0.7355
vn -0.7917 -0.5909 0.1554
vn -0.2292 0.9692 0.0898
vn -0.8521 0.4835 0.2004
vn -0.3475 0.6050 0.7164
vn 0.2284 -0.9734 0.0202
vn 0.2200 0.9754 -0.0113
vn 0.7989 0.6014 0.0063
vn -0.0098 -0.7468 0.6650
vn -0.2201 -0.9754 0.0113
vn -0.7989 -0.6014 -0.0063
vn -0.2284 0.9734 -0.0202
vn -0.8041 0.5940 -0.0256
vn -0.9610 -0.0086 -0.2765
vn 0.0163 -0.7677 -0.6405
vn 0.0098 0.7468 -0.6650
vn 0.0405 -0.8829 -0.4679
vn 0.0528 -0.2411 -0.9691
vn 0.2781 -0.5929 -0.7557
vn 0.0438 0.3052 -0.9513
vn 0.0579 0.9239 -0.3783
vn 0.2807 0.5895 -0.7574
vn 0.0435 -0.9241 0.3797
vn 0.2586 -0.5910 0.7641
vn 0.0185 -0.3054 0.9520
vn 0.0336 0.8825 0.4690
vn 0.0300 0.2408 0.9701
vn 0.2620 0.5913 0.7627
vn -0.0484 -0.9247 -0.3776
vn -0.2620 -0.5912 -0.7628
vn -0.0201 -0.3076 -0.9513
vn -0.0289 0.8814 -0.4716
vn -0.0286 0.2386 -0.9707
vn -0.2591 0.5908 -0.7641
vn -0.0453 -0.8813 0.4704
vn -0.0541 -0.2384 0.9697
vn -0.2810 -0.5895 0.7573
vn -0.0528 0.9252 0.3758
vn -0.2777 0.5930 0.7558
vn -0.0421 0.3078 0.9505
vn 0.0520 -0.9986 0.0019
vn 0.3018 -0.9534 0.0050
vn 0.0574 0.9983 -0.0005
vn 0.0301 0.0011 0.9995
vn -0.0035 0.8831 0.4691
vn -0.0574 -0.9983 0.0005
vn -0.3015 0.9534 -0.0050
vn -0.0302 -0.0011 -0.9995
vn 0.0035 -0.8834 -0.4687
vn 0.0110 -0.3079 -0.9514
vn 0.0082 0.8821 -0.4710
vn 0.0127 0.3054 -0.9521
vn 0.0295 -0.8892 -0.4565
vn 0.0386 -0.2543 -0.9664
vn 0.2643 -0.6044 -0.7516
vn 0.0329 0.2921 -0.9558
vn 0.0580 0.9184 -0.3915
vn 0.2740 0.5777 -0.7689
vn 0.0433 -0.9191 0.3916
vn 0.2656 -0.5821 0.7685
vn 0.0293 -0.2926 0.9558
vn 0.0447 0.8885 0.4567
vn 0.0441 0.2537 0.9663
vn 0.2751 0.6001 0.7512
vn -0.0586 -0.9294 -0.3644
vn -0.2752 -0.6000 -0.7511
vn -0.0344 -0.3203 -0.9467
vn -0.0302 0.8752 -0.4828
vn -0.0401 0.2257 -0.9734
vn -0.2656 0.5820 -0.7686
vn -0.0440 -0.8746 0.4828
vn -0.0426 -0.2250 0.9734
vn -0.2741 -0.5776 0.7689
vn -0.0428 0.9304 0.3640
vn -0.2643 0.6045 0.7515
vn -0.0279 0.3207 0.9468
vn 0.0466 -0.9988 0.0147
vn 0.2965 -0.9549 0.0139
vn 0.0629 0.9979 -0.0148
vn 0.3121 0.9500 -0.0143
vn -0.0069 -0.8756 0.4829
vn -0.0018 -0.2924 0.9563
vn 0.0076 0.8896 0.4568
vn 0.0032 0.3206 0.9472
vn -0.2405 0.0163 0.9705
vn -0.0629 -0.9979 0.0148
vn -0.3120 -0.9500 0.0143
vn -0.0465 0.9988 -0.0147
vn -0.0076 -0.8893 -0.4573
vn 0.0069 0.8755 -0.4831
vn 0.0018 0.2925 -0.9563
vn 0.3827 -0.9206 -0.0781
vn 0.7343 -0.5644 -0.3771
vn 0.9525 -0.2999 -0.0530
vn 0.7269 0.5767 -0.3730
vn 0.4639 0.8843 -0.0533
vn 0.9670 0.2462 -0.0657
vn 0.4761 -0.8782 0.0455
vn 0.9711 -0.2336 0.0497
vn 0.7405 -0.5670 0.3609
vn 0.3721 0.9254 0.0718
vn 0.7328 0.5743 0.3650
vn 0.9491 0.3127 0.0373
vn -0.4645 -0.8840 -0.0517
vn -0.9679 -0.2460 -0.0513
vn -0.7328 -0.5743 -0.3649
vn -0.3837 0.9211 -0.0654
vn -0.7405 0.5670 -0.3608
vn -0.9532 0.3002 -0.0351
vn -0.3701 -0.9262 0.0716
vn -0.7266 -0.5768 0.3732
vn -0.9485 -0.3128 0.0509
vn -0.4750 0.8780 0.0595
vn -0.9701 0.2330 0.0674
vn -0.7345 0.5642 0.3770
vn 0.4763 -0.8792 -0.0070
vn 0.9537 -0.3005 -0.0090
vn 0.4638 0.8860 -0.0008
vn 0.9498 0.3129 -0.0068
vn 0.9460 0.0051 0.3243
vn 0.0094 -0.9124 0.4091
vn -0.9498 -0.3129 0.0068
vn -0.4763 0.8793 0.0070
vn -0.9538 0.3005 0.0090
vn 0.0026 -0.9095 -0.4156
vn -0.0094 0.9125 -0.4090
vn 0.3692 -0.9262 -0.0762
vn 0.7320 -0.5745 -0.3662
vn 0.9482 -0.3154 -0.0367
vn 0.7433 0.5666 -0.3557
vn 0.4792 0.8768 -0.0392
vn 0.9720 0.2305 -0.0459
vn 0.4608 -0.8861 0.0493
vn 0.9660 -0.2499 0.0667
vn 0.7240 -0.5812 0.3715
vn 0.3857 0.9188 0.0843
vn 0.7353 0.5598 0.3822
vn 0.9534 0.2963 0.0572
vn -0.4776 -0.8761 -0.0658
vn -0.9708 -0.2291 -0.0712
vn -0.7351 -0.5600 -0.3823
vn -0.3669 0.9278 -0.0673
vn -0.7238 0.5813 -0.3718
vn -0.9473 0.3162 -0.0514
vn -0.3873 -0.9201 0.0590
vn -0.7436 -0.5662 0.3556
vn -0.9544 -0.2970 0.0310
vn -0.4610 0.8856 0.0556
vn -0.9673 0.2487 0.0503
vn -0.7320 0.5744 0.3664
vn 0.4614 -0.8872 -0.0031
vn 0.9487 -0.3161 0.0074
vn 0.4787 0.8779 0.0133
vn 0.9548 0.2970 0.0131
vn -0.0108 -0.9976 0.0682
vn -0.0136 -0.9147 0.4039
vn 0.0046 0.9072 0.4207
vn -0.9467 0.0065 0.3219
vn -0.9548 -0.2970 -0.0131
vn -0.4614 0.8872 0.0031
vn -0.9487 0.3162 -0.0074
vn -0.9974 0.0106 -0.0711
vn -0.0046 -0.9072 -0.4208
vt 0.128500 0.746500
vt 0.126479 0.750000
vt 0.125000 0.746500
vt 0.378500 0.996500
vt 0.376479 1.000000
vt 0.375000 0.996500
vt 0.375000 0.003500
vt 0.378500 0.000000
vt 0.378500 0.003500
vt 0.621500 0.996500
vt 0.625000 0.998521
vt 0.621500 1.000000
vt 0.871500 0.746500
vt 0.875000 0.748521
vt 0.871500 0.750000
vt 0.621500 0.000000
vt 0.625000 0.003500
vt 0.621500 0.003500
vt 0.128500 0.503500
vt 0.125000 0.501479
vt 0.128500 0.500000
vt 0.378500 0.250000
vt 0.375000 0.246500
vt 0.378500 0.246500
vt 0.378500 0.253500
vt 0.375740 0.250740
vt 0.871500 0.503500
vt 0.873521 0.500000
vt 0.875000 0.503500
vt 0.621500 0.253500
vt 0.624260 0.249260
vt 0.625000 0.253500
vt 0.625000 0.246500
vt 0.621500 0.250000
vt 0.621500 0.246500
vt 0.371500 0.746500
vt 0.375493 0.750000
vt 0.373250 0.751750
vt 0.378500 0.750000
vt 0.375000 0.746500
vt 0.378500 0.746500
vt 0.378500 0.753500
vt 0.628500 0.746500
vt 0.625000 0.749507
vt 0.625000 0.746500
vt 0.621500 0.753500
vt 0.626750 0.751750
vt 0.621500 0.750000
vt 0.621500 0.746500
vt 0.371500 0.503500
vt 0.375000 0.500493
vt 0.375000 0.503500
vt 0.378500 0.496500
vt 0.373250 0.498250
vt 0.378500 0.500000
vt 0.378500 0.503500
vt 0.628500 0.503500
vt 0.624507 0.500000
vt 0.626750 0.498250
vt 0.621500 0.500000
vt 0.625000 0.503500
vt 0.621500 0.503500
vt 0.621500 0.496500
vt 0.125000 0.503500
vt 0.378500 1.000000
vt 0.875000 0.746500
vt 0.375000 0.253500
vt 0.871500 0.500000
vt 0.128500 0.750000
vt 0.625000 0.996500
vt 0.375000 0.001479
vt 0.623521 0.000000
vt 0.128500 0.503500
vt 0.378500 0.246500
vt 0.378500 0.250000
vt 0.871500 0.503500
vt 0.621500 0.246500
vt 0.378500 0.746500
vt 0.621500 0.753500
vt 0.621500 0.746500
vt 0.371500 0.503500
vt 0.621500 0.003500
vt 0.378500 0.253500
vt 0.371500 0.746500
vt 0.378500 0.753500
vt 0.625000 0.746500
vt 0.621500 0.746500
vt 0.626750 0.498250
vt 0.621500 0.496500
vt 0.128500 0.746500
vt 0.621500 0.253500
vt 0.871500 0.503500
vt 0.871500 0.746500
vt 0.371500 0.746500
vt 0.628500 0.503500
vt 0.181819 0.000000
vt 0.227273 0.078731
vt 0.136365 0.078731
vt 0.272728 0.157461
vt 0.318182 0.078731
vt 0.363637 0.157461
vt 0.909091 0.000000
vt 0.954545 0.078731
vt 0.863636 0.078731
vt 0.727273 0.000000
vt 0.772727 0.078731
vt 0.681818 0.078731
vt 0.545455 0.000000
vt 0.590909 0.078731
vt 0.500000 0.078731
vt 0.318182 0.236191
vt 0.090910 0.157461
vt 0.181819 0.157461
vt 0.136365 0.236191
vt 0.818182 0.157461
vt 0.909091 0.157461
vt 0.863636 0.236191
vt 0.636364 0.157461
vt 0.727273 0.157461
vt 0.681818 0.236191
vt 0.454546 0.157461
vt 0.545455 0.157461
vt 0.500000 0.236191
vt 0.227273 0.236191
vt 0.045455 0.236191
vt 0.772727 0.236191
vt 0.590909 0.236191
vt 0.409092 0.236191
vt 0.181819 0.314921
vt 0.272728 0.314921
vt 0.227273 0.393651
vt 0.000000 0.314921
vt 0.090910 0.314921
vt 0.045455 0.393651
vt 0.727273 0.314921
vt 0.818182 0.314921
vt 0.772727 0.393651
vt 0.545455 0.314921
vt 0.636364 0.314921
vt 0.590909 0.393651
vt 0.363637 0.314921
vt 0.454546 0.314921
vt 0.409092 0.393651
vt 0.500000 0.393651
vt 0.454546 0.472382
vt 0.681818 0.393651
vt 0.636364 0.472382
vt 0.863636 0.393651
vt 0.818182 0.472382
vt 0.909091 0.314921
vt 0.136365 0.393651
vt 0.090910 0.472382
vt 0.318182 0.393651
vt 0.272728 0.472382
vt 0.954545 0.236191
vt 1.000000 0.157461
vt 0.409092 0.078731
vt 0.363637 0.000000
s 0
usemtl stone
f 1/1/1 5/2/1 7/3/1
f 2/4/2 5/5/2 4/6/2
f 7/7/3 6/8/3 3/9/3
f 8/10/4 12/11/4 14/12/4
f 9/13/5 12/14/5 11/15/5
f 14/16/6 13/17/6 10/18/6
f 15/19/7 19/20/7 21/21/7
f 20/22/8 18/23/8 16/24/8
f 17/25/9 19/26/9 20/22/9
f 22/27/10 26/28/10 28/29/10
f 23/30/11 26/31/11 25/32/11
f 28/33/12 27/34/12 24/35/12
f 29/36/13 33/37/13 35/38/13
f 34/39/14 32/40/14 30/41/14
f 31/42/15 33/37/15 34/39/15
f 36/43/16 40/44/16 42/45/16
f 37/46/17 40/44/17 39/47/17
f 42/45/18 41/48/18 38/49/18
f 43/50/19 47/51/19 49/52/19
f 44/53/20 47/51/20 46/54/20
f 49/52/21 48/55/21 45/56/21
f 50/57/22 54/58/22 56/59/22
f 55/60/23 53/61/23 51/62/23
f 52/63/24 54/58/24 55/60/24
f 1/1/25 18/64/25 15/19/25
f 7/7/26 16/24/26 18/23/26
f 2/4/27 14/12/27 6/65/27
f 14/16/28 3/9/28 6/8/28
f 9/13/29 28/29/29 13/66/29
f 28/33/30 10/18/30 13/17/30
f 17/25/31 27/34/31 23/30/31
f 20/22/32 24/35/32 27/34/32
f 15/19/33 46/54/33 43/50/33
f 21/67/34 44/53/34 46/54/34
f 50/57/35 25/68/35 22/27/35
f 25/32/36 52/63/36 23/30/36
f 51/62/37 48/55/37 55/60/37
f 48/55/38 52/63/38 55/60/38
f 43/50/39 32/40/39 29/36/39
f 49/52/40 30/41/40 32/40/40
f 36/43/41 53/61/41 50/57/41
f 53/61/42 38/49/42 51/62/42
f 31/42/43 41/48/43 37/46/43
f 41/48/44 30/41/44 38/49/44
f 29/36/45 4/69/45 1/1/45
f 4/6/46 31/42/46 2/4/46
f 9/13/47 39/47/47 36/43/47
f 11/70/48 37/46/48 39/47/48
f 43/50/49 1/1/49 15/19/49
f 10/18/50 16/24/50 3/9/50
f 37/46/51 2/4/51 31/42/51
f 22/27/52 36/43/52 50/57/52
f 23/30/53 44/53/53 17/25/53
f 45/56/54 38/49/54 30/41/54
f 1/1/1187 4/69/1187 5/2/1187
f 2/4/1188 6/65/1188 5/5/1188
f 7/7/1189 5/71/1189 6/8/1189
f 8/10/1190 11/70/1190 12/11/1190
f 9/13/1191 13/66/1191 12/14/1191
f 14/16/1192 12/72/1192 13/17/1192
f 15/19/1193 18/64/1193 19/20/1193
f 20/22/1194 19/26/1194 18/23/1194
f 17/25/1195 21/67/1195 19/26/1195
f 22/27/1196 25/68/1196 26/28/1196
f 23/30/1197 27/34/1197 26/31/1197
f 28/33/1198 26/31/1198 27/34/1198
f 29/36/1199 32/40/1199 33/37/1199
f 34/39/1200 33/37/1200 32/40/1200
f 31/42/1201 35/38/1201 33/37/1201
f 36/43/1202 39/47/1202 40/44/1202
f 37/46/1203 41/48/1203 40/44/1203
f 42/45/1204 40/44/1204 41/48/1204
f 43/50/1205 46/54/1205 47/51/1205
f 44/53/1206 48/55/1206 47/51/1206
f 49/52/1207 47/51/1207 48/55/1207
f 50/57/1208 53/61/1208 54/58/1208
f 55/60/1209 54/58/1209 53/61/1209
f 52/63/1210 56/59/1210 54/58/1210
f 1/1/25 7/3/25 18/64/25
f 7/7/26 3/9/26 16/24/26
f 2/4/27 8/10/27 14/12/27
f 14/16/28 10/18/28 3/9/28
f 9/13/29 22/27/29 28/29/29
f 28/33/1211 24/35/1211 10/18/1211
f 17/25/31 20/22/31 27/34/31
f 20/22/32 16/24/32 24/35/32
f 15/19/33 21/21/33 46/54/33
f 21/67/34 17/25/34 44/53/34
f 50/57/35 56/59/35 25/68/35
f 25/32/36 56/59/36 52/63/36
f 51/62/37 45/56/37 48/55/37
f 48/55/38 44/53/38 52/63/38
f 43/50/39 49/52/39 32/40/39
f 49/52/1212 45/56/1212 30/41/1212
f 36/43/41 42/45/41 53/61/41
f 53/61/42 42/45/42 38/49/42
f 31/42/43 34/39/43 41/48/43
f 41/48/44 34/39/44 30/41/44
f 29/36/45 35/38/45 4/69/45
f 4/6/46 35/38/46 31/42/46
f 9/13/47 11/15/47 39/47/47
f 11/70/48 8/10/48 37/46/48
f 43/50/49 29/36/49 1/1/49
f 10/18/50 24/35/50 16/24/50
f 37/46/51 8/10/51 2/4/51
f 22/27/52 9/13/52 36/43/52
f 23/30/53 52/63/53 44/53/53
f 45/56/54 51/62/54 38/49/54
usemtl wood
f 60/69/55 63/3/55 57/1/55
f 58/4/56 61/5/56 60/6/56
f 59/9/57 61/71/57 62/8/57
f 64/10/58 68/11/58 70/12/58
f 69/66/59 67/15/59 65/13/59
f 66/18/60 68/72/60 69/17/60
f 74/64/61 77/21/61 71/73/61
f 72/74/62 75/26/62 74/23/62
f 73/25/63 75/26/63 76/75/63
f 81/68/64 84/29/64 78/76/64
f 79/30/65 82/31/65 81/32/65
f 80/77/66 82/31/66 83/34/66
f 88/40/67 91/38/67 85/36/67
f 86/78/68 89/37/68 88/40/68
f 87/42/69 89/37/69 90/39/69
f 95/47/70 98/45/70 92/43/70
f 93/79/71 96/44/71 95/47/71
f 94/80/72 96/44/72 97/48/72
f 102/54/73 105/52/73 99/81/73
f 100/53/74 103/51/74 102/54/74
f 101/56/75 103/51/75 104/55/75
f 109/61/76 112/59/76 106/57/76
f 107/62/77 110/58/77 109/61/77
f 108/63/78 110/58/78 111/60/78
f 57/1/79 74/64/79 71/73/79
f 63/7/80 72/74/80 74/23/80
f 58/4/81 70/12/81 62/65/81
f 70/16/82 59/9/82 62/8/82
f 78/76/83 69/66/83 65/13/83
f 84/33/84 66/18/84 69/17/84
f 73/25/85 83/34/85 79/30/85
f 83/34/86 72/74/86 80/77/86
f 71/73/87 102/54/87 99/81/87
f 77/67/88 100/53/88 102/54/88
f 106/57/89 81/68/89 78/76/89
f 81/32/90 108/63/90 79/30/90
f 101/56/91 111/60/91 107/62/91
f 104/55/92 108/63/92 111/60/92
f 99/81/93 88/40/93 85/36/93
f 105/52/94 86/78/94 88/40/94
f 92/43/95 109/61/95 106/57/95
f 109/61/96 94/80/96 107/62/96
f 87/42/97 97/48/97 93/79/97
f 90/39/98 94/80/98 97/48/98
f 85/36/99 60/69/99 57/1/99
f 60/6/100 87/42/100 58/4/100
f 65/13/101 95/47/101 92/43/101
f 67/70/102 93/79/102 95/47/102
f 99/81/103 57/1/103 71/73/103
f 59/9/104 80/77/104 72/74/104
f 93/79/105 58/4/105 87/42/105
f 78/76/106 92/43/106 106/57/106
f 73/25/107 108/63/107 100/53/107
f 107/62/108 86/78/108 101/56/108
f 116/69/109 119/3/109 113/1/109
f 114/4/110 117/5/110 116/6/110
f 115/9/111 117/71/111 118/8/111
f 120/10/112 124/11/112 126/12/112
f 125/66/113 123/15/113 121/13/113
f 122/82/114 124/72/114 125/17/114
f 130/64/115 133/21/115 127/19/115
f 128/24/116 131/26/116 130/23/116
f 129/83/117 131/26/117 132/75/117
f 137/68/118 140/29/118 134/76/118
f 135/30/119 138/31/119 137/32/119
f 136/77/120 138/31/120 139/34/120
f 144/40/121 147/38/121 141/84/121
f 142/78/122 145/37/122 144/40/122
f 143/85/123 145/37/123 146/39/123
f 151/47/124 154/86/124 148/43/124
f 149/79/125 152/44/125 151/47/125
f 150/87/126 152/44/126 153/48/126
f 158/54/127 161/52/127 155/81/127
f 156/53/128 159/51/128 158/54/128
f 157/56/129 159/51/129 160/55/129
f 165/61/130 168/88/130 162/57/130
f 163/62/131 166/58/131 165/61/131
f 164/89/132 166/58/132 167/60/132
f 127/19/133 119/3/133 130/64/133
f 130/23/134 115/9/134 128/24/134
f 114/4/135 126/12/135 118/65/135
f 126/16/136 115/9/136 118/8/136
f 134/76/137 125/66/137 121/13/137
f 125/17/138 136/77/138 122/82/138
f 129/83/139 139/34/139 135/30/139
f 132/75/140 136/77/140 139/34/140
f 127/19/141 158/54/141 155/81/141
f 133/67/142 156/53/142 158/54/142
f 162/57/143 137/68/143 134/76/143
f 168/88/144 135/30/144 137/32/144
f 157/56/145 167/60/145 163/62/145
f 167/60/146 156/53/146 164/89/146
f 155/81/147 144/40/147 141/84/147
f 161/52/148 142/78/148 144/40/148
f 148/43/149 165/61/149 162/57/149
f 165/61/150 150/87/150 163/62/150
f 143/85/151 153/48/151 149/79/151
f 153/48/152 142/78/152 150/87/152
f 113/1/153 147/38/153 116/69/153
f 147/38/154 114/4/154 116/6/154
f 148/43/155 123/15/155 151/47/155
f 151/47/156 120/10/156 149/79/156
f 155/81/157 113/1/157 127/19/157
f 122/82/158 128/24/158 115/9/158
f 149/79/159 114/4/159 143/85/159
f 134/76/160 148/43/160 162/57/160
f 129/83/161 164/89/161 156/53/161
f 163/62/162 142/78/162 157/56/162
f 169/90/163 173/2/163 175/3/163
f 170/4/164 173/5/164 172/6/164
f 171/9/165 173/71/165 174/8/165
f 176/10/166 180/11/166 182/12/166
f 177/13/167 180/14/167 179/15/167
f 178/18/168 180/72/168 181/17/168
f 183/73/169 187/20/169 189/21/169
f 184/24/170 187/26/170 186/23/170
f 185/83/171 187/26/171 188/75/171
f 190/27/172 194/28/172 196/29/172
f 191/91/173 194/31/173 193/32/173
f 192/35/174 194/31/174 195/34/174
f 197/36/175 201/37/175 203/38/175
f 198/78/176 201/37/176 200/40/176
f 199/85/177 201/37/177 202/39/177
f 204/43/178 208/44/178 210/86/178
f 205/79/179 208/44/179 207/47/179
f 206/87/180 208/44/180 209/48/180
f 211/50/181 215/51/181 217/52/181
f 212/53/182 215/51/182 214/54/182
f 213/56/183 215/51/183 216/55/183
f 218/57/184 222/58/184 224/59/184
f 219/62/185 222/58/185 221/61/185
f 220/89/186 222/58/186 223/60/186
f 169/90/187 186/64/187 183/73/187
f 175/7/188 184/24/188 186/23/188
f 170/4/189 182/12/189 174/65/189
f 182/16/190 171/9/190 174/8/190
f 190/27/191 181/66/191 177/13/191
f 196/33/192 178/18/192 181/17/192
f 185/83/193 195/34/193 191/91/193
f 188/75/194 192/35/194 195/34/194
f 183/73/195 214/54/195 211/50/195
f 189/67/196 212/53/196 214/54/196
f 218/57/197 193/68/197 190/27/197
f 224/59/198 191/91/198 193/32/198
f 213/56/199 223/60/199 219/62/199
f 216/55/200 220/89/200 223/60/200
f 211/50/201 200/40/201 197/36/201
f 200/40/202 213/56/202 198/78/202
f 218/57/203 210/86/203 221/61/203
f 210/86/204 219/62/204 221/61/204
f 199/85/205 209/48/205 205/79/205
f 202/39/206 206/87/206 209/48/206
f 169/90/207 203/38/207 172/69/207
f 172/6/208 199/85/208 170/4/208
f 177/13/209 207/47/209 204/43/209
f 179/70/210 205/79/210 207/47/210
f 183/73/211 197/36/211 169/90/211
f 171/9/212 192/35/212 184/24/212
f 205/79/213 170/4/213 199/85/213
f 218/57/214 177/13/214 204/43/214
f 185/83/215 220/89/215 212/53/215
f 213/56/216 206/87/216 198/78/216
f 225/1/217 229/2/217 231/3/217
f 226/4/218 229/5/218 228/6/218
f 231/7/219 230/8/219 227/9/219
f 232/10/220 236/11/220 238/12/220
f 233/13/221 236/14/221 235/15/221
f 238/16/222 237/17/222 234/18/222
f 239/19/223 243/20/223 245/21/223
f 244/22/224 242/23/224 240/24/224
f 241/25/225 243/26/225 244/22/225
f 246/76/226 250/28/226 252/29/226
f 247/30/227 250/31/227 249/32/227
f 252/33/228 251/34/228 248/35/228
f 253/36/229 257/37/229 259/38/229
f 258/39/230 256/40/230 254/41/230
f 255/42/231 257/37/231 258/39/231
f 260/43/232 264/44/232 266/45/232
f 261/46/233 264/44/233 263/47/233
f 266/45/234 265/48/234 262/49/234
f 267/50/235 271/51/235 273/52/235
f 268/53/236 271/51/236 270/54/236
f 273/52/237 272/55/237 269/56/237
f 274/57/238 278/58/238 280/59/238
f 279/60/239 277/61/239 275/62/239
f 276/89/240 278/58/240 279/60/240
f 225/1/241 242/64/241 239/19/241
f 231/7/242 240/24/242 242/23/242
f 232/10/243 230/65/243 226/4/243
f 230/8/244 234/18/244 227/9/244
f 246/76/245 237/66/245 233/13/245
f 252/33/246 234/18/246 237/17/246
f 241/25/247 251/34/247 247/30/247
f 244/22/248 248/35/248 251/34/248
f 239/19/249 270/54/249 267/50/249
f 245/67/250 268/53/250 270/54/250
f 246/76/251 280/59/251 249/68/251
f 249/32/252 276/89/252 247/30/252
f 269/56/253 279/60/253 275/62/253
f 272/55/254 276/89/254 279/60/254
f 253/36/255 273/52/255 256/40/255
f 273/52/256 254/41/256 256/40/256
f 274/57/257 266/45/257 277/61/257
f 277/61/258 262/49/258 275/62/258
f 255/42/259 265/48/259 261/46/259
f 258/39/260 262/49/260 265/48/260
f 253/36/261 228/69/261 225/1/261
f 259/38/262 226/4/262 228/6/262
f 233/13/263 263/47/263 260/43/263
f 235/70/264 261/46/264 263/47/264
f 267/50/265 225/1/265 239/19/265
f 234/18/266 240/24/266 227/9/266
f 261/46/267 226/4/267 255/42/267
f 274/57/268 233/13/268 260/43/268
f 241/25/269 276/89/269 268/53/269
f 269/56/270 262/49/270 254/41/270
f 281/1/271 285/2/271 287/3/271
f 282/4/272 285/5/272 284/6/272
f 287/7/273 286/8/273 283/9/273
f 288/10/274 292/11/274 294/12/274
f 289/13/275 292/14/275 291/15/275
f 294/16/276 293/17/276 290/18/276
f 295/73/277 299/20/277 301/21/277
f 300/22/278 298/23/278 296/74/278
f 297/25/279 299/26/279 300/22/279
f 302/92/280 306/28/280 308/29/280
f 303/30/281 306/31/281 305/32/281
f 308/33/282 307/34/282 304/35/282
f 309/36/283 313/37/283 315/38/283
f 314/39/284 312/40/284 310/41/284
f 311/85/285 313/37/285 314/39/285
f 316/43/286 320/44/286 322/45/286
f 317/46/287 320/44/287 319/47/287
f 322/45/288 321/48/288 318/49/288
f 323/50/289 327/51/289 329/52/289
f 324/53/290 327/51/290 326/54/290
f 329/52/291 328/55/291 325/56/291
f 330/57/292 334/58/292 336/59/292
f 335/60/293 333/61/293 331/62/293
f 332/63/294 334/58/294 335/60/294
f 281/1/295 298/64/295 295/73/295
f 287/7/296 296/74/296 298/23/296
f 282/4/297 294/12/297 286/65/297
f 286/8/298 290/18/298 283/9/298
f 302/92/299 293/66/299 289/13/299
f 308/33/300 290/18/300 293/17/300
f 303/30/301 300/22/301 307/34/301
f 300/22/302 304/35/302 307/34/302
f 295/73/303 326/54/303 323/50/303
f 326/54/304 297/25/304 324/53/304
f 330/57/305 305/68/305 302/92/305
f 336/59/306 303/30/306 305/32/306
f 331/62/307 328/55/307 335/60/307
f 335/60/308 324/53/308 332/63/308
f 323/50/309 312/40/309 309/36/309
f 312/40/310 325/56/310 310/41/310
f 330/57/311 322/45/311 333/61/311
f 333/61/312 318/49/312 331/62/312
f 311/85/313 321/48/313 317/46/313
f 321/48/314 310/41/314 318/49/314
f 309/36/315 284/69/315 281/1/315
f 284/6/316 311/85/316 282/4/316
f 316/43/317 291/15/317 319/47/317
f 291/70/318 317/46/318 319/47/318
f 323/50/319 281/1/319 295/73/319
f 290/18/320 296/74/320 283/9/320
f 317/46/321 282/4/321 311/85/321
f 302/92/322 316/43/322 330/57/322
f 303/30/323 324/53/323 297/25/323
f 325/56/324 318/49/324 310/41/324
f 340/69/325 343/3/325 337/1/325
f 338/4/326 341/5/326 340/6/326
f 339/9/327 341/71/327 342/8/327
f 344/10/328 348/11/328 350/12/328
f 349/66/329 347/15/329 345/13/329
f 346/18/330 348/72/330 349/17/330
f 354/64/331 357/21/331 351/73/331
f 352/74/332 355/26/332 354/23/332
f 353/25/333 355/26/333 356/75/333
f 361/68/334 364/29/334 358/76/334
f 359/30/335 362/31/335 361/32/335
f 360/77/336 362/31/336 363/34/336
f 368/40/337 371/38/337 365/36/337
f 366/78/338 369/37/338 368/40/338
f 367/42/339 369/37/339 370/39/339
f 375/47/340 378/45/340 372/43/340
f 373/79/341 376/44/341 375/47/341
f 374/80/342 376/44/342 377/48/342
f 382/54/343 385/52/343 379/81/343
f 380/53/344 383/51/344 382/54/344
f 381/56/345 383/51/345 384/55/345
f 389/61/346 392/59/346 386/57/346
f 387/62/347 390/58/347 389/61/347
f 388/63/348 390/58/348 391/60/348
f 337/1/349 354/64/349 351/73/349
f 343/7/350 352/74/350 354/23/350
f 344/10/351 342/65/351 338/4/351
f 350/16/352 339/9/352 342/8/352
f 345/13/353 364/29/353 349/66/353
f 364/33/354 346/18/354 349/17/354
f 353/25/355 363/34/355 359/30/355
f 356/75/356 360/77/356 363/34/356
f 351/73/357 382/54/357 379/81/357
f 357/67/358 380/53/358 382/54/358
f 386/57/359 361/68/359 358/76/359
f 392/59/360 359/30/360 361/32/360
f 387/62/361 384/55/361 391/60/361
f 384/55/362 388/63/362 391/60/362
f 379/81/363 368/40/363 365/36/363
f 385/52/364 366/78/364 368/40/364
f 372/43/365 389/61/365 386/57/365
f 389/61/366 374/80/366 387/62/366
f 367/42/367 377/48/367 373/79/367
f 377/48/368 366/78/368 374/80/368
f 365/36/369 340/69/369 337/1/369
f 340/6/370 367/42/370 338/4/370
f 372/43/371 347/15/371 375/47/371
f 347/70/372 373/79/372 375/47/372
f 379/81/373 337/1/373 351/73/373
f 339/9/374 360/77/374 352/74/374
f 373/79/375 338/4/375 367/42/375
f 386/57/376 345/13/376 372/43/376
f 359/30/377 380/53/377 353/25/377
f 387/62/378 366/78/378 381/56/378
f 396/69/379 399/3/379 393/1/379
f 394/4/380 397/5/380 396/6/380
f 395/9/381 397/71/381 398/8/381
f 400/10/382 404/11/382 406/12/382
f 405/66/383 403/15/383 401/13/383
f 402/82/384 404/72/384 405/17/384
f 410/64/385 413/21/385 407/19/385
f 408/24/386 411/26/386 410/23/386
f 409/83/387 411/26/387 412/75/387
f 417/68/388 420/29/388 414/76/388
f 415/30/389 418/31/389 417/32/389
f 416/77/390 418/31/390 419/34/390
f 424/40/391 427/38/391 421/84/391
f 422/78/392 425/37/392 424/40/392
f 423/85/393 425/37/393 426/39/393
f 431/47/394 434/86/394 428/43/394
f 429/79/395 432/44/395 431/47/395
f 430/87/396 432/44/396 433/48/396
f 438/54/397 441/52/397 435/81/397
f 436/53/398 439/51/398 438/54/398
f 437/56/399 439/51/399 440/55/399
f 445/61/400 448/88/400 442/57/400
f 443/62/401 446/58/401 445/61/401
f 444/89/402 446/58/402 447/60/402
f 407/19/403 399/3/403 410/64/403
f 410/23/404 395/9/404 408/24/404
f 394/4/405 406/12/405 398/65/405
f 406/16/406 395/9/406 398/8/406
f 414/76/407 405/66/407 401/13/407
f 420/33/408 402/82/408 405/17/408
f 409/83/409 419/34/409 415/30/409
f 412/75/410 416/77/410 419/34/410
f 435/81/411 413/21/411 438/54/411
f 413/67/412 436/53/412 438/54/412
f 414/76/413 448/88/413 417/68/413
f 448/88/414 415/30/414 417/32/414
f 437/56/415 447/60/415 443/62/415
f 447/60/416 436/53/416 444/89/416
f 435/81/417 424/40/417 421/84/417
f 441/52/418 422/78/418 424/40/418
f 442/57/419 434/86/419 445/61/419
f 445/61/420 430/87/420 443/62/420
f 423/85/421 433/48/421 429/79/421
f 426/39/422 430/87/422 433/48/422
f 421/84/423 396/69/423 393/1/423
f 427/38/424 394/4/424 396/6/424
f 401/13/425 431/47/425 428/43/425
f 403/70/426 429/79/426 431/47/426
f 435/81/427 393/1/427 407/19/427
f 402/82/428 408/24/428 395/9/428
f 429/79/429 394/4/429 423/85/429
f 442/57/430 401/13/430 428/43/430
f 415/30/431 436/53/431 409/83/431
f 443/62/432 422/78/432 437/56/432
f 617/1/595 621/2/595 623/3/595
f 618/4/596 621/5/596 620/6/596
f 623/7/597 622/8/597 619/9/597
f 624/10/598 628/11/598 630/12/598
f 625/13/599 628/14/599 627/15/599
f 630/16/600 629/17/600 626/18/600
f 631/19/601 635/20/601 637/21/601
f 636/75/602 634/23/602 632/74/602
f 633/83/603 635/26/603 636/75/603
f 638/27/604 642/28/604 644/29/604
f 639/30/605 642/31/605 641/32/605
f 644/33/606 643/34/606 640/77/606
f 645/36/607 649/37/607 651/38/607
f 650/39/608 648/40/608 646/78/608
f 647/85/609 649/37/609 650/39/609
f 652/43/610 656/44/610 658/86/610
f 653/79/611 656/44/611 655/47/611
f 658/86/612 657/48/612 654/80/612
f 659/50/613 663/51/613 665/52/613
f 660/53/614 663/51/614 662/54/614
f 665/52/615 664/55/615 661/56/615
f 666/57/616 670/58/616 672/88/616
f 671/60/617 669/61/617 667/62/617
f 668/89/618 670/58/618 671/60/618
f 617/1/619 634/64/619 631/19/619
f 623/7/620 632/74/620 634/23/620
f 624/10/621 622/65/621 618/4/621
f 622/8/622 626/18/622 619/9/622
f 638/27/623 629/66/623 625/13/623
f 644/33/624 626/18/624 629/17/624
f 639/30/625 636/75/625 643/34/625
f 636/75/626 640/77/626 643/34/626
f 659/50/627 637/21/627 662/54/627
f 637/67/628 660/53/628 662/54/628
f 638/27/629 672/88/629 641/68/629
f 672/88/630 639/30/630 641/32/630
f 661/56/631 671/60/631 667/62/631
f 664/55/632 668/89/632 671/60/632
f 645/36/633 665/52/633 648/40/633
f 665/52/634 646/78/634 648/40/634
f 666/57/635 658/86/635 669/61/635
f 669/61/636 654/80/636 667/62/636
f 653/79/637 650/39/637 657/48/637
f 650/39/638 654/80/638 657/48/638
f 645/36/639 620/69/639 617/1/639
f 620/6/640 647/85/640 618/4/640
f 625/13/641 655/47/641 652/43/641
f 627/70/642 653/79/642 655/47/642
f 659/50/643 617/1/643 631/19/643
f 626/18/644 632/74/644 619/9/644
f 653/79/645 618/4/645 647/85/645
f 638/27/646 652/43/646 666/57/646
f 639/30/647 660/53/647 633/83/647
f 661/56/648 654/80/648 646/78/648
f 673/1/649 677/2/649 679/3/649
f 674/4/650 677/5/650 676/6/650
f 679/7/651 678/8/651 675/9/651
f 680/10/652 684/11/652 686/12/652
f 681/13/653 684/14/653 683/15/653
f 686/16/654 685/17/654 682/18/654
f 687/19/655 691/20/655 693/21/655
f 692/75/656 690/23/656 688/24/656
f 689/25/657 691/26/657 692/75/657
f 694/27/658 698/28/658 700/29/658
f 695/30/659 698/31/659 697/32/659
f 700/33/660 699/34/660 696/35/660
f 701/36/661 705/37/661 707/38/661
f 706/39/662 704/40/662 702/78/662
f 703/85/663 705/37/663 706/39/663
f 708/43/664 712/44/664 714/86/664
f 709/46/665 712/44/665 711/47/665
f 714/86/666 713/48/666 710/87/666
f 715/50/667 719/51/667 721/52/667
f 716/53/668 719/51/668 718/54/668
f 721/52/669 720/55/669 717/56/669
f 722/57/670 726/58/670 728/88/670
f 727/60/671 725/61/671 723/62/671
f 724/89/672 726/58/672 727/60/672
f 673/1/673 690/64/673 687/19/673
f 690/23/674 675/9/674 688/24/674
f 674/4/675 686/12/675 678/65/675
f 686/16/676 675/9/676 678/8/676
f 694/27/677 685/66/677 681/13/677
f 685/17/678 696/35/678 682/18/678
f 689/25/679 699/34/679 695/30/679
f 692/75/680 696/35/680 699/34/680
f 687/19/681 718/54/681 715/50/681
f 693/67/682 716/53/682 718/54/682
f 722/57/683 697/68/683 694/27/683
f 728/88/684 695/30/684 697/32/684
f 717/56/685 727/60/685 723/62/685
f 720/55/686 724/89/686 727/60/686
f 701/36/687 721/52/687 704/40/687
f 721/52/688 702/78/688 704/40/688
f 708/43/689 725/61/689 722/57/689
f 714/86/690 723/62/690 725/61/690
f 703/85/691 713/48/691 709/46/691
f 713/48/692 702/78/692 710/87/692
f 701/36/693 676/69/693 673/1/693
f 707/38/694 674/4/694 676/6/694
f 681/13/695 711/47/695 708/43/695
f 683/70/696 709/46/696 711/47/696
f 715/50/697 673/1/697 687/19/697
f 675/9/698 696/35/698 688/24/698
f 709/46/699 674/4/699 703/85/699
f 694/27/700 708/43/700 722/57/700
f 695/30/701 716/53/701 689/25/701
f 717/56/702 710/87/702 702/78/702
f 729/1/703 733/2/703 735/3/703
f 734/65/704 732/6/704 730/4/704
f 731/9/705 733/71/705 734/8/705
f 739/70/706 742/12/706 736/10/706
f 737/93/707 740/14/707 739/15/707
f 738/18/708 740/72/708 741/17/708
f 743/19/709 747/20/709 749/21/709
f 744/24/710 747/26/710 746/23/710
f 749/67/711 748/22/711 745/83/711
f 750/76/712 754/28/712 756/29/712
f 755/34/713 753/32/713 751/91/713
f 752/35/714 754/31/714 755/34/714
f 757/36/715 761/37/715 763/38/715
f 758/78/716 761/37/716 760/40/716
f 763/38/717 762/39/717 759/42/717
f 764/43/718 768/44/718 770/86/718
f 769/48/719 767/47/719 765/46/719
f 766/87/720 768/44/720 769/48/720
f 771/81/721 775/51/721 777/52/721
f 776/55/722 774/54/722 772/53/722
f 773/56/723 775/51/723 776/55/723
f 778/57/724 782/58/724 784/59/724
f 779/62/725 782/58/725 781/61/725
f 784/59/726 783/60/726 780/89/726
f 743/19/727 735/3/727 746/64/727
f 735/7/728 744/24/728 746/23/728
f 730/4/729 742/12/729 734/65/729
f 742/16/730 731/9/730 734/8/730
f 750/76/731 741/66/731 737/93/731
f 756/33/732 738/18/732 741/17/732
f 745/83/733 755/34/733 751/91/733
f 748/22/734 752/35/734 755/34/734
f 743/19/735 774/54/735 771/81/735
f 749/67/736 772/53/736 774/54/736
f 750/76/737 784/59/737 753/68/737
f 784/59/738 751/91/738 753/32/738
f 779/62/739 776/55/739 783/60/739
f 776/55/740 780/89/740 783/60/740
f 757/36/741 777/52/741 760/40/741
f 777/52/742 758/78/742 760/40/742
f 778/57/743 770/86/743 781/61/743
f 770/86/744 779/62/744 781/61/744
f 765/46/745 762/39/745 769/48/745
f 769/48/746 758/78/746 766/87/746
f 757/36/747 732/69/747 729/1/747
f 732/6/748 759/42/748 730/4/748
f 737/93/749 767/47/749 764/43/749
f 767/47/750 736/10/750 765/46/750
f 771/81/751 729/1/751 743/19/751
f 738/18/752 744/24/752 731/9/752
f 765/46/753 730/4/753 759/42/753
f 750/76/754 764/43/754 778/57/754
f 745/83/755 780/89/755 772/53/755
f 779/62/756 758/78/756 773/56/756
f 785/1/757 789/2/757 791/3/757
f 790/65/758 788/6/758 786/4/758
f 787/9/759 789/71/759 790/8/759
f 795/70/760 798/12/760 792/10/760
f 793/13/761 796/14/761 795/15/761
f 794/18/762 796/72/762 797/17/762
f 799/73/763 803/20/763 805/21/763
f 800/74/764 803/26/764 802/23/764
f 805/67/765 804/22/765 801/25/765
f 806/92/766 810/28/766 812/29/766
f 811/34/767 809/32/767 807/30/767
f 808/35/768 810/31/768 811/34/768
f 813/36/769 817/37/769 819/38/769
f 814/41/770 817/37/770 816/40/770
f 819/38/771 818/39/771 815/85/771
f 820/43/772 824/44/772 826/45/772
f 825/48/773 823/47/773 821/46/773
f 822/49/774 824/44/774 825/48/774
f 827/50/775 831/51/775 833/52/775
f 832/55/776 830/54/776 828/53/776
f 829/56/777 831/51/777 832/55/777
f 834/57/778 838/58/778 840/59/778
f 835/62/779 838/58/779 837/61/779
f 840/59/780 839/60/780 836/63/780
f 785/1/781 802/64/781 799/73/781
f 791/7/782 800/74/782 802/23/782
f 786/4/783 798/12/783 790/65/783
f 798/16/784 787/9/784 790/8/784
f 793/13/785 812/29/785 797/66/785
f 812/33/786 794/18/786 797/17/786
f 807/30/787 804/22/787 811/34/787
f 811/34/788 800/74/788 808/35/788
f 827/50/789 805/21/789 830/54/789
f 830/54/790 801/25/790 828/53/790
f 834/57/791 809/68/791 806/92/791
f 809/32/792 836/63/792 807/30/792
f 829/56/793 839/60/793 835/62/793
f 832/55/794 836/63/794 839/60/794
f 827/50/795 816/40/795 813/36/795
f 833/52/796 814/41/796 816/40/796
f 820/43/797 837/61/797 834/57/797
f 826/45/798 835/62/798 837/61/798
f 815/85/799 825/48/799 821/46/799
f 825/48/800 814/41/800 822/49/800
f 813/36/801 788/69/801 785/1/801
f 788/6/802 815/85/802 786/4/802
f 793/13/803 823/47/803 820/43/803
f 795/70/804 821/46/804 823/47/804
f 827/50/805 785/1/805 799/73/805
f 794/18/806 800/74/806 787/9/806
f 821/46/807 786/4/807 815/85/807
f 806/92/808 820/43/808 834/57/808
f 801/25/809 836/63/809 828/53/809
f 835/62/810 814/41/810 829/56/810
f 60/69/1213 61/2/1213 63/3/1213
f 58/4/1214 62/65/1214 61/5/1214
f 59/9/1215 63/7/1215 61/71/1215
f 64/10/1216 67/70/1216 68/11/1216
f 69/66/1217 68/14/1217 67/15/1217
f 66/18/1218 70/16/1218 68/72/1218
f 74/64/1219 75/20/1219 77/21/1219
f 72/74/1220 76/75/1220 75/26/1220
f 73/25/1221 77/67/1221 75/26/1221
f 81/68/1222 82/28/1222 84/29/1222
f 79/30/1223 83/34/1223 82/31/1223
f 80/77/1224 84/33/1224 82/31/1224
f 88/40/1225 89/37/1225 91/38/1225
f 86/78/1226 90/39/1226 89/37/1226
f 87/42/1227 91/38/1227 89/37/1227
f 95/47/1228 96/44/1228 98/45/1228
f 93/79/1229 97/48/1229 96/44/1229
f 94/80/1230 98/45/1230 96/44/1230
f 102/54/1231 103/51/1231 105/52/1231
f 100/53/1232 104/55/1232 103/51/1232
f 101/56/1233 105/52/1233 103/51/1233
f 109/61/1234 110/58/1234 112/59/1234
f 107/62/1235 111/60/1235 110/58/1235
f 108/63/1236 112/59/1236 110/58/1236
f 57/1/79 63/3/79 74/64/79
f 63/7/80 59/9/80 72/74/80
f 58/4/1237 64/10/1237 70/12/1237
f 70/16/82 66/18/82 59/9/82
f 78/76/83 84/29/83 69/66/83
f 84/33/84 80/77/84 66/18/84
f 73/25/1238 76/75/1238 83/34/1238
f 83/34/86 76/75/86 72/74/86
f 71/73/87 77/21/87 102/54/87
f 77/67/88 73/25/88 100/53/88
f 106/57/89 112/59/89 81/68/89
f 81/32/90 112/59/90 108/63/90
f 101/56/91 104/55/91 111/60/91
f 104/55/92 100/53/92 108/63/92
f 99/81/93 105/52/93 88/40/93
f 105/52/94 101/56/94 86/78/94
f 92/43/95 98/45/95 109/61/95
f 109/61/96 98/45/96 94/80/96
f 87/42/97 90/39/97 97/48/97
f 90/39/98 86/78/98 94/80/98
f 85/36/99 91/38/99 60/69/99
f 60/6/100 91/38/100 87/42/100
f 65/13/101 67/15/101 95/47/101
f 67/70/102 64/10/102 93/79/102
f 99/81/103 85/36/103 57/1/103
f 59/9/104 66/18/104 80/77/104
f 93/79/105 64/10/105 58/4/105
f 78/76/106 65/13/106 92/43/106
f 73/25/107 79/30/107 108/63/107
f 107/62/108 94/80/108 86/78/108
f 116/69/1239 117/2/1239 119/3/1239
f 114/4/1240 118/65/1240 117/5/1240
f 115/9/1241 119/7/1241 117/71/1241
f 120/10/1242 123/70/1242 124/11/1242
f 125/66/1243 124/14/1243 123/15/1243
f 122/82/1244 126/16/1244 124/72/1244
f 130/64/1245 131/20/1245 133/21/1245
f 128/24/1246 132/75/1246 131/26/1246
f 129/83/1247 133/67/1247 131/26/1247
f 137/68/1248 138/28/1248 140/29/1248
f 135/30/1249 139/34/1249 138/31/1249
f 136/77/1250 140/33/1250 138/31/1250
f 144/40/1251 145/37/1251 147/38/1251
f 142/78/1252 146/39/1252 145/37/1252
f 143/85/1253 147/38/1253 145/37/1253
f 151/47/1254 152/44/1254 154/86/1254
f 149/79/1255 153/48/1255 152/44/1255
f 150/87/1256 154/86/1256 152/44/1256
f 158/54/1257 159/51/1257 161/52/1257
f 156/53/1258 160/55/1258 159/51/1258
f 157/56/1259 161/52/1259 159/51/1259
f 165/61/1260 166/58/1260 168/88/1260
f 163/62/1261 167/60/1261 166/58/1261
f 164/89/1262 168/88/1262 166/58/1262
f 127/19/133 113/1/133 119/3/133
f 130/23/134 119/7/134 115/9/134
f 114/4/1263 120/10/1263 126/12/1263
f 126/16/136 122/82/136 115/9/136
f 134/76/137 140/29/137 125/66/137
f 125/17/138 140/33/138 136/77/138
f 129/83/1264 132/75/1264 139/34/1264
f 132/75/140 128/24/140 136/77/140
f 127/19/141 133/21/141 158/54/141
f 133/67/142 129/83/142 156/53/142
f 162/57/143 168/88/143 137/68/143
f 168/88/144 164/89/144 135/30/144
f 157/56/1265 160/55/1265 167/60/1265
f 167/60/1266 160/55/1266 156/53/1266
f 155/81/147 161/52/147 144/40/147
f 161/52/148 157/56/148 142/78/148
f 148/43/149 154/86/149 165/61/149
f 165/61/150 154/86/150 150/87/150
f 143/85/151 146/39/151 153/48/151
f 153/48/152 146/39/152 142/78/152
f 113/1/153 141/84/153 147/38/153
f 147/38/154 143/85/154 114/4/154
f 148/43/155 121/13/155 123/15/155
f 151/47/156 123/70/156 120/10/156
f 155/81/157 141/84/157 113/1/157
f 122/82/158 136/77/158 128/24/158
f 149/79/159 120/10/159 114/4/159
f 134/76/160 121/13/160 148/43/160
f 129/83/161 135/30/161 164/89/161
f 163/62/162 150/87/162 142/78/162
f 169/90/1267 172/69/1267 173/2/1267
f 170/4/1268 174/65/1268 173/5/1268
f 171/9/1269 175/7/1269 173/71/1269
f 176/10/1270 179/70/1270 180/11/1270
f 177/13/1271 181/66/1271 180/14/1271
f 178/18/1272 182/16/1272 180/72/1272
f 183/73/1273 186/64/1273 187/20/1273
f 184/24/1274 188/75/1274 187/26/1274
f 185/83/1275 189/67/1275 187/26/1275
f 190/27/1276 193/68/1276 194/28/1276
f 191/91/1277 195/34/1277 194/31/1277
f 192/35/1278 196/33/1278 194/31/1278
f 197/36/1279 200/40/1279 201/37/1279
f 198/78/1280 202/39/1280 201/37/1280
f 199/85/1281 203/38/1281 201/37/1281
f 204/43/1282 207/47/1282 208/44/1282
f 205/79/1283 209/48/1283 208/44/1283
f 206/87/1284 210/86/1284 208/44/1284
f 211/50/1285 214/54/1285 215/51/1285
f 212/53/1286 216/55/1286 215/51/1286
f 213/56/1287 217/52/1287 215/51/1287
f 218/57/1288 221/61/1288 222/58/1288
f 219/62/1289 223/60/1289 222/58/1289
f 220/89/1290 224/59/1290 222/58/1290
f 169/90/187 175/3/187 186/64/187
f 175/7/188 171/9/188 184/24/188
f 170/4/189 176/10/189 182/12/189
f 182/16/190 178/18/190 171/9/190
f 190/27/191 196/29/191 181/66/191
f 196/33/192 192/35/192 178/18/192
f 185/83/193 188/75/193 195/34/193
f 188/75/194 184/24/194 192/35/194
f 183/73/195 189/21/195 214/54/195
f 189/67/196 185/83/196 212/53/196
f 218/57/197 224/59/197 193/68/197
f 224/59/198 220/89/198 191/91/198
f 213/56/199 216/55/199 223/60/199
f 216/55/200 212/53/200 220/89/200
f 211/50/201 217/52/201 200/40/201
f 200/40/202 217/52/202 213/56/202
f 218/57/1291 204/43/1291 210/86/1291
f 210/86/204 206/87/204 219/62/204
f 199/85/205 202/39/205 209/48/205
f 202/39/206 198/78/206 206/87/206
f 169/90/207 197/36/207 203/38/207
f 172/6/1292 203/38/1292 199/85/1292
f 177/13/209 179/15/209 207/47/209
f 179/70/210 176/10/210 205/79/210
f 183/73/211 211/50/211 197/36/211
f 171/9/212 178/18/212 192/35/212
f 205/79/213 176/10/213 170/4/213
f 218/57/214 190/27/214 177/13/214
f 185/83/215 191/91/215 220/89/215
f 213/56/216 219/62/216 206/87/216
f 225/1/1293 228/69/1293 229/2/1293
f 226/4/1294 230/65/1294 229/5/1294
f 231/7/1295 229/71/1295 230/8/1295
f 232/10/1296 235/70/1296 236/11/1296
f 233/13/1297 237/66/1297 236/14/1297
f 238/16/1298 236/72/1298 237/17/1298
f 239/19/1299 242/64/1299 243/20/1299
f 244/22/1300 243/26/1300 242/23/1300
f 241/25/1301 245/67/1301 243/26/1301
f 246/76/1302 249/68/1302 250/28/1302
f 247/30/1303 251/34/1303 250/31/1303
f 252/33/1304 250/31/1304 251/34/1304
f 253/36/1305 256/40/1305 257/37/1305
f 258/39/1306 257/37/1306 256/40/1306
f 255/42/1307 259/38/1307 257/37/1307
f 260/43/1308 263/47/1308 264/44/1308
f 261/46/1309 265/48/1309 264/44/1309
f 266/45/1310 264/44/1310 265/48/1310
f 267/50/1311 270/54/1311 271/51/1311
f 268/53/1312 272/55/1312 271/51/1312
f 273/52/1313 271/51/1313 272/55/1313
f 274/57/1314 277/61/1314 278/58/1314
f 279/60/1315 278/58/1315 277/61/1315
f 276/89/1316 280/59/1316 278/58/1316
f 225/1/241 231/3/241 242/64/241
f 231/7/242 227/9/242 240/24/242
f 232/10/243 238/12/243 230/65/243
f 230/8/244 238/16/244 234/18/244
f 246/76/245 252/29/245 237/66/245
f 252/33/246 248/35/246 234/18/246
f 241/25/247 244/22/247 251/34/247
f 244/22/248 240/24/248 248/35/248
f 239/19/249 245/21/249 270/54/249
f 245/67/250 241/25/250 268/53/250
f 246/76/251 274/57/251 280/59/251
f 249/32/1317 280/59/1317 276/89/1317
f 269/56/253 272/55/253 279/60/253
f 272/55/254 268/53/254 276/89/254
f 253/36/255 267/50/255 273/52/255
f 273/52/1318 269/56/1318 254/41/1318
f 274/57/257 260/43/257 266/45/257
f 277/61/258 266/45/258 262/49/258
f 255/42/1319 258/39/1319 265/48/1319
f 258/39/260 254/41/260 262/49/260
f 253/36/261 259/38/261 228/69/261
f 259/38/1320 255/42/1320 226/4/1320
f 233/13/263 235/15/263 263/47/263
f 235/70/264 232/10/264 261/46/264
f 267/50/265 253/36/265 225/1/265
f 234/18/266 248/35/266 240/24/266
f 261/46/267 232/10/267 226/4/267
f 274/57/268 246/76/268 233/13/268
f 241/25/269 247/30/269 276/89/269
f 269/56/270 275/62/270 262/49/270
f 281/1/1321 284/69/1321 285/2/1321
f 282/4/1322 286/65/1322 285/5/1322
f 287/7/1323 285/71/1323 286/8/1323
f 288/10/1324 291/70/1324 292/11/1324
f 289/13/1325 293/66/1325 292/14/1325
f 294/16/1326 292/72/1326 293/17/1326
f 295/73/1327 298/64/1327 299/20/1327
f 300/22/1328 299/26/1328 298/23/1328
f 297/25/1329 301/67/1329 299/26/1329
f 302/92/1330 305/68/1330 306/28/1330
f 303/30/1331 307/34/1331 306/31/1331
f 308/33/1332 306/31/1332 307/34/1332
f 309/36/1333 312/40/1333 313/37/1333
f 314/39/1334 313/37/1334 312/40/1334
f 311/85/1335 315/38/1335 313/37/1335
f 316/43/1336 319/47/1336 320/44/1336
f 317/46/1337 321/48/1337 320/44/1337
f 322/45/1338 320/44/1338 321/48/1338
f 323/50/1339 326/54/1339 327/51/1339
f 324/53/1340 328/55/1340 327/51/1340
f 329/52/1341 327/51/1341 328/55/1341
f 330/57/1342 333/61/1342 334/58/1342
f 335/60/1343 334/58/1343 333/61/1343
f 332/63/1344 336/59/1344 334/58/1344
f 281/1/295 287/3/295 298/64/295
f 287/7/1345 283/9/1345 296/74/1345
f 282/4/297 288/10/297 294/12/297
f 286/8/298 294/16/298 290/18/298
f 302/92/299 308/29/299 293/66/299
f 308/33/300 304/35/300 290/18/300
f 303/30/301 297/25/301 300/22/301
f 300/22/302 296/74/302 304/35/302
f 295/73/303 301/21/303 326/54/303
f 326/54/304 301/67/304 297/25/304
f 330/57/305 336/59/305 305/68/305
f 336/59/1346 332/63/1346 303/30/1346
f 331/62/307 325/56/307 328/55/307
f 335/60/308 328/55/308 324/53/308
f 323/50/309 329/52/309 312/40/309
f 312/40/310 329/52/310 325/56/310
f 330/57/311 316/43/311 322/45/311
f 333/61/1347 322/45/1347 318/49/1347
f 311/85/313 314/39/313 321/48/313
f 321/48/314 314/39/314 310/41/314
f 309/36/315 315/38/315 284/69/315
f 284/6/1348 315/38/1348 311/85/1348
f 316/43/317 289/13/317 291/15/317
f 291/70/318 288/10/318 317/46/318
f 323/50/319 309/36/319 281/1/319
f 290/18/320 304/35/320 296/74/320
f 317/46/321 288/10/321 282/4/321
f 302/92/322 289/13/322 316/43/322
f 303/30/323 332/63/323 324/53/323
f 325/56/324 331/62/324 318/49/324
f 340/69/1349 341/2/1349 343/3/1349
f 338/4/1350 342/65/1350 341/5/1350
f 339/9/1351 343/7/1351 341/71/1351
f 344/10/1352 347/70/1352 348/11/1352
f 349/66/1353 348/14/1353 347/15/1353
f 346/18/1354 350/16/1354 348/72/1354
f 354/64/1355 355/20/1355 357/21/1355
f 352/74/1356 356/75/1356 355/26/1356
f 353/25/1357 357/67/1357 355/26/1357
f 361/68/1358 362/28/1358 364/29/1358
f 359/30/1359 363/34/1359 362/31/1359
f 360/77/1360 364/33/1360 362/31/1360
f 368/40/1361 369/37/1361 371/38/1361
f 366/78/1362 370/39/1362 369/37/1362
f 367/42/1363 371/38/1363 369/37/1363
f 375/47/1364 376/44/1364 378/45/1364
f 373/79/1365 377/48/1365 376/44/1365
f 374/80/1366 378/45/1366 376/44/1366
f 382/54/1367 383/51/1367 385/52/1367
f 380/53/1368 384/55/1368 383/51/1368
f 381/56/1369 385/52/1369 383/51/1369
f 389/61/1370 390/58/1370 392/59/1370
f 387/62/1371 391/60/1371 390/58/1371
f 388/63/1372 392/59/1372 390/58/1372
f 337/1/349 343/3/349 354/64/349
f 343/7/1373 339/9/1373 352/74/1373
f 344/10/1374 350/12/1374 342/65/1374
f 350/16/352 346/18/352 339/9/352
f 345/13/353 358/76/353 364/29/353
f 364/33/354 360/77/354 346/18/354
f 353/25/1375 356/75/1375 363/34/1375
f 356/75/356 352/74/356 360/77/356
f 351/73/357 357/21/357 382/54/357
f 357/67/358 353/25/358 380/53/358
f 386/57/359 392/59/359 361/68/359
f 392/59/360 388/63/360 359/30/360
f 387/62/361 381/56/361 384/55/361
f 384/55/1376 380/53/1376 388/63/1376
f 379/81/363 385/52/363 368/40/363
f 385/52/364 381/56/364 366/78/364
f 372/43/365 378/45/365 389/61/365
f 389/61/366 378/45/366 374/80/366
f 367/42/1377 370/39/1377 377/48/1377
f 377/48/368 370/39/368 366/78/368
f 365/36/369 371/38/369 340/69/369
f 340/6/370 371/38/370 367/42/370
f 372/43/371 345/13/371 347/15/371
f 347/70/372 344/10/372 373/79/372
f 379/81/373 365/36/373 337/1/373
f 339/9/374 346/18/374 360/77/374
f 373/79/375 344/10/375 338/4/375
f 386/57/376 358/76/376 345/13/376
f 359/30/377 388/63/377 380/53/377
f 387/62/378 374/80/378 366/78/378
f 396/69/1378 397/2/1378 399/3/1378
f 394/4/1379 398/65/1379 397/5/1379
f 395/9/1380 399/7/1380 397/71/1380
f 400/10/1381 403/70/1381 404/11/1381
f 405/66/1382 404/14/1382 403/15/1382
f 402/82/1383 406/16/1383 404/72/1383
f 410/64/1384 411/20/1384 413/21/1384
f 408/24/1385 412/75/1385 411/26/1385
f 409/83/1386 413/67/1386 411/26/1386
f 417/68/1387 418/28/1387 420/29/1387
f 415/30/1388 419/34/1388 418/31/1388
f 416/77/1389 420/33/1389 418/31/1389
f 424/40/1390 425/37/1390 427/38/1390
f 422/78/1391 426/39/1391 425/37/1391
f 423/85/1392 427/38/1392 425/37/1392
f 431/47/1393 432/44/1393 434/86/1393
f 429/79/1394 433/48/1394 432/44/1394
f 430/87/1395 434/86/1395 432/44/1395
f 438/54/1396 439/51/1396 441/52/1396
f 436/53/1397 440/55/1397 439/51/1397
f 437/56/1398 441/52/1398 439/51/1398
f 445/61/1399 446/58/1399 448/88/1399
f 443/62/1400 447/60/1400 446/58/1400
f 444/89/1401 448/88/1401 446/58/1401
f 407/19/1402 393/1/1402 399/3/1402
f 410/23/404 399/7/404 395/9/404
f 394/4/405 400/10/405 406/12/405
f 406/16/406 402/82/406 395/9/406
f 414/76/1403 420/29/1403 405/66/1403
f 420/33/408 416/77/408 402/82/408
f 409/83/409 412/75/409 419/34/409
f 412/75/410 408/24/410 416/77/410
f 435/81/411 407/19/411 413/21/411
f 413/67/412 409/83/412 436/53/412
f 414/76/413 442/57/413 448/88/413
f 448/88/414 444/89/414 415/30/414
f 437/56/415 440/55/415 447/60/415
f 447/60/416 440/55/416 436/53/416
f 435/81/417 441/52/417 424/40/417
f 441/52/418 437/56/418 422/78/418
f 442/57/1404 428/43/1404 434/86/1404
f 445/61/420 434/86/420 430/87/420
f 423/85/421 426/39/421 433/48/421
f 426/39/422 422/78/422 430/87/422
f 421/84/423 427/38/423 396/69/423
f 427/38/424 423/85/424 394/4/424
f 401/13/1405 403/15/1405 431/47/1405
f 403/70/426 400/10/426 429/79/426
f 435/81/427 421/84/427 393/1/427
f 402/82/428 416/77/428 408/24/428
f 429/79/429 400/10/429 394/4/429
f 442/57/430 414/76/430 401/13/430
f 415/30/431 444/89/431 436/53/431
f 443/62/432 430/87/432 422/78/432
f 617/1/1491 620/69/1491 621/2/1491
f 618/4/1492 622/65/1492 621/5/1492
f 623/7/1493 621/71/1493 622/8/1493
f 624/10/1494 627/70/1494 628/11/1494
f 625/13/1495 629/66/1495 628/14/1495
f 630/16/1496 628/72/1496 629/17/1496
f 631/19/1497 634/64/1497 635/20/1497
f 636/75/1498 635/26/1498 634/23/1498
f 633/83/1499 637/67/1499 635/26/1499
f 638/27/1500 641/68/1500 642/28/1500
f 639/30/1501 643/34/1501 642/31/1501
f 644/33/1502 642/31/1502 643/34/1502
f 645/36/1503 648/40/1503 649/37/1503
f 650/39/1504 649/37/1504 648/40/1504
f 647/85/1505 651/38/1505 649/37/1505
f 652/43/1506 655/47/1506 656/44/1506
f 653/79/1507 657/48/1507 656/44/1507
f 658/86/1508 656/44/1508 657/48/1508
f 659/50/1509 662/54/1509 663/51/1509
f 660/53/1510 664/55/1510 663/51/1510
f 665/52/1511 663/51/1511 664/55/1511
f 666/57/1512 669/61/1512 670/58/1512
f 671/60/1513 670/58/1513 669/61/1513
f 668/89/1514 672/88/1514 670/58/1514
f 617/1/619 623/3/619 634/64/619
f 623/7/620 619/9/620 632/74/620
f 624/10/621 630/12/621 622/65/621
f 622/8/622 630/16/622 626/18/622
f 638/27/623 644/29/623 629/66/623
f 644/33/624 640/77/624 626/18/624
f 639/30/625 633/83/625 636/75/625
f 636/75/1515 632/74/1515 640/77/1515
f 659/50/1516 631/19/1516 637/21/1516
f 637/67/628 633/83/628 660/53/628
f 638/27/1517 666/57/1517 672/88/1517
f 672/88/630 668/89/630 639/30/630
f 661/56/631 664/55/631 671/60/631
f 664/55/632 660/53/632 668/89/632
f 645/36/633 659/50/633 665/52/633
f 665/52/634 661/56/634 646/78/634
f 666/57/635 652/43/635 658/86/635
f 669/61/1518 658/86/1518 654/80/1518
f 653/79/637 647/85/637 650/39/637
f 650/39/1519 646/78/1519 654/80/1519
f 645/36/1520 651/38/1520 620/69/1520
f 620/6/1521 651/38/1521 647/85/1521
f 625/13/641 627/15/641 655/47/641
f 627/70/1522 624/10/1522 653/79/1522
f 659/50/643 645/36/643 617/1/643
f 626/18/644 640/77/644 632/74/644
f 653/79/645 624/10/645 618/4/645
f 638/27/646 625/13/646 652/43/646
f 639/30/647 668/89/647 660/53/647
f 661/56/648 667/62/648 654/80/648
f 673/1/1523 676/69/1523 677/2/1523
f 674/4/1524 678/65/1524 677/5/1524
f 679/7/1525 677/71/1525 678/8/1525
f 680/10/1526 683/70/1526 684/11/1526
f 681/13/1527 685/66/1527 684/14/1527
f 686/16/1528 684/72/1528 685/17/1528
f 687/19/1529 690/64/1529 691/20/1529
f 692/75/1530 691/26/1530 690/23/1530
f 689/25/1531 693/67/1531 691/26/1531
f 694/27/1532 697/68/1532 698/28/1532
f 695/30/1533 699/34/1533 698/31/1533
f 700/33/1534 698/31/1534 699/34/1534
f 701/36/1535 704/40/1535 705/37/1535
f 706/39/1536 705/37/1536 704/40/1536
f 703/85/1537 707/38/1537 705/37/1537
f 708/43/1538 711/47/1538 712/44/1538
f 709/46/1539 713/48/1539 712/44/1539
f 714/86/1540 712/44/1540 713/48/1540
f 715/50/1541 718/54/1541 719/51/1541
f 716/53/1542 720/55/1542 719/51/1542
f 721/52/1543 719/51/1543 720/55/1543
f 722/57/1544 725/61/1544 726/58/1544
f 727/60/1545 726/58/1545 725/61/1545
f 724/89/1546 728/88/1546 726/58/1546
f 673/1/673 679/3/673 690/64/673
f 690/23/1547 679/7/1547 675/9/1547
f 674/4/675 680/10/675 686/12/675
f 686/16/676 682/18/676 675/9/676
f 694/27/1548 700/29/1548 685/66/1548
f 685/17/1549 700/33/1549 696/35/1549
f 689/25/679 692/75/679 699/34/679
f 692/75/1550 688/24/1550 696/35/1550
f 687/19/1551 693/21/1551 718/54/1551
f 693/67/1552 689/25/1552 716/53/1552
f 722/57/683 728/88/683 697/68/683
f 728/88/684 724/89/684 695/30/684
f 717/56/685 720/55/685 727/60/685
f 720/55/686 716/53/686 724/89/686
f 701/36/687 715/50/687 721/52/687
f 721/52/688 717/56/688 702/78/688
f 708/43/689 714/86/689 725/61/689
f 714/86/690 710/87/690 723/62/690
f 703/85/691 706/39/691 713/48/691
f 713/48/692 706/39/692 702/78/692
f 701/36/693 707/38/693 676/69/693
f 707/38/694 703/85/694 674/4/694
f 681/13/1553 683/15/1553 711/47/1553
f 683/70/1554 680/10/1554 709/46/1554
f 715/50/697 701/36/697 673/1/697
f 675/9/698 682/18/698 696/35/698
f 709/46/699 680/10/699 674/4/699
f 694/27/700 681/13/700 708/43/700
f 695/30/701 724/89/701 716/53/701
f 717/56/702 723/62/702 710/87/702
f 729/1/1555 732/69/1555 733/2/1555
f 734/65/1556 733/5/1556 732/6/1556
f 731/9/1557 735/7/1557 733/71/1557
f 739/70/1558 740/11/1558 742/12/1558
f 737/93/1559 741/66/1559 740/14/1559
f 738/18/1560 742/16/1560 740/72/1560
f 743/19/1561 746/64/1561 747/20/1561
f 744/24/1562 748/22/1562 747/26/1562
f 749/67/1563 747/26/1563 748/22/1563
f 750/76/1564 753/68/1564 754/28/1564
f 755/34/1565 754/31/1565 753/32/1565
f 752/35/1566 756/33/1566 754/31/1566
f 757/36/1567 760/40/1567 761/37/1567
f 758/78/1568 762/39/1568 761/37/1568
f 763/38/1569 761/37/1569 762/39/1569
f 764/43/1570 767/47/1570 768/44/1570
f 769/48/1571 768/44/1571 767/47/1571
f 766/87/1572 770/86/1572 768/44/1572
f 771/81/1573 774/54/1573 775/51/1573
f 776/55/1574 775/51/1574 774/54/1574
f 773/56/1575 777/52/1575 775/51/1575
f 778/57/1576 781/61/1576 782/58/1576
f 779/62/1577 783/60/1577 782/58/1577
f 784/59/1578 782/58/1578 783/60/1578
f 743/19/1579 729/1/1579 735/3/1579
f 735/7/728 731/9/728 744/24/728
f 730/4/729 736/10/729 742/12/729
f 742/16/730 738/18/730 731/9/730
f 750/76/1580 756/29/1580 741/66/1580
f 756/33/732 752/35/732 738/18/732
f 745/83/733 748/22/733 755/34/733
f 748/22/1581 744/24/1581 752/35/1581
f 743/19/735 749/21/735 774/54/735
f 749/67/736 745/83/736 772/53/736
f 750/76/737 778/57/737 784/59/737
f 784/59/738 780/89/738 751/91/738
f 779/62/739 773/56/739 776/55/739
f 776/55/740 772/53/740 780/89/740
f 757/36/1582 771/81/1582 777/52/1582
f 777/52/1583 773/56/1583 758/78/1583
f 778/57/743 764/43/743 770/86/743
f 770/86/1584 766/87/1584 779/62/1584
f 765/46/745 759/42/745 762/39/745
f 769/48/746 762/39/746 758/78/746
f 757/36/1585 763/38/1585 732/69/1585
f 732/6/748 763/38/748 759/42/748
f 737/93/749 739/15/749 767/47/749
f 767/47/1586 739/70/1586 736/10/1586
f 771/81/751 757/36/751 729/1/751
f 738/18/752 752/35/752 744/24/752
f 765/46/753 736/10/753 730/4/753
f 750/76/754 737/93/754 764/43/754
f 745/83/755 751/91/755 780/89/755
f 779/62/756 766/87/756 758/78/756
f 785/1/1587 788/69/1587 789/2/1587
f 790/65/1588 789/5/1588 788/6/1588
f 787/9/1589 791/7/1589 789/71/1589
f 795/70/1590 796/11/1590 798/12/1590
f 793/13/1591 797/66/1591 796/14/1591
f 794/18/1592 798/16/1592 796/72/1592
f 799/73/1593 802/64/1593 803/20/1593
f 800/74/1594 804/22/1594 803/26/1594
f 805/67/1595 803/26/1595 804/22/1595
f 806/92/1596 809/68/1596 810/28/1596
f 811/34/1597 810/31/1597 809/32/1597
f 808/35/1598 812/33/1598 810/31/1598
f 813/36/1599 816/40/1599 817/37/1599
f 814/41/1600 818/39/1600 817/37/1600
f 819/38/1601 817/37/1601 818/39/1601
f 820/43/1602 823/47/1602 824/44/1602
f 825/48/1603 824/44/1603 823/47/1603
f 822/49/1604 826/45/1604 824/44/1604
f 827/50/1605 830/54/1605 831/51/1605
f 832/55/1606 831/51/1606 830/54/1606
f 829/56/1607 833/52/1607 831/51/1607
f 834/57/1608 837/61/1608 838/58/1608
f 835/62/1609 839/60/1609 838/58/1609
f 840/59/1610 838/58/1610 839/60/1610
f 785/1/1611 791/3/1611 802/64/1611
f 791/7/782 787/9/782 800/74/782
f 786/4/783 792/10/783 798/12/783
f 798/16/784 794/18/784 787/9/784
f 793/13/1612 806/92/1612 812/29/1612
f 812/33/1613 808/35/1613 794/18/1613
f 807/30/787 801/25/787 804/22/787
f 811/34/788 804/22/788 800/74/788
f 827/50/789 799/73/789 805/21/789
f 830/54/1614 805/67/1614 801/25/1614
f 834/57/791 840/59/791 809/68/791
f 809/32/792 840/59/792 836/63/792
f 829/56/793 832/55/793 839/60/793
f 832/55/794 828/53/794 836/63/794
f 827/50/1615 833/52/1615 816/40/1615
f 833/52/1616 829/56/1616 814/41/1616
f 820/43/1617 826/45/1617 837/61/1617
f 826/45/1618 822/49/1618 835/62/1618
f 815/85/799 818/39/799 825/48/799
f 825/48/1619 818/39/1619 814/41/1619
f 813/36/801 819/38/801 788/69/801
f 788/6/1620 819/38/1620 815/85/1620
f 793/13/803 795/15/803 823/47/803
f 795/70/1621 792/10/1621 821/46/1621
f 827/50/805 813/36/805 785/1/805
f 794/18/806 808/35/806 800/74/806
f 821/46/807 792/10/807 786/4/807
f 806/92/808 793/13/808 820/43/808
f 801/25/809 807/30/809 836/63/809
f 835/62/810 822/49/810 814/41/810
usemtl iron
f 449/90/433 453/2/433 455/3/433
f 450/4/434 453/5/434 452/6/434
f 455/7/435 454/8/435 451/9/435
f 456/10/436 460/11/436 462/12/436
f 457/13/437 460/14/437 459/15/437
f 462/16/438 461/17/438 458/18/438
f 463/73/439 467/20/439 469/21/439
f 468/75/440 466/23/440 464/24/440
f 465/83/441 467/26/441 468/75/441
f 470/27/442 474/28/442 476/29/442
f 471/91/443 474/31/443 473/32/443
f 476/33/444 475/34/444 472/35/444
f 477/36/445 481/37/445 483/38/445
f 482/39/446 480/40/446 478/78/446
f 479/85/447 481/37/447 482/39/447
f 484/43/448 488/44/448 490/86/448
f 485/79/449 488/44/449 487/47/449
f 490/86/450 489/48/450 486/87/450
f 491/50/451 495/51/451 497/52/451
f 492/53/452 495/51/452 494/54/452
f 497/52/453 496/55/453 493/56/453
f 498/57/454 502/58/454 504/59/454
f 503/60/455 501/61/455 499/62/455
f 500/89/456 502/58/456 503/60/456
f 463/73/457 455/3/457 466/64/457
f 455/7/458 464/24/458 466/23/458
f 456/10/459 454/65/459 450/4/459
f 454/8/460 458/18/460 451/9/460
f 457/13/461 476/29/461 461/66/461
f 476/33/462 458/18/462 461/17/462
f 465/83/463 475/34/463 471/91/463
f 475/34/464 464/24/464 472/35/464
f 463/73/465 494/54/465 491/50/465
f 469/67/466 492/53/466 494/54/466
f 470/27/467 504/59/467 473/68/467
f 504/59/468 471/91/468 473/32/468
f 493/56/469 503/60/469 499/62/469
f 503/60/470 492/53/470 500/89/470
f 477/36/471 497/52/471 480/40/471
f 497/52/472 478/78/472 480/40/472
f 498/57/473 490/86/473 501/61/473
f 490/86/474 499/62/474 501/61/474
f 479/85/475 489/48/475 485/79/475
f 482/39/476 486/87/476 489/48/476
f 449/90/477 483/38/477 452/69/477
f 483/38/478 450/4/478 452/6/478
f 457/13/479 487/47/479 484/43/479
f 487/47/480 456/10/480 485/79/480
f 491/50/481 449/90/481 463/73/481
f 458/18/482 464/24/482 451/9/482
f 485/79/483 450/4/483 479/85/483
f 498/57/484 457/13/484 484/43/484
f 471/91/485 492/53/485 465/83/485
f 493/56/486 486/87/486 478/78/486
f 505/1/487 509/2/487 511/3/487
f 506/4/488 509/5/488 508/6/488
f 511/7/489 510/8/489 507/9/489
f 512/10/490 516/11/490 518/12/490
f 513/13/491 516/14/491 515/15/491
f 518/16/492 517/17/492 514/18/492
f 519/19/493 523/20/493 525/21/493
f 524/22/494 522/23/494 520/24/494
f 521/25/495 523/26/495 524/22/495
f 526/76/496 530/28/496 532/29/496
f 527/30/497 530/31/497 529/32/497
f 532/33/498 531/34/498 528/35/498
f 533/36/499 537/37/499 539/38/499
f 538/39/500 536/40/500 534/41/500
f 535/42/501 537/37/501 538/39/501
f 540/43/502 544/44/502 546/45/502
f 541/46/503 544/44/503 543/47/503
f 546/45/504 545/48/504 542/49/504
f 547/50/505 551/51/505 553/52/505
f 548/53/506 551/51/506 550/54/506
f 553/52/507 552/55/507 549/56/507
f 554/57/508 558/58/508 560/59/508
f 559/60/509 557/61/509 555/62/509
f 556/89/510 558/58/510 559/60/510
f 505/1/511 522/64/511 519/19/511
f 522/23/512 507/9/512 520/24/512
f 506/4/513 518/12/513 510/65/513
f 518/16/514 507/9/514 510/8/514
f 513/13/515 532/29/515 517/66/515
f 532/33/516 514/18/516 517/17/516
f 527/30/517 524/22/517 531/34/517
f 531/34/518 520/24/518 528/35/518
f 547/50/519 525/21/519 550/54/519
f 550/54/520 521/25/520 548/53/520
f 554/57/521 529/68/521 526/76/521
f 560/59/522 527/30/522 529/32/522
f 555/62/523 552/55/523 559/60/523
f 559/60/524 548/53/524 556/89/524
f 547/50/525 536/40/525 533/36/525
f 553/52/526 534/41/526 536/40/526
f 554/57/527 546/45/527 557/61/527
f 546/45/528 555/62/528 557/61/528
f 541/46/529 538/39/529 545/48/529
f 538/39/530 542/49/530 545/48/530
f 505/1/531 539/38/531 508/69/531
f 508/6/532 535/42/532 506/4/532
f 540/43/533 515/15/533 543/47/533
f 543/47/534 512/10/534 541/46/534
f 547/50/535 505/1/535 519/19/535
f 507/9/536 528/35/536 520/24/536
f 541/46/537 506/4/537 535/42/537
f 526/76/538 540/43/538 554/57/538
f 521/25/539 556/89/539 548/53/539
f 555/62/540 534/41/540 549/56/540
f 561/90/541 565/2/541 567/3/541
f 562/4/542 565/5/542 564/6/542
f 567/7/543 566/8/543 563/9/543
f 568/10/544 572/11/544 574/12/544
f 569/93/545 572/14/545 571/15/545
f 574/16/546 573/17/546 570/18/546
f 575/73/547 579/20/547 581/21/547
f 580/75/548 578/23/548 576/74/548
f 577/83/549 579/26/549 580/75/549
f 582/76/550 586/28/550 588/29/550
f 583/91/551 586/31/551 585/32/551
f 588/33/552 587/34/552 584/35/552
f 589/94/553 593/37/553 595/38/553
f 594/39/554 592/40/554 590/41/554
f 591/85/555 593/37/555 594/39/555
f 596/43/556 600/44/556 602/45/556
f 597/46/557 600/44/557 599/47/557
f 602/45/558 601/48/558 598/80/558
f 603/50/559 607/51/559 609/52/559
f 604/53/560 607/51/560 606/54/560
f 609/52/561 608/55/561 605/56/561
f 610/95/562 614/58/562 616/59/562
f 615/60/563 613/61/563 611/62/563
f 612/63/564 614/58/564 615/60/564
f 575/73/565 567/3/565 578/64/565
f 578/23/566 563/9/566 576/74/566
f 568/10/567 566/65/567 562/4/567
f 566/8/568 570/18/568 563/9/568
f 582/76/569 573/66/569 569/93/569
f 573/17/570 584/35/570 570/18/570
f 577/83/571 587/34/571 583/91/571
f 587/34/572 576/74/572 584/35/572
f 575/73/573 606/54/573 603/50/573
f 606/54/574 577/83/574 604/53/574
f 610/95/575 585/68/575 582/76/575
f 585/32/576 612/63/576 583/91/576
f 605/56/577 615/60/577 611/62/577
f 608/55/578 612/63/578 615/60/578
f 603/50/579 592/40/579 589/94/579
f 592/40/580 605/56/580 590/41/580
f 596/43/581 613/61/581 610/95/581
f 613/61/582 598/80/582 611/62/582
f 591/85/583 601/48/583 597/46/583
f 594/39/584 598/80/584 601/48/584
f 561/90/585 595/38/585 564/69/585
f 595/38/586 562/4/586 564/6/586
f 569/93/587 599/47/587 596/43/587
f 571/70/588 597/46/588 599/47/588
f 603/50/589 561/90/589 575/73/589
f 563/9/590 584/35/590 576/74/590
f 597/46/591 562/4/591 591/85/591
f 610/95/592 569/93/592 596/43/592
f 583/91/593 604/53/593 577/83/593
f 611/62/594 590/41/594 605/56/594
f 925/90/971 929/2/971 931/3/971
f 926/4/972 929/5/972 928/6/972
f 931/7/973 930/8/973 927/9/973
f 932/10/974 936/11/974 938/12/974
f 933/13/975 936/14/975 935/15/975
f 938/16/976 937/17/976 934/18/976
f 939/73/977 943/20/977 945/21/977
f 944/75/978 942/23/978 940/24/978
f 941/83/979 943/26/979 944/75/979
f 946/27/980 950/28/980 952/29/980
f 947/91/981 950/31/981 949/32/981
f 952/33/982 951/34/982 948/35/982
f 953/36/983 957/37/983 959/38/983
f 958/39/984 956/40/984 954/78/984
f 955/85/985 957/37/985 958/39/985
f 960/43/986 964/44/986 966/86/986
f 961/79/987 964/44/987 963/47/987
f 966/86/988 965/48/988 962/87/988
f 967/50/989 971/51/989 973/52/989
f 968/53/990 971/51/990 970/54/990
f 973/52/991 972/55/991 969/56/991
f 974/57/992 978/58/992 980/59/992
f 979/60/993 977/61/993 975/62/993
f 976/89/994 978/58/994 979/60/994
f 925/90/995 942/64/995 939/73/995
f 931/7/996 940/24/996 942/23/996
f 932/10/997 930/65/997 926/4/997
f 938/16/998 927/9/998 930/8/998
f 946/27/999 937/66/999 933/13/999
f 952/33/1000 934/18/1000 937/17/1000
f 941/83/1001 951/34/1001 947/91/1001
f 951/34/1002 940/24/1002 948/35/1002
f 939/73/1003 970/54/1003 967/50/1003
f 945/67/1004 968/53/1004 970/54/1004
f 974/57/1005 949/68/1005 946/27/1005
f 949/32/1006 976/89/1006 947/91/1006
f 975/62/1007 972/55/1007 979/60/1007
f 972/55/1008 976/89/1008 979/60/1008
f 967/50/1009 956/40/1009 953/36/1009
f 973/52/1010 954/78/1010 956/40/1010
f 974/57/1011 966/86/1011 977/61/1011
f 966/86/1012 975/62/1012 977/61/1012
f 961/79/1013 958/39/1013 965/48/1013
f 958/39/1014 962/87/1014 965/48/1014
f 953/36/1015 928/69/1015 925/90/1015
f 959/38/1016 926/4/1016 928/6/1016
f 960/43/1017 935/15/1017 963/47/1017
f 935/70/1018 961/79/1018 963/47/1018
f 967/50/1019 925/90/1019 939/73/1019
f 927/9/1020 948/35/1020 940/24/1020
f 961/79/1021 926/4/1021 955/85/1021
f 946/27/1022 960/43/1022 974/57/1022
f 941/83/1023 976/89/1023 968/53/1023
f 975/62/1024 954/78/1024 969/56/1024
f 981/1/1025 985/2/1025 987/3/1025
f 982/4/1026 985/5/1026 984/6/1026
f 987/7/1027 986/8/1027 983/9/1027
f 988/10/1028 992/11/1028 994/12/1028
f 989/13/1029 992/14/1029 991/15/1029
f 994/16/1030 993/17/1030 990/18/1030
f 995/19/1031 999/20/1031 1001/21/1031
f 1000/22/1032 998/23/1032 996/24/1032
f 997/25/1033 999/26/1033 1000/22/1033
f 1002/76/1034 1006/28/1034 1008/29/1034
f 1003/30/1035 1006/31/1035 1005/32/1035
f 1008/33/1036 1007/34/1036 1004/35/1036
f 1009/36/1037 1013/37/1037 1015/38/1037
f 1014/39/1038 1012/40/1038 1010/41/1038
f 1011/42/1039 1013/37/1039 1014/39/1039
f 1016/43/1040 1020/44/1040 1022/45/1040
f 1017/46/1041 1020/44/1041 1019/47/1041
f 1022/45/1042 1021/48/1042 1018/49/1042
f 1023/50/1043 1027/51/1043 1029/52/1043
f 1024/53/1044 1027/51/1044 1026/54/1044
f 1029/52/1045 1028/55/1045 1025/56/1045
f 1030/57/1046 1034/58/1046 1036/59/1046
f 1035/60/1047 1033/61/1047 1031/62/1047
f 1032/89/1048 1034/58/1048 1035/60/1048
f 981/1/1049 998/64/1049 995/19/1049
f 998/23/1050 983/9/1050 996/24/1050
f 988/10/1051 986/65/1051 982/4/1051
f 986/8/1052 990/18/1052 983/9/1052
f 989/13/1053 1008/29/1053 993/66/1053
f 993/17/1054 1004/35/1054 990/18/1054
f 997/25/1055 1007/34/1055 1003/30/1055
f 1000/22/1056 1004/35/1056 1007/34/1056
f 995/19/1057 1026/54/1057 1023/50/1057
f 1001/67/1058 1024/53/1058 1026/54/1058
f 1030/57/1059 1005/68/1059 1002/76/1059
f 1005/32/1060 1032/89/1060 1003/30/1060
f 1031/62/1061 1028/55/1061 1035/60/1061
f 1028/55/1062 1032/89/1062 1035/60/1062
f 1009/36/1063 1029/52/1063 1012/40/1063
f 1012/40/1064 1025/56/1064 1010/41/1064
f 1016/43/1065 1033/61/1065 1030/57/1065
f 1022/45/1066 1031/62/1066 1033/61/1066
f 1017/46/1067 1014/39/1067 1021/48/1067
f 1021/48/1068 1010/41/1068 1018/49/1068
f 981/1/1069 1015/38/1069 984/69/1069
f 1015/38/1070 982/4/1070 984/6/1070
f 1016/43/1071 991/15/1071 1019/47/1071
f 991/70/1072 1017/46/1072 1019/47/1072
f 1023/50/1073 981/1/1073 995/19/1073
f 990/18/1074 996/24/1074 983/9/1074
f 1017/46/1075 982/4/1075 1011/42/1075
f 1030/57/1076 989/13/1076 1016/43/1076
f 1003/30/1077 1024/53/1077 997/25/1077
f 1025/56/1078 1018/49/1078 1010/41/1078
f 1037/90/1079 1041/2/1079 1043/3/1079
f 1042/65/1080 1040/6/1080 1038/4/1080
f 1039/9/1081 1041/71/1081 1042/8/1081
f 1047/70/1082 1050/12/1082 1044/10/1082
f 1045/93/1083 1048/14/1083 1047/15/1083
f 1046/18/1084 1048/72/1084 1049/17/1084
f 1051/73/1085 1055/20/1085 1057/21/1085
f 1052/74/1086 1055/26/1086 1054/23/1086
f 1057/67/1087 1056/75/1087 1053/83/1087
f 1058/76/1088 1062/28/1088 1064/29/1088
f 1063/34/1089 1061/32/1089 1059/91/1089
f 1060/35/1090 1062/31/1090 1063/34/1090
f 1065/94/1091 1069/37/1091 1071/38/1091
f 1066/41/1092 1069/37/1092 1068/40/1092
f 1071/38/1093 1070/39/1093 1067/85/1093
f 1072/43/1094 1076/44/1094 1078/45/1094
f 1077/48/1095 1075/47/1095 1073/46/1095
f 1074/80/1096 1076/44/1096 1077/48/1096
f 1079/50/1097 1083/51/1097 1085/52/1097
f 1084/55/1098 1082/54/1098 1080/53/1098
f 1081/56/1099 1083/51/1099 1084/55/1099
f 1086/95/1100 1090/58/1100 1092/59/1100
f 1087/62/1101 1090/58/1101 1089/61/1101
f 1092/59/1102 1091/60/1102 1088/63/1102
f 1037/90/1103 1054/64/1103 1051/73/1103
f 1043/7/1104 1052/74/1104 1054/23/1104
f 1038/4/1105 1050/12/1105 1042/65/1105
f 1042/8/1106 1046/18/1106 1039/9/1106
f 1045/93/1107 1064/29/1107 1049/66/1107
f 1064/33/1108 1046/18/1108 1049/17/1108
f 1059/91/1109 1056/75/1109 1063/34/1109
f 1056/75/1110 1060/35/1110 1063/34/1110
f 1079/50/1111 1057/21/1111 1082/54/1111
f 1057/67/1112 1080/53/1112 1082/54/1112
f 1086/95/1113 1061/68/1113 1058/76/1113
f 1061/32/1114 1088/63/1114 1059/91/1114
f 1087/62/1115 1084/55/1115 1091/60/1115
f 1084/55/1116 1088/63/1116 1091/60/1116
f 1079/50/1117 1068/40/1117 1065/94/1117
f 1085/52/1118 1066/41/1118 1068/40/1118
f 1072/43/1119 1089/61/1119 1086/95/1119
f 1078/45/1120 1087/62/1120 1089/61/1120
f 1067/85/1121 1077/48/1121 1073/46/1121
f 1077/48/1122 1066/41/1122 1074/80/1122
f 1065/94/1123 1040/69/1123 1037/90/1123
f 1071/38/1124 1038/4/1124 1040/6/1124
f 1072/43/1125 1047/15/1125 1075/47/1125
f 1047/70/1126 1073/46/1126 1075/47/1126
f 1079/50/1127 1037/90/1127 1051/73/1127
f 1046/18/1128 1052/74/1128 1039/9/1128
f 1067/85/1129 1044/10/1129 1038/4/1129
f 1058/76/1130 1072/43/1130 1086/95/1130
f 1053/83/1131 1088/63/1131 1080/53/1131
f 1087/62/1132 1066/41/1132 1081/56/1132
f 1093/1/1133 1097/2/1133 1099/3/1133
f 1098/65/1134 1096/6/1134 1094/4/1134
f 1095/9/1135 1097/71/1135 1098/8/1135
f 1103/70/1136 1106/12/1136 1100/10/1136
f 1101/13/1137 1104/14/1137 1103/15/1137
f 1102/18/1138 1104/72/1138 1105/17/1138
f 1107/19/1139 1111/20/1139 1113/21/1139
f 1108/74/1140 1111/26/1140 1110/23/1140
f 1113/67/1141 1112/75/1141 1109/83/1141
f 1114/27/1142 1118/28/1142 1120/29/1142
f 1119/34/1143 1117/32/1143 1115/30/1143
f 1116/77/1144 1118/31/1144 1119/34/1144
f 1121/36/1145 1125/37/1145 1127/38/1145
f 1122/78/1146 1125/37/1146 1124/40/1146
f 1127/38/1147 1126/39/1147 1123/85/1147
f 1128/43/1148 1132/44/1148 1134/86/1148
f 1133/48/1149 1131/47/1149 1129/79/1149
f 1130/80/1150 1132/44/1150 1133/48/1150
f 1135/50/1151 1139/51/1151 1141/52/1151
f 1140/55/1152 1138/54/1152 1136/53/1152
f 1137/56/1153 1139/51/1153 1140/55/1153
f 1142/57/1154 1146/58/1154 1148/88/1154
f 1143/62/1155 1146/58/1155 1145/61/1155
f 1148/88/1156 1147/60/1156 1144/89/1156
f 1093/1/1157 1110/64/1157 1107/19/1157
f 1110/23/1158 1095/9/1158 1108/74/1158
f 1094/4/1159 1106/12/1159 1098/65/1159
f 1106/16/1160 1095/9/1160 1098/8/1160
f 1101/13/1161 1120/29/1161 1105/66/1161
f 1120/33/1162 1102/18/1162 1105/17/1162
f 1109/83/1163 1119/34/1163 1115/30/1163
f 1112/75/1164 1116/77/1164 1119/34/1164
f 1135/50/1165 1113/21/1165 1138/54/1165
f 1113/67/1166 1136/53/1166 1138/54/1166
f 1142/57/1167 1117/68/1167 1114/27/1167
f 1148/88/1168 1115/30/1168 1117/32/1168
f 1137/56/1169 1147/60/1169 1143/62/1169
f 1147/60/1170 1136/53/1170 1144/89/1170
f 1121/36/1171 1141/52/1171 1124/40/1171
f 1141/52/1172 1122/78/1172 1124/40/1172
f 1128/43/1173 1145/61/1173 1142/57/1173
f 1145/61/1174 1130/80/1174 1143/62/1174
f 1129/79/1175 1126/39/1175 1133/48/1175
f 1126/39/1176 1130/80/1176 1133/48/1176
f 1093/1/1177 1127/38/1177 1096/69/1177
f 1127/38/1178 1094/4/1178 1096/6/1178
f 1101/13/1179 1131/47/1179 1128/43/1179
f 1131/47/1180 1100/10/1180 1129/79/1180
f 1135/50/1181 1093/1/1181 1107/19/1181
f 1102/18/1182 1108/74/1182 1095/9/1182
f 1129/79/1183 1094/4/1183 1123/85/1183
f 1114/27/1184 1128/43/1184 1142/57/1184
f 1109/83/1185 1144/89/1185 1136/53/1185
f 1143/62/1186 1122/78/1186 1137/56/1186
f 449/90/1406 452/69/1406 453/2/1406
f 450/4/1407 454/65/1407 453/5/1407
f 455/7/1408 453/71/1408 454/8/1408
f 456/10/1409 459/70/1409 460/11/1409
f 457/13/1410 461/66/1410 460/14/1410
f 462/16/1411 460/72/1411 461/17/1411
f 463/73/1412 466/64/1412 467/20/1412
f 468/75/1413 467/26/1413 466/23/1413
f 465/83/1414 469/67/1414 467/26/1414
f 470/27/1415 473/68/1415 474/28/1415
f 471/91/1416 475/34/1416 474/31/1416
f 476/33/1417 474/31/1417 475/34/1417
f 477/36/1418 480/40/1418 481/37/1418
f 482/39/1419 481/37/1419 480/40/1419
f 479/85/1420 483/38/1420 481/37/1420
f 484/43/1421 487/47/1421 488/44/1421
f 485/79/1422 489/48/1422 488/44/1422
f 490/86/1423 488/44/1423 489/48/1423
f 491/50/1424 494/54/1424 495/51/1424
f 492/53/1425 496/55/1425 495/51/1425
f 497/52/1426 495/51/1426 496/55/1426
f 498/57/1427 501/61/1427 502/58/1427
f 503/60/1428 502/58/1428 501/61/1428
f 500/89/1429 504/59/1429 502/58/1429
f 463/73/457 449/90/457 455/3/457
f 455/7/1430 451/9/1430 464/24/1430
f 456/10/459 462/12/459 454/65/459
f 454/8/460 462/16/460 458/18/460
f 457/13/461 470/27/461 476/29/461
f 476/33/462 472/35/462 458/18/462
f 465/83/463 468/75/463 475/34/463
f 475/34/464 468/75/464 464/24/464
f 463/73/465 469/21/465 494/54/465
f 469/67/1431 465/83/1431 492/53/1431
f 470/27/467 498/57/467 504/59/467
f 504/59/468 500/89/468 471/91/468
f 493/56/469 496/55/469 503/60/469
f 503/60/470 496/55/470 492/53/470
f 477/36/471 491/50/471 497/52/471
f 497/52/472 493/56/472 478/78/472
f 498/57/473 484/43/473 490/86/473
f 490/86/1432 486/87/1432 499/62/1432
f 479/85/475 482/39/475 489/48/475
f 482/39/476 478/78/476 486/87/476
f 449/90/1433 477/36/1433 483/38/1433
f 483/38/1434 479/85/1434 450/4/1434
f 457/13/1435 459/15/1435 487/47/1435
f 487/47/1436 459/70/1436 456/10/1436
f 491/50/481 477/36/481 449/90/481
f 458/18/482 472/35/482 464/24/482
f 485/79/483 456/10/483 450/4/483
f 498/57/484 470/27/484 457/13/484
f 471/91/485 500/89/485 492/53/485
f 493/56/1437 499/62/1437 486/87/1437
f 505/1/1438 508/69/1438 509/2/1438
f 506/4/1439 510/65/1439 509/5/1439
f 511/7/1440 509/71/1440 510/8/1440
f 512/10/1441 515/70/1441 516/11/1441
f 513/13/1442 517/66/1442 516/14/1442
f 518/16/1443 516/72/1443 517/17/1443
f 519/19/1444 522/64/1444 523/20/1444
f 524/22/1445 523/26/1445 522/23/1445
f 521/25/1446 525/67/1446 523/26/1446
f 526/76/1447 529/68/1447 530/28/1447
f 527/30/1448 531/34/1448 530/31/1448
f 532/33/1449 530/31/1449 531/34/1449
f 533/36/1450 536/40/1450 537/37/1450
f 538/39/1451 537/37/1451 536/40/1451
f 535/42/1452 539/38/1452 537/37/1452
f 540/43/1453 543/47/1453 544/44/1453
f 541/46/1454 545/48/1454 544/44/1454
f 546/45/1455 544/44/1455 545/48/1455
f 547/50/1456 550/54/1456 551/51/1456
f 548/53/1457 552/55/1457 551/51/1457
f 553/52/1458 551/51/1458 552/55/1458
f 554/57/1459 557/61/1459 558/58/1459
f 559/60/1460 558/58/1460 557/61/1460
f 556/89/1461 560/59/1461 558/58/1461
f 505/1/511 511/3/511 522/64/511
f 522/23/512 511/7/512 507/9/512
f 506/4/513 512/10/513 518/12/513
f 518/16/514 514/18/514 507/9/514
f 513/13/515 526/76/515 532/29/515
f 532/33/516 528/35/516 514/18/516
f 527/30/517 521/25/517 524/22/517
f 531/34/518 524/22/518 520/24/518
f 547/50/1462 519/19/1462 525/21/1462
f 550/54/1463 525/67/1463 521/25/1463
f 554/57/1464 560/59/1464 529/68/1464
f 560/59/1465 556/89/1465 527/30/1465
f 555/62/523 549/56/523 552/55/523
f 559/60/524 552/55/524 548/53/524
f 547/50/525 553/52/525 536/40/525
f 553/52/526 549/56/526 534/41/526
f 554/57/527 540/43/527 546/45/527
f 546/45/528 542/49/528 555/62/528
f 541/46/529 535/42/529 538/39/529
f 538/39/530 534/41/530 542/49/530
f 505/1/531 533/36/531 539/38/531
f 508/6/532 539/38/532 535/42/532
f 540/43/533 513/13/533 515/15/533
f 543/47/1466 515/70/1466 512/10/1466
f 547/50/535 533/36/535 505/1/535
f 507/9/536 514/18/536 528/35/536
f 541/46/537 512/10/537 506/4/537
f 526/76/538 513/13/538 540/43/538
f 521/25/539 527/30/539 556/89/539
f 555/62/540 542/49/540 534/41/540
f 561/90/1467 564/69/1467 565/2/1467
f 562/4/1468 566/65/1468 565/5/1468
f 567/7/1469 565/71/1469 566/8/1469
f 568/10/1470 571/70/1470 572/11/1470
f 569/93/1471 573/66/1471 572/14/1471
f 574/16/1472 572/72/1472 573/17/1472
f 575/73/1473 578/64/1473 579/20/1473
f 580/75/1474 579/26/1474 578/23/1474
f 577/83/1475 581/67/1475 579/26/1475
f 582/76/1476 585/68/1476 586/28/1476
f 583/91/1477 587/34/1477 586/31/1477
f 588/33/1478 586/31/1478 587/34/1478
f 589/94/1479 592/40/1479 593/37/1479
f 594/39/1480 593/37/1480 592/40/1480
f 591/85/1481 595/38/1481 593/37/1481
f 596/43/1482 599/47/1482 600/44/1482
f 597/46/1483 601/48/1483 600/44/1483
f 602/45/1484 600/44/1484 601/48/1484
f 603/50/1485 606/54/1485 607/51/1485
f 604/53/1486 608/55/1486 607/51/1486
f 609/52/1487 607/51/1487 608/55/1487
f 610/95/1488 613/61/1488 614/58/1488
f 615/60/1489 614/58/1489 613/61/1489
f 612/63/1490 616/59/1490 614/58/1490
f 575/73/565 561/90/565 567/3/565
f 578/23/566 567/7/566 563/9/566
f 568/10/567 574/12/567 566/65/567
f 566/8/568 574/16/568 570/18/568
f 582/76/569 588/29/569 573/66/569
f 573/17/570 588/33/570 584/35/570
f 577/83/571 580/75/571 587/34/571
f 587/34/572 580/75/572 576/74/572
f 575/73/573 581/21/573 606/54/573
f 606/54/574 581/67/574 577/83/574
f 610/95/575 616/59/575 585/68/575
f 585/32/576 616/59/576 612/63/576
f 605/56/577 608/55/577 615/60/577
f 608/55/578 604/53/578 612/63/578
f 603/50/579 609/52/579 592/40/579
f 592/40/580 609/52/580 605/56/580
f 596/43/581 602/45/581 613/61/581
f 613/61/582 602/45/582 598/80/582
f 591/85/583 594/39/583 601/48/583
f 594/39/584 590/41/584 598/80/584
f 561/90/585 589/94/585 595/38/585
f 595/38/586 591/85/586 562/4/586
f 569/93/587 571/15/587 599/47/587
f 571/70/588 568/10/588 597/46/588
f 603/50/589 589/94/589 561/90/589
f 563/9/590 570/18/590 584/35/590
f 597/46/591 568/10/591 562/4/591
f 610/95/592 582/76/592 569/93/592
f 583/91/593 612/63/593 604/53/593
f 611/62/594 598/80/594 590/41/594
f 925/90/1622 928/69/1622 929/2/1622
f 926/4/1623 930/65/1623 929/5/1623
f 931/7/1624 929/71/1624 930/8/1624
f 932/10/1625 935/70/1625 936/11/1625
f 933/13/1626 937/66/1626 936/14/1626
f 938/16/1627 936/72/1627 937/17/1627
f 939/73/1628 942/64/1628 943/20/1628
f 944/75/1629 943/26/1629 942/23/1629
f 941/83/1630 945/67/1630 943/26/1630
f 946/27/1631 949/68/1631 950/28/1631
f 947/91/1632 951/34/1632 950/31/1632
f 952/33/1633 950/31/1633 951/34/1633
f 953/36/1634 956/40/1634 957/37/1634
f 958/39/1635 957/37/1635 956/40/1635
f 955/85/1636 959/38/1636 957/37/1636
f 960/43/1637 963/47/1637 964/44/1637
f 961/79/1638 965/48/1638 964/44/1638
f 966/86/1639 964/44/1639 965/48/1639
f 967/50/1640 970/54/1640 971/51/1640
f 968/53/1641 972/55/1641 971/51/1641
f 973/52/1642 971/51/1642 972/55/1642
f 974/57/1643 977/61/1643 978/58/1643
f 979/60/1644 978/58/1644 977/61/1644
f 976/89/1645 980/59/1645 978/58/1645
f 925/90/1646 931/3/1646 942/64/1646
f 931/7/1647 927/9/1647 940/24/1647
f 932/10/997 938/12/997 930/65/997
f 938/16/998 934/18/998 927/9/998
f 946/27/1648 952/29/1648 937/66/1648
f 952/33/1000 948/35/1000 934/18/1000
f 941/83/1649 944/75/1649 951/34/1649
f 951/34/1002 944/75/1002 940/24/1002
f 939/73/1003 945/21/1003 970/54/1003
f 945/67/1004 941/83/1004 968/53/1004
f 974/57/1650 980/59/1650 949/68/1650
f 949/32/1006 980/59/1006 976/89/1006
f 975/62/1007 969/56/1007 972/55/1007
f 972/55/1008 968/53/1008 976/89/1008
f 967/50/1651 973/52/1651 956/40/1651
f 973/52/1010 969/56/1010 954/78/1010
f 974/57/1011 960/43/1011 966/86/1011
f 966/86/1652 962/87/1652 975/62/1652
f 961/79/1653 955/85/1653 958/39/1653
f 958/39/1014 954/78/1014 962/87/1014
f 953/36/1654 959/38/1654 928/69/1654
f 959/38/1655 955/85/1655 926/4/1655
f 960/43/1656 933/13/1656 935/15/1656
f 935/70/1657 932/10/1657 961/79/1657
f 967/50/1019 953/36/1019 925/90/1019
f 927/9/1020 934/18/1020 948/35/1020
f 961/79/1021 932/10/1021 926/4/1021
f 946/27/1022 933/13/1022 960/43/1022
f 941/83/1023 947/91/1023 976/89/1023
f 975/62/1024 962/87/1024 954/78/1024
f 981/1/1658 984/69/1658 985/2/1658
f 982/4/1659 986/65/1659 985/5/1659
f 987/7/1660 985/71/1660 986/8/1660
f 988/10/1661 991/70/1661 992/11/1661
f 989/13/1662 993/66/1662 992/14/1662
f 994/16/1663 992/72/1663 993/17/1663
f 995/19/1664 998/64/1664 999/20/1664
f 1000/22/1665 999/26/1665 998/23/1665
f 997/25/1666 1001/67/1666 999/26/1666
f 1002/76/1667 1005/68/1667 1006/28/1667
f 1003/30/1668 1007/34/1668 1006/31/1668
f 1008/33/1669 1006/31/1669 1007/34/1669
f 1009/36/1670 1012/40/1670 1013/37/1670
f 1014/39/1671 1013/37/1671 1012/40/1671
f 1011/42/1672 1015/38/1672 1013/37/1672
f 1016/43/1673 1019/47/1673 1020/44/1673
f 1017/46/1674 1021/48/1674 1020/44/1674
f 1022/45/1675 1020/44/1675 1021/48/1675
f 1023/50/1676 1026/54/1676 1027/51/1676
f 1024/53/1677 1028/55/1677 1027/51/1677
f 1029/52/1678 1027/51/1678 1028/55/1678
f 1030/57/1679 1033/61/1679 1034/58/1679
f 1035/60/1680 1034/58/1680 1033/61/1680
f 1032/89/1681 1036/59/1681 1034/58/1681
f 981/1/1682 987/3/1682 998/64/1682
f 998/23/1683 987/7/1683 983/9/1683
f 988/10/1051 994/12/1051 986/65/1051
f 986/8/1052 994/16/1052 990/18/1052
f 989/13/1684 1002/76/1684 1008/29/1684
f 993/17/1685 1008/33/1685 1004/35/1685
f 997/25/1055 1000/22/1055 1007/34/1055
f 1000/22/1056 996/24/1056 1004/35/1056
f 995/19/1686 1001/21/1686 1026/54/1686
f 1001/67/1687 997/25/1687 1024/53/1687
f 1030/57/1688 1036/59/1688 1005/68/1688
f 1005/32/1689 1036/59/1689 1032/89/1689
f 1031/62/1690 1025/56/1690 1028/55/1690
f 1028/55/1062 1024/53/1062 1032/89/1062
f 1009/36/1691 1023/50/1691 1029/52/1691
f 1012/40/1692 1029/52/1692 1025/56/1692
f 1016/43/1693 1022/45/1693 1033/61/1693
f 1022/45/1066 1018/49/1066 1031/62/1066
f 1017/46/1067 1011/42/1067 1014/39/1067
f 1021/48/1068 1014/39/1068 1010/41/1068
f 981/1/1694 1009/36/1694 1015/38/1694
f 1015/38/1070 1011/42/1070 982/4/1070
f 1016/43/1695 989/13/1695 991/15/1695
f 991/70/1696 988/10/1696 1017/46/1696
f 1023/50/1073 1009/36/1073 981/1/1073
f 990/18/1074 1004/35/1074 996/24/1074
f 1017/46/1075 988/10/1075 982/4/1075
f 1030/57/1076 1002/76/1076 989/13/1076
f 1003/30/1077 1032/89/1077 1024/53/1077
f 1025/56/1078 1031/62/1078 1018/49/1078
f 1037/90/1697 1040/69/1697 1041/2/1697
f 1042/65/1698 1041/5/1698 1040/6/1698
f 1039/9/1699 1043/7/1699 1041/71/1699
f 1047/70/1700 1048/11/1700 1050/12/1700
f 1045/93/1701 1049/66/1701 1048/14/1701
f 1046/18/1702 1050/16/1702 1048/72/1702
f 1051/73/1703 1054/64/1703 1055/20/1703
f 1052/74/1704 1056/75/1704 1055/26/1704
f 1057/67/1705 1055/26/1705 1056/75/1705
f 1058/76/1706 1061/68/1706 1062/28/1706
f 1063/34/1707 1062/31/1707 1061/32/1707
f 1060/35/1708 1064/33/1708 1062/31/1708
f 1065/94/1709 1068/40/1709 1069/37/1709
f 1066/41/1710 1070/39/1710 1069/37/1710
f 1071/38/1711 1069/37/1711 1070/39/1711
f 1072/43/1712 1075/47/1712 1076/44/1712
f 1077/48/1713 1076/44/1713 1075/47/1713
f 1074/80/1714 1078/45/1714 1076/44/1714
f 1079/50/1715 1082/54/1715 1083/51/1715
f 1084/55/1716 1083/51/1716 1082/54/1716
f 1081/56/1717 1085/52/1717 1083/51/1717
f 1086/95/1718 1089/61/1718 1090/58/1718
f 1087/62/1719 1091/60/1719 1090/58/1719
f 1092/59/1720 1090/58/1720 1091/60/1720
f 1037/90/1721 1043/3/1721 1054/64/1721
f 1043/7/1722 1039/9/1722 1052/74/1722
f 1038/4/1105 1044/10/1105 1050/12/1105
f 1042/8/1106 1050/16/1106 1046/18/1106
f 1045/93/1723 1058/76/1723 1064/29/1723
f 1064/33/1724 1060/35/1724 1046/18/1724
f 1059/91/1725 1053/83/1725 1056/75/1725
f 1056/75/1110 1052/74/1110 1060/35/1110
f 1079/50/1111 1051/73/1111 1057/21/1111
f 1057/67/1726 1053/83/1726 1080/53/1726
f 1086/95/1113 1092/59/1113 1061/68/1113
f 1061/32/1114 1092/59/1114 1088/63/1114
f 1087/62/1115 1081/56/1115 1084/55/1115
f 1084/55/1116 1080/53/1116 1088/63/1116
f 1079/50/1117 1085/52/1117 1068/40/1117
f 1085/52/1727 1081/56/1727 1066/41/1727
f 1072/43/1728 1078/45/1728 1089/61/1728
f 1078/45/1729 1074/80/1729 1087/62/1729
f 1067/85/1121 1070/39/1121 1077/48/1121
f 1077/48/1122 1070/39/1122 1066/41/1122
f 1065/94/1123 1071/38/1123 1040/69/1123
f 1071/38/1730 1067/85/1730 1038/4/1730
f 1072/43/1125 1045/93/1125 1047/15/1125
f 1047/70/1731 1044/10/1731 1073/46/1731
f 1079/50/1127 1065/94/1127 1037/90/1127
f 1046/18/1128 1060/35/1128 1052/74/1128
f 1067/85/1129 1073/46/1129 1044/10/1129
f 1058/76/1130 1045/93/1130 1072/43/1130
f 1053/83/1131 1059/91/1131 1088/63/1131
f 1087/62/1132 1074/80/1132 1066/41/1132
f 1093/1/1732 1096/69/1732 1097/2/1732
f 1098/65/1733 1097/5/1733 1096/6/1733
f 1095/9/1734 1099/7/1734 1097/71/1734
f 1103/70/1735 1104/11/1735 1106/12/1735
f 1101/13/1736 1105/66/1736 1104/14/1736
f 1102/18/1737 1106/16/1737 1104/72/1737
f 1107/19/1738 1110/64/1738 1111/20/1738
f 1108/74/1739 1112/75/1739 1111/26/1739
f 1113/67/1740 1111/26/1740 1112/75/1740
f 1114/27/1741 1117/68/1741 1118/28/1741
f 1119/34/1742 1118/31/1742 1117/32/1742
f 1116/77/1743 1120/33/1743 1118/31/1743
f 1121/36/1744 1124/40/1744 1125/37/1744
f 1122/78/1745 1126/39/1745 1125/37/1745
f 1127/38/1746 1125/37/1746 1126/39/1746
f 1128/43/1747 1131/47/1747 1132/44/1747
f 1133/48/1748 1132/44/1748 1131/47/1748
f 1130/80/1749 1134/86/1749 1132/44/1749
f 1135/50/1750 1138/54/1750 1139/51/1750
f 1140/55/1751 1139/51/1751 1138/54/1751
f 1137/56/1752 1141/52/1752 1139/51/1752
f 1142/57/1753 1145/61/1753 1146/58/1753
f 1143/62/1754 1147/60/1754 1146/58/1754
f 1148/88/1755 1146/58/1755 1147/60/1755
f 1093/1/1756 1099/3/1756 1110/64/1756
f 1110/23/1757 1099/7/1757 1095/9/1757
f 1094/4/1159 1100/10/1159 1106/12/1159
f 1106/16/1160 1102/18/1160 1095/9/1160
f 1101/13/1758 1114/27/1758 1120/29/1758
f 1120/33/1759 1116/77/1759 1102/18/1759
f 1109/83/1163 1112/75/1163 1119/34/1163
f 1112/75/1164 1108/74/1164 1116/77/1164
f 1135/50/1760 1107/19/1760 1113/21/1760
f 1113/67/1761 1109/83/1761 1136/53/1761
f 1142/57/1167 1148/88/1167 1117/68/1167
f 1148/88/1762 1144/89/1762 1115/30/1762
f 1137/56/1169 1140/55/1169 1147/60/1169
f 1147/60/1763 1140/55/1763 1136/53/1763
f 1121/36/1171 1135/50/1171 1141/52/1171
f 1141/52/1764 1137/56/1764 1122/78/1764
f 1128/43/1765 1134/86/1765 1145/61/1765
f 1145/61/1766 1134/86/1766 1130/80/1766
f 1129/79/1175 1123/85/1175 1126/39/1175
f 1126/39/1767 1122/78/1767 1130/80/1767
f 1093/1/1177 1121/36/1177 1127/38/1177
f 1127/38/1768 1123/85/1768 1094/4/1768
f 1101/13/1179 1103/15/1179 1131/47/1179
f 1131/47/1180 1103/70/1180 1100/10/1180
f 1135/50/1181 1121/36/1181 1093/1/1181
f 1102/18/1182 1116/77/1182 1108/74/1182
f 1129/79/1183 1100/10/1183 1094/4/1183
f 1114/27/1184 1101/13/1184 1128/43/1184
f 1109/83/1185 1115/30/1185 1144/89/1185
f 1143/62/1186 1130/80/1186 1122/78/1186
usemtl core
f 841/96/811 854/97/811 853/98/811
f 842/99/812 854/100/812 856/101/812
f 841/102/813 853/103/813 858/104/813
f 841/105/814 858/106/814 860/107/814
f 841/108/815 860/109/815 857/110/815
f 842/99/816 856/101/816 863/111/816
f 843/112/817 855/113/817 865/114/817
f 844/115/818 859/116/818 867/117/818
f 845/118/819 861/119/819 869/120/819
f 846/121/820 862/122/820 871/123/820
f 842/99/821 863/111/821 866/124/821
f 843/112/822 865/114/822 868/125/822
f 844/115/823 867/117/823 870/126/823
f 845/118/824 869/120/824 872/127/824
f 846/121/825 871/123/825 864/128/825
f 847/129/826 873/130/826 878/131/826
f 848/132/827 874/133/827 880/134/827
f 849/135/828 875/136/828 881/137/828
f 850/138/829 876/139/829 882/140/829
f 851/141/830 877/142/830 879/143/830
f 879/143/831 882/144/831 852/145/831
f 879/143/832 877/142/832 882/144/832
f 877/142/833 850/138/833 882/144/833
f 882/140/834 881/146/834 852/147/834
f 882/140/835 876/139/835 881/146/835
f 876/139/836 849/135/836 881/146/836
f 881/137/837 880/148/837 852/149/837
f 881/137/838 875/136/838 880/148/838
f 875/136/839 848/150/839 880/148/839
f 880/134/840 878/151/840 852/152/840
f 880/134/841 874/133/841 878/151/841
f 874/133/842 847/129/842 878/151/842
f 878/131/843 879/153/843 852/154/843
f 878/131/844 873/130/844 879/153/844
f 873/130/845 851/141/845 879/153/845
f 864/128/846 877/142/846 851/141/846
f 864/128/847 871/123/847 877/142/847
f 871/123/848 850/138/848 877/142/848
f 872/127/849 876/139/849 850/138/849
f 872/127/850 869/120/850 876/139/850
f 869/120/851 849/135/851 876/139/851
f 870/126/852 875/136/852 849/135/852
f 870/126/853 867/117/853 875/136/853
f 867/117/854 848/150/854 875/136/854
f 868/125/855 874/133/855 848/132/855
f 868/125/856 865/114/856 874/133/856
f 865/114/857 847/129/857 874/133/857
f 866/124/858 873/130/858 847/129/858
f 866/124/859 863/111/859 873/130/859
f 863/111/860 851/141/860 873/130/860
f 871/123/861 872/127/861 850/138/861
f 871/123/862 862/122/862 872/127/862
f 862/122/863 845/118/863 872/127/863
f 869/120/864 870/126/864 849/135/864
f 869/120/865 861/119/865 870/126/865
f 861/119/866 844/115/866 870/126/866
f 867/117/867 868/155/867 848/150/867
f 867/117/868 859/116/868 868/155/868
f 859/116/869 843/156/869 868/155/869
f 865/114/870 866/124/870 847/129/870
f 865/114/871 855/113/871 866/124/871
f 855/113/872 842/99/872 866/124/872
f 863/111/873 864/128/873 851/141/873
f 863/111/874 856/101/874 864/128/874
f 856/101/875 846/121/875 864/128/875
f 857/110/876 862/122/876 846/121/876
f 857/110/877 860/109/877 862/122/877
f 860/109/878 845/118/878 862/122/878
f 860/107/879 861/119/879 845/118/879
f 860/107/880 858/106/880 861/119/880
f 858/106/881 844/115/881 861/119/881
f 858/104/882 859/116/882 844/115/882
f 858/104/883 853/103/883 859/116/883
f 853/103/884 843/156/884 859/116/884
f 856/101/885 857/157/885 846/121/885
f 856/101/886 854/100/886 857/157/886
f 854/100/887 841/158/887 857/157/887
f 853/98/888 855/113/888 843/112/888
f 853/98/889 854/97/889 855/113/889
f 854/97/890 842/99/890 855/113/890
f 883/96/891 896/97/891 895/98/891
f 884/99/892 896/100/892 898/101/892
f 883/102/893 895/103/893 900/104/893
f 883/105/894 900/106/894 902/107/894
f 883/108/895 902/109/895 899/110/895
f 884/99/896 898/101/896 905/111/896
f 885/112/897 897/113/897 907/114/897
f 886/115/898 901/116/898 909/117/898
f 887/118/899 903/119/899 911/120/899
f 888/121/900 904/122/900 913/123/900
f 884/99/901 905/111/901 908/124/901
f 885/112/902 907/114/902 910/125/902
f 886/115/903 909/117/903 912/126/903
f 887/118/904 911/120/904 914/127/904
f 888/121/905 913/123/905 906/128/905
f 889/129/906 915/130/906 920/131/906
f 890/132/907 916/133/907 922/134/907
f 891/135/908 917/136/908 923/137/908
f 892/138/909 918/139/909 924/140/909
f 893/141/910 919/142/910 921/143/910
f 921/143/911 924/144/911 894/145/911
f 921/143/912 919/142/912 924/144/912
f 919/142/913 892/138/913 924/144/913
f 924/140/914 923/146/914 894/147/914
f 924/140/915 918/139/915 923/146/915
f 918/139/916 891/135/916 923/146/916
f 923/137/917 922/148/917 894/149/917
f 923/137/918 917/136/918 922/148/918
f 917/136/919 890/150/919 922/148/919
f 922/134/920 920/151/920 894/152/920
f 922/134/921 916/133/921 920/151/921
f 916/133/922 889/129/922 920/151/922
f 920/131/923 921/153/923 894/154/923
f 920/131/924 915/130/924 921/153/924
f 915/130/925 893/141/925 921/153/925
f 906/128/926 919/142/926 893/141/926
f 906/128/927 913/123/927 919/142/927
f 913/123/928 892/138/928 919/142/928
f 914/127/929 918/139/929 892/138/929
f 914/127/930 911/120/930 918/139/930
f 911/120/931 891/135/931 918/139/931
f 912/126/932 917/136/932 891/135/932
f 912/126/933 909/117/933 917/136/933
f 909/117/934 890/150/934 917/136/934
f 910/125/935 916/133/935 890/132/935
f 910/125/936 907/114/936 916/133/936
f 907/114/937 889/129/937 916/133/937
f 908/124/938 915/130/938 889/129/938
f 908/124/939 905/111/939 915/130/939
f 905/111/940 893/141/940 915/130/940
f 913/123/941 914/127/941 892/138/941
f 913/123/942 904/122/942 914/127/942
f 904/122/943 887/118/943 914/127/943
f 911/120/944 912/126/944 891/135/944
f 911/120/945 903/119/945 912/126/945
f 903/119/946 886/115/946 912/126/946
f 909/117/947 910/155/947 890/150/947
f 909/117/948 901/116/948 910/155/948
f 901/116/949 885/156/949 910/155/949
f 907/114/950 908/124/950 889/129/950
f 907/114/951 897/113/951 908/124/951
f 897/113/952 884/99/952 908/124/952
f 905/111/953 906/128/953 893/141/953
f 905/111/954 898/101/954 906/128/954
f 898/101/955 888/121/955 906/128/955
f 899/110/956 904/122/956 888/121/956
f 899/110/957 902/109/957 904/122/957
f 902/109/958 887/118/958 904/122/958
f 902/107/959 903/119/959 887/118/959
f 902/107/960 900/106/960 903/119/960
f 900/106/961 886/115/961 903/119/961
f 900/104/962 901/116/962 886/115/962
f 900/104/963 895/103/963 901/116/963
f 895/103/964 885/156/964 901/116/964
f 898/101/965 899/157/965 888/121/965
f 898/101/966 896/100/966 899/157/966
f 896/100/967 883/158/967 899/157/967
f 895/98/968 897/113/968 885/112/968
f 895/98/969 896/97/969 897/113/969
f 896/97/970 884/99/970 897/113/970
