# Blender 4.5.10 LTS
# www.blender.org
mtllib stow_post_canopy_eaved.mtl
o stow_post_canopy_eaved
v 0.542610 0.008457 -0.247057
v 0.542582 0.010346 -0.254355
v 0.557987 0.010593 -0.247091
v 0.542599 0.008981 -0.252210
v 0.551488 0.009346 -0.251276
v 0.553472 0.010491 -0.252234
v 0.553492 0.009155 -0.247073
v 0.541024 0.146411 -0.255674
v 0.541008 0.148441 -0.248413
v 0.556429 0.146658 -0.248409
v 0.541010 0.147817 -0.253555
v 0.549904 0.147674 -0.252617
v 0.551903 0.147992 -0.248418
v 0.551915 0.146556 -0.253552
v 0.543037 0.013360 0.258359
v 0.558414 0.015495 0.258325
v 0.543021 0.015390 0.265620
v 0.553919 0.014058 0.258343
v 0.551922 0.014330 0.262546
v 0.553908 0.015494 0.263477
v 0.543035 0.013983 0.263501
v 0.541435 0.153344 0.257003
v 0.541464 0.151455 0.264301
v 0.556856 0.151560 0.257007
v 0.541446 0.152820 0.262156
v 0.550339 0.152658 0.261205
v 0.552351 0.151558 0.262159
v 0.552330 0.152894 0.256998
v -0.526519 -0.003771 -0.246035
v -0.541941 -0.001987 -0.246039
v -0.526548 -0.001881 -0.253333
v -0.537415 -0.003321 -0.246030
v -0.535423 -0.003085 -0.250237
v -0.537435 -0.001985 -0.251191
v -0.526530 -0.003247 -0.251188
v -0.528122 0.136214 -0.247391
v -0.528105 0.134183 -0.254652
v -0.543498 0.134078 -0.247357
v -0.528120 0.135590 -0.252533
v -0.537006 0.135243 -0.251577
v -0.538992 0.134079 -0.252509
v -0.539004 0.135515 -0.247375
v -0.526092 0.001132 0.259381
v -0.526109 0.003162 0.266642
v -0.541514 0.002916 0.259377
v -0.526094 0.001756 0.264523
v -0.534989 0.001899 0.263585
v -0.536999 0.003017 0.264520
v -0.536987 0.001581 0.259386
v -0.527695 0.141116 0.258025
v -0.543071 0.138980 0.258059
v -0.527666 0.139227 0.265324
v -0.538577 0.140418 0.258041
v -0.536572 0.140227 0.262244
v -0.538556 0.139082 0.263202
v -0.527684 0.140592 0.263178
v 0.533646 0.112181 -0.226409
v 0.533923 0.128380 -0.232946
v 0.535626 0.128387 -0.226512
v 0.533718 0.116909 -0.230991
v 0.534729 0.119003 -0.230172
v 0.535117 0.128369 -0.231064
v 0.534922 0.116914 -0.226442
v 0.554739 1.255687 -0.239680
v 0.555062 1.271962 -0.233337
v 0.556442 1.255694 -0.233246
v 0.554958 1.267179 -0.237862
v 0.555892 1.265060 -0.237018
v 0.556162 1.267184 -0.233313
v 0.555934 1.255676 -0.237798
v 0.535277 0.114821 0.220700
v 0.537257 0.131027 0.220597
v 0.535601 0.131096 0.227043
v 0.536553 0.119555 0.220667
v 0.536387 0.121688 0.224374
v 0.536781 0.131063 0.225153
v 0.535382 0.119604 0.225225
v 0.556693 1.274603 0.213772
v 0.556417 1.258404 0.220309
v 0.558073 1.258335 0.213863
v 0.556622 1.269874 0.218354
v 0.557550 1.267744 0.217528
v 0.557598 1.258371 0.218419
v 0.557793 1.269825 0.213796
v 0.417027 0.114337 -0.225996
v 0.415647 0.130605 -0.226088
v 0.417303 0.130535 -0.232533
v 0.415927 0.119114 -0.226021
v 0.416170 0.121195 -0.229752
v 0.416122 0.130569 -0.230643
v 0.417098 0.119065 -0.230579
v 0.438443 1.274118 -0.232924
v 0.438120 1.257843 -0.239267
v 0.436463 1.257912 -0.232821
v 0.438339 1.269335 -0.237450
v 0.437333 1.267251 -0.236598
v 0.436939 1.257876 -0.237377
v 0.437167 1.269384 -0.232892
v 0.418658 0.116977 0.221113
v 0.418981 0.133252 0.227456
v 0.417278 0.133245 0.221022
v 0.418762 0.121760 0.225638
v 0.417828 0.123880 0.224793
v 0.417787 0.133263 0.225574
v 0.417558 0.121755 0.221089
v 0.440074 1.276759 0.214185
v 0.438094 1.260553 0.214288
v 0.439798 1.260560 0.220722
v 0.438798 1.272025 0.214217
v 0.438991 1.269936 0.217947
v 0.438603 1.260571 0.218840
v 0.440003 1.272030 0.218767
v -0.445679 0.123487 -0.233009
v -0.445268 0.139789 -0.239278
v -0.443689 0.139691 -0.232814
v -0.445517 0.128289 -0.237512
v -0.444520 0.130368 -0.236640
v -0.444110 0.139747 -0.237374
v -0.444401 0.128220 -0.232941
v -0.423691 1.267041 -0.227518
v -0.423480 1.283212 -0.220910
v -0.422111 1.266943 -0.221054
v -0.423501 1.278502 -0.225513
v -0.422584 1.276368 -0.224684
v -0.422384 1.278433 -0.220941
v -0.422533 1.266999 -0.225614
v -0.452621 0.118956 0.214034
v -0.450631 0.135160 0.214229
v -0.452410 0.135127 0.220642
v -0.451342 0.123689 0.214102
v -0.451578 0.125762 0.217838
v -0.451193 0.135123 0.218775
v -0.452601 0.123666 0.218637
v -0.430422 1.278681 0.226133
v -0.430833 1.262379 0.232403
v -0.429053 1.262412 0.225990
v -0.430584 1.273879 0.230637
v -0.429642 1.271762 0.229794
v -0.429616 1.262375 0.230535
v -0.429326 1.273902 0.226102
v -0.562284 0.125738 -0.234797
v -0.563653 0.142007 -0.234653
v -0.561873 0.142039 -0.241066
v -0.563380 0.130516 -0.234765
v -0.563064 0.132657 -0.238458
v -0.563090 0.142043 -0.239199
v -0.562122 0.130540 -0.239300
v -0.540085 1.285462 -0.222698
v -0.540296 1.269291 -0.229306
v -0.542075 1.269259 -0.222893
v -0.540105 1.280753 -0.227300
v -0.541128 1.278656 -0.226502
v -0.541512 1.269295 -0.227438
v -0.541363 1.280730 -0.222766
v -0.569226 0.121207 0.212246
v -0.569015 0.137378 0.218855
v -0.570594 0.137476 0.212390
v -0.569205 0.125916 0.216849
v -0.570122 0.128050 0.216021
v -0.570173 0.137420 0.216950
v -0.570322 0.125985 0.212278
v -0.547027 1.280931 0.224345
v -0.549017 1.264727 0.224150
v -0.547437 1.264630 0.230615
v -0.548305 1.276199 0.224278
v -0.548185 1.274050 0.227976
v -0.548596 1.264672 0.228711
v -0.547188 1.276130 0.228849
v 0.536541 0.136958 -0.244259
v 0.536541 0.152350 -0.245477
v 0.551939 0.152359 -0.244331
v 0.536542 0.141463 -0.245080
v 0.545432 0.143463 -0.244932
v 0.547430 0.152353 -0.245131
v 0.547430 0.141469 -0.244270
v 0.536456 1.221529 -0.252258
v 0.536453 1.236935 -0.251236
v 0.551854 1.221537 -0.251112
v 0.536455 1.232420 -0.251999
v 0.545346 1.230424 -0.251826
v 0.547343 1.232426 -0.251189
v 0.547345 1.221532 -0.251912
v 0.536411 0.137451 -0.166501
v 0.551809 0.152852 -0.166573
v 0.536408 0.152858 -0.165479
v 0.547300 0.141962 -0.166511
v 0.545300 0.143964 -0.165881
v 0.547298 0.152856 -0.165789
v 0.536409 0.141966 -0.165738
v 0.536323 1.237429 -0.173478
v 0.536322 1.222036 -0.172260
v 0.551724 1.222030 -0.173354
v 0.536322 1.232923 -0.172657
v 0.545214 1.230925 -0.172775
v 0.547212 1.222035 -0.172570
v 0.547213 1.232919 -0.173431
v -0.532658 0.136861 -0.246047
v -0.548059 0.152259 -0.246170
v -0.532657 0.152254 -0.247264
v -0.543547 0.141370 -0.246093
v -0.541548 0.143365 -0.246749
v -0.543547 0.152255 -0.246954
v -0.532657 0.141366 -0.246867
v -0.532745 1.236839 -0.253023
v -0.532742 1.221432 -0.254045
v -0.548144 1.221438 -0.252951
v -0.532744 1.232323 -0.253786
v -0.541635 1.230325 -0.253643
v -0.543632 1.221433 -0.253736
v -0.543634 1.232327 -0.253013
v -0.532788 0.137354 -0.168288
v -0.532791 0.152761 -0.167266
v -0.548189 0.152752 -0.168412
v -0.532789 0.141870 -0.167525
v -0.541680 0.143866 -0.167698
v -0.543680 0.152758 -0.167612
v -0.543678 0.141864 -0.168335
v -0.532875 1.237332 -0.175265
v -0.548274 1.221931 -0.175193
v -0.532876 1.221939 -0.174047
v -0.543764 1.232821 -0.175254
v -0.541767 1.230827 -0.174592
v -0.543765 1.221936 -0.174393
v -0.532876 1.232826 -0.174444
v 0.476480 0.405912 -0.197379
v 0.476503 0.406770 -0.203557
v 0.490186 0.407073 -0.197323
v 0.476501 0.406113 -0.201740
v 0.484416 0.406360 -0.200899
v 0.486193 0.406933 -0.201700
v 0.486177 0.406327 -0.197331
v 0.475615 0.474790 -0.204913
v 0.475566 0.475892 -0.198774
v 0.489298 0.475093 -0.198679
v 0.475595 0.475519 -0.203123
v 0.483513 0.475512 -0.202278
v 0.485271 0.475733 -0.198715
v 0.485305 0.474954 -0.203056
v 0.474013 0.414402 0.230210
v 0.487719 0.415562 0.230266
v 0.473965 0.415504 0.236349
v 0.483710 0.414817 0.230257
v 0.481907 0.414991 0.233801
v 0.483676 0.415596 0.234598
v 0.473984 0.414775 0.234559
v 0.473099 0.484382 0.228815
v 0.473077 0.483525 0.234993
v 0.486831 0.483583 0.228910
v 0.473078 0.484182 0.233175
v 0.481005 0.484143 0.232422
v 0.482787 0.483617 0.233243
v 0.482804 0.484223 0.228874
v -0.475983 0.393372 -0.202625
v -0.489714 0.394171 -0.202721
v -0.475960 0.394230 -0.208804
v -0.485687 0.393531 -0.202685
v -0.483888 0.393611 -0.206233
v -0.485671 0.394138 -0.207053
v -0.475961 0.393573 -0.206986
v -0.476897 0.463352 -0.204020
v -0.476848 0.462250 -0.210159
v -0.490602 0.462192 -0.204076
v -0.476868 0.462979 -0.208369
v -0.484791 0.462763 -0.207611
v -0.486559 0.462158 -0.208409
v -0.486593 0.462938 -0.204068
v -0.478450 0.401862 0.224963
v -0.478498 0.402964 0.231102
v -0.492181 0.402661 0.224868
v -0.478479 0.402235 0.229312
v -0.486396 0.402242 0.228467
v -0.488188 0.402800 0.229245
v -0.488154 0.402021 0.224904
v -0.479364 0.471842 0.223568
v -0.493069 0.470682 0.223512
v -0.479386 0.470985 0.229747
v -0.489060 0.471427 0.223521
v -0.487299 0.471394 0.227089
v -0.489076 0.470821 0.227889
v -0.479385 0.471642 0.227929
v 0.486213 0.812894 -0.178331
v 0.486335 0.813779 -0.184504
v 0.499936 0.813801 -0.178085
v 0.486297 0.813114 -0.182690
v 0.494202 0.813212 -0.181742
v 0.496001 0.813756 -0.182516
v 0.495914 0.813130 -0.178151
v 0.486713 0.881810 -0.185539
v 0.486602 0.882884 -0.179396
v 0.500313 0.881832 -0.179120
v 0.486682 0.882531 -0.183746
v 0.494586 0.882374 -0.182794
v 0.496299 0.882546 -0.179207
v 0.496378 0.881787 -0.183551
v 0.478116 0.819441 0.249222
v 0.491839 0.820349 0.249468
v 0.478005 0.820515 0.255365
v 0.487817 0.819677 0.249402
v 0.485971 0.819868 0.252922
v 0.487738 0.820436 0.253746
v 0.478035 0.819795 0.253572
v 0.478504 0.889432 0.248157
v 0.478382 0.888546 0.254331
v 0.492216 0.888380 0.248433
v 0.478420 0.889211 0.252516
v 0.486354 0.889030 0.251870
v 0.488116 0.888467 0.252711
v 0.488202 0.889094 0.248346
v -0.466161 0.817904 -0.196444
v -0.479873 0.818956 -0.196720
v -0.466039 0.818790 -0.202617
v -0.475859 0.818242 -0.196633
v -0.474011 0.818305 -0.200157
v -0.475773 0.818868 -0.200998
v -0.466077 0.818124 -0.200803
v -0.465773 0.887895 -0.197509
v -0.465662 0.886821 -0.203652
v -0.479496 0.886987 -0.197755
v -0.465692 0.887541 -0.201859
v -0.473628 0.887468 -0.201209
v -0.475396 0.886899 -0.202033
v -0.475474 0.887659 -0.197689
v -0.474259 0.824451 0.231109
v -0.474370 0.825525 0.237252
v -0.487970 0.825503 0.230833
v -0.474339 0.824805 0.235459
v -0.482243 0.824961 0.234507
v -0.484035 0.825549 0.235264
v -0.483957 0.824789 0.230920
v -0.473870 0.894442 0.230044
v -0.487593 0.893534 0.229798
v -0.473992 0.893556 0.236217
v -0.483571 0.894206 0.229864
v -0.481859 0.894124 0.233456
v -0.483658 0.893580 0.234229
v -0.473954 0.894222 0.234403
v 0.215262 0.287976 -0.195604
v 0.215114 0.299010 -0.201264
v 0.216050 0.298909 -0.195378
v 0.215237 0.291257 -0.199697
v 0.215772 0.292668 -0.198901
v 0.215794 0.298988 -0.199537
v 0.215899 0.291185 -0.195534
v 0.201808 1.056902 -0.186100
v 0.201572 1.067700 -0.180003
v 0.202743 1.056801 -0.180213
v 0.201659 1.064586 -0.184224
v 0.202244 1.063164 -0.183485
v 0.202321 1.064515 -0.180061
v 0.202487 1.056879 -0.184373
v 0.212203 0.279756 0.212542
v 0.212991 0.290689 0.212768
v 0.211967 0.290554 0.218639
v 0.212840 0.282965 0.212611
v 0.212662 0.284311 0.216033
v 0.212673 0.290600 0.216923
v 0.212116 0.282869 0.216763
v 0.198513 1.059480 0.228143
v 0.198660 1.048445 0.233803
v 0.199684 1.048581 0.227932
v 0.198538 1.056199 0.232236
v 0.199134 1.054807 0.231449
v 0.199366 1.048492 0.232087
v 0.199262 1.056294 0.228085
v 0.147234 0.286792 -0.196137
v 0.146063 0.297691 -0.195927
v 0.147087 0.297827 -0.201798
v 0.146485 0.289977 -0.196079
v 0.146613 0.291464 -0.199444
v 0.146381 0.297780 -0.200081
v 0.147209 0.290073 -0.200230
v 0.133544 1.066516 -0.180536
v 0.133780 1.055718 -0.186633
v 0.132756 1.055583 -0.180763
v 0.133631 1.063402 -0.184757
v 0.133085 1.061961 -0.184027
v 0.133074 1.055671 -0.184917
v 0.132907 1.063307 -0.180606
v 0.144175 0.278572 0.212008
v 0.143940 0.289370 0.218105
v 0.143004 0.289471 0.212219
v 0.144088 0.281686 0.216229
v 0.143503 0.283108 0.215490
v 0.143260 0.289393 0.216378
v 0.143426 0.281757 0.212067
v 0.130485 1.058296 0.227609
v 0.129697 1.047363 0.227383
v 0.130633 1.047261 0.233270
v 0.129848 1.055087 0.227540
v 0.129975 1.053604 0.230907
v 0.129953 1.047284 0.231542
v 0.130510 1.055015 0.231702
v -0.146914 0.294571 -0.189608
v -0.146977 0.305463 -0.195540
v -0.145919 0.305489 -0.189673
v -0.146965 0.297749 -0.193781
v -0.146387 0.299169 -0.193032
v -0.146261 0.305470 -0.193827
v -0.146217 0.297768 -0.189633
v -0.145941 1.063613 -0.199153
v -0.145849 1.074561 -0.193326
v -0.144884 1.063640 -0.193287
v -0.145908 1.071343 -0.197468
v -0.145334 1.069929 -0.196706
v -0.145160 1.071362 -0.193320
v -0.145226 1.063620 -0.197440
v -0.141521 0.296509 0.218591
v -0.140526 0.307427 0.218526
v -0.141429 0.307456 0.224419
v -0.140824 0.299706 0.218567
v -0.140904 0.301139 0.221956
v -0.140759 0.307447 0.222687
v -0.141462 0.299727 0.222733
v -0.140456 1.076499 0.214874
v -0.140393 1.065607 0.220805
v -0.139491 1.065578 0.214913
v -0.140405 1.073320 0.219047
v -0.139852 1.071899 0.218283
v -0.139723 1.065598 0.219074
v -0.139767 1.073300 0.214880
v -0.214948 0.294668 -0.188710
v -0.215913 0.305589 -0.188749
v -0.215011 0.305560 -0.194642
v -0.215637 0.297867 -0.188716
v -0.215552 0.299268 -0.192119
v -0.215681 0.305569 -0.192910
v -0.214999 0.297846 -0.192883
v -0.213883 1.074658 -0.192427
v -0.213975 1.063710 -0.198255
v -0.214878 1.063740 -0.192362
v -0.213942 1.071440 -0.196569
v -0.214500 1.070027 -0.195792
v -0.214646 1.063719 -0.196524
v -0.214580 1.071461 -0.192403
v -0.209555 0.296606 0.219490
v -0.209463 0.307554 0.225317
v -0.210520 0.307527 0.219451
v -0.209496 0.299824 0.223632
v -0.210070 0.301238 0.222870
v -0.210178 0.307546 0.223604
v -0.210244 0.299805 0.219484
v -0.208490 1.076596 0.215772
v -0.209485 1.065678 0.215837
v -0.208427 1.065704 0.221704
v -0.209187 1.073399 0.215797
v -0.209017 1.071998 0.219196
v -0.209143 1.065697 0.219991
v -0.208439 1.073418 0.219945
v 0.557690 0.431307 0.211663
v 0.557679 0.432022 0.210835
v 0.573913 0.432322 0.211744
v 0.557688 0.431523 0.211073
v 0.567060 0.431793 0.211223
v 0.569160 0.432240 0.211130
v 0.569167 0.431735 0.211715
v 0.556733 0.480605 0.211673
v 0.556716 0.481290 0.212525
v 0.572966 0.480906 0.212582
v 0.556722 0.481096 0.211927
v 0.566098 0.481185 0.212075
v 0.568201 0.481308 0.212570
v 0.568213 0.480824 0.211968
v 0.557462 0.430297 0.269974
v 0.573685 0.431312 0.270055
v 0.557445 0.430983 0.270826
v 0.568939 0.430725 0.270026
v 0.566828 0.430767 0.270504
v 0.568927 0.431210 0.270628
v 0.557455 0.430492 0.270571
v 0.556488 0.480281 0.270835
v 0.556498 0.479566 0.271663
v 0.572738 0.479896 0.270892
v 0.556489 0.480065 0.271426
v 0.565866 0.480158 0.271355
v 0.567980 0.479793 0.271466
v 0.567973 0.480298 0.270881
v -0.569607 0.409424 0.206872
v -0.585858 0.409808 0.206815
v -0.569618 0.410138 0.206044
v -0.581093 0.409406 0.206826
v -0.578986 0.409546 0.206352
v -0.581100 0.409911 0.206241
v -0.569609 0.409639 0.206281
v -0.570581 0.459407 0.207733
v -0.570565 0.458721 0.206882
v -0.586805 0.458392 0.207652
v -0.570575 0.459212 0.207136
v -0.579948 0.458937 0.207204
v -0.582047 0.458494 0.207079
v -0.582059 0.458979 0.207681
v -0.569836 0.408414 0.265183
v -0.569853 0.409099 0.266034
v -0.586086 0.408798 0.265126
v -0.569842 0.408608 0.265780
v -0.579218 0.408519 0.265633
v -0.581333 0.408880 0.265740
v -0.581321 0.408396 0.265137
v -0.570810 0.458397 0.266044
v -0.587033 0.457382 0.265963
v -0.570799 0.457682 0.266872
v -0.582287 0.457969 0.265992
v -0.580180 0.457911 0.266484
v -0.582280 0.457464 0.266577
v -0.570808 0.458182 0.266635
v 0.567857 0.817660 0.199070
v 0.567856 0.818358 0.198229
v 0.584105 0.818082 0.198814
v 0.567851 0.817864 0.198475
v 0.577228 0.817794 0.198437
v 0.579340 0.818162 0.198295
v 0.579341 0.817668 0.198889
v 0.568686 0.866951 0.198143
v 0.568711 0.867652 0.198982
v 0.584935 0.866675 0.198729
v 0.568698 0.867447 0.198389
v 0.578072 0.867195 0.198351
v 0.580188 0.867251 0.198802
v 0.580170 0.866755 0.198209
v 0.568773 0.817746 0.257382
v 0.585021 0.818168 0.257127
v 0.568798 0.818447 0.258221
v 0.580257 0.817755 0.257202
v 0.578160 0.817882 0.257720
v 0.580275 0.818251 0.257795
v 0.568786 0.817952 0.257976
v 0.569627 0.867739 0.257295
v 0.569629 0.867040 0.258136
v 0.585851 0.866761 0.257041
v 0.569633 0.867535 0.257889
v 0.579004 0.867283 0.257633
v 0.581105 0.866843 0.257710
v 0.581104 0.867337 0.257115
v -0.559359 0.836950 0.216751
v -0.575583 0.837928 0.217004
v -0.559360 0.837649 0.215909
v -0.570836 0.837352 0.216930
v -0.568735 0.837406 0.216412
v -0.570837 0.837846 0.216336
v -0.559365 0.837154 0.216156
v -0.558505 0.886943 0.216663
v -0.558530 0.886242 0.215824
v -0.574752 0.886521 0.216919
v -0.558518 0.886737 0.216069
v -0.567891 0.886807 0.216326
v -0.570006 0.886439 0.216250
v -0.569989 0.886934 0.216843
v -0.558443 0.837037 0.275063
v -0.558418 0.837738 0.275902
v -0.574667 0.838014 0.275317
v -0.558430 0.837243 0.275657
v -0.567804 0.837494 0.275695
v -0.569902 0.837934 0.275836
v -0.569920 0.837438 0.275243
v -0.557589 0.887029 0.274976
v -0.573836 0.886607 0.275232
v -0.557588 0.886331 0.275817
v -0.569073 0.887021 0.275156
v -0.566960 0.886895 0.275608
v -0.569072 0.886527 0.275751
v -0.557583 0.886825 0.275570
v 0.552041 0.140855 -0.269090
v 0.551891 0.141573 -0.276661
v 0.567984 0.141937 -0.269397
v 0.551940 0.141015 -0.274438
v 0.561168 0.141279 -0.273628
v 0.563213 0.141779 -0.274655
v 0.563320 0.141272 -0.269301
v 0.550991 0.199878 -0.277591
v 0.551115 0.200841 -0.270047
v 0.567084 0.200242 -0.270327
v 0.551022 0.200508 -0.275387
v 0.560253 0.200554 -0.274574
v 0.562401 0.200766 -0.270250
v 0.562313 0.200085 -0.275585
v 0.561581 0.149374 0.255635
v 0.577523 0.150455 0.255327
v 0.561705 0.150336 0.263179
v 0.572859 0.149791 0.255423
v 0.570866 0.149939 0.259823
v 0.572947 0.150471 0.260757
v 0.561674 0.149707 0.260975
v 0.560655 0.209359 0.254678
v 0.560805 0.208642 0.262249
v 0.576623 0.208761 0.254397
v 0.560756 0.209200 0.260026
v 0.569951 0.209215 0.258877
v 0.572047 0.208777 0.259827
v 0.571941 0.209284 0.254474
v -0.555724 0.124081 -0.248678
v -0.571692 0.124680 -0.248398
v -0.555874 0.124799 -0.256249
v -0.567010 0.124157 -0.248474
v -0.565020 0.124226 -0.252878
v -0.567116 0.124664 -0.253828
v -0.555825 0.124241 -0.254026
v -0.556650 0.184067 -0.249635
v -0.556774 0.183104 -0.257180
v -0.572592 0.182985 -0.249328
v -0.556743 0.183734 -0.254975
v -0.565935 0.183501 -0.253823
v -0.568016 0.182969 -0.254758
v -0.567928 0.183650 -0.249423
v -0.546184 0.132600 0.276046
v -0.546060 0.133562 0.283590
v -0.562153 0.133198 0.276327
v -0.546091 0.132933 0.281386
v -0.555322 0.132886 0.280573
v -0.557382 0.133356 0.281585
v -0.557470 0.132675 0.276250
v -0.547110 0.192585 0.275089
v -0.563053 0.191504 0.275396
v -0.546960 0.191868 0.282660
v -0.558389 0.192168 0.275301
v -0.556237 0.192162 0.279628
v -0.558282 0.191661 0.280654
v -0.547009 0.192426 0.280437
v 0.593535 1.230606 -0.265702
v 0.593613 1.231942 -0.273552
v 0.610321 1.232154 -0.265520
v 0.593595 1.230971 -0.271248
v 0.603280 1.231247 -0.270121
v 0.605465 1.232066 -0.271119
v 0.605409 1.231121 -0.265568
v 0.592761 1.329135 -0.274350
v 0.592658 1.330598 -0.266522
v 0.609468 1.329348 -0.266317
v 0.592726 1.330143 -0.272062
v 0.602414 1.330056 -0.270932
v 0.604540 1.330294 -0.266382
v 0.604613 1.329259 -0.271917
v 0.587226 1.235019 0.278564
v 0.604012 1.236567 0.278746
v 0.587123 1.236482 0.286392
v 0.599100 1.235534 0.278697
v 0.596867 1.235733 0.283197
v 0.599027 1.236569 0.284232
v 0.587158 1.235474 0.284104
v 0.586349 1.335011 0.277743
v 0.586270 1.333675 0.285594
v 0.603159 1.333760 0.277948
v 0.586288 1.334646 0.283290
v 0.596000 1.334542 0.282386
v 0.598175 1.333762 0.283435
v 0.598231 1.334707 0.277883
v -0.572742 1.220268 -0.279137
v -0.589553 1.221519 -0.279342
v -0.572663 1.221604 -0.286988
v -0.584624 1.220573 -0.279277
v -0.582393 1.220737 -0.283779
v -0.584568 1.221518 -0.284828
v -0.572681 1.220633 -0.284683
v -0.573619 1.320261 -0.279958
v -0.573516 1.318797 -0.287786
v -0.590405 1.318712 -0.280140
v -0.573551 1.319806 -0.285498
v -0.583260 1.319546 -0.284591
v -0.585420 1.318711 -0.285626
v -0.585493 1.319745 -0.280091
v -0.579051 1.224681 0.265129
v -0.579154 1.226144 0.272956
v -0.595861 1.225932 0.264924
v -0.579119 1.225136 0.270668
v -0.588807 1.225223 0.269538
v -0.591006 1.226020 0.270523
v -0.590933 1.224986 0.264988
v -0.579928 1.324674 0.264308
v -0.596714 1.323125 0.264126
v -0.580006 1.323337 0.272158
v -0.591802 1.324158 0.264174
v -0.589674 1.324033 0.268727
v -0.591858 1.323213 0.269726
v -0.579989 1.324309 0.269854
v -0.001459 1.329869 0.001770
v -0.078408 1.387323 -0.056652
v 0.030331 1.381016 -0.093144
v 0.098772 1.380683 -0.000886
v 0.032331 1.386784 0.092623
v -0.077172 1.390888 0.058157
v -0.025733 1.473648 -0.095416
v 0.083769 1.469544 -0.060950
v 0.085005 1.473109 0.053859
v -0.023734 1.479416 0.090350
v -0.092175 1.479749 -0.001907
v 0.008056 1.530563 -0.004563
v 0.016392 1.342314 -0.053462
v -0.047523 1.346022 -0.032013
v -0.028838 1.376085 -0.087802
v -0.092026 1.381888 0.001130
v -0.046797 1.348117 0.035469
v 0.056620 1.342119 0.000765
v 0.075306 1.372182 -0.055024
v 0.017567 1.345705 0.055728
v 0.076481 1.375573 0.054166
v -0.026936 1.381571 0.088871
v -0.100845 1.434119 -0.034175
v -0.100119 1.436214 0.033308
v 0.002123 1.426826 -0.110588
v -0.061792 1.430533 -0.089139
v 0.106716 1.424218 -0.036101
v 0.066488 1.424414 -0.090329
v 0.068389 1.429899 0.086345
v 0.107443 1.426313 0.031381
v -0.059890 1.436019 0.087536
v 0.004474 1.433607 0.107794
v -0.069884 1.484860 -0.056960
v 0.033534 1.478861 -0.091665
v 0.098624 1.478544 -0.003923
v 0.035435 1.484347 0.085009
v -0.068709 1.488250 0.052231
v -0.010969 1.514728 -0.058521
v -0.050023 1.518313 -0.003558
v 0.053394 1.512315 -0.038263
v 0.054121 1.514411 0.029220
v -0.009794 1.518118 0.050669
v 0.002388 1.341152 0.003950
v -0.046936 1.388986 -0.035953
v 0.024385 1.389217 -0.055372
v 0.064889 1.390149 0.006454
v 0.018600 1.390493 0.064083
v -0.050511 1.389775 0.037873
v -0.014919 1.467548 -0.058111
v 0.054193 1.468266 -0.031902
v 0.050617 1.469054 0.041924
v -0.020704 1.468823 0.061343
v -0.061207 1.467892 -0.000483
v 0.001294 1.516888 0.002021
v 0.015413 1.353977 -0.030749
v -0.026508 1.353841 -0.019335
v -0.013579 1.382093 -0.054204
v -0.057601 1.382421 0.000604
v -0.028609 1.354305 0.024059
v 0.039221 1.354524 0.005591
v 0.052150 1.382776 -0.029277
v 0.012013 1.354727 0.039464
v 0.048750 1.383526 0.040936
v -0.019080 1.383306 0.059404
v -0.063888 1.428337 -0.021941
v -0.065990 1.428800 0.021453
v 0.005241 1.428270 -0.067228
v -0.036681 1.428135 -0.055814
v 0.069671 1.429240 -0.015482
v 0.045864 1.428692 -0.051823
v 0.040362 1.429906 0.061785
v 0.067570 1.429703 0.027912
v -0.042182 1.429348 0.057794
v -0.001560 1.429770 0.073199
v -0.045069 1.474514 -0.034965
v 0.022762 1.474734 -0.053433
v 0.061282 1.475619 0.005367
v 0.017260 1.475947 0.060175
v -0.048469 1.475264 0.035248
v -0.008332 1.503314 -0.033493
v -0.035540 1.503516 0.000380
v 0.032291 1.503736 -0.018088
v 0.030189 1.504199 0.025306
v -0.011732 1.504063 0.036720
v 0.180459 1.337167 -0.111980
v 0.170795 1.350693 -0.100975
v 0.173303 1.350582 -0.124875
v 0.174060 1.341201 -0.104127
v 0.171517 1.342947 -0.112945
v 0.169001 1.350687 -0.113245
v 0.175834 1.341123 -0.121027
v 0.192953 1.637003 -0.112063
v 0.184687 1.623768 -0.124951
v 0.182179 1.623879 -0.101050
v 0.188003 1.633153 -0.121108
v 0.183542 1.631520 -0.113025
v 0.180385 1.623872 -0.113321
v 0.186230 1.633232 -0.104208
v 0.191037 1.336943 -0.129106
v 0.176461 1.350515 -0.129987
v 0.196708 1.350144 -0.142927
v 0.180924 1.341015 -0.129267
v 0.186238 1.342636 -0.136778
v 0.184934 1.350349 -0.139040
v 0.195241 1.340752 -0.138417
v 0.200066 1.636853 -0.123578
v 0.204934 1.623397 -0.137890
v 0.184687 1.623768 -0.124951
v 0.204035 1.632854 -0.133033
v 0.194928 1.631279 -0.131458
v 0.193160 1.623602 -0.134004
v 0.189718 1.633117 -0.123883
v 0.211021 1.336607 -0.131511
v 0.202673 1.350044 -0.143645
v 0.225413 1.349692 -0.135880
v 0.204856 1.340591 -0.139574
v 0.214048 1.342168 -0.140126
v 0.215033 1.349843 -0.142663
v 0.220936 1.340342 -0.134084
v 0.213503 1.636627 -0.125196
v 0.227674 1.623045 -0.130125
v 0.204934 1.623397 -0.137890
v 0.223353 1.632551 -0.127932
v 0.216437 1.630917 -0.134047
v 0.217295 1.623196 -0.136909
v 0.207274 1.632800 -0.133423
v 0.225362 1.336413 -0.117385
v 0.229694 1.349634 -0.131663
v 0.237803 1.349566 -0.109041
v 0.227836 1.340248 -0.127287
v 0.234005 1.341897 -0.120467
v 0.236634 1.349550 -0.121387
v 0.233570 1.340201 -0.111290
v 0.223145 1.636496 -0.115697
v 0.235783 1.622978 -0.107503
v 0.227674 1.623045 -0.130125
v 0.231412 1.632472 -0.109646
v 0.231872 1.630707 -0.118843
v 0.234614 1.622961 -0.119849
v 0.225678 1.632520 -0.125643
v 0.223261 1.336506 -0.097365
v 0.237176 1.349594 -0.103065
v 0.224547 1.349862 -0.082621
v 0.232559 1.340246 -0.101657
v 0.231082 1.342027 -0.092606
v 0.233469 1.349690 -0.091232
v 0.223630 1.340435 -0.087201
v 0.221733 1.636559 -0.102236
v 0.223155 1.623245 -0.087059
v 0.235783 1.622978 -0.107503
v 0.222142 1.632676 -0.091945
v 0.229611 1.630808 -0.097294
v 0.232077 1.623073 -0.095670
v 0.231071 1.632487 -0.106401
v 0.206300 1.336816 -0.086525
v 0.219485 1.349954 -0.079385
v 0.195629 1.350356 -0.076513
v 0.215469 1.340584 -0.081985
v 0.207479 1.342459 -0.077522
v 0.207923 1.350158 -0.074906
v 0.198600 1.340868 -0.079955
v 0.210329 1.636768 -0.094947
v 0.199299 1.623646 -0.084187
v 0.223155 1.623245 -0.087059
v 0.202524 1.633010 -0.088157
v 0.211356 1.631142 -0.085627
v 0.211593 1.623449 -0.082579
v 0.219393 1.632727 -0.090188
v 0.187251 1.337111 -0.093030
v 0.189943 1.350443 -0.078455
v 0.172823 1.350676 -0.095319
v 0.189434 1.341010 -0.083084
v 0.180970 1.342869 -0.086574
v 0.179232 1.350602 -0.084703
v 0.177329 1.341174 -0.095009
v 0.197520 1.636965 -0.099321
v 0.182179 1.623879 -0.101050
v 0.199299 1.623646 -0.084187
v 0.187331 1.633222 -0.101136
v 0.190853 1.631459 -0.092628
v 0.188588 1.623804 -0.090435
v 0.199436 1.633058 -0.089212
v -0.187325 1.324223 -0.095839
v -0.172327 1.337356 -0.095817
v -0.192020 1.337834 -0.082051
v -0.177097 1.327986 -0.096172
v -0.182043 1.329902 -0.088481
v -0.180417 1.337611 -0.086422
v -0.191022 1.328324 -0.086437
v -0.187646 1.624121 -0.106715
v -0.192312 1.611078 -0.091961
v -0.172620 1.610600 -0.105727
v -0.191334 1.620415 -0.097030
v -0.182352 1.618534 -0.098948
v -0.180709 1.610854 -0.096332
v -0.177410 1.620077 -0.106765
v -0.207192 1.324540 -0.092608
v -0.197950 1.337929 -0.081087
v -0.220994 1.338133 -0.087902
v -0.200581 1.328476 -0.084883
v -0.209691 1.330343 -0.083984
v -0.210341 1.338089 -0.081555
v -0.216876 1.328621 -0.089701
v -0.201004 1.624335 -0.104542
v -0.215356 1.611282 -0.098776
v -0.192312 1.611078 -0.091961
v -0.210849 1.620611 -0.101326
v -0.203736 1.618876 -0.095470
v -0.204703 1.611237 -0.092429
v -0.194555 1.620467 -0.096507
v -0.222109 1.324531 -0.106126
v -0.225447 1.338131 -0.091937
v -0.234490 1.337908 -0.114201
v -0.224054 1.328616 -0.096206
v -0.230450 1.330331 -0.102796
v -0.232808 1.338075 -0.101916
v -0.230448 1.328459 -0.111949
v -0.211034 1.624329 -0.113632
v -0.224400 1.611059 -0.121040
v -0.215356 1.611282 -0.098776
v -0.219662 1.620452 -0.119260
v -0.219791 1.618867 -0.110020
v -0.222718 1.611226 -0.108755
v -0.213267 1.620610 -0.103517
v -0.220843 1.324203 -0.126214
v -0.234112 1.337809 -0.120197
v -0.222345 1.337327 -0.141145
v -0.229839 1.328301 -0.121615
v -0.228688 1.329874 -0.130751
v -0.230901 1.337581 -0.132172
v -0.221518 1.327959 -0.136427
v -0.210183 1.624108 -0.127139
v -0.212632 1.610576 -0.141988
v -0.224400 1.611059 -0.121040
v -0.211136 1.620057 -0.137328
v -0.218428 1.618513 -0.131642
v -0.221189 1.610830 -0.133015
v -0.219457 1.620399 -0.122516
v -0.204347 1.323802 -0.137745
v -0.217421 1.337207 -0.144587
v -0.193704 1.336828 -0.148445
v -0.213581 1.327767 -0.141976
v -0.205732 1.329317 -0.146799
v -0.206055 1.336977 -0.149541
v -0.196810 1.327499 -0.144704
v -0.199091 1.623839 -0.134893
v -0.188915 1.610197 -0.145846
v -0.212632 1.610576 -0.141988
v -0.191692 1.619725 -0.141925
v -0.200673 1.618082 -0.144054
v -0.201267 1.610346 -0.146942
v -0.208462 1.619992 -0.139197
v -0.185043 1.323631 -0.132037
v -0.187942 1.336777 -0.146741
v -0.170135 1.336788 -0.130603
v -0.187522 1.327416 -0.141957
v -0.178868 1.329078 -0.138855
v -0.176980 1.336720 -0.140943
v -0.174931 1.327424 -0.130546
v -0.186112 1.623724 -0.131054
v -0.171108 1.610208 -0.129708
v -0.188915 1.610197 -0.145846
v -0.175971 1.619704 -0.129589
v -0.179896 1.617898 -0.137909
v -0.177954 1.610139 -0.140048
v -0.188563 1.619697 -0.141000
v -0.177468 1.323818 -0.113387
v -0.167873 1.336844 -0.125036
v -0.169385 1.337236 -0.101055
v -0.171285 1.327514 -0.121572
v -0.168326 1.329339 -0.112901
v -0.165570 1.337002 -0.112852
v -0.172354 1.327791 -0.104615
v -0.181018 1.623850 -0.118514
v -0.172620 1.610600 -0.105727
v -0.171108 1.610208 -0.129708
v -0.175812 1.620012 -0.109609
v -0.171742 1.618099 -0.117836
v -0.168805 1.610365 -0.117524
v -0.174743 1.619735 -0.126566
v 0.369773 1.565924 -0.161958
v 0.370056 1.566301 -0.166156
v 0.375382 1.563340 -0.161861
v 0.369884 1.566028 -0.164927
v 0.373016 1.564362 -0.164327
v 0.373850 1.564201 -0.164858
v 0.373650 1.563934 -0.161890
v 0.385083 1.593534 -0.166018
v 0.385233 1.593941 -0.161816
v 0.390409 1.590573 -0.161723
v 0.385216 1.593815 -0.164786
v 0.388293 1.592048 -0.164187
v 0.388983 1.591722 -0.161749
v 0.388877 1.591434 -0.164720
v 0.365189 1.566976 0.129604
v 0.370798 1.564392 0.129701
v 0.365339 1.567384 0.133805
v 0.369066 1.564987 0.129672
v 0.368356 1.565432 0.132084
v 0.369172 1.565275 0.132643
v 0.365206 1.567102 0.132574
v 0.380649 1.594993 0.129746
v 0.380366 1.594616 0.133943
v 0.385825 1.591625 0.129839
v 0.380539 1.594889 0.132715
v 0.383633 1.593118 0.132225
v 0.384199 1.592508 0.132781
v 0.384399 1.592774 0.129813
v -0.004624 1.772547 -0.168591
v -0.009800 1.775915 -0.168685
v -0.004341 1.772924 -0.172788
v -0.008373 1.774766 -0.168658
v -0.007607 1.774422 -0.171070
v -0.008174 1.775033 -0.171626
v -0.004513 1.772651 -0.171560
v 0.010836 1.800564 -0.168449
v 0.010686 1.800157 -0.172651
v 0.005227 1.803148 -0.168547
v 0.010820 1.800439 -0.171419
v 0.007670 1.802108 -0.170930
v 0.006853 1.802266 -0.171488
v 0.006960 1.802554 -0.168517
v -0.009208 1.773599 0.122971
v -0.009057 1.774007 0.127172
v -0.014384 1.776968 0.122878
v -0.009191 1.773725 0.125941
v -0.012268 1.775492 0.125341
v -0.012851 1.776107 0.125875
v -0.012958 1.775818 0.122904
v 0.006252 1.801617 0.123113
v 0.000643 1.804200 0.123015
v 0.005969 1.801240 0.127310
v 0.002375 1.803606 0.123045
v 0.003009 1.803178 0.125482
v 0.002176 1.803339 0.126013
v 0.006142 1.801512 0.126082
v 0.620705 1.435178 -0.188727
v 0.620935 1.435611 -0.193760
v 0.625311 1.433089 -0.188731
v 0.620783 1.435332 -0.192289
v 0.623348 1.433954 -0.191640
v 0.624040 1.433855 -0.192291
v 0.623877 1.433549 -0.188732
v 0.635142 1.461073 -0.193356
v 0.635321 1.461374 -0.188311
v 0.639518 1.458551 -0.188327
v 0.635279 1.461313 -0.191876
v 0.637791 1.459839 -0.191229
v 0.638374 1.459530 -0.188320
v 0.638247 1.459317 -0.191887
v 0.618940 1.430608 0.161159
v 0.623546 1.428519 0.161155
v 0.619119 1.430909 0.166204
v 0.622112 1.428979 0.161154
v 0.621553 1.429307 0.164065
v 0.622239 1.429192 0.164721
v 0.618982 1.430669 0.164724
v 0.633556 1.456803 0.161575
v 0.633326 1.456371 0.166609
v 0.637753 1.453981 0.161559
v 0.633478 1.456649 0.165137
v 0.635996 1.455193 0.164476
v 0.636446 1.454654 0.165126
v 0.636608 1.454960 0.161566
v 0.315129 1.605668 -0.188042
v 0.310932 1.608490 -0.188026
v 0.315359 1.606100 -0.193075
v 0.312077 1.607512 -0.188033
v 0.312689 1.607279 -0.190943
v 0.312239 1.607817 -0.191592
v 0.315207 1.605822 -0.191603
v 0.329745 1.631863 -0.187626
v 0.329566 1.631562 -0.192671
v 0.325139 1.633952 -0.187622
v 0.329703 1.631802 -0.191191
v 0.327132 1.633164 -0.190532
v 0.326446 1.633279 -0.191188
v 0.326573 1.633492 -0.187620
v 0.313364 1.601098 0.161844
v 0.313543 1.601398 0.166889
v 0.309167 1.603920 0.161860
v 0.313406 1.601158 0.165409
v 0.310894 1.602632 0.164762
v 0.310438 1.603154 0.165420
v 0.310311 1.602941 0.161853
v 0.327980 1.627293 0.162260
v 0.323374 1.629382 0.162264
v 0.327750 1.626860 0.167294
v 0.324808 1.628922 0.162265
v 0.325337 1.628518 0.165173
v 0.324645 1.628616 0.165825
v 0.327902 1.627139 0.165822
v 0.007800 1.774700 -0.168363
v 0.007569 1.775092 -0.172562
v 0.013021 1.778001 -0.168390
v 0.007725 1.774814 -0.171333
v 0.010836 1.776543 -0.170804
v 0.011416 1.777148 -0.171352
v 0.011579 1.776870 -0.168382
v -0.007103 1.802518 -0.172513
v -0.007295 1.802916 -0.168312
v -0.001652 1.805426 -0.168340
v -0.007247 1.802798 -0.171282
v -0.004081 1.804425 -0.170753
v -0.003392 1.804855 -0.168331
v -0.003257 1.804573 -0.171302
v 0.009161 1.774896 0.123233
v 0.014381 1.778197 0.123207
v 0.008969 1.775294 0.127434
v 0.012940 1.777067 0.123214
v 0.012219 1.776743 0.125643
v 0.012804 1.777348 0.126185
v 0.009113 1.775014 0.126204
v -0.005934 1.803112 0.123285
v -0.005703 1.802720 0.127484
v -0.000291 1.805623 0.123257
v -0.005858 1.802999 0.126255
v -0.002698 1.804625 0.125694
v -0.001868 1.804774 0.126235
v -0.002032 1.805051 0.123265
v -0.369300 1.572953 -0.166468
v -0.374943 1.570443 -0.166440
v -0.369531 1.573346 -0.170667
v -0.373203 1.571014 -0.166448
v -0.372537 1.571441 -0.168876
v -0.373366 1.571292 -0.169418
v -0.369376 1.573067 -0.169437
v -0.384395 1.601169 -0.166416
v -0.384204 1.600772 -0.170617
v -0.389616 1.597869 -0.166390
v -0.384347 1.601052 -0.169386
v -0.387453 1.599323 -0.168826
v -0.388039 1.598718 -0.169368
v -0.388174 1.598999 -0.166397
v -0.367940 1.573150 0.125129
v -0.368131 1.573548 0.129330
v -0.373583 1.570639 0.125157
v -0.367988 1.573268 0.128099
v -0.371154 1.571641 0.127570
v -0.371978 1.571492 0.128119
v -0.371842 1.571211 0.125149
v -0.383035 1.601366 0.125180
v -0.388255 1.598065 0.125207
v -0.382804 1.600974 0.129380
v -0.386814 1.599195 0.125200
v -0.386070 1.599523 0.127621
v -0.386650 1.598918 0.128169
v -0.382959 1.601252 0.128150
v -0.305162 1.595518 -0.201071
v -0.305395 1.595846 -0.206112
v -0.300873 1.598197 -0.201129
v -0.305248 1.595595 -0.204635
v -0.302680 1.596981 -0.204014
v -0.302215 1.597490 -0.204676
v -0.302050 1.597257 -0.201111
v -0.318737 1.621775 -0.206234
v -0.318888 1.622193 -0.201196
v -0.314214 1.624125 -0.201251
v -0.318861 1.622052 -0.204759
v -0.316243 1.623341 -0.204138
v -0.315663 1.623714 -0.201236
v -0.315556 1.623418 -0.204798
v -0.302322 1.598624 0.148824
v -0.298033 1.601303 0.148765
v -0.302473 1.599042 0.153862
v -0.299209 1.600363 0.148783
v -0.299792 1.600139 0.151700
v -0.299316 1.600659 0.152346
v -0.302349 1.598765 0.152387
v -0.316047 1.625300 0.148699
v -0.315814 1.624971 0.153740
v -0.311374 1.627232 0.148644
v -0.315962 1.625222 0.152263
v -0.313355 1.626499 0.151576
v -0.312657 1.626588 0.152224
v -0.312822 1.626820 0.148659
v -0.616299 1.435447 -0.197124
v -0.620972 1.433515 -0.197069
v -0.616532 1.435776 -0.202165
v -0.619524 1.433926 -0.197084
v -0.618991 1.434248 -0.200001
v -0.619689 1.434159 -0.200649
v -0.616384 1.435525 -0.200688
v -0.630024 1.462123 -0.197249
v -0.629873 1.461705 -0.202287
v -0.634314 1.459444 -0.197191
v -0.629997 1.461982 -0.200812
v -0.632554 1.460608 -0.200125
v -0.633030 1.460088 -0.200771
v -0.633137 1.460384 -0.197208
v -0.613458 1.438554 0.152771
v -0.613609 1.438972 0.157809
v -0.618132 1.436621 0.152826
v -0.613486 1.438694 0.156334
v -0.616103 1.437406 0.155713
v -0.616790 1.437328 0.156373
v -0.616683 1.437033 0.152811
v -0.627184 1.465229 0.152646
v -0.631473 1.462550 0.152704
v -0.626951 1.464901 0.157687
v -0.630296 1.463490 0.152686
v -0.629666 1.463766 0.155589
v -0.630131 1.463257 0.156251
v -0.627099 1.465151 0.156210
v 0.054111 1.718330 -0.192835
v 0.054133 1.719022 -0.197587
v 0.055504 1.718976 -0.192818
v 0.054129 1.718558 -0.196198
v 0.054933 1.718641 -0.195575
v 0.055114 1.719015 -0.196186
v 0.055099 1.718526 -0.192827
v 0.053639 1.762755 -0.197024
v 0.053603 1.763324 -0.192257
v 0.055010 1.762709 -0.192256
v 0.053626 1.763183 -0.195624
v 0.054431 1.763102 -0.195003
v 0.054595 1.763150 -0.192253
v 0.054621 1.762748 -0.195624
v 0.052133 1.714058 0.137611
v 0.053525 1.714704 0.137628
v 0.052097 1.714627 0.142379
v 0.053120 1.714254 0.137620
v 0.052921 1.714298 0.140368
v 0.053095 1.714656 0.140991
v 0.052110 1.714200 0.140979
v 0.051625 1.759052 0.138190
v 0.051603 1.758361 0.142941
v 0.053032 1.758438 0.138190
v 0.051607 1.758824 0.141553
v 0.052419 1.758759 0.140939
v 0.052601 1.758390 0.141553
v 0.052617 1.758878 0.138194
v -0.043081 1.717241 -0.193431
v -0.044488 1.717855 -0.193432
v -0.043059 1.717932 -0.198183
v -0.044073 1.717414 -0.193435
v -0.043875 1.717533 -0.196181
v -0.044058 1.717903 -0.196795
v -0.043063 1.717469 -0.196794
v -0.043589 1.762234 -0.192853
v -0.043553 1.761666 -0.197620
v -0.044981 1.761589 -0.192869
v -0.043566 1.762093 -0.196220
v -0.044377 1.761995 -0.195609
v -0.044551 1.761637 -0.196232
v -0.044576 1.762039 -0.192861
v -0.045060 1.712969 0.137015
v -0.045095 1.713537 0.141783
v -0.046467 1.713583 0.137015
v -0.045082 1.713110 0.140383
v -0.045887 1.713191 0.139762
v -0.046077 1.713544 0.140383
v -0.046051 1.713142 0.137012
v -0.045567 1.757963 0.137594
v -0.046960 1.757317 0.137577
v -0.045589 1.757271 0.142345
v -0.046555 1.757767 0.137585
v -0.046389 1.757652 0.140333
v -0.046570 1.757278 0.140945
v -0.045585 1.757735 0.140957
vn 0.0638 -0.9951 -0.0755
vn 0.0907 -0.8399 -0.5351
vn 0.2948 -0.9248 -0.2405
vn 0.1163 0.7521 -0.6487
vn 0.0287 0.9923 -0.1204
vn 0.2736 0.9265 -0.2585
vn 0.0516 -0.9914 0.1203
vn 0.2952 -0.9200 0.2579
vn 0.1348 -0.7493 0.6484
vn 0.0411 0.9963 0.0754
vn 0.0725 0.8418 0.5350
vn 0.2740 0.9313 0.2400
vn -0.0289 -0.9945 -0.1011
vn -0.2740 -0.9313 -0.2400
vn -0.1174 -0.7646 -0.6337
vn -0.0639 0.9934 -0.0947
vn -0.0916 0.8294 -0.5512
vn -0.2952 0.9200 -0.2579
vn -0.0410 -0.9946 0.0948
vn -0.0716 -0.8312 0.5513
vn -0.2736 -0.9265 0.2585
vn -0.0514 0.9935 0.1012
vn -0.2948 0.9248 0.2405
vn -0.1337 0.7617 0.6340
vn 0.0641 -0.9979 0.0096
vn 0.3046 -0.9524 0.0090
vn 0.1913 -0.0073 -0.9815
vn 0.7515 0.0022 -0.6597
vn 0.0412 0.9991 -0.0097
vn 0.2827 0.9591 -0.0095
vn 0.1930 0.0117 0.9811
vn 0.7526 0.0150 0.6583
vn 0.0115 -0.9927 0.1205
vn 0.0101 -0.8331 0.5531
vn -0.0113 0.9948 0.1012
vn -0.0091 0.8436 0.5368
vn -0.7515 -0.0022 0.6597
vn -0.1913 0.0073 0.9815
vn -0.0412 -0.9991 0.0097
vn -0.2828 -0.9591 0.0095
vn -0.0641 0.9979 -0.0096
vn -0.3046 0.9524 -0.0090
vn -0.1930 -0.0117 -0.9811
vn -0.7526 -0.0150 -0.6583
vn 0.0113 -0.9948 -0.1012
vn 0.0091 -0.8436 -0.5368
vn -0.0115 0.9927 -0.1205
vn -0.0101 0.8331 -0.5531
vn 0.0114 -0.9999 0.0097
vn 0.9999 0.0114 -0.0010
vn -0.0008 -0.0097 -1.0000
vn -0.0114 0.9999 -0.0097
vn 0.0008 0.0097 1.0000
vn -0.9999 -0.0114 0.0010
vn 0.9352 -0.2537 -0.2473
vn 0.7645 -0.1216 -0.6331
vn 0.9925 -0.0517 -0.1107
vn 0.8434 0.0482 -0.5351
vn 0.9438 0.2160 -0.2501
vn 0.9960 0.0238 -0.0863
vn 0.9369 -0.2508 0.2434
vn 0.9950 -0.0606 0.0793
vn 0.8448 -0.0795 0.5291
vn 0.9456 0.2189 0.2407
vn 0.7729 0.0931 0.6277
vn 0.9945 0.0149 0.1036
vn -0.9456 -0.2189 -0.2406
vn -0.9966 -0.0247 -0.0788
vn -0.8473 -0.0545 -0.5283
vn -0.9369 0.2508 -0.2434
vn -0.7690 0.1141 -0.6289
vn -0.9933 0.0504 -0.1041
vn -0.9438 -0.2160 0.2501
vn -0.7683 -0.0857 0.6343
vn -0.9937 -0.0137 0.1111
vn -0.9352 0.2537 0.2472
vn -0.9944 0.0616 0.0858
vn -0.8410 0.0857 0.5343
vn 0.9656 -0.2602 -0.0020
vn 0.9981 -0.0613 -0.0033
vn 0.8440 -0.0188 -0.5359
vn 0.9936 -0.0190 -0.1109
vn 0.9745 0.2243 -0.0049
vn 0.9997 0.0243 -0.0038
vn 0.8479 -0.0125 0.5300
vn 0.9944 -0.0177 0.1039
vn -0.0101 -0.6871 0.7265
vn 0.0006 -0.1562 0.9877
vn 0.0154 0.6957 0.7182
vn 0.0066 0.1679 0.9858
vn -0.9936 0.0190 0.1109
vn -0.8441 0.0188 0.5359
vn -0.9745 -0.2243 0.0049
vn -0.9997 -0.0243 0.0038
vn -0.9656 0.2602 0.0020
vn -0.9981 0.0613 0.0033
vn -0.8480 0.0125 -0.5299
vn -0.9944 0.0177 -0.1039
vn -0.0154 -0.6957 -0.7182
vn -0.0066 -0.1679 -0.9858
vn 0.0101 0.6871 -0.7265
vn -0.0006 0.1562 -0.9877
vn -0.0185 -0.9998 0.0060
vn 0.9998 -0.0185 -0.0035
vn -0.0036 -0.0059 -1.0000
vn 0.0185 0.9998 -0.0060
vn 0.0036 0.0059 1.0000
vn -0.9998 0.0185 0.0035
vn 0.9396 -0.2505 -0.2333
vn 0.7764 -0.1121 -0.6202
vn 0.9944 -0.0508 -0.0924
vn 0.8535 0.0561 -0.5180
vn 0.9486 0.2192 -0.2284
vn 0.9975 0.0243 -0.0668
vn 0.9320 -0.2555 0.2573
vn 0.9933 -0.0627 0.0974
vn 0.8345 -0.0887 0.5439
vn 0.9409 0.2142 0.2622
vn 0.7608 0.0824 0.6437
vn 0.9923 0.0124 0.1230
vn -0.9409 -0.2142 -0.2622
vn -0.9949 -0.0226 -0.0982
vn -0.8370 -0.0453 -0.5453
vn -0.9320 0.2555 -0.2573
vn -0.7569 0.1249 -0.6415
vn -0.9911 0.0529 -0.1222
vn -0.9486 -0.2192 0.2285
vn -0.7804 -0.0952 0.6181
vn -0.9957 -0.0146 0.0918
vn -0.9396 0.2505 0.2334
vn -0.9958 0.0610 0.0677
vn -0.8510 0.0779 0.5194
vn 0.9653 -0.2610 0.0123
vn 0.9980 -0.0621 0.0149
vn 0.8542 -0.0109 -0.5198
vn 0.9956 -0.0181 -0.0922
vn 0.9745 0.2235 0.0174
vn 0.9996 0.0235 0.0158
vn 0.8376 -0.0217 0.5458
vn 0.9922 -0.0203 0.1227
vn -0.0244 -0.6987 0.7150
vn -0.0184 -0.1720 0.9849
vn 0.0020 0.6841 0.7294
vn -0.0122 0.1520 0.9883
vn -0.9956 0.0181 0.0921
vn -0.8542 0.0109 0.5199
vn -0.9745 -0.2235 -0.0174
vn -0.9996 -0.0235 -0.0158
vn -0.9653 0.2610 -0.0123
vn -0.9980 0.0621 -0.0149
vn -0.8376 0.0217 -0.5458
vn -0.9922 0.0203 -0.1227
vn -0.0020 -0.6841 -0.7294
vn 0.0122 -0.1520 -0.9883
vn 0.0244 0.6987 -0.7150
vn 0.0184 0.1720 -0.9849
vn -0.0191 -0.9998 -0.0104
vn 0.9997 -0.0193 0.0153
vn 0.0155 0.0101 -0.9998
vn 0.0191 0.9998 0.0104
vn -0.0155 -0.0101 0.9998
vn -0.9997 0.0193 -0.0153
vn 0.0936 -0.2283 -0.9691
vn 0.0248 -0.0364 -0.9990
vn 0.1743 -0.0611 -0.9828
vn 0.0318 0.0168 -0.9994
vn 0.0565 0.1664 -0.9844
vn 0.2237 0.0859 -0.9709
vn 0.0532 -0.1664 0.9846
vn 0.2205 -0.0858 0.9716
vn 0.0284 -0.0168 0.9995
vn 0.0904 0.2283 0.9694
vn 0.0214 0.0364 0.9991
vn 0.1710 0.0611 0.9834
vn -0.0532 -0.1789 -0.9824
vn -0.2205 -0.0982 -0.9704
vn -0.0284 -0.0294 -0.9992
vn -0.0904 0.2159 -0.9722
vn -0.0214 0.0238 -0.9995
vn -0.1710 0.0486 -0.9841
vn -0.0936 -0.2160 0.9719
vn -0.0248 -0.0238 0.9994
vn -0.1743 -0.0487 0.9835
vn -0.0565 0.1789 0.9822
vn -0.2237 0.0981 0.9697
vn -0.0318 0.0294 0.9991
vn 0.3828 -0.9238 0.0065
vn 0.9239 -0.3826 0.0040
vn 0.0318 -0.0063 -0.9995
vn 0.1746 -0.0062 -0.9846
vn 0.3826 0.9239 -0.0052
vn 0.9238 0.3828 -0.0009
vn 0.0284 0.0063 0.9996
vn 0.1713 0.0063 0.9852
vn -0.0016 -0.1667 0.9860
vn -0.0017 -0.0238 0.9997
vn -0.0017 0.1792 0.9838
vn -0.0017 0.0364 0.9993
vn -0.1746 0.0062 0.9846
vn -0.0318 0.0063 0.9995
vn -0.3826 -0.9239 0.0052
vn -0.9238 -0.3828 0.0009
vn -0.3827 0.9238 -0.0065
vn -0.9239 0.3826 -0.0040
vn -0.0284 -0.0063 -0.9996
vn -0.1713 -0.0063 -0.9852
vn 0.0017 -0.1792 -0.9838
vn 0.0017 -0.0364 -0.9993
vn 0.0016 0.1667 -0.9860
vn 0.0017 0.0238 -0.9997
vn 0.0001 -1.0000 0.0063
vn 1.0000 0.0001 0.0017
vn 0.0017 -0.0063 -1.0000
vn -0.0001 1.0000 -0.0063
vn -0.0017 0.0063 1.0000
vn -1.0000 -0.0001 -0.0017
vn 0.0429 -0.9986 -0.0304
vn 0.0653 -0.9385 -0.3391
vn 0.1815 -0.9742 -0.1345
vn 0.0739 0.8831 -0.4632
vn 0.0100 0.9963 -0.0855
vn 0.1561 0.9724 -0.1733
vn 0.0353 -0.9957 0.0857
vn 0.1797 -0.9680 0.1752
vn 0.0920 -0.8810 0.4642
vn 0.0162 0.9994 0.0307
vn 0.0369 0.9398 0.3397
vn 0.1543 0.9786 0.1364
vn -0.0092 -0.9989 -0.0460
vn -0.1543 -0.9786 -0.1364
vn -0.0687 -0.9009 -0.4287
vn -0.0423 0.9966 -0.0705
vn -0.0612 0.9242 -0.3769
vn -0.1797 0.9680 -0.1752
vn -0.0168 -0.9974 0.0702
vn -0.0410 -0.9256 0.3763
vn -0.1560 -0.9724 0.1733
vn -0.0360 0.9983 0.0457
vn -0.1815 0.9742 0.1345
vn -0.0971 0.8987 0.4278
vn 0.0426 -0.9989 0.0201
vn 0.1828 -0.9829 0.0206
vn 0.1885 -0.0171 -0.9819
vn 0.7388 -0.0038 -0.6739
vn 0.0165 0.9997 -0.0198
vn 0.1571 0.9874 -0.0187
vn 0.1771 0.0219 0.9839
vn 0.7310 0.0231 0.6820
vn 0.0126 -0.9962 0.0856
vn 0.0101 -0.9261 0.3771
vn -0.0134 0.9989 0.0459
vn -0.0143 0.9404 0.3399
vn -0.7388 0.0038 0.6739
vn -0.1885 0.0171 0.9819
vn -0.0165 -0.9997 0.0198
vn -0.1570 -0.9874 0.0187
vn -0.0426 0.9989 -0.0201
vn -0.1828 0.9829 -0.0206
vn -0.1771 -0.0219 -0.9839
vn -0.7310 -0.0231 -0.6820
vn 0.0134 -0.9989 -0.0459
vn 0.0143 -0.9404 -0.3398
vn -0.0126 0.9962 -0.0856
vn -0.0101 0.9261 -0.3771
vn 0.0131 -0.9997 0.0199
vn 0.9999 0.0132 0.0055
vn 0.0058 -0.0199 -0.9998
vn -0.0131 0.9997 -0.0199
vn -0.0058 0.0199 0.9998
vn -0.9999 -0.0132 -0.0055
vn 0.0249 -0.9991 -0.0347
vn 0.0527 -0.9379 -0.3428
vn 0.1654 -0.9767 -0.1368
vn 0.0963 0.8838 -0.4579
vn 0.0294 0.9963 -0.0805
vn 0.1762 0.9702 -0.1665
vn 0.0159 -0.9966 0.0813
vn 0.1595 -0.9719 0.1728
vn 0.0696 -0.8846 0.4611
vn 0.0341 0.9988 0.0358
vn 0.0495 0.9374 0.3448
vn 0.1703 0.9749 0.1432
vn -0.0269 -0.9983 -0.0510
vn -0.1703 -0.9749 -0.1432
vn -0.0794 -0.8974 -0.4339
vn -0.0230 0.9975 -0.0662
vn -0.0391 0.9270 -0.3731
vn -0.1595 0.9719 -0.1729
vn -0.0360 -0.9972 0.0651
vn -0.0631 -0.9264 0.3712
vn -0.1761 -0.9702 0.1664
vn -0.0184 0.9986 0.0501
vn -0.1654 0.9767 0.1368
vn -0.0864 0.8983 0.4308
vn 0.0240 -0.9996 0.0158
vn 0.1645 -0.9862 0.0182
vn 0.2014 -0.0160 -0.9794
vn 0.7477 -0.0142 -0.6639
vn 0.0351 0.9993 -0.0146
vn 0.1754 0.9844 -0.0118
vn 0.1642 0.0141 0.9863
vn 0.7220 0.0065 0.6919
vn -0.0068 -0.9967 0.0809
vn -0.0120 -0.9279 0.3726
vn 0.0043 0.9987 0.0506
vn -0.0016 0.9389 0.3443
vn -0.7477 0.0142 0.6639
vn -0.2014 0.0160 0.9794
vn -0.0351 -0.9993 0.0146
vn -0.1754 -0.9844 0.0118
vn -0.0240 0.9996 -0.0158
vn -0.1645 0.9862 -0.0182
vn -0.1642 -0.0141 -0.9863
vn -0.7220 -0.0065 -0.6919
vn -0.0043 -0.9987 -0.0506
vn 0.0016 -0.9389 -0.3443
vn 0.0068 0.9967 -0.0809
vn 0.0120 0.9279 -0.3726
vn -0.0055 -0.9999 0.0152
vn 0.9998 -0.0053 0.0190
vn 0.0189 -0.0153 -0.9997
vn 0.0055 0.9999 -0.0152
vn -0.0189 0.0153 0.9997
vn -0.9998 0.0053 -0.0190
vn 0.9693 -0.1889 -0.1573
vn 0.8860 -0.0784 -0.4570
vn 0.9981 -0.0097 -0.0616
vn 0.9273 0.0873 -0.3639
vn 0.9620 0.2289 -0.1490
vn 0.9975 0.0555 -0.0443
vn 0.9669 -0.1954 0.1641
vn 0.9980 -0.0208 0.0599
vn 0.9240 -0.0551 0.3784
vn 0.9596 0.2225 0.1725
vn 0.8755 0.1090 0.4708
vn 0.9960 0.0444 0.0772
vn -0.9596 -0.2225 -0.1725
vn -0.9967 -0.0534 -0.0614
vn -0.9217 -0.0723 -0.3810
vn -0.9669 0.1954 -0.1641
vn -0.8791 0.0970 -0.4667
vn -0.9970 0.0125 -0.0761
vn -0.9620 -0.2289 0.1490
vn -0.8824 -0.1276 0.4529
vn -0.9971 -0.0472 0.0604
vn -0.9693 0.1889 0.1574
vn -0.9988 0.0187 0.0458
vn -0.9296 0.0401 0.3665
vn 0.9809 -0.1947 0.0034
vn 0.9998 -0.0198 0.0071
vn 0.9304 0.0237 -0.3659
vn 0.9980 0.0187 -0.0610
vn 0.9734 0.2287 0.0119
vn 0.9985 0.0545 0.0086
vn 0.9248 0.0086 0.3805
vn 0.9969 0.0160 0.0767
vn 0.0093 -0.8046 0.5937
vn -0.0035 -0.2373 0.9714
vn -0.0185 0.7800 0.6255
vn -0.0111 0.1980 0.9801
vn -0.9980 -0.0187 0.0610
vn -0.9303 -0.0237 0.3659
vn -0.9734 -0.2287 -0.0119
vn -0.9985 -0.0545 -0.0086
vn -0.9809 0.1947 -0.0034
vn -0.9998 0.0197 -0.0071
vn -0.9247 -0.0086 -0.3805
vn -0.9969 -0.0160 -0.0767
vn 0.0185 -0.7801 -0.6254
vn 0.0111 -0.1980 -0.9801
vn -0.0093 0.8046 -0.5937
vn 0.0035 0.2373 -0.9714
vn 0.0176 -0.9996 -0.0200
vn 0.9998 0.0174 0.0078
vn 0.0075 0.0201 -0.9998
vn -0.0176 0.9996 0.0200
vn -0.0075 -0.0201 0.9998
vn -0.9998 -0.0174 -0.0078
vn 0.9621 -0.2111 -0.1725
vn 0.8746 -0.1065 -0.4730
vn 0.9962 -0.0302 -0.0819
vn 0.9209 0.0607 -0.3850
vn 0.9627 0.2069 -0.1745
vn 0.9972 0.0354 -0.0662
vn 0.9664 -0.2096 0.1490
vn 0.9985 -0.0383 0.0399
vn 0.9306 -0.0633 0.3605
vn 0.9669 0.2084 0.1470
vn 0.8871 0.1040 0.4498
vn 0.9981 0.0273 0.0555
vn -0.9669 -0.2084 -0.1470
vn -0.9986 -0.0359 -0.0395
vn -0.9308 -0.0642 -0.3599
vn -0.9664 0.2096 -0.1490
vn -0.8868 0.1021 -0.4507
vn -0.9980 0.0295 -0.0558
vn -0.9627 -0.2069 0.1745
vn -0.8749 -0.0996 0.4740
vn -0.9963 -0.0267 0.0821
vn -0.9621 0.2111 0.1725
vn -0.9971 0.0388 0.0659
vn -0.9207 0.0668 0.3844
vn 0.9769 -0.2131 -0.0119
vn 0.9992 -0.0386 -0.0130
vn 0.9227 -0.0031 -0.3855
vn 0.9966 -0.0018 -0.0820
vn 0.9775 0.2104 -0.0139
vn 0.9993 0.0357 -0.0134
vn 0.9326 0.0004 0.3610
vn 0.9984 -0.0011 0.0557
vn 0.0070 -0.7897 0.6134
vn 0.0126 -0.2131 0.9770
vn 0.0091 0.7955 0.6059
vn 0.0132 0.2223 0.9749
vn -0.9966 0.0018 0.0820
vn -0.9227 0.0031 0.3855
vn -0.9775 -0.2103 0.0139
vn -0.9993 -0.0357 0.0134
vn -0.9770 0.2131 0.0119
vn -0.9992 0.0386 0.0130
vn -0.9326 -0.0004 -0.3610
vn -0.9984 0.0011 -0.0557
vn -0.0091 -0.7955 -0.6059
vn -0.0132 -0.2223 -0.9749
vn -0.0070 0.7897 -0.6134
vn -0.0126 0.2131 -0.9770
vn -0.0014 -1.0000 0.0048
vn 0.9999 -0.0014 -0.0132
vn -0.0132 -0.0047 -0.9999
vn 0.0014 1.0000 -0.0048
vn 0.0132 0.0047 0.9999
vn -0.9999 0.0014 0.0132
vn 0.0371 -0.9614 -0.2726
vn 0.0269 -0.4292 -0.9028
vn 0.0971 -0.7530 -0.6509
vn 0.0167 0.3728 -0.9278
vn -0.0042 0.9508 -0.3099
vn 0.0672 0.7781 -0.6245
vn 0.0301 -0.9503 0.3100
vn 0.0921 -0.7750 0.6252
vn 0.0233 -0.3719 0.9280
vn -0.0026 0.9621 0.2726
vn 0.0026 0.4296 0.9030
vn 0.0623 0.7560 0.6516
vn 0.0067 -0.9395 -0.3426
vn -0.0622 -0.7560 -0.6516
vn -0.0094 -0.3403 -0.9403
vn -0.0351 0.9703 -0.2394
vn -0.0199 0.4601 -0.8876
vn -0.0921 0.7750 -0.6253
vn 0.0006 -0.9710 0.2392
vn -0.0096 -0.4607 0.8875
vn -0.0673 -0.7781 0.6245
vn -0.0326 0.9390 0.3425
vn -0.0971 0.7529 0.6510
vn -0.0306 0.3397 0.9400
vn 0.0373 -0.9992 -0.0172
vn 0.1229 -0.9923 -0.0167
vn 0.0253 0.0177 -0.9995
vn 0.1278 0.0196 -0.9916
vn -0.0016 0.9998 0.0173
vn 0.0841 0.9963 0.0176
vn 0.0175 -0.0169 0.9997
vn 0.1200 -0.0148 0.9927
vn 0.0171 -0.9506 0.3100
vn 0.0052 -0.4605 0.8876
vn -0.0197 0.9393 0.3425
vn -0.0122 0.4294 0.9030
vn -0.1278 -0.0196 0.9916
vn -0.0253 -0.0177 0.9995
vn 0.0016 -0.9998 -0.0173
vn -0.0841 -0.9963 -0.0176
vn -0.0373 0.9992 0.0172
vn -0.1228 0.9923 0.0167
vn -0.0175 0.0169 -0.9997
vn -0.1200 0.0148 -0.9927
vn 0.0197 -0.9393 -0.3426
vn 0.0122 -0.4294 -0.9030
vn -0.0171 0.9506 -0.3099
vn -0.0052 0.4604 -0.8877
vn 0.0195 -0.9997 -0.0172
vn 0.9998 0.0194 0.0043
vn 0.0039 0.0173 -0.9998
vn -0.0195 0.9997 0.0172
vn -0.0039 -0.0173 0.9998
vn -0.9998 -0.0194 -0.0043
vn -0.0033 -0.9671 -0.2545
vn -0.0069 -0.4465 -0.8947
vn 0.0566 -0.7681 -0.6379
vn 0.0114 0.3544 -0.9350
vn 0.0240 0.9443 -0.3281
vn 0.0827 0.7633 -0.6407
vn 0.0019 -0.9447 0.3278
vn 0.0766 -0.7661 0.6381
vn 0.0286 -0.3553 0.9343
vn 0.0378 0.9664 0.2541
vn 0.0364 0.4460 0.8943
vn 0.1028 0.7652 0.6355
vn -0.0342 -0.9453 -0.3243
vn -0.1028 -0.7653 -0.6355
vn -0.0408 -0.3572 -0.9332
vn -0.0048 0.9663 -0.2575
vn -0.0212 0.4439 -0.8958
vn -0.0766 0.7661 -0.6382
vn -0.0297 -0.9657 0.2580
vn -0.0083 -0.4433 0.8964
vn -0.0827 -0.7633 0.6407
vn 0.0083 0.9457 0.3249
vn -0.0566 0.7680 0.6380
vn 0.0008 0.3578 0.9338
vn 0.0008 -1.0000 0.0015
vn 0.0865 -0.9963 0.0001
vn 0.0057 -0.0018 -1.0000
vn 0.1083 -0.0036 -0.9941
vn 0.0349 0.9994 -0.0020
vn 0.1205 0.9927 -0.0034
vn 0.0371 0.0011 0.9993
vn 0.1395 -0.0006 0.9902
vn -0.0110 -0.9446 0.3279
vn 0.0065 -0.4436 0.8962
vn 0.0213 0.9456 0.3245
vn 0.0217 0.4463 0.8946
vn -0.1083 0.0036 0.9941
vn -0.0057 0.0018 1.0000
vn -0.0349 -0.9994 0.0020
vn -0.1205 -0.9927 0.0034
vn -0.0008 1.0000 -0.0015
vn -0.0865 0.9963 -0.0001
vn -0.0371 -0.0011 -0.9993
vn -0.1395 0.0006 -0.9902
vn -0.0213 -0.9456 -0.3246
vn -0.0217 -0.4464 -0.8946
vn 0.0110 0.9446 -0.3279
vn -0.0065 0.4438 -0.8961
vn -0.0171 -0.9999 0.0018
vn 0.9997 -0.0171 -0.0157
vn -0.0157 -0.0015 -0.9999
vn 0.0171 0.9999 -0.0018
vn 0.0157 0.0015 0.9999
vn -0.9997 0.0171 0.0157
vn 0.0366 -0.9991 -0.0197
vn 0.0492 -0.9685 -0.2441
vn 0.1385 -0.9857 -0.0961
vn 0.0441 0.9374 -0.3454
vn 0.0005 0.9981 -0.0622
vn 0.1080 0.9859 -0.1276
vn 0.0330 -0.9976 0.0616
vn 0.1425 -0.9821 0.1230
vn 0.0851 -0.9355 0.3430
vn 0.0070 0.9998 0.0189
vn 0.0288 0.9697 0.2427
vn 0.1120 0.9895 0.0915
vn -0.0021 -0.9996 -0.0297
vn -0.1120 -0.9895 -0.0915
vn -0.0560 -0.9481 -0.3130
vn -0.0378 0.9980 -0.0508
vn -0.0586 0.9601 -0.2735
vn -0.1425 0.9821 -0.1229
vn -0.0057 -0.9987 0.0516
vn -0.0194 -0.9613 0.2749
vn -0.1080 -0.9859 0.1276
vn -0.0313 0.9991 0.0303
vn -0.1385 0.9857 0.0961
vn -0.0732 0.9461 0.3154
vn 0.0372 -0.9992 0.0155
vn 0.1413 -0.9899 0.0135
vn 0.1746 -0.0130 -0.9845
vn 0.7406 0.0007 -0.6719
vn 0.0064 0.9998 -0.0163
vn 0.1107 0.9937 -0.0181
vn 0.2103 0.0188 0.9775
vn 0.7645 0.0221 0.6442
vn 0.0163 -0.9980 0.0619
vn 0.0196 -0.9614 0.2744
vn -0.0146 0.9994 0.0300
vn -0.0102 0.9698 0.2436
vn -0.7406 -0.0007 0.6719
vn -0.1746 0.0130 0.9845
vn -0.0064 -0.9998 0.0163
vn -0.1107 -0.9937 0.0181
vn -0.0372 0.9992 -0.0155
vn -0.1413 0.9899 -0.0135
vn -0.2103 -0.0188 -0.9775
vn -0.7645 -0.0221 -0.6442
vn 0.0146 -0.9994 -0.0300
vn 0.0102 -0.9698 -0.2436
vn -0.0163 0.9980 -0.0619
vn -0.0196 0.9614 -0.2744
vn 0.0154 -0.9998 0.0159
vn 0.9997 0.0151 -0.0184
vn -0.0182 -0.0162 -0.9997
vn -0.0154 0.9998 -0.0159
vn 0.0182 0.0162 0.9997
vn -0.9997 -0.0151 0.0184
vn 0.0438 -0.9979 -0.0480
vn 0.0712 -0.9193 -0.3870
vn 0.2048 -0.9653 -0.1623
vn 0.0923 0.8648 -0.4936
vn 0.0185 0.9965 -0.0816
vn 0.1878 0.9659 -0.1781
vn 0.0343 -0.9960 0.0822
vn 0.2007 -0.9625 0.1826
vn 0.0962 -0.8631 0.4958
vn 0.0250 0.9985 0.0489
vn 0.0460 0.9204 0.3884
vn 0.1838 0.9687 0.1667
vn -0.0168 -0.9977 -0.0659
vn -0.1837 -0.9687 -0.1667
vn -0.0810 -0.8727 -0.4816
vn -0.0425 0.9970 -0.0652
vn -0.0621 0.9129 -0.4033
vn -0.2007 0.9625 -0.1826
vn -0.0264 -0.9976 0.0644
vn -0.0552 -0.9140 0.4020
vn -0.1878 -0.9659 0.1781
vn -0.0360 0.9972 0.0652
vn -0.2047 0.9653 0.1623
vn -0.1075 0.8710 0.4794
vn 0.0433 -0.9990 0.0086
vn 0.2058 -0.9785 0.0103
vn 0.2011 -0.0063 -0.9795
vn 0.7555 0.0012 -0.6551
vn 0.0257 0.9996 -0.0078
vn 0.1885 0.9820 -0.0058
vn 0.1784 0.0096 0.9839
vn 0.7401 0.0120 0.6724
vn 0.0079 -0.9966 0.0820
vn 0.0035 -0.9150 0.4034
vn -0.0096 0.9978 0.0656
vn -0.0126 0.9214 0.3883
vn -0.7555 -0.0012 0.6551
vn -0.2011 0.0063 0.9795
vn -0.0257 -0.9996 0.0078
vn -0.1886 -0.9820 0.0058
vn -0.0433 0.9990 -0.0086
vn -0.2057 0.9786 -0.0103
vn -0.1784 -0.0096 -0.9839
vn -0.7401 -0.0120 -0.6724
vn 0.0096 -0.9978 -0.0656
vn 0.0126 -0.9214 -0.3883
vn -0.0079 0.9966 -0.0820
vn -0.0035 0.9150 -0.4034
vn 0.0088 -0.9999 0.0082
vn 0.9999 0.0089 0.0115
vn 0.0116 -0.0081 -0.9999
vn -0.0088 0.9999 -0.0082
vn -0.0116 0.0081 0.9999
vn -0.9999 -0.0089 -0.0115
vn -0.1431 -0.9546 -0.2613
vn -0.7087 -0.6670 -0.2298
vn 0.2014 -0.9675 -0.1529
vn 0.2053 -0.9563 0.2083
vn -0.1368 -0.9364 0.3231
vn -0.9148 -0.3206 -0.2458
vn -0.0514 -0.3829 -0.9224
vn 0.8598 -0.4067 -0.3088
vn 0.5595 -0.3591 0.7470
vn -0.5373 -0.3059 0.7860
vn -0.8132 -0.1160 -0.5703
vn 0.2892 -0.1800 -0.9402
vn 0.9830 -0.1833 -0.0049
vn 0.3095 -0.1215 0.9431
vn -0.8007 -0.0799 0.5937
vn -0.3669 0.6911 -0.6227
vn 0.4798 0.6521 -0.5870
vn 0.7087 0.6670 0.2298
vn 0.0035 0.7153 0.6988
vn -0.6613 0.7302 0.1720
vn -0.2014 0.9675 0.1529
vn -0.4223 0.8495 0.3163
vn -0.3539 0.7287 0.5864
vn 0.1431 0.9546 0.2613
vn 0.2221 0.8253 0.5191
vn 0.4919 0.6869 0.5349
vn 0.3521 0.9354 -0.0328
vn 0.6131 0.7894 -0.0311
vn 0.7032 0.6510 -0.2859
vn 0.1368 0.9364 -0.3231
vn 0.2103 0.7914 -0.5740
vn -0.0120 0.6705 -0.7418
vn -0.2053 0.9563 -0.2083
vn -0.4296 0.8285 -0.3593
vn -0.6653 0.7185 -0.2027
vn -0.8598 0.4067 0.3088
vn -0.7754 0.2585 0.5761
vn -0.5435 0.4052 0.7351
vn 0.0514 0.3829 0.9224
vn 0.3218 0.2174 0.9215
vn 0.5539 0.3537 0.7537
vn 0.9148 0.3206 0.2458
vn 0.9876 0.1563 -0.0155
vn 0.9091 0.3041 -0.2848
vn 0.5373 0.3059 -0.7860
vn 0.3018 0.1596 -0.9399
vn 0.0313 0.3249 -0.9452
vn -0.5595 0.3591 -0.7470
vn -0.7878 0.2228 -0.5743
vn -0.8665 0.3873 -0.3149
vn -0.2892 0.1800 0.9402
vn -0.3018 -0.1596 0.9399
vn -0.0313 -0.3249 0.9452
vn 0.8132 0.1160 0.5703
vn 0.7878 -0.2228 0.5743
vn 0.8665 -0.3873 0.3149
vn 0.8007 0.0799 -0.5937
vn 0.7754 -0.2585 -0.5761
vn 0.5435 -0.4052 -0.7351
vn -0.3095 0.1215 -0.9431
vn -0.3218 -0.2174 -0.9215
vn -0.5539 -0.3537 -0.7537
vn -0.9830 0.1833 0.0049
vn -0.9876 -0.1563 0.0155
vn -0.9091 -0.3041 0.2848
vn -0.4798 -0.6521 0.5870
vn -0.2103 -0.7914 0.5740
vn 0.0120 -0.6705 0.7418
vn 0.3669 -0.6911 0.6227
vn 0.4296 -0.8285 0.3593
vn 0.6653 -0.7185 0.2027
vn 0.6613 -0.7302 -0.1720
vn 0.4223 -0.8495 -0.3163
vn 0.3539 -0.7287 -0.5864
vn -0.7032 -0.6510 0.2859
vn -0.6131 -0.7894 0.0311
vn -0.3521 -0.9354 0.0328
vn -0.0035 -0.7153 -0.6988
vn -0.2221 -0.8253 -0.5191
vn -0.4919 -0.6869 -0.5349
vn -0.0999 -0.9205 -0.3777
vn -0.7443 -0.5850 -0.3222
vn 0.3419 -0.9159 -0.2102
vn 0.3190 -0.9109 0.2617
vn -0.1368 -0.9124 0.3858
vn -0.9073 -0.2788 -0.3148
vn 0.0230 -0.2801 -0.9597
vn 0.9239 -0.2669 -0.2743
vn 0.5503 -0.2575 0.7943
vn -0.5815 -0.2649 0.7693
vn -0.7750 -0.1124 -0.6218
vn 0.3535 -0.1088 -0.9291
vn 0.9944 -0.0941 0.0492
vn 0.2619 -0.0886 0.9610
vn -0.8316 -0.1000 0.5463
vn -0.4155 0.5664 -0.7117
vn 0.5400 0.5734 -0.6161
vn 0.7443 0.5850 0.3222
vn -0.0850 0.5851 0.8065
vn -0.8018 0.5737 0.1675
vn -0.3419 0.9159 0.2102
vn -0.5822 0.7237 0.3705
vn -0.4817 0.5810 0.6560
vn 0.0999 0.9205 0.3777
vn 0.1769 0.7316 0.6584
vn 0.4786 0.5870 0.6530
vn 0.3957 0.9183 0.0094
vn 0.6853 0.7278 0.0254
vn 0.7726 0.5788 -0.2612
vn 0.1368 0.9124 -0.3858
vn 0.2404 0.7176 -0.6536
vn -0.0061 0.5677 -0.8232
vn -0.3190 0.9109 -0.2617
vn -0.5429 0.7151 -0.4404
vn -0.7813 0.5691 -0.2563
vn -0.9239 0.2669 0.2743
vn -0.8278 0.1518 0.5400
vn -0.6242 0.2738 0.7317
vn -0.0230 0.2801 0.9597
vn 0.2587 0.1631 0.9521
vn 0.5047 0.2818 0.8160
vn 0.9073 0.2788 0.3148
vn 0.9864 0.1577 0.0461
vn 0.9338 0.2730 -0.2315
vn 0.5815 0.2649 -0.7693
vn 0.3496 0.1431 -0.9259
vn 0.0701 0.2595 -0.9632
vn -0.5503 0.2575 -0.7943
vn -0.7716 0.1394 -0.6206
vn -0.8928 0.2601 -0.3679
vn -0.3535 0.1088 0.9291
vn -0.3496 -0.1431 0.9259
vn -0.0701 -0.2595 0.9632
vn 0.7750 0.1124 0.6218
vn 0.7716 -0.1394 0.6206
vn 0.8928 -0.2601 0.3679
vn 0.8316 0.1000 -0.5463
vn 0.8278 -0.1518 -0.5400
vn 0.6242 -0.2738 -0.7317
vn -0.2619 0.0886 -0.9610
vn -0.2587 -0.1631 -0.9521
vn -0.5047 -0.2818 -0.8160
vn -0.9944 0.0941 -0.0492
vn -0.9864 -0.1577 -0.0461
vn -0.9338 -0.2730 0.2315
vn -0.5400 -0.5734 0.6161
vn -0.2404 -0.7176 0.6536
vn 0.0061 -0.5677 0.8232
vn 0.4155 -0.5664 0.7117
vn 0.5429 -0.7151 0.4404
vn 0.7813 -0.5691 0.2563
vn 0.8018 -0.5737 -0.1675
vn 0.5822 -0.7237 -0.3705
vn 0.4817 -0.5810 -0.6560
vn -0.7726 -0.5788 0.2612
vn -0.6853 -0.7278 -0.0254
vn -0.3957 -0.9183 -0.0094
vn 0.0850 -0.5851 -0.8065
vn -0.1769 -0.7316 -0.6584
vn -0.4786 -0.5870 -0.6530
vn -0.5332 -0.8407 -0.0950
vn -0.9080 -0.3747 0.1877
vn -0.8945 -0.3035 -0.3282
vn -0.5023 0.8646 -0.0147
vn -0.8211 0.4393 -0.3644
vn -0.9178 0.3737 0.1340
vn -0.2615 -0.8462 -0.4643
vn -0.7144 -0.3801 -0.5875
vn -0.3025 -0.3150 -0.8996
vn -0.2983 0.8601 -0.4139
vn -0.2254 0.4280 -0.8752
vn -0.6756 0.3675 -0.6391
vn 0.1966 -0.8538 -0.4821
vn 0.0123 -0.3931 -0.9194
vn 0.5135 -0.3281 -0.7929
vn 0.1409 0.8526 -0.5033
vn 0.5453 0.4158 -0.7279
vn 0.0797 0.3542 -0.9318
vn 0.4961 -0.8577 -0.1350
vn 0.7249 -0.4037 -0.5582
vn 0.9388 -0.3330 -0.0885
vn 0.4846 0.8477 -0.2155
vn 0.9107 0.4118 -0.0334
vn 0.7795 0.3439 -0.5236
vn 0.4115 -0.8550 0.3156
vn 0.8868 -0.4041 0.2243
vn 0.6533 -0.3261 0.6833
vn 0.4740 0.8492 0.2326
vn 0.5956 0.4191 0.6853
vn 0.8967 0.3443 0.2781
vn 0.0066 -0.8477 0.5304
vn 0.3761 -0.3939 0.8387
vn -0.1281 -0.3125 0.9413
vn 0.1171 0.8559 0.5037
vn -0.1627 0.4321 0.8870
vn 0.3432 0.3551 0.8696
vn -0.4139 -0.8413 0.3477
vn -0.4227 -0.3808 0.8224
vn -0.8169 -0.3024 0.4911
vn -0.3174 0.8627 0.3936
vn -0.7932 0.4412 0.4198
vn -0.4644 0.3682 0.8055
vn -0.7810 -0.4031 -0.4771
vn -0.3621 -0.9078 -0.2118
vn -0.7532 0.4590 -0.4712
vn -0.3262 0.9209 -0.2135
vn -0.9886 0.0412 0.1445
vn -0.9371 0.0390 -0.3470
vn -0.3129 0.0269 -0.9494
vn -0.7293 0.0346 -0.6833
vn -0.1156 -0.4152 -0.9023
vn -0.0638 -0.9132 -0.4024
vn -0.0995 0.4471 -0.8890
vn -0.0328 0.9155 -0.4010
vn 0.5472 0.0131 -0.8369
vn 0.0795 0.0203 -0.9966
vn 0.6317 -0.4268 -0.6472
vn 0.2712 -0.9184 -0.2880
vn 0.6346 0.4357 -0.6383
vn 0.2965 0.9104 -0.2885
vn 0.9955 0.0079 -0.0943
vn 0.8287 0.0093 -0.5596
vn 0.8982 -0.4290 0.0962
vn 0.3907 -0.9194 0.0453
vn 0.8964 0.4335 0.0920
vn 0.4140 0.9094 0.0392
vn 0.6945 0.0152 0.7193
vn 0.9543 0.0097 0.2988
vn 0.4832 -0.4202 0.7681
vn 0.2047 -0.9155 0.3465
vn 0.4887 0.4422 0.7521
vn 0.2310 0.9133 0.3354
vn -0.1291 0.0296 0.9912
vn 0.3615 0.0213 0.9321
vn -0.3008 -0.4070 0.8625
vn -0.1468 -0.9096 0.3888
vn -0.0000 0.3050 0.9523
vn -0.1145 0.9191 0.3770
vn -0.8553 0.0401 0.5166
vn -0.5032 0.0353 0.8635
vn -0.8634 -0.3994 0.3083
vn -0.3991 -0.9061 0.1404
vn -0.8341 0.4626 0.3004
vn -0.3625 0.9225 0.1327
vn -0.0165 -0.9999 0.0029
vn -0.8500 0.0353 -0.5255
vn -0.9406 0.0393 0.3373
vn 0.0165 0.9999 -0.0029
vn -0.1191 0.0219 -0.9926
vn 0.7018 0.0092 -0.7123
vn 0.9945 0.0068 0.1043
vn 0.5386 0.0164 0.8424
vn -0.3226 0.0309 0.9460
vn 0.2553 -0.8454 0.4692
vn 0.7266 -0.3912 0.5648
vn 0.3302 -0.3079 0.8923
vn 0.3408 0.8578 0.3848
vn 0.2744 0.4365 0.8569
vn 0.7123 0.3580 0.6036
vn -0.2016 -0.8387 0.5060
vn 0.0143 -0.3760 0.9265
vn -0.4895 -0.2980 0.8195
vn -0.0944 0.8653 0.4923
vn -0.5018 0.4451 0.7416
vn -0.0302 0.3730 0.9273
vn -0.5153 -0.8396 0.1717
vn -0.7127 -0.3714 0.5951
vn -0.9438 -0.3026 0.1333
vn -0.4497 0.8659 0.2191
vn -0.8958 0.4399 0.0630
vn -0.7464 0.3768 0.5485
vn -0.4496 -0.8476 -0.2820
vn -0.9070 -0.3808 -0.1798
vn -0.6906 -0.3181 -0.6495
vn -0.4578 0.8590 -0.2291
vn -0.6109 0.4248 -0.6681
vn -0.8969 0.3665 -0.2475
vn -0.0539 -0.8564 -0.5134
vn -0.4223 -0.3971 -0.8148
vn 0.0794 -0.3330 -0.9396
vn -0.1125 0.8500 -0.5147
vn 0.1383 0.4111 -0.9010
vn -0.3684 0.3499 -0.8613
vn 0.3738 -0.8596 -0.3483
vn 0.3765 -0.4082 -0.8317
vn 0.7864 -0.3359 -0.5184
vn 0.3263 0.8455 -0.4227
vn 0.7878 0.4092 -0.4605
vn 0.4412 0.3394 -0.8307
vn 0.5114 -0.8547 0.0890
vn 0.8878 -0.4055 -0.2177
vn 0.8980 -0.3248 0.2968
vn 0.5280 0.8490 -0.0224
vn 0.8483 0.4205 0.3219
vn 0.9221 0.3431 -0.1788
vn 0.1407 -0.4024 0.9046
vn 0.0533 -0.9074 0.4168
vn 0.1497 0.4596 0.8754
vn 0.0768 0.9211 0.3818
vn 0.7579 0.0245 0.6519
vn 0.3529 0.0343 0.9350
vn -0.5112 0.0447 0.8583
vn -0.0372 0.0405 0.9985
vn -0.6166 -0.3957 0.6806
vn -0.2862 -0.9044 0.3164
vn -0.5942 0.4662 0.6554
vn -0.2570 0.9240 0.2830
vn -0.9900 0.0400 0.1350
vn -0.8040 0.0445 0.5929
vn -0.9138 -0.4030 -0.0510
vn -0.4194 -0.9077 -0.0116
vn -0.8862 0.4590 -0.0634
vn -0.3880 0.9208 -0.0395
vn -0.7232 0.0236 -0.6903
vn -0.9652 0.0335 -0.2594
vn -0.5271 -0.4189 -0.7394
vn -0.2460 -0.9148 -0.3202
vn -0.5063 0.4434 -0.7396
vn -0.2176 0.9138 -0.3429
vn 0.0885 0.0079 -0.9960
vn -0.3993 0.0157 -0.9167
vn 0.2523 -0.4313 -0.8662
vn 0.1033 -0.9204 -0.3770
vn 0.2594 0.4312 -0.8642
vn 0.1259 0.9083 -0.3988
vn 0.8338 0.0048 -0.5521
vn 0.4676 0.0046 -0.8840
vn 0.8375 -0.4310 -0.3359
vn 0.3657 -0.9203 -0.1393
vn 0.8343 0.4315 -0.3432
vn 0.3839 0.9085 -0.1651
vn 0.9515 0.0165 0.3074
vn 0.9825 0.0085 -0.1859
vn 0.7878 -0.4181 0.4522
vn 0.3434 -0.9145 0.2140
vn 0.7855 0.4442 0.4310
vn 0.3620 0.9142 0.1823
vn -0.0134 -0.9998 0.0155
vn 0.1610 0.0359 0.9863
vn 0.8719 0.0187 0.4893
vn 0.0134 0.9998 -0.0155
vn -0.6709 0.0433 0.7403
vn -0.9974 0.0353 -0.0634
vn -0.5726 0.0178 -0.8197
vn 0.2836 0.0041 -0.9589
vn 0.9265 0.0045 -0.3764
vn -0.4558 -0.8893 -0.0378
vn -0.4160 -0.8736 -0.2524
vn -0.3209 -0.9411 -0.1062
vn 0.5395 0.7823 -0.3113
vn 0.5034 0.8632 -0.0393
vn 0.6254 0.7742 -0.0975
vn -0.4630 -0.8855 0.0400
vn -0.3245 -0.9403 0.1028
vn -0.3828 -0.8688 0.3141
vn 0.5083 0.8603 0.0387
vn 0.5105 0.8215 0.2541
vn 0.6221 0.7749 0.1115
vn -0.5020 -0.8635 -0.0489
vn -0.6221 -0.7750 -0.1115
vn -0.5296 -0.7845 -0.3226
vn 0.4568 0.8891 -0.0299
vn 0.4238 0.8718 -0.2456
vn 0.3242 0.9404 -0.1028
vn -0.5095 -0.8600 0.0290
vn -0.5183 -0.8197 0.2438
vn -0.6255 -0.7741 0.0975
vn 0.4617 0.8857 0.0482
vn 0.3210 0.9411 0.1062
vn 0.3728 0.8711 0.3196
vn -0.4566 -0.8897 -0.0040
vn -0.3245 -0.9459 -0.0017
vn 0.2531 -0.1348 -0.9580
vn 0.7563 -0.4148 -0.5059
vn 0.5092 0.8606 0.0049
vn 0.6272 0.7788 0.0071
vn 0.2228 -0.1278 0.9664
vn 0.7400 -0.4110 0.5324
vn -0.4833 -0.8745 0.0397
vn -0.4718 -0.8470 0.2450
vn 0.4820 0.8748 0.0485
vn 0.4639 0.8488 0.2537
vn -0.7563 0.4148 0.5059
vn -0.2531 0.1348 0.9580
vn -0.5092 -0.8606 -0.0049
vn -0.6272 -0.7789 -0.0071
vn 0.4566 0.8897 0.0040
vn 0.3246 0.9458 0.0017
vn -0.2228 0.1278 -0.9664
vn -0.7400 0.4110 -0.5324
vn -0.4820 -0.8749 -0.0485
vn -0.4639 -0.8488 -0.2536
vn 0.4833 0.8745 -0.0396
vn 0.4718 0.8470 -0.2451
vn -0.4831 -0.8755 -0.0044
vn 0.8754 -0.4831 0.0155
vn 0.0157 -0.0036 -0.9999
vn 0.4831 0.8755 0.0044
vn -0.0157 0.0036 0.9999
vn -0.8754 0.4831 -0.0155
vn -0.4565 -0.8888 -0.0404
vn -0.4210 -0.8823 -0.2106
vn -0.2482 -0.9615 -0.1183
vn 0.5611 0.7925 -0.2390
vn 0.5101 0.8599 -0.0207
vn 0.6490 0.7592 -0.0494
vn -0.4638 -0.8857 0.0206
vn -0.3053 -0.9510 0.0486
vn -0.3788 -0.8942 0.2386
vn 0.5167 0.8552 0.0402
vn 0.5303 0.8213 0.2103
vn 0.6884 0.7158 0.1173
vn -0.5096 -0.8591 -0.0483
vn -0.6483 -0.7576 -0.0758
vn -0.5587 -0.7858 -0.2653
vn 0.4567 0.8895 -0.0125
vn 0.4231 0.8874 -0.1830
vn 0.2490 0.9643 -0.0906
vn -0.5170 -0.8559 0.0127
vn -0.5323 -0.8264 0.1834
vn -0.6895 -0.7185 0.0916
vn 0.4635 0.8848 0.0484
vn 0.3044 0.9495 0.0765
vn 0.3763 0.8876 0.2657
vn -0.4568 -0.8894 -0.0139
vn -0.3053 -0.9522 -0.0140
vn 0.3388 -0.1744 -0.9245
vn 0.8087 -0.4451 -0.3845
vn 0.5171 0.8558 0.0138
vn 0.6498 0.7600 0.0132
vn 0.3295 -0.1985 0.9230
vn 0.8049 -0.4551 0.3809
vn -0.4871 -0.8731 0.0206
vn -0.4786 -0.8586 0.1836
vn 0.4867 0.8722 0.0484
vn 0.4766 0.8535 0.2108
vn -0.8087 0.4451 0.3845
vn -0.3388 0.1744 0.9245
vn -0.5170 -0.8559 -0.0138
vn -0.6499 -0.7599 -0.0132
vn 0.4567 0.8895 0.0139
vn 0.3054 0.9521 0.0140
vn -0.3295 0.1985 -0.9230
vn -0.8049 0.4551 -0.3808
vn -0.4867 -0.8722 -0.0483
vn -0.4766 -0.8534 -0.2109
vn 0.4871 0.8731 -0.0206
vn 0.4786 0.8586 -0.1835
vn -0.4872 -0.8732 -0.0139
vn 0.8733 -0.4872 -0.0020
vn 0.0050 0.0131 -0.9999
vn 0.4872 0.8732 0.0139
vn -0.0050 -0.0131 0.9999
vn -0.8733 0.4872 0.0020
vn 0.4975 -0.8667 -0.0356
vn 0.5025 -0.8274 -0.2509
vn 0.6133 -0.7826 -0.1068
vn -0.3681 0.8745 -0.3158
vn -0.4510 0.8915 -0.0426
vn -0.3108 0.9448 -0.1037
vn 0.4917 -0.8697 0.0424
vn 0.6142 -0.7825 0.1021
vn 0.5258 -0.7902 0.3149
vn -0.4446 0.8950 0.0353
vn -0.4074 0.8782 0.2504
vn -0.3100 0.9449 0.1052
vn 0.4506 -0.8916 -0.0457
vn 0.3099 -0.9449 -0.1053
vn 0.3650 -0.8751 -0.3179
vn -0.4979 0.8666 -0.0321
vn -0.5049 0.8270 -0.2471
vn -0.6141 0.7826 -0.1021
vn 0.4448 -0.8950 0.0324
vn 0.4097 -0.8780 0.2477
vn 0.3109 -0.9448 0.1037
vn -0.4913 0.8698 0.0459
vn -0.6131 0.7828 0.1068
vn -0.5228 0.7906 0.3187
vn 0.4980 -0.8672 -0.0017
vn 0.6171 -0.7869 -0.0023
vn 0.2352 0.1276 -0.9636
vn 0.7512 0.4028 -0.5230
vn -0.4450 0.8956 0.0015
vn -0.3120 0.9501 0.0008
vn 0.2441 0.1288 0.9611
vn 0.7560 0.4035 0.5154
vn 0.4715 -0.8809 0.0425
vn 0.4580 -0.8537 0.2478
vn -0.4711 0.8809 0.0457
vn -0.4556 0.8540 0.2510
vn -0.7512 -0.4028 0.5230
vn -0.2352 -0.1276 0.9636
vn 0.4450 -0.8955 -0.0015
vn 0.3121 -0.9500 -0.0008
vn -0.4981 0.8671 0.0017
vn -0.6172 0.7868 0.0023
vn -0.2441 -0.1289 -0.9611
vn -0.7560 -0.4035 -0.5154
vn 0.4711 -0.8809 -0.0457
vn 0.4556 -0.8540 -0.2510
vn -0.4715 0.8809 -0.0425
vn -0.4580 0.8537 -0.2477
vn 0.4717 -0.8817 -0.0016
vn 0.8817 0.4717 -0.0044
vn -0.0047 -0.0007 -1.0000
vn -0.4717 0.8817 0.0016
vn 0.0047 0.0007 1.0000
vn -0.8817 -0.4717 0.0044
vn 0.4875 -0.8728 -0.0226
vn 0.5016 -0.8432 -0.1934
vn 0.6636 -0.7409 -0.1033
vn -0.3493 0.9010 -0.2574
vn -0.4338 0.9002 -0.0389
vn -0.2730 0.9595 -0.0689
vn 0.4809 -0.8759 0.0384
vn 0.6234 -0.7793 0.0645
vn 0.5352 -0.8053 0.2550
vn -0.4262 0.9044 0.0219
vn -0.3904 0.9004 0.1920
vn -0.2152 0.9717 0.0976
vn 0.4333 -0.9008 -0.0300
vn 0.2722 -0.9606 -0.0563
vn 0.3453 -0.9055 -0.2469
vn -0.4880 0.8723 -0.0303
vn -0.5049 0.8396 -0.2002
vn -0.6650 0.7393 -0.1056
vn 0.4267 -0.9039 0.0310
vn 0.3935 -0.8969 0.2017
vn 0.2166 -0.9699 0.1114
vn -0.4803 0.8766 0.0307
vn -0.6222 0.7805 0.0606
vn -0.5311 0.8098 0.2494
vn 0.4879 -0.8729 0.0038
vn 0.6241 -0.7813 0.0019
vn 0.3328 0.1669 -0.9281
vn 0.8184 0.4192 -0.3931
vn -0.4265 0.9045 -0.0046
vn -0.2731 0.9620 -0.0063
vn 0.3478 0.1833 0.9195
vn 0.8246 0.4260 0.3722
vn 0.4575 -0.8884 0.0386
vn 0.4501 -0.8700 0.2014
vn -0.4570 0.8890 0.0303
vn -0.4469 0.8735 0.1931
vn -0.8184 -0.4192 0.3931
vn -0.3328 -0.1669 0.9281
vn 0.4266 -0.9044 0.0046
vn 0.2732 -0.9619 0.0063
vn -0.4878 0.8729 -0.0038
vn -0.6238 0.7816 -0.0019
vn -0.3478 -0.1832 -0.9195
vn -0.8246 -0.4260 -0.3722
vn 0.4570 -0.8890 -0.0304
vn 0.4469 -0.8735 -0.1931
vn -0.4575 0.8884 -0.0387
vn -0.4501 0.8700 -0.2013
vn 0.4575 -0.8892 0.0042
vn 0.8892 0.4574 -0.0113
vn -0.0081 -0.0089 -0.9999
vn -0.4575 0.8892 -0.0042
vn 0.0081 0.0089 0.9999
vn -0.8892 -0.4574 0.0113
vn 0.1947 -0.9794 -0.0528
vn 0.4058 -0.8672 -0.2885
vn 0.8197 -0.5637 -0.1014
vn 0.3858 0.8834 -0.2662
vn 0.1306 0.9906 -0.0405
vn 0.7269 0.6845 -0.0555
vn 0.1522 -0.9874 0.0424
vn 0.7411 -0.6683 0.0644
vn 0.4021 -0.8746 0.2708
vn 0.1718 0.9836 0.0551
vn 0.3820 0.8763 0.2934
vn 0.8055 0.5820 0.1114
vn -0.1304 -0.9891 -0.0678
vn -0.7262 -0.6826 -0.0818
vn -0.3823 -0.8762 -0.2934
vn -0.1943 0.9805 -0.0298
vn -0.4021 0.8746 -0.2708
vn -0.8187 0.5660 -0.0966
vn -0.1722 -0.9847 0.0276
vn -0.3858 -0.8834 0.2661
vn -0.8068 -0.5845 0.0866
vn -0.1529 0.9860 0.0660
vn -0.7421 0.6664 0.0728
vn -0.4056 0.8673 0.2886
vn 0.1945 -0.9808 -0.0115
vn 0.7437 -0.6685 -0.0042
vn 0.8188 0.0166 -0.5739
vn 0.9933 0.0127 -0.1148
vn 0.1724 0.9849 0.0138
vn 0.7280 0.6854 0.0132
vn 0.8118 0.0017 0.5839
vn 0.9919 0.0096 0.1270
vn 0.0109 -0.9991 0.0419
vn 0.0089 -0.9563 0.2921
vn -0.0116 0.9976 0.0676
vn -0.0126 0.9485 0.3165
vn -0.9933 -0.0127 0.1148
vn -0.8188 -0.0166 0.5739
vn -0.1723 -0.9849 -0.0138
vn -0.7278 -0.6856 -0.0132
vn -0.1946 0.9808 0.0115
vn -0.7434 0.6688 0.0042
vn -0.8118 -0.0017 -0.5839
vn -0.9919 -0.0096 -0.1270
vn 0.0116 -0.9976 -0.0676
vn 0.0126 -0.9485 -0.3166
vn -0.0109 0.9991 -0.0419
vn -0.0089 0.9564 -0.2920
vn 0.0113 -0.9999 -0.0129
vn 0.9999 0.0112 0.0061
vn 0.0060 0.0129 -0.9999
vn -0.0113 0.9999 0.0129
vn -0.0060 -0.0129 0.9999
vn -0.9999 -0.0112 -0.0061
vn 0.0514 -0.9935 -0.1012
vn 0.1337 -0.7617 -0.6340
vn 0.4003 -0.8868 -0.2311
vn 0.0716 0.8312 -0.5513
vn 0.0410 0.9946 -0.0948
vn 0.3799 0.8911 -0.2483
vn 0.0639 -0.9934 0.0947
vn 0.4006 -0.8822 0.2476
vn 0.0916 -0.8294 0.5512
vn 0.0289 0.9945 0.1011
vn 0.1174 0.7646 0.6337
vn 0.3803 0.8957 0.2303
vn -0.0411 -0.9963 -0.0754
vn -0.3803 -0.8957 -0.2303
vn -0.0725 -0.8418 -0.5350
vn -0.0516 0.9914 -0.1203
vn -0.1348 0.7493 -0.6484
vn -0.4007 0.8821 -0.2476
vn -0.0287 -0.9923 0.1204
vn -0.1163 -0.7521 0.6486
vn -0.3799 -0.8911 0.2483
vn -0.0638 0.9951 0.0755
vn -0.4003 0.8868 0.2311
vn -0.0907 0.8399 0.5351
vn 0.2828 0.9591 -0.0095
vn -0.2827 -0.9591 0.0095
vn 0.9076 -0.3446 -0.2399
vn 0.8410 -0.0858 -0.5343
vn 0.9944 -0.0615 -0.0858
vn 0.7683 0.0857 -0.6344
vn 0.9196 0.3080 -0.2438
vn 0.9937 0.0137 -0.1111
vn 0.9093 -0.3418 0.2373
vn 0.9933 -0.0504 0.1041
vn 0.7690 -0.1141 0.6289
vn 0.9214 0.3108 0.2334
vn 0.8473 0.0546 0.5283
vn 0.9966 0.0247 0.0788
vn -0.9214 -0.3108 -0.2334
vn -0.9945 -0.0149 -0.1036
vn -0.7729 -0.0931 -0.6277
vn -0.9093 0.3418 -0.2373
vn -0.8448 0.0795 -0.5291
vn -0.9950 0.0606 -0.0793
vn -0.9196 -0.3080 0.2438
vn -0.8434 -0.0483 0.5351
vn -0.9960 -0.0238 0.0863
vn -0.9076 0.3446 0.2399
vn -0.9925 0.0517 0.1107
vn -0.7645 0.1216 0.6331
vn 0.8441 -0.0188 -0.5358
vn 0.8480 -0.0125 0.5299
vn 0.9118 -0.3415 -0.2279
vn 0.8509 -0.0779 -0.5194
vn 0.9958 -0.0610 -0.0677
vn 0.7804 0.0952 -0.6180
vn 0.9243 0.3110 -0.2211
vn 0.9957 0.0146 -0.0917
vn 0.9044 -0.3464 0.2492
vn 0.9911 -0.0529 0.1222
vn 0.7568 -0.1249 0.6416
vn 0.9169 0.3062 0.2560
vn 0.8371 0.0453 0.5452
vn 0.9949 0.0226 0.0982
vn -0.9169 -0.3062 -0.2560
vn -0.9923 -0.0124 -0.1230
vn -0.7608 -0.0824 -0.6438
vn -0.9044 0.3463 -0.2492
vn -0.8345 0.0887 -0.5439
vn -0.9933 0.0627 -0.0974
vn -0.9243 -0.3110 0.2211
vn -0.8535 -0.0561 0.5180
vn -0.9975 -0.0243 0.0668
vn -0.9118 0.3416 0.2279
vn -0.9944 0.0508 0.0924
vn -0.7764 0.1121 0.6202
vn 0.8542 -0.0109 -0.5199
vn 0.8377 -0.0217 0.5458
vn -0.9956 0.0181 0.0922
vn -0.8542 0.0109 0.5198
vn 0.0565 -0.1789 -0.9822
vn 0.0318 -0.0294 -0.9991
vn 0.2237 -0.0981 -0.9697
vn 0.0248 0.0238 -0.9994
vn 0.0936 0.2160 -0.9719
vn 0.1743 0.0487 -0.9835
vn 0.0904 -0.2159 0.9722
vn 0.1710 -0.0486 0.9841
vn 0.0214 -0.0238 0.9995
vn 0.0532 0.1789 0.9824
vn 0.0284 0.0294 0.9992
vn 0.2205 0.0982 0.9704
vn -0.0904 -0.2283 -0.9694
vn -0.1710 -0.0611 -0.9834
vn -0.0214 -0.0364 -0.9991
vn -0.0532 0.1664 -0.9846
vn -0.0284 0.0168 -0.9995
vn -0.2205 0.0858 -0.9716
vn -0.0565 -0.1664 0.9844
vn -0.0318 -0.0168 0.9994
vn -0.2237 -0.0859 0.9709
vn -0.0936 0.2283 0.9691
vn -0.1743 0.0611 0.9828
vn -0.0248 0.0364 0.9990
vn -0.3828 0.9238 -0.0065
vn 0.0017 -0.0365 -0.9993
vn 0.0360 -0.9983 -0.0457
vn 0.0972 -0.8987 -0.4278
vn 0.2498 -0.9592 -0.1322
vn 0.0410 0.9256 -0.3763
vn 0.0168 0.9974 -0.0702
vn 0.2247 0.9594 -0.1704
vn 0.0423 -0.9966 0.0705
vn 0.2481 -0.9532 0.1730
vn 0.0612 -0.9243 0.3769
vn 0.0092 0.9989 0.0460
vn 0.0687 0.9008 0.4287
vn 0.2230 0.9655 0.1348
vn -0.0162 -0.9994 -0.0307
vn -0.2230 -0.9655 -0.1348
vn -0.0369 -0.9398 -0.3397
vn -0.0353 0.9957 -0.0857
vn -0.0920 0.8809 -0.4642
vn -0.2480 0.9532 -0.1730
vn -0.0100 -0.9963 0.0855
vn -0.0739 -0.8831 0.4632
vn -0.2248 -0.9594 0.1704
vn -0.0429 0.9986 0.0304
vn -0.2498 0.9592 0.1322
vn -0.0653 0.9385 0.3391
vn -0.0143 0.9404 0.3398
vn -0.1571 -0.9874 0.0187
vn -0.1772 -0.0219 -0.9839
vn 0.0143 -0.9404 -0.3399
vn 0.0183 -0.9986 -0.0501
vn 0.0865 -0.8983 -0.4308
vn 0.2339 -0.9630 -0.1335
vn 0.0630 0.9264 -0.3711
vn 0.0360 0.9972 -0.0651
vn 0.2446 0.9559 -0.1627
vn 0.0230 -0.9975 0.0662
vn 0.2281 -0.9584 0.1717
vn 0.0391 -0.9270 0.3731
vn 0.0269 0.9983 0.0510
vn 0.0794 0.8974 0.4339
vn 0.2388 0.9605 0.1425
vn -0.0341 -0.9988 -0.0358
vn -0.2388 -0.9606 -0.1425
vn -0.0495 -0.9374 -0.3447
vn -0.0159 0.9966 -0.0813
vn -0.0696 0.8846 -0.4611
vn -0.2282 0.9584 -0.1717
vn -0.0294 -0.9963 0.0805
vn -0.0963 -0.8838 0.4579
vn -0.2446 -0.9559 0.1627
vn -0.0249 0.9991 0.0347
vn -0.2340 0.9630 0.1335
vn -0.0527 0.9379 0.3428
vn 0.1644 -0.9862 0.0182
vn -0.0016 0.9389 0.3442
vn -0.1644 0.9862 -0.0182
vn 0.0016 -0.9389 -0.3442
vn 0.9495 -0.2723 -0.1556
vn 0.9296 -0.0401 -0.3664
vn 0.9988 -0.0187 -0.0458
vn 0.8824 0.1276 -0.4528
vn 0.9393 0.3115 -0.1440
vn 0.9971 0.0472 -0.0604
vn 0.9472 -0.2787 0.1588
vn 0.9970 -0.0125 0.0761
vn 0.8791 -0.0970 0.4667
vn 0.9369 0.3052 0.1704
vn 0.9218 0.0723 0.3810
vn 0.9967 0.0534 0.0614
vn -0.9369 -0.3052 -0.1704
vn -0.9960 -0.0444 -0.0772
vn -0.8755 -0.1090 -0.4708
vn -0.9472 0.2787 -0.1587
vn -0.9240 0.0551 -0.3784
vn -0.9980 0.0208 -0.0599
vn -0.9393 -0.3115 0.1439
vn -0.9273 -0.0873 0.3639
vn -0.9975 -0.0555 0.0443
vn -0.9495 0.2724 0.1556
vn -0.9981 0.0097 0.0616
vn -0.8860 0.0784 0.4569
vn 0.9998 -0.0197 0.0071
vn 0.9303 0.0237 -0.3659
vn 0.9247 0.0086 0.3805
vn -0.9304 -0.0237 0.3659
vn -0.9248 -0.0086 -0.3805
vn 0.9408 -0.2941 -0.1683
vn 0.9207 -0.0668 -0.3844
vn 0.9971 -0.0388 -0.0659
vn 0.8749 0.0996 -0.4740
vn 0.9416 0.2900 -0.1711
vn 0.9963 0.0267 -0.0821
vn 0.9450 -0.2926 0.1462
vn 0.9980 -0.0295 0.0558
vn 0.8868 -0.1021 0.4508
vn 0.9458 0.2915 0.1434
vn 0.9308 0.0642 0.3599
vn 0.9986 0.0359 0.0395
vn -0.9458 -0.2915 -0.1434
vn -0.9981 -0.0273 -0.0555
vn -0.8871 -0.1040 -0.4497
vn -0.9450 0.2926 -0.1462
vn -0.9306 0.0633 -0.3606
vn -0.9985 0.0383 -0.0399
vn -0.9416 -0.2899 0.1711
vn -0.9209 -0.0607 0.3850
vn -0.9972 -0.0354 0.0662
vn -0.9408 0.2942 0.1683
vn -0.9962 0.0302 0.0819
vn -0.8746 0.1065 0.4730
vn 0.9770 -0.2131 -0.0119
vn 0.9775 0.2103 -0.0139
vn -0.9769 0.2132 0.0119
vn -0.0070 0.7897 -0.6135
vn 0.0326 -0.9390 -0.3425
vn 0.0306 -0.3396 -0.9401
vn 0.1308 -0.7498 -0.6486
vn 0.0095 0.4607 -0.8875
vn -0.0006 0.9710 -0.2392
vn 0.1011 0.7762 -0.6223
vn 0.0351 -0.9703 0.2394
vn 0.1258 -0.7718 0.6233
vn 0.0199 -0.4602 0.8876
vn -0.0067 0.9395 0.3425
vn 0.0094 0.3404 0.9402
vn 0.0961 0.7542 0.6495
vn 0.0026 -0.9621 -0.2727
vn -0.0961 -0.7542 -0.6496
vn -0.0025 -0.4297 -0.9030
vn -0.0301 0.9503 -0.3100
vn -0.0233 0.3719 -0.9280
vn -0.1259 0.7718 -0.6233
vn 0.0042 -0.9508 0.3099
vn -0.0167 -0.3727 0.9278
vn -0.1011 -0.7762 0.6224
vn -0.0371 0.9614 0.2726
vn -0.1308 0.7497 0.6487
vn -0.0269 0.4292 0.9028
vn 0.1228 -0.9923 -0.0167
vn 0.0052 -0.4603 0.8877
vn -0.1229 0.9923 0.0167
vn 0.0197 -0.9393 -0.3425
vn 0.0122 -0.4295 -0.9030
vn -0.0171 0.9506 -0.3100
vn -0.0052 0.4605 -0.8876
vn -0.9998 -0.0194 -0.0042
vn -0.0083 -0.9458 -0.3247
vn -0.0008 -0.3580 -0.9337
vn 0.0904 -0.7661 -0.6363
vn 0.0083 0.4434 -0.8963
vn 0.0297 0.9657 -0.2581
vn 0.1165 0.7602 -0.6392
vn 0.0048 -0.9662 0.2576
vn 0.1104 -0.7641 0.6355
vn 0.0212 -0.4440 0.8958
vn 0.0342 0.9453 0.3243
vn 0.0408 0.3573 0.9331
vn 0.1365 0.7621 0.6329
vn -0.0378 -0.9665 -0.2537
vn -0.1365 -0.7622 -0.6328
vn -0.0364 -0.4461 -0.8942
vn -0.0019 0.9448 -0.3276
vn -0.0286 0.3553 -0.9343
vn -0.1104 0.7641 -0.6356
vn -0.0240 -0.9444 0.3280
vn -0.0114 -0.3545 0.9350
vn -0.1164 -0.7603 0.6391
vn 0.0033 0.9671 0.2545
vn -0.0904 0.7661 0.6364
vn 0.0070 0.4466 0.8947
vn -0.0110 -0.9446 0.3280
vn 0.0065 -0.4438 0.8961
vn 0.0213 0.9456 0.3248
vn 0.0217 0.4465 0.8945
vn -0.0065 0.4436 -0.8962
vn 0.0313 -0.9991 -0.0303
vn 0.0732 -0.9461 -0.3154
vn 0.1907 -0.9769 -0.0963
vn 0.0194 0.9613 -0.2749
vn 0.0057 0.9987 -0.0516
vn 0.1605 0.9788 -0.1275
vn 0.0378 -0.9980 0.0508
vn 0.1946 -0.9734 0.1210
vn 0.0586 -0.9601 0.2735
vn 0.0021 0.9996 0.0297
vn 0.0560 0.9481 0.3130
vn 0.1644 0.9823 0.0898
vn -0.0070 -0.9998 -0.0189
vn -0.1644 -0.9823 -0.0898
vn -0.0288 -0.9697 -0.2427
vn -0.0330 0.9976 -0.0616
vn -0.0851 0.9355 -0.3430
vn -0.1946 0.9734 -0.1210
vn -0.0005 -0.9981 0.0622
vn -0.0441 -0.9374 0.3454
vn -0.1605 -0.9788 0.1275
vn -0.0366 0.9991 0.0197
vn -0.1906 0.9769 0.0963
vn -0.0491 0.9685 0.2441
vn 0.0360 -0.9972 -0.0652
vn 0.1075 -0.8710 -0.4794
vn 0.2824 -0.9461 -0.1582
vn 0.0552 0.9140 -0.4020
vn 0.0263 0.9976 -0.0644
vn 0.2659 0.9482 -0.1738
vn 0.0425 -0.9970 0.0652
vn 0.2786 -0.9434 0.1801
vn 0.0621 -0.9129 0.4034
vn 0.0168 0.9977 0.0658
vn 0.0810 0.8727 0.4815
vn 0.2620 0.9510 0.1645
vn -0.0250 -0.9985 -0.0488
vn -0.2621 -0.9509 -0.1645
vn -0.0460 -0.9204 -0.3883
vn -0.0343 0.9960 -0.0822
vn -0.0962 0.8631 -0.4958
vn -0.2786 0.9434 -0.1800
vn -0.0185 -0.9965 0.0816
vn -0.0923 -0.8648 0.4936
vn -0.2658 -0.9482 0.1738
vn -0.0438 0.9979 0.0480
vn -0.2826 0.9461 0.1582
vn -0.0713 0.9193 0.3870
vn 0.0432 -0.9990 0.0086
vn 0.2012 -0.0063 -0.9795
vn 0.7555 0.0012 -0.6552
vn 0.1887 0.9820 -0.0058
vn 0.0079 -0.9966 0.0819
vn -0.0258 -0.9996 0.0078
vn -0.2058 0.9785 -0.0103
vn -0.5421 -0.8403 -0.0100
vn -0.9435 -0.3014 0.1381
vn -0.8496 -0.3773 -0.3686
vn -0.4936 0.8642 -0.0978
vn -0.8696 0.3716 -0.3251
vn -0.8784 0.4419 0.1820
vn -0.3335 -0.8449 -0.4183
vn -0.6975 -0.3077 -0.6472
vn -0.2431 -0.3888 -0.8887
vn -0.2280 0.8588 -0.4589
vn -0.2867 0.3604 -0.8877
vn -0.6883 0.4365 -0.5794
vn 0.1157 -0.8526 -0.5097
vn 0.0698 -0.3212 -0.9444
vn 0.5416 -0.4012 -0.7387
vn 0.2199 0.8514 -0.4763
vn 0.5165 0.3474 -0.7826
vn 0.0254 0.4238 -0.9054
vn 0.4673 -0.8575 -0.2154
vn 0.7806 -0.3317 -0.5298
vn 0.9136 -0.4053 -0.0316
vn 0.5128 0.8475 -0.1369
vn 0.9353 0.3426 -0.0890
vn 0.7253 0.4133 -0.5506
vn 0.4564 -0.8560 0.2429
vn 0.8996 -0.3313 0.2844
vn 0.5928 -0.3979 0.7002
vn 0.4301 0.8502 0.3036
vn 0.6542 0.3494 0.6708
vn 0.8843 0.4129 0.2179
vn 0.0914 -0.8491 0.5202
vn 0.3373 -0.3203 0.8852
vn -0.1792 -0.3846 0.9055
vn 0.0342 0.8573 0.5137
vn -0.1151 0.3628 0.9247
vn 0.3827 0.4230 0.8214
vn -0.3530 -0.8422 0.4076
vn -0.4829 -0.3070 0.8201
vn -0.8212 -0.3754 0.4299
vn -0.3769 0.8635 0.3350
vn -0.7932 0.3727 0.4815
vn -0.4018 0.4358 0.8054
vn -0.7810 -0.4030 -0.4771
vn -0.0000 1.0000 -0.0000
vn -0.9886 0.0412 0.1446
vn -0.0329 0.9155 -0.4010
vn 0.8982 -0.4290 0.0963
vn 0.2046 -0.9155 0.3465
vn 0.2312 0.9133 0.3354
vn -0.2814 0.4551 0.8448
vn -0.3990 -0.9061 0.1403
vn -0.0164 -0.9999 0.0029
vn 0.0164 0.9999 -0.0029
vn -0.9981 0.0624 -0.0000
vn 0.3253 -0.8471 0.4203
vn 0.7144 -0.3173 0.6237
vn 0.2683 -0.3801 0.8852
vn 0.2724 0.8595 0.4326
vn 0.3341 0.3672 0.8681
vn 0.7245 0.4256 0.5422
vn -0.1197 -0.8394 0.5302
vn -0.0399 -0.3020 0.9525
vn -0.5220 -0.3713 0.7679
vn -0.1744 0.8660 0.4686
vn -0.4729 0.3770 0.7964
vn 0.0250 0.4405 0.8974
vn -0.4832 -0.8388 0.2508
vn -0.7673 -0.2982 0.5677
vn -0.9232 -0.3766 0.0769
vn -0.4812 0.8651 0.1417
vn -0.9201 0.3725 0.1209
vn -0.6891 0.4450 0.5719
vn -0.4914 -0.8458 -0.2076
vn -0.9202 -0.3087 -0.2408
vn -0.6331 -0.3920 -0.6675
vn -0.4169 0.8574 -0.3019
vn -0.6709 0.3572 -0.6499
vn -0.8799 0.4358 -0.1892
vn -0.1382 -0.8551 -0.4997
vn -0.3833 -0.3256 -0.8643
vn 0.1298 -0.4060 -0.9046
vn -0.0301 0.8486 -0.5281
vn 0.0872 0.3426 -0.9354
vn -0.4039 0.4197 -0.8128
vn 0.3105 -0.8597 -0.4056
vn 0.4390 -0.3361 -0.8333
vn 0.7910 -0.4079 -0.4560
vn 0.3881 0.8455 -0.3667
vn 0.7832 0.3396 -0.5208
vn 0.3806 0.4089 -0.8294
vn 0.5168 -0.8561 0.0038
vn 0.9275 -0.3325 -0.1710
vn 0.8526 -0.3964 0.3405
vn 0.5227 0.8503 0.0609
vn 0.8931 0.3506 0.2818
vn 0.8828 0.4115 -0.2264
vn -0.0000 -0.2983 -0.9545
vn 0.0768 0.9211 0.3817
vn -0.0000 0.1240 0.9923
vn -0.2570 0.9241 0.2830
vn -0.2461 -0.9148 -0.3202
vn 0.2523 -0.4314 -0.8662
vn 0.1260 0.9083 -0.3988
vn 0.8375 -0.4310 -0.3358
vn 0.3657 -0.9202 -0.1393
vn 1.0000 -0.0000 -0.0000
vn 0.9825 0.0084 -0.1859
vn 0.3622 0.9141 0.1823
vn -0.0135 -0.9998 0.0155
vn -0.0000 -0.0098 -1.0000
vn 0.0135 0.9998 -0.0155
vn -0.9991 0.0416 -0.0000
vn -0.4617 -0.8857 -0.0482
vn -0.3728 -0.8711 -0.3196
vn -0.2527 -0.9620 -0.1034
vn 0.5183 0.8197 -0.2439
vn 0.5095 0.8600 -0.0289
vn 0.6798 0.7272 -0.0948
vn -0.4568 -0.8891 0.0299
vn -0.2557 -0.9613 0.1024
vn -0.4238 -0.8718 0.2456
vn 0.5020 0.8635 0.0489
vn 0.5296 0.7846 0.3225
vn 0.6766 0.7280 0.1110
vn -0.5084 -0.8602 -0.0387
vn -0.6764 -0.7281 -0.1110
vn -0.5105 -0.8214 -0.2542
vn 0.4630 0.8855 -0.0400
vn 0.3829 0.8688 -0.3140
vn 0.2561 0.9612 -0.1024
vn -0.5035 -0.8631 0.0393
vn -0.5395 -0.7823 0.3113
vn -0.6797 -0.7273 0.0949
vn 0.4557 0.8893 0.0378
vn 0.2525 0.9621 0.1034
vn 0.4159 0.8737 0.2524
vn -0.3244 -0.9459 -0.0017
vn 0.5093 0.8606 0.0049
vn -0.4718 -0.8470 0.2451
vn 0.4639 0.8488 0.2536
vn -0.5093 -0.8606 -0.0049
vn -0.6273 -0.7788 -0.0071
vn 0.4565 0.8897 0.0040
vn 0.3245 0.9459 0.0017
vn -0.4820 -0.8748 -0.0485
vn -0.4639 -0.8488 -0.2538
vn 0.4833 0.8745 -0.0397
vn -0.4634 -0.8848 -0.0483
vn -0.3762 -0.8876 -0.2658
vn -0.3044 -0.9495 -0.0765
vn 0.5323 0.8264 -0.1835
vn 0.5170 0.8559 -0.0127
vn 0.6895 0.7185 -0.0916
vn -0.4567 -0.8895 0.0125
vn -0.2489 -0.9643 0.0906
vn -0.4230 -0.8874 0.1831
vn 0.5096 0.8590 0.0483
vn 0.5586 0.7858 0.2654
vn 0.6484 0.7575 0.0757
vn -0.5167 -0.8552 -0.0403
vn -0.6884 -0.7157 -0.1173
vn -0.5303 -0.8213 -0.2103
vn 0.4639 0.8856 -0.0206
vn 0.3788 0.8942 -0.2387
vn 0.3053 0.9510 -0.0485
vn -0.5101 -0.8599 0.0206
vn -0.5612 -0.7924 0.2390
vn -0.6488 -0.7593 0.0494
vn 0.4564 0.8888 0.0404
vn 0.2480 0.9615 0.1183
vn 0.4211 0.8823 0.2105
vn -0.4567 -0.8895 -0.0139
vn -0.3054 -0.9521 -0.0140
vn 0.3389 -0.1744 -0.9245
vn 0.5170 0.8559 0.0138
vn 0.6499 0.7599 0.0132
vn 0.8049 -0.4551 0.3808
vn -0.4871 -0.8731 0.0207
vn -0.8087 0.4451 0.3844
vn -0.6498 -0.7600 -0.0132
vn 0.4568 0.8894 0.0139
vn 0.3051 0.9522 0.0140
vn -0.4766 -0.8534 -0.2108
vn 0.4786 0.8586 -0.1837
vn 0.4914 -0.8698 -0.0458
vn 0.5229 -0.7905 -0.3189
vn 0.6682 -0.7365 -0.1055
vn -0.4097 0.8780 -0.2477
vn -0.4448 0.8950 -0.0324
vn -0.2422 0.9648 -0.1024
vn 0.4979 -0.8667 0.0321
vn 0.6691 -0.7364 0.1003
vn 0.5049 -0.8270 0.2472
vn -0.4505 0.8916 0.0456
vn -0.3650 0.8751 0.3179
vn -0.2410 0.9650 0.1033
vn 0.4446 -0.8950 -0.0354
vn 0.2411 -0.9650 -0.1034
vn 0.4075 -0.8783 -0.2503
vn -0.4917 0.8697 -0.0424
vn -0.5259 0.7901 -0.3149
vn -0.6690 0.7365 -0.1003
vn 0.4510 -0.8915 0.0426
vn 0.3680 -0.8746 0.3158
vn 0.2420 -0.9648 0.1024
vn -0.4976 0.8667 0.0356
vn -0.6681 0.7366 0.1055
vn -0.5026 0.8274 0.2508
vn 0.4981 -0.8671 -0.0017
vn 0.6169 -0.7870 -0.0023
vn -0.4449 0.8956 0.0015
vn -0.3122 0.9500 0.0008
vn 0.2441 0.1289 0.9611
vn 0.4715 -0.8809 0.0426
vn -0.4711 0.8809 0.0458
vn -0.4557 0.8541 0.2509
vn -0.7511 -0.4028 0.5230
vn -0.2352 -0.1276 0.9635
vn 0.4449 -0.8956 -0.0015
vn -0.4980 0.8672 0.0017
vn -0.6169 0.7871 0.0023
vn 0.4711 -0.8809 -0.0458
vn 0.4557 -0.8541 -0.2509
vn -0.4715 0.8809 -0.0426
vn -0.4580 0.8537 -0.2478
vn 0.4803 -0.8766 -0.0306
vn 0.5310 -0.8098 -0.2494
vn 0.6222 -0.7805 -0.0606
vn -0.3936 0.8969 -0.2017
vn -0.4267 0.9039 -0.0310
vn -0.2169 0.9698 -0.1113
vn 0.4879 -0.8724 0.0303
vn 0.6651 -0.7392 0.1057
vn 0.5048 -0.8397 0.2002
vn -0.4334 0.9007 0.0300
vn -0.3453 0.9054 0.2469
vn -0.2722 0.9606 0.0563
vn 0.4262 -0.9044 -0.0219
vn 0.2150 -0.9717 -0.0976
vn 0.3903 -0.9004 -0.1921
vn -0.4809 0.8759 -0.0384
vn -0.5351 0.8054 -0.2550
vn -0.6233 0.7794 -0.0645
vn 0.4338 -0.9002 0.0389
vn 0.3492 -0.9010 0.2574
vn 0.2730 -0.9595 0.0689
vn -0.4875 0.8728 0.0226
vn -0.6636 0.7409 0.1033
vn -0.5016 0.8432 0.1934
vn 0.6237 -0.7817 0.0019
vn -0.4267 0.9044 -0.0046
vn -0.2732 0.9619 -0.0063
vn 0.3478 0.1832 0.9195
vn 0.4575 -0.8884 0.0387
vn 0.4501 -0.8700 0.2013
vn -0.4570 0.8890 0.0304
vn 0.2731 -0.9620 0.0063
vn -0.4880 0.8728 -0.0038
vn -0.6240 0.7814 -0.0019
vn -0.3478 -0.1833 -0.9195
vn -0.8246 -0.4260 -0.3723
vn 0.4570 -0.8890 -0.0303
vn -0.4575 0.8884 -0.0386
vn -0.4501 0.8699 -0.2015
vn 0.1524 -0.9861 -0.0660
vn 0.3910 -0.8324 -0.3928
vn 0.7420 -0.6664 -0.0728
vn 0.3716 0.8511 -0.3710
vn 0.1722 0.9847 -0.0276
vn 0.8066 0.5847 -0.0867
vn 0.1940 -0.9805 0.0298
vn 0.8187 -0.5661 0.0966
vn 0.3857 -0.8426 0.3759
vn 0.1299 0.9892 0.0678
vn 0.3668 0.8411 0.3974
vn 0.7262 0.6826 0.0818
vn -0.1715 -0.9836 -0.0551
vn -0.8055 -0.5820 -0.1114
vn -0.3670 -0.8410 -0.3975
vn -0.1519 0.9875 -0.0424
vn -0.3857 0.8426 -0.3759
vn -0.7411 0.6683 -0.0644
vn -0.1308 -0.9906 0.0406
vn -0.3719 -0.8509 0.3710
vn -0.7269 -0.6845 0.0554
vn -0.1944 0.9795 0.0528
vn -0.8198 0.5635 0.1014
vn -0.3905 0.8325 0.3930
vn 0.1939 -0.9810 -0.0115
vn 0.7433 -0.6690 -0.0042
vn 0.1716 0.9851 0.0138
vn 0.7283 0.6851 0.0132
vn 0.0089 -0.9564 0.2920
vn -0.0126 0.9485 0.3166
vn -0.1724 -0.9849 -0.0138
vn -0.7283 -0.6851 -0.0132
vn -0.1945 0.9808 0.0115
vn -0.7431 0.6691 0.0042
vn 0.0126 -0.9485 -0.3165
vn -0.0109 0.9991 -0.0418
vn -0.0089 0.9563 -0.2922
vt 0.128500 0.746500
vt 0.126479 0.750000
vt 0.125000 0.746500
vt 0.378500 0.996500
vt 0.376479 1.000000
vt 0.375000 0.996500
vt 0.375000 0.003500
vt 0.378500 0.000000
vt 0.378500 0.003500
vt 0.621500 0.996500
vt 0.625000 0.998521
vt 0.621500 1.000000
vt 0.871500 0.746500
vt 0.875000 0.748521
vt 0.871500 0.750000
vt 0.621500 0.000000
vt 0.625000 0.003500
vt 0.621500 0.003500
vt 0.128500 0.503500
vt 0.125000 0.501479
vt 0.128500 0.500000
vt 0.378500 0.250000
vt 0.375000 0.246500
vt 0.378500 0.246500
vt 0.378500 0.253500
vt 0.375740 0.250740
vt 0.871500 0.503500
vt 0.873521 0.500000
vt 0.875000 0.503500
vt 0.621500 0.253500
vt 0.624260 0.249260
vt 0.625000 0.253500
vt 0.625000 0.246500
vt 0.621500 0.250000
vt 0.621500 0.246500
vt 0.371500 0.746500
vt 0.375493 0.750000
vt 0.373250 0.751750
vt 0.378500 0.750000
vt 0.375000 0.746500
vt 0.378500 0.746500
vt 0.378500 0.753500
vt 0.628500 0.746500
vt 0.625000 0.749507
vt 0.625000 0.746500
vt 0.621500 0.753500
vt 0.626750 0.751750
vt 0.621500 0.750000
vt 0.621500 0.746500
vt 0.371500 0.503500
vt 0.375000 0.500493
vt 0.375000 0.503500
vt 0.378500 0.496500
vt 0.373250 0.498250
vt 0.378500 0.500000
vt 0.378500 0.503500
vt 0.628500 0.503500
vt 0.624507 0.500000
vt 0.626750 0.498250
vt 0.621500 0.500000
vt 0.625000 0.503500
vt 0.621500 0.503500
vt 0.621500 0.496500
vt 0.125000 0.503500
vt 0.378500 1.000000
vt 0.875000 0.746500
vt 0.375000 0.253500
vt 0.871500 0.500000
vt 0.128500 0.750000
vt 0.625000 0.996500
vt 0.375000 0.001479
vt 0.871500 0.746500
vt 0.623521 0.000000
vt 0.128500 0.503500
vt 0.378500 0.246500
vt 0.621500 0.253500
vt 0.621500 0.246500
vt 0.628500 0.746500
vt 0.371500 0.503500
vt 0.378500 0.250000
vt 0.871500 0.503500
vt 0.378500 0.746500
vt 0.625000 0.746500
vt 0.626750 0.498250
vt 0.621500 0.496500
vt 0.128500 0.746500
vt 0.378500 0.253500
vt 0.621500 0.746500
vt 0.378500 0.003500
vt 0.378500 0.253500
vt 0.371500 0.746500
vt 0.181819 0.000000
vt 0.227273 0.078731
vt 0.136365 0.078731
vt 0.272728 0.157461
vt 0.318182 0.078731
vt 0.363637 0.157461
vt 0.909091 0.000000
vt 0.954545 0.078731
vt 0.863636 0.078731
vt 0.727273 0.000000
vt 0.772727 0.078731
vt 0.681818 0.078731
vt 0.545455 0.000000
vt 0.590909 0.078731
vt 0.500000 0.078731
vt 0.318182 0.236191
vt 0.090910 0.157461
vt 0.181819 0.157461
vt 0.136365 0.236191
vt 0.818182 0.157461
vt 0.909091 0.157461
vt 0.863636 0.236191
vt 0.636364 0.157461
vt 0.727273 0.157461
vt 0.681818 0.236191
vt 0.454546 0.157461
vt 0.545455 0.157461
vt 0.500000 0.236191
vt 0.227273 0.236191
vt 0.045455 0.236191
vt 0.772727 0.236191
vt 0.590909 0.236191
vt 0.409092 0.236191
vt 0.181819 0.314921
vt 0.272728 0.314921
vt 0.227273 0.393651
vt 0.000000 0.314921
vt 0.090910 0.314921
vt 0.045455 0.393651
vt 0.727273 0.314921
vt 0.818182 0.314921
vt 0.772727 0.393651
vt 0.545455 0.314921
vt 0.636364 0.314921
vt 0.590909 0.393651
vt 0.363637 0.314921
vt 0.454546 0.314921
vt 0.409092 0.393651
vt 0.500000 0.393651
vt 0.454546 0.472382
vt 0.681818 0.393651
vt 0.636364 0.472382
vt 0.863636 0.393651
vt 0.818182 0.472382
vt 0.909091 0.314921
vt 0.136365 0.393651
vt 0.090910 0.472382
vt 0.318182 0.393651
vt 0.272728 0.472382
vt 0.954545 0.236191
vt 1.000000 0.157461
vt 0.409092 0.078731
vt 0.363637 0.000000
vt 0.750000 0.396516
vt 0.735887 0.483203
vt 0.816261 0.458090
vt 0.058335 0.522221
vt 0.000000 0.509627
vt 0.050447 0.500000
vt 0.941666 0.522221
vt 0.989255 0.500000
vt 1.000000 0.522335
vt 0.250000 0.373145
vt 0.266761 0.481929
vt 0.167785 0.450407
vt 0.928571 0.977779
vt 1.000000 0.990844
vt 0.937406 1.000000
vt 0.071429 0.977779
vt 0.012761 1.000000
vt 0.000000 0.977894
vt 0.864551 0.341351
vt 0.923526 0.406434
vt 0.954005 0.327937
vt 0.915477 0.522221
vt 0.851770 0.504813
vt 0.907590 0.500000
vt 0.798808 0.522220
vt 0.857143 0.522335
vt 0.346279 0.326780
vt 0.441779 0.381501
vt 0.355424 0.439230
vt 0.785714 0.977779
vt 0.863523 0.995422
vt 0.794549 1.000000
vt 0.928571 0.977780
vt 0.857143 0.977894
vt 0.892843 0.217397
vt 0.980497 0.211867
vt 0.938129 0.139096
vt 0.772620 0.522221
vt 0.708913 0.504813
vt 0.764733 0.500000
vt 0.655951 0.522221
vt 0.714286 0.522335
vt 0.370057 0.222598
vt 0.472384 0.182051
vt 0.463677 0.285559
vt 0.642857 0.977779
vt 0.720666 0.995422
vt 0.651692 1.000000
vt 0.714286 0.977894
vt 0.813571 0.117994
vt 0.863899 0.046015
vt 0.780588 0.033767
vt 0.629763 0.522221
vt 0.566056 0.504813
vt 0.621875 0.500000
vt 0.513094 0.522221
vt 0.571428 0.522335
vt 0.303431 0.139050
vt 0.335529 0.033767
vt 0.411027 0.105111
vt 0.500000 0.977779
vt 0.577809 0.995422
vt 0.508835 1.000000
vt 0.642857 0.977779
vt 0.571429 0.977894
vt 0.686429 0.117994
vt 0.661533 0.033767
vt 0.600014 0.091266
vt 0.486906 0.522221
vt 0.423199 0.504813
vt 0.479018 0.500000
vt 0.370237 0.522220
vt 0.428571 0.522335
vt 0.196569 0.139050
vt 0.134269 0.048312
vt 0.237120 0.033767
vt 0.357143 0.977779
vt 0.434952 0.995422
vt 0.365978 1.000000
vt 0.500000 0.977779
vt 0.428571 0.977894
vt 0.607157 0.217397
vt 0.525784 0.184348
vt 0.532382 0.268295
vt 0.344049 0.522221
vt 0.280342 0.504813
vt 0.336161 0.500000
vt 0.227380 0.522220
vt 0.285714 0.522335
vt 0.129942 0.222598
vt 0.020157 0.214731
vt 0.072912 0.125251
vt 0.214286 0.977779
vt 0.292095 0.995422
vt 0.223121 1.000000
vt 0.357143 0.977779
vt 0.285714 0.977894
vt 0.635449 0.341351
vt 0.558875 0.384366
vt 0.628621 0.431547
vt 0.201192 0.522221
vt 0.137485 0.504813
vt 0.193304 0.500000
vt 0.084523 0.522221
vt 0.142857 0.522335
vt 0.153721 0.326780
vt 0.079121 0.407709
vt 0.042055 0.310673
vt 0.149237 0.995422
vt 0.080263 1.000000
vt 0.214286 0.977779
vt 0.142857 0.977894
vt 0.949553 0.500000
vt 0.871379 0.431547
vt 0.919737 1.000000
vt 0.332215 0.450407
vt 0.000000 0.522335
vt 1.000000 0.977894
vt 0.806696 0.500000
vt 0.967618 0.268295
vt 0.776879 1.000000
vt 0.457945 0.310673
vt 0.663839 0.500000
vt 0.899986 0.091266
vt 0.634022 1.000000
vt 0.520982 0.500000
vt 0.719412 0.033767
vt 0.491165 1.000000
vt 0.378125 0.500000
vt 0.561871 0.139096
vt 0.348308 1.000000
vt 0.235267 0.500000
vt 0.545995 0.327938
vt 0.205451 1.000000
vt 0.036323 0.285559
vt 0.092410 0.500000
vt 0.683739 0.458090
vt 0.062594 1.000000
vt 0.144576 0.439230
vt 0.058335 0.522221
vt 0.941666 0.522221
vt 0.813571 0.117994
vt 0.427088 0.125251
vt 0.088973 0.105111
vt 0.262880 0.033767
s 0
usemtl stone
f 1/1/1 5/2/1 7/3/1
f 2/4/2 5/5/2 4/6/2
f 7/7/3 6/8/3 3/9/3
f 8/10/4 12/11/4 14/12/4
f 9/13/5 12/14/5 11/15/5
f 14/16/6 13/17/6 10/18/6
f 15/19/7 19/20/7 21/21/7
f 20/22/8 18/23/8 16/24/8
f 17/25/9 19/26/9 20/22/9
f 22/27/10 26/28/10 28/29/10
f 23/30/11 26/31/11 25/32/11
f 28/33/12 27/34/12 24/35/12
f 29/36/13 33/37/13 35/38/13
f 34/39/14 32/40/14 30/41/14
f 31/42/15 33/37/15 34/39/15
f 36/43/16 40/44/16 42/45/16
f 37/46/17 40/44/17 39/47/17
f 42/45/18 41/48/18 38/49/18
f 43/50/19 47/51/19 49/52/19
f 44/53/20 47/51/20 46/54/20
f 49/52/21 48/55/21 45/56/21
f 50/57/22 54/58/22 56/59/22
f 55/60/23 53/61/23 51/62/23
f 52/63/24 54/58/24 55/60/24
f 1/1/25 18/64/25 15/19/25
f 7/7/26 16/24/26 18/23/26
f 2/4/27 14/12/27 6/65/27
f 14/16/28 3/9/28 6/8/28
f 9/13/29 28/29/29 13/66/29
f 28/33/30 10/18/30 13/17/30
f 17/25/31 27/34/31 23/30/31
f 20/22/32 24/35/32 27/34/32
f 15/19/33 46/54/33 43/50/33
f 21/67/34 44/53/34 46/54/34
f 50/57/35 25/68/35 22/27/35
f 25/32/36 52/63/36 23/30/36
f 51/62/37 48/55/37 55/60/37
f 48/55/38 52/63/38 55/60/38
f 43/50/39 32/40/39 29/36/39
f 49/52/40 30/41/40 32/40/40
f 36/43/41 53/61/41 50/57/41
f 53/61/42 38/49/42 51/62/42
f 31/42/43 41/48/43 37/46/43
f 41/48/44 30/41/44 38/49/44
f 29/36/45 4/69/45 1/1/45
f 4/6/46 31/42/46 2/4/46
f 9/13/47 39/47/47 36/43/47
f 11/70/48 37/46/48 39/47/48
f 43/50/49 1/1/49 15/19/49
f 10/18/50 16/24/50 3/9/50
f 37/46/51 2/4/51 31/42/51
f 22/27/52 36/43/52 50/57/52
f 23/30/53 44/53/53 17/25/53
f 45/56/54 38/49/54 30/41/54
f 1/1/1265 4/69/1265 5/2/1265
f 2/4/1266 6/65/1266 5/5/1266
f 7/7/1267 5/71/1267 6/8/1267
f 8/10/1268 11/70/1268 12/11/1268
f 9/13/1269 13/66/1269 12/14/1269
f 14/16/1270 12/73/1270 13/17/1270
f 15/19/1271 18/64/1271 19/20/1271
f 20/22/1272 19/26/1272 18/23/1272
f 17/25/1273 21/67/1273 19/26/1273
f 22/27/1274 25/68/1274 26/28/1274
f 23/30/1275 27/34/1275 26/31/1275
f 28/33/1276 26/31/1276 27/34/1276
f 29/36/1277 32/40/1277 33/37/1277
f 34/39/1278 33/37/1278 32/40/1278
f 31/42/1279 35/38/1279 33/37/1279
f 36/43/1280 39/47/1280 40/44/1280
f 37/46/1281 41/48/1281 40/44/1281
f 42/45/1282 40/44/1282 41/48/1282
f 43/50/1283 46/54/1283 47/51/1283
f 44/53/1284 48/55/1284 47/51/1284
f 49/52/1285 47/51/1285 48/55/1285
f 50/57/1286 53/61/1286 54/58/1286
f 55/60/1287 54/58/1287 53/61/1287
f 52/63/1288 56/59/1288 54/58/1288
f 1/1/25 7/3/25 18/64/25
f 7/7/26 3/9/26 16/24/26
f 2/4/27 8/10/27 14/12/27
f 14/16/28 10/18/28 3/9/28
f 9/13/29 22/27/29 28/29/29
f 28/33/1289 24/35/1289 10/18/1289
f 17/25/31 20/22/31 27/34/31
f 20/22/32 16/24/32 24/35/32
f 15/19/33 21/21/33 46/54/33
f 21/67/34 17/25/34 44/53/34
f 50/57/35 56/59/35 25/68/35
f 25/32/36 56/59/36 52/63/36
f 51/62/37 45/56/37 48/55/37
f 48/55/38 44/53/38 52/63/38
f 43/50/39 49/52/39 32/40/39
f 49/52/1290 45/56/1290 30/41/1290
f 36/43/41 42/45/41 53/61/41
f 53/61/42 42/45/42 38/49/42
f 31/42/43 34/39/43 41/48/43
f 41/48/44 34/39/44 30/41/44
f 29/36/45 35/38/45 4/69/45
f 4/6/46 35/38/46 31/42/46
f 9/13/47 11/15/47 39/47/47
f 11/70/48 8/10/48 37/46/48
f 43/50/49 29/36/49 1/1/49
f 10/18/50 24/35/50 16/24/50
f 37/46/51 8/10/51 2/4/51
f 22/27/52 9/13/52 36/43/52
f 23/30/53 52/63/53 44/53/53
f 45/56/54 51/62/54 38/49/54
usemtl wood
f 60/69/55 63/3/55 57/1/55
f 58/4/56 61/5/56 60/6/56
f 59/9/57 61/71/57 62/8/57
f 64/10/58 68/11/58 70/12/58
f 69/66/59 67/15/59 65/72/59
f 66/18/60 68/73/60 69/17/60
f 74/64/61 77/21/61 71/74/61
f 72/75/62 75/26/62 74/23/62
f 73/25/63 75/26/63 76/22/63
f 81/68/64 84/29/64 78/27/64
f 79/76/65 82/31/65 81/32/65
f 80/77/66 82/31/66 83/34/66
f 88/40/67 91/38/67 85/36/67
f 86/41/68 89/37/68 88/40/68
f 87/42/69 89/37/69 90/39/69
f 95/47/70 98/45/70 92/78/70
f 93/46/71 96/44/71 95/47/71
f 94/49/72 96/44/72 97/48/72
f 102/54/73 105/52/73 99/79/73
f 100/53/74 103/51/74 102/54/74
f 101/56/75 103/51/75 104/55/75
f 109/61/76 112/59/76 106/57/76
f 107/62/77 110/58/77 109/61/77
f 108/63/78 110/58/78 111/60/78
f 57/1/79 74/64/79 71/74/79
f 63/7/80 72/75/80 74/23/80
f 58/4/81 70/12/81 62/65/81
f 70/16/82 59/9/82 62/8/82
f 78/27/83 69/66/83 65/72/83
f 84/33/84 66/18/84 69/17/84
f 73/25/85 83/34/85 79/76/85
f 83/34/86 72/75/86 80/77/86
f 71/74/87 102/54/87 99/79/87
f 77/67/88 100/53/88 102/54/88
f 106/57/89 81/68/89 78/27/89
f 81/32/90 108/63/90 79/76/90
f 101/56/91 111/60/91 107/62/91
f 104/55/92 108/63/92 111/60/92
f 99/79/93 88/40/93 85/36/93
f 105/52/94 86/41/94 88/40/94
f 92/78/95 109/61/95 106/57/95
f 109/61/96 94/49/96 107/62/96
f 87/42/97 97/48/97 93/46/97
f 90/39/98 94/49/98 97/48/98
f 85/36/99 60/69/99 57/1/99
f 60/6/100 87/42/100 58/4/100
f 65/72/101 95/47/101 92/78/101
f 67/70/102 93/46/102 95/47/102
f 99/79/103 57/1/103 71/74/103
f 59/9/104 80/77/104 72/75/104
f 93/46/105 58/4/105 87/42/105
f 78/27/106 92/78/106 106/57/106
f 73/25/107 108/63/107 100/53/107
f 107/62/108 86/41/108 101/56/108
f 116/69/109 119/3/109 113/1/109
f 114/4/110 117/5/110 116/6/110
f 115/9/111 117/71/111 118/8/111
f 120/10/112 124/11/112 126/12/112
f 125/66/113 123/15/113 121/72/113
f 122/18/114 124/73/114 125/17/114
f 130/64/115 133/21/115 127/19/115
f 128/75/116 131/26/116 130/23/116
f 129/25/117 131/26/117 132/80/117
f 137/68/118 140/29/118 134/81/118
f 135/76/119 138/31/119 137/32/119
f 136/77/120 138/31/120 139/34/120
f 144/40/121 147/38/121 141/36/121
f 142/82/122 145/37/122 144/40/122
f 143/42/123 145/37/123 146/39/123
f 151/47/124 154/83/124 148/43/124
f 149/46/125 152/44/125 151/47/125
f 150/49/126 152/44/126 153/48/126
f 158/54/127 161/52/127 155/50/127
f 156/53/128 159/51/128 158/54/128
f 157/56/129 159/51/129 160/55/129
f 165/61/130 168/84/130 162/57/130
f 163/62/131 166/58/131 165/61/131
f 164/85/132 166/58/132 167/60/132
f 127/19/133 119/3/133 130/64/133
f 130/23/134 115/9/134 128/75/134
f 114/4/135 126/12/135 118/65/135
f 126/16/136 115/9/136 118/8/136
f 134/81/137 125/66/137 121/72/137
f 125/17/138 136/77/138 122/18/138
f 129/25/139 139/34/139 135/76/139
f 132/80/140 136/77/140 139/34/140
f 127/19/141 158/54/141 155/50/141
f 133/67/142 156/53/142 158/54/142
f 162/57/143 137/68/143 134/81/143
f 168/84/144 135/76/144 137/32/144
f 157/56/145 167/60/145 163/62/145
f 167/60/146 156/53/146 164/85/146
f 155/50/147 144/40/147 141/36/147
f 161/52/148 142/82/148 144/40/148
f 148/43/149 165/61/149 162/57/149
f 165/61/150 150/49/150 163/62/150
f 143/42/151 153/48/151 149/46/151
f 153/48/152 142/82/152 150/49/152
f 113/1/153 147/38/153 116/69/153
f 147/38/154 114/4/154 116/6/154
f 148/43/155 123/15/155 151/47/155
f 151/47/156 120/10/156 149/46/156
f 155/50/157 113/1/157 127/19/157
f 122/18/158 128/75/158 115/9/158
f 149/46/159 114/4/159 143/42/159
f 134/81/160 148/43/160 162/57/160
f 129/25/161 164/85/161 156/53/161
f 163/62/162 142/82/162 157/56/162
f 169/86/163 173/2/163 175/3/163
f 170/4/164 173/5/164 172/6/164
f 171/9/165 173/71/165 174/8/165
f 176/10/166 180/11/166 182/12/166
f 177/72/167 180/14/167 179/15/167
f 178/18/168 180/73/168 181/17/168
f 183/74/169 187/20/169 189/21/169
f 184/75/170 187/26/170 186/23/170
f 185/87/171 187/26/171 188/22/171
f 190/81/172 194/28/172 196/29/172
f 191/76/173 194/31/173 193/32/173
f 192/35/174 194/31/174 195/34/174
f 197/36/175 201/37/175 203/38/175
f 198/82/176 201/37/176 200/40/176
f 199/42/177 201/37/177 202/39/177
f 204/43/178 208/44/178 210/83/178
f 205/46/179 208/44/179 207/47/179
f 206/88/180 208/44/180 209/48/180
f 211/79/181 215/51/181 217/52/181
f 212/53/182 215/51/182 214/54/182
f 213/56/183 215/51/183 216/55/183
f 218/57/184 222/58/184 224/84/184
f 219/62/185 222/58/185 221/61/185
f 220/63/186 222/58/186 223/60/186
f 169/86/187 186/64/187 183/74/187
f 175/7/188 184/75/188 186/23/188
f 170/4/189 182/12/189 174/65/189
f 182/16/190 171/9/190 174/8/190
f 190/81/191 181/66/191 177/72/191
f 196/33/192 178/18/192 181/17/192
f 185/87/193 195/34/193 191/76/193
f 188/22/194 192/35/194 195/34/194
f 183/74/195 214/54/195 211/79/195
f 189/67/196 212/53/196 214/54/196
f 218/57/197 193/68/197 190/81/197
f 224/84/198 191/76/198 193/32/198
f 213/56/199 223/60/199 219/62/199
f 216/55/200 220/63/200 223/60/200
f 211/79/201 200/40/201 197/36/201
f 200/40/202 213/56/202 198/82/202
f 218/57/203 210/83/203 221/61/203
f 210/83/204 219/62/204 221/61/204
f 199/42/205 209/48/205 205/46/205
f 202/39/206 206/88/206 209/48/206
f 169/86/207 203/38/207 172/69/207
f 172/6/208 199/42/208 170/4/208
f 177/72/209 207/47/209 204/43/209
f 179/70/210 205/46/210 207/47/210
f 183/74/211 197/36/211 169/86/211
f 171/9/212 192/35/212 184/75/212
f 205/46/213 170/4/213 199/42/213
f 218/57/214 177/72/214 204/43/214
f 185/87/215 220/63/215 212/53/215
f 213/56/216 206/88/216 198/82/216
f 225/1/217 229/2/217 231/3/217
f 226/4/218 229/5/218 228/6/218
f 231/7/219 230/8/219 227/89/219
f 232/10/220 236/11/220 238/12/220
f 233/13/221 236/14/221 235/15/221
f 238/16/222 237/17/222 234/18/222
f 239/74/223 243/20/223 245/21/223
f 244/22/224 242/23/224 240/24/224
f 241/90/225 243/26/225 244/22/225
f 246/27/226 250/28/226 252/29/226
f 247/76/227 250/31/227 249/32/227
f 252/33/228 251/34/228 248/35/228
f 253/91/229 257/37/229 259/38/229
f 258/39/230 256/40/230 254/82/230
f 255/42/231 257/37/231 258/39/231
f 260/43/232 264/44/232 266/83/232
f 261/46/233 264/44/233 263/47/233
f 266/83/234 265/48/234 262/88/234
f 267/50/235 271/51/235 273/52/235
f 268/53/236 271/51/236 270/54/236
f 273/52/237 272/55/237 269/56/237
f 274/57/238 278/58/238 280/84/238
f 279/60/239 277/61/239 275/62/239
f 276/63/240 278/58/240 279/60/240
f 225/1/241 242/64/241 239/74/241
f 231/7/242 240/24/242 242/23/242
f 232/10/243 230/65/243 226/4/243
f 230/8/244 234/18/244 227/89/244
f 246/27/245 237/66/245 233/13/245
f 252/33/246 234/18/246 237/17/246
f 241/90/247 251/34/247 247/76/247
f 244/22/248 248/35/248 251/34/248
f 239/74/249 270/54/249 267/50/249
f 245/67/250 268/53/250 270/54/250
f 246/27/251 280/84/251 249/68/251
f 249/32/252 276/63/252 247/76/252
f 269/56/253 279/60/253 275/62/253
f 272/55/254 276/63/254 279/60/254
f 253/91/255 273/52/255 256/40/255
f 273/52/256 254/82/256 256/40/256
f 274/57/257 266/83/257 277/61/257
f 277/61/258 262/88/258 275/62/258
f 255/42/259 265/48/259 261/46/259
f 258/39/260 262/88/260 265/48/260
f 253/91/261 228/69/261 225/1/261
f 259/38/262 226/4/262 228/6/262
f 233/13/263 263/47/263 260/43/263
f 235/70/264 261/46/264 263/47/264
f 267/50/265 225/1/265 239/74/265
f 234/18/266 240/24/266 227/89/266
f 261/46/267 226/4/267 255/42/267
f 274/57/268 233/13/268 260/43/268
f 241/90/269 276/63/269 268/53/269
f 269/56/270 262/88/270 254/82/270
f 281/1/271 285/2/271 287/3/271
f 282/4/272 285/5/272 284/6/272
f 287/7/273 286/8/273 283/9/273
f 288/10/274 292/11/274 294/12/274
f 289/72/275 292/14/275 291/15/275
f 294/16/276 293/17/276 290/18/276
f 295/74/277 299/20/277 301/21/277
f 300/22/278 298/23/278 296/24/278
f 297/25/279 299/26/279 300/22/279
f 302/27/280 306/28/280 308/29/280
f 303/76/281 306/31/281 305/32/281
f 308/33/282 307/34/282 304/77/282
f 309/36/283 313/37/283 315/38/283
f 314/39/284 312/40/284 310/41/284
f 311/42/285 313/37/285 314/39/285
f 316/78/286 320/44/286 322/45/286
f 317/46/287 320/44/287 319/47/287
f 322/45/288 321/48/288 318/49/288
f 323/79/289 327/51/289 329/52/289
f 324/53/290 327/51/290 326/54/290
f 329/52/291 328/55/291 325/56/291
f 330/57/292 334/58/292 336/59/292
f 335/60/293 333/61/293 331/62/293
f 332/63/294 334/58/294 335/60/294
f 281/1/295 298/64/295 295/74/295
f 287/7/296 296/24/296 298/23/296
f 282/4/297 294/12/297 286/65/297
f 286/8/298 290/18/298 283/9/298
f 302/27/299 293/66/299 289/72/299
f 308/33/300 290/18/300 293/17/300
f 303/76/301 300/22/301 307/34/301
f 300/22/302 304/77/302 307/34/302
f 295/74/303 326/54/303 323/79/303
f 326/54/304 297/25/304 324/53/304
f 330/57/305 305/68/305 302/27/305
f 336/59/306 303/76/306 305/32/306
f 331/62/307 328/55/307 335/60/307
f 335/60/308 324/53/308 332/63/308
f 323/79/309 312/40/309 309/36/309
f 312/40/310 325/56/310 310/41/310
f 330/57/311 322/45/311 333/61/311
f 333/61/312 318/49/312 331/62/312
f 311/42/313 321/48/313 317/46/313
f 321/48/314 310/41/314 318/49/314
f 309/36/315 284/69/315 281/1/315
f 284/6/316 311/42/316 282/4/316
f 316/78/317 291/15/317 319/47/317
f 291/70/318 317/46/318 319/47/318
f 323/79/319 281/1/319 295/74/319
f 290/18/320 296/24/320 283/9/320
f 317/46/321 282/4/321 311/42/321
f 302/27/322 316/78/322 330/57/322
f 303/76/323 324/53/323 297/25/323
f 325/56/324 318/49/324 310/41/324
f 340/69/325 343/3/325 337/86/325
f 338/4/326 341/5/326 340/6/326
f 339/9/327 341/71/327 342/8/327
f 344/10/328 348/11/328 350/12/328
f 349/66/329 347/15/329 345/72/329
f 346/18/330 348/73/330 349/17/330
f 354/64/331 357/21/331 351/19/331
f 352/24/332 355/26/332 354/23/332
f 353/25/333 355/26/333 356/22/333
f 361/68/334 364/29/334 358/81/334
f 359/76/335 362/31/335 361/32/335
f 360/35/336 362/31/336 363/34/336
f 368/40/337 371/38/337 365/91/337
f 366/41/338 369/37/338 368/40/338
f 367/42/339 369/37/339 370/39/339
f 375/47/340 378/45/340 372/43/340
f 373/46/341 376/44/341 375/47/341
f 374/49/342 376/44/342 377/48/342
f 382/54/343 385/52/343 379/79/343
f 380/53/344 383/51/344 382/54/344
f 381/56/345 383/51/345 384/55/345
f 389/61/346 392/59/346 386/57/346
f 387/62/347 390/58/347 389/61/347
f 388/63/348 390/58/348 391/60/348
f 337/86/349 354/64/349 351/19/349
f 343/7/350 352/24/350 354/23/350
f 344/10/351 342/65/351 338/4/351
f 350/16/352 339/9/352 342/8/352
f 345/72/353 364/29/353 349/66/353
f 364/33/354 346/18/354 349/17/354
f 353/25/355 363/34/355 359/76/355
f 356/22/356 360/35/356 363/34/356
f 351/19/357 382/54/357 379/79/357
f 357/67/358 380/53/358 382/54/358
f 386/57/359 361/68/359 358/81/359
f 392/59/360 359/76/360 361/32/360
f 387/62/361 384/55/361 391/60/361
f 384/55/362 388/63/362 391/60/362
f 379/79/363 368/40/363 365/91/363
f 385/52/364 366/41/364 368/40/364
f 372/43/365 389/61/365 386/57/365
f 389/61/366 374/49/366 387/62/366
f 367/42/367 377/48/367 373/46/367
f 377/48/368 366/41/368 374/49/368
f 365/91/369 340/69/369 337/86/369
f 340/6/370 367/42/370 338/4/370
f 372/43/371 347/15/371 375/47/371
f 347/70/372 373/46/372 375/47/372
f 379/79/373 337/86/373 351/19/373
f 339/9/374 360/35/374 352/24/374
f 373/46/375 338/4/375 367/42/375
f 386/57/376 345/72/376 372/43/376
f 359/76/377 380/53/377 353/25/377
f 387/62/378 366/41/378 381/56/378
f 396/69/379 399/3/379 393/1/379
f 394/4/380 397/5/380 396/6/380
f 395/9/381 397/71/381 398/8/381
f 400/10/382 404/11/382 406/12/382
f 405/66/383 403/15/383 401/72/383
f 402/18/384 404/73/384 405/17/384
f 410/64/385 413/21/385 407/19/385
f 408/75/386 411/26/386 410/23/386
f 409/25/387 411/26/387 412/22/387
f 417/68/388 420/29/388 414/81/388
f 415/76/389 418/31/389 417/32/389
f 416/77/390 418/31/390 419/34/390
f 424/40/391 427/38/391 421/36/391
f 422/82/392 425/37/392 424/40/392
f 423/42/393 425/37/393 426/39/393
f 431/47/394 434/83/394 428/43/394
f 429/46/395 432/44/395 431/47/395
f 430/49/396 432/44/396 433/48/396
f 438/54/397 441/52/397 435/50/397
f 436/53/398 439/51/398 438/54/398
f 437/56/399 439/51/399 440/55/399
f 445/61/400 448/84/400 442/57/400
f 443/62/401 446/58/401 445/61/401
f 444/85/402 446/58/402 447/60/402
f 407/19/403 399/3/403 410/64/403
f 410/23/404 395/9/404 408/75/404
f 394/4/405 406/12/405 398/65/405
f 406/16/406 395/9/406 398/8/406
f 414/81/407 405/66/407 401/72/407
f 420/33/408 402/18/408 405/17/408
f 409/25/409 419/34/409 415/76/409
f 412/22/410 416/77/410 419/34/410
f 435/50/411 413/21/411 438/54/411
f 413/67/412 436/53/412 438/54/412
f 414/81/413 448/84/413 417/68/413
f 448/84/414 415/76/414 417/32/414
f 437/56/415 447/60/415 443/62/415
f 447/60/416 436/53/416 444/85/416
f 435/50/417 424/40/417 421/36/417
f 441/52/418 422/82/418 424/40/418
f 442/57/419 434/83/419 445/61/419
f 445/61/420 430/49/420 443/62/420
f 423/42/421 433/48/421 429/46/421
f 426/39/422 430/49/422 433/48/422
f 421/36/423 396/69/423 393/1/423
f 427/38/424 394/4/424 396/6/424
f 401/72/425 431/47/425 428/43/425
f 403/70/426 429/46/426 431/47/426
f 435/50/427 393/1/427 407/19/427
f 402/18/428 408/75/428 395/9/428
f 429/46/429 394/4/429 423/42/429
f 442/57/430 401/72/430 428/43/430
f 415/76/431 436/53/431 409/25/431
f 443/62/432 422/82/432 437/56/432
f 617/1/595 621/2/595 623/3/595
f 618/4/596 621/5/596 620/6/596
f 623/7/597 622/8/597 619/9/597
f 624/10/598 628/11/598 630/12/598
f 625/72/599 628/14/599 627/15/599
f 630/16/600 629/17/600 626/18/600
f 631/19/601 635/20/601 637/21/601
f 636/22/602 634/23/602 632/75/602
f 633/25/603 635/26/603 636/22/603
f 638/81/604 642/28/604 644/29/604
f 639/76/605 642/31/605 641/32/605
f 644/33/606 643/34/606 640/35/606
f 645/91/607 649/37/607 651/38/607
f 650/39/608 648/40/608 646/41/608
f 647/42/609 649/37/609 650/39/609
f 652/43/610 656/44/610 658/45/610
f 653/46/611 656/44/611 655/47/611
f 658/45/612 657/48/612 654/49/612
f 659/50/613 663/51/613 665/52/613
f 660/53/614 663/51/614 662/54/614
f 665/52/615 664/55/615 661/56/615
f 666/57/616 670/58/616 672/59/616
f 671/60/617 669/61/617 667/62/617
f 668/63/618 670/58/618 671/60/618
f 617/1/619 634/64/619 631/19/619
f 623/7/620 632/75/620 634/23/620
f 618/4/621 630/12/621 622/65/621
f 630/16/622 619/9/622 622/8/622
f 638/81/623 629/66/623 625/72/623
f 644/33/624 626/18/624 629/17/624
f 639/76/625 636/22/625 643/34/625
f 636/22/626 640/35/626 643/34/626
f 659/50/627 637/21/627 662/54/627
f 637/67/628 660/53/628 662/54/628
f 666/57/629 641/68/629 638/81/629
f 641/32/630 668/63/630 639/76/630
f 667/62/631 664/55/631 671/60/631
f 664/55/632 668/63/632 671/60/632
f 645/91/633 665/52/633 648/40/633
f 648/40/634 661/56/634 646/41/634
f 652/43/635 669/61/635 666/57/635
f 658/45/636 667/62/636 669/61/636
f 647/42/637 657/48/637 653/46/637
f 650/39/638 654/49/638 657/48/638
f 645/91/639 620/69/639 617/1/639
f 651/38/640 618/4/640 620/6/640
f 625/72/641 655/47/641 652/43/641
f 627/70/642 653/46/642 655/47/642
f 659/50/643 617/1/643 631/19/643
f 619/9/644 640/35/644 632/75/644
f 653/46/645 618/4/645 647/42/645
f 638/81/646 652/43/646 666/57/646
f 639/76/647 660/53/647 633/25/647
f 667/62/648 646/41/648 661/56/648
f 757/155/809 761/156/809 763/157/809
f 758/158/810 761/159/810 760/160/810
f 759/161/811 761/162/811 762/163/811
f 764/164/812 768/165/812 770/166/812
f 765/167/813 768/168/813 767/169/813
f 766/170/814 768/171/814 769/172/814
f 771/173/815 775/174/815 777/175/815
f 772/176/816 775/177/816 774/178/816
f 773/179/817 775/177/817 776/180/817
f 778/181/818 782/182/818 784/183/818
f 779/184/819 782/185/819 781/186/819
f 780/187/820 782/185/820 783/188/820
f 785/189/821 789/190/821 791/191/821
f 786/192/822 789/193/822 788/194/822
f 787/195/823 789/193/823 790/196/823
f 792/197/824 796/198/824 798/199/824
f 793/200/825 796/201/825 795/202/825
f 794/184/826 796/201/826 797/203/826
f 799/204/827 803/205/827 805/206/827
f 800/207/828 803/208/828 802/209/828
f 801/210/829 803/208/829 804/211/829
f 806/212/830 810/213/830 812/214/830
f 807/215/831 810/216/831 809/217/831
f 808/218/832 810/216/832 811/219/832
f 813/220/833 817/221/833 819/222/833
f 814/223/834 817/224/834 816/225/834
f 815/226/835 817/224/835 818/227/835
f 820/228/836 824/229/836 826/230/836
f 821/231/837 824/232/837 823/233/837
f 822/234/838 824/232/838 825/235/838
f 827/236/839 831/237/839 833/238/839
f 828/239/840 831/240/840 830/241/840
f 829/242/841 831/240/841 832/243/841
f 834/244/842 838/245/842 840/246/842
f 835/247/843 838/248/843 837/249/843
f 836/250/844 838/248/844 839/251/844
f 841/252/845 845/253/845 847/254/845
f 842/255/846 845/256/846 844/257/846
f 843/258/847 845/256/847 846/259/847
f 848/260/848 852/261/848 854/262/848
f 849/170/849 852/263/849 851/264/849
f 850/265/850 852/263/850 853/266/850
f 772/176/851 763/267/851 759/161/851
f 774/268/852 757/155/852 763/157/852
f 780/187/853 767/169/853 784/269/853
f 767/270/854 778/181/854 784/183/854
f 758/158/855 769/172/855 762/271/855
f 769/272/856 759/161/856 762/163/856
f 773/179/857 783/188/857 779/184/857
f 783/188/858 772/176/858 780/187/858
f 786/192/859 777/273/859 773/179/859
f 788/274/860 771/173/860 777/175/860
f 794/184/861 781/186/861 798/275/861
f 781/276/862 792/197/862 798/199/862
f 787/195/863 797/203/863 793/200/863
f 797/203/864 786/192/864 794/184/864
f 787/195/865 802/209/865 791/277/865
f 802/278/866 785/189/866 791/191/866
f 808/218/867 795/202/867 812/279/867
f 812/214/868 792/197/868 806/212/868
f 801/210/869 811/219/869 807/215/869
f 811/219/870 800/207/870 808/218/870
f 801/210/871 816/225/871 805/280/871
f 816/281/872 799/204/872 805/206/872
f 822/234/873 809/217/873 826/282/873
f 826/230/874 806/212/874 820/228/874
f 815/226/875 825/235/875 821/231/875
f 825/235/876 814/223/876 822/234/876
f 828/239/877 819/283/877 815/226/877
f 830/284/878 813/220/878 819/222/878
f 836/250/879 823/233/879 840/285/879
f 840/246/880 820/228/880 834/244/880
f 829/242/881 839/251/881 835/247/881
f 839/251/882 828/239/882 836/250/882
f 829/242/883 844/257/883 833/286/883
f 844/287/884 827/236/884 833/238/884
f 835/247/885 854/288/885 850/265/885
f 837/289/886 848/260/886 854/262/886
f 843/258/887 853/266/887 849/170/887
f 853/266/888 842/255/888 850/265/888
f 758/158/889 847/290/889 843/258/889
f 760/291/890 841/252/890 847/254/890
f 766/170/891 851/264/891 770/292/891
f 851/293/892 764/164/892 770/166/892
f 771/173/893 799/204/893 827/236/893
f 759/161/894 780/187/894 772/176/894
f 843/258/895 766/170/895 758/158/895
f 764/164/896 834/244/896 806/212/896
f 773/179/897 794/184/897 786/192/897
f 787/195/898 808/218/898 800/207/898
f 801/210/899 822/234/899 814/223/899
f 815/226/900 836/250/900 828/239/900
f 835/247/901 842/255/901 829/242/901
f 855/155/902 859/156/902 861/157/902
f 856/294/903 859/159/903 858/160/903
f 857/295/904 859/162/904 860/163/904
f 862/164/905 866/165/905 868/166/905
f 863/167/906 866/168/906 865/169/906
f 864/170/907 866/171/907 867/172/907
f 869/173/908 873/174/908 875/175/908
f 870/176/909 873/177/909 872/178/909
f 871/179/910 873/177/910 874/180/910
f 876/181/911 880/182/911 882/183/911
f 877/184/912 880/185/912 879/186/912
f 878/187/913 880/185/913 881/188/913
f 883/189/914 887/190/914 889/191/914
f 884/192/915 887/193/915 886/194/915
f 885/195/916 887/193/916 888/196/916
f 890/197/917 894/198/917 896/199/917
f 891/200/918 894/201/918 893/202/918
f 892/184/919 894/201/919 895/203/919
f 897/296/920 901/205/920 903/206/920
f 898/207/921 901/208/921 900/209/921
f 899/210/922 901/208/922 902/211/922
f 904/212/923 908/213/923 910/214/923
f 905/215/924 908/216/924 907/217/924
f 906/218/925 908/216/925 909/219/925
f 911/220/926 915/221/926 917/222/926
f 912/223/927 915/224/927 914/225/927
f 913/226/928 915/224/928 916/227/928
f 918/228/929 922/229/929 924/230/929
f 919/231/930 922/232/930 921/233/930
f 920/234/931 922/232/931 923/235/931
f 925/236/932 929/237/932 931/238/932
f 926/239/933 929/240/933 928/241/933
f 927/242/934 929/240/934 930/243/934
f 932/244/935 936/245/935 938/246/935
f 933/247/936 936/248/936 935/249/936
f 934/250/937 936/248/937 937/251/937
f 939/252/938 943/253/938 945/254/938
f 940/255/939 943/256/939 942/257/939
f 941/258/940 943/256/940 944/259/940
f 946/260/941 950/261/941 952/262/941
f 947/170/942 950/263/942 949/264/942
f 948/265/943 950/263/943 951/266/943
f 857/295/944 872/178/944 861/267/944
f 861/157/945 869/173/945 855/155/945
f 878/187/946 865/169/946 882/269/946
f 865/270/947 876/181/947 882/183/947
f 856/294/948 867/172/948 860/271/948
f 867/272/949 857/295/949 860/163/949
f 871/179/950 881/188/950 877/184/950
f 881/188/951 870/176/951 878/187/951
f 871/179/952 886/194/952 875/273/952
f 886/274/953 869/173/953 875/175/953
f 892/184/954 879/186/954 896/275/954
f 896/199/955 876/181/955 890/197/955
f 885/195/956 895/203/956 891/200/956
f 895/203/957 884/192/957 892/184/957
f 898/207/958 889/277/958 885/195/958
f 900/278/959 883/189/959 889/191/959
f 906/218/960 893/202/960 910/279/960
f 893/297/961 904/212/961 910/214/961
f 899/210/962 909/219/962 905/215/962
f 909/219/963 898/207/963 906/218/963
f 912/223/964 903/280/964 899/210/964
f 914/281/965 897/296/965 903/206/965
f 920/234/966 907/217/966 924/282/966
f 924/230/967 904/212/967 918/228/967
f 913/226/968 923/235/968 919/231/968
f 923/235/969 912/223/969 920/234/969
f 926/239/970 917/283/970 913/226/970
f 928/284/971 911/220/971 917/222/971
f 934/250/972 921/233/972 938/285/972
f 921/298/973 932/244/973 938/246/973
f 927/242/974 937/251/974 933/247/974
f 937/251/975 926/239/975 934/250/975
f 927/242/976 942/257/976 931/286/976
f 942/287/977 925/236/977 931/238/977
f 948/265/978 935/249/978 952/288/978
f 935/289/979 946/260/979 952/262/979
f 941/258/980 951/266/980 947/170/980
f 951/266/981 940/255/981 948/265/981
f 856/294/982 945/290/982 941/258/982
f 945/254/983 855/155/983 939/252/983
f 864/170/984 949/264/984 868/292/984
f 868/166/985 946/260/985 862/164/985
f 869/173/986 897/296/986 925/236/986
f 857/295/987 878/187/987 870/176/987
f 941/258/988 864/170/988 856/294/988
f 862/164/989 932/244/989 904/212/989
f 877/184/990 884/192/990 871/179/990
f 885/195/991 906/218/991 898/207/991
f 899/210/992 920/234/992 912/223/992
f 919/231/993 926/239/993 913/226/993
f 927/242/994 948/265/994 940/255/994
f 953/1/995 957/2/995 959/3/995
f 954/4/996 957/5/996 956/6/996
f 959/7/997 958/8/997 955/9/997
f 960/10/998 964/11/998 966/12/998
f 961/13/999 964/14/999 963/15/999
f 966/16/1000 965/17/1000 962/18/1000
f 967/19/1001 971/20/1001 973/21/1001
f 972/22/1002 970/23/1002 968/24/1002
f 969/25/1003 971/26/1003 972/22/1003
f 974/81/1004 978/28/1004 980/29/1004
f 975/30/1005 978/31/1005 977/32/1005
f 980/33/1006 979/34/1006 976/35/1006
f 981/36/1007 985/37/1007 987/38/1007
f 986/39/1008 984/40/1008 982/41/1008
f 983/42/1009 985/37/1009 986/39/1009
f 988/43/1010 992/44/1010 994/45/1010
f 989/46/1011 992/44/1011 991/47/1011
f 994/45/1012 993/48/1012 990/49/1012
f 995/50/1013 999/51/1013 1001/52/1013
f 996/53/1014 999/51/1014 998/54/1014
f 1001/52/1015 1000/55/1015 997/56/1015
f 1002/57/1016 1006/58/1016 1008/59/1016
f 1007/60/1017 1005/61/1017 1003/62/1017
f 1004/63/1018 1006/58/1018 1007/60/1018
f 953/1/1019 970/64/1019 967/19/1019
f 959/7/1020 968/24/1020 970/23/1020
f 954/4/1021 966/12/1021 958/65/1021
f 958/8/1022 962/18/1022 955/9/1022
f 974/81/1023 965/66/1023 961/13/1023
f 965/17/1024 976/35/1024 962/18/1024
f 975/30/1025 972/22/1025 979/34/1025
f 979/34/1026 968/24/1026 976/35/1026
f 995/50/1027 973/21/1027 998/54/1027
f 998/54/1028 969/25/1028 996/53/1028
f 1002/57/1029 977/68/1029 974/81/1029
f 1008/59/1030 975/30/1030 977/32/1030
f 997/56/1031 1007/60/1031 1003/62/1031
f 1000/55/1032 1004/63/1032 1007/60/1032
f 995/50/1033 984/40/1033 981/36/1033
f 984/40/1034 997/56/1034 982/41/1034
f 988/43/1035 1005/61/1035 1002/57/1035
f 994/45/1036 1003/62/1036 1005/61/1036
f 983/42/1037 993/48/1037 989/46/1037
f 986/39/1038 990/49/1038 993/48/1038
f 981/36/1039 956/69/1039 953/1/1039
f 956/6/1040 983/42/1040 954/4/1040
f 961/13/1041 991/47/1041 988/43/1041
f 991/47/1042 960/10/1042 989/46/1042
f 995/50/1043 953/1/1043 967/19/1043
f 962/18/1044 968/24/1044 955/9/1044
f 989/46/1045 954/4/1045 983/42/1045
f 1002/57/1046 961/13/1046 988/43/1046
f 969/25/1047 1004/63/1047 996/53/1047
f 1003/62/1048 982/41/1048 997/56/1048
f 1009/1/1049 1013/2/1049 1015/3/1049
f 1010/4/1050 1013/5/1050 1012/6/1050
f 1011/9/1051 1013/71/1051 1014/8/1051
f 1016/10/1052 1020/11/1052 1022/12/1052
f 1017/72/1053 1020/14/1053 1019/15/1053
f 1018/18/1054 1020/73/1054 1021/17/1054
f 1023/74/1055 1027/20/1055 1029/21/1055
f 1024/75/1056 1027/26/1056 1026/23/1056
f 1025/25/1057 1027/26/1057 1028/80/1057
f 1030/81/1058 1034/28/1058 1036/29/1058
f 1031/76/1059 1034/31/1059 1033/32/1059
f 1032/77/1060 1034/31/1060 1035/34/1060
f 1037/36/1061 1041/37/1061 1043/38/1061
f 1038/82/1062 1041/37/1062 1040/40/1062
f 1039/42/1063 1041/37/1063 1042/39/1063
f 1044/78/1064 1048/44/1064 1050/83/1064
f 1045/46/1065 1048/44/1065 1047/47/1065
f 1046/49/1066 1048/44/1066 1049/48/1066
f 1051/50/1067 1055/51/1067 1057/52/1067
f 1052/53/1068 1055/51/1068 1054/54/1068
f 1053/56/1069 1055/51/1069 1056/55/1069
f 1058/57/1070 1062/58/1070 1064/59/1070
f 1059/62/1071 1062/58/1071 1061/61/1071
f 1060/85/1072 1062/58/1072 1063/60/1072
f 1023/74/1073 1015/3/1073 1026/64/1073
f 1015/7/1074 1024/75/1074 1026/23/1074
f 1016/10/1075 1014/65/1075 1010/4/1075
f 1014/8/1076 1018/18/1076 1011/9/1076
f 1017/72/1077 1036/29/1077 1021/66/1077
f 1036/33/1078 1018/18/1078 1021/17/1078
f 1031/76/1079 1028/80/1079 1035/34/1079
f 1028/80/1080 1032/77/1080 1035/34/1080
f 1051/50/1081 1029/21/1081 1054/54/1081
f 1029/67/1082 1052/53/1082 1054/54/1082
f 1058/57/1083 1033/68/1083 1030/81/1083
f 1033/32/1084 1060/85/1084 1031/76/1084
f 1059/62/1085 1056/55/1085 1063/60/1085
f 1063/60/1086 1052/53/1086 1060/85/1086
f 1051/50/1087 1040/40/1087 1037/36/1087
f 1057/52/1088 1038/82/1088 1040/40/1088
f 1044/78/1089 1061/61/1089 1058/57/1089
f 1061/61/1090 1046/49/1090 1059/62/1090
f 1045/46/1091 1042/39/1091 1049/48/1091
f 1042/39/1092 1046/49/1092 1049/48/1092
f 1009/1/1093 1043/38/1093 1012/69/1093
f 1043/38/1094 1010/4/1094 1012/6/1094
f 1017/72/1095 1047/47/1095 1044/78/1095
f 1047/47/1096 1016/10/1096 1045/46/1096
f 1051/50/1097 1009/1/1097 1023/74/1097
f 1018/18/1098 1024/75/1098 1011/9/1098
f 1039/42/1099 1016/10/1099 1010/4/1099
f 1030/81/1100 1044/78/1100 1058/57/1100
f 1031/76/1101 1052/53/1101 1025/25/1101
f 1053/56/1102 1046/49/1102 1038/82/1102
f 1065/86/1103 1069/2/1103 1071/3/1103
f 1066/4/1104 1069/5/1104 1068/6/1104
f 1071/7/1105 1070/8/1105 1067/9/1105
f 1072/10/1106 1076/11/1106 1078/12/1106
f 1073/72/1107 1076/14/1107 1075/15/1107
f 1078/16/1108 1077/17/1108 1074/18/1108
f 1079/74/1109 1083/20/1109 1085/21/1109
f 1084/22/1110 1082/23/1110 1080/75/1110
f 1081/87/1111 1083/26/1111 1084/22/1111
f 1086/81/1112 1090/28/1112 1092/29/1112
f 1087/76/1113 1090/31/1113 1089/32/1113
f 1092/33/1114 1091/34/1114 1088/35/1114
f 1093/36/1115 1097/37/1115 1099/38/1115
f 1098/39/1116 1096/40/1116 1094/82/1116
f 1095/42/1117 1097/37/1117 1098/39/1117
f 1100/43/1118 1104/44/1118 1106/83/1118
f 1101/46/1119 1104/44/1119 1103/47/1119
f 1106/83/1120 1105/48/1120 1102/88/1120
f 1107/79/1121 1111/51/1121 1113/52/1121
f 1108/53/1122 1111/51/1122 1110/54/1122
f 1113/52/1123 1112/55/1123 1109/56/1123
f 1114/57/1124 1118/58/1124 1120/84/1124
f 1119/60/1125 1117/61/1125 1115/62/1125
f 1116/63/1126 1118/58/1126 1119/60/1126
f 1065/86/1127 1082/64/1127 1079/74/1127
f 1082/23/1128 1067/9/1128 1080/75/1128
f 1066/4/1129 1078/12/1129 1070/65/1129
f 1078/16/1130 1067/9/1130 1070/8/1130
f 1073/72/1131 1092/29/1131 1077/66/1131
f 1092/33/1132 1074/18/1132 1077/17/1132
f 1087/76/1133 1084/22/1133 1091/34/1133
f 1084/22/1134 1088/35/1134 1091/34/1134
f 1079/74/1135 1110/54/1135 1107/79/1135
f 1085/67/1136 1108/53/1136 1110/54/1136
f 1086/81/1137 1120/84/1137 1089/68/1137
f 1089/32/1138 1116/63/1138 1087/76/1138
f 1109/56/1139 1119/60/1139 1115/62/1139
f 1112/55/1140 1116/63/1140 1119/60/1140
f 1107/79/1141 1096/40/1141 1093/36/1141
f 1096/40/1142 1109/56/1142 1094/82/1142
f 1100/43/1143 1117/61/1143 1114/57/1143
f 1106/83/1144 1115/62/1144 1117/61/1144
f 1095/42/1145 1105/48/1145 1101/46/1145
f 1105/48/1146 1094/82/1146 1102/88/1146
f 1065/86/1147 1099/38/1147 1068/69/1147
f 1068/6/1148 1095/42/1148 1066/4/1148
f 1100/43/1149 1075/15/1149 1103/47/1149
f 1075/70/1150 1101/46/1150 1103/47/1150
f 1079/74/1151 1093/36/1151 1065/86/1151
f 1074/18/1152 1080/75/1152 1067/9/1152
f 1101/46/1153 1066/4/1153 1095/42/1153
f 1086/81/1154 1100/43/1154 1114/57/1154
f 1087/76/1155 1108/53/1155 1081/87/1155
f 1115/62/1156 1094/82/1156 1109/56/1156
f 1121/86/1157 1125/2/1157 1127/3/1157
f 1122/4/1158 1125/5/1158 1124/6/1158
f 1123/9/1159 1125/71/1159 1126/8/1159
f 1128/10/1160 1132/11/1160 1134/12/1160
f 1129/13/1161 1132/14/1161 1131/15/1161
f 1130/18/1162 1132/73/1162 1133/17/1162
f 1135/74/1163 1139/20/1163 1141/21/1163
f 1136/24/1164 1139/26/1164 1138/23/1164
f 1137/90/1165 1139/26/1165 1140/22/1165
f 1142/27/1166 1146/28/1166 1148/29/1166
f 1143/76/1167 1146/31/1167 1145/32/1167
f 1144/35/1168 1146/31/1168 1147/34/1168
f 1149/91/1169 1153/37/1169 1155/38/1169
f 1150/82/1170 1153/37/1170 1152/40/1170
f 1151/42/1171 1153/37/1171 1154/39/1171
f 1156/43/1172 1160/44/1172 1162/83/1172
f 1157/46/1173 1160/44/1173 1159/47/1173
f 1158/88/1174 1160/44/1174 1161/48/1174
f 1163/50/1175 1167/51/1175 1169/52/1175
f 1164/53/1176 1167/51/1176 1166/54/1176
f 1165/56/1177 1167/51/1177 1168/55/1177
f 1170/57/1178 1174/58/1178 1176/59/1178
f 1171/62/1179 1174/58/1179 1173/61/1179
f 1172/63/1180 1174/58/1180 1175/60/1180
f 1121/86/1181 1138/64/1181 1135/74/1181
f 1127/7/1182 1136/24/1182 1138/23/1182
f 1128/10/1183 1126/65/1183 1122/4/1183
f 1134/16/1184 1123/9/1184 1126/8/1184
f 1129/13/1185 1148/29/1185 1133/66/1185
f 1133/17/1186 1144/35/1186 1130/18/1186
f 1143/76/1187 1140/22/1187 1147/34/1187
f 1140/22/1188 1144/35/1188 1147/34/1188
f 1135/74/1189 1166/54/1189 1163/50/1189
f 1166/54/1190 1137/90/1190 1164/53/1190
f 1170/57/1191 1145/68/1191 1142/27/1191
f 1145/32/1192 1172/63/1192 1143/76/1192
f 1171/62/1193 1168/55/1193 1175/60/1193
f 1168/55/1194 1172/63/1194 1175/60/1194
f 1163/50/1195 1152/40/1195 1149/91/1195
f 1169/52/1196 1150/82/1196 1152/40/1196
f 1156/43/1197 1173/61/1197 1170/57/1197
f 1173/61/1198 1158/88/1198 1171/62/1198
f 1151/42/1199 1161/48/1199 1157/46/1199
f 1154/39/1200 1158/88/1200 1161/48/1200
f 1149/91/1201 1124/69/1201 1121/86/1201
f 1155/38/1202 1122/4/1202 1124/6/1202
f 1156/43/1203 1131/15/1203 1159/47/1203
f 1159/47/1204 1128/10/1204 1157/46/1204
f 1163/50/1205 1121/86/1205 1135/74/1205
f 1130/18/1206 1136/24/1206 1123/9/1206
f 1157/46/1207 1122/4/1207 1151/42/1207
f 1142/27/1208 1156/43/1208 1170/57/1208
f 1137/90/1209 1172/63/1209 1164/53/1209
f 1171/62/1210 1150/82/1210 1165/56/1210
f 1177/1/1211 1181/2/1211 1183/3/1211
f 1182/65/1212 1180/6/1212 1178/4/1212
f 1179/9/1213 1181/71/1213 1182/8/1213
f 1187/70/1214 1190/12/1214 1184/10/1214
f 1185/72/1215 1188/14/1215 1187/15/1215
f 1186/18/1216 1188/73/1216 1189/17/1216
f 1191/19/1217 1195/20/1217 1197/21/1217
f 1192/24/1218 1195/26/1218 1194/23/1218
f 1197/67/1219 1196/22/1219 1193/25/1219
f 1198/27/1220 1202/28/1220 1204/29/1220
f 1203/34/1221 1201/32/1221 1199/30/1221
f 1200/35/1222 1202/31/1222 1203/34/1222
f 1205/36/1223 1209/37/1223 1211/38/1223
f 1206/41/1224 1209/37/1224 1208/40/1224
f 1211/38/1225 1210/39/1225 1207/42/1225
f 1212/43/1226 1216/44/1226 1218/45/1226
f 1217/48/1227 1215/47/1227 1213/46/1227
f 1214/49/1228 1216/44/1228 1217/48/1228
f 1219/79/1229 1223/51/1229 1225/52/1229
f 1224/55/1230 1222/54/1230 1220/53/1230
f 1221/56/1231 1223/51/1231 1224/55/1231
f 1226/57/1232 1230/58/1232 1232/59/1232
f 1227/62/1233 1230/58/1233 1229/61/1233
f 1232/59/1234 1231/60/1234 1228/63/1234
f 1191/19/1235 1183/3/1235 1194/64/1235
f 1194/23/1236 1179/9/1236 1192/24/1236
f 1184/10/1237 1182/65/1237 1178/4/1237
f 1190/16/1238 1179/9/1238 1182/8/1238
f 1198/27/1239 1189/66/1239 1185/72/1239
f 1189/17/1240 1200/35/1240 1186/18/1240
f 1193/25/1241 1203/34/1241 1199/30/1241
f 1196/22/1242 1200/35/1242 1203/34/1242
f 1191/19/1243 1222/54/1243 1219/79/1243
f 1197/67/1244 1220/53/1244 1222/54/1244
f 1198/27/1245 1232/59/1245 1201/68/1245
f 1232/59/1246 1199/30/1246 1201/32/1246
f 1227/62/1247 1224/55/1247 1231/60/1247
f 1231/60/1248 1220/53/1248 1228/63/1248
f 1205/36/1249 1225/52/1249 1208/40/1249
f 1225/52/1250 1206/41/1250 1208/40/1250
f 1212/43/1251 1229/61/1251 1226/57/1251
f 1218/45/1252 1227/62/1252 1229/61/1252
f 1213/46/1253 1210/39/1253 1217/48/1253
f 1217/48/1254 1206/41/1254 1214/49/1254
f 1205/36/1255 1180/69/1255 1177/1/1255
f 1180/6/1256 1207/42/1256 1178/4/1256
f 1185/72/1257 1215/47/1257 1212/43/1257
f 1187/70/1258 1213/46/1258 1215/47/1258
f 1219/79/1259 1177/1/1259 1191/19/1259
f 1186/18/1260 1192/24/1260 1179/9/1260
f 1207/42/1261 1184/10/1261 1178/4/1261
f 1198/27/1262 1212/43/1262 1226/57/1262
f 1199/30/1263 1220/53/1263 1193/25/1263
f 1227/62/1264 1206/41/1264 1221/56/1264
f 60/69/1291 61/2/1291 63/3/1291
f 58/4/1292 62/65/1292 61/5/1292
f 59/9/1293 63/7/1293 61/71/1293
f 64/10/1294 67/70/1294 68/11/1294
f 69/66/1295 68/14/1295 67/15/1295
f 66/18/1296 70/16/1296 68/73/1296
f 74/64/1297 75/20/1297 77/21/1297
f 72/75/1298 76/22/1298 75/26/1298
f 73/25/1299 77/67/1299 75/26/1299
f 81/68/1300 82/28/1300 84/29/1300
f 79/76/1301 83/34/1301 82/31/1301
f 80/77/1302 84/33/1302 82/31/1302
f 88/40/1303 89/37/1303 91/38/1303
f 86/41/1304 90/39/1304 89/37/1304
f 87/42/1305 91/38/1305 89/37/1305
f 95/47/1306 96/44/1306 98/45/1306
f 93/46/1307 97/48/1307 96/44/1307
f 94/49/1308 98/45/1308 96/44/1308
f 102/54/1309 103/51/1309 105/52/1309
f 100/53/1310 104/55/1310 103/51/1310
f 101/56/1311 105/52/1311 103/51/1311
f 109/61/1312 110/58/1312 112/59/1312
f 107/62/1313 111/60/1313 110/58/1313
f 108/63/1314 112/59/1314 110/58/1314
f 57/1/79 63/3/79 74/64/79
f 63/7/80 59/9/80 72/75/80
f 58/4/1315 64/10/1315 70/12/1315
f 70/16/82 66/18/82 59/9/82
f 78/27/83 84/29/83 69/66/83
f 84/33/84 80/77/84 66/18/84
f 73/25/1316 76/22/1316 83/34/1316
f 83/34/86 76/22/86 72/75/86
f 71/74/87 77/21/87 102/54/87
f 77/67/88 73/25/88 100/53/88
f 106/57/89 112/59/89 81/68/89
f 81/32/90 112/59/90 108/63/90
f 101/56/91 104/55/91 111/60/91
f 104/55/92 100/53/92 108/63/92
f 99/79/93 105/52/93 88/40/93
f 105/52/94 101/56/94 86/41/94
f 92/78/95 98/45/95 109/61/95
f 109/61/96 98/45/96 94/49/96
f 87/42/97 90/39/97 97/48/97
f 90/39/98 86/41/98 94/49/98
f 85/36/99 91/38/99 60/69/99
f 60/6/100 91/38/100 87/42/100
f 65/72/101 67/15/101 95/47/101
f 67/70/102 64/10/102 93/46/102
f 99/79/103 85/36/103 57/1/103
f 59/9/104 66/18/104 80/77/104
f 93/46/105 64/10/105 58/4/105
f 78/27/106 65/72/106 92/78/106
f 73/25/107 79/76/107 108/63/107
f 107/62/108 94/49/108 86/41/108
f 116/69/1317 117/2/1317 119/3/1317
f 114/4/1318 118/65/1318 117/5/1318
f 115/9/1319 119/7/1319 117/71/1319
f 120/10/1320 123/70/1320 124/11/1320
f 125/66/1321 124/14/1321 123/15/1321
f 122/18/1322 126/16/1322 124/73/1322
f 130/64/1323 131/20/1323 133/21/1323
f 128/75/1324 132/80/1324 131/26/1324
f 129/25/1325 133/67/1325 131/26/1325
f 137/68/1326 138/28/1326 140/29/1326
f 135/76/1327 139/34/1327 138/31/1327
f 136/77/1328 140/33/1328 138/31/1328
f 144/40/1329 145/37/1329 147/38/1329
f 142/82/1330 146/39/1330 145/37/1330
f 143/42/1331 147/38/1331 145/37/1331
f 151/47/1332 152/44/1332 154/83/1332
f 149/46/1333 153/48/1333 152/44/1333
f 150/49/1334 154/83/1334 152/44/1334
f 158/54/1335 159/51/1335 161/52/1335
f 156/53/1336 160/55/1336 159/51/1336
f 157/56/1337 161/52/1337 159/51/1337
f 165/61/1338 166/58/1338 168/84/1338
f 163/62/1339 167/60/1339 166/58/1339
f 164/85/1340 168/84/1340 166/58/1340
f 127/19/133 113/1/133 119/3/133
f 130/23/134 119/7/134 115/9/134
f 114/4/1341 120/10/1341 126/12/1341
f 126/16/136 122/18/136 115/9/136
f 134/81/137 140/29/137 125/66/137
f 125/17/138 140/33/138 136/77/138
f 129/25/1342 132/80/1342 139/34/1342
f 132/80/140 128/75/140 136/77/140
f 127/19/141 133/21/141 158/54/141
f 133/67/142 129/25/142 156/53/142
f 162/57/143 168/84/143 137/68/143
f 168/84/144 164/85/144 135/76/144
f 157/56/1343 160/55/1343 167/60/1343
f 167/60/1344 160/55/1344 156/53/1344
f 155/50/147 161/52/147 144/40/147
f 161/52/148 157/56/148 142/82/148
f 148/43/149 154/83/149 165/61/149
f 165/61/150 154/83/150 150/49/150
f 143/42/151 146/39/151 153/48/151
f 153/48/152 146/39/152 142/82/152
f 113/1/153 141/36/153 147/38/153
f 147/38/154 143/42/154 114/4/154
f 148/43/155 121/72/155 123/15/155
f 151/47/156 123/70/156 120/10/156
f 155/50/157 141/36/157 113/1/157
f 122/18/158 136/77/158 128/75/158
f 149/46/159 120/10/159 114/4/159
f 134/81/160 121/72/160 148/43/160
f 129/25/161 135/76/161 164/85/161
f 163/62/162 150/49/162 142/82/162
f 169/86/1345 172/69/1345 173/2/1345
f 170/4/1346 174/65/1346 173/5/1346
f 171/9/1347 175/7/1347 173/71/1347
f 176/10/1348 179/70/1348 180/11/1348
f 177/72/1349 181/66/1349 180/14/1349
f 178/18/1350 182/16/1350 180/73/1350
f 183/74/1351 186/64/1351 187/20/1351
f 184/75/1352 188/22/1352 187/26/1352
f 185/87/1353 189/67/1353 187/26/1353
f 190/81/1354 193/68/1354 194/28/1354
f 191/76/1355 195/34/1355 194/31/1355
f 192/35/1356 196/33/1356 194/31/1356
f 197/36/1357 200/40/1357 201/37/1357
f 198/82/1358 202/39/1358 201/37/1358
f 199/42/1359 203/38/1359 201/37/1359
f 204/43/1360 207/47/1360 208/44/1360
f 205/46/1361 209/48/1361 208/44/1361
f 206/88/1362 210/83/1362 208/44/1362
f 211/79/1363 214/54/1363 215/51/1363
f 212/53/1364 216/55/1364 215/51/1364
f 213/56/1365 217/52/1365 215/51/1365
f 218/57/1366 221/61/1366 222/58/1366
f 219/62/1367 223/60/1367 222/58/1367
f 220/63/1368 224/84/1368 222/58/1368
f 169/86/187 175/3/187 186/64/187
f 175/7/188 171/9/188 184/75/188
f 170/4/189 176/10/189 182/12/189
f 182/16/190 178/18/190 171/9/190
f 190/81/191 196/29/191 181/66/191
f 196/33/192 192/35/192 178/18/192
f 185/87/193 188/22/193 195/34/193
f 188/22/194 184/75/194 192/35/194
f 183/74/195 189/21/195 214/54/195
f 189/67/196 185/87/196 212/53/196
f 218/57/197 224/84/197 193/68/197
f 224/84/198 220/63/198 191/76/198
f 213/56/199 216/55/199 223/60/199
f 216/55/200 212/53/200 220/63/200
f 211/79/201 217/52/201 200/40/201
f 200/40/202 217/52/202 213/56/202
f 218/57/1369 204/43/1369 210/83/1369
f 210/83/204 206/88/204 219/62/204
f 199/42/205 202/39/205 209/48/205
f 202/39/206 198/82/206 206/88/206
f 169/86/207 197/36/207 203/38/207
f 172/6/1370 203/38/1370 199/42/1370
f 177/72/209 179/15/209 207/47/209
f 179/70/210 176/10/210 205/46/210
f 183/74/211 211/79/211 197/36/211
f 171/9/212 178/18/212 192/35/212
f 205/46/213 176/10/213 170/4/213
f 218/57/214 190/81/214 177/72/214
f 185/87/215 191/76/215 220/63/215
f 213/56/216 219/62/216 206/88/216
f 225/1/1371 228/69/1371 229/2/1371
f 226/4/1372 230/65/1372 229/5/1372
f 231/7/1373 229/71/1373 230/8/1373
f 232/10/1374 235/70/1374 236/11/1374
f 233/13/1375 237/66/1375 236/14/1375
f 238/16/1376 236/73/1376 237/17/1376
f 239/74/1377 242/64/1377 243/20/1377
f 244/22/1378 243/26/1378 242/23/1378
f 241/90/1379 245/67/1379 243/26/1379
f 246/27/1380 249/68/1380 250/28/1380
f 247/76/1381 251/34/1381 250/31/1381
f 252/33/1382 250/31/1382 251/34/1382
f 253/91/1383 256/40/1383 257/37/1383
f 258/39/1384 257/37/1384 256/40/1384
f 255/42/1385 259/38/1385 257/37/1385
f 260/43/1386 263/47/1386 264/44/1386
f 261/46/1387 265/48/1387 264/44/1387
f 266/83/1388 264/44/1388 265/48/1388
f 267/50/1389 270/54/1389 271/51/1389
f 268/53/1390 272/55/1390 271/51/1390
f 273/52/1391 271/51/1391 272/55/1391
f 274/57/1392 277/61/1392 278/58/1392
f 279/60/1393 278/58/1393 277/61/1393
f 276/63/1394 280/84/1394 278/58/1394
f 225/1/241 231/3/241 242/64/241
f 231/7/242 227/89/242 240/24/242
f 232/10/243 238/12/243 230/65/243
f 230/8/244 238/16/244 234/18/244
f 246/27/245 252/29/245 237/66/245
f 252/33/246 248/35/246 234/18/246
f 241/90/247 244/22/247 251/34/247
f 244/22/248 240/24/248 248/35/248
f 239/74/249 245/21/249 270/54/249
f 245/67/250 241/90/250 268/53/250
f 246/27/251 274/57/251 280/84/251
f 249/32/1395 280/84/1395 276/63/1395
f 269/56/253 272/55/253 279/60/253
f 272/55/254 268/53/254 276/63/254
f 253/91/255 267/50/255 273/52/255
f 273/52/1396 269/56/1396 254/82/1396
f 274/57/257 260/43/257 266/83/257
f 277/61/258 266/83/258 262/88/258
f 255/42/1397 258/39/1397 265/48/1397
f 258/39/260 254/82/260 262/88/260
f 253/91/261 259/38/261 228/69/261
f 259/38/1398 255/42/1398 226/4/1398
f 233/13/263 235/15/263 263/47/263
f 235/70/264 232/10/264 261/46/264
f 267/50/265 253/91/265 225/1/265
f 234/18/266 248/35/266 240/24/266
f 261/46/267 232/10/267 226/4/267
f 274/57/268 246/27/268 233/13/268
f 241/90/269 247/76/269 276/63/269
f 269/56/270 275/62/270 262/88/270
f 281/1/1399 284/69/1399 285/2/1399
f 282/4/1400 286/65/1400 285/5/1400
f 287/7/1401 285/71/1401 286/8/1401
f 288/10/1402 291/70/1402 292/11/1402
f 289/72/1403 293/66/1403 292/14/1403
f 294/16/1404 292/73/1404 293/17/1404
f 295/74/1405 298/64/1405 299/20/1405
f 300/22/1406 299/26/1406 298/23/1406
f 297/25/1407 301/67/1407 299/26/1407
f 302/27/1408 305/68/1408 306/28/1408
f 303/76/1409 307/34/1409 306/31/1409
f 308/33/1410 306/31/1410 307/34/1410
f 309/36/1411 312/40/1411 313/37/1411
f 314/39/1412 313/37/1412 312/40/1412
f 311/42/1413 315/38/1413 313/37/1413
f 316/78/1414 319/47/1414 320/44/1414
f 317/46/1415 321/48/1415 320/44/1415
f 322/45/1416 320/44/1416 321/48/1416
f 323/79/1417 326/54/1417 327/51/1417
f 324/53/1418 328/55/1418 327/51/1418
f 329/52/1419 327/51/1419 328/55/1419
f 330/57/1420 333/61/1420 334/58/1420
f 335/60/1421 334/58/1421 333/61/1421
f 332/63/1422 336/59/1422 334/58/1422
f 281/1/295 287/3/295 298/64/295
f 287/7/1423 283/9/1423 296/24/1423
f 282/4/297 288/10/297 294/12/297
f 286/8/298 294/16/298 290/18/298
f 302/27/299 308/29/299 293/66/299
f 308/33/300 304/77/300 290/18/300
f 303/76/301 297/25/301 300/22/301
f 300/22/302 296/24/302 304/77/302
f 295/74/303 301/21/303 326/54/303
f 326/54/304 301/67/304 297/25/304
f 330/57/305 336/59/305 305/68/305
f 336/59/1424 332/63/1424 303/76/1424
f 331/62/307 325/56/307 328/55/307
f 335/60/308 328/55/308 324/53/308
f 323/79/309 329/52/309 312/40/309
f 312/40/310 329/52/310 325/56/310
f 330/57/311 316/78/311 322/45/311
f 333/61/1425 322/45/1425 318/49/1425
f 311/42/313 314/39/313 321/48/313
f 321/48/314 314/39/314 310/41/314
f 309/36/315 315/38/315 284/69/315
f 284/6/1426 315/38/1426 311/42/1426
f 316/78/317 289/72/317 291/15/317
f 291/70/318 288/10/318 317/46/318
f 323/79/319 309/36/319 281/1/319
f 290/18/320 304/77/320 296/24/320
f 317/46/321 288/10/321 282/4/321
f 302/27/322 289/72/322 316/78/322
f 303/76/323 332/63/323 324/53/323
f 325/56/324 331/62/324 318/49/324
f 340/69/1427 341/2/1427 343/3/1427
f 338/4/1428 342/65/1428 341/5/1428
f 339/9/1429 343/7/1429 341/71/1429
f 344/10/1430 347/70/1430 348/11/1430
f 349/66/1431 348/14/1431 347/15/1431
f 346/18/1432 350/16/1432 348/73/1432
f 354/64/1433 355/20/1433 357/21/1433
f 352/24/1434 356/22/1434 355/26/1434
f 353/25/1435 357/67/1435 355/26/1435
f 361/68/1436 362/28/1436 364/29/1436
f 359/76/1437 363/34/1437 362/31/1437
f 360/35/1438 364/33/1438 362/31/1438
f 368/40/1439 369/37/1439 371/38/1439
f 366/41/1440 370/39/1440 369/37/1440
f 367/42/1441 371/38/1441 369/37/1441
f 375/47/1442 376/44/1442 378/45/1442
f 373/46/1443 377/48/1443 376/44/1443
f 374/49/1444 378/45/1444 376/44/1444
f 382/54/1445 383/51/1445 385/52/1445
f 380/53/1446 384/55/1446 383/51/1446
f 381/56/1447 385/52/1447 383/51/1447
f 389/61/1448 390/58/1448 392/59/1448
f 387/62/1449 391/60/1449 390/58/1449
f 388/63/1450 392/59/1450 390/58/1450
f 337/86/349 343/3/349 354/64/349
f 343/7/1451 339/9/1451 352/24/1451
f 344/10/1452 350/12/1452 342/65/1452
f 350/16/352 346/18/352 339/9/352
f 345/72/353 358/81/353 364/29/353
f 364/33/354 360/35/354 346/18/354
f 353/25/1453 356/22/1453 363/34/1453
f 356/22/356 352/24/356 360/35/356
f 351/19/357 357/21/357 382/54/357
f 357/67/358 353/25/358 380/53/358
f 386/57/359 392/59/359 361/68/359
f 392/59/360 388/63/360 359/76/360
f 387/62/361 381/56/361 384/55/361
f 384/55/1454 380/53/1454 388/63/1454
f 379/79/363 385/52/363 368/40/363
f 385/52/364 381/56/364 366/41/364
f 372/43/365 378/45/365 389/61/365
f 389/61/366 378/45/366 374/49/366
f 367/42/1455 370/39/1455 377/48/1455
f 377/48/368 370/39/368 366/41/368
f 365/91/369 371/38/369 340/69/369
f 340/6/370 371/38/370 367/42/370
f 372/43/371 345/72/371 347/15/371
f 347/70/372 344/10/372 373/46/372
f 379/79/373 365/91/373 337/86/373
f 339/9/374 346/18/374 360/35/374
f 373/46/375 344/10/375 338/4/375
f 386/57/376 358/81/376 345/72/376
f 359/76/377 388/63/377 380/53/377
f 387/62/378 374/49/378 366/41/378
f 396/69/1456 397/2/1456 399/3/1456
f 394/4/1457 398/65/1457 397/5/1457
f 395/9/1458 399/7/1458 397/71/1458
f 400/10/1459 403/70/1459 404/11/1459
f 405/66/1460 404/14/1460 403/15/1460
f 402/18/1461 406/16/1461 404/73/1461
f 410/64/1462 411/20/1462 413/21/1462
f 408/75/1463 412/22/1463 411/26/1463
f 409/25/1464 413/67/1464 411/26/1464
f 417/68/1465 418/28/1465 420/29/1465
f 415/76/1466 419/34/1466 418/31/1466
f 416/77/1467 420/33/1467 418/31/1467
f 424/40/1468 425/37/1468 427/38/1468
f 422/82/1469 426/39/1469 425/37/1469
f 423/42/1470 427/38/1470 425/37/1470
f 431/47/1471 432/44/1471 434/83/1471
f 429/46/1472 433/48/1472 432/44/1472
f 430/49/1473 434/83/1473 432/44/1473
f 438/54/1474 439/51/1474 441/52/1474
f 436/53/1475 440/55/1475 439/51/1475
f 437/56/1476 441/52/1476 439/51/1476
f 445/61/1477 446/58/1477 448/84/1477
f 443/62/1478 447/60/1478 446/58/1478
f 444/85/1479 448/84/1479 446/58/1479
f 407/19/1480 393/1/1480 399/3/1480
f 410/23/404 399/7/404 395/9/404
f 394/4/405 400/10/405 406/12/405
f 406/16/406 402/18/406 395/9/406
f 414/81/1481 420/29/1481 405/66/1481
f 420/33/408 416/77/408 402/18/408
f 409/25/409 412/22/409 419/34/409
f 412/22/410 408/75/410 416/77/410
f 435/50/411 407/19/411 413/21/411
f 413/67/412 409/25/412 436/53/412
f 414/81/413 442/57/413 448/84/413
f 448/84/414 444/85/414 415/76/414
f 437/56/415 440/55/415 447/60/415
f 447/60/416 440/55/416 436/53/416
f 435/50/417 441/52/417 424/40/417
f 441/52/418 437/56/418 422/82/418
f 442/57/1482 428/43/1482 434/83/1482
f 445/61/420 434/83/420 430/49/420
f 423/42/421 426/39/421 433/48/421
f 426/39/422 422/82/422 430/49/422
f 421/36/423 427/38/423 396/69/423
f 427/38/424 423/42/424 394/4/424
f 401/72/1483 403/15/1483 431/47/1483
f 403/70/426 400/10/426 429/46/426
f 435/50/427 421/36/427 393/1/427
f 402/18/428 416/77/428 408/75/428
f 429/46/429 400/10/429 394/4/429
f 442/57/430 414/81/430 401/72/430
f 415/76/431 444/85/431 436/53/431
f 443/62/432 430/49/432 422/82/432
f 617/1/1569 620/69/1569 621/2/1569
f 618/4/1570 622/65/1570 621/5/1570
f 623/7/1571 621/71/1571 622/8/1571
f 624/10/1572 627/70/1572 628/11/1572
f 625/72/1573 629/66/1573 628/14/1573
f 630/16/1574 628/73/1574 629/17/1574
f 631/19/1575 634/64/1575 635/20/1575
f 636/22/1576 635/26/1576 634/23/1576
f 633/25/1577 637/67/1577 635/26/1577
f 638/81/1578 641/68/1578 642/28/1578
f 639/76/1579 643/34/1579 642/31/1579
f 644/33/1580 642/31/1580 643/34/1580
f 645/91/1581 648/40/1581 649/37/1581
f 650/39/1582 649/37/1582 648/40/1582
f 647/42/1583 651/38/1583 649/37/1583
f 652/43/1584 655/47/1584 656/44/1584
f 653/46/1585 657/48/1585 656/44/1585
f 658/45/1586 656/44/1586 657/48/1586
f 659/50/1587 662/54/1587 663/51/1587
f 660/53/1588 664/55/1588 663/51/1588
f 665/52/1589 663/51/1589 664/55/1589
f 666/57/1590 669/61/1590 670/58/1590
f 671/60/1591 670/58/1591 669/61/1591
f 668/63/1592 672/59/1592 670/58/1592
f 617/1/1593 623/3/1593 634/64/1593
f 623/7/620 619/9/620 632/75/620
f 618/4/1594 624/10/1594 630/12/1594
f 630/16/1595 626/18/1595 619/9/1595
f 638/81/623 644/29/623 629/66/623
f 644/33/1596 640/35/1596 626/18/1596
f 639/76/625 633/25/625 636/22/625
f 636/22/626 632/75/626 640/35/626
f 659/50/1597 631/19/1597 637/21/1597
f 637/67/628 633/25/628 660/53/628
f 666/57/629 672/59/629 641/68/629
f 641/32/630 672/59/630 668/63/630
f 667/62/631 661/56/631 664/55/631
f 664/55/632 660/53/632 668/63/632
f 645/91/1598 659/50/1598 665/52/1598
f 648/40/634 665/52/634 661/56/634
f 652/43/635 658/45/635 669/61/635
f 658/45/1599 654/49/1599 667/62/1599
f 647/42/637 650/39/637 657/48/637
f 650/39/638 646/41/638 654/49/638
f 645/91/639 651/38/639 620/69/639
f 651/38/640 647/42/640 618/4/640
f 625/72/641 627/15/641 655/47/641
f 627/70/642 624/10/642 653/46/642
f 659/50/643 645/91/643 617/1/643
f 619/9/644 626/18/644 640/35/644
f 653/46/645 624/10/645 618/4/645
f 638/81/646 625/72/646 652/43/646
f 639/76/647 668/63/647 660/53/647
f 667/62/648 654/49/648 646/41/648
f 757/155/1600 760/291/1600 761/156/1600
f 758/158/1601 762/271/1601 761/159/1601
f 759/161/1602 763/267/1602 761/162/1602
f 764/164/1603 767/270/1603 768/165/1603
f 765/167/1604 769/272/1604 768/168/1604
f 766/170/1605 770/292/1605 768/171/1605
f 771/173/1606 774/268/1606 775/174/1606
f 772/176/1607 776/180/1607 775/177/1607
f 773/179/1608 777/273/1608 775/177/1608
f 778/181/1609 781/276/1609 782/182/1609
f 779/184/1610 783/188/1610 782/185/1610
f 780/187/1611 784/269/1611 782/185/1611
f 785/189/1612 788/274/1612 789/190/1612
f 786/192/1613 790/196/1613 789/193/1613
f 787/195/1614 791/277/1614 789/193/1614
f 792/197/1615 795/297/1615 796/198/1615
f 793/200/1616 797/203/1616 796/201/1616
f 794/184/1617 798/275/1617 796/201/1617
f 799/204/1618 802/278/1618 803/205/1618
f 800/207/1619 804/211/1619 803/208/1619
f 801/210/1620 805/280/1620 803/208/1620
f 806/212/1621 809/299/1621 810/213/1621
f 807/215/1622 811/219/1622 810/216/1622
f 808/218/1623 812/279/1623 810/216/1623
f 813/220/1624 816/281/1624 817/221/1624
f 814/223/1625 818/227/1625 817/224/1625
f 815/226/1626 819/283/1626 817/224/1626
f 820/228/1627 823/298/1627 824/229/1627
f 821/231/1628 825/235/1628 824/232/1628
f 822/234/1629 826/282/1629 824/232/1629
f 827/236/1630 830/284/1630 831/237/1630
f 828/239/1631 832/243/1631 831/240/1631
f 829/242/1632 833/286/1632 831/240/1632
f 834/244/1633 837/289/1633 838/245/1633
f 835/247/1634 839/251/1634 838/248/1634
f 836/250/1635 840/285/1635 838/248/1635
f 841/252/1636 844/287/1636 845/253/1636
f 842/255/1637 846/259/1637 845/256/1637
f 843/258/1638 847/290/1638 845/256/1638
f 848/260/1639 851/293/1639 852/261/1639
f 849/170/1640 853/266/1640 852/263/1640
f 850/265/1641 854/288/1641 852/263/1641
f 772/176/1642 774/178/1642 763/267/1642
f 774/268/852 771/173/852 757/155/852
f 780/187/1643 765/167/1643 767/169/1643
f 767/270/854 764/164/854 778/181/854
f 758/158/1644 766/170/1644 769/172/1644
f 769/272/856 765/167/856 759/161/856
f 773/179/857 776/180/857 783/188/857
f 783/188/858 776/180/858 772/176/858
f 786/192/859 788/194/859 777/273/859
f 788/274/860 785/189/860 771/173/860
f 794/184/1643 779/184/1643 781/186/1643
f 781/276/1645 778/181/1645 792/197/1645
f 787/195/863 790/196/863 797/203/863
f 797/203/864 790/196/864 786/192/864
f 787/195/865 800/207/865 802/209/865
f 802/278/866 799/204/866 785/189/866
f 808/218/1643 793/200/1643 795/202/1643
f 812/214/868 795/297/868 792/197/868
f 801/210/869 804/211/869 811/219/869
f 811/219/870 804/211/870 800/207/870
f 801/210/1646 814/223/1646 816/225/1646
f 816/281/872 813/220/872 799/204/872
f 822/234/1643 807/215/1643 809/217/1643
f 826/230/874 809/299/874 806/212/874
f 815/226/875 818/227/875 825/235/875
f 825/235/876 818/227/876 814/223/876
f 828/239/877 830/241/877 819/283/877
f 830/284/1647 827/236/1647 813/220/1647
f 836/250/1643 821/231/1643 823/233/1643
f 840/246/1648 823/298/1648 820/228/1648
f 829/242/881 832/243/881 839/251/881
f 839/251/882 832/243/882 828/239/882
f 829/242/883 842/255/883 844/257/883
f 844/287/884 841/252/884 827/236/884
f 835/247/1649 837/249/1649 854/288/1649
f 837/289/886 834/244/886 848/260/886
f 843/258/887 846/259/887 853/266/887
f 853/266/888 846/259/888 842/255/888
f 758/158/889 760/160/889 847/290/889
f 760/291/1650 757/155/1650 841/252/1650
f 766/170/1643 849/170/1643 851/264/1643
f 851/293/892 848/260/892 764/164/892
f 841/252/1651 757/155/1651 771/173/1651
f 771/173/893 785/189/893 799/204/893
f 799/204/1651 813/220/1651 827/236/1651
f 827/236/893 841/252/893 771/173/893
f 759/161/1643 765/167/1643 780/187/1643
f 843/258/1643 849/170/1643 766/170/1643
f 792/197/896 778/181/896 764/164/896
f 764/164/896 848/260/896 834/244/896
f 834/244/1652 820/228/1652 806/212/1652
f 806/212/1652 792/197/1652 764/164/1652
f 773/179/1643 779/184/1643 794/184/1643
f 787/195/1643 793/200/1643 808/218/1643
f 801/210/1643 807/215/1643 822/234/1643
f 815/226/1643 821/231/1643 836/250/1643
f 835/247/1653 850/265/1653 842/255/1653
f 855/155/1654 858/291/1654 859/156/1654
f 856/294/1655 860/271/1655 859/159/1655
f 857/295/1656 861/267/1656 859/162/1656
f 862/164/1657 865/270/1657 866/165/1657
f 863/167/1658 867/272/1658 866/168/1658
f 864/170/1659 868/292/1659 866/171/1659
f 869/173/1660 872/268/1660 873/174/1660
f 870/176/1661 874/180/1661 873/177/1661
f 871/179/1662 875/273/1662 873/177/1662
f 876/181/1663 879/276/1663 880/182/1663
f 877/184/1664 881/188/1664 880/185/1664
f 878/187/1665 882/269/1665 880/185/1665
f 883/189/1666 886/274/1666 887/190/1666
f 884/192/1667 888/196/1667 887/193/1667
f 885/195/1668 889/277/1668 887/193/1668
f 890/197/1669 893/297/1669 894/198/1669
f 891/200/1670 895/203/1670 894/201/1670
f 892/184/1671 896/275/1671 894/201/1671
f 897/296/1672 900/278/1672 901/205/1672
f 898/207/1673 902/211/1673 901/208/1673
f 899/210/1674 903/280/1674 901/208/1674
f 904/212/1675 907/299/1675 908/213/1675
f 905/215/1676 909/219/1676 908/216/1676
f 906/218/1677 910/279/1677 908/216/1677
f 911/220/1678 914/281/1678 915/221/1678
f 912/223/1679 916/227/1679 915/224/1679
f 913/226/1680 917/283/1680 915/224/1680
f 918/228/1681 921/298/1681 922/229/1681
f 919/231/1682 923/235/1682 922/232/1682
f 920/234/1683 924/282/1683 922/232/1683
f 925/236/1684 928/284/1684 929/237/1684
f 926/239/1685 930/243/1685 929/240/1685
f 927/242/1686 931/286/1686 929/240/1686
f 932/244/1687 935/289/1687 936/245/1687
f 933/247/1688 937/251/1688 936/248/1688
f 934/250/1689 938/285/1689 936/248/1689
f 939/252/1690 942/287/1690 943/253/1690
f 940/255/1691 944/259/1691 943/256/1691
f 941/258/1692 945/290/1692 943/256/1692
f 946/260/1693 949/293/1693 950/261/1693
f 947/170/1694 951/266/1694 950/263/1694
f 948/265/1695 952/288/1695 950/263/1695
f 857/295/944 870/176/944 872/178/944
f 861/157/945 872/268/945 869/173/945
f 878/187/1696 863/167/1696 865/169/1696
f 865/270/1697 862/164/1697 876/181/1697
f 856/294/948 864/170/948 867/172/948
f 867/272/949 863/167/949 857/295/949
f 871/179/950 874/180/950 881/188/950
f 881/188/951 874/180/951 870/176/951
f 871/179/952 884/192/952 886/194/952
f 886/274/953 883/189/953 869/173/953
f 892/184/1698 877/184/1698 879/186/1698
f 896/199/1699 879/276/1699 876/181/1699
f 885/195/956 888/196/956 895/203/956
f 895/203/957 888/196/957 884/192/957
f 898/207/958 900/209/958 889/277/958
f 900/278/959 897/296/959 883/189/959
f 906/218/1643 891/200/1643 893/202/1643
f 893/297/961 890/197/961 904/212/961
f 899/210/962 902/211/962 909/219/962
f 909/219/963 902/211/963 898/207/963
f 912/223/964 914/225/964 903/280/964
f 914/281/1700 911/220/1700 897/296/1700
f 920/234/1643 905/215/1643 907/217/1643
f 924/230/967 907/299/967 904/212/967
f 913/226/968 916/227/968 923/235/968
f 923/235/969 916/227/969 912/223/969
f 926/239/1701 928/241/1701 917/283/1701
f 928/284/971 925/236/971 911/220/971
f 934/250/1643 919/231/1643 921/233/1643
f 921/298/1702 918/228/1702 932/244/1702
f 927/242/974 930/243/974 937/251/974
f 937/251/975 930/243/975 926/239/975
f 927/242/1703 940/255/1703 942/257/1703
f 942/287/1704 939/252/1704 925/236/1704
f 948/265/1705 933/247/1705 935/249/1705
f 935/289/979 932/244/979 946/260/979
f 941/258/980 944/259/980 951/266/980
f 951/266/1706 944/259/1706 940/255/1706
f 856/294/982 858/160/982 945/290/982
f 945/254/983 858/291/983 855/155/983
f 864/170/1643 947/170/1643 949/264/1643
f 868/166/1707 949/293/1707 946/260/1707
f 939/252/1708 855/155/1708 869/173/1708
f 869/173/986 883/189/986 897/296/986
f 897/296/986 911/220/986 925/236/986
f 925/236/1708 939/252/1708 869/173/1708
f 857/295/1709 863/167/1709 878/187/1709
f 941/258/1643 947/170/1643 864/170/1643
f 890/197/1710 876/181/1710 862/164/1710
f 862/164/1710 946/260/1710 932/244/1710
f 932/244/989 918/228/989 904/212/989
f 904/212/989 890/197/989 862/164/989
f 877/184/1711 892/184/1711 884/192/1711
f 885/195/1643 891/200/1643 906/218/1643
f 899/210/1643 905/215/1643 920/234/1643
f 919/231/1643 934/250/1643 926/239/1643
f 927/242/1705 933/247/1705 948/265/1705
f 953/1/1712 956/69/1712 957/2/1712
f 954/4/1713 958/65/1713 957/5/1713
f 959/7/1714 957/71/1714 958/8/1714
f 960/10/1715 963/70/1715 964/11/1715
f 961/13/1716 965/66/1716 964/14/1716
f 966/16/1717 964/73/1717 965/17/1717
f 967/19/1718 970/64/1718 971/20/1718
f 972/22/1719 971/26/1719 970/23/1719
f 969/25/1720 973/67/1720 971/26/1720
f 974/81/1721 977/68/1721 978/28/1721
f 975/30/1722 979/34/1722 978/31/1722
f 980/33/1723 978/31/1723 979/34/1723
f 981/36/1724 984/40/1724 985/37/1724
f 986/39/1725 985/37/1725 984/40/1725
f 983/42/1726 987/38/1726 985/37/1726
f 988/43/1727 991/47/1727 992/44/1727
f 989/46/1728 993/48/1728 992/44/1728
f 994/45/1729 992/44/1729 993/48/1729
f 995/50/1730 998/54/1730 999/51/1730
f 996/53/1731 1000/55/1731 999/51/1731
f 1001/52/1732 999/51/1732 1000/55/1732
f 1002/57/1733 1005/61/1733 1006/58/1733
f 1007/60/1734 1006/58/1734 1005/61/1734
f 1004/63/1735 1008/59/1735 1006/58/1735
f 953/1/1019 959/3/1019 970/64/1019
f 959/7/1736 955/9/1736 968/24/1736
f 954/4/1021 960/10/1021 966/12/1021
f 958/8/1022 966/16/1022 962/18/1022
f 974/81/1737 980/29/1737 965/66/1737
f 965/17/1024 980/33/1024 976/35/1024
f 975/30/1025 969/25/1025 972/22/1025
f 979/34/1026 972/22/1026 968/24/1026
f 995/50/1027 967/19/1027 973/21/1027
f 998/54/1738 973/67/1738 969/25/1738
f 1002/57/1029 1008/59/1029 977/68/1029
f 1008/59/1739 1004/63/1739 975/30/1739
f 997/56/1031 1000/55/1031 1007/60/1031
f 1000/55/1032 996/53/1032 1004/63/1032
f 995/50/1740 1001/52/1740 984/40/1740
f 984/40/1741 1001/52/1741 997/56/1741
f 988/43/1742 994/45/1742 1005/61/1742
f 994/45/1743 990/49/1743 1003/62/1743
f 983/42/1037 986/39/1037 993/48/1037
f 986/39/1038 982/41/1038 990/49/1038
f 981/36/1744 987/38/1744 956/69/1744
f 956/6/1745 987/38/1745 983/42/1745
f 961/13/1746 963/15/1746 991/47/1746
f 991/47/1042 963/70/1042 960/10/1042
f 995/50/1043 981/36/1043 953/1/1043
f 962/18/1044 976/35/1044 968/24/1044
f 989/46/1045 960/10/1045 954/4/1045
f 1002/57/1046 974/81/1046 961/13/1046
f 969/25/1047 975/30/1047 1004/63/1047
f 1003/62/1048 990/49/1048 982/41/1048
f 1009/1/1747 1012/69/1747 1013/2/1747
f 1010/4/1748 1014/65/1748 1013/5/1748
f 1011/9/1749 1015/7/1749 1013/71/1749
f 1016/10/1750 1019/70/1750 1020/11/1750
f 1017/72/1751 1021/66/1751 1020/14/1751
f 1018/18/1752 1022/16/1752 1020/73/1752
f 1023/74/1753 1026/64/1753 1027/20/1753
f 1024/75/1754 1028/80/1754 1027/26/1754
f 1025/25/1755 1029/67/1755 1027/26/1755
f 1030/81/1756 1033/68/1756 1034/28/1756
f 1031/76/1757 1035/34/1757 1034/31/1757
f 1032/77/1758 1036/33/1758 1034/31/1758
f 1037/36/1759 1040/40/1759 1041/37/1759
f 1038/82/1760 1042/39/1760 1041/37/1760
f 1039/42/1761 1043/38/1761 1041/37/1761
f 1044/78/1762 1047/47/1762 1048/44/1762
f 1045/46/1763 1049/48/1763 1048/44/1763
f 1046/49/1764 1050/83/1764 1048/44/1764
f 1051/50/1765 1054/54/1765 1055/51/1765
f 1052/53/1766 1056/55/1766 1055/51/1766
f 1053/56/1767 1057/52/1767 1055/51/1767
f 1058/57/1768 1061/61/1768 1062/58/1768
f 1059/62/1769 1063/60/1769 1062/58/1769
f 1060/85/1770 1064/59/1770 1062/58/1770
f 1023/74/1771 1009/1/1771 1015/3/1771
f 1015/7/1772 1011/9/1772 1024/75/1772
f 1016/10/1773 1022/12/1773 1014/65/1773
f 1014/8/1076 1022/16/1076 1018/18/1076
f 1017/72/1774 1030/81/1774 1036/29/1774
f 1036/33/1775 1032/77/1775 1018/18/1775
f 1031/76/1079 1025/25/1079 1028/80/1079
f 1028/80/1776 1024/75/1776 1032/77/1776
f 1051/50/1777 1023/74/1777 1029/21/1777
f 1029/67/1082 1025/25/1082 1052/53/1082
f 1058/57/1083 1064/59/1083 1033/68/1083
f 1033/32/1084 1064/59/1084 1060/85/1084
f 1059/62/1778 1053/56/1778 1056/55/1778
f 1063/60/1086 1056/55/1086 1052/53/1086
f 1051/50/1087 1057/52/1087 1040/40/1087
f 1057/52/1779 1053/56/1779 1038/82/1779
f 1044/78/1780 1050/83/1780 1061/61/1780
f 1061/61/1781 1050/83/1781 1046/49/1781
f 1045/46/1091 1039/42/1091 1042/39/1091
f 1042/39/1092 1038/82/1092 1046/49/1092
f 1009/1/1093 1037/36/1093 1043/38/1093
f 1043/38/1782 1039/42/1782 1010/4/1782
f 1017/72/1095 1019/15/1095 1047/47/1095
f 1047/47/1783 1019/70/1783 1016/10/1783
f 1051/50/1097 1037/36/1097 1009/1/1097
f 1018/18/1098 1032/77/1098 1024/75/1098
f 1039/42/1099 1045/46/1099 1016/10/1099
f 1030/81/1100 1017/72/1100 1044/78/1100
f 1031/76/1101 1060/85/1101 1052/53/1101
f 1053/56/1102 1059/62/1102 1046/49/1102
f 1065/86/1784 1068/69/1784 1069/2/1784
f 1066/4/1785 1070/65/1785 1069/5/1785
f 1071/7/1786 1069/71/1786 1070/8/1786
f 1072/10/1787 1075/70/1787 1076/11/1787
f 1073/72/1788 1077/66/1788 1076/14/1788
f 1078/16/1789 1076/73/1789 1077/17/1789
f 1079/74/1790 1082/64/1790 1083/20/1790
f 1084/22/1791 1083/26/1791 1082/23/1791
f 1081/87/1792 1085/67/1792 1083/26/1792
f 1086/81/1793 1089/68/1793 1090/28/1793
f 1087/76/1794 1091/34/1794 1090/31/1794
f 1092/33/1795 1090/31/1795 1091/34/1795
f 1093/36/1796 1096/40/1796 1097/37/1796
f 1098/39/1797 1097/37/1797 1096/40/1797
f 1095/42/1798 1099/38/1798 1097/37/1798
f 1100/43/1799 1103/47/1799 1104/44/1799
f 1101/46/1800 1105/48/1800 1104/44/1800
f 1106/83/1801 1104/44/1801 1105/48/1801
f 1107/79/1802 1110/54/1802 1111/51/1802
f 1108/53/1803 1112/55/1803 1111/51/1803
f 1113/52/1804 1111/51/1804 1112/55/1804
f 1114/57/1805 1117/61/1805 1118/58/1805
f 1119/60/1806 1118/58/1806 1117/61/1806
f 1116/63/1807 1120/84/1807 1118/58/1807
f 1065/86/1808 1071/3/1808 1082/64/1808
f 1082/23/1809 1071/7/1809 1067/9/1809
f 1066/4/1129 1072/10/1129 1078/12/1129
f 1078/16/1130 1074/18/1130 1067/9/1130
f 1073/72/1810 1086/81/1810 1092/29/1810
f 1092/33/1811 1088/35/1811 1074/18/1811
f 1087/76/1812 1081/87/1812 1084/22/1812
f 1084/22/1134 1080/75/1134 1088/35/1134
f 1079/74/1813 1085/21/1813 1110/54/1813
f 1085/67/1136 1081/87/1136 1108/53/1136
f 1086/81/1814 1114/57/1814 1120/84/1814
f 1089/32/1815 1120/84/1815 1116/63/1815
f 1109/56/1816 1112/55/1816 1119/60/1816
f 1112/55/1817 1108/53/1817 1116/63/1817
f 1107/79/1818 1113/52/1818 1096/40/1818
f 1096/40/1142 1113/52/1142 1109/56/1142
f 1100/43/1819 1106/83/1819 1117/61/1819
f 1106/83/1820 1102/88/1820 1115/62/1820
f 1095/42/1145 1098/39/1145 1105/48/1145
f 1105/48/1146 1098/39/1146 1094/82/1146
f 1065/86/1821 1093/36/1821 1099/38/1821
f 1068/6/1822 1099/38/1822 1095/42/1822
f 1100/43/1823 1073/72/1823 1075/15/1823
f 1075/70/1824 1072/10/1824 1101/46/1824
f 1079/74/1151 1107/79/1151 1093/36/1151
f 1074/18/1152 1088/35/1152 1080/75/1152
f 1101/46/1153 1072/10/1153 1066/4/1153
f 1086/81/1154 1073/72/1154 1100/43/1154
f 1087/76/1155 1116/63/1155 1108/53/1155
f 1115/62/1156 1102/88/1156 1094/82/1156
f 1121/86/1825 1124/69/1825 1125/2/1825
f 1122/4/1826 1126/65/1826 1125/5/1826
f 1123/9/1827 1127/7/1827 1125/71/1827
f 1128/10/1828 1131/70/1828 1132/11/1828
f 1129/13/1829 1133/66/1829 1132/14/1829
f 1130/18/1830 1134/16/1830 1132/73/1830
f 1135/74/1831 1138/64/1831 1139/20/1831
f 1136/24/1832 1140/22/1832 1139/26/1832
f 1137/90/1833 1141/67/1833 1139/26/1833
f 1142/27/1834 1145/68/1834 1146/28/1834
f 1143/76/1835 1147/34/1835 1146/31/1835
f 1144/35/1836 1148/33/1836 1146/31/1836
f 1149/91/1837 1152/40/1837 1153/37/1837
f 1150/82/1838 1154/39/1838 1153/37/1838
f 1151/42/1839 1155/38/1839 1153/37/1839
f 1156/43/1840 1159/47/1840 1160/44/1840
f 1157/46/1841 1161/48/1841 1160/44/1841
f 1158/88/1842 1162/83/1842 1160/44/1842
f 1163/50/1843 1166/54/1843 1167/51/1843
f 1164/53/1844 1168/55/1844 1167/51/1844
f 1165/56/1845 1169/52/1845 1167/51/1845
f 1170/57/1846 1173/61/1846 1174/58/1846
f 1171/62/1847 1175/60/1847 1174/58/1847
f 1172/63/1848 1176/59/1848 1174/58/1848
f 1121/86/1181 1127/3/1181 1138/64/1181
f 1127/7/1849 1123/9/1849 1136/24/1849
f 1128/10/1183 1134/12/1183 1126/65/1183
f 1134/16/1184 1130/18/1184 1123/9/1184
f 1129/13/1850 1142/27/1850 1148/29/1850
f 1133/17/1851 1148/33/1851 1144/35/1851
f 1143/76/1852 1137/90/1852 1140/22/1852
f 1140/22/1188 1136/24/1188 1144/35/1188
f 1135/74/1853 1141/21/1853 1166/54/1853
f 1166/54/1854 1141/67/1854 1137/90/1854
f 1170/57/1855 1176/59/1855 1145/68/1855
f 1145/32/1192 1176/59/1192 1172/63/1192
f 1171/62/1193 1165/56/1193 1168/55/1193
f 1168/55/1194 1164/53/1194 1172/63/1194
f 1163/50/1195 1169/52/1195 1152/40/1195
f 1169/52/1856 1165/56/1856 1150/82/1856
f 1156/43/1857 1162/83/1857 1173/61/1857
f 1173/61/1858 1162/83/1858 1158/88/1858
f 1151/42/1859 1154/39/1859 1161/48/1859
f 1154/39/1860 1150/82/1860 1158/88/1860
f 1149/91/1861 1155/38/1861 1124/69/1861
f 1155/38/1202 1151/42/1202 1122/4/1202
f 1156/43/1862 1129/13/1862 1131/15/1862
f 1159/47/1863 1131/70/1863 1128/10/1863
f 1163/50/1205 1149/91/1205 1121/86/1205
f 1130/18/1206 1144/35/1206 1136/24/1206
f 1157/46/1207 1128/10/1207 1122/4/1207
f 1142/27/1208 1129/13/1208 1156/43/1208
f 1137/90/1209 1143/76/1209 1172/63/1209
f 1171/62/1210 1158/88/1210 1150/82/1210
f 1177/1/1864 1180/69/1864 1181/2/1864
f 1182/65/1865 1181/5/1865 1180/6/1865
f 1179/9/1866 1183/7/1866 1181/71/1866
f 1187/70/1867 1188/11/1867 1190/12/1867
f 1185/72/1868 1189/66/1868 1188/14/1868
f 1186/18/1869 1190/16/1869 1188/73/1869
f 1191/19/1870 1194/64/1870 1195/20/1870
f 1192/24/1871 1196/22/1871 1195/26/1871
f 1197/67/1872 1195/26/1872 1196/22/1872
f 1198/27/1873 1201/68/1873 1202/28/1873
f 1203/34/1874 1202/31/1874 1201/32/1874
f 1200/35/1875 1204/33/1875 1202/31/1875
f 1205/36/1876 1208/40/1876 1209/37/1876
f 1206/41/1877 1210/39/1877 1209/37/1877
f 1211/38/1878 1209/37/1878 1210/39/1878
f 1212/43/1879 1215/47/1879 1216/44/1879
f 1217/48/1880 1216/44/1880 1215/47/1880
f 1214/49/1881 1218/45/1881 1216/44/1881
f 1219/79/1882 1222/54/1882 1223/51/1882
f 1224/55/1883 1223/51/1883 1222/54/1883
f 1221/56/1884 1225/52/1884 1223/51/1884
f 1226/57/1885 1229/61/1885 1230/58/1885
f 1227/62/1886 1231/60/1886 1230/58/1886
f 1232/59/1887 1230/58/1887 1231/60/1887
f 1191/19/1888 1177/1/1888 1183/3/1888
f 1194/23/1889 1183/7/1889 1179/9/1889
f 1184/10/1237 1190/12/1237 1182/65/1237
f 1190/16/1238 1186/18/1238 1179/9/1238
f 1198/27/1890 1204/29/1890 1189/66/1890
f 1189/17/1891 1204/33/1891 1200/35/1891
f 1193/25/1241 1196/22/1241 1203/34/1241
f 1196/22/1242 1192/24/1242 1200/35/1242
f 1191/19/1243 1197/21/1243 1222/54/1243
f 1197/67/1892 1193/25/1892 1220/53/1892
f 1198/27/1245 1226/57/1245 1232/59/1245
f 1232/59/1893 1228/63/1893 1199/30/1893
f 1227/62/1247 1221/56/1247 1224/55/1247
f 1231/60/1248 1224/55/1248 1220/53/1248
f 1205/36/1894 1219/79/1894 1225/52/1894
f 1225/52/1895 1221/56/1895 1206/41/1895
f 1212/43/1896 1218/45/1896 1229/61/1896
f 1218/45/1897 1214/49/1897 1227/62/1897
f 1213/46/1253 1207/42/1253 1210/39/1253
f 1217/48/1254 1210/39/1254 1206/41/1254
f 1205/36/1255 1211/38/1255 1180/69/1255
f 1180/6/1898 1211/38/1898 1207/42/1898
f 1185/72/1899 1187/15/1899 1215/47/1899
f 1187/70/1900 1184/10/1900 1213/46/1900
f 1219/79/1259 1205/36/1259 1177/1/1259
f 1186/18/1260 1200/35/1260 1192/24/1260
f 1207/42/1261 1213/46/1261 1184/10/1261
f 1198/27/1262 1185/72/1262 1212/43/1262
f 1199/30/1263 1228/63/1263 1220/53/1263
f 1227/62/1264 1214/49/1264 1206/41/1264
usemtl iron
f 449/86/433 453/2/433 455/3/433
f 450/4/434 453/5/434 452/6/434
f 455/7/435 454/8/435 451/9/435
f 456/10/436 460/11/436 462/12/436
f 457/72/437 460/14/437 459/15/437
f 462/16/438 461/17/438 458/18/438
f 463/74/439 467/20/439 469/21/439
f 468/22/440 466/23/440 464/75/440
f 465/87/441 467/26/441 468/22/441
f 470/81/442 474/28/442 476/29/442
f 471/76/443 474/31/443 473/32/443
f 476/33/444 475/34/444 472/35/444
f 477/36/445 481/37/445 483/38/445
f 482/39/446 480/40/446 478/82/446
f 479/42/447 481/37/447 482/39/447
f 484/43/448 488/44/448 490/83/448
f 485/46/449 488/44/449 487/47/449
f 490/83/450 489/48/450 486/88/450
f 491/79/451 495/51/451 497/52/451
f 492/53/452 495/51/452 494/54/452
f 497/52/453 496/55/453 493/56/453
f 498/57/454 502/58/454 504/84/454
f 503/60/455 501/61/455 499/62/455
f 500/63/456 502/58/456 503/60/456
f 463/74/457 455/3/457 466/64/457
f 455/7/458 464/75/458 466/23/458
f 456/10/459 454/65/459 450/4/459
f 454/8/460 458/18/460 451/9/460
f 457/72/461 476/29/461 461/66/461
f 476/33/462 458/18/462 461/17/462
f 465/87/463 475/34/463 471/76/463
f 475/34/464 464/75/464 472/35/464
f 463/74/465 494/54/465 491/79/465
f 469/67/466 492/53/466 494/54/466
f 470/81/467 504/84/467 473/68/467
f 504/84/468 471/76/468 473/32/468
f 493/56/469 503/60/469 499/62/469
f 503/60/470 492/53/470 500/63/470
f 477/36/471 497/52/471 480/40/471
f 497/52/472 478/82/472 480/40/472
f 498/57/473 490/83/473 501/61/473
f 490/83/474 499/62/474 501/61/474
f 479/42/475 489/48/475 485/46/475
f 482/39/476 486/88/476 489/48/476
f 449/86/477 483/38/477 452/69/477
f 483/38/478 450/4/478 452/6/478
f 457/72/479 487/47/479 484/43/479
f 487/47/480 456/10/480 485/46/480
f 491/79/481 449/86/481 463/74/481
f 458/18/482 464/75/482 451/9/482
f 485/46/483 450/4/483 479/42/483
f 498/57/484 457/72/484 484/43/484
f 471/76/485 492/53/485 465/87/485
f 493/56/486 486/88/486 478/82/486
f 505/86/487 509/2/487 511/3/487
f 506/4/488 509/5/488 508/6/488
f 511/7/489 510/8/489 507/9/489
f 512/10/490 516/11/490 518/12/490
f 513/13/491 516/14/491 515/15/491
f 518/16/492 517/17/492 514/18/492
f 519/74/493 523/20/493 525/21/493
f 524/22/494 522/23/494 520/24/494
f 521/90/495 523/26/495 524/22/495
f 526/27/496 530/28/496 532/29/496
f 527/76/497 530/31/497 529/32/497
f 532/33/498 531/34/498 528/35/498
f 533/91/499 537/37/499 539/38/499
f 538/39/500 536/40/500 534/82/500
f 535/42/501 537/37/501 538/39/501
f 540/43/502 544/44/502 546/83/502
f 541/46/503 544/44/503 543/47/503
f 546/83/504 545/48/504 542/88/504
f 547/50/505 551/51/505 553/52/505
f 548/53/506 551/51/506 550/54/506
f 553/52/507 552/55/507 549/56/507
f 554/57/508 558/58/508 560/59/508
f 559/60/509 557/61/509 555/62/509
f 556/63/510 558/58/510 559/60/510
f 505/86/511 522/64/511 519/74/511
f 522/23/512 507/9/512 520/24/512
f 506/4/513 518/12/513 510/65/513
f 518/16/514 507/9/514 510/8/514
f 513/13/515 532/29/515 517/66/515
f 532/33/516 514/18/516 517/17/516
f 527/76/517 524/22/517 531/34/517
f 531/34/518 520/24/518 528/35/518
f 547/50/519 525/21/519 550/54/519
f 550/54/520 521/90/520 548/53/520
f 554/57/521 529/68/521 526/27/521
f 560/59/522 527/76/522 529/32/522
f 555/62/523 552/55/523 559/60/523
f 559/60/524 548/53/524 556/63/524
f 547/50/525 536/40/525 533/91/525
f 553/52/526 534/82/526 536/40/526
f 554/57/527 546/83/527 557/61/527
f 546/83/528 555/62/528 557/61/528
f 541/46/529 538/39/529 545/48/529
f 538/39/530 542/88/530 545/48/530
f 505/86/531 539/38/531 508/69/531
f 508/6/532 535/42/532 506/4/532
f 540/43/533 515/15/533 543/47/533
f 543/47/534 512/10/534 541/46/534
f 547/50/535 505/86/535 519/74/535
f 507/9/536 528/35/536 520/24/536
f 541/46/537 506/4/537 535/42/537
f 526/27/538 540/43/538 554/57/538
f 521/90/539 556/63/539 548/53/539
f 555/62/540 534/82/540 549/56/540
f 561/1/541 565/2/541 567/3/541
f 562/4/542 565/5/542 564/6/542
f 567/7/543 566/8/543 563/9/543
f 568/10/544 572/11/544 574/12/544
f 569/72/545 572/14/545 571/15/545
f 574/16/546 573/17/546 570/18/546
f 575/19/547 579/20/547 581/21/547
f 580/22/548 578/23/548 576/24/548
f 577/25/549 579/26/549 580/22/549
f 582/27/550 586/28/550 588/29/550
f 583/30/551 586/31/551 585/32/551
f 588/33/552 587/34/552 584/35/552
f 589/36/553 593/37/553 595/38/553
f 594/39/554 592/40/554 590/41/554
f 591/42/555 593/37/555 594/39/555
f 596/43/556 600/44/556 602/45/556
f 597/46/557 600/44/557 599/47/557
f 602/45/558 601/48/558 598/49/558
f 603/79/559 607/51/559 609/52/559
f 604/53/560 607/51/560 606/54/560
f 609/52/561 608/55/561 605/56/561
f 610/57/562 614/58/562 616/59/562
f 615/60/563 613/61/563 611/62/563
f 612/63/564 614/58/564 615/60/564
f 575/19/565 567/3/565 578/64/565
f 578/23/566 563/9/566 576/24/566
f 568/10/567 566/65/567 562/4/567
f 566/8/568 570/18/568 563/9/568
f 582/27/569 573/66/569 569/72/569
f 573/17/570 584/35/570 570/18/570
f 577/25/571 587/34/571 583/30/571
f 587/34/572 576/24/572 584/35/572
f 575/19/573 606/54/573 603/79/573
f 606/54/574 577/25/574 604/53/574
f 610/57/575 585/68/575 582/27/575
f 585/32/576 612/63/576 583/30/576
f 605/56/577 615/60/577 611/62/577
f 608/55/578 612/63/578 615/60/578
f 603/79/579 592/40/579 589/36/579
f 592/40/580 605/56/580 590/41/580
f 596/43/581 613/61/581 610/57/581
f 613/61/582 598/49/582 611/62/582
f 591/42/583 601/48/583 597/46/583
f 594/39/584 598/49/584 601/48/584
f 561/1/585 595/38/585 564/69/585
f 595/38/586 562/4/586 564/6/586
f 569/72/587 599/47/587 596/43/587
f 571/70/588 597/46/588 599/47/588
f 603/79/589 561/1/589 575/19/589
f 563/9/590 584/35/590 576/24/590
f 597/46/591 562/4/591 591/42/591
f 610/57/592 569/72/592 596/43/592
f 583/30/593 604/53/593 577/25/593
f 611/62/594 590/41/594 605/56/594
f 449/86/1484 452/69/1484 453/2/1484
f 450/4/1485 454/65/1485 453/5/1485
f 455/7/1486 453/71/1486 454/8/1486
f 456/10/1487 459/70/1487 460/11/1487
f 457/72/1488 461/66/1488 460/14/1488
f 462/16/1489 460/73/1489 461/17/1489
f 463/74/1490 466/64/1490 467/20/1490
f 468/22/1491 467/26/1491 466/23/1491
f 465/87/1492 469/67/1492 467/26/1492
f 470/81/1493 473/68/1493 474/28/1493
f 471/76/1494 475/34/1494 474/31/1494
f 476/33/1495 474/31/1495 475/34/1495
f 477/36/1496 480/40/1496 481/37/1496
f 482/39/1497 481/37/1497 480/40/1497
f 479/42/1498 483/38/1498 481/37/1498
f 484/43/1499 487/47/1499 488/44/1499
f 485/46/1500 489/48/1500 488/44/1500
f 490/83/1501 488/44/1501 489/48/1501
f 491/79/1502 494/54/1502 495/51/1502
f 492/53/1503 496/55/1503 495/51/1503
f 497/52/1504 495/51/1504 496/55/1504
f 498/57/1505 501/61/1505 502/58/1505
f 503/60/1506 502/58/1506 501/61/1506
f 500/63/1507 504/84/1507 502/58/1507
f 463/74/457 449/86/457 455/3/457
f 455/7/1508 451/9/1508 464/75/1508
f 456/10/459 462/12/459 454/65/459
f 454/8/460 462/16/460 458/18/460
f 457/72/461 470/81/461 476/29/461
f 476/33/462 472/35/462 458/18/462
f 465/87/463 468/22/463 475/34/463
f 475/34/464 468/22/464 464/75/464
f 463/74/465 469/21/465 494/54/465
f 469/67/1509 465/87/1509 492/53/1509
f 470/81/467 498/57/467 504/84/467
f 504/84/468 500/63/468 471/76/468
f 493/56/469 496/55/469 503/60/469
f 503/60/470 496/55/470 492/53/470
f 477/36/471 491/79/471 497/52/471
f 497/52/472 493/56/472 478/82/472
f 498/57/473 484/43/473 490/83/473
f 490/83/1510 486/88/1510 499/62/1510
f 479/42/475 482/39/475 489/48/475
f 482/39/476 478/82/476 486/88/476
f 449/86/1511 477/36/1511 483/38/1511
f 483/38/1512 479/42/1512 450/4/1512
f 457/72/1513 459/15/1513 487/47/1513
f 487/47/1514 459/70/1514 456/10/1514
f 491/79/481 477/36/481 449/86/481
f 458/18/482 472/35/482 464/75/482
f 485/46/483 456/10/483 450/4/483
f 498/57/484 470/81/484 457/72/484
f 471/76/485 500/63/485 492/53/485
f 493/56/1515 499/62/1515 486/88/1515
f 505/86/1516 508/69/1516 509/2/1516
f 506/4/1517 510/65/1517 509/5/1517
f 511/7/1518 509/71/1518 510/8/1518
f 512/10/1519 515/70/1519 516/11/1519
f 513/13/1520 517/66/1520 516/14/1520
f 518/16/1521 516/73/1521 517/17/1521
f 519/74/1522 522/64/1522 523/20/1522
f 524/22/1523 523/26/1523 522/23/1523
f 521/90/1524 525/67/1524 523/26/1524
f 526/27/1525 529/68/1525 530/28/1525
f 527/76/1526 531/34/1526 530/31/1526
f 532/33/1527 530/31/1527 531/34/1527
f 533/91/1528 536/40/1528 537/37/1528
f 538/39/1529 537/37/1529 536/40/1529
f 535/42/1530 539/38/1530 537/37/1530
f 540/43/1531 543/47/1531 544/44/1531
f 541/46/1532 545/48/1532 544/44/1532
f 546/83/1533 544/44/1533 545/48/1533
f 547/50/1534 550/54/1534 551/51/1534
f 548/53/1535 552/55/1535 551/51/1535
f 553/52/1536 551/51/1536 552/55/1536
f 554/57/1537 557/61/1537 558/58/1537
f 559/60/1538 558/58/1538 557/61/1538
f 556/63/1539 560/59/1539 558/58/1539
f 505/86/511 511/3/511 522/64/511
f 522/23/512 511/7/512 507/9/512
f 506/4/513 512/10/513 518/12/513
f 518/16/514 514/18/514 507/9/514
f 513/13/515 526/27/515 532/29/515
f 532/33/516 528/35/516 514/18/516
f 527/76/517 521/90/517 524/22/517
f 531/34/518 524/22/518 520/24/518
f 547/50/1540 519/74/1540 525/21/1540
f 550/54/1541 525/67/1541 521/90/1541
f 554/57/1542 560/59/1542 529/68/1542
f 560/59/1543 556/63/1543 527/76/1543
f 555/62/523 549/56/523 552/55/523
f 559/60/524 552/55/524 548/53/524
f 547/50/525 553/52/525 536/40/525
f 553/52/526 549/56/526 534/82/526
f 554/57/527 540/43/527 546/83/527
f 546/83/528 542/88/528 555/62/528
f 541/46/529 535/42/529 538/39/529
f 538/39/530 534/82/530 542/88/530
f 505/86/531 533/91/531 539/38/531
f 508/6/532 539/38/532 535/42/532
f 540/43/533 513/13/533 515/15/533
f 543/47/1544 515/70/1544 512/10/1544
f 547/50/535 533/91/535 505/86/535
f 507/9/536 514/18/536 528/35/536
f 541/46/537 512/10/537 506/4/537
f 526/27/538 513/13/538 540/43/538
f 521/90/539 527/76/539 556/63/539
f 555/62/540 542/88/540 534/82/540
f 561/1/1545 564/69/1545 565/2/1545
f 562/4/1546 566/65/1546 565/5/1546
f 567/7/1547 565/71/1547 566/8/1547
f 568/10/1548 571/70/1548 572/11/1548
f 569/72/1549 573/66/1549 572/14/1549
f 574/16/1550 572/73/1550 573/17/1550
f 575/19/1551 578/64/1551 579/20/1551
f 580/22/1552 579/26/1552 578/23/1552
f 577/25/1553 581/67/1553 579/26/1553
f 582/27/1554 585/68/1554 586/28/1554
f 583/30/1555 587/34/1555 586/31/1555
f 588/33/1556 586/31/1556 587/34/1556
f 589/36/1557 592/40/1557 593/37/1557
f 594/39/1558 593/37/1558 592/40/1558
f 591/42/1559 595/38/1559 593/37/1559
f 596/43/1560 599/47/1560 600/44/1560
f 597/46/1561 601/48/1561 600/44/1561
f 602/45/1562 600/44/1562 601/48/1562
f 603/79/1563 606/54/1563 607/51/1563
f 604/53/1564 608/55/1564 607/51/1564
f 609/52/1565 607/51/1565 608/55/1565
f 610/57/1566 613/61/1566 614/58/1566
f 615/60/1567 614/58/1567 613/61/1567
f 612/63/1568 616/59/1568 614/58/1568
f 575/19/565 561/1/565 567/3/565
f 578/23/566 567/7/566 563/9/566
f 568/10/567 574/12/567 566/65/567
f 566/8/568 574/16/568 570/18/568
f 582/27/569 588/29/569 573/66/569
f 573/17/570 588/33/570 584/35/570
f 577/25/571 580/22/571 587/34/571
f 587/34/572 580/22/572 576/24/572
f 575/19/573 581/21/573 606/54/573
f 606/54/574 581/67/574 577/25/574
f 610/57/575 616/59/575 585/68/575
f 585/32/576 616/59/576 612/63/576
f 605/56/577 608/55/577 615/60/577
f 608/55/578 604/53/578 612/63/578
f 603/79/579 609/52/579 592/40/579
f 592/40/580 609/52/580 605/56/580
f 596/43/581 602/45/581 613/61/581
f 613/61/582 602/45/582 598/49/582
f 591/42/583 594/39/583 601/48/583
f 594/39/584 590/41/584 598/49/584
f 561/1/585 589/36/585 595/38/585
f 595/38/586 591/42/586 562/4/586
f 569/72/587 571/15/587 599/47/587
f 571/70/588 568/10/588 597/46/588
f 603/79/589 589/36/589 561/1/589
f 563/9/590 570/18/590 584/35/590
f 597/46/591 568/10/591 562/4/591
f 610/57/592 582/27/592 569/72/592
f 583/30/593 612/63/593 604/53/593
f 611/62/594 598/49/594 590/41/594
usemtl core
f 673/92/649 686/93/649 685/94/649
f 674/95/650 686/96/650 688/97/650
f 673/98/651 685/99/651 690/100/651
f 673/101/652 690/102/652 692/103/652
f 673/104/653 692/105/653 689/106/653
f 674/95/654 688/97/654 695/107/654
f 675/108/655 687/109/655 697/110/655
f 676/111/656 691/112/656 699/113/656
f 677/114/657 693/115/657 701/116/657
f 678/117/658 694/118/658 703/119/658
f 674/95/659 695/107/659 698/120/659
f 675/108/660 697/110/660 700/121/660
f 676/111/661 699/113/661 702/122/661
f 677/114/662 701/116/662 704/123/662
f 678/117/663 703/119/663 696/124/663
f 679/125/664 705/126/664 710/127/664
f 680/128/665 706/129/665 712/130/665
f 681/131/666 707/132/666 713/133/666
f 682/134/667 708/135/667 714/136/667
f 683/137/668 709/138/668 711/139/668
f 711/139/669 714/140/669 684/141/669
f 711/139/670 709/138/670 714/140/670
f 709/138/671 682/134/671 714/140/671
f 714/136/672 713/142/672 684/143/672
f 714/136/673 708/135/673 713/142/673
f 708/135/674 681/131/674 713/142/674
f 713/133/675 712/144/675 684/145/675
f 713/133/676 707/132/676 712/144/676
f 707/132/677 680/146/677 712/144/677
f 712/130/678 710/147/678 684/148/678
f 712/130/679 706/129/679 710/147/679
f 706/129/680 679/125/680 710/147/680
f 710/127/681 711/149/681 684/150/681
f 710/127/682 705/126/682 711/149/682
f 705/126/683 683/137/683 711/149/683
f 696/124/684 709/138/684 683/137/684
f 696/124/685 703/119/685 709/138/685
f 703/119/686 682/134/686 709/138/686
f 704/123/687 708/135/687 682/134/687
f 704/123/688 701/116/688 708/135/688
f 701/116/689 681/131/689 708/135/689
f 702/122/690 707/132/690 681/131/690
f 702/122/691 699/113/691 707/132/691
f 699/113/692 680/146/692 707/132/692
f 700/121/693 706/129/693 680/128/693
f 700/121/694 697/110/694 706/129/694
f 697/110/695 679/125/695 706/129/695
f 698/120/696 705/126/696 679/125/696
f 698/120/697 695/107/697 705/126/697
f 695/107/698 683/137/698 705/126/698
f 703/119/699 704/123/699 682/134/699
f 703/119/700 694/118/700 704/123/700
f 694/118/701 677/114/701 704/123/701
f 701/116/702 702/122/702 681/131/702
f 701/116/703 693/115/703 702/122/703
f 693/115/704 676/111/704 702/122/704
f 699/113/705 700/151/705 680/146/705
f 699/113/706 691/112/706 700/151/706
f 691/112/707 675/152/707 700/151/707
f 697/110/708 698/120/708 679/125/708
f 697/110/709 687/109/709 698/120/709
f 687/109/710 674/95/710 698/120/710
f 695/107/711 696/124/711 683/137/711
f 695/107/712 688/97/712 696/124/712
f 688/97/713 678/117/713 696/124/713
f 689/106/714 694/118/714 678/117/714
f 689/106/715 692/105/715 694/118/715
f 692/105/716 677/114/716 694/118/716
f 692/103/717 693/115/717 677/114/717
f 692/103/718 690/102/718 693/115/718
f 690/102/719 676/111/719 693/115/719
f 690/100/720 691/112/720 676/111/720
f 690/100/721 685/99/721 691/112/721
f 685/99/722 675/152/722 691/112/722
f 688/97/723 689/153/723 678/117/723
f 688/97/724 686/96/724 689/153/724
f 686/96/725 673/154/725 689/153/725
f 685/94/726 687/109/726 675/108/726
f 685/94/727 686/93/727 687/109/727
f 686/93/728 674/95/728 687/109/728
f 715/92/729 728/93/729 727/94/729
f 716/95/730 728/96/730 730/97/730
f 715/98/731 727/99/731 732/100/731
f 715/101/732 732/102/732 734/103/732
f 715/104/733 734/105/733 731/106/733
f 716/95/734 730/97/734 737/107/734
f 717/108/735 729/109/735 739/110/735
f 718/111/736 733/112/736 741/113/736
f 719/114/737 735/115/737 743/116/737
f 720/117/738 736/118/738 745/119/738
f 716/95/739 737/107/739 740/120/739
f 717/108/740 739/110/740 742/121/740
f 718/111/741 741/113/741 744/122/741
f 719/114/742 743/116/742 746/123/742
f 720/117/743 745/119/743 738/124/743
f 721/125/744 747/126/744 752/127/744
f 722/128/745 748/129/745 754/130/745
f 723/131/746 749/132/746 755/133/746
f 724/134/747 750/135/747 756/136/747
f 725/137/748 751/138/748 753/139/748
f 753/139/749 756/140/749 726/141/749
f 753/139/750 751/138/750 756/140/750
f 751/138/751 724/134/751 756/140/751
f 756/136/752 755/142/752 726/143/752
f 756/136/753 750/135/753 755/142/753
f 750/135/754 723/131/754 755/142/754
f 755/133/755 754/144/755 726/145/755
f 755/133/756 749/132/756 754/144/756
f 749/132/757 722/146/757 754/144/757
f 754/130/758 752/147/758 726/148/758
f 754/130/759 748/129/759 752/147/759
f 748/129/760 721/125/760 752/147/760
f 752/127/761 753/149/761 726/150/761
f 752/127/762 747/126/762 753/149/762
f 747/126/763 725/137/763 753/149/763
f 738/124/764 751/138/764 725/137/764
f 738/124/765 745/119/765 751/138/765
f 745/119/766 724/134/766 751/138/766
f 746/123/767 750/135/767 724/134/767
f 746/123/768 743/116/768 750/135/768
f 743/116/769 723/131/769 750/135/769
f 744/122/770 749/132/770 723/131/770
f 744/122/771 741/113/771 749/132/771
f 741/113/772 722/146/772 749/132/772
f 742/121/773 748/129/773 722/128/773
f 742/121/774 739/110/774 748/129/774
f 739/110/775 721/125/775 748/129/775
f 740/120/776 747/126/776 721/125/776
f 740/120/777 737/107/777 747/126/777
f 737/107/778 725/137/778 747/126/778
f 745/119/779 746/123/779 724/134/779
f 745/119/780 736/118/780 746/123/780
f 736/118/781 719/114/781 746/123/781
f 743/116/782 744/122/782 723/131/782
f 743/116/783 735/115/783 744/122/783
f 735/115/784 718/111/784 744/122/784
f 741/113/785 742/151/785 722/146/785
f 741/113/786 733/112/786 742/151/786
f 733/112/787 717/152/787 742/151/787
f 739/110/788 740/120/788 721/125/788
f 739/110/789 729/109/789 740/120/789
f 729/109/790 716/95/790 740/120/790
f 737/107/791 738/124/791 725/137/791
f 737/107/792 730/97/792 738/124/792
f 730/97/793 720/117/793 738/124/793
f 731/106/794 736/118/794 720/117/794
f 731/106/795 734/105/795 736/118/795
f 734/105/796 719/114/796 736/118/796
f 734/103/797 735/115/797 719/114/797
f 734/103/798 732/102/798 735/115/798
f 732/102/799 718/111/799 735/115/799
f 732/100/800 733/112/800 718/111/800
f 732/100/801 727/99/801 733/112/801
f 727/99/802 717/152/802 733/112/802
f 730/97/803 731/153/803 720/117/803
f 730/97/804 728/96/804 731/153/804
f 728/96/805 715/154/805 731/153/805
f 727/94/806 729/109/806 717/108/806
f 727/94/807 728/93/807 729/109/807
f 728/93/808 716/95/808 729/109/808
