# Blender 4.5.10 LTS
# www.blender.org
mtllib grove_spirit_ring.mtl
o grove_spirit_ring
v -0.309502 1.200217 -0.005858
v -0.309502 1.200217 0.016826
v -0.331075 1.200217 0.023836
v -0.344408 1.200217 0.005484
v -0.331075 1.200217 -0.012867
v -0.308558 1.198691 0.005484
v -0.325112 1.194034 0.005484
v -0.319997 1.198691 0.021228
v -0.338505 1.198691 0.015214
v -0.338505 1.198691 -0.004246
v -0.319997 1.198691 -0.010260
v -0.344408 1.200217 0.005484
v -0.356334 1.219513 0.005484
v -0.350371 1.231439 -0.012867
v -0.334760 1.219513 -0.024209
v -0.331075 1.200217 -0.012867
v -0.351898 1.208922 0.005484
v -0.347864 1.211415 -0.011046
v -0.355059 1.225476 -0.004246
v -0.343621 1.225476 -0.019990
v -0.333390 1.208922 -0.019990
v -0.338505 1.198691 -0.004246
v -0.309502 1.200217 -0.005858
v -0.331075 1.200217 -0.012867
v -0.334760 1.219513 -0.024209
v -0.315464 1.231439 -0.024209
v -0.299854 1.219513 -0.012868
v -0.319997 1.198691 -0.010260
v -0.316422 1.211415 -0.021262
v -0.333389 1.208922 -0.019990
v -0.325112 1.225476 -0.026004
v -0.306604 1.225476 -0.019990
v -0.303443 1.208922 -0.010260
v -0.309501 1.200217 0.016826
v -0.309501 1.200217 -0.005858
v -0.299853 1.219513 -0.012867
v -0.293891 1.231439 0.005484
v -0.299853 1.219513 0.023835
v -0.308558 1.198691 0.005484
v -0.296990 1.211415 0.005484
v -0.303443 1.208922 -0.010260
v -0.295165 1.225476 -0.004246
v -0.295165 1.225476 0.015214
v -0.303443 1.208922 0.021228
v -0.331075 1.200217 0.023836
v -0.309502 1.200217 0.016826
v -0.299854 1.219513 0.023836
v -0.315464 1.231439 0.035177
v -0.334760 1.219513 0.035177
v -0.319997 1.198691 0.021228
v -0.316422 1.211415 0.032230
v -0.303443 1.208922 0.021228
v -0.306604 1.225476 0.030958
v -0.325112 1.225476 0.036972
v -0.333389 1.208922 0.030958
v -0.356334 1.219513 0.005484
v -0.344408 1.200217 0.005484
v -0.331075 1.200217 0.023836
v -0.334760 1.219513 0.035177
v -0.350371 1.231439 0.023836
v -0.351898 1.208922 0.005484
v -0.347864 1.211415 0.022014
v -0.338505 1.198691 0.015214
v -0.333390 1.208922 0.030958
v -0.343621 1.225476 0.030958
v -0.355059 1.225476 0.015214
v -0.315465 1.231440 -0.024209
v -0.334760 1.219514 -0.024209
v -0.350371 1.231440 -0.012868
v -0.340723 1.250736 -0.005858
v -0.319150 1.250736 -0.012867
v -0.325112 1.225477 -0.026004
v -0.333803 1.239538 -0.021262
v -0.343620 1.225477 -0.019990
v -0.346782 1.242031 -0.010260
v -0.330228 1.252262 -0.010260
v -0.316835 1.242031 -0.019990
v -0.293891 1.231440 0.005484
v -0.299854 1.219514 -0.012867
v -0.315464 1.231440 -0.024209
v -0.319149 1.250736 -0.012867
v -0.305816 1.250736 0.005484
v -0.295165 1.225477 -0.004246
v -0.302361 1.239538 -0.011046
v -0.306604 1.225477 -0.019990
v -0.316835 1.242031 -0.019990
v -0.311720 1.252262 -0.004246
v -0.298327 1.242031 0.005484
v -0.315464 1.231440 0.035177
v -0.299854 1.219514 0.023836
v -0.293891 1.231440 0.005484
v -0.305816 1.250736 0.005484
v -0.319149 1.250736 0.023836
v -0.306604 1.225477 0.030958
v -0.302361 1.239538 0.022014
v -0.295165 1.225477 0.015214
v -0.298327 1.242031 0.005484
v -0.311720 1.252262 0.015214
v -0.316835 1.242031 0.030958
v -0.350371 1.231440 0.023836
v -0.334760 1.219514 0.035177
v -0.315465 1.231440 0.035177
v -0.319150 1.250736 0.023836
v -0.340723 1.250736 0.016826
v -0.343620 1.225477 0.030958
v -0.333803 1.239538 0.032230
v -0.325112 1.225477 0.036972
v -0.316835 1.242031 0.030958
v -0.330228 1.252262 0.021228
v -0.346782 1.242031 0.021228
v -0.350371 1.231440 -0.012867
v -0.356334 1.219514 0.005484
v -0.350371 1.231440 0.023835
v -0.340723 1.250736 0.016826
v -0.340723 1.250736 -0.005858
v -0.355059 1.225477 -0.004246
v -0.353235 1.239538 0.005484
v -0.355059 1.225477 0.015214
v -0.346782 1.242031 0.021228
v -0.341667 1.252262 0.005484
v -0.346782 1.242031 -0.010260
v -0.319150 1.250736 -0.012867
v -0.340723 1.250736 -0.005858
v -0.340723 1.250736 0.016826
v -0.319150 1.250736 0.023836
v -0.305816 1.250736 0.005484
v -0.330228 1.252262 -0.010260
v -0.325112 1.256919 0.005484
v -0.341666 1.252262 0.005484
v -0.330228 1.252262 0.021228
v -0.311720 1.252262 0.015214
v -0.311720 1.252262 -0.004246
v -0.139616 1.423299 -0.017454
v -0.139616 1.423299 0.005230
v -0.161189 1.423299 0.012239
v -0.174522 1.423299 -0.006112
v -0.161189 1.423299 -0.024464
v -0.138672 1.421772 -0.006112
v -0.155226 1.417116 -0.006112
v -0.150111 1.421772 0.009632
v -0.168619 1.421773 0.003618
v -0.168619 1.421773 -0.015842
v -0.150111 1.421772 -0.021856
v -0.174522 1.423299 -0.006112
v -0.186448 1.442595 -0.006112
v -0.180485 1.454521 -0.024464
v -0.164874 1.442595 -0.035805
v -0.161189 1.423299 -0.024464
v -0.182012 1.432004 -0.006112
v -0.177978 1.434497 -0.022642
v -0.185173 1.448558 -0.015842
v -0.173735 1.448558 -0.031586
v -0.163504 1.432004 -0.031586
v -0.168619 1.421773 -0.015842
v -0.139616 1.423299 -0.017454
v -0.161189 1.423299 -0.024464
v -0.164874 1.442595 -0.035806
v -0.145578 1.454521 -0.035806
v -0.129968 1.442595 -0.024464
v -0.150111 1.421773 -0.021856
v -0.146536 1.434497 -0.032858
v -0.163503 1.432004 -0.031586
v -0.155226 1.448558 -0.037600
v -0.136718 1.448558 -0.031586
v -0.133557 1.432004 -0.021856
v -0.139615 1.423299 0.005230
v -0.139615 1.423299 -0.017454
v -0.129967 1.442595 -0.024463
v -0.124005 1.454521 -0.006112
v -0.129967 1.442595 0.012239
v -0.138672 1.421773 -0.006112
v -0.127104 1.434497 -0.006112
v -0.133556 1.432004 -0.021856
v -0.125279 1.448558 -0.015842
v -0.125279 1.448558 0.003618
v -0.133556 1.432004 0.009632
v -0.161189 1.423299 0.012239
v -0.139616 1.423299 0.005230
v -0.129968 1.442595 0.012239
v -0.145578 1.454521 0.023581
v -0.164874 1.442595 0.023581
v -0.150111 1.421773 0.009632
v -0.146536 1.434497 0.020634
v -0.133557 1.432004 0.009632
v -0.136718 1.448558 0.019362
v -0.155226 1.448558 0.025376
v -0.163503 1.432004 0.019362
v -0.186448 1.442595 -0.006112
v -0.174522 1.423299 -0.006112
v -0.161189 1.423299 0.012239
v -0.164874 1.442595 0.023581
v -0.180485 1.454521 0.012239
v -0.182012 1.432004 -0.006112
v -0.177978 1.434497 0.010418
v -0.168619 1.421773 0.003618
v -0.163504 1.432004 0.019362
v -0.173735 1.448558 0.019362
v -0.185173 1.448558 0.003618
v -0.145579 1.454521 -0.035806
v -0.164874 1.442595 -0.035806
v -0.180485 1.454521 -0.024464
v -0.170837 1.473817 -0.017454
v -0.149263 1.473817 -0.024464
v -0.155226 1.448558 -0.037600
v -0.163916 1.462619 -0.032858
v -0.173734 1.448558 -0.031586
v -0.176896 1.465113 -0.021856
v -0.160342 1.475344 -0.021856
v -0.146949 1.465113 -0.031586
v -0.124005 1.454521 -0.006112
v -0.129967 1.442595 -0.024464
v -0.145578 1.454521 -0.035805
v -0.149263 1.473817 -0.024464
v -0.135930 1.473817 -0.006112
v -0.125279 1.448558 -0.015842
v -0.132475 1.462620 -0.022642
v -0.136718 1.448558 -0.031586
v -0.146949 1.465113 -0.031586
v -0.141834 1.475344 -0.015842
v -0.128441 1.465113 -0.006112
v -0.145578 1.454521 0.023581
v -0.129967 1.442595 0.012239
v -0.124005 1.454521 -0.006112
v -0.135930 1.473817 -0.006112
v -0.149263 1.473817 0.012239
v -0.136718 1.448558 0.019362
v -0.132475 1.462620 0.010418
v -0.125279 1.448558 0.003618
v -0.128441 1.465113 -0.006112
v -0.141834 1.475344 0.003618
v -0.146949 1.465113 0.019362
v -0.180485 1.454521 0.012239
v -0.164874 1.442595 0.023581
v -0.145579 1.454521 0.023581
v -0.149263 1.473817 0.012239
v -0.170837 1.473817 0.005230
v -0.173734 1.448558 0.019362
v -0.163916 1.462619 0.020634
v -0.155226 1.448558 0.025376
v -0.146949 1.465113 0.019362
v -0.160342 1.475344 0.009632
v -0.176896 1.465113 0.009632
v -0.180485 1.454521 -0.024463
v -0.186448 1.442595 -0.006112
v -0.180485 1.454521 0.012239
v -0.170837 1.473817 0.005230
v -0.170837 1.473817 -0.017454
v -0.185173 1.448558 -0.015842
v -0.183349 1.462619 -0.006112
v -0.185173 1.448558 0.003618
v -0.176896 1.465113 0.009632
v -0.171781 1.475344 -0.006112
v -0.176896 1.465113 -0.021856
v -0.149263 1.473817 -0.024464
v -0.170837 1.473817 -0.017454
v -0.170837 1.473817 0.005230
v -0.149263 1.473817 0.012239
v -0.135930 1.473817 -0.006112
v -0.160342 1.475344 -0.021856
v -0.155226 1.480000 -0.006112
v -0.171780 1.475344 -0.006112
v -0.160342 1.475344 0.009632
v -0.141834 1.475344 0.003618
v -0.141834 1.475344 -0.015842
v 0.152179 1.435452 -0.015674
v 0.152179 1.435452 0.007010
v 0.130606 1.435452 0.014020
v 0.117272 1.435452 -0.004332
v 0.130606 1.435452 -0.022683
v 0.153123 1.433926 -0.004332
v 0.136568 1.429269 -0.004332
v 0.141684 1.433926 0.011412
v 0.123176 1.433926 0.005398
v 0.123176 1.433926 -0.014062
v 0.141684 1.433926 -0.020076
v 0.117272 1.435452 -0.004332
v 0.105347 1.454748 -0.004332
v 0.111310 1.466674 -0.022683
v 0.126920 1.454748 -0.034025
v 0.130606 1.435452 -0.022683
v 0.109783 1.444157 -0.004332
v 0.113817 1.446650 -0.020862
v 0.106622 1.460711 -0.014062
v 0.118060 1.460711 -0.029806
v 0.128291 1.444157 -0.029806
v 0.123176 1.433926 -0.014062
v 0.152179 1.435452 -0.015674
v 0.130606 1.435452 -0.022683
v 0.126921 1.454748 -0.034025
v 0.146216 1.466674 -0.034025
v 0.161827 1.454748 -0.022683
v 0.141684 1.433926 -0.020076
v 0.145259 1.446650 -0.031078
v 0.128292 1.444157 -0.029806
v 0.136569 1.460711 -0.035820
v 0.155077 1.460711 -0.029806
v 0.158238 1.444157 -0.020076
v 0.152179 1.435452 0.007010
v 0.152179 1.435452 -0.015674
v 0.161827 1.454748 -0.022683
v 0.167790 1.466674 -0.004332
v 0.161827 1.454748 0.014019
v 0.153123 1.433926 -0.004332
v 0.164691 1.446650 -0.004332
v 0.158238 1.444157 -0.020076
v 0.166515 1.460711 -0.014062
v 0.166515 1.460711 0.005398
v 0.158238 1.444157 0.011412
v 0.130606 1.435452 0.014020
v 0.152179 1.435452 0.007010
v 0.161827 1.454748 0.014020
v 0.146216 1.466674 0.025362
v 0.126921 1.454748 0.025362
v 0.141684 1.433926 0.011412
v 0.145259 1.446650 0.022414
v 0.158238 1.444157 0.011412
v 0.155077 1.460711 0.021142
v 0.136569 1.460711 0.027156
v 0.128292 1.444157 0.021142
v 0.105347 1.454748 -0.004332
v 0.117272 1.435452 -0.004332
v 0.130606 1.435452 0.014020
v 0.126920 1.454748 0.025361
v 0.111310 1.466674 0.014020
v 0.109783 1.444157 -0.004332
v 0.113817 1.446650 0.012198
v 0.123176 1.433926 0.005398
v 0.128291 1.444157 0.021142
v 0.118060 1.460711 0.021142
v 0.106622 1.460711 0.005399
v 0.146216 1.466674 -0.034025
v 0.126921 1.454749 -0.034025
v 0.111310 1.466674 -0.022683
v 0.120958 1.485970 -0.015674
v 0.142531 1.485970 -0.022683
v 0.136568 1.460711 -0.035820
v 0.127878 1.474773 -0.031078
v 0.118060 1.460711 -0.029806
v 0.114899 1.477266 -0.020076
v 0.131453 1.487497 -0.020076
v 0.144846 1.477266 -0.029806
v 0.167790 1.466674 -0.004332
v 0.161827 1.454749 -0.022683
v 0.146217 1.466674 -0.034025
v 0.142531 1.485970 -0.022683
v 0.155865 1.485970 -0.004332
v 0.166515 1.460712 -0.014062
v 0.159320 1.474773 -0.020862
v 0.155077 1.460712 -0.029806
v 0.144846 1.477266 -0.029806
v 0.149961 1.487497 -0.014062
v 0.163354 1.477266 -0.004332
v 0.146217 1.466674 0.025361
v 0.161827 1.454749 0.014020
v 0.167790 1.466674 -0.004332
v 0.155865 1.485970 -0.004332
v 0.142531 1.485970 0.014020
v 0.155077 1.460712 0.021142
v 0.159320 1.474773 0.012198
v 0.166515 1.460712 0.005399
v 0.163354 1.477266 -0.004332
v 0.149961 1.487497 0.005398
v 0.144846 1.477266 0.021142
v 0.111310 1.466674 0.014020
v 0.126921 1.454749 0.025362
v 0.146216 1.466674 0.025362
v 0.142531 1.485970 0.014020
v 0.120958 1.485970 0.007010
v 0.118060 1.460711 0.021142
v 0.127878 1.474773 0.022414
v 0.136568 1.460711 0.027156
v 0.144846 1.477266 0.021142
v 0.131453 1.487497 0.011412
v 0.114899 1.477266 0.011412
v 0.111310 1.466674 -0.022683
v 0.105347 1.454749 -0.004332
v 0.111310 1.466674 0.014019
v 0.120958 1.485970 0.007010
v 0.120958 1.485970 -0.015674
v 0.106622 1.460711 -0.014062
v 0.108446 1.474773 -0.004332
v 0.106622 1.460711 0.005398
v 0.114899 1.477266 0.011412
v 0.120014 1.487497 -0.004332
v 0.114899 1.477266 -0.020076
v 0.142531 1.485970 -0.022683
v 0.120958 1.485970 -0.015674
v 0.120958 1.485970 0.007010
v 0.142531 1.485970 0.014020
v 0.155865 1.485970 -0.004332
v 0.131453 1.487497 -0.020076
v 0.136569 1.492153 -0.004332
v 0.120014 1.487497 -0.004332
v 0.131453 1.487497 0.011412
v 0.149961 1.487497 0.005398
v 0.149961 1.487497 -0.014062
v 0.347750 1.212493 -0.011104
v 0.347750 1.212493 0.011580
v 0.326176 1.212493 0.018589
v 0.312843 1.212493 0.000238
v 0.326176 1.212493 -0.018113
v 0.348693 1.210966 0.000238
v 0.332139 1.206310 0.000238
v 0.337255 1.210967 0.015982
v 0.318747 1.210967 0.009968
v 0.318747 1.210967 -0.009492
v 0.337255 1.210967 -0.015506
v 0.312843 1.212493 0.000238
v 0.300918 1.231789 0.000238
v 0.306880 1.243715 -0.018114
v 0.322491 1.231789 -0.029455
v 0.326176 1.212493 -0.018114
v 0.305354 1.221198 0.000238
v 0.309388 1.223691 -0.016292
v 0.302192 1.237752 -0.009492
v 0.313631 1.237752 -0.025236
v 0.323862 1.221198 -0.025236
v 0.318747 1.210967 -0.009492
v 0.347750 1.212493 -0.011104
v 0.326176 1.212493 -0.018114
v 0.322491 1.231789 -0.029455
v 0.341787 1.243715 -0.029455
v 0.357398 1.231789 -0.018114
v 0.337255 1.210967 -0.015506
v 0.340829 1.223691 -0.026508
v 0.323862 1.221198 -0.025236
v 0.332139 1.237752 -0.031250
v 0.350647 1.237752 -0.025236
v 0.353809 1.221198 -0.015506
v 0.347750 1.212493 0.011580
v 0.347750 1.212493 -0.011104
v 0.357398 1.231789 -0.018113
v 0.363361 1.243715 0.000238
v 0.357398 1.231789 0.018589
v 0.348694 1.210967 0.000238
v 0.360262 1.223691 0.000238
v 0.353809 1.221198 -0.015506
v 0.362086 1.237752 -0.009492
v 0.362086 1.237752 0.009968
v 0.353809 1.221198 0.015982
v 0.326176 1.212493 0.018589
v 0.347750 1.212493 0.011580
v 0.357398 1.231789 0.018590
v 0.341787 1.243715 0.029931
v 0.322491 1.231789 0.029931
v 0.337255 1.210967 0.015982
v 0.340829 1.223691 0.026984
v 0.353809 1.221198 0.015982
v 0.350647 1.237752 0.025712
v 0.332139 1.237752 0.031726
v 0.323862 1.221198 0.025712
v 0.300918 1.231789 0.000238
v 0.312843 1.212493 0.000238
v 0.326176 1.212493 0.018589
v 0.322491 1.231789 0.029931
v 0.306880 1.243715 0.018589
v 0.305354 1.221198 0.000238
v 0.309388 1.223691 0.016768
v 0.318747 1.210967 0.009968
v 0.323862 1.221198 0.025712
v 0.313631 1.237752 0.025712
v 0.302192 1.237752 0.009968
v 0.341787 1.243715 -0.029455
v 0.322491 1.231789 -0.029455
v 0.306881 1.243715 -0.018114
v 0.316529 1.263011 -0.011104
v 0.338102 1.263011 -0.018114
v 0.332139 1.237752 -0.031250
v 0.323449 1.251814 -0.026508
v 0.313631 1.237752 -0.025236
v 0.310470 1.254307 -0.015506
v 0.327024 1.264538 -0.015506
v 0.340416 1.254307 -0.025236
v 0.363361 1.243715 0.000238
v 0.357398 1.231790 -0.018114
v 0.341787 1.243715 -0.029455
v 0.338102 1.263011 -0.018114
v 0.351435 1.263011 0.000238
v 0.362086 1.237752 -0.009492
v 0.354891 1.251814 -0.016292
v 0.350647 1.237752 -0.025236
v 0.340417 1.254307 -0.025236
v 0.345532 1.264538 -0.009492
v 0.358925 1.254307 0.000238
v 0.341787 1.243715 0.029931
v 0.357398 1.231790 0.018589
v 0.363361 1.243715 0.000238
v 0.351435 1.263011 0.000238
v 0.338102 1.263011 0.018589
v 0.350647 1.237752 0.025712
v 0.354891 1.251814 0.016768
v 0.362086 1.237752 0.009968
v 0.358925 1.254307 0.000238
v 0.345532 1.264538 0.009968
v 0.340417 1.254307 0.025712
v 0.306881 1.243715 0.018590
v 0.322491 1.231789 0.029931
v 0.341787 1.243715 0.029931
v 0.338102 1.263011 0.018589
v 0.316529 1.263011 0.011580
v 0.313631 1.237752 0.025712
v 0.323449 1.251814 0.026984
v 0.332139 1.237752 0.031726
v 0.340416 1.254307 0.025712
v 0.327024 1.264538 0.015982
v 0.310470 1.254307 0.015982
v 0.306880 1.243715 -0.018113
v 0.300918 1.231789 0.000238
v 0.306880 1.243715 0.018589
v 0.316528 1.263011 0.011580
v 0.316528 1.263011 -0.011104
v 0.302192 1.237752 -0.009492
v 0.304017 1.251814 0.000238
v 0.302192 1.237752 0.009968
v 0.310469 1.254307 0.015982
v 0.315585 1.264538 0.000238
v 0.310469 1.254307 -0.015506
v 0.338102 1.263011 -0.018113
v 0.316529 1.263011 -0.011104
v 0.316529 1.263011 0.011580
v 0.338102 1.263011 0.018589
v 0.351435 1.263011 0.000238
v 0.327024 1.264538 -0.015506
v 0.332139 1.269194 0.000238
v 0.315585 1.264538 0.000238
v 0.327024 1.264538 0.015982
v 0.345532 1.264538 0.009968
v 0.345532 1.264538 -0.009492
v 0.283133 0.915632 -0.018247
v 0.283133 0.915632 0.004437
v 0.261560 0.915632 0.011446
v 0.248226 0.915632 -0.006905
v 0.261560 0.915632 -0.025257
v 0.284076 0.914105 -0.006905
v 0.267522 0.909449 -0.006905
v 0.272638 0.914105 0.008839
v 0.254130 0.914105 0.002825
v 0.254130 0.914105 -0.016636
v 0.272638 0.914105 -0.022649
v 0.248226 0.915632 -0.006905
v 0.236301 0.934928 -0.006905
v 0.242264 0.946854 -0.025257
v 0.257874 0.934928 -0.036599
v 0.261559 0.915632 -0.025257
v 0.240737 0.924336 -0.006905
v 0.244771 0.926830 -0.023435
v 0.237576 0.940891 -0.016636
v 0.249014 0.940891 -0.032379
v 0.259245 0.924336 -0.032379
v 0.254130 0.914105 -0.016636
v 0.283133 0.915632 -0.018247
v 0.261560 0.915632 -0.025257
v 0.257875 0.934928 -0.036599
v 0.277170 0.946854 -0.036599
v 0.292781 0.934928 -0.025257
v 0.272638 0.914105 -0.022649
v 0.276213 0.926830 -0.033651
v 0.259245 0.924336 -0.032380
v 0.267522 0.940891 -0.038393
v 0.286030 0.940891 -0.032380
v 0.289192 0.924336 -0.022649
v 0.283133 0.915632 0.004437
v 0.283133 0.915632 -0.018247
v 0.292781 0.934928 -0.025257
v 0.298744 0.946854 -0.006905
v 0.292781 0.934928 0.011446
v 0.284077 0.914105 -0.006905
v 0.295645 0.926830 -0.006905
v 0.289192 0.924336 -0.022649
v 0.297469 0.940891 -0.016635
v 0.297469 0.940891 0.002825
v 0.289192 0.924336 0.008838
v 0.261560 0.915632 0.011446
v 0.283133 0.915632 0.004437
v 0.292781 0.934928 0.011446
v 0.277170 0.946854 0.022788
v 0.257875 0.934928 0.022788
v 0.272638 0.914105 0.008839
v 0.276213 0.926830 0.019841
v 0.289192 0.924336 0.008839
v 0.286030 0.940891 0.018569
v 0.267522 0.940891 0.024583
v 0.259245 0.924336 0.018569
v 0.236301 0.934928 -0.006905
v 0.248226 0.915632 -0.006905
v 0.261559 0.915632 0.011446
v 0.257874 0.934928 0.022788
v 0.242264 0.946854 0.011446
v 0.240737 0.924336 -0.006905
v 0.244771 0.926830 0.009624
v 0.254130 0.914105 0.002825
v 0.259245 0.924336 0.018569
v 0.249014 0.940891 0.018569
v 0.237576 0.940891 0.002825
v 0.277170 0.946854 -0.036599
v 0.257874 0.934928 -0.036599
v 0.242264 0.946854 -0.025257
v 0.251912 0.966150 -0.018247
v 0.273485 0.966150 -0.025257
v 0.267522 0.940891 -0.038393
v 0.258832 0.954952 -0.033651
v 0.249014 0.940891 -0.032380
v 0.245853 0.957445 -0.022649
v 0.262407 0.967676 -0.022649
v 0.275799 0.957445 -0.032380
v 0.298744 0.946854 -0.006905
v 0.292781 0.934928 -0.025257
v 0.277170 0.946854 -0.036599
v 0.273485 0.966150 -0.025257
v 0.286818 0.966150 -0.006905
v 0.297469 0.940891 -0.016636
v 0.290274 0.954952 -0.023435
v 0.286031 0.940891 -0.032379
v 0.275800 0.957445 -0.032379
v 0.280915 0.967676 -0.016636
v 0.294308 0.957445 -0.006905
v 0.277170 0.946854 0.022788
v 0.292781 0.934928 0.011446
v 0.298744 0.946854 -0.006905
v 0.286818 0.966150 -0.006905
v 0.273485 0.966150 0.011446
v 0.286031 0.940891 0.018569
v 0.290274 0.954952 0.009624
v 0.297469 0.940891 0.002825
v 0.294308 0.957445 -0.006905
v 0.280915 0.967676 0.002825
v 0.275800 0.957445 0.018569
v 0.242264 0.946854 0.011446
v 0.257874 0.934928 0.022788
v 0.277170 0.946854 0.022788
v 0.273485 0.966150 0.011446
v 0.251912 0.966150 0.004437
v 0.249014 0.940891 0.018569
v 0.258832 0.954952 0.019841
v 0.267522 0.940891 0.024583
v 0.275799 0.957445 0.018569
v 0.262407 0.967676 0.008839
v 0.245853 0.957445 0.008839
v 0.242263 0.946854 -0.025257
v 0.236301 0.934928 -0.006905
v 0.242263 0.946854 0.011446
v 0.251911 0.966150 0.004437
v 0.251911 0.966150 -0.018247
v 0.237575 0.940891 -0.016635
v 0.239400 0.954952 -0.006905
v 0.237575 0.940891 0.002825
v 0.245853 0.957445 0.008838
v 0.250968 0.967676 -0.006905
v 0.245853 0.957445 -0.022649
v 0.273485 0.966150 -0.025257
v 0.251912 0.966150 -0.018247
v 0.251912 0.966150 0.004437
v 0.273485 0.966150 0.011446
v 0.286818 0.966150 -0.006905
v 0.262407 0.967677 -0.022649
v 0.267522 0.972333 -0.006905
v 0.250968 0.967677 -0.006905
v 0.262407 0.967677 0.008839
v 0.280915 0.967676 0.002825
v 0.280915 0.967676 -0.016636
v 0.026868 0.778447 -0.005485
v 0.026868 0.778447 0.017198
v 0.005295 0.778447 0.024208
v -0.008038 0.778447 0.005857
v 0.005295 0.778447 -0.012495
v 0.027812 0.776920 0.005857
v 0.011258 0.772264 0.005857
v 0.016373 0.776920 0.021600
v -0.002135 0.776920 0.015587
v -0.002135 0.776920 -0.003874
v 0.016373 0.776920 -0.009887
v -0.008038 0.778447 0.005857
v -0.019964 0.797743 0.005856
v -0.014001 0.809669 -0.012495
v 0.001610 0.797743 -0.023837
v 0.005295 0.778447 -0.012495
v -0.015528 0.787152 0.005856
v -0.011494 0.789645 -0.010673
v -0.018689 0.803706 -0.003874
v -0.007251 0.803706 -0.019618
v 0.002980 0.787152 -0.019618
v -0.002135 0.776920 -0.003874
v 0.026868 0.778447 -0.005486
v 0.005295 0.778447 -0.012495
v 0.001610 0.797743 -0.023837
v 0.020906 0.809669 -0.023837
v 0.036516 0.797743 -0.012495
v 0.016373 0.776920 -0.009888
v 0.019948 0.789645 -0.020889
v 0.002981 0.787152 -0.019618
v 0.011258 0.803706 -0.025631
v 0.029766 0.803706 -0.019618
v 0.032927 0.787152 -0.009888
v 0.026869 0.778447 0.017198
v 0.026869 0.778447 -0.005485
v 0.036517 0.797743 -0.012495
v 0.042479 0.809669 0.005857
v 0.036517 0.797743 0.024208
v 0.027812 0.776920 0.005857
v 0.039380 0.789645 0.005857
v 0.032928 0.787152 -0.009887
v 0.041205 0.803706 -0.003874
v 0.041205 0.803706 0.015587
v 0.032928 0.787152 0.021600
v 0.005295 0.778447 0.024208
v 0.026868 0.778447 0.017199
v 0.036516 0.797743 0.024208
v 0.020906 0.809669 0.035550
v 0.001610 0.797743 0.035550
v 0.016373 0.776920 0.021601
v 0.019948 0.789645 0.032602
v 0.032927 0.787152 0.021601
v 0.029766 0.803706 0.031331
v 0.011258 0.803706 0.037344
v 0.002981 0.787152 0.031331
v -0.019964 0.797743 0.005857
v -0.008038 0.778447 0.005857
v 0.005295 0.778447 0.024208
v 0.001610 0.797743 0.035550
v -0.014001 0.809669 0.024208
v -0.015528 0.787152 0.005857
v -0.011494 0.789645 0.022386
v -0.002135 0.776920 0.015587
v 0.002980 0.787152 0.031331
v -0.007251 0.803706 0.031331
v -0.018689 0.803706 0.015587
v 0.020905 0.809669 -0.023837
v 0.001610 0.797743 -0.023837
v -0.014001 0.809669 -0.012495
v -0.004353 0.828965 -0.005486
v 0.017220 0.828965 -0.012495
v 0.011258 0.803706 -0.025631
v 0.002567 0.817767 -0.020889
v -0.007250 0.803706 -0.019618
v -0.010412 0.820260 -0.009888
v 0.006142 0.830491 -0.009888
v 0.019535 0.820260 -0.019618
v 0.042479 0.809669 0.005856
v 0.036517 0.797743 -0.012495
v 0.020906 0.809669 -0.023837
v 0.017221 0.828965 -0.012495
v 0.030554 0.828965 0.005857
v 0.041205 0.803706 -0.003874
v 0.034009 0.817767 -0.010673
v 0.029766 0.803706 -0.019618
v 0.019535 0.820260 -0.019618
v 0.024650 0.830491 -0.003874
v 0.038043 0.820260 0.005856
v 0.020906 0.809669 0.035550
v 0.036517 0.797743 0.024208
v 0.042479 0.809669 0.005857
v 0.030554 0.828965 0.005857
v 0.017221 0.828965 0.024208
v 0.029766 0.803706 0.031331
v 0.034009 0.817767 0.022386
v 0.041205 0.803706 0.015587
v 0.038043 0.820260 0.005857
v 0.024650 0.830491 0.015587
v 0.019535 0.820260 0.031331
v -0.014001 0.809669 0.024208
v 0.001610 0.797743 0.035550
v 0.020905 0.809669 0.035550
v 0.017220 0.828965 0.024208
v -0.004353 0.828965 0.017199
v -0.007250 0.803706 0.031331
v 0.002567 0.817767 0.032602
v 0.011258 0.803706 0.037344
v 0.019535 0.820260 0.031331
v 0.006142 0.830491 0.021601
v -0.010412 0.820260 0.021601
v -0.014001 0.809669 -0.012495
v -0.019964 0.797743 0.005857
v -0.014001 0.809669 0.024208
v -0.004353 0.828965 0.017198
v -0.004353 0.828965 -0.005485
v -0.018689 0.803706 -0.003874
v -0.016865 0.817767 0.005857
v -0.018689 0.803706 0.015587
v -0.010412 0.820260 0.021600
v -0.005297 0.830491 0.005857
v -0.010412 0.820260 -0.009887
v 0.017221 0.828965 -0.012495
v -0.004353 0.828965 -0.005485
v -0.004353 0.828965 0.017198
v 0.017221 0.828965 0.024208
v 0.030554 0.828965 0.005857
v 0.006142 0.830492 -0.009887
v 0.011258 0.835148 0.005857
v -0.005296 0.830492 0.005857
v 0.006142 0.830492 0.021600
v 0.024650 0.830491 0.015587
v 0.024650 0.830491 -0.003874
v -0.244138 0.901937 -0.015339
v -0.244138 0.901937 0.007345
v -0.265711 0.901937 0.014354
v -0.279044 0.901938 -0.003997
v -0.265711 0.901937 -0.022349
v -0.243194 0.900411 -0.003997
v -0.259748 0.895755 -0.003997
v -0.254633 0.900411 0.011747
v -0.273141 0.900411 0.005733
v -0.273141 0.900411 -0.013727
v -0.254633 0.900411 -0.019741
v -0.279044 0.901938 -0.003997
v -0.290970 0.921233 -0.003997
v -0.285007 0.933159 -0.022349
v -0.269396 0.921234 -0.033690
v -0.265711 0.901937 -0.022349
v -0.286534 0.910642 -0.003997
v -0.282500 0.913135 -0.020527
v -0.289695 0.927196 -0.013727
v -0.278256 0.927196 -0.029471
v -0.268025 0.910642 -0.029471
v -0.273141 0.900411 -0.013727
v -0.244137 0.901938 -0.015339
v -0.265711 0.901937 -0.022349
v -0.269396 0.921234 -0.033691
v -0.250100 0.933159 -0.033691
v -0.234490 0.921234 -0.022349
v -0.254633 0.900411 -0.019741
v -0.251058 0.913135 -0.030743
v -0.268025 0.910642 -0.029471
v -0.259748 0.927196 -0.035485
v -0.241240 0.927196 -0.029471
v -0.238079 0.910642 -0.019741
v -0.244137 0.901938 0.007345
v -0.244137 0.901938 -0.015339
v -0.234489 0.921234 -0.022348
v -0.228527 0.933159 -0.003997
v -0.234489 0.921234 0.014354
v -0.243194 0.900411 -0.003997
v -0.231626 0.913135 -0.003997
v -0.238078 0.910642 -0.019741
v -0.229801 0.927197 -0.013727
v -0.229801 0.927197 0.005733
v -0.238078 0.910642 0.011747
v -0.265711 0.901937 0.014354
v -0.244137 0.901938 0.007345
v -0.234490 0.921234 0.014354
v -0.250100 0.933159 0.025696
v -0.269396 0.921234 0.025696
v -0.254633 0.900411 0.011747
v -0.251058 0.913135 0.022749
v -0.238079 0.910642 0.011747
v -0.241240 0.927196 0.021477
v -0.259748 0.927196 0.027491
v -0.268025 0.910642 0.021477
v -0.290970 0.921233 -0.003997
v -0.279044 0.901938 -0.003997
v -0.265711 0.901938 0.014354
v -0.269396 0.921234 0.025696
v -0.285007 0.933159 0.014354
v -0.286534 0.910642 -0.003997
v -0.282500 0.913135 0.012533
v -0.273141 0.900411 0.005733
v -0.268025 0.910642 0.021477
v -0.278256 0.927196 0.021477
v -0.289695 0.927196 0.005733
v -0.250100 0.933160 -0.033691
v -0.269396 0.921234 -0.033691
v -0.285007 0.933160 -0.022349
v -0.275359 0.952456 -0.015339
v -0.253785 0.952456 -0.022349
v -0.259748 0.927197 -0.035485
v -0.268438 0.941258 -0.030743
v -0.278256 0.927197 -0.029471
v -0.281418 0.943751 -0.019741
v -0.264864 0.953982 -0.019741
v -0.251471 0.943751 -0.029471
v -0.228527 0.933160 -0.003997
v -0.234489 0.921234 -0.022349
v -0.250100 0.933160 -0.033690
v -0.253785 0.952456 -0.022349
v -0.240452 0.952456 -0.003997
v -0.229801 0.927197 -0.013727
v -0.236997 0.941258 -0.020527
v -0.241240 0.927197 -0.029471
v -0.251471 0.943751 -0.029471
v -0.246355 0.953982 -0.013727
v -0.232963 0.943751 -0.003997
v -0.250100 0.933160 0.025696
v -0.234489 0.921234 0.014354
v -0.228527 0.933160 -0.003997
v -0.240452 0.952456 -0.003997
v -0.253785 0.952456 0.014354
v -0.241240 0.927197 0.021477
v -0.236997 0.941258 0.012533
v -0.229801 0.927197 0.005733
v -0.232963 0.943751 -0.003997
v -0.246355 0.953982 0.005733
v -0.251471 0.943751 0.021477
v -0.285007 0.933160 0.014354
v -0.269396 0.921234 0.025696
v -0.250100 0.933160 0.025696
v -0.253785 0.952456 0.014354
v -0.275359 0.952456 0.007345
v -0.278256 0.927197 0.021477
v -0.268438 0.941258 0.022749
v -0.259748 0.927197 0.027491
v -0.251471 0.943751 0.021477
v -0.264864 0.953982 0.011747
v -0.281418 0.943751 0.011747
v -0.285007 0.933160 -0.022348
v -0.290970 0.921234 -0.003997
v -0.285007 0.933160 0.014354
v -0.275359 0.952456 0.007345
v -0.275359 0.952456 -0.015339
v -0.289695 0.927197 -0.013727
v -0.287871 0.941258 -0.003997
v -0.289695 0.927197 0.005733
v -0.281418 0.943751 0.011747
v -0.276303 0.953982 -0.003997
v -0.281418 0.943751 -0.019741
v -0.253785 0.952456 -0.022349
v -0.275359 0.952456 -0.015339
v -0.275359 0.952456 0.007345
v -0.253785 0.952456 0.014354
v -0.240452 0.952456 -0.003997
v -0.264864 0.953982 -0.019741
v -0.259748 0.958639 -0.003997
v -0.276302 0.953982 -0.003997
v -0.264864 0.953982 0.011747
v -0.246356 0.953982 0.005733
v -0.246356 0.953982 -0.013727
v -0.354277 1.155583 -0.011633
v -0.354277 1.155583 -0.002203
v -0.355696 1.155583 -0.006918
v -0.345202 1.155583 -0.014612
v -0.354218 1.155583 -0.011714
v -0.350158 1.155583 -0.014516
v -0.339612 1.155583 -0.006999
v -0.345202 1.155583 -0.014612
v -0.341249 1.155583 -0.011630
v -0.345202 1.155583 0.000776
v -0.339612 1.155583 -0.006837
v -0.341249 1.155583 -0.002206
v -0.354218 1.155583 -0.002122
v -0.345202 1.155583 0.000776
v -0.350158 1.155583 0.000680
v -0.333376 1.274119 -0.002203
v -0.333376 1.274119 -0.011633
v -0.334709 1.274604 -0.006918
v -0.333320 1.274099 -0.011714
v -0.324848 1.271015 -0.014612
v -0.329506 1.272710 -0.014516
v -0.324848 1.271015 -0.014612
v -0.319595 1.269103 -0.006999
v -0.321134 1.269663 -0.011630
v -0.319595 1.269103 -0.006837
v -0.324848 1.271015 0.000776
v -0.321134 1.269663 -0.002206
v -0.324848 1.271015 0.000776
v -0.333320 1.274099 -0.002122
v -0.329506 1.272710 0.000680
v -0.273194 1.378357 -0.002203
v -0.273194 1.378357 -0.011633
v -0.274280 1.379269 -0.006918
v -0.273148 1.378319 -0.011714
v -0.266242 1.372524 -0.014612
v -0.270039 1.375710 -0.014516
v -0.266242 1.372524 -0.014612
v -0.261960 1.368931 -0.006999
v -0.263214 1.369983 -0.011630
v -0.261960 1.368931 -0.006837
v -0.266242 1.372524 0.000776
v -0.263214 1.369983 -0.002206
v -0.266242 1.372524 0.000776
v -0.273148 1.378319 -0.002122
v -0.270039 1.375710 0.000680
v -0.180989 1.455726 -0.002203
v -0.180989 1.455726 -0.011633
v -0.181699 1.456955 -0.006918
v -0.180960 1.455675 -0.011714
v -0.176452 1.447867 -0.014612
v -0.178930 1.452159 -0.014516
v -0.176452 1.447867 -0.014612
v -0.173657 1.443026 -0.006999
v -0.174476 1.444444 -0.011630
v -0.173657 1.443026 -0.006837
v -0.176452 1.447867 0.000776
v -0.174476 1.444444 -0.002206
v -0.176452 1.447867 0.000776
v -0.180960 1.455675 -0.002122
v -0.178930 1.452159 0.000680
v -0.067884 1.496893 -0.002203
v -0.067884 1.496893 -0.011633
v -0.068130 1.498290 -0.006918
v -0.067874 1.496835 -0.011714
v -0.066308 1.487956 -0.014612
v -0.067169 1.492837 -0.014516
v -0.066308 1.487956 -0.014612
v -0.065338 1.482451 -0.006999
v -0.065622 1.484063 -0.011630
v -0.065338 1.482451 -0.006837
v -0.066308 1.487956 0.000776
v -0.065622 1.484063 -0.002206
v -0.066308 1.487956 0.000776
v -0.067874 1.496835 -0.002122
v -0.067169 1.492837 0.000680
v 0.052480 1.496893 -0.002203
v 0.052480 1.496893 -0.011633
v 0.052726 1.498290 -0.006918
v 0.052470 1.496835 -0.011714
v 0.050904 1.487956 -0.014612
v 0.051765 1.492837 -0.014516
v 0.050904 1.487956 -0.014612
v 0.049933 1.482451 -0.006999
v 0.050218 1.484063 -0.011630
v 0.049933 1.482451 -0.006837
v 0.050904 1.487956 0.000776
v 0.050218 1.484063 -0.002206
v 0.050904 1.487956 0.000776
v 0.052470 1.496835 -0.002122
v 0.051765 1.492837 0.000680
v 0.165585 1.455726 -0.002203
v 0.165585 1.455726 -0.011633
v 0.166295 1.456955 -0.006918
v 0.165556 1.455675 -0.011714
v 0.161048 1.447867 -0.014612
v 0.163526 1.452159 -0.014516
v 0.161048 1.447867 -0.014612
v 0.158253 1.443026 -0.006999
v 0.159071 1.444444 -0.011630
v 0.158253 1.443026 -0.006837
v 0.161048 1.447867 0.000776
v 0.159071 1.444444 -0.002206
v 0.161048 1.447867 0.000776
v 0.165556 1.455675 -0.002122
v 0.163526 1.452159 0.000680
v 0.257789 1.378357 -0.002203
v 0.257789 1.378357 -0.011633
v 0.258876 1.379269 -0.006918
v 0.257744 1.378319 -0.011714
v 0.250838 1.372524 -0.014612
v 0.254634 1.375710 -0.014516
v 0.250838 1.372524 -0.014612
v 0.246556 1.368931 -0.006999
v 0.247810 1.369983 -0.011630
v 0.246556 1.368931 -0.006837
v 0.250838 1.372524 0.000776
v 0.247810 1.369983 -0.002206
v 0.250838 1.372524 0.000776
v 0.257744 1.378319 -0.002122
v 0.254634 1.375710 0.000680
v 0.317972 1.274119 -0.002203
v 0.317972 1.274119 -0.011633
v 0.319305 1.274604 -0.006918
v 0.317916 1.274099 -0.011714
v 0.309444 1.271015 -0.014612
v 0.314101 1.272710 -0.014516
v 0.309444 1.271015 -0.014612
v 0.304191 1.269103 -0.006999
v 0.305730 1.269663 -0.011630
v 0.304191 1.269103 -0.006837
v 0.309444 1.271015 0.000776
v 0.305730 1.269663 -0.002206
v 0.309444 1.271015 0.000776
v 0.317916 1.274099 -0.002122
v 0.314101 1.272710 0.000680
v 0.338873 1.155583 -0.002203
v 0.338873 1.155583 -0.011633
v 0.340291 1.155583 -0.006918
v 0.338814 1.155583 -0.011714
v 0.329798 1.155583 -0.014612
v 0.334754 1.155583 -0.014516
v 0.329798 1.155583 -0.014612
v 0.324208 1.155583 -0.006999
v 0.325845 1.155583 -0.011630
v 0.324208 1.155583 -0.006837
v 0.329798 1.155583 0.000776
v 0.325845 1.155583 -0.002206
v 0.329798 1.155583 0.000776
v 0.338814 1.155583 -0.002122
v 0.334754 1.155583 0.000680
v 0.317972 1.037048 -0.002203
v 0.317972 1.037048 -0.011633
v 0.319305 1.036563 -0.006918
v 0.317916 1.037068 -0.011714
v 0.309444 1.040152 -0.014612
v 0.314101 1.038457 -0.014516
v 0.309444 1.040152 -0.014612
v 0.304191 1.042064 -0.006999
v 0.305730 1.041504 -0.011630
v 0.304191 1.042064 -0.006837
v 0.309444 1.040152 0.000776
v 0.305730 1.041504 -0.002206
v 0.309444 1.040152 0.000776
v 0.317916 1.037068 -0.002122
v 0.314101 1.038457 0.000680
v 0.257790 0.932810 -0.002203
v 0.257790 0.932810 -0.011633
v 0.258876 0.931898 -0.006918
v 0.257744 0.932848 -0.011714
v 0.250838 0.938643 -0.014612
v 0.254635 0.935457 -0.014516
v 0.250838 0.938643 -0.014612
v 0.246556 0.942236 -0.006999
v 0.247810 0.941183 -0.011630
v 0.246556 0.942236 -0.006837
v 0.250838 0.938643 0.000776
v 0.247810 0.941183 -0.002206
v 0.250838 0.938643 0.000776
v 0.257744 0.932848 -0.002122
v 0.254635 0.935457 0.000680
v 0.165585 0.855441 -0.002203
v 0.165585 0.855441 -0.011633
v 0.166295 0.854212 -0.006918
v 0.165556 0.855492 -0.011714
v 0.161048 0.863300 -0.014612
v 0.163526 0.859008 -0.014516
v 0.161048 0.863300 -0.014612
v 0.158253 0.868141 -0.006999
v 0.159071 0.866723 -0.011630
v 0.158253 0.868141 -0.006837
v 0.161048 0.863300 0.000776
v 0.159071 0.866723 -0.002206
v 0.161048 0.863300 0.000776
v 0.165556 0.855492 -0.002122
v 0.163526 0.859008 0.000680
v 0.052480 0.814274 -0.002203
v 0.052480 0.814274 -0.011633
v 0.052726 0.812877 -0.006918
v 0.052470 0.814332 -0.011714
v 0.050904 0.823211 -0.014612
v 0.051765 0.818330 -0.014516
v 0.050904 0.823211 -0.014612
v 0.049933 0.828716 -0.006999
v 0.050218 0.827104 -0.011630
v 0.049933 0.828716 -0.006837
v 0.050904 0.823211 0.000776
v 0.050218 0.827104 -0.002206
v 0.050904 0.823211 0.000776
v 0.052470 0.814332 -0.002122
v 0.051765 0.818330 0.000680
v -0.067884 0.814274 -0.002203
v -0.067884 0.814274 -0.011633
v -0.068130 0.812877 -0.006918
v -0.067874 0.814332 -0.011714
v -0.066308 0.823211 -0.014612
v -0.067169 0.818330 -0.014516
v -0.066308 0.823211 -0.014612
v -0.065338 0.828716 -0.006999
v -0.065622 0.827103 -0.011630
v -0.065338 0.828716 -0.006837
v -0.066308 0.823211 0.000776
v -0.065622 0.827103 -0.002206
v -0.066308 0.823211 0.000776
v -0.067874 0.814332 -0.002122
v -0.067169 0.818330 0.000680
v -0.180989 0.855441 -0.002203
v -0.180989 0.855441 -0.011633
v -0.181699 0.854212 -0.006918
v -0.180960 0.855492 -0.011714
v -0.176452 0.863300 -0.014612
v -0.178930 0.859008 -0.014516
v -0.176452 0.863300 -0.014612
v -0.173657 0.868141 -0.006999
v -0.174476 0.866723 -0.011630
v -0.173657 0.868141 -0.006837
v -0.176452 0.863300 0.000776
v -0.174476 0.866723 -0.002206
v -0.176452 0.863300 0.000776
v -0.180960 0.855492 -0.002122
v -0.178930 0.859008 0.000680
v -0.273194 0.932809 -0.002203
v -0.273194 0.932809 -0.011633
v -0.274280 0.931897 -0.006918
v -0.273148 0.932847 -0.011714
v -0.266242 0.938643 -0.014612
v -0.270039 0.935457 -0.014516
v -0.266242 0.938643 -0.014612
v -0.261960 0.942236 -0.006999
v -0.263214 0.941183 -0.011630
v -0.261960 0.942236 -0.006837
v -0.266242 0.938643 0.000776
v -0.263214 0.941183 -0.002206
v -0.266242 0.938643 0.000776
v -0.273148 0.932847 -0.002122
v -0.270039 0.935457 0.000680
v -0.333376 1.037048 -0.002203
v -0.333376 1.037048 -0.011633
v -0.334709 1.036563 -0.006918
v -0.333320 1.037068 -0.011714
v -0.324848 1.040151 -0.014612
v -0.329506 1.038456 -0.014516
v -0.324848 1.040152 -0.014612
v -0.319595 1.042063 -0.006999
v -0.321134 1.041503 -0.011630
v -0.319595 1.042063 -0.006837
v -0.324848 1.040152 0.000776
v -0.321134 1.041503 -0.002206
v -0.324848 1.040151 0.000776
v -0.333320 1.037068 -0.002122
v -0.329506 1.038456 0.000680
vn 0.2257 -0.9517 -0.2081
vn 0.2677 -0.9517 0.1504
vn -0.0603 -0.9517 0.3011
vn -0.3050 -0.9517 0.0357
vn -0.1282 -0.9517 -0.2790
vn -0.6802 -0.6651 -0.3083
vn -0.8874 -0.3717 -0.2726
vn -0.8200 -0.1529 -0.5516
vn -0.5711 -0.3109 -0.7597
vn -0.4847 -0.6275 -0.6094
vn 0.4298 -0.6275 -0.6492
vn 0.0830 -0.6650 -0.7422
vn -0.0149 -0.3717 -0.9282
vn 0.2712 -0.1529 -0.9503
vn 0.5461 -0.3109 -0.7779
vn 0.7503 -0.6275 0.2081
vn 0.7315 -0.6651 -0.1504
vn 0.8782 -0.3717 -0.3011
vn 0.9876 -0.1529 -0.0357
vn 0.9086 -0.3109 0.2790
vn 0.0339 -0.6275 0.7779
vn 0.3690 -0.6650 0.6492
vn 0.5577 -0.3717 0.7422
vn 0.3391 -0.1529 0.9282
vn 0.0154 -0.3109 0.9503
vn -0.8990 -0.3110 0.3083
vn -0.7293 -0.6275 0.2726
vn -0.5034 -0.6650 0.5516
vn -0.5335 -0.3717 0.7597
vn -0.7780 -0.1529 0.6094
vn 0.0149 0.3717 -0.9282
vn -0.2712 0.1529 -0.9503
vn -0.5461 0.3109 -0.7779
vn -0.4298 0.6275 -0.6493
vn -0.0831 0.6650 -0.7422
vn 0.8874 0.3717 -0.2726
vn 0.8200 0.1529 -0.5516
vn 0.5710 0.3109 -0.7597
vn 0.4847 0.6275 -0.6094
vn 0.6802 0.6650 -0.3083
vn 0.5335 0.3717 0.7597
vn 0.7780 0.1529 0.6094
vn 0.8990 0.3110 0.3083
vn 0.7293 0.6275 0.2726
vn 0.5034 0.6650 0.5516
vn -0.5577 0.3717 0.7422
vn -0.3391 0.1529 0.9282
vn -0.0154 0.3109 0.9503
vn -0.0339 0.6275 0.7779
vn -0.3690 0.6650 0.6492
vn -0.8782 0.3717 -0.3011
vn -0.9876 0.1529 -0.0357
vn -0.9086 0.3109 0.2790
vn -0.7503 0.6275 0.2081
vn -0.7315 0.6651 -0.1504
vn 0.1282 0.9517 -0.2790
vn -0.2257 0.9517 -0.2081
vn -0.2677 0.9517 0.1504
vn 0.0603 0.9517 0.3011
vn 0.3050 0.9517 0.0357
vn 0.2637 -0.9065 -0.3296
vn 0.1818 -0.8182 -0.5455
vn -0.7426 -0.6698 -0.0000
vn -0.9051 -0.3169 -0.2834
vn -0.4155 -0.3700 -0.8309
vn -0.7494 -0.4633 -0.4730
vn -0.9224 -0.3862 -0.0000
vn -0.0000 1.0000 -0.0000
vn 0.5249 -0.8393 0.1418
vn 0.7679 -0.6286 0.1237
vn 0.7703 -0.6290 -0.1049
vn 0.7785 -0.4043 -0.4800
vn 0.5420 -0.6422 -0.5420
vn 0.1092 -0.8381 0.5345
vn 0.5031 -0.8105 0.2999
vn 0.7141 -0.3996 0.5749
vn 0.6680 -0.6935 0.2698
vn -0.0764 -0.3323 0.9401
vn -0.5983 -0.5329 0.5983
vn -0.9200 0.0815 -0.3833
vn -0.9664 -0.0876 -0.2416
vn -0.9543 0.0559 0.2936
vn -0.9914 -0.0426 0.1234
vn 0.2593 0.0935 -0.9613
vn -0.0000 -0.0713 -0.9975
vn -0.7223 0.0806 -0.6869
vn -0.5455 -0.0348 -0.8374
vn 0.9821 0.0389 -0.1841
vn 0.9344 -0.0645 -0.3504
vn 0.3169 0.1214 -0.9406
vn 0.6879 -0.0940 -0.7197
vn 0.5140 0.0428 0.8567
vn 0.6880 -0.0930 0.7198
vn 0.9886 0.0700 0.1331
vn 0.9057 -0.0843 0.4154
vn -0.7350 0.0766 0.6737
vn -0.5096 -0.0532 0.8588
vn 0.1045 0.0653 0.9924
vn -0.2415 -0.0906 0.9662
vn -0.5552 0.7200 -0.4164
vn -0.7371 0.3887 -0.5528
vn 0.0770 0.7617 -0.6434
vn 0.3002 0.3143 -0.9006
vn 0.7579 0.6524 -0.0000
vn 0.9219 0.3874 -0.0000
vn -0.0000 0.7015 0.7127
vn 0.3152 0.3862 0.8669
vn -0.5600 0.6768 0.4780
vn -0.7396 0.3813 0.5547
vn -0.2737 0.5988 -0.7527
vn -0.6181 0.7050 -0.3477
vn -0.5174 0.8459 0.1294
vn -0.7706 0.6293 -0.1011
vn 0.1588 0.9873 -0.0000
vn 0.7835 0.4710 -0.4053
vn -0.1432 0.9759 0.1648
vn -0.5924 0.7291 0.3428
vn -0.3280 0.5940 0.7346
vn -0.0000 -0.9301 -0.3674
vn -0.3880 -0.4972 -0.7761
vn -0.0000 -0.9308 0.3655
vn -0.3857 -0.5062 0.7714
vn -0.9930 -0.1183 -0.0000
vn -0.7880 0.1724 -0.5910
vn -0.4420 -0.1519 -0.8840
vn 0.3684 0.1266 -0.9210
vn 0.6925 -0.2020 -0.6925
vn 0.6930 -0.1985 0.6930
vn 0.3684 0.1266 0.9210
vn -0.4420 -0.1519 0.8840
vn -0.5401 0.2279 0.8102
vn -0.6441 0.4126 -0.6441
vn -0.0000 0.9301 -0.3674
vn -0.6414 0.4209 0.6414
vn -0.0000 0.9308 0.3655
vn 0.2677 -0.9517 0.1503
vn -0.6802 -0.6650 -0.3083
vn 0.0831 -0.6650 -0.7422
vn 0.9086 -0.3110 0.2790
vn 0.3690 -0.6650 0.6493
vn -0.4298 0.6275 -0.6492
vn 0.5711 0.3109 -0.7597
vn 0.6802 0.6651 -0.3083
vn 0.8990 0.3109 0.3083
vn 0.5034 0.6651 0.5516
vn -0.3690 0.6650 0.6493
vn -0.2677 0.9517 0.1503
vn 0.5744 -0.6641 -0.4786
vn 0.0624 -0.5703 -0.8190
vn -0.6162 -0.7811 0.1011
vn -0.9697 -0.2424 -0.0303
vn -0.2779 -0.3904 -0.8777
vn -0.0000 -0.6370 -0.7708
vn 0.9656 -0.2509 0.0688
vn 0.9156 -0.3950 0.0751
vn 0.7536 -0.6487 -0.1060
vn 0.7296 -0.3920 -0.5604
vn 0.5648 -0.6895 -0.4534
vn -0.4252 -0.9035 0.0531
vn 0.6359 -0.6271 0.4499
vn 0.7045 -0.3987 0.5871
vn 0.5568 -0.6554 0.5104
vn -0.4695 -0.3925 0.7909
vn -0.0000 -0.6870 0.7267
vn -0.9116 0.0736 -0.4044
vn 0.4157 -0.2941 -0.8606
vn -0.9175 0.0735 0.3909
vn -0.9935 -0.0360 0.1082
vn 0.2666 0.0836 -0.9602
vn -0.1017 -0.0849 -0.9912
vn -0.6217 0.0971 -0.7772
vn -0.5460 -0.0558 -0.8359
vn 0.9836 0.0713 -0.1655
vn 0.9285 -0.0865 -0.3611
vn 0.4353 0.0680 -0.8977
vn 0.7740 -0.0787 -0.6283
vn 0.5603 0.0746 0.8249
vn 0.4558 -0.1104 0.8832
vn -0.0000 0.2932 0.9561
vn 0.8794 -0.0910 0.4672
vn -0.7814 0.0814 0.6186
vn -0.3940 -0.0868 0.9150
vn 0.1017 0.0763 0.9919
vn -0.1018 -0.0769 0.9918
vn -0.6196 0.6367 -0.4590
vn -0.6727 0.3964 -0.6247
vn 0.3494 0.6418 -0.6827
vn 0.2917 0.4188 -0.8600
vn 0.9229 0.3850 -0.0000
vn -0.2457 0.6653 0.7050
vn 0.2057 0.3856 0.8994
vn -0.5647 0.6732 0.4775
vn -0.7383 0.3850 0.5537
vn -0.2694 0.5724 -0.7745
vn -0.2479 0.7863 -0.5659
vn -0.6684 0.7327 0.1276
vn -0.7526 0.6479 -0.1176
vn 0.7862 0.6128 0.0794
vn 0.5679 0.5861 -0.5780
vn -0.0000 0.9937 0.1120
vn 0.2115 0.8683 0.4488
vn -0.1774 0.8206 0.5433
vn 0.5307 -0.7090 -0.4644
vn -0.5774 -0.5774 -0.5774
vn 0.7808 -0.5231 0.3416
vn -0.6961 -0.7179 -0.0000
vn -0.9728 -0.2318 -0.0000
vn -0.8328 0.1887 -0.5205
vn -0.2146 -0.1475 -0.9655
vn 0.4022 0.1383 -0.9050
vn 0.8328 -0.1887 -0.5205
vn 0.9930 0.1183 -0.0000
vn 0.8324 -0.1906 0.5203
vn 0.4015 0.1506 0.9034
vn -0.4015 -0.1506 0.9034
vn -0.8323 0.1918 0.5202
vn -0.0000 0.7099 -0.7044
vn -0.5323 0.7069 -0.4657
vn -0.8916 0.4528 -0.0000
vn -0.5299 0.7100 0.4637
vn -0.3049 -0.9517 0.0357
vn 0.4298 -0.6275 -0.6493
vn -0.0150 -0.3717 -0.9282
vn 0.7315 -0.6650 -0.1504
vn 0.3691 -0.6650 0.6492
vn -0.8990 -0.3109 0.3083
vn 0.0150 0.3717 -0.9282
vn -0.0830 0.6650 -0.7422
vn -0.3691 0.6650 0.6492
vn -0.7315 0.6650 -0.1504
vn 0.3049 0.9517 0.0357
vn 0.3074 -0.8336 -0.4590
vn -0.0677 -0.6084 -0.7907
vn 0.3549 -0.9283 0.1110
vn -0.6569 -0.5161 -0.5497
vn -0.0000 -0.6635 -0.7482
vn -0.0000 -0.7485 0.6632
vn -0.0000 -0.9855 0.1695
vn -0.0000 -0.9785 -0.2061
vn 0.7539 -0.3796 -0.5362
vn 0.5886 -0.6996 -0.4051
vn -0.0000 -0.6163 0.7875
vn -0.0000 -0.8770 0.4805
vn 0.7596 -0.3719 0.5336
vn 0.5698 -0.6707 0.4748
vn -0.4810 -0.3399 0.8081
vn -0.5998 -0.5295 0.5998
vn -0.8819 0.0896 -0.4628
vn -0.9878 -0.0598 -0.1440
vn -0.8892 0.0870 0.4491
vn -0.9840 -0.0468 0.1717
vn -0.0000 0.1056 -0.9944
vn -0.1013 -0.0627 -0.9929
vn -0.1836 -0.0527 -0.9816
vn 0.8657 0.1546 -0.4761
vn 0.8967 -0.0746 -0.4363
vn 0.5436 0.0453 -0.8381
vn 0.4691 -0.0806 -0.8795
vn 0.3964 0.0496 0.9167
vn 0.7643 -0.0818 0.6396
vn 0.9962 0.0255 0.0830
vn 0.8680 -0.0899 0.4883
vn -0.7013 0.0712 0.7093
vn -0.3950 -0.0987 0.9134
vn 0.1377 0.1007 0.9853
vn -0.0000 -0.0859 0.9963
vn -0.5896 0.6622 -0.4625
vn -0.7435 0.3789 -0.5511
vn -0.1999 0.6488 -0.7343
vn 0.2221 0.3978 -0.8902
vn -0.0000 0.7071 0.7071
vn 0.2117 0.3780 0.9013
vn -0.5590 0.6764 0.4795
vn -0.6711 0.4015 0.6232
vn 0.0911 0.8217 -0.5626
vn -0.0221 0.9453 -0.3255
vn -0.0000 0.9855 0.1695
vn -0.0000 0.9785 -0.2061
vn 0.8546 0.5157 0.0616
vn -0.7415 0.4558 -0.4923
vn -0.8849 0.4620 0.0593
vn -0.0000 0.9461 0.3239
vn 0.0442 0.5885 0.8073
vn 0.6060 -0.7623 -0.2273
vn -0.7551 -0.3304 -0.5663
vn 0.6039 -0.7643 0.2264
vn -0.6441 -0.4126 0.6441
vn -0.5696 0.2492 -0.7832
vn -0.2143 -0.1541 -0.9645
vn 0.2141 0.1606 -0.9635
vn 0.7207 -0.2102 -0.6606
vn 0.8112 -0.1759 0.5577
vn 0.2146 0.1475 0.9655
vn -0.2143 -0.1541 0.9645
vn -0.5696 0.2492 0.7832
vn -0.0000 0.5171 -0.8559
vn -0.6082 0.7603 -0.2281
vn 0.6441 0.4126 0.6441
vn -0.8346 0.5281 0.1565
vn 0.4846 0.6275 -0.6094
vn 0.5450 -0.7265 -0.4186
vn 0.2174 -0.5417 -0.8120
vn -0.2276 -0.9616 0.1531
vn -0.0000 -0.9869 -0.1611
vn -0.0946 -0.4251 -0.9002
vn 0.8683 -0.3666 -0.3341
vn -0.9224 -0.3864 -0.0000
vn -0.1695 -0.9712 0.1677
vn 0.4768 -0.8663 0.1490
vn 0.7360 -0.6679 -0.1106
vn 0.7225 -0.4027 -0.5620
vn 0.5979 -0.6570 -0.4592
vn 0.2696 -0.5224 0.8089
vn 0.5361 -0.7875 0.3041
vn 0.7229 -0.4016 0.5623
vn 0.5420 -0.6335 0.5522
vn -0.4461 -0.3818 0.8094
vn -0.0000 -0.7071 0.7071
vn -0.8787 0.0366 -0.4760
vn -0.9790 -0.0887 -0.1836
vn -0.9394 0.0647 0.3366
vn -0.9504 -0.1755 0.2569
vn 0.2443 0.1069 -0.9638
vn -0.1028 -0.0646 -0.9926
vn -0.7839 0.0204 -0.6206
vn -0.6254 -0.0968 -0.7743
vn 0.9459 0.2222 -0.2365
vn 0.9534 -0.0484 -0.2979
vn 0.4846 0.0969 -0.8693
vn 0.7016 -0.0269 -0.7120
vn 0.4444 0.1111 0.8889
vn 0.7510 -0.0645 0.6571
vn 0.9009 0.1585 0.4041
vn 0.9059 -0.0337 0.4222
vn -0.6639 0.0363 0.7469
vn -0.3862 -0.0966 0.9173
vn 0.0993 0.0621 0.9931
vn -0.2408 -0.1204 0.9631
vn -0.6866 0.6278 -0.3668
vn -0.7412 0.3764 -0.5559
vn -0.8695 0.2344 -0.4348
vn 0.3402 0.4013 -0.8504
vn 0.7581 0.6522 -0.0000
vn 0.9223 0.3864 -0.0000
vn -0.0000 0.7332 0.6800
vn 0.3678 0.3695 0.8534
vn -0.4659 0.6661 0.5824
vn -0.7379 0.4216 0.5270
vn -0.2793 0.5761 -0.7682
vn -0.3937 0.8622 -0.3187
vn -0.7353 0.6680 0.1149
vn -0.4777 0.8670 -0.1418
vn 0.7154 0.6901 0.1098
vn 0.7093 0.4745 -0.5212
vn -0.6886 0.7145 0.1234
vn -0.5338 0.7470 0.3963
vn -0.2225 0.5470 0.8070
vn -0.0000 -0.9422 -0.3350
vn -0.6304 -0.4531 -0.6304
vn -0.0000 -0.9428 0.3334
vn -0.6304 -0.4531 0.6304
vn -0.8433 0.1054 -0.5270
vn -0.4418 -0.1553 -0.8836
vn 0.5449 0.1873 -0.8173
vn 0.7620 -0.1270 -0.6350
vn 0.9728 0.2318 -0.0000
vn 0.7620 -0.1270 0.6350
vn 0.5449 0.1873 0.8173
vn -0.4415 -0.1587 0.8831
vn -0.6172 0.1543 0.7715
vn -0.8515 0.3060 -0.4258
vn -0.0000 0.9422 -0.3350
vn -0.8515 0.3060 0.4258
vn -0.0000 0.9427 0.3338
vn -0.3392 0.1529 0.9282
vn -0.0000 -0.8611 -0.5085
vn -0.0000 -0.8214 -0.5704
vn 0.8313 -0.5489 0.0873
vn 0.4405 -0.7861 -0.4336
vn -0.3085 -0.4037 -0.8613
vn -0.2990 -0.5933 -0.7474
vn -0.9219 -0.3874 -0.0000
vn 0.1650 -0.9827 0.0839
vn 0.3723 -0.9109 0.1781
vn -0.0000 -0.9812 -0.1931
vn 0.7327 -0.3812 -0.5638
vn 0.5630 -0.6238 -0.5422
vn -0.0000 -0.8281 0.5606
vn 0.2680 -0.8352 0.4802
vn 0.7225 -0.4027 0.5620
vn 0.6061 -0.6851 0.4041
vn -0.1783 -0.4201 0.8898
vn -0.0000 -0.6247 0.7809
vn -0.8923 0.0890 -0.4426
vn -0.9706 -0.1260 -0.2050
vn -0.8817 0.0843 0.4642
vn -0.9774 -0.1097 0.1805
vn 0.1556 0.0648 -0.9857
vn -0.1231 -0.1231 -0.9847
vn -0.7430 0.0279 -0.6687
vn -0.5400 -0.1044 -0.8351
vn 0.9782 0.0864 -0.1886
vn 0.9346 -0.0608 -0.3505
vn 0.4041 0.1010 -0.9091
vn 0.7138 -0.0302 -0.6997
vn 0.4889 0.1051 0.8660
vn 0.7323 -0.0273 0.6804
vn 0.9150 0.2124 0.3431
vn -0.6640 0.0311 0.7470
vn -0.3685 -0.1162 0.9223
vn 0.0615 0.1135 0.9916
vn -0.1232 -0.1155 0.9856
vn -0.6186 0.5929 -0.5155
vn -0.7420 0.3739 -0.5565
vn 0.0453 0.7036 -0.7091
vn 0.1942 0.3901 -0.9001
vn 0.8079 0.4292 0.4039
vn 0.4181 0.3607 0.8337
vn -0.6519 0.6214 0.4346
vn -0.7807 0.3904 0.4880
vn -0.0000 0.8240 -0.5665
vn -0.6095 0.6952 -0.3810
vn -0.5103 0.8449 0.1607
vn -0.4764 0.8645 -0.1600
vn -0.9169 0.3979 0.0317
vn 0.8904 0.3962 -0.2243
vn 0.8725 0.4226 0.2454
vn -0.4851 0.7713 0.4120
vn 0.1826 0.8119 0.5545
vn 0.5315 -0.7474 -0.3986
vn -0.0000 -0.8209 -0.5711
vn 0.7807 -0.5520 0.2928
vn -0.0000 -0.8209 0.5711
vn -0.9531 -0.3028 -0.0000
vn -0.7620 0.1270 -0.6350
vn -0.3463 -0.1659 -0.9234
vn 0.3877 0.1777 -0.9045
vn 0.7616 -0.1309 -0.6347
vn 0.7619 -0.1280 0.6349
vn 0.3877 0.1777 0.9045
vn -0.3463 -0.1659 0.9234
vn -0.7618 0.1290 0.6348
vn -0.0000 0.8209 -0.5711
vn -0.5315 0.7474 -0.3986
vn -0.0000 0.8209 0.5711
vn -0.5298 0.7492 0.3974
vn 0.1606 -0.9562 -0.2448
vn -0.2059 -0.9777 -0.0412
vn -0.5271 -0.8433 0.1045
vn 0.1881 -0.9772 -0.0987
vn -0.3199 -0.3815 -0.8672
vn -0.3544 -0.6286 -0.6923
vn -0.0000 -0.8954 0.4453
vn 0.7595 -0.6392 0.1207
vn 0.7690 -0.6280 -0.1192
vn 0.7245 -0.3920 -0.5670
vn 0.5639 -0.6925 -0.4500
vn 0.1373 -0.9346 0.3281
vn 0.3760 -0.8184 0.4346
vn 0.7389 -0.3833 0.5542
vn 0.6449 -0.6410 0.4162
vn -0.4054 -0.3673 0.8371
vn 0.0347 -0.7137 0.6996
vn -0.9047 0.0890 -0.4167
vn -0.9557 -0.0981 -0.2774
vn -0.8781 0.0933 0.4692
vn -0.9855 -0.0708 0.1540
vn 0.1022 0.0764 -0.9918
vn -0.1524 -0.0699 -0.9858
vn -0.5950 0.0693 -0.8007
vn -0.4375 -0.0875 -0.8949
vn 0.9797 0.0869 -0.1807
vn 0.9336 -0.0759 -0.3501
vn 0.5088 0.0636 -0.8586
vn 0.7655 -0.0550 -0.6411
vn 0.4596 0.0913 0.8834
vn 0.5811 -0.0666 0.8111
vn -0.0000 0.3288 0.9444
vn 0.8952 -0.0853 0.4374
vn -0.7458 0.0548 0.6639
vn -0.4375 -0.0875 0.8949
vn 0.1025 0.0698 0.9923
vn -0.1365 -0.0952 0.9861
vn -0.6303 0.6520 -0.4215
vn -0.7160 0.3993 -0.5726
vn 0.1201 0.6644 -0.7377
vn 0.3540 0.3759 -0.8564
vn 0.3199 0.6361 0.7022
vn 0.1894 0.3936 0.8996
vn -0.6311 0.6508 0.4221
vn -0.7332 0.3838 0.5614
vn 0.0365 0.9398 -0.3397
vn -0.3607 0.8200 -0.4445
vn -0.5149 0.8423 0.1597
vn -0.5155 0.8419 -0.1599
vn 0.5384 0.8358 0.1077
vn -0.1585 0.9827 -0.0953
vn 0.1838 0.9748 0.1263
vn 0.0385 0.9694 0.2424
vn -0.0281 0.9986 0.0446
vn 0.3403 -0.8588 -0.3829
vn 0.7295 -0.6839 -0.0000
vn 0.3365 -0.8623 0.3785
vn 0.6172 -0.7715 0.1543
vn -0.9876 -0.1569 -0.0000
vn -0.8417 0.1874 -0.5063
vn -0.3090 -0.2124 -0.9270
vn 0.1604 0.2205 -0.9621
vn 0.7636 -0.2267 -0.6045
vn 0.8109 -0.1991 0.5503
vn 0.1604 0.2205 0.9621
vn -0.3090 -0.2124 0.9270
vn -0.8432 0.1779 0.5073
vn -0.3403 0.8588 -0.3829
vn -0.0000 0.9806 0.1961
vn -0.3365 0.8623 0.3785
vn -0.5710 -0.3109 -0.7597
vn 0.3392 -0.1529 0.9282
vn -0.7315 0.6650 -0.1503
vn 0.1837 -0.9521 -0.2446
vn 0.0400 -0.9992 -0.0000
vn 0.4628 -0.8624 0.2051
vn -0.0000 -0.9864 -0.1644
vn -0.3592 -0.4302 -0.8282
vn -0.0478 -0.6102 -0.7908
vn -0.2827 -0.9456 0.1608
vn 0.7151 -0.6871 0.1289
vn 0.4958 -0.8546 -0.1546
vn 0.7414 -0.3865 -0.5486
vn 0.5664 -0.6756 -0.4720
vn 0.1080 -0.9290 0.3539
vn -0.0000 -0.9605 0.2784
vn 0.7287 -0.3515 0.5877
vn 0.5692 -0.6715 0.4744
vn -0.2804 -0.4622 0.8412
vn -0.8915 0.0813 -0.4457
vn -0.9790 -0.0889 -0.1836
vn -0.9062 0.0791 0.4154
vn -0.9940 -0.0896 0.0621
vn 0.1047 0.0657 -0.9923
vn -0.1479 -0.0740 -0.9862
vn -0.5721 0.1252 -0.8105
vn -0.5568 -0.1006 -0.8245
vn 0.9673 0.0765 -0.2418
vn 0.8913 -0.0836 -0.4456
vn 0.3845 0.0807 -0.9196
vn 0.6626 -0.0725 -0.7454
vn 0.4460 0.0760 0.8918
vn 0.6425 -0.1095 0.7584
vn 0.9675 0.0742 0.2419
vn 0.8906 -0.0922 0.4453
vn -0.6606 0.1058 0.7432
vn -0.4124 -0.0825 0.9073
vn 0.1235 0.0926 0.9880
vn -0.1433 -0.1097 0.9836
vn -0.6630 0.6043 -0.4420
vn -0.7379 0.3863 -0.5534
vn 0.0354 0.7045 -0.7088
vn 0.4664 0.3782 -0.7996
vn 0.1910 0.6934 0.6947
vn 0.2601 0.4107 0.8739
vn -0.5752 0.7114 0.4038
vn -0.7002 0.3665 0.6127
vn -0.0000 0.9984 -0.0570
vn -0.3323 0.8225 -0.4617
vn -0.5636 0.8096 0.1641
vn -0.4747 0.8614 -0.1809
vn -0.7660 0.6374 0.0830
vn -0.8001 0.5952 -0.0755
vn -0.9662 0.2488 0.0674
vn -0.0601 0.9600 0.2735
vn -0.0000 0.9353 0.3539
vn 0.5630 -0.7478 -0.3519
vn -0.0000 -1.0000 -0.0000
vn 0.5771 -0.7327 0.3607
vn -0.0000 -0.9345 0.3560
vn -0.9027 -0.4302 -0.0000
vn -0.7783 0.2311 -0.5838
vn -0.1604 -0.2205 -0.9621
vn 0.3077 0.2308 -0.9231
vn 0.8545 -0.1969 -0.4807
vn 0.8546 -0.1961 0.4807
vn 0.3063 0.2489 0.9188
vn -0.1604 -0.2205 0.9621
vn -0.8567 0.1841 0.4819
vn -0.0000 0.9410 -0.3383
vn -0.6854 0.6425 0.3427
vn -0.6028 0.7652 0.2260
vn -0.9442 0.1665 0.2842
vn -0.9442 0.1665 -0.2842
vn -0.5652 0.0997 -0.8189
vn -0.0195 0.0034 -0.9998
vn 0.5989 -0.1056 -0.7938
vn 0.9300 -0.1640 -0.3288
vn 0.9300 -0.1640 0.3288
vn 0.5989 -0.1056 0.7938
vn -0.0195 0.0034 0.9998
vn -0.5652 0.0997 0.8189
vn -0.8303 0.4794 0.2841
vn -0.8303 0.4794 -0.2841
vn -0.4970 0.2870 -0.8189
vn -0.0171 0.0099 -0.9998
vn 0.5267 -0.3041 -0.7938
vn 0.8179 -0.4722 -0.3288
vn 0.8179 -0.4722 0.3288
vn 0.5267 -0.3041 0.7938
vn -0.0171 0.0099 0.9998
vn -0.4970 0.2870 0.8189
vn -0.6163 0.7345 0.2842
vn -0.6163 0.7345 -0.2842
vn -0.3689 0.4397 -0.8189
vn -0.0127 0.0151 -0.9998
vn 0.3909 -0.4659 -0.7938
vn 0.6070 -0.7235 -0.3288
vn 0.6070 -0.7235 0.3288
vn 0.3909 -0.4659 0.7938
vn -0.0127 0.0151 0.9998
vn -0.3689 0.4397 0.8189
vn -0.3279 0.9010 0.2841
vn -0.3279 0.9010 -0.2841
vn -0.1963 0.5393 -0.8189
vn -0.0068 0.0186 -0.9998
vn 0.2080 -0.5715 -0.7938
vn 0.3230 -0.8874 -0.3288
vn 0.3230 -0.8874 0.3288
vn 0.2080 -0.5715 0.7938
vn -0.0068 0.0186 0.9998
vn -0.1963 0.5393 0.8189
vn -0.0000 0.9588 0.2842
vn -0.0000 0.9588 -0.2842
vn -0.0000 0.5739 -0.8189
vn -0.0000 0.0198 -0.9998
vn -0.0000 -0.6082 -0.7938
vn -0.0000 -0.9444 -0.3288
vn -0.0000 -0.9444 0.3288
vn -0.0000 -0.6082 0.7938
vn -0.0000 0.0198 0.9998
vn -0.0000 0.5739 0.8189
vn 0.3279 0.9010 0.2842
vn 0.3279 0.9010 -0.2842
vn 0.1963 0.5393 -0.8189
vn 0.0068 0.0186 -0.9998
vn -0.2080 -0.5715 -0.7938
vn -0.3230 -0.8874 -0.3288
vn -0.3230 -0.8874 0.3288
vn -0.2080 -0.5715 0.7938
vn 0.0068 0.0186 0.9998
vn 0.1963 0.5393 0.8189
vn 0.6163 0.7345 0.2841
vn 0.6163 0.7345 -0.2841
vn 0.3689 0.4397 -0.8189
vn 0.0127 0.0151 -0.9998
vn -0.3909 -0.4659 -0.7938
vn -0.6070 -0.7235 -0.3288
vn -0.6070 -0.7235 0.3288
vn -0.3909 -0.4659 0.7938
vn 0.0127 0.0151 0.9998
vn 0.3689 0.4397 0.8189
vn 0.8303 0.4794 0.2842
vn 0.8303 0.4794 -0.2842
vn 0.4970 0.2870 -0.8189
vn 0.0171 0.0099 -0.9998
vn -0.5267 -0.3041 -0.7938
vn -0.8179 -0.4722 -0.3288
vn -0.8179 -0.4722 0.3288
vn -0.5267 -0.3041 0.7938
vn 0.0171 0.0099 0.9998
vn 0.4970 0.2870 0.8189
vn 0.9442 0.1665 0.2841
vn 0.9442 0.1665 -0.2842
vn 0.5652 0.0997 -0.8189
vn 0.0195 0.0034 -0.9998
vn -0.5989 -0.1056 -0.7938
vn -0.9300 -0.1640 -0.3288
vn -0.9300 -0.1640 0.3288
vn -0.5989 -0.1056 0.7938
vn 0.0195 0.0034 0.9998
vn 0.5652 0.0997 0.8189
vn 0.9442 -0.1665 0.2842
vn 0.9442 -0.1665 -0.2842
vn 0.5652 -0.0997 -0.8189
vn 0.0195 -0.0034 -0.9998
vn -0.5989 0.1056 -0.7938
vn -0.9300 0.1640 -0.3288
vn -0.9300 0.1640 0.3288
vn -0.5989 0.1056 0.7938
vn 0.0195 -0.0034 0.9998
vn 0.5652 -0.0997 0.8189
vn 0.8303 -0.4794 0.2842
vn 0.8303 -0.4794 -0.2842
vn 0.4970 -0.2870 -0.8189
vn 0.0171 -0.0099 -0.9998
vn -0.5267 0.3041 -0.7938
vn -0.8179 0.4722 -0.3288
vn -0.8179 0.4722 0.3288
vn -0.5267 0.3041 0.7938
vn 0.0171 -0.0099 0.9998
vn 0.4970 -0.2870 0.8189
vn 0.6163 -0.7345 0.2842
vn 0.6163 -0.7345 -0.2842
vn 0.3689 -0.4396 -0.8189
vn 0.0127 -0.0151 -0.9998
vn -0.3909 0.4659 -0.7938
vn -0.6070 0.7234 -0.3288
vn -0.6070 0.7234 0.3288
vn -0.3909 0.4659 0.7938
vn 0.0127 -0.0151 0.9998
vn 0.3689 -0.4396 0.8189
vn 0.3279 -0.9010 0.2842
vn 0.3279 -0.9010 -0.2842
vn 0.1963 -0.5393 -0.8189
vn 0.0068 -0.0186 -0.9998
vn -0.2080 0.5715 -0.7938
vn -0.3230 0.8874 -0.3288
vn -0.3230 0.8874 0.3288
vn -0.2080 0.5715 0.7938
vn 0.0068 -0.0186 0.9998
vn 0.1963 -0.5393 0.8189
vn -0.0000 -0.9588 0.2842
vn -0.0000 -0.9588 -0.2842
vn -0.0000 -0.5739 -0.8189
vn -0.0000 -0.0198 -0.9998
vn -0.0000 0.6081 -0.7938
vn -0.0000 0.9444 -0.3288
vn -0.0000 0.9444 0.3288
vn -0.0000 0.6081 0.7938
vn -0.0000 -0.0198 0.9998
vn -0.0000 -0.5739 0.8189
vn -0.3279 -0.9010 0.2842
vn -0.3279 -0.9010 -0.2842
vn -0.1963 -0.5393 -0.8189
vn -0.0068 -0.0186 -0.9998
vn 0.2080 0.5715 -0.7938
vn 0.3230 0.8874 -0.3288
vn 0.3230 0.8874 0.3288
vn 0.2080 0.5715 0.7938
vn -0.0068 -0.0186 0.9998
vn -0.1963 -0.5393 0.8189
vn -0.6163 -0.7345 0.2842
vn -0.6163 -0.7345 -0.2842
vn -0.3689 -0.4396 -0.8189
vn -0.0127 -0.0151 -0.9998
vn 0.3909 0.4659 -0.7938
vn 0.6070 0.7234 -0.3288
vn 0.6070 0.7234 0.3288
vn 0.3909 0.4659 0.7938
vn -0.0127 -0.0151 0.9998
vn -0.3689 -0.4396 0.8189
vn -0.8303 -0.4794 0.2842
vn -0.8303 -0.4794 -0.2841
vn -0.4970 -0.2870 -0.8189
vn -0.0171 -0.0099 -0.9998
vn 0.5267 0.3041 -0.7938
vn 0.8179 0.4722 -0.3288
vn 0.8179 0.4722 0.3288
vn 0.5267 0.3041 0.7938
vn -0.0171 -0.0099 0.9998
vn -0.4970 -0.2870 0.8189
vn -0.9442 -0.1665 -0.2841
vn -0.9442 -0.1665 0.2842
vn -0.0195 -0.0034 -0.9998
vn -0.5652 -0.0997 -0.8189
vn 0.9300 0.1640 -0.3288
vn 0.5989 0.1056 -0.7938
vn 0.5989 0.1056 0.7938
vn 0.9300 0.1640 0.3288
vn -0.5652 -0.0997 0.8189
vn -0.0195 -0.0034 0.9998
vn -0.8010 -0.1412 -0.5818
vn -0.8010 0.1412 -0.5818
vn -0.8010 0.1412 0.5817
vn -0.8009 -0.1412 0.5819
vn 0.9910 -0.1341 -0.0000
vn 0.1428 0.0232 -0.9895
vn 0.9848 -0.1736 -0.0000
vn 0.9848 0.1736 -0.0000
vn 0.9852 -0.1715 -0.0000
vn 0.1428 0.0251 0.9894
vn -0.7041 0.4065 0.5822
vn -0.7040 0.4065 -0.5823
vn 0.8515 -0.5243 -0.0000
vn 0.8660 -0.5000 -0.0000
vn 0.8638 -0.5039 -0.0000
vn -0.5226 0.6229 0.5822
vn -0.5226 0.6228 -0.5822
vn 0.6706 -0.7418 -0.0000
vn 0.6428 -0.7660 -0.0000
vn 0.6426 -0.7662 -0.0000
vn -0.2780 0.7639 0.5824
vn -0.2780 0.7639 -0.5823
vn 0.0300 -0.0779 -0.9965
vn 0.3420 -0.9397 -0.0000
vn 0.0312 -0.0856 0.9958
vn -0.0000 0.8129 0.5825
vn -0.0000 0.8128 -0.5825
vn 0.2780 0.7639 0.5823
vn 0.2780 0.7639 -0.5823
vn -0.3420 -0.9397 -0.0000
vn -0.3054 -0.9522 -0.0000
vn 0.5226 0.6228 0.5823
vn 0.5225 0.6227 -0.5824
vn -0.0301 -0.0499 -0.9983
vn -0.6428 -0.7660 -0.0000
vn -0.0226 -0.0265 0.9994
vn 0.7044 0.4067 0.5817
vn 0.7045 0.4067 -0.5816
vn -0.8897 -0.4565 -0.0000
vn -0.8660 -0.5000 -0.0000
vn -0.8661 -0.4999 -0.0000
vn 0.8009 0.1412 0.5819
vn 0.8010 0.1412 -0.5817
vn -0.9848 -0.1736 -0.0000
vn -0.9860 -0.1668 -0.0000
vn 0.8013 -0.1413 0.5813
vn 0.8013 -0.1413 -0.5813
vn -0.9841 0.1776 -0.0000
vn -0.9848 0.1736 -0.0000
vn -0.9845 0.1757 -0.0000
vn 0.7043 -0.4066 0.5819
vn 0.7043 -0.4066 -0.5819
vn 0.0507 -0.0312 0.9982
vn -0.8660 0.5000 -0.0000
vn 0.0254 -0.0156 -0.9996
vn 0.5228 -0.6230 0.5819
vn 0.5228 -0.6230 -0.5818
vn -0.6706 0.7418 -0.0000
vn -0.6428 0.7660 -0.0000
vn -0.6356 0.7720 -0.0000
vn 0.2782 -0.7642 0.5819
vn 0.2782 -0.7642 -0.5819
vn -0.0114 0.0357 -0.9993
vn -0.3420 0.9397 -0.0000
vn -0.0172 0.0468 0.9988
vn -0.0000 -0.8132 0.5820
vn -0.0000 -0.8132 -0.5820
vn -0.2780 -0.7639 0.5824
vn -0.2780 -0.7639 -0.5824
vn 0.0566 0.1412 -0.9884
vn 0.3420 0.9397 -0.0000
vn 0.0635 0.1745 0.9826
vn -0.5228 -0.6231 0.5818
vn -0.5227 -0.6229 -0.5820
vn 0.0747 0.1033 -0.9918
vn 0.6428 0.7660 -0.0000
vn 0.1617 0.1905 0.9683
vn -0.7044 -0.4067 0.5817
vn -0.7044 -0.4067 -0.5818
vn 0.8515 0.5243 -0.0000
vn 0.8660 0.5000 -0.0000
vn 0.8674 0.4976 -0.0000
vn 0.2677 -0.9517 -0.1504
vn 0.2257 -0.9517 0.2081
vn -0.1282 -0.9517 0.2790
vn -0.3050 -0.9517 -0.0357
vn -0.0603 -0.9517 -0.3011
vn -0.7293 -0.6275 -0.2726
vn -0.8990 -0.3110 -0.3083
vn -0.7780 -0.1529 -0.6094
vn -0.5335 -0.3717 -0.7597
vn -0.5034 -0.6650 -0.5516
vn 0.3690 -0.6650 -0.6492
vn 0.0339 -0.6275 -0.7779
vn 0.0154 -0.3109 -0.9503
vn 0.3392 -0.1529 -0.9282
vn 0.5577 -0.3717 -0.7422
vn 0.7315 -0.6650 0.1504
vn 0.7503 -0.6275 -0.2081
vn 0.9086 -0.3109 -0.2790
vn 0.9876 -0.1529 0.0357
vn 0.8782 -0.3717 0.3011
vn 0.0830 -0.6650 0.7422
vn 0.4298 -0.6275 0.6492
vn 0.5461 -0.3109 0.7779
vn 0.2712 -0.1529 0.9503
vn -0.0150 -0.3717 0.9282
vn -0.8874 -0.3717 0.2726
vn -0.6802 -0.6651 0.3083
vn -0.4847 -0.6275 0.6094
vn -0.5711 -0.3109 0.7597
vn -0.8200 -0.1529 0.5516
vn -0.0154 0.3109 -0.9503
vn -0.3391 0.1529 -0.9282
vn -0.5577 0.3717 -0.7422
vn -0.3690 0.6650 -0.6492
vn -0.0339 0.6275 -0.7779
vn 0.8990 0.3110 -0.3083
vn 0.7780 0.1529 -0.6094
vn 0.5335 0.3717 -0.7597
vn 0.5034 0.6650 -0.5516
vn 0.7293 0.6275 -0.2726
vn 0.5710 0.3109 0.7597
vn 0.8200 0.1529 0.5516
vn 0.8874 0.3717 0.2726
vn 0.6802 0.6650 0.3083
vn 0.4847 0.6275 0.6094
vn -0.5461 0.3109 0.7779
vn -0.2712 0.1529 0.9503
vn 0.0149 0.3717 0.9282
vn -0.0830 0.6650 0.7422
vn -0.4298 0.6275 0.6493
vn -0.9086 0.3109 -0.2790
vn -0.9876 0.1529 0.0357
vn -0.8782 0.3717 0.3011
vn -0.7315 0.6651 0.1504
vn -0.7503 0.6275 -0.2081
vn 0.0603 0.9517 -0.3011
vn -0.2677 0.9517 -0.1504
vn -0.2257 0.9517 0.2081
vn 0.1282 0.9517 0.2790
vn 0.3050 0.9517 -0.0357
vn 0.4520 -0.7927 -0.4090
vn 0.0901 -0.6223 -0.7775
vn -0.0250 -0.3298 -0.9437
vn -0.9221 -0.3871 -0.0000
vn -0.7578 -0.6525 -0.0000
vn -0.9237 -0.2815 0.2598
vn -0.0000 -0.9822 0.1877
vn 0.7680 -0.6267 -0.1320
vn 0.6935 -0.3598 -0.6242
vn 0.6933 -0.6724 -0.2592
vn 0.2709 -0.6096 0.7450
vn 0.3590 -0.8303 0.4263
vn 0.7244 -0.3735 0.5795
vn 0.5425 -0.6414 0.5425
vn -0.4155 -0.3700 0.8309
vn 0.2830 -0.6754 0.6810
vn -0.9378 0.0641 -0.3413
vn -0.9901 -0.0473 -0.1322
vn -0.9202 0.0791 0.3834
vn -0.9664 -0.0873 0.2416
vn 0.1044 0.0718 -0.9919
vn -0.2415 -0.0906 -0.9662
vn -0.7349 0.0785 -0.6736
vn -0.4441 -0.1180 -0.8882
vn 0.9817 0.0889 -0.1684
vn 0.9317 -0.0738 -0.3556
vn 0.5141 0.0375 -0.8569
vn 0.7742 -0.0696 -0.6291
vn 0.4862 0.1104 0.8669
vn 0.7744 -0.0665 0.6292
vn 0.9822 0.0374 0.1842
vn 0.8679 -0.0915 0.4882
vn -0.7223 0.0791 0.6870
vn -0.5126 -0.0854 0.8544
vn 0.1329 0.1023 0.9858
vn -0.1079 -0.0657 0.9920
vn -0.5710 0.6717 -0.4720
vn -0.7096 0.3830 -0.5915
vn -0.0000 0.6987 -0.7154
vn 0.3007 0.3878 -0.8713
vn 0.9224 0.3862 -0.0000
vn 0.4621 0.6774 0.5723
vn 0.2998 0.3185 0.8993
vn -0.5587 0.7158 0.4190
vn -0.7046 0.3843 0.5966
vn -0.0523 0.8488 -0.5261
vn -0.3965 0.8648 -0.3082
vn -0.7429 0.6499 0.1606
vn -0.0000 0.9746 -0.2239
vn -0.0000 0.9701 -0.2425
vn 0.7697 0.4691 0.4330
vn -0.4739 0.8293 0.2962
vn -0.0000 0.8595 0.5111
vn 0.2677 -0.9517 -0.1503
vn 0.3690 -0.6650 -0.6493
vn 0.7315 -0.6651 0.1504
vn 0.9086 -0.3110 -0.2790
vn 0.8782 -0.3717 0.3010
vn -0.0149 -0.3717 0.9282
vn -0.6802 -0.6650 0.3083
vn -0.5710 -0.3109 0.7597
vn -0.3392 0.1529 -0.9282
vn -0.3690 0.6650 -0.6493
vn 0.8990 0.3109 -0.3083
vn 0.5711 0.3109 0.7597
vn 0.6802 0.6651 0.3083
vn 0.0150 0.3717 0.9282
vn -0.4298 0.6275 0.6492
vn -0.2677 0.9517 -0.1503
vn 0.1614 -0.8599 -0.4842
vn -0.3620 -0.6754 -0.6425
vn -0.2359 -0.4018 -0.8848
vn -0.8560 -0.4339 -0.2811
vn -0.9230 -0.3847 -0.0000
vn -0.7605 -0.6493 -0.0000
vn -0.0000 -0.9984 0.0562
vn -0.0000 -0.9906 -0.1369
vn 0.1498 -0.9744 0.1676
vn 0.7508 -0.6472 -0.1318
vn 0.7402 -0.3794 -0.5552
vn 0.6653 -0.5900 -0.4574
vn 0.1660 -0.8226 0.5438
vn -0.0000 -0.8797 0.4755
vn 0.7260 -0.3935 0.5640
vn 0.6706 -0.6192 0.4085
vn -0.2239 -0.3840 0.8958
vn -0.8174 -0.4119 0.4027
vn -0.9044 0.1013 -0.4145
vn -0.9946 -0.0449 -0.0932
vn -0.9046 0.0989 0.4146
vn -0.9233 -0.1662 0.3462
vn 0.1016 0.0889 -0.9908
vn -0.1361 -0.0851 -0.9870
vn -0.8259 0.0663 -0.5599
vn -0.2160 -0.0945 -0.9718
vn 0.9407 -0.0637 -0.3332
vn 0.4839 0.0830 -0.8712
vn 0.7160 -0.0783 -0.6937
vn 0.4346 0.0883 0.8963
vn 0.7740 -0.0778 0.6283
vn 0.9849 0.0683 0.1592
vn 0.9245 -0.0862 0.3712
vn -0.6183 0.0943 0.7803
vn -0.6425 -0.0703 0.7630
vn 0.2665 0.0901 0.9596
vn -0.1360 -0.0935 0.9863
vn -0.7012 0.6208 -0.3506
vn -0.7935 0.3755 -0.4788
vn -0.0000 0.7071 -0.7071
vn -0.0000 0.3741 -0.9274
vn 0.8814 0.3374 0.3305
vn 0.3698 0.4132 0.8322
vn -0.6706 0.5920 0.4471
vn -0.7202 0.3896 0.5741
vn -0.1343 0.8235 -0.5513
vn -0.0000 0.9772 0.2123
vn -0.0000 0.9789 -0.2041
vn -0.0000 0.9923 -0.1240
vn 0.9320 0.3591 0.0492
vn -0.0000 0.9906 -0.1369
vn -0.5744 0.6641 0.4786
vn 0.2861 0.9578 0.0281
vn -0.3049 -0.9517 -0.0357
vn -0.8990 -0.3109 -0.3083
vn 0.3391 -0.1529 -0.9282
vn 0.4298 -0.6275 0.6493
vn -0.7315 0.6650 0.1504
vn 0.3049 0.9517 -0.0357
vn -0.0000 -0.9461 -0.3239
vn -0.1807 -0.8131 -0.5534
vn -0.0000 -0.9923 -0.1240
vn -0.1769 -0.3845 -0.9060
vn -0.5180 -0.6096 -0.6000
vn 0.8465 -0.5281 0.0677
vn -0.9332 -0.3568 -0.0437
vn 0.1779 -0.9634 0.2004
vn 0.7698 -0.6286 -0.1103
vn 0.7396 -0.3813 -0.5547
vn 0.6756 -0.6044 -0.4223
vn 0.0464 -0.8320 0.5528
vn 0.1518 -0.9360 0.3177
vn 0.7392 -0.3823 0.5544
vn 0.7002 -0.6169 0.3595
vn -0.2226 -0.3966 0.8906
vn 0.6917 -0.5098 0.5114
vn -0.8918 0.0766 -0.4459
vn -0.9798 -0.0542 -0.1926
vn -0.8917 0.0778 0.4459
vn -0.9878 -0.0593 0.1441
vn 0.2056 0.0642 -0.9765
vn -0.0000 -0.1029 -0.9947
vn -0.7015 0.0680 -0.7094
vn -0.5425 -0.0791 -0.8363
vn 0.9962 0.0263 -0.0830
vn 0.6584 -0.1337 -0.7407
vn 0.3326 0.0909 -0.9387
vn 0.7643 -0.0820 -0.6396
vn 0.4942 0.0928 0.8644
vn 0.4688 -0.0879 0.8789
vn 0.8813 0.1451 0.4498
vn 0.8914 -0.0763 0.4466
vn -0.6216 0.0996 0.7770
vn -0.3744 -0.0526 0.9258
vn -0.1994 -0.0770 0.9769
vn -0.6921 0.5984 -0.4037
vn -0.7175 0.3812 -0.5830
vn -0.0000 0.7179 -0.6961
vn 0.3458 0.3647 -0.8645
vn -0.1998 0.6491 0.7340
vn 0.3733 0.3937 0.8400
vn -0.6943 0.5949 0.4050
vn -0.7344 0.3848 0.5591
vn -0.0000 0.6186 -0.7857
vn -0.0000 0.8770 -0.4805
vn -0.6775 0.7203 0.1493
vn -0.7701 0.6288 -0.1076
vn -0.0000 0.7579 0.6524
vn -0.0000 0.9926 -0.1217
vn -0.0564 0.8796 0.4723
vn -0.0000 0.8390 0.5442
vn -0.0831 0.6650 0.7422
vn 0.2748 -0.9104 -0.3092
vn 0.3468 -0.7804 -0.5203
vn -0.8461 -0.3688 -0.3849
vn -0.4644 -0.3519 -0.8127
vn -0.0000 -0.7057 -0.7085
vn -0.9224 -0.3863 -0.0000
vn -0.7581 -0.6522 -0.0000
vn -0.8207 -0.3975 0.4104
vn 0.4840 -0.8555 0.1840
vn 0.7338 -0.6653 -0.1376
vn 0.7629 -0.3623 -0.5354
vn 0.5778 -0.6590 -0.4815
vn 0.1844 -0.8292 0.5276
vn 0.3659 -0.8347 0.4116
vn 0.7462 -0.3699 0.5535
vn -0.2536 -0.3844 0.8877
vn -0.6886 -0.5332 0.4915
vn -0.9150 0.0737 -0.3967
vn -0.9826 -0.1056 -0.1529
vn -0.8788 0.0343 0.4760
vn -0.9790 -0.0882 0.1836
vn -0.0000 0.0624 -0.9981
vn -0.2412 -0.1055 -0.9647
vn -0.7058 0.0736 -0.7045
vn -0.3860 -0.1025 -0.9168
vn 0.9498 0.1149 -0.2909
vn 0.8778 -0.0400 -0.4773
vn 0.4441 0.1180 -0.8882
vn 0.8627 -0.0494 -0.5033
vn 0.4781 0.0908 0.8736
vn 0.7015 -0.0327 0.7119
vn 0.9857 0.1146 0.1232
vn 0.9211 -0.0648 0.3838
vn -0.8229 0.0501 0.5660
vn -0.4910 -0.1088 0.8644
vn 0.2439 0.1204 0.9623
vn -0.0000 -0.0659 0.9978
vn -0.4659 0.6661 -0.5824
vn -0.7790 0.4020 -0.4811
vn 0.6412 0.5425 -0.5428
vn 0.3678 0.3695 -0.8534
vn 0.9224 0.3864 -0.0000
vn -0.2003 0.6121 0.7650
vn 0.3402 0.4013 0.8504
vn -0.6945 0.6195 0.3659
vn -0.7467 0.3873 0.5408
vn -0.1773 0.8328 -0.5245
vn -0.7044 0.6957 0.1404
vn -0.4752 0.8617 -0.1782
vn 0.9347 0.3505 -0.0584
vn 0.8030 0.3889 0.4517
vn -0.9323 0.3569 -0.0583
vn -0.2697 0.9020 0.3372
vn -0.1810 0.8483 0.4977
vn 0.4495 -0.7777 -0.4394
vn 0.0194 -0.8160 -0.5777
vn -0.9347 -0.3505 -0.0584
vn -0.2536 -0.3844 -0.8877
vn -0.0999 -0.7353 -0.6704
vn -0.9240 -0.3823 -0.0000
vn -0.8664 -0.4196 0.2707
vn -0.0000 -0.9869 -0.1615
vn 0.4769 -0.8662 0.1490
vn 0.4775 -0.8659 -0.1492
vn 0.7581 -0.3790 -0.5307
vn 0.6048 -0.6867 -0.4032
vn -0.1724 -0.8166 0.5509
vn 0.3572 -0.8204 0.4465
vn 0.7503 -0.3674 0.5495
vn 0.5110 -0.6473 0.5656
vn -0.8264 -0.4114 0.3845
vn -0.8788 0.0343 -0.4760
vn -0.9905 -0.0600 -0.1238
vn -0.8938 0.0361 0.4469
vn -0.9905 -0.0595 0.1238
vn 0.1224 0.1150 -0.9858
vn -0.1494 -0.0640 -0.9867
vn -0.6262 0.0834 -0.7752
vn -0.4041 -0.1010 -0.9091
vn 0.9764 0.1144 -0.1831
vn 0.8635 -0.0399 -0.5028
vn 0.4042 0.1147 -0.9075
vn 0.7510 -0.0645 -0.6571
vn 0.4041 0.1010 0.9091
vn 0.7280 -0.0654 0.6825
vn 0.9907 0.0562 0.1238
vn 0.9194 -0.0297 0.3923
vn -0.6809 0.0710 0.7289
vn -0.5520 -0.0978 0.8281
vn 0.1556 0.0713 0.9852
vn -0.1494 -0.0683 0.9864
vn -0.6047 0.6869 -0.4030
vn -0.7766 0.4041 -0.4834
vn 0.8035 0.4394 -0.4017
vn 0.3405 0.3991 -0.8513
vn 0.1634 0.6975 0.6977
vn -0.6563 0.6069 0.4482
vn -0.7774 0.3661 0.5115
vn 0.0320 0.8340 -0.5508
vn -0.1281 0.8548 -0.5029
vn -0.4758 0.8642 0.1635
vn -0.7349 0.6663 -0.1263
vn -0.0000 0.9965 -0.0830
vn -0.5210 0.8505 0.0726
vn -0.9338 0.3566 -0.0292
vn -0.2513 0.8365 0.4870
vn -0.0000 0.8406 0.5416
vn 0.3569 -0.8217 -0.4443
vn -0.0000 -0.9411 -0.3382
vn -0.0000 -0.9920 -0.1265
vn -0.3122 -0.3833 -0.8693
vn 0.0425 -0.6745 -0.7370
vn -0.9220 -0.3871 -0.0000
vn 0.6960 -0.7115 0.0965
vn 0.5152 -0.8422 0.1590
vn 0.5158 -0.8418 -0.1592
vn 0.7389 -0.3833 -0.5542
vn 0.6272 -0.6370 -0.4480
vn -0.0000 -0.9990 0.0441
vn -0.0000 -0.9694 0.2457
vn 0.7212 -0.3904 0.5723
vn 0.5732 -0.6658 0.4777
vn -0.2196 -0.3929 0.8930
vn -0.0000 -0.6688 0.7434
vn -0.8779 0.0960 -0.4691
vn -0.9855 -0.0715 -0.1540
vn -0.8955 0.0928 0.4353
vn -0.9769 -0.0690 0.2024
vn 0.1367 0.0854 -0.9869
vn -0.1365 -0.0946 -0.9861
vn -0.7365 0.0944 -0.6698
vn -0.5122 -0.0635 -0.8565
vn 0.9740 0.0770 -0.2131
vn 0.8815 -0.0928 -0.4629
vn 0.4502 0.0868 -0.8887
vn 0.5699 -0.1131 -0.8139
vn 0.5088 0.0636 0.8586
vn 0.7482 -0.0917 0.6571
vn 0.9856 0.0729 0.1525
vn 0.9017 -0.0916 0.4227
vn -0.5458 0.1137 0.8301
vn -0.5124 -0.0562 0.8569
vn 0.1359 0.1019 0.9855
vn -0.1525 -0.0635 0.9863
vn -0.6137 0.6462 -0.4535
vn -0.7320 0.3874 -0.5604
vn 0.6672 0.5108 -0.5421
vn 0.1891 0.3973 -0.8980
vn 0.5804 0.5713 0.5804
vn 0.3539 0.3765 0.8561
vn -0.5997 0.6514 0.4647
vn -0.7493 0.3784 0.5435
vn -0.0000 0.9991 -0.0416
vn -0.0000 0.9698 -0.2440
vn 0.0458 0.9814 0.1865
vn -0.0000 0.9824 -0.1869
vn -0.0000 0.9913 -0.1315
vn -0.0000 0.8944 0.4472
vn -0.4501 0.7877 0.4206
vn 0.2000 0.9249 0.3234
vn 0.4549 -0.7818 -0.4264
vn -0.0000 -0.9231 -0.3846
vn 0.7174 -0.6953 -0.0441
vn -0.4010 -0.4428 -0.8020
vn -0.3110 -0.5467 -0.7775
vn -0.0000 -0.9100 0.4147
vn -0.0000 -0.9712 -0.2382
vn 0.5159 -0.8413 -0.1612
vn 0.7262 -0.3676 -0.5809
vn 0.5976 -0.6414 -0.4812
vn -0.4152 -0.9082 0.0519
vn 0.4745 -0.7741 0.4192
vn 0.7564 -0.3841 0.5295
vn 0.5742 -0.7077 0.4117
vn -0.3182 -0.3479 0.8819
vn -0.5984 -0.5626 0.5704
vn -0.8856 0.0914 -0.4554
vn -0.9953 -0.0542 -0.0797
vn -0.8765 0.0907 0.4728
vn -0.8988 -0.0898 0.4291
vn 0.1233 0.1079 -0.9865
vn -0.1436 -0.0899 -0.9855
vn -0.6959 0.0533 -0.7162
vn -0.4120 -0.0927 -0.9064
vn 0.9878 0.0628 -0.1425
vn 0.9038 -0.1097 -0.4138
vn 0.5494 0.1374 -0.8242
vn 0.6427 -0.1069 -0.7586
vn 0.5488 0.1458 0.8232
vn 0.6622 -0.0802 0.7450
vn 0.9890 0.0594 0.1357
vn 0.8943 -0.1106 0.4335
vn -0.6238 0.0654 0.7789
vn -0.5558 -0.1174 0.8230
vn 0.1559 0.0767 0.9848
vn -0.1481 -0.0617 0.9871
vn -0.6523 0.6615 -0.3702
vn -0.7402 0.4002 -0.5403
vn 0.6204 0.4798 -0.6204
vn -0.0000 0.4267 -0.9044
vn 0.6218 0.4761 0.6218
vn -0.0000 0.4267 0.9044
vn -0.6768 0.5816 0.4512
vn -0.7529 0.4293 0.4988
vn 0.0054 0.9401 -0.3409
vn -0.3852 0.8909 -0.2408
vn -0.5162 0.8441 0.1452
vn -0.5172 0.8434 -0.1455
vn -0.0000 0.9912 -0.1322
vn -0.0000 0.8648 0.5021
vn -0.0000 0.9906 -0.1366
vn -0.4524 0.7846 0.4241
vn -0.2220 0.9751 -0.0000
vn -0.9442 0.1665 0.2841
vn -0.9442 0.1665 -0.2841
vn -0.8303 0.4794 0.2842
vn -0.8303 0.4794 -0.2842
vn -0.6163 0.7345 0.2841
vn -0.6163 0.7345 -0.2841
vn 0.6070 -0.7234 -0.3288
vn 0.6070 -0.7234 0.3288
vn -0.3279 0.9010 0.2842
vn -0.0000 -0.6081 -0.7938
vn -0.0000 -0.6081 0.7938
vn 0.3279 0.9010 0.2841
vn 0.3279 0.9010 -0.2841
vn 0.6163 0.7345 0.2842
vn 0.6163 0.7345 -0.2842
vn 0.3689 0.4396 -0.8189
vn -0.6070 -0.7234 -0.3288
vn -0.6070 -0.7234 0.3288
vn 0.3689 0.4396 0.8189
vn 0.8303 0.4794 -0.2841
vn 0.9442 0.1665 0.2842
vn -0.9301 0.1640 -0.3288
vn -0.9301 0.1640 0.3288
vn -0.0000 0.6082 -0.7938
vn -0.0000 0.6082 0.7938
vn 0.6070 0.7235 -0.3288
vn 0.6070 0.7235 0.3288
vn -0.8303 -0.4794 0.2841
vn -0.9442 -0.1665 -0.2842
vn -0.9442 -0.1665 0.2841
vn -0.8007 -0.1412 -0.5821
vn -0.8008 0.1412 -0.5820
vn -0.8008 0.1412 0.5821
vn -0.8007 -0.1412 0.5821
vn 0.9800 -0.1990 -0.0000
vn 0.9800 0.1990 -0.0000
vn 0.9845 -0.1753 -0.0000
vn 0.9852 0.1715 -0.0000
vn -0.7042 0.4066 0.5820
vn -0.7044 0.4067 -0.5818
vn 0.8661 -0.4999 -0.0000
vn -0.5226 0.6228 0.5823
vn -0.5226 0.6228 -0.5823
vn 0.0827 -0.1084 -0.9907
vn 0.0862 -0.1032 0.9909
vn -0.2780 0.7638 -0.5824
vn 0.3721 -0.9282 -0.0000
vn 0.3402 -0.9403 -0.0000
vn -0.0000 0.8129 0.5824
vn -0.0000 0.8129 -0.5824
vn 0.2781 0.7640 0.5822
vn 0.2781 0.7640 -0.5823
vn -0.0113 -0.0351 -0.9993
vn -0.0085 -0.0231 0.9997
vn 0.5229 0.6232 0.5816
vn 0.5229 0.6232 -0.5815
vn -0.6706 -0.7418 -0.0000
vn -0.6393 -0.7690 -0.0000
vn 0.7042 0.4066 0.5820
vn 0.7042 0.4065 -0.5821
vn -0.8515 -0.5243 -0.0000
vn 0.8010 0.1412 0.5817
vn -0.9841 -0.1776 -0.0000
vn -0.9855 -0.1698 -0.0000
vn 0.8009 -0.1412 0.5819
vn 0.8010 -0.1412 -0.5818
vn 0.0288 -0.0072 0.9996
vn 0.0144 -0.0027 -0.9999
vn 0.7042 -0.4066 -0.5820
vn -0.8515 0.5243 -0.0000
vn -0.8640 0.5035 -0.0000
vn 0.5227 -0.6230 -0.5820
vn -0.0204 0.0338 -0.9992
vn -0.0306 0.0359 0.9989
vn 0.2781 -0.7642 0.5820
vn 0.2781 -0.7642 -0.5820
vn -0.3054 0.9522 -0.0000
vn -0.0000 -0.8128 0.5825
vn -0.0000 -0.8129 -0.5825
vn -0.0000 0.1644 -0.9864
vn -0.0000 0.1604 0.9871
vn -0.2781 -0.7642 0.5819
vn -0.2781 -0.7642 -0.5819
vn 0.0296 0.0810 -0.9963
vn 0.0528 0.1458 0.9879
vn -0.5228 -0.6230 0.5819
vn -0.5229 -0.6232 -0.5816
vn 0.1214 0.1611 -0.9794
vn 0.1023 0.1234 0.9871
vn -0.7041 -0.4065 0.5822
vn -0.7042 -0.4066 -0.5821
vn 0.1400 0.0690 -0.9877
vn 0.1399 0.0807 0.9869
vt 0.909091 0.104973
vt 0.899366 0.016844
vt 0.954545 0.078730
vt 0.727273 0.104973
vt 0.717548 0.016845
vt 0.772727 0.078729
vt 0.545455 0.104974
vt 0.535730 0.016845
vt 0.590909 0.078730
vt 0.363637 0.104974
vt 0.353912 0.016845
vt 0.409092 0.078731
vt 0.181819 0.104974
vt 0.172094 0.016845
vt 0.227274 0.078731
vt 0.363637 0.104974
vt 0.270783 0.160830
vt 0.272728 0.078731
vt 0.363636 0.209947
vt 0.363637 0.157461
vt 0.272728 0.262433
vt 0.318182 0.236190
vt 0.181819 0.209947
vt 0.227274 0.236190
vt 0.181819 0.104974
vt 0.181819 0.157461
vt 0.909092 0.104974
vt 0.985413 0.149039
vt 0.909092 0.157461
vt 0.181819 0.104974
vt 0.097393 0.168690
vt 0.136364 0.078731
vt 0.181818 0.209947
vt 0.181818 0.157461
vt 0.090910 0.262434
vt 0.136364 0.236190
vt 0.909092 0.209947
vt 0.954546 0.236190
vt 0.727273 0.104974
vt 0.816237 0.160830
vt 0.727274 0.157461
vt 0.909091 0.104974
vt 0.818182 0.078731
vt 0.909090 0.209947
vt 0.909090 0.157461
vt 0.818182 0.262434
vt 0.863636 0.236191
vt 0.727274 0.209947
vt 0.772728 0.236191
vt 0.545455 0.104974
vt 0.634419 0.160830
vt 0.545456 0.157461
vt 0.727272 0.104974
vt 0.636364 0.078731
vt 0.727272 0.209947
vt 0.727272 0.157461
vt 0.636364 0.262434
vt 0.681818 0.236190
vt 0.545456 0.209947
vt 0.590910 0.236190
vt 0.363637 0.209947
vt 0.452601 0.160830
vt 0.409092 0.236190
vt 0.363637 0.157461
vt 0.545455 0.104974
vt 0.454546 0.078731
vt 0.545455 0.209947
vt 0.545455 0.157461
vt 0.454546 0.262433
vt 0.500000 0.236190
vt 0.090911 0.262435
vt 0.183764 0.311552
vt 0.090910 0.314921
vt 0.181819 0.209948
vt 0.136365 0.236192
vt 0.272727 0.262435
vt 0.227273 0.236192
vt 0.272727 0.367408
vt 0.272727 0.314921
vt 0.090910 0.367408
vt 0.181819 0.393651
vt 0.818182 0.262435
vt 0.902608 0.303692
vt 0.818182 0.314921
vt 0.909091 0.209949
vt 0.863637 0.236192
vt 0.090909 0.262435
vt 0.014587 0.323343
vt 0.045454 0.236192
vt 0.090909 0.367408
vt 0.090909 0.314921
vt 0.818182 0.367408
vt 0.863637 0.393651
vt 0.636364 0.262435
vt 0.729218 0.311552
vt 0.636364 0.314921
vt 0.727273 0.209949
vt 0.681819 0.236192
vt 0.818181 0.262435
vt 0.772727 0.236192
vt 0.818182 0.367408
vt 0.818182 0.314921
vt 0.636364 0.367408
vt 0.727273 0.393651
vt 0.454547 0.262435
vt 0.547400 0.311552
vt 0.454547 0.314921
vt 0.545455 0.209948
vt 0.500001 0.236192
vt 0.636363 0.262435
vt 0.590909 0.236192
vt 0.636364 0.367408
vt 0.636363 0.314921
vt 0.454547 0.367408
vt 0.545455 0.393651
vt 0.272729 0.262435
vt 0.365582 0.311552
vt 0.272729 0.314921
vt 0.363637 0.209948
vt 0.318183 0.236191
vt 0.454545 0.262435
vt 0.409091 0.236191
vt 0.454546 0.367408
vt 0.454545 0.314921
vt 0.272728 0.367408
vt 0.363637 0.393651
vt 0.090910 0.367408
vt 0.100635 0.455537
vt 0.045455 0.393651
vt 0.272728 0.367409
vt 0.282453 0.455538
vt 0.227274 0.393652
vt 0.454546 0.367409
vt 0.464271 0.455537
vt 0.409092 0.393653
vt 0.636364 0.367408
vt 0.646089 0.455537
vt 0.590910 0.393652
vt 0.827907 0.455537
vt 0.772727 0.393651
vt 0.954546 0.078731
vt 0.136365 0.078730
vt 0.318182 0.078731
vt 0.500000 0.078731
vt 0.045455 0.236190
vt 0.136364 0.393652
vt 0.863637 0.393651
vt 0.681819 0.393651
vt 0.500000 0.393652
vt 0.272728 0.262433
vt 0.727274 0.157461
vt 0.727272 0.157461
vt 0.363637 0.157461
vt 0.545455 0.157461
vt 0.227273 0.236192
vt 0.818182 0.314921
vt 0.409091 0.236191
vt 0.863637 0.078729
vt 0.318182 0.393653
vt 0.816237 0.160830
vt 0.863636 0.236191
vt 0.452601 0.160830
vt 0.545455 0.157461
vt 0.181819 0.209948
vt 0.636363 0.314921
vt 0.365582 0.311552
vt 0.409091 0.236191
vt 0.681819 0.078730
vt 0.954545 0.236192
vt 0.545455 0.104974
vt 0.181819 0.104974
vt 0.363637 0.157461
vt 0.272728 0.262433
vt 0.227274 0.236190
vt 0.181819 0.104974
vt 0.909092 0.157461
vt 0.097393 0.168690
vt 0.181818 0.209947
vt 0.181818 0.157461
vt 0.727274 0.157461
vt 0.909091 0.104974
vt 0.818182 0.078731
vt 0.818182 0.262434
vt 0.545455 0.104974
vt 0.545456 0.157461
vt 0.727272 0.209947
vt 0.545456 0.209947
vt 0.409092 0.236190
vt 0.363637 0.157461
vt 0.090911 0.262435
vt 0.181819 0.393651
vt 0.090909 0.314921
vt 0.636364 0.262435
vt 0.818181 0.262435
vt 0.772727 0.236192
vt 0.727273 0.393651
vt 0.454547 0.314921
vt 0.500001 0.236192
vt 0.636363 0.314921
vt 0.272729 0.262435
vt 0.365582 0.311552
vt 0.454545 0.262435
vt 0.363637 0.393651
vt 0.090910 0.367408
vt 0.816237 0.160830
vt 0.727272 0.157461
vt 0.452601 0.160830
vt 0.902608 0.303692
vt 0.729218 0.311552
vt 0.636364 0.367408
vt 0.090910 0.314921
vt 0.636363 0.314921
vt 0.409091 0.236191
vt 0.500000 0.500856
vt 0.555556 0.600000
vt 0.500000 0.600000
vt 0.500000 0.699144
vt 0.500000 0.700855
vt 0.555556 0.800000
vt 0.500000 0.800000
vt 0.500000 0.900000
vt 0.500000 0.900000
vt 0.555556 1.000000
vt 0.500000 1.000000
vt 0.500000 0.000000
vt 0.555556 0.098627
vt 0.500000 0.098627
vt 0.500000 0.101373
vt 0.555556 0.200000
vt 0.500000 0.200000
vt 0.555556 0.300000
vt 0.500000 0.300000
vt 0.555556 0.300000
vt 0.500000 0.400000
vt 0.500000 0.300000
vt 0.555556 0.400000
vt 0.500000 0.499144
vt 0.555556 0.500856
vt 0.611111 0.600000
vt 0.555556 0.699144
vt 0.611111 0.700855
vt 0.555556 0.700855
vt 0.611111 0.900000
vt 0.555556 0.900000
vt 0.555556 0.900000
vt 0.611111 1.000000
vt 0.611111 0.000000
vt 0.555556 0.000000
vt 0.555556 0.101373
vt 0.611111 0.200000
vt 0.611111 0.300000
vt 0.611111 0.400000
vt 0.555556 0.499145
vt 0.611111 0.500856
vt 0.666667 0.600000
vt 0.666667 0.699144
vt 0.611111 0.699144
vt 0.666667 0.700855
vt 0.611111 0.800000
vt 0.666667 0.800000
vt 0.611111 0.900000
vt 0.666667 1.000000
vt 0.666667 0.000000
vt 0.611111 0.098627
vt 0.611111 0.101373
vt 0.666667 0.200000
vt 0.666667 0.300000
vt 0.611111 0.300000
vt 0.666667 0.300001
vt 0.666667 0.499145
vt 0.611111 0.499145
vt 0.722222 0.500856
vt 0.666667 0.500856
vt 0.722222 0.600000
vt 0.722222 0.700855
vt 0.722222 0.800000
vt 0.666667 0.899999
vt 0.722222 0.900000
vt 0.666667 0.900001
vt 0.722222 0.098627
vt 0.666667 0.098627
vt 0.722222 0.101373
vt 0.666667 0.101373
vt 0.722222 0.200000
vt 0.722222 0.400000
vt 0.666667 0.400000
vt 0.722222 0.499145
vt 0.777778 0.500855
vt 0.777778 0.699145
vt 0.722222 0.699144
vt 0.777778 0.700855
vt 0.777778 0.800000
vt 0.722222 0.900000
vt 0.777778 1.000000
vt 0.722222 1.000000
vt 0.777778 0.000000
vt 0.722222 0.000000
vt 0.777778 0.200000
vt 0.722222 0.300000
vt 0.722222 0.300000
vt 0.777778 0.400000
vt 0.833333 0.600000
vt 0.777778 0.600000
vt 0.833333 0.699145
vt 0.833333 0.800000
vt 0.777778 0.900000
vt 0.777778 0.900000
vt 0.833333 1.000000
vt 0.833333 0.000000
vt 0.777778 0.098627
vt 0.777778 0.101373
vt 0.833333 0.200000
vt 0.777778 0.300000
vt 0.777778 0.300000
vt 0.833333 0.400000
vt 0.777778 0.499145
vt 0.888889 0.500855
vt 0.833333 0.500855
vt 0.888889 0.600000
vt 0.888889 0.700855
vt 0.833333 0.700855
vt 0.888889 0.800000
vt 0.833333 0.900000
vt 0.833333 0.900000
vt 0.888889 1.000000
vt 0.888889 0.098627
vt 0.833333 0.098627
vt 0.833333 0.101373
vt 0.888889 0.200000
vt 0.833333 0.300000
vt 0.833333 0.300001
vt 0.888889 0.400000
vt 0.888889 0.499145
vt 0.833333 0.499145
vt 0.944445 0.600000
vt 0.888889 0.699145
vt 0.944444 0.700856
vt 0.944444 0.899999
vt 0.888889 0.900000
vt 0.944444 0.899999
vt 0.888889 0.900000
vt 0.944444 0.000000
vt 0.888889 0.000000
vt 0.944445 0.101373
vt 0.888889 0.101373
vt 0.944444 0.200000
vt 0.888889 0.300000
vt 0.888889 0.300000
vt 0.944444 0.400000
vt 1.000000 0.500855
vt 0.944444 0.500855
vt 0.999841 0.600000
vt 0.944444 0.699145
vt 1.000000 0.700855
vt 0.944444 0.800000
vt 1.000000 0.900000
vt 1.000000 1.000000
vt 0.944444 1.000000
vt 1.000000 0.000000
vt 0.944444 0.098627
vt 1.000000 0.101373
vt 1.000000 0.200000
vt 0.944444 0.300000
vt 1.000000 0.300000
vt 0.944444 0.300001
vt 1.000000 0.499145
vt 0.944444 0.499144
vt 0.000000 0.500855
vt 0.055556 0.600000
vt 0.000159 0.600000
vt 0.000000 0.699145
vt 0.000000 0.700855
vt 0.055556 0.800000
vt 0.000051 0.800000
vt 0.000000 0.900000
vt 0.055556 0.900000
vt 0.000000 1.000000
vt 0.000000 0.000000
vt 0.055556 0.098627
vt 0.000000 0.098627
vt 0.000000 0.101373
vt 0.055556 0.200000
vt 0.000000 0.200000
vt 0.055556 0.300000
vt 0.000000 0.300000
vt 0.055556 0.400000
vt 0.000051 0.400000
vt 0.000000 0.499145
vt 0.111111 0.500855
vt 0.055556 0.500855
vt 0.111111 0.600000
vt 0.055556 0.699145
vt 0.111111 0.700855
vt 0.055556 0.700856
vt 0.111111 0.800000
vt 0.055556 0.900000
vt 0.111111 0.900000
vt 0.055556 1.000000
vt 0.111111 0.000000
vt 0.055556 0.000000
vt 0.111111 0.101373
vt 0.055556 0.101373
vt 0.111111 0.200000
vt 0.111111 0.300000
vt 0.055556 0.300000
vt 0.111111 0.499145
vt 0.055556 0.499144
vt 0.166667 0.500856
vt 0.166667 0.600000
vt 0.111111 0.699145
vt 0.166667 0.700855
vt 0.166667 0.900000
vt 0.111111 0.900000
vt 0.166667 0.900000
vt 0.111111 1.000000
vt 0.166667 0.000000
vt 0.111111 0.098627
vt 0.166667 0.200000
vt 0.111111 0.300000
vt 0.166667 0.300000
vt 0.111111 0.400000
vt 0.166667 0.499144
vt 0.222222 0.600000
vt 0.166667 0.699144
vt 0.222222 0.800000
vt 0.166667 0.800000
vt 0.222222 1.000000
vt 0.166667 1.000000
vt 0.222222 0.000000
vt 0.166667 0.098627
vt 0.166667 0.101373
vt 0.222222 0.200000
vt 0.166667 0.300000
vt 0.222222 0.400000
vt 0.166667 0.400000
vt 0.222222 0.500856
vt 0.277778 0.600000
vt 0.222222 0.699145
vt 0.277778 0.700855
vt 0.222222 0.700855
vt 0.277778 0.900000
vt 0.222222 0.900000
vt 0.277778 0.900000
vt 0.222222 0.900000
vt 0.277778 0.098627
vt 0.222222 0.098627
vt 0.277778 0.101373
vt 0.222222 0.101373
vt 0.277778 0.300000
vt 0.222222 0.300000
vt 0.277778 0.300000
vt 0.222222 0.300000
vt 0.277778 0.400000
vt 0.222222 0.499145
vt 0.277778 0.500856
vt 0.333333 0.600000
vt 0.333333 0.699145
vt 0.277778 0.699144
vt 0.333333 0.700855
vt 0.277778 0.800000
vt 0.333333 0.800000
vt 0.333333 1.000000
vt 0.277778 1.000000
vt 0.333333 0.000000
vt 0.277778 0.000000
vt 0.333333 0.101373
vt 0.277778 0.200000
vt 0.333333 0.300000
vt 0.333333 0.400000
vt 0.277778 0.499145
vt 0.388889 0.500856
vt 0.333333 0.500855
vt 0.388889 0.600000
vt 0.388889 0.700855
vt 0.388889 0.800000
vt 0.333333 0.899999
vt 0.388889 0.900000
vt 0.333333 0.900000
vt 0.388889 0.000000
vt 0.333333 0.098627
vt 0.388889 0.200000
vt 0.333333 0.200000
vt 0.388889 0.300000
vt 0.388889 0.300001
vt 0.333333 0.300000
vt 0.388889 0.499145
vt 0.333333 0.499145
vt 0.444444 0.600000
vt 0.388889 0.699144
vt 0.444444 0.700855
vt 0.444444 0.900000
vt 0.388889 0.899999
vt 0.444444 1.000000
vt 0.388889 1.000000
vt 0.444444 0.000000
vt 0.388889 0.098627
vt 0.444444 0.101373
vt 0.388889 0.101373
vt 0.444444 0.200000
vt 0.444444 0.300000
vt 0.388889 0.400000
vt 0.444444 0.499145
vt 0.444444 0.500856
vt 0.444444 0.800000
vt 0.444444 0.098627
vt 0.444444 0.900000
vt 0.444444 0.300000
vt 0.444444 0.400000
vt 0.444444 0.699144
vt 1.000000 0.900000
vt 1.000000 0.098627
vt 0.045455 0.393651
vt 1.000000 0.699145
vt 0.999949 0.800000
vt 0.999949 0.400000
s 0
usemtl core
f 1/1/1 7/2/1 11/3/1
f 2/4/2 7/5/2 6/6/2
f 3/7/3 7/8/3 8/9/3
f 4/10/4 7/11/4 9/12/4
f 5/13/5 7/14/5 10/15/5
f 12/16/6 18/17/6 22/18/6
f 13/19/7 18/17/7 17/20/7
f 14/21/8 18/17/8 19/22/8
f 15/23/9 18/17/9 20/24/9
f 16/25/10 18/17/10 21/26/10
f 23/27/11 29/28/11 33/29/11
f 24/30/12 29/31/12 28/32/12
f 25/33/13 29/31/13 30/34/13
f 26/35/14 29/31/14 31/36/14
f 27/37/15 29/28/15 32/38/15
f 34/39/16 40/40/16 44/41/16
f 35/42/17 40/40/17 39/43/17
f 36/44/18 40/40/18 41/45/18
f 37/46/19 40/40/19 42/47/19
f 38/48/20 40/40/20 43/49/20
f 45/50/21 51/51/21 55/52/21
f 46/53/22 51/51/22 50/54/22
f 47/55/23 51/51/23 52/56/23
f 48/57/24 51/51/24 53/58/24
f 49/59/25 51/51/25 54/60/25
f 56/61/26 62/62/26 66/63/26
f 57/16/27 62/62/27 61/64/27
f 58/65/28 62/62/28 63/66/28
f 59/67/29 62/62/29 64/68/29
f 60/69/30 62/62/30 65/70/30
f 67/71/31 73/72/31 77/73/31
f 68/74/32 73/72/32 72/75/32
f 69/76/33 73/72/33 74/77/33
f 70/78/34 73/72/34 75/79/34
f 71/80/35 73/72/35 76/81/35
f 78/82/36 84/83/36 88/84/36
f 79/85/37 84/83/37 83/86/37
f 80/87/38 84/88/38 85/89/38
f 81/90/39 84/88/39 86/91/39
f 82/92/40 84/83/40 87/93/40
f 89/94/41 95/95/41 99/96/41
f 90/97/42 95/95/42 94/98/42
f 91/99/43 95/95/43 96/100/43
f 92/101/44 95/95/44 97/102/44
f 93/103/45 95/95/45 98/104/45
f 100/105/46 106/106/46 110/107/46
f 101/108/47 106/106/47 105/109/47
f 102/110/48 106/106/48 107/111/48
f 103/112/49 106/106/49 108/113/49
f 104/114/50 106/106/50 109/115/50
f 111/116/51 117/117/51 121/118/51
f 112/119/52 117/117/52 116/120/52
f 113/121/53 117/117/53 118/122/53
f 114/123/54 117/117/54 119/124/54
f 115/125/55 117/117/55 120/126/55
f 122/127/56 128/128/56 132/129/56
f 123/130/57 128/131/57 127/132/57
f 124/133/58 128/134/58 129/135/58
f 125/136/59 128/137/59 130/138/59
f 126/101/60 128/139/60 131/140/60
f 1/1/61 28/141/61 23/27/61
f 11/142/62 24/30/62 28/32/62
f 4/10/63 22/18/63 10/143/63
f 10/15/64 16/25/64 5/13/64
f 25/33/65 21/26/65 15/23/65
f 21/26/66 24/30/66 16/25/66
f 13/19/67 61/64/67 56/61/67
f 61/64/68 12/16/68 57/16/68
f 3/7/69 63/66/69 9/144/69
f 9/12/68 57/16/68 4/10/68
f 34/39/70 6/6/70 39/43/70
f 39/43/71 1/1/71 35/42/71
f 27/37/72 41/45/72 33/29/72
f 41/45/73 23/27/73 33/29/73
f 45/50/74 8/9/74 50/54/74
f 50/54/75 2/4/75 46/53/75
f 38/48/76 52/56/76 44/41/76
f 44/41/77 46/53/77 34/39/77
f 49/59/78 64/68/78 55/52/78
f 64/68/79 45/50/79 55/52/79
f 14/21/80 116/120/80 111/116/80
f 19/22/81 112/119/81 116/120/81
f 60/69/82 118/122/82 66/63/82
f 66/63/83 112/119/83 56/61/83
f 67/71/84 31/36/84 72/75/84
f 72/75/85 25/33/85 68/74/85
f 14/21/86 74/77/86 20/24/86
f 20/24/87 68/74/87 15/23/87
f 37/46/88 83/86/88 78/82/88
f 42/47/89 79/85/89 83/86/89
f 26/35/90 85/89/90 32/145/90
f 32/38/91 79/85/91 27/37/91
f 48/57/92 94/98/92 89/94/92
f 94/98/93 47/55/93 90/97/93
f 37/46/94 96/100/94 43/49/94
f 43/49/95 90/97/95 38/48/95
f 60/69/96 105/109/96 100/105/96
f 105/109/97 59/67/97 101/108/97
f 102/110/98 54/60/98 48/57/98
f 107/111/99 49/59/99 54/60/99
f 70/78/100 121/118/100 115/125/100
f 75/79/101 111/116/101 121/118/101
f 71/80/102 86/91/102 77/73/102
f 86/91/103 67/71/103 77/73/103
f 82/92/104 97/102/104 88/84/104
f 97/102/105 78/82/105 88/84/105
f 103/112/106 99/96/106 93/103/106
f 99/96/107 102/110/107 89/94/107
f 104/114/108 119/124/108 110/107/108
f 119/124/109 100/105/109 110/107/109
f 71/80/110 127/146/110 122/127/110
f 76/81/111 123/130/111 127/132/111
f 124/133/112 120/126/112 114/123/112
f 120/126/113 123/130/113 115/125/113
f 126/101/114 87/93/114 132/147/114
f 132/129/115 81/90/115 122/127/115
f 125/136/116 98/104/116 131/148/116
f 131/140/68 92/101/68 126/101/68
f 124/133/117 109/115/117 130/149/117
f 130/138/118 103/112/118 125/136/118
f 1/1/119 23/27/119 35/42/119
f 5/13/120 16/25/120 24/30/120
f 12/16/68 4/10/68 57/16/68
f 2/4/121 34/39/121 46/53/121
f 3/7/122 45/50/122 58/65/122
f 13/19/123 56/61/123 112/119/123
f 14/21/124 111/116/124 69/76/124
f 25/33/125 15/23/125 68/74/125
f 26/35/126 67/71/126 80/87/126
f 36/44/127 27/37/127 79/85/127
f 37/46/68 78/82/68 91/99/68
f 47/55/128 38/48/128 90/97/128
f 48/57/129 89/94/129 102/110/129
f 59/67/130 49/59/130 101/108/130
f 60/69/131 100/105/131 113/121/131
f 81/90/132 71/80/132 122/127/132
f 70/78/133 115/125/133 123/130/133
f 92/101/68 82/92/68 126/101/68
f 103/112/134 93/103/134 125/136/134
f 114/123/135 104/114/135 124/133/135
f 133/1/1 139/2/1 143/3/1
f 134/4/136 139/5/136 138/6/136
f 135/7/3 139/8/3 140/9/3
f 136/10/4 139/11/4 141/12/4
f 137/13/5 139/14/5 142/15/5
f 144/16/137 150/17/137 154/18/137
f 145/19/7 150/17/7 149/20/7
f 146/150/8 150/17/8 151/22/8
f 147/23/9 150/17/9 152/24/9
f 148/25/10 150/17/10 153/26/10
f 155/27/11 161/28/11 165/29/11
f 156/30/138 161/31/138 160/32/138
f 157/33/13 161/31/13 162/34/13
f 158/35/14 161/31/14 163/36/14
f 159/37/15 161/28/15 164/38/15
f 166/39/16 172/40/16 176/151/16
f 167/42/17 172/40/17 171/43/17
f 168/44/18 172/40/18 173/45/18
f 169/46/19 172/40/19 174/47/19
f 170/48/139 172/40/139 175/49/139
f 177/50/21 183/51/21 187/52/21
f 178/53/140 183/51/140 182/54/140
f 179/55/23 183/51/23 184/152/23
f 180/57/24 183/51/24 185/58/24
f 181/59/25 183/51/25 186/60/25
f 188/61/26 194/62/26 198/63/26
f 189/16/27 194/62/27 193/153/27
f 190/65/28 194/62/28 195/66/28
f 191/67/29 194/62/29 196/154/29
f 192/69/30 194/62/30 197/70/30
f 199/71/31 205/72/31 209/73/31
f 200/74/32 205/72/32 204/75/32
f 201/76/33 205/72/33 206/155/33
f 202/78/141 205/72/141 207/79/141
f 203/80/35 205/72/35 208/81/35
f 210/82/36 216/83/36 220/156/36
f 211/85/37 216/83/37 215/86/37
f 212/87/142 216/88/142 217/89/142
f 213/90/39 216/88/39 218/91/39
f 214/92/143 216/83/143 219/93/143
f 221/94/41 227/95/41 231/96/41
f 222/97/42 227/95/42 226/98/42
f 223/99/144 227/95/144 228/100/144
f 224/101/44 227/95/44 229/102/44
f 225/103/145 227/95/145 230/104/145
f 232/105/46 238/106/46 242/107/46
f 233/108/47 238/106/47 237/109/47
f 234/110/48 238/106/48 239/111/48
f 235/112/49 238/106/49 240/113/49
f 236/114/146 238/106/146 241/115/146
f 243/116/51 249/117/51 253/118/51
f 244/119/52 249/117/52 248/120/52
f 245/121/53 249/117/53 250/157/53
f 246/123/54 249/117/54 251/124/54
f 247/125/55 249/117/55 252/126/55
f 254/127/56 260/128/56 264/129/56
f 255/130/57 260/131/57 259/132/57
f 256/133/147 260/134/147 261/135/147
f 257/136/59 260/137/59 262/138/59
f 258/101/60 260/139/60 263/140/60
f 133/1/148 160/141/148 155/27/148
f 160/32/149 137/13/149 156/30/149
f 136/10/150 154/18/150 142/143/150
f 154/18/151 137/13/151 142/15/151
f 147/23/152 162/34/152 153/26/152
f 162/34/153 148/25/153 153/26/153
f 145/19/67 193/153/67 188/61/67
f 193/153/68 144/16/68 189/16/68
f 135/7/154 195/66/154 141/144/154
f 141/12/68 189/16/68 136/10/68
f 134/4/155 171/43/155 166/39/155
f 138/158/156 167/42/156 171/43/156
f 159/37/157 173/45/157 165/29/157
f 165/29/158 167/42/158 155/27/158
f 135/7/159 182/54/159 177/50/159
f 182/54/160 134/4/160 178/53/160
f 179/55/161 176/151/161 170/48/161
f 184/152/162 166/39/162 176/151/162
f 181/59/163 196/154/163 187/52/163
f 196/154/164 177/50/164 187/52/164
f 243/116/165 151/22/165 248/120/165
f 248/120/166 145/19/166 244/119/166
f 192/69/167 250/157/167 198/63/167
f 198/63/168 244/119/168 188/61/168
f 199/71/169 163/36/169 204/75/169
f 204/75/170 157/33/170 200/74/170
f 201/76/171 152/24/171 146/150/171
f 152/24/172 200/74/172 147/23/172
f 210/82/173 174/47/173 215/86/173
f 215/86/174 168/44/174 211/85/174
f 212/87/175 164/145/175 158/35/175
f 164/38/176 211/85/176 159/37/176
f 221/94/177 185/58/177 226/98/177
f 185/58/178 222/97/178 226/98/178
f 223/99/179 175/49/179 169/46/179
f 228/100/180 170/48/180 175/49/180
f 192/69/181 237/109/181 232/105/181
f 237/109/182 191/67/182 233/108/182
f 234/110/183 186/60/183 180/57/183
f 186/60/184 233/108/184 181/59/184
f 247/125/185 207/79/185 253/118/185
f 207/79/186 243/116/186 253/118/186
f 203/80/187 218/91/187 209/73/187
f 209/73/188 212/87/188 199/71/188
f 214/92/104 229/102/104 220/156/104
f 229/102/189 210/82/189 220/156/189
f 225/103/190 240/113/190 231/96/190
f 231/96/191 234/110/191 221/94/191
f 236/114/192 251/124/192 242/107/192
f 251/124/193 232/105/193 242/107/193
f 203/80/194 259/146/194 254/127/194
f 259/132/195 202/78/195 255/130/195
f 246/123/196 261/135/196 252/126/196
f 261/159/197 247/125/197 252/126/197
f 258/101/198 219/93/198 264/147/198
f 264/129/199 213/90/199 254/127/199
f 225/103/200 263/148/200 257/136/200
f 263/140/68 224/101/68 258/101/68
f 256/133/201 241/115/201 262/149/201
f 241/115/202 257/136/202 262/138/202
f 133/1/203 155/27/203 167/42/203
f 137/13/204 148/25/204 156/30/204
f 144/16/68 136/10/68 189/16/68
f 134/4/205 166/39/205 178/53/205
f 135/7/206 177/50/206 190/65/206
f 145/19/207 188/61/207 244/119/207
f 146/150/208 243/116/208 201/76/208
f 157/33/209 147/23/209 200/74/209
f 158/35/210 199/71/210 212/87/210
f 168/44/211 159/37/211 211/85/211
f 169/46/212 210/82/212 223/99/212
f 179/55/213 170/48/213 222/97/213
f 180/57/214 221/94/214 234/110/214
f 191/67/215 181/59/215 233/108/215
f 192/69/216 232/105/216 245/121/216
f 213/90/217 203/80/217 254/127/217
f 202/78/218 247/125/218 255/130/218
f 224/101/68 214/92/68 258/101/68
f 235/112/219 225/103/219 257/136/219
f 246/123/220 236/114/220 256/133/220
f 265/1/1 271/2/1 275/3/1
f 266/4/2 271/5/2 270/6/2
f 267/7/3 271/8/3 272/9/3
f 268/10/221 271/11/221 273/12/221
f 269/13/5 271/14/5 274/15/5
f 276/16/137 282/17/137 286/18/137
f 277/19/7 282/17/7 281/20/7
f 278/150/8 282/17/8 283/22/8
f 279/23/9 282/17/9 284/24/9
f 280/25/10 282/17/10 285/26/10
f 287/27/222 293/28/222 297/29/222
f 288/30/12 293/31/12 292/32/12
f 289/33/223 293/31/223 294/34/223
f 290/35/14 293/31/14 295/36/14
f 291/37/15 293/28/15 296/38/15
f 298/39/16 304/160/16 308/151/16
f 299/42/224 304/160/224 303/43/224
f 300/44/18 304/160/18 305/45/18
f 301/46/19 304/160/19 306/161/19
f 302/48/20 304/160/20 307/49/20
f 309/50/21 315/51/21 319/52/21
f 310/53/225 315/51/225 314/54/225
f 311/55/23 315/51/23 316/56/23
f 312/57/24 315/51/24 317/58/24
f 313/59/25 315/51/25 318/60/25
f 320/61/226 326/162/226 330/63/226
f 321/16/27 326/162/27 325/153/27
f 322/65/28 326/162/28 327/66/28
f 323/67/29 326/162/29 328/163/29
f 324/69/30 326/162/30 329/70/30
f 331/71/227 337/72/227 341/73/227
f 332/164/32 337/72/32 336/75/32
f 333/76/33 337/72/33 338/155/33
f 334/78/141 337/72/141 339/79/141
f 335/80/228 337/72/228 340/81/228
f 342/82/36 348/83/36 352/156/36
f 343/85/37 348/83/37 347/86/37
f 344/87/142 348/88/142 349/89/142
f 345/90/39 348/88/39 350/91/39
f 346/92/40 348/83/40 351/93/40
f 353/94/41 359/95/41 363/96/41
f 354/97/42 359/95/42 358/98/42
f 355/99/43 359/95/43 360/100/43
f 356/101/44 359/95/44 361/102/44
f 357/103/45 359/95/45 362/104/45
f 364/105/46 370/106/46 374/107/46
f 365/108/47 370/106/47 369/109/47
f 366/110/48 370/106/48 371/111/48
f 367/112/49 370/106/49 372/165/49
f 368/114/229 370/106/229 373/115/229
f 375/116/51 381/166/51 385/118/51
f 376/119/52 381/166/52 380/120/52
f 377/121/53 381/166/53 382/167/53
f 378/123/54 381/166/54 383/124/54
f 379/125/230 381/166/230 384/126/230
f 386/127/56 392/128/56 396/129/56
f 387/130/57 392/131/57 391/132/57
f 388/133/58 392/134/58 393/135/58
f 389/136/59 392/137/59 394/138/59
f 390/101/231 392/139/231 395/140/231
f 287/27/232 275/3/232 292/141/232
f 292/32/233 269/13/233 288/30/233
f 268/10/234 286/18/234 274/143/234
f 274/15/235 280/25/235 269/13/235
f 289/33/65 285/26/65 279/23/65
f 294/34/236 280/25/236 285/26/236
f 277/19/67 325/153/67 320/61/67
f 325/153/68 276/16/68 321/16/68
f 322/65/237 273/144/237 267/7/237
f 273/12/68 321/16/68 268/10/68
f 266/4/238 303/43/238 298/39/238
f 270/158/239 299/42/239 303/43/239
f 291/37/240 305/45/240 297/29/240
f 297/29/241 299/42/241 287/27/241
f 267/7/242 314/54/242 309/50/242
f 272/168/243 310/53/243 314/54/243
f 302/48/244 316/56/244 308/151/244
f 316/56/245 298/39/245 308/151/245
f 313/59/246 328/163/246 319/52/246
f 328/163/247 309/50/247 319/52/247
f 375/116/248 283/22/248 380/120/248
f 283/22/249 376/119/249 380/120/249
f 324/69/250 382/167/250 330/63/250
f 330/63/251 376/119/251 320/61/251
f 331/71/252 295/36/252 336/75/252
f 336/75/253 289/33/253 332/164/253
f 333/76/171 284/24/171 278/150/171
f 284/24/254 332/164/254 279/23/254
f 342/82/255 306/161/255 347/86/255
f 347/86/256 300/44/256 343/85/256
f 344/87/257 296/145/257 290/35/257
f 349/169/258 291/37/258 296/38/258
f 312/57/259 358/98/259 353/94/259
f 358/98/260 311/55/260 354/97/260
f 355/99/261 307/49/261 301/46/261
f 360/100/262 302/48/262 307/49/262
f 364/105/263 329/70/263 369/109/263
f 329/70/264 365/108/264 369/109/264
f 312/57/265 371/111/265 318/60/265
f 371/111/266 313/59/266 318/60/266
f 379/125/267 339/79/267 385/118/267
f 385/118/268 333/76/268 375/116/268
f 335/80/269 350/91/269 341/73/269
f 341/73/270 344/87/270 331/71/270
f 346/92/104 361/102/104 352/156/104
f 361/102/189 342/82/189 352/156/189
f 367/112/271 363/96/271 357/103/271
f 363/96/272 366/110/272 353/94/272
f 368/114/273 383/124/273 374/107/273
f 383/124/274 364/105/274 374/107/274
f 386/127/275 340/81/275 391/146/275
f 391/132/276 334/78/276 387/130/276
f 388/133/277 384/126/277 378/123/277
f 393/159/278 379/125/278 384/126/278
f 390/101/279 351/93/279 396/147/279
f 396/129/280 345/90/280 386/127/280
f 389/136/281 362/104/281 395/148/281
f 395/140/68 356/101/68 390/101/68
f 368/114/282 394/149/282 388/133/282
f 394/138/283 367/112/283 389/136/283
f 265/1/284 287/27/284 299/42/284
f 269/13/285 280/25/285 288/30/285
f 276/16/68 268/10/68 321/16/68
f 266/4/286 298/39/286 310/53/286
f 267/7/287 309/50/287 322/65/287
f 277/19/207 320/61/207 376/119/207
f 278/150/288 375/116/288 333/76/288
f 289/33/289 279/23/289 332/164/289
f 290/35/290 331/71/290 344/87/290
f 300/44/291 291/37/291 343/85/291
f 301/46/212 342/82/212 355/99/212
f 311/55/292 302/48/292 354/97/292
f 312/57/293 353/94/293 366/110/293
f 323/67/294 313/59/294 365/108/294
f 324/69/295 364/105/295 377/121/295
f 345/90/296 335/80/296 386/127/296
f 334/78/297 379/125/297 387/130/297
f 356/101/68 346/92/68 390/101/68
f 367/112/298 357/103/298 389/136/298
f 378/123/299 368/114/299 388/133/299
f 397/1/1 403/2/1 407/3/1
f 398/4/2 403/5/2 402/6/2
f 399/170/3 403/8/3 404/9/3
f 400/10/4 403/11/4 405/12/4
f 401/171/5 403/14/5 406/15/5
f 408/16/137 414/17/137 418/18/137
f 409/19/7 414/17/7 413/172/7
f 410/173/8 414/17/8 415/22/8
f 411/23/9 414/17/9 416/174/9
f 412/175/10 414/17/10 417/26/10
f 419/27/11 425/28/11 429/176/11
f 420/30/138 425/177/138 424/32/138
f 421/178/13 425/177/13 426/179/13
f 422/35/14 425/177/14 427/36/14
f 423/37/15 425/28/15 428/38/15
f 430/39/16 436/40/16 440/180/16
f 431/181/17 436/40/17 435/182/17
f 432/44/18 436/40/18 437/45/18
f 433/183/19 436/40/19 438/47/19
f 434/48/20 436/40/20 439/49/20
f 441/184/21 447/51/21 451/185/21
f 442/53/140 447/51/140 446/54/140
f 443/186/23 447/51/23 448/152/23
f 444/57/24 447/51/24 449/58/24
f 445/187/25 447/51/25 450/60/25
f 452/61/26 458/162/26 462/188/26
f 453/16/27 458/162/27 457/189/27
f 454/65/28 458/162/28 459/66/28
f 455/67/29 458/162/29 460/68/29
f 456/69/30 458/162/30 461/70/30
f 463/190/31 469/72/31 473/73/31
f 464/74/32 469/72/32 468/75/32
f 465/76/33 469/72/33 470/155/33
f 466/78/141 469/72/141 471/79/141
f 467/80/35 469/72/35 472/191/35
f 474/82/36 480/83/36 484/84/36
f 475/85/37 480/83/37 479/86/37
f 476/87/38 480/88/38 481/89/38
f 477/90/300 480/88/300 482/192/300
f 478/92/143 480/83/143 483/93/143
f 485/193/41 491/95/41 495/96/41
f 486/97/42 491/95/42 490/98/42
f 487/194/43 491/95/43 492/195/43
f 488/101/44 491/95/44 493/102/44
f 489/103/45 491/95/45 494/196/45
f 496/105/46 502/106/46 506/197/46
f 497/108/47 502/106/47 501/198/47
f 498/110/48 502/106/48 503/111/48
f 499/112/49 502/106/49 504/199/49
f 500/114/146 502/106/146 505/115/146
f 507/200/51 513/201/51 517/118/51
f 508/119/52 513/201/52 512/120/52
f 509/202/53 513/201/53 514/122/53
f 510/123/54 513/201/54 515/124/54
f 511/125/230 513/201/230 516/203/230
f 518/204/56 524/128/56 528/129/56
f 519/130/57 524/131/57 523/132/57
f 520/133/58 524/134/58 525/135/58
f 521/136/59 524/137/59 526/138/59
f 522/101/60 524/139/60 527/140/60
f 419/27/301 407/3/301 424/141/301
f 424/32/302 401/171/302 420/30/302
f 400/10/303 418/18/303 406/143/303
f 418/18/304 401/171/304 406/15/304
f 411/23/305 426/179/305 417/26/305
f 417/26/306 420/30/306 412/175/306
f 409/19/307 457/189/307 452/61/307
f 457/189/68 408/16/68 453/16/68
f 399/170/308 459/66/308 405/144/308
f 405/12/68 453/16/68 400/10/68
f 398/4/309 435/182/309 430/39/309
f 435/182/310 397/1/310 431/181/310
f 432/44/311 429/176/311 423/37/311
f 429/176/312 431/181/312 419/27/312
f 399/170/313 446/54/313 441/184/313
f 446/54/314 398/4/314 442/53/314
f 443/186/315 440/180/315 434/48/315
f 440/180/316 442/53/316 430/39/316
f 445/187/317 460/68/317 451/185/317
f 460/68/318 441/184/318 451/185/318
f 410/173/319 512/120/319 507/200/319
f 415/22/320 508/119/320 512/120/320
f 456/69/321 514/122/321 462/188/321
f 462/188/322 508/119/322 452/61/322
f 463/190/323 427/36/323 468/75/323
f 468/75/324 421/178/324 464/74/324
f 465/76/325 416/174/325 410/173/325
f 416/174/326 464/74/326 411/23/326
f 433/183/327 479/86/327 474/82/327
f 438/47/328 475/85/328 479/86/328
f 422/35/329 481/89/329 428/145/329
f 428/38/330 475/85/330 423/37/330
f 444/57/331 490/98/331 485/193/331
f 449/58/332 486/97/332 490/98/332
f 433/183/333 492/195/333 439/49/333
f 439/49/334 486/97/334 434/48/334
f 456/69/335 501/198/335 496/105/335
f 461/70/336 497/108/336 501/198/336
f 498/110/337 450/60/337 444/57/337
f 503/111/338 445/187/338 450/60/338
f 511/125/339 471/79/339 517/118/339
f 471/79/340 507/200/340 517/118/340
f 477/90/341 473/73/341 467/80/341
f 482/192/342 463/190/342 473/73/342
f 478/92/343 493/102/343 484/84/343
f 493/102/344 474/82/344 484/84/344
f 499/112/345 495/96/345 489/103/345
f 495/96/346 498/110/346 485/193/346
f 510/123/347 506/197/347 500/114/347
f 515/124/348 496/105/348 506/197/348
f 467/80/349 523/146/349 518/204/349
f 523/132/350 466/78/350 519/130/350
f 520/133/351 516/203/351 510/123/351
f 516/203/352 519/130/352 511/125/352
f 522/101/353 483/93/353 528/147/353
f 528/129/354 477/90/354 518/204/354
f 521/136/355 494/196/355 527/148/355
f 527/140/68 488/101/68 522/101/68
f 520/133/356 505/115/356 526/149/356
f 526/138/357 499/112/357 521/136/357
f 397/1/358 419/27/358 431/181/358
f 401/171/359 412/175/359 420/30/359
f 408/16/68 400/10/68 453/16/68
f 398/4/360 430/39/360 442/53/360
f 399/170/361 441/184/361 454/65/361
f 409/19/207 452/61/207 508/119/207
f 410/173/362 507/200/362 465/76/362
f 421/178/363 411/23/363 464/74/363
f 422/35/364 463/190/364 476/87/364
f 432/44/365 423/37/365 475/85/365
f 433/183/366 474/82/366 487/194/366
f 443/186/367 434/48/367 486/97/367
f 444/57/368 485/193/368 498/110/368
f 455/67/369 445/187/369 497/108/369
f 456/69/370 496/105/370 509/202/370
f 477/90/371 467/80/371 518/204/371
f 466/78/372 511/125/372 519/130/372
f 488/101/68 478/92/68 522/101/68
f 499/112/373 489/103/373 521/136/373
f 510/123/374 500/114/374 520/133/374
f 529/1/1 535/2/1 539/3/1
f 530/4/2 535/5/2 534/6/2
f 531/170/3 535/8/3 536/9/3
f 532/10/221 535/11/221 537/12/221
f 533/171/5 535/14/5 538/15/5
f 540/16/137 546/17/137 550/18/137
f 541/19/7 546/17/7 545/172/7
f 542/173/8 546/17/8 547/22/8
f 543/23/9 546/17/9 548/174/9
f 544/25/10 546/17/10 549/26/10
f 551/27/11 557/28/11 561/176/11
f 552/30/12 557/177/12 556/32/12
f 553/178/223 557/177/223 558/179/223
f 554/35/14 557/177/14 559/36/14
f 555/37/15 557/28/15 560/38/15
f 562/39/16 568/205/16 572/180/16
f 563/181/224 568/205/224 567/182/224
f 564/44/18 568/205/18 569/45/18
f 565/183/19 568/205/19 570/47/19
f 566/48/20 568/205/20 571/49/20
f 573/184/21 579/51/21 583/185/21
f 574/53/22 579/51/22 578/54/22
f 575/186/23 579/51/23 580/206/23
f 576/57/24 579/51/24 581/58/24
f 577/187/25 579/51/25 582/60/25
f 584/61/26 590/207/26 594/188/26
f 585/16/27 590/207/27 589/153/27
f 586/65/28 590/207/28 591/66/28
f 587/67/29 590/207/29 592/154/29
f 588/69/30 590/207/30 593/70/30
f 595/190/227 601/72/227 605/73/227
f 596/74/32 601/72/32 600/75/32
f 597/76/33 601/72/33 602/77/33
f 598/78/34 601/72/34 603/79/34
f 599/80/228 601/72/228 604/191/228
f 606/82/36 612/208/36 616/84/36
f 607/85/37 612/208/37 611/86/37
f 608/87/142 612/88/142 613/89/142
f 609/90/39 612/88/39 614/192/39
f 610/92/143 612/208/143 615/93/143
f 617/193/41 623/209/41 627/96/41
f 618/97/42 623/209/42 622/98/42
f 619/194/43 623/209/43 624/195/43
f 620/101/44 623/209/44 625/102/44
f 621/103/45 623/209/45 626/196/45
f 628/105/46 634/106/46 638/197/46
f 629/108/375 634/106/375 633/198/375
f 630/110/48 634/106/48 635/111/48
f 631/210/49 634/106/49 636/199/49
f 632/114/50 634/106/50 637/115/50
f 639/200/51 645/166/51 649/118/51
f 640/119/52 645/166/52 644/120/52
f 641/202/53 645/166/53 646/167/53
f 642/123/54 645/166/54 647/124/54
f 643/125/55 645/166/55 648/203/55
f 650/204/56 656/128/56 660/129/56
f 651/130/57 656/131/57 655/132/57
f 652/133/58 656/134/58 657/135/58
f 653/136/59 656/137/59 658/138/59
f 654/101/60 656/139/60 659/140/60
f 529/1/376 556/141/376 551/27/376
f 539/142/377 552/30/377 556/32/377
f 532/10/378 550/18/378 538/143/378
f 538/15/379 544/25/379 533/171/379
f 543/23/380 558/179/380 549/26/380
f 558/179/381 544/25/381 549/26/381
f 541/19/382 589/153/382 584/61/382
f 589/153/68 540/16/68 585/16/68
f 531/170/383 591/66/383 537/144/383
f 537/12/68 585/16/68 532/10/68
f 562/39/384 534/6/384 567/182/384
f 567/182/385 529/1/385 563/181/385
f 555/37/386 569/45/386 561/176/386
f 561/176/387 563/181/387 551/27/387
f 531/170/388 578/54/388 573/184/388
f 578/54/389 530/4/389 574/53/389
f 575/186/390 572/180/390 566/48/390
f 580/206/391 562/39/391 572/180/391
f 577/187/392 592/154/392 583/185/392
f 592/154/393 573/184/393 583/185/393
f 639/200/394 547/22/394 644/120/394
f 644/120/395 541/19/395 640/119/395
f 588/69/396 646/167/396 594/188/396
f 594/188/397 640/119/397 584/61/397
f 554/35/398 600/75/398 595/190/398
f 559/36/399 596/74/399 600/75/399
f 597/76/400 548/174/400 542/173/400
f 548/174/401 596/74/401 543/23/401
f 606/82/402 570/47/402 611/86/402
f 570/47/403 607/85/403 611/86/403
f 608/87/404 560/145/404 554/35/404
f 560/38/405 607/85/405 555/37/405
f 617/193/406 581/58/406 622/98/406
f 622/98/407 575/186/407 618/97/407
f 619/194/408 571/49/408 565/183/408
f 624/195/262 566/48/262 571/49/262
f 588/69/409 633/198/409 628/105/409
f 633/198/410 587/67/410 629/108/410
f 576/57/411 635/111/411 582/60/411
f 635/111/412 577/187/412 582/60/412
f 598/78/413 649/118/413 643/125/413
f 603/79/414 639/200/414 649/118/414
f 599/80/415 614/192/415 605/73/415
f 605/73/416 608/87/416 595/190/416
f 610/92/104 625/102/104 616/84/104
f 625/102/189 606/82/189 616/84/189
f 631/210/417 627/96/417 621/103/417
f 627/96/418 630/110/418 617/193/418
f 642/123/419 638/197/419 632/114/419
f 647/124/420 628/105/420 638/197/420
f 599/80/421 655/146/421 650/204/421
f 604/191/422 651/130/422 655/132/422
f 642/123/423 657/135/423 648/203/423
f 648/203/424 651/130/424 643/125/424
f 654/101/425 615/93/425 660/147/425
f 660/129/426 609/90/426 650/204/426
f 621/103/427 659/148/427 653/136/427
f 659/140/68 620/101/68 654/101/68
f 652/133/428 637/115/428 658/149/428
f 658/138/429 631/210/429 653/136/429
f 529/1/430 551/27/430 563/181/430
f 533/171/431 544/25/431 552/30/431
f 540/16/68 532/10/68 585/16/68
f 530/4/432 562/39/432 574/53/432
f 531/170/433 573/184/433 586/65/433
f 541/19/434 584/61/434 640/119/434
f 542/173/435 639/200/435 597/76/435
f 553/178/436 543/23/436 596/74/436
f 554/35/437 595/190/437 608/87/437
f 564/44/438 555/37/438 607/85/438
f 565/183/366 606/82/366 619/194/366
f 575/186/439 566/48/439 618/97/439
f 576/57/440 617/193/440 630/110/440
f 587/67/441 577/187/441 629/108/441
f 588/69/442 628/105/442 641/202/442
f 609/90/443 599/80/443 650/204/443
f 598/78/444 643/125/444 651/130/444
f 620/101/68 610/92/68 654/101/68
f 631/210/445 621/103/445 653/136/445
f 642/123/446 632/114/446 652/133/446
f 661/1/1 667/2/1 671/3/1
f 662/4/2 667/5/2 666/6/2
f 663/7/3 667/8/3 668/9/3
f 664/10/4 667/11/4 669/12/4
f 665/13/5 667/14/5 670/15/5
f 672/16/137 678/17/137 682/18/137
f 673/19/7 678/17/7 677/20/7
f 674/150/8 678/17/8 679/22/8
f 675/23/9 678/17/9 680/24/9
f 676/25/10 678/17/10 681/26/10
f 683/27/222 689/28/222 693/29/222
f 684/30/138 689/31/138 688/32/138
f 685/33/223 689/31/223 690/34/223
f 686/35/14 689/31/14 691/36/14
f 687/37/15 689/28/15 692/38/15
f 694/39/16 700/160/16 704/151/16
f 695/42/17 700/160/17 699/43/17
f 696/44/18 700/160/18 701/45/18
f 697/46/19 700/160/19 702/47/19
f 698/48/20 700/160/20 703/49/20
f 705/50/21 711/51/21 715/52/21
f 706/53/22 711/51/22 710/54/22
f 707/186/23 711/51/23 712/152/23
f 708/57/24 711/51/24 713/58/24
f 709/59/25 711/51/25 714/60/25
f 716/61/26 722/162/26 726/63/26
f 717/16/27 722/162/27 721/189/27
f 718/65/28 722/162/28 723/66/28
f 719/67/29 722/162/29 724/163/29
f 720/69/30 722/162/30 725/70/30
f 727/71/227 733/72/227 737/73/227
f 728/164/32 733/72/32 732/75/32
f 729/76/33 733/72/33 734/77/33
f 730/78/34 733/72/34 735/79/34
f 731/80/228 733/72/228 736/81/228
f 738/82/36 744/83/36 748/84/36
f 739/85/37 744/83/37 743/86/37
f 740/87/142 744/88/142 745/89/142
f 741/90/39 744/88/39 746/91/39
f 742/92/40 744/83/40 747/93/40
f 749/94/41 755/95/41 759/96/41
f 750/97/42 755/95/42 754/98/42
f 751/99/144 755/95/144 756/100/144
f 752/101/44 755/95/44 757/102/44
f 753/103/45 755/95/45 758/104/45
f 760/105/46 766/106/46 770/107/46
f 761/108/47 766/106/47 765/109/47
f 762/110/48 766/106/48 767/111/48
f 763/112/49 766/106/49 768/199/49
f 764/114/50 766/106/50 769/115/50
f 771/116/51 777/166/51 781/118/51
f 772/119/52 777/166/52 776/120/52
f 773/121/53 777/166/53 778/157/53
f 774/123/54 777/166/54 779/124/54
f 775/125/230 777/166/230 780/126/230
f 782/127/56 788/128/56 792/129/56
f 783/130/57 788/131/57 787/132/57
f 784/133/58 788/134/58 789/135/58
f 785/136/59 788/137/59 790/138/59
f 786/101/231 788/139/231 791/140/231
f 683/27/447 671/3/447 688/141/447
f 688/32/448 665/13/448 684/30/448
f 664/10/449 682/18/449 670/143/449
f 670/15/450 676/25/450 665/13/450
f 685/33/451 681/26/451 675/23/451
f 690/34/452 676/25/452 681/26/452
f 673/19/67 721/189/67 716/61/67
f 721/189/68 672/16/68 717/16/68
f 718/65/453 669/144/453 663/7/453
f 669/12/68 717/16/68 664/10/68
f 694/39/454 666/6/454 699/43/454
f 699/43/455 661/1/455 695/42/455
f 687/37/456 701/45/456 693/29/456
f 693/29/457 695/42/457 683/27/457
f 705/50/458 668/9/458 710/54/458
f 710/54/459 662/4/459 706/53/459
f 707/186/460 704/151/460 698/48/460
f 704/151/461 706/53/461 694/39/461
f 709/59/462 724/163/462 715/52/462
f 715/52/463 718/65/463 705/50/463
f 771/116/464 679/22/464 776/120/464
f 776/120/465 673/19/465 772/119/465
f 773/121/466 726/63/466 720/69/466
f 778/157/467 716/61/467 726/63/467
f 727/71/468 691/36/468 732/75/468
f 691/36/469 728/164/469 732/75/469
f 674/150/470 734/77/470 680/24/470
f 734/77/471 675/23/471 680/24/471
f 738/82/472 702/47/472 743/86/472
f 702/47/473 739/85/473 743/86/473
f 740/87/474 692/145/474 686/35/474
f 745/169/475 687/37/475 692/38/475
f 749/94/476 713/58/476 754/98/476
f 713/58/477 750/97/477 754/98/477
f 751/99/478 703/49/478 697/46/478
f 703/49/479 750/97/479 698/48/479
f 760/105/480 725/70/480 765/109/480
f 725/70/481 761/108/481 765/109/481
f 708/57/482 767/111/482 714/60/482
f 714/60/483 761/108/483 709/59/483
f 730/78/484 781/118/484 775/125/484
f 781/118/485 729/76/485 771/116/485
f 731/80/486 746/91/486 737/73/486
f 737/73/487 740/87/487 727/71/487
f 742/92/104 757/102/104 748/84/104
f 757/102/105 738/82/105 748/84/105
f 753/103/488 768/199/488 759/96/488
f 768/199/489 749/94/489 759/96/489
f 774/123/490 770/107/490 764/114/490
f 779/124/491 760/105/491 770/107/491
f 782/127/492 736/81/492 787/146/492
f 787/132/493 730/78/493 783/130/493
f 784/133/494 780/126/494 774/123/494
f 780/126/495 783/130/495 775/125/495
f 786/101/496 747/93/496 792/147/496
f 792/129/497 741/90/497 782/127/497
f 785/136/498 758/104/498 791/148/498
f 791/140/68 752/101/68 786/101/68
f 784/133/499 769/115/499 790/149/499
f 790/138/500 763/112/500 785/136/500
f 661/1/501 683/27/501 695/42/501
f 665/13/502 676/25/502 684/30/502
f 672/16/68 664/10/68 717/16/68
f 662/4/503 694/39/503 706/53/503
f 663/7/504 705/50/504 718/65/504
f 673/19/505 716/61/505 772/119/505
f 674/150/506 771/116/506 729/76/506
f 685/33/507 675/23/507 728/164/507
f 686/35/508 727/71/508 740/87/508
f 696/44/509 687/37/509 739/85/509
f 697/46/366 738/82/366 751/99/366
f 707/186/510 698/48/510 750/97/510
f 708/57/511 749/94/511 762/110/511
f 719/67/512 709/59/512 761/108/512
f 720/69/513 760/105/513 773/121/513
f 741/90/68 731/80/68 782/127/68
f 730/78/514 775/125/514 783/130/514
f 752/101/68 742/92/68 786/101/68
f 763/112/515 753/103/515 785/136/515
f 774/123/516 764/114/516 784/133/516
f 793/1/1 799/2/1 803/3/1
f 794/4/2 799/5/2 798/6/2
f 795/170/3 799/8/3 800/9/3
f 796/10/4 799/11/4 801/12/4
f 797/171/5 799/14/5 802/15/5
f 804/16/137 810/17/137 814/18/137
f 805/19/7 810/17/7 809/172/7
f 806/173/8 810/17/8 811/22/8
f 807/23/517 810/17/517 812/174/517
f 808/175/10 810/17/10 813/26/10
f 815/27/222 821/28/222 825/176/222
f 816/30/12 821/177/12 820/32/12
f 817/178/223 821/177/223 822/179/223
f 818/35/14 821/177/14 823/36/14
f 819/37/15 821/28/15 824/38/15
f 826/39/16 832/40/16 836/41/16
f 827/181/224 832/40/224 831/182/224
f 828/44/18 832/40/18 833/45/18
f 829/183/19 832/40/19 834/47/19
f 830/48/20 832/40/20 835/49/20
f 837/184/21 843/51/21 847/185/21
f 838/53/22 843/51/22 842/54/22
f 839/186/23 843/51/23 844/206/23
f 840/57/518 843/51/518 845/58/518
f 841/187/25 843/51/25 846/60/25
f 848/61/26 854/162/26 858/188/26
f 849/16/27 854/162/27 853/64/27
f 850/65/28 854/162/28 855/66/28
f 851/67/29 854/162/29 856/163/29
f 852/69/30 854/162/30 857/70/30
f 859/190/227 865/72/227 869/211/227
f 860/74/32 865/72/32 864/75/32
f 861/76/33 865/72/33 866/77/33
f 862/78/34 865/72/34 867/79/34
f 863/80/228 865/72/228 868/191/228
f 870/82/36 876/208/36 880/84/36
f 871/85/37 876/208/37 875/86/37
f 872/87/142 876/88/142 877/89/142
f 873/90/39 876/88/39 878/192/39
f 874/92/40 876/208/40 879/93/40
f 881/193/41 887/95/41 891/96/41
f 882/97/42 887/95/42 886/98/42
f 883/194/43 887/95/43 888/195/43
f 884/101/44 887/95/44 889/102/44
f 885/103/45 887/95/45 890/196/45
f 892/105/46 898/106/46 902/197/46
f 893/108/47 898/106/47 897/198/47
f 894/110/48 898/106/48 899/111/48
f 895/210/49 898/106/49 900/212/49
f 896/114/50 898/106/50 901/115/50
f 903/200/51 909/201/51 913/118/51
f 904/119/52 909/201/52 908/120/52
f 905/202/53 909/201/53 910/213/53
f 906/123/54 909/201/54 911/124/54
f 907/125/519 909/201/519 912/203/519
f 914/204/56 920/128/56 924/129/56
f 915/130/57 920/131/57 919/132/57
f 916/133/58 920/134/58 921/135/58
f 917/136/59 920/137/59 922/138/59
f 918/101/231 920/139/231 923/140/231
f 815/27/520 803/3/520 820/141/520
f 820/32/521 797/171/521 816/30/521
f 796/10/522 814/18/522 802/143/522
f 814/18/523 797/171/523 802/15/523
f 807/23/524 822/179/524 813/26/524
f 813/26/525 816/30/525 808/175/525
f 805/19/67 853/64/67 848/61/67
f 853/64/68 804/16/68 849/16/68
f 795/170/526 855/66/526 801/144/526
f 801/12/68 849/16/68 796/10/68
f 826/39/527 798/6/527 831/182/527
f 831/182/528 793/1/528 827/181/528
f 819/37/529 833/45/529 825/176/529
f 833/45/530 815/27/530 825/176/530
f 837/184/531 800/9/531 842/54/531
f 800/168/532 838/53/532 842/54/532
f 830/48/533 844/206/533 836/41/533
f 844/206/534 826/39/534 836/41/534
f 851/67/535 847/185/535 841/187/535
f 856/163/393 837/184/393 847/185/393
f 806/173/536 908/120/536 903/200/536
f 811/22/537 904/119/537 908/120/537
f 905/202/538 858/188/538 852/69/538
f 910/213/539 848/61/539 858/188/539
f 859/190/540 823/36/540 864/75/540
f 823/36/541 860/74/541 864/75/541
f 861/76/542 812/174/542 806/173/542
f 812/174/543 860/74/543 807/23/543
f 829/183/544 875/86/544 870/82/544
f 834/47/545 871/85/545 875/86/545
f 818/35/546 877/89/546 824/145/546
f 877/169/547 819/37/547 824/38/547
f 881/193/548 845/58/548 886/98/548
f 886/98/549 839/186/549 882/97/549
f 883/194/550 835/49/550 829/183/550
f 888/195/551 830/48/551 835/49/551
f 852/69/552 897/198/552 892/105/552
f 857/70/553 893/108/553 897/198/553
f 894/110/554 846/60/554 840/57/554
f 846/60/555 893/108/555 841/187/555
f 862/78/556 913/118/556 907/125/556
f 867/79/557 903/200/557 913/118/557
f 863/80/558 878/192/558 869/211/558
f 869/211/559 872/87/559 859/190/559
f 874/92/104 889/102/104 880/84/104
f 889/102/105 870/82/105 880/84/105
f 885/103/560 900/212/560 891/96/560
f 891/96/561 894/110/561 881/193/561
f 896/114/562 911/124/562 902/197/562
f 911/124/563 892/105/563 902/197/563
f 863/80/564 919/146/564 914/204/564
f 919/132/565 862/78/565 915/130/565
f 906/123/566 921/135/566 912/203/566
f 912/203/567 915/130/567 907/125/567
f 918/101/568 879/93/568 924/147/568
f 924/129/569 873/90/569 914/204/569
f 917/136/570 890/196/570 923/148/570
f 923/140/68 884/101/68 918/101/68
f 916/133/571 901/115/571 922/149/571
f 901/115/572 917/136/572 922/138/572
f 793/1/573 815/27/573 827/181/573
f 797/171/574 808/175/574 816/30/574
f 804/16/68 796/10/68 849/16/68
f 794/4/575 826/39/575 838/53/575
f 795/170/576 837/184/576 850/65/576
f 805/19/577 848/61/577 904/119/577
f 806/173/578 903/200/578 861/76/578
f 817/178/579 807/23/579 860/74/579
f 818/35/580 859/190/580 872/87/580
f 828/44/581 819/37/581 871/85/581
f 829/183/68 870/82/68 883/194/68
f 839/186/582 830/48/582 882/97/582
f 840/57/583 881/193/583 894/110/583
f 851/67/584 841/187/584 893/108/584
f 852/69/585 892/105/585 905/202/585
f 873/90/68 863/80/68 914/204/68
f 862/78/586 907/125/586 915/130/586
f 884/101/68 874/92/68 918/101/68
f 895/210/587 885/103/587 917/136/587
f 906/123/588 896/114/588 916/133/588
f 926/214/589 942/215/589 927/216/589
f 942/215/590 925/217/590 927/216/590
f 929/218/591 945/219/591 930/220/591
f 945/219/592 928/221/592 930/220/592
f 932/222/593 948/223/593 933/224/593
f 933/225/594 947/226/594 931/227/594
f 935/228/595 951/229/595 936/230/595
f 936/230/596 950/231/596 934/232/596
f 952/233/597 939/234/597 938/235/597
f 954/236/598 937/237/598 939/234/598
f 940/238/599 957/239/599 942/215/599
f 957/239/600 941/240/600 942/215/600
f 958/241/601 945/219/601 943/242/601
f 945/219/602 959/243/602 944/244/602
f 946/245/603 963/246/603 948/223/603
f 963/247/604 947/226/604 948/248/604
f 949/249/605 966/250/605 951/229/605
f 966/250/606 950/231/606 951/229/606
f 967/251/607 954/236/607 952/233/607
f 969/252/608 953/253/608 954/236/608
f 955/254/609 972/255/609 957/239/609
f 957/239/610 971/256/610 956/257/610
f 973/258/611 960/259/611 958/241/611
f 975/260/612 959/243/612 960/259/612
f 961/261/613 978/262/613 963/246/613
f 978/263/614 962/264/614 963/247/614
f 964/265/615 981/266/615 966/250/615
f 966/250/616 980/267/616 965/268/616
f 982/269/617 969/252/617 967/251/617
f 969/252/618 983/270/618 968/271/618
f 985/272/619 972/255/619 970/273/619
f 987/274/620 971/256/620 972/255/620
f 988/275/621 975/260/621 973/258/621
f 990/276/622 974/277/622 975/260/622
f 991/278/623 978/262/623 976/279/623
f 978/263/624 992/280/624 977/281/624
f 994/282/625 981/266/625 979/283/625
f 996/284/626 980/267/626 981/266/626
f 982/269/627 999/285/627 984/286/627
f 984/286/628 998/287/628 983/270/628
f 1000/288/629 987/274/629 985/272/629
f 987/274/630 1001/289/630 986/290/630
f 1003/291/631 990/276/631 988/275/631
f 1005/292/632 989/293/632 990/276/632
f 991/278/633 1008/294/633 993/295/633
f 1008/296/634 992/280/634 993/297/634
f 994/282/635 1011/298/635 996/284/635
f 1011/298/636 995/299/636 996/284/636
f 997/300/637 1014/301/637 999/285/637
f 1014/301/638 998/287/638 999/285/638
f 1000/288/639 1017/302/639 1002/303/639
f 1002/303/640 1016/304/640 1001/289/640
f 1003/291/641 1020/305/641 1005/292/641
f 1020/305/642 1004/306/642 1005/292/642
f 1006/307/643 1023/308/643 1008/294/643
f 1023/309/644 1007/310/644 1008/296/644
f 1009/311/645 1026/312/645 1011/298/645
f 1026/312/646 1010/313/646 1011/298/646
f 1012/314/647 1029/315/647 1014/301/647
f 1029/315/648 1013/316/648 1014/301/648
f 1030/317/649 1017/302/649 1015/318/649
f 1032/319/650 1016/304/650 1017/302/650
f 1033/320/651 1020/305/651 1018/321/651
f 1035/322/652 1019/323/652 1020/305/652
f 1021/324/653 1038/325/653 1023/308/653
f 1023/309/654 1037/326/654 1022/327/654
f 1024/328/655 1041/329/655 1026/312/655
f 1041/329/656 1025/330/656 1026/312/656
f 1027/331/657 1044/332/657 1029/315/657
f 1029/315/658 1043/333/658 1028/334/658
f 1030/317/659 1047/335/659 1032/319/659
f 1047/335/660 1031/336/660 1032/319/660
f 1048/337/661 1035/322/661 1033/320/661
f 1035/322/662 1049/338/662 1034/339/662
f 1051/340/663 1038/325/663 1036/341/663
f 1053/342/664 1037/326/664 1038/343/664
f 1054/344/665 1041/329/665 1039/345/665
f 1056/346/666 1040/347/666 1041/329/666
f 1042/348/667 1059/349/667 1044/332/667
f 1059/349/668 1043/333/668 1044/332/668
f 1060/350/669 1047/335/669 1045/351/669
f 1062/352/670 1046/353/670 1047/335/670
f 1063/354/671 1050/355/671 1048/337/671
f 1050/355/672 1064/356/672 1049/338/672
f 1051/340/673 1068/357/673 1053/358/673
f 1068/359/674 1052/360/674 1053/342/674
f 1069/361/675 1056/346/675 1054/344/675
f 1071/362/676 1055/363/676 1056/346/676
f 1072/364/677 1059/349/677 1057/365/677
f 1059/349/678 1073/366/678 1058/367/678
f 1060/368/679 1077/369/679 1062/370/679
f 1077/369/680 1061/371/680 1062/370/680
f 1063/372/681 1080/373/681 1065/374/681
f 1080/373/682 1064/375/682 1065/374/682
f 1081/376/683 1068/377/683 1066/375/683
f 1068/378/684 1082/379/684 1067/380/684
f 1069/381/685 1086/382/685 1071/383/685
f 1071/383/686 1085/384/686 1070/385/686
f 1072/385/687 1089/386/687 1074/387/687
f 1089/386/688 1073/388/688 1074/387/688
f 1090/389/689 1077/369/689 1075/390/689
f 1092/391/690 1076/392/690 1077/369/690
f 1093/393/691 1080/373/691 1078/394/691
f 1095/395/692 1079/396/692 1080/373/692
f 1096/397/693 1083/398/693 1081/376/693
f 1098/399/694 1082/379/694 1083/400/694
f 1099/401/695 1086/382/695 1084/402/695
f 1101/403/696 1085/384/696 1086/382/696
f 1102/404/697 1089/386/697 1087/405/697
f 1089/386/698 1103/406/698 1088/407/698
f 1105/408/699 1092/391/699 1090/389/699
f 1107/409/700 1091/410/700 1092/391/700
f 1108/411/701 1095/395/701 1093/393/701
f 1095/395/702 1109/412/702 1094/413/702
f 1111/414/703 1098/415/703 1096/397/703
f 1113/416/704 1097/417/704 1098/399/704
f 1099/401/705 1116/418/705 1101/403/705
f 1116/418/706 1100/419/706 1101/403/706
f 1117/420/707 1104/421/707 1102/404/707
f 1104/421/708 1118/422/708 1103/406/708
f 1105/408/709 1122/423/709 1107/409/709
f 1122/423/710 1106/424/710 1107/409/710
f 1108/411/711 1125/425/711 1110/426/711
f 1125/425/712 1109/412/712 1110/426/712
f 1111/414/713 1128/427/713 1113/428/713
f 1128/429/714 1112/430/714 1113/416/714
f 1114/431/715 1131/432/715 1116/418/715
f 1131/432/716 1115/433/716 1116/418/716
f 1117/420/717 1134/434/717 1119/435/717
f 1134/434/718 1118/422/718 1119/435/718
f 1120/436/719 1137/437/719 1122/423/719
f 1137/437/720 1121/438/720 1122/423/720
f 1138/439/721 1125/425/721 1123/440/721
f 1125/425/722 1139/441/722 1124/442/722
f 1141/443/723 1128/427/723 1126/444/723
f 1128/429/724 1142/445/724 1127/446/724
f 1144/447/725 1131/432/725 1129/448/725
f 1131/432/726 1145/449/726 1130/450/726
f 1147/451/727 1134/434/727 1132/452/727
f 1149/453/728 1133/454/728 1134/434/728
f 1135/455/729 1152/456/729 1137/437/729
f 1137/437/730 1151/457/730 1136/458/730
f 1153/459/731 1140/460/731 1138/439/731
f 1155/461/732 1139/441/732 1140/460/732
f 1141/443/733 1158/462/733 1143/463/733
f 1158/464/734 1142/445/734 1143/465/734
f 1159/466/735 1146/467/735 1144/447/735
f 1146/467/736 1160/468/736 1145/449/736
f 1147/451/737 1164/469/737 1149/453/737
f 1164/469/738 1148/470/738 1149/453/738
f 1165/471/739 1152/456/739 1150/472/739
f 1167/473/740 1151/457/740 1152/456/740
f 1168/474/741 1155/461/741 1153/459/741
f 1170/475/742 1154/476/742 1155/461/742
f 1171/477/743 1158/462/743 1156/478/743
f 1173/479/744 1157/480/744 1158/464/744
f 1159/466/745 1176/481/745 1161/482/745
f 1161/482/746 1175/483/746 1160/468/746
f 1177/484/747 1164/469/747 1162/485/747
f 1164/469/748 1178/486/748 1163/487/748
f 1165/471/749 1182/488/749 1167/473/749
f 1182/488/750 1166/489/750 1167/473/750
f 1183/490/751 1170/475/751 1168/474/751
f 1170/475/752 1184/491/752 1169/492/752
f 1171/477/753 1188/493/753 1173/494/753
f 1188/495/754 1172/496/754 1173/479/754
f 1189/497/755 1176/481/755 1174/498/755
f 1191/499/756 1175/483/756 1176/481/756
f 1192/500/757 1179/501/757 1177/484/757
f 1179/501/758 1193/502/758 1178/486/758
f 925/217/759 1182/488/759 927/216/759
f 927/216/760 1180/503/760 926/214/760
f 928/221/761 1185/504/761 930/220/761
f 1185/504/762 929/218/762 930/220/762
f 1187/505/763 933/225/763 931/227/763
f 933/224/764 1186/506/764 932/222/764
f 1190/507/765 936/230/765 934/232/765
f 936/230/766 1189/497/766 935/228/766
f 937/237/767 1194/508/767 939/234/767
f 939/234/768 1192/500/768 938/235/768
f 1181/509/769 929/218/769 1183/490/769
f 925/217/770 943/242/770 929/218/770
f 937/237/771 940/238/771 926/214/771
f 937/237/772 1180/503/772 1193/502/772
f 944/244/773 932/222/773 928/221/773
f 1184/491/774 932/222/774 1186/506/774
f 947/226/775 935/228/775 931/227/775
f 931/227/776 1189/497/776 1187/505/776
f 950/231/777 938/235/777 934/232/777
f 1190/507/778 938/235/778 1192/500/778
f 953/253/779 955/254/779 940/238/779
f 956/257/780 943/242/780 941/240/780
f 959/243/781 946/245/781 944/244/781
f 962/264/782 949/249/782 947/226/782
f 965/268/783 952/233/783 950/231/783
f 968/271/784 970/273/784 955/254/784
f 956/257/785 973/258/785 958/241/785
f 959/243/786 976/279/786 961/261/786
f 962/264/787 979/283/787 964/265/787
f 965/268/788 982/269/788 967/251/788
f 998/287/789 970/273/789 983/270/789
f 986/290/790 973/258/790 971/256/790
f 974/277/791 991/278/791 976/279/791
f 992/280/792 979/283/792 977/281/792
f 980/267/793 997/300/793 982/269/793
f 1013/316/794 985/272/794 998/287/794
f 1001/289/795 988/275/795 986/290/795
f 989/293/574 1006/307/574 991/278/574
f 1007/310/574 994/282/574 992/280/574
f 1010/313/574 997/300/574 995/299/574
f 1028/334/796 1000/288/796 1013/316/796
f 1001/289/797 1018/321/797 1003/291/797
f 1004/306/68 1021/324/68 1006/307/68
f 1022/327/798 1009/311/798 1007/310/798
f 1010/313/799 1027/331/799 1012/314/799
f 1028/334/800 1030/317/800 1015/318/800
f 1016/304/801 1033/320/801 1018/321/801
f 1019/323/802 1036/341/802 1021/324/802
f 1037/326/803 1024/328/803 1022/327/803
f 1025/330/804 1042/348/804 1027/331/804
f 1043/333/805 1045/351/805 1030/317/805
f 1031/336/806 1048/337/806 1033/320/806
f 1034/339/807 1051/340/807 1036/341/807
f 1052/360/808 1039/345/808 1037/326/808
f 1055/363/809 1042/348/809 1040/347/809
f 1073/366/810 1045/351/810 1058/367/810
f 1046/353/811 1063/354/811 1048/337/811
f 1049/338/68 1066/510/68 1051/340/68
f 1067/511/812 1054/344/812 1052/360/812
f 1070/364/813 1057/365/813 1055/363/813
f 1073/388/814 1075/390/814 1060/368/814
f 1076/392/815 1063/372/815 1061/371/815
f 1064/375/816 1081/376/816 1066/375/816
f 1082/379/817 1069/381/817 1067/380/817
f 1070/385/818 1087/405/818 1072/385/818
f 1088/407/819 1090/389/819 1075/390/819
f 1091/410/820 1078/394/820 1076/392/820
f 1079/396/821 1096/397/821 1081/376/821
f 1097/417/822 1084/402/822 1082/379/822
f 1085/384/823 1102/404/823 1087/405/823
f 1118/422/824 1090/389/824 1103/406/824
f 1106/424/825 1093/393/825 1091/410/825
f 1094/413/826 1111/414/826 1096/397/826
f 1112/430/827 1099/401/827 1097/417/827
f 1100/419/828 1117/420/828 1102/404/828
f 1118/422/829 1120/436/829 1105/408/829
f 1121/438/830 1108/411/830 1106/424/830
f 1109/412/831 1126/444/831 1111/414/831
f 1127/446/832 1114/431/832 1112/430/832
f 1115/433/833 1132/452/833 1117/420/833
f 1148/470/834 1120/436/834 1133/454/834
f 1136/458/835 1123/440/835 1121/438/835
f 1124/442/68 1141/443/68 1126/444/68
f 1142/445/68 1129/448/68 1127/446/68
f 1130/450/68 1147/451/68 1132/452/68
f 1148/470/836 1150/472/836 1135/455/836
f 1136/458/837 1153/459/837 1138/439/837
f 1139/441/838 1156/478/838 1141/443/838
f 1157/480/839 1144/447/839 1142/445/839
f 1160/468/840 1147/451/840 1145/449/840
f 1163/487/841 1165/471/841 1150/472/841
f 1151/457/842 1168/474/842 1153/459/842
f 1154/476/843 1171/477/843 1156/478/843
f 1157/480/844 1174/498/844 1159/466/844
f 1175/483/845 1162/485/845 1160/468/845
f 1193/502/846 1165/471/846 1178/486/846
f 1166/489/847 1183/490/847 1168/474/847
f 1169/492/848 1186/506/848 1171/477/848
f 1172/496/849 1189/497/849 1174/498/849
f 1175/483/850 1192/500/850 1177/484/850
f 1/1/851 6/158/851 7/2/851
f 2/4/852 8/168/852 7/5/852
f 3/7/853 9/144/853 7/8/853
f 4/10/854 10/143/854 7/11/854
f 5/13/855 11/142/855 7/14/855
f 12/16/856 17/20/856 18/17/856
f 13/19/857 19/22/857 18/17/857
f 14/21/858 20/24/858 18/17/858
f 15/23/859 21/26/859 18/17/859
f 16/25/860 22/18/860 18/17/860
f 23/27/861 28/141/861 29/28/861
f 24/30/862 30/34/862 29/31/862
f 25/33/863 31/36/863 29/31/863
f 26/35/864 32/145/864 29/31/864
f 27/37/865 33/29/865 29/28/865
f 34/39/866 39/43/866 40/40/866
f 35/42/867 41/45/867 40/40/867
f 36/44/868 42/47/868 40/40/868
f 37/46/869 43/49/869 40/40/869
f 38/48/870 44/41/870 40/40/870
f 45/50/871 50/54/871 51/51/871
f 46/53/872 52/56/872 51/51/872
f 47/55/873 53/58/873 51/51/873
f 48/57/874 54/60/874 51/51/874
f 49/59/875 55/52/875 51/51/875
f 56/61/876 61/64/876 62/62/876
f 57/16/877 63/66/877 62/62/877
f 58/65/878 64/68/878 62/62/878
f 59/67/879 65/70/879 62/62/879
f 60/69/880 66/63/880 62/62/880
f 67/71/881 72/75/881 73/72/881
f 68/74/882 74/77/882 73/72/882
f 69/76/883 75/79/883 73/72/883
f 70/78/884 76/81/884 73/72/884
f 71/80/885 77/73/885 73/72/885
f 78/82/886 83/86/886 84/83/886
f 79/85/887 85/169/887 84/83/887
f 80/87/888 86/91/888 84/88/888
f 81/90/889 87/512/889 84/88/889
f 82/92/890 88/84/890 84/83/890
f 89/94/891 94/98/891 95/95/891
f 90/97/892 96/100/892 95/95/892
f 91/99/893 97/102/893 95/95/893
f 92/101/894 98/104/894 95/95/894
f 93/103/895 99/96/895 95/95/895
f 100/105/896 105/109/896 106/106/896
f 101/108/897 107/111/897 106/106/897
f 102/110/898 108/113/898 106/106/898
f 103/112/899 109/115/899 106/106/899
f 104/114/900 110/107/900 106/106/900
f 111/116/901 116/120/901 117/117/901
f 112/119/902 118/122/902 117/117/902
f 113/121/903 119/124/903 117/117/903
f 114/123/904 120/126/904 117/117/904
f 115/125/905 121/118/905 117/117/905
f 122/127/906 127/146/906 128/128/906
f 123/130/907 129/159/907 128/131/907
f 124/133/908 130/149/908 128/134/908
f 125/136/909 131/148/909 128/137/909
f 126/101/910 132/147/910 128/139/910
f 1/1/911 11/3/911 28/141/911
f 11/142/912 5/13/912 24/30/912
f 4/10/68 12/16/68 22/18/68
f 10/15/523 22/18/523 16/25/523
f 25/33/913 30/34/913 21/26/913
f 21/26/236 30/34/236 24/30/236
f 13/19/914 17/20/914 61/64/914
f 61/64/915 17/20/915 12/16/915
f 3/7/916 58/65/916 63/66/916
f 9/12/574 63/66/574 57/16/574
f 34/39/917 2/4/917 6/6/917
f 39/43/918 6/158/918 1/1/918
f 27/37/919 36/44/919 41/45/919
f 41/45/920 35/42/920 23/27/920
f 45/50/921 3/7/921 8/9/921
f 50/54/922 8/168/922 2/4/922
f 38/48/923 47/55/923 52/56/923
f 44/41/924 52/56/924 46/53/924
f 49/59/925 59/67/925 64/68/925
f 64/68/926 58/65/926 45/50/926
f 14/21/927 19/22/927 116/120/927
f 19/22/928 13/19/928 112/119/928
f 60/69/929 113/121/929 118/122/929
f 66/63/930 118/122/930 112/119/930
f 67/71/931 26/35/931 31/36/931
f 72/75/932 31/36/932 25/33/932
f 14/21/933 69/76/933 74/77/933
f 20/24/934 74/77/934 68/74/934
f 37/46/935 42/47/935 83/86/935
f 42/47/936 36/44/936 79/85/936
f 26/35/937 80/87/937 85/89/937
f 32/38/938 85/169/938 79/85/938
f 48/57/939 53/58/939 94/98/939
f 94/98/940 53/58/940 47/55/940
f 37/46/941 91/99/941 96/100/941
f 43/49/942 96/100/942 90/97/942
f 60/69/943 65/70/943 105/109/943
f 105/109/944 65/70/944 59/67/944
f 102/110/945 107/111/945 54/60/945
f 107/111/946 101/108/946 49/59/946
f 70/78/947 75/79/947 121/118/947
f 75/79/948 69/76/948 111/116/948
f 71/80/949 81/90/949 86/91/949
f 86/91/950 80/87/950 67/71/950
f 82/92/68 92/101/68 97/102/68
f 97/102/951 91/99/951 78/82/951
f 103/112/952 108/113/952 99/96/952
f 99/96/953 108/113/953 102/110/953
f 104/114/954 114/123/954 119/124/954
f 119/124/955 113/121/955 100/105/955
f 71/80/956 76/81/956 127/146/956
f 76/81/957 70/78/957 123/130/957
f 124/133/958 129/135/958 120/126/958
f 120/126/959 129/159/959 123/130/959
f 126/101/68 82/92/68 87/93/68
f 132/129/960 87/512/960 81/90/960
f 125/136/961 93/103/961 98/104/961
f 131/140/68 98/104/68 92/101/68
f 124/133/962 104/114/962 109/115/962
f 130/138/963 109/115/963 103/112/963
f 133/1/964 138/158/964 139/2/964
f 134/4/852 140/168/852 139/5/852
f 135/7/853 141/144/853 139/8/853
f 136/10/854 142/143/854 139/11/854
f 137/13/855 143/142/855 139/14/855
f 144/16/856 149/20/856 150/17/856
f 145/19/857 151/22/857 150/17/857
f 146/150/858 152/24/858 150/17/858
f 147/23/859 153/26/859 150/17/859
f 148/25/860 154/18/860 150/17/860
f 155/27/965 160/141/965 161/28/965
f 156/30/862 162/34/862 161/31/862
f 157/33/863 163/36/863 161/31/863
f 158/35/864 164/145/864 161/31/864
f 159/37/865 165/29/865 161/28/865
f 166/39/966 171/43/966 172/40/966
f 167/42/867 173/45/867 172/40/867
f 168/44/967 174/47/967 172/40/967
f 169/46/869 175/49/869 172/40/869
f 170/48/968 176/151/968 172/40/968
f 177/50/871 182/54/871 183/51/871
f 178/53/872 184/152/872 183/51/872
f 179/55/873 185/58/873 183/51/873
f 180/57/874 186/60/874 183/51/874
f 181/59/969 187/52/969 183/51/969
f 188/61/876 193/153/876 194/62/876
f 189/16/970 195/66/970 194/62/970
f 190/65/878 196/154/878 194/62/878
f 191/67/971 197/70/971 194/62/971
f 192/69/880 198/63/880 194/62/880
f 199/71/881 204/75/881 205/72/881
f 200/74/972 206/155/972 205/72/972
f 201/76/883 207/79/883 205/72/883
f 202/78/973 208/81/973 205/72/973
f 203/80/885 209/73/885 205/72/885
f 210/82/974 215/86/974 216/83/974
f 211/85/887 217/169/887 216/83/887
f 212/87/888 218/91/888 216/88/888
f 213/90/889 219/512/889 216/88/889
f 214/92/890 220/156/890 216/83/890
f 221/94/975 226/98/975 227/95/975
f 222/97/892 228/100/892 227/95/892
f 223/99/893 229/102/893 227/95/893
f 224/101/976 230/104/976 227/95/976
f 225/103/895 231/96/895 227/95/895
f 232/105/896 237/109/896 238/106/896
f 233/108/897 239/111/897 238/106/897
f 234/110/977 240/113/977 238/106/977
f 235/112/899 241/115/899 238/106/899
f 236/114/978 242/107/978 238/106/978
f 243/116/901 248/120/901 249/117/901
f 244/119/902 250/157/902 249/117/902
f 245/121/903 251/124/903 249/117/903
f 246/123/904 252/126/904 249/117/904
f 247/125/905 253/118/905 249/117/905
f 254/127/906 259/146/906 260/128/906
f 255/130/979 261/159/979 260/131/979
f 256/133/908 262/149/908 260/134/908
f 257/136/909 263/148/909 260/137/909
f 258/101/910 264/147/910 260/139/910
f 133/1/980 143/3/980 160/141/980
f 160/32/62 143/142/62 137/13/62
f 136/10/68 144/16/68 154/18/68
f 154/18/981 148/25/981 137/13/981
f 147/23/982 157/33/982 162/34/982
f 162/34/983 156/30/983 148/25/983
f 145/19/984 149/20/984 193/153/984
f 193/153/985 149/20/985 144/16/985
f 135/7/986 190/65/986 195/66/986
f 141/12/987 195/66/987 189/16/987
f 134/4/988 138/6/988 171/43/988
f 138/158/989 133/1/989 167/42/989
f 159/37/990 168/44/990 173/45/990
f 165/29/991 173/45/991 167/42/991
f 135/7/992 140/9/992 182/54/992
f 182/54/993 140/168/993 134/4/993
f 179/55/994 184/152/994 176/151/994
f 184/152/995 178/53/995 166/39/995
f 181/59/996 191/67/996 196/154/996
f 196/154/997 190/65/997 177/50/997
f 243/116/998 146/150/998 151/22/998
f 248/120/999 151/22/999 145/19/999
f 192/69/1000 245/121/1000 250/157/1000
f 198/63/1001 250/157/1001 244/119/1001
f 199/71/1002 158/35/1002 163/36/1002
f 204/75/1003 163/36/1003 157/33/1003
f 201/76/1004 206/155/1004 152/24/1004
f 152/24/1005 206/155/1005 200/74/1005
f 210/82/544 169/46/544 174/47/544
f 215/86/1006 174/47/1006 168/44/1006
f 212/87/1007 217/89/1007 164/145/1007
f 164/38/1008 217/169/1008 211/85/1008
f 221/94/1009 180/57/1009 185/58/1009
f 185/58/1010 179/55/1010 222/97/1010
f 223/99/1011 228/100/1011 175/49/1011
f 228/100/1012 222/97/1012 170/48/1012
f 192/69/1013 197/70/1013 237/109/1013
f 237/109/1014 197/70/1014 191/67/1014
f 234/110/1015 239/111/1015 186/60/1015
f 186/60/1016 239/111/1016 233/108/1016
f 247/125/1017 202/78/1017 207/79/1017
f 207/79/1018 201/76/1018 243/116/1018
f 203/80/1019 213/90/1019 218/91/1019
f 209/73/1020 218/91/1020 212/87/1020
f 214/92/68 224/101/68 229/102/68
f 229/102/951 223/99/951 210/82/951
f 225/103/1021 235/112/1021 240/113/1021
f 231/96/1022 240/113/1022 234/110/1022
f 236/114/1023 246/123/1023 251/124/1023
f 251/124/1024 245/121/1024 232/105/1024
f 203/80/1025 208/81/1025 259/146/1025
f 259/132/422 208/81/422 202/78/422
f 246/123/1026 256/133/1026 261/135/1026
f 261/159/1027 255/130/1027 247/125/1027
f 258/101/68 214/92/68 219/93/68
f 264/129/1028 219/512/1028 213/90/1028
f 225/103/1029 230/104/1029 263/148/1029
f 263/140/1030 230/104/1030 224/101/1030
f 256/133/1031 236/114/1031 241/115/1031
f 241/115/1032 235/112/1032 257/136/1032
f 265/1/851 270/158/851 271/2/851
f 266/4/852 272/168/852 271/5/852
f 267/7/853 273/144/853 271/8/853
f 268/10/1033 274/143/1033 271/11/1033
f 269/13/855 275/142/855 271/14/855
f 276/16/856 281/20/856 282/17/856
f 277/19/1034 283/22/1034 282/17/1034
f 278/150/858 284/24/858 282/17/858
f 279/23/859 285/26/859 282/17/859
f 280/25/860 286/18/860 282/17/860
f 287/27/861 292/141/861 293/28/861
f 288/30/862 294/34/862 293/31/862
f 289/33/863 295/36/863 293/31/863
f 290/35/1035 296/145/1035 293/31/1035
f 291/37/865 297/29/865 293/28/865
f 298/39/866 303/43/866 304/160/866
f 299/42/867 305/45/867 304/160/867
f 300/44/868 306/161/868 304/160/868
f 301/46/869 307/49/869 304/160/869
f 302/48/870 308/151/870 304/160/870
f 309/50/871 314/54/871 315/51/871
f 310/53/1036 316/56/1036 315/51/1036
f 311/55/873 317/58/873 315/51/873
f 312/57/874 318/60/874 315/51/874
f 313/59/875 319/52/875 315/51/875
f 320/61/876 325/153/876 326/162/876
f 321/16/970 327/66/970 326/162/970
f 322/65/878 328/163/878 326/162/878
f 323/67/879 329/70/879 326/162/879
f 324/69/880 330/63/880 326/162/880
f 331/71/881 336/75/881 337/72/881
f 332/164/972 338/155/972 337/72/972
f 333/76/883 339/79/883 337/72/883
f 334/78/884 340/81/884 337/72/884
f 335/80/885 341/73/885 337/72/885
f 342/82/886 347/86/886 348/83/886
f 343/85/887 349/169/887 348/83/887
f 344/87/888 350/91/888 348/88/888
f 345/90/889 351/512/889 348/88/889
f 346/92/890 352/156/890 348/83/890
f 353/94/975 358/98/975 359/95/975
f 354/97/892 360/100/892 359/95/892
f 355/99/893 361/102/893 359/95/893
f 356/101/894 362/104/894 359/95/894
f 357/103/895 363/96/895 359/95/895
f 364/105/896 369/109/896 370/106/896
f 365/108/897 371/111/897 370/106/897
f 366/110/977 372/165/977 370/106/977
f 367/112/899 373/115/899 370/106/899
f 368/114/900 374/107/900 370/106/900
f 375/116/901 380/120/901 381/166/901
f 376/119/902 382/167/902 381/166/902
f 377/121/903 383/124/903 381/166/903
f 378/123/1037 384/126/1037 381/166/1037
f 379/125/905 385/118/905 381/166/905
f 386/127/906 391/146/906 392/128/906
f 387/130/907 393/159/907 392/131/907
f 388/133/908 394/149/908 392/134/908
f 389/136/909 395/148/909 392/137/909
f 390/101/1038 396/147/1038 392/139/1038
f 287/27/1039 265/1/1039 275/3/1039
f 292/32/1040 275/142/1040 269/13/1040
f 268/10/68 276/16/68 286/18/68
f 274/15/1041 286/18/1041 280/25/1041
f 289/33/1042 294/34/1042 285/26/1042
f 294/34/1043 288/30/1043 280/25/1043
f 277/19/914 281/20/914 325/153/914
f 325/153/915 281/20/915 276/16/915
f 322/65/1044 327/66/1044 273/144/1044
f 273/12/1045 327/66/1045 321/16/1045
f 266/4/1046 270/6/1046 303/43/1046
f 270/158/1047 265/1/1047 299/42/1047
f 291/37/1048 300/44/1048 305/45/1048
f 297/29/1049 305/45/1049 299/42/1049
f 267/7/1050 272/9/1050 314/54/1050
f 272/168/1051 266/4/1051 310/53/1051
f 302/48/1052 311/55/1052 316/56/1052
f 316/56/1053 310/53/1053 298/39/1053
f 313/59/1054 323/67/1054 328/163/1054
f 328/163/1055 322/65/1055 309/50/1055
f 375/116/1056 278/150/1056 283/22/1056
f 283/22/1057 277/19/1057 376/119/1057
f 324/69/1058 377/121/1058 382/167/1058
f 330/63/1059 382/167/1059 376/119/1059
f 331/71/1060 290/35/1060 295/36/1060
f 336/75/1061 295/36/1061 289/33/1061
f 333/76/1062 338/155/1062 284/24/1062
f 284/24/1063 338/155/1063 332/164/1063
f 342/82/1064 301/46/1064 306/161/1064
f 347/86/1065 306/161/1065 300/44/1065
f 344/87/1066 349/89/1066 296/145/1066
f 349/169/1067 343/85/1067 291/37/1067
f 312/57/1068 317/58/1068 358/98/1068
f 358/98/1069 317/58/1069 311/55/1069
f 355/99/1070 360/100/1070 307/49/1070
f 360/100/1071 354/97/1071 302/48/1071
f 364/105/1072 324/69/1072 329/70/1072
f 329/70/1073 323/67/1073 365/108/1073
f 312/57/98 366/110/98 371/111/98
f 371/111/1074 365/108/1074 313/59/1074
f 379/125/1075 334/78/1075 339/79/1075
f 385/118/1076 339/79/1076 333/76/1076
f 335/80/1077 345/90/1077 350/91/1077
f 341/73/1078 350/91/1078 344/87/1078
f 346/92/68 356/101/68 361/102/68
f 361/102/951 355/99/951 342/82/951
f 367/112/1079 372/165/1079 363/96/1079
f 363/96/1080 372/165/1080 366/110/1080
f 368/114/1081 378/123/1081 383/124/1081
f 383/124/1082 377/121/1082 364/105/1082
f 386/127/1083 335/80/1083 340/81/1083
f 391/132/1084 340/81/1084 334/78/1084
f 388/133/1085 393/135/1085 384/126/1085
f 393/159/1086 387/130/1086 379/125/1086
f 390/101/68 346/92/68 351/93/68
f 396/129/1028 351/512/1028 345/90/1028
f 389/136/1087 357/103/1087 362/104/1087
f 395/140/1088 362/104/1088 356/101/1088
f 368/114/1089 373/115/1089 394/149/1089
f 394/138/1090 373/115/1090 367/112/1090
f 397/1/851 402/158/851 403/2/851
f 398/4/852 404/168/852 403/5/852
f 399/170/853 405/144/853 403/8/853
f 400/10/854 406/143/854 403/11/854
f 401/171/855 407/142/855 403/14/855
f 408/16/856 413/172/856 414/17/856
f 409/19/857 415/22/857 414/17/857
f 410/173/858 416/174/858 414/17/858
f 411/23/859 417/26/859 414/17/859
f 412/175/860 418/18/860 414/17/860
f 419/27/965 424/141/965 425/28/965
f 420/30/862 426/179/862 425/177/862
f 421/178/863 427/36/863 425/177/863
f 422/35/1035 428/145/1035 425/177/1035
f 423/37/865 429/176/865 425/28/865
f 430/39/966 435/182/966 436/40/966
f 431/181/867 437/45/867 436/40/867
f 432/44/868 438/47/868 436/40/868
f 433/183/869 439/49/869 436/40/869
f 434/48/870 440/180/870 436/40/870
f 441/184/871 446/54/871 447/51/871
f 442/53/872 448/152/872 447/51/872
f 443/186/873 449/58/873 447/51/873
f 444/57/874 450/60/874 447/51/874
f 445/187/969 451/185/969 447/51/969
f 452/61/876 457/189/876 458/162/876
f 453/16/970 459/66/970 458/162/970
f 454/65/878 460/68/878 458/162/878
f 455/67/879 461/70/879 458/162/879
f 456/69/880 462/188/880 458/162/880
f 463/190/881 468/75/881 469/72/881
f 464/74/882 470/155/882 469/72/882
f 465/76/883 471/79/883 469/72/883
f 466/78/973 472/191/973 469/72/973
f 467/80/885 473/73/885 469/72/885
f 474/82/886 479/86/886 480/83/886
f 475/85/887 481/169/887 480/83/887
f 476/87/888 482/192/888 480/88/888
f 477/90/889 483/512/889 480/88/889
f 478/92/890 484/84/890 480/83/890
f 485/193/891 490/98/891 491/95/891
f 486/97/892 492/195/892 491/95/892
f 487/194/893 493/102/893 491/95/893
f 488/101/894 494/196/894 491/95/894
f 489/103/895 495/96/895 491/95/895
f 496/105/896 501/198/896 502/106/896
f 497/108/897 503/111/897 502/106/897
f 498/110/898 504/199/898 502/106/898
f 499/112/1091 505/115/1091 502/106/1091
f 500/114/978 506/197/978 502/106/978
f 507/200/901 512/120/901 513/201/901
f 508/119/902 514/122/902 513/201/902
f 509/202/903 515/124/903 513/201/903
f 510/123/904 516/203/904 513/201/904
f 511/125/905 517/118/905 513/201/905
f 518/204/906 523/146/906 524/128/906
f 519/130/907 525/159/907 524/131/907
f 520/133/908 526/149/908 524/134/908
f 521/136/909 527/148/909 524/137/909
f 522/101/910 528/147/910 524/139/910
f 419/27/1092 397/1/1092 407/3/1092
f 424/32/1093 407/142/1093 401/171/1093
f 400/10/68 408/16/68 418/18/68
f 418/18/1094 412/175/1094 401/171/1094
f 411/23/1095 421/178/1095 426/179/1095
f 417/26/1096 426/179/1096 420/30/1096
f 409/19/1097 413/172/1097 457/189/1097
f 457/189/1098 413/172/1098 408/16/1098
f 399/170/1099 454/65/1099 459/66/1099
f 405/12/304 459/66/304 453/16/304
f 398/4/1100 402/6/1100 435/182/1100
f 435/182/1101 402/158/1101 397/1/1101
f 432/44/1102 437/45/1102 429/176/1102
f 429/176/1103 437/45/1103 431/181/1103
f 399/170/1104 404/9/1104 446/54/1104
f 446/54/1105 404/168/1105 398/4/1105
f 443/186/1106 448/152/1106 440/180/1106
f 440/180/391 448/152/391 442/53/391
f 445/187/1107 455/67/1107 460/68/1107
f 460/68/1108 454/65/1108 441/184/1108
f 410/173/1109 415/22/1109 512/120/1109
f 415/22/1110 409/19/1110 508/119/1110
f 456/69/1111 509/202/1111 514/122/1111
f 462/188/1112 514/122/1112 508/119/1112
f 463/190/1113 422/35/1113 427/36/1113
f 468/75/1114 427/36/1114 421/178/1114
f 465/76/1115 470/155/1115 416/174/1115
f 416/174/1116 470/155/1116 464/74/1116
f 433/183/1117 438/47/1117 479/86/1117
f 438/47/1118 432/44/1118 475/85/1118
f 422/35/1119 476/87/1119 481/89/1119
f 428/38/1120 481/169/1120 475/85/1120
f 444/57/1121 449/58/1121 490/98/1121
f 449/58/1122 443/186/1122 486/97/1122
f 433/183/1123 487/194/1123 492/195/1123
f 439/49/1124 492/195/1124 486/97/1124
f 456/69/1125 461/70/1125 501/198/1125
f 461/70/1126 455/67/1126 497/108/1126
f 498/110/1127 503/111/1127 450/60/1127
f 503/111/1128 497/108/1128 445/187/1128
f 511/125/1129 466/78/1129 471/79/1129
f 471/79/1130 465/76/1130 507/200/1130
f 477/90/1131 482/192/1131 473/73/1131
f 482/192/1132 476/87/1132 463/190/1132
f 478/92/68 488/101/68 493/102/68
f 493/102/1133 487/194/1133 474/82/1133
f 499/112/1134 504/199/1134 495/96/1134
f 495/96/1135 504/199/1135 498/110/1135
f 510/123/1136 515/124/1136 506/197/1136
f 515/124/1137 509/202/1137 496/105/1137
f 467/80/1138 472/191/1138 523/146/1138
f 523/132/422 472/191/422 466/78/422
f 520/133/1139 525/135/1139 516/203/1139
f 516/203/1140 525/159/1140 519/130/1140
f 522/101/68 478/92/68 483/93/68
f 528/129/1141 483/512/1141 477/90/1141
f 521/136/1142 489/103/1142 494/196/1142
f 527/140/1143 494/196/1143 488/101/1143
f 520/133/1144 500/114/1144 505/115/1144
f 526/138/1145 505/115/1145 499/112/1145
f 529/1/851 534/158/851 535/2/851
f 530/4/852 536/168/852 535/5/852
f 531/170/853 537/144/853 535/8/853
f 532/10/854 538/143/854 535/11/854
f 533/171/855 539/142/855 535/14/855
f 540/16/856 545/172/856 546/17/856
f 541/19/857 547/22/857 546/17/857
f 542/173/858 548/174/858 546/17/858
f 543/23/859 549/26/859 546/17/859
f 544/25/860 550/18/860 546/17/860
f 551/27/861 556/141/861 557/28/861
f 552/30/862 558/179/862 557/177/862
f 553/178/863 559/36/863 557/177/863
f 554/35/864 560/145/864 557/177/864
f 555/37/865 561/176/865 557/28/865
f 562/39/866 567/182/866 568/205/866
f 563/181/867 569/45/867 568/205/867
f 564/44/868 570/47/868 568/205/868
f 565/183/869 571/49/869 568/205/869
f 566/48/870 572/180/870 568/205/870
f 573/184/871 578/54/871 579/51/871
f 574/53/1036 580/206/1036 579/51/1036
f 575/186/873 581/58/873 579/51/873
f 576/57/874 582/60/874 579/51/874
f 577/187/875 583/185/875 579/51/875
f 584/61/876 589/153/876 590/207/876
f 585/16/970 591/66/970 590/207/970
f 586/65/878 592/154/878 590/207/878
f 587/67/879 593/70/879 590/207/879
f 588/69/880 594/188/880 590/207/880
f 595/190/881 600/75/881 601/72/881
f 596/74/972 602/77/972 601/72/972
f 597/76/883 603/79/883 601/72/883
f 598/78/884 604/191/884 601/72/884
f 599/80/885 605/73/885 601/72/885
f 606/82/974 611/86/974 612/208/974
f 607/85/887 613/169/887 612/208/887
f 608/87/888 614/192/888 612/88/888
f 609/90/889 615/512/889 612/88/889
f 610/92/890 616/84/890 612/208/890
f 617/193/975 622/98/975 623/209/975
f 618/97/892 624/195/892 623/209/892
f 619/194/893 625/102/893 623/209/893
f 620/101/976 626/196/976 623/209/976
f 621/103/895 627/96/895 623/209/895
f 628/105/896 633/198/896 634/106/896
f 629/108/897 635/111/897 634/106/897
f 630/110/977 636/199/977 634/106/977
f 631/210/899 637/115/899 634/106/899
f 632/114/900 638/197/900 634/106/900
f 639/200/901 644/120/901 645/166/901
f 640/119/902 646/167/902 645/166/902
f 641/202/903 647/124/903 645/166/903
f 642/123/904 648/203/904 645/166/904
f 643/125/905 649/118/905 645/166/905
f 650/204/906 655/146/906 656/128/906
f 651/130/907 657/159/907 656/131/907
f 652/133/908 658/149/908 656/134/908
f 653/136/909 659/148/909 656/137/909
f 654/101/910 660/147/910 656/139/910
f 529/1/1146 539/3/1146 556/141/1146
f 539/142/1147 533/171/1147 552/30/1147
f 532/10/68 540/16/68 550/18/68
f 538/15/1148 550/18/1148 544/25/1148
f 543/23/1149 553/178/1149 558/179/1149
f 558/179/1150 552/30/1150 544/25/1150
f 541/19/1151 545/172/1151 589/153/1151
f 589/153/915 545/172/915 540/16/915
f 531/170/1152 586/65/1152 591/66/1152
f 537/12/1153 591/66/1153 585/16/1153
f 562/39/1154 530/4/1154 534/6/1154
f 567/182/1155 534/158/1155 529/1/1155
f 555/37/1156 564/44/1156 569/45/1156
f 561/176/1157 569/45/1157 563/181/1157
f 531/170/1158 536/9/1158 578/54/1158
f 578/54/1159 536/168/1159 530/4/1159
f 575/186/1160 580/206/1160 572/180/1160
f 580/206/1161 574/53/1161 562/39/1161
f 577/187/1107 587/67/1107 592/154/1107
f 592/154/1162 586/65/1162 573/184/1162
f 639/200/1163 542/173/1163 547/22/1163
f 644/120/1164 547/22/1164 541/19/1164
f 588/69/1165 641/202/1165 646/167/1165
f 594/188/1166 646/167/1166 640/119/1166
f 554/35/1167 559/36/1167 600/75/1167
f 559/36/1168 553/178/1168 596/74/1168
f 597/76/1169 602/77/1169 548/174/1169
f 548/174/1170 602/77/1170 596/74/1170
f 606/82/1171 565/183/1171 570/47/1171
f 570/47/1172 564/44/1172 607/85/1172
f 608/87/1173 613/89/1173 560/145/1173
f 560/38/1174 613/169/1174 607/85/1174
f 617/193/1175 576/57/1175 581/58/1175
f 622/98/1176 581/58/1176 575/186/1176
f 619/194/1177 624/195/1177 571/49/1177
f 624/195/1178 618/97/1178 566/48/1178
f 588/69/1179 593/70/1179 633/198/1179
f 633/198/1180 593/70/1180 587/67/1180
f 576/57/1181 630/110/1181 635/111/1181
f 635/111/1182 629/108/1182 577/187/1182
f 598/78/1183 603/79/1183 649/118/1183
f 603/79/1184 597/76/1184 639/200/1184
f 599/80/1185 609/90/1185 614/192/1185
f 605/73/1186 614/192/1186 608/87/1186
f 610/92/68 620/101/68 625/102/68
f 625/102/105 619/194/105 606/82/105
f 631/210/1187 636/199/1187 627/96/1187
f 627/96/1135 636/199/1135 630/110/1135
f 642/123/1188 647/124/1188 638/197/1188
f 647/124/1189 641/202/1189 628/105/1189
f 599/80/1190 604/191/1190 655/146/1190
f 604/191/1191 598/78/1191 651/130/1191
f 642/123/1192 652/133/1192 657/135/1192
f 648/203/1193 657/159/1193 651/130/1193
f 654/101/68 610/92/68 615/93/68
f 660/129/1194 615/512/1194 609/90/1194
f 621/103/1195 626/196/1195 659/148/1195
f 659/140/1196 626/196/1196 620/101/1196
f 652/133/1197 632/114/1197 637/115/1197
f 658/138/1198 637/115/1198 631/210/1198
f 661/1/851 666/158/851 667/2/851
f 662/4/852 668/168/852 667/5/852
f 663/7/853 669/144/853 667/8/853
f 664/10/1033 670/143/1033 667/11/1033
f 665/13/855 671/142/855 667/14/855
f 672/16/856 677/20/856 678/17/856
f 673/19/857 679/22/857 678/17/857
f 674/150/858 680/24/858 678/17/858
f 675/23/859 681/26/859 678/17/859
f 676/25/860 682/18/860 678/17/860
f 683/27/861 688/141/861 689/28/861
f 684/30/862 690/34/862 689/31/862
f 685/33/863 691/36/863 689/31/863
f 686/35/1035 692/145/1035 689/31/1035
f 687/37/865 693/29/865 689/28/865
f 694/39/966 699/43/966 700/160/966
f 695/42/867 701/45/867 700/160/867
f 696/44/868 702/47/868 700/160/868
f 697/46/869 703/49/869 700/160/869
f 698/48/870 704/151/870 700/160/870
f 705/50/871 710/54/871 711/51/871
f 706/53/872 712/152/872 711/51/872
f 707/186/873 713/58/873 711/51/873
f 708/57/874 714/60/874 711/51/874
f 709/59/875 715/52/875 711/51/875
f 716/61/876 721/189/876 722/162/876
f 717/16/970 723/66/970 722/162/970
f 718/65/878 724/163/878 722/162/878
f 719/67/879 725/70/879 722/162/879
f 720/69/880 726/63/880 722/162/880
f 727/71/881 732/75/881 733/72/881
f 728/164/882 734/77/882 733/72/882
f 729/76/883 735/79/883 733/72/883
f 730/78/884 736/81/884 733/72/884
f 731/80/885 737/73/885 733/72/885
f 738/82/886 743/86/886 744/83/886
f 739/85/887 745/169/887 744/83/887
f 740/87/888 746/91/888 744/88/888
f 741/90/889 747/512/889 744/88/889
f 742/92/890 748/84/890 744/83/890
f 749/94/975 754/98/975 755/95/975
f 750/97/892 756/100/892 755/95/892
f 751/99/893 757/102/893 755/95/893
f 752/101/894 758/104/894 755/95/894
f 753/103/895 759/96/895 755/95/895
f 760/105/896 765/109/896 766/106/896
f 761/108/897 767/111/897 766/106/897
f 762/110/977 768/199/977 766/106/977
f 763/112/899 769/115/899 766/106/899
f 764/114/900 770/107/900 766/106/900
f 771/116/901 776/120/901 777/166/901
f 772/119/902 778/157/902 777/166/902
f 773/121/903 779/124/903 777/166/903
f 774/123/1037 780/126/1037 777/166/1037
f 775/125/905 781/118/905 777/166/905
f 782/127/906 787/146/906 788/128/906
f 783/130/907 789/159/907 788/131/907
f 784/133/908 790/149/908 788/134/908
f 785/136/909 791/148/909 788/137/909
f 786/101/910 792/147/910 788/139/910
f 683/27/1199 661/1/1199 671/3/1199
f 688/32/1200 671/142/1200 665/13/1200
f 664/10/68 672/16/68 682/18/68
f 670/15/1201 682/18/1201 676/25/1201
f 685/33/1202 690/34/1202 681/26/1202
f 690/34/1203 684/30/1203 676/25/1203
f 673/19/1204 677/20/1204 721/189/1204
f 721/189/985 677/20/985 672/16/985
f 718/65/1205 723/66/1205 669/144/1205
f 669/12/1201 723/66/1201 717/16/1201
f 694/39/1206 662/4/1206 666/6/1206
f 699/43/1207 666/158/1207 661/1/1207
f 687/37/1208 696/44/1208 701/45/1208
f 693/29/1209 701/45/1209 695/42/1209
f 705/50/1210 663/7/1210 668/9/1210
f 710/54/1211 668/168/1211 662/4/1211
f 707/186/1212 712/152/1212 704/151/1212
f 704/151/1213 712/152/1213 706/53/1213
f 709/59/1214 719/67/1214 724/163/1214
f 715/52/1215 724/163/1215 718/65/1215
f 771/116/1216 674/150/1216 679/22/1216
f 776/120/1217 679/22/1217 673/19/1217
f 773/121/1218 778/157/1218 726/63/1218
f 778/157/1219 772/119/1219 716/61/1219
f 727/71/1220 686/35/1220 691/36/1220
f 691/36/1221 685/33/1221 728/164/1221
f 674/150/1222 729/76/1222 734/77/1222
f 734/77/1223 728/164/1223 675/23/1223
f 738/82/1224 697/46/1224 702/47/1224
f 702/47/1225 696/44/1225 739/85/1225
f 740/87/1226 745/89/1226 692/145/1226
f 745/169/1227 739/85/1227 687/37/1227
f 749/94/1228 708/57/1228 713/58/1228
f 713/58/1229 707/186/1229 750/97/1229
f 751/99/1230 756/100/1230 703/49/1230
f 703/49/1231 756/100/1231 750/97/1231
f 760/105/1232 720/69/1232 725/70/1232
f 725/70/1233 719/67/1233 761/108/1233
f 708/57/1234 762/110/1234 767/111/1234
f 714/60/1235 767/111/1235 761/108/1235
f 730/78/1236 735/79/1236 781/118/1236
f 781/118/1237 735/79/1237 729/76/1237
f 731/80/1238 741/90/1238 746/91/1238
f 737/73/1239 746/91/1239 740/87/1239
f 742/92/68 752/101/68 757/102/68
f 757/102/951 751/99/951 738/82/951
f 753/103/1240 763/112/1240 768/199/1240
f 768/199/1241 762/110/1241 749/94/1241
f 774/123/1242 779/124/1242 770/107/1242
f 779/124/1243 773/121/1243 760/105/1243
f 782/127/1244 731/80/1244 736/81/1244
f 787/132/1245 736/81/1245 730/78/1245
f 784/133/1246 789/135/1246 780/126/1246
f 780/126/1247 789/159/1247 783/130/1247
f 786/101/68 742/92/68 747/93/68
f 792/129/1248 747/512/1248 741/90/1248
f 785/136/1249 753/103/1249 758/104/1249
f 791/140/1248 758/104/1248 752/101/1248
f 784/133/1250 764/114/1250 769/115/1250
f 790/138/1251 769/115/1251 763/112/1251
f 793/1/851 798/158/851 799/2/851
f 794/4/852 800/168/852 799/5/852
f 795/170/853 801/144/853 799/8/853
f 796/10/1033 802/143/1033 799/11/1033
f 797/171/855 803/142/855 799/14/855
f 804/16/856 809/172/856 810/17/856
f 805/19/857 811/22/857 810/17/857
f 806/173/858 812/174/858 810/17/858
f 807/23/859 813/26/859 810/17/859
f 808/175/860 814/18/860 810/17/860
f 815/27/861 820/141/861 821/28/861
f 816/30/862 822/179/862 821/177/862
f 817/178/863 823/36/863 821/177/863
f 818/35/864 824/145/864 821/177/864
f 819/37/865 825/176/865 821/28/865
f 826/39/866 831/182/866 832/40/866
f 827/181/867 833/45/867 832/40/867
f 828/44/868 834/47/868 832/40/868
f 829/183/869 835/49/869 832/40/869
f 830/48/870 836/41/870 832/40/870
f 837/184/871 842/54/871 843/51/871
f 838/53/1036 844/206/1036 843/51/1036
f 839/186/873 845/58/873 843/51/873
f 840/57/874 846/60/874 843/51/874
f 841/187/875 847/185/875 843/51/875
f 848/61/876 853/64/876 854/162/876
f 849/16/970 855/66/970 854/162/970
f 850/65/878 856/163/878 854/162/878
f 851/67/879 857/70/879 854/162/879
f 852/69/880 858/188/880 854/162/880
f 859/190/881 864/75/881 865/72/881
f 860/74/882 866/77/882 865/72/882
f 861/76/883 867/79/883 865/72/883
f 862/78/884 868/191/884 865/72/884
f 863/80/885 869/211/885 865/72/885
f 870/82/886 875/86/886 876/208/886
f 871/85/887 877/169/887 876/208/887
f 872/87/888 878/192/888 876/88/888
f 873/90/889 879/512/889 876/88/889
f 874/92/890 880/84/890 876/208/890
f 881/193/975 886/98/975 887/95/975
f 882/97/892 888/195/892 887/95/892
f 883/194/893 889/102/893 887/95/893
f 884/101/894 890/196/894 887/95/894
f 885/103/895 891/96/895 887/95/895
f 892/105/896 897/198/896 898/106/896
f 893/108/897 899/111/897 898/106/897
f 894/110/977 900/212/977 898/106/977
f 895/210/899 901/115/899 898/106/899
f 896/114/900 902/197/900 898/106/900
f 903/200/901 908/120/901 909/201/901
f 904/119/902 910/213/902 909/201/902
f 905/202/903 911/124/903 909/201/903
f 906/123/1037 912/203/1037 909/201/1037
f 907/125/905 913/118/905 909/201/905
f 914/204/906 919/146/906 920/128/906
f 915/130/907 921/159/907 920/131/907
f 916/133/908 922/149/908 920/134/908
f 917/136/909 923/148/909 920/137/909
f 918/101/1038 924/147/1038 920/139/1038
f 815/27/1252 793/1/1252 803/3/1252
f 820/32/1253 803/142/1253 797/171/1253
f 796/10/68 804/16/68 814/18/68
f 814/18/1254 808/175/1254 797/171/1254
f 807/23/1255 817/178/1255 822/179/1255
f 813/26/1256 822/179/1256 816/30/1256
f 805/19/914 809/172/914 853/64/914
f 853/64/915 809/172/915 804/16/915
f 795/170/1257 850/65/1257 855/66/1257
f 801/12/1258 855/66/1258 849/16/1258
f 826/39/917 794/4/917 798/6/917
f 831/182/1259 798/158/1259 793/1/1259
f 819/37/1260 828/44/1260 833/45/1260
f 833/45/1261 827/181/1261 815/27/1261
f 837/184/1262 795/170/1262 800/9/1262
f 800/168/1263 794/4/1263 838/53/1263
f 830/48/1264 839/186/1264 844/206/1264
f 844/206/1265 838/53/1265 826/39/1265
f 851/67/1266 856/163/1266 847/185/1266
f 856/163/1267 850/65/1267 837/184/1267
f 806/173/1268 811/22/1268 908/120/1268
f 811/22/1269 805/19/1269 904/119/1269
f 905/202/1270 910/213/1270 858/188/1270
f 910/213/1271 904/119/1271 848/61/1271
f 859/190/1272 818/35/1272 823/36/1272
f 823/36/1273 817/178/1273 860/74/1273
f 861/76/1274 866/77/1274 812/174/1274
f 812/174/1275 866/77/1275 860/74/1275
f 829/183/1276 834/47/1276 875/86/1276
f 834/47/1277 828/44/1277 871/85/1277
f 818/35/1278 872/87/1278 877/89/1278
f 877/169/1279 871/85/1279 819/37/1279
f 881/193/1280 840/57/1280 845/58/1280
f 886/98/1281 845/58/1281 839/186/1281
f 883/194/1282 888/195/1282 835/49/1282
f 888/195/1283 882/97/1283 830/48/1283
f 852/69/1284 857/70/1284 897/198/1284
f 857/70/1285 851/67/1285 893/108/1285
f 894/110/1286 899/111/1286 846/60/1286
f 846/60/1287 899/111/1287 893/108/1287
f 862/78/1288 867/79/1288 913/118/1288
f 867/79/1289 861/76/1289 903/200/1289
f 863/80/1290 873/90/1290 878/192/1290
f 869/211/1291 878/192/1291 872/87/1291
f 874/92/68 884/101/68 889/102/68
f 889/102/951 883/194/951 870/82/951
f 885/103/1292 895/210/1292 900/212/1292
f 891/96/1293 900/212/1293 894/110/1293
f 896/114/1294 906/123/1294 911/124/1294
f 911/124/1295 905/202/1295 892/105/1295
f 863/80/1296 868/191/1296 919/146/1296
f 919/132/1297 868/191/1297 862/78/1297
f 906/123/1298 916/133/1298 921/135/1298
f 912/203/1299 921/159/1299 915/130/1299
f 918/101/68 874/92/68 879/93/68
f 924/129/1300 879/512/1300 873/90/1300
f 917/136/1301 885/103/1301 890/196/1301
f 923/140/1302 890/196/1302 884/101/1302
f 916/133/1303 896/114/1303 901/115/1303
f 901/115/1304 895/210/1304 917/136/1304
f 926/214/1305 940/238/1305 942/215/1305
f 942/215/1306 941/240/1306 925/217/1306
f 929/218/591 943/242/591 945/219/591
f 945/219/592 944/244/592 928/221/592
f 932/222/593 946/245/593 948/223/593
f 933/225/594 948/248/594 947/226/594
f 935/228/595 949/249/595 951/229/595
f 936/230/596 951/229/596 950/231/596
f 952/233/597 954/236/597 939/234/597
f 954/236/598 953/253/598 937/237/598
f 940/238/1307 955/254/1307 957/239/1307
f 957/239/1308 956/257/1308 941/240/1308
f 958/241/601 960/259/601 945/219/601
f 945/219/602 960/259/602 959/243/602
f 946/245/603 961/261/603 963/246/603
f 963/247/604 962/264/604 947/226/604
f 949/249/605 964/265/605 966/250/605
f 966/250/606 965/268/606 950/231/606
f 967/251/607 969/252/607 954/236/607
f 969/252/608 968/271/608 953/253/608
f 955/254/1309 970/273/1309 972/255/1309
f 957/239/1310 972/255/1310 971/256/1310
f 973/258/611 975/260/611 960/259/611
f 975/260/612 974/277/612 959/243/612
f 961/261/613 976/279/613 978/262/613
f 978/263/1311 977/281/1311 962/264/1311
f 964/265/1312 979/283/1312 981/266/1312
f 966/250/616 981/266/616 980/267/616
f 982/269/617 984/286/617 969/252/617
f 969/252/618 984/286/618 983/270/618
f 985/272/1313 987/274/1313 972/255/1313
f 987/274/620 986/290/620 971/256/620
f 988/275/621 990/276/621 975/260/621
f 990/276/622 989/293/622 974/277/622
f 991/278/623 993/295/623 978/262/623
f 978/263/624 993/297/624 992/280/624
f 994/282/625 996/284/625 981/266/625
f 996/284/626 995/299/626 980/267/626
f 982/269/627 997/300/627 999/285/627
f 984/286/628 999/285/628 998/287/628
f 1000/288/629 1002/303/629 987/274/629
f 987/274/630 1002/303/630 1001/289/630
f 1003/291/631 1005/292/631 990/276/631
f 1005/292/632 1004/306/632 989/293/632
f 991/278/1314 1006/307/1314 1008/294/1314
f 1008/296/634 1007/310/634 992/280/634
f 994/282/635 1009/311/635 1011/298/635
f 1011/298/1315 1010/313/1315 995/299/1315
f 997/300/637 1012/314/637 1014/301/637
f 1014/301/638 1013/316/638 998/287/638
f 1000/288/1316 1015/318/1316 1017/302/1316
f 1002/303/1317 1017/302/1317 1016/304/1317
f 1003/291/641 1018/321/641 1020/305/641
f 1020/305/642 1019/323/642 1004/306/642
f 1006/307/643 1021/324/643 1023/308/643
f 1023/309/644 1022/327/644 1007/310/644
f 1009/311/645 1024/328/645 1026/312/645
f 1026/312/646 1025/330/646 1010/313/646
f 1012/314/647 1027/331/647 1029/315/647
f 1029/315/648 1028/334/648 1013/316/648
f 1030/317/1318 1032/319/1318 1017/302/1318
f 1032/319/1319 1031/336/1319 1016/304/1319
f 1033/320/1320 1035/322/1320 1020/305/1320
f 1035/322/652 1034/339/652 1019/323/652
f 1021/324/653 1036/341/653 1038/325/653
f 1023/309/1321 1038/343/1321 1037/326/1321
f 1024/328/1322 1039/345/1322 1041/329/1322
f 1041/329/656 1040/347/656 1025/330/656
f 1027/331/657 1042/348/657 1044/332/657
f 1029/315/1323 1044/332/1323 1043/333/1323
f 1030/317/659 1045/351/659 1047/335/659
f 1047/335/1324 1046/353/1324 1031/336/1324
f 1048/337/661 1050/355/661 1035/322/661
f 1035/322/662 1050/355/662 1049/338/662
f 1051/340/663 1053/358/663 1038/325/663
f 1053/342/664 1052/360/664 1037/326/664
f 1054/344/665 1056/346/665 1041/329/665
f 1056/346/666 1055/363/666 1040/347/666
f 1042/348/667 1057/365/667 1059/349/667
f 1059/349/668 1058/367/668 1043/333/668
f 1060/350/1325 1062/352/1325 1047/335/1325
f 1062/352/670 1061/513/670 1046/353/670
f 1063/354/671 1065/514/671 1050/355/671
f 1050/355/672 1065/514/672 1064/356/672
f 1051/340/673 1066/510/673 1068/357/673
f 1068/359/674 1067/511/674 1052/360/674
f 1069/361/675 1071/362/675 1056/346/675
f 1071/362/676 1070/364/676 1055/363/676
f 1072/364/677 1074/515/677 1059/349/677
f 1059/349/678 1074/515/678 1073/366/678
f 1060/368/679 1075/390/679 1077/369/679
f 1077/369/680 1076/392/680 1061/371/680
f 1063/372/681 1078/394/681 1080/373/681
f 1080/373/682 1079/396/682 1064/375/682
f 1081/376/683 1083/398/683 1068/377/683
f 1068/378/1326 1083/400/1326 1082/379/1326
f 1069/381/1327 1084/402/1327 1086/382/1327
f 1071/383/686 1086/382/686 1085/384/686
f 1072/385/687 1087/405/687 1089/386/687
f 1089/386/688 1088/407/688 1073/388/688
f 1090/389/689 1092/391/689 1077/369/689
f 1092/391/690 1091/410/690 1076/392/690
f 1093/393/691 1095/395/691 1080/373/691
f 1095/395/692 1094/413/692 1079/396/692
f 1096/397/693 1098/415/693 1083/398/693
f 1098/399/694 1097/417/694 1082/379/694
f 1099/401/695 1101/403/695 1086/382/695
f 1101/403/696 1100/419/696 1085/384/696
f 1102/404/697 1104/421/697 1089/386/697
f 1089/386/698 1104/421/698 1103/406/698
f 1105/408/699 1107/409/699 1092/391/699
f 1107/409/700 1106/424/700 1091/410/700
f 1108/411/701 1110/426/701 1095/395/701
f 1095/395/702 1110/426/702 1109/412/702
f 1111/414/703 1113/428/703 1098/415/703
f 1113/416/704 1112/430/704 1097/417/704
f 1099/401/705 1114/431/705 1116/418/705
f 1116/418/706 1115/433/706 1100/419/706
f 1117/420/707 1119/435/707 1104/421/707
f 1104/421/708 1119/435/708 1118/422/708
f 1105/408/709 1120/436/709 1122/423/709
f 1122/423/710 1121/438/710 1106/424/710
f 1108/411/711 1123/440/711 1125/425/711
f 1125/425/712 1124/442/712 1109/412/712
f 1111/414/713 1126/444/713 1128/427/713
f 1128/429/714 1127/446/714 1112/430/714
f 1114/431/715 1129/448/715 1131/432/715
f 1131/432/716 1130/450/716 1115/433/716
f 1117/420/717 1132/452/717 1134/434/717
f 1134/434/718 1133/454/718 1118/422/718
f 1120/436/719 1135/455/719 1137/437/719
f 1137/437/720 1136/458/720 1121/438/720
f 1138/439/721 1140/460/721 1125/425/721
f 1125/425/722 1140/460/722 1139/441/722
f 1141/443/1328 1143/463/1328 1128/427/1328
f 1128/429/724 1143/465/724 1142/445/724
f 1144/447/725 1146/467/725 1131/432/725
f 1131/432/1329 1146/467/1329 1145/449/1329
f 1147/451/727 1149/453/727 1134/434/727
f 1149/453/728 1148/470/728 1133/454/728
f 1135/455/729 1150/472/729 1152/456/729
f 1137/437/730 1152/456/730 1151/457/730
f 1153/459/731 1155/461/731 1140/460/731
f 1155/461/732 1154/476/732 1139/441/732
f 1141/443/733 1156/478/733 1158/462/733
f 1158/464/734 1157/480/734 1142/445/734
f 1159/466/735 1161/482/735 1146/467/735
f 1146/467/736 1161/482/736 1160/468/736
f 1147/451/737 1162/485/737 1164/469/737
f 1164/469/738 1163/487/738 1148/470/738
f 1165/471/739 1167/473/739 1152/456/739
f 1167/473/740 1166/489/740 1151/457/740
f 1168/474/741 1170/475/741 1155/461/741
f 1170/475/742 1169/492/742 1154/476/742
f 1171/477/743 1173/494/743 1158/462/743
f 1173/479/1330 1172/496/1330 1157/480/1330
f 1159/466/1331 1174/498/1331 1176/481/1331
f 1161/482/746 1176/481/746 1175/483/746
f 1177/484/747 1179/501/747 1164/469/747
f 1164/469/748 1179/501/748 1178/486/748
f 1165/471/1332 1180/503/1332 1182/488/1332
f 1182/488/750 1181/509/750 1166/489/750
f 1183/490/751 1185/504/751 1170/475/751
f 1170/475/752 1185/504/752 1184/491/752
f 1171/477/753 1186/506/753 1188/493/753
f 1188/495/754 1187/505/754 1172/496/754
f 1189/497/755 1191/499/755 1176/481/755
f 1191/499/756 1190/507/756 1175/483/756
f 1192/500/757 1194/508/757 1179/501/757
f 1179/501/758 1194/508/758 1193/502/758
f 925/217/1333 1181/509/1333 1182/488/1333
f 927/216/1334 1182/488/1334 1180/503/1334
f 928/221/761 1184/491/761 1185/504/761
f 1185/504/762 1183/490/762 929/218/762
f 1187/505/763 1188/495/763 933/225/763
f 933/224/764 1188/493/764 1186/506/764
f 1190/507/765 1191/499/765 936/230/765
f 936/230/766 1191/499/766 1189/497/766
f 937/237/767 1193/502/767 1194/508/767
f 939/234/768 1194/508/768 1192/500/768
f 1181/509/1335 925/217/1335 929/218/1335
f 925/217/1336 941/240/1336 943/242/1336
f 937/237/1337 953/253/1337 940/238/1337
f 937/237/1338 926/214/1338 1180/503/1338
f 944/244/1339 946/245/1339 932/222/1339
f 1184/491/1340 928/221/1340 932/222/1340
f 947/226/775 949/249/775 935/228/775
f 931/227/776 935/228/776 1189/497/776
f 950/231/1341 952/233/1341 938/235/1341
f 1190/507/1342 934/232/1342 938/235/1342
f 953/253/1343 968/271/1343 955/254/1343
f 956/257/1344 958/241/1344 943/242/1344
f 959/243/781 961/261/781 946/245/781
f 962/264/782 964/265/782 949/249/782
f 965/268/1345 967/251/1345 952/233/1345
f 968/271/1346 983/270/1346 970/273/1346
f 956/257/1347 971/256/1347 973/258/1347
f 959/243/1348 974/277/1348 976/279/1348
f 962/264/787 977/281/787 979/283/787
f 965/268/1349 980/267/1349 982/269/1349
f 998/287/789 985/272/789 970/273/789
f 986/290/1350 988/275/1350 973/258/1350
f 974/277/1351 989/293/1351 991/278/1351
f 992/280/792 994/282/792 979/283/792
f 980/267/1352 995/299/1352 997/300/1352
f 1013/316/1353 1000/288/1353 985/272/1353
f 1001/289/1354 1003/291/1354 988/275/1354
f 989/293/68 1004/306/68 1006/307/68
f 1007/310/574 1009/311/574 994/282/574
f 1010/313/574 1012/314/574 997/300/574
f 1028/334/1355 1015/318/1355 1000/288/1355
f 1001/289/1356 1016/304/1356 1018/321/1356
f 1004/306/1357 1019/323/1357 1021/324/1357
f 1022/327/798 1024/328/798 1009/311/798
f 1010/313/1358 1025/330/1358 1027/331/1358
f 1028/334/1359 1043/333/1359 1030/317/1359
f 1016/304/1360 1031/336/1360 1033/320/1360
f 1019/323/1361 1034/339/1361 1036/341/1361
f 1037/326/803 1039/345/803 1024/328/803
f 1025/330/1362 1040/347/1362 1042/348/1362
f 1043/333/1363 1058/367/1363 1045/351/1363
f 1031/336/1364 1046/353/1364 1048/337/1364
f 1034/339/68 1049/338/68 1051/340/68
f 1052/360/808 1054/344/808 1039/345/808
f 1055/363/1365 1057/365/1365 1042/348/1365
f 1073/366/1366 1060/350/1366 1045/351/1366
f 1046/353/811 1061/513/811 1063/354/811
f 1049/338/1367 1064/356/1367 1066/510/1367
f 1067/511/812 1069/361/812 1054/344/812
f 1070/364/1368 1072/364/1368 1057/365/1368
f 1073/388/1369 1088/407/1369 1075/390/1369
f 1076/392/1370 1078/394/1370 1063/372/1370
f 1064/375/1371 1079/396/1371 1081/376/1371
f 1082/379/817 1084/402/817 1069/381/817
f 1070/385/1372 1085/384/1372 1087/405/1372
f 1088/407/819 1103/406/819 1090/389/819
f 1091/410/1373 1093/393/1373 1078/394/1373
f 1079/396/1374 1094/413/1374 1096/397/1374
f 1097/417/822 1099/401/822 1084/402/822
f 1085/384/1375 1100/419/1375 1102/404/1375
f 1118/422/824 1105/408/824 1090/389/824
f 1106/424/1376 1108/411/1376 1093/393/1376
f 1094/413/1377 1109/412/1377 1111/414/1377
f 1112/430/827 1114/431/827 1099/401/827
f 1100/419/1378 1115/433/1378 1117/420/1378
f 1118/422/1379 1133/454/1379 1120/436/1379
f 1121/438/1380 1123/440/1380 1108/411/1380
f 1109/412/1381 1124/442/1381 1126/444/1381
f 1127/446/832 1129/448/832 1114/431/832
f 1115/433/1381 1130/450/1381 1132/452/1381
f 1148/470/1382 1135/455/1382 1120/436/1382
f 1136/458/1383 1138/439/1383 1123/440/1383
f 1124/442/1384 1139/441/1384 1141/443/1384
f 1142/445/68 1144/447/68 1129/448/68
f 1130/450/1385 1145/449/1385 1147/451/1385
f 1148/470/1386 1163/487/1386 1150/472/1386
f 1136/458/1387 1151/457/1387 1153/459/1387
f 1139/441/1388 1154/476/1388 1156/478/1388
f 1157/480/839 1159/466/839 1144/447/839
f 1160/468/1389 1162/485/1389 1147/451/1389
f 1163/487/1390 1178/486/1390 1165/471/1390
f 1151/457/1391 1166/489/1391 1168/474/1391
f 1154/476/1392 1169/492/1392 1171/477/1392
f 1157/480/844 1172/496/844 1174/498/844
f 1175/483/1393 1177/484/1393 1162/485/1393
f 1193/502/1394 1180/503/1394 1165/471/1394
f 1166/489/1395 1181/509/1395 1183/490/1395
f 1169/492/1396 1184/491/1396 1186/506/1396
f 1172/496/849 1187/505/849 1189/497/849
f 1175/483/1397 1190/507/1397 1192/500/1397
