# Blender 4.5.10 LTS
# www.blender.org
mtllib grove_spirit_warden.mtl
o grove_spirit_warden
v 0.122245 0.190416 -0.019395
v 0.131739 0.189818 -0.036184
v 0.109159 0.189818 -0.033562
v 0.129501 0.193373 -0.026586
v 0.121131 0.195698 -0.028996
v 0.120248 0.192950 -0.036604
v 0.113535 0.193373 -0.024733
v 0.111737 0.121112 -0.109922
v 0.101229 0.137522 -0.101872
v 0.123809 0.137522 -0.104493
v 0.103782 0.129050 -0.108752
v 0.111712 0.133583 -0.110133
v 0.112318 0.140654 -0.104914
v 0.119748 0.129050 -0.110606
v 0.069975 0.155579 0.006186
v 0.064671 0.160168 -0.011790
v 0.058906 0.141277 -0.000539
v 0.066168 0.161804 -0.001551
v 0.060421 0.155237 0.000715
v 0.058340 0.151690 -0.006306
v 0.062091 0.148445 0.006405
v 0.074189 0.096087 -0.091545
v 0.062085 0.096384 -0.074286
v 0.067851 0.115276 -0.085537
v 0.066002 0.093229 -0.084302
v 0.064198 0.101915 -0.086879
v 0.061520 0.106798 -0.080053
v 0.070079 0.106588 -0.092258
v 0.094411 0.099212 0.034923
v 0.079703 0.093302 0.023920
v 0.098719 0.081627 0.028252
v 0.084234 0.097366 0.032446
v 0.088802 0.089769 0.034093
v 0.087281 0.084931 0.027729
v 0.097681 0.089110 0.035510
v 0.091742 0.055596 -0.070902
v 0.096706 0.048714 -0.051602
v 0.077689 0.060390 -0.055935
v 0.095204 0.048629 -0.062708
v 0.086410 0.050677 -0.060756
v 0.085267 0.052018 -0.052125
v 0.081757 0.056885 -0.065772
v 0.161783 0.099212 0.027103
v 0.156060 0.081627 0.021596
v 0.173579 0.093302 0.013023
v 0.158734 0.089110 0.028423
v 0.167052 0.089769 0.025009
v 0.167075 0.084931 0.018467
v 0.171121 0.097366 0.022361
v 0.140139 0.055596 -0.076520
v 0.157246 0.060390 -0.065170
v 0.139728 0.048714 -0.056596
v 0.151033 0.056885 -0.073814
v 0.147653 0.050677 -0.067865
v 0.150742 0.052018 -0.059725
v 0.138645 0.048629 -0.067751
v 0.178986 0.155579 -0.006468
v 0.188220 0.141277 -0.015550
v 0.180031 0.160168 -0.025181
v 0.186710 0.148445 -0.008061
v 0.187032 0.155237 -0.013982
v 0.187449 0.151690 -0.021293
v 0.180919 0.161804 -0.014872
v 0.152496 0.096087 -0.100635
v 0.160042 0.115276 -0.096238
v 0.168232 0.096384 -0.086607
v 0.156334 0.106588 -0.102270
v 0.163290 0.101915 -0.098382
v 0.167461 0.106798 -0.092351
v 0.162125 0.093229 -0.095460
v 0.110845 0.120038 -0.109531
v 0.119850 0.115938 -0.126097
v 0.097370 0.115938 -0.122721
v 0.117781 0.121495 -0.117460
v 0.109269 0.123002 -0.120022
v 0.108253 0.118596 -0.126787
v 0.101885 0.121495 -0.115073
v 0.099982 0.031954 -0.181862
v 0.089174 0.049471 -0.177301
v 0.111653 0.049471 -0.180677
v 0.091804 0.039742 -0.182204
v 0.099533 0.044055 -0.184850
v 0.100057 0.052129 -0.181366
v 0.107699 0.039742 -0.184592
v 0.074719 0.098801 -0.084678
v 0.068732 0.099104 -0.103019
v 0.063940 0.083072 -0.087633
v 0.070477 0.103031 -0.093465
v 0.065023 0.096993 -0.089582
v 0.062855 0.091909 -0.095555
v 0.067088 0.091695 -0.082585
v 0.078021 0.019044 -0.166753
v 0.066432 0.022888 -0.149566
v 0.071224 0.038920 -0.164952
v 0.070153 0.017671 -0.158761
v 0.067983 0.025508 -0.163144
v 0.065347 0.031725 -0.157487
v 0.073541 0.029007 -0.169641
v 0.094224 0.064440 -0.056172
v 0.079403 0.055833 -0.065035
v 0.098920 0.045924 -0.058902
v 0.084046 0.061821 -0.057802
v 0.088913 0.054908 -0.054669
v 0.087367 0.048728 -0.059732
v 0.097848 0.054814 -0.053465
v 0.089878 -0.001845 -0.149424
v 0.095641 -0.004093 -0.129269
v 0.076123 0.005815 -0.135402
v 0.093814 -0.006706 -0.140014
v 0.085018 -0.004502 -0.138249
v 0.084088 -0.001290 -0.130099
v 0.080013 0.000300 -0.144351
v 0.142405 0.064440 -0.063408
v 0.137115 0.045924 -0.064638
v 0.153970 0.055833 -0.076234
v 0.139737 0.054814 -0.059756
v 0.147924 0.054908 -0.063531
v 0.147914 0.048728 -0.068825
v 0.151656 0.061821 -0.067955
v 0.119168 -0.001845 -0.153822
v 0.136435 0.005815 -0.144460
v 0.119580 -0.004093 -0.132864
v 0.130089 0.000300 -0.151871
v 0.127097 -0.004502 -0.144568
v 0.130380 -0.001289 -0.137051
v 0.118170 -0.006706 -0.143671
v 0.152677 0.098801 -0.096386
v 0.162113 0.083072 -0.102376
v 0.153012 0.099104 -0.115676
v 0.160586 0.091695 -0.096627
v 0.160504 0.096993 -0.103921
v 0.160823 0.091909 -0.110267
v 0.154151 0.103031 -0.106031
v 0.125413 0.019044 -0.173870
v 0.132439 0.038920 -0.174145
v 0.141539 0.022888 -0.160845
v 0.128846 0.029007 -0.177946
v 0.136068 0.025508 -0.173369
v 0.140249 0.031725 -0.168736
v 0.135281 0.017671 -0.168542
v 0.100674 0.031492 -0.180395
v 0.110304 0.022704 -0.194621
v 0.087758 0.022704 -0.191720
v 0.107763 0.030645 -0.188277
v 0.099271 0.030830 -0.191299
v 0.098630 0.024431 -0.196285
v 0.091821 0.030645 -0.186226
v 0.095524 -0.075649 -0.220430
v 0.083871 -0.058143 -0.221930
v 0.106417 -0.058143 -0.224831
v 0.087041 -0.068795 -0.223384
v 0.094655 -0.065198 -0.227182
v 0.094744 -0.056416 -0.226495
v 0.102983 -0.068795 -0.225434
v 0.078854 0.023104 -0.162207
v 0.073378 0.017176 -0.179734
v 0.068828 0.006760 -0.160048
v 0.074688 0.024059 -0.171945
v 0.069385 0.019340 -0.166387
v 0.067598 0.012502 -0.170418
v 0.071471 0.016693 -0.158025
v 0.087777 -0.078627 -0.213973
v 0.075561 -0.070005 -0.199110
v 0.080111 -0.059589 -0.218795
v 0.079752 -0.077725 -0.206070
v 0.077382 -0.071839 -0.212783
v 0.074331 -0.064263 -0.209480
v 0.082970 -0.070360 -0.219990
v 0.091082 0.009532 -0.138892
v 0.076886 -0.002185 -0.144683
v 0.096620 -0.008622 -0.135417
v 0.081072 0.006037 -0.139719
v 0.086132 0.000751 -0.134453
v 0.084988 -0.006800 -0.137261
v 0.095026 0.001485 -0.133167
v 0.092118 -0.083445 -0.205695
v 0.097402 -0.078782 -0.185825
v 0.077668 -0.072344 -0.195091
v 0.095988 -0.084810 -0.195168
v 0.087061 -0.082583 -0.194327
v 0.085770 -0.076960 -0.187669
v 0.082034 -0.080258 -0.201720
v 0.120458 0.009532 -0.142671
v 0.115980 -0.008622 -0.137907
v 0.132726 -0.002185 -0.151866
v 0.118092 0.001485 -0.136134
v 0.126370 0.000751 -0.139629
v 0.126767 -0.006800 -0.142635
v 0.129933 0.006037 -0.146004
v 0.102548 -0.083445 -0.207037
v 0.119211 -0.072344 -0.200436
v 0.102465 -0.078782 -0.186476
v 0.113310 -0.080258 -0.205743
v 0.110317 -0.082583 -0.197318
v 0.113252 -0.076960 -0.191205
v 0.101469 -0.084810 -0.195873
v 0.126387 0.023104 -0.168321
v 0.136633 0.006760 -0.168770
v 0.127249 0.017176 -0.186664
v 0.134588 0.016693 -0.166145
v 0.134490 0.019340 -0.174762
v 0.135198 0.012502 -0.179115
v 0.127953 0.024059 -0.178797
v 0.104653 -0.078627 -0.216143
v 0.110849 -0.059589 -0.222750
v 0.120233 -0.070005 -0.204856
v 0.107781 -0.070360 -0.223182
v 0.115011 -0.071839 -0.217624
v 0.118798 -0.064263 -0.215200
v 0.114416 -0.077725 -0.210529
v 0.138186 0.190781 0.051366
v 0.130117 0.190388 0.033843
v 0.119035 0.190388 0.053690
v 0.136633 0.193820 0.041294
v 0.129809 0.196190 0.046688
v 0.123091 0.193542 0.042937
v 0.128796 0.193820 0.055328
v 0.057827 0.122682 0.006494
v 0.058397 0.139002 0.019830
v 0.069479 0.139002 -0.000017
v 0.054213 0.130617 0.013681
v 0.057785 0.135155 0.006471
v 0.062453 0.142156 0.009077
v 0.062050 0.130617 -0.000353
v 0.127957 0.155692 0.108500
v 0.110329 0.160524 0.102317
v 0.115864 0.141495 0.113453
v 0.119527 0.162023 0.107103
v 0.117928 0.155436 0.113047
v 0.110975 0.151984 0.110605
v 0.123440 0.148568 0.114977
v 0.050479 0.097476 0.047536
v 0.057400 0.097566 0.067451
v 0.051865 0.116595 0.056315
v 0.051531 0.094537 0.058395
v 0.048486 0.103258 0.058407
v 0.052511 0.108055 0.064602
v 0.047618 0.107992 0.050521
v 0.164908 0.098917 0.105128
v 0.147313 0.093174 0.110583
v 0.161817 0.081414 0.097619
v 0.156926 0.097119 0.111921
v 0.160845 0.089494 0.109131
v 0.154740 0.084742 0.106611
v 0.167181 0.088803 0.102754
v 0.077023 0.056692 0.045114
v 0.095499 0.049551 0.052333
v 0.080996 0.061312 0.065298
v 0.085613 0.049613 0.047054
v 0.082076 0.051649 0.055342
v 0.088422 0.052879 0.061326
v 0.075357 0.057929 0.056221
v 0.197975 0.098917 0.045910
v 0.189960 0.081414 0.047218
v 0.193388 0.093174 0.028069
v 0.197146 0.088803 0.049091
v 0.199251 0.089494 0.040352
v 0.193903 0.084742 0.036475
v 0.199570 0.097119 0.035551
v 0.100776 0.056692 0.002575
v 0.120043 0.061312 -0.004631
v 0.116615 0.049551 0.014518
v 0.109358 0.057929 -0.004669
v 0.112134 0.051649 0.001512
v 0.120558 0.052879 0.003775
v 0.106934 0.049613 0.008871
v 0.181460 0.155692 0.012683
v 0.179332 0.141495 -0.000210
v 0.166948 0.160524 0.000920
v 0.184604 0.148568 0.005441
v 0.180069 0.155436 0.001760
v 0.174343 0.151984 -0.002878
v 0.175847 0.162023 0.006240
v 0.088912 0.097476 -0.021293
v 0.097113 0.116595 -0.024718
v 0.109497 0.097566 -0.025849
v 0.089952 0.107992 -0.025295
v 0.097121 0.103258 -0.028692
v 0.104508 0.108055 -0.028516
v 0.098709 0.094537 -0.026094
v 0.058350 0.121078 0.004969
v 0.051768 0.116890 -0.012679
v 0.039577 0.116890 0.006507
v 0.056904 0.122495 -0.005472
v 0.049382 0.123980 -0.000729
v 0.043630 0.119534 -0.004384
v 0.048284 0.122495 0.008095
v -0.002947 0.032566 -0.033977
v -0.006677 0.050100 -0.022880
v 0.005513 0.050100 -0.042067
v -0.008607 0.040345 -0.028051
v -0.005557 0.044649 -0.035635
v -0.002624 0.052744 -0.033771
v 0.000013 0.040345 -0.041618
v 0.053534 0.099954 0.048608
v 0.035759 0.100145 0.041101
v 0.044314 0.084199 0.054859
v 0.044097 0.104130 0.046036
v 0.043483 0.098109 0.052718
v 0.037577 0.092989 0.050456
v 0.050146 0.092854 0.055764
v -0.005875 0.019724 -0.007448
v -0.000516 0.023658 0.012560
v -0.009070 0.039605 -0.001198
v -0.004993 0.018391 0.003738
v -0.009764 0.026201 0.002477
v -0.007252 0.032448 0.008157
v -0.011042 0.029667 -0.005990
v 0.088017 0.065776 0.052679
v 0.071649 0.057104 0.058086
v 0.089126 0.047249 0.047401
v 0.080126 0.063139 0.059303
v 0.085716 0.056248 0.057704
v 0.080910 0.050038 0.055572
v 0.092484 0.056170 0.051748
v 0.015087 -0.001053 -0.004973
v 0.034094 -0.003179 0.003898
v 0.016617 0.006676 0.014582
v 0.024797 -0.005856 -0.001759
v 0.020351 -0.003649 0.006032
v 0.025879 -0.000390 0.012068
v 0.012439 0.001113 0.005796
v 0.114144 0.065776 0.011556
v 0.109838 0.047249 0.014802
v 0.112085 0.057104 -0.005559
v 0.115200 0.056170 0.015995
v 0.117716 0.056248 0.007338
v 0.113744 0.050038 0.003893
v 0.116789 0.063138 0.001598
v 0.030971 -0.001053 -0.029972
v 0.049323 0.006676 -0.036895
v 0.047076 -0.003179 -0.016534
v 0.039594 0.001113 -0.036945
v 0.043170 -0.003649 -0.029882
v 0.050982 -0.000390 -0.027443
v 0.038005 -0.005856 -0.022548
v 0.095809 0.099954 -0.017931
v 0.097551 0.084199 -0.028933
v 0.081462 0.100145 -0.030833
v 0.100848 0.092854 -0.024038
v 0.095260 0.098109 -0.028776
v 0.090703 0.092989 -0.033161
v 0.089472 0.104130 -0.025381
v 0.019825 0.019724 -0.047898
v 0.024125 0.039605 -0.053445
v 0.040214 0.023658 -0.051546
v 0.018949 0.029667 -0.053194
v 0.027157 0.026201 -0.055634
v 0.033366 0.032448 -0.055773
v 0.030325 0.018391 -0.051851
v -0.001037 0.033068 -0.033071
v -0.005885 0.024773 -0.049805
v -0.018306 0.024773 -0.030766
v -0.002458 0.032483 -0.043594
v -0.010259 0.032821 -0.039088
v -0.014669 0.026617 -0.041965
v -0.011241 0.032483 -0.030132
v -0.038209 -0.072472 -0.057322
v -0.046355 -0.054866 -0.049065
v -0.033934 -0.054866 -0.068104
v -0.045741 -0.065471 -0.052640
v -0.043576 -0.061772 -0.060823
v -0.042718 -0.053022 -0.060264
v -0.036958 -0.065471 -0.066102
v -0.001627 0.024110 -0.004846
v -0.018695 0.018869 -0.012165
v -0.007007 0.007745 0.003847
v -0.011704 0.025449 -0.007970
v -0.011068 0.020551 -0.000427
v -0.015509 0.013877 -0.001823
v -0.003440 0.017583 0.003352
v -0.038418 -0.075652 -0.047301
v -0.034769 -0.067534 -0.028189
v -0.046457 -0.056410 -0.044201
v -0.037587 -0.075009 -0.036051
v -0.044043 -0.068863 -0.038479
v -0.043271 -0.061402 -0.033859
v -0.045851 -0.067143 -0.047373
v 0.023603 0.009615 0.000686
v 0.009621 -0.001808 0.007493
v 0.029264 -0.008683 -0.001650
v 0.016371 0.006202 0.007696
v 0.023490 0.000698 0.007150
v 0.020374 -0.006737 0.006044
v 0.030261 0.001340 0.001231
v -0.029461 -0.080798 -0.045337
v -0.010777 -0.076908 -0.036378
v -0.030421 -0.070033 -0.027235
v -0.018989 -0.082575 -0.041484
v -0.024069 -0.080338 -0.034099
v -0.019668 -0.074962 -0.028684
v -0.032879 -0.077713 -0.035019
v 0.039787 0.009615 -0.024120
v 0.039930 -0.008683 -0.017998
v 0.040383 -0.001808 -0.039660
v 0.042968 0.001340 -0.018247
v 0.045657 0.000698 -0.026828
v 0.043390 -0.006737 -0.029235
v 0.043288 0.006202 -0.033564
v -0.023715 -0.080798 -0.054144
v -0.007535 -0.070033 -0.062316
v -0.007988 -0.076908 -0.040653
v -0.015649 -0.077713 -0.061430
v -0.011258 -0.080338 -0.053737
v -0.004528 -0.074962 -0.051890
v -0.015969 -0.082575 -0.046112
v 0.024558 0.024110 -0.044983
v 0.030347 0.007745 -0.053410
v 0.010983 0.018869 -0.057655
v 0.031331 0.017583 -0.049946
v 0.024799 0.020551 -0.055404
v 0.021732 0.013877 -0.058906
v 0.017639 0.025449 -0.052948
v -0.029122 -0.075652 -0.061551
v -0.029523 -0.056410 -0.070157
v -0.010159 -0.067534 -0.065911
v -0.032183 -0.067143 -0.068325
v -0.023313 -0.068863 -0.070253
v -0.018774 -0.061402 -0.071408
v -0.018490 -0.075009 -0.065322
v 0.230737 0.190171 0.073285
v 0.211561 0.189438 0.075303
v 0.226809 0.189438 0.092162
v 0.220650 0.193073 0.071571
v 0.223535 0.195370 0.079799
v 0.217872 0.192555 0.084920
v 0.231432 0.193073 0.083493
v 0.163594 0.120081 0.134011
v 0.176144 0.136549 0.137985
v 0.160896 0.136549 0.121126
v 0.169115 0.128021 0.139854
v 0.163356 0.132549 0.134226
v 0.167207 0.139665 0.130743
v 0.158333 0.128021 0.127932
v 0.282142 0.155504 0.100777
v 0.270560 0.159932 0.115561
v 0.283189 0.141133 0.113610
v 0.278015 0.161658 0.108406
v 0.283240 0.155105 0.111729
v 0.278756 0.151496 0.117480
v 0.286945 0.148364 0.107026
v 0.200521 0.095177 0.153759
v 0.221599 0.095611 0.153590
v 0.208970 0.114411 0.155541
v 0.211191 0.092374 0.156201
v 0.210085 0.101036 0.159216
v 0.217165 0.105974 0.157460
v 0.202261 0.105667 0.157580
v 0.291706 0.099410 0.063868
v 0.291328 0.093391 0.082197
v 0.283886 0.081772 0.064132
v 0.295611 0.097532 0.073580
v 0.294347 0.089955 0.068861
v 0.290082 0.085060 0.073767
v 0.290349 0.089317 0.060806
v 0.207391 0.054883 0.127246
v 0.220263 0.048172 0.111957
v 0.227706 0.059791 0.130021
v 0.212094 0.047990 0.119629
v 0.218778 0.050046 0.125666
v 0.226459 0.051460 0.121591
v 0.217357 0.056205 0.132402
v 0.246210 0.099410 0.013565
v 0.245164 0.081772 0.021319
v 0.227936 0.093391 0.012105
v 0.249121 0.089317 0.015222
v 0.241507 0.089955 0.010437
v 0.236199 0.085060 0.014190
v 0.236938 0.097532 0.008707
v 0.174709 0.054883 0.091111
v 0.173982 0.059791 0.070621
v 0.191211 0.048172 0.079835
v 0.170577 0.056205 0.080679
v 0.177422 0.050046 0.079940
v 0.182245 0.051460 0.072705
v 0.182759 0.047990 0.087194
v 0.208530 0.155504 0.019385
v 0.195865 0.141133 0.017059
v 0.192660 0.159932 0.029429
v 0.202792 0.148364 0.013981
v 0.197742 0.155105 0.017197
v 0.191571 0.151496 0.021083
v 0.200526 0.161658 0.022728
v 0.147642 0.095177 0.095292
v 0.146715 0.114411 0.086707
v 0.149920 0.095611 0.074337
v 0.144014 0.105667 0.093178
v 0.143170 0.101036 0.085230
v 0.145626 0.105974 0.078361
v 0.146281 0.092374 0.084431
v 0.163937 0.118051 0.135433
v 0.145380 0.113321 0.137792
v 0.161358 0.113321 0.153961
v 0.153404 0.119220 0.134543
v 0.156310 0.120566 0.142970
v 0.151580 0.115875 0.147644
v 0.164702 0.119220 0.145976
v 0.114601 0.026961 0.184187
v 0.124129 0.044585 0.190751
v 0.108151 0.044585 0.174582
v 0.118912 0.034677 0.191226
v 0.112090 0.038924 0.186668
v 0.114351 0.047139 0.184434
v 0.107614 0.034677 0.179793
v 0.205934 0.097643 0.149347
v 0.194649 0.097143 0.164992
v 0.210375 0.081737 0.159327
v 0.201215 0.101477 0.158073
v 0.207745 0.095571 0.160012
v 0.204355 0.090229 0.165130
v 0.212335 0.090583 0.154068
v 0.140131 0.014555 0.192646
v 0.160721 0.019040 0.192000
v 0.144995 0.034446 0.197664
v 0.151262 0.013467 0.194254
v 0.148768 0.021101 0.198820
v 0.154701 0.027532 0.197803
v 0.140142 0.024361 0.198260
v 0.218474 0.064623 0.115789
v 0.220316 0.055561 0.132724
v 0.214057 0.046040 0.113054
v 0.223237 0.061875 0.124891
v 0.223104 0.055129 0.118911
v 0.220114 0.048734 0.122958
v 0.218811 0.055142 0.110983
v 0.147754 -0.005519 0.172245
v 0.160693 -0.006888 0.155656
v 0.166952 0.002633 0.175326
v 0.153175 -0.009958 0.163381
v 0.159719 -0.007737 0.169512
v 0.166750 -0.004194 0.165559
v 0.157601 -0.003225 0.177290
v 0.184227 0.064623 0.081133
v 0.186909 0.046040 0.085582
v 0.167315 0.055561 0.079090
v 0.189037 0.055142 0.080853
v 0.181160 0.055129 0.076467
v 0.177078 0.048734 0.079408
v 0.175182 0.061875 0.076262
v 0.126935 -0.005519 0.151178
v 0.124083 0.002633 0.131945
v 0.143677 -0.006888 0.138437
v 0.122008 -0.003225 0.141272
v 0.129811 -0.007737 0.139246
v 0.133846 -0.004194 0.132263
v 0.135863 -0.009958 0.145863
v 0.150522 0.097643 0.093274
v 0.140596 0.081737 0.088715
v 0.134745 0.097143 0.104372
v 0.145878 0.090583 0.086818
v 0.139879 0.095571 0.091336
v 0.134722 0.090229 0.094665
v 0.141741 0.101477 0.097889
v 0.106445 0.014555 0.158559
v 0.101485 0.034446 0.153635
v 0.107336 0.019040 0.137977
v 0.100832 0.024361 0.158481
v 0.100374 0.021101 0.149849
v 0.101462 0.027532 0.143928
v 0.104969 0.013467 0.147409
v 0.115943 0.027962 0.182246
v 0.098646 0.019443 0.182995
v 0.114297 0.019443 0.199481
v 0.105385 0.027258 0.181188
v 0.107962 0.027527 0.189824
v 0.104220 0.021234 0.193375
v 0.116451 0.027258 0.192845
v 0.085065 -0.078319 0.211561
v 0.090997 -0.060755 0.221602
v 0.075346 -0.060755 0.205116
v 0.087792 -0.071383 0.220053
v 0.080286 -0.067730 0.216098
v 0.080920 -0.058964 0.215496
v 0.076726 -0.071383 0.208396
v 0.143377 0.019259 0.189242
v 0.132377 0.013708 0.204092
v 0.150792 0.002901 0.196294
v 0.137992 0.020425 0.198339
v 0.145537 0.015608 0.199407
v 0.143236 0.008858 0.203325
v 0.151014 0.012784 0.192825
v 0.094804 -0.081409 0.214045
v 0.114141 -0.073062 0.215010
v 0.095725 -0.062255 0.222808
v 0.105933 -0.080649 0.215845
v 0.102003 -0.074619 0.221637
v 0.106584 -0.067105 0.222041
v 0.092911 -0.073007 0.221359
v 0.154768 0.005179 0.165807
v 0.158300 -0.006379 0.180849
v 0.154031 -0.013058 0.159545
v 0.159959 0.001727 0.174424
v 0.161141 -0.003679 0.167307
v 0.159437 -0.011168 0.169996
v 0.156940 -0.002995 0.159359
v 0.098849 -0.086408 0.205725
v 0.111835 -0.082168 0.189666
v 0.116104 -0.075489 0.210971
v 0.105040 -0.087999 0.196408
v 0.111022 -0.085766 0.203084
v 0.117241 -0.080278 0.200117
v 0.108059 -0.083276 0.211472
v 0.134376 0.005179 0.144327
v 0.140591 -0.013058 0.145388
v 0.119537 -0.006379 0.140019
v 0.140928 -0.002995 0.142493
v 0.133209 -0.003679 0.137885
v 0.130435 -0.011168 0.139447
v 0.126040 0.001727 0.138696
v 0.091609 -0.086408 0.198098
v 0.087265 -0.075489 0.180594
v 0.108320 -0.082168 0.185964
v 0.086347 -0.083276 0.188603
v 0.094878 -0.085766 0.186079
v 0.098164 -0.080278 0.180022
v 0.101235 -0.087999 0.192400
v 0.110381 0.019259 0.154487
v 0.103723 0.002901 0.146714
v 0.094980 0.013708 0.164701
v 0.107199 0.012784 0.146674
v 0.100342 0.015608 0.151801
v 0.096309 0.008858 0.153896
v 0.101017 0.020425 0.159392
v 0.083090 -0.081409 0.201706
v 0.074387 -0.062255 0.200332
v 0.083130 -0.073062 0.182345
v 0.075688 -0.073007 0.203217
v 0.075882 -0.074619 0.194122
v 0.075716 -0.067105 0.189527
v 0.081870 -0.080649 0.190498
v 0.278797 0.190914 -0.018518
v 0.278587 0.190596 0.000774
v 0.297100 0.190596 -0.012418
v 0.275880 0.193983 -0.008763
v 0.284349 0.196369 -0.010726
v 0.288822 0.193759 -0.004449
v 0.288970 0.193983 -0.018090
v 0.332399 0.123263 0.056706
v 0.337547 0.139548 0.044346
v 0.319035 0.139548 0.057537
v 0.338719 0.131195 0.051727
v 0.332392 0.135735 0.056696
v 0.329269 0.142711 0.052314
v 0.325629 0.131195 0.061055
v 0.312601 0.155733 -0.065633
v 0.325871 0.160654 -0.052517
v 0.325691 0.141576 -0.064875
v 0.319604 0.162103 -0.060785
v 0.323612 0.155509 -0.065447
v 0.328859 0.152092 -0.060250
v 0.319476 0.148613 -0.069524
v 0.356682 0.097991 0.022862
v 0.358953 0.098005 0.001902
v 0.359134 0.117083 0.014260
v 0.360388 0.095021 0.012609
v 0.363120 0.103756 0.013869
v 0.362122 0.108521 0.006527
v 0.360516 0.108511 0.021348
v 0.277924 0.098810 -0.078181
v 0.296177 0.093128 -0.075555
v 0.277553 0.081338 -0.070001
v 0.288052 0.097029 -0.080895
v 0.283336 0.089395 -0.080021
v 0.287789 0.084674 -0.075111
v 0.274882 0.088692 -0.076968
v 0.331772 0.057101 0.013848
v 0.318185 0.049864 -0.000558
v 0.336810 0.061655 -0.006111
v 0.324860 0.049981 0.008446
v 0.331599 0.052012 0.002462
v 0.328422 0.053201 -0.005668
v 0.338029 0.058318 0.004519
v 0.222688 0.098810 -0.038822
v 0.230541 0.081338 -0.036503
v 0.219211 0.093128 -0.020712
v 0.224828 0.088692 -0.041301
v 0.219182 0.089395 -0.034307
v 0.222369 0.084674 -0.028496
v 0.216816 0.097029 -0.030135
v 0.292093 0.057101 0.042121
v 0.271583 0.061655 0.040367
v 0.282913 0.049864 0.024576
v 0.281233 0.058318 0.044989
v 0.281388 0.052012 0.038240
v 0.274741 0.053201 0.032583
v 0.289244 0.049981 0.033824
v 0.223227 0.155733 -0.001948
v 0.219670 0.141576 0.010671
v 0.231292 0.160654 0.014877
v 0.217305 0.148613 0.003279
v 0.219808 0.155509 0.008520
v 0.223007 0.152092 0.015176
v 0.225523 0.162103 0.006253
v 0.292481 0.097991 0.068609
v 0.283550 0.117083 0.068118
v 0.271928 0.098005 0.063913
v 0.289798 0.108511 0.071739
v 0.281878 0.103756 0.071759
v 0.275265 0.108521 0.068418
v 0.281580 0.095021 0.068765
v 0.333375 0.119798 0.058787
v 0.332417 0.114721 0.077378
v 0.351111 0.114721 0.064445
v 0.330687 0.120806 0.069028
v 0.339509 0.122061 0.067652
v 0.343228 0.117215 0.073028
v 0.343906 0.120806 0.059882
v 0.371614 0.027107 0.114056
v 0.379965 0.044777 0.106149
v 0.361272 0.044777 0.119083
v 0.379396 0.034777 0.111178
v 0.373781 0.038984 0.117188
v 0.372083 0.047272 0.114733
v 0.366178 0.034777 0.120323
v 0.354089 0.099868 0.019449
v 0.367531 0.098921 0.033261
v 0.364475 0.083875 0.016497
v 0.361915 0.103477 0.025681
v 0.364878 0.097650 0.019472
v 0.369259 0.092169 0.023594
v 0.359754 0.092838 0.013828
v 0.384207 0.014991 0.090141
v 0.387201 0.019828 0.069841
v 0.390257 0.034875 0.086604
v 0.387706 0.014062 0.079438
v 0.391872 0.021577 0.082832
v 0.391985 0.028122 0.076937
v 0.389868 0.024702 0.091292
v 0.322777 0.067619 0.000653
v 0.339653 0.058311 0.001597
v 0.319070 0.049012 0.004171
v 0.332530 0.064800 -0.002514
v 0.326528 0.058153 -0.003548
v 0.329909 0.051643 -0.000027
v 0.317976 0.058225 -0.000695
v 0.365171 -0.004614 0.078715
v 0.351061 -0.005494 0.063075
v 0.371643 0.003805 0.060502
v 0.357323 -0.008815 0.071756
v 0.364525 -0.006587 0.066417
v 0.361900 -0.002862 0.058878
v 0.371877 -0.002240 0.069937
v 0.282710 0.067619 0.028374
v 0.287308 0.049012 0.026146
v 0.277644 0.058311 0.044500
v 0.283141 0.058225 0.023407
v 0.277456 0.058153 0.030403
v 0.279559 0.051643 0.034809
v 0.276308 0.064800 0.036385
v 0.340814 -0.004614 0.095567
v 0.321489 0.003805 0.095202
v 0.331153 -0.005494 0.076849
v 0.330235 -0.002240 0.098748
v 0.329533 -0.006587 0.090627
v 0.323404 -0.002862 0.085512
v 0.337069 -0.008815 0.085770
v 0.289261 0.099868 0.064303
v 0.282837 0.083875 0.072981
v 0.297446 0.098921 0.081751
v 0.282003 0.092838 0.067622
v 0.285479 0.097650 0.074408
v 0.287791 0.092169 0.079960
v 0.292333 0.103477 0.073823
v 0.344796 0.014991 0.117409
v 0.339353 0.034875 0.121824
v 0.324743 0.019828 0.113054
v 0.343877 0.024702 0.123112
v 0.335254 0.021577 0.122005
v 0.329698 0.028122 0.120032
v 0.333547 0.014062 0.116910
v 0.369656 0.028880 0.112121
v 0.367381 0.020483 0.129344
v 0.386373 0.020483 0.116853
v 0.366753 0.028241 0.122332
v 0.375706 0.028548 0.121319
v 0.378573 0.022304 0.125678
v 0.380182 0.028241 0.113499
v 0.393597 -0.076999 0.148521
v 0.404438 -0.059412 0.144320
v 0.385446 -0.059412 0.156811
v 0.402402 -0.070027 0.147283
v 0.397164 -0.066348 0.153944
v 0.396639 -0.057591 0.153145
v 0.388973 -0.070027 0.156116
v 0.381436 0.020037 0.086424
v 0.394136 0.014656 0.099918
v 0.389771 0.003675 0.080499
v 0.389431 0.021298 0.093322
v 0.391840 0.016436 0.086122
v 0.395325 0.009728 0.089132
v 0.386345 0.013533 0.079591
v 0.397779 -0.080138 0.139398
v 0.402104 -0.071917 0.120472
v 0.406468 -0.060936 0.139891
v 0.401514 -0.079442 0.128757
v 0.406489 -0.073349 0.133601
v 0.407658 -0.065864 0.129106
v 0.404600 -0.071677 0.142488
v 0.360455 0.005730 0.071181
v 0.375944 -0.005755 0.070453
v 0.354255 -0.012541 0.070943
v 0.369871 0.002299 0.067622
v 0.363103 -0.003161 0.065243
v 0.365487 -0.010621 0.067453
v 0.354534 -0.002500 0.067968
v 0.390331 -0.085218 0.133986
v 0.376798 -0.081169 0.118335
v 0.398488 -0.074383 0.117845
v 0.382263 -0.086911 0.126259
v 0.389880 -0.084676 0.121534
v 0.388031 -0.079249 0.114845
v 0.397599 -0.082112 0.125913
v 0.335709 0.005730 0.087457
v 0.337946 -0.012541 0.081669
v 0.328906 -0.005755 0.101391
v 0.335104 -0.002500 0.080748
v 0.329208 -0.003161 0.087536
v 0.330293 -0.010621 0.090601
v 0.328712 0.002299 0.094693
v 0.381545 -0.085218 0.139765
v 0.363493 -0.074383 0.140861
v 0.372533 -0.081169 0.121140
v 0.371253 -0.082112 0.143241
v 0.370290 -0.084676 0.134418
v 0.364881 -0.079249 0.130071
v 0.377645 -0.086911 0.129296
v 0.341396 0.020037 0.112759
v 0.332654 0.003675 0.118066
v 0.348756 0.014656 0.129765
v 0.333177 0.013533 0.114561
v 0.336997 0.016436 0.122193
v 0.338381 0.009728 0.126585
v 0.344563 0.021298 0.122833
v 0.383564 -0.080138 0.148748
v 0.380575 -0.060936 0.156921
v 0.364473 -0.071917 0.145222
v 0.383700 -0.071677 0.156235
v 0.374792 -0.073349 0.154449
v 0.370201 -0.065864 0.153742
v 0.372314 -0.079442 0.147962
v 0.218838 0.191074 -0.078386
v 0.235877 0.190849 -0.069333
v 0.232671 0.190849 -0.091837
v 0.226143 0.194181 -0.071309
v 0.228279 0.196586 -0.079731
v 0.235924 0.194022 -0.080820
v 0.223876 0.194181 -0.087222
v 0.310679 0.123973 -0.091471
v 0.301972 0.140215 -0.101711
v 0.305179 0.140215 -0.079207
v 0.309115 0.131903 -0.099366
v 0.310594 0.136445 -0.091459
v 0.305226 0.143388 -0.090694
v 0.311382 0.131903 -0.083453
v 0.192740 0.155783 -0.130093
v 0.210459 0.160813 -0.135845
v 0.199513 0.141674 -0.141381
v 0.200226 0.162200 -0.134078
v 0.197968 0.155597 -0.139786
v 0.205015 0.152224 -0.142060
v 0.192486 0.148667 -0.137993
v 0.291932 0.098622 -0.128615
v 0.274361 0.098541 -0.140266
v 0.285307 0.117680 -0.134730
v 0.284548 0.095615 -0.136621
v 0.286870 0.104365 -0.138461
v 0.279863 0.109091 -0.140945
v 0.292288 0.109148 -0.132706
v 0.165993 0.098680 -0.105111
v 0.176748 0.093075 -0.120119
v 0.173189 0.081247 -0.101036
v 0.168248 0.096921 -0.115355
v 0.166901 0.089275 -0.110772
v 0.173336 0.084594 -0.112473
v 0.165731 0.088558 -0.101861
v 0.272718 0.057602 -0.110669
v 0.253722 0.050250 -0.105230
v 0.257281 0.062078 -0.124313
v 0.264785 0.050432 -0.107019
v 0.262556 0.052458 -0.115753
v 0.253869 0.053597 -0.116667
v 0.267301 0.058796 -0.120513
v 0.175559 0.098680 -0.037965
v 0.181331 0.081247 -0.043888
v 0.190078 0.093075 -0.026558
v 0.174400 0.088558 -0.041013
v 0.178013 0.089275 -0.032784
v 0.184666 0.084594 -0.032947
v 0.180585 0.096921 -0.028759
v 0.279590 0.057602 -0.062435
v 0.268578 0.062078 -0.045022
v 0.259831 0.050250 -0.062352
v 0.277138 0.058796 -0.051470
v 0.271253 0.052458 -0.054716
v 0.263166 0.053597 -0.051411
v 0.270953 0.050432 -0.063724
v 0.208220 0.155783 -0.021448
v 0.217875 0.141674 -0.012500
v 0.226840 0.160813 -0.020872
v 0.210182 0.148667 -0.013791
v 0.215946 0.155597 -0.013600
v 0.223348 0.152224 -0.013384
v 0.216521 0.162200 -0.019711
v 0.303051 0.098622 -0.050569
v 0.298398 0.117680 -0.042847
v 0.289434 0.098541 -0.034475
v 0.304536 0.109148 -0.046740
v 0.300941 0.104365 -0.039701
v 0.294907 0.109091 -0.035359
v 0.298197 0.095615 -0.040820
v 0.312131 0.121566 -0.089208
v 0.327684 0.117110 -0.078692
v 0.326418 0.117110 -0.101388
v 0.319412 0.122860 -0.081565
v 0.322790 0.124277 -0.089802
v 0.329514 0.119710 -0.090177
v 0.318517 0.122860 -0.097613
v 0.383048 0.031768 -0.093163
v 0.379931 0.049349 -0.104372
v 0.381197 0.049349 -0.081676
v 0.384336 0.039517 -0.101284
v 0.386351 0.043793 -0.093347
v 0.383027 0.051949 -0.093162
v 0.385231 0.039517 -0.085235
v 0.290255 0.100792 -0.127466
v 0.309077 0.100642 -0.131716
v 0.293827 0.084959 -0.137901
v 0.299497 0.104799 -0.130876
v 0.295997 0.098834 -0.136659
v 0.302023 0.093604 -0.138254
v 0.288715 0.093710 -0.135249
v 0.369749 0.019139 -0.116420
v 0.353813 0.023345 -0.129566
v 0.369062 0.039028 -0.123381
v 0.362495 0.017926 -0.124997
v 0.367246 0.025651 -0.126759
v 0.362009 0.031990 -0.129920
v 0.373277 0.029016 -0.120624
v 0.259248 0.067179 -0.110658
v 0.269247 0.058313 -0.124577
v 0.261089 0.048621 -0.105703
v 0.261757 0.064486 -0.120636
v 0.258021 0.057666 -0.116073
v 0.263058 0.051364 -0.117132
v 0.255987 0.057633 -0.107290
v 0.350900 -0.001295 -0.106202
v 0.330248 -0.003048 -0.102341
v 0.338406 0.006644 -0.121215
v 0.341051 -0.005919 -0.103155
v 0.340166 -0.003705 -0.112080
v 0.332217 -0.000305 -0.113770
v 0.346820 0.000934 -0.116500
v 0.261961 0.067179 -0.062012
v 0.263239 0.048621 -0.067140
v 0.273446 0.058313 -0.049290
v 0.258346 0.057633 -0.064996
v 0.261344 0.057666 -0.056493
v 0.266467 0.051364 -0.056001
v 0.265563 0.064486 -0.052374
v 0.352549 -0.001295 -0.076630
v 0.341802 0.006644 -0.060321
v 0.331596 -0.003048 -0.078171
v 0.349640 0.000934 -0.065942
v 0.342535 -0.003705 -0.069595
v 0.334823 -0.000305 -0.067031
v 0.342422 -0.005919 -0.078563
v 0.294645 0.100792 -0.048755
v 0.299355 0.084959 -0.038782
v 0.313822 0.100642 -0.046624
v 0.293979 0.093710 -0.040849
v 0.301373 0.098834 -0.040257
v 0.307539 0.093604 -0.039342
v 0.304209 0.104799 -0.046394
v 0.372418 0.019139 -0.068571
v 0.372508 0.039028 -0.061576
v 0.358041 0.023345 -0.053734
v 0.376391 0.029016 -0.064786
v 0.371079 0.025651 -0.058018
v 0.366226 0.031990 -0.054295
v 0.366162 0.017926 -0.059240
v 0.380424 0.032912 -0.094861
v 0.395181 0.024750 -0.085483
v 0.391973 0.024750 -0.107988
v 0.388434 0.032397 -0.087885
v 0.391327 0.032776 -0.096415
v 0.396601 0.026625 -0.097167
v 0.386166 0.032397 -0.103797
v 0.425409 -0.072177 -0.101273
v 0.425918 -0.054549 -0.112826
v 0.429126 -0.054549 -0.090322
v 0.427917 -0.065139 -0.109748
v 0.431646 -0.061413 -0.102162
v 0.430546 -0.052674 -0.102005
v 0.430186 -0.065139 -0.093835
v 0.362354 0.023805 -0.116489
v 0.380064 0.018748 -0.122242
v 0.360833 0.007438 -0.126596
v 0.371977 0.025246 -0.120780
v 0.366576 0.020302 -0.126040
v 0.370902 0.013673 -0.127927
v 0.358379 0.017248 -0.123859
v 0.418993 -0.075410 -0.108952
v 0.403572 -0.067428 -0.120908
v 0.422804 -0.056118 -0.116554
v 0.410947 -0.074835 -0.116863
v 0.417341 -0.068623 -0.119284
v 0.413641 -0.061194 -0.122239
v 0.424546 -0.066838 -0.113784
v 0.339878 0.009069 -0.104041
v 0.346021 -0.002273 -0.118392
v 0.337342 -0.009263 -0.098579
v 0.340731 0.005677 -0.114084
v 0.335792 0.000117 -0.108989
v 0.338938 -0.007285 -0.110222
v 0.334595 0.000735 -0.100074
v 0.411014 -0.080642 -0.104532
v 0.391020 -0.076958 -0.098949
v 0.399698 -0.069968 -0.118763
v 0.400617 -0.082527 -0.100530
v 0.399549 -0.080289 -0.109429
v 0.392616 -0.074980 -0.110593
v 0.406753 -0.077585 -0.114540
v 0.344058 0.009069 -0.074719
v 0.340097 -0.009263 -0.079254
v 0.353965 -0.002273 -0.062655
v 0.337876 0.000735 -0.077051
v 0.341516 0.000117 -0.068826
v 0.344882 -0.007285 -0.068520
v 0.347683 0.005677 -0.065313
v 0.412498 -0.080642 -0.094122
v 0.405609 -0.069968 -0.077296
v 0.391740 -0.076958 -0.093896
v 0.411203 -0.077585 -0.083321
v 0.402857 -0.080289 -0.086216
v 0.396525 -0.074980 -0.083162
v 0.401397 -0.082527 -0.095059
v 0.369116 0.023805 -0.069045
v 0.370479 0.007438 -0.058916
v 0.387729 0.018748 -0.068470
v 0.367358 0.017248 -0.060858
v 0.375839 0.020302 -0.061055
v 0.380519 0.013673 -0.060452
v 0.379555 0.025245 -0.067614
v 0.421394 -0.075410 -0.092107
v 0.427177 -0.056118 -0.085872
v 0.409928 -0.067428 -0.076318
v 0.428076 -0.066838 -0.089019
v 0.422695 -0.068623 -0.081725
v 0.419968 -0.061194 -0.077854
v 0.415879 -0.074835 -0.082263
v 0.093646 0.083927 -0.005359
v 0.082746 0.096512 0.005437
v 0.083887 0.096512 -0.017197
v 0.086678 0.087079 0.002312
v 0.083025 0.088301 -0.005895
v 0.079777 0.095978 -0.006058
v 0.087484 0.087079 -0.013693
v 0.074705 0.276588 -0.006314
v 0.067686 0.261295 -0.018013
v 0.066546 0.261295 0.004621
v 0.069346 0.271574 -0.014607
v 0.065242 0.269179 -0.006791
v 0.063576 0.260760 -0.006875
v 0.068539 0.271574 0.001398
v 0.172290 0.095033 -0.103950
v 0.157238 0.106871 -0.109153
v 0.178875 0.110088 -0.115075
v 0.162477 0.097669 -0.107707
v 0.168871 0.100424 -0.113514
v 0.167134 0.108314 -0.115573
v 0.177778 0.099944 -0.111894
v 0.146046 0.286663 -0.095750
v 0.156429 0.273988 -0.108061
v 0.134791 0.270771 -0.102139
v 0.152646 0.283451 -0.104042
v 0.144232 0.280334 -0.105816
v 0.144688 0.272214 -0.108560
v 0.137346 0.281177 -0.099855
v 0.289228 0.113003 -0.058886
v 0.287944 0.126848 -0.073043
v 0.300176 0.128836 -0.054068
v 0.289288 0.117079 -0.068921
v 0.296518 0.120040 -0.064323
v 0.297030 0.128275 -0.065515
v 0.297938 0.118485 -0.055505
v 0.252126 0.302964 -0.054870
v 0.268443 0.291309 -0.050634
v 0.256211 0.289321 -0.069608
v 0.262408 0.300395 -0.051659
v 0.261685 0.298383 -0.060553
v 0.265296 0.290748 -0.062081
v 0.253758 0.298989 -0.065076
v 0.282856 0.113003 0.067557
v 0.294233 0.128836 0.063865
v 0.280156 0.126848 0.081513
v 0.291862 0.118485 0.065069
v 0.289563 0.120040 0.073700
v 0.289952 0.128275 0.074937
v 0.281907 0.117079 0.077548
v 0.246346 0.302964 0.059832
v 0.248928 0.289321 0.074906
v 0.263006 0.291309 0.057258
v 0.246944 0.298989 0.070151
v 0.255285 0.298383 0.066447
v 0.258725 0.290748 0.068330
v 0.256898 0.300395 0.057671
v 0.161980 0.095033 0.100638
v 0.167414 0.110088 0.112368
v 0.146481 0.106871 0.104301
v 0.166642 0.099944 0.109094
v 0.157617 0.100424 0.109810
v 0.155683 0.108314 0.111684
v 0.151840 0.097669 0.103389
v 0.136693 0.286663 0.089841
v 0.124854 0.270771 0.095067
v 0.145787 0.273988 0.103134
v 0.127625 0.281177 0.093050
v 0.133877 0.280334 0.099674
v 0.134055 0.272214 0.102449
v 0.142427 0.283451 0.098754
v 0.075862 0.272740 -0.003251
v 0.066849 0.286453 0.007906
v 0.067293 0.286453 -0.014753
v 0.069549 0.276642 0.004639
v 0.065817 0.278333 -0.003448
v 0.063490 0.286338 -0.003494
v 0.069863 0.276642 -0.011383
v 0.079654 0.466295 -0.003177
v 0.070536 0.452000 -0.014689
v 0.070091 0.452000 0.007969
v 0.073494 0.461993 -0.011312
v 0.069377 0.460050 -0.003378
v 0.066732 0.451885 -0.003430
v 0.073180 0.461993 0.004710
v 0.145143 0.274906 -0.094823
v 0.131434 0.288458 -0.099532
v 0.153109 0.289150 -0.106111
v 0.135598 0.278697 -0.098269
v 0.142091 0.280717 -0.104265
v 0.141232 0.288768 -0.106251
v 0.150925 0.279186 -0.102922
v 0.141842 0.468239 -0.085376
v 0.150287 0.454507 -0.098030
v 0.128611 0.453816 -0.091451
v 0.147765 0.464325 -0.093874
v 0.138993 0.462226 -0.095395
v 0.138409 0.454126 -0.098170
v 0.132438 0.463836 -0.089222
v 0.253596 0.278410 -0.057199
v 0.253517 0.292394 -0.071278
v 0.266469 0.292821 -0.052686
v 0.253829 0.282511 -0.067223
v 0.261493 0.284575 -0.062843
v 0.262931 0.292701 -0.064031
v 0.262987 0.282813 -0.054076
v 0.239194 0.471385 -0.051603
v 0.254151 0.457872 -0.047899
v 0.241199 0.457445 -0.066491
v 0.249196 0.467608 -0.048717
v 0.247973 0.465748 -0.057588
v 0.250614 0.457751 -0.059245
v 0.240038 0.467306 -0.061864
v 0.251343 0.278410 0.057626
v 0.264383 0.292821 0.053621
v 0.250712 0.292394 0.071691
v 0.260850 0.282813 0.054874
v 0.259013 0.284575 0.063575
v 0.260404 0.292701 0.064819
v 0.251183 0.282511 0.067651
v 0.237172 0.471385 0.051469
v 0.238592 0.457445 0.066425
v 0.252263 0.457872 0.048355
v 0.237613 0.467306 0.061755
v 0.245709 0.465748 0.057794
v 0.248284 0.457751 0.059553
v 0.247280 0.467608 0.048977
v 0.141498 0.274906 0.090968
v 0.149016 0.289150 0.102559
v 0.127615 0.288458 0.095135
v 0.146959 0.279186 0.099287
v 0.138079 0.280717 0.100283
v 0.137142 0.288768 0.102233
v 0.131826 0.278697 0.094037
v 0.138571 0.468239 0.081398
v 0.125112 0.453816 0.086950
v 0.146513 0.454507 0.094374
v 0.129023 0.463836 0.084873
v 0.135331 0.462226 0.091298
v 0.134639 0.454126 0.094048
v 0.144156 0.464325 0.090123
v 0.080125 0.452550 -0.003742
v 0.071308 0.466432 0.007363
v 0.071901 0.466432 -0.015292
v 0.073837 0.456571 0.004109
v 0.070192 0.458338 -0.004002
v 0.068022 0.466387 -0.004058
v 0.074256 0.456571 -0.011911
v 0.087697 0.645994 -0.003543
v 0.078378 0.631884 -0.015123
v 0.077785 0.631884 0.007532
v 0.081508 0.641816 -0.011721
v 0.077302 0.639951 -0.003816
v 0.074499 0.631839 -0.003889
v 0.081089 0.641816 0.004299
v 0.142877 0.453310 -0.085531
v 0.129466 0.467129 -0.090322
v 0.151194 0.467399 -0.096759
v 0.133431 0.457288 -0.089038
v 0.140002 0.459183 -0.094989
v 0.139312 0.467250 -0.096977
v 0.148795 0.457479 -0.093589
v 0.143294 0.646667 -0.076006
v 0.151551 0.632777 -0.088613
v 0.129823 0.632507 -0.082175
v 0.149194 0.642641 -0.084468
v 0.140393 0.640715 -0.086047
v 0.139669 0.632628 -0.088830
v 0.133830 0.642450 -0.079916
v 0.240048 0.454539 -0.051120
v 0.240335 0.468527 -0.065192
v 0.253170 0.468694 -0.046515
v 0.240427 0.458638 -0.061140
v 0.248101 0.460551 -0.056709
v 0.249706 0.468647 -0.057884
v 0.249503 0.458756 -0.047934
v 0.229385 0.647756 -0.045520
v 0.244050 0.633952 -0.041725
v 0.231214 0.633785 -0.060402
v 0.239292 0.643784 -0.042570
v 0.238090 0.641951 -0.051450
v 0.240585 0.633905 -0.053094
v 0.230215 0.643666 -0.055777
v 0.237352 0.454539 0.051936
v 0.250697 0.468694 0.048024
v 0.236902 0.468527 0.066004
v 0.246960 0.458756 0.049248
v 0.245101 0.460551 0.057938
v 0.246642 0.468647 0.059195
v 0.237206 0.458638 0.061962
v 0.226995 0.647756 0.045785
v 0.228044 0.633785 0.060743
v 0.241839 0.633952 0.042763
v 0.227289 0.643666 0.056072
v 0.235379 0.641951 0.052163
v 0.237785 0.633905 0.053935
v 0.237043 0.643784 0.043358
v 0.138513 0.453310 0.081218
v 0.146232 0.467399 0.092865
v 0.124871 0.467129 0.085301
v 0.144002 0.457479 0.089574
v 0.135147 0.459183 0.090513
v 0.134355 0.467250 0.092461
v 0.128897 0.457288 0.084225
v 0.139428 0.646667 0.071728
v 0.125653 0.632507 0.077184
v 0.147014 0.632777 0.084749
v 0.129773 0.642450 0.075138
v 0.136006 0.640715 0.081603
v 0.135138 0.632628 0.084345
v 0.144878 0.642641 0.080487
v -0.277541 0.190726 -0.042475
v -0.263134 0.190301 -0.055304
v -0.285351 0.190301 -0.060114
v -0.268359 0.193752 -0.046905
v -0.275508 0.196115 -0.051863
v -0.273881 0.193452 -0.059378
v -0.284068 0.193752 -0.050306
v -0.258094 0.122442 -0.132295
v -0.270676 0.138775 -0.127891
v -0.248459 0.138775 -0.123081
v -0.266019 0.130377 -0.133670
v -0.258078 0.134914 -0.132367
v -0.259206 0.141926 -0.127155
v -0.250309 0.130377 -0.130269
v -0.335189 0.155675 -0.035522
v -0.334415 0.160469 -0.054197
v -0.343460 0.141462 -0.045616
v -0.336309 0.161990 -0.044006
v -0.342464 0.155406 -0.043788
v -0.342158 0.151939 -0.051144
v -0.342705 0.148549 -0.037939
v -0.299505 0.097263 -0.127300
v -0.316534 0.097385 -0.114871
v -0.307489 0.116393 -0.123452
v -0.309585 0.094336 -0.123120
v -0.310481 0.103052 -0.126047
v -0.315231 0.107863 -0.120398
v -0.303190 0.107777 -0.129187
v -0.321208 0.098962 -0.001050
v -0.331561 0.093193 -0.016277
v -0.314934 0.081446 -0.006164
v -0.330035 0.097156 -0.006700
v -0.326226 0.089536 -0.003750
v -0.325599 0.084770 -0.010316
v -0.318278 0.088849 0.000451
v -0.289462 0.056524 -0.102537
v -0.290979 0.049422 -0.082745
v -0.307606 0.061170 -0.092858
v -0.288814 0.049461 -0.093741
v -0.297772 0.051499 -0.094711
v -0.301644 0.052747 -0.086897
v -0.300571 0.057768 -0.100893
v -0.254919 0.098962 0.013302
v -0.258516 0.081446 0.006052
v -0.239195 0.093193 0.003722
v -0.258208 0.088849 0.013457
v -0.249234 0.089536 0.012919
v -0.247089 0.084770 0.006683
v -0.244546 0.097156 0.011809
v -0.241843 0.056524 -0.092227
v -0.229328 0.061170 -0.075910
v -0.248649 0.049422 -0.073580
v -0.232410 0.057768 -0.086135
v -0.237515 0.051499 -0.081664
v -0.237222 0.052747 -0.072949
v -0.246072 0.049461 -0.084487
v -0.227932 0.155675 -0.012300
v -0.216226 0.141462 -0.018068
v -0.220911 0.160469 -0.029622
v -0.220090 0.148549 -0.011391
v -0.217889 0.155406 -0.016816
v -0.215125 0.151939 -0.023639
v -0.223403 0.161990 -0.019560
v -0.222457 0.097263 -0.110618
v -0.216780 0.116393 -0.103812
v -0.212094 0.097385 -0.092258
v -0.218322 0.107777 -0.110812
v -0.212982 0.103052 -0.104937
v -0.210994 0.107863 -0.097830
v -0.215008 0.094336 -0.102643
v -0.259291 0.119495 -0.134271
v -0.245722 0.114582 -0.147081
v -0.268166 0.114582 -0.150685
v -0.250265 0.120579 -0.139790
v -0.257586 0.121877 -0.144889
v -0.256541 0.117104 -0.151397
v -0.266135 0.120579 -0.142339
v -0.248472 0.027554 -0.201639
v -0.260002 0.045204 -0.201520
v -0.237558 0.045204 -0.197915
v -0.256093 0.035247 -0.204864
v -0.247889 0.039473 -0.205269
v -0.248376 0.047727 -0.202231
v -0.240223 0.035247 -0.202315
v -0.301434 0.099338 -0.120437
v -0.301574 0.098602 -0.139718
v -0.310945 0.083385 -0.125670
v -0.302775 0.103053 -0.130311
v -0.309201 0.097189 -0.127946
v -0.309500 0.091773 -0.134011
v -0.309401 0.092293 -0.120378
v -0.274091 0.015300 -0.193229
v -0.290312 0.019971 -0.180597
v -0.280942 0.035189 -0.194646
v -0.284024 0.014296 -0.187937
v -0.284694 0.021868 -0.193187
v -0.288868 0.028360 -0.188939
v -0.277398 0.025057 -0.197870
v -0.291788 0.066722 -0.085552
v -0.303298 0.057530 -0.098016
v -0.286646 0.048125 -0.085729
v -0.301015 0.063937 -0.090048
v -0.297387 0.057242 -0.085220
v -0.297379 0.050786 -0.090173
v -0.289240 0.057286 -0.081360
v -0.268227 -0.004527 -0.172021
v -0.268867 -0.005639 -0.150978
v -0.285520 0.003766 -0.163265
v -0.267372 -0.008842 -0.161614
v -0.276270 -0.006617 -0.162720
v -0.279600 -0.002977 -0.155422
v -0.279147 -0.002191 -0.170302
v -0.243683 0.066722 -0.077826
v -0.248512 0.048125 -0.079605
v -0.228849 0.057530 -0.086059
v -0.247416 0.057286 -0.074643
v -0.238470 0.057242 -0.075758
v -0.236927 0.050786 -0.080464
v -0.233513 0.063937 -0.079207
v -0.238983 -0.004527 -0.167325
v -0.225303 0.003766 -0.153594
v -0.244965 -0.005639 -0.147139
v -0.229151 -0.002191 -0.162272
v -0.234258 -0.006617 -0.155973
v -0.233381 -0.002977 -0.147999
v -0.243054 -0.008842 -0.157708
v -0.223599 0.099338 -0.107937
v -0.212928 0.083385 -0.109928
v -0.217428 0.098602 -0.126204
v -0.216051 0.092293 -0.105385
v -0.213871 0.097189 -0.112635
v -0.211688 0.091773 -0.118303
v -0.219233 0.103053 -0.116894
v -0.226774 0.015300 -0.185629
v -0.219824 0.035189 -0.184830
v -0.215323 0.019971 -0.168554
v -0.222180 0.025057 -0.189002
v -0.216717 0.021868 -0.182270
v -0.214084 0.028360 -0.176928
v -0.218998 0.014296 -0.177493
v -0.248630 0.029511 -0.198777
v -0.235141 0.021392 -0.209933
v -0.257533 0.021392 -0.213848
v -0.239517 0.029017 -0.204236
v -0.246733 0.029410 -0.209626
v -0.245812 0.023277 -0.214893
v -0.255350 0.029017 -0.207005
v -0.240745 -0.075430 -0.243874
v -0.251583 -0.057795 -0.247878
v -0.229191 -0.057795 -0.243963
v -0.248032 -0.068380 -0.248861
v -0.239665 -0.064645 -0.250046
v -0.239862 -0.055910 -0.248923
v -0.232198 -0.068380 -0.246092
v -0.274785 0.020355 -0.188318
v -0.274770 0.015358 -0.206955
v -0.284857 0.003988 -0.190052
v -0.275887 0.021828 -0.198792
v -0.282557 0.016870 -0.195300
v -0.283009 0.010255 -0.200019
v -0.283019 0.013789 -0.186840
v -0.250030 -0.078681 -0.240161
v -0.266177 -0.070743 -0.229172
v -0.256091 -0.059373 -0.246075
v -0.260044 -0.078128 -0.234957
v -0.260370 -0.071894 -0.241766
v -0.264329 -0.064476 -0.239139
v -0.252912 -0.070088 -0.246909
v -0.269895 0.005541 -0.163141
v -0.281635 -0.005775 -0.173459
v -0.265476 -0.012802 -0.159097
v -0.279180 0.002157 -0.167071
v -0.275861 -0.003422 -0.160815
v -0.276055 -0.010813 -0.164212
v -0.267755 -0.002812 -0.156915
v -0.248294 -0.083940 -0.231222
v -0.249177 -0.080323 -0.210471
v -0.265335 -0.073296 -0.224833
v -0.247706 -0.085861 -0.220103
v -0.256500 -0.083621 -0.221835
v -0.259756 -0.078334 -0.215585
v -0.259132 -0.080892 -0.230259
v -0.240720 0.005541 -0.158039
v -0.246248 -0.012802 -0.155735
v -0.226176 -0.005775 -0.163762
v -0.244846 -0.002812 -0.152910
v -0.235898 -0.003422 -0.153827
v -0.234562 -0.010813 -0.156956
v -0.230652 0.002157 -0.158585
v -0.237936 -0.083940 -0.229411
v -0.224075 -0.073296 -0.217618
v -0.244148 -0.080323 -0.209591
v -0.228069 -0.080892 -0.224827
v -0.233403 -0.083621 -0.217796
v -0.232461 -0.078334 -0.210813
v -0.242262 -0.085861 -0.219151
v -0.227577 0.020355 -0.180063
v -0.217514 0.003988 -0.178277
v -0.221266 0.015358 -0.197600
v -0.220333 0.013789 -0.175879
v -0.217896 0.016870 -0.183994
v -0.215870 0.010255 -0.188279
v -0.222986 0.021828 -0.189542
v -0.233270 -0.078681 -0.237230
v -0.225562 -0.059373 -0.240737
v -0.221810 -0.070743 -0.221414
v -0.228270 -0.070088 -0.242600
v -0.222999 -0.071894 -0.235231
v -0.220166 -0.064476 -0.231417
v -0.225616 -0.078128 -0.228937
v -0.271845 0.190039 0.050787
v -0.279590 0.189234 0.033132
v -0.291020 0.189234 0.052782
v -0.273288 0.192911 0.040649
v -0.280259 0.195192 0.045892
v -0.286847 0.192342 0.042060
v -0.281370 0.192911 0.054543
v -0.349818 0.119530 0.005431
v -0.349858 0.136028 0.018557
v -0.338428 0.136028 -0.001092
v -0.353739 0.127470 0.012448
v -0.350145 0.131996 0.005241
v -0.345685 0.139137 0.007835
v -0.345657 0.127470 -0.001446
v -0.282280 0.155463 0.108196
v -0.299902 0.159806 0.101642
v -0.294131 0.141056 0.113125
v -0.290827 0.161579 0.106567
v -0.292380 0.155034 0.112570
v -0.299207 0.151391 0.110053
v -0.286747 0.148320 0.114687
v -0.357314 0.094692 0.046671
v -0.350751 0.095199 0.066700
v -0.356522 0.113949 0.055217
v -0.356387 0.091918 0.057584
v -0.359631 0.100566 0.057427
v -0.355827 0.105534 0.063627
v -0.360468 0.105176 0.049465
v -0.243986 0.099518 0.106223
v -0.261539 0.093440 0.111447
v -0.246543 0.081852 0.098894
v -0.252045 0.097623 0.112900
v -0.247903 0.090056 0.110279
v -0.253853 0.085131 0.107717
v -0.241441 0.089429 0.104024
v -0.329806 0.054504 0.045254
v -0.311302 0.047885 0.052888
v -0.326298 0.059474 0.065440
v -0.321092 0.047651 0.047437
v -0.324821 0.049711 0.055634
v -0.318612 0.051165 0.061711
v -0.331696 0.055845 0.056313
v -0.209884 0.099518 0.047596
v -0.217519 0.081852 0.048996
v -0.214021 0.093440 0.029755
v -0.210538 0.089429 0.050896
v -0.208295 0.090056 0.042186
v -0.213463 0.085131 0.038281
v -0.208065 0.097623 0.037290
v -0.305309 0.054504 0.003139
v -0.286028 0.059474 -0.003791
v -0.289525 0.047885 0.015450
v -0.296630 0.055845 -0.003971
v -0.293822 0.049711 0.002340
v -0.285469 0.051165 0.004734
v -0.299103 0.047651 0.009634
v -0.227101 0.155463 0.013334
v -0.228675 0.141056 0.000595
v -0.241509 0.159806 0.001256
v -0.223667 0.148320 0.006242
v -0.228292 0.155034 0.002393
v -0.233855 0.151391 -0.002298
v -0.232742 0.161579 0.006710
v -0.317677 0.094692 -0.021473
v -0.309856 0.113949 -0.025009
v -0.297022 0.095199 -0.025670
v -0.316807 0.105176 -0.025595
v -0.309473 0.100566 -0.028804
v -0.302202 0.105534 -0.028563
v -0.307732 0.091918 -0.026062
v -0.350847 0.117075 0.004939
v -0.357950 0.112063 -0.012287
v -0.369318 0.112063 0.007397
v -0.352792 0.118113 -0.005465
v -0.360173 0.119385 -0.000446
v -0.365853 0.114569 -0.003726
v -0.360831 0.118113 0.008455
v -0.409405 0.024684 -0.028878
v -0.413505 0.042347 -0.018120
v -0.402137 0.042347 -0.037805
v -0.415179 0.032363 -0.022932
v -0.412657 0.036578 -0.030756
v -0.410040 0.044852 -0.029244
v -0.407140 0.032363 -0.036851
v -0.352829 0.097052 0.049312
v -0.370889 0.096191 0.042573
v -0.361017 0.081075 0.056386
v -0.362554 0.100705 0.047033
v -0.362601 0.094862 0.053900
v -0.368344 0.089407 0.052035
v -0.355573 0.090016 0.056801
v -0.410609 0.012512 -0.001903
v -0.404617 0.017283 0.017740
v -0.414489 0.032398 0.003927
v -0.409200 0.011553 0.009267
v -0.414388 0.019091 0.007997
v -0.411944 0.025615 0.013389
v -0.416181 0.022242 -0.000500
v -0.316611 0.064655 0.052843
v -0.332306 0.055393 0.059184
v -0.314837 0.046052 0.048036
v -0.324084 0.061850 0.059870
v -0.318242 0.055184 0.058223
v -0.322830 0.048695 0.056471
v -0.311732 0.055244 0.051987
v -0.388592 -0.007182 0.000243
v -0.369152 -0.008156 0.008346
v -0.386622 0.001186 0.019494
v -0.378538 -0.011430 0.003169
v -0.382757 -0.009202 0.011080
v -0.377145 -0.005512 0.016781
v -0.390891 -0.004824 0.011051
v -0.292245 0.064655 0.010651
v -0.295521 0.046052 0.014590
v -0.294597 0.055393 -0.006112
v -0.290548 0.055244 0.015305
v -0.288400 0.055184 0.006549
v -0.292210 0.048695 0.003451
v -0.289894 0.061850 0.000666
v -0.373780 -0.007182 -0.025405
v -0.356121 0.001186 -0.033320
v -0.357046 -0.008156 -0.012618
v -0.365567 -0.004824 -0.032799
v -0.361477 -0.009202 -0.025767
v -0.353735 -0.005512 -0.023756
v -0.366221 -0.011430 -0.018160
v -0.313405 0.097052 -0.018954
v -0.311370 0.081075 -0.029582
v -0.328268 0.096191 -0.031229
v -0.308290 0.090016 -0.025074
v -0.314315 0.094862 -0.029711
v -0.318800 0.089407 -0.033753
v -0.320239 0.100705 -0.026238
v -0.386643 0.012512 -0.043403
v -0.383533 0.032398 -0.049677
v -0.366635 0.017283 -0.048030
v -0.388212 0.022242 -0.048930
v -0.379956 0.019091 -0.051623
v -0.374065 0.025615 -0.052202
v -0.376264 0.011553 -0.047765
v -0.407560 0.025684 -0.027527
v -0.413211 0.016892 -0.043747
v -0.424358 0.016892 -0.023936
v -0.409644 0.024835 -0.037921
v -0.417142 0.025018 -0.032918
v -0.421522 0.018618 -0.035382
v -0.417526 0.024835 -0.023912
v -0.442713 -0.081469 -0.047305
v -0.450883 -0.063964 -0.038861
v -0.439736 -0.063964 -0.058672
v -0.450152 -0.074616 -0.042269
v -0.448648 -0.071020 -0.050645
v -0.448047 -0.062238 -0.050307
v -0.442270 -0.074616 -0.056278
v -0.406013 0.017300 0.000838
v -0.423338 0.011367 -0.005243
v -0.410269 0.000956 0.010170
v -0.416311 0.018252 -0.001640
v -0.415023 0.013535 0.005934
v -0.419321 0.006695 0.004959
v -0.407070 0.010890 0.009258
v -0.442163 -0.084445 -0.037235
v -0.437548 -0.075819 -0.018559
v -0.450616 -0.065408 -0.033972
v -0.440622 -0.083541 -0.026078
v -0.447423 -0.077657 -0.028190
v -0.446599 -0.070081 -0.023771
v -0.449863 -0.076180 -0.036977
v -0.380009 0.003735 0.004968
v -0.393132 -0.007983 0.012892
v -0.373908 -0.014418 0.002606
v -0.386652 0.000239 0.012501
v -0.379405 -0.005045 0.011590
v -0.382338 -0.012597 0.010831
v -0.373059 -0.004310 0.005228
v -0.432931 -0.089261 -0.035769
v -0.413842 -0.084591 -0.028133
v -0.433066 -0.078157 -0.017847
v -0.422177 -0.090622 -0.032580
v -0.426837 -0.088395 -0.024921
v -0.422273 -0.082771 -0.019908
v -0.435770 -0.086072 -0.025307
v -0.365485 0.003735 -0.020846
v -0.364337 -0.014418 -0.014405
v -0.365524 -0.007983 -0.036175
v -0.361655 -0.004310 -0.015040
v -0.359511 -0.005045 -0.023767
v -0.361683 -0.012597 -0.025880
v -0.362495 0.000239 -0.030434
v -0.427775 -0.089261 -0.044933
v -0.412527 -0.078157 -0.054351
v -0.411339 -0.084591 -0.032582
v -0.420307 -0.086072 -0.052790
v -0.415340 -0.088395 -0.045356
v -0.408685 -0.082771 -0.044056
v -0.419467 -0.090622 -0.037397
v -0.382513 0.017300 -0.040928
v -0.376746 0.000956 -0.049410
v -0.396704 0.011367 -0.052579
v -0.375865 0.010890 -0.046203
v -0.382834 0.013535 -0.051274
v -0.385899 0.006695 -0.054441
v -0.389977 0.018252 -0.048444
v -0.433820 -0.084445 -0.052063
v -0.435419 -0.065408 -0.060982
v -0.415462 -0.075819 -0.057813
v -0.437596 -0.076180 -0.058778
v -0.428819 -0.077657 -0.061254
v -0.424615 -0.070081 -0.062844
v -0.423484 -0.083541 -0.056537
v -0.180827 0.190216 0.073742
v -0.200050 0.189508 0.075262
v -0.185246 0.189508 0.092511
v -0.190863 0.193128 0.071764
v -0.188190 0.195430 0.080061
v -0.193987 0.192627 0.085036
v -0.180395 0.193128 0.083961
v -0.249610 0.120269 0.132774
v -0.237148 0.136726 0.137056
v -0.251953 0.136726 0.119807
v -0.244233 0.128208 0.138750
v -0.249838 0.132737 0.132970
v -0.245889 0.139846 0.129581
v -0.254701 0.128208 0.126553
v -0.130195 0.155518 0.102596
v -0.142153 0.159976 0.117069
v -0.129500 0.141159 0.115467
v -0.134512 0.161684 0.110109
v -0.129383 0.155129 0.113574
v -0.134020 0.151531 0.119210
v -0.125565 0.148379 0.108976
v -0.213238 0.095343 0.153501
v -0.192163 0.095752 0.153880
v -0.204816 0.114569 0.155482
v -0.202639 0.092530 0.156222
v -0.203813 0.101196 0.159199
v -0.196683 0.106124 0.157623
v -0.211586 0.105835 0.157355
v -0.119743 0.099374 0.066006
v -0.120604 0.093375 0.084325
v -0.127589 0.081745 0.066085
v -0.116093 0.097502 0.075818
v -0.117244 0.089921 0.071076
v -0.121641 0.085036 0.075874
v -0.121032 0.089279 0.062920
v -0.205730 0.055012 0.127217
v -0.192473 0.048271 0.112274
v -0.185489 0.059900 0.130514
v -0.200839 0.048106 0.119732
v -0.194312 0.050160 0.125938
v -0.186526 0.051562 0.122063
v -0.195900 0.056329 0.132629
v -0.163916 0.099374 0.014538
v -0.165184 0.081745 0.022280
v -0.182154 0.093375 0.012610
v -0.161061 0.089279 0.016280
v -0.168548 0.089921 0.011298
v -0.173957 0.085036 0.014917
v -0.173061 0.097502 0.009442
v -0.237461 0.055012 0.090245
v -0.237650 0.059900 0.069737
v -0.220681 0.048271 0.079408
v -0.241320 0.056329 0.079707
v -0.234465 0.050161 0.079153
v -0.229454 0.051562 0.072044
v -0.229320 0.048106 0.086545
v -0.201668 0.155518 0.019319
v -0.214285 0.141159 0.016679
v -0.217788 0.159976 0.028942
v -0.207271 0.148379 0.013774
v -0.212395 0.155129 0.016851
v -0.218670 0.151531 0.020579
v -0.209748 0.161684 0.022446
v -0.264580 0.095343 0.093679
v -0.265261 0.114569 0.085054
v -0.261758 0.095752 0.072790
v -0.268139 0.105835 0.091461
v -0.268782 0.101196 0.083499
v -0.266143 0.106124 0.076691
v -0.265662 0.092530 0.082790
v -0.249989 0.118845 0.132482
v -0.268761 0.114452 0.133292
v -0.254243 0.114452 0.150784
v -0.260384 0.120168 0.130665
v -0.258195 0.121601 0.139293
v -0.263392 0.117062 0.143606
v -0.250118 0.120168 0.143034
v -0.304935 0.029348 0.178086
v -0.295704 0.046919 0.185196
v -0.310222 0.046919 0.167704
v -0.301114 0.037104 0.185360
v -0.307442 0.041387 0.180167
v -0.304853 0.049529 0.178019
v -0.311380 0.037104 0.172991
v -0.209715 0.097988 0.150279
v -0.222317 0.097918 0.164892
v -0.206431 0.082173 0.160835
v -0.215103 0.102035 0.158507
v -0.208869 0.096056 0.161090
v -0.212781 0.090852 0.165971
v -0.203870 0.090901 0.155639
v -0.280452 0.016668 0.188906
v -0.259808 0.020810 0.189982
v -0.275694 0.036556 0.194039
v -0.269522 0.015427 0.191488
v -0.272268 0.023172 0.195710
v -0.266158 0.029490 0.195118
v -0.280755 0.026561 0.194357
v -0.194897 0.064240 0.118415
v -0.194684 0.055421 0.135576
v -0.199384 0.045689 0.115577
v -0.190987 0.061561 0.127935
v -0.190721 0.054724 0.122064
v -0.194160 0.048443 0.125928
v -0.194311 0.054680 0.113794
v -0.271444 -0.003847 0.169535
v -0.257145 -0.005689 0.154151
v -0.252445 0.004042 0.174150
v -0.265355 -0.008514 0.161239
v -0.259327 -0.006301 0.167881
v -0.251921 -0.002935 0.164503
v -0.262032 -0.001633 0.175380
v -0.226014 0.064240 0.080924
v -0.224051 0.045689 0.085857
v -0.242842 0.055421 0.077554
v -0.221364 0.054680 0.081199
v -0.228831 0.054724 0.076147
v -0.233263 0.048443 0.078816
v -0.234651 0.061561 0.075328
v -0.290360 -0.003847 0.146744
v -0.291397 0.004042 0.127220
v -0.272606 -0.005689 0.135524
v -0.294372 -0.001633 0.136416
v -0.286503 -0.006301 0.135139
v -0.281818 -0.002935 0.128482
v -0.281085 -0.008514 0.142287
v -0.260063 0.097988 0.089618
v -0.269833 0.082173 0.084446
v -0.276747 0.097918 0.099313
v -0.264254 0.090901 0.082886
v -0.270533 0.096056 0.086795
v -0.276051 0.090852 0.089741
v -0.269142 0.102035 0.093399
v -0.311059 0.016668 0.152029
v -0.315227 0.036556 0.146407
v -0.308314 0.020810 0.131540
v -0.316472 0.026561 0.151323
v -0.316239 0.023172 0.142732
v -0.314532 0.029489 0.136835
v -0.311584 0.015427 0.140811
v -0.302306 0.029214 0.178433
v -0.319417 0.020346 0.179386
v -0.303419 0.020346 0.195535
v -0.312870 0.028324 0.177585
v -0.310114 0.028483 0.186168
v -0.313657 0.022054 0.189678
v -0.301557 0.028324 0.189004
v -0.330512 -0.078174 0.206376
v -0.324703 -0.060687 0.216620
v -0.340701 -0.060687 0.200471
v -0.327736 -0.071345 0.214938
v -0.335394 -0.067766 0.211212
v -0.334940 -0.058980 0.210763
v -0.339048 -0.071345 0.203519
v -0.274568 0.020920 0.184683
v -0.285138 0.014881 0.199654
v -0.266691 0.004581 0.191266
v -0.279777 0.021812 0.193912
v -0.272120 0.017123 0.194729
v -0.274208 0.010259 0.198567
v -0.266733 0.014529 0.187981
v -0.320664 -0.081119 0.208595
v -0.301475 -0.072416 0.209310
v -0.319922 -0.062116 0.217697
v -0.309516 -0.080175 0.210174
v -0.313435 -0.074331 0.216160
v -0.308991 -0.066738 0.216610
v -0.322560 -0.072892 0.216105
v -0.263414 0.007501 0.160750
v -0.259341 -0.004262 0.175494
v -0.263938 -0.010628 0.154161
v -0.257975 0.003992 0.169189
v -0.256843 -0.001257 0.161947
v -0.258345 -0.008826 0.164530
v -0.261226 -0.000509 0.154105
v -0.316704 -0.085883 0.200098
v -0.304149 -0.081094 0.183852
v -0.299552 -0.074728 0.205185
v -0.310685 -0.087180 0.190624
v -0.304605 -0.084955 0.197214
v -0.298557 -0.079292 0.194221
v -0.307435 -0.082679 0.205708
v -0.284259 0.007501 0.139709
v -0.277675 -0.010628 0.140294
v -0.298964 -0.004262 0.135497
v -0.277594 -0.000509 0.137583
v -0.285395 -0.001257 0.133127
v -0.287991 -0.008826 0.134605
v -0.292647 0.003992 0.134191
v -0.324105 -0.085883 0.192627
v -0.329031 -0.074728 0.175429
v -0.307742 -0.081094 0.180225
v -0.329628 -0.082679 0.183306
v -0.321107 -0.084955 0.180556
v -0.318058 -0.079292 0.174536
v -0.314575 -0.087180 0.186698
v -0.308296 0.020920 0.150637
v -0.314805 0.004581 0.142699
v -0.323365 0.014881 0.161067
v -0.311520 0.014529 0.142772
v -0.318318 0.017123 0.148096
v -0.322175 0.010259 0.150147
v -0.317573 0.021812 0.155760
v -0.332638 -0.081119 0.196507
v -0.341733 -0.062116 0.195680
v -0.333173 -0.072416 0.177312
v -0.340166 -0.072892 0.198333
v -0.340136 -0.074331 0.189208
v -0.340544 -0.066738 0.184760
v -0.334113 -0.080175 0.185345
v -0.139962 0.191230 -0.038756
v -0.135507 0.191097 -0.019982
v -0.120725 0.191097 -0.037252
v -0.140466 0.194373 -0.028609
v -0.132742 0.196798 -0.032576
v -0.126864 0.194279 -0.027545
v -0.130014 0.194373 -0.040820
v -0.069186 0.124674 0.021821
v -0.067319 0.140874 0.008458
v -0.082100 0.140874 0.025728
v -0.064325 0.132601 0.015402
v -0.069307 0.137145 0.021717
v -0.073457 0.144056 0.018165
v -0.074777 0.132601 0.027614
v -0.118213 0.155831 -0.092366
v -0.102215 0.160968 -0.082880
v -0.105202 0.141772 -0.094682
v -0.110305 0.162295 -0.089402
v -0.107482 0.155684 -0.094842
v -0.101105 0.152353 -0.091039
v -0.112417 0.148721 -0.097747
v -0.053563 0.099245 -0.016690
v -0.056417 0.099072 -0.037578
v -0.053430 0.118269 -0.025776
v -0.052414 0.096202 -0.027511
v -0.049537 0.104967 -0.027016
v -0.052321 0.109654 -0.033935
v -0.050302 0.109776 -0.019165
v -0.154382 0.098554 -0.095735
v -0.135985 0.093023 -0.097550
v -0.152612 0.081159 -0.087574
v -0.145193 0.096817 -0.100800
v -0.149490 0.089159 -0.098755
v -0.143942 0.084516 -0.095029
v -0.156950 0.088427 -0.093746
v -0.079544 0.058100 -0.019110
v -0.096141 0.050633 -0.029754
v -0.079514 0.062497 -0.039730
v -0.087492 0.050881 -0.022629
v -0.082415 0.052901 -0.030078
v -0.087471 0.053990 -0.037209
v -0.075735 0.059270 -0.029683
v -0.198484 0.098554 -0.044207
v -0.190148 0.081159 -0.043718
v -0.197437 0.093023 -0.025750
v -0.196916 0.088427 -0.047052
v -0.200713 0.089159 -0.038907
v -0.196175 0.084516 -0.034001
v -0.202070 0.096817 -0.034347
v -0.111225 0.058100 0.017905
v -0.131592 0.062497 0.021118
v -0.124303 0.050633 0.003151
v -0.121083 0.059270 0.023301
v -0.122505 0.052901 0.016762
v -0.130331 0.053990 0.012868
v -0.115929 0.050881 0.010595
v -0.189572 0.155831 -0.008992
v -0.189852 0.141772 0.004221
v -0.177730 0.160968 0.005350
v -0.193994 0.148721 -0.002435
v -0.190362 0.155684 0.001993
v -0.185620 0.152353 0.007707
v -0.185423 0.162295 -0.001636
v -0.104823 0.099245 0.043201
v -0.113780 0.118269 0.044735
v -0.125902 0.099072 0.043606
v -0.106765 0.109776 0.046805
v -0.114404 0.104967 0.048773
v -0.121670 0.109654 0.047091
v -0.115337 0.096202 0.046007
v -0.067245 0.120999 0.023457
v -0.063409 0.115977 0.041689
v -0.048639 0.115977 0.024409
v -0.067231 0.122032 0.034042
v -0.059058 0.123302 0.030455
v -0.054074 0.118481 0.034715
v -0.056787 0.122032 0.021823
v -0.015893 0.028561 0.067352
v -0.009889 0.046225 0.057532
v -0.024659 0.046225 0.074811
v -0.009126 0.036239 0.062563
v -0.013032 0.040452 0.069798
v -0.015325 0.048729 0.067838
v -0.019570 0.036239 0.074781
v -0.057208 0.100991 -0.019818
v -0.040682 0.100116 -0.009896
v -0.047875 0.085012 -0.025286
v -0.048061 0.104637 -0.015801
v -0.046765 0.098797 -0.022546
v -0.041462 0.093338 -0.019667
v -0.053147 0.093956 -0.026683
v -0.009792 0.016398 0.041044
v -0.012095 0.021179 0.020640
v -0.004902 0.036284 0.036030
v -0.009139 0.015444 0.029805
v -0.004267 0.022978 0.032004
v -0.005682 0.029505 0.026259
v -0.004053 0.026125 0.040687
v -0.092191 0.068617 -0.029914
v -0.075607 0.059348 -0.033289
v -0.094823 0.050013 -0.025521
v -0.083562 0.065810 -0.035461
v -0.089610 0.059147 -0.034911
v -0.085423 0.052655 -0.032354
v -0.097150 0.059209 -0.029968
v -0.031058 -0.003282 0.034907
v -0.048693 -0.004241 0.023392
v -0.029477 0.005094 0.015624
v -0.040411 -0.007522 0.030194
v -0.034818 -0.005295 0.023186
v -0.039293 -0.001599 0.016559
v -0.026823 -0.000921 0.024701
v -0.123848 0.068617 0.007121
v -0.119918 0.050013 0.003838
v -0.124601 0.059348 0.024028
v -0.124673 0.059209 0.002231
v -0.128383 0.059147 0.010448
v -0.125205 0.052655 0.014186
v -0.127984 0.065810 0.016508
v -0.050303 -0.003282 0.057421
v -0.069105 0.005094 0.061984
v -0.064422 -0.004241 0.041793
v -0.059725 -0.000921 0.063193
v -0.062466 -0.005295 0.055531
v -0.069709 -0.001599 0.052142
v -0.056414 -0.007522 0.048916
v -0.108431 0.100991 0.040106
v -0.112379 0.085012 0.050176
v -0.096058 0.100116 0.054887
v -0.114580 0.093956 0.045186
v -0.109500 0.098797 0.050847
v -0.105831 0.093338 0.055637
v -0.103039 0.104637 0.048517
v -0.040931 0.016398 0.077473
v -0.045123 0.036284 0.083083
v -0.061444 0.021179 0.078373
v -0.040391 0.026125 0.083198
v -0.049001 0.022978 0.084338
v -0.054896 0.029505 0.083834
v -0.051932 0.015444 0.079867
v -0.018406 0.029719 0.066624
v -0.016798 0.021010 0.083767
v -0.001198 0.021010 0.067233
v -0.018889 0.028914 0.077217
v -0.010406 0.029124 0.074171
v -0.006722 0.022756 0.077648
v -0.007859 0.028914 0.065526
v 0.011429 -0.077173 0.094773
v 0.021315 -0.059649 0.088474
v 0.005715 -0.059649 0.105008
v 0.019832 -0.070294 0.091652
v 0.016335 -0.066681 0.099401
v 0.015792 -0.057903 0.098889
v 0.008802 -0.070294 0.103343
v -0.013021 0.021238 0.038761
v 0.002351 0.015421 0.048870
v -0.006561 0.004889 0.030804
v -0.003630 0.022255 0.043648
v -0.003030 0.017507 0.036007
v 0.000937 0.010694 0.038022
v -0.009932 0.014808 0.030873
v 0.013342 -0.080184 0.084881
v 0.013331 -0.071643 0.065606
v 0.022243 -0.061111 0.083672
v 0.014535 -0.079324 0.073679
v 0.020598 -0.073395 0.077344
v 0.020830 -0.065837 0.072824
v 0.020837 -0.071877 0.086453
v -0.037195 0.007516 0.028536
v -0.022493 -0.004155 0.024065
v -0.043601 -0.010664 0.029434
v -0.028913 0.004033 0.022845
v -0.036142 -0.001289 0.022002
v -0.033443 -0.008822 0.023480
v -0.043839 -0.000570 0.026641
v 0.004759 -0.085056 0.081251
v -0.011943 -0.080517 0.069212
v 0.009165 -0.074008 0.063844
v -0.004901 -0.086487 0.075567
v 0.001460 -0.084258 0.069249
v -0.001785 -0.078675 0.063258
v 0.010025 -0.081884 0.071771
v -0.057521 0.007516 0.050079
v -0.056996 -0.010664 0.043632
v -0.061130 -0.004155 0.065016
v -0.059799 -0.000570 0.043556
v -0.063983 -0.001289 0.051510
v -0.062351 -0.008822 0.054118
v -0.062722 0.004033 0.058677
v -0.002458 -0.085056 0.088900
v -0.019580 -0.074008 0.094309
v -0.015446 -0.080517 0.072925
v -0.011616 -0.081884 0.094707
v -0.014631 -0.084258 0.086304
v -0.020800 -0.078675 0.083412
v -0.008693 -0.086487 0.079587
v -0.045909 0.021238 0.073619
v -0.053477 0.004889 0.080529
v -0.034924 0.015421 0.088377
v -0.053604 0.014808 0.077160
v -0.048077 0.017507 0.083752
v -0.045836 0.010694 0.087596
v -0.040485 0.022255 0.082709
v 0.001665 -0.080184 0.097257
v 0.000975 -0.061111 0.106214
v -0.017578 -0.071643 0.098367
v 0.003670 -0.071877 0.104649
v -0.005438 -0.073395 0.104939
v -0.009937 -0.065837 0.105433
v -0.009449 -0.079324 0.099100
v -0.191142 0.191024 -0.077021
v -0.174583 0.190770 -0.067118
v -0.176647 0.190770 -0.089756
v -0.184199 0.194119 -0.069584
v -0.181635 0.196518 -0.077888
v -0.173949 0.193940 -0.078589
v -0.185658 0.194119 -0.085591
v -0.098881 0.123751 -0.085432
v -0.107028 0.140006 -0.096102
v -0.104965 0.140006 -0.073464
v -0.100029 0.131681 -0.093398
v -0.098944 0.136223 -0.085426
v -0.104330 0.143176 -0.084935
v -0.098569 0.131681 -0.077390
v -0.214656 0.155767 -0.129976
v -0.196660 0.160763 -0.134826
v -0.207347 0.141644 -0.140905
v -0.206966 0.162170 -0.133579
v -0.208945 0.155569 -0.139393
v -0.201798 0.152183 -0.141307
v -0.214523 0.148650 -0.137878
v -0.115772 0.098424 -0.123472
v -0.132731 0.098373 -0.135997
v -0.122044 0.117493 -0.129918
v -0.122747 0.095429 -0.131841
v -0.120318 0.104174 -0.133563
v -0.127182 0.108912 -0.136399
v -0.115190 0.108948 -0.127542
v -0.242739 0.098721 -0.106370
v -0.231249 0.093091 -0.120814
v -0.235790 0.081275 -0.101933
v -0.239972 0.096955 -0.116486
v -0.241562 0.089313 -0.111976
v -0.235059 0.084619 -0.113349
v -0.243183 0.088600 -0.103136
v -0.135945 0.057445 -0.106515
v -0.155206 0.050129 -0.102043
v -0.150664 0.061945 -0.120923
v -0.144066 0.050291 -0.103270
v -0.145846 0.052318 -0.112105
v -0.154474 0.053473 -0.113458
v -0.140855 0.058646 -0.116620
v -0.236581 0.098721 -0.038826
v -0.230549 0.081275 -0.044446
v -0.222669 0.093091 -0.026698
v -0.237603 0.088600 -0.041927
v -0.234410 0.089313 -0.033526
v -0.227766 0.084619 -0.033351
v -0.232031 0.096955 -0.029377
v -0.131522 0.057445 -0.057995
v -0.143393 0.061945 -0.041162
v -0.151273 0.050129 -0.058911
v -0.134523 0.058646 -0.047168
v -0.140249 0.052318 -0.050706
v -0.148490 0.053473 -0.047816
v -0.140096 0.050291 -0.059718
v -0.204693 0.155767 -0.020687
v -0.195528 0.141644 -0.011260
v -0.186116 0.160763 -0.019172
v -0.203133 0.148650 -0.012940
v -0.197374 0.155569 -0.012458
v -0.189998 0.152183 -0.011868
v -0.196478 0.162170 -0.018534
v -0.108615 0.098424 -0.044965
v -0.113618 0.117493 -0.037491
v -0.123030 0.098373 -0.029579
v -0.107307 0.108948 -0.041067
v -0.111262 0.104174 -0.034218
v -0.117499 0.108912 -0.030188
v -0.113962 0.095429 -0.035472
v -0.096781 0.120540 -0.084672
v -0.081335 0.115646 -0.074195
v -0.082669 0.115646 -0.096887
v -0.089443 0.121633 -0.077053
v -0.086049 0.122936 -0.085303
v -0.079464 0.118172 -0.085690
v -0.090386 0.121633 -0.093099
v -0.028550 0.028688 -0.088682
v -0.031182 0.046335 -0.099913
v -0.029849 0.046335 -0.077220
v -0.027059 0.036382 -0.096820
v -0.024895 0.040610 -0.088897
v -0.027977 0.048861 -0.088716
v -0.026116 0.036382 -0.080774
v -0.119375 0.100356 -0.122829
v -0.100579 0.099646 -0.127135
v -0.116301 0.084408 -0.133248
v -0.110029 0.104084 -0.126273
v -0.113720 0.098215 -0.132036
v -0.107856 0.092808 -0.133640
v -0.121146 0.093310 -0.130596
v -0.042285 0.016418 -0.111878
v -0.058130 0.021069 -0.124984
v -0.042408 0.036306 -0.118871
v -0.049598 0.015405 -0.120432
v -0.044627 0.022983 -0.122221
v -0.049685 0.029468 -0.125377
v -0.038480 0.026179 -0.116109
v -0.151307 0.067698 -0.105871
v -0.141615 0.058520 -0.119805
v -0.149998 0.049103 -0.100890
v -0.148909 0.064917 -0.115852
v -0.152829 0.058217 -0.111266
v -0.147983 0.051767 -0.112330
v -0.154837 0.058258 -0.102477
v -0.061697 -0.003436 -0.101569
v -0.082380 -0.004574 -0.097644
v -0.073996 0.004843 -0.116558
v -0.071668 -0.007763 -0.098484
v -0.072514 -0.005539 -0.107410
v -0.080365 -0.001909 -0.109083
v -0.065740 -0.001104 -0.111859
v -0.148449 0.067698 -0.057234
v -0.147732 0.049103 -0.062334
v -0.137191 0.058520 -0.044531
v -0.152352 0.058258 -0.060191
v -0.149329 0.058217 -0.051697
v -0.144392 0.051767 -0.051209
v -0.144898 0.064917 -0.047602
v -0.059959 -0.003436 -0.072001
v -0.070418 0.004843 -0.055675
v -0.080960 -0.004574 -0.073477
v -0.062769 -0.001104 -0.061309
v -0.070018 -0.005539 -0.064933
v -0.077619 -0.001909 -0.062352
v -0.070223 -0.007763 -0.073897
v -0.114750 0.100356 -0.044132
v -0.110478 0.084408 -0.034145
v -0.095579 0.099646 -0.042057
v -0.115600 0.093310 -0.036212
v -0.108056 0.098215 -0.035651
v -0.102044 0.092808 -0.034745
v -0.105065 0.104084 -0.041806
v -0.039474 0.016418 -0.064037
v -0.038777 0.036306 -0.057077
v -0.053675 0.021069 -0.049165
v -0.035200 0.026179 -0.060280
v -0.040588 0.022983 -0.053491
v -0.045242 0.029468 -0.049765
v -0.045734 0.015405 -0.054686
v -0.030954 0.029824 -0.089113
v -0.017029 0.021227 -0.078889
v -0.018954 0.021227 -0.101539
v -0.023373 0.029079 -0.081691
v -0.019990 0.029324 -0.090044
v -0.014888 0.022999 -0.090478
v -0.024734 0.029079 -0.097707
v 0.010831 -0.076712 -0.092663
v 0.012576 -0.059164 -0.104218
v 0.014501 -0.059164 -0.081568
v 0.014047 -0.069799 -0.101002
v 0.017461 -0.066162 -0.093227
v 0.016642 -0.057391 -0.093157
v 0.015408 -0.069799 -0.084986
v -0.048059 0.021213 -0.111707
v -0.030227 0.015552 -0.116430
v -0.049543 0.004858 -0.121838
v -0.038165 0.022317 -0.115448
v -0.043419 0.017529 -0.120993
v -0.039215 0.010753 -0.122612
v -0.051824 0.014756 -0.119273
v 0.004758 -0.079769 -0.100685
v -0.009688 -0.071342 -0.113521
v 0.009628 -0.060648 -0.108113
v -0.002803 -0.078968 -0.109043
v 0.003919 -0.072979 -0.111114
v 0.000640 -0.065447 -0.114295
v 0.010856 -0.071406 -0.105218
v -0.071677 0.007280 -0.100515
v -0.065109 -0.004324 -0.114462
v -0.075123 -0.010933 -0.095154
v -0.070369 0.003816 -0.110484
v -0.075770 -0.001556 -0.105662
v -0.072805 -0.009063 -0.106694
v -0.077450 -0.000858 -0.096832
v -0.003627 -0.084716 -0.096711
v -0.023773 -0.080352 -0.092284
v -0.013759 -0.073743 -0.111592
v -0.014291 -0.086241 -0.093302
v -0.014778 -0.084009 -0.102253
v -0.021455 -0.078482 -0.103824
v -0.007210 -0.081567 -0.106954
v -0.069170 0.007280 -0.071003
v -0.073470 -0.010933 -0.075705
v -0.060342 -0.004324 -0.058364
v -0.075481 -0.000858 -0.073659
v -0.072335 -0.001556 -0.065239
v -0.069239 -0.009063 -0.064722
v -0.066198 0.003816 -0.061397
v -0.002737 -0.084716 -0.086234
v -0.010213 -0.073743 -0.069857
v -0.023341 -0.080352 -0.087198
v -0.004540 -0.081567 -0.075533
v -0.012793 -0.084009 -0.078890
v -0.019109 -0.078482 -0.076215
v -0.013823 -0.086241 -0.087795
v -0.044001 0.021213 -0.063956
v -0.043755 0.004858 -0.053719
v -0.025628 0.015552 -0.062310
v -0.046436 0.014756 -0.055864
v -0.037861 0.017529 -0.055586
v -0.033444 0.010753 -0.054700
v -0.033618 0.022317 -0.061938
v 0.006199 -0.079769 -0.083732
v 0.012252 -0.060648 -0.077232
v -0.005875 -0.071342 -0.068642
v 0.012974 -0.071406 -0.080292
v 0.007132 -0.072979 -0.073311
v 0.004436 -0.065447 -0.069622
v 0.000156 -0.078968 -0.074218
v -0.102881 0.110604 0.003355
v -0.095599 0.125346 -0.007754
v -0.096308 0.125346 0.014898
v -0.097036 0.115275 -0.004478
v -0.093653 0.117459 0.003644
v -0.092389 0.125699 0.003684
v -0.097538 0.115275 0.011539
v -0.131855 0.302013 0.002447
v -0.121090 0.289058 0.014122
v -0.120380 0.289058 -0.008530
v -0.125284 0.298572 0.010670
v -0.120855 0.297162 0.002792
v -0.117170 0.289411 0.002907
v -0.124782 0.298572 -0.005347
v -0.180105 0.103277 0.103411
v -0.168335 0.118512 0.108220
v -0.189993 0.116390 0.114548
v -0.171177 0.108288 0.106950
v -0.177949 0.109460 0.112863
v -0.178169 0.117560 0.114825
v -0.186491 0.106787 0.111425
v -0.201908 0.295366 0.093213
v -0.208641 0.280684 0.105826
v -0.186983 0.282806 0.099497
v -0.207371 0.290735 0.101659
v -0.198419 0.289802 0.103288
v -0.196817 0.281854 0.106103
v -0.192056 0.292236 0.097184
v -0.298643 0.091421 0.060556
v -0.300553 0.105331 0.074578
v -0.313229 0.104020 0.055837
v -0.299527 0.095481 0.070560
v -0.307343 0.096518 0.066084
v -0.309841 0.104390 0.067223
v -0.308490 0.094554 0.057308
v -0.309439 0.284611 0.054337
v -0.322463 0.269255 0.050518
v -0.309788 0.270567 0.069259
v -0.318829 0.279557 0.051353
v -0.317479 0.277894 0.060245
v -0.319075 0.269626 0.061904
v -0.309866 0.280484 0.064604
v -0.294680 0.091421 -0.065985
v -0.309533 0.104020 -0.062188
v -0.295709 0.105331 -0.080098
v -0.304711 0.094554 -0.063359
v -0.303016 0.096518 -0.072046
v -0.305439 0.104390 -0.073339
v -0.294936 0.095481 -0.076024
v -0.305844 0.284611 -0.060454
v -0.305258 0.270567 -0.075368
v -0.319082 0.269255 -0.057457
v -0.305628 0.280484 -0.070727
v -0.313498 0.277894 -0.066853
v -0.314988 0.269626 -0.068608
v -0.315402 0.279557 -0.058062
v -0.173692 0.103277 -0.101337
v -0.182864 0.116390 -0.113072
v -0.161644 0.118512 -0.105400
v -0.179565 0.106787 -0.109735
v -0.170949 0.109460 -0.110636
v -0.171046 0.117560 -0.112608
v -0.164560 0.108288 -0.104311
v -0.196091 0.295366 -0.092523
v -0.180802 0.282806 -0.097862
v -0.202021 0.280684 -0.105533
v -0.186010 0.292236 -0.095871
v -0.191978 0.289802 -0.102361
v -0.190203 0.281854 -0.105070
v -0.201014 0.290735 -0.101295
v -0.129985 0.282809 -0.001206
v -0.122559 0.297268 -0.012588
v -0.122406 0.297268 0.010074
v -0.124264 0.287257 -0.009258
v -0.120492 0.289296 -0.001271
v -0.118905 0.297481 -0.001281
v -0.124156 0.287257 0.006767
v -0.151458 0.475206 -0.001062
v -0.140772 0.461825 0.010198
v -0.140925 0.461825 -0.012464
v -0.144718 0.471500 0.006906
v -0.140651 0.469927 -0.001134
v -0.137271 0.462038 -0.001157
v -0.144827 0.471500 -0.009119
v -0.196743 0.278797 0.092160
v -0.184211 0.293553 0.096514
v -0.205679 0.292272 0.103662
v -0.187498 0.283450 0.095356
v -0.193989 0.284879 0.101521
v -0.193817 0.292979 0.103489
v -0.202678 0.282544 0.100410
v -0.211382 0.471604 0.082748
v -0.218200 0.457181 0.095612
v -0.196732 0.458462 0.088464
v -0.216697 0.467180 0.091397
v -0.207732 0.465895 0.092685
v -0.206338 0.457887 0.095439
v -0.201516 0.468086 0.086342
v -0.306013 0.272305 0.057407
v -0.306843 0.286262 0.071487
v -0.320264 0.285471 0.053243
v -0.306357 0.276384 0.067435
v -0.314290 0.277732 0.063260
v -0.316434 0.285694 0.064491
v -0.315847 0.275825 0.054534
v -0.309467 0.465777 0.051552
v -0.323218 0.450947 0.048235
v -0.309798 0.451739 0.066480
v -0.319155 0.461097 0.048928
v -0.317533 0.459372 0.057763
v -0.319388 0.451171 0.059483
v -0.309665 0.461657 0.061829
v -0.306788 0.272305 -0.057438
v -0.320982 0.285471 -0.053082
v -0.307808 0.286262 -0.071506
v -0.316582 0.275825 -0.054434
v -0.315143 0.277732 -0.063179
v -0.317303 0.285694 -0.064381
v -0.307267 0.276384 -0.067461
v -0.310163 0.465777 -0.051537
v -0.310695 0.451739 -0.066459
v -0.323868 0.450947 -0.048035
v -0.310499 0.461657 -0.061811
v -0.318312 0.459372 -0.057639
v -0.320190 0.451171 -0.059334
v -0.319814 0.461097 -0.048783
v -0.197997 0.278797 -0.093663
v -0.207088 0.292272 -0.105044
v -0.185525 0.293553 -0.098186
v -0.204043 0.282544 -0.101833
v -0.195369 0.284879 -0.103061
v -0.195224 0.292979 -0.105031
v -0.188796 0.283450 -0.096983
v -0.212508 0.471604 -0.084054
v -0.197936 0.458462 -0.089967
v -0.219499 0.457181 -0.096825
v -0.202692 0.468086 -0.087782
v -0.208993 0.465895 -0.094040
v -0.207635 0.457887 -0.096812
v -0.217939 0.467180 -0.092631
v -0.150433 0.451730 0.000579
v -0.141502 0.465442 -0.010646
v -0.141776 0.465442 0.012016
v -0.144179 0.455631 -0.007359
v -0.140386 0.457321 0.000700
v -0.138057 0.465326 0.000728
v -0.144372 0.455631 0.008665
v -0.154201 0.645285 0.000534
v -0.144998 0.630989 0.011977
v -0.144725 0.630989 -0.010685
v -0.147980 0.640983 0.008622
v -0.143923 0.639039 0.000657
v -0.141280 0.630874 0.000689
v -0.147787 0.640983 -0.007402
v -0.211998 0.453682 0.083246
v -0.198252 0.467232 0.087851
v -0.219877 0.467926 0.094594
v -0.202427 0.457471 0.086620
v -0.208875 0.459492 0.092664
v -0.207999 0.467544 0.094644
v -0.217719 0.457962 0.091388
v -0.208745 0.647014 0.073774
v -0.217096 0.633283 0.086492
v -0.195470 0.632589 0.079749
v -0.214604 0.643101 0.082317
v -0.205821 0.641001 0.083772
v -0.205217 0.632901 0.086542
v -0.199313 0.642610 0.077549
v -0.309602 0.456840 0.050211
v -0.309415 0.470823 0.064289
v -0.322507 0.471252 0.045795
v -0.309759 0.460940 0.060236
v -0.317456 0.463005 0.055914
v -0.318884 0.471131 0.057114
v -0.319017 0.461243 0.047159
v -0.295220 0.649812 0.044506
v -0.310206 0.636301 0.040916
v -0.297114 0.635872 0.059409
v -0.305244 0.646037 0.041696
v -0.303953 0.644176 0.050558
v -0.306583 0.636180 0.052234
v -0.295986 0.645734 0.054773
v -0.308360 0.456840 -0.052873
v -0.321368 0.471252 -0.048769
v -0.307834 0.470823 -0.066942
v -0.317846 0.461243 -0.050049
v -0.316074 0.463005 -0.058764
v -0.317473 0.471131 -0.059997
v -0.308276 0.460940 -0.062899
v -0.294120 0.649812 -0.046823
v -0.295654 0.635872 -0.061768
v -0.309188 0.636301 -0.043595
v -0.294638 0.645734 -0.057106
v -0.302705 0.644176 -0.053084
v -0.305293 0.636180 -0.054823
v -0.304208 0.646037 -0.044255
v -0.209988 0.453682 -0.083548
v -0.217592 0.467926 -0.095082
v -0.196136 0.467232 -0.087819
v -0.215511 0.457962 -0.091825
v -0.206639 0.459492 -0.092888
v -0.205716 0.467543 -0.094845
v -0.200339 0.457471 -0.086690
v -0.206965 0.647014 -0.074000
v -0.193550 0.632589 -0.079653
v -0.215006 0.633283 -0.086916
v -0.197444 0.642610 -0.077547
v -0.203801 0.641001 -0.083924
v -0.203130 0.632901 -0.086679
v -0.212616 0.643101 -0.082682
v -0.262517 0.641575 0.112330
v -0.262428 0.654843 0.127120
v -0.273379 0.656164 0.104330
v -0.263121 0.645271 0.122779
v -0.269915 0.647610 0.116234
v -0.270801 0.655587 0.117122
v -0.270864 0.646205 0.106664
v -0.217286 0.840194 0.102106
v -0.234380 0.827417 0.095515
v -0.223429 0.826097 0.118305
v -0.228084 0.836764 0.098914
v -0.227711 0.834775 0.106801
v -0.231068 0.827305 0.107982
v -0.221714 0.835996 0.112172
v -0.262265 0.650389 -0.134359
v -0.273144 0.664371 -0.125361
v -0.262147 0.664679 -0.148164
v -0.270624 0.654604 -0.128394
v -0.269655 0.656688 -0.137838
v -0.270540 0.664708 -0.138156
v -0.262848 0.654822 -0.144519
v -0.217069 0.847769 -0.109894
v -0.223178 0.834864 -0.127070
v -0.234176 0.834556 -0.104266
v -0.221476 0.844300 -0.120243
v -0.227484 0.842700 -0.114985
v -0.230839 0.835333 -0.116702
v -0.227874 0.844121 -0.106977
v -0.069321 0.646993 -0.288288
v -0.082498 0.661517 -0.291487
v -0.057834 0.660581 -0.297132
v -0.079000 0.651586 -0.291190
v -0.070936 0.653190 -0.296373
v -0.070878 0.661194 -0.297445
v -0.061560 0.650924 -0.295183
v -0.051256 0.844851 -0.242178
v -0.042258 0.831178 -0.257376
v -0.066922 0.832114 -0.251730
v -0.046093 0.840922 -0.251999
v -0.054017 0.839647 -0.253375
v -0.055105 0.832240 -0.256901
v -0.060442 0.841466 -0.248715
v 0.171025 0.633945 -0.233545
v 0.165951 0.648432 -0.246162
v 0.185709 0.646956 -0.230398
v 0.167453 0.638491 -0.243021
v 0.176602 0.639751 -0.239992
v 0.177836 0.647691 -0.240796
v 0.181425 0.637447 -0.231874
v 0.155293 0.833637 -0.195133
v 0.172144 0.819135 -0.197278
v 0.152386 0.820610 -0.213042
v 0.165998 0.829172 -0.197139
v 0.162066 0.827915 -0.204158
v 0.163801 0.820355 -0.207041
v 0.154503 0.830031 -0.206310
v 0.277787 0.621069 -0.011353
v 0.285114 0.634968 -0.023517
v 0.285088 0.634063 0.001786
v 0.283153 0.625179 -0.020158
v 0.286560 0.626490 -0.011150
v 0.288316 0.634367 -0.010867
v 0.283135 0.624539 -0.002266
v 0.247042 0.822572 -0.004185
v 0.258579 0.807803 0.007967
v 0.258605 0.808707 -0.017336
v 0.255088 0.817900 0.003026
v 0.258051 0.816339 -0.004396
v 0.261040 0.808628 -0.004669
v 0.255103 0.818426 -0.011694
v 0.170571 0.618062 0.210973
v 0.185260 0.631264 0.208793
v 0.165470 0.631612 0.224581
v 0.180974 0.621674 0.209577
v 0.176135 0.623393 0.217829
v 0.177367 0.631256 0.219200
v 0.166980 0.621920 0.220742
v 0.154902 0.819988 0.186878
v 0.151960 0.805716 0.203806
v 0.171750 0.805368 0.188018
v 0.154091 0.815593 0.197768
v 0.161658 0.813636 0.195486
v 0.163388 0.805889 0.197826
v 0.165604 0.815390 0.188583
v -0.069887 0.627188 0.266017
v -0.058419 0.640109 0.275832
v -0.083071 0.641448 0.270217
v -0.062141 0.630616 0.273190
v -0.071520 0.632792 0.274521
v -0.071464 0.640699 0.276161
v -0.079573 0.631563 0.269220
v -0.051743 0.827830 0.234182
v -0.067427 0.814445 0.242769
v -0.042775 0.813107 0.248384
v -0.060941 0.823988 0.240442
v -0.054526 0.821841 0.244974
v -0.055621 0.814201 0.247960
v -0.046600 0.823210 0.243709
v 0.165951 0.856097 -0.149525
v 0.162566 0.870197 -0.163184
v 0.179312 0.869884 -0.144207
v 0.163904 0.860363 -0.159584
v 0.172324 0.862116 -0.155049
v 0.173352 0.870112 -0.155824
v 0.175745 0.860142 -0.146165
v 0.103074 1.268608 -0.087225
v 0.120622 1.254927 -0.086056
v 0.103876 1.255240 -0.105033
v 0.114142 1.264659 -0.087224
v 0.111547 1.263125 -0.094792
v 0.114071 1.255603 -0.097144
v 0.104386 1.264842 -0.098278
v 0.215025 0.852332 0.024907
v 0.223811 0.866470 0.013962
v 0.219414 0.865836 0.038881
v 0.221678 0.856617 0.017100
v 0.223411 0.858197 0.026536
v 0.224782 0.866166 0.026981
v 0.218570 0.856169 0.034720
v 0.133540 1.266271 0.021062
v 0.143355 1.252211 0.035291
v 0.147752 1.252845 0.010373
v 0.140378 1.262080 0.029651
v 0.144652 1.260585 0.022878
v 0.147948 1.253004 0.023267
v 0.142939 1.262450 0.015135
v 0.109220 0.847916 0.171995
v 0.123473 0.861831 0.172255
v 0.101244 0.861354 0.184351
v 0.119537 0.852036 0.172392
v 0.113266 0.853600 0.179655
v 0.113898 0.861538 0.181129
v 0.103819 0.851699 0.180945
v 0.067856 1.263529 0.112374
v 0.062635 1.249293 0.128700
v 0.084863 1.249770 0.116604
v 0.065341 1.259211 0.123009
v 0.073276 1.257606 0.122102
v 0.074910 1.249955 0.124802
v 0.078290 1.259489 0.115963
v -0.071792 0.846175 0.180978
v -0.062892 0.859775 0.192496
v -0.086214 0.859814 0.182661
v -0.065605 0.850069 0.189353
v -0.075168 0.851787 0.189007
v -0.075803 0.859713 0.190543
v -0.082096 0.850096 0.182398
v -0.044516 1.262448 0.117951
v -0.060755 1.248369 0.123831
v -0.037432 1.248330 0.133666
v -0.054465 1.258212 0.122551
v -0.048833 1.256431 0.128162
v -0.050044 1.248753 0.131003
v -0.040879 1.258189 0.128281
v -0.191704 0.848419 0.045092
v -0.194947 0.861850 0.059444
v -0.201800 0.862375 0.035084
v -0.194333 0.852197 0.055211
v -0.199998 0.854124 0.047549
v -0.201471 0.862066 0.048135
v -0.199179 0.852569 0.037986
v -0.118958 1.263842 0.033593
v -0.133898 1.250136 0.024350
v -0.127045 1.249610 0.048710
v -0.128823 1.259835 0.028622
v -0.129725 1.257945 0.036495
v -0.132820 1.250303 0.037200
v -0.124831 1.259529 0.042812
v -0.160221 0.852960 -0.133338
v -0.173252 0.866492 -0.126711
v -0.158476 0.867109 -0.147252
v -0.169711 0.856818 -0.129021
v -0.167224 0.858850 -0.138198
v -0.168477 0.866824 -0.138860
v -0.159263 0.857255 -0.143546
v -0.099413 1.266660 -0.077176
v -0.101717 1.253263 -0.094830
v -0.116493 1.252646 -0.074289
v -0.101741 1.262859 -0.088049
v -0.108486 1.261008 -0.083873
v -0.111087 1.253437 -0.085971
v -0.110348 1.262500 -0.076083
v -0.001050 0.856377 -0.219950
v -0.014144 0.870207 -0.225790
v 0.011135 0.870450 -0.227044
v -0.010280 0.860453 -0.224614
v -0.001525 0.862407 -0.228362
v -0.001665 0.870405 -0.229630
v 0.007594 0.860625 -0.225501
v -0.000600 1.268782 -0.130946
v 0.011555 1.255395 -0.143966
v -0.013724 1.255151 -0.142712
v 0.006389 1.265006 -0.139605
v -0.001111 1.263313 -0.142301
v -0.001210 1.255796 -0.145759
v -0.008337 1.264864 -0.138874
v -0.190792 0.775745 0.101339
v -0.177077 0.788649 0.108343
v -0.198895 0.788649 0.114434
v -0.181298 0.779120 0.105559
v -0.187914 0.780484 0.111648
v -0.187029 0.788245 0.114819
v -0.196727 0.779120 0.109866
v -0.185714 0.961467 0.119528
v -0.194579 0.946514 0.129895
v -0.172760 0.946514 0.123804
v -0.191872 0.956683 0.127256
v -0.183158 0.954432 0.128684
v -0.182712 0.946110 0.130279
v -0.176444 0.956683 0.122949
v -0.232281 0.778685 0.086052
v -0.233033 0.791068 0.101856
v -0.245532 0.793500 0.083120
v -0.232900 0.781683 0.096538
v -0.240519 0.784212 0.092265
v -0.242270 0.792159 0.094465
v -0.241737 0.783403 0.083290
v -0.224781 0.964236 0.105133
v -0.239157 0.951219 0.099339
v -0.226659 0.948787 0.118075
v -0.234568 0.960802 0.101532
v -0.233495 0.957999 0.110137
v -0.235895 0.949878 0.110684
v -0.225730 0.959082 0.114781
v -0.230352 0.783442 0.042037
v -0.243945 0.797414 0.046904
v -0.229850 0.798917 0.029233
v -0.240056 0.787551 0.044914
v -0.238073 0.790244 0.036457
v -0.239701 0.798493 0.035860
v -0.230089 0.788613 0.032419
v -0.222965 0.968715 0.063687
v -0.223571 0.956401 0.047636
v -0.237666 0.954898 0.065307
v -0.223027 0.965747 0.053118
v -0.231155 0.963771 0.056734
v -0.233422 0.955976 0.054263
v -0.232993 0.964684 0.065613
v -0.187670 0.783442 0.030121
v -0.194732 0.798917 0.019429
v -0.173522 0.797414 0.027243
v -0.192877 0.788613 0.022030
v -0.183956 0.790244 0.021348
v -0.182873 0.798493 0.019995
v -0.177880 0.787551 0.027556
v -0.182775 0.968715 0.052467
v -0.169361 0.954898 0.046237
v -0.190570 0.956401 0.038422
v -0.173199 0.964684 0.048919
v -0.179371 0.963771 0.042277
v -0.178711 0.955976 0.038988
v -0.188196 0.965747 0.043394
v -0.163221 0.778685 0.066772
v -0.153405 0.793500 0.057400
v -0.154391 0.791068 0.079901
v -0.156563 0.783403 0.059510
v -0.152956 0.784212 0.067819
v -0.150319 0.792159 0.068794
v -0.157260 0.781683 0.075421
v -0.159752 0.964236 0.086978
v -0.151443 0.948787 0.097076
v -0.150456 0.951219 0.074576
v -0.153944 0.959082 0.094739
v -0.149707 0.957999 0.086745
v -0.147371 0.949878 0.085969
v -0.153246 0.960802 0.078829
v -0.186001 0.950880 0.118092
v -0.172705 0.964940 0.123496
v -0.194504 0.964940 0.129654
v -0.176617 0.955022 0.121848
v -0.183266 0.956866 0.127773
v -0.182630 0.964965 0.130024
v -0.192032 0.955022 0.126203
v -0.186948 1.137527 0.114741
v -0.195309 1.123591 0.126806
v -0.173509 1.123591 0.120647
v -0.192937 1.133470 0.122999
v -0.184153 1.131681 0.124634
v -0.183435 1.123616 0.127175
v -0.177522 1.133470 0.118644
v -0.225155 0.950711 0.103668
v -0.226291 0.964803 0.117944
v -0.238885 0.964655 0.099115
v -0.225859 0.954877 0.113742
v -0.233561 0.956649 0.109244
v -0.235567 0.964737 0.110522
v -0.234764 0.954772 0.100427
v -0.223675 1.137369 0.101211
v -0.237627 1.123315 0.097026
v -0.225033 1.123463 0.115855
v -0.233349 1.133230 0.098078
v -0.232175 1.131474 0.106943
v -0.234309 1.123397 0.108433
v -0.224444 1.133334 0.111392
v -0.223535 0.950438 0.061974
v -0.237570 0.964434 0.065266
v -0.223553 0.964342 0.047470
v -0.233364 0.954537 0.064406
v -0.231481 0.956299 0.055685
v -0.233377 0.964368 0.054150
v -0.223453 0.954472 0.051822
v -0.222156 1.137113 0.062101
v -0.222381 1.123017 0.047578
v -0.236397 1.123108 0.065374
v -0.222134 1.132946 0.051944
v -0.230189 1.131140 0.055804
v -0.232204 1.123043 0.054258
v -0.232045 1.133010 0.064527
v -0.183380 0.950438 0.050629
v -0.190954 0.964342 0.038260
v -0.169697 0.964434 0.046091
v -0.188762 0.954472 0.042022
v -0.179899 0.956299 0.041113
v -0.179087 0.964368 0.038812
v -0.173731 0.954537 0.047559
v -0.184489 1.137113 0.051459
v -0.170640 1.123109 0.046796
v -0.191897 1.123017 0.038966
v -0.174792 1.133010 0.048352
v -0.180938 1.131139 0.041890
v -0.180029 1.123043 0.039518
v -0.189822 1.132946 0.042815
v -0.160182 0.950711 0.085313
v -0.150865 0.964655 0.074248
v -0.151744 0.964803 0.096884
v -0.153690 0.954772 0.077523
v -0.150101 0.956649 0.085665
v -0.147723 0.964737 0.085705
v -0.154312 0.954877 0.093529
v -0.162729 1.137369 0.083993
v -0.153909 1.123463 0.095762
v -0.153030 1.123315 0.073126
v -0.156747 1.133334 0.092267
v -0.152486 1.131474 0.084430
v -0.149888 1.123397 0.084583
v -0.156125 1.133230 0.076261
v -0.184265 1.124287 0.113910
v -0.170816 1.138777 0.117491
v -0.192018 1.138777 0.125469
v -0.174675 1.128737 0.116655
v -0.180835 1.130776 0.123028
v -0.180157 1.138984 0.124828
v -0.189667 1.128738 0.122296
v -0.188833 1.310515 0.101772
v -0.195900 1.297072 0.115151
v -0.174698 1.297072 0.107173
v -0.194034 1.306785 0.110691
v -0.185112 1.305199 0.111659
v -0.184039 1.297279 0.114511
v -0.179042 1.306785 0.105050
v -0.221991 1.122959 0.103565
v -0.222176 1.137715 0.117199
v -0.236302 1.136472 0.099534
v -0.221920 1.127602 0.113452
v -0.230004 1.129046 0.109545
v -0.232040 1.137158 0.110602
v -0.231909 1.126723 0.100961
v -0.224066 1.309275 0.092110
v -0.238066 1.294842 0.089797
v -0.223939 1.296086 0.107462
v -0.233893 1.304854 0.090009
v -0.231947 1.303551 0.098816
v -0.233803 1.295528 0.100865
v -0.223904 1.305733 0.102501
v -0.223758 1.120810 0.064523
v -0.237715 1.134755 0.068324
v -0.225244 1.133986 0.049428
v -0.233420 1.124886 0.067582
v -0.232308 1.126246 0.058659
v -0.234471 1.134203 0.056908
v -0.224602 1.124343 0.054221
v -0.225716 1.307269 0.055648
v -0.226908 1.292477 0.041884
v -0.239379 1.293245 0.060780
v -0.226473 1.302610 0.045736
v -0.234142 1.300884 0.050347
v -0.236135 1.292694 0.049365
v -0.235292 1.303153 0.059097
v -0.187125 1.120811 0.050739
v -0.195959 1.133986 0.038409
v -0.174125 1.134755 0.044396
v -0.193282 1.124343 0.042437
v -0.184562 1.126246 0.040694
v -0.184090 1.134203 0.037951
v -0.177843 1.124886 0.046670
v -0.191504 1.307269 0.042775
v -0.177847 1.293245 0.037626
v -0.199681 1.292477 0.031639
v -0.182030 1.303153 0.039056
v -0.188663 1.300884 0.033234
v -0.187812 1.292694 0.031182
v -0.197468 1.302610 0.034822
v -0.162717 1.122959 0.081262
v -0.154613 1.136472 0.068796
v -0.153590 1.137715 0.091392
v -0.156976 1.126723 0.072765
v -0.152750 1.129046 0.080475
v -0.150522 1.137158 0.079928
v -0.156253 1.127602 0.088743
v -0.168708 1.309275 0.071281
v -0.158683 1.296085 0.082908
v -0.159706 1.294842 0.060312
v -0.161981 1.305733 0.079200
v -0.158361 1.303551 0.071127
v -0.155615 1.295528 0.071444
v -0.162704 1.304854 0.063223
v 0.037559 0.776809 0.211502
v 0.047713 0.790004 0.200257
v 0.047531 0.790004 0.222909
v 0.044142 0.780371 0.203546
v 0.048123 0.781850 0.211587
v 0.051193 0.789701 0.211612
v 0.044013 0.780371 0.219564
v 0.051167 0.962992 0.211612
v 0.059098 0.948261 0.223003
v 0.059280 0.948261 0.200350
v 0.057023 0.958374 0.219668
v 0.060868 0.956230 0.211690
v 0.062760 0.947958 0.211705
v 0.057152 0.958374 0.203651
v 0.011318 0.779014 0.247142
v 0.025939 0.791818 0.252235
v 0.004417 0.793642 0.259062
v 0.021134 0.782293 0.250637
v 0.014851 0.784645 0.256777
v 0.016254 0.792636 0.259066
v 0.005915 0.783582 0.255465
v 0.026457 0.965068 0.245172
v 0.017285 0.951789 0.257387
v 0.038808 0.949966 0.250560
v 0.020389 0.961463 0.253581
v 0.029031 0.958905 0.254931
v 0.029123 0.950784 0.257391
v 0.035608 0.960173 0.248753
v -0.030564 0.782581 0.233111
v -0.030044 0.796577 0.247517
v -0.043164 0.797704 0.229084
v -0.030600 0.786693 0.243231
v -0.038252 0.789169 0.238986
v -0.039510 0.797386 0.240384
v -0.039877 0.787490 0.230198
v -0.012980 0.968427 0.231960
v -0.028217 0.955675 0.228105
v -0.015098 0.954548 0.246538
v -0.023066 0.965171 0.229096
v -0.021783 0.963233 0.237908
v -0.024563 0.955357 0.239405
v -0.013789 0.964374 0.242130
v -0.030207 0.782581 0.188800
v -0.042870 0.797704 0.192624
v -0.029456 0.796577 0.174404
v -0.039566 0.787490 0.191563
v -0.037800 0.789169 0.182802
v -0.039035 0.797386 0.181384
v -0.030081 0.786693 0.178680
v -0.012644 0.968427 0.190234
v -0.014527 0.954548 0.175624
v -0.027941 0.955675 0.193843
v -0.013289 0.964374 0.180052
v -0.021351 0.963233 0.184145
v -0.024106 0.955357 0.182603
v -0.022775 0.965171 0.192935
v 0.011895 0.779014 0.175444
v 0.005187 0.793642 0.163415
v 0.026596 0.791818 0.170588
v 0.006627 0.783582 0.167036
v 0.015583 0.784645 0.165868
v 0.017022 0.792636 0.163602
v 0.021766 0.782293 0.172108
v 0.027001 0.965068 0.177658
v 0.039437 0.949966 0.172470
v 0.018027 0.951789 0.165297
v 0.036208 0.960173 0.174225
v 0.029731 0.958905 0.167942
v 0.029863 0.950784 0.165484
v 0.021069 0.961463 0.169153
v 0.049975 0.950232 0.213110
v 0.059792 0.964005 0.202265
v 0.058648 0.964005 0.224889
v 0.056665 0.954177 0.205429
v 0.060206 0.955896 0.213627
v 0.062798 0.963916 0.213758
v 0.055856 0.954177 0.221426
v 0.052425 1.136896 0.213234
v 0.060730 1.122671 0.224995
v 0.061875 1.122671 0.202371
v 0.058199 1.132640 0.221545
v 0.062501 1.130726 0.213743
v 0.064881 1.122581 0.213864
v 0.059008 1.132640 0.205547
v 0.023782 0.950844 0.245586
v 0.037383 0.964502 0.251255
v 0.015519 0.965039 0.257158
v 0.033227 0.954705 0.249484
v 0.026560 0.956681 0.255344
v 0.027385 0.964742 0.257666
v 0.017767 0.955085 0.253658
v 0.027856 1.137469 0.243697
v 0.018982 1.123672 0.255552
v 0.040846 1.123135 0.249649
v 0.021662 1.133512 0.251852
v 0.030375 1.131475 0.253575
v 0.030848 1.123376 0.256061
v 0.037122 1.133132 0.247678
v -0.015188 0.951833 0.230704
v -0.016118 0.965842 0.245076
v -0.028486 0.966173 0.226100
v -0.015901 0.955939 0.240801
v -0.023499 0.957951 0.236227
v -0.025303 0.966080 0.237546
v -0.024646 0.956174 0.227383
v -0.008699 1.138397 0.229737
v -0.022970 1.124754 0.225279
v -0.010602 1.124422 0.244254
v -0.018442 1.134542 0.226459
v -0.017422 1.132689 0.235322
v -0.019788 1.124661 0.236724
v -0.009696 1.134308 0.239877
v -0.013080 0.951833 0.189030
v -0.026775 0.966173 0.192268
v -0.012555 0.965842 0.174637
v -0.022825 0.956174 0.191379
v -0.020791 0.957952 0.182696
v -0.022453 0.966080 0.181202
v -0.012770 0.955939 0.178913
v -0.006722 1.138397 0.190646
v -0.007150 1.124423 0.176011
v -0.021370 1.124754 0.193642
v -0.006691 1.134308 0.180458
v -0.014836 1.132689 0.184209
v -0.017049 1.124661 0.182576
v -0.016746 1.134542 0.192925
v 0.027193 0.950844 0.178156
v 0.020140 0.965039 0.165809
v 0.041297 0.964502 0.173889
v 0.022023 0.955085 0.169518
v 0.030941 0.956681 0.168728
v 0.031996 0.964742 0.166501
v 0.036983 0.954705 0.175231
v 0.031055 1.137469 0.180447
v 0.044580 1.123135 0.175836
v 0.023423 1.123672 0.167756
v 0.040676 1.133132 0.177421
v 0.034559 1.131475 0.170873
v 0.035279 1.123375 0.168448
v 0.025716 1.133512 0.171708
v 0.051955 1.125823 0.212476
v 0.059875 1.140574 0.201370
v 0.059232 1.140574 0.224013
v 0.057976 1.130469 0.204634
v 0.061472 1.132633 0.212746
v 0.063121 1.140900 0.212793
v 0.057521 1.130469 0.220646
v 0.032808 1.311517 0.211931
v 0.042957 1.298416 0.223551
v 0.043600 1.298415 0.200907
v 0.039215 1.308005 0.220126
v 0.043539 1.306555 0.212236
v 0.046846 1.298741 0.212330
v 0.039670 1.308005 0.204114
v 0.028153 1.123732 0.243477
v 0.040204 1.138903 0.248796
v 0.018559 1.136945 0.255184
v 0.037171 1.128682 0.247151
v 0.030450 1.129908 0.253152
v 0.030387 1.138024 0.255429
v 0.021866 1.127297 0.251667
v 0.010579 1.309564 0.240884
v 0.003621 1.294904 0.252980
v 0.025266 1.296862 0.246592
v 0.005064 1.304966 0.249189
v 0.013990 1.303960 0.250724
v 0.015449 1.295983 0.253225
v 0.020369 1.306350 0.244672
v -0.008559 1.120349 0.230333
v -0.010789 1.134241 0.244677
v -0.023523 1.133030 0.225981
v -0.009521 1.124405 0.240430
v -0.017399 1.125499 0.236021
v -0.020102 1.133372 0.237352
v -0.018525 1.123549 0.227210
v -0.023708 1.306405 0.228609
v -0.036399 1.291179 0.224515
v -0.023665 1.292389 0.243211
v -0.033008 1.301431 0.225562
v -0.031588 1.299760 0.234406
v -0.032978 1.291521 0.235887
v -0.024004 1.302287 0.238782
v -0.007447 1.120349 0.191208
v -0.022634 1.133030 0.194704
v -0.008858 1.134241 0.176762
v -0.017574 1.123549 0.193761
v -0.015950 1.125499 0.185028
v -0.018572 1.133372 0.183545
v -0.007834 1.124405 0.181073
v -0.022669 1.306405 0.192069
v -0.021797 1.292389 0.177493
v -0.035572 1.291179 0.195436
v -0.022387 1.302287 0.181896
v -0.030207 1.299760 0.185834
v -0.031511 1.291521 0.184277
v -0.032128 1.301431 0.194584
v 0.029953 1.123732 0.180172
v 0.021039 1.136945 0.167939
v 0.042287 1.138903 0.175546
v 0.024141 1.127297 0.171637
v 0.032795 1.129908 0.170643
v 0.032863 1.138024 0.168366
v 0.039165 1.128682 0.177016
v 0.012260 1.309564 0.181762
v 0.027248 1.296862 0.176897
v 0.006000 1.294904 0.169290
v 0.022249 1.306350 0.178537
v 0.016224 1.303960 0.172132
v 0.017823 1.295983 0.169718
v 0.007225 1.304966 0.173158
v 0.213370 0.777825 0.029771
v 0.205913 0.791286 0.016855
v 0.227278 0.791286 0.024384
v 0.207950 0.781561 0.021054
v 0.216835 0.783149 0.019939
v 0.217785 0.791080 0.017245
v 0.223058 0.781561 0.026378
v 0.216221 0.964307 0.021683
v 0.229701 0.949798 0.017508
v 0.208335 0.949798 0.009979
v 0.225783 0.959851 0.018645
v 0.219505 0.957809 0.012363
v 0.220207 0.949591 0.010369
v 0.210675 0.959851 0.013321
v 0.238540 0.779328 0.066211
v 0.247988 0.792523 0.054367
v 0.247442 0.793766 0.076979
v 0.245003 0.782871 0.058149
v 0.248749 0.785055 0.066143
v 0.251298 0.793081 0.065763
v 0.244617 0.783750 0.074138
v 0.239922 0.965723 0.055996
v 0.248616 0.952203 0.068296
v 0.249162 0.950960 0.045684
v 0.245937 0.961956 0.064372
v 0.250043 0.959633 0.056575
v 0.252472 0.951518 0.057080
v 0.246324 0.961077 0.048383
v 0.211642 0.781760 0.101343
v 0.225310 0.795768 0.105886
v 0.203607 0.796536 0.112332
v 0.221165 0.785871 0.104769
v 0.214643 0.788138 0.110688
v 0.215483 0.796319 0.112540
v 0.205818 0.786414 0.109327
v 0.214593 0.968013 0.089077
v 0.206115 0.954852 0.101907
v 0.227818 0.954084 0.095460
v 0.208640 0.964485 0.097600
v 0.217407 0.962584 0.099199
v 0.217992 0.954636 0.102114
v 0.223986 0.963941 0.093042
v 0.169848 0.781760 0.086615
v 0.169218 0.796536 0.100214
v 0.156351 0.795768 0.081586
v 0.169379 0.786414 0.096486
v 0.161651 0.788138 0.092014
v 0.159835 0.796319 0.092930
v 0.160281 0.785871 0.083314
v 0.175238 0.968013 0.075209
v 0.160933 0.954084 0.071891
v 0.173800 0.954852 0.090519
v 0.165434 0.963941 0.072409
v 0.166699 0.962584 0.081331
v 0.164417 0.954636 0.083235
v 0.174533 0.964485 0.085581
v 0.170916 0.779328 0.042382
v 0.157230 0.793766 0.045190
v 0.170980 0.792523 0.027231
v 0.161212 0.783750 0.044748
v 0.163005 0.785055 0.035928
v 0.161258 0.793081 0.034035
v 0.170935 0.782871 0.032049
v 0.176244 0.965723 0.033557
v 0.175509 0.950960 0.019730
v 0.161759 0.952203 0.037689
v 0.176029 0.961077 0.023612
v 0.167995 0.959633 0.027663
v 0.165787 0.951518 0.026534
v 0.166306 0.961956 0.036311
v 0.214910 0.951492 0.022090
v 0.206810 0.965503 0.010184
v 0.228398 0.965503 0.017046
v 0.209152 0.955601 0.013766
v 0.217968 0.957422 0.012472
v 0.218690 0.965508 0.010199
v 0.224418 0.955601 0.018619
v 0.214171 1.138156 0.024413
v 0.227771 1.124169 0.019021
v 0.206182 1.124169 0.012158
v 0.223711 1.134064 0.020840
v 0.217276 1.132252 0.014648
v 0.218062 1.124173 0.012174
v 0.208446 1.134064 0.015987
v 0.239651 0.951461 0.055691
v 0.248484 0.965478 0.044325
v 0.248629 0.965450 0.066977
v 0.245792 0.955574 0.047647
v 0.249749 0.957382 0.055634
v 0.252140 0.965465 0.055628
v 0.245895 0.955554 0.063665
v 0.237379 1.138127 0.055931
v 0.246698 1.124117 0.067182
v 0.246553 1.124145 0.044529
v 0.243722 1.134019 0.063895
v 0.247621 1.132214 0.055859
v 0.250209 1.124133 0.055833
v 0.243620 1.134039 0.047877
v 0.215341 0.951411 0.089604
v 0.228892 0.965409 0.094509
v 0.207393 0.965392 0.101647
v 0.224892 0.955510 0.092964
v 0.218521 0.957317 0.099197
v 0.219272 0.965397 0.101480
v 0.209689 0.955499 0.098011
v 0.214575 1.138079 0.087743
v 0.206743 1.124062 0.100065
v 0.228242 1.124079 0.092927
v 0.208958 1.133967 0.096231
v 0.217804 1.132152 0.097454
v 0.218622 1.124067 0.099897
v 0.224160 1.133979 0.091185
v 0.175575 0.951411 0.076963
v 0.175110 0.965392 0.091384
v 0.161678 0.965409 0.073143
v 0.175334 0.955499 0.087090
v 0.167439 0.957317 0.082959
v 0.165508 0.965397 0.084389
v 0.165836 0.955510 0.074192
v 0.177274 1.138079 0.075885
v 0.163122 1.124079 0.072227
v 0.176554 1.124062 0.090468
v 0.167461 1.133979 0.073161
v 0.169031 1.132152 0.081950
v 0.166952 1.124067 0.083473
v 0.176959 1.133967 0.086060
v 0.175308 0.951461 0.035237
v 0.161462 0.965450 0.039268
v 0.174660 0.965478 0.020857
v 0.165607 0.955554 0.038143
v 0.167097 0.957382 0.029360
v 0.165148 0.965465 0.027975
v 0.174939 0.955574 0.025124
v 0.177024 1.138127 0.036746
v 0.176118 1.124145 0.022139
v 0.162920 1.124117 0.040550
v 0.176580 1.134039 0.026566
v 0.168704 1.132214 0.030773
v 0.166607 1.124133 0.029257
v 0.167247 1.134019 0.039585
v 0.215843 1.126360 0.025136
v 0.207924 1.141146 0.014076
v 0.229105 1.141146 0.022109
v 0.210402 1.131033 0.016898
v 0.219208 1.133214 0.016264
v 0.219779 1.141489 0.014757
v 0.225379 1.131033 0.022577
v 0.208745 1.311963 0.043852
v 0.223072 1.298910 0.038017
v 0.201891 1.298910 0.029985
v 0.218593 1.308483 0.040471
v 0.212560 1.307052 0.033793
v 0.213746 1.299253 0.030665
v 0.203616 1.308483 0.034791
v 0.237330 1.124163 0.057778
v 0.246282 1.139390 0.048203
v 0.245222 1.137333 0.070737
v 0.243749 1.129155 0.050484
v 0.247213 1.130351 0.058807
v 0.249330 1.138467 0.059648
v 0.243000 1.127700 0.066418
v 0.228813 1.309911 0.074336
v 0.237983 1.295220 0.084812
v 0.239042 1.297278 0.062278
v 0.234857 1.305288 0.082250
v 0.239236 1.304324 0.074316
v 0.242090 1.296355 0.073723
v 0.235606 1.306743 0.066315
v 0.212882 1.120608 0.088136
v 0.225678 1.134491 0.095006
v 0.203842 1.133219 0.100900
v 0.222098 1.124661 0.092373
v 0.215348 1.125717 0.098375
v 0.215707 1.133578 0.101399
v 0.206658 1.123762 0.096541
v 0.205980 1.306592 0.102689
v 0.197976 1.291306 0.113270
v 0.219811 1.292578 0.107376
v 0.200059 1.301574 0.110454
v 0.208884 1.299911 0.112005
v 0.209840 1.291665 0.113769
v 0.215499 1.302473 0.106286
v 0.176284 1.120608 0.074257
v 0.174586 1.133219 0.089805
v 0.162150 1.134491 0.070914
v 0.175369 1.123761 0.084675
v 0.167649 1.125717 0.080285
v 0.165375 1.133578 0.082311
v 0.166576 1.124661 0.071317
v 0.171800 1.306592 0.089727
v 0.158339 1.292578 0.084063
v 0.170775 1.291306 0.102955
v 0.162289 1.302473 0.086107
v 0.163449 1.299911 0.094775
v 0.161564 1.291665 0.095461
v 0.171083 1.301574 0.099465
v 0.178115 1.124163 0.035321
v 0.163613 1.137333 0.039788
v 0.177763 1.139390 0.022218
v 0.168141 1.127700 0.038029
v 0.170034 1.130351 0.029538
v 0.167892 1.138467 0.028764
v 0.178146 1.129155 0.025605
v 0.173510 1.309911 0.053364
v 0.173849 1.297278 0.037554
v 0.159699 1.295220 0.055124
v 0.173744 1.306743 0.042855
v 0.165721 1.304324 0.046437
v 0.163978 1.296355 0.044100
v 0.163738 1.305288 0.055279
v 0.093348 0.776454 -0.192316
v 0.078514 0.789553 -0.188846
v 0.091462 0.789553 -0.207433
v 0.083393 0.779953 -0.189489
v 0.084640 0.781394 -0.198382
v 0.082060 0.789216 -0.200179
v 0.092550 0.779953 -0.202633
v 0.080737 0.962500 -0.201101
v 0.080743 0.947693 -0.214901
v 0.067794 0.947693 -0.196313
v 0.080492 0.957826 -0.211032
v 0.072829 0.955646 -0.206610
v 0.071341 0.947356 -0.207647
v 0.071336 0.957826 -0.197889
v 0.135117 0.778904 -0.206909
v 0.125831 0.791569 -0.219441
v 0.147432 0.793596 -0.212924
v 0.128967 0.782090 -0.215356
v 0.137602 0.784501 -0.216885
v 0.137675 0.792478 -0.219610
v 0.144241 0.783523 -0.210748
v 0.120068 0.964807 -0.214843
v 0.134640 0.951614 -0.219668
v 0.113039 0.949588 -0.226185
v 0.129853 0.961259 -0.218334
v 0.123507 0.958619 -0.224316
v 0.124883 0.950497 -0.226353
v 0.114580 0.959826 -0.222941
v 0.161717 0.782869 -0.171690
v 0.169319 0.796858 -0.183945
v 0.169720 0.798110 -0.161330
v 0.167433 0.786979 -0.180042
v 0.171329 0.789528 -0.172229
v 0.173092 0.797757 -0.172716
v 0.167717 0.787865 -0.164050
v 0.145115 0.968540 -0.181679
v 0.155608 0.955932 -0.169821
v 0.155207 0.954680 -0.192436
v 0.151845 0.965380 -0.173601
v 0.155780 0.963429 -0.181585
v 0.158981 0.955579 -0.181207
v 0.151561 0.964494 -0.189592
v 0.136387 0.782869 -0.135330
v 0.148878 0.798110 -0.131413
v 0.127525 0.796858 -0.123952
v 0.145632 0.787865 -0.132349
v 0.139212 0.789528 -0.126127
v 0.139366 0.797757 -0.124304
v 0.130534 0.786980 -0.127074
v 0.121264 0.968540 -0.147441
v 0.114670 0.954680 -0.134247
v 0.136023 0.955932 -0.141707
v 0.116075 0.964494 -0.138653
v 0.125047 0.963429 -0.137470
v 0.126511 0.955579 -0.134599
v 0.131173 0.965380 -0.143928
v 0.094132 0.778904 -0.148077
v 0.092757 0.793596 -0.134441
v 0.079159 0.791569 -0.152446
v 0.093693 0.783523 -0.138188
v 0.085635 0.784501 -0.142290
v 0.083105 0.792478 -0.141277
v 0.084078 0.782090 -0.150919
v 0.081475 0.964807 -0.159445
v 0.068401 0.949588 -0.162108
v 0.081999 0.951615 -0.144104
v 0.071977 0.959826 -0.161787
v 0.073781 0.958619 -0.152937
v 0.072347 0.950497 -0.150939
v 0.081592 0.961259 -0.149056
v 0.082896 0.951562 -0.201921
v 0.069089 0.965708 -0.198324
v 0.083018 0.965708 -0.216189
v 0.073142 0.955765 -0.199371
v 0.075010 0.957646 -0.208070
v 0.073228 0.965768 -0.209460
v 0.082991 0.955765 -0.212003
v 0.087080 1.138167 -0.198659
v 0.086575 1.124323 -0.213416
v 0.072646 1.124323 -0.195551
v 0.086991 1.134171 -0.208884
v 0.078929 1.132421 -0.205015
v 0.076784 1.124382 -0.206687
v 0.077142 1.134171 -0.196252
v 0.122993 0.951154 -0.213464
v 0.115570 0.965377 -0.225560
v 0.136862 0.965018 -0.217835
v 0.117632 0.955413 -0.221976
v 0.126516 0.957122 -0.222898
v 0.127439 0.965216 -0.225066
v 0.132688 0.955159 -0.216513
v 0.124692 1.137784 -0.209487
v 0.138306 1.123654 -0.214454
v 0.117014 1.124013 -0.222179
v 0.134312 1.133590 -0.212710
v 0.128107 1.131920 -0.219172
v 0.128883 1.123852 -0.221685
v 0.119256 1.133843 -0.218173
v 0.146356 0.950494 -0.178897
v 0.155829 0.964482 -0.189772
v 0.155060 0.964261 -0.167133
v 0.152872 0.954589 -0.186650
v 0.156527 0.956274 -0.178495
v 0.159026 0.964323 -0.178331
v 0.152328 0.954432 -0.170642
v 0.146607 1.137164 -0.177062
v 0.155273 1.122932 -0.165573
v 0.156043 1.123153 -0.188212
v 0.152567 1.132902 -0.168887
v 0.156762 1.131111 -0.176776
v 0.159239 1.122994 -0.176771
v 0.153111 1.133058 -0.184895
v 0.120699 0.950494 -0.145991
v 0.134230 0.964261 -0.140418
v 0.112462 0.964482 -0.134152
v 0.130161 0.954432 -0.142213
v 0.123569 0.956274 -0.136225
v 0.124337 0.964323 -0.133841
v 0.114769 0.954589 -0.137782
v 0.122540 1.137164 -0.146195
v 0.114027 1.123153 -0.134326
v 0.135795 1.122932 -0.140592
v 0.116529 1.133058 -0.137977
v 0.125293 1.131111 -0.136416
v 0.125902 1.122994 -0.134015
v 0.131921 1.132902 -0.142408
v 0.081479 0.951154 -0.160220
v 0.080622 0.965018 -0.145704
v 0.067938 0.965377 -0.164470
v 0.080885 0.955159 -0.150075
v 0.073189 0.957122 -0.154503
v 0.071311 0.965216 -0.153080
v 0.071917 0.955413 -0.163344
v 0.085750 1.137784 -0.159543
v 0.071569 1.124013 -0.163894
v 0.084253 1.123655 -0.145128
v 0.076001 1.133843 -0.162697
v 0.077190 1.131920 -0.153869
v 0.074942 1.123852 -0.152504
v 0.084969 1.133590 -0.149427
v 0.086855 1.126284 -0.198462
v 0.074139 1.141165 -0.193932
v 0.087909 1.141165 -0.211920
v 0.077450 1.131030 -0.195576
v 0.079391 1.133259 -0.204176
v 0.078195 1.141553 -0.205092
v 0.087187 1.131030 -0.208295
v 0.104629 1.311617 -0.184856
v 0.103017 1.298699 -0.200354
v 0.089247 1.298699 -0.182367
v 0.104179 1.308221 -0.195286
v 0.096038 1.306842 -0.191433
v 0.093303 1.299087 -0.193526
v 0.094443 1.308221 -0.182567
v 0.124264 1.123795 -0.209703
v 0.117814 1.139175 -0.220906
v 0.139076 1.136844 -0.213445
v 0.119169 1.128902 -0.217905
v 0.128148 1.130014 -0.218828
v 0.129643 1.138129 -0.220551
v 0.134204 1.127254 -0.212630
v 0.139566 1.309292 -0.195354
v 0.152082 1.294518 -0.201249
v 0.130821 1.296849 -0.208709
v 0.148833 1.304602 -0.198911
v 0.142480 1.303752 -0.205388
v 0.142649 1.295803 -0.208355
v 0.133799 1.306250 -0.204187
v 0.146297 1.119767 -0.177604
v 0.156689 1.133625 -0.187785
v 0.156059 1.132184 -0.165187
v 0.153040 1.123810 -0.185187
v 0.156864 1.124765 -0.176991
v 0.159943 1.132590 -0.176407
v 0.152595 1.122792 -0.169208
v 0.160143 1.305530 -0.165376
v 0.167828 1.290084 -0.154793
v 0.168458 1.291525 -0.177391
v 0.165833 1.300394 -0.157517
v 0.169832 1.298752 -0.165539
v 0.171712 1.290491 -0.166013
v 0.166278 1.301413 -0.173496
v 0.122505 1.119767 -0.146525
v 0.137040 1.132184 -0.140342
v 0.115389 1.133625 -0.133836
v 0.132254 1.122792 -0.142636
v 0.125855 1.124765 -0.136484
v 0.127223 1.132590 -0.133664
v 0.116945 1.123810 -0.138036
v 0.137923 1.305530 -0.136351
v 0.128494 1.291525 -0.125188
v 0.150145 1.290084 -0.131694
v 0.131685 1.301413 -0.128309
v 0.140295 1.298752 -0.126955
v 0.140328 1.290491 -0.125016
v 0.146995 1.300394 -0.132909
v 0.085768 1.123795 -0.159416
v 0.086021 1.136844 -0.144141
v 0.073270 1.139175 -0.162718
v 0.085537 1.127254 -0.149057
v 0.077973 1.130014 -0.153285
v 0.076699 1.138130 -0.151392
v 0.076520 1.128902 -0.162193
v 0.103613 1.309292 -0.148390
v 0.088438 1.296849 -0.153346
v 0.101190 1.294518 -0.134769
v 0.093582 1.306250 -0.151652
v 0.094687 1.303752 -0.142958
v 0.091868 1.295803 -0.142020
v 0.102598 1.304602 -0.138515
v -0.155119 0.776025 -0.149760
v -0.157286 0.789007 -0.134579
v -0.170040 0.789007 -0.153300
v -0.156058 0.779449 -0.139429
v -0.163936 0.780844 -0.143753
v -0.166608 0.788629 -0.141933
v -0.165076 0.779449 -0.152667
v -0.169579 0.961883 -0.139909
v -0.182331 0.946987 -0.144927
v -0.169576 0.946987 -0.126205
v -0.178901 0.957142 -0.143249
v -0.177479 0.954919 -0.134527
v -0.178899 0.946609 -0.133560
v -0.169882 0.957142 -0.130011
v -0.153898 0.778772 -0.193971
v -0.169034 0.791267 -0.189678
v -0.155270 0.793539 -0.207525
v -0.164011 0.781844 -0.191214
v -0.162387 0.784326 -0.199811
v -0.164981 0.792286 -0.200799
v -0.154278 0.783450 -0.203834
v -0.168429 0.964469 -0.181540
v -0.167621 0.951383 -0.196959
v -0.181386 0.949111 -0.179111
v -0.168171 0.960990 -0.191949
v -0.175997 0.958252 -0.188168
v -0.177333 0.950130 -0.190232
v -0.177904 0.959384 -0.179329
v -0.111552 0.783216 -0.206250
v -0.120427 0.797195 -0.217629
v -0.099166 0.798599 -0.209938
v -0.117358 0.787325 -0.214540
v -0.108695 0.789961 -0.215380
v -0.108600 0.798203 -0.217148
v -0.102324 0.788318 -0.209101
v -0.128555 0.968654 -0.193102
v -0.113618 0.956223 -0.198762
v -0.134879 0.954819 -0.206453
v -0.118580 0.965610 -0.196531
v -0.124620 0.963644 -0.203065
v -0.123052 0.955827 -0.205972
v -0.133614 0.964617 -0.201970
v -0.086603 0.783216 -0.169627
v -0.078637 0.798599 -0.179804
v -0.079262 0.797195 -0.157203
v -0.080572 0.788318 -0.177171
v -0.077061 0.789961 -0.168945
v -0.075381 0.798203 -0.168386
v -0.081013 0.787325 -0.161190
v -0.105062 0.968654 -0.158617
v -0.094952 0.954819 -0.147844
v -0.094327 0.956223 -0.170445
v -0.098661 0.964617 -0.150663
v -0.094349 0.963644 -0.158632
v -0.091071 0.955827 -0.159027
v -0.098219 0.965610 -0.166645
v -0.113529 0.778772 -0.134715
v -0.101417 0.793539 -0.128476
v -0.123064 0.791267 -0.122199
v -0.104489 0.783450 -0.130750
v -0.111201 0.784326 -0.124677
v -0.111232 0.792286 -0.121901
v -0.119796 0.781844 -0.126312
v -0.130416 0.964469 -0.125742
v -0.137418 0.949111 -0.114572
v -0.115771 0.951383 -0.120850
v -0.135941 0.959384 -0.117733
v -0.127018 0.958252 -0.116273
v -0.125586 0.950130 -0.114274
v -0.120634 0.960990 -0.122172
v -0.167220 0.950011 -0.139014
v -0.167605 0.963815 -0.124420
v -0.181429 0.963815 -0.142367
v -0.167309 0.953977 -0.128836
v -0.175321 0.955709 -0.132774
v -0.177356 0.963738 -0.131207
v -0.177084 0.953977 -0.141526
v -0.168664 1.136682 -0.137902
v -0.182656 1.122487 -0.141421
v -0.168832 1.122487 -0.123475
v -0.178464 1.132447 -0.140463
v -0.176673 1.130546 -0.131733
v -0.178583 1.122409 -0.130262
v -0.168689 1.132447 -0.127773
v -0.168394 0.950539 -0.180721
v -0.182381 0.964244 -0.176226
v -0.169589 0.964708 -0.194915
v -0.178097 0.954434 -0.177558
v -0.176829 0.956388 -0.186349
v -0.178942 0.964452 -0.187595
v -0.169052 0.954762 -0.190774
v -0.169765 1.137178 -0.177024
v -0.170754 1.123352 -0.191773
v -0.183547 1.122888 -0.173084
v -0.170362 1.133200 -0.187239
v -0.178113 1.131194 -0.182886
v -0.180108 1.123096 -0.184453
v -0.179408 1.132872 -0.174024
v -0.129093 0.951394 -0.194716
v -0.137683 0.965402 -0.206277
v -0.115954 0.965689 -0.199882
v -0.135099 0.955500 -0.202865
v -0.126345 0.957486 -0.204327
v -0.125808 0.965608 -0.206517
v -0.119734 0.955703 -0.198342
v -0.132900 1.137980 -0.190152
v -0.119190 1.124288 -0.196002
v -0.140919 1.124001 -0.202398
v -0.123373 1.134091 -0.193979
v -0.129910 1.132242 -0.200052
v -0.129043 1.124207 -0.202638
v -0.138738 1.133888 -0.198501
v -0.103631 0.951394 -0.161659
v -0.095282 0.965689 -0.173045
v -0.094645 0.965402 -0.150402
v -0.097736 0.955703 -0.169783
v -0.093637 0.957486 -0.161863
v -0.091382 0.965608 -0.161823
v -0.097285 0.955500 -0.153773
v -0.109016 1.137980 -0.159143
v -0.099222 1.124001 -0.148264
v -0.099859 1.124288 -0.170906
v -0.102433 1.133888 -0.151368
v -0.098680 1.132243 -0.159507
v -0.095959 1.124207 -0.159685
v -0.102884 1.134091 -0.167378
v -0.127195 0.950539 -0.127233
v -0.113775 0.964708 -0.122454
v -0.135111 0.964244 -0.114856
v -0.117643 0.954762 -0.124031
v -0.123906 0.956388 -0.117641
v -0.123240 0.964452 -0.115279
v -0.132729 0.954434 -0.118658
v -0.131119 1.137177 -0.126851
v -0.138447 1.122888 -0.114532
v -0.117111 1.123352 -0.122129
v -0.136481 1.132872 -0.118293
v -0.127581 1.131194 -0.117283
v -0.126576 1.123096 -0.114954
v -0.121394 1.133200 -0.123666
v -0.169429 1.125032 -0.139657
v -0.169472 1.139676 -0.125901
v -0.182270 1.139676 -0.144592
v -0.169740 1.129597 -0.129738
v -0.177363 1.131709 -0.134225
v -0.178819 1.139952 -0.133228
v -0.178789 1.129597 -0.142955
v -0.155764 1.310976 -0.149013
v -0.170654 1.297729 -0.152545
v -0.157857 1.297729 -0.133853
v -0.165724 1.307372 -0.151900
v -0.164564 1.305864 -0.142988
v -0.167204 1.298005 -0.141180
v -0.156675 1.307372 -0.138683
v -0.168391 1.123261 -0.178744
v -0.181440 1.138260 -0.175839
v -0.167670 1.136602 -0.193750
v -0.177902 1.128083 -0.176372
v -0.176010 1.129401 -0.185169
v -0.177392 1.137516 -0.186983
v -0.168165 1.126910 -0.189037
v -0.154795 1.309322 -0.185517
v -0.156113 1.294755 -0.199507
v -0.169883 1.296413 -0.181596
v -0.155166 1.304797 -0.195513
v -0.163275 1.303666 -0.191513
v -0.165835 1.295669 -0.192740
v -0.164903 1.305970 -0.182848
v -0.130934 1.120396 -0.189731
v -0.137727 1.134312 -0.202533
v -0.116419 1.133287 -0.194911
v -0.136141 1.124461 -0.198431
v -0.127189 1.125666 -0.199490
v -0.125878 1.133576 -0.202094
v -0.121074 1.123736 -0.193041
v -0.119812 1.306646 -0.195778
v -0.106966 1.291600 -0.200051
v -0.128273 1.292625 -0.207673
v -0.110442 1.301804 -0.198823
v -0.116773 1.300109 -0.205153
v -0.116424 1.291890 -0.207234
v -0.125508 1.302529 -0.204212
v -0.108822 1.120396 -0.157435
v -0.098743 1.133287 -0.169093
v -0.099343 1.134312 -0.146471
v -0.102170 1.123736 -0.165430
v -0.098370 1.125666 -0.157396
v -0.095467 1.133576 -0.157677
v -0.102594 1.124461 -0.149434
v -0.099161 1.306646 -0.165616
v -0.091132 1.292625 -0.153425
v -0.090531 1.291600 -0.176047
v -0.093359 1.302529 -0.157255
v -0.089322 1.300109 -0.165059
v -0.087256 1.291890 -0.164631
v -0.092934 1.301804 -0.173251
v -0.132613 1.123261 -0.126487
v -0.118362 1.136602 -0.121732
v -0.140041 1.138260 -0.115373
v -0.122935 1.126910 -0.122975
v -0.129378 1.129401 -0.117060
v -0.128187 1.137516 -0.115116
v -0.138264 1.128083 -0.118479
v -0.121381 1.309322 -0.136713
v -0.130494 1.296413 -0.124065
v -0.108815 1.294755 -0.130424
v -0.127525 1.305970 -0.128255
v -0.118858 1.303666 -0.126638
v -0.118640 1.295669 -0.123808
v -0.112196 1.304797 -0.132752
v -0.235683 1.288543 0.046503
v -0.247443 1.301345 0.061744
v -0.252865 1.300646 0.036870
v -0.242989 1.292075 0.055433
v -0.247756 1.293241 0.049003
v -0.252328 1.300083 0.049807
v -0.246082 1.291677 0.041245
v -0.330627 1.522608 0.060620
v -0.337200 1.508557 0.049410
v -0.331778 1.509256 0.074284
v -0.336811 1.518134 0.052875
v -0.337802 1.516439 0.062357
v -0.337625 1.508693 0.062537
v -0.332977 1.518629 0.070463
v -0.186680 1.289410 -0.159893
v -0.206381 1.301468 -0.158916
v -0.190358 1.302355 -0.178692
v -0.198338 1.292521 -0.159846
v -0.196350 1.294151 -0.167516
v -0.200085 1.301008 -0.170235
v -0.189199 1.293027 -0.171126
v -0.265587 1.523759 -0.213319
v -0.260448 1.510518 -0.226148
v -0.276472 1.509631 -0.206373
v -0.263255 1.519862 -0.223200
v -0.271204 1.517618 -0.218146
v -0.270951 1.509872 -0.218288
v -0.274585 1.519235 -0.209216
v 0.004814 1.301853 -0.250318
v -0.008707 1.314158 -0.264469
v 0.016696 1.315963 -0.264255
v -0.002627 1.305150 -0.259227
v 0.004536 1.307203 -0.262375
v 0.004069 1.314273 -0.266638
v 0.011863 1.306179 -0.259105
v -0.011427 1.540273 -0.333336
v 0.002270 1.527743 -0.337996
v -0.023134 1.525938 -0.338210
v -0.002124 1.536938 -0.337874
v -0.010954 1.534527 -0.341038
v -0.010402 1.526802 -0.341321
v -0.020087 1.535662 -0.338026
v 0.194600 1.316501 -0.156680
v 0.196726 1.329858 -0.175430
v 0.212380 1.331222 -0.155387
v 0.196771 1.320451 -0.167873
v 0.203629 1.322570 -0.164145
v 0.206403 1.329890 -0.166809
v 0.205699 1.321229 -0.156441
v 0.240467 1.559716 -0.209054
v 0.253121 1.547261 -0.201909
v 0.237467 1.545897 -0.221952
v 0.249944 1.556504 -0.204796
v 0.246976 1.554436 -0.213778
v 0.247823 1.546733 -0.213916
v 0.238875 1.555540 -0.218968
v 0.239766 1.322326 0.050510
v 0.255223 1.336747 0.041152
v 0.249340 1.336643 0.065931
v 0.249704 1.326904 0.045424
v 0.251009 1.328680 0.053206
v 0.254554 1.336099 0.054079
v 0.246348 1.326844 0.059557
v 0.300413 1.567446 0.065938
v 0.303211 1.554374 0.079636
v 0.309094 1.554479 0.054857
v 0.303137 1.563827 0.075825
v 0.308358 1.562351 0.067803
v 0.309275 1.554657 0.067989
v 0.307297 1.563900 0.058303
v 0.106300 1.314939 0.215233
v 0.122735 1.329637 0.222187
v 0.099745 1.328143 0.233043
v 0.116313 1.319648 0.220046
v 0.110998 1.320932 0.226008
v 0.112264 1.328225 0.229692
v 0.103200 1.318796 0.226238
v 0.123270 1.557643 0.284567
v 0.114819 1.543727 0.294630
v 0.137809 1.545221 0.283774
v 0.117399 1.553391 0.292674
v 0.126970 1.552313 0.291671
v 0.127680 1.544608 0.292113
v 0.133656 1.554447 0.284998
v -0.105295 1.299905 0.213450
v -0.100972 1.313881 0.231351
v -0.123757 1.312122 0.220110
v -0.102956 1.304148 0.224501
v -0.110973 1.305160 0.224137
v -0.113319 1.312196 0.227791
v -0.115952 1.303145 0.218089
v -0.157569 1.537688 0.282200
v -0.170190 1.523336 0.281178
v -0.147406 1.525095 0.292420
v -0.167404 1.533056 0.282460
v -0.160597 1.531880 0.289247
v -0.160218 1.524151 0.289687
v -0.151293 1.534299 0.290409
v -0.108329 1.481528 -0.302489
v -0.122426 1.495047 -0.302838
v -0.097586 1.494777 -0.312010
v -0.117878 1.485604 -0.305599
v -0.111062 1.487408 -0.310063
v -0.110612 1.495563 -0.309085
v -0.103016 1.485443 -0.311086
v -0.081074 1.680367 -0.234517
v -0.073955 1.667172 -0.253078
v -0.098796 1.667442 -0.243906
v -0.077482 1.676547 -0.245759
v -0.085371 1.675072 -0.245999
v -0.086982 1.667958 -0.250153
v -0.091181 1.676696 -0.240701
v 0.114026 1.478179 -0.303524
v 0.103598 1.491747 -0.312946
v 0.128520 1.491267 -0.304006
v 0.108753 1.482254 -0.312072
v 0.116864 1.483975 -0.311123
v 0.116669 1.492140 -0.310142
v 0.123664 1.481966 -0.306723
v 0.093404 1.677739 -0.235329
v 0.110641 1.664288 -0.244880
v 0.085719 1.664768 -0.253821
v 0.103339 1.673766 -0.241606
v 0.097433 1.672319 -0.246850
v 0.098790 1.665160 -0.251017
v 0.089595 1.674030 -0.246537
v 0.285000 1.473953 -0.161383
v 0.283215 1.487444 -0.175398
v 0.296556 1.486978 -0.152528
v 0.286498 1.477942 -0.171348
v 0.292121 1.479643 -0.165421
v 0.291431 1.487820 -0.164852
v 0.294481 1.477663 -0.157665
v 0.227565 1.674423 -0.123794
v 0.246760 1.660787 -0.119938
v 0.233418 1.661253 -0.142808
v 0.239165 1.670334 -0.122189
v 0.237995 1.668845 -0.129992
v 0.241634 1.661629 -0.132262
v 0.231808 1.670590 -0.134802
v 0.324592 1.470827 0.057425
v 0.332379 1.484150 0.045446
v 0.327898 1.483916 0.071544
v 0.332188 1.474686 0.050726
v 0.332705 1.476439 0.058868
v 0.331901 1.484625 0.058803
v 0.329507 1.474546 0.066340
v 0.258632 1.671970 0.047901
v 0.270710 1.658309 0.063287
v 0.275191 1.658543 0.037189
v 0.266444 1.667856 0.056614
v 0.270545 1.666275 0.049895
v 0.274713 1.659018 0.050546
v 0.268915 1.667985 0.042221
v 0.214277 1.470265 0.250516
v 0.228086 1.483407 0.246251
v 0.207880 1.483514 0.263366
v 0.224444 1.474010 0.250239
v 0.219627 1.475862 0.256797
v 0.219141 1.484050 0.256173
v 0.212354 1.474074 0.260479
v 0.172070 1.671529 0.199416
v 0.171286 1.658012 0.219062
v 0.191492 1.657905 0.201947
v 0.172409 1.667492 0.211141
v 0.179852 1.665812 0.208641
v 0.182547 1.658548 0.211869
v 0.183554 1.667433 0.201702
v 0.005672 1.472528 0.327542
v 0.019136 1.485562 0.333058
v -0.007341 1.485961 0.333181
v 0.013680 1.476230 0.333838
v 0.005796 1.478182 0.335753
v 0.005915 1.486363 0.334905
v -0.002161 1.476469 0.333911
v 0.008381 1.673305 0.259857
v -0.004993 1.660036 0.274498
v 0.021485 1.659638 0.274375
v 0.001063 1.669413 0.269086
v 0.008353 1.667673 0.271966
v 0.008264 1.660439 0.276222
v 0.015665 1.669193 0.269018
v -0.203614 1.476559 0.252461
v -0.196701 1.489608 0.265249
v -0.217060 1.490111 0.248323
v -0.201484 1.480307 0.262405
v -0.208734 1.482314 0.258791
v -0.208008 1.490483 0.258160
v -0.213665 1.480609 0.252278
v -0.155842 1.676468 0.200942
v -0.175641 1.663434 0.203656
v -0.155282 1.662931 0.220582
v -0.167422 1.672719 0.203336
v -0.163707 1.670987 0.210240
v -0.166589 1.663806 0.213493
v -0.156194 1.672442 0.212670
v -0.315654 1.480470 0.060404
v -0.318433 1.493651 0.074552
v -0.323147 1.494023 0.048497
v -0.320371 1.484334 0.069364
v -0.323581 1.486324 0.061922
v -0.322530 1.494482 0.061849
v -0.323192 1.484557 0.053775
v -0.243758 1.679537 0.050239
v -0.260813 1.666615 0.039683
v -0.256098 1.666243 0.065739
v -0.254208 1.675864 0.044656
v -0.255818 1.674203 0.052345
v -0.260196 1.667074 0.053035
v -0.251608 1.675659 0.059025
v -0.278023 1.482433 -0.158763
v -0.289099 1.495799 -0.149803
v -0.275963 1.495866 -0.172796
v -0.287353 1.486426 -0.154958
v -0.285007 1.488336 -0.162736
v -0.284066 1.496488 -0.162174
v -0.279493 1.486466 -0.168714
v -0.214229 1.681077 -0.121738
v -0.220654 1.668092 -0.140695
v -0.233790 1.668025 -0.117702
v -0.218688 1.677375 -0.132705
v -0.224881 1.675816 -0.127838
v -0.228756 1.668714 -0.130073
v -0.225933 1.677339 -0.120025
v -0.342612 1.477263 0.067803
v -0.342563 1.489113 0.081997
v -0.347599 1.490441 0.055828
v -0.346351 1.480715 0.076978
v -0.349312 1.482966 0.069381
v -0.346546 1.490692 0.069241
v -0.349416 1.481523 0.061048
v -0.289089 1.565018 0.061955
v -0.308837 1.553994 0.051593
v -0.303801 1.552667 0.077762
v -0.300371 1.562158 0.056636
v -0.302163 1.560499 0.064242
v -0.307784 1.554245 0.065006
v -0.297652 1.561441 0.070766
v -0.304210 1.485202 -0.171915
v -0.312820 1.497630 -0.161270
v -0.299857 1.497942 -0.184589
v -0.312826 1.489087 -0.167360
v -0.310141 1.491064 -0.175134
v -0.307637 1.498736 -0.173639
v -0.304934 1.489277 -0.181556
v -0.256094 1.571839 -0.144009
v -0.265010 1.560686 -0.164380
v -0.277974 1.560374 -0.141061
v -0.261442 1.568927 -0.155263
v -0.267754 1.567612 -0.150548
v -0.272791 1.561480 -0.153430
v -0.268442 1.568759 -0.142673
v -0.120817 1.482591 -0.331170
v -0.133768 1.495578 -0.328818
v -0.108871 1.494727 -0.338376
v -0.130193 1.486789 -0.333298
v -0.123078 1.488401 -0.337577
v -0.121824 1.496091 -0.334996
v -0.115038 1.486272 -0.339116
v -0.098523 1.569596 -0.280841
v -0.092726 1.557737 -0.301927
v -0.117622 1.558588 -0.292369
v -0.095520 1.566297 -0.292835
v -0.103432 1.565273 -0.293243
v -0.105679 1.559101 -0.298547
v -0.108963 1.566756 -0.287674
v 0.121756 1.470653 -0.335447
v 0.110813 1.483915 -0.342249
v 0.135994 1.482301 -0.333574
v 0.116091 1.474897 -0.343190
v 0.124350 1.476224 -0.341938
v 0.123949 1.483995 -0.339328
v 0.131419 1.473914 -0.337909
v 0.109894 1.559339 -0.284515
v 0.127404 1.546528 -0.296689
v 0.102223 1.548143 -0.305364
v 0.119758 1.555499 -0.291706
v 0.113916 1.554576 -0.297074
v 0.115358 1.548222 -0.302443
v 0.106162 1.556371 -0.296390
v 0.310005 1.454972 -0.182742
v 0.306481 1.468100 -0.195278
v 0.320163 1.466478 -0.172429
v 0.310787 1.458973 -0.192410
v 0.316367 1.460230 -0.186178
v 0.314682 1.468108 -0.184610
v 0.319116 1.457985 -0.178500
v 0.271637 1.545866 -0.153312
v 0.292376 1.532304 -0.151115
v 0.278694 1.533927 -0.173965
v 0.283663 1.541586 -0.152405
v 0.282590 1.540526 -0.160250
v 0.286895 1.533934 -0.163296
v 0.276275 1.542462 -0.164743
v 0.355848 1.442887 0.055490
v 0.361680 1.455533 0.043325
v 0.357461 1.454661 0.069657
v 0.362795 1.446470 0.048493
v 0.363126 1.447903 0.056822
v 0.361129 1.455863 0.056766
v 0.360227 1.445939 0.064522
v 0.311025 1.535483 0.051376
v 0.325000 1.521719 0.066677
v 0.329219 1.522591 0.040345
v 0.319500 1.531067 0.059886
v 0.323665 1.529698 0.053209
v 0.328668 1.522922 0.053786
v 0.321777 1.531538 0.045669
v 0.237833 1.440052 0.267779
v 0.250582 1.452093 0.261915
v 0.230437 1.452380 0.279409
v 0.247780 1.443238 0.266795
v 0.242750 1.445011 0.273360
v 0.241557 1.452990 0.271856
v 0.235517 1.443413 0.277444
v 0.209627 1.533047 0.233774
v 0.210010 1.519727 0.254782
v 0.230155 1.519441 0.237288
v 0.210501 1.528865 0.245836
v 0.217922 1.527157 0.243423
v 0.221130 1.520338 0.247229
v 0.221378 1.528710 0.236391
v 0.011181 1.447793 0.354793
v 0.025171 1.459391 0.358212
v -0.001474 1.460702 0.358681
v 0.019559 1.450789 0.360353
v 0.011562 1.452907 0.362115
v 0.011915 1.460834 0.360017
v 0.003339 1.451587 0.360639
v 0.014889 1.539698 0.308535
v 0.001211 1.527260 0.325182
v 0.027856 1.525949 0.324712
v 0.007669 1.536009 0.318436
v 0.014840 1.534094 0.321388
v 0.014600 1.527392 0.326517
v 0.022056 1.535301 0.318182
v -0.218054 1.462489 0.275816
v -0.209080 1.474011 0.287157
v -0.229759 1.475733 0.270383
v -0.215082 1.465589 0.285388
v -0.222262 1.467897 0.281557
v -0.220345 1.475724 0.279998
v -0.227670 1.466638 0.275177
v -0.182069 1.552325 0.240679
v -0.203698 1.540793 0.244936
v -0.183019 1.539071 0.261710
v -0.194090 1.549158 0.243715
v -0.190558 1.547261 0.250624
v -0.194284 1.540783 0.254552
v -0.182925 1.548228 0.252772
v 0.467551 1.464380 0.040535
v 0.476961 1.450971 0.051938
v 0.477140 1.450971 0.029282
v 0.473846 1.460684 0.048595
v 0.477887 1.459123 0.040617
v 0.480627 1.451203 0.040639
v 0.473973 1.460685 0.032575
v 0.475493 1.214370 0.040598
v 0.484193 1.228953 0.029338
v 0.484013 1.228953 0.051994
v 0.481654 1.218873 0.032636
v 0.485453 1.220943 0.040677
v 0.487680 1.229184 0.040694
v 0.481528 1.218873 0.048656
v 0.421384 1.461354 -0.024215
v 0.435734 1.448257 -0.028791
v 0.414287 1.446863 -0.035963
v 0.431161 1.457878 -0.027469
v 0.424918 1.455650 -0.033673
v 0.426143 1.447632 -0.035777
v 0.415996 1.456892 -0.032541
v 0.434952 1.211712 -0.016261
v 0.426336 1.225172 -0.028899
v 0.447783 1.226566 -0.021728
v 0.429119 1.215437 -0.024847
v 0.437844 1.217822 -0.026095
v 0.438191 1.225940 -0.028713
v 0.444284 1.216423 -0.019776
v 0.345665 1.456457 -0.000222
v 0.346375 1.442471 -0.014444
v 0.332941 1.441610 0.003780
v 0.345779 1.452351 -0.010291
v 0.338042 1.450032 -0.006145
v 0.336781 1.441853 -0.007461
v 0.336279 1.451742 0.002595
v 0.368461 1.207412 0.004808
v 0.353184 1.220448 0.008247
v 0.366618 1.221310 -0.009977
v 0.358328 1.210864 0.007460
v 0.359759 1.212772 -0.001353
v 0.357025 1.220691 -0.002995
v 0.367827 1.211474 -0.005426
v 0.345035 1.456457 0.079356
v 0.332375 1.441610 0.075153
v 0.345519 1.442471 0.093588
v 0.335695 1.451742 0.076391
v 0.337319 1.450032 0.085158
v 0.336037 1.441853 0.086454
v 0.344989 1.452351 0.089426
v 0.367907 1.207412 0.074688
v 0.365831 1.221310 0.089442
v 0.352687 1.220448 0.071008
v 0.367111 1.211474 0.084911
v 0.359109 1.212772 0.080710
v 0.356349 1.220691 0.082308
v 0.357817 1.210864 0.071876
v 0.420364 1.461354 0.104545
v 0.413082 1.446863 0.116180
v 0.434640 1.448257 0.109349
v 0.414845 1.456892 0.112785
v 0.423748 1.455650 0.114058
v 0.424939 1.447632 0.116181
v 0.430088 1.457878 0.107954
v 0.434057 1.211712 0.096807
v 0.446799 1.226566 0.102477
v 0.425241 1.225172 0.109308
v 0.443332 1.216423 0.100470
v 0.436792 1.217822 0.106686
v 0.437098 1.225940 0.109310
v 0.428088 1.215437 0.105300
v 0.473479 1.240436 0.041014
v 0.484139 1.228081 0.052507
v 0.484485 1.228081 0.029853
v 0.480062 1.237418 0.049126
v 0.484302 1.236275 0.041180
v 0.487845 1.228681 0.041234
v 0.480307 1.237418 0.033107
v 0.507205 0.992585 0.041530
v 0.514436 1.007979 0.030311
v 0.514089 1.007979 0.052965
v 0.512928 0.997694 0.033606
v 0.516432 1.000152 0.041671
v 0.517796 1.008579 0.041692
v 0.512683 0.997694 0.049625
v 0.433853 1.233558 -0.016134
v 0.449512 1.222010 -0.020586
v 0.428378 1.218402 -0.027911
v 0.443960 1.231109 -0.019312
v 0.438026 1.228243 -0.025557
v 0.440089 1.220392 -0.027640
v 0.429016 1.228557 -0.024492
v 0.473079 0.986661 -0.007687
v 0.463212 0.999148 -0.020410
v 0.484346 1.002756 -0.013084
v 0.466956 0.989757 -0.016322
v 0.475396 0.993029 -0.017510
v 0.474923 1.001137 -0.020138
v 0.481900 0.992308 -0.011142
v 0.368007 1.222429 0.004456
v 0.370263 1.208579 -0.009738
v 0.356855 1.206349 0.008388
v 0.368619 1.218349 -0.005606
v 0.361133 1.215246 -0.001513
v 0.360733 1.206979 -0.002825
v 0.359138 1.216772 0.007212
v 0.416371 0.977076 0.010045
v 0.399805 0.988467 0.013352
v 0.413213 0.990697 -0.004775
v 0.405916 0.979465 0.012618
v 0.407208 0.981504 0.003812
v 0.403683 0.989096 0.002139
v 0.415397 0.981042 -0.000200
v 0.366938 1.222429 0.074330
v 0.355912 1.206349 0.070058
v 0.368759 1.208579 0.088586
v 0.358158 1.216772 0.071304
v 0.359885 1.215246 0.080085
v 0.359445 1.206979 0.081385
v 0.367242 1.218349 0.084405
v 0.415451 0.977076 0.070222
v 0.411840 0.990697 0.084938
v 0.398993 0.988467 0.066410
v 0.414164 0.981042 0.080432
v 0.406102 0.981504 0.076172
v 0.402526 0.989096 0.077737
v 0.405079 0.979465 0.067331
v 0.432124 1.233558 0.096924
v 0.426291 1.218402 0.108528
v 0.447639 1.222010 0.101852
v 0.427034 1.228557 0.105130
v 0.436007 1.228243 0.106470
v 0.438005 1.220392 0.108615
v 0.442129 1.231109 0.100410
v 0.471590 0.986661 0.089680
v 0.482687 1.002756 0.095420
v 0.461338 0.999148 0.102095
v 0.480301 0.992308 0.093404
v 0.473606 0.993029 0.099570
v 0.473052 1.001137 0.102182
v 0.465205 0.989757 0.098124
v 0.502661 1.017634 0.040482
v 0.514802 1.006504 0.051756
v 0.514699 1.006504 0.029099
v 0.509687 1.015348 0.048461
v 0.513866 1.014650 0.040431
v 0.518200 1.007478 0.040412
v 0.509614 1.015348 0.032440
v 0.562620 0.774791 0.040209
v 0.567945 0.790850 0.028856
v 0.568048 0.790850 0.051513
v 0.567607 0.780468 0.032176
v 0.570988 0.783298 0.040171
v 0.571446 0.791823 0.040169
v 0.567680 0.780468 0.048197
v 0.468394 1.008026 -0.008051
v 0.485104 0.998206 -0.012818
v 0.464334 0.992354 -0.019725
v 0.478640 1.006663 -0.011430
v 0.472924 1.003171 -0.017558
v 0.475769 0.995581 -0.019685
v 0.463954 1.002525 -0.016314
v 0.533875 0.766731 -0.000503
v 0.522484 0.778075 -0.013022
v 0.543254 0.783927 -0.006115
v 0.527288 0.769142 -0.009014
v 0.535306 0.773294 -0.010367
v 0.533919 0.781301 -0.012982
v 0.541974 0.773281 -0.004130
v 0.413393 0.992481 0.010797
v 0.416832 0.978928 -0.003446
v 0.404099 0.975311 0.014942
v 0.414237 0.988473 0.000723
v 0.407207 0.984596 0.004963
v 0.407665 0.976332 0.003654
v 0.405234 0.985915 0.013725
v 0.487738 0.753691 0.015308
v 0.470120 0.763256 0.018948
v 0.482853 0.766873 0.000560
v 0.477140 0.754956 0.018088
v 0.478034 0.757106 0.009260
v 0.473686 0.764277 0.007660
v 0.486144 0.757513 0.005086
v 0.413667 0.992481 0.070980
v 0.404335 0.975311 0.066920
v 0.417236 0.978928 0.085191
v 0.405481 0.985915 0.068126
v 0.407535 0.984596 0.076871
v 0.408005 0.976332 0.078175
v 0.414603 0.988473 0.081046
v 0.487968 0.753691 0.065792
v 0.483217 0.766873 0.080584
v 0.470317 0.763256 0.062313
v 0.486467 0.757513 0.076028
v 0.478319 0.757106 0.071928
v 0.473986 0.764277 0.073568
v 0.477345 0.754956 0.063108
v 0.468838 1.008026 0.089326
v 0.464884 0.992354 0.101036
v 0.485590 0.998206 0.093941
v 0.464473 1.002525 0.097629
v 0.473454 1.003171 0.098791
v 0.476319 0.995581 0.100892
v 0.479114 1.006663 0.092612
v 0.534248 0.766731 0.081182
v 0.543677 0.783927 0.086708
v 0.522971 0.778075 0.093804
v 0.542379 0.773281 0.084735
v 0.535768 0.773294 0.091032
v 0.534405 0.781301 0.093660
v 0.527738 0.769142 0.089752
v 0.555862 0.797984 0.039859
v 0.569130 0.788076 0.051002
v 0.568811 0.788076 0.028348
v 0.563153 0.796385 0.047768
v 0.567303 0.796099 0.039698
v 0.572309 0.789379 0.039628
v 0.562927 0.796385 0.031749
v 0.639032 0.562083 0.038689
v 0.642670 0.578587 0.027308
v 0.642989 0.578587 0.049963
v 0.643370 0.568219 0.030617
v 0.646537 0.571360 0.038583
v 0.646168 0.579889 0.038588
v 0.643596 0.568219 0.046636
v 0.527645 0.787199 -0.000591
v 0.545180 0.779044 -0.005529
v 0.525010 0.771212 -0.012247
v 0.537942 0.786835 -0.004068
v 0.532532 0.782808 -0.010147
v 0.536079 0.775531 -0.012310
v 0.523679 0.781297 -0.008819
v 0.616236 0.553369 0.006009
v 0.603682 0.563563 -0.006385
v 0.623853 0.571394 0.000333
v 0.609365 0.555135 -0.002435
v 0.616931 0.560044 -0.003859
v 0.614751 0.567881 -0.006449
v 0.623628 0.560673 0.002315
v 0.483138 0.769747 0.015638
v 0.487736 0.756597 0.001344
v 0.475589 0.751757 0.019847
v 0.484270 0.765845 0.005551
v 0.477689 0.761304 0.009851
v 0.478932 0.753123 0.008527
v 0.475681 0.762422 0.018634
v 0.580280 0.539271 0.019120
v 0.561854 0.547084 0.022940
v 0.574002 0.551925 0.004437
v 0.569637 0.539503 0.022003
v 0.570233 0.541734 0.013169
v 0.565197 0.548451 0.011620
v 0.578226 0.542926 0.008919
v 0.483849 0.769747 0.066118
v 0.476184 0.751757 0.062123
v 0.488847 0.756597 0.080276
v 0.476310 0.762422 0.063332
v 0.478564 0.761304 0.072055
v 0.479844 0.753123 0.073344
v 0.485264 0.765845 0.076169
v 0.580854 0.539271 0.059903
v 0.574991 0.551925 0.074757
v 0.562328 0.547084 0.056604
v 0.579088 0.542926 0.070158
v 0.570979 0.541734 0.066134
v 0.565988 0.548451 0.067825
v 0.570134 0.539503 0.057321
v 0.528794 0.787199 0.081087
v 0.526488 0.771212 0.092813
v 0.546462 0.779044 0.085530
v 0.525062 0.781297 0.089424
v 0.533949 0.782808 0.090502
v 0.537555 0.775531 0.092565
v 0.539185 0.786835 0.084274
v 0.617165 0.553369 0.071997
v 0.624938 0.571394 0.077457
v 0.604964 0.563563 0.084740
v 0.624658 0.560673 0.075481
v 0.618137 0.560044 0.081841
v 0.616031 0.567881 0.084492
v 0.610534 0.555135 0.080631
v -0.477425 1.466038 0.040172
v -0.487280 1.452866 0.028868
v -0.487223 1.452866 0.051525
v -0.483893 1.462499 0.032178
v -0.487887 1.461036 0.040198
v -0.490821 1.453186 0.040206
v -0.483853 1.462499 0.048198
v -0.491504 1.216298 0.040207
v -0.499726 1.231088 0.051557
v -0.499783 1.231088 0.028900
v -0.497470 1.220950 0.048233
v -0.501300 1.223114 0.040232
v -0.503324 1.231408 0.040237
v -0.497511 1.220950 0.032212
v -0.430672 1.461866 0.104435
v -0.445290 1.449125 0.109162
v -0.423810 1.447203 0.116109
v -0.440496 1.458631 0.107792
v -0.434245 1.456249 0.113930
v -0.435644 1.448263 0.116047
v -0.425308 1.457272 0.112704
v -0.450449 1.212635 0.096639
v -0.441373 1.225876 0.109186
v -0.462853 1.227798 0.102239
v -0.444436 1.216214 0.105164
v -0.453086 1.218812 0.106503
v -0.453207 1.226936 0.109124
v -0.459625 1.217573 0.100252
v -0.355351 1.455116 0.079651
v -0.356255 1.441149 0.093881
v -0.343037 1.439961 0.075517
v -0.355460 1.451012 0.089721
v -0.347826 1.448505 0.085495
v -0.346753 1.440297 0.086798
v -0.346114 1.450172 0.076736
v -0.384307 1.206707 0.074876
v -0.368752 1.219365 0.071276
v -0.381969 1.220552 0.089640
v -0.374120 1.209910 0.072117
v -0.375413 1.211851 0.080945
v -0.372467 1.219700 0.082557
v -0.383467 1.210750 0.085102
v -0.355553 1.455116 0.000071
v -0.343219 1.439961 0.004142
v -0.356530 1.441149 -0.014154
v -0.346301 1.450173 0.002939
v -0.348059 1.448505 -0.005811
v -0.346992 1.440296 -0.007120
v -0.355714 1.451012 -0.009998
v -0.384485 1.206707 0.004994
v -0.382223 1.220552 -0.009782
v -0.368912 1.219365 0.008514
v -0.383697 1.210750 -0.005237
v -0.375621 1.211851 -0.001121
v -0.372685 1.219700 -0.002748
v -0.374285 1.209910 0.007700
v -0.430999 1.461866 -0.024329
v -0.424197 1.447203 -0.036038
v -0.445641 1.449125 -0.028982
v -0.425678 1.457272 -0.032625
v -0.434621 1.456249 -0.033805
v -0.436031 1.448263 -0.035915
v -0.440841 1.458631 -0.027636
v -0.450737 1.212635 -0.016432
v -0.463169 1.227798 -0.021969
v -0.441725 1.225876 -0.029025
v -0.459931 1.217573 -0.019998
v -0.453424 1.218812 -0.026283
v -0.453558 1.226936 -0.028903
v -0.444768 1.216214 -0.024988
v -0.489864 1.233145 0.037571
v -0.498514 1.219483 0.025871
v -0.499461 1.219483 0.048508
v -0.495780 1.229278 0.029307
v -0.500044 1.227608 0.037146
v -0.502566 1.219617 0.037040
v -0.496449 1.229278 0.045313
v -0.490992 0.983012 0.037524
v -0.500462 0.997355 0.048467
v -0.499516 0.997355 0.025830
v -0.497540 0.987347 0.045268
v -0.501119 0.989311 0.037101
v -0.503567 0.997489 0.036998
v -0.496871 0.987347 0.029261
v -0.451215 1.231605 0.095772
v -0.465349 1.218124 0.099875
v -0.444127 1.217316 0.107770
v -0.460998 1.227866 0.098698
v -0.454910 1.225810 0.105112
v -0.455986 1.217761 0.107182
v -0.445992 1.227294 0.104280
v -0.457706 0.981686 0.087647
v -0.449892 0.995377 0.100555
v -0.471114 0.996185 0.092661
v -0.452271 0.985570 0.096422
v -0.461094 0.987716 0.097372
v -0.461751 0.995823 0.099967
v -0.467277 0.986141 0.090840
v -0.383956 1.229113 0.076970
v -0.384766 1.215117 0.091176
v -0.370704 1.214617 0.073418
v -0.384298 1.225009 0.087034
v -0.376366 1.222900 0.083155
v -0.374928 1.214758 0.084522
v -0.374355 1.224656 0.074477
v -0.399782 0.979540 0.071455
v -0.384758 0.992986 0.068520
v -0.398820 0.993485 0.086278
v -0.389662 0.983266 0.069143
v -0.391443 0.985136 0.077901
v -0.388982 0.993127 0.079625
v -0.399606 0.983619 0.081700
v -0.381037 1.229113 0.007149
v -0.368128 1.214617 0.011795
v -0.380659 1.215117 -0.007075
v -0.371678 1.224656 0.010434
v -0.372957 1.222900 0.001619
v -0.371410 1.214758 0.000376
v -0.380539 1.225009 -0.002909
v -0.397269 0.979540 0.011324
v -0.395073 0.993485 -0.003367
v -0.382542 0.992986 0.015502
v -0.396238 0.983619 0.001129
v -0.388421 0.985136 0.005596
v -0.385824 0.993127 0.004084
v -0.387377 0.983266 0.014472
v -0.446492 1.231605 -0.017201
v -0.438428 1.217316 -0.028566
v -0.460235 1.218124 -0.022470
v -0.440578 1.227294 -0.025244
v -0.449395 1.225810 -0.026816
v -0.450295 1.217762 -0.028969
v -0.455997 1.227866 -0.020933
v -0.453639 0.981686 -0.009646
v -0.466582 0.996185 -0.015761
v -0.444775 0.995377 -0.021857
v -0.462910 0.986141 -0.013627
v -0.456204 0.987716 -0.019619
v -0.456642 0.995823 -0.022261
v -0.447490 0.985570 -0.017937
v -0.490157 0.997669 0.042016
v -0.498326 0.983132 0.031048
v -0.497295 0.983132 0.053681
v -0.496335 0.993173 0.034279
v -0.499705 0.991103 0.042451
v -0.501383 0.982893 0.042527
v -0.495607 0.993173 0.050283
v -0.465303 0.748773 0.040884
v -0.475224 0.762102 0.052676
v -0.476254 0.762102 0.030043
v -0.471567 0.752439 0.049188
v -0.476027 0.753985 0.041372
v -0.479311 0.761864 0.041522
v -0.472296 0.752439 0.033184
v -0.452682 1.000025 0.089049
v -0.464929 0.985166 0.094302
v -0.443133 0.986601 0.100318
v -0.461732 0.995302 0.092797
v -0.454929 0.993918 0.098647
v -0.454980 0.985810 0.100765
v -0.446320 0.996317 0.097051
v -0.433867 0.750749 0.080338
v -0.426424 0.765235 0.092582
v -0.448221 0.763800 0.086566
v -0.428122 0.755216 0.088625
v -0.437004 0.756438 0.090348
v -0.438271 0.764444 0.093030
v -0.443534 0.754201 0.084372
v -0.396477 1.003837 0.067873
v -0.394590 0.989893 0.082029
v -0.382150 0.990780 0.063113
v -0.395515 0.999762 0.077909
v -0.387773 0.998472 0.073345
v -0.385384 0.990530 0.074544
v -0.386718 1.000389 0.064534
v -0.386719 0.753947 0.062574
v -0.373485 0.768868 0.058408
v -0.385925 0.767981 0.077323
v -0.377280 0.758694 0.059409
v -0.378477 0.760407 0.068297
v -0.376719 0.768618 0.069838
v -0.386077 0.758067 0.072784
v -0.399215 1.003837 0.007751
v -0.384515 0.990780 0.011189
v -0.398623 0.989893 -0.006517
v -0.389193 1.000389 0.010189
v -0.391045 0.998472 0.001511
v -0.388775 0.990530 0.000100
v -0.399169 0.999762 -0.002331
v -0.389016 0.753947 0.012141
v -0.389566 0.767981 -0.002619
v -0.375458 0.768868 0.015087
v -0.389304 0.758067 0.001915
v -0.381328 0.760407 0.005693
v -0.379717 0.768618 0.003998
v -0.379328 0.758694 0.014435
v -0.457112 1.000025 -0.008229
v -0.448627 0.986601 -0.020319
v -0.469786 0.985166 -0.012347
v -0.451504 0.996317 -0.016776
v -0.460222 0.993918 -0.017583
v -0.460466 0.985810 -0.019688
v -0.466466 0.995302 -0.011139
v -0.437583 0.750750 -0.001264
v -0.452444 0.763800 -0.006162
v -0.431284 0.765235 -0.014134
v -0.447577 0.754201 -0.004402
v -0.441617 0.756438 -0.010948
v -0.443123 0.764444 -0.013503
v -0.432615 0.755216 -0.010039
v -0.466463 0.766799 0.040894
v -0.473958 0.751931 0.029889
v -0.472950 0.751931 0.052523
v -0.472425 0.762045 0.033142
v -0.475706 0.759809 0.041306
v -0.477012 0.751531 0.041364
v -0.471712 0.762045 0.049147
v -0.430418 0.519279 0.039289
v -0.440940 0.532123 0.051097
v -0.441948 0.532123 0.028463
v -0.436849 0.522641 0.047594
v -0.441366 0.524001 0.039777
v -0.445002 0.531724 0.039938
v -0.437562 0.522641 0.031589
v -0.435185 0.770109 0.080385
v -0.446755 0.754703 0.085595
v -0.425052 0.757106 0.091637
v -0.444017 0.764975 0.084114
v -0.437164 0.763887 0.089968
v -0.436851 0.755781 0.092070
v -0.428670 0.766675 0.088386
v -0.405149 0.521953 0.071193
v -0.398378 0.536734 0.083474
v -0.420082 0.534330 0.077432
v -0.399618 0.526656 0.079495
v -0.408549 0.527474 0.081211
v -0.410178 0.535408 0.083907
v -0.414965 0.524957 0.075223
v -0.388212 0.775464 0.062676
v -0.385713 0.761591 0.076806
v -0.373308 0.763076 0.057906
v -0.387077 0.771416 0.072706
v -0.379281 0.770486 0.068147
v -0.376538 0.762657 0.069332
v -0.378305 0.772466 0.059341
v -0.367199 0.526279 0.056886
v -0.354647 0.541790 0.052764
v -0.367053 0.540305 0.071664
v -0.357982 0.531453 0.053741
v -0.359263 0.533092 0.062631
v -0.357878 0.541371 0.064190
v -0.366753 0.530403 0.067105
v -0.390459 0.775464 0.012241
v -0.375189 0.763076 0.015668
v -0.389226 0.761591 -0.002055
v -0.380295 0.772467 0.014683
v -0.382050 0.770486 0.005998
v -0.379423 0.762657 0.004574
v -0.390220 0.771416 0.002151
v -0.369015 0.526279 0.016140
v -0.370182 0.540305 0.001407
v -0.356146 0.541790 0.019130
v -0.369479 0.530403 0.005922
v -0.361620 0.533092 0.009713
v -0.360379 0.541371 0.008036
v -0.359553 0.531453 0.018454
v -0.438820 0.770109 -0.001221
v -0.429727 0.757106 -0.013329
v -0.450808 0.754703 -0.005382
v -0.433042 0.766675 -0.009769
v -0.441643 0.763887 -0.010590
v -0.441519 0.755781 -0.012711
v -0.447949 0.764975 -0.004150
v -0.408085 0.521953 0.005264
v -0.423514 0.534330 0.000377
v -0.402434 0.536734 -0.007570
v -0.418222 0.524957 0.002123
v -0.412363 0.527474 -0.004412
v -0.414225 0.535408 -0.006953
v -0.403315 0.526656 -0.003497
v -0.089474 1.621264 0.100732
v -0.084863 1.636057 0.113761
v -0.104338 1.634675 0.097716
v -0.086140 1.625983 0.110350
v -0.095263 1.627400 0.107229
v -0.096650 1.635466 0.108218
v -0.099911 1.625005 0.099004
v -0.075310 1.839899 0.064703
v -0.091963 1.825691 0.066239
v -0.072488 1.827074 0.082284
v -0.086013 1.835678 0.066368
v -0.082136 1.834446 0.073458
v -0.083809 1.826796 0.076148
v -0.074573 1.836490 0.075793
v -0.141873 1.613400 -0.012879
v -0.149962 1.627828 -0.001205
v -0.149521 1.626354 -0.026428
v -0.147551 1.617856 -0.004287
v -0.150884 1.619053 -0.013367
v -0.152958 1.627015 -0.013868
v -0.147239 1.616813 -0.022123
v -0.116827 1.833668 -0.025314
v -0.127639 1.818797 -0.037293
v -0.128080 1.820271 -0.012069
v -0.124571 1.828987 -0.032612
v -0.127615 1.827621 -0.025149
v -0.130340 1.819813 -0.024741
v -0.124830 1.829853 -0.017795
v -0.085534 1.608087 -0.124738
v -0.100466 1.621728 -0.123825
v -0.080442 1.621272 -0.139233
v -0.096016 1.611983 -0.123823
v -0.091081 1.613413 -0.132104
v -0.092416 1.621306 -0.134072
v -0.081857 1.611660 -0.134718
v -0.072188 1.829458 -0.113944
v -0.068782 1.814679 -0.129802
v -0.088806 1.815135 -0.114394
v -0.071072 1.824783 -0.124529
v -0.078716 1.823009 -0.122236
v -0.080310 1.815095 -0.124074
v -0.082835 1.825051 -0.115477
v 0.037119 1.609325 -0.150614
v 0.026352 1.622350 -0.161763
v 0.050881 1.623255 -0.155754
v 0.029656 1.612786 -0.158244
v 0.039114 1.614728 -0.159570
v 0.039387 1.622636 -0.161879
v 0.047001 1.613427 -0.153995
v 0.024994 1.830439 -0.134446
v 0.040288 1.816438 -0.141628
v 0.015759 1.815532 -0.147638
v 0.034198 1.826232 -0.140167
v 0.027740 1.824084 -0.144694
v 0.028608 1.816194 -0.147052
v 0.019789 1.825700 -0.143697
v 0.133725 1.616182 -0.071021
v 0.134997 1.629226 -0.086452
v 0.145560 1.630811 -0.063550
v 0.134833 1.619661 -0.081631
v 0.141660 1.622006 -0.075084
v 0.143201 1.630005 -0.076348
v 0.142302 1.620782 -0.065436
v 0.101538 1.835873 -0.071382
v 0.117439 1.822750 -0.063865
v 0.106876 1.821164 -0.086767
v 0.111969 1.832243 -0.067751
v 0.111588 1.830036 -0.075613
v 0.114397 1.822284 -0.076372
v 0.105764 1.831312 -0.081205
v 0.131539 1.623495 0.054105
v 0.143656 1.637178 0.045398
v 0.132298 1.638250 0.067947
v 0.140314 1.627430 0.048325
v 0.139339 1.629769 0.057736
v 0.140851 1.637863 0.058113
v 0.132283 1.628188 0.064270
v 0.099806 1.841667 0.027760
v 0.104574 1.828861 0.044930
v 0.115931 1.827790 0.022380
v 0.103677 1.838289 0.038188
v 0.109690 1.836383 0.032989
v 0.112455 1.828777 0.034743
v 0.110349 1.837660 0.024942
v 0.032205 1.625756 0.130542
v 0.045809 1.640218 0.134501
v 0.021084 1.639969 0.139717
v 0.041972 1.630244 0.133765
v 0.033898 1.632169 0.138873
v 0.034107 1.640293 0.140253
v 0.024488 1.630067 0.137453
v 0.021101 1.843459 0.088323
v 0.011382 1.830170 0.102831
v 0.036107 1.830420 0.097615
v 0.015567 1.839818 0.097877
v 0.023475 1.838345 0.099332
v 0.024245 1.830786 0.102620
v 0.030091 1.839965 0.094813
v 0.056936 1.711294 -0.155511
v 0.056949 1.711995 -0.156071
v 0.058631 1.711957 -0.155519
v 0.056939 1.711500 -0.155907
v 0.057911 1.711569 -0.155839
v 0.058138 1.711968 -0.155913
v 0.058128 1.711473 -0.155517
v 0.058037 1.760583 -0.156021
v 0.058056 1.761282 -0.155460
v 0.059720 1.760544 -0.155469
v 0.058049 1.761077 -0.155856
v 0.059017 1.760965 -0.155788
v 0.059239 1.761050 -0.155466
v 0.059226 1.760556 -0.155863
v 0.057128 1.711250 -0.116632
v 0.058823 1.711912 -0.116640
v 0.057147 1.711949 -0.116071
v 0.058320 1.711428 -0.116638
v 0.058106 1.711524 -0.116313
v 0.058333 1.711923 -0.116241
v 0.057135 1.711455 -0.116236
v 0.058248 1.761237 -0.116580
v 0.058235 1.760537 -0.116021
v 0.059912 1.760500 -0.116590
v 0.058245 1.761032 -0.116185
v 0.059212 1.760920 -0.116262
v 0.059422 1.760511 -0.116191
v 0.059431 1.761006 -0.116587
v -0.059673 1.713906 -0.154933
v -0.061337 1.714643 -0.154924
v -0.059660 1.714606 -0.155492
v -0.060856 1.714137 -0.154927
v -0.060638 1.714224 -0.155251
v -0.060847 1.714633 -0.155322
v -0.059670 1.714111 -0.155329
v -0.058553 1.763893 -0.154881
v -0.058572 1.763194 -0.155442
v -0.060249 1.763231 -0.154874
v -0.058560 1.763689 -0.155278
v -0.059531 1.763620 -0.155200
v -0.059759 1.763220 -0.155272
v -0.059746 1.763715 -0.154876
v -0.059481 1.713861 -0.116054
v -0.059463 1.714561 -0.115493
v -0.061145 1.714599 -0.116044
v -0.059475 1.714066 -0.115657
v -0.060443 1.714178 -0.115725
v -0.060651 1.714587 -0.115651
v -0.060664 1.714093 -0.116047
v -0.058362 1.763849 -0.116002
v -0.060057 1.763187 -0.115994
v -0.058374 1.763148 -0.115443
v -0.059554 1.763670 -0.115996
v -0.059336 1.763574 -0.115674
v -0.059563 1.763175 -0.115601
v -0.058364 1.763643 -0.115606
v 0.075671 1.811989 0.009935
v 0.075387 1.827946 0.021812
v 0.069087 1.827946 0.000046
v 0.073629 1.817803 0.018867
v 0.068451 1.820748 0.012025
v 0.068973 1.829086 0.011874
v 0.069174 1.817803 0.003475
v 0.128589 1.955240 -0.005380
v 0.112347 1.945054 -0.012474
v 0.118647 1.945054 0.009292
v 0.119263 1.953396 -0.011021
v 0.117287 1.952950 -0.002109
v 0.112233 1.946194 -0.000646
v 0.123718 1.953397 0.004370
v 0.089425 1.803705 -0.031367
v 0.080240 1.821229 -0.033445
v 0.097919 1.814375 -0.045851
v 0.081117 1.810609 -0.032388
v 0.085822 1.810285 -0.040137
v 0.087123 1.818154 -0.042630
v 0.093618 1.805763 -0.041161
v 0.139910 1.948421 -0.039377
v 0.139191 1.932680 -0.052400
v 0.121511 1.939535 -0.039993
v 0.141405 1.942743 -0.048743
v 0.132413 1.943839 -0.047530
v 0.128395 1.936460 -0.049179
v 0.128904 1.947590 -0.039971
v 0.131613 1.790301 -0.029321
v 0.132128 1.803505 -0.044192
v 0.149354 1.799269 -0.030093
v 0.130251 1.794123 -0.039384
v 0.139103 1.793357 -0.037554
v 0.142796 1.800465 -0.039930
v 0.142432 1.791128 -0.029415
v 0.174637 1.937387 -0.037693
v 0.184526 1.919513 -0.036938
v 0.167300 1.923749 -0.051037
v 0.183156 1.930352 -0.037340
v 0.178808 1.929098 -0.045280
v 0.177968 1.920709 -0.046775
v 0.170975 1.933348 -0.047309
v 0.143932 1.790301 0.013245
v 0.159343 1.799269 0.004423
v 0.152310 1.803505 0.025543
v 0.153129 1.791128 0.007546
v 0.154661 1.793357 0.016205
v 0.159053 1.800465 0.016242
v 0.148156 1.794123 0.022481
v 0.184777 1.937387 -0.002655
v 0.185701 1.923749 0.012544
v 0.192734 1.919513 -0.008576
v 0.186817 1.933348 0.007430
v 0.192356 1.929098 0.001531
v 0.192444 1.920709 0.003243
v 0.191791 1.930352 -0.007504
v 0.109358 1.803705 0.037507
v 0.124275 1.814374 0.045216
v 0.102702 1.821229 0.044170
v 0.118134 1.805763 0.043548
v 0.110996 1.810286 0.046846
v 0.113428 1.818154 0.048259
v 0.102880 1.810609 0.042808
v 0.156318 1.948421 0.017315
v 0.141092 1.939535 0.027663
v 0.162665 1.932680 0.028709
v 0.147330 1.947590 0.023696
v 0.154334 1.943839 0.028212
v 0.151818 1.936460 0.031752
v 0.162584 1.942743 0.024435
v 0.127078 1.949238 -0.005722
v 0.129589 1.965587 0.005331
v 0.123898 1.965587 -0.016602
v 0.125987 1.955816 0.002838
v 0.121625 1.959311 -0.004308
v 0.123738 1.967377 -0.004856
v 0.121963 1.955816 -0.012672
v 0.206793 2.078750 -0.026405
v 0.189065 2.071463 -0.033510
v 0.194756 2.071463 -0.011576
v 0.197417 2.078406 -0.032249
v 0.195191 2.078834 -0.023394
v 0.188905 2.073253 -0.021764
v 0.201441 2.078406 -0.016739
v 0.137647 1.938530 -0.038951
v 0.132038 1.957340 -0.042196
v 0.148352 1.946577 -0.053663
v 0.130841 1.946822 -0.040585
v 0.135570 1.945183 -0.048151
v 0.138410 1.952511 -0.050988
v 0.142376 1.939211 -0.048693
v 0.215091 2.070343 -0.052494
v 0.211663 2.054334 -0.064734
v 0.195349 2.065097 -0.053267
v 0.215681 2.063978 -0.061512
v 0.207040 2.066828 -0.060649
v 0.201721 2.060268 -0.062059
v 0.204145 2.071588 -0.053404
v 0.169569 1.921205 -0.035589
v 0.172939 1.933232 -0.051073
v 0.188713 1.926580 -0.036226
v 0.169192 1.924657 -0.045869
v 0.177689 1.922323 -0.043714
v 0.182728 1.928458 -0.046320
v 0.180345 1.919953 -0.035370
v 0.240154 2.056740 -0.049854
v 0.246417 2.037380 -0.047888
v 0.230643 2.044032 -0.062735
v 0.247158 2.048244 -0.048873
v 0.242830 2.047404 -0.056879
v 0.240432 2.039258 -0.057982
v 0.236004 2.052947 -0.059372
v 0.178729 1.921205 -0.000282
v 0.195768 1.926580 -0.009032
v 0.189203 1.933232 0.011611
v 0.188040 1.919953 -0.005711
v 0.189776 1.922323 0.002871
v 0.195446 1.928458 0.002698
v 0.183398 1.924657 0.008885
v 0.247347 2.056740 -0.022133
v 0.245298 2.044032 -0.006253
v 0.251863 2.037380 -0.026895
v 0.248347 2.052947 -0.011798
v 0.253101 2.047404 -0.017295
v 0.251541 2.039258 -0.015166
v 0.252990 2.048244 -0.026395
v 0.152469 1.938530 0.018177
v 0.168976 1.946576 0.025828
v 0.149145 1.957340 0.023739
v 0.161338 1.939211 0.024391
v 0.155126 1.945183 0.027226
v 0.158988 1.952511 0.028324
v 0.147316 1.946822 0.022914
v 0.226728 2.070343 -0.007640
v 0.209853 2.065097 0.002634
v 0.229684 2.054334 0.004722
v 0.217606 2.071589 -0.001524
v 0.223658 2.066828 0.003400
v 0.219696 2.060268 0.007218
v 0.231628 2.063978 -0.000047
v 0.203328 2.071460 -0.024655
v 0.208922 2.087639 -0.014520
v 0.202275 2.087639 -0.036183
v 0.203701 2.078479 -0.016389
v 0.199617 2.082329 -0.023516
v 0.202956 2.089920 -0.024540
v 0.199000 2.078479 -0.031707
v 0.301537 2.185489 -0.054788
v 0.282561 2.180858 -0.060817
v 0.289208 2.180858 -0.039154
v 0.291959 2.186414 -0.060230
v 0.290251 2.187563 -0.051325
v 0.283242 2.183139 -0.049175
v 0.296659 2.186414 -0.044911
v 0.208945 2.060746 -0.050614
v 0.206249 2.080061 -0.054545
v 0.220086 2.066345 -0.066115
v 0.203473 2.069949 -0.052377
v 0.207519 2.067257 -0.060037
v 0.211351 2.073908 -0.063338
v 0.213258 2.060251 -0.060558
v 0.305616 2.177707 -0.073643
v 0.299115 2.161962 -0.084942
v 0.285278 2.175677 -0.073372
v 0.304762 2.170960 -0.082357
v 0.296734 2.175196 -0.081290
v 0.290380 2.169524 -0.082165
v 0.294977 2.180658 -0.074175
v 0.231626 2.043412 -0.048316
v 0.236130 2.054084 -0.064490
v 0.251329 2.045607 -0.049978
v 0.231318 2.046448 -0.058729
v 0.239428 2.042870 -0.056804
v 0.245249 2.048000 -0.059904
v 0.242065 2.040454 -0.048467
v 0.322091 2.165117 -0.071974
v 0.325284 2.145101 -0.069319
v 0.310085 2.153578 -0.083831
v 0.327694 2.155653 -0.070861
v 0.322915 2.155187 -0.078637
v 0.319205 2.147494 -0.079245
v 0.316947 2.161647 -0.081122
v 0.240027 2.043412 -0.020937
v 0.257271 2.045607 -0.030611
v 0.252827 2.054084 -0.010072
v 0.248754 2.040454 -0.026666
v 0.251247 2.042870 -0.018285
v 0.257805 2.048000 -0.018984
v 0.245612 2.046448 -0.012143
v 0.328192 2.165117 -0.052087
v 0.324903 2.153578 -0.035538
v 0.329347 2.145101 -0.056077
v 0.329065 2.161647 -0.041628
v 0.332612 2.155187 -0.047033
v 0.329881 2.147494 -0.044449
v 0.332207 2.155653 -0.056152
v 0.222538 2.060746 -0.006313
v 0.240456 2.066345 0.000272
v 0.222510 2.080061 -0.001546
v 0.231686 2.060251 -0.000499
v 0.226642 2.067257 0.002288
v 0.231666 2.073908 0.002872
v 0.218996 2.069949 -0.001784
v 0.315489 2.177707 -0.041466
v 0.298499 2.175677 -0.030283
v 0.316444 2.161962 -0.028465
v 0.306979 2.180658 -0.035058
v 0.312424 2.175196 -0.030153
v 0.307655 2.169524 -0.025865
v 0.319669 2.170960 -0.033772
v 0.298844 2.177588 -0.051066
v 0.308911 2.193301 -0.045823
v 0.298034 2.193301 -0.062388
v 0.301950 2.185435 -0.044724
v 0.297098 2.189965 -0.049920
v 0.301378 2.196546 -0.052730
v 0.294259 2.185435 -0.056437
v 0.402678 2.262151 -0.119246
v 0.382503 2.262094 -0.117853
v 0.393380 2.262094 -0.101288
v 0.392421 2.265380 -0.120893
v 0.392747 2.267863 -0.112725
v 0.385847 2.265339 -0.108194
v 0.400112 2.265380 -0.109180
v 0.298229 2.164766 -0.070044
v 0.297452 2.181157 -0.080362
v 0.307578 2.165473 -0.087011
v 0.293654 2.172815 -0.075117
v 0.296063 2.168379 -0.081868
v 0.300264 2.173315 -0.087114
v 0.300814 2.161725 -0.079818
v 0.402405 2.256452 -0.127682
v 0.392324 2.240061 -0.133899
v 0.382199 2.255744 -0.127250
v 0.399298 2.248403 -0.134307
v 0.392027 2.252839 -0.134962
v 0.385011 2.247903 -0.134002
v 0.392139 2.259493 -0.129606
v 0.315400 2.151943 -0.061937
v 0.323839 2.153330 -0.079332
v 0.334716 2.153329 -0.062767
v 0.317714 2.149104 -0.071838
v 0.324968 2.146794 -0.068220
v 0.331373 2.150084 -0.072426
v 0.325405 2.149104 -0.060125
v 0.410036 2.250753 -0.124078
v 0.411703 2.233711 -0.113319
v 0.400827 2.233711 -0.129884
v 0.414872 2.242517 -0.118872
v 0.412145 2.237815 -0.125463
v 0.408360 2.230466 -0.122977
v 0.407181 2.242516 -0.130585
v 0.316014 2.164766 -0.042959
v 0.335298 2.165473 -0.044794
v 0.325173 2.181157 -0.038145
v 0.326010 2.161725 -0.041446
v 0.326003 2.168379 -0.036272
v 0.332486 2.173315 -0.038042
v 0.318850 2.172815 -0.036745
v 0.410309 2.256452 -0.115643
v 0.401883 2.255744 -0.097273
v 0.412008 2.240061 -0.103922
v 0.407995 2.259493 -0.105458
v 0.412865 2.252839 -0.103226
v 0.409196 2.247903 -0.097170
v 0.415155 2.248403 -0.110159
v 0.395517 2.257395 -0.114432
v 0.407610 2.269955 -0.111869
v 0.397325 2.269955 -0.126661
v 0.399988 2.264502 -0.109782
v 0.396331 2.268763 -0.114998
v 0.401266 2.273384 -0.118429
v 0.392715 2.264502 -0.120242
v 0.511686 2.308005 -0.195207
v 0.493796 2.311984 -0.193740
v 0.504082 2.311984 -0.178948
v 0.503114 2.312599 -0.197005
v 0.504175 2.315746 -0.189984
v 0.497737 2.315413 -0.185508
v 0.510387 2.312599 -0.186546
v 0.393280 2.249117 -0.123839
v 0.395281 2.262394 -0.135253
v 0.401088 2.245825 -0.139291
v 0.390535 2.256438 -0.129406
v 0.391592 2.251227 -0.134925
v 0.396057 2.254110 -0.140332
v 0.394642 2.244721 -0.132261
v 0.511686 2.308005 -0.195207
v 0.499418 2.294728 -0.198558
v 0.493611 2.311297 -0.194520
v 0.507167 2.300684 -0.200085
v 0.501512 2.305895 -0.201179
v 0.494386 2.303013 -0.199600
v 0.503061 2.312401 -0.197230
v 0.401319 2.240840 -0.118466
v 0.408431 2.238264 -0.134383
v 0.418716 2.238264 -0.119592
v 0.402474 2.236657 -0.127027
v 0.408622 2.233692 -0.123544
v 0.414776 2.234835 -0.127823
v 0.409746 2.236657 -0.116568
v 0.511686 2.308005 -0.195207
v 0.510370 2.294041 -0.183320
v 0.500085 2.294041 -0.198112
v 0.514632 2.300486 -0.189497
v 0.511080 2.296043 -0.194785
v 0.506429 2.290612 -0.191552
v 0.507359 2.300486 -0.199957
v 0.403556 2.249117 -0.109060
v 0.420760 2.245825 -0.110999
v 0.414953 2.262394 -0.106962
v 0.411926 2.244721 -0.107404
v 0.413361 2.251227 -0.103617
v 0.419985 2.254110 -0.105920
v 0.407820 2.256438 -0.104548
v 0.511686 2.308005 -0.195207
v 0.504749 2.311297 -0.178502
v 0.510556 2.294728 -0.182540
v 0.510579 2.312401 -0.186417
v 0.513742 2.305895 -0.183590
v 0.509780 2.303013 -0.177460
v 0.514686 2.300684 -0.189272
v 0.297054 2.163457 -0.057494
v 0.285479 2.176179 -0.048675
v 0.287422 2.176179 -0.068401
v 0.289214 2.166657 -0.051224
v 0.285420 2.167904 -0.058640
v 0.282403 2.175653 -0.058937
v 0.290588 2.166657 -0.065173
v 0.290411 2.273510 -0.058148
v 0.282468 2.258251 -0.068889
v 0.280525 2.258251 -0.049163
v 0.284440 2.268515 -0.065778
v 0.279491 2.266131 -0.059224
v 0.277450 2.257725 -0.059425
v 0.283066 2.268515 -0.051830
v 0.308122 2.164766 -0.066654
v 0.297431 2.177362 -0.076685
v 0.316994 2.179905 -0.074757
v 0.301341 2.167928 -0.074071
v 0.308448 2.170627 -0.077698
v 0.307615 2.178634 -0.079802
v 0.315174 2.169727 -0.072709
v 0.293342 2.273857 -0.060573
v 0.305972 2.261260 -0.070223
v 0.286409 2.258717 -0.072150
v 0.301495 2.270694 -0.067081
v 0.295256 2.267995 -0.072271
v 0.296592 2.259988 -0.075268
v 0.287662 2.268896 -0.068444
v 0.317190 2.166074 -0.055510
v 0.325194 2.181089 -0.064680
v 0.323251 2.181089 -0.044954
v 0.323984 2.170998 -0.061883
v 0.327314 2.173350 -0.054512
v 0.328269 2.181615 -0.054418
v 0.322609 2.170998 -0.047934
v 0.295743 2.274203 -0.057623
v 0.307257 2.261726 -0.046529
v 0.309200 2.261726 -0.066256
v 0.302760 2.271075 -0.049889
v 0.308172 2.269859 -0.056398
v 0.312276 2.262252 -0.055994
v 0.304134 2.271075 -0.063838
v 0.306122 2.164766 -0.046350
v 0.313242 2.179905 -0.036670
v 0.293679 2.177362 -0.038598
v 0.311857 2.169727 -0.039035
v 0.304286 2.170627 -0.035454
v 0.303058 2.178634 -0.033553
v 0.298023 2.167928 -0.040398
v 0.292812 2.273857 -0.055197
v 0.283753 2.258717 -0.045196
v 0.303317 2.261260 -0.043269
v 0.285705 2.268896 -0.048586
v 0.292407 2.267995 -0.043351
v 0.293133 2.259988 -0.040151
v 0.299539 2.270694 -0.047224
v 0.286815 2.265789 -0.058900
v 0.279939 2.276937 -0.052352
v 0.282201 2.276937 -0.067198
v 0.281273 2.269327 -0.054374
v 0.278980 2.270983 -0.060094
v 0.278010 2.277210 -0.060241
v 0.282873 2.269327 -0.064871
v 0.303758 2.374704 -0.056318
v 0.295880 2.364872 -0.065114
v 0.293618 2.364872 -0.050268
v 0.298860 2.372097 -0.062435
v 0.294544 2.371031 -0.057722
v 0.291690 2.365145 -0.058157
v 0.297261 2.372097 -0.051938
v 0.295331 2.265129 -0.065189
v 0.289876 2.276342 -0.072867
v 0.304665 2.275023 -0.070614
v 0.291138 2.268687 -0.070976
v 0.296978 2.269590 -0.073386
v 0.297739 2.275683 -0.074812
v 0.301595 2.267754 -0.069382
v 0.303758 2.374704 -0.056318
v 0.311469 2.363490 -0.063452
v 0.296681 2.364810 -0.065705
v 0.309548 2.371146 -0.061012
v 0.304719 2.370243 -0.065237
v 0.304543 2.364150 -0.067650
v 0.299091 2.372079 -0.062605
v 0.301587 2.264470 -0.056649
v 0.310304 2.274429 -0.062916
v 0.308042 2.274428 -0.048070
v 0.307668 2.267114 -0.061093
v 0.310200 2.268197 -0.055337
v 0.312232 2.274156 -0.055027
v 0.306068 2.267114 -0.050596
v 0.303758 2.374704 -0.056318
v 0.309795 2.363429 -0.047803
v 0.312057 2.363428 -0.062649
v 0.308117 2.371128 -0.050283
v 0.312195 2.369456 -0.055033
v 0.313986 2.363155 -0.054760
v 0.309717 2.371128 -0.060781
v 0.293071 2.265129 -0.050360
v 0.300366 2.275023 -0.042402
v 0.285578 2.276343 -0.044655
v 0.297803 2.267754 -0.044491
v 0.292202 2.269590 -0.042045
v 0.292504 2.275683 -0.040457
v 0.287346 2.268687 -0.046085
v 0.303758 2.374704 -0.056318
v 0.294206 2.364810 -0.049465
v 0.308995 2.363490 -0.047212
v 0.297430 2.372079 -0.051707
v 0.302019 2.370243 -0.047518
v 0.301133 2.364150 -0.045268
v 0.307887 2.371146 -0.050113
v -0.085920 1.815748 0.003390
v -0.082962 1.831996 -0.007701
v -0.085205 1.831996 0.014847
v -0.081349 1.822004 -0.004206
v -0.079417 1.825261 0.004037
v -0.080843 1.833493 0.003895
v -0.082935 1.822004 0.011738
v -0.155691 1.952274 -0.003550
v -0.142243 1.943607 0.009173
v -0.140000 1.943607 -0.013375
v -0.148976 1.951233 0.005168
v -0.143806 1.951257 -0.002368
v -0.137881 1.945104 -0.001779
v -0.147390 1.951233 -0.010776
v -0.113018 1.804866 0.036722
v -0.107177 1.823173 0.041875
v -0.127354 1.814169 0.046904
v -0.106464 1.812555 0.040681
v -0.113640 1.811519 0.046133
v -0.116602 1.819134 0.047881
v -0.120732 1.806189 0.044237
v -0.177996 1.943317 0.023886
v -0.180474 1.927354 0.036411
v -0.160297 1.936357 0.031381
v -0.182236 1.937240 0.032088
v -0.173606 1.939291 0.034287
v -0.169722 1.932318 0.037388
v -0.167969 1.943606 0.028531
v -0.149764 1.787260 0.019305
v -0.157151 1.799893 0.032782
v -0.167378 1.794329 0.013342
v -0.152640 1.790901 0.029114
v -0.160049 1.789282 0.024137
v -0.165095 1.795900 0.024897
v -0.159871 1.786967 0.015368
v -0.208243 1.928825 0.009550
v -0.215185 1.910058 0.005367
v -0.204958 1.915623 0.024807
v -0.215225 1.920964 0.006134
v -0.214018 1.919928 0.015134
v -0.212902 1.911629 0.016922
v -0.207993 1.924899 0.019880
v -0.145378 1.787260 -0.024791
v -0.163821 1.794329 -0.022414
v -0.149965 1.799893 -0.039458
v -0.156062 1.786967 -0.022922
v -0.154509 1.789283 -0.031554
v -0.159306 1.795900 -0.033293
v -0.146265 1.790901 -0.034974
v -0.204633 1.928825 -0.026747
v -0.198406 1.915623 -0.041058
v -0.212262 1.910058 -0.024014
v -0.202352 1.924899 -0.036826
v -0.209194 1.919928 -0.033359
v -0.207747 1.911629 -0.034893
v -0.212150 1.920964 -0.024774
v -0.105920 1.804866 -0.034627
v -0.117970 1.814170 -0.047434
v -0.099179 1.823173 -0.038528
v -0.112002 1.806189 -0.043514
v -0.104676 1.811519 -0.043976
v -0.107236 1.819134 -0.046273
v -0.098715 1.812556 -0.037217
v -0.172153 1.943317 -0.034844
v -0.153325 1.936357 -0.038705
v -0.172116 1.927354 -0.047611
v -0.161408 1.943606 -0.037422
v -0.165801 1.939291 -0.044176
v -0.161382 1.932318 -0.046451
v -0.174695 1.937240 -0.043720
v -0.153413 1.945886 -0.002341
v -0.152891 1.962206 -0.013707
v -0.155998 1.962206 0.008739
v -0.149702 1.952713 -0.009915
v -0.148698 1.956401 -0.001688
v -0.151530 1.964252 -0.002080
v -0.151899 1.952713 0.005957
v -0.245571 2.067950 -0.015099
v -0.231337 2.061994 -0.001691
v -0.228230 2.061994 -0.024136
v -0.239131 2.068253 -0.006120
v -0.233748 2.069050 -0.013462
v -0.226869 2.064041 -0.012510
v -0.236934 2.068253 -0.021991
v -0.174894 1.933642 0.024477
v -0.172543 1.952775 0.029395
v -0.191027 1.940468 0.033905
v -0.169944 1.942428 0.028484
v -0.177041 1.940246 0.033696
v -0.181352 1.947254 0.035151
v -0.183014 1.933725 0.031673
v -0.262436 2.058337 0.005956
v -0.262594 2.042407 0.018765
v -0.244109 2.054714 0.014255
v -0.265877 2.051755 0.014143
v -0.257831 2.055323 0.016604
v -0.252918 2.049193 0.020011
v -0.252807 2.060457 0.010954
v -0.201557 1.913831 0.009406
v -0.211564 1.925209 0.022297
v -0.219880 1.917603 0.002639
v -0.205412 1.917083 0.019014
v -0.212221 1.914106 0.013811
v -0.218369 1.919750 0.014228
v -0.211293 1.911705 0.005113
v -0.283370 2.042783 -0.005876
v -0.286763 2.023021 -0.009854
v -0.278447 2.030628 0.009804
v -0.288733 2.033764 -0.009352
v -0.287724 2.033112 -0.000292
v -0.285252 2.025169 0.001735
v -0.282852 2.039142 0.004548
v -0.196555 1.913832 -0.026725
v -0.216028 1.917603 -0.025191
v -0.202683 1.925209 -0.041850
v -0.207091 1.911705 -0.025239
v -0.205621 1.914107 -0.033862
v -0.211424 1.919750 -0.035934
v -0.197655 1.917083 -0.037019
v -0.279443 2.042783 -0.034244
v -0.270445 2.030627 -0.047997
v -0.283789 2.023021 -0.031338
v -0.276113 2.039142 -0.044136
v -0.282116 2.033112 -0.040801
v -0.279186 2.025169 -0.042080
v -0.285549 2.033764 -0.032356
v -0.166800 1.933642 -0.033985
v -0.179766 1.940468 -0.047442
v -0.163202 1.952775 -0.038080
v -0.172660 1.933725 -0.043118
v -0.166362 1.940246 -0.043441
v -0.170116 1.947254 -0.046013
v -0.160948 1.942428 -0.036497
v -0.256082 2.058337 -0.039945
v -0.236190 2.054714 -0.042952
v -0.252753 2.042407 -0.052314
v -0.245457 2.060457 -0.042138
v -0.248757 2.055323 -0.048941
v -0.243104 2.049193 -0.050885
v -0.257169 2.051755 -0.048758
v -0.241325 2.061167 -0.014700
v -0.243743 2.077052 -0.026430
v -0.246607 2.077052 -0.003952
v -0.238922 2.068349 -0.022470
v -0.238502 2.072352 -0.014340
v -0.242657 2.079582 -0.014870
v -0.240947 2.068349 -0.006576
v -0.353384 2.165063 -0.028978
v -0.338216 2.161988 -0.015624
v -0.335352 2.161988 -0.038102
v -0.347016 2.166692 -0.020091
v -0.341918 2.168235 -0.027517
v -0.334266 2.164518 -0.026542
v -0.344991 2.166692 -0.035985
v -0.256081 2.049283 0.006776
v -0.257045 2.068646 0.011240
v -0.273071 2.053433 0.016257
v -0.252696 2.058887 0.010525
v -0.259261 2.055634 0.015874
v -0.264711 2.061821 0.017229
v -0.264029 2.048130 0.014073
v -0.364102 2.156431 -0.013379
v -0.361379 2.141027 -0.000220
v -0.345352 2.156240 -0.005237
v -0.366276 2.149551 -0.005005
v -0.358950 2.154517 -0.002727
v -0.353018 2.149415 0.000752
v -0.354944 2.160308 -0.008553
v -0.274099 2.030056 -0.004441
v -0.285817 2.039832 0.008322
v -0.292858 2.030430 -0.011055
v -0.278376 2.032820 0.005141
v -0.284610 2.028583 0.000093
v -0.291640 2.033084 0.000464
v -0.283355 2.026171 -0.008561
v -0.377189 2.142466 -0.021526
v -0.377134 2.122325 -0.025023
v -0.370093 2.131728 -0.005645
v -0.380935 2.132572 -0.024734
v -0.379749 2.132323 -0.015675
v -0.375917 2.124980 -0.013504
v -0.375956 2.139221 -0.011032
v -0.270479 2.030056 -0.032850
v -0.290297 2.030430 -0.031151
v -0.278622 2.039832 -0.048144
v -0.280472 2.026171 -0.031182
v -0.279518 2.028583 -0.039875
v -0.286230 2.033084 -0.041996
v -0.272217 2.032820 -0.043198
v -0.374560 2.142466 -0.042161
v -0.363708 2.131728 -0.055756
v -0.375384 2.122325 -0.038763
v -0.370735 2.139221 -0.052012
v -0.375571 2.132323 -0.048468
v -0.371317 2.124980 -0.049608
v -0.378990 2.132572 -0.039996
v -0.250224 2.049283 -0.039191
v -0.264294 2.053433 -0.052629
v -0.250038 2.068646 -0.043753
v -0.256088 2.048130 -0.048247
v -0.251021 2.055634 -0.048795
v -0.255957 2.061821 -0.051473
v -0.246008 2.058887 -0.041971
v -0.359847 2.156431 -0.046767
v -0.339656 2.156240 -0.049947
v -0.353912 2.141027 -0.058822
v -0.349772 2.160308 -0.049142
v -0.352189 2.154517 -0.055787
v -0.345575 2.149415 -0.057666
v -0.359853 2.149550 -0.055418
v -0.349216 2.157943 -0.030256
v -0.357791 2.172748 -0.039368
v -0.355852 2.172748 -0.019647
v -0.350102 2.165838 -0.037209
v -0.348847 2.170490 -0.030292
v -0.354794 2.176306 -0.029707
v -0.348730 2.165838 -0.023263
v -0.483219 2.224656 -0.017075
v -0.464863 2.227018 -0.008924
v -0.466803 2.227018 -0.028646
v -0.475413 2.228906 -0.010802
v -0.472287 2.231944 -0.018150
v -0.463805 2.230577 -0.018984
v -0.476785 2.228906 -0.024747
v -0.355640 2.143883 -0.013345
v -0.361936 2.159431 -0.003630
v -0.371734 2.142233 -0.002666
v -0.355054 2.151999 -0.006618
v -0.359662 2.146820 -0.001823
v -0.366434 2.150832 0.000932
v -0.361982 2.139838 -0.005937
v -0.486074 2.218406 -0.009558
v -0.477842 2.202858 0.000414
v -0.468044 2.220056 -0.000550
v -0.485291 2.210290 -0.002357
v -0.479815 2.215469 0.001665
v -0.472542 2.211457 0.004013
v -0.478363 2.222451 -0.003038
v -0.365237 2.129823 -0.028680
v -0.380823 2.128917 -0.017191
v -0.382763 2.128917 -0.036912
v -0.371427 2.125999 -0.021031
v -0.375817 2.123151 -0.027639
v -0.383820 2.125359 -0.026852
v -0.372799 2.125999 -0.034976
v -0.490340 2.212157 -0.016374
v -0.484534 2.195896 -0.026901
v -0.482594 2.195896 -0.007180
v -0.491068 2.203835 -0.023343
v -0.491059 2.198995 -0.016303
v -0.485592 2.192337 -0.016841
v -0.489697 2.203835 -0.009397
v -0.358812 2.143883 -0.045591
v -0.376678 2.142233 -0.052929
v -0.366880 2.159431 -0.053892
v -0.366476 2.139838 -0.051621
v -0.365002 2.146820 -0.056108
v -0.372181 2.150832 -0.057491
v -0.359547 2.151999 -0.052303
v -0.487484 2.218406 -0.023891
v -0.471555 2.220056 -0.036239
v -0.481353 2.202858 -0.035275
v -0.481191 2.222451 -0.031788
v -0.483531 2.215469 -0.036118
v -0.476855 2.211457 -0.039838
v -0.488119 2.210290 -0.031106
v -0.473590 2.220974 -0.018263
v -0.484487 2.232831 -0.025419
v -0.481231 2.232831 -0.007700
v -0.476286 2.227980 -0.024244
v -0.475439 2.232229 -0.017923
v -0.481689 2.236364 -0.016775
v -0.473983 2.227980 -0.011714
v -0.616229 2.260320 0.007948
v -0.599686 2.265506 0.014067
v -0.602942 2.265506 -0.003653
v -0.609539 2.265372 0.013195
v -0.607857 2.268756 0.006409
v -0.600143 2.269039 0.004992
v -0.611841 2.265372 0.000665
v -0.474788 2.212445 -0.008892
v -0.482326 2.225040 0.000860
v -0.487982 2.207966 0.001899
v -0.475151 2.219670 -0.002584
v -0.477979 2.214160 0.001929
v -0.484480 2.216503 0.005046
v -0.479150 2.207597 -0.001850
v -0.616229 2.260320 0.007947
v -0.605440 2.247724 0.015883
v -0.599785 2.264798 0.014844
v -0.613566 2.253095 0.014154
v -0.609283 2.258605 0.017562
v -0.601939 2.256261 0.019030
v -0.609567 2.265168 0.013419
v -0.479240 2.203915 -0.017225
v -0.492048 2.200176 -0.005712
v -0.495304 2.200176 -0.023432
v -0.483487 2.199287 -0.009968
v -0.487410 2.196091 -0.015723
v -0.494846 2.196642 -0.014357
v -0.485790 2.199287 -0.022497
v -0.616229 2.260320 0.007948
v -0.609066 2.247017 -0.002528
v -0.605810 2.247017 0.015192
v -0.615975 2.252891 0.001425
v -0.614582 2.248453 0.007645
v -0.608608 2.243484 0.006547
v -0.613673 2.252891 0.013954
v -0.478041 2.212445 -0.026596
v -0.494209 2.207966 -0.031991
v -0.488554 2.225040 -0.033031
v -0.484622 2.207597 -0.031627
v -0.484870 2.214160 -0.035576
v -0.492055 2.216503 -0.036178
v -0.480623 2.219670 -0.032362
v -0.616229 2.260320 0.007948
v -0.603311 2.264798 -0.004344
v -0.608966 2.247724 -0.003305
v -0.611948 2.265168 0.000466
v -0.613155 2.258605 -0.003508
v -0.606812 2.256261 -0.007491
v -0.615947 2.253095 0.001200
v -0.348145 2.143622 -0.024828
v -0.335363 2.157372 -0.029427
v -0.344382 2.157372 -0.011775
v -0.338883 2.147544 -0.027966
v -0.338198 2.149248 -0.019745
v -0.336222 2.157267 -0.018736
v -0.345261 2.147544 -0.015484
v -0.352311 2.253778 -0.026956
v -0.347489 2.239521 -0.013363
v -0.338470 2.239521 -0.031014
v -0.349116 2.249497 -0.017454
v -0.341916 2.247566 -0.021645
v -0.339329 2.239416 -0.020323
v -0.342739 2.249497 -0.029936
v -0.361868 2.143883 -0.020384
v -0.356791 2.157609 -0.007757
v -0.374436 2.158117 -0.016772
v -0.358592 2.147798 -0.011167
v -0.366748 2.149792 -0.010499
v -0.367479 2.157862 -0.008613
v -0.371069 2.148157 -0.017542
v -0.355945 2.253847 -0.025780
v -0.370019 2.240122 -0.020797
v -0.352374 2.239614 -0.011781
v -0.365587 2.249933 -0.022536
v -0.361462 2.247939 -0.015315
v -0.363062 2.239868 -0.012637
v -0.353110 2.249573 -0.016161
v -0.366307 2.144145 -0.034108
v -0.378451 2.158353 -0.029183
v -0.369432 2.158353 -0.046834
v -0.375382 2.148411 -0.030875
v -0.375985 2.150336 -0.039053
v -0.377592 2.158458 -0.039873
v -0.369005 2.148411 -0.043356
v -0.357120 2.253917 -0.029414
v -0.362581 2.240215 -0.043333
v -0.371600 2.240215 -0.025682
v -0.360502 2.250009 -0.039011
v -0.367785 2.248311 -0.034863
v -0.370741 2.240320 -0.036373
v -0.366879 2.250009 -0.026530
v -0.352585 2.143883 -0.038552
v -0.357023 2.158117 -0.050853
v -0.339378 2.157609 -0.041837
v -0.355674 2.148157 -0.047673
v -0.347435 2.149792 -0.048299
v -0.346335 2.157862 -0.049996
v -0.343197 2.147798 -0.041298
v -0.353487 2.253847 -0.030590
v -0.340051 2.239614 -0.035900
v -0.357696 2.240122 -0.044916
v -0.344031 2.249573 -0.033930
v -0.348240 2.247939 -0.041193
v -0.347008 2.239868 -0.044059
v -0.356509 2.249932 -0.040305
v -0.348561 2.246382 -0.024536
v -0.340628 2.258011 -0.028573
v -0.348261 2.258011 -0.015641
v -0.342024 2.250340 -0.026843
v -0.342168 2.252273 -0.020763
v -0.341812 2.258563 -0.020553
v -0.347421 2.250340 -0.017698
v -0.371747 2.353300 -0.038221
v -0.366982 2.344334 -0.026690
v -0.359348 2.344334 -0.039622
v -0.369299 2.351226 -0.030611
v -0.363467 2.350486 -0.033334
v -0.360532 2.344886 -0.031602
v -0.363902 2.351226 -0.039756
v -0.358729 2.245050 -0.021829
v -0.357427 2.256810 -0.013200
v -0.370154 2.254142 -0.020712
v -0.357291 2.249047 -0.015071
v -0.363659 2.249457 -0.015041
v -0.365369 2.255476 -0.014281
v -0.366290 2.247160 -0.020382
v -0.371747 2.353300 -0.038221
v -0.380664 2.341540 -0.033947
v -0.367937 2.344208 -0.026435
v -0.378574 2.349303 -0.035850
v -0.375617 2.348894 -0.030099
v -0.375880 2.342874 -0.027516
v -0.369574 2.351190 -0.030538
v -0.361273 2.243717 -0.032039
v -0.372447 2.252941 -0.029915
v -0.364814 2.252941 -0.042848
v -0.368759 2.245867 -0.030293
v -0.369035 2.246640 -0.036621
v -0.371263 2.252389 -0.037936
v -0.363362 2.245867 -0.039438
v -0.371747 2.353300 -0.038221
v -0.373270 2.341415 -0.047839
v -0.380903 2.341415 -0.034907
v -0.373245 2.349267 -0.045271
v -0.378657 2.347301 -0.042300
v -0.379720 2.340863 -0.042927
v -0.378642 2.349267 -0.036126
v -0.351104 2.245050 -0.034747
v -0.355648 2.254142 -0.045289
v -0.342921 2.256810 -0.037777
v -0.353492 2.247160 -0.042065
v -0.347545 2.249456 -0.042343
v -0.347706 2.255476 -0.044208
v -0.344493 2.249047 -0.036754
v -0.371747 2.353300 -0.038221
v -0.359587 2.344208 -0.040582
v -0.372314 2.341540 -0.048094
v -0.363971 2.351190 -0.040032
v -0.366507 2.348894 -0.045535
v -0.364372 2.342875 -0.047013
v -0.372970 2.349303 -0.045344
vn 0.0022 0.8763 0.4818
vn 0.3273 0.9084 -0.2602
vn -0.3323 0.8987 -0.2861
vn -0.0683 -0.0170 -0.9975
vn -0.4156 0.4946 -0.7633
vn 0.1854 0.5732 -0.7982
vn -0.4411 0.5101 0.7384
vn -0.7518 0.6594 0.0045
vn -0.9661 0.0829 0.2444
vn -0.5297 -0.2620 -0.8067
vn -0.9220 -0.2729 -0.2746
vn -0.8125 0.2738 -0.5146
vn -0.1572 0.0065 0.9875
vn -0.7572 -0.3337 0.5615
vn -0.2432 -0.7432 0.6233
vn -0.3817 -0.7369 -0.5579
vn -0.2189 -0.9750 0.0371
vn -0.7426 -0.6697 0.0057
vn 0.4615 0.0613 0.8850
vn 0.3184 -0.6985 0.6409
vn 0.8374 -0.4380 0.3269
vn 0.1711 -0.7854 -0.5949
vn 0.7222 -0.6414 -0.2590
vn 0.2985 -0.9534 0.0438
vn 0.5600 0.5989 0.5725
vn 0.9887 0.0692 0.1331
vn 0.7823 0.5767 -0.2352
vn 0.3648 -0.3405 -0.8666
vn 0.6006 0.2669 -0.7537
vn 0.8720 -0.1853 -0.4530
vn -0.5700 0.8202 -0.0477
vn -0.1603 0.7291 0.6654
vn -0.6005 0.3872 -0.6996
vn -0.3262 -0.1905 -0.9259
vn 0.2293 0.7598 -0.6083
vn -0.3626 0.7598 -0.5396
vn -0.9983 -0.0583 -0.0075
vn -0.8471 0.4369 -0.3025
vn -0.8545 -0.1118 0.5074
vn -0.2799 0.3369 0.8989
vn -0.8621 -0.4701 -0.1890
vn -0.4364 -0.5516 -0.7108
vn -0.2732 -0.8869 0.3724
vn -0.7718 -0.5808 0.2589
vn 0.0837 -0.6878 0.7211
vn 0.1148 0.0946 0.9889
vn 0.0009 -1.0000 0.0076
vn -0.0729 -0.7748 -0.6280
vn 0.8105 -0.5808 0.0752
vn 0.3513 -0.8869 0.2999
vn 0.9480 -0.1118 0.2981
vn 0.4784 0.3369 0.8109
vn 0.7959 -0.4701 -0.3815
vn 0.2620 -0.5516 -0.7919
vn 0.7553 0.4369 -0.4885
vn 0.9700 -0.0583 -0.2360
vn 0.5439 0.8202 -0.1770
vn 0.3084 0.7291 0.6110
vn 0.4242 0.3872 -0.8186
vn 0.1054 -0.1905 -0.9760
vn 0.1008 0.4862 0.8680
vn -0.6366 0.6462 -0.4208
vn 0.5233 0.6462 -0.5555
vn -0.1008 -0.4862 -0.8680
vn -0.9328 -0.3243 0.1572
vn 0.0441 -0.9240 0.3797
vn 0.9440 -0.3243 -0.0607
vn -0.0129 0.9617 0.2737
vn 0.2888 0.8352 -0.4681
vn -0.3706 0.8027 -0.4672
vn -0.0973 -0.2420 -0.9654
vn -0.4544 0.2999 -0.8388
vn 0.1423 0.3843 -0.9122
vn -0.4358 0.6510 0.6215
vn -0.7730 0.6239 -0.1154
vn -0.9607 0.1105 0.2548
vn -0.5443 -0.4499 -0.7080
vn -0.9201 -0.3514 -0.1729
vn -0.8361 0.1302 -0.5328
vn -0.1279 0.2236 0.9662
vn -0.7286 -0.2189 0.6490
vn -0.1995 -0.5907 0.7819
vn -0.3732 -0.8529 -0.3651
vn -0.1849 -0.9473 0.2617
vn -0.7193 -0.6704 0.1821
vn 0.4853 0.2702 0.8316
vn 0.3605 -0.5285 0.7686
vn 0.8610 -0.3317 0.3857
vn 0.1796 -0.8940 -0.4104
vn 0.7352 -0.6641 -0.1355
vn 0.3314 -0.9112 0.2446
vn 0.5564 0.7263 0.4036
vn 0.9893 0.1230 0.0782
vn 0.7552 0.5295 -0.3863
vn 0.3501 -0.5165 -0.7815
vn 0.5687 0.1067 -0.8156
vn 0.8639 -0.2594 -0.4317
vn -0.5984 0.7735 -0.2088
vn -0.1648 0.8553 0.4913
vn -0.6336 0.2048 -0.7461
vn -0.3470 -0.4016 -0.8475
vn 0.1856 0.6098 -0.7705
vn -0.4037 0.6098 -0.6820
vn -0.9955 -0.0845 0.0421
vn -0.8699 0.3358 -0.3613
vn -0.8348 -0.0174 0.5503
vn -0.2643 0.5225 0.8107
vn -0.8511 -0.5228 -0.0478
vn -0.4386 -0.7081 -0.5534
vn -0.2322 -0.7877 0.5707
vn -0.7438 -0.5279 0.4099
vn 0.1281 -0.5062 0.8529
vn 0.1409 0.3168 0.9380
vn 0.0346 -0.9724 0.2305
vn -0.0655 -0.8975 -0.4362
vn 0.8314 -0.5279 0.1733
vn 0.3896 -0.7877 0.4773
vn 0.9596 -0.0174 0.2808
vn 0.4907 0.5225 0.6973
vn 0.7995 -0.5228 -0.2957
vn 0.2567 -0.7081 -0.6578
vn 0.7254 0.3358 -0.6009
vn 0.9640 -0.0845 -0.2522
vn 0.5106 0.7735 -0.3753
vn 0.3018 0.8553 0.4212
vn 0.3865 0.2048 -0.8993
vn 0.0827 -0.4016 -0.9121
vn 0.1101 0.6709 0.7333
vn -0.6702 0.5186 -0.5310
vn 0.4846 0.5186 -0.7044
vn -0.1101 -0.6709 -0.7333
vn -0.9164 -0.3049 0.2595
vn 0.0863 -0.8139 0.5745
vn 0.9521 -0.3049 -0.0212
vn -0.0606 0.9968 -0.0528
vn 0.2667 0.6522 -0.7096
vn -0.3905 0.5899 -0.7068
vn -0.0600 -0.5452 -0.8361
vn -0.4428 -0.0094 -0.8966
vn 0.1517 0.0755 -0.9855
vn -0.4798 0.7949 0.3714
vn -0.7948 0.5149 -0.3213
vn -0.9712 0.1401 0.1927
vn -0.5050 -0.6803 -0.5312
vn -0.8994 -0.4326 -0.0618
vn -0.8256 -0.0895 -0.5571
vn -0.1642 0.5172 0.8400
vn -0.7368 -0.0327 0.6753
vn -0.1966 -0.3154 0.9284
vn -0.3270 -0.9421 -0.0740
vn -0.1525 -0.8198 0.5520
vn -0.6955 -0.6097 0.3801
vn 0.4501 0.5474 0.7055
vn 0.3605 -0.2338 0.9030
vn 0.8629 -0.1472 0.4835
vn 0.2281 -0.9689 -0.0964
vn 0.7658 -0.6358 0.0966
vn 0.3621 -0.7662 0.5309
vn 0.5141 0.8438 0.1537
vn 0.9808 0.1895 0.0470
vn 0.7431 0.4124 -0.5271
vn 0.3931 -0.7235 -0.5674
vn 0.5864 -0.1350 -0.7987
vn 0.8857 -0.3427 -0.3131
vn -0.6240 0.6347 -0.4559
vn -0.2140 0.9590 0.1856
vn -0.6204 -0.0781 -0.7804
vn -0.3060 -0.6702 -0.6762
vn 0.1815 0.3365 -0.9240
vn -0.4095 0.3365 -0.8480
vn -0.9919 -0.1146 0.0542
vn -0.8727 0.1585 -0.4619
vn -0.8484 0.1208 0.5153
vn -0.3084 0.7428 0.5942
vn -0.8269 -0.5508 0.1130
vn -0.3930 -0.8693 -0.2999
vn -0.2151 -0.5714 0.7920
vn -0.7324 -0.4027 0.5491
vn 0.1251 -0.1968 0.9724
vn 0.1012 0.6092 0.7865
vn 0.0686 -0.8430 0.5335
vn -0.0158 -0.9923 -0.1228
vn 0.8475 -0.4027 0.3458
vn 0.4085 -0.5714 0.7118
vn 0.9512 0.1208 0.2838
vn 0.4488 0.7428 0.4968
vn 0.8286 -0.5508 -0.0999
vn 0.3043 -0.8693 -0.3896
vn 0.7273 0.1585 -0.6677
vn 0.9734 -0.1146 -0.1986
vn 0.4883 0.6347 -0.5990
vn 0.2540 0.9590 0.1254
vn 0.4027 -0.0781 -0.9120
vn 0.1249 -0.6702 -0.7316
vn 0.0615 0.8763 0.4779
vn -0.6760 0.2862 -0.6790
vn 0.4822 0.2862 -0.8280
vn -0.0615 -0.8763 -0.4779
vn -0.9098 -0.2489 0.3323
vn 0.1040 -0.5796 0.8083
vn 0.9642 -0.2489 0.0912
vn 0.4021 0.8699 0.2857
vn -0.0091 0.9112 -0.4118
vn -0.4161 0.9029 0.1079
vn -0.8491 -0.0039 -0.5282
vn -0.8564 0.5052 -0.1062
vn -0.5323 0.5833 -0.6136
vn 0.3467 0.5011 0.7929
vn -0.4285 0.6604 0.6166
vn -0.3660 0.0812 0.9271
vn -0.9671 -0.2507 -0.0439
vn -0.7651 -0.2679 0.5855
vn -0.8895 0.2818 0.3597
vn 0.7090 -0.0062 0.7052
vn 0.0086 -0.3398 0.9404
vn 0.3547 -0.7509 0.5570
vn -0.6842 -0.7290 -0.0214
vn -0.1091 -0.9751 0.1930
vn -0.4374 -0.6686 0.6014
vn 0.9884 0.0491 0.1437
vn 0.6980 -0.7073 0.1121
vn 0.7499 -0.4435 -0.4908
vn -0.3914 -0.7778 -0.4918
vn 0.2050 -0.6391 -0.7413
vn 0.1992 -0.9544 -0.2226
vn 0.7987 0.5905 -0.1155
vn 0.6871 0.0660 -0.7236
vn 0.2736 0.5786 -0.7684
vn -0.4934 -0.3297 -0.8049
vn -0.2569 0.2758 -0.9263
vn 0.1406 -0.1807 -0.9734
vn -0.3627 0.8217 0.4397
vn 0.4543 0.7206 0.5239
vn -0.9142 0.3972 0.0803
vn -0.9439 -0.1779 -0.2782
vn -0.3505 0.7674 -0.5370
vn -0.6410 0.7674 -0.0167
vn -0.5907 -0.0567 0.8049
vn -0.7358 0.4421 0.5130
vn -0.0896 -0.1171 0.9891
vn 0.5692 0.3256 0.7550
vn -0.6630 -0.4663 0.5857
vn -0.8381 -0.5416 -0.0654
vn 0.1320 -0.8913 0.4338
vn -0.2482 -0.5830 0.7736
vn 0.6259 -0.6972 0.3495
vn 0.8702 0.0815 0.4859
vn -0.0048 -1.0000 -0.0027
vn -0.5609 -0.7664 -0.3132
vn 0.5284 -0.5830 -0.6172
vn 0.4385 -0.8913 -0.1152
vn 0.7950 -0.1171 -0.5952
vn 0.9414 0.3256 0.0884
vn 0.1508 -0.4663 -0.8717
vn -0.4953 -0.5416 -0.6792
vn 0.0507 0.4421 -0.8955
vn 0.3753 -0.0567 -0.9252
vn 0.1840 0.8217 -0.5394
vn 0.6843 0.7206 0.1119
vn -0.4113 0.3972 -0.8204
vn -0.7321 -0.1779 -0.6576
vn 0.7685 0.4747 0.4291
vn -0.7063 0.6526 0.2744
vn -0.1369 0.6526 -0.7452
vn -0.7685 -0.4747 -0.4291
vn -0.4219 -0.3249 0.8464
vn 0.3231 -0.9290 0.1804
vn 0.4992 -0.3249 -0.8033
vn 0.1934 0.9633 0.1862
vn -0.1682 0.8327 -0.5276
vn -0.5997 0.7997 -0.0290
vn -0.7915 -0.2477 -0.5588
vn -0.9327 0.2947 -0.2078
vn -0.5973 0.3791 -0.7068
vn 0.1802 0.6542 0.7345
vn -0.5970 0.6225 0.5060
vn -0.4381 0.1111 0.8921
vn -0.8892 -0.4545 -0.0518
vn -0.7321 -0.3532 0.5824
vn -0.9512 0.1264 0.2816
vn 0.6446 0.2291 0.7294
vn 0.0133 -0.2158 0.9764
vn 0.4624 -0.5863 0.6652
vn -0.5161 -0.8553 0.0451
vn 0.0811 -0.9459 0.3142
vn -0.3308 -0.6700 0.6646
vn 0.9447 0.2754 0.1779
vn 0.8193 -0.5237 0.2334
vn 0.8573 -0.3287 -0.3962
vn -0.1877 -0.8962 -0.4019
vn 0.3831 -0.6643 -0.6419
vn 0.4065 -0.9095 -0.0870
vn 0.6659 0.7292 -0.1578
vn 0.7071 0.1243 -0.6961
vn 0.2009 0.5279 -0.8252
vn -0.3579 -0.5207 -0.7751
vn -0.2435 0.1024 -0.9645
vn 0.2418 -0.2611 -0.9345
vn -0.5538 0.7718 0.3125
vn 0.2586 0.8580 0.4438
vn -0.9798 0.1999 -0.0114
vn -0.8654 -0.4069 -0.2924
vn -0.4631 0.6055 -0.6472
vn -0.7827 0.6055 -0.1443
vn -0.6206 -0.0851 0.7795
vn -0.8448 0.3329 0.4189
vn -0.1318 -0.0149 0.9912
vn 0.4362 0.5270 0.7294
vn -0.5915 -0.5238 0.6129
vn -0.7019 -0.7117 -0.0295
vn 0.2826 -0.7845 0.5520
vn -0.1756 -0.5262 0.8321
vn 0.7304 -0.5011 0.4641
vn 0.7990 0.3224 0.5076
vn 0.2016 -0.9711 0.1281
vn -0.3678 -0.9000 -0.2337
vn 0.6786 -0.5262 -0.5125
vn 0.6197 -0.7845 0.0213
vn 0.8413 -0.0149 -0.5404
vn 0.8456 0.5270 0.0850
vn 0.3036 -0.5238 -0.7959
vn -0.3249 -0.7117 -0.6229
vn 0.0203 0.3329 -0.9427
vn 0.4420 -0.0851 -0.8929
vn 0.0476 0.7718 -0.6341
vn 0.5117 0.8580 0.0456
vn -0.4265 0.1999 -0.8821
vn -0.6324 -0.4068 -0.6592
vn 0.6226 0.6752 0.3956
vn -0.8429 0.5150 0.1562
vn -0.2166 0.5150 -0.8294
vn -0.6226 -0.6752 -0.3956
vn -0.4034 -0.3042 0.8630
vn 0.4944 -0.8105 0.3141
vn 0.6098 -0.3042 -0.7318
vn -0.0479 0.9983 0.0325
vn -0.3459 0.6770 -0.6496
vn -0.7721 0.6178 -0.1490
vn -0.6920 -0.5132 -0.5078
vn -0.9693 0.0263 -0.2446
vn -0.6486 0.1117 -0.7529
vn -0.0038 0.7827 0.6224
vn -0.7436 0.5304 0.4071
vn -0.4791 0.1374 0.8669
vn -0.7530 -0.6575 0.0259
vn -0.6441 -0.4257 0.6355
vn -0.9620 -0.0646 0.2652
vn 0.5486 0.4861 0.6803
vn 0.0345 -0.0544 0.9979
vn 0.5684 -0.3490 0.7451
vn -0.2981 -0.9371 0.1814
vn 0.2949 -0.8391 0.4571
vn -0.1815 -0.6202 0.7632
vn 0.8457 0.5185 0.1262
vn 0.9131 -0.2692 0.3063
vn 0.9228 -0.1693 -0.3462
vn 0.0441 -0.9657 -0.2561
vn 0.5501 -0.6427 -0.5333
vn 0.6143 -0.7873 0.0528
vn 0.4771 0.8350 -0.2741
vn 0.6780 0.1829 -0.7120
vn 0.0943 0.4282 -0.8987
vn -0.1993 -0.7037 -0.6820
vn -0.2312 -0.1078 -0.9669
vn 0.3257 -0.3350 -0.8842
vn -0.7313 0.6543 0.1924
vn 0.0326 0.9524 0.3030
vn -0.9983 -0.0459 -0.0354
vn -0.7339 -0.6429 -0.2194
vn -0.5742 0.3700 -0.7303
vn -0.8998 0.3700 -0.2312
vn -0.6059 -0.1117 0.7876
vn -0.9123 0.1799 0.3679
vn -0.1548 0.1055 0.9823
vn 0.2752 0.7215 0.6353
vn -0.4679 -0.5507 0.6912
vn -0.5105 -0.8555 0.0867
vn 0.4446 -0.5996 0.6654
vn -0.0704 -0.4194 0.9051
vn 0.8143 -0.2337 0.5313
vn 0.6830 0.5788 0.4456
vn 0.4235 -0.8627 0.2763
vn -0.1350 -0.9869 -0.0881
vn 0.8000 -0.4194 -0.4290
vn 0.7881 -0.5996 0.1388
vn 0.8367 0.1055 -0.5374
vn 0.6924 0.7215 -0.0041
vn 0.4441 -0.5507 -0.7068
vn -0.1263 -0.8555 -0.5021
vn -0.0309 0.1799 -0.9832
vn 0.4768 -0.1117 -0.8719
vn -0.1186 0.6543 -0.7469
vn 0.2904 0.9524 -0.0922
vn -0.4347 -0.0459 -0.8994
vn -0.4965 -0.6429 -0.5833
vn 0.4310 0.8575 0.2812
vn -0.9458 0.3147 0.0801
vn -0.3078 0.3147 -0.8979
vn -0.4310 -0.8575 -0.2812
vn -0.3454 -0.2567 0.9026
vn 0.6637 -0.6099 0.4330
vn 0.6870 -0.2567 -0.6798
vn 0.3853 0.8804 -0.2765
vn -0.4077 0.9065 -0.1100
vn -0.0457 0.8959 0.4419
vn -0.7722 -0.0257 0.6348
vn -0.3832 0.4876 0.7845
vn -0.7611 0.5665 0.3159
vn 0.8540 0.5160 -0.0668
vn 0.4361 0.6587 0.6132
vn 0.7595 0.0841 0.6450
vn -0.3474 -0.2695 0.8982
vn 0.3138 -0.2762 0.9084
vn 0.0512 0.2686 0.9619
vn 0.8951 0.0148 -0.4455
vn 0.8990 -0.3296 0.2884
vn 0.6534 -0.7381 -0.1683
vn -0.2277 -0.7421 0.6305
vn 0.1636 -0.9749 0.1510
vn 0.4403 -0.6703 0.5973
vn 0.4520 0.0694 -0.8893
vn 0.3413 -0.6926 -0.6355
vn -0.2175 -0.4344 -0.8741
vn -0.5786 -0.7903 0.2017
vn -0.6261 -0.6429 -0.4412
vn -0.1315 -0.9527 -0.2740
vn 0.1369 0.6044 -0.7849
vn -0.4663 0.0713 -0.8817
vn -0.6495 0.5755 -0.4970
vn -0.9151 -0.3475 0.2044
vn -0.9641 0.2610 -0.0496
vn -0.8740 -0.1883 -0.4479
vn 0.2870 0.8192 0.4965
vn 0.6301 0.7346 -0.2517
vn -0.2233 0.3806 0.8974
vn -0.5630 -0.1988 0.8022
vn -0.6333 0.7548 0.1710
vn -0.2335 0.7548 0.6130
vn 0.5740 -0.0594 0.8167
vn 0.2430 0.4334 0.8678
vn 0.9100 -0.1082 0.4003
vn 0.8922 0.3444 -0.2922
vn 0.3499 -0.4726 0.8089
vn -0.3217 -0.5581 0.7649
vn 0.4676 -0.8840 0.0010
vn 0.6627 -0.5794 0.4745
vn 0.5428 -0.6814 -0.4909
vn 0.7377 0.1032 -0.6672
vn 0.0121 -0.9999 -0.0109
vn -0.4639 -0.7802 0.4196
vn -0.4058 -0.5794 -0.7069
vn 0.0458 -0.8840 -0.4653
vn -0.3072 -0.1082 -0.9455
vn 0.3801 0.3444 -0.8585
vn -0.7698 -0.4726 -0.4291
vn -0.7932 -0.5581 0.2435
vn -0.8391 0.4334 -0.3286
vn -0.7551 -0.0594 -0.6529
vn -0.4653 0.8192 -0.3352
vn 0.3135 0.7346 -0.6017
vn -0.9152 0.3806 0.1323
vn -0.8545 -0.1988 0.4799
vn 0.6449 0.4938 -0.5833
vn 0.0230 0.6419 0.7664
vn -0.7603 0.6419 -0.0997
vn -0.6449 -0.4938 0.5833
vn 0.6718 -0.3238 0.6662
vn 0.2895 -0.9207 -0.2618
vn -0.5956 -0.3238 -0.7351
vn 0.1997 0.9722 -0.1222
vn -0.5731 0.8167 0.0672
vn -0.1827 0.7802 0.5982
vn -0.7146 -0.2826 0.6399
vn -0.4181 0.2619 0.8698
vn -0.8317 0.3468 0.4336
vn 0.7391 0.6736 0.0054
vn 0.3439 0.6136 0.7108
vn 0.7687 0.1150 0.6292
vn -0.2371 -0.4825 0.8432
vn 0.4134 -0.3641 0.8346
vn 0.0590 0.1027 0.9930
vn 0.8486 0.2629 -0.4590
vn 0.9600 -0.1962 0.1999
vn 0.7665 -0.5588 -0.3167
vn -0.0490 -0.8697 0.4911
vn 0.3487 -0.9367 -0.0329
vn 0.5912 -0.6667 0.4539
vn 0.3770 0.3076 -0.8736
vn 0.4237 -0.4937 -0.7595
vn -0.1863 -0.3099 -0.9323
vn -0.4103 -0.9092 0.0702
vn -0.5229 -0.6646 -0.5338
vn 0.0294 -0.8981 -0.4387
vn -0.0241 0.7460 -0.6655
vn -0.5238 0.1323 -0.8415
vn -0.7729 0.5177 -0.3669
vn -0.8217 -0.5464 0.1621
vn -0.9968 0.0761 0.0241
vn -0.8500 -0.2717 -0.4513
vn 0.1611 0.7604 0.6292
vn 0.4680 0.8740 -0.1308
vn -0.2348 0.1695 0.9572
vn -0.4675 -0.4388 0.7674
vn -0.7496 0.5783 0.3219
vn -0.3308 0.5783 0.7458
vn 0.6234 -0.0889 0.7768
vn 0.2112 0.3150 0.9253
vn 0.9369 0.0004 0.3497
vn 0.7945 0.5542 -0.2484
vn 0.4789 -0.5297 0.7001
vn -0.1669 -0.7333 0.6591
vn 0.6212 -0.7646 -0.1719
vn 0.7852 -0.5150 0.3438
vn 0.6281 -0.4694 -0.6207
vn 0.6645 0.3565 -0.6567
vn 0.1948 -0.9617 -0.1925
vn -0.2865 -0.9153 0.2832
vn -0.3344 -0.5150 -0.7893
vn 0.1792 -0.7646 -0.6191
vn -0.3386 0.0004 -0.9409
vn 0.2578 0.5542 -0.7915
vn -0.6944 -0.5297 -0.4872
vn -0.6611 -0.7333 0.1591
vn -0.9227 0.3150 -0.2221
vn -0.7694 -0.0889 -0.6326
vn -0.6272 0.7604 -0.1685
vn 0.1364 0.8740 -0.4665
vn -0.9599 0.1695 0.2234
vn -0.7729 -0.4388 0.4583
vn 0.5069 0.7016 -0.5009
vn -0.0490 0.4918 0.8693
vn -0.8698 0.4918 0.0387
vn -0.5069 -0.7016 0.5009
vn 0.7588 -0.2996 0.5783
vn 0.4373 -0.7887 -0.4321
vn -0.5693 -0.2996 -0.7656
vn 0.0082 0.9978 0.0658
vn -0.7203 0.6659 0.1942
vn -0.3310 0.6053 0.7239
vn -0.6475 -0.5277 0.5497
vn -0.4623 0.0102 0.8867
vn -0.8838 0.0954 0.4581
vn 0.5949 0.7884 0.1568
vn 0.2177 0.5235 0.8238
vn 0.7310 0.1387 0.6682
vn -0.1407 -0.6679 0.7308
vn 0.4747 -0.4289 0.7686
vn 0.0364 -0.0759 0.9965
vn 0.7826 0.5002 -0.3706
vn 0.9795 -0.0446 0.1966
vn 0.8605 -0.3339 -0.3847
vn 0.1192 -0.9396 0.3210
vn 0.5232 -0.8305 -0.1910
vn 0.7082 -0.6156 0.3458
vn 0.3118 0.5316 -0.7875
vn 0.5123 -0.2532 -0.8206
vn -0.1214 -0.1594 -0.9797
vn -0.2270 -0.9673 -0.1134
vn -0.3837 -0.6397 -0.6660
vn 0.2031 -0.7779 -0.5947
vn -0.1668 0.8391 -0.5177
vn -0.5382 0.1859 -0.8221
vn -0.8578 0.4211 -0.2946
vn -0.7008 -0.7128 0.0279
vn -0.9928 -0.1201 -0.0000
vn -0.7807 -0.3385 -0.5252
vn 0.0100 0.6456 0.7636
vn 0.2905 0.9556 0.0495
vn -0.2646 -0.0604 0.9625
vn -0.3751 -0.6553 0.6557
vn -0.8478 0.3550 0.3940
vn -0.4375 0.3550 0.8262
vn 0.6276 -0.1130 0.7703
vn 0.1448 0.1703 0.9747
vn 0.9186 0.1124 0.3789
vn 0.6728 0.7313 -0.1123
vn 0.5711 -0.5509 0.6086
vn -0.0231 -0.8619 0.5066
vn 0.7575 -0.5870 -0.2857
vn 0.8694 -0.4119 0.2728
vn 0.7079 -0.2171 -0.6721
vn 0.5842 0.5926 -0.5546
vn 0.3774 -0.8540 -0.3583
vn -0.1047 -0.9895 0.0994
vn -0.2273 -0.4119 -0.8824
vn 0.3246 -0.5870 -0.7416
vn -0.3308 0.1124 -0.9370
vn 0.1471 0.7313 -0.6660
vn -0.5781 -0.5509 -0.6019
vn -0.5071 -0.8619 -0.0033
vn -0.9659 0.1703 -0.1952
vn -0.7367 -0.1130 -0.6667
vn -0.7621 0.6456 -0.0497
vn -0.0344 0.9556 -0.2927
vn -0.9749 -0.0604 0.2143
vn -0.6743 -0.6553 0.3405
vn 0.3625 0.8661 -0.3442
vn -0.1445 0.3019 0.9423
vn -0.9485 0.3019 0.0954
vn -0.3625 -0.8661 0.3442
vn 0.8015 -0.2532 0.5418
vn 0.5822 -0.5963 -0.5527
vn -0.4994 -0.2532 -0.8285
vn -0.2435 0.8675 -0.4338
vn -0.1706 0.9122 0.3724
vn 0.4197 0.9044 0.0770
vn 0.5412 0.0010 0.8409
vn 0.7271 0.5091 0.4607
vn 0.2167 0.5870 0.7801
vn 0.0248 0.4977 -0.8670
vn 0.6494 0.6608 -0.3764
vn 0.7274 0.0806 -0.6815
vn 0.8558 -0.2465 0.4547
vn 0.9429 -0.2661 -0.2005
vn 0.9571 0.2847 0.0546
vn -0.3388 -0.0109 -0.9408
vn 0.3959 -0.3421 -0.8522
vn -0.0799 -0.7538 -0.6523
vn 0.6112 -0.7260 0.3152
vn 0.1840 -0.9751 -0.1238
vn 0.6547 -0.6681 -0.3536
vn -0.8318 0.0445 -0.5532
vn -0.5808 -0.7105 -0.3974
vn -0.8866 -0.4456 0.1243
vn 0.1454 -0.7750 0.6151
vn -0.5008 -0.6382 0.5847
vn -0.2726 -0.9547 0.1196
vn -0.7729 0.5874 -0.2399
vn -0.9309 0.0647 0.3595
vn -0.5778 0.5792 0.5750
vn 0.1022 -0.3256 0.9400
vn -0.1652 0.2791 0.9459
vn -0.5433 -0.1790 0.8202
vn 0.5137 0.8221 -0.2453
vn -0.1883 0.7174 -0.6708
vn 0.8594 0.4009 0.3173
vn 0.7344 -0.1732 0.6563
vn 0.0847 0.7701 0.6323
vn 0.5700 0.7701 0.2864
vn 0.8786 -0.0561 -0.4743
vn 0.8833 0.4440 -0.1503
vn 0.5048 -0.1190 -0.8550
vn -0.1920 0.3214 -0.9273
vn 0.8512 -0.4649 -0.2436
vn 0.7309 -0.5379 0.4200
vn 0.0689 -0.8929 -0.4450
vn 0.5572 -0.5838 -0.5906
vn -0.4140 -0.7007 -0.5810
vn -0.5786 0.0766 -0.8120
vn 0.0060 -0.9999 0.0085
vn 0.3749 -0.7633 0.5262
vn -0.7401 -0.5838 0.3338
vn -0.4431 -0.8929 -0.0801
vn -0.9729 -0.1190 0.1980
vn -0.8138 0.3214 -0.4842
vn -0.5081 -0.4649 0.7250
vn 0.1584 -0.5379 0.8280
vn -0.4304 0.4440 0.7859
vn -0.7351 -0.0561 0.6756
vn -0.3996 0.8221 0.4055
vn -0.5725 0.7174 -0.3969
vn 0.0193 0.4009 0.9159
vn 0.3805 -0.1732 0.9084
vn -0.5121 0.4704 -0.7187
vn 0.7539 0.6550 0.0518
vn -0.1971 0.6550 0.7295
vn 0.5121 -0.4704 0.7187
vn 0.7446 -0.3251 -0.5830
vn -0.2121 -0.9308 -0.2977
vn -0.7942 -0.3251 0.5134
vn -0.0728 0.9773 -0.1991
vn -0.0224 0.8058 0.5918
vn 0.5678 0.7671 0.2985
vn 0.5024 -0.3050 0.8090
vn 0.7875 0.2405 0.5674
vn 0.2873 0.3257 0.9008
vn 0.1424 0.6857 -0.7138
vn 0.7677 0.6075 -0.2037
vn 0.7545 0.1174 -0.6458
vn 0.7828 -0.5002 0.3702
vn 0.8887 -0.3709 -0.2696
vn 0.9894 0.0873 0.1159
vn -0.3013 0.2845 -0.9101
vn 0.3607 -0.1834 -0.9145
vn -0.1864 -0.5406 -0.8204
vn 0.4635 -0.8784 0.1166
vn 0.0156 -0.9301 -0.3671
vn 0.5406 -0.6642 -0.5164
vn -0.7908 0.3282 -0.5166
vn -0.6810 -0.4740 -0.5582
vn -0.9546 -0.2975 0.0161
vn -0.0142 -0.9170 0.3987
vn -0.6252 -0.6643 0.4096
vn -0.4389 -0.8902 -0.1222
vn -0.6496 0.7564 -0.0771
vn -0.9177 0.1374 0.3727
vn -0.4884 0.5107 0.7076
vn 0.0098 -0.5626 0.8267
vn -0.1481 0.0591 0.9872
vn -0.5954 -0.2784 0.7536
vn 0.6576 0.7525 -0.0350
vn -0.0360 0.8837 -0.4667
vn 0.9041 0.1498 0.4002
vn 0.6688 -0.4591 0.5848
vn 0.1947 0.5603 0.8051
vn 0.6847 0.5603 0.4660
vn 0.8719 -0.0913 -0.4811
vn 0.9520 0.3031 -0.0416
vn 0.5069 0.0102 -0.8620
vn -0.0994 0.5714 -0.8146
vn 0.7654 -0.5331 -0.3605
vn 0.6104 -0.7467 0.2643
vn -0.0717 -0.7512 -0.6562
vn 0.4678 -0.5074 -0.7236
vn -0.5085 -0.4485 -0.7350
vn -0.5267 0.3784 -0.7612
vn -0.1686 -0.9551 -0.2438
vn 0.2169 -0.9245 0.3135
vn -0.8421 -0.5074 0.1827
vn -0.5887 -0.7512 -0.2984
vn -0.9853 0.0102 0.1705
vn -0.7273 0.5714 -0.3803
vn -0.6072 -0.5331 0.5892
vn 0.0322 -0.7467 0.6644
vn -0.3746 0.3031 0.8762
vn -0.7576 -0.0913 0.6463
vn -0.2646 0.7525 0.6031
vn -0.4240 0.8837 -0.1982
vn 0.0558 0.1498 0.9871
vn 0.3115 -0.4591 0.8320
vn -0.3960 0.7181 -0.5723
vn 0.8541 0.4766 0.2083
vn -0.1062 0.4766 0.8727
vn 0.3960 -0.7181 0.5723
vn 0.6971 -0.2964 -0.6528
vn -0.3602 -0.7741 -0.5206
vn -0.8567 -0.2964 0.4222
vn 0.0611 0.9981 -0.0042
vn 0.0604 0.6720 0.7381
vn 0.6509 0.6122 0.4490
vn 0.4293 -0.5198 0.7386
vn 0.7910 0.0190 0.6116
vn 0.2942 0.1043 0.9500
vn 0.2554 0.7853 -0.5640
vn 0.8466 0.5273 -0.0728
vn 0.7861 0.1380 -0.6025
vn 0.6979 -0.6622 0.2729
vn 0.8426 -0.4272 -0.3280
vn 0.9876 -0.0697 0.1408
vn -0.2290 0.4925 -0.8396
vn 0.3668 -0.0499 -0.9290
vn -0.2249 -0.3422 -0.9123
vn 0.3418 -0.9383 -0.0533
vn -0.0913 -0.8353 -0.5422
vn 0.4687 -0.6181 -0.6311
vn -0.7227 0.5244 -0.4502
vn -0.7158 -0.2620 -0.6473
vn -0.9849 -0.1648 -0.0523
vn -0.1468 -0.9664 0.2109
vn -0.7200 -0.6413 0.2650
vn -0.5454 -0.7831 -0.2989
vn -0.5434 0.8369 0.0661
vn -0.9052 0.1842 0.3830
vn -0.4437 0.4250 0.7890
vn -0.0927 -0.7078 0.7003
vn -0.1748 -0.1134 0.9781
vn -0.6532 -0.3366 0.6783
vn 0.7501 0.6504 0.1200
vn 0.0952 0.9539 -0.2846
vn 0.9008 -0.0525 0.4310
vn 0.5824 -0.6485 0.4901
vn 0.2362 0.3632 0.9013
vn 0.7340 0.3632 0.5738
vn 0.8696 -0.1123 -0.4807
vn 0.9841 0.1755 0.0283
vn 0.5347 0.1087 -0.8380
vn 0.0046 0.7260 -0.6877
vn 0.7028 -0.5508 -0.4503
vn 0.4990 -0.8584 0.1189
vn -0.1443 -0.5940 -0.7915
vn 0.4243 -0.4160 -0.8043
vn -0.5353 -0.2261 -0.8138
vn -0.4456 0.5851 -0.6775
vn -0.2815 -0.8588 -0.4281
vn 0.0844 -0.9881 0.1283
vn -0.9066 -0.4160 0.0710
vn -0.6696 -0.5940 -0.4460
vn -0.9813 0.1087 0.1591
vn -0.6333 0.7260 -0.2682
vn -0.6918 -0.5508 0.4669
vn -0.0884 -0.8584 0.5053
vn -0.3637 0.1755 0.9148
vn -0.7859 -0.1123 0.6081
vn -0.1869 0.6504 0.7363
vn -0.2990 0.9539 -0.0253
vn 0.0389 -0.0525 0.9979
vn 0.2194 -0.6485 0.7289
vn -0.2791 0.8614 -0.4244
vn 0.9004 0.3089 0.3064
vn -0.0753 0.3089 0.9481
vn 0.2791 -0.8614 0.4244
vn 0.6762 -0.2552 -0.6912
vn -0.4380 -0.6038 -0.6660
vn -0.9024 -0.2552 0.3471
vn -0.5023 0.8645 0.0176
vn 0.2470 0.9134 0.3235
vn 0.2560 0.9062 -0.3366
vn 0.9955 0.0069 -0.0942
vn 0.7403 0.5138 -0.4335
vn 0.7889 0.5915 0.1666
vn -0.7615 0.4936 -0.4201
vn -0.0397 0.6612 -0.7492
vn -0.2713 0.0798 -0.9592
vn 0.7987 -0.2413 -0.5513
vn 0.2569 -0.2638 -0.9297
vn 0.4867 0.2882 -0.8246
vn -0.9912 -0.0166 -0.1315
vn -0.5729 -0.3449 -0.7436
vn -0.6116 -0.7572 -0.2295
vn 0.5651 -0.7224 -0.3985
vn -0.0197 -0.9750 -0.2211
vn -0.0092 -0.6676 -0.7445
vn -0.8739 0.0390 0.4845
vn -0.6157 -0.7144 0.3326
vn -0.2945 -0.4480 0.8441
vn 0.6176 -0.7715 0.1529
vn 0.2928 -0.6371 0.7130
vn -0.0134 -0.9550 0.2963
vn -0.5717 0.5835 0.5767
vn -0.1090 0.0633 0.9920
vn 0.2417 0.5800 0.7779
vn 0.8836 -0.3207 0.3410
vn 0.7625 0.2831 0.5818
vn 0.4798 -0.1769 0.8594
vn 0.0134 0.8227 -0.5683
vn -0.6864 0.7135 -0.1405
vn 0.6744 0.4054 -0.6171
vn 0.9214 -0.1675 -0.3507
vn 0.5959 0.7735 0.2161
vn 0.5118 0.7735 -0.3739
vn -0.0170 -0.0554 -0.9983
vn 0.2699 0.4463 -0.8532
vn -0.5266 -0.1214 -0.8414
vn -0.9137 0.3162 -0.2554
vn 0.1777 -0.4631 -0.8683
vn 0.7121 -0.5333 -0.4565
vn -0.3583 -0.8948 -0.2665
vn -0.2650 -0.5847 -0.7668
vn -0.7022 -0.7049 0.1000
vn -0.9875 0.0707 0.1407
vn 0.0161 -0.9999 -0.0023
vn 0.6441 -0.7594 -0.0918
vn -0.0403 -0.5847 0.8102
vn -0.2696 -0.8948 0.3559
vn -0.2707 -0.1214 0.9550
vn -0.8060 0.3162 0.5004
vn 0.4131 -0.4631 0.7842
vn 0.8113 -0.5333 0.2395
vn 0.4975 0.4463 0.7439
vn 0.2625 -0.0554 0.9634
vn 0.1716 0.8227 0.5419
vn -0.6199 0.7135 0.3266
vn 0.8199 0.4054 0.4042
vn 0.9827 -0.1675 0.0794
vn -0.8764 0.4651 0.1249
vn 0.3887 0.6578 -0.6451
vn 0.5534 0.6578 0.5109
vn 0.8764 -0.4651 -0.1249
vn -0.1736 -0.3253 -0.9295
vn -0.3564 -0.9329 0.0508
vn 0.0929 -0.3253 0.9410
vn -0.2484 0.9678 -0.0396
vn 0.4589 0.8249 0.3301
vn 0.5186 0.7902 -0.3265
vn 0.9642 -0.2650 -0.0065
vn 0.8844 0.2785 -0.3746
vn 0.9038 0.3632 0.2263
vn -0.5625 0.6639 -0.4927
vn 0.2017 0.6182 -0.7597
vn -0.1615 0.1130 -0.9804
vn 0.7448 -0.4684 -0.4753
vn 0.2495 -0.3586 -0.8995
vn 0.6114 0.1147 -0.7830
vn -0.9445 0.2458 -0.2178
vn -0.5833 -0.2062 -0.7857
vn -0.7737 -0.5728 -0.2708
vn 0.3779 -0.8626 -0.3364
vn -0.2658 -0.9415 -0.2072
vn -0.1302 -0.6685 -0.7322
vn -0.8665 0.2913 0.4053
vn -0.8112 -0.5090 0.2880
vn -0.4720 -0.3195 0.8217
vn 0.3706 -0.9028 0.2182
vn 0.0506 -0.6645 0.7455
vn -0.2960 -0.9040 0.3084
vn -0.4363 0.7376 0.5154
vn -0.1671 0.1283 0.9776
vn 0.3267 0.5229 0.7873
vn 0.7330 -0.5335 0.4221
vn 0.7614 0.0895 0.6421
vn 0.3430 -0.2664 0.9008
vn 0.2819 0.7663 -0.5773
vn -0.4533 0.8660 -0.2110
vn 0.8065 0.1849 -0.5616
vn 0.8664 -0.4227 -0.2659
vn 0.7641 0.5922 0.2558
vn 0.7309 0.5922 -0.3392
vn 0.0489 -0.0870 -0.9950
vn 0.4486 0.3241 -0.8329
vn -0.4704 -0.0074 -0.8824
vn -0.7699 0.5405 -0.3394
vn 0.1145 -0.5268 -0.8423
vn 0.5749 -0.7224 -0.3841
vn -0.5651 -0.7748 -0.2833
vn -0.3512 -0.5207 -0.7781
vn -0.8729 -0.4855 0.0487
vn -0.9392 0.3393 0.0524
vn -0.2558 -0.9666 0.0143
vn 0.4190 -0.9077 -0.0234
vn -0.2625 -0.5207 0.8123
vn -0.5301 -0.7748 0.3444
vn -0.3693 -0.0074 0.9293
vn -0.7274 0.5405 0.4229
vn 0.2074 -0.5268 0.8243
vn 0.6141 -0.7224 0.3178
vn 0.5385 0.3241 0.7778
vn 0.1592 -0.0870 0.9834
vn 0.3444 0.7663 0.5424
vn -0.4271 0.8660 0.2601
vn 0.8639 0.1849 0.4684
vn 0.8906 -0.4227 0.1679
vn -0.7243 0.6883 0.0404
vn 0.6032 0.5036 -0.6184
vn 0.6683 0.5036 0.5475
vn 0.7243 -0.6883 -0.0404
vn -0.1801 -0.3020 -0.9361
vn -0.5992 -0.7999 0.0334
vn -0.0749 -0.3020 0.9504
vn 0.0047 0.9985 -0.0546
vn 0.6815 0.6835 0.2615
vn 0.6727 0.6251 -0.3960
vn 0.8601 -0.5046 -0.0749
vn 0.8898 0.0358 -0.4549
vn 0.9829 0.1212 0.1389
vn -0.4151 0.7793 -0.4694
vn 0.2856 0.5344 -0.7955
vn -0.2125 0.1367 -0.9676
vn 0.5558 -0.6513 -0.5167
vn 0.0698 -0.4237 -0.9031
vn 0.5493 -0.0580 -0.8336
vn -0.8657 0.4778 -0.1493
vn -0.6831 -0.0601 -0.7278
vn -0.9150 -0.3579 -0.1862
vn 0.1139 -0.9356 -0.3343
vn -0.5147 -0.8441 -0.1506
vn -0.3603 -0.6228 -0.6945
vn -0.7243 0.5106 0.4633
vn -0.8858 -0.2785 0.3711
vn -0.4641 -0.1752 0.8683
vn 0.1452 -0.9646 0.2202
vn -0.0558 -0.6443 0.7627
vn -0.4890 -0.7927 0.3641
vn -0.1864 0.8324 0.5218
vn -0.0424 0.1811 0.9826
vn 0.5172 0.4323 0.7387
vn 0.6064 -0.6982 0.3805
vn 0.8122 -0.1005 0.5746
vn 0.3411 -0.3328 0.8791
vn 0.4167 0.6594 -0.6258
vn -0.2337 0.9505 -0.2050
vn 0.7746 -0.0373 -0.6314
vn 0.7029 -0.6355 -0.3196
vn 0.9095 0.3789 0.1713
vn 0.8254 0.3789 -0.4186
vn -0.0624 -0.1110 -0.9919
vn 0.4418 0.1855 -0.8777
vn -0.5321 0.1014 -0.8406
vn -0.6329 0.7157 -0.2954
vn -0.0982 -0.5505 -0.8290
vn 0.3353 -0.8517 -0.4029
vn -0.7669 -0.6070 -0.2082
vn -0.5394 -0.4238 -0.7276
vn -0.9602 -0.2434 0.1369
vn -0.8130 0.5706 0.1159
vn -0.4920 -0.8677 0.0701
vn 0.1694 -0.9853 -0.0241
vn -0.3147 -0.4238 0.8494
vn -0.6782 -0.6070 0.4142
vn -0.2760 0.1014 0.9558
vn -0.5251 0.7157 0.4604
vn 0.1373 -0.5505 0.8234
vn 0.4345 -0.8516 0.2932
vn 0.6694 0.1855 0.7193
vn 0.2172 -0.1110 0.9698
vn 0.5749 0.6594 0.4844
vn -0.1671 0.9505 0.2621
vn 0.9201 -0.0373 0.3899
vn 0.7642 -0.6355 0.1105
vn -0.5179 0.8522 0.0738
vn 0.6553 0.3222 -0.6832
vn 0.8201 0.3222 0.4729
vn 0.5179 -0.8522 -0.0738
vn -0.3326 -0.2588 -0.9069
vn -0.7784 -0.6179 0.1110
vn -0.0660 -0.2588 0.9637
vn -0.3768 -0.9236 -0.0707
vn -0.8385 -0.4508 0.3061
vn -0.8645 -0.3730 -0.3369
vn -0.6170 0.7868 0.0183
vn -0.8842 0.2693 -0.3817
vn -0.9534 0.1862 0.2376
vn 0.0448 -0.8633 -0.5026
vn -0.5104 -0.4095 -0.7562
vn 0.0768 -0.2359 -0.9687
vn -0.3031 0.8304 -0.4675
vn 0.0425 0.4049 -0.9134
vn -0.5528 0.2387 -0.7984
vn 0.5809 -0.7805 -0.2311
vn 0.5896 -0.2437 -0.7700
vn 0.9609 -0.0972 -0.2594
vn 0.2505 0.9150 -0.3163
vn 0.8279 0.5288 -0.1869
vn 0.5449 0.4047 -0.7344
vn 0.4906 -0.7895 0.3687
vn 0.9414 -0.1827 0.2836
vn 0.5660 -0.1486 0.8109
vn 0.2787 0.9237 0.2630
vn 0.3865 0.4698 0.7937
vn 0.8227 0.4547 0.3412
vn -0.1013 -0.8780 0.4679
vn 0.0588 -0.3107 0.9487
vn -0.5622 -0.3190 0.7630
vn -0.2574 0.8444 0.4698
vn -0.6716 0.3093 0.6733
vn -0.1033 0.3197 0.9419
vn -0.6637 -0.4694 -0.5823
vn -0.1653 -0.9567 -0.2396
vn -0.7596 0.3118 -0.5708
vn -0.4312 0.8680 -0.2462
vn -0.9629 -0.0934 0.2531
vn -0.9326 -0.0934 -0.3486
vn 0.0352 0.0475 -0.9982
vn -0.5399 -0.0380 -0.8408
vn 0.3830 -0.3138 -0.8688
vn 0.2758 -0.8911 -0.3603
vn 0.2560 0.4628 -0.8487
vn -0.0031 0.9317 -0.3633
vn 0.9442 0.1901 -0.2689
vn 0.6191 0.1373 -0.7732
vn 0.9748 -0.2176 0.0491
vn 0.5251 -0.8506 0.0265
vn 0.8301 0.5561 0.0418
vn 0.2388 0.9710 0.0120
vn 0.5382 0.1373 0.8316
vn 0.9124 0.1901 0.3624
vn 0.2938 -0.3138 0.9029
vn 0.2382 -0.8911 0.3862
vn 0.1693 0.4628 0.8701
vn -0.0397 0.9317 0.3612
vn -0.6217 -0.0380 0.7823
vn -0.0653 0.0475 0.9967
vn -0.7189 -0.4694 0.5126
vn -0.1885 -0.9567 0.2218
vn -0.8131 0.3118 0.4915
vn -0.4538 0.8680 0.2016
vn 0.1491 -0.9888 0.0075
vn -0.7749 -0.0793 -0.6271
vn -0.8340 -0.0793 0.5460
vn -0.1491 0.9888 -0.0075
vn 0.3465 0.0874 -0.9340
vn 0.9805 0.1905 0.0494
vn 0.2508 0.0874 0.9641
vn -0.4846 -0.8726 -0.0611
vn -0.8759 -0.3512 0.3308
vn -0.9122 -0.2670 -0.3109
vn -0.5195 0.8536 0.0392
vn -0.8576 0.3734 -0.3536
vn -0.9172 0.2954 0.2673
vn -0.0721 -0.8596 -0.5058
vn -0.5777 -0.3423 -0.7410
vn 0.0191 -0.2375 -0.9712
vn -0.2175 0.8630 -0.4560
vn 0.0620 0.4025 -0.9133
vn -0.5449 0.3067 -0.7804
vn 0.4780 -0.8418 -0.2507
vn 0.5332 -0.3067 -0.7884
vn 0.9345 -0.2077 -0.2891
vn 0.3464 0.8812 -0.3218
vn 0.8782 0.4292 -0.2112
vn 0.5661 0.3423 -0.7499
vn 0.4055 -0.8438 0.3516
vn 0.9216 -0.2935 0.2540
vn 0.5690 -0.2188 0.7927
vn 0.3931 0.8830 0.2564
vn 0.4629 0.4165 0.7824
vn 0.8804 0.3531 0.3167
vn -0.1894 -0.8628 0.4687
vn 0.0507 -0.3211 0.9457
vn -0.5723 -0.2554 0.7793
vn -0.1421 0.8660 0.4795
vn -0.6098 0.3820 0.6944
vn -0.0364 0.3241 0.9453
vn -0.7316 -0.3849 -0.5626
vn -0.2836 -0.9293 -0.2366
vn -0.7347 0.4021 -0.5463
vn -0.3336 0.9140 -0.2308
vn -0.9591 0.0187 0.2824
vn -0.9473 0.0187 -0.3198
vn 0.0102 0.0490 -0.9987
vn -0.5660 0.0306 -0.8239
vn 0.3170 -0.3514 -0.8809
vn 0.1582 -0.9152 -0.3707
vn 0.2826 0.4346 -0.8551
vn 0.0952 0.9277 -0.3609
vn 0.9514 0.0796 -0.2975
vn 0.6071 0.0683 -0.7917
vn 0.9435 -0.3308 0.0185
vn 0.4222 -0.9065 0.0083
vn 0.8905 0.4546 0.0175
vn 0.3515 0.9362 0.0069
vn 0.5756 0.0683 0.8149
vn 0.9390 0.0796 0.3345
vn 0.2822 -0.3514 0.8927
vn 0.1435 -0.9152 0.3766
vn 0.2489 0.4346 0.8656
vn 0.0810 0.9277 0.3644
vn -0.5978 0.0306 0.8010
vn -0.0290 0.0490 0.9984
vn -0.7531 -0.3849 0.5335
vn -0.2927 -0.9293 0.2253
vn -0.7556 0.4021 0.5171
vn -0.3424 0.9140 0.2175
vn 0.0321 -0.9995 0.0006
vn -0.7976 0.0159 -0.6030
vn -0.8206 0.0159 0.5713
vn -0.0321 0.9995 -0.0006
vn 0.3258 0.0517 -0.9440
vn 0.9971 0.0738 0.0196
vn 0.2886 0.0517 0.9561
vn -0.5011 -0.8629 -0.0647
vn -0.8848 -0.3341 0.3248
vn -0.9152 -0.2490 -0.3170
vn -0.5029 0.8636 0.0362
vn -0.8478 0.3902 -0.3591
vn -0.9130 0.3131 0.2615
vn -0.0856 -0.8579 -0.5067
vn -0.5794 -0.3306 -0.7449
vn 0.0208 -0.2375 -0.9712
vn -0.1976 0.8672 -0.4570
vn 0.0759 0.4016 -0.9127
vn -0.5337 0.3175 -0.7838
vn 0.4631 -0.8509 -0.2480
vn 0.5323 -0.3167 -0.7851
vn 0.9321 -0.2258 -0.2831
vn 0.3657 0.8743 -0.3190
vn 0.8878 0.4120 -0.2052
vn 0.5776 0.3315 -0.7460
vn 0.3866 -0.8517 0.3538
vn 0.9140 -0.3116 0.2599
vn 0.5594 -0.2302 0.7963
vn 0.4086 0.8751 0.2594
vn 0.4659 0.4070 0.7857
vn 0.8850 0.3357 0.3226
vn -0.2093 -0.8591 0.4671
vn 0.0382 -0.3224 0.9458
vn -0.5823 -0.2445 0.7754
vn -0.1282 0.8684 0.4790
vn -0.6068 0.3936 0.6906
vn -0.0362 0.3243 0.9452
vn -0.7353 -0.3703 -0.5676
vn -0.3002 -0.9235 -0.2389
vn -0.7231 0.4166 -0.5509
vn -0.3141 0.9205 -0.2325
vn -0.9604 0.0373 0.2762
vn -0.9446 0.0373 -0.3260
vn 0.0177 0.0492 -0.9986
vn -0.5598 0.0420 -0.8275
vn 0.3158 -0.3572 -0.8790
vn 0.1427 -0.9180 -0.3701
vn 0.2967 0.4293 -0.8530
vn 0.1157 0.9258 -0.3598
vn 0.9547 0.0611 -0.2912
vn 0.6135 0.0567 -0.7876
vn 0.9367 -0.3492 0.0245
vn 0.4043 -0.9146 0.0106
vn 0.8991 0.4371 0.0235
vn 0.3696 0.9291 0.0097
vn 0.5715 0.0567 0.8186
vn 0.9382 0.0611 0.3407
vn 0.2694 -0.3572 0.8943
vn 0.1231 -0.9180 0.3771
vn 0.2516 0.4293 0.8674
vn 0.0967 0.9258 0.3654
vn -0.6024 0.0420 0.7971
vn -0.0346 0.0492 0.9982
vn -0.7640 -0.3703 0.5284
vn -0.3123 -0.9235 0.2229
vn -0.7509 0.4166 0.5124
vn -0.3259 0.9205 0.2157
vn 0.0125 -0.9999 0.0003
vn -0.7931 0.0317 -0.6082
vn -0.8239 0.0317 0.5659
vn -0.0125 0.9999 -0.0003
vn 0.3329 0.0457 -0.9418
vn 0.9982 0.0543 0.0261
vn 0.2832 0.0457 0.9580
vn -0.1556 0.8709 0.4662
vn 0.3916 0.9108 -0.1307
vn -0.2242 0.9023 -0.3683
vn 0.2575 -0.0059 -0.9663
vn -0.1480 0.5036 -0.8512
vn 0.4319 0.5818 -0.6892
vn -0.6571 0.5025 0.5619
vn -0.7145 0.6603 -0.2313
vn -0.9935 0.0815 -0.0797
vn -0.2402 -0.2524 -0.9373
vn -0.7833 -0.2687 -0.5605
vn -0.6035 0.2806 -0.7464
vn -0.4676 -0.0043 0.8839
vn -0.8972 -0.3389 0.2832
vn -0.4297 -0.7498 0.5032
vn -0.1794 -0.7302 -0.6593
vn -0.2168 -0.9751 -0.0462
vn -0.7031 -0.6687 -0.2416
vn 0.1509 0.0509 0.9872
vn 0.0961 -0.7059 0.7018
vn 0.6880 -0.4427 0.5750
vn 0.3558 -0.7790 -0.5163
vn 0.7686 -0.6394 -0.0189
vn 0.2706 -0.9542 0.1275
vn 0.3438 0.5918 0.7291
vn 0.8926 0.0664 0.4460
vn 0.8150 0.5783 0.0364
vn 0.6259 -0.3313 -0.7061
vn 0.8111 0.2745 -0.5164
vn 0.9720 -0.1814 -0.1492
vn -0.5260 0.8215 -0.2203
vn -0.3682 0.7219 0.5859
vn -0.3433 0.3957 -0.8518
vn -0.0093 -0.1798 -0.9837
vn 0.4117 0.7662 -0.4934
vn -0.1707 0.7662 -0.6195
vn -0.9422 -0.0570 -0.3301
vn -0.7051 0.4413 -0.5550
vn -0.9722 -0.1163 0.2030
vn -0.5560 0.3273 0.7640
vn -0.7538 -0.4669 -0.4624
vn -0.1822 -0.5431 -0.8196
vn -0.3768 -0.8906 0.2546
vn -0.8126 -0.5827 -0.0105
vn -0.1520 -0.6958 0.7020
vn -0.2109 0.0835 0.9739
vn 0.0007 -1.0000 -0.0034
vn 0.1356 -0.7677 -0.6263
vn 0.7442 -0.5827 0.3265
vn 0.2377 -0.8906 0.3876
vn 0.8012 -0.1163 0.5870
vn 0.1902 0.3273 0.9256
vn 0.8776 -0.4669 -0.1092
vn 0.5049 -0.5431 -0.6709
vn 0.8715 0.4413 -0.2137
vn 0.9944 -0.0570 0.0892
vn 0.5700 0.8215 0.0170
vn 0.0929 0.7219 0.6858
vn 0.6649 0.3957 -0.6335
vn 0.4154 -0.1798 -0.8917
vn -0.1860 0.4764 0.8593
vn -0.4682 0.6517 -0.5968
vn 0.6731 0.6517 -0.3497
vn 0.1860 -0.4764 -0.8593
vn -0.9328 -0.3248 -0.1560
vn -0.0787 -0.9282 0.3635
vn 0.9138 -0.3248 0.2438
vn -0.0870 0.9749 0.2047
vn 0.4243 0.8110 -0.4028
vn -0.2045 0.7734 -0.6001
vn 0.1979 -0.2945 -0.9349
vn -0.1761 0.2506 -0.9519
vn 0.4155 0.3357 -0.8454
vn -0.5981 0.6800 0.4241
vn -0.6962 0.6104 -0.3777
vn -0.9917 0.1162 -0.0549
vn -0.3079 -0.4918 -0.8144
vn -0.8274 -0.3677 -0.4246
vn -0.6341 0.0946 -0.7675
vn -0.4129 0.2743 0.8685
vn -0.8930 -0.1895 0.4083
vn -0.4323 -0.5492 0.7152
vn -0.2523 -0.8743 -0.4146
vn -0.2637 -0.9332 0.2440
vn -0.7464 -0.6654 -0.0087
vn 0.2126 0.3185 0.9238
vn 0.1059 -0.4833 0.8690
vn 0.7006 -0.3034 0.6458
vn 0.2878 -0.9134 -0.2879
vn 0.7359 -0.6645 0.1298
vn 0.2338 -0.8940 0.3823
vn 0.4141 0.7515 0.5135
vn 0.9201 0.1350 0.3678
vn 0.8414 0.5140 -0.1670
vn 0.5661 -0.5550 -0.6095
vn 0.7901 0.0672 -0.6093
vn 0.9519 -0.2753 -0.1348
vn -0.5002 0.7563 -0.4217
vn -0.2986 0.8792 0.3714
vn -0.3758 0.1591 -0.9129
vn -0.0771 -0.4495 -0.8899
vn 0.4157 0.5689 -0.7096
vn -0.1726 0.5689 -0.8041
vn -0.9621 -0.0902 -0.2573
vn -0.7165 0.3088 -0.6256
vn -0.9625 0.0056 0.2713
vn -0.4931 0.5633 0.6630
vn -0.8010 -0.5315 -0.2754
vn -0.2562 -0.7404 -0.6214
vn -0.4011 -0.7576 0.5150
vn -0.8376 -0.5110 0.1929
vn -0.1409 -0.4584 0.8775
vn -0.1474 0.3681 0.9180
vn -0.0453 -0.9583 0.2822
vn 0.0621 -0.9202 -0.3865
vn 0.7351 -0.5110 0.4454
vn 0.2197 -0.7576 0.6147
vn 0.8291 0.0056 0.5591
vn 0.2607 0.5633 0.7841
vn 0.8470 -0.5315 -0.0107
vn 0.4379 -0.7404 -0.5099
vn 0.8763 0.3088 -0.3698
vn 0.9943 -0.0902 0.0569
vn 0.6071 0.7563 -0.2439
vn 0.1673 0.8792 0.4462
vn 0.6428 0.1591 -0.7494
vn 0.3519 -0.4495 -0.8210
vn -0.1116 0.7103 0.6950
vn -0.4731 0.4838 -0.7363
vn 0.6799 0.4838 -0.5511
vn 0.1116 -0.7103 -0.6950
vn -0.9545 -0.2979 -0.0146
vn -0.0990 -0.7810 0.6166
vn 0.9111 -0.2979 0.2850
vn -0.0510 0.9985 -0.0182
vn 0.4593 0.6855 -0.5649
vn -0.1687 0.6274 -0.7602
vn 0.1952 -0.5018 -0.8427
vn -0.1572 0.0389 -0.9868
vn 0.4362 0.1243 -0.8912
vn -0.5753 0.7782 0.2520
vn -0.6684 0.5357 -0.5161
vn -0.9859 0.1365 -0.0970
vn -0.3190 -0.6492 -0.6905
vn -0.8369 -0.4231 -0.3472
vn -0.6226 -0.0558 -0.7805
vn -0.4102 0.4751 0.7785
vn -0.9035 -0.0620 0.4241
vn -0.4601 -0.3608 0.8113
vn -0.2821 -0.9350 -0.2148
vn -0.3020 -0.8457 0.4401
vn -0.7715 -0.6237 0.1257
vn 0.2160 0.5081 0.8338
vn 0.0788 -0.2815 0.9563
vn 0.6821 -0.1771 0.7095
vn 0.2549 -0.9642 -0.0730
vn 0.7083 -0.6449 0.2871
vn 0.1953 -0.7944 0.5751
vn 0.4380 0.8316 0.3414
vn 0.9211 0.1805 0.3451
vn 0.8622 0.4337 -0.2618
vn 0.5499 -0.6964 -0.4611
vn 0.7979 -0.0982 -0.5948
vn 0.9417 -0.3321 -0.0533
vn -0.4664 0.6610 -0.5878
vn -0.2678 0.9498 0.1618
vn -0.3606 -0.0345 -0.9321
vn -0.0860 -0.6330 -0.7693
vn 0.4442 0.3817 -0.8105
vn -0.1428 0.3817 -0.9132
vn -0.9624 -0.1107 -0.2481
vn -0.6980 0.1874 -0.6912
vn -0.9641 0.1001 0.2461
vn -0.4772 0.7138 0.5127
vn -0.8184 -0.5505 -0.1650
vn -0.2788 -0.8504 -0.4462
vn -0.4350 -0.6094 0.6629
vn -0.8586 -0.4252 0.2864
vn -0.1669 -0.2466 0.9546
vn -0.1418 0.5679 0.8108
vn -0.0851 -0.8694 0.4868
vn 0.0300 -0.9847 -0.1717
vn 0.7105 -0.4252 0.5607
vn 0.1843 -0.6094 0.7712
vn 0.8233 0.1001 0.5586
vn 0.2749 0.7138 0.6442
vn 0.8258 -0.5505 0.1225
vn 0.4137 -0.8504 -0.3251
vn 0.8911 0.1874 -0.4133
vn 0.9895 -0.1107 0.0932
vn 0.6382 0.6610 -0.3946
vn 0.1970 0.9498 0.2431
vn 0.6555 -0.0345 -0.7544
vn 0.3420 -0.6331 -0.6945
vn -0.0906 0.8505 0.5180
vn -0.4470 0.3246 -0.8336
vn 0.7033 0.3246 -0.6324
vn 0.0906 -0.8505 -0.5181
vn -0.9651 -0.2594 0.0348
vn -0.1351 -0.6204 0.7726
vn 0.8961 -0.2594 0.3602
vn 0.3770 0.8825 0.2811
vn -0.0227 0.9054 -0.4240
vn -0.4385 0.8944 0.0886
vn -0.8393 -0.0303 -0.5428
vn -0.8657 0.4839 -0.1279
vn -0.5345 0.5629 -0.6305
vn 0.3210 0.5191 0.7921
vn -0.4543 0.6583 0.6002
vn -0.3841 0.0847 0.9194
vn -0.9602 -0.2735 -0.0574
vn -0.7691 -0.2779 0.5756
vn -0.9019 0.2658 0.3404
vn 0.6964 0.0193 0.7174
vn -0.0003 -0.3274 0.9449
vn 0.3618 -0.7353 0.5731
vn -0.6669 -0.7448 -0.0237
vn -0.0902 -0.9748 0.2040
vn -0.4326 -0.6707 0.6025
vn 0.9843 0.0737 0.1602
vn 0.7119 -0.6894 0.1337
vn 0.7684 -0.4324 -0.4717
vn -0.3648 -0.7929 -0.4881
vn 0.2327 -0.6437 -0.7291
vn 0.2249 -0.9523 -0.2063
vn 0.7869 0.6073 -0.1095
vn 0.6981 0.0725 -0.7123
vn 0.2738 0.5748 -0.7711
vn -0.4713 -0.3513 -0.8090
vn -0.2466 0.2579 -0.9342
vn 0.1619 -0.1899 -0.9684
vn -0.3891 0.8187 0.4223
vn 0.4283 0.7376 0.5221
vn -0.9243 0.3770 0.0591
vn -0.9345 -0.2032 -0.2923
vn -0.3583 0.7521 -0.5531
vn -0.6580 0.7521 -0.0380
vn -0.6034 -0.0600 0.7952
vn -0.7547 0.4316 0.4941
vn -0.1045 -0.1064 0.9888
vn 0.5481 0.3484 0.7604
vn -0.6624 -0.4739 0.5802
vn -0.8242 -0.5616 -0.0728
vn 0.1447 -0.8823 0.4478
vn -0.2485 -0.5786 0.7769
vn 0.6354 -0.6780 0.3696
vn 0.8594 0.1078 0.4999
vn 0.0181 -0.9998 0.0105
vn -0.5376 -0.7831 -0.3127
vn 0.5525 -0.5786 -0.6000
vn 0.4608 -0.8823 -0.0956
vn 0.8079 -0.1064 -0.5796
vn 0.9320 0.3484 0.1005
vn 0.1768 -0.4739 -0.8627
vn -0.4707 -0.5616 -0.6805
vn 0.0564 0.4316 -0.9003
vn 0.3929 -0.0600 -0.9176
vn 0.1747 0.8187 -0.5470
vn 0.6656 0.7376 0.1142
vn -0.4056 0.3770 -0.8327
vn -0.7160 -0.2032 -0.6678
vn 0.7497 0.4978 0.4361
vn -0.7257 0.6396 0.2533
vn -0.1386 0.6396 -0.7561
vn -0.7497 -0.4978 -0.4361
vn -0.4293 -0.3236 0.8432
vn 0.3410 -0.9189 0.1984
vn 0.5207 -0.3236 -0.7900
vn 0.1547 0.9764 0.1510
vn -0.2297 0.8079 -0.5427
vn -0.6380 0.7696 -0.0254
vn -0.8013 -0.3008 -0.5172
vn -0.9536 0.2446 -0.1756
vn -0.6436 0.3297 -0.6907
vn 0.1791 0.6834 0.7077
vn -0.6046 0.6087 0.5138
vn -0.4054 0.1169 0.9066
vn -0.8679 -0.4968 -0.0010
vn -0.6895 -0.3696 0.6229
vn -0.9436 0.0902 0.3185
vn 0.6626 0.2804 0.6945
vn 0.0642 -0.1859 0.9805
vn 0.5172 -0.5441 0.6606
vn -0.4723 -0.8768 0.0909
vn 0.1393 -0.9314 0.3364
vn -0.2704 -0.6647 0.6965
vn 0.9370 0.3243 0.1296
vn 0.8524 -0.4777 0.2124
vn 0.8549 -0.2999 -0.4234
vn -0.1612 -0.9155 -0.3685
vn 0.3874 -0.6644 -0.6391
vn 0.4456 -0.8917 -0.0792
vn 0.6231 0.7544 -0.2063
vn 0.6708 0.1365 -0.7290
vn 0.1409 0.5120 -0.8473
vn -0.3645 -0.5596 -0.7443
vn -0.2880 0.0623 -0.9556
vn 0.2150 -0.2771 -0.9365
vn -0.5766 0.7541 0.3145
vn 0.2355 0.8819 0.4084
vn -0.9878 0.1535 0.0252
vn -0.8564 -0.4553 -0.2437
vn -0.5180 0.5638 -0.6432
vn -0.8161 0.5638 -0.1272
vn -0.5828 -0.0908 0.8075
vn -0.8416 0.3054 0.4454
vn -0.0896 0.0084 0.9959
vn 0.4404 0.5681 0.6952
vn -0.5398 -0.5324 0.6520
vn -0.6677 -0.7442 0.0204
vn 0.3425 -0.7538 0.5608
vn -0.1155 -0.5089 0.8530
vn 0.7722 -0.4525 0.4460
vn 0.8030 0.3742 0.4638
vn 0.2530 -0.9564 0.1461
vn -0.3337 -0.9228 -0.1927
vn 0.6811 -0.5089 -0.5264
vn 0.6569 -0.7538 0.0164
vn 0.8178 0.0084 -0.5754
vn 0.8222 0.5681 0.0340
vn 0.2949 -0.5324 -0.7934
vn -0.3161 -0.7442 -0.5885
vn -0.0349 0.3054 -0.9516
vn 0.4081 -0.0908 -0.9084
vn -0.0158 0.7540 -0.6566
vn 0.4715 0.8819 -0.0002
vn -0.4719 0.1535 -0.8682
vn -0.6391 -0.4553 -0.6199
vn 0.6055 0.7150 0.3497
vn -0.8593 0.4795 0.1780
vn -0.2753 0.4795 -0.8332
vn -0.6055 -0.7150 -0.3497
vn -0.3522 -0.2970 0.8876
vn 0.5452 -0.7769 0.3149
vn 0.5927 -0.2970 -0.7486
vn -0.0788 0.9967 0.0170
vn -0.4097 0.6520 -0.6380
vn -0.8002 0.5897 -0.1094
vn -0.7062 -0.5455 -0.4515
vn -0.9835 -0.0097 -0.1807
vn -0.6996 0.0753 -0.7106
vn 0.0108 0.7950 0.6065
vn -0.7327 0.5148 0.4452
vn -0.4259 0.1401 0.8939
vn -0.7275 -0.6805 0.0876
vn -0.5869 -0.4327 0.6844
vn -0.9400 -0.0897 0.3291
vn 0.5753 0.5174 0.6335
vn 0.1012 -0.0325 0.9943
vn 0.6270 -0.3152 0.7124
vn -0.2544 -0.9422 0.2181
vn 0.3517 -0.8196 0.4523
vn -0.1107 -0.6097 0.7849
vn 0.8345 0.5477 0.0606
vn 0.9395 -0.2335 0.2505
vn 0.9033 -0.1470 -0.4029
vn 0.0593 -0.9689 -0.2403
vn 0.5352 -0.6358 -0.5562
vn 0.6423 -0.7660 0.0270
vn 0.4303 0.8439 -0.3205
vn 0.6237 0.1895 -0.7583
vn 0.0213 0.4122 -0.9108
vn -0.2199 -0.7237 -0.6541
vn -0.2900 -0.1352 -0.9474
vn 0.2783 -0.3427 -0.8973
vn -0.7385 0.6345 0.2278
vn 0.0207 0.9591 0.2823
vn -0.9964 -0.0784 0.0312
vn -0.7249 -0.6704 -0.1586
vn -0.6325 0.3363 -0.6978
vn -0.9247 0.3363 -0.1784
vn -0.5493 -0.1146 0.8278
vn -0.8919 0.1583 0.4237
vn -0.0938 0.1209 0.9882
vn 0.2919 0.7430 0.6023
vn -0.4034 -0.5508 0.7307
vn -0.4751 -0.8694 0.1360
vn 0.5067 -0.5712 0.6458
vn 0.0027 -0.4025 0.9154
vn 0.8545 -0.1965 0.4808
vn 0.6910 0.6094 0.3888
vn 0.4690 -0.8428 0.2639
vn -0.1076 -0.9923 -0.0606
vn 0.7838 -0.4025 -0.4729
vn 0.8150 -0.5712 0.0978
vn 0.7959 0.1209 -0.5932
vn 0.6663 0.7430 -0.0631
vn 0.4151 -0.5508 -0.7240
vn -0.1303 -0.8694 -0.4767
vn -0.1008 0.1583 -0.9822
vn 0.4224 -0.1146 -0.8991
vn -0.1886 0.6345 -0.7495
vn 0.2521 0.9591 -0.1289
vn -0.4906 -0.0784 -0.8679
vn -0.5118 -0.6704 -0.5373
vn 0.4197 0.8764 0.2361
vn -0.9485 0.2860 0.1363
vn -0.3759 0.2860 -0.8814
vn -0.4197 -0.8764 -0.2361
vn -0.2772 -0.2488 0.9281
vn 0.7104 -0.5793 0.3997
vn 0.6494 -0.2488 -0.7186
vn 0.3935 0.8796 -0.2673
vn -0.4036 0.9068 -0.1215
vn -0.0561 0.8964 0.4396
vn -0.7885 -0.0241 0.6146
vn -0.4028 0.4889 0.7737
vn -0.7684 0.5677 0.2955
vn 0.8560 0.5149 -0.0451
vn 0.4208 0.6588 0.6236
vn 0.7426 0.0839 0.6644
vn -0.3709 -0.2681 0.8891
vn 0.2897 -0.2756 0.9166
vn 0.0265 0.2695 0.9626
vn 0.9064 0.0133 -0.4221
vn 0.8908 -0.3303 0.3120
vn 0.6566 -0.7390 -0.1505
vn -0.2449 -0.7411 0.6251
vn 0.1584 -0.9749 0.1562
vn 0.4238 -0.6702 0.6093
vn 0.4750 0.0679 -0.8774
vn 0.3569 -0.6937 -0.6257
vn -0.1952 -0.4350 -0.8790
vn -0.5846 -0.7894 0.1874
vn -0.6152 -0.6426 -0.4566
vn -0.1255 -0.9528 -0.2763
vn 0.1580 0.6034 -0.7817
vn -0.4431 0.0709 -0.8936
vn -0.6357 0.5757 -0.5143
vn -0.9205 -0.3462 0.1809
vn -0.9621 0.2621 -0.0750
vn -0.8623 -0.1878 -0.4702
vn 0.2749 0.8194 0.5029
vn 0.6373 0.7336 -0.2360
vn -0.2460 0.3818 0.8909
vn -0.5839 -0.1973 0.7875
vn -0.6366 0.7557 0.1537
vn -0.2485 0.7557 0.6059
vn 0.5525 -0.0592 0.8314
vn 0.2208 0.4341 0.8734
vn 0.8991 -0.1089 0.4239
vn 0.8999 0.3430 -0.2693
vn 0.3282 -0.4721 0.8182
vn -0.3421 -0.5569 0.7568
vn 0.4663 -0.8845 0.0140
vn 0.6494 -0.5796 0.4922
vn 0.5546 -0.6826 -0.4759
vn 0.7549 0.1016 -0.6479
vn 0.0112 -0.9999 -0.0096
vn -0.4756 -0.7792 0.4082
vn -0.3880 -0.5796 -0.7166
vn 0.0569 -0.8845 -0.4631
vn -0.2826 -0.1089 -0.9530
vn 0.4027 0.3430 -0.8486
vn -0.7589 -0.4721 -0.4485
vn -0.8000 -0.5569 0.2233
vn -0.8298 0.4341 -0.3508
vn -0.7379 -0.0592 -0.6723
vn -0.4554 0.8194 -0.3480
vn 0.3300 0.7336 -0.5941
vn -0.9179 0.3818 0.1081
vn -0.8669 -0.1973 0.4577
vn 0.6605 0.4924 -0.5669
vn 0.0039 0.6427 0.7661
vn -0.7566 0.6427 -0.1200
vn -0.6605 -0.4924 0.5669
vn 0.6539 -0.3239 0.6838
vn 0.2951 -0.9213 -0.2532
vn -0.5767 -0.3239 -0.7500
vn 0.2264 0.9668 -0.1185
vn -0.5625 0.8268 0.0054
vn -0.2201 0.7925 0.5688
vn -0.7721 -0.2609 0.5795
vn -0.4872 0.2824 0.8264
vn -0.8599 0.3670 0.3548
vn 0.7474 0.6616 0.0597
vn 0.2918 0.6193 0.7290
vn 0.7133 0.1126 0.6917
vn -0.3175 -0.4651 0.8264
vn 0.3333 -0.3574 0.8725
vn -0.0253 0.1175 0.9928
vn 0.8896 0.2419 -0.3875
vn 0.9355 -0.2084 0.2852
vn 0.7811 -0.5760 -0.2410
vn -0.1065 -0.8609 0.4975
vn 0.3339 -0.9426 0.0110
vn 0.5380 -0.6689 0.5130
vn 0.4564 0.2876 -0.8420
vn 0.4791 -0.5125 -0.7126
vn -0.1104 -0.3216 -0.9404
vn -0.4306 -0.9013 0.0475
vn -0.4863 -0.6645 -0.5674
vn 0.0516 -0.9054 -0.4215
vn 0.0465 0.7356 -0.6758
vn -0.4467 0.1273 -0.8856
vn -0.7292 0.5241 -0.4399
vn -0.8420 -0.5305 0.0981
vn -0.9937 0.0926 -0.0635
vn -0.8124 -0.2652 -0.5193
vn 0.1193 0.7676 0.6297
vn 0.4927 0.8641 -0.1024
vn -0.3137 0.1885 0.9306
vn -0.5397 -0.4189 0.7302
vn -0.7645 0.5953 0.2473
vn -0.3839 0.5953 0.7058
vn 0.5523 -0.0866 0.8292
vn 0.1358 0.3262 0.9355
vn 0.9030 -0.0091 0.4296
vn 0.8225 0.5373 -0.1866
vn 0.4073 -0.5261 0.7466
vn -0.2360 -0.7199 0.6527
vn 0.6203 -0.7771 -0.1063
vn 0.7435 -0.5220 0.4180
vn 0.6711 -0.4892 -0.5570
vn 0.7249 0.3353 -0.6017
vn 0.1940 -0.9677 -0.1610
vn -0.3258 -0.9059 0.2704
vn -0.2739 -0.5220 -0.8078
vn 0.2187 -0.7771 -0.5901
vn -0.2559 -0.0091 -0.9667
vn 0.3349 0.5373 -0.7741
vn -0.6588 -0.5261 -0.5378
vn -0.6850 -0.7199 0.1117
vn -0.8945 0.3262 -0.3058
vn -0.7132 -0.0866 -0.6956
vn -0.5970 0.7676 -0.2332
vn 0.1914 0.8641 -0.4655
vn -0.9725 0.1885 0.1368
vn -0.8172 -0.4189 0.3959
vn 0.5604 0.6853 -0.4651
vn -0.1154 0.5063 0.8546
vn -0.8612 0.5063 -0.0440
vn -0.5604 -0.6853 0.4651
vn 0.7006 -0.3025 0.6462
vn 0.4592 -0.8024 -0.3811
vn -0.5061 -0.3025 -0.8077
vn -0.0094 0.9964 0.0845
vn -0.7286 0.6480 0.2219
vn -0.3269 0.5852 0.7420
vn -0.6254 -0.5504 0.5531
vn -0.4432 -0.0153 0.8963
vn -0.8754 0.0696 0.4784
vn 0.5830 0.7968 0.1591
vn 0.2253 0.5123 0.8287
vn 0.7424 0.1405 0.6551
vn -0.1122 -0.6839 0.7208
vn 0.4991 -0.4337 0.7502
vn 0.0593 -0.0936 0.9938
vn 0.7647 0.5222 -0.3775
vn 0.9841 -0.0291 0.1750
vn 0.8583 -0.3099 -0.4091
vn 0.1440 -0.9428 0.3006
vn 0.5347 -0.8165 -0.2177
vn 0.7271 -0.6079 0.3191
vn 0.2846 0.5521 -0.7837
vn 0.4993 -0.2280 -0.8359
vn -0.1394 -0.1435 -0.9798
vn -0.2108 -0.9693 -0.1269
vn -0.3856 -0.6346 -0.6698
vn 0.2051 -0.7626 -0.6134
vn -0.1938 0.8452 -0.4981
vn -0.5592 0.1905 -0.8069
vn -0.8719 0.4097 -0.2684
vn -0.6863 -0.7267 0.0292
vn -0.9901 -0.1394 0.0187
vn -0.7852 -0.3439 -0.5150
vn 0.0141 0.6314 0.7753
vn 0.2732 0.9600 0.0615
vn -0.2427 -0.0834 0.9665
vn -0.3484 -0.6745 0.6509
vn -0.8458 0.3310 0.4185
vn -0.4264 0.3310 0.8418
vn 0.6460 -0.1150 0.7546
vn 0.1624 0.1550 0.9745
vn 0.9242 0.1233 0.3615
vn 0.6561 0.7462 -0.1126
vn 0.5945 -0.5508 0.5859
vn 0.0043 -0.8714 0.4906
vn 0.7623 -0.5667 -0.3127
vn 0.8828 -0.3999 0.2466
vn 0.6974 -0.1907 -0.6909
vn 0.5607 0.6141 -0.5555
vn 0.3858 -0.8397 -0.3822
vn -0.0836 -0.9931 0.0828
vn -0.2383 -0.3999 -0.8851
vn 0.3198 -0.5667 -0.7593
vn -0.3529 0.1233 -0.9275
vn 0.1188 0.7462 -0.6550
vn -0.5803 -0.5508 -0.5999
vn -0.4905 -0.8714 -0.0089
vn -0.9729 0.1550 -0.1716
vn -0.7485 -0.1150 -0.6531
vn -0.7752 0.6314 -0.0214
vn -0.0589 0.9600 -0.2738
vn -0.9687 -0.0834 0.2336
vn -0.6541 -0.6745 0.3422
vn 0.3384 0.8792 -0.3353
vn -0.1300 0.2815 0.9507
vn -0.9519 0.2815 0.1211
vn -0.3384 -0.8792 0.3353
vn 0.8176 -0.2475 0.5198
vn 0.5815 -0.5745 -0.5760
vn -0.5121 -0.2475 -0.8225
vn -0.3488 0.8616 -0.3688
vn -0.0839 0.9146 0.3956
vn 0.4177 0.9079 -0.0335
vn 0.7281 0.0128 0.6853
vn 0.8121 0.5185 0.2676
vn 0.3932 0.5959 0.7002
vn -0.1896 0.4895 -0.8511
vn 0.5334 0.6616 -0.5271
vn 0.5407 0.0790 -0.8375
vn 0.9425 -0.2362 0.2366
vn 0.8690 -0.2615 -0.4201
vn 0.9394 0.2917 -0.1802
vn -0.5557 -0.0222 -0.8311
vn 0.1815 -0.3476 -0.9199
vn -0.2282 -0.7605 -0.6079
vn 0.6757 -0.7188 0.1639
vn 0.1574 -0.9750 -0.1571
vn 0.5560 -0.6670 -0.4960
vn -0.9411 0.0335 -0.3364
vn -0.6531 -0.7182 -0.2400
vn -0.8264 -0.4504 0.3380
vn 0.2965 -0.7680 0.5677
vn -0.3392 -0.6359 0.6932
vn -0.2271 -0.9553 0.1892
vn -0.8132 0.5797 -0.0507
vn -0.8172 0.0618 0.5731
vn -0.4271 0.5808 0.6930
vn 0.3289 -0.3159 0.8900
vn 0.0655 0.2870 0.9557
vn -0.3277 -0.1748 0.9285
vn 0.4319 0.8232 -0.3684
vn -0.3510 0.7096 -0.6110
vn 0.9070 0.4098 0.0973
vn 0.8726 -0.1619 0.4609
vn 0.2278 0.7767 0.5872
vn 0.6153 0.7767 0.1345
vn 0.7386 -0.0547 -0.6719
vn 0.8169 0.4486 -0.3625
vn 0.2846 -0.1238 -0.9506
vn -0.4130 0.3111 -0.8559
vn 0.7714 -0.4613 -0.4383
vn 0.8155 -0.5288 0.2353
vn -0.0325 -0.8966 -0.4416
vn 0.4034 -0.5856 -0.7031
vn -0.5357 -0.7091 -0.4585
vn -0.7581 0.0649 -0.6489
vn 0.0168 -0.9998 0.0144
vn 0.4977 -0.7556 0.4259
vn -0.6324 -0.5856 0.5071
vn -0.4413 -0.8966 0.0360
vn -0.8953 -0.1238 0.4279
vn -0.9094 0.3111 -0.2759
vn -0.3140 -0.4613 0.8298
vn 0.3583 -0.5288 0.7694
vn -0.2320 0.4486 0.8631
vn -0.5498 -0.0547 0.8335
vn -0.2973 0.8233 0.4836
vn -0.6578 0.7096 -0.2525
vn 0.2362 0.4098 0.8811
vn 0.5900 -0.1619 0.7910
vn -0.6746 0.4599 -0.5774
vn 0.7382 0.6606 -0.1367
vn -0.0211 0.6606 0.7505
vn 0.6746 -0.4599 0.5774
vn 0.5848 -0.3256 -0.7430
vn -0.2694 -0.9350 -0.2306
vn -0.6438 -0.3256 0.6925
vn -0.1240 0.9765 -0.1763
vn 0.1272 0.8076 0.5759
vn 0.6230 0.7692 0.1417
vn 0.6932 -0.3014 0.6546
vn 0.9056 0.2439 0.3469
vn 0.5069 0.3291 0.7967
vn -0.0466 0.6838 -0.7282
vn 0.6885 0.6085 -0.3945
vn 0.5641 0.1170 -0.8173
vn 0.8528 -0.4973 0.1592
vn 0.7914 -0.3698 -0.4867
vn 0.9859 0.0897 -0.1409
vn -0.5246 0.2811 -0.8036
vn 0.1157 -0.1855 -0.9758
vn -0.3882 -0.5436 -0.7442
vn 0.4804 -0.8770 -0.0035
vn -0.0760 -0.9311 -0.3566
vn 0.3926 -0.6646 -0.6357
vn -0.8975 0.3249 -0.2983
vn -0.7996 -0.4771 -0.3646
vn -0.9180 -0.2995 0.2601
vn 0.0907 -0.9158 0.3913
vn -0.4979 -0.6644 0.5574
vn -0.4530 -0.8915 -0.0039
vn -0.6499 0.7547 0.0895
vn -0.7925 0.1366 0.5944
vn -0.2930 0.5118 0.8076
vn 0.2222 -0.5600 0.7981
vn 0.1088 0.0618 0.9921
vn -0.3824 -0.2773 0.8814
vn 0.6247 0.7538 -0.2036
vn -0.1565 0.8822 -0.4442
vn 0.9759 0.1529 0.1556
vn 0.7973 -0.4559 0.3957
vn 0.3922 0.5632 0.7273
vn 0.7794 0.5632 0.2743
vn 0.7204 -0.0909 -0.6876
vn 0.9090 0.3051 -0.2841
vn 0.2699 0.0087 -0.9629
vn -0.3058 0.5686 -0.7636
vn 0.6495 -0.5325 -0.5428
vn 0.6598 -0.7446 0.1015
vn -0.2348 -0.7534 -0.6142
vn 0.2690 -0.5087 -0.8179
vn -0.6781 -0.4519 -0.5796
vn -0.7047 0.3749 -0.6024
vn -0.2226 -0.9562 -0.1903
vn 0.2925 -0.9230 0.2500
vn -0.7660 -0.5087 0.3930
vn -0.6433 -0.7534 -0.1363
vn -0.9091 0.0087 0.4164
vn -0.8019 0.5686 -0.1833
vn -0.4351 -0.5325 0.7260
vn 0.2030 -0.7446 0.6359
vn -0.1392 0.3051 0.9421
vn -0.5671 -0.0909 0.8186
vn -0.1039 0.7538 0.6488
vn -0.4631 0.8822 -0.0855
vn 0.3056 0.1529 0.9398
vn 0.5149 -0.4559 0.7260
vn -0.5311 0.7154 -0.4540
vn 0.8776 0.4790 -0.0179
vn 0.1189 0.4790 0.8697
vn 0.5311 -0.7155 0.4540
vn 0.5081 -0.2969 -0.8085
vn -0.4790 -0.7764 -0.4095
vn -0.7196 -0.2969 0.6277
vn 0.0759 0.9971 -0.0018
vn 0.2405 0.6563 0.7152
vn 0.7474 0.5945 0.2967
vn 0.5788 -0.5401 0.6110
vn 0.9108 -0.0036 0.4128
vn 0.5070 0.0814 0.8581
vn 0.1322 0.7930 -0.5947
vn 0.8161 0.5175 -0.2574
vn 0.6284 0.1397 -0.7652
vn 0.7303 -0.6767 0.0936
vn 0.7368 -0.4316 -0.5205
vn 0.9921 -0.0855 -0.0920
vn -0.4077 0.5122 -0.7559
vn 0.1420 -0.0362 -0.9892
vn -0.4350 -0.3209 -0.8413
vn 0.3040 -0.9414 -0.1461
vn -0.2283 -0.8230 -0.5202
vn 0.2998 -0.6115 -0.7323
vn -0.7977 0.5428 -0.2626
vn -0.8502 -0.2395 -0.4689
vn -0.9732 -0.1508 0.1736
vn -0.1110 -0.9684 0.2232
vn -0.6507 -0.6370 0.4134
vn -0.6132 -0.7697 -0.1779
vn -0.4988 0.8425 0.2034
vn -0.7892 0.1884 0.5845
vn -0.2425 0.4150 0.8769
vn 0.0588 -0.7204 0.6911
vn 0.0533 -0.1306 0.9900
vn -0.4851 -0.3414 0.8050
vn 0.7687 0.6379 -0.0456
vn 0.0436 0.9581 -0.2832
vn 0.9748 -0.0729 0.2106
vn 0.6683 -0.6658 0.3318
vn 0.4438 0.3420 0.8283
vn 0.8527 0.3420 0.3949
vn 0.7334 -0.1141 -0.6702
vn 0.9670 0.1620 -0.1966
vn 0.3291 0.1184 -0.9369
vn -0.1414 0.7395 -0.6582
vn 0.5704 -0.5509 -0.6092
vn 0.4979 -0.8671 -0.0135
vn -0.3331 -0.5760 -0.7465
vn 0.2202 -0.4054 -0.8872
vn -0.7122 -0.2028 -0.6720
vn -0.5795 0.6044 -0.5468
vn -0.3875 -0.8463 -0.3656
vn 0.0945 -0.9915 0.0891
vn -0.8729 -0.4054 0.2714
vn -0.7646 -0.5760 -0.2892
vn -0.9162 0.1184 0.3829
vn -0.6653 0.7395 -0.1029
vn -0.5751 -0.5509 0.6048
vn 0.0155 -0.8671 0.4979
vn -0.1400 0.1620 0.9768
vn -0.6264 -0.1141 0.7711
vn -0.0009 0.6379 0.7701
vn -0.2802 0.9581 0.0600
vn 0.2669 -0.0729 0.9610
vn 0.3701 -0.6658 0.6479
vn -0.3543 0.8733 -0.3343
vn 0.9520 0.2909 0.0955
vn 0.1506 0.2909 0.9448
vn 0.3543 -0.8733 0.3343
vn 0.4942 -0.2502 -0.8326
vn -0.5902 -0.5845 -0.5568
vn -0.8025 -0.2502 0.5417
vn -0.5009 0.8655 -0.0080
vn 0.2320 0.9131 0.3354
vn 0.2744 0.9056 -0.3233
vn 0.9990 0.0051 -0.0437
vn 0.7622 0.5123 -0.3956
vn 0.7805 0.5901 0.2062
vn -0.7383 0.4949 -0.4582
vn -0.0005 0.6611 -0.7503
vn -0.2223 0.0800 -0.9717
vn 0.8251 -0.2429 -0.5101
vn 0.3031 -0.2645 -0.9155
vn 0.5283 0.2871 -0.7990
vn -0.9833 -0.0148 -0.1815
vn -0.5352 -0.3440 -0.7715
vn -0.6006 -0.7561 -0.2600
vn 0.5832 -0.7235 -0.3693
vn -0.0102 -0.9751 -0.2217
vn 0.0273 -0.6677 -0.7439
vn -0.8972 0.0407 0.4397
vn -0.6330 -0.7132 0.3011
vn -0.3377 -0.4472 0.8282
vn 0.6077 -0.7726 0.1841
vn 0.2552 -0.6374 0.7270
vn -0.0302 -0.9549 0.2954
vn -0.5991 0.5848 0.5469
vn -0.1589 0.0637 0.9852
vn 0.2031 0.5798 0.7891
vn 0.8647 -0.3223 0.3854
vn 0.7326 0.2819 0.6195
vn 0.4354 -0.1775 0.8826
vn 0.0437 0.8225 -0.5670
vn -0.6771 0.7147 -0.1752
vn 0.7055 0.4040 -0.5823
vn 0.9376 -0.1693 -0.3036
vn 0.5856 0.7724 0.2458
vn 0.5315 0.7724 -0.3477
vn 0.0334 -0.0556 -0.9979
vn 0.3136 0.4456 -0.8385
vn -0.4836 -0.1207 -0.8669
vn -0.8990 0.3178 -0.3014
vn 0.2205 -0.4636 -0.8581
vn 0.7333 -0.5347 -0.4198
vn -0.3460 -0.8942 -0.2841
vn -0.2269 -0.5844 -0.7791
vn -0.7076 -0.7036 0.0645
vn -0.9932 0.0726 0.0905
vn 0.0144 -0.9999 -0.0013
vn 0.6465 -0.7606 -0.0589
vn -0.0823 -0.5844 0.8073
vn -0.2889 -0.8942 0.3420
vn -0.3188 -0.1207 0.9401
vn -0.8297 0.3178 0.4590
vn 0.3720 -0.4636 0.8041
vn 0.7972 -0.5347 0.2803
vn 0.4600 0.4456 0.7680
vn 0.2133 -0.0556 0.9754
vn 0.1455 0.8225 0.5498
vn -0.6343 0.7147 0.2947
vn 0.7992 0.4040 0.4451
vn 0.9771 -0.1693 0.1291
vn -0.8807 0.4668 0.0803
vn 0.4220 0.6569 -0.6248
vn 0.5281 0.6569 0.5382
vn 0.8807 -0.4668 -0.0803
vn -0.1270 -0.3253 -0.9371
vn -0.3603 -0.9323 0.0328
vn 0.0446 -0.3253 0.9446
vn -0.2199 0.9747 -0.0406
vn 0.4839 0.8116 0.3273
vn 0.5406 0.7741 -0.3294
vn 0.9560 -0.2932 -0.0089
vn 0.8910 0.2518 -0.3777
vn 0.9148 0.3369 0.2229
vn -0.5442 0.6794 -0.4922
vn 0.2175 0.6108 -0.7613
vn -0.1610 0.1161 -0.9801
vn 0.7292 -0.4909 -0.4767
vn 0.2362 -0.3673 -0.8996
vn 0.6121 0.0954 -0.7850
vn -0.9376 0.2731 -0.2154
vn -0.5914 -0.1902 -0.7836
vn -0.7910 -0.5502 -0.2675
vn 0.3513 -0.8739 -0.3360
vn -0.2940 -0.9336 -0.2048
vn -0.1520 -0.6656 -0.7307
vn -0.8563 0.3174 0.4074
vn -0.8249 -0.4844 0.2913
vn -0.4787 -0.3041 0.8236
vn 0.3445 -0.9130 0.2187
vn 0.0332 -0.6645 0.7465
vn -0.3215 -0.8944 0.3108
vn -0.4128 0.7510 0.5154
vn -0.1603 0.1347 0.9778
vn 0.3443 0.5144 0.7854
vn 0.7182 -0.5541 0.4209
vn 0.7656 0.0681 0.6397
vn 0.3378 -0.2749 0.9002
vn 0.3026 0.7567 -0.5795
vn -0.4283 0.8786 -0.2112
vn 0.8099 0.1602 -0.5643
vn 0.8528 -0.4484 -0.2677
vn 0.7820 0.5699 0.2525
vn 0.7470 0.5699 -0.3424
vn 0.0433 -0.0900 -0.9950
vn 0.4555 0.3094 -0.8348
vn -0.4730 0.0050 -0.8810
vn -0.7547 0.5623 -0.3380
vn 0.0964 -0.5313 -0.8417
vn 0.5522 -0.7397 -0.3846
vn -0.5885 -0.7583 -0.2803
vn -0.3687 -0.5115 -0.7762
vn -0.8866 -0.4595 0.0521
vn -0.9287 0.3669 0.0546
vn -0.2841 -0.9587 0.0167
vn 0.3920 -0.9197 -0.0230
vn -0.2753 -0.5115 0.8140
vn -0.5516 -0.7583 0.3473
vn -0.3666 0.0050 0.9304
vn -0.7099 0.5623 0.4241
vn 0.1943 -0.5313 0.8246
vn 0.5935 -0.7397 0.3173
vn 0.5501 0.3094 0.7757
vn 0.1595 -0.0900 0.9831
vn 0.3684 0.7567 0.5400
vn -0.4006 0.8786 0.2599
vn 0.8704 0.1602 0.4655
vn 0.8783 -0.4484 0.1660
vn -0.7036 0.7094 0.0413
vn 0.6159 0.4847 -0.6211
vn 0.6844 0.4847 0.5447
vn 0.7036 -0.7094 -0.0413
vn -0.1917 -0.2981 -0.9351
vn -0.6224 -0.7818 0.0366
vn -0.0809 -0.2981 0.9511
vn 0.0407 0.9975 -0.0571
vn 0.6878 0.6620 0.2979
vn 0.7143 0.6009 -0.3589
vn 0.8459 -0.5329 -0.0245
vn 0.9149 0.0045 -0.4037
vn 0.9769 0.0896 0.1942
vn -0.3619 0.7903 -0.4944
vn 0.3477 0.5210 -0.7795
vn -0.1527 0.1391 -0.9784
vn 0.5624 -0.6715 -0.4825
vn 0.1068 -0.4300 -0.8965
vn 0.5935 -0.0798 -0.8009
vn -0.8396 0.5052 -0.1996
vn -0.6424 -0.0411 -0.7653
vn -0.9143 -0.3286 -0.2369
vn 0.1018 -0.9403 -0.3246
vn -0.5329 -0.8274 -0.1772
vn -0.3407 -0.6139 -0.7121
vn -0.7322 0.5363 0.4199
vn -0.9142 -0.2476 0.3209
vn -0.5181 -0.1558 0.8410
vn 0.1006 -0.9678 0.2308
vn -0.1202 -0.6386 0.7601
vn -0.5347 -0.7745 0.3379
vn -0.1881 0.8405 0.5080
vn -0.0921 0.1869 0.9780
vn 0.4884 0.4186 0.7656
vn 0.5605 -0.7159 0.4163
vn 0.7746 -0.1244 0.6201
vn 0.2796 -0.3397 0.8980
vn 0.4730 0.6424 -0.6029
vn -0.1902 0.9566 -0.2206
vn 0.8075 -0.0656 -0.5863
vn 0.6985 -0.6596 -0.2774
vn 0.9103 0.3496 0.2217
vn 0.8598 0.3496 -0.3721
vn -0.0096 -0.1135 -0.9935
vn 0.4967 0.1668 -0.8517
vn -0.4799 0.1149 -0.8697
vn -0.5911 0.7347 -0.3329
vn -0.0692 -0.5509 -0.8317
vn 0.3293 -0.8641 -0.3808
vn -0.7735 -0.5825 -0.2498
vn -0.5110 -0.4092 -0.7559
vn -0.9739 -0.2112 0.0828
vn -0.7990 0.5975 0.0679
vn -0.5236 -0.8508 0.0445
vn 0.1379 -0.9904 -0.0117
vn -0.3761 -0.4092 0.8313
vn -0.7203 -0.5825 0.3767
vn -0.3263 0.1149 0.9383
vn -0.5265 0.7347 0.4278
vn 0.0722 -0.5509 0.8315
vn 0.3888 -0.8641 0.3198
vn 0.6333 0.1668 0.7557
vn 0.1581 -0.1135 0.9809
vn 0.5680 0.6424 0.5145
vn -0.1502 0.9566 0.2495
vn 0.8948 -0.0656 0.4416
vn 0.7353 -0.6596 0.1556
vn -0.4929 0.8691 0.0419
vn 0.7033 0.2974 -0.6457
vn 0.8022 0.2974 0.5178
vn 0.4929 -0.8691 -0.0419
vn -0.2890 -0.2520 -0.9236
vn -0.8034 -0.5915 0.0683
vn -0.1290 -0.2520 0.9591
vn 0.5934 -0.8018 0.0702
vn 0.9181 -0.2349 -0.3193
vn 0.9354 -0.1451 0.3224
vn 0.4043 0.9139 -0.0367
vn 0.7974 0.4829 0.3619
vn 0.8740 0.4117 -0.2580
vn 0.1775 -0.8416 0.5101
vn 0.6086 -0.2622 0.7489
vn 0.0005 -0.2355 0.9719
vn 0.0978 0.8851 0.4549
vn -0.1248 0.3934 0.9109
vn 0.4910 0.3770 0.7853
vn -0.3672 -0.8963 0.2487
vn -0.4980 -0.3715 0.7835
vn -0.9028 -0.3270 0.2793
vn -0.4621 0.8293 0.3142
vn -0.9291 0.3116 0.1994
vn -0.6147 0.2676 0.7420
vn -0.2879 -0.8903 -0.3527
vn -0.8724 -0.4118 -0.2633
vn -0.5262 -0.2931 -0.7983
vn -0.5017 0.8236 -0.2645
vn -0.5040 0.3506 -0.7894
vn -0.9151 0.2345 -0.3281
vn 0.3057 -0.8319 -0.4630
vn 0.0028 -0.3273 -0.9449
vn 0.6099 -0.1806 -0.7716
vn 0.0337 0.8759 -0.4813
vn 0.5631 0.4564 -0.6889
vn 0.0050 0.3236 -0.9462
vn 0.7688 -0.2848 0.5725
vn 0.3995 -0.8838 0.2436
vn 0.6695 0.4958 0.5531
vn 0.2089 0.9503 0.2308
vn 0.9518 0.1428 -0.2715
vn 0.9329 0.1428 0.3306
vn -0.0283 0.0498 0.9984
vn 0.5473 0.1062 0.8301
vn -0.2789 -0.3875 0.8787
vn -0.0420 -0.9270 0.3726
vn -0.3470 0.3962 0.8501
vn -0.2196 0.9083 0.3560
vn -0.9571 -0.0443 0.2862
vn -0.6202 -0.0094 0.7844
vn -0.8921 -0.4510 -0.0279
vn -0.3003 -0.9538 -0.0094
vn -0.9419 0.3347 -0.0295
vn -0.4703 0.8824 -0.0147
vn -0.5699 -0.0094 -0.8217
vn -0.9373 -0.0443 -0.3456
vn -0.2234 -0.3875 -0.8944
vn -0.0186 -0.9270 -0.3745
vn -0.2931 0.3962 -0.8701
vn -0.1968 0.9083 -0.3691
vn 0.5982 0.1062 -0.7943
vn 0.0342 0.0498 -0.9982
vn 0.8031 -0.2848 -0.5233
vn 0.4139 -0.8838 -0.2181
vn 0.7028 0.4958 -0.5101
vn 0.2229 0.9503 -0.2173
vn 0.0984 -0.9951 0.0031
vn 0.7815 0.1212 0.6120
vn 0.8183 0.1212 -0.5619
vn -0.0984 0.9951 -0.0031
vn -0.3410 0.0112 0.9400
vn -0.9979 -0.0568 -0.0313
vn -0.2815 0.0112 -0.9595
vn 0.5638 -0.8245 0.0478
vn 0.8954 -0.2702 -0.3539
vn 0.9406 -0.1819 0.2866
vn 0.4380 0.8974 -0.0523
vn 0.8289 0.4508 0.3312
vn 0.8790 0.3775 -0.2912
vn 0.1637 -0.8485 0.5032
vn 0.6259 -0.2867 0.7253
vn 0.0283 -0.2365 0.9712
vn 0.1496 0.8801 0.4507
vn -0.0745 0.3968 0.9149
vn 0.5349 0.3566 0.7660
vn -0.3923 -0.8815 0.2627
vn -0.4820 -0.3527 0.8020
vn -0.9037 -0.2918 0.3135
vn -0.4170 0.8464 0.3313
vn -0.9079 0.3475 0.2345
vn -0.5751 0.2905 0.7648
vn -0.3358 -0.8779 -0.3413
vn -0.8972 -0.3770 -0.2298
vn -0.5672 -0.2713 -0.7776
vn -0.4788 0.8429 -0.2454
vn -0.5195 0.3710 -0.7697
vn -0.9170 0.2706 -0.2932
vn 0.2551 -0.8427 -0.4741
vn -0.0459 -0.3260 -0.9442
vn 0.5726 -0.2034 -0.7942
vn 0.0496 0.8745 -0.4825
vn 0.5539 0.4349 -0.7100
vn -0.0183 0.3243 -0.9458
vn 0.7783 -0.3154 0.5429
vn 0.3735 -0.8990 0.2285
vn 0.7090 0.4686 0.5271
vn 0.2546 0.9411 0.2225
vn 0.9456 0.1058 -0.3076
vn 0.9497 0.1058 0.2948
vn 0.0116 0.0496 0.9987
vn 0.5822 0.0837 0.8087
vn -0.2602 -0.3774 0.8887
vn -0.0640 -0.9252 0.3742
vn -0.2986 0.4085 0.8626
vn -0.1701 0.9158 0.3639
vn -0.9466 -0.0071 0.3225
vn -0.5898 0.0139 0.8074
vn -0.9095 -0.4157 0.0061
vn -0.3376 -0.9413 0.0023
vn -0.9285 0.3713 0.0063
vn -0.4356 0.9001 0.0029
vn -0.6007 0.0139 -0.7994
vn -0.9508 -0.0071 -0.3097
vn -0.2722 -0.3774 -0.8852
vn -0.0691 -0.9252 -0.3733
vn -0.3102 0.4085 -0.8584
vn -0.1750 0.9158 -0.3615
vn 0.5713 0.0837 -0.8165
vn -0.0019 0.0496 -0.9988
vn 0.7709 -0.3154 -0.5534
vn 0.3704 -0.8990 -0.2335
vn 0.7018 0.4686 -0.5366
vn 0.2515 0.9411 -0.2259
vn 0.0594 -0.9982 -0.0004
vn 0.8083 0.0898 0.5818
vn 0.8004 0.0898 -0.5927
vn -0.0594 0.9982 0.0004
vn -0.3043 0.0234 0.9523
vn -0.9998 -0.0176 0.0067
vn -0.3171 0.0234 -0.9481
vn 0.4849 -0.8727 0.0575
vn 0.8734 -0.3513 -0.3374
vn 0.9145 -0.2671 0.3040
vn 0.5193 0.8535 -0.0431
vn 0.8603 0.3733 0.3471
vn 0.9152 0.2953 -0.2742
vn 0.0759 -0.8597 0.5052
vn 0.5833 -0.3424 0.7366
vn -0.0117 -0.2375 0.9713
vn 0.2211 0.8629 0.4544
vn -0.0551 0.4026 0.9137
vn 0.5508 0.3066 0.7763
vn -0.4762 -0.8418 0.2543
vn -0.5273 -0.3066 0.7925
vn -0.9323 -0.2076 0.2962
vn -0.3439 0.8812 0.3244
vn -0.8765 0.4293 0.2178
vn -0.5603 0.3424 0.7542
vn -0.4083 -0.8437 -0.3485
vn -0.9235 -0.2934 -0.2470
vn -0.5750 -0.2187 -0.7884
vn -0.3949 0.8831 -0.2534
vn -0.4688 0.4165 -0.7789
vn -0.8827 0.3532 -0.3100
vn 0.1857 -0.8628 -0.4702
vn -0.0579 -0.3211 -0.9453
vn 0.5664 -0.2555 -0.7836
vn 0.1385 0.8660 -0.4805
vn 0.6046 0.3819 -0.6990
vn 0.0292 0.3241 -0.9456
vn 0.7358 -0.3850 0.5571
vn 0.2853 -0.9293 0.2344
vn 0.7389 0.4020 0.5408
vn 0.3354 0.9140 0.2282
vn 0.9569 0.0186 -0.2897
vn 0.9497 0.0186 0.3127
vn -0.0026 0.0490 0.9988
vn 0.5722 0.0305 0.8196
vn -0.3103 -0.3514 0.8833
vn -0.1555 -0.9152 0.3719
vn -0.2761 0.4346 0.8573
vn -0.0924 0.9277 0.3616
vn -0.9491 0.0797 0.3047
vn -0.6011 0.0683 0.7962
vn -0.9437 -0.3306 -0.0114
vn -0.4223 -0.9064 -0.0051
vn -0.8905 0.4548 -0.0107
vn -0.3514 0.9362 -0.0042
vn -0.5818 0.0683 -0.8105
vn -0.9415 0.0797 -0.3274
vn -0.2890 -0.3514 -0.8905
vn -0.1465 -0.9152 -0.3755
vn -0.2554 0.4346 -0.8637
vn -0.0836 0.9277 -0.3638
vn 0.5918 0.0305 -0.8055
vn 0.0214 0.0490 -0.9986
vn 0.7490 -0.3850 -0.5392
vn 0.2909 -0.9293 -0.2275
vn 0.7517 0.4020 -0.5228
vn 0.3408 0.9140 -0.2201
vn -0.0322 -0.9995 -0.0004
vn 0.8021 0.0158 0.5970
vn 0.8163 0.0158 -0.5775
vn 0.0322 0.9995 0.0004
vn -0.3187 0.0517 0.9465
vn -0.9972 0.0740 -0.0120
vn -0.2958 0.0517 -0.9539
vn -0.5655 -0.8061 0.1744
vn -0.7552 -0.2246 0.6158
vn -0.9623 -0.1996 0.1849
vn -0.3738 0.9029 0.2121
vn -0.8439 0.4853 0.2285
vn -0.6843 0.4661 0.5609
vn -0.5255 -0.7904 -0.3147
vn -0.9619 -0.1859 -0.2006
vn -0.7539 -0.1800 -0.6318
vn -0.3580 0.9162 -0.1800
vn -0.6831 0.5049 -0.5276
vn -0.8435 0.5004 -0.1950
vn -0.1184 -0.7994 -0.5890
vn -0.4524 -0.1853 -0.8723
vn 0.0139 -0.2030 -0.9791
vn -0.0416 0.9099 -0.4126
vn 0.0078 0.4855 -0.8742
vn -0.3518 0.4991 -0.7919
vn 0.3493 -0.8262 -0.4420
vn 0.3895 -0.2234 -0.8935
vn 0.7630 -0.2513 -0.5955
vn 0.3370 0.8888 -0.3106
vn 0.7086 0.4415 -0.5503
vn 0.4205 0.4631 -0.7802
vn 0.5253 -0.8507 0.0157
vn 0.9299 -0.2715 -0.2483
vn 0.9294 -0.2886 0.2301
vn 0.4928 0.8688 0.0494
vn 0.8916 0.4063 0.2002
vn 0.8919 0.4194 -0.1688
vn 0.2772 -0.8544 0.4394
vn 0.7618 -0.2933 0.5776
vn 0.3877 -0.2867 0.8761
vn 0.3084 0.8649 0.3961
vn 0.4189 0.4062 0.8121
vn 0.7075 0.4011 0.5819
vn -0.2083 -0.8346 0.5100
vn 0.0119 -0.2724 0.9621
vn -0.4542 -0.2471 0.8559
vn -0.0772 0.8801 0.4685
vn -0.3535 0.4414 0.8248
vn 0.0060 0.4218 0.9066
vn -0.9690 -0.2470 -0.0098
vn -0.4681 -0.8831 -0.0320
vn -0.8324 0.5538 0.0189
vn -0.3116 0.9496 0.0336
vn -0.7427 0.2058 0.6373
vn -0.9517 0.2310 0.2022
vn -0.7735 0.2493 -0.5828
vn -0.9402 0.2447 -0.2370
vn -0.6084 -0.2369 -0.7574
vn -0.3072 -0.8786 -0.3657
vn -0.5094 0.5628 -0.6509
vn -0.1778 0.9534 -0.2439
vn -0.0171 0.2284 -0.9734
vn -0.3911 0.2426 -0.8878
vn 0.2002 -0.2675 -0.9425
vn 0.0537 -0.8923 -0.4483
vn 0.2151 0.5353 -0.8168
vn 0.1223 0.9420 -0.3126
vn 0.7588 0.1802 -0.6259
vn 0.4592 0.2026 -0.8649
vn 0.8479 -0.3159 -0.4257
vn 0.3428 -0.9139 -0.2177
vn 0.7955 0.4920 -0.3537
vn 0.3627 0.9240 -0.1207
vn 0.9700 0.1410 0.1981
vn 0.9704 0.1547 -0.1856
vn 0.8471 -0.3456 0.4038
vn 0.3424 -0.9271 0.1526
vn 0.7947 0.4654 0.3896
vn 0.3624 0.9130 0.1871
vn 0.4574 0.1403 0.8781
vn 0.7575 0.1350 0.6387
vn 0.1982 -0.3341 0.9214
vn 0.0528 -0.9220 0.3836
vn 0.2134 0.4757 0.8533
vn 0.1216 0.9173 0.3792
vn -0.3929 0.1787 0.9021
vn -0.0191 0.1584 0.9872
vn -0.6100 -0.2903 0.7373
vn -0.3079 -0.9024 0.3014
vn -0.5108 0.5150 0.6884
vn -0.1783 0.9336 0.3109
vn -0.0461 -0.9983 -0.0357
vn -0.9749 0.2224 0.0069
vn -0.6056 0.1778 0.7757
vn 0.0461 0.9983 0.0357
vn -0.6040 0.2328 -0.7622
vn 0.2279 0.2012 -0.9527
vn 0.8944 0.1514 -0.4210
vn 0.8935 0.1209 0.4325
vn 0.2260 0.1327 0.9651
vn 0.4586 -0.8136 -0.3575
vn 0.5486 -0.2206 -0.8065
vn 0.8648 -0.2265 -0.4481
vn 0.3452 0.9001 -0.2658
vn 0.7746 0.4643 -0.4294
vn 0.5301 0.4689 -0.7065
vn 0.5527 -0.8243 0.1227
vn 0.9690 -0.2345 -0.0777
vn 0.8860 -0.2465 0.3928
vn 0.4370 0.8917 0.1181
vn 0.8258 0.4462 0.3448
vn 0.8901 0.4555 -0.0191
vn 0.2359 -0.8359 0.4956
vn 0.6613 -0.2559 0.7051
vn 0.2416 -0.2649 0.9335
vn 0.1940 0.8822 0.4291
vn 0.2523 0.4288 0.8674
vn 0.5770 0.4358 0.6908
vn -0.2533 -0.8397 0.4804
vn -0.1428 -0.2686 0.9526
vn -0.5832 -0.2678 0.7669
vn -0.2007 0.8788 0.4330
vn -0.5140 0.4253 0.7449
vn -0.1734 0.4247 0.8886
vn -0.5465 -0.8327 0.0886
vn -0.8378 -0.2631 0.4783
vn -0.9673 -0.2531 0.0184
vn -0.4499 0.8840 0.1269
vn -0.8961 0.4383 0.0695
vn -0.7960 0.4306 0.4253
vn -0.4230 -0.8204 -0.3849
vn -0.9004 -0.2435 -0.3605
vn -0.6214 -0.2319 -0.7484
vn -0.3660 0.8939 -0.2587
vn -0.6063 0.4580 -0.6502
vn -0.8221 0.4490 -0.3501
vn 0.0243 -0.8118 -0.5834
vn -0.2834 -0.2246 -0.9323
vn 0.1939 -0.2200 -0.9560
vn -0.0121 0.9011 -0.4334
vn 0.1373 0.4696 -0.8722
vn -0.2320 0.4660 -0.8538
vn 0.9214 -0.2840 -0.2653
vn 0.4178 -0.8981 -0.1369
vn 0.8239 0.5221 -0.2205
vn 0.3352 0.9392 -0.0740
vn 0.5525 0.2078 -0.8072
vn 0.8730 0.2018 -0.4440
vn 0.9143 0.1833 0.3613
vn 0.9811 0.1930 -0.0173
vn 0.7775 -0.3047 0.5501
vn 0.3536 -0.9074 0.2271
vn 0.6942 0.5034 0.5145
vn 0.2815 0.9315 0.2304
vn 0.2905 0.1641 0.9427
vn 0.6282 0.1714 0.7589
vn 0.0500 -0.3203 0.9460
vn 0.0288 -0.9144 0.4038
vn 0.0385 0.4894 0.8712
vn 0.0099 0.9257 0.3782
vn -0.5532 0.1600 0.8176
vn -0.1988 0.1594 0.9670
vn -0.7132 -0.3191 0.6241
vn -0.3119 -0.9138 0.2601
vn -0.6494 0.4905 0.5811
vn -0.2751 0.9261 0.2580
vn -0.9815 0.1741 0.0801
vn -0.8773 0.1661 0.4502
vn -0.9375 -0.3019 -0.1731
vn -0.4120 -0.9061 -0.0958
vn -0.8515 0.5060 -0.1374
vn -0.3588 0.9326 -0.0396
vn -0.6719 0.1957 -0.7143
vn -0.8964 0.1864 -0.4023
vn -0.4539 -0.2817 -0.8453
vn -0.1962 -0.8971 -0.3959
vn -0.4157 0.5242 -0.7432
vn -0.1783 0.9401 -0.2905
vn 0.1425 0.2087 -0.9676
vn -0.2416 0.2050 -0.9485
vn 0.3733 -0.2737 -0.8864
vn 0.1732 -0.8936 -0.4142
vn 0.3299 0.5314 -0.7802
vn 0.1306 0.9431 -0.3059
vn 0.0084 -0.9997 -0.0239
vn 0.9472 0.1840 -0.2625
vn 0.3814 0.1946 -0.9037
vn -0.0084 0.9997 0.0239
vn 0.7987 0.1626 0.5794
vn 0.0476 0.1465 0.9881
vn -0.7404 0.1478 0.6558
vn -0.9719 0.1656 -0.1673
vn -0.4727 0.1864 -0.8613
vn 0.0598 -0.9132 0.4031
vn 0.5529 -0.4499 0.7014
vn -0.0427 -0.3736 0.9266
vn 0.2081 0.8028 0.5587
vn -0.0869 0.2719 0.9584
vn 0.5304 0.1869 0.8269
vn -0.4749 -0.8684 0.1427
vn -0.5459 -0.4190 0.7256
vn -0.9331 -0.2709 0.2363
vn -0.3625 0.8364 0.4111
vn -0.8966 0.3759 0.2342
vn -0.5920 0.2270 0.7733
vn -0.3895 -0.8068 -0.4443
vn -0.9051 -0.2951 -0.3061
vn -0.5454 -0.1670 -0.8214
vn -0.3959 0.9015 -0.1747
vn -0.4517 0.4708 -0.7578
vn -0.8841 0.3539 -0.3051
vn 0.1981 -0.8135 -0.5468
vn -0.0283 -0.2495 -0.9680
vn 0.5847 -0.2056 -0.7848
vn 0.1541 0.9082 -0.3892
vn 0.6330 0.4255 -0.6467
vn 0.0579 0.3922 -0.9180
vn 0.4757 -0.8793 -0.0231
vn 0.8727 -0.3451 -0.3453
vn 0.8953 -0.3333 0.2955
vn 0.5274 0.8472 0.0641
vn 0.8585 0.3026 0.4140
vn 0.9321 0.2890 -0.2184
vn -0.3345 -0.4682 0.8178
vn -0.1640 -0.9510 0.2622
vn -0.3084 0.3151 0.8976
vn -0.1071 0.8813 0.4602
vn 0.5456 -0.0964 0.8325
vn -0.0355 -0.0964 0.9947
vn -0.9607 0.0103 0.2775
vn -0.6278 -0.0545 0.7765
vn -0.9327 -0.3518 -0.0789
vn -0.4161 -0.9019 -0.1157
vn -0.9025 0.4307 0.0070
vn -0.3575 0.9300 0.0848
vn -0.5578 0.1182 -0.8215
vn -0.9331 0.0782 -0.3509
vn -0.2582 -0.2799 -0.9247
vn -0.1318 -0.8716 -0.4722
vn -0.2325 0.5021 -0.8330
vn -0.0752 0.9601 -0.2692
vn 0.6164 0.0782 -0.7835
vn 0.0516 0.1182 -0.9916
vn 0.7570 -0.3518 -0.5506
vn 0.2960 -0.9019 -0.3145
vn 0.7756 0.4307 -0.4615
vn 0.3498 0.9300 -0.1126
vn 0.9392 -0.0545 0.3390
vn 0.9655 0.0103 -0.2603
vn 0.7098 -0.4682 0.5263
vn 0.2761 -0.9510 0.1394
vn 0.7287 0.3151 0.6080
vn 0.3300 0.8813 0.3382
vn -0.0304 -0.9936 -0.1087
vn -0.3497 -0.0818 0.9333
vn 0.7825 -0.0818 0.6172
vn 0.0304 0.9936 0.1087
vn -0.9983 0.0444 -0.0390
vn -0.2669 0.1223 -0.9559
vn 0.8337 0.0444 -0.5504
vn 0.0900 -0.8582 0.5053
vn 0.5681 -0.3480 0.7458
vn -0.0294 -0.2655 0.9637
vn 0.1826 0.8682 0.4615
vn -0.0945 0.3776 0.9211
vn 0.5251 0.2979 0.7972
vn -0.4462 -0.8610 0.2441
vn -0.5311 -0.3499 0.7717
vn -0.9235 -0.2718 0.2706
vn -0.3890 0.8661 0.3138
vn -0.9081 0.3713 0.1937
vn -0.5981 0.2955 0.7449
vn -0.3635 -0.8647 -0.3465
vn -0.8954 -0.3574 -0.2656
vn -0.5406 -0.2781 -0.7940
vn -0.4253 0.8622 -0.2754
vn -0.4677 0.3655 -0.8048
vn -0.8955 0.2878 -0.3395
vn 0.2238 -0.8643 -0.4504
vn -0.0214 -0.3602 -0.9326
vn 0.5901 -0.2757 -0.7588
vn 0.1240 0.8618 -0.4920
vn 0.6181 0.3683 -0.6945
vn 0.0439 0.2854 -0.9574
vn 0.5041 -0.8603 0.0760
vn 0.8831 -0.3544 -0.3076
vn 0.9061 -0.2680 0.3275
vn 0.4996 0.8655 -0.0365
vn 0.8487 0.3758 0.3722
vn 0.9219 0.2917 -0.2549
vn -0.3181 -0.3813 0.8680
vn -0.1327 -0.9192 0.3708
vn -0.3174 0.4064 0.8568
vn -0.1352 0.9246 0.3562
vn 0.5495 0.0178 0.8353
vn -0.0311 0.0178 0.9994
vn -0.9602 0.0113 0.2792
vn -0.6248 0.0152 0.7807
vn -0.9209 -0.3884 -0.0332
vn -0.3867 -0.9222 -0.0090
vn -0.9160 0.3993 -0.0382
vn -0.3875 0.9216 -0.0211
vn -0.5623 0.0047 -0.8269
vn -0.9356 0.0072 -0.3529
vn -0.2500 -0.3928 -0.8850
vn -0.1040 -0.9240 -0.3680
vn -0.2498 0.3950 -0.8841
vn -0.1067 0.9198 -0.3776
vn 0.6126 0.0072 -0.7903
vn 0.0465 0.0047 -0.9989
vn 0.7674 -0.3884 -0.5102
vn 0.3248 -0.9222 -0.2100
vn 0.7606 0.3993 -0.5119
vn 0.3192 0.9216 -0.2207
vn 0.9409 0.0152 0.3383
vn 0.9643 0.0113 -0.2645
vn 0.7253 -0.3813 0.5732
vn 0.3071 -0.9192 0.2466
vn 0.7188 0.4064 0.5641
vn 0.3016 0.9246 0.2328
vn 0.0019 -1.0000 0.0066
vn -0.3457 0.0151 0.9382
vn 0.7855 0.0151 0.6186
vn -0.0019 1.0000 -0.0066
vn -0.9992 0.0074 -0.0389
vn -0.2719 0.0027 -0.9623
vn 0.8312 0.0074 -0.5560
vn 0.1475 -0.8312 0.5361
vn 0.6349 -0.3032 0.7107
vn 0.0564 -0.2184 0.9742
vn 0.2051 0.8921 0.4025
vn -0.0235 0.4209 0.9068
vn 0.5848 0.3438 0.7347
vn -0.4087 -0.8541 0.3218
vn -0.4580 -0.3190 0.8297
vn -0.8925 -0.2709 0.3605
vn -0.3767 0.8750 0.3041
vn -0.8951 0.3677 0.2521
vn -0.5387 0.3233 0.7780
vn -0.3758 -0.8856 -0.2729
vn -0.9080 -0.3823 -0.1714
vn -0.6004 -0.3241 -0.7311
vn -0.4623 0.8417 -0.2791
vn -0.5401 0.3192 -0.7787
vn -0.9259 0.2584 -0.2757
vn 0.2005 -0.8821 -0.4261
vn -0.0932 -0.4056 -0.9093
vn 0.5291 -0.3044 -0.7921
vn 0.0667 0.8383 -0.5411
vn 0.5509 0.3424 -0.7612
vn -0.0418 0.2388 -0.9702
vn 0.5240 -0.8485 0.0739
vn 0.8603 -0.3567 -0.3641
vn 0.9350 -0.2391 0.2619
vn 0.4792 0.8695 -0.1199
vn 0.8701 0.4052 0.2805
vn 0.8919 0.2916 -0.3457
vn -0.2372 -0.3428 0.9090
vn -0.0846 -0.9017 0.4241
vn -0.2515 0.4434 0.8603
vn -0.1213 0.9389 0.3220
vn 0.6173 0.0662 0.7839
vn 0.0526 0.0662 0.9964
vn -0.9334 0.0117 0.3587
vn -0.5571 0.0448 0.8292
vn -0.9133 -0.4023 0.0635
vn -0.3695 -0.9267 0.0677
vn -0.9230 0.3843 0.0206
vn -0.4044 0.9140 -0.0320
vn -0.6298 -0.0435 -0.7755
vn -0.9619 -0.0231 -0.2723
vn -0.3164 -0.4390 -0.8409
vn -0.1179 -0.9423 -0.3135
vn -0.3302 0.3477 -0.8775
vn -0.1545 0.8986 -0.4106
vn 0.5438 -0.0231 -0.8389
vn -0.0377 -0.0435 -0.9983
vn 0.7286 -0.4023 -0.5543
vn 0.3225 -0.9268 -0.1927
vn 0.7076 0.3843 -0.5929
vn 0.2830 0.9140 -0.2906
vn 0.9656 0.0448 0.2562
vn 0.9383 0.0117 -0.3455
vn 0.7776 -0.3428 0.5271
vn 0.3432 -0.9017 0.2631
vn 0.7563 0.4434 0.4811
vn 0.3035 0.9389 0.1621
vn 0.0203 -0.9983 0.0540
vn -0.2659 0.0562 0.9624
vn 0.8343 0.0562 0.5484
vn -0.0203 0.9983 -0.0540
vn -0.9989 -0.0083 0.0457
vn -0.3518 -0.0482 -0.9348
vn 0.7813 -0.0083 -0.6242
vn 0.4296 -0.9014 0.0542
vn 0.8394 -0.4263 -0.3372
vn 0.8888 -0.3485 0.2975
vn 0.5715 0.8193 -0.0457
vn 0.8889 0.2973 0.3485
vn 0.9357 0.2134 -0.2810
vn 0.0304 -0.8678 0.4961
vn 0.5579 -0.4031 0.7254
vn -0.0234 -0.2715 0.9622
vn 0.2710 0.8445 0.4619
vn -0.0337 0.3753 0.9263
vn 0.5727 0.2435 0.7828
vn -0.5117 -0.8215 0.2515
vn -0.5360 -0.3102 0.7852
vn -0.9351 -0.1936 0.2969
vn -0.3028 0.8934 0.3319
vn -0.8662 0.4465 0.2243
vn -0.5476 0.3387 0.7651
vn -0.4474 -0.8266 -0.3414
vn -0.9306 -0.2760 -0.2405
vn -0.5863 -0.2225 -0.7789
vn -0.3570 0.8984 -0.2559
vn -0.4582 0.4125 -0.7873
vn -0.8770 0.3674 -0.3096
vn 0.1343 -0.8759 -0.4634
vn -0.0806 -0.3478 -0.9341
vn 0.5409 -0.3182 -0.7786
vn 0.1834 0.8526 -0.4893
vn 0.6265 0.3203 -0.7105
vn 0.0397 0.2900 -0.9562
vn 0.7064 -0.4482 0.5478
vn 0.2335 -0.9447 0.2304
vn 0.7680 0.3371 0.5446
vn 0.3875 0.8927 0.2301
vn 0.9533 -0.0695 -0.2940
vn 0.9484 -0.0695 0.3093
vn 0.0006 0.0105 0.9999
vn 0.5738 -0.0380 0.8181
vn -0.3237 -0.3610 0.8746
vn -0.2006 -0.9079 0.3681
vn -0.2551 0.4238 0.8691
vn -0.0438 0.9293 0.3668
vn -0.9467 0.0915 0.3087
vn -0.5973 0.0615 0.7996
vn -0.9517 -0.3070 -0.0077
vn -0.4653 -0.8851 -0.0037
vn -0.8787 0.4774 -0.0071
vn -0.3066 0.9518 -0.0025
vn -0.5844 0.0615 -0.8091
vn -0.9417 0.0915 -0.3239
vn -0.3096 -0.3610 -0.8797
vn -0.1947 -0.9079 -0.3713
vn -0.2410 0.4238 -0.8731
vn -0.0378 0.9293 -0.3675
vn 0.5869 -0.0380 -0.8088
vn 0.0167 0.0105 -0.9998
vn 0.7151 -0.4482 -0.5364
vn 0.2372 -0.9447 -0.2266
vn 0.7766 0.3371 -0.5322
vn 0.3911 0.8927 -0.2238
vn -0.0846 -0.9964 -0.0007
vn 0.8021 -0.0590 0.5942
vn 0.8116 -0.0590 -0.5812
vn 0.0846 0.9964 0.0007
vn -0.3147 0.0357 0.9485
vn -0.9955 0.0941 -0.0080
vn -0.2994 0.0357 -0.9535
vn 0.4800 -0.8740 0.0751
vn 0.8769 -0.3755 -0.3000
vn 0.8946 -0.2946 0.3359
vn 0.5230 0.8520 -0.0239
vn 0.8540 0.3501 0.3850
vn 0.9323 0.2689 -0.2418
vn 0.0610 -0.8642 0.4995
vn 0.5497 -0.3687 0.7496
vn -0.0480 -0.2719 0.9611
vn 0.2002 0.8594 0.4704
vn -0.0954 0.3730 0.9229
vn 0.5233 0.2777 0.8056
vn -0.4719 -0.8505 0.2321
vn -0.5494 -0.3414 0.7627
vn -0.9336 -0.2490 0.2576
vn -0.3695 0.8738 0.3161
vn -0.9001 0.3940 0.1860
vn -0.5989 0.3057 0.7402
vn -0.3823 -0.8520 -0.3576
vn -0.9014 -0.3313 -0.2789
vn -0.5384 -0.2575 -0.8024
vn -0.3988 0.8753 -0.2735
vn -0.4482 0.3840 -0.8073
vn -0.8834 0.3142 -0.3477
vn 0.2060 -0.8666 -0.4546
vn -0.0199 -0.3524 -0.9356
vn 0.5915 -0.2857 -0.7540
vn 0.1527 0.8618 -0.4837
vn 0.6359 0.3568 -0.6843
vn 0.0629 0.2914 -0.9545
vn 0.7080 -0.4049 0.5786
vn 0.2795 -0.9289 0.2429
vn 0.7226 0.3827 0.5756
vn 0.3234 0.9144 0.2436
vn 0.9674 -0.0125 -0.2531
vn 0.9369 -0.0125 0.3494
vn -0.0425 0.0110 0.9990
vn 0.5398 -0.0033 0.8418
vn -0.3385 -0.3792 0.8612
vn -0.1615 -0.9181 0.3620
vn -0.3166 0.4082 0.8562
vn -0.1147 0.9251 0.3619
vn -0.9628 0.0349 0.2680
vn -0.6334 0.0260 0.7734
vn -0.9305 -0.3634 -0.0471
vn -0.4110 -0.9114 -0.0208
vn -0.9045 0.4240 -0.0458
vn -0.3625 0.9318 -0.0183
vn -0.5521 0.0260 -0.8334
vn -0.9308 0.0349 -0.3638
vn -0.2499 -0.3793 -0.8909
vn -0.1242 -0.9181 -0.3765
vn -0.2286 0.4082 -0.8838
vn -0.0776 0.9251 -0.3716
vn 0.6220 -0.0033 -0.7830
vn 0.0585 0.0110 -0.9982
vn 0.7627 -0.4049 -0.5042
vn 0.3026 -0.9289 -0.2135
vn 0.7770 0.3827 -0.4998
vn 0.3463 0.9144 -0.2097
vn -0.0249 -0.9997 -0.0013
vn 0.7782 -0.0106 0.6279
vn 0.8376 -0.0106 -0.5461
vn 0.0249 0.9997 0.0013
vn -0.3563 0.0172 0.9342
vn -0.9981 0.0345 -0.0505
vn -0.2602 0.0172 -0.9654
vn 0.5794 -0.8123 0.0673
vn 0.9077 -0.2735 -0.3182
vn 0.9298 -0.1873 0.3169
vn 0.4203 0.9066 -0.0383
vn 0.8159 0.4486 0.3647
vn 0.8895 0.3733 -0.2634
vn 0.1714 -0.8484 0.5009
vn 0.6048 -0.2983 0.7384
vn 0.0047 -0.2700 0.9628
vn 0.1097 0.8795 0.4630
vn -0.1177 0.3649 0.9236
vn 0.5051 0.3410 0.7928
vn -0.3653 -0.8980 0.2454
vn -0.4895 -0.3981 0.7759
vn -0.8927 -0.3537 0.2792
vn -0.4611 0.8271 0.3214
vn -0.9353 0.2885 0.2048
vn -0.6140 0.2388 0.7523
vn -0.2890 -0.8926 -0.3461
vn -0.8629 -0.4348 -0.2576
vn -0.5223 -0.3226 -0.7893
vn -0.5032 0.8217 -0.2674
vn -0.5070 0.3249 -0.7984
vn -0.9212 0.2080 -0.3289
vn 0.2948 -0.8396 -0.4562
vn 0.0006 -0.3578 -0.9338
vn 0.6040 -0.2198 -0.7660
vn 0.0415 0.8709 -0.4898
vn 0.5753 0.4239 -0.6995
vn 0.0080 0.2911 -0.9567
vn 0.7625 -0.3171 0.5640
vn 0.3903 -0.8890 0.2397
vn 0.6859 0.4670 0.5581
vn 0.2207 0.9470 0.2333
vn 0.9566 0.0978 -0.2746
vn 0.9394 0.0978 0.3285
vn -0.0218 0.0119 0.9997
vn 0.5547 0.0640 0.8296
vn -0.2735 -0.4108 0.8697
vn -0.0464 -0.9285 0.3685
vn -0.3430 0.3739 0.8617
vn -0.2130 0.9078 0.3613
vn -0.9543 -0.0750 0.2893
vn -0.6152 -0.0428 0.7872
vn -0.8830 -0.4687 -0.0251
vn -0.3032 -0.9529 -0.0086
vn -0.9483 0.3164 -0.0270
vn -0.4681 0.8836 -0.0133
vn -0.5694 -0.0428 -0.8209
vn -0.9363 -0.0750 -0.3431
vn -0.2237 -0.4108 -0.8839
vn -0.0254 -0.9285 -0.3706
vn -0.2935 0.3739 -0.8798
vn -0.1921 0.9078 -0.3728
vn 0.6010 0.0640 -0.7967
vn 0.0351 0.0119 -0.9993
vn 0.7933 -0.3171 -0.5198
vn 0.4033 -0.8890 -0.2171
vn 0.7165 0.4670 -0.5182
vn 0.2336 0.9470 -0.2204
vn 0.0908 -0.9959 0.0026
vn 0.7877 0.0830 0.6104
vn 0.8211 0.0830 -0.5647
vn -0.0908 0.9959 -0.0026
vn -0.3355 -0.0186 0.9419
vn -0.9963 -0.0814 -0.0283
vn -0.2814 -0.0186 -0.9594
vn 0.1988 -0.8894 -0.4116
vn -0.0426 -0.4036 -0.9140
vn 0.5730 -0.3243 -0.7526
vn 0.1350 0.8345 -0.5343
vn 0.6155 0.3213 -0.7196
vn 0.0360 0.2386 -0.9705
vn 0.4868 -0.8665 0.1103
vn 0.8708 -0.3878 -0.3022
vn 0.9049 -0.2718 0.3276
vn 0.5173 0.8516 -0.0847
vn 0.8618 0.3744 0.3422
vn 0.9241 0.2591 -0.2810
vn 0.0792 -0.8350 0.5445
vn 0.5714 -0.3244 0.7538
vn -0.0210 -0.2187 0.9756
vn 0.2076 0.8849 0.4169
vn -0.0731 0.4230 0.9032
vn 0.5428 0.3240 0.7748
vn -0.4607 -0.8385 0.2911
vn -0.5271 -0.3011 0.7947
vn -0.9250 -0.2384 0.2957
vn -0.3660 0.8883 0.2773
vn -0.8971 0.3998 0.1880
vn -0.5809 0.3436 0.7380
vn -0.3868 -0.8721 -0.2998
vn -0.9065 -0.3500 -0.2360
vn -0.5579 -0.3037 -0.7723
vn -0.4109 0.8572 -0.3106
vn -0.4715 0.3369 -0.8149
vn -0.8941 0.2908 -0.3407
vn 0.7515 -0.4289 -0.5014
vn 0.3022 -0.9380 -0.1700
vn 0.7614 0.3578 -0.5406
vn 0.3354 0.9029 -0.2689
vn 0.0320 -0.0438 -0.9985
vn 0.6010 -0.0438 -0.7980
vn 0.9458 0.0108 0.3245
vn 0.9604 -0.0223 -0.2778
vn 0.7253 -0.3694 0.5809
vn 0.2911 -0.9129 0.2861
vn 0.7354 0.4169 0.5342
vn 0.3244 0.9278 0.1842
vn -0.0162 0.0660 0.9977
vn 0.5618 0.0455 0.8260
vn -0.3134 -0.3326 0.8895
vn -0.1466 -0.8974 0.4162
vn -0.2962 0.4535 0.8406
vn -0.1104 0.9432 0.3133
vn -0.9555 0.0455 0.2913
vn -0.6129 0.0660 0.7874
vn -0.9293 -0.3694 -0.0021
vn -0.4062 -0.9129 0.0404
vn -0.9078 0.4170 -0.0449
vn -0.3682 0.9278 -0.0599
vn -0.5741 -0.0223 -0.8185
vn -0.9403 0.0108 -0.3402
vn -0.2711 -0.4289 -0.8617
vn -0.1288 -0.9380 -0.3219
vn -0.2542 0.3578 -0.8985
vn -0.0927 0.9029 -0.4197
vn -0.0192 -0.9983 0.0544
vn 0.8229 -0.0372 -0.5669
vn -0.2857 -0.0372 -0.9576
vn 0.0192 0.9983 -0.0544
vn 0.7946 0.0274 0.6065
vn -0.3316 0.0672 0.9410
vn -0.9993 0.0274 -0.0256
vn 0.2016 -0.8611 -0.4668
vn -0.0641 -0.3529 -0.9335
vn 0.5547 -0.2707 -0.7868
vn 0.1032 0.8654 -0.4904
vn 0.5867 0.3728 -0.7189
vn 0.0012 0.2928 -0.9562
vn 0.5055 -0.8616 0.0465
vn 0.8677 -0.3532 -0.3499
vn 0.9195 -0.2718 0.2841
vn 0.4990 0.8650 -0.0524
vn 0.8653 0.3716 0.3363
vn 0.9100 0.2924 -0.2940
vn 0.1112 -0.8623 0.4940
vn 0.6006 -0.3546 0.7166
vn 0.0137 -0.2730 0.9619
vn 0.2048 0.8643 0.4594
vn -0.0521 0.3706 0.9273
vn 0.5611 0.2909 0.7749
vn -0.4363 -0.8622 0.2574
vn -0.4963 -0.3551 0.7922
vn -0.9109 -0.2726 0.3099
vn -0.3729 0.8642 0.3378
vn -0.8977 0.3711 0.2374
vn -0.5634 0.2905 0.7735
vn -0.3804 -0.8615 -0.3364
vn -0.9071 -0.3540 -0.2276
vn -0.5765 -0.2711 -0.7708
vn -0.4357 0.8649 -0.2492
vn -0.5029 0.3724 -0.7800
vn -0.9094 0.2917 -0.2964
vn 0.7428 -0.3855 -0.5473
vn 0.3134 -0.9210 -0.2316
vn 0.7374 0.4022 -0.5426
vn 0.3105 0.9229 -0.2278
vn 0.0013 0.0124 -0.9999
vn 0.5763 0.0124 -0.8171
vn 0.9552 0.0112 0.2956
vn 0.9514 0.0120 -0.3077
vn 0.7498 -0.3868 0.5369
vn 0.3163 -0.9215 0.2254
vn 0.7443 0.4009 0.5341
vn 0.3134 0.9223 0.2261
vn 0.0141 0.0100 0.9999
vn 0.5867 0.0105 0.8098
vn -0.2793 -0.3876 0.8785
vn -0.1174 -0.9218 0.3693
vn -0.2776 0.4001 0.8734
vn -0.1173 0.9220 0.3691
vn -0.9466 0.0105 0.3224
vn -0.5888 0.0100 0.8082
vn -0.9221 -0.3868 0.0054
vn -0.3884 -0.9215 0.0014
vn -0.9161 0.4009 0.0063
vn -0.3864 0.9223 0.0036
vn -0.5991 0.0120 -0.8006
vn -0.9506 0.0112 -0.3102
vn -0.2904 -0.3855 -0.8758
vn -0.1221 -0.9210 -0.3700
vn -0.2888 0.4022 -0.8688
vn -0.1220 0.9229 -0.3653
vn 0.0004 -1.0000 -0.0012
vn 0.8052 0.0106 -0.5929
vn -0.3151 0.0106 -0.9490
vn -0.0004 1.0000 0.0012
vn 0.8127 0.0091 0.5826
vn -0.3029 0.0083 0.9530
vn -0.9999 0.0091 0.0064
vn 0.2548 -0.8096 -0.5288
vn -0.0026 -0.2693 -0.9631
vn 0.6045 -0.1830 -0.7753
vn 0.1001 0.9085 -0.4057
vn 0.6113 0.4524 -0.6493
vn 0.0422 0.3774 -0.9251
vn 0.5308 -0.8475 -0.0014
vn 0.8963 -0.2954 -0.3306
vn 0.9116 -0.2699 0.3101
vn 0.4719 0.8801 0.0520
vn 0.8333 0.3645 0.4156
vn 0.9140 0.3435 -0.2158
vn 0.1135 -0.8996 0.4216
vn 0.5731 -0.4002 0.7151
vn -0.0284 -0.3578 0.9334
vn 0.1511 0.8250 0.5445
vn -0.1137 0.2841 0.9520
vn 0.5090 0.2361 0.8277
vn -0.4203 -0.8939 0.1556
vn -0.5256 -0.4388 0.7288
vn -0.9164 -0.3252 0.2333
vn -0.4190 0.8194 0.3912
vn -0.9210 0.3225 0.2186
vn -0.6131 0.2037 0.7633
vn -0.3330 -0.8383 -0.4318
vn -0.8814 -0.3579 -0.3083
vn -0.5253 -0.2171 -0.8228
vn -0.4505 0.8710 -0.1960
vn -0.4729 0.4265 -0.7710
vn -0.9016 0.2910 -0.3200
vn 0.7834 -0.3134 -0.5368
vn 0.3558 -0.8871 -0.2940
vn 0.7514 0.4702 -0.4630
vn 0.2912 0.9481 -0.1279
vn 0.0541 0.1022 -0.9933
vn 0.6182 0.1022 -0.7794
vn 0.9373 0.0119 0.3484
vn 0.9655 0.0667 -0.2518
vn 0.7327 -0.4119 0.5418
vn 0.3345 -0.9286 0.1606
vn 0.7010 0.3724 0.6082
vn 0.2700 0.9068 0.3236
vn -0.0394 -0.0794 0.9961
vn 0.5421 -0.0455 0.8391
vn -0.3125 -0.4728 0.8239
vn -0.1060 -0.9543 0.2795
vn -0.3369 0.3120 0.8884
vn -0.1675 0.8814 0.4417
vn -0.9622 -0.0455 0.2686
vn -0.6310 -0.0794 0.7717
vn -0.9077 -0.4119 -0.0803
vn -0.3569 -0.9286 -0.1016
vn -0.9280 0.3724 -0.0096
vn -0.4167 0.9069 0.0632
vn -0.5557 0.0667 -0.8287
vn -0.9326 0.0119 -0.3607
vn -0.2304 -0.3134 -0.9212
vn -0.0714 -0.8871 -0.4560
vn -0.2554 0.4702 -0.8448
vn -0.1332 0.9481 -0.2888
vn 0.0339 -0.9954 -0.0893
vn 0.8348 0.0867 -0.5437
vn -0.2643 0.0867 -0.9605
vn -0.0339 0.9954 0.0893
vn 0.7798 -0.0200 0.6257
vn -0.3533 -0.0860 0.9316
vn -0.9986 -0.0200 -0.0488
vn -0.3168 -0.9054 -0.2826
vn -0.8797 -0.4342 -0.1937
vn -0.5626 -0.3569 -0.7457
vn -0.5036 0.8139 -0.2896
vn -0.5388 0.2888 -0.7914
vn -0.9324 0.2046 -0.2979
vn 0.2619 -0.8680 -0.4218
vn -0.0473 -0.4084 -0.9116
vn 0.5650 -0.2713 -0.7792
vn 0.0308 0.8419 -0.5388
vn 0.5482 0.3755 -0.7473
vn -0.0321 0.2381 -0.9707
vn 0.5707 -0.8167 0.0860
vn 0.8882 -0.3052 -0.3433
vn 0.9408 -0.1847 0.2844
vn 0.4305 0.8962 -0.1076
vn 0.8380 0.4546 0.3019
vn 0.8815 0.3438 -0.3237
vn 0.1827 -0.8223 0.5389
vn 0.6341 -0.2672 0.7257
vn 0.0454 -0.2168 0.9751
vn 0.1430 0.9017 0.4080
vn -0.0700 0.4169 0.9063
vn 0.5458 0.3757 0.7490
vn -0.3658 -0.8771 0.3112
vn -0.4586 -0.3469 0.8181
vn -0.8837 -0.3233 0.3385
vn -0.4344 0.8509 0.2955
vn -0.9209 0.3144 0.2306
vn -0.5753 0.2897 0.7649
vn -0.2698 -0.4549 -0.8487
vn -0.0552 -0.9469 -0.3169
vn -0.3286 0.3298 -0.8850
vn -0.1966 0.8890 -0.4136
vn -0.9521 -0.0785 -0.2956
vn -0.6072 -0.0785 -0.7907
vn 0.5644 0.0105 -0.8254
vn -0.0109 -0.0435 -0.9990
vn 0.7640 -0.3579 -0.5368
vn 0.3806 -0.9060 -0.1855
vn 0.6982 0.4261 -0.5753
vn 0.2362 0.9296 -0.2830
vn 0.9548 0.1004 0.2797
vn 0.9441 0.0671 -0.3226
vn 0.7832 -0.2980 0.5456
vn 0.3887 -0.8807 0.2708
vn 0.7173 0.4857 0.4997
vn 0.2442 0.9547 0.1701
vn 0.0245 0.0671 0.9974
vn 0.5932 0.1004 0.7988
vn -0.2388 -0.3579 0.9027
vn -0.0421 -0.9060 0.4213
vn -0.2977 0.4261 0.8543
vn -0.1836 0.9296 0.3196
vn -0.9409 -0.0435 0.3359
vn -0.5787 0.0105 0.8155
vn -0.8896 -0.4549 0.0410
vn -0.3164 -0.9469 0.0581
vn -0.9441 0.3298 -0.0015
vn -0.4561 0.8890 -0.0411
vn 0.0772 -0.9956 0.0538
vn -0.3256 -0.0666 -0.9432
vn -0.9975 -0.0666 0.0214
vn -0.0772 0.9956 -0.0538
vn 0.7953 0.0386 -0.6050
vn 0.8161 0.1036 0.5685
vn -0.2919 0.0386 0.9557
vn -0.3781 -0.8532 -0.3592
vn -0.9019 -0.3394 -0.2671
vn -0.5485 -0.2565 -0.7958
vn -0.4136 0.8729 -0.2587
vn -0.4659 0.3860 -0.7962
vn -0.8927 0.3068 -0.3301
vn 0.2086 -0.8598 -0.4660
vn -0.0312 -0.3440 -0.9385
vn 0.5823 -0.2717 -0.7662
vn 0.1346 0.8680 -0.4780
vn 0.6203 0.3707 -0.6913
vn 0.0437 0.3009 -0.9527
vn 0.4915 -0.8689 0.0590
vn 0.8762 -0.3623 -0.3179
vn 0.9035 -0.2870 0.3184
vn 0.5124 0.8584 -0.0245
vn 0.8560 0.3567 0.3742
vn 0.9250 0.2822 -0.2545
vn 0.0795 -0.8679 0.4903
vn 0.5663 -0.3690 0.7370
vn -0.0289 -0.2813 0.9592
vn 0.1978 0.8574 0.4751
vn -0.0845 0.3634 0.9278
vn 0.5333 0.2765 0.7995
vn -0.4579 -0.8582 0.2318
vn -0.5326 -0.3549 0.7684
vn -0.9262 -0.2625 0.2706
vn -0.3745 0.8664 0.3303
vn -0.9015 0.3815 0.2045
vn -0.5901 0.2918 0.7528
vn -0.2601 -0.3740 -0.8902
vn -0.1196 -0.9160 -0.3830
vn -0.2480 0.4136 -0.8761
vn -0.0946 0.9275 -0.3616
vn -0.9371 0.0271 -0.3481
vn -0.5661 0.0271 -0.8239
vn 0.6089 0.0114 -0.7932
vn 0.0418 0.0209 -0.9989
vn 0.7590 -0.3912 -0.5205
vn 0.3099 -0.9232 -0.2271
vn 0.7641 0.3965 -0.5089
vn 0.3320 0.9203 -0.2068
vn 0.9426 -0.0045 0.3339
vn 0.9631 0.0014 -0.2691
vn 0.7222 -0.4018 0.5631
vn 0.2944 -0.9277 0.2296
vn 0.7275 0.3860 0.5672
vn 0.3165 0.9159 0.2468
vn -0.0261 0.0014 0.9997
vn 0.5536 -0.0045 0.8328
vn -0.3197 -0.3912 0.8630
vn -0.1447 -0.9232 0.3560
vn -0.3072 0.3965 0.8651
vn -0.1196 0.9203 0.3724
vn -0.9586 0.0209 0.2841
vn -0.6208 0.0114 0.7839
vn -0.9268 -0.3740 -0.0352
vn -0.4006 -0.9160 -0.0226
vn -0.9101 0.4135 -0.0269
vn -0.3737 0.9275 -0.0036
vn -0.0131 -0.9999 -0.0102
vn -0.2764 0.0230 -0.9608
vn -0.9992 0.0230 -0.0337
vn 0.0131 0.9999 0.0102
vn 0.8285 0.0044 -0.5599
vn 0.7886 -0.0071 0.6149
vn -0.3410 0.0044 0.9401
vn -0.4417 -0.8021 -0.4020
vn -0.9260 -0.2578 -0.2758
vn -0.5711 -0.1710 -0.8029
vn -0.3507 0.9137 -0.2052
vn -0.4420 0.4629 -0.7683
vn -0.8702 0.3886 -0.3028
vn 0.1423 -0.8450 -0.5155
vn -0.0626 -0.2874 -0.9558
vn 0.5557 -0.2694 -0.7865
vn 0.1941 0.8816 -0.4303
vn 0.6409 0.3632 -0.6763
vn 0.0590 0.3501 -0.9348
vn 0.4273 -0.9041 0.0052
vn 0.8453 -0.4061 -0.3471
vn 0.8823 -0.3690 0.2921
vn 0.5733 0.8191 0.0178
vn 0.8822 0.2722 0.3841
vn 0.9413 0.2285 -0.2485
vn 0.0195 -0.8976 0.4403
vn 0.5430 -0.4499 0.7091
vn -0.0427 -0.3321 0.9423
vn 0.2629 0.8127 0.5199
vn -0.0515 0.3157 0.9475
vn 0.5574 0.1918 0.8078
vn -0.5176 -0.8346 0.1887
vn -0.5518 -0.3582 0.7532
vn -0.9410 -0.2097 0.2656
vn -0.3082 0.8712 0.3821
vn -0.8699 0.4335 0.2352
vn -0.5622 0.2908 0.7742
vn -0.2927 -0.3035 -0.9068
vn -0.1885 -0.8819 -0.4321
vn -0.2232 0.4791 -0.8489
vn -0.0294 0.9508 -0.3083
vn -0.9350 0.1143 -0.3358
vn -0.5682 0.1143 -0.8149
vn 0.6027 0.0120 -0.7979
vn 0.0364 0.0741 -0.9966
vn 0.7250 -0.4150 -0.5497
vn 0.2404 -0.9289 -0.2816
vn 0.7874 0.3683 -0.4943
vn 0.3966 0.9041 -0.1588
vn 0.9420 -0.0915 0.3228
vn 0.9588 -0.0531 -0.2791
vn 0.6948 -0.4840 0.5319
vn 0.2277 -0.9580 0.1743
vn 0.7575 0.2998 0.5799
vn 0.3840 0.8753 0.2940
vn -0.0191 -0.0531 0.9984
vn 0.5575 -0.0915 0.8251
vn -0.3414 -0.4150 0.8433
vn -0.2091 -0.9289 0.3056
vn -0.2716 0.3683 0.8891
vn -0.0498 0.9041 0.4243
vn -0.9525 0.0741 0.2953
vn -0.6129 0.0120 0.7901
vn -0.9517 -0.3035 -0.0459
vn -0.4663 -0.8819 -0.0692
vn -0.8777 0.4791 0.0061
vn -0.3052 0.9508 0.0521
vn -0.0859 -0.9941 -0.0658
vn -0.2805 0.0970 -0.9549
vn -0.9951 0.0970 -0.0215
vn 0.0859 0.9941 0.0658
vn 0.8228 -0.0240 -0.5678
vn 0.7902 -0.0987 0.6049
vn -0.3333 -0.0240 0.9425
vn -0.3684 -0.9102 0.1895
vn -0.4903 -0.4437 0.7502
vn -0.8938 -0.3671 0.2576
vn -0.4577 0.8072 0.3726
vn -0.9341 0.2786 0.2233
vn -0.6124 0.1939 0.7664
vn -0.2926 -0.8683 -0.4006
vn -0.8647 -0.4148 -0.2832
vn -0.5242 -0.2711 -0.8073
vn -0.5004 0.8386 -0.2154
vn -0.5065 0.3757 -0.7761
vn -0.9207 0.2314 -0.3143
vn 0.2913 -0.8107 -0.5078
vn -0.0015 -0.2991 -0.9542
vn 0.6026 -0.1740 -0.7789
vn 0.0443 0.8994 -0.4348
vn 0.5763 0.4644 -0.6724
vn 0.0083 0.3500 -0.9367
vn 0.5764 -0.8170 0.0161
vn 0.9064 -0.2565 -0.3356
vn 0.9294 -0.2100 0.3036
vn 0.4236 0.9057 0.0176
vn 0.8179 0.4221 0.3910
vn 0.8907 0.3857 -0.2407
vn 0.1687 -0.8785 0.4470
vn 0.6043 -0.3458 0.7178
vn 0.0045 -0.3293 0.9442
vn 0.1133 0.8487 0.5166
vn -0.1156 0.3073 0.9446
vn 0.5070 0.2893 0.8119
vn -0.8848 -0.4630 -0.0532
vn -0.3068 -0.9494 -0.0675
vn -0.9471 0.3209 -0.0062
vn -0.4649 0.8844 0.0421
vn -0.6146 -0.0894 0.7837
vn -0.9543 -0.0894 0.2851
vn -0.5703 0.0104 -0.8214
vn -0.9369 -0.0501 -0.3460
vn -0.2259 -0.3543 -0.9074
vn -0.0291 -0.9035 -0.4275
vn -0.2928 0.4289 -0.8546
vn -0.1891 0.9299 -0.3155
vn 0.6005 0.1112 -0.7918
vn 0.0343 0.0738 -0.9967
vn 0.7917 -0.2871 -0.5393
vn 0.3998 -0.8752 -0.2723
vn 0.7178 0.4956 -0.4890
vn 0.2369 0.9580 -0.1614
vn 0.9401 0.0738 0.3329
vn 0.9567 0.1112 -0.2690
vn 0.7618 -0.3543 0.5424
vn 0.3872 -0.9035 0.1836
vn 0.6881 0.4289 0.5853
vn 0.2244 0.9299 0.2914
vn -0.0209 -0.0501 0.9985
vn 0.5557 0.0104 0.8313
vn -0.2743 -0.4630 0.8428
vn -0.0495 -0.9494 0.3102
vn -0.3408 0.3209 0.8837
vn -0.2093 0.8844 0.4172
vn 0.0871 -0.9944 -0.0594
vn -0.9966 -0.0758 -0.0322
vn -0.3348 -0.0758 0.9392
vn -0.0871 0.9944 0.0594
vn -0.2823 0.0421 -0.9584
vn 0.8210 0.1149 -0.5593
vn 0.7886 0.0421 0.6135
vn -0.4161 -0.8724 0.2564
vn -0.4730 -0.3726 0.7984
vn -0.8992 -0.2915 0.3262
vn -0.3799 0.8538 0.3560
vn -0.8984 0.3530 0.2611
vn -0.5512 0.2720 0.7888
vn -0.3731 -0.8639 -0.3384
vn -0.9058 -0.3667 -0.2122
vn -0.5885 -0.2719 -0.7614
vn -0.4554 0.8602 -0.2295
vn -0.5259 0.3729 -0.7645
vn -0.9204 0.2796 -0.2733
vn 0.2058 -0.8521 -0.4812
vn -0.0785 -0.3431 -0.9360
vn 0.5420 -0.2521 -0.8017
vn 0.0780 0.8726 -0.4821
vn 0.5647 0.3910 -0.7268
vn -0.0245 0.3038 -0.9524
vn 0.5207 -0.8534 0.0253
vn 0.8656 -0.3344 -0.3727
vn 0.9298 -0.2594 0.2610
vn 0.4832 0.8739 -0.0528
vn 0.8661 0.3823 0.3220
vn 0.8984 0.3112 -0.3100
vn 0.1363 -0.8659 0.4812
vn 0.6218 -0.3526 0.6993
vn 0.0391 -0.2838 0.9581
vn 0.2003 0.8623 0.4652
vn -0.0382 0.3589 0.9326
vn 0.5728 0.2914 0.7661
vn -0.9152 -0.4025 0.0207
vn -0.3728 -0.9279 -0.0013
vn -0.9223 0.3852 0.0308
vn -0.4017 0.9155 0.0229
vn -0.5712 -0.0093 0.8208
vn -0.9394 -0.0093 0.3428
vn -0.6165 0.0111 -0.7873
vn -0.9572 -0.0013 -0.2895
vn -0.3029 -0.3802 -0.8739
vn -0.1147 -0.9186 -0.3783
vn -0.3142 0.4073 -0.8575
vn -0.1453 0.9248 -0.3516
vn 0.5581 0.0317 -0.8292
vn -0.0206 0.0240 -0.9995
vn 0.7371 -0.3665 -0.5678
vn 0.3236 -0.9128 -0.2493
vn 0.7186 0.4209 -0.5535
vn 0.2901 0.9306 -0.2234
vn 0.9611 0.0240 0.2751
vn 0.9442 0.0317 -0.3280
vn 0.7676 -0.3802 0.5160
vn 0.3365 -0.9186 0.2075
vn 0.7489 0.4073 0.5227
vn 0.3028 0.9248 0.2302
vn 0.0356 -0.0013 0.9994
vn 0.6039 0.0111 0.7970
vn -0.2536 -0.4025 0.8796
vn -0.0939 -0.9279 0.3608
vn -0.2652 0.3852 0.8839
vn -0.1247 0.9155 0.3825
vn 0.0171 -0.9998 -0.0131
vn -0.9996 -0.0079 0.0280
vn -0.2823 -0.0079 0.9593
vn -0.0171 0.9998 0.0131
vn -0.3357 0.0162 -0.9418
vn 0.7918 0.0311 -0.6099
vn 0.8249 0.0162 0.5650
vn -0.4987 -0.8203 0.2799
vn -0.5437 -0.2860 0.7891
vn -0.9361 -0.2004 0.2891
vn -0.3278 0.9006 0.2853
vn -0.8795 0.4370 0.1884
vn -0.5687 0.3610 0.7391
vn -0.4235 -0.8509 -0.3109
vn -0.9199 -0.3071 -0.2438
vn -0.5670 -0.2704 -0.7780
vn -0.3711 0.8777 -0.3030
vn -0.4522 0.3661 -0.8133
vn -0.8787 0.3336 -0.3414
vn 0.1614 -0.8929 -0.4203
vn -0.0559 -0.3915 -0.9185
vn 0.5618 -0.3413 -0.7536
vn 0.1743 0.8333 -0.5246
vn 0.6326 0.3014 -0.7134
vn 0.0512 0.2471 -0.9676
vn 0.4475 -0.8883 0.1030
vn 0.8543 -0.4226 -0.3026
vn 0.8904 -0.3150 0.3286
vn 0.5548 0.8288 -0.0731
vn 0.8758 0.3323 0.3500
vn 0.9360 0.2210 -0.2741
vn 0.0396 -0.8435 0.5357
vn 0.5528 -0.3574 0.7528
vn -0.0354 -0.2279 0.9730
vn 0.2444 0.8704 0.4274
vn -0.0587 0.4161 0.9074
vn 0.5528 0.2914 0.7807
vn -0.9447 -0.3279 -0.0102
vn -0.4463 -0.8944 0.0287
vn -0.8883 0.4571 -0.0443
vn -0.3266 0.9438 -0.0514
vn -0.6132 0.0846 0.7854
vn -0.9540 0.0846 0.2876
vn -0.5705 0.0118 -0.8212
vn -0.9372 0.0560 -0.3442
vn -0.2856 -0.4073 -0.8675
vn -0.1686 -0.9279 -0.3326
vn -0.2338 0.3783 -0.8957
vn -0.0507 0.9105 -0.4103
vn 0.6024 -0.0618 -0.7958
vn 0.0349 -0.0345 -0.9988
vn 0.7342 -0.4563 -0.5027
vn 0.2613 -0.9485 -0.1789
vn 0.7790 0.3296 -0.5334
vn 0.3762 0.8900 -0.2576
vn 0.9438 -0.0345 0.3287
vn 0.9598 -0.0618 -0.2738
vn 0.7055 -0.4073 0.5801
vn 0.2492 -0.9279 0.2775
vn 0.7505 0.3783 0.5419
vn 0.3642 0.9105 0.1957
vn -0.0181 0.0560 0.9983
vn 0.5593 0.0118 0.8289
vn -0.3321 -0.3279 0.8844
vn -0.1882 -0.8944 0.4057
vn -0.2800 0.4571 0.8442
vn -0.0702 0.9438 0.3231
vn -0.0635 -0.9970 0.0435
vn -0.9970 0.0718 -0.0297
vn -0.3329 0.0718 0.9402
vn 0.0635 0.9970 -0.0435
vn -0.2824 -0.0143 -0.9592
vn 0.8233 -0.0675 -0.5637
vn 0.7921 -0.0143 0.6102
vn -0.3395 -0.9336 0.1150
vn -0.7227 -0.5911 0.3582
vn -0.7992 -0.6010 0.0071
vn -0.6205 0.7673 0.1621
vn -0.9981 0.0524 -0.0329
vn -0.8945 0.0658 0.4421
vn -0.2680 -0.9330 -0.2403
vn -0.7096 -0.5994 -0.3703
vn -0.4834 -0.5869 -0.6495
vn -0.5423 0.7665 -0.3442
vn -0.6005 0.0710 -0.7965
vn -0.9064 0.0540 -0.4189
vn 0.0537 -0.9123 -0.4061
vn -0.1333 -0.5641 -0.8149
vn 0.2253 -0.5387 -0.8118
vn -0.0988 0.7947 -0.5989
vn 0.2427 0.1287 -0.9615
vn -0.2423 0.0943 -0.9656
vn 0.3834 -0.8870 -0.2574
vn 0.5724 -0.5119 -0.6406
vn 0.7933 -0.4926 -0.3577
vn 0.3761 0.8308 -0.4103
vn 0.8966 0.1822 -0.4037
vn 0.5977 0.1561 -0.7864
vn 0.4727 -0.8762 0.0937
vn 0.8759 -0.4820 0.0212
vn 0.7929 -0.4834 0.3710
vn 0.5248 0.8475 0.0796
vn 0.8687 0.1911 0.4570
vn 0.9811 0.1930 -0.0162
vn 0.2546 -0.8880 0.3829
vn 0.5488 -0.4969 0.6722
vn 0.2243 -0.5180 0.8254
vn 0.2353 0.8323 0.5019
vn 0.1801 0.1487 0.9723
vn 0.6191 0.1773 0.7651
vn -0.1070 -0.9136 0.3924
vn -0.1626 -0.5455 0.8222
vn -0.4843 -0.5703 0.6635
vn -0.2744 0.7966 0.5386
vn -0.6507 0.0870 0.7543
vn -0.2156 0.1206 0.9690
vn -0.7409 -0.6475 -0.1786
vn -0.2575 -0.9641 -0.0652
vn -0.9658 0.1220 -0.2288
vn -0.4867 0.8664 -0.1119
vn -0.8468 -0.3667 0.3853
vn -0.9260 -0.3769 0.0221
vn -0.5449 -0.3592 -0.7576
vn -0.8381 -0.3754 -0.3959
vn -0.3005 -0.6231 -0.7221
vn -0.0751 -0.9540 -0.2903
vn -0.4301 0.1517 -0.8899
vn -0.2487 0.8796 -0.4056
vn 0.2628 -0.3039 -0.9157
vn -0.2018 -0.3369 -0.9196
vn 0.3976 -0.5735 -0.7162
vn 0.2141 -0.9334 -0.2879
vn 0.4192 0.2120 -0.8828
vn 0.1286 0.9064 -0.4024
vn 0.8892 -0.2527 -0.3813
vn 0.6029 -0.2776 -0.7480
vn 0.8279 -0.5360 -0.1654
vn 0.3923 -0.9179 -0.0597
vn 0.9426 0.2576 -0.2127
vn 0.3611 0.9266 -0.1048
vn 0.8625 -0.2442 0.4432
vn 0.9702 -0.2423 -0.0101
vn 0.6662 -0.5388 0.5156
vn 0.3253 -0.9191 0.2224
vn 0.7459 0.2541 0.6157
vn 0.2737 0.9251 0.2633
vn 0.2029 -0.2847 0.9369
vn 0.6234 -0.2574 0.7383
vn 0.0343 -0.5799 0.8140
vn 0.0636 -0.9361 0.3460
vn -0.0228 0.2042 0.9787
vn -0.0677 0.9029 0.4245
vn -0.5930 -0.3438 0.7281
vn -0.1763 -0.3117 0.9337
vn -0.5918 -0.6282 0.5050
vn -0.1958 -0.9561 0.2180
vn -0.7845 0.1454 0.6028
vn -0.4061 0.8768 0.2575
vn 0.0708 -0.9974 0.0126
vn -0.9090 -0.3556 -0.2173
vn -0.7321 -0.3328 0.5944
vn -0.0708 0.9974 -0.0126
vn -0.3861 -0.3267 -0.8627
vn 0.4428 -0.2678 -0.8557
vn 0.9537 -0.2233 -0.2016
vn 0.7617 -0.2267 0.6070
vn 0.0115 -0.2754 0.9613
vn -0.2642 -0.8057 -0.5301
vn -0.4683 0.0326 -0.8830
vn -0.2173 0.0299 -0.9757
vn -0.0965 0.9171 -0.3868
vn -0.1463 0.5740 -0.8057
vn -0.4014 0.5767 -0.7115
vn 0.1294 -0.8112 -0.5703
vn 0.2090 0.0235 -0.9776
vn 0.4608 0.0186 -0.8873
vn 0.1846 0.9126 -0.3648
vn 0.4120 0.5645 -0.7153
vn 0.1560 0.5694 -0.8071
vn 0.4568 -0.8187 -0.3480
vn 0.7886 0.0105 -0.6148
vn 0.9235 0.0058 -0.3837
vn 0.3859 0.9073 -0.1672
vn 0.7815 0.5540 -0.2871
vn 0.6444 0.5588 -0.5220
vn 0.5646 -0.8247 0.0327
vn 0.9994 -0.0002 0.0358
vn 0.9541 -0.0026 0.2995
vn 0.4130 0.9036 0.1136
vn 0.7893 0.5473 0.2784
vn 0.8353 0.5497 0.0104
vn 0.4025 -0.8264 0.3937
vn 0.7426 -0.0036 0.6697
vn 0.5384 -0.0026 0.8427
vn 0.2533 0.9033 0.3461
vn 0.4318 0.5477 0.7167
vn 0.6393 0.5465 0.5409
vn 0.0463 -0.8230 0.5661
vn 0.1385 0.0018 0.9904
vn -0.1291 0.0058 0.9916
vn -0.0185 0.9066 0.4216
vn -0.1238 0.5548 0.8227
vn 0.1481 0.5507 0.8214
vn -0.3374 -0.8161 0.4692
vn -0.5303 0.0135 0.8477
vn -0.7361 0.0186 0.6766
vn -0.2752 0.9118 0.3048
vn -0.6175 0.5655 0.5468
vn -0.4084 0.5603 0.7206
vn -0.5689 -0.8089 0.1483
vn -0.9509 0.0261 0.3084
vn -0.9985 0.0299 0.0451
vn -0.3967 0.9166 0.0502
vn -0.8182 0.5746 0.0181
vn -0.7698 0.5708 0.2856
vn -0.5400 -0.8048 -0.2464
vn -0.9264 0.0337 -0.3750
vn -0.7936 0.0343 -0.6074
vn -0.3261 0.9187 -0.2229
vn -0.6321 0.5780 -0.5161
vn -0.7671 0.5773 -0.2799
vn -0.0061 -0.0950 -0.9955
vn -0.0156 -0.9063 -0.4223
vn 0.0056 0.6167 -0.7872
vn 0.0128 0.9480 -0.3181
vn -0.4507 0.3434 -0.8240
vn -0.1864 0.3406 -0.9216
vn 0.4531 0.3298 -0.8282
vn 0.1880 0.3349 -0.9233
vn 0.6340 -0.1073 -0.7658
vn 0.2495 -0.9114 -0.3272
vn 0.5169 0.6068 -0.6038
vn 0.2246 0.9439 -0.2421
vn 0.8830 0.3178 -0.3455
vn 0.7410 0.3227 -0.5888
vn 0.9767 -0.1193 -0.1784
vn 0.3915 -0.9164 -0.0839
vn 0.7907 0.5973 -0.1345
vn 0.3380 0.9399 -0.0477
vn 0.9020 0.3100 0.3006
vn 0.9496 0.3125 0.0229
vn 0.8616 -0.1253 0.4919
vn 0.3438 -0.9188 0.1937
vn 0.6987 0.5925 0.4009
vn 0.2999 0.9380 0.1741
vn 0.5012 0.3102 0.8078
vn 0.7162 0.3091 0.6257
vn 0.3426 -0.1225 0.9315
vn 0.1288 -0.9177 0.3758
vn 0.2841 0.5947 0.7521
vn 0.1282 0.9389 0.3195
vn -0.1317 0.3183 0.9388
vn 0.1500 0.3140 0.9375
vn -0.3375 -0.1123 0.9346
vn -0.1529 -0.9135 0.3771
vn -0.2591 0.6029 0.7546
vn -0.0969 0.9423 0.3206
vn -0.7007 0.3304 0.6323
vn -0.4841 0.3250 0.8124
vn -0.8604 -0.0993 0.4999
vn -0.3695 -0.9081 0.1970
vn -0.6768 0.6132 0.4073
vn -0.2699 0.9465 0.1767
vn -0.9395 0.3410 0.0317
vn -0.8894 0.3370 0.3089
vn -0.9815 -0.0898 -0.1693
vn -0.4196 -0.9041 -0.0801
vn -0.7736 0.6208 -0.1273
vn -0.3100 0.9497 -0.0447
vn -0.7364 0.3450 -0.5820
vn -0.8762 0.3443 -0.3373
vn -0.6441 -0.0881 -0.7599
vn -0.2799 -0.9034 -0.3248
vn -0.5040 0.6222 -0.5990
vn -0.1983 0.9503 -0.2401
vn -0.0151 -0.9998 -0.0115
vn 0.0005 0.3234 -0.9463
vn -0.6091 0.3300 -0.7212
vn 0.0151 0.9998 0.0115
vn 0.6120 0.3116 -0.7269
vn 0.9394 0.3002 -0.1657
vn 0.8294 0.2945 0.4747
vn 0.3336 0.2971 0.8947
vn -0.3161 0.3069 0.8977
vn -0.8157 0.3192 0.4824
vn -0.9314 0.3284 -0.1570
vn -0.6222 -0.7700 0.1411
vn -0.9213 0.2268 0.3157
vn -0.9683 0.2392 0.0715
vn -0.3131 0.9463 0.0799
vn -0.7065 0.7065 0.0422
vn -0.6585 0.6939 0.2915
vn -0.5968 -0.7542 -0.2739
vn -0.9001 0.2533 -0.3545
vn -0.7791 0.2562 -0.5721
vn -0.2553 0.9534 -0.1611
vn -0.5418 0.7180 -0.4370
vn -0.6652 0.7150 -0.2149
vn -0.3106 -0.7561 -0.5761
vn -0.4531 0.2516 -0.8552
vn -0.2208 0.2437 -0.9444
vn -0.0562 0.9495 -0.3087
vn -0.1079 0.7071 -0.6988
vn -0.3451 0.7152 -0.6078
vn 0.1025 -0.7747 -0.6239
vn 0.2103 0.2224 -0.9520
vn 0.4453 0.2074 -0.8710
vn 0.1908 0.9365 -0.2940
vn 0.3920 0.6789 -0.6208
vn 0.1522 0.6943 -0.7034
vn 0.4490 -0.8015 -0.3950
vn 0.7799 0.1795 -0.5996
vn 0.9076 0.1643 -0.3864
vn 0.3704 0.9206 -0.1239
vn 0.7243 0.6467 -0.2394
vn 0.5939 0.6621 -0.4570
vn 0.5670 -0.8237 0.0034
vn 0.9890 0.1429 0.0370
vn 0.9497 0.1347 0.2828
vn 0.3983 0.9091 0.1221
vn 0.7332 0.6254 0.2669
vn 0.7734 0.6337 0.0161
vn 0.4012 -0.8311 0.3851
vn 0.7399 0.1297 0.6601
vn 0.5519 0.1324 0.8233
vn 0.2617 0.9074 0.3289
vn 0.4148 0.6251 0.6612
vn 0.6067 0.6223 0.4946
vn 0.0291 -0.8202 0.5713
vn 0.1491 0.1461 0.9780
vn -0.0995 0.1584 0.9823
vn 0.0243 0.9163 0.3997
vn -0.0821 0.6459 0.7590
vn 0.1717 0.6334 0.7546
vn -0.3751 -0.7961 0.4750
vn -0.5070 0.1845 0.8420
vn -0.7000 0.2006 0.6855
vn -0.2027 0.9317 0.3013
vn -0.5249 0.6780 0.5146
vn -0.3279 0.6616 0.6743
vn -0.9820 0.1102 -0.1537
vn -0.4533 -0.8855 -0.1019
vn -0.6660 0.7414 -0.0821
vn -0.2427 0.9701 -0.0068
vn -0.8013 0.5096 0.3133
vn -0.8507 0.5226 0.0570
vn -0.6688 0.5370 -0.5141
vn -0.7958 0.5340 -0.2857
vn -0.6501 0.1182 -0.7506
vn -0.3158 -0.8822 -0.3492
vn -0.4297 0.7471 -0.5071
vn -0.1449 0.9724 -0.1828
vn -0.1628 0.5250 -0.8354
vn -0.4066 0.5333 -0.7418
vn -0.0128 0.0964 -0.9953
vn -0.0518 -0.8913 -0.4505
vn 0.0240 0.7316 -0.6813
vn 0.0430 0.9660 -0.2550
vn 0.4307 0.4921 -0.7566
vn 0.1840 0.5079 -0.8415
vn 0.6318 0.0551 -0.7732
vn 0.2152 -0.9084 -0.3586
vn 0.4829 0.7022 -0.5232
vn 0.2331 0.9538 -0.1895
vn 0.8338 0.4538 -0.3145
vn 0.6998 0.4697 -0.5382
vn 0.9820 0.0135 -0.1883
vn 0.3603 -0.9256 -0.1163
vn 0.7323 0.6726 -0.1068
vn 0.3364 0.9416 -0.0170
vn 0.8580 0.4280 0.2840
vn 0.8993 0.4365 0.0261
vn 0.8740 -0.0088 0.4858
vn 0.3155 -0.9348 0.1629
vn 0.6554 0.6567 0.3731
vn 0.3046 0.9350 0.1818
vn 0.4920 0.4267 0.7589
vn 0.6893 0.4239 0.5875
vn 0.3584 -0.0015 0.9336
vn 0.1019 -0.9318 0.3484
vn 0.2883 0.6619 0.6919
vn 0.1525 0.9371 0.3139
vn -0.0930 0.4506 0.8879
vn 0.1680 0.4378 0.8833
vn -0.3237 0.0321 0.9456
vn -0.1806 -0.9179 0.3534
vn -0.1974 0.6858 0.7005
vn -0.0486 0.9470 0.3174
vn -0.6233 0.4885 0.6107
vn -0.4207 0.4716 0.7749
vn -0.8531 0.0762 0.5162
vn -0.3998 -0.8996 0.1755
vn -0.5742 0.7172 0.3948
vn -0.2047 0.9600 0.1908
vn -0.0498 -0.9979 -0.0410
vn -0.8511 0.5112 -0.1194
vn -0.7367 0.4810 0.4753
vn 0.0498 0.9979 0.0410
vn -0.5565 0.5182 -0.6494
vn 0.0093 0.4989 -0.8666
vn 0.5815 0.4622 -0.6694
vn 0.8925 0.4254 -0.1502
vn 0.7966 0.4055 0.4483
vn 0.3388 0.4121 0.8458
vn -0.2668 0.4419 0.8565
vn 0.4532 0.8902 -0.0476
vn 0.8489 0.3936 0.3528
vn 0.9062 0.3128 -0.2846
vn 0.5497 -0.8336 0.0541
vn 0.8833 -0.3311 -0.3320
vn 0.9225 -0.2499 0.2942
vn 0.0568 0.8642 -0.4999
vn 0.5822 0.3758 -0.7210
vn -0.0013 0.2536 -0.9673
vn 0.2596 -0.8527 -0.4534
vn -0.0250 -0.3903 -0.9204
vn 0.5779 -0.2728 -0.7691
vn -0.4948 0.8286 -0.2619
vn -0.5192 0.3043 -0.7986
vn -0.9296 0.1938 -0.3134
vn -0.3117 -0.8896 -0.3337
vn -0.8641 -0.4443 -0.2366
vn -0.5377 -0.3451 -0.7693
vn -0.4395 0.8325 0.3374
vn -0.9333 0.2780 0.2271
vn -0.5960 0.2160 0.7734
vn -0.3747 -0.8934 0.2477
vn -0.4744 -0.4185 0.7744
vn -0.8826 -0.3669 0.2939
vn 0.1464 0.8705 0.4698
vn -0.0878 0.3332 0.9388
vn 0.5386 0.2895 0.7912
vn 0.1577 -0.8588 0.4875
vn 0.6055 -0.3485 0.7155
vn 0.0198 -0.3081 0.9511
vn 0.7292 0.4207 -0.5396
vn 0.2579 0.9389 -0.2278
vn 0.7658 -0.3659 -0.5289
vn 0.3712 -0.9015 -0.2226
vn 0.9506 0.0303 0.3090
vn 0.9553 0.0303 -0.2939
vn 0.0177 -0.0309 -0.9994
vn 0.5884 0.0062 -0.8085
vn -0.3032 0.3536 -0.8849
vn -0.1772 0.9106 -0.3733
vn -0.2470 -0.4317 -0.8675
vn -0.0557 -0.9292 -0.3653
vn -0.9416 -0.0927 -0.3237
vn -0.5841 -0.0698 -0.8087
vn -0.9500 0.3121 -0.0075
vn -0.4497 0.8932 -0.0036
vn -0.8813 -0.4724 -0.0070
vn -0.3231 -0.9464 -0.0026
vn -0.5968 -0.0698 0.7993
vn -0.9466 -0.0927 0.3087
vn -0.3172 0.3536 0.8800
vn -0.1831 0.9106 0.3704
vn -0.2607 -0.4317 0.8635
vn -0.0614 -0.9292 0.3644
vn 0.5756 0.0062 0.8177
vn 0.0018 -0.0309 0.9995
vn 0.7206 0.4207 0.5511
vn 0.2543 0.9389 0.2319
vn 0.7573 -0.3659 0.5410
vn 0.3677 -0.9015 0.2284
vn -0.0647 0.9979 -0.0005
vn 0.8134 0.0257 -0.5812
vn 0.8041 0.0257 0.5940
vn 0.0647 -0.9979 0.0005
vn -0.2990 -0.0466 -0.9531
vn -0.9958 -0.0913 -0.0079
vn -0.3141 -0.0466 0.9483
vn 0.3591 0.9322 -0.0457
vn 0.8010 0.4795 0.3584
vn 0.8711 0.4045 -0.2785
vn 0.6325 -0.7723 0.0595
vn 0.9152 -0.2383 -0.3250
vn 0.9412 -0.1530 0.3013
vn -0.0290 0.8651 -0.5008
vn 0.5456 0.4333 -0.7173
vn -0.0203 0.2513 -0.9677
vn 0.3497 -0.8216 -0.4501
vn 0.0223 -0.3915 -0.9199
vn 0.6087 -0.2123 -0.7645
vn -0.5758 0.7728 -0.2668
vn -0.5419 0.2484 -0.8029
vn -0.9423 0.0964 -0.3205
vn -0.2156 -0.9174 -0.3346
vn -0.8118 -0.5314 -0.2421
vn -0.4934 -0.3995 -0.7726
vn -0.5256 0.7829 0.3329
vn -0.9587 0.1803 0.2199
vn -0.6208 0.1539 0.7687
vn -0.2822 -0.9272 0.2464
vn -0.4344 -0.4647 0.7716
vn -0.8421 -0.4559 0.2880
vn 0.0522 0.8814 0.4695
vn -0.1287 0.3231 0.9376
vn 0.5000 0.3443 0.7947
vn 0.2420 -0.8375 0.4900
vn 0.6329 -0.2835 0.7204
vn 0.0445 -0.3036 0.9518
vn 0.6858 0.4934 -0.5350
vn 0.1612 0.9604 -0.2274
vn 0.8034 -0.2853 -0.5227
vn 0.4640 -0.8585 -0.2184
vn 0.9400 0.1286 0.3159
vn 0.9493 0.1286 -0.2870
vn 0.0282 -0.0297 -0.9992
vn 0.5906 0.0663 -0.8042
vn -0.3316 0.3197 -0.8876
vn -0.2675 0.8872 -0.3760
vn -0.1946 -0.4556 -0.8686
vn 0.0433 -0.9303 -0.3642
vn -0.9246 -0.1898 -0.3304
vn -0.5677 -0.1304 -0.8128
vn -0.9771 0.2123 -0.0149
vn -0.5395 0.8419 -0.0083
vn -0.8278 -0.5610 -0.0127
vn -0.2235 -0.9747 -0.0034
vn -0.5923 -0.1304 0.7951
vn -0.9342 -0.1898 0.3020
vn -0.3586 0.3197 0.8771
vn -0.2789 0.8872 0.3676
vn -0.2211 -0.4556 0.8623
vn 0.0322 -0.9303 0.3654
vn 0.5658 0.0663 0.8219
vn -0.0024 -0.0297 0.9996
vn 0.6692 0.4934 0.5557
vn 0.1542 0.9604 0.2322
vn 0.7870 -0.2853 0.5470
vn 0.4571 -0.8585 0.2325
vn -0.1674 0.9859 -0.0026
vn 0.8107 0.1091 -0.5752
vn 0.7927 0.1091 0.5998
vn 0.1674 -0.9859 0.0026
vn -0.2855 -0.0780 -0.9552
vn -0.9809 -0.1937 -0.0150
vn -0.3146 -0.0780 0.9460
vn 0.2567 0.9651 -0.0524
vn 0.7523 0.5627 0.3426
vn 0.8173 0.4946 -0.2955
vn 0.7123 -0.7004 0.0465
vn 0.9288 -0.1399 -0.3432
vn 0.9579 -0.0513 0.2825
vn -0.1310 0.8562 -0.4997
vn 0.4821 0.4879 -0.7277
vn -0.0661 0.2462 -0.9670
vn 0.4263 -0.7804 -0.4574
vn 0.0457 -0.3884 -0.9204
vn 0.6127 -0.1474 -0.7765
vn -0.6601 0.7066 -0.2550
vn -0.5811 0.1879 -0.7918
vn -0.9534 -0.0051 -0.3017
vn -0.1232 -0.9357 -0.3307
vn -0.7551 -0.6153 -0.2263
vn -0.4632 -0.4510 -0.7629
vn -0.5994 0.7230 0.3436
vn -0.9679 0.0774 0.2389
vn -0.6184 0.0881 0.7810
vn -0.1769 -0.9516 0.2515
vn -0.3670 -0.5071 0.7799
vn -0.7829 -0.5426 0.3044
vn -0.0328 0.8827 0.4688
vn -0.1439 0.3091 0.9401
vn 0.4760 0.3969 0.7848
vn 0.3395 -0.8061 0.4847
vn 0.6737 -0.2133 0.7076
vn 0.0954 -0.2956 0.9505
vn 0.6186 0.5628 -0.5482
vn 0.0534 0.9717 -0.2301
vn 0.8187 -0.1989 -0.5387
vn 0.5485 -0.8045 -0.2280
vn 0.9270 0.2286 0.2973
vn 0.9243 0.2286 -0.3057
vn 0.0114 -0.0282 -0.9995
vn 0.5642 0.1276 -0.8157
vn -0.3813 0.2811 -0.8807
vn -0.3679 0.8530 -0.3702
vn -0.1621 -0.4752 -0.8648
vn 0.1351 -0.9210 -0.3655
vn -0.9054 -0.2878 -0.3121
vn -0.5665 -0.1915 -0.8015
vn -0.9943 0.1069 0.0045
vn -0.6263 0.7796 0.0029
vn -0.7633 -0.6460 0.0035
vn -0.1184 -0.9930 0.0005
vn -0.5592 -0.1915 0.8066
vn -0.9025 -0.2878 0.3203
vn -0.3732 0.2811 0.8841
vn -0.3646 0.8530 0.3735
vn -0.1542 -0.4752 0.8663
vn 0.1384 -0.9210 0.3642
vn 0.5716 0.1276 0.8105
vn 0.0206 -0.0282 0.9994
vn 0.6236 0.5628 0.5425
vn 0.0555 0.9717 0.2296
vn 0.8236 -0.1989 0.5312
vn 0.5505 -0.8045 0.2230
vn -0.2716 0.9624 0.0012
vn 0.7829 0.1940 -0.5911
vn 0.7882 0.1940 0.5840
vn 0.2716 -0.9624 -0.0012
vn -0.2944 -0.1096 -0.9494
vn -0.9548 -0.2972 0.0044
vn -0.2857 -0.1096 0.9520
vn 0.1616 0.9854 -0.0535
vn 0.6975 0.6328 0.3363
vn 0.7628 0.5715 -0.3025
vn 0.7771 -0.6282 0.0389
vn 0.9346 -0.0493 -0.3521
vn 0.9610 0.0415 0.2734
vn -0.2180 0.8398 -0.4973
vn 0.4256 0.5326 -0.7316
vn -0.0988 0.2390 -0.9660
vn 0.4954 -0.7353 -0.4624
vn 0.0743 -0.3817 -0.9213
vn 0.6166 -0.0871 -0.7824
vn -0.7278 0.6395 -0.2478
vn -0.6041 0.1312 -0.7861
vn -0.9513 -0.0972 -0.2927
vn -0.0352 -0.9430 -0.3308
vn -0.6942 -0.6854 -0.2200
vn -0.4246 -0.4934 -0.7591
vn -0.6632 0.6614 0.3502
vn -0.9686 -0.0167 0.2482
vn -0.6165 0.0275 0.7869
vn -0.0816 -0.9643 0.2519
vn -0.3088 -0.5405 0.7826
vn -0.7237 -0.6160 0.3111
vn -0.1136 0.8752 0.4703
vn -0.1641 0.2933 0.9418
vn 0.4429 0.4408 0.7808
vn 0.4205 -0.7697 0.4803
vn 0.6979 -0.1474 0.7009
vn 0.1326 -0.2854 0.9492
vn 0.5560 0.6203 -0.5533
vn -0.0430 0.9724 -0.2292
vn 0.8289 -0.1185 -0.5467
vn 0.6215 -0.7475 -0.2343
vn 0.9034 0.3171 0.2888
vn 0.8949 0.3171 -0.3141
vn 0.0046 -0.0265 -0.9996
vn 0.5414 0.1819 -0.8208
vn -0.4150 0.2432 -0.8767
vn -0.4523 0.8135 -0.3655
vn -0.1235 -0.4883 -0.8639
vn 0.2201 -0.9034 -0.3680
vn -0.8763 -0.3739 -0.3039
vn -0.5530 -0.2451 -0.7963
vn -0.9998 0.0102 0.0141
vn -0.6987 0.7153 0.0098
vn -0.6972 -0.7168 0.0098
vn -0.0217 -0.9998 0.0003
vn -0.5303 -0.2451 0.8116
vn -0.8674 -0.3739 0.3285
vn -0.3902 0.2432 0.8880
vn -0.4418 0.8135 0.3781
vn -0.0992 -0.4883 0.8670
vn 0.2303 -0.9034 0.3616
vn 0.5643 0.1819 0.8053
vn 0.0327 -0.0265 0.9991
vn 0.5714 0.6203 0.5374
vn -0.0366 0.9724 0.2304
vn 0.8440 -0.1185 0.5231
vn 0.6279 -0.7475 0.2167
vn -0.3634 0.9316 0.0051
vn 0.7548 0.2691 -0.5983
vn 0.7713 0.2691 0.5768
vn 0.3634 -0.9316 -0.0051
vn -0.2914 -0.1371 -0.9467
vn -0.9215 -0.3882 0.0130
vn -0.2647 -0.1371 0.9545
vn -0.4306 0.9010 0.0523
vn -0.8426 0.4144 -0.3439
vn -0.8952 0.3349 0.2941
vn -0.5706 -0.8198 -0.0483
vn -0.8876 -0.3093 0.3412
vn -0.9314 -0.2271 -0.2845
vn -0.0304 0.8653 0.5004
vn -0.5653 0.3898 0.7270
vn 0.0176 0.2533 0.9672
vn -0.2757 -0.8461 0.4561
vn 0.0250 -0.3909 0.9201
vn -0.5764 -0.2587 0.7751
vn 0.5178 0.8161 0.2567
vn 0.5349 0.2913 0.7931
vn 0.9374 0.1708 0.3036
vn 0.2932 -0.8971 0.3305
vn 0.8553 -0.4654 0.2275
vn 0.5370 -0.3584 0.7636
vn 0.4562 0.8215 -0.3420
vn 0.9375 0.2550 -0.2369
vn 0.5930 0.2014 -0.7796
vn 0.3500 -0.9023 -0.2516
vn 0.4559 -0.4299 -0.7793
vn 0.8702 -0.3884 -0.3031
vn -0.1299 0.8740 -0.4683
vn 0.0861 0.3311 -0.9396
vn -0.5396 0.3028 -0.7856
vn -0.1838 -0.8546 -0.4857
vn -0.6213 -0.3334 -0.7091
vn -0.0373 -0.3073 -0.9509
vn -0.7130 0.4384 0.5472
vn -0.2324 0.9449 0.2304
vn -0.7689 -0.3471 0.5369
vn -0.3909 -0.8921 0.2265
vn -0.9527 0.0537 -0.2991
vn -0.9512 0.0537 0.3039
vn -0.0080 -0.0306 0.9995
vn -0.5796 0.0205 0.8146
vn 0.3211 0.3459 0.8816
vn 0.2034 0.9059 0.3714
vn 0.2454 -0.4378 0.8649
vn 0.0366 -0.9304 0.3647
vn 0.9424 -0.1159 0.3138
vn 0.5906 -0.0843 0.8025
vn 0.9574 0.2887 -0.0024
vn 0.4715 0.8818 -0.0012
vn 0.8695 -0.4939 -0.0022
vn 0.2997 -0.9540 -0.0008
vn 0.5865 -0.0843 -0.8055
vn 0.9408 -0.1159 -0.3186
vn 0.3166 0.3459 -0.8832
vn 0.2015 0.9059 -0.3724
vn 0.2410 -0.4378 -0.8662
vn 0.0348 -0.9304 -0.3649
vn -0.5838 0.0205 -0.8117
vn -0.0131 -0.0306 -0.9994
vn -0.7158 0.4384 -0.5436
vn -0.2336 0.9449 -0.2292
vn -0.7717 -0.3471 -0.5330
vn -0.3921 -0.8921 -0.2245
vn 0.0892 0.9960 -0.0002
vn -0.8064 0.0455 0.5896
vn -0.8094 0.0455 -0.5855
vn -0.0892 -0.9960 0.0002
vn 0.3077 -0.0541 0.9499
vn 0.9933 -0.1157 -0.0025
vn 0.3029 -0.0541 -0.9515
vn -0.4786 0.8775 0.0313
vn -0.8468 0.3703 -0.3818
vn -0.9235 0.2881 0.2534
vn -0.5247 -0.8483 -0.0717
vn -0.8847 -0.3549 0.3023
vn -0.9049 -0.2750 -0.3249
vn -0.0972 0.8625 0.4967
vn -0.6163 0.3599 0.7004
vn -0.0384 0.2538 0.9665
vn -0.2515 -0.8593 0.4453
vn 0.0044 -0.3892 0.9211
vn -0.5960 -0.2883 0.7494
vn 0.4629 0.8418 0.2776
vn 0.4834 0.3185 0.8154
vn 0.9129 0.2191 0.3445
vn 0.3243 -0.8807 0.3451
vn 0.8673 -0.4206 0.2662
vn 0.5205 -0.3302 0.7874
vn 0.4278 0.8441 -0.3233
vn 0.9326 0.3033 -0.1958
vn 0.6157 0.2319 -0.7531
vn 0.4070 -0.8829 -0.2339
vn 0.5116 -0.4056 -0.7575
vn 0.9017 -0.3428 -0.2634
vn -0.1540 0.8661 -0.4755
vn 0.1104 0.3353 -0.9356
vn -0.5192 0.2746 -0.8093
vn -0.1177 -0.8629 -0.4915
vn -0.5712 -0.3651 -0.7351
vn 0.0208 -0.3087 -0.9509
vn -0.7583 0.4008 0.5142
vn -0.2910 0.9316 0.2179
vn -0.7730 -0.3865 0.5031
vn -0.3539 -0.9112 0.2109
vn -0.9400 0.0043 -0.3410
vn -0.9652 0.0043 0.2614
vn -0.0507 -0.0311 0.9982
vn -0.6154 -0.0096 0.7881
vn 0.2634 0.3619 0.8942
vn 0.1396 0.9152 0.3780
vn 0.2291 -0.4247 0.8759
vn 0.0685 -0.9273 0.3680
vn 0.9323 -0.0670 0.3555
vn 0.5581 -0.0537 0.8281
vn 0.9404 0.3379 0.0393
vn 0.4249 0.9051 0.0178
vn 0.8931 -0.4482 0.0373
vn 0.3484 -0.9372 0.0146
vn 0.6252 -0.0537 -0.7786
vn 0.9587 -0.0670 -0.2764
vn 0.3371 0.3619 -0.8691
vn 0.1706 0.9152 -0.3651
vn 0.3014 -0.4247 -0.8537
vn 0.0990 -0.9273 -0.3610
vn -0.5475 -0.0096 -0.8367
vn 0.0328 -0.0311 -0.9990
vn -0.7127 0.4008 -0.5756
vn -0.2717 0.9316 -0.2414
vn -0.7283 -0.3865 -0.5658
vn -0.3350 -0.9112 -0.2397
vn 0.0375 0.9993 0.0016
vn -0.8330 0.0037 0.5533
vn -0.7839 0.0037 -0.6209
vn -0.0375 -0.9993 -0.0016
vn 0.2677 -0.0383 0.9627
vn 0.9971 -0.0641 0.0417
vn 0.3471 -0.0383 -0.9370
vn -0.5626 0.8232 0.0769
vn -0.9107 0.2787 -0.3050
vn -0.9228 0.1917 0.3341
vn -0.4380 -0.8985 -0.0299
vn -0.8134 -0.4436 0.3764
vn -0.8962 -0.3689 -0.2463
vn -0.1427 0.8499 0.5073
vn -0.5871 0.2970 0.7530
vn 0.0197 0.2526 0.9674
vn -0.1213 -0.8789 0.4614
vn 0.1249 -0.3827 0.9154
vn -0.4954 -0.3454 0.7970
vn 0.3954 0.8865 0.2402
vn 0.5168 0.3706 0.7718
vn 0.9117 0.3142 0.2648
vn 0.4428 -0.8408 0.3114
vn 0.9262 -0.3270 0.1878
vn 0.6185 -0.2709 0.7376
vn 0.3081 0.8825 -0.3553
vn 0.8755 0.3977 -0.2746
vn 0.5205 0.2914 -0.8026
vn 0.4746 -0.8369 -0.2726
vn 0.4831 -0.3536 -0.8010
vn 0.9061 -0.2485 -0.3425
vn -0.2839 0.8434 -0.4562
vn -0.0067 0.3409 -0.9401
vn -0.6133 0.2156 -0.7598
vn -0.0697 -0.8725 -0.4835
vn -0.5920 -0.4256 -0.6844
vn -0.0300 -0.3090 -0.9506
vn -0.7482 0.3221 0.5800
vn -0.3661 0.8973 0.2467
vn -0.6820 -0.4625 0.5666
vn -0.2377 -0.9421 0.2366
vn -0.9615 -0.0948 -0.2580
vn -0.9340 -0.0948 0.3443
vn 0.0398 -0.0319 0.9987
vn -0.5402 -0.0701 0.8386
vn 0.3011 0.3912 0.8696
vn 0.0761 0.9264 0.3688
vn 0.3473 -0.3948 0.8506
vn 0.1962 -0.9135 0.3563
vn 0.9616 0.0318 0.2728
vn 0.6305 0.0082 0.7762
vn 0.9000 0.4339 -0.0410
vn 0.3285 0.9444 -0.0150
vn 0.9347 -0.3529 -0.0426
vn 0.4438 -0.8959 -0.0202
vn 0.5573 0.0082 -0.8303
vn 0.9328 0.0318 -0.3590
vn 0.2208 0.3912 -0.8934
vn 0.0423 0.9264 -0.3742
vn 0.2685 -0.3948 -0.8787
vn 0.1630 -0.9135 -0.3726
vn -0.6142 -0.0701 -0.7860
vn -0.0511 -0.0319 -0.9982
vn -0.7978 0.3221 -0.5096
vn -0.3870 0.8973 -0.2124
vn -0.7307 -0.4625 -0.5022
vn -0.2582 -0.9421 -0.2140
vn -0.0665 0.9978 0.0030
vn -0.7776 -0.0805 0.6236
vn -0.8311 -0.0805 -0.5503
vn 0.0665 -0.9978 -0.0030
vn 0.3529 -0.0061 0.9356
vn 0.9982 0.0399 -0.0455
vn 0.2664 -0.0061 -0.9638
vn -0.5992 0.7968 0.0780
vn -0.9220 0.2380 -0.3053
vn -0.9309 0.1492 0.3335
vn -0.3970 -0.9172 -0.0322
vn -0.7929 -0.4806 0.3746
vn -0.8785 -0.4084 -0.2480
vn -0.1814 0.8415 0.5089
vn -0.6006 0.2687 0.7530
vn 0.0073 0.2512 0.9679
vn -0.0819 -0.8844 0.4595
vn 0.1411 -0.3785 0.9148
vn -0.4801 -0.3690 0.7958
vn 0.3548 0.9030 0.2424
vn 0.4988 0.3919 0.7730
vn 0.8963 0.3544 0.2664
vn 0.4800 -0.8206 0.3102
vn 0.9398 -0.2854 0.1881
vn 0.6293 -0.2443 0.7377
vn 0.2684 0.8962 -0.3532
vn 0.8569 0.4373 -0.2729
vn 0.5076 0.3162 -0.8015
vn 0.5121 -0.8141 -0.2738
vn 0.4993 -0.3298 -0.8012
vn 0.9167 -0.2067 -0.3420
vn -0.3212 0.8307 -0.4548
vn -0.0212 0.3421 -0.9394
vn -0.6217 0.1893 -0.7600
vn -0.0299 -0.8738 -0.4854
vn -0.5715 -0.4504 -0.6859
vn -0.0152 -0.3081 -0.9512
vn -0.7625 0.2869 0.5799
vn -0.4064 0.8794 0.2482
vn -0.6610 -0.4939 0.5649
vn -0.1952 -0.9523 0.2344
vn -0.9560 -0.1375 -0.2592
vn -0.9292 -0.1375 0.3432
vn 0.0403 -0.0321 0.9987
vn -0.5373 -0.0961 0.8379
vn 0.2824 0.4026 0.8707
vn 0.0340 0.9281 0.3707
vn 0.3639 -0.3805 0.8502
vn 0.2368 -0.9045 0.3547
vn 0.9589 0.0745 0.2738
vn 0.6287 0.0350 0.7768
vn 0.8796 0.4741 -0.0392
vn 0.2856 0.9583 -0.0127
vn 0.9497 -0.3103 -0.0423
vn 0.4837 -0.8749 -0.0215
vn 0.5572 0.0350 -0.8297
vn 0.9307 0.0745 -0.3580
vn 0.2038 0.4026 -0.8924
vn 0.0009 0.9281 -0.3723
vn 0.2869 -0.3805 -0.8792
vn 0.2043 -0.9045 -0.3743
vn -0.6097 -0.0961 -0.7868
vn -0.0487 -0.0321 -0.9983
vn -0.8110 0.2869 -0.5098
vn -0.4268 0.8794 -0.2110
vn -0.7086 -0.4939 -0.5039
vn -0.2152 -0.9523 -0.2161
vn -0.1114 0.9938 0.0050
vn -0.7738 -0.1167 0.6226
vn -0.8261 -0.1167 -0.5514
vn 0.1114 -0.9938 -0.0050
vn 0.3520 0.0079 0.9360
vn 0.9954 0.0850 -0.0443
vn 0.2673 0.0079 -0.9636
vn -0.3665 -0.8171 0.4451
vn -0.4021 -0.2475 0.8815
vn -0.7662 -0.2734 0.5815
vn -0.3336 0.8947 0.2972
vn -0.7222 0.4232 0.5471
vn -0.4355 0.4436 0.7833
vn -0.5313 -0.8472 -0.0044
vn -0.9247 -0.2971 0.2379
vn -0.9165 -0.3247 -0.2337
vn -0.4884 0.8691 -0.0788
vn -0.9000 0.3738 -0.2240
vn -0.9065 0.3955 0.1474
vn -0.2818 -0.8657 -0.4138
vn -0.7461 -0.3408 -0.5720
vn -0.3717 -0.3493 -0.8601
vn -0.2904 0.8526 -0.4345
vn -0.4070 0.3484 -0.8444
vn -0.7018 0.3552 -0.6175
vn 0.1940 -0.8585 -0.4747
vn -0.0007 -0.3456 -0.9384
vn 0.4579 -0.3286 -0.8260
vn 0.1113 0.8577 -0.5020
vn 0.3856 0.3661 -0.8469
vn 0.0245 0.3528 -0.9354
vn 0.5377 -0.8312 -0.1413
vn 0.7501 -0.3079 -0.5853
vn 0.9476 -0.2782 -0.1571
vn 0.4143 0.8805 -0.2306
vn 0.8810 0.4136 -0.2297
vn 0.7255 0.3903 -0.5669
vn 0.4907 -0.8042 0.3353
vn 0.9410 -0.2561 0.2214
vn 0.7286 -0.2361 0.6429
vn 0.3903 0.9038 0.1755
vn 0.7061 0.4551 0.5425
vn 0.8733 0.4393 0.2105
vn 0.0883 -0.7979 0.5963
vn 0.4282 -0.2293 0.8741
vn -0.0341 -0.2339 0.9717
vn 0.0575 0.9101 0.4103
vn -0.0074 0.4594 0.8882
vn 0.3566 0.4630 0.8114
vn -0.8473 -0.3328 0.4138
vn -0.3619 -0.9035 0.2294
vn -0.8097 0.4780 0.3404
vn -0.3519 0.9309 0.0979
vn -0.4261 0.1773 0.8871
vn -0.8031 0.1505 0.5766
vn -0.9712 0.0982 -0.2170
vn -0.9780 0.1208 0.1701
vn -0.8331 -0.3805 -0.4015
vn -0.3555 -0.9249 -0.1351
vn -0.7964 0.4335 -0.4217
vn -0.3464 0.9125 -0.2178
vn -0.4419 0.0702 -0.8943
vn -0.7492 0.0772 -0.6579
vn -0.1858 -0.3952 -0.8996
vn -0.0661 -0.9314 -0.3579
vn -0.1914 0.4197 -0.8872
vn -0.0958 0.9068 -0.4106
vn 0.4180 0.0890 -0.9041
vn 0.0416 0.0751 -0.9963
vn 0.6071 -0.3659 -0.7054
vn 0.2885 -0.9183 -0.2710
vn 0.5497 0.4471 -0.7057
vn 0.2112 0.9181 -0.3354
vn 0.9608 0.1404 -0.2389
vn 0.7987 0.1161 -0.5904
vn 0.9486 -0.3147 0.0350
vn 0.4411 -0.8954 0.0600
vn 0.8688 0.4950 -0.0137
vn 0.3434 0.9379 -0.0488
vn 0.7779 0.1856 0.6003
vn 0.9522 0.1692 0.2543
vn 0.5814 -0.2801 0.7639
vn 0.2770 -0.8800 0.3860
vn 0.5257 0.5273 0.6675
vn 0.2013 0.9513 0.2334
vn 0.0070 0.1907 0.9816
vn 0.3864 0.1946 0.9016
vn -0.2178 -0.2881 0.9325
vn -0.0804 -0.8836 0.4614
vn -0.2213 0.5198 0.8251
vn -0.1082 0.9482 0.2986
vn 0.0225 -0.9980 0.0587
vn -0.9041 0.1259 0.4083
vn -0.2404 0.1730 0.9551
vn -0.0225 0.9980 -0.0587
vn -0.8891 0.0756 -0.4514
vn -0.2066 0.0601 -0.9766
vn 0.6294 0.0909 -0.7718
vn 0.9894 0.1450 0.0088
vn 0.6023 0.1815 0.7774
vn 0.1360 -0.9206 -0.3661
vn 0.0884 -0.3141 -0.9453
vn 0.5165 -0.5401 -0.6645
vn 0.1334 0.2425 -0.9609
vn 0.1341 0.8796 -0.4564
vn 0.5406 0.5178 -0.6631
vn 0.0993 -0.8848 0.4553
vn 0.5230 -0.5417 0.6581
vn 0.1318 -0.2482 0.9597
vn 0.1808 0.9135 0.3644
vn 0.1116 0.3095 0.9443
vn 0.5473 0.5162 0.6588
vn -0.1388 -0.8786 -0.4570
vn -0.5469 -0.5162 -0.6591
vn -0.1428 -0.2402 -0.9602
vn -0.1396 0.9215 -0.3623
vn -0.0976 0.3162 -0.9436
vn -0.5229 0.5418 -0.6580
vn -0.1769 -0.9144 0.3642
vn -0.1023 -0.3117 0.9447
vn -0.5407 -0.5177 0.6630
vn -0.0948 0.8839 0.4581
vn -0.5169 0.5399 0.6643
vn -0.1225 0.2462 0.9615
vn 0.1481 -0.9890 -0.0019
vn 0.6928 -0.7211 -0.0042
vn 0.1319 -0.0019 -0.9913
vn 0.6229 -0.0131 -0.7822
vn 0.1920 0.9814 0.0002
vn 0.7248 0.6889 -0.0028
vn 0.1415 -0.0042 0.9899
vn 0.6307 -0.0149 0.7759
vn -0.0176 -0.8883 0.4589
vn -0.0024 -0.3154 0.9489
vn 0.0222 0.8873 0.4606
vn 0.0117 0.3133 0.9496
vn -0.6230 0.0131 0.7821
vn -0.1319 0.0019 0.9913
vn -0.1918 -0.9814 -0.0002
vn -0.7248 -0.6889 0.0028
vn -0.1480 0.9890 0.0019
vn -0.6932 0.7207 0.0042
vn -0.1416 0.0042 -0.9899
vn -0.6306 0.0149 -0.7759
vn -0.0222 -0.8872 -0.4609
vn -0.0117 -0.3134 -0.9495
vn 0.0176 0.8883 -0.4589
vn 0.0024 0.3156 -0.9489
vn -0.0224 -0.9997 -0.0010
vn 0.9997 -0.0224 -0.0050
vn -0.0049 0.0011 -1.0000
vn 0.0224 0.9997 0.0010
vn 0.0049 -0.0011 1.0000
vn -0.9997 0.0224 0.0050
vn -0.7423 -0.6503 0.1613
vn -0.8038 -0.0332 0.5940
vn -0.9979 0.0621 -0.0156
vn -0.1696 0.9804 0.1006
vn -0.7513 0.6462 -0.1342
vn -0.6467 0.5888 0.4849
vn -0.5012 -0.7784 -0.3781
vn -0.8507 -0.1212 -0.5114
vn -0.3512 -0.2295 -0.9078
vn -0.0422 0.8871 -0.4597
vn -0.0822 0.3563 -0.9308
vn -0.6195 0.4766 -0.6238
vn 0.0705 -0.9544 -0.2901
vn 0.1388 -0.4735 -0.8698
vn 0.6777 -0.5244 -0.5155
vn 0.5103 0.7061 -0.4909
vn 0.8673 0.0915 -0.4893
vn 0.3980 0.1221 -0.9092
vn 0.1826 -0.9351 0.3036
vn 0.7974 -0.6033 0.0141
vn 0.6667 -0.4151 0.6190
vn 0.7244 0.6876 0.0502
vn 0.7849 0.2178 0.5801
vn 0.9996 0.0152 0.0230
vn -0.3197 -0.7473 0.5826
vn 0.2148 -0.3312 0.9188
vn -0.3689 -0.0526 0.9280
vn 0.3042 0.8571 0.4158
vn -0.2154 0.5606 0.7996
vn 0.3540 0.3036 0.8846
vn -0.9495 -0.1078 -0.2946
vn -0.6340 -0.7712 -0.0564
vn -0.6880 0.6324 -0.3560
vn -0.0619 0.9744 -0.2161
vn -0.7711 0.3423 0.5369
vn -0.9387 0.3423 -0.0420
vn -0.2722 0.0417 -0.9613
vn -0.7424 0.2240 -0.6314
vn -0.0960 -0.4387 -0.8935
vn -0.2744 -0.9107 -0.3088
vn 0.1440 0.3098 -0.9398
vn 0.2888 0.8384 -0.4622
vn 0.7879 -0.2622 -0.5572
vn 0.3298 -0.1495 -0.9321
vn 0.7356 -0.6432 -0.2129
vn 0.0760 -0.9969 -0.0220
vn 0.9547 0.1104 -0.2763
vn 0.6305 0.7544 -0.1825
vn 0.7766 -0.1495 0.6119
vn 0.9637 -0.2622 0.0502
vn 0.3960 -0.4387 0.8067
vn -0.0670 -0.9107 0.4076
vn 0.6237 0.3098 0.7176
vn 0.4910 0.8384 0.2365
vn -0.2904 0.2240 0.9303
vn 0.2833 0.0417 0.9581
vn -0.6454 -0.1078 0.7562
vn -0.5059 -0.7713 0.3863
vn -0.3916 0.6324 0.6684
vn 0.0631 0.9744 0.2157
vn -0.3055 -0.9481 0.0884
vn -0.8889 0.2905 -0.3543
vn -0.5623 0.2905 0.7743
vn 0.3055 0.9481 -0.0884
vn 0.0278 -0.0649 -0.9975
vn 0.9209 -0.2845 -0.2665
vn 0.5562 -0.0649 0.8285
vn -0.8566 -0.4875 0.1691
vn -0.8085 0.1530 0.5683
vn -0.9669 0.2498 -0.0512
vn 0.0192 0.9987 0.0462
vn -0.6103 0.7689 -0.1906
vn -0.5327 0.7268 0.4336
vn -0.6324 -0.6885 -0.3551
vn -0.8464 0.0148 -0.5323
vn -0.3681 -0.2081 -0.9062
vn 0.1389 0.8522 -0.5044
vn 0.0087 0.3136 -0.9495
vn -0.5024 0.5507 -0.6666
vn -0.1072 -0.9649 -0.2399
vn 0.0652 -0.5384 -0.8402
vn 0.5761 -0.6713 -0.4664
vn 0.6470 0.5681 -0.5085
vn 0.8795 -0.1022 -0.4647
vn 0.4344 -0.0060 -0.9007
vn -0.0069 -0.9347 0.3555
vn 0.6666 -0.7421 0.0701
vn 0.5607 -0.4996 0.6603
vn 0.8414 0.5390 0.0395
vn 0.7988 0.0961 0.5938
vn 0.9832 -0.1739 0.0548
vn -0.4700 -0.6396 0.6083
vn 0.1266 -0.3149 0.9406
vn -0.3929 0.0697 0.9169
vn 0.4533 0.8052 0.3823
vn -0.1220 0.6345 0.7633
vn 0.3856 0.2790 0.8795
vn -0.9457 0.0587 -0.3197
vn -0.7686 -0.6386 -0.0387
vn -0.5459 0.7311 -0.4092
vn 0.1308 0.9550 -0.2661
vn -0.7032 0.5116 0.4938
vn -0.8545 0.5116 -0.0896
vn -0.2374 0.0398 -0.9706
vn -0.6713 0.3260 -0.6656
vn -0.1581 -0.4609 -0.8733
vn -0.4368 -0.8575 -0.2719
vn 0.2218 0.2246 -0.9489
vn 0.4544 0.7415 -0.4936
vn 0.7354 -0.4375 -0.5174
vn 0.3159 -0.2606 -0.9123
vn 0.6033 -0.7820 -0.1565
vn -0.1159 -0.9928 0.0301
vn 0.9642 -0.0885 -0.2502
vn 0.7674 0.6095 -0.1991
vn 0.7196 -0.2606 0.6436
vn 0.8942 -0.4375 0.0946
vn 0.2864 -0.4609 0.8400
vn -0.2495 -0.8575 0.4500
vn 0.6552 0.2246 0.7213
vn 0.6371 0.7415 0.2104
vn -0.2630 0.3260 0.9080
vn 0.2644 0.0398 0.9636
vn -0.6710 0.0587 0.7391
vn -0.6528 -0.6385 0.4075
vn -0.2781 0.7311 0.6230
vn 0.2437 0.9550 0.1690
vn -0.4834 -0.8664 0.1254
vn -0.8085 0.4342 -0.3971
vn -0.5135 0.4342 0.7401
vn 0.4834 0.8664 -0.1254
vn 0.0373 -0.1238 -0.9916
vn 0.8551 -0.4687 -0.2219
vn 0.5147 -0.1238 0.8484
vn -0.9142 -0.3359 0.2267
vn -0.7461 0.3046 0.5920
vn -0.9163 0.3997 -0.0247
vn 0.1797 0.9837 -0.0033
vn -0.4888 0.8484 -0.2033
vn -0.3894 0.8204 0.4186
vn -0.7497 -0.5921 -0.2956
vn -0.8575 0.1286 -0.4981
vn -0.4388 -0.1838 -0.8796
vn 0.2486 0.7970 -0.5504
vn 0.0135 0.2683 -0.9633
vn -0.4395 0.5960 -0.6720
vn -0.2703 -0.9442 -0.1882
vn -0.0609 -0.5764 -0.8149
vn 0.4395 -0.7740 -0.4557
vn 0.7043 0.4349 -0.5610
vn 0.8292 -0.2616 -0.4939
vn 0.3850 -0.1134 -0.9159
vn -0.1384 -0.9057 0.4006
vn 0.5427 -0.8361 0.0796
vn 0.5048 -0.5553 0.6610
vn 0.9172 0.3979 -0.0204
vn 0.8311 -0.0089 0.5561
vn 0.9446 -0.3273 0.0240
vn -0.5364 -0.5298 0.6570
vn 0.1192 -0.2916 0.9491
vn -0.3332 0.1702 0.9274
vn 0.5930 0.7371 0.3243
vn 0.0165 0.6771 0.7357
vn 0.4660 0.2498 0.8488
vn -0.9384 0.1966 -0.2842
vn -0.8612 -0.5077 0.0232
vn -0.4415 0.7917 -0.4223
vn 0.2681 0.9096 -0.3174
vn -0.5889 0.6382 0.4959
vn -0.7657 0.6382 -0.0803
vn -0.2736 0.0369 -0.9611
vn -0.6417 0.4017 -0.6534
vn -0.2704 -0.4655 -0.8427
vn -0.5798 -0.7867 -0.2122
vn 0.2097 0.1462 -0.9668
vn 0.5426 0.6375 -0.5469
vn 0.6314 -0.5713 -0.5244
vn 0.2271 -0.3458 -0.9104
vn 0.4634 -0.8747 -0.1422
vn -0.2706 -0.9591 0.0830
vn 0.9250 -0.2527 -0.2838
vn 0.8442 0.4694 -0.2590
vn 0.6987 -0.3458 0.6263
vn 0.8169 -0.5713 0.0801
vn 0.2488 -0.4655 0.8494
vn -0.3609 -0.7867 0.5008
vn 0.7158 0.1462 0.6828
vn 0.7560 0.6375 0.1484
vn -0.1648 0.4017 0.9008
vn 0.3125 0.0369 0.9492
vn -0.6175 0.1966 0.7616
vn -0.7260 -0.5077 0.4638
vn -0.1287 0.7917 0.5973
vn 0.4000 0.9096 0.1124
vn -0.6084 -0.7713 0.1867
vn -0.7471 0.5417 -0.3852
vn -0.4025 0.5417 0.7380
vn 0.6084 0.7713 -0.1867
vn -0.0297 -0.1694 -0.9851
vn 0.7583 -0.6089 -0.2327
vn 0.5279 -0.1694 0.8322
vn -0.8566 -0.1661 0.4885
vn -0.4046 0.4678 0.7858
vn -0.8166 0.5700 0.0912
vn 0.3938 0.8997 -0.1882
vn -0.3739 0.8914 -0.2560
vn -0.0297 0.8918 0.4514
vn -0.8089 -0.5871 -0.0312
vn -0.8972 0.1466 -0.4165
vn -0.4564 -0.4359 -0.7757
vn 0.3145 0.5920 -0.7421
vn 0.0397 -0.0819 -0.9958
vn -0.4455 0.4871 -0.7512
vn -0.3084 -0.9102 0.2764
vn -0.0229 -0.8628 -0.5051
vn 0.5103 -0.8529 0.1099
vn 0.7867 0.1910 -0.5870
vn 0.9147 -0.3917 -0.0991
vn 0.4655 -0.4892 -0.7376
vn -0.3561 -0.4892 0.7962
vn 0.4698 -0.5415 0.6971
vn 0.1502 0.1529 0.9768
vn 0.8661 0.4988 -0.0331
vn 0.5012 0.5817 0.6407
vn 0.8812 -0.0845 0.4651
vn -0.9330 0.3115 -0.1802
vn -0.9006 -0.3461 0.2630
vn -0.4068 0.7630 -0.5023
vn 0.3306 0.7770 -0.5357
vn -0.2252 0.7640 0.6046
vn -0.6443 0.7640 -0.0337
vn -0.2747 -0.2683 -0.9233
vn -0.6648 0.3360 -0.6671
vn -0.2557 -0.7376 -0.6249
vn -0.6201 -0.7805 0.0789
vn 0.2504 -0.2551 -0.9339
vn 0.6027 0.3554 -0.7144
vn 0.7176 -0.6963 -0.0144
vn 0.2984 -0.6963 -0.6527
vn 0.4718 -0.7376 0.4831
vn -0.3189 -0.7805 0.5377
vn 0.9565 -0.2551 0.1414
vn 0.8951 0.3555 -0.2691
vn 0.3479 0.3360 0.8752
vn 0.7381 -0.2683 0.6191
vn -0.2055 0.3115 0.9278
vn -0.5993 -0.3461 0.7218
vn 0.2992 0.7630 0.5729
vn 0.6230 0.7770 -0.0904
vn -0.6616 -0.6113 0.4344
vn -0.7207 0.5850 -0.3719
vn 0.0548 0.5850 0.8092
vn 0.6616 0.6112 -0.4344
vn 0.0012 -0.5332 -0.8460
vn 0.7768 -0.5332 0.3351
vn -0.8517 0.0867 0.5168
vn -0.2667 0.6463 0.7149
vn -0.6769 0.7359 0.0175
vn 0.5630 0.7621 -0.3198
vn -0.1920 0.9060 -0.3771
vn 0.1736 0.9317 0.3191
vn -0.9133 -0.4025 0.0625
vn -0.8639 0.2730 -0.4231
vn -0.5680 -0.4330 -0.6999
vn 0.3992 0.4044 -0.8229
vn -0.0190 -0.2251 -0.9742
vn -0.3657 0.4614 -0.8083
vn -0.4780 -0.7780 0.4077
vn -0.2212 -0.8999 -0.3757
vn 0.3273 -0.9176 0.2255
vn 0.7844 -0.0615 -0.6172
vn 0.8093 -0.5850 -0.0521
vn 0.3238 -0.6731 -0.6649
vn -0.4164 -0.2888 0.8621
vn 0.3761 -0.5267 0.7623
vn 0.2185 0.2513 0.9429
vn 0.9483 0.2961 -0.1141
vn 0.6363 0.5461 0.5449
vn 0.8631 -0.2028 0.4625
vn -0.8552 0.4727 -0.2126
vn -0.9411 -0.1094 0.3201
vn -0.2608 0.7546 -0.6021
vn -0.0000 1.0000 -0.0000
vn -0.0376 0.8702 0.4912
vn -0.4735 0.8702 -0.1358
vn -0.3618 -0.3294 -0.8721
vn -0.6079 0.3729 -0.7010
vn -0.4280 -0.7464 -0.5097
vn -0.7641 -0.6142 0.1971
vn 0.1537 -0.4285 -0.8904
vn 0.5571 -0.8268 0.0776
vn 0.1212 -0.8268 -0.5493
vn 0.3288 -0.7464 0.5786
vn -0.4508 -0.6142 0.6477
vn 0.8883 -0.4283 0.1657
vn 0.4454 0.3729 0.8140
vn 0.6916 -0.3294 0.6428
vn -0.0985 0.4727 0.8757
vn -0.6277 -0.1094 0.7707
vn 0.4732 0.7548 0.4542
vn -0.7551 -0.3926 0.5251
vn -0.5990 0.6664 -0.4439
vn 0.2076 0.6664 0.7161
vn -0.1436 -0.6331 -0.7606
vn 0.6630 -0.6331 0.3994
vn -0.3471 -0.9328 -0.0965
vn -0.8338 -0.4223 0.3556
vn -0.8236 -0.3381 -0.4555
vn -0.5601 0.8284 0.0038
vn -0.8099 0.3071 -0.4998
vn -0.9372 0.2212 0.2695
vn 0.2197 -0.8644 -0.4523
vn -0.3069 -0.3701 -0.8768
vn 0.4846 -0.1748 -0.8571
vn -0.1282 0.8781 -0.4610
vn 0.4389 0.4645 -0.7692
vn -0.3129 0.2866 -0.9055
vn 0.5717 -0.8118 0.1186
vn 0.9147 -0.2061 -0.3476
vn 0.8809 -0.1070 0.4611
vn 0.3321 0.9429 -0.0262
vn 0.7041 0.5146 0.4894
vn 0.8516 0.4445 -0.2780
vn 0.0049 -0.8803 0.4744
vn 0.3878 -0.2583 0.8848
vn -0.4273 -0.2704 0.8627
vn -0.0998 0.8932 0.4385
vn -0.5447 0.3572 0.7587
vn 0.2272 0.3790 0.8970
vn -0.5464 -0.4262 -0.7210
vn -0.1267 -0.9490 -0.2887
vn -0.6241 0.3340 -0.7064
vn -0.3545 0.8850 -0.3019
vn -0.9556 -0.0560 0.2893
vn -0.8808 -0.0560 -0.4702
vn 0.4590 0.1113 -0.8815
vn -0.2942 0.0134 -0.9557
vn 0.7643 -0.2558 -0.5919
vn 0.4159 -0.8784 -0.2353
vn 0.6427 0.4987 -0.5816
vn 0.1700 0.9531 -0.2502
vn 0.8647 0.1807 0.4686
vn 0.9396 0.1807 -0.2908
vn 0.6341 -0.2558 0.7297
vn 0.3620 -0.8784 0.3119
vn 0.5169 0.4987 0.6958
vn 0.1179 0.9531 0.2786
vn -0.4750 0.0134 0.8799
vn 0.2781 0.1113 0.9541
vn -0.6765 -0.4262 0.6006
vn -0.1806 -0.9490 0.2585
vn -0.7499 0.3340 0.5710
vn -0.4066 0.8850 0.2269
vn 0.1277 -0.9917 0.0126
vn -0.6340 -0.0429 -0.7722
vn -0.7725 -0.0429 0.6336
vn -0.1276 0.9917 -0.0126
vn 0.7602 0.1384 -0.6348
vn 0.6217 0.1384 0.7709
vn -0.5315 -0.8348 -0.1437
vn -0.9228 -0.2415 0.3000
vn -0.8502 -0.1444 -0.5064
vn -0.3706 0.9288 0.0029
vn -0.6972 0.4837 -0.5291
vn -0.8823 0.4108 0.2299
vn 0.0556 -0.8817 -0.4686
vn -0.3296 -0.2773 -0.9025
vn 0.4830 -0.2563 -0.8373
vn 0.0870 0.8947 -0.4381
vn 0.5694 0.3759 -0.7311
vn -0.1944 0.3660 -0.9101
vn 0.3787 -0.9177 0.1204
vn 0.8678 -0.3896 -0.3084
vn 0.8111 -0.3027 0.5005
vn 0.5258 0.8504 0.0207
vn 0.7692 0.3416 0.5400
vn 0.9406 0.2578 -0.2209
vn -0.2085 -0.8708 0.4453
vn 0.2746 -0.3539 0.8941
vn -0.5220 -0.1908 0.8313
vn 0.0681 0.8844 0.4617
vn -0.4974 0.4494 0.7420
vn 0.2527 0.3027 0.9190
vn -0.5837 -0.2841 -0.7606
vn -0.3094 -0.8936 -0.3252
vn -0.4989 0.4746 -0.7252
vn -0.9602 0.1437 0.2397
vn -0.8452 0.1437 -0.5147
vn 0.5201 0.0291 -0.8536
vn -0.2314 0.0962 -0.9681
vn 0.7240 -0.4009 -0.5614
vn 0.2321 -0.9419 -0.2427
vn 0.7653 0.3618 -0.5323
vn 0.8561 -0.0184 0.5164
vn 0.9711 -0.0184 -0.2380
vn 0.5240 -0.4008 0.7515
vn 0.1493 -0.9419 0.3008
vn 0.5720 0.3617 0.7362
vn -0.5092 0.0962 0.8553
vn 0.2423 0.0291 0.9698
vn -0.7838 -0.2841 0.5523
vn -0.3922 -0.8936 0.2184
vn -0.6923 0.4746 0.5436
vn -0.0869 -0.9961 -0.0132
vn -0.5850 0.1100 -0.8036
vn -0.7977 0.1100 0.5929
vn 0.8061 -0.0141 -0.5916
vn 0.5933 -0.0141 0.8048
vn 0.8140 -0.5654 0.1327
vn 0.9652 0.0674 -0.2528
vn 0.9085 0.1640 0.3843
vn 0.0892 0.9952 -0.0409
vn 0.5748 0.7158 0.3966
vn 0.7135 0.6664 -0.2164
vn 0.4055 -0.7336 0.5453
vn 0.6087 -0.0482 0.7919
vn 0.0125 -0.2191 0.9756
vn -0.2258 0.8726 0.4331
vn -0.3067 0.3350 0.8909
vn 0.2900 0.5190 0.8041
vn -0.0707 -0.9648 0.2534
vn -0.3996 -0.5109 0.7611
vn -0.7603 -0.6065 0.2327
vn -0.7279 0.6350 0.2589
vn -0.9912 -0.0128 0.1315
vn -0.7169 0.0534 0.6952
vn 0.0435 -0.9395 -0.3397
vn -0.6664 -0.6814 -0.3027
vn -0.3419 -0.4629 -0.8178
vn -0.7232 0.6106 -0.3227
vn -0.5329 0.1530 -0.8322
vn -0.9156 -0.0870 -0.3926
vn 0.5903 -0.6927 -0.4143
vn 0.1771 -0.3240 -0.9293
vn 0.6895 0.0133 -0.7242
vn -0.2182 0.8332 -0.5080
vn 0.4350 0.6033 -0.6684
vn -0.0316 0.2918 -0.9560
vn 0.7787 -0.0182 0.6271
vn 0.6464 -0.7033 0.2959
vn 0.4358 0.6889 0.5792
vn -0.1267 0.9687 0.2133
vn 0.8739 0.4356 -0.2159
vn 0.8142 0.4356 0.3838
vn -0.1091 0.0409 0.9932
vn 0.4276 0.2803 0.8594
vn -0.1953 -0.4529 0.8699
vn 0.2360 -0.8864 0.3982
vn -0.5138 0.2652 0.8159
vn -0.5270 0.7901 0.3130
vn -0.9054 -0.3583 0.2276
vn -0.6334 -0.2103 0.7447
vn -0.6891 -0.7215 -0.0685
vn 0.0279 -0.9996 0.0028
vn -0.9951 0.0034 -0.0990
vn -0.7298 0.6798 -0.0726
vn -0.4743 -0.2103 -0.8549
vn -0.8428 -0.3583 -0.4016
vn -0.0201 -0.4529 -0.8914
vn 0.3098 -0.8864 -0.3439
vn -0.3430 0.2652 -0.9011
vn -0.4549 0.7901 -0.4107
vn 0.5885 0.2803 -0.7583
vn 0.0887 0.0409 -0.9952
vn 0.8870 -0.0182 -0.4614
vn 0.6920 -0.7033 -0.1628
vn 0.5413 0.6889 -0.4820
vn -0.0822 0.9687 -0.2340
vn 0.4157 -0.9086 0.0414
vn 0.6582 0.3697 0.6558
vn 0.7745 0.3697 -0.5133
vn -0.4157 0.9086 -0.0413
vn -0.3879 -0.0971 0.9166
vn -0.9181 -0.3856 -0.0913
vn -0.1997 -0.0971 -0.9750
vn 0.8942 -0.4118 0.1757
vn 0.9480 0.2309 -0.2192
vn 0.8500 0.3272 0.4129
vn -0.0840 0.9946 -0.0616
vn 0.4250 0.8121 0.3998
vn 0.5945 0.7771 -0.2064
vn 0.5050 -0.6417 0.5772
vn 0.5757 0.0729 0.8144
vn 0.0115 -0.1965 0.9804
vn -0.3915 0.8270 0.4035
vn -0.3957 0.2916 0.8709
vn 0.1628 0.5757 0.8013
vn 0.0884 -0.9577 0.2738
vn -0.3346 -0.5597 0.7582
vn -0.6517 -0.7261 0.2195
vn -0.8371 0.5021 0.2170
vn -0.9783 -0.1838 0.0957
vn -0.7424 -0.0608 0.6672
vn 0.2201 -0.9232 -0.3152
vn -0.5248 -0.7927 -0.3102
vn -0.2231 -0.5297 -0.8183
vn -0.8051 0.4689 -0.3634
vn -0.5177 0.0429 -0.8545
vn -0.8700 -0.2528 -0.4233
vn 0.7181 -0.5858 -0.3758
vn 0.2678 -0.3041 -0.9142
vn 0.7050 0.1212 -0.6988
vn -0.3396 0.7732 -0.5356
vn 0.3495 0.6584 -0.6665
vn -0.0438 0.2651 -0.9632
vn 0.7443 0.1293 0.6552
vn 0.7467 -0.5740 0.3360
vn 0.2856 0.7646 0.5778
vn -0.3020 0.9352 0.1851
vn 0.7925 0.5780 -0.1945
vn 0.7099 0.5780 0.4025
vn -0.1541 0.0384 0.9873
vn 0.3375 0.3658 0.8674
vn -0.1480 -0.4648 0.8729
vn 0.3707 -0.8244 0.4278
vn -0.5843 0.1854 0.7901
vn -0.6686 0.6910 0.2746
vn -0.8375 -0.5073 0.2032
vn -0.6163 -0.3050 0.7261
vn -0.5495 -0.8320 -0.0761
vn 0.2016 -0.9791 0.0279
vn -0.9757 -0.1726 -0.1351
vn -0.8336 0.5401 -0.1154
vn -0.3959 -0.3050 -0.8662
vn -0.7508 -0.5073 -0.4231
vn 0.0947 -0.4648 -0.8803
vn 0.4730 -0.8244 -0.3110
vn -0.3477 0.1854 -0.9191
vn -0.5689 0.6910 -0.4459
vn 0.5605 0.3658 -0.7430
vn 0.1199 0.0384 -0.9920
vn 0.8943 0.1293 -0.4284
vn 0.8099 -0.5740 -0.1205
vn 0.4319 0.7645 -0.4785
vn -0.2403 0.9352 -0.2602
vn 0.5657 -0.8209 0.0783
vn 0.5570 0.4906 0.6701
vn 0.7181 0.4906 -0.4936
vn -0.5657 0.8209 -0.0783
vn -0.4013 -0.1475 0.9040
vn -0.8325 -0.5419 -0.1153
vn -0.1407 -0.1475 -0.9790
vn 0.9536 -0.2462 0.1733
vn 0.8915 0.3864 -0.2363
vn 0.7839 0.4794 0.3947
vn -0.2559 0.9632 -0.0825
vn 0.2810 0.8829 0.3763
vn 0.4487 0.8633 -0.2311
vn 0.6138 -0.5304 0.5848
vn 0.5614 0.1911 0.8052
vn 0.0540 -0.1679 0.9843
vn -0.5256 0.7561 0.3900
vn -0.4326 0.2394 0.8692
vn 0.0673 0.6143 0.7862
vn 0.2557 -0.9210 0.2938
vn -0.2257 -0.5908 0.7746
vn -0.5138 -0.8225 0.2438
vn -0.9097 0.3545 0.2165
vn -0.9306 -0.3483 0.1122
vn -0.7147 -0.1726 0.6778
vn 0.3742 -0.8783 -0.2975
vn -0.3819 -0.8789 -0.2859
vn -0.1349 -0.5799 -0.8035
vn -0.8774 0.3134 -0.3634
vn -0.5247 -0.0680 -0.8486
vn -0.8166 -0.4099 -0.4065
vn 0.8055 -0.4613 -0.3719
vn 0.3086 -0.2749 -0.9106
vn 0.6671 0.2248 -0.7102
vn -0.4733 0.6895 -0.5482
vn 0.2241 0.6929 -0.6854
vn -0.0975 0.2303 -0.9682
vn 0.7162 0.2721 0.6426
vn 0.8379 -0.4276 0.3391
vn 0.1536 0.8161 0.5571
vn -0.4581 0.8728 0.1682
vn 0.6784 0.7018 -0.2173
vn 0.6022 0.7018 0.3805
vn -0.1498 0.0348 0.9881
vn 0.2764 0.4395 0.8547
vn -0.0575 -0.4624 0.8848
vn 0.5119 -0.7371 0.4412
vn -0.6007 0.1002 0.7932
vn -0.7760 0.5711 0.2677
vn -0.7349 -0.6397 0.2251
vn -0.5476 -0.3897 0.7404
vn -0.3974 -0.9163 -0.0506
vn 0.3688 -0.9283 0.0470
vn -0.9320 -0.3423 -0.1188
vn -0.9157 0.3845 -0.1167
vn -0.3445 -0.3897 -0.8541
vn -0.6550 -0.6398 -0.4022
vn 0.1663 -0.4624 -0.8710
vn 0.6062 -0.7371 -0.2987
vn -0.3826 0.1002 -0.9185
vn -0.6841 0.5710 -0.4538
vn 0.4819 0.4395 -0.7580
vn 0.1028 0.0348 -0.9941
vn 0.8545 0.2721 -0.4425
vn 0.8962 -0.4277 -0.1181
vn 0.2883 0.8161 -0.5008
vn -0.4013 0.8728 -0.2777
vn 0.7003 -0.7083 0.0892
vn 0.4692 0.5957 0.6520
vn 0.6177 0.5957 -0.5135
vn -0.7003 0.7083 -0.0892
vn -0.3617 -0.1931 0.9121
vn -0.7268 -0.6806 -0.0926
vn -0.1215 -0.1931 -0.9736
vn 0.9989 -0.0295 -0.0361
vn 0.6521 0.5690 -0.5010
vn 0.6808 0.6651 0.3068
vn -0.5550 0.8318 -0.0046
vn 0.0888 0.9066 0.4125
vn 0.1116 0.9208 -0.3738
vn 0.7759 -0.4911 0.3960
vn 0.5762 0.2168 0.7880
vn 0.1040 -0.4378 0.8930
vn -0.6977 0.4944 0.5185
vn -0.4810 -0.1607 0.8619
vn -0.0205 0.4770 0.8787
vn 0.5220 -0.8454 -0.1135
vn -0.0940 -0.8900 0.4461
vn -0.2810 -0.8951 -0.3462
vn -0.9862 0.0547 0.1562
vn -0.7949 -0.5004 -0.3431
vn -0.6805 -0.5935 0.4297
vn 0.7450 -0.3838 -0.5456
vn -0.0183 -0.5378 -0.8429
vn 0.2958 0.2079 -0.9323
vn -0.8436 0.3922 -0.3669
vn -0.2251 0.5669 -0.7924
vn -0.5484 -0.1497 -0.8227
vn 0.6936 0.4020 0.5977
vn 0.9585 -0.2197 0.1815
vn 0.0222 0.7646 0.6441
vn -0.6423 0.6914 0.3308
vn 0.3710 0.8282 -0.4201
vn 0.4457 0.8282 0.3398
vn -0.1463 -0.3038 0.9414
vn 0.2313 0.3589 0.9043
vn 0.0382 -0.7484 0.6622
vn 0.6872 -0.6960 0.2082
vn -0.6139 -0.3518 0.7067
vn -0.9057 0.2291 0.3567
vn -0.5413 -0.7732 -0.3304
vn -0.4666 -0.7732 0.4295
vn -0.0915 -0.7484 -0.6570
vn 0.6334 -0.6960 -0.3381
vn -0.7398 -0.3518 -0.5736
vn -0.9578 0.2291 -0.1734
vn 0.0507 0.3588 -0.9320
vn -0.3269 -0.3039 -0.8949
vn 0.5639 0.4020 -0.7214
vn 0.9048 -0.2197 -0.3648
vn -0.1038 0.7646 -0.6361
vn -0.6945 0.6914 -0.1993
vn 0.8637 -0.4968 -0.0850
vn 0.3818 0.6342 0.6723
vn 0.2435 0.6342 -0.7338
vn -0.8637 0.4968 0.0849
vn -0.3168 -0.5921 0.7410
vn -0.4551 -0.5921 -0.6651
vn 0.9794 0.1645 -0.1171
vn 0.4864 0.6936 -0.5314
vn 0.5652 0.7780 0.2744
vn -0.7018 0.7091 0.0690
vn -0.0507 0.8987 0.4356
vn -0.0983 0.9319 -0.3490
vn 0.8862 -0.3396 0.3151
vn 0.5895 0.3089 0.7464
vn 0.2614 -0.4264 0.8659
vn -0.7322 0.3406 0.5898
vn -0.3661 -0.2668 0.8915
vn -0.0360 0.4473 0.8937
vn 0.6619 -0.7265 -0.1845
vn 0.1158 -0.8998 0.4207
vn -0.1337 -0.9258 -0.3537
vn -0.9616 -0.1395 0.2366
vn -0.7113 -0.6378 -0.2956
vn -0.5156 -0.7217 0.4618
vn 0.7551 -0.2224 -0.6167
vn 0.0127 -0.5151 -0.8570
vn 0.1700 0.2787 -0.9452
vn -0.9310 0.2290 -0.2841
vn -0.3959 0.5278 -0.7515
vn -0.5780 -0.2371 -0.7808
vn 0.6527 0.5169 0.5539
vn 0.9948 -0.0341 0.0962
vn -0.0691 0.7421 0.6668
vn -0.4950 -0.3868 0.7781
vn 0.1690 0.8920 -0.4193
vn 0.3070 0.8920 0.3318
vn -0.0047 -0.3442 0.9389
vn 0.2350 0.3795 0.8948
vn 0.2366 -0.7394 0.6304
vn 0.8225 -0.5542 0.1279
vn -0.4728 -0.4768 0.7410
vn 0.9940 -0.0122 -0.1090
vn -0.4102 -0.8567 -0.3128
vn -0.2722 -0.8567 0.4382
vn -0.0029 -0.7393 -0.6733
vn 0.7233 -0.5542 -0.4119
vn -0.7054 -0.4770 -0.5243
vn -0.0985 0.3795 -0.9199
vn -0.3382 -0.3442 -0.8759
vn 0.4132 0.5168 -0.7498
vn 0.8956 -0.0341 -0.4436
vn -0.3020 0.7425 -0.5979
vn 0.9321 -0.3192 -0.1713
vn 0.3099 0.6830 0.6614
vn 0.0546 0.6831 -0.7283
vn -0.1336 -0.6560 0.7428
vn -0.3890 -0.6560 -0.6468
vn 0.3715 -0.8914 0.2595
vn 0.9410 -0.3383 -0.0084
vn 0.6270 -0.2474 0.7387
vn 0.4443 0.8813 0.1611
vn 0.5390 0.3934 0.7448
vn 0.9464 0.3132 0.0791
vn -0.2899 -0.8777 0.3815
vn -0.0028 -0.3279 0.9447
vn -0.7465 -0.2148 0.6298
vn -0.1304 0.8912 0.4344
vn -0.7305 0.4248 0.5347
vn -0.0678 0.3263 0.9428
vn -0.4117 -0.8672 -0.2800
vn -0.9555 -0.2951 0.0010
vn -0.6372 -0.2012 -0.7439
vn -0.4035 0.9041 -0.1403
vn -0.5201 0.4348 -0.7352
vn -0.9311 0.3578 -0.0713
vn 0.2497 -0.8809 -0.4020
vn -0.0117 -0.3055 -0.9521
vn 0.7362 -0.2339 -0.6350
vn 0.1711 0.8942 -0.4136
vn 0.7494 0.4034 -0.5250
vn 0.0831 0.3447 -0.9350
vn 0.2811 -0.3607 0.8893
vn 0.0987 -0.9281 0.3591
vn 0.2889 0.4032 0.8683
vn 0.1368 0.9196 0.3683
vn 0.9960 0.0392 0.0804
vn 0.6488 0.0392 0.7600
vn -0.7578 0.0726 0.6484
vn -0.0785 0.0531 0.9955
vn -0.9011 -0.3267 0.2853
vn -0.3909 -0.9140 0.1090
vn -0.8537 0.4361 0.2845
vn -0.3363 0.9332 0.1266
vn -0.6459 0.0865 -0.7585
vn -0.9931 0.0865 -0.0790
vn -0.2968 -0.3267 -0.8973
vn -0.1407 -0.9140 -0.3806
vn -0.2697 0.4361 -0.8585
vn -0.0944 0.9332 -0.3467
vn 0.7607 0.0531 -0.6469
vn 0.0814 0.0726 -0.9940
vn 0.8854 -0.3607 -0.2933
vn 0.3488 -0.9281 -0.1305
vn 0.8729 0.4032 -0.2747
vn 0.3786 0.9196 -0.1050
vn -0.0228 -0.9997 -0.0117
vn 0.3085 0.0300 0.9508
vn 0.9512 0.0300 -0.3071
vn 0.0230 0.9997 0.0117
vn -0.9490 0.0662 0.3083
vn -0.3063 0.0662 -0.9496
vn 0.5027 -0.7818 0.3688
vn 0.9839 -0.1621 0.0749
vn 0.6081 -0.0609 0.7915
vn 0.2713 0.9581 0.0920
vn 0.4093 0.5513 0.7270
vn 0.8694 0.4850 0.0950
vn -0.1577 -0.8766 0.4546
vn -0.0106 -0.2344 0.9721
vn -0.7391 -0.2870 0.6094
vn -0.3137 0.8892 0.3330
vn -0.8286 0.3334 0.4497
vn -0.1886 0.3942 0.8994
vn -0.2335 -0.9494 -0.2099
vn -0.8870 -0.4614 -0.0177
vn -0.5394 -0.3808 -0.7510
vn -0.5446 0.7995 -0.2533
vn -0.5361 0.2640 -0.8018
vn -0.9721 0.1756 -0.1556
vn 0.4268 -0.8546 -0.2957
vn 0.1075 -0.3892 -0.9149
vn 0.8078 -0.1547 -0.5689
vn 0.0404 0.8684 -0.4942
vn 0.7019 0.4819 -0.5246
vn 0.0859 0.2663 -0.9601
vn 0.2778 -0.2204 0.9350
vn 0.2342 -0.8578 0.4575
vn 0.1537 0.5272 0.8357
vn 0.9659 0.2257 0.1270
vn 0.5780 0.2257 0.7842
vn -0.8017 -0.0059 0.5977
vn -0.1550 0.1297 0.9794
vn -0.8476 -0.4563 0.2707
vn -0.2318 -0.9555 0.1824
vn -0.9343 0.2992 0.1938
vn -0.5972 -0.1020 -0.7956
vn -0.9851 -0.1020 -0.1384
vn -0.1726 -0.4563 -0.8729
vn 0.0477 -0.9555 -0.2911
vn -0.2818 0.2991 -0.9117
vn 0.7825 0.1297 -0.6090
vn 0.1358 -0.0059 -0.9907
vn 0.9528 -0.2204 -0.2086
vn 0.5137 -0.8578 -0.0160
vn 0.8059 0.5271 -0.2697
vn 0.1530 -0.9841 0.0903
vn 0.2322 0.1729 0.9572
vn 0.9502 0.1729 -0.2593
vn -0.9649 -0.0781 0.2506
vn -0.2469 -0.0781 -0.9659
vn 0.1083 0.8763 0.4695
vn 0.2579 0.8987 -0.3546
vn -0.3782 0.9084 -0.1783
vn -0.1620 -0.0170 -0.9866
vn -0.3633 0.5732 -0.7345
vn 0.2297 0.4946 -0.8382
vn -0.4140 0.5989 0.6855
vn -0.8154 0.5767 -0.0497
vn -0.9319 0.0692 0.3561
vn -0.5536 -0.3405 -0.7600
vn -0.9526 -0.1853 -0.2412
vn -0.7573 0.2669 -0.5961
vn -0.2465 0.0613 0.9672
vn -0.7403 -0.4380 0.5100
vn -0.1631 -0.6985 0.6968
vn -0.3028 -0.7854 -0.5399
vn -0.2805 -0.9534 0.1110
vn -0.7623 -0.6414 -0.0867
vn 0.3792 0.0065 0.9253
vn 0.3795 -0.7432 0.5510
vn 0.8657 -0.3337 0.3731
vn 0.2438 -0.7369 -0.6305
vn 0.7242 -0.6697 -0.1645
vn 0.2216 -0.9750 -0.0140
vn 0.5985 0.5101 0.6177
vn 0.9964 0.0829 0.0166
vn 0.7328 0.6594 -0.1678
vn 0.3308 -0.2620 -0.9066
vn 0.6730 0.2738 -0.6871
vn 0.8346 -0.2729 -0.4785
vn 0.0927 0.9617 0.2578
vn 0.2170 0.8027 -0.5554
vn -0.4135 0.8352 -0.3626
vn -0.1906 -0.2420 -0.9514
vn -0.4040 0.3843 -0.8301
vn 0.1880 0.3000 -0.9353
vn -0.4133 0.7263 0.5492
vn -0.8354 0.5295 -0.1474
vn -0.9227 0.1230 0.3653
vn -0.5642 -0.5165 -0.6442
vn -0.9526 -0.2594 -0.1589
vn -0.7832 0.1067 -0.6126
vn -0.2196 0.2702 0.9374
vn -0.7097 -0.3317 0.6216
vn -0.1189 -0.5285 0.8406
vn -0.2922 -0.8940 -0.3396
vn -0.2450 -0.9112 0.3312
vn -0.7426 -0.6641 0.0865
vn 0.4061 0.2236 0.8860
vn 0.4204 -0.5906 0.6888
vn 0.8871 -0.2189 0.4063
vn 0.2495 -0.8529 -0.4586
vn 0.7410 -0.6704 -0.0372
vn 0.2536 -0.9473 0.1959
vn 0.5992 0.6510 0.4660
vn 0.9931 0.1105 -0.0386
vn 0.7050 0.6239 -0.3373
vn 0.3123 -0.4499 -0.8367
vn 0.6428 0.1302 -0.7549
vn 0.8287 -0.3514 -0.4356
vn 0.0453 0.9968 -0.0664
vn 0.1989 0.5899 -0.7826
vn -0.4376 0.6522 -0.6190
vn -0.1536 -0.5452 -0.8241
vn -0.3962 0.0755 -0.9150
vn 0.2015 -0.0094 -0.9795
vn -0.4585 0.8438 0.2789
vn -0.8523 0.4124 -0.3219
vn -0.9369 0.1895 0.2937
vn -0.5239 -0.7235 -0.4495
vn -0.9362 -0.3427 -0.0787
vn -0.7694 -0.1350 -0.6243
vn -0.2569 0.5474 0.7964
vn -0.7124 -0.1472 0.6862
vn -0.1203 -0.2338 0.9648
vn -0.2451 -0.9689 -0.0355
vn -0.2160 -0.7662 0.6052
vn -0.7164 -0.6358 0.2872
vn 0.3714 0.5172 0.7711
vn 0.4252 -0.3154 0.8484
vn 0.8837 -0.0327 0.4669
vn 0.2976 -0.9421 -0.1543
vn 0.7691 -0.6097 0.1916
vn 0.2873 -0.8198 0.4954
vn 0.5582 0.7949 0.2378
vn 0.9884 0.1401 -0.0594
vn 0.6876 0.5149 -0.5120
vn 0.3541 -0.6803 -0.6417
vn 0.6577 -0.0895 -0.7480
vn 0.8545 -0.4326 -0.2874
vn 0.8286 -0.5508 -0.1000
vn 0.4542 0.8699 0.1924
vn -0.1264 0.9029 -0.4109
vn -0.3554 0.9112 0.2083
vn -0.8951 -0.0039 -0.4458
vn -0.8016 0.5833 -0.1312
vn -0.5397 0.5052 -0.6734
vn 0.3207 0.5905 0.7406
vn -0.5106 0.5786 0.6360
vn -0.2556 0.0659 0.9645
vn -0.9441 -0.3297 0.0023
vn -0.7550 -0.1807 0.6304
vn -0.9233 0.2758 0.2673
vn 0.6409 0.0491 0.7661
vn -0.0244 -0.4435 0.8959
vn 0.4617 -0.7073 0.5354
vn -0.6240 -0.7778 -0.0752
vn -0.0850 -0.9544 0.2863
vn -0.5236 -0.6391 0.5634
vn 0.9723 -0.0062 0.2337
vn 0.6603 -0.7509 0.0097
vn 0.8051 -0.3398 -0.4861
vn -0.3772 -0.7290 -0.5712
vn 0.2825 -0.6686 -0.6879
vn 0.1070 -0.9751 -0.1942
vn 0.8569 0.5011 -0.1209
vn 0.5973 0.0812 -0.7979
vn 0.3002 0.6604 -0.6883
vn -0.5448 -0.2507 -0.8002
vn -0.1604 0.2818 -0.9460
vn 0.0970 -0.2679 -0.9585
vn 0.2507 0.9633 0.0960
vn -0.2811 0.7997 -0.5306
vn -0.5491 0.8327 0.0718
vn -0.8421 -0.2477 -0.4791
vn -0.8936 0.3791 -0.2405
vn -0.5844 0.2947 -0.7561
vn 0.1401 0.7292 0.6699
vn -0.6617 0.5279 0.5325
vn -0.3298 0.1243 0.9358
vn -0.8537 -0.5207 0.0053
vn -0.7433 -0.2611 0.6159
vn -0.9766 0.1024 0.1893
vn 0.5624 0.2754 0.7796
vn 0.0056 -0.3287 0.9444
vn 0.5594 -0.5237 0.6426
vn -0.4436 -0.8962 0.0008
vn 0.0940 -0.9095 0.4050
vn -0.4183 -0.6643 0.6195
vn 0.9342 0.2291 0.2736
vn 0.7986 -0.5863 0.1360
vn 0.8895 -0.2158 -0.4027
vn -0.1784 -0.8553 -0.4864
vn 0.4611 -0.6700 -0.5818
vn 0.3189 -0.9459 -0.0601
vn 0.7415 0.6542 -0.1489
vn 0.6214 0.1111 -0.7755
vn 0.2045 0.6225 -0.7554
vn -0.4247 -0.4545 -0.7830
vn -0.1492 0.1264 -0.9807
vn 0.2162 -0.3532 -0.9102
vn 0.0104 0.9983 -0.0570
vn -0.4474 0.6178 -0.6466
vn -0.7339 0.6770 -0.0548
vn -0.7435 -0.5132 -0.4287
vn -0.9504 0.1117 -0.2902
vn -0.6144 0.0263 -0.7886
vn -0.0587 0.8350 0.5471
vn -0.7846 0.4282 0.4484
vn -0.3784 0.1829 0.9074
vn -0.7045 -0.7037 0.0923
vn -0.6780 -0.3350 0.6543
vn -0.9781 -0.1078 0.1780
vn 0.4563 0.5185 0.7232
vn 0.0549 -0.1693 0.9840
vn 0.6482 -0.2692 0.7123
vn -0.2166 -0.9657 0.1435
vn 0.2959 -0.7873 0.5410
vn -0.2664 -0.6427 0.7183
vn 0.8436 0.4861 0.2280
vn 0.9109 -0.3490 0.2200
vn 0.9272 -0.0544 -0.3705
vn 0.0459 -0.9371 -0.3460
vn 0.6254 -0.6202 -0.4736
vn 0.5371 -0.8391 0.0857
vn 0.5681 0.7827 -0.2542
vn 0.6004 0.1374 -0.7878
vn 0.0730 0.5304 -0.8446
vn -0.2797 -0.6575 -0.6996
vn -0.1449 -0.0646 -0.9873
vn 0.3221 -0.4257 -0.8456
vn 0.3137 0.8804 -0.3557
vn -0.4442 0.8959 0.0012
vn 0.0687 0.9065 0.4167
vn -0.7089 -0.0257 0.7048
vn -0.3905 0.5665 0.7256
vn -0.8189 0.4876 0.3027
vn 0.7946 0.6044 -0.0576
vn 0.4294 0.5755 0.6960
vn 0.8306 0.0713 0.5522
vn -0.2950 -0.3475 0.8901
vn 0.3581 -0.1883 0.9145
vn -0.0471 0.2610 0.9642
vn 0.9301 0.0694 -0.3606
vn 0.8479 -0.4344 0.3039
vn 0.6665 -0.6926 -0.2760
vn -0.2586 -0.7903 0.5555
vn 0.2594 -0.9527 0.1583
vn 0.3763 -0.6429 0.6672
vn 0.5329 0.0148 -0.8460
vn 0.2329 -0.7381 -0.6332
vn -0.1970 -0.3296 -0.9233
vn -0.6501 -0.7421 0.1634
vn -0.5502 -0.6703 -0.4979
vn -0.1338 -0.9749 -0.1779
vn 0.1519 0.5160 -0.8430
vn -0.5657 0.0841 -0.8203
vn -0.5664 0.6587 -0.4953
vn -0.9284 -0.2695 0.2557
vn -0.9519 0.2686 -0.1472
vn -0.8725 -0.2762 -0.4031
vn -0.3216 -0.5581 0.7649
vn 0.1246 0.9722 -0.1982
vn -0.6003 0.7802 0.1756
vn -0.0740 0.8167 0.5723
vn -0.6483 -0.2826 0.7070
vn -0.4434 0.3468 0.8265
vn -0.8747 0.2619 0.4078
vn 0.6652 0.7460 0.0320
vn 0.3577 0.5177 0.7772
vn 0.8352 0.1323 0.5338
vn -0.1718 -0.5464 0.8197
vn 0.4412 -0.2717 0.8553
vn -0.0360 0.0761 0.9964
vn 0.8780 0.3076 -0.3666
vn 0.9301 -0.3099 0.1974
vn 0.7644 -0.4937 -0.4146
vn -0.0750 -0.9092 0.4095
vn 0.4391 -0.8981 -0.0242
vn 0.5275 -0.6646 0.5292
vn 0.4691 0.2629 -0.8431
vn 0.3258 -0.5588 -0.7626
vn -0.1885 -0.1962 -0.9623
vn -0.4917 -0.8697 0.0432
vn -0.4468 -0.6667 -0.5965
vn 0.0370 -0.9367 -0.3483
vn 0.0034 0.6736 -0.7391
vn -0.6200 0.1150 -0.7761
vn -0.7066 0.6136 -0.3523
vn -0.8460 -0.4824 0.2271
vn -0.9922 0.1027 -0.0708
vn -0.8296 -0.3641 -0.4233
vn -0.0653 0.9978 -0.0116
vn -0.7401 0.6053 0.2930
vn -0.2313 0.6659 0.7092
vn -0.5826 -0.5277 0.6181
vn -0.5034 0.0954 0.8588
vn -0.9095 0.0102 0.4156
vn 0.5084 0.8391 0.1934
vn 0.2496 0.4211 0.8720
vn 0.7930 0.1859 0.5801
vn -0.0643 -0.7128 0.6985
vn 0.4840 -0.3385 0.8070
vn -0.0516 -0.1201 0.9914
vn 0.8026 0.5316 -0.2705
vn 0.9721 -0.1594 0.1721
vn 0.8461 -0.2532 -0.4690
vn 0.1015 -0.9673 0.2326
vn 0.6044 -0.7779 -0.1720
vn 0.6452 -0.6397 0.4178
vn 0.4108 0.5002 -0.7623
vn 0.4289 -0.3339 -0.8394
vn -0.1455 -0.0446 -0.9884
vn -0.3144 -0.9396 -0.1357
vn -0.3086 -0.6156 -0.7252
vn 0.2179 -0.8305 -0.5126
vn -0.1257 0.7884 -0.6023
vn -0.6293 0.1387 -0.7647
vn -0.8113 0.5235 -0.2601
vn -0.7371 -0.6679 0.1026
vn -0.9932 -0.0759 -0.0881
vn -0.7429 -0.4289 -0.5139
vn 0.5841 0.5926 -0.5546
vn 0.8015 -0.2532 0.5417
vn -0.3305 0.8675 -0.3718
vn -0.0642 0.9044 0.4218
vn 0.4077 0.9122 -0.0397
vn 0.6181 0.0010 0.7861
vn 0.6666 0.5870 0.4595
vn 0.1981 0.5091 0.8376
vn 0.0256 0.5874 -0.8089
vn 0.7321 0.5792 -0.3584
vn 0.6437 0.0647 -0.7625
vn 0.8551 -0.3256 0.4034
vn 0.9527 -0.1790 -0.2457
vn 0.9480 0.2791 0.1527
vn -0.2513 0.0445 -0.9669
vn 0.4069 -0.4456 -0.7974
vn -0.1860 -0.7105 -0.6787
vn 0.5339 -0.7750 0.3382
vn 0.2021 -0.9547 -0.2186
vn 0.7162 -0.6382 -0.2825
vn -0.7786 -0.0109 -0.6274
vn -0.5904 -0.7538 -0.2885
vn -0.9348 -0.3421 0.0959
vn 0.0984 -0.7260 0.6806
vn -0.5479 -0.6681 0.5034
vn -0.1771 -0.9751 0.1335
vn -0.8276 0.4977 -0.2596
vn -0.8816 0.0806 0.4651
vn -0.5678 0.6608 0.4909
vn 0.1504 -0.2465 0.9574
vn -0.2609 0.2847 0.9224
vn -0.4973 -0.2661 0.8258
vn 0.0060 -0.9999 0.0084
vn 0.3749 -0.7632 0.5262
vn -0.5081 -0.4649 0.7251
vn -0.1606 0.9773 -0.1383
vn 0.0792 0.7671 0.6366
vn 0.5617 0.8058 0.1877
vn 0.5800 -0.3050 0.7554
vn 0.7416 0.3257 0.5864
vn 0.2534 0.2405 0.9370
vn 0.1568 0.7564 -0.6351
vn 0.8343 0.5107 -0.2076
vn 0.6723 0.1374 -0.7274
vn 0.7701 -0.5626 0.3006
vn 0.9152 -0.2784 -0.2915
vn 0.9760 0.0591 0.2094
vn -0.2046 0.3282 -0.9222
vn 0.3516 -0.2975 -0.8876
vn -0.2823 -0.4740 -0.8341
vn 0.3781 -0.9170 0.1273
vn 0.0404 -0.8902 -0.4538
vn 0.6037 -0.6643 -0.4406
vn -0.7454 0.2845 -0.6028
vn -0.7020 -0.5406 -0.4637
vn -0.9829 -0.1834 0.0152
vn -0.0543 -0.8784 0.4749
vn -0.6738 -0.6642 0.3238
vn -0.3490 -0.9301 -0.1148
vn -0.7182 0.6857 -0.1184
vn -0.8703 0.1174 0.4783
vn -0.4613 0.6075 0.6466
vn 0.0705 -0.5002 0.8631
vn -0.2404 0.0873 0.9667
vn -0.5656 -0.3709 0.7366
vn -0.3746 0.3032 0.8762
vn -0.0281 0.9981 0.0545
vn 0.1545 0.6122 0.7755
vn 0.6538 0.6720 0.3478
vn 0.5081 -0.5198 0.6867
vn 0.7558 0.1043 0.6465
vn 0.2483 0.0190 0.9685
vn 0.2759 0.8369 -0.4727
vn 0.9002 0.4250 -0.0949
vn 0.7102 0.1842 -0.6795
vn 0.6797 -0.7078 0.1922
vn 0.8815 -0.3366 -0.3311
vn 0.9673 -0.1134 0.2269
vn -0.1271 0.5244 -0.8419
vn 0.3421 -0.1648 -0.9251
vn -0.3108 -0.2620 -0.9137
vn 0.2518 -0.9664 -0.0512
vn -0.0585 -0.7831 -0.6192
vn 0.5285 -0.6413 -0.5562
vn -0.6802 0.4925 -0.5429
vn -0.7486 -0.3422 -0.5678
vn -0.9983 -0.0499 -0.0311
vn -0.1843 -0.9383 0.2928
vn -0.7651 -0.6181 0.1804
vn -0.4617 -0.8353 -0.2986
vn -0.6190 0.7853 0.0111
vn -0.8646 0.1380 0.4832
vn -0.4021 0.5273 0.7485
vn -0.0259 -0.6622 0.7489
vn -0.2619 -0.0697 0.9626
vn -0.6349 -0.4272 0.6438
vn -0.1443 -0.5939 -0.7915
vn -0.4456 0.5851 -0.6776
vn -0.4872 0.8645 0.1234
vn 0.3398 0.9062 0.2517
vn 0.1468 0.9134 -0.3796
vn 0.9822 0.0069 -0.1876
vn 0.7110 0.5915 -0.3803
vn 0.8319 0.5138 0.2095
vn -0.7101 0.5836 -0.3941
vn 0.0148 0.5800 -0.8145
vn -0.3817 0.0633 -0.9221
vn 0.7532 -0.3207 -0.5743
vn 0.2207 -0.1769 -0.9592
vn 0.5697 0.2831 -0.7716
vn -0.9745 0.0390 -0.2212
vn -0.5186 -0.4480 -0.7283
vn -0.6841 -0.7144 -0.1474
vn 0.5503 -0.7715 -0.3193
vn -0.0957 -0.9550 -0.2807
vn 0.0820 -0.6371 -0.7664
vn -0.9150 -0.0166 0.4031
vn -0.5232 -0.7572 0.3911
vn -0.3424 -0.3449 0.8740
vn 0.6539 -0.7224 0.2249
vn 0.1991 -0.6676 0.7174
vn 0.0429 -0.9750 0.2178
vn -0.6139 0.4936 0.6160
vn 0.0073 0.0798 0.9968
vn 0.1711 0.6612 0.7304
vn 0.9208 -0.2413 0.3063
vn 0.6976 0.2882 0.6559
vn 0.5063 -0.2638 0.8210
vn -0.2425 0.9678 0.0670
vn 0.5517 0.7902 0.2668
vn 0.4193 0.8249 -0.3790
vn 0.9590 -0.2650 -0.1007
vn 0.8730 0.3632 -0.3253
vn 0.9205 0.2785 0.2740
vn -0.4909 0.7376 -0.4637
vn 0.2371 0.5229 -0.8187
vn -0.2748 0.1283 -0.9529
vn 0.6815 -0.5335 -0.5010
vn 0.2408 -0.2664 -0.9333
vn 0.6853 0.0895 -0.7228
vn -0.9062 0.2913 -0.3064
vn -0.5604 -0.3195 -0.7641
vn -0.8382 -0.5090 -0.1960
vn 0.3440 -0.9028 -0.2581
vn -0.3284 -0.9040 -0.2736
vn -0.0326 -0.6645 -0.7465
vn -0.9145 0.2458 0.3214
vn -0.7388 -0.5728 0.3551
vn -0.4923 -0.2062 0.8457
vn 0.4130 -0.8626 0.2923
vn -0.0479 -0.6685 0.7422
vn -0.2411 -0.9415 0.2355
vn -0.5043 0.6639 0.5522
vn -0.0515 0.1130 0.9923
vn 0.2849 0.6182 0.7326
vn 0.7930 -0.4684 0.3896
vn 0.6946 0.1147 0.7102
vn 0.3480 -0.3586 0.8662
vn 0.0198 0.9985 0.0511
vn 0.7565 0.6251 0.1923
vn 0.5813 0.6835 -0.4415
vn 0.8468 -0.5046 -0.1684
vn 0.9049 0.1212 -0.4080
vn 0.9815 0.0358 0.1882
vn -0.3248 0.8324 -0.4490
vn 0.2902 0.4323 -0.8537
vn -0.3153 0.1811 -0.9316
vn 0.4759 -0.6982 -0.5348
vn 0.0819 -0.3328 -0.9394
vn 0.6193 -0.1006 -0.7787
vn -0.8249 0.5106 -0.2425
vn -0.6882 -0.1752 -0.7041
vn -0.9542 -0.2785 -0.1088
vn 0.0779 -0.9646 -0.2520
vn -0.5712 -0.7927 -0.2129
vn -0.2667 -0.6443 -0.7167
vn -0.7895 0.4778 0.3853
vn -0.8266 -0.3579 0.4344
vn -0.4526 -0.0601 0.8897
vn 0.2028 -0.9356 0.2891
vn -0.1520 -0.6228 0.7675
vn -0.4521 -0.8441 0.2884
vn -0.2675 0.7793 0.5667
vn 0.0663 0.1367 0.9884
vn 0.4965 0.5344 0.6841
vn 0.6780 -0.6513 0.3409
vn 0.7603 -0.0580 0.6469
vn 0.3193 -0.4237 0.8476
vn 0.3353 -0.8516 -0.4029
vn -0.4921 -0.8677 0.0701
vn 0.5179 -0.8523 -0.0738
vn -0.7784 -0.6179 0.1109
vn -0.3820 -0.9236 0.0324
vn -0.8940 -0.3730 0.2483
vn -0.8035 -0.4508 -0.3888
vn -0.6120 0.7868 -0.0803
vn -0.9246 0.1862 -0.3322
vn -0.9181 0.2693 0.2909
vn -0.0537 -0.8780 -0.4757
vn -0.4826 -0.3190 -0.8157
vn 0.1538 -0.3107 -0.9380
vn -0.2088 0.8444 -0.4933
vn -0.0081 0.3197 -0.9475
vn -0.6005 0.3093 -0.7374
vn 0.5252 -0.7895 -0.3175
vn 0.6446 -0.1486 -0.7499
vn 0.9651 -0.1827 -0.1875
vn 0.3037 0.9237 -0.2336
vn 0.8528 0.4547 -0.2567
vn 0.4644 0.4698 -0.7508
vn 0.5548 -0.7805 0.2883
vn 0.9299 -0.0972 0.3547
vn 0.5092 -0.2437 0.8254
vn 0.2174 0.9150 0.3399
vn 0.4683 0.4047 0.7854
vn 0.8049 0.5288 0.2692
vn -0.0059 -0.8633 0.5046
vn -0.0210 -0.2359 0.9716
vn -0.5839 -0.4095 0.7010
vn -0.3485 0.8304 0.4347
vn -0.6302 0.2388 0.7388
vn -0.0495 0.4049 0.9130
vn -0.4866 -0.8726 0.0421
vn -0.9237 -0.2670 0.2749
vn -0.8623 -0.3512 -0.3649
vn -0.5175 0.8536 -0.0595
vn -0.9060 0.2954 -0.3031
vn -0.8708 0.3734 0.3197
vn -0.1709 -0.8628 -0.4758
vn -0.5413 -0.2554 -0.8011
vn 0.0877 -0.3211 -0.9430
vn -0.1231 0.8660 -0.4847
vn 0.0007 0.3241 -0.9460
vn -0.5821 0.3820 -0.7178
vn 0.4190 -0.8438 -0.3354
vn 0.5996 -0.2188 -0.7698
vn 0.9308 -0.2935 -0.2177
vn 0.4029 0.8830 -0.2408
vn 0.8921 0.3531 -0.2819
vn 0.4933 0.4165 -0.7637
vn 0.4678 -0.8418 0.2693
vn 0.9224 -0.2077 0.3256
vn 0.5019 -0.3067 0.8087
vn 0.3336 0.8812 0.3351
vn 0.5362 0.3423 0.7715
vn 0.8692 0.4292 0.2454
vn -0.0919 -0.8596 0.5026
vn -0.0190 -0.2375 0.9712
vn -0.6063 -0.3423 0.7178
vn -0.2353 0.8630 0.4471
vn -0.5751 0.3067 0.7584
vn 0.0262 0.4025 0.9150
vn 0.9390 0.0796 0.3346
vn -0.5038 -0.8629 0.0384
vn -0.9305 -0.2490 0.2687
vn -0.8666 -0.3341 -0.3707
vn -0.5003 0.8636 -0.0625
vn -0.8981 0.3131 -0.3088
vn -0.8654 0.3902 0.3142
vn -0.1846 -0.8591 -0.4774
vn -0.5409 -0.2445 -0.8048
vn 0.0876 -0.3224 -0.9426
vn -0.1030 0.8684 -0.4850
vn 0.0133 0.3243 -0.9458
vn -0.5698 0.3936 -0.7214
vn 0.4046 -0.8517 -0.3331
vn 0.6003 -0.2301 -0.7660
vn 0.9263 -0.3116 -0.2117
vn 0.4216 0.8751 -0.2377
vn 0.9007 0.3357 -0.2759
vn 0.5063 0.4071 -0.7602
vn 0.4495 -0.8509 0.2719
vn 0.9160 -0.2258 0.3315
vn 0.4905 -0.3167 0.8118
vn 0.3485 0.8743 0.3377
vn 0.5377 0.3315 0.7752
vn 0.8758 0.4120 0.2513
vn -0.1120 -0.8579 0.5015
vn -0.0300 -0.2375 0.9709
vn -0.6176 -0.3306 0.7136
vn -0.2213 0.8672 0.4460
vn -0.5739 0.3175 0.7548
vn 0.0280 0.4016 0.9154
vn -0.0512 0.8709 0.4888
vn 0.3565 0.9023 -0.2425
vn -0.3025 0.9108 -0.2809
vn 0.1653 -0.0059 -0.9862
vn -0.1081 0.5818 -0.8062
vn 0.4868 0.5036 -0.7137
vn -0.6146 0.5918 0.5216
vn -0.7571 0.5783 -0.3040
vn -0.9971 0.0664 0.0368
vn -0.2778 -0.3313 -0.9017
vn -0.8233 -0.1814 -0.5379
vn -0.5249 0.2745 -0.8057
vn -0.5458 0.0509 0.8364
vn -0.8643 -0.4427 0.2389
vn -0.3777 -0.7059 0.5992
vn -0.1104 -0.7790 -0.6173
vn -0.2991 -0.9542 0.0041
vn -0.6919 -0.6394 -0.3352
vn 0.0601 -0.0043 0.9982
vn 0.1830 -0.7498 0.6359
vn 0.6997 -0.3389 0.6290
vn 0.4360 -0.7302 -0.5260
vn 0.7401 -0.6687 0.0708
vn 0.2165 -0.9751 0.0477
vn 0.3658 0.5025 0.7834
vn 0.9375 0.0815 0.3384
vn 0.7462 0.6603 0.0850
vn 0.6064 -0.2524 -0.7540
vn 0.8582 0.2806 -0.4299
vn 0.9450 -0.2687 -0.1863
vn 0.1861 -0.4764 -0.8593
vn 0.0185 0.9749 0.2217
vn 0.3821 0.7734 -0.5058
vn -0.2769 0.8110 -0.5154
vn 0.1048 -0.2945 -0.9499
vn -0.1299 0.3357 -0.9330
vn 0.4653 0.2506 -0.8489
vn -0.5541 0.7515 0.3581
vn -0.7468 0.5140 -0.4221
vn -0.9890 0.1350 0.0612
vn -0.3468 -0.5550 -0.7561
vn -0.8618 -0.2753 -0.4261
vn -0.5596 0.0672 -0.8260
vn -0.4912 0.3185 0.8107
vn -0.8676 -0.3034 0.3940
vn -0.3727 -0.4833 0.7921
vn -0.1832 -0.9134 -0.3636
vn -0.3417 -0.8940 0.2899
vn -0.7396 -0.6645 -0.1071
vn 0.1202 0.2743 0.9541
vn 0.1866 -0.5492 0.8146
vn 0.7202 -0.1895 0.6674
vn 0.3694 -0.8743 -0.3147
vn 0.7116 -0.6654 0.2254
vn 0.1741 -0.9332 0.3143
vn 0.4352 0.6800 0.5900
vn 0.9590 0.1162 0.2584
vn 0.7795 0.6104 -0.1407
vn 0.5474 -0.4918 -0.6771
vn 0.8425 0.0946 -0.5303
vn 0.9187 -0.3677 -0.1442
vn 0.0542 0.9985 0.0002
vn 0.4166 0.6274 -0.6578
vn -0.2403 0.6855 -0.6872
vn 0.1023 -0.5018 -0.8589
vn -0.1079 0.1243 -0.9864
vn 0.4827 0.0389 -0.8749
vn -0.5279 0.8316 0.1725
vn -0.7222 0.4337 -0.5388
vn -0.9835 0.1805 0.0120
vn -0.3608 -0.6964 -0.6203
vn -0.8677 -0.3321 -0.3698
vn -0.5487 -0.0982 -0.8302
vn -0.4862 0.5081 0.7110
vn -0.8824 -0.1771 0.4359
vn -0.3987 -0.2815 0.8728
vn -0.2150 -0.9642 -0.1552
vn -0.3788 -0.7944 0.4747
vn -0.7637 -0.6449 0.0297
vn 0.1217 0.4751 0.8715
vn 0.1574 -0.3607 0.9193
vn 0.7060 -0.0620 0.7055
vn 0.3382 -0.9350 -0.1063
vn 0.6831 -0.6237 0.3800
vn 0.1348 -0.8457 0.5164
vn 0.4557 0.7782 0.4322
vn 0.9603 0.1365 0.2433
vn 0.8038 0.5357 -0.2586
vn 0.5343 -0.6492 -0.5413
vn 0.8505 -0.0558 -0.5229
vn 0.9051 -0.4231 -0.0426
vn -0.0860 -0.6331 -0.7693
vn 0.3420 -0.6330 -0.6945
vn 0.0906 -0.8505 -0.5180
vn 0.4307 0.8825 0.1887
vn -0.1397 0.8944 -0.4250
vn -0.3797 0.9054 0.1899
vn -0.8868 -0.0303 -0.4612
vn -0.8123 0.5629 -0.1529
vn -0.5391 0.4839 -0.6893
vn 0.2939 0.6072 0.7382
vn -0.5349 0.5748 0.6193
vn -0.2741 0.0725 0.9590
vn -0.9362 -0.3513 -0.0098
vn -0.7617 -0.1899 0.6195
vn -0.9340 0.2579 0.2474
vn 0.6259 0.0737 0.7764
vn -0.0302 -0.4324 0.9012
vn 0.4682 -0.6894 0.5527
vn -0.6046 -0.7929 -0.0758
vn -0.0682 -0.9523 0.2975
vn -0.5187 -0.6437 0.5627
vn 0.9679 0.0193 0.2506
vn 0.6770 -0.7353 0.0312
vn 0.8212 -0.3274 -0.4674
vn -0.3502 -0.7448 -0.5680
vn 0.3099 -0.6707 -0.6739
vn 0.1327 -0.9748 -0.1793
vn 0.8472 0.5191 -0.1126
vn 0.6093 0.0847 -0.7884
vn 0.2971 0.6583 -0.6917
vn -0.5246 -0.2735 -0.8062
vn -0.1500 0.2658 -0.9523
vn 0.1201 -0.2779 -0.9531
vn -0.9345 -0.2032 -0.2922
vn -0.1044 -0.1064 0.9888
vn 0.2081 0.9764 0.0585
vn -0.3408 0.7696 -0.5399
vn -0.5848 0.8079 0.0723
vn -0.8485 -0.3008 -0.4355
vn -0.9199 0.3297 -0.2123
vn -0.6287 0.2446 -0.7382
vn 0.1327 0.7544 0.6428
vn -0.6635 0.5120 0.5456
vn -0.2961 0.1365 0.9453
vn -0.8269 -0.5596 0.0563
vn -0.7037 -0.2771 0.6542
vn -0.9716 0.0623 0.2282
vn 0.5805 0.3243 0.7469
vn 0.0606 -0.2999 0.9520
vn 0.6100 -0.4777 0.6322
vn -0.3997 -0.9155 0.0446
vn 0.1541 -0.8917 0.4255
vn -0.3599 -0.6644 0.6550
vn 0.9327 0.2804 0.2268
vn 0.8307 -0.5441 0.1178
vn 0.8813 -0.1859 -0.4344
vn -0.1573 -0.8768 -0.4545
vn 0.4681 -0.6647 -0.5823
vn 0.3610 -0.9314 -0.0475
vn 0.7025 0.6834 -0.1986
vn 0.5826 0.1169 -0.8043
vn 0.1429 0.6087 -0.7804
vn -0.4347 -0.4968 -0.7512
vn -0.1957 0.0902 -0.9765
vn 0.1949 -0.3696 -0.9085
vn 0.2355 0.8819 0.4085
vn -0.5180 0.5638 -0.6433
vn -0.0158 0.7541 -0.6566
vn -0.0264 0.9967 -0.0761
vn -0.5088 0.5897 -0.6272
vn -0.7580 0.6520 -0.0190
vn -0.7524 -0.5455 -0.3692
vn -0.9705 0.0753 -0.2291
vn -0.6650 -0.0097 -0.7468
vn -0.0506 0.8439 0.5341
vn -0.7675 0.4122 0.4910
vn -0.3244 0.1895 0.9267
vn -0.6733 -0.7237 0.1516
vn -0.6224 -0.3427 0.7036
vn -0.9603 -0.1352 0.2439
vn 0.4850 0.5477 0.6818
vn 0.1245 -0.1470 0.9813
vn 0.7018 -0.2335 0.6730
vn -0.1746 -0.9689 0.1754
vn 0.3564 -0.7660 0.5349
vn -0.1976 -0.6358 0.7462
vn 0.8401 0.5174 0.1629
vn 0.9344 -0.3152 0.1661
vn 0.9024 -0.0325 -0.4296
vn 0.0544 -0.9422 -0.3307
vn 0.6134 -0.6097 -0.5021
vn 0.5691 -0.8196 0.0658
vn 0.5241 0.7950 -0.3056
vn 0.5429 0.1401 -0.8280
vn 0.0002 0.5148 -0.8573
vn -0.3027 -0.6805 -0.6673
vn -0.2067 -0.0897 -0.9743
vn 0.2803 -0.4327 -0.8569
vn -0.2771 -0.2488 0.9281
vn 0.3239 0.8796 -0.3484
vn -0.4431 0.8964 -0.0113
vn 0.0589 0.9068 0.4174
vn -0.7271 -0.0241 0.6862
vn -0.4086 0.5677 0.7147
vn -0.8259 0.4889 0.2808
vn 0.7966 0.6034 -0.0376
vn 0.4119 0.5757 0.7063
vn 0.8161 0.0709 0.5736
vn -0.3184 -0.3462 0.8825
vn 0.3340 -0.1878 0.9237
vn -0.0718 0.2621 0.9624
vn 0.9393 0.0679 -0.3364
vn 0.8392 -0.4350 0.3263
vn 0.6726 -0.6937 -0.2578
vn -0.2739 -0.7894 0.5494
vn 0.2541 -0.9528 0.1660
vn 0.3580 -0.6426 0.6774
vn 0.5547 0.0133 -0.8319
vn 0.2484 -0.7390 -0.6262
vn -0.1733 -0.3303 -0.9278
vn -0.6550 -0.7411 0.1472
vn -0.5379 -0.6702 -0.5113
vn -0.1303 -0.9749 -0.1803
vn 0.1744 0.5149 -0.8393
vn -0.5441 0.0839 -0.8348
vn -0.5526 0.6588 -0.5105
vn -0.9351 -0.2681 0.2318
vn -0.9475 0.2695 -0.1722
vn -0.8620 -0.2756 -0.4254
vn 0.2749 0.8194 0.5030
vn -0.7380 -0.0592 -0.6723
vn 0.1582 0.9668 -0.2007
vn -0.5996 0.7925 0.1116
vn -0.1089 0.8268 0.5519
vn -0.7118 -0.2609 0.6521
vn -0.5071 0.3670 0.7799
vn -0.9020 0.2823 0.3266
vn 0.6728 0.7356 0.0787
vn 0.2981 0.5241 0.7978
vn 0.7881 0.1273 0.6022
vn -0.2515 -0.5305 0.8095
vn 0.3608 -0.2652 0.8942
vn -0.1206 0.0925 0.9884
vn 0.9117 0.2876 -0.2935
vn 0.9040 -0.3216 0.2818
vn 0.7887 -0.5125 -0.3396
vn -0.1260 -0.9013 0.4145
vn 0.4238 -0.9054 0.0270
vn 0.4682 -0.6645 0.5825
vn 0.5447 0.2419 -0.8030
vn 0.3808 -0.5760 -0.7234
vn -0.1080 -0.2084 -0.9721
vn -0.5086 -0.8609 0.0130
vn -0.4051 -0.6689 -0.6233
vn 0.0507 -0.9426 -0.3302
vn 0.0790 0.6616 -0.7456
vn -0.5485 0.1126 -0.8285
vn -0.6627 0.6193 -0.4211
vn -0.8707 -0.4651 0.1598
vn -0.9804 0.1175 -0.1580
vn -0.7961 -0.3574 -0.4883
vn -0.5397 -0.4190 0.7302
vn -0.0846 0.9964 0.0087
vn -0.7451 0.5852 0.3199
vn -0.2287 0.6480 0.7264
vn -0.5590 -0.5504 0.6202
vn -0.4866 0.0696 0.8709
vn -0.9004 -0.0153 0.4348
vn 0.4963 0.8452 0.1985
vn 0.2602 0.4097 0.8743
vn 0.8016 0.1905 0.5667
vn -0.0357 -0.7267 0.6860
vn 0.5076 -0.3439 0.7900
vn -0.0280 -0.1394 0.9898
vn 0.7863 0.5521 -0.2773
vn 0.9784 -0.1435 0.1486
vn 0.8405 -0.2280 -0.4915
vn 0.1249 -0.9693 0.2120
vn 0.6153 -0.7626 -0.1994
vn 0.6661 -0.6346 0.3919
vn 0.3847 0.5222 -0.7611
vn 0.4171 -0.3099 -0.8544
vn -0.1658 -0.0291 -0.9857
vn -0.2992 -0.9428 -0.1468
vn -0.3122 -0.6079 -0.7300
vn 0.2227 -0.8165 -0.5327
vn -0.1536 0.7968 -0.5844
vn -0.6481 0.1405 -0.7485
vn -0.8266 0.5123 -0.2330
vn -0.7219 -0.6839 0.1055
vn -0.9932 -0.0936 -0.0686
vn -0.7455 -0.4337 -0.5062
vn -0.3483 -0.6745 0.6509
vn -0.4182 0.8616 -0.2877
vn 0.0314 0.9079 0.4179
vn 0.3779 0.9146 -0.1439
vn 0.7895 0.0128 0.6136
vn 0.7525 0.5959 0.2805
vn 0.3898 0.5185 0.7611
vn -0.1756 0.5797 -0.7956
vn 0.6188 0.5808 -0.5290
vn 0.4401 0.0618 -0.8958
vn 0.9301 -0.3159 0.1876
vn 0.8668 -0.1748 -0.4671
vn 0.9543 0.2870 -0.0829
vn -0.4776 0.0335 -0.8779
vn 0.2064 -0.4504 -0.8686
vn -0.3379 -0.7182 -0.6083
vn 0.6067 -0.7680 0.2053
vn 0.1519 -0.9553 -0.2536
vn 0.6325 -0.6359 -0.4421
vn -0.9069 -0.0222 -0.4208
vn -0.6358 -0.7605 -0.1316
vn -0.8809 -0.3476 0.3214
vn 0.2662 -0.7188 0.6423
vn -0.4042 -0.6670 0.6259
vn -0.1309 -0.9750 0.1798
vn -0.8702 0.4895 -0.0560
vn -0.7440 0.0790 0.6635
vn -0.4385 0.6616 0.6084
vn 0.3792 -0.2362 0.8947
vn -0.0331 0.2917 0.9559
vn -0.2809 -0.2615 0.9234
vn 0.4319 0.8233 -0.3684
vn 0.4977 -0.7556 0.4260
vn -0.1934 0.9765 -0.0951
vn 0.2370 0.7692 0.5934
vn 0.5886 0.8076 0.0360
vn 0.7546 -0.3014 0.5829
vn 0.8659 0.3291 0.3768
vn 0.4836 0.2439 0.8406
vn -0.0128 0.7547 -0.6559
vn 0.7522 0.5118 -0.4151
vn 0.4638 0.1366 -0.8754
vn 0.8230 -0.5600 0.0953
vn 0.8111 -0.2773 -0.5149
vn 0.9970 0.0618 -0.0470
vn -0.4343 0.3249 -0.8401
vn 0.1140 -0.2995 -0.9472
vn -0.4846 -0.4771 -0.7331
vn 0.4007 -0.9158 0.0287
vn -0.0743 -0.8915 -0.4469
vn 0.4731 -0.6644 -0.5786
vn -0.8755 0.2811 -0.3931
vn -0.7956 -0.5435 -0.2677
vn -0.9459 -0.1855 0.2662
vn 0.0713 -0.8770 0.4751
vn -0.5669 -0.6646 0.4868
vn -0.3641 -0.9311 -0.0196
vn -0.7266 0.6838 0.0673
vn -0.7196 0.1170 0.6845
vn -0.2826 0.6085 0.7415
vn 0.2900 -0.4973 0.8177
vn 0.0142 0.0897 0.9959
vn -0.3576 -0.3698 0.8575
vn 0.5311 -0.7154 0.4540
vn 0.0026 0.9971 0.0759
vn 0.3396 0.5945 0.7289
vn 0.7279 0.6563 0.1986
vn 0.6436 -0.5401 0.5423
vn 0.8861 0.0814 0.4563
vn 0.4650 -0.0036 0.8853
vn 0.1741 0.8425 -0.5098
vn 0.8614 0.4150 -0.2930
vn 0.5376 0.1884 -0.8219
vn 0.6933 -0.7204 0.0186
vn 0.7755 -0.3414 -0.5311
vn 0.9914 -0.1306 -0.0043
vn -0.3085 0.5428 -0.7811
vn 0.1168 -0.1508 -0.9816
vn -0.5175 -0.2395 -0.8215
vn 0.2163 -0.9684 -0.1238
vn -0.2132 -0.7697 -0.6018
vn 0.3749 -0.6370 -0.6736
vn -0.7783 0.5122 -0.3631
vn -0.8652 -0.3209 -0.3854
vn -0.9793 -0.0362 0.1992
vn -0.1282 -0.9414 0.3119
vn -0.7136 -0.6115 0.3418
vn -0.5326 -0.8230 -0.1977
vn -0.5860 0.7930 0.1665
vn -0.7274 0.1397 0.6718
vn -0.2096 0.5175 0.8296
vn 0.1358 -0.6767 0.7236
vn -0.0342 -0.0855 0.9958
vn -0.4768 -0.4316 0.7658
vn -0.4912 0.8655 0.0984
vn 0.3283 0.9056 0.2684
vn 0.1675 0.9131 -0.3718
vn 0.9905 0.0051 -0.1377
vn 0.7304 0.5901 -0.3440
vn 0.8212 0.5123 0.2513
vn -0.6881 0.5848 -0.4296
vn 0.0570 0.5798 -0.8128
vn -0.3344 0.0637 -0.9403
vn 0.7807 -0.3223 -0.5354
vn 0.2686 -0.1775 -0.9468
vn 0.6085 0.2819 -0.7418
vn -0.9619 0.0407 -0.2702
vn -0.4819 -0.4472 -0.7535
vn -0.6771 -0.7132 -0.1817
vn 0.5643 -0.7726 -0.2910
vn -0.0831 -0.9549 -0.2851
vn 0.1195 -0.6374 -0.7612
vn -0.9343 -0.0148 0.3563
vn -0.5437 -0.7561 0.3643
vn -0.3868 -0.3440 0.8556
vn 0.6404 -0.7235 0.2578
vn 0.1613 -0.6677 0.7267
vn 0.0300 -0.9751 0.2199
vn -0.6433 0.4949 0.5841
vn -0.0430 0.0800 0.9959
vn 0.1351 0.6611 0.7381
vn 0.9037 -0.2429 0.3525
vn 0.6641 0.2871 0.6903
vn 0.4637 -0.2645 0.8456
vn -0.2137 0.9747 0.0661
vn 0.5755 0.7741 0.2638
vn 0.4423 0.8116 -0.3817
vn 0.9505 -0.2932 -0.1031
vn 0.8824 0.3369 -0.3285
vn 0.9291 0.2518 0.2707
vn -0.4704 0.7510 -0.4635
vn 0.2500 0.5144 -0.8203
vn -0.2737 0.1347 -0.9523
vn 0.6640 -0.5541 -0.5021
vn 0.2300 -0.2749 -0.9336
vn 0.6854 0.0681 -0.7249
vn -0.8982 0.3174 -0.3043
vn -0.5719 -0.3041 -0.7619
vn -0.8534 -0.4844 -0.1927
vn 0.3165 -0.9130 -0.2575
vn -0.3557 -0.8944 -0.2710
vn -0.0544 -0.6645 -0.7453
vn -0.9059 0.2731 0.3237
vn -0.7542 -0.5502 0.3583
vn -0.4956 -0.1902 0.8475
vn 0.3883 -0.8739 0.2926
vn -0.0654 -0.6656 0.7435
vn -0.2680 -0.9336 0.2378
vn -0.4828 0.6794 0.5526
vn -0.0451 0.1161 0.9922
vn 0.3051 0.6108 0.7306
vn 0.7801 -0.4909 0.3880
vn 0.6998 0.0954 0.7079
vn 0.3399 -0.3673 0.8658
vn 0.5523 -0.7397 -0.3846
vn 0.0498 0.9975 0.0494
vn 0.7646 0.6009 0.2332
vn 0.6277 0.6620 -0.4097
vn 0.8379 -0.5329 -0.1185
vn 0.9301 0.0896 -0.3562
vn 0.9699 0.0045 0.2435
vn -0.2711 0.8405 -0.4690
vn 0.3523 0.4186 -0.8371
vn -0.2558 0.1869 -0.9485
vn 0.4822 -0.7159 -0.5049
vn 0.1241 -0.3397 -0.9323
vn 0.6588 -0.1244 -0.7419
vn -0.7925 0.5363 -0.2904
vn -0.6526 -0.1558 -0.7416
vn -0.9552 -0.2476 -0.1621
vn 0.0602 -0.9678 -0.2445
vn -0.5841 -0.7745 -0.2428
vn -0.2467 -0.6386 -0.7289
vn -0.7939 0.5052 0.3384
vn -0.8612 -0.3286 0.3877
vn -0.5040 -0.0411 0.8627
vn 0.1551 -0.9403 0.3028
vn -0.2157 -0.6139 0.7593
vn -0.4953 -0.8274 0.2646
vn -0.2733 0.7903 0.5484
vn 0.0146 0.1391 0.9902
vn 0.4742 0.5210 0.7097
vn 0.6357 -0.6715 0.3807
vn 0.7201 -0.0798 0.6893
vn 0.2566 -0.4300 0.8656
vn 0.6985 -0.6597 -0.2774
vn 0.7353 -0.6597 0.1556
vn 0.5966 -0.8018 -0.0330
vn 0.9538 -0.1451 -0.2632
vn 0.8963 -0.2349 0.3761
vn 0.4012 0.9139 0.0619
vn 0.8562 0.4117 0.3122
vn 0.8185 0.4829 -0.3113
vn 0.2762 -0.8319 0.4812
vn 0.5604 -0.1806 0.8083
vn -0.0563 -0.3273 0.9432
vn 0.0035 0.8759 0.4825
vn -0.0542 0.3236 0.9446
vn 0.5189 0.4564 0.7228
vn -0.3094 -0.8903 0.3340
vn -0.5751 -0.2931 0.7638
vn -0.8872 -0.4118 0.2082
vn -0.5173 0.8236 0.2326
vn -0.9338 0.2345 0.2702
vn -0.5524 0.3506 0.7563
vn -0.3509 -0.8963 -0.2712
vn -0.8836 -0.3270 -0.3352
vn -0.4480 -0.3715 -0.8132
vn -0.4415 0.8293 -0.3425
vn -0.5671 0.2676 -0.7790
vn -0.9148 0.3116 -0.2571
vn 0.2091 -0.8416 -0.4980
vn 0.0613 -0.2355 -0.9699
vn 0.6542 -0.2622 -0.7094
vn 0.1261 0.8851 -0.4479
vn 0.5392 0.3770 -0.7531
vn -0.0675 0.3934 -0.9169
vn 0.5631 -0.8245 -0.0554
vn 0.9367 -0.1819 -0.2993
vn 0.9001 -0.2702 0.3418
vn 0.4387 0.8974 0.0464
vn 0.8829 0.3775 0.2793
vn 0.8243 0.4508 -0.3423
vn 0.2615 -0.8427 0.4706
vn 0.5832 -0.2034 0.7864
vn -0.0332 -0.3260 0.9448
vn 0.0561 0.8745 0.4818
vn -0.0055 0.3243 0.9459
vn 0.5634 0.4349 0.7024
vn -0.3311 -0.8779 0.3458
vn -0.5567 -0.2713 0.7852
vn -0.8941 -0.3770 0.2419
vn -0.4754 0.8429 0.2519
vn -0.9129 0.2706 0.3055
vn -0.5091 0.3710 0.7767
vn -0.3958 -0.8815 -0.2574
vn -0.9078 -0.2917 -0.3013
vn -0.4928 -0.3527 -0.7954
vn -0.4214 0.8464 -0.3257
vn -0.5854 0.2905 -0.7569
vn -0.9110 0.3475 -0.2222
vn 0.1569 -0.8485 -0.5053
vn 0.0151 -0.2365 -0.9715
vn 0.6160 -0.2867 -0.7337
vn 0.1435 0.8801 -0.4526
vn 0.5245 0.3566 -0.7731
vn -0.0869 0.3968 -0.9138
vn 0.4862 -0.8727 -0.0458
vn 0.9215 -0.2671 -0.2819
vn 0.8650 -0.3513 0.3583
vn 0.5181 0.8535 0.0556
vn 0.9083 0.2953 0.2962
vn 0.8684 0.3733 -0.3263
vn 0.1744 -0.8628 0.4745
vn 0.5473 -0.2555 0.7970
vn -0.0806 -0.3210 0.9436
vn 0.1269 0.8660 0.4837
vn 0.0065 0.3241 0.9460
vn 0.5876 0.3819 0.7133
vn -0.4165 -0.8437 0.3386
vn -0.5938 -0.2187 0.7743
vn -0.9292 -0.2934 0.2247
vn -0.4009 0.8831 0.2438
vn -0.8899 0.3532 0.2886
vn -0.4874 0.4165 0.7674
vn -0.4699 -0.8418 -0.2657
vn -0.9249 -0.2076 -0.3186
vn -0.5080 -0.3066 -0.8049
vn -0.3360 0.8812 -0.3326
vn -0.5420 0.3424 -0.7675
vn -0.8710 0.4293 -0.2389
vn 0.0880 -0.8597 -0.5032
vn 0.0117 -0.2375 -0.9713
vn 0.6008 -0.3424 -0.7223
vn 0.2320 0.8629 -0.4489
vn 0.5694 0.3066 -0.7628
vn -0.0330 0.4025 -0.9148
vn -0.9437 -0.3307 -0.0114
vn -0.8906 0.4548 -0.0107
vn -0.5261 -0.8108 0.2564
vn -0.7126 -0.1553 0.6842
vn -0.9857 -0.1224 0.1157
vn -0.3584 0.9011 0.2442
vn -0.8928 0.4249 0.1494
vn -0.6560 0.3964 0.6423
vn -0.5651 -0.7915 -0.2326
vn -0.9855 -0.1137 -0.1262
vn -0.7112 -0.1061 -0.6950
vn -0.3734 0.9158 -0.1479
vn -0.6547 0.4412 -0.6138
vn -0.8925 0.4346 -0.1205
vn -0.2072 -0.7960 -0.5687
vn -0.5220 -0.1094 -0.8459
vn 0.0932 -0.1327 -0.9868
vn -0.0763 0.9113 -0.4047
vn 0.0899 0.4172 -0.9043
vn -0.4435 0.4375 -0.7822
vn 0.2782 -0.8209 -0.4987
vn 0.3289 -0.1455 -0.9331
vn 0.8218 -0.1823 -0.5399
vn 0.3092 0.8909 -0.3327
vn 0.7803 0.3711 -0.5035
vn 0.3529 0.4030 -0.8444
vn 0.5254 -0.8475 -0.0753
vn 0.9264 -0.1950 -0.3220
vn 0.9258 -0.2175 0.3092
vn 0.4928 0.8700 0.0138
vn 0.8965 0.3374 0.2870
vn 0.8971 0.3570 -0.2603
vn 0.3485 -0.8557 0.3826
vn 0.8207 -0.2205 0.5272
vn 0.3270 -0.2118 0.9210
vn 0.3363 0.8644 0.3739
vn 0.3512 0.3417 0.8717
vn 0.7792 0.3341 0.5303
vn -0.1195 -0.8394 0.5302
vn 0.0913 -0.2028 0.9750
vn -0.5237 -0.1694 0.8349
vn -0.0426 0.8782 0.4764
vn -0.4452 0.3806 0.8105
vn 0.0880 0.3516 0.9320
vn -0.7747 0.2072 0.5975
vn -0.9407 0.2272 0.2519
vn -0.7414 0.2508 -0.6225
vn -0.9513 0.2449 -0.1871
vn 0.0340 0.2275 -0.9732
vn -0.4369 0.2454 -0.8654
vn 0.2002 -0.2676 -0.9425
vn 0.1223 0.9420 -0.3125
vn 0.7905 0.1788 -0.5858
vn 0.4132 0.2070 -0.8868
vn 0.9584 0.1412 0.2479
vn 0.9589 0.1585 -0.2352
vn 0.7947 0.4655 0.3896
vn 0.4114 0.1431 0.9001
vn 0.7893 0.1365 0.5987
vn 0.1982 -0.3342 0.9214
vn -0.4387 0.1831 0.8798
vn 0.0320 0.1575 0.9870
vn -0.6100 -0.2903 0.7374
vn -0.9749 0.2224 0.0070
vn 0.3984 -0.8125 -0.4256
vn 0.4926 -0.1465 -0.8578
vn 0.9100 -0.1543 -0.3848
vn 0.3214 0.9006 -0.2928
vn 0.8404 0.3973 -0.3687
vn 0.4769 0.4041 -0.7805
vn 0.5685 -0.8220 0.0332
vn 0.9754 -0.1594 -0.1524
vn 0.8658 -0.1752 0.4687
vn 0.4433 0.8926 0.0826
vn 0.8183 0.3780 0.4330
vn 0.9138 0.3917 -0.1078
vn 0.3157 -0.8342 0.4522
vn 0.7248 -0.1810 0.6647
vn 0.1707 -0.1929 0.9662
vn 0.2256 0.8829 0.4119
vn 0.1777 0.3610 0.9155
vn 0.6601 0.3713 0.6530
vn -0.1696 -0.8398 0.5157
vn -0.0705 -0.1953 0.9782
vn -0.6518 -0.1943 0.7331
vn -0.1675 0.8787 0.4470
vn -0.5992 0.3592 0.7155
vn -0.0931 0.3584 0.9289
vn -0.5219 -0.8346 0.1760
vn -0.8116 -0.1913 0.5520
vn -0.9824 -0.1782 -0.0552
vn -0.4402 0.8832 0.1616
vn -0.9273 0.3740 -0.0164
vn -0.7786 0.3626 0.5122
vn -0.4760 -0.8226 -0.3111
vn -0.9405 -0.1721 -0.2930
vn -0.5722 -0.1568 -0.8050
vn -0.3871 0.8931 -0.2294
vn -0.5595 0.3942 -0.7291
vn -0.8802 0.3808 -0.2833
vn -0.0664 -0.8127 -0.5789
vn -0.3601 -0.1522 -0.9204
vn 0.2700 -0.1461 -0.9517
vn -0.0482 0.9008 -0.4316
vn 0.2272 0.4046 -0.8858
vn -0.3214 0.3993 -0.8586
vn 0.9214 -0.2840 -0.2654
vn 0.5940 0.2079 -0.7772
vn 0.8484 0.2031 -0.4889
vn 0.8945 0.1816 0.4085
vn 0.9787 0.1937 -0.0685
vn 0.2814 0.9315 0.2304
vn 0.2412 0.1629 0.9567
vn 0.6667 0.1721 0.7252
vn -0.5948 0.1599 0.7878
vn -0.1484 0.1592 0.9760
vn -0.2751 0.9262 0.2580
vn -0.9842 0.1748 0.0290
vn -0.8530 0.1648 0.4952
vn -0.9375 -0.3018 -0.1731
vn -0.6336 0.1964 -0.7483
vn -0.9164 0.1846 -0.3551
vn -0.1961 -0.8971 -0.3959
vn 0.1930 0.2084 -0.9588
vn -0.2909 0.2038 -0.9348
vn 0.0084 -0.9997 -0.0240
vn 0.1576 -0.9132 0.3758
vn 0.5165 -0.3737 0.7705
vn -0.1096 -0.4499 0.8863
vn 0.1114 0.8028 0.5857
vn -0.0254 0.1869 0.9821
vn 0.5707 0.2719 0.7748
vn -0.4189 -0.8793 0.2267
vn -0.6128 -0.3333 0.7165
vn -0.9254 -0.3451 0.1567
vn -0.4179 0.8472 0.3280
vn -0.9104 0.2890 0.2960
vn -0.5199 0.3026 0.7989
vn -0.4527 -0.8135 -0.3651
vn -0.9066 -0.2056 -0.3684
vn -0.4771 -0.2495 -0.8427
vn -0.3334 0.9082 -0.2531
vn -0.5250 0.3922 -0.7553
vn -0.8765 0.4255 -0.2252
vn 0.1030 -0.8068 -0.5818
vn 0.0410 -0.1670 -0.9851
vn 0.6156 -0.2951 -0.7307
vn 0.2482 0.9015 -0.3545
vn 0.5982 0.3539 -0.7190
vn -0.0062 0.4708 -0.8822
vn 0.4802 -0.8684 -0.1239
vn 0.9206 -0.2709 -0.2812
vn 0.8428 -0.4190 0.3379
vn 0.5230 0.8364 0.1639
vn 0.9070 0.2270 0.3548
vn 0.8882 0.3759 -0.2641
vn -0.4162 -0.9019 -0.1157
vn -0.2581 -0.2799 -0.9247
vn 0.0303 0.9936 0.1087
vn 0.1877 -0.8582 0.4777
vn 0.5293 -0.2655 0.8058
vn -0.0938 -0.3480 0.9328
vn 0.0858 0.8682 0.4888
vn -0.0303 0.2979 0.9541
vn 0.5625 0.3776 0.7355
vn -0.3898 -0.8603 0.3285
vn -0.6007 -0.2680 0.7532
vn -0.9135 -0.3544 0.2000
vn -0.4449 0.8655 0.2303
vn -0.9190 0.2917 0.2652
vn -0.5285 0.3757 0.7612
vn -0.4264 -0.8643 -0.2668
vn -0.8999 -0.2757 -0.3378
vn -0.4698 -0.3602 -0.8060
vn -0.3631 0.8617 -0.3544
vn -0.5384 0.2854 -0.7929
vn -0.8901 0.3683 -0.2684
vn 0.1285 -0.8647 -0.4855
vn 0.0453 -0.2781 -0.9595
vn 0.6240 -0.3574 -0.6949
vn 0.2183 0.8622 -0.4572
vn 0.5855 0.2878 -0.7579
vn -0.0226 0.3655 -0.9305
vn 0.5080 -0.8610 -0.0254
vn 0.9286 -0.2718 -0.2527
vn 0.8564 -0.3499 0.3797
vn 0.4957 0.8661 0.0639
vn 0.8995 0.2955 0.3218
vn 0.8752 0.3713 -0.3101
vn -0.9356 0.0072 -0.3530
vn 0.2425 -0.8312 0.5003
vn 0.5998 -0.2184 0.7697
vn -0.0089 -0.3032 0.9529
vn 0.1111 0.8921 0.4379
vn 0.0446 0.3438 0.9380
vn 0.6155 0.4209 0.6664
vn -0.3453 -0.8485 0.4010
vn -0.5305 -0.2391 0.8133
vn -0.8869 -0.3567 0.2934
vn -0.4394 0.8695 0.2258
vn -0.8986 0.2916 0.3280
vn -0.4693 0.4052 0.7846
vn -0.4317 -0.8821 -0.1882
vn -0.9200 -0.3044 -0.2468
vn -0.5293 -0.4056 -0.7452
vn -0.4069 0.8383 -0.3629
vn -0.6082 0.2388 -0.7570
vn -0.9160 0.3424 -0.2092
vn 0.1027 -0.8856 -0.4530
vn -0.0305 -0.3241 -0.9455
vn 0.5698 -0.3823 -0.7275
vn 0.1636 0.8417 -0.5146
vn 0.5145 0.2584 -0.8176
vn -0.1072 0.3192 -0.9416
vn 0.5194 -0.8541 -0.0274
vn 0.9088 -0.2709 -0.3173
vn 0.8914 -0.3190 0.3220
vn 0.4838 0.8750 -0.0197
vn 0.9179 0.3233 0.2300
vn 0.8393 0.3677 -0.4005
vn -0.1213 0.9390 0.3219
vn -0.3695 -0.9268 0.0677
vn -0.1179 -0.9423 -0.3134
vn -0.3302 0.3478 -0.8775
vn 0.3225 -0.9267 -0.1927
vn 0.7077 0.3843 -0.5929
vn 0.9656 0.0448 0.2563
vn 0.7776 -0.3428 0.5272
vn 0.3431 -0.9017 0.2631
vn 0.3034 0.9390 0.1621
vn 0.4305 -0.9014 -0.0473
vn 0.8935 -0.3485 -0.2831
vn 0.8339 -0.4263 0.3506
vn 0.5707 0.8193 0.0548
vn 0.9310 0.2134 0.2961
vn 0.8944 0.2973 -0.3342
vn 0.1269 -0.8759 0.4654
vn 0.5283 -0.3182 0.7872
vn -0.0956 -0.3478 0.9327
vn 0.1755 0.8526 0.4922
vn 0.0243 0.2900 0.9567
vn 0.6150 0.3203 0.7205
vn -0.4529 -0.8266 0.3342
vn -0.5988 -0.2225 0.7694
vn -0.9343 -0.2760 0.2255
vn -0.3611 0.8984 0.2501
vn -0.8819 0.3674 0.2955
vn -0.4708 0.4125 0.7799
vn -0.5075 -0.8215 -0.2597
vn -0.9302 -0.1936 -0.3119
vn -0.5233 -0.3102 -0.7937
vn -0.2975 0.8934 -0.3368
vn -0.5352 0.3387 -0.7738
vn -0.8625 0.4465 -0.2382
vn 0.0384 -0.8678 -0.4955
vn -0.0079 -0.2715 -0.9624
vn 0.5695 -0.4031 -0.7163
vn 0.2784 0.8445 -0.4575
vn 0.5852 0.2435 -0.7735
vn -0.0188 0.3753 -0.9267
vn 0.4851 -0.8741 -0.0263
vn 0.9240 -0.2946 -0.2440
vn 0.8422 -0.3755 0.3870
vn 0.5179 0.8520 0.0765
vn 0.9032 0.2689 0.3346
vn 0.8884 0.3501 -0.2969
vn 0.1590 -0.8666 0.4731
vn 0.5124 -0.2857 0.8098
vn -0.1142 -0.3524 0.9289
vn 0.1032 0.8618 0.4966
vn -0.0337 0.2914 0.9560
vn 0.5636 0.3568 0.7450
vn -0.4165 -0.8520 0.3172
vn -0.6166 -0.2575 0.7440
vn -0.9249 -0.3313 0.1865
vn -0.4243 0.8753 0.2319
vn -0.9140 0.3142 0.2567
vn -0.5273 0.3840 0.7579
vn -0.4461 -0.8505 -0.2785
vn -0.9029 -0.2490 -0.3505
vn -0.4696 -0.3414 -0.8142
vn -0.3357 0.8738 -0.3518
vn -0.5211 0.3057 -0.7968
vn -0.8767 0.3940 -0.2759
vn 0.1111 -0.8642 -0.4908
vn 0.0492 -0.2719 -0.9611
vn 0.6225 -0.3687 -0.6903
vn 0.2466 0.8594 -0.4478
vn 0.6019 0.2777 -0.7487
vn -0.0017 0.3730 -0.9278
vn -0.2499 -0.3792 -0.8909
vn -0.0776 0.9252 -0.3716
vn 0.5822 -0.8123 -0.0342
vn 0.9463 -0.1873 -0.2635
vn 0.8882 -0.2735 0.3693
vn 0.4174 0.9066 0.0621
vn 0.8731 0.3733 0.3135
vn 0.8353 0.4486 -0.3178
vn 0.2684 -0.8396 0.4722
vn 0.5595 -0.2198 0.7991
vn -0.0524 -0.3578 0.9323
vn 0.0136 0.8709 0.4913
vn -0.0463 0.2911 0.9556
vn 0.5347 0.4239 0.7311
vn -0.3082 -0.8926 0.3292
vn -0.5663 -0.3227 0.7584
vn -0.8761 -0.4348 0.2082
vn -0.5176 0.8218 0.2384
vn -0.9384 0.2080 0.2760
vn -0.5515 0.3249 0.7683
vn -0.3507 -0.8980 -0.2657
vn -0.8754 -0.3537 -0.3294
vn -0.4446 -0.3981 -0.8024
vn -0.4420 0.8271 -0.3471
vn -0.5702 0.2388 -0.7860
vn -0.9222 0.2884 -0.2576
vn 0.1996 -0.8484 -0.4903
vn 0.0594 -0.2700 -0.9610
vn 0.6458 -0.2983 -0.7028
vn 0.1358 0.8795 -0.4560
vn 0.5493 0.3410 -0.7628
vn -0.0651 0.3649 -0.9288
vn -0.6151 -0.0428 0.7873
vn -0.9482 0.3164 -0.0270
vn 0.1031 -0.8894 -0.4453
vn 0.0254 -0.3243 -0.9456
vn 0.6062 -0.4036 -0.6854
vn 0.2298 0.8345 -0.5009
vn 0.5803 0.2386 -0.7786
vn -0.0284 0.3213 -0.9466
vn 0.4893 -0.8721 0.0089
vn 0.9189 -0.3037 -0.2520
vn 0.8542 -0.3500 0.3844
vn 0.5148 0.8572 0.0157
vn 0.9102 0.2908 0.2951
vn 0.8783 0.3369 -0.3393
vn 0.1765 -0.8384 0.5156
vn 0.5353 -0.2384 0.8103
vn -0.0876 -0.3011 0.9496
vn 0.1113 0.8883 0.4455
vn -0.0101 0.3436 0.9391
vn 0.5810 0.3998 0.7089
vn -0.4031 -0.8350 0.3746
vn -0.5952 -0.2187 0.7732
vn -0.9178 -0.3244 0.2291
vn -0.4231 0.8849 0.1946
vn -0.9087 0.3240 0.2634
vn -0.5093 0.4230 0.7495
vn -0.4484 -0.8665 -0.2193
vn -0.9104 -0.2718 -0.3120
vn -0.4890 -0.3878 -0.7814
vn -0.3499 0.8516 -0.3902
vn -0.5438 0.2591 -0.7983
vn -0.8860 0.3744 -0.2736
vn 0.7613 0.3578 -0.5406
vn 0.2912 -0.9129 0.2861
vn -0.9078 0.4169 -0.0449
vn 0.1049 -0.8611 -0.4975
vn 0.0014 -0.2707 -0.9627
vn 0.5914 -0.3529 -0.7251
vn 0.1990 0.8654 -0.4599
vn 0.5512 0.2928 -0.7813
vn -0.0639 0.3728 -0.9257
vn 0.5048 -0.8615 -0.0550
vn 0.9157 -0.2711 -0.2965
vn 0.8720 -0.3540 0.3379
vn 0.4997 0.8649 0.0481
vn 0.9137 0.2917 0.2831
vn 0.8610 0.3725 -0.3464
vn 0.2076 -0.8622 0.4621
vn 0.5647 -0.2725 0.7790
vn -0.0522 -0.3551 0.9334
vn 0.1094 0.8642 0.4911
vn 0.0134 0.2905 0.9568
vn 0.5959 0.3711 0.7122
vn -0.3761 -0.8623 0.3392
vn -0.5666 -0.2730 0.7775
vn -0.9041 -0.3546 0.2383
vn -0.4325 0.8643 0.2569
vn -0.9056 0.2909 0.3087
vn -0.4929 0.3706 0.7872
vn -0.4395 -0.8616 -0.2539
vn -0.9147 -0.2718 -0.2989
vn -0.5064 -0.3532 -0.7867
vn -0.3772 0.8650 -0.3309
vn -0.5732 0.2924 -0.7655
vn -0.9007 0.3716 -0.2251
vn 0.3106 0.9229 -0.2278
vn 0.1599 -0.8096 -0.5648
vn 0.0616 -0.1830 -0.9812
vn 0.6406 -0.2693 -0.7192
vn 0.1941 0.9085 -0.3700
vn 0.5818 0.3774 -0.7204
vn -0.0271 0.4525 -0.8914
vn 0.5355 -0.8383 -0.1024
vn 0.9388 -0.2171 -0.2675
vn 0.8642 -0.3579 0.3537
vn 0.4672 0.8710 0.1520
vn 0.8871 0.2910 0.3584
vn 0.8652 0.4265 -0.2636
vn 0.2114 -0.8939 0.3952
vn 0.5313 -0.3252 0.7823
vn -0.0899 -0.4389 0.8940
vn 0.0542 0.8194 0.5707
vn -0.0472 0.2037 0.9779
vn 0.5444 0.3225 0.7744
vn -0.3645 -0.8997 0.2403
vn -0.5977 -0.3578 0.7175
vn -0.9032 -0.4002 0.1552
vn -0.4742 0.8250 0.3074
vn -0.9299 0.2361 0.2820
vn -0.5462 0.2841 0.7880
vn -0.3964 -0.8475 -0.3530
vn -0.8880 -0.2699 -0.3724
vn -0.4517 -0.2954 -0.8418
vn -0.3877 0.8801 -0.2740
vn -0.5411 0.3435 -0.7676
vn -0.8994 0.3645 -0.2415
vn 0.7833 -0.3135 -0.5368
vn 0.7326 -0.4119 0.5418
vn 0.2700 0.9069 0.3236
vn -0.4167 0.9068 0.0632
vn -0.3749 -0.9054 -0.1993
vn -0.8945 -0.3569 -0.2693
vn -0.4866 -0.4342 -0.7581
vn -0.4462 0.8139 -0.3721
vn -0.6025 0.2046 -0.7714
vn -0.9291 0.2888 -0.2312
vn 0.1651 -0.8771 -0.4510
vn 0.0113 -0.3233 -0.9462
vn 0.6085 -0.3469 -0.7137
vn 0.1267 0.8509 -0.5098
vn 0.5182 0.2897 -0.8047
vn -0.1028 0.3144 -0.9437
vn 0.5689 -0.8223 -0.0154
vn 0.9305 -0.2168 -0.2953
vn 0.9004 -0.2672 0.3433
vn 0.4323 0.9017 -0.0073
vn 0.8917 0.3757 0.2524
vn 0.8259 0.4169 -0.3797
vn 0.2784 -0.8167 0.5055
vn 0.5927 -0.1847 0.7839
vn -0.0143 -0.3052 0.9522
vn 0.0482 0.8962 0.4411
vn 0.0018 0.3438 0.9390
vn 0.5736 0.4546 0.6814
vn -0.3049 -0.8680 0.3918
vn -0.5351 -0.2713 0.8000
vn -0.8715 -0.4084 0.2715
vn -0.4947 0.8419 0.2156
vn -0.9217 0.2381 0.3063
vn -0.5110 0.3755 0.7732
vn 0.3806 -0.9060 -0.1854
vn -0.2387 -0.3579 0.9027
vn -0.0421 -0.9060 0.4212
vn -0.9409 -0.0435 0.3360
vn -0.4406 -0.8532 -0.2791
vn -0.9055 -0.2565 -0.3379
vn -0.4790 -0.3394 -0.8096
vn -0.3517 0.8729 -0.3380
vn -0.5378 0.3068 -0.7853
vn -0.8858 0.3860 -0.2577
vn 0.1132 -0.8582 -0.5007
vn 0.0365 -0.2625 -0.9642
vn 0.6153 -0.3549 -0.7039
vn 0.2290 0.8664 -0.4437
vn 0.5862 0.2918 -0.7558
vn -0.0215 0.3815 -0.9241
vn 0.4949 -0.8679 -0.0425
vn 0.9232 -0.2813 -0.2619
vn 0.8528 -0.3690 0.3695
vn 0.5090 0.8574 0.0760
vn 0.9054 0.2765 0.3222
vn 0.8792 0.3634 -0.3082
vn 0.1771 -0.8689 0.4622
vn 0.5291 -0.2870 0.7986
vn -0.0946 -0.3623 0.9273
vn 0.1012 0.8584 0.5029
vn -0.0213 0.2822 0.9591
vn 0.5716 0.3567 0.7389
vn -0.4011 -0.8598 0.3160
vn -0.6011 -0.2717 0.7516
vn -0.9177 -0.3440 0.1986
vn -0.4308 0.8680 0.2471
vn -0.9132 0.3009 0.2747
vn -0.5192 0.3707 0.7701
vn -0.2480 0.4135 -0.8761
vn 0.3100 -0.9232 -0.2271
vn 0.3319 0.9204 -0.2068
vn -0.5034 -0.8020 -0.3214
vn -0.9241 -0.1710 -0.3418
vn -0.5079 -0.2578 -0.8219
vn -0.2896 0.9137 -0.2850
vn -0.5194 0.3886 -0.7610
vn -0.8571 0.4629 -0.2262
vn 0.0470 -0.8346 -0.5489
vn 0.0108 -0.2097 -0.9777
vn 0.5830 -0.3582 -0.7292
vn 0.2884 0.8712 -0.3972
vn 0.6007 0.2908 -0.7448
vn -0.0000 0.4335 -0.9012
vn 0.4301 -0.8976 -0.0961
vn 0.8985 -0.3321 -0.2872
vn 0.8262 -0.4499 0.3391
vn 0.5706 0.8127 0.1181
vn 0.9253 0.1918 0.3273
vn 0.9012 0.3157 -0.2970
vn 0.1165 -0.9041 0.4112
vn 0.5123 -0.3690 0.7755
vn -0.1144 -0.4061 0.9066
vn 0.1669 0.8191 0.5488
vn 0.0058 0.2285 0.9735
vn 0.6011 0.2722 0.7514
vn -0.4604 -0.8450 0.2719
vn -0.6142 -0.2694 0.7418
vn -0.9390 -0.2874 0.1891
vn -0.3648 0.8815 0.2997
vn -0.8870 0.3502 0.3009
vn -0.4856 0.3633 0.7951
vn -0.3053 0.9508 0.0521
vn -0.3112 -0.9102 0.2734
vn -0.5669 -0.3671 0.7375
vn -0.8776 -0.4437 0.1817
vn -0.5143 0.8072 0.2896
vn -0.9374 0.1939 0.2894
vn -0.5497 0.2786 0.7875
vn -0.3543 -0.8785 -0.3206
vn -0.8770 -0.3293 -0.3498
vn -0.4468 -0.3458 -0.8251
vn -0.4393 0.8487 -0.2945
vn -0.5700 0.2893 -0.7690
vn -0.9213 0.3073 -0.2382
vn 0.1960 -0.8170 -0.5423
vn 0.0576 -0.2100 -0.9760
vn 0.6441 -0.2565 -0.7207
vn 0.1387 0.9057 -0.4007
vn 0.5500 0.3857 -0.7408
vn -0.0645 0.4221 -0.9042
vn 0.5792 -0.8107 -0.0852
vn 0.9454 -0.1740 -0.2757
vn 0.8875 -0.2991 0.3507
vn 0.4208 0.8994 0.1179
vn 0.8748 0.3500 0.3351
vn 0.8367 0.4644 -0.2902
vn 0.2657 -0.8683 0.4189
vn 0.5594 -0.2711 0.7833
vn -0.0530 -0.4148 0.9084
vn 0.0173 0.8386 0.5445
vn -0.0444 0.2314 0.9718
vn 0.5368 0.3757 0.7554
vn -0.2260 -0.3543 -0.9074
vn 0.0872 -0.9944 -0.0594
vn -0.3542 -0.8724 0.3369
vn -0.5449 -0.2915 0.7862
vn -0.8927 -0.3726 0.2535
vn -0.4412 0.8538 0.2764
vn -0.9034 0.2720 0.3316
vn -0.4818 0.3530 0.8020
vn -0.4305 -0.8659 -0.2546
vn -0.9164 -0.2838 -0.2824
vn -0.5174 -0.3526 -0.7797
vn -0.3987 0.8622 -0.3124
vn -0.5945 0.2915 -0.7494
vn -0.9114 0.3589 -0.2012
vn 0.1084 -0.8534 -0.5099
vn -0.0150 -0.2594 -0.9656
vn 0.5813 -0.3344 -0.7418
vn 0.1744 0.8739 -0.4538
vn 0.5291 0.3112 -0.7895
vn -0.0903 0.3823 -0.9196
vn 0.5178 -0.8521 -0.0762
vn 0.9135 -0.2521 -0.3194
vn 0.8850 -0.3431 0.3148
vn 0.4861 0.8726 0.0477
vn 0.9146 0.3038 0.2668
vn 0.8469 0.3910 -0.3604
vn 0.2319 -0.8639 0.4472
vn 0.5860 -0.2719 0.7633
vn -0.0260 -0.3667 0.9300
vn 0.1056 0.8602 0.4989
vn 0.0293 0.2796 0.9597
vn 0.6049 0.3729 0.7036
vn -0.4016 0.9155 0.0229
vn -0.5712 -0.0093 0.8207
vn -0.0171 0.9998 0.0132
vn -0.4414 -0.8203 0.3637
vn -0.6081 -0.2004 0.7682
vn -0.9323 -0.2860 0.2215
vn -0.3846 0.9006 0.2024
vn -0.8947 0.3610 0.2629
vn -0.4938 0.4370 0.7518
vn -0.4851 -0.8435 -0.2307
vn -0.9200 -0.2279 -0.3189
vn -0.5018 -0.3574 -0.7877
vn -0.3101 0.8704 -0.3825
vn -0.5279 0.2914 -0.7978
vn -0.8672 0.4161 -0.2735
vn 0.0659 -0.8883 -0.4545
vn 0.0157 -0.3150 -0.9490
vn 0.5911 -0.4226 -0.6870
vn 0.2688 0.8288 -0.4907
vn 0.5941 0.2210 -0.7734
vn -0.0096 0.3323 -0.9431
vn 0.4502 -0.8929 0.0016
vn 0.9058 -0.3413 -0.2512
vn 0.8361 -0.3915 0.3843
vn 0.5521 0.8334 0.0272
vn 0.9207 0.2471 0.3022
vn 0.8939 0.3014 -0.3318
vn 0.1368 -0.8509 0.5072
vn 0.5203 -0.2705 0.8100
vn -0.1054 -0.3071 0.9458
vn 0.1483 0.8777 0.4556
vn 0.0005 0.3336 0.9427
vn 0.5947 0.3661 0.7157
vn -0.1685 -0.9279 -0.3326
vn 0.7055 -0.4073 0.5800
vn -0.3456 -0.9344 0.0868
vn -0.7225 -0.5343 0.4387
vn -0.8332 -0.5486 -0.0692
vn -0.6406 0.7647 0.0697
vn -0.9938 -0.0252 -0.1083
vn -0.8584 -0.0077 0.5130
vn -0.2497 -0.9320 -0.2628
vn -0.7743 -0.5476 -0.3171
vn -0.4472 -0.5295 -0.7209
vn -0.4828 0.7698 -0.4176
vn -0.5362 -0.0020 -0.8441
vn -0.9364 -0.0241 -0.3502
vn 0.0826 -0.9102 -0.4058
vn -0.2171 -0.5145 -0.8295
vn 0.3015 -0.4777 -0.8252
vn -0.0045 0.8014 -0.5981
vn 0.3227 0.0577 -0.9447
vn -0.3118 0.0126 -0.9501
vn 0.4012 -0.8854 -0.2347
vn 0.5296 -0.4601 -0.7127
vn 0.8492 -0.4322 -0.3034
vn 0.4342 0.8358 -0.3360
vn 0.9361 0.1089 -0.3344
vn 0.5451 0.0748 -0.8350
vn 0.4661 -0.8763 0.1218
vn 0.9034 -0.4252 -0.0545
vn 0.7833 -0.4274 0.4514
vn 0.5029 0.8471 0.1716
vn 0.8421 0.1131 0.5273
vn 0.9890 0.1157 -0.0916
vn 0.2284 -0.8897 0.3952
vn 0.6230 -0.4362 0.6493
vn 0.1536 -0.4667 0.8710
vn 0.1499 0.8268 0.5422
vn 0.1115 0.0672 0.9915
vn 0.6857 0.1045 0.7203
vn -0.1328 -0.9156 0.3796
vn -0.1007 -0.4848 0.8688
vn -0.5658 -0.5207 0.6393
vn -0.3590 0.7901 0.4969
vn -0.7056 0.0056 0.7086
vn -0.1365 0.0495 0.9894
vn -0.7409 -0.6474 -0.1786
vn -0.8267 -0.3642 0.4289
vn -0.9259 -0.3770 -0.0261
vn -0.5826 -0.3621 -0.7277
vn -0.8165 -0.3750 -0.4389
vn -0.4301 0.1516 -0.8900
vn 0.2161 -0.3079 -0.9265
vn -0.1548 -0.3343 -0.9297
vn 0.3977 -0.5735 -0.7162
vn 0.8686 -0.2553 -0.4247
vn 0.6400 -0.2752 -0.7174
vn 0.9425 0.2576 -0.2127
vn 0.3610 0.9266 -0.1048
vn 0.8836 -0.2438 0.3999
vn 0.9695 -0.2423 0.0380
vn 0.2498 -0.2821 0.9263
vn 0.5854 -0.2603 0.7678
vn -0.5556 -0.3413 0.7582
vn -0.2229 -0.3157 0.9223
vn -0.5919 -0.6282 0.5050
vn -0.1591 -0.8068 -0.5689
vn -0.5669 0.1288 -0.8136
vn -0.0954 0.1237 -0.9877
vn -0.1605 0.9178 -0.3632
vn -0.0702 0.5147 -0.8545
vn -0.4921 0.5193 -0.6987
vn 0.2349 -0.8132 -0.5325
vn 0.0899 0.1209 -0.9886
vn 0.5630 0.1118 -0.8189
vn 0.1205 0.9138 -0.3878
vn 0.5010 0.5043 -0.7033
vn 0.0777 0.5125 -0.8552
vn 0.5132 -0.8207 -0.2513
vn 0.7055 0.1083 -0.7004
vn 0.9588 0.0995 -0.2663
vn 0.3515 0.9085 -0.2260
vn 0.8413 0.4936 -0.2203
vn 0.6147 0.5015 -0.6088
vn 0.5456 -0.8257 0.1431
vn 0.9918 0.0969 -0.0839
vn 0.9067 0.0924 0.4115
vn 0.4245 0.9042 0.0464
vn 0.7915 0.4876 0.3685
vn 0.8676 0.4916 -0.0748
vn 0.3170 -0.8260 0.4661
vn 0.8147 0.0919 0.5725
vn 0.4312 0.0940 0.8974
vn 0.3053 0.9031 0.3021
vn 0.3749 0.4890 0.7876
vn 0.7182 0.4872 0.4969
vn -0.0657 -0.8214 0.5666
vn 0.2573 0.0959 0.9616
vn -0.2453 0.1035 0.9639
vn 0.0497 0.9056 0.4213
vn -0.2135 0.4973 0.8409
vn 0.2362 0.4905 0.8388
vn -0.4235 -0.8140 0.3976
vn -0.4198 0.1068 0.9013
vn -0.8062 0.1164 0.5800
vn -0.2227 0.9105 0.3483
vn -0.6985 0.5085 0.5035
vn -0.3527 0.5000 0.7910
vn -0.5888 -0.8073 0.0381
vn -0.8996 0.1196 0.4199
vn -0.9891 0.1267 -0.0746
vn -0.3845 0.9156 0.1173
vn -0.8531 0.5175 -0.0668
vn -0.7730 0.5111 0.3757
vn -0.4844 -0.8045 -0.3436
vn -0.9578 0.1283 -0.2573
vn -0.7084 0.1296 -0.6938
vn -0.3599 0.9185 -0.1637
vn -0.6049 0.5199 -0.6031
vn -0.8281 0.5187 -0.2125
vn 0.3380 0.9400 -0.0477
vn 0.3437 -0.9189 0.1937
vn -0.3375 -0.1122 0.9346
vn -0.7735 0.6208 -0.1273
vn -0.3099 0.9497 -0.0447
vn -0.6446 -0.7641 0.0248
vn -0.8502 0.3121 0.4239
vn -0.9407 0.3360 -0.0464
vn -0.3026 0.9436 0.1345
vn -0.7453 0.6661 -0.0304
vn -0.6684 0.6458 0.3690
vn -0.5391 -0.7528 -0.3776
vn -0.9117 0.3420 -0.2278
vn -0.6786 0.3476 -0.6470
vn -0.2824 0.9527 -0.1124
vn -0.5265 0.6752 -0.5166
vn -0.7243 0.6704 -0.1608
vn -0.1999 -0.7599 -0.6186
vn -0.5399 0.3456 -0.7675
vn -0.0923 0.3303 -0.9393
vn -0.1082 0.9513 -0.2888
vn -0.0469 0.6608 -0.7491
vn -0.4268 0.6737 -0.6033
vn 0.2144 -0.7819 -0.5854
vn 0.0912 0.3213 -0.9426
vn 0.5439 0.2923 -0.7866
vn 0.1383 0.9399 -0.3121
vn 0.4694 0.6296 -0.6191
vn 0.0851 0.6543 -0.7514
vn 0.5098 -0.8087 -0.2935
vn 0.6863 0.2804 -0.6711
vn 0.9323 0.2512 -0.2604
vn 0.3418 0.9240 -0.1716
vn 0.7806 0.5963 -0.1873
vn 0.5718 0.6211 -0.5360
vn 0.5482 -0.8276 0.1205
vn 0.9669 0.2421 -0.0801
vn 0.8911 0.2264 0.3932
vn 0.4071 0.9109 0.0672
vn 0.7411 0.5765 0.3441
vn 0.8055 0.5898 -0.0577
vn 0.3116 -0.8299 0.4629
vn 0.8018 0.2243 0.5539
vn 0.4397 0.2294 0.8683
vn 0.3037 0.9068 0.2924
vn 0.3695 0.5793 0.7266
vn 0.6769 0.5749 0.4596
vn -0.0894 -0.8144 0.5734
vn 0.2682 0.2353 0.9342
vn -0.2108 0.2589 0.9426
vn 0.0799 0.9136 0.3987
vn -0.1604 0.6035 0.7811
vn 0.2462 0.5835 0.7739
vn -0.4670 -0.7884 0.4004
vn -0.3842 0.2700 0.8829
vn -0.7559 0.3009 0.5814
vn -0.1596 0.9281 0.3363
vn -0.6007 0.6378 0.4821
vn -0.2851 0.6115 0.7381
vn -0.4532 -0.8855 -0.1019
vn -0.2428 0.9701 -0.0068
vn -0.4298 0.7471 -0.5071
vn -0.0518 -0.8912 -0.4505
vn 0.4306 0.4921 -0.7566
vn 0.2152 -0.9084 -0.3585
vn 0.6998 0.4697 -0.5383
vn 0.3602 -0.9256 -0.1163
vn 0.2882 0.6619 0.6919
vn -0.3999 -0.8996 0.1755
vn -0.5743 0.7172 0.3948
vn -0.2048 0.9600 0.1908
vn 0.4524 0.8901 0.0548
vn 0.9016 0.3128 0.2989
vn 0.8544 0.3936 -0.3393
vn 0.5505 -0.8336 -0.0454
vn 0.9270 -0.2499 -0.2795
vn 0.8779 -0.3311 0.3459
vn 0.1538 0.8705 -0.4674
vn 0.5511 0.2895 -0.7826
vn -0.0729 0.3332 -0.9400
vn 0.1654 -0.8588 -0.4849
vn 0.0349 -0.3081 -0.9507
vn 0.6168 -0.3485 -0.7058
vn -0.4341 0.8325 -0.3443
vn -0.5836 0.2160 -0.7828
vn -0.9296 0.2780 -0.2419
vn -0.3707 -0.8934 -0.2536
vn -0.8778 -0.3669 -0.3078
vn -0.4621 -0.4185 -0.7819
vn -0.4989 0.8286 0.2540
vn -0.9345 0.1938 0.2986
vn -0.5318 0.3043 0.7903
vn -0.3170 -0.8896 0.3287
vn -0.5498 -0.3451 0.7607
vn -0.8677 -0.4443 0.2228
vn 0.0489 0.8642 0.5007
vn -0.0166 0.2536 0.9672
vn 0.5708 0.3758 0.7301
vn 0.2524 -0.8527 0.4574
vn 0.5657 -0.2728 0.7782
vn -0.0395 -0.3903 0.9199
vn -0.3033 0.3536 -0.8849
vn 0.7573 -0.3659 0.5409
vn 0.3676 -0.9015 0.2284
vn 0.3575 0.9322 0.0567
vn 0.8622 0.4045 0.3050
vn 0.8116 0.4795 -0.3337
vn 0.6340 -0.7723 -0.0401
vn 0.9500 -0.1530 -0.2723
vn 0.9048 -0.2383 0.3529
vn 0.0665 0.8814 -0.4677
vn 0.5240 0.3443 -0.7790
vn -0.1000 0.3231 -0.9411
vn 0.2568 -0.8375 -0.4823
vn 0.0736 -0.3036 -0.9499
vn 0.6547 -0.2835 -0.7007
vn -0.5152 0.7829 -0.3488
vn -0.5970 0.1539 -0.7873
vn -0.9515 0.1803 -0.2491
vn -0.2746 -0.9272 -0.2549
vn -0.8329 -0.4559 -0.3136
vn -0.4106 -0.4647 -0.7845
vn -0.5837 0.7728 0.2491
vn -0.9517 0.0964 0.2915
vn -0.5662 0.2484 0.7859
vn -0.2258 -0.9174 0.3278
vn -0.5168 -0.3995 0.7572
vn -0.8188 -0.5314 0.2172
vn -0.0443 0.8651 0.4997
vn -0.0499 0.2513 0.9666
vn 0.5234 0.4333 0.7336
vn 0.3357 -0.8216 0.4606
vn 0.5851 -0.2123 0.7827
vn -0.0058 -0.3915 0.9202
vn 0.6859 0.4934 -0.5349
vn -0.1946 -0.4557 -0.8686
vn -0.5396 0.8419 -0.0083
vn -0.2211 -0.4557 0.8623
vn 0.2572 0.9651 0.0500
vn 0.8200 0.4946 0.2880
vn 0.7491 0.5627 -0.3495
vn 0.7118 -0.7004 -0.0530
vn 0.9553 -0.0513 -0.2912
vn 0.9319 -0.1399 0.3347
vn -0.0370 0.8827 -0.4685
vn 0.4688 0.3969 -0.7891
vn -0.1524 0.3091 -0.9387
vn 0.3350 -0.8061 -0.4877
vn 0.0867 -0.2956 -0.9514
vn 0.6672 -0.2133 -0.7137
vn -0.6025 0.7229 -0.3381
vn -0.6254 0.0881 -0.7753
vn -0.9701 0.0774 -0.2301
vn -0.1792 -0.9516 -0.2499
vn -0.7856 -0.5426 -0.2973
vn -0.3741 -0.5071 -0.7765
vn -0.6577 0.7066 0.2610
vn -0.9506 -0.0051 0.3104
vn -0.5738 0.1879 0.7971
vn -0.1202 -0.9357 0.3318
vn -0.4562 -0.4510 0.7671
vn -0.7530 -0.6153 0.2331
vn -0.1264 0.8562 0.5009
vn -0.0573 0.2462 0.9675
vn 0.4887 0.4879 0.7233
vn 0.4305 -0.7804 0.4535
vn 0.6197 -0.1474 0.7709
vn 0.0541 -0.3884 0.9199
vn -0.3680 0.8530 -0.3702
vn 0.5716 0.1276 0.8106
vn 0.1631 0.9854 0.0489
vn 0.7710 0.5715 0.2809
vn 0.6878 0.6327 -0.3558
vn 0.7757 -0.6282 -0.0607
vn 0.9529 0.0415 -0.3003
vn 0.9442 -0.0492 0.3257
vn -0.1268 0.8752 -0.4669
vn 0.4207 0.4407 -0.7929
vn -0.1906 0.2933 -0.9368
vn 0.4068 -0.7697 -0.4920
vn 0.1059 -0.2854 -0.9525
vn 0.6779 -0.1474 -0.7203
vn -0.6728 0.6614 -0.3314
vn -0.6384 0.0275 -0.7692
vn -0.9752 -0.0167 -0.2208
vn -0.0886 -0.9643 -0.2495
vn -0.7322 -0.6160 -0.2906
vn -0.3307 -0.5405 -0.7736
vn -0.7205 0.6395 0.2681
vn -0.9426 -0.0972 0.3193
vn -0.5817 0.1312 0.8027
vn -0.0259 -0.9430 0.3316
vn -0.4031 -0.4934 0.7708
vn -0.6877 -0.6854 0.2394
vn -0.2039 0.8398 0.5032
vn -0.0716 0.2390 0.9684
vn 0.4460 0.5325 0.7193
vn 0.5083 -0.7353 0.4483
vn 0.6384 -0.0871 0.7648
vn 0.1002 -0.3817 0.9188
vn -0.0431 0.9724 -0.2292
vn 0.6216 -0.7475 -0.2343
vn -0.1236 -0.4883 -0.8639
vn -0.4309 0.9010 -0.0501
vn -0.8967 0.3349 -0.2895
vn -0.8408 0.4144 0.3482
vn -0.5703 -0.8198 0.0512
vn -0.9299 -0.2271 0.2892
vn -0.8893 -0.3094 -0.3367
vn -0.1275 0.8740 0.4690
vn -0.5356 0.3028 0.7883
vn 0.0909 0.3311 0.9392
vn -0.1814 -0.8546 0.4867
vn -0.0325 -0.3073 0.9510
vn -0.6177 -0.3334 0.7122
vn 0.4580 0.8215 0.3397
vn 0.5969 0.2014 0.7766
vn 0.9386 0.2551 0.2321
vn 0.3513 -0.9023 0.2498
vn 0.8717 -0.3884 0.2986
vn 0.4598 -0.4299 0.7770
vn 0.5164 0.8161 -0.2593
vn 0.9358 0.1708 -0.3084
vn 0.5308 0.2913 -0.7958
vn 0.2916 -0.8971 -0.3320
vn 0.5332 -0.3584 -0.7664
vn 0.8542 -0.4654 -0.2319
vn -0.0329 0.8653 -0.5002
vn 0.0127 0.2533 -0.9673
vn -0.5690 0.3898 -0.7241
vn -0.2780 -0.8461 -0.4547
vn -0.5803 -0.2587 -0.7722
vn 0.0203 -0.3909 -0.9202
vn 0.0366 -0.9304 0.3648
vn 0.2409 -0.4378 -0.8662
vn -0.4743 0.8775 -0.0711
vn -0.8991 0.2881 -0.3296
vn -0.8757 0.3703 0.3098
vn -0.5288 -0.8483 0.0277
vn -0.9288 -0.2750 0.2483
vn -0.8564 -0.3549 -0.3751
vn -0.1932 0.8661 0.4610
vn -0.5850 0.2746 0.7632
vn 0.0320 0.3353 0.9416
vn -0.1583 -0.8629 0.4800
vn -0.0587 -0.3087 0.9493
vn -0.6306 -0.3651 0.6849
vn 0.3993 0.8441 0.3579
vn 0.5507 0.2319 0.8018
vn 0.9130 0.3033 0.2729
vn 0.3861 -0.8829 0.2671
vn 0.8766 -0.3428 0.3378
vn 0.4466 -0.4056 0.7975
vn 0.4845 0.8418 -0.2380
vn 0.9384 0.2191 -0.2671
vn 0.5498 0.3185 -0.7722
vn 0.3520 -0.8808 -0.3168
vn 0.5844 -0.3302 -0.7413
vn 0.8865 -0.4205 -0.1928
vn -0.0555 0.8625 -0.5031
vn 0.0424 0.2538 -0.9663
vn -0.5557 0.3599 -0.7494
vn -0.2135 -0.8593 -0.4648
vn -0.5314 -0.2883 -0.7966
vn 0.0813 -0.3892 -0.9175
vn -0.2909 0.9316 0.2179
vn -0.9400 0.0043 -0.3411
vn -0.2718 0.9316 -0.2414
vn -0.5672 0.8232 -0.0254
vn -0.9494 0.1917 -0.2488
vn -0.8792 0.2787 0.3865
vn -0.4335 -0.8985 0.0696
vn -0.8701 -0.3689 0.3268
vn -0.8442 -0.4436 -0.3009
vn -0.2413 0.8434 0.4801
vn -0.5417 0.2156 0.8124
vn 0.0787 0.3409 0.9368
vn -0.0255 -0.8725 0.4879
vn 0.0565 -0.3090 0.9494
vn -0.5273 -0.4256 0.7354
vn 0.3392 0.8825 0.3258
vn 0.5913 0.2914 0.7520
vn 0.8968 0.3977 0.1939
vn 0.4975 -0.8369 0.2283
vn 0.9335 -0.2485 0.2587
vn 0.5539 -0.3536 0.7538
vn 0.3719 0.8865 -0.2752
vn 0.8838 0.3142 -0.3466
vn 0.4445 0.3706 -0.8155
vn 0.4127 -0.8408 -0.3504
vn 0.5488 -0.2709 -0.7908
vn 0.9053 -0.3270 -0.2712
vn -0.1883 0.8499 -0.4923
vn -0.0684 0.2526 -0.9652
vn -0.6532 0.2970 -0.6965
vn -0.1627 -0.8789 -0.4485
vn -0.5658 -0.3454 -0.7487
vn 0.0412 -0.3827 -0.9230
vn -0.6820 -0.4625 0.5665
vn -0.2377 -0.9421 0.2365
vn 0.1630 -0.9135 -0.3727
vn -0.6037 0.7968 -0.0244
vn -0.9568 0.1492 -0.2494
vn -0.8912 0.2380 0.3861
vn -0.3926 -0.9172 0.0673
vn -0.8529 -0.4084 0.3251
vn -0.8231 -0.4806 -0.3026
vn -0.2795 0.8306 0.4816
vn -0.5517 0.1893 0.8123
vn 0.0624 0.3421 0.9376
vn 0.0134 -0.8738 0.4861
vn 0.0695 -0.3081 0.9488
vn -0.5083 -0.4504 0.7340
vn 0.2987 0.8962 0.3279
vn 0.5768 0.3162 0.7532
vn 0.8778 0.4373 0.1957
vn 0.5345 -0.8141 0.2272
vn 0.9435 -0.2067 0.2591
vn 0.5686 -0.3298 0.7536
vn 0.3318 0.9030 -0.2730
vn 0.8691 0.3544 -0.3450
vn 0.4281 0.3919 -0.8143
vn 0.4505 -0.8206 -0.3516
vn 0.5612 -0.2443 -0.7908
vn 0.9193 -0.2854 -0.2709
vn -0.2259 0.8415 -0.4907
vn -0.0788 0.2512 -0.9647
vn -0.6652 0.2687 -0.6966
vn -0.1225 -0.8844 -0.4504
vn -0.5490 -0.3690 -0.7500
vn 0.0592 -0.3785 -0.9237
vn -0.9291 -0.1375 0.3432
vn 0.0339 0.9281 0.3707
vn -0.2153 -0.9523 -0.2161
vn -0.2978 -0.8122 0.5017
vn -0.3427 -0.1721 0.9236
vn -0.8249 -0.2064 0.5262
vn -0.3036 0.8968 0.3218
vn -0.7956 0.3483 0.4956
vn -0.3650 0.3789 0.8504
vn -0.5328 -0.8420 0.0846
vn -0.9245 -0.2213 0.3102
vn -0.9136 -0.2578 -0.3144
vn -0.4891 0.8713 -0.0400
vn -0.9016 0.2984 -0.3131
vn -0.9114 0.3309 0.2446
vn -0.3525 -0.8640 -0.3594
vn -0.8065 -0.2679 -0.5270
vn -0.3106 -0.2792 -0.9086
vn -0.3212 0.8533 -0.4108
vn -0.3344 0.2765 -0.9009
vn -0.7771 0.2866 -0.5603
vn 0.1073 -0.8617 -0.4959
vn -0.0775 -0.2769 -0.9578
vn 0.5299 -0.2544 -0.8090
vn 0.0736 0.8563 -0.5113
vn 0.4790 0.2993 -0.8252
vn -0.0634 0.2793 -0.9581
vn 0.5005 -0.8368 -0.2221
vn 0.7136 -0.2414 -0.6577
vn 0.9752 -0.2021 -0.0905
vn 0.3980 0.8780 -0.2658
vn 0.9260 0.3495 -0.1430
vn 0.6924 0.3145 -0.6494
vn 0.5308 -0.8080 0.2557
vn 0.9710 -0.1882 0.1473
vn 0.6898 -0.1617 0.7058
vn 0.4078 0.9021 0.1407
vn 0.6700 0.3893 0.6321
vn 0.9211 0.3657 0.1335
vn 0.1756 -0.7970 0.5779
vn 0.5009 -0.1574 0.8511
vn -0.1114 -0.1636 0.9802
vn 0.0955 0.9105 0.4023
vn -0.0961 0.3888 0.9163
vn 0.4505 0.3943 0.8009
vn -0.3619 -0.9036 0.2294
vn -0.4726 0.1730 0.8641
vn -0.7715 0.1518 0.6179
vn -0.9586 0.0974 -0.2675
vn -0.9672 0.1259 0.2208
vn -0.3555 -0.9248 -0.1351
vn -0.3946 0.0719 -0.9160
vn -0.7822 0.0807 -0.6178
vn 0.4643 0.0933 -0.8807
vn -0.0105 0.0758 -0.9971
vn 0.6071 -0.3659 -0.7053
vn 0.2884 -0.9184 -0.2710
vn 0.9713 0.1455 -0.1882
vn 0.7668 0.1148 -0.6315
vn 0.9485 -0.3147 0.0350
vn 0.7446 0.1891 0.6401
vn 0.9645 0.1684 0.2037
vn 0.2770 -0.8799 0.3860
vn 0.2012 0.9513 0.2334
vn -0.0451 0.1914 0.9805
vn 0.4335 0.1962 0.8795
vn -0.0804 -0.8836 0.4613
vn -0.1082 0.9482 0.2987
vn 0.0947 -0.8837 -0.4583
vn 0.1225 -0.2460 -0.9615
vn 0.6551 -0.4788 -0.5845
vn 0.1024 0.3121 -0.9445
vn 0.1772 0.9143 -0.3643
vn 0.6753 0.4506 -0.5839
vn 0.1396 -0.9214 0.3626
vn 0.6606 -0.4803 0.5770
vn 0.0977 -0.3163 0.9436
vn 0.1387 0.8787 0.4569
vn 0.1428 0.2401 0.9602
vn 0.6812 0.4492 0.5780
vn -0.1808 -0.9135 -0.3645
vn -0.6816 -0.4489 -0.5779
vn -0.1118 -0.3097 -0.9442
vn -0.0994 0.8848 -0.4552
vn -0.1318 0.2481 -0.9597
vn -0.6606 0.4803 -0.5770
vn -0.1341 -0.8796 0.4563
vn -0.1333 -0.2424 0.9610
vn -0.6755 -0.4505 0.5837
vn -0.1357 0.9205 0.3664
vn -0.6546 0.4790 0.5849
vn -0.0885 0.3141 0.9453
vn 0.1478 -0.9890 -0.0019
vn 0.6934 -0.7205 -0.0042
vn 0.6230 -0.0131 -0.7821
vn 0.1923 0.9813 0.0002
vn 0.7245 0.6893 -0.0028
vn 0.1416 -0.0042 0.9899
vn 0.6306 -0.0149 0.7760
vn -0.0176 -0.8882 0.4591
vn -0.0024 -0.3156 0.9489
vn 0.0117 0.3134 0.9495
vn -0.6230 0.0132 0.7821
vn -0.1318 0.0019 0.9913
vn -0.1923 -0.9813 -0.0002
vn -0.7247 -0.6891 0.0028
vn -0.1482 0.9890 0.0019
vn -0.6931 0.7208 0.0042
vn -0.6307 0.0149 -0.7759
vn -0.0222 -0.8873 -0.4607
vn -0.0117 -0.3135 -0.9495
vn 0.0024 0.3158 -0.9488
vn -0.7137 -0.6504 0.2601
vn -0.8353 0.0622 0.5462
vn -0.9968 -0.0332 -0.0729
vn -0.1971 0.9804 0.0055
vn -0.8057 0.5888 -0.0645
vn -0.5635 0.6462 0.5147
vn -0.5815 -0.7472 -0.3218
vn -0.8075 -0.0526 -0.5875
vn -0.3091 -0.3311 -0.8915
vn 0.0351 0.8571 -0.5140
vn -0.1732 0.3036 -0.9369
vn -0.6092 0.5606 -0.5609
vn -0.0078 -0.9351 -0.3542
vn 0.2330 -0.4151 -0.8794
vn 0.6666 -0.6033 -0.4379
vn 0.5856 0.6876 -0.4293
vn 0.8328 0.0152 -0.5534
vn 0.3538 0.2178 -0.9096
vn 0.2146 -0.9544 0.2077
vn 0.8482 -0.5244 0.0739
vn 0.5819 -0.4735 0.6612
vn 0.6936 0.7061 0.1425
vn 0.8221 0.1221 0.5561
vn 0.9946 0.0915 -0.0495
vn -0.2218 -0.7784 0.5873
vn 0.1879 -0.2295 0.9550
vn -0.4461 -0.1212 0.8868
vn 0.2099 0.8871 0.4112
vn -0.1905 0.4766 0.8582
vn 0.4277 0.3563 0.8308
vn -0.6340 -0.7713 -0.0564
vn 0.7356 -0.6431 -0.2129
vn 0.0761 -0.9969 -0.0220
vn -0.5059 -0.7712 0.3863
vn -0.3915 0.6324 0.6684
vn -0.8308 -0.4875 0.2687
vn -0.8201 0.2498 0.5149
vn -0.9828 0.1530 -0.1036
vn -0.0057 0.9987 -0.0497
vn -0.6763 0.7268 -0.1200
vn -0.4407 0.7689 0.4633
vn -0.7064 -0.6396 -0.3030
vn -0.7891 0.0697 -0.6103
vn -0.3467 -0.3149 -0.8836
vn 0.2103 0.8052 -0.5545
vn -0.0907 0.2790 -0.9560
vn -0.4777 0.6345 -0.6077
vn -0.1788 -0.9347 -0.3073
vn 0.1689 -0.4996 -0.8496
vn 0.5483 -0.7422 -0.3854
vn 0.7160 0.5390 -0.4436
vn 0.8325 -0.1739 -0.5260
vn 0.4094 0.0961 -0.9073
vn 0.0230 -0.9649 0.2618
vn 0.7301 -0.6713 0.1275
vn 0.4654 -0.5384 0.7025
vn 0.8126 0.5681 0.1298
vn 0.8175 -0.0060 0.5759
vn 0.9945 -0.1022 -0.0215
vn -0.3800 -0.6885 0.6177
vn 0.1189 -0.2081 0.9708
vn -0.4809 0.0148 0.8767
vn 0.3667 0.8522 0.3732
vn -0.1150 0.5507 0.8268
vn 0.4692 0.3136 0.8255
vn -0.1582 -0.4609 -0.8733
vn -0.4367 -0.8575 -0.2719
vn 0.7673 0.6095 -0.1991
vn -0.2494 -0.8575 0.4500
vn -0.6528 -0.6386 0.4075
vn -0.8840 -0.3359 0.3250
vn -0.7448 0.3997 0.5344
vn -0.9498 0.3046 -0.0716
vn 0.1507 0.9837 -0.0981
vn -0.5572 0.8204 -0.1282
vn -0.2906 0.8484 0.4425
vn -0.8126 -0.5298 -0.2431
vn -0.7960 0.1702 -0.5809
vn -0.4336 -0.2916 -0.8526
vn 0.3090 0.7370 -0.6011
vn -0.0902 0.2498 -0.9641
vn -0.3990 0.6771 -0.6183
vn -0.3393 -0.9057 -0.2540
vn 0.0472 -0.5553 -0.8303
vn 0.4047 -0.8361 -0.3703
vn 0.7708 0.3979 -0.4975
vn 0.7686 -0.3273 -0.5497
vn 0.3762 -0.0089 -0.9265
vn -0.1182 -0.9442 0.3073
vn 0.6195 -0.7740 0.1309
vn 0.4066 -0.5764 0.7088
vn 0.8978 0.4349 0.0694
vn 0.8324 -0.1134 0.5424
vn 0.9636 -0.2616 -0.0562
vn -0.4549 -0.5921 0.6652
vn 0.1300 -0.1839 0.9743
vn -0.4305 0.1286 0.8934
vn 0.5145 0.7970 0.3163
vn 0.0131 0.5960 0.8029
vn 0.5515 0.2683 0.7899
vn -0.2704 -0.4655 -0.8428
vn -0.5797 -0.7867 -0.2122
vn 0.5427 0.6375 -0.5469
vn -0.3610 -0.7867 0.5008
vn -0.1287 0.7917 0.5972
vn -0.7887 -0.1661 0.5919
vn -0.4083 0.5700 0.7131
vn -0.8818 0.4679 0.0589
vn 0.3292 0.8997 -0.2866
vn -0.4261 0.8918 -0.1522
vn 0.0864 0.8914 0.4448
vn -0.8721 -0.4892 0.0103
vn -0.8366 0.1529 -0.5261
vn -0.4530 -0.5415 -0.7082
vn 0.3747 0.4988 -0.7816
vn -0.0765 -0.0845 -0.9935
vn -0.3887 0.5817 -0.7145
vn -0.3762 -0.9102 0.1731
vn 0.1020 -0.8529 -0.5120
vn 0.4544 -0.8628 0.2217
vn 0.8513 0.1910 -0.4886
vn 0.8618 -0.4892 -0.1340
vn 0.4545 -0.3917 -0.8000
vn -0.2929 -0.5871 0.7547
vn 0.5303 -0.4359 0.7271
vn 0.0256 0.1466 0.9889
vn 0.8059 0.5920 0.0064
vn 0.5122 0.4871 0.7074
vn 0.9296 -0.0819 0.3594
vn 0.2505 -0.2551 -0.9339
vn 0.2985 -0.6963 -0.6527
vn -0.3188 -0.7805 0.5377
vn 0.7381 -0.2683 0.6190
vn 0.2993 0.7630 0.5730
vn -0.6616 -0.6112 0.4344
vn 0.6616 0.6113 -0.4344
vn -0.7811 0.0867 0.6184
vn -0.2521 0.7359 0.6284
vn -0.7631 0.6463 0.0010
vn 0.4958 0.7620 -0.4165
vn -0.2386 0.9317 -0.2738
vn 0.2867 0.9060 0.3113
vn -0.9531 -0.2888 0.0902
vn -0.8079 0.2513 -0.5331
vn -0.5837 -0.5267 -0.6180
vn 0.4372 0.2961 -0.8492
vn -0.1330 -0.2028 -0.9702
vn -0.2893 0.5461 -0.7862
vn -0.5486 -0.7780 0.3062
vn -0.0974 -0.9176 -0.3854
vn 0.2752 -0.9000 0.3381
vn 0.8517 -0.0615 -0.5205
vn 0.7360 -0.6731 -0.0720
vn 0.3307 -0.5851 -0.7405
vn -0.3765 -0.4025 0.8344
vn 0.4583 -0.4330 0.7762
vn 0.0959 0.2730 0.9572
vn 0.9104 0.4044 -0.0877
vn 0.6304 0.4614 0.6243
vn 0.9066 -0.2251 0.3570
vn -0.2607 0.7546 -0.6022
vn 0.4616 0.6084 -0.6456
vn -0.4735 0.8703 -0.1358
vn 0.1536 -0.4283 -0.8905
vn 0.6335 0.1186 -0.7646
vn 0.8882 -0.4286 0.1659
vn 0.9373 0.1186 -0.3277
vn 0.4748 0.7540 0.4539
vn 0.7656 0.6087 -0.2081
vn -0.7551 -0.3926 0.5250
vn -0.5991 0.6664 -0.4439
vn 0.2077 0.6664 0.7161
vn -0.1436 -0.6331 -0.7607
vn 0.6630 -0.6332 0.3995
vn -0.3593 -0.9328 0.0269
vn -0.8966 -0.3381 0.2860
vn -0.7484 -0.4223 -0.5115
vn -0.5486 0.8284 -0.1130
vn -0.8666 0.2212 -0.4473
vn -0.8918 0.3071 0.3322
vn 0.0973 -0.8803 -0.4643
vn -0.2508 -0.2703 -0.9295
vn 0.5530 -0.2583 -0.7921
vn -0.0123 0.8932 -0.4496
vn 0.3979 0.3790 -0.8355
vn -0.3862 0.3572 -0.8504
vn 0.5838 -0.8118 -0.0048
vn 0.9539 -0.1070 -0.2804
vn 0.8293 -0.2061 0.5194
vn 0.3206 0.9429 0.0905
vn 0.7809 0.4445 0.4388
vn 0.7860 0.5146 -0.3426
vn 0.1272 -0.8644 0.4864
vn 0.3081 -0.1748 0.9352
vn -0.4721 -0.3701 0.8001
vn -0.2157 0.8781 0.4271
vn -0.4836 0.2866 0.8270
vn 0.2804 0.4645 0.8400
vn -0.5463 -0.4262 -0.7210
vn -0.1268 -0.9490 -0.2887
vn -0.9556 -0.0560 0.2892
vn 0.1699 0.9531 -0.2503
vn -0.6766 -0.4262 0.6005
vn -0.1807 -0.9490 0.2585
vn -0.4067 0.8849 0.2269
vn -0.1277 0.9917 -0.0126
vn 0.6217 0.1384 0.7710
vn -0.5502 -0.8348 -0.0211
vn -0.9624 -0.1444 0.2302
vn -0.7916 -0.2415 -0.5613
vn -0.3529 0.9288 -0.1131
vn -0.7738 0.4108 -0.4822
vn -0.8231 0.4837 0.2974
vn -0.0665 -0.8708 -0.4872
vn -0.2507 -0.1908 -0.9491
vn 0.5284 -0.3539 -0.7718
vn 0.2026 0.8844 -0.4205
vn 0.5149 0.3027 -0.8020
vn -0.2539 0.4494 -0.8565
vn 0.3973 -0.9177 -0.0021
vn 0.9234 -0.3027 -0.2362
vn 0.7366 -0.3896 0.5529
vn 0.5081 0.8504 0.1368
vn 0.8321 0.2578 0.4911
vn 0.8951 0.3416 -0.2865
vn -0.0865 -0.8817 0.4639
vn 0.2117 -0.2563 0.9431
vn -0.5834 -0.2773 0.7634
vn -0.0473 0.8947 0.4441
vn -0.4566 0.3660 0.8109
vn 0.3259 0.3759 0.8675
vn -0.3093 -0.8936 -0.3252
vn -0.4995 0.4745 -0.7248
vn -0.1431 0.9463 -0.2899
vn 0.7240 -0.4009 -0.5613
vn 0.7652 0.3618 -0.5326
vn 0.3827 0.8996 -0.2102
vn 0.5716 0.3618 0.7364
vn 0.3033 0.8994 0.3146
vn -0.7838 -0.2841 0.5522
vn -0.3922 -0.8936 0.2183
vn -0.6922 0.4747 0.5436
vn -0.2225 0.9463 0.2346
vn -0.0868 -0.9961 -0.0132
vn -0.5850 0.1100 -0.8035
vn -0.7978 0.1100 0.5928
vn 0.5933 -0.0141 0.8049
vn 0.8242 -0.5655 0.0303
vn 0.9664 0.1640 -0.1977
vn 0.8965 0.0674 0.4380
vn 0.0794 0.9952 0.0577
vn 0.6569 0.6664 0.3527
vn 0.6417 0.7158 -0.2756
vn 0.4971 -0.6927 0.5225
vn 0.5333 0.0133 0.8458
vn -0.0094 -0.3240 0.9460
vn -0.3140 0.8333 0.4551
vn -0.2193 0.2918 0.9310
vn 0.2948 0.6033 0.7410
vn -0.0243 -0.9395 0.3416
vn -0.4963 -0.4629 0.7345
vn -0.7129 -0.6814 0.1655
vn -0.7726 0.6106 0.1739
vn -0.9750 -0.0870 0.2045
vn -0.6864 0.1530 0.7109
vn -0.0194 -0.9648 -0.2623
vn -0.6995 -0.6065 -0.3779
vn -0.2419 -0.5109 -0.8249
vn -0.6626 0.6349 -0.3973
vn -0.5659 0.0534 -0.8228
vn -0.9459 -0.0128 -0.3242
vn 0.5050 -0.7336 -0.4548
vn 0.2045 -0.2191 -0.9540
vn 0.7528 -0.0482 -0.6565
vn -0.1360 0.8726 -0.4691
vn 0.4427 0.5190 -0.7312
vn -0.1251 0.3350 -0.9339
vn -0.1953 -0.4528 0.8699
vn -0.6890 -0.7215 -0.0685
vn -0.8428 -0.3583 -0.4015
vn -0.0201 -0.4528 -0.8914
vn -0.4550 0.7901 -0.4107
vn -0.4157 0.9086 -0.0414
vn 0.9083 -0.4118 0.0738
vn 0.9302 0.3272 -0.1664
vn 0.8528 0.2309 0.4685
vn -0.0976 0.9946 0.0365
vn 0.5161 0.7771 0.3602
vn 0.5176 0.8121 -0.2693
vn 0.5890 -0.5858 0.5568
vn 0.4886 0.1212 0.8640
vn 0.0094 -0.3041 0.9526
vn -0.4723 0.7732 0.4232
vn -0.3038 0.2651 0.9151
vn 0.1553 0.6584 0.7364
vn 0.1262 -0.9232 0.3631
vn -0.4370 -0.5297 0.7269
vn -0.5893 -0.7927 0.1559
vn -0.8735 0.4689 0.1310
vn -0.9523 -0.2528 0.1710
vn -0.7304 0.0429 0.6817
vn 0.1595 -0.9577 -0.2395
vn -0.5675 -0.7261 -0.3883
vn -0.1160 -0.5597 -0.8205
vn -0.7467 0.5022 -0.4362
vn -0.5332 -0.0608 -0.8438
vn -0.9155 -0.1838 -0.3579
vn 0.6428 -0.6417 -0.4183
vn 0.2775 -0.1965 -0.9404
vn 0.7753 0.0729 -0.6274
vn -0.2671 0.8270 -0.4946
vn 0.3743 0.5757 -0.7269
vn -0.1442 0.2916 -0.9456
vn -0.3019 0.9352 0.1851
vn 0.2015 -0.9791 0.0279
vn -0.8336 0.5402 -0.1154
vn 0.4318 0.7646 -0.4785
vn 0.9666 -0.2462 0.0713
vn 0.8578 0.4794 -0.1855
vn 0.8038 0.3864 0.4523
vn -0.2684 0.9632 0.0157
vn 0.3765 0.8633 0.3362
vn 0.3663 0.8829 -0.2938
vn 0.6866 -0.4613 0.5620
vn 0.4677 0.2248 0.8548
vn 0.0704 -0.2749 0.9589
vn -0.5957 0.6896 0.4119
vn -0.3372 0.2303 0.9128
vn 0.0451 0.6929 0.7196
vn 0.2877 -0.8783 0.3818
vn -0.3320 -0.5799 0.7440
vn -0.4414 -0.8789 0.1810
vn -0.9405 0.3134 0.1317
vn -0.8924 -0.4099 0.1887
vn -0.7208 -0.0680 0.6898
vn 0.3212 -0.9210 -0.2203
vn -0.4362 -0.8226 -0.3649
vn -0.0242 -0.5909 -0.8064
vn -0.8263 0.3545 -0.4377
vn -0.5219 -0.1726 -0.8354
vn -0.8728 -0.3483 -0.3420
vn 0.7408 -0.5304 -0.4122
vn 0.2991 -0.1679 -0.9393
vn 0.7453 0.1911 -0.6387
vn -0.4110 0.7561 -0.5094
vn 0.2623 0.6143 -0.7442
vn -0.2009 0.2394 -0.9499
vn 0.1535 0.8161 0.5571
vn -0.4582 0.8728 0.1682
vn -0.0574 -0.4624 0.8848
vn -0.7760 0.5710 0.2677
vn -0.7349 -0.6398 0.2251
vn -0.5476 -0.3897 0.7405
vn 0.3687 -0.9284 0.0470
vn 0.1027 0.0348 -0.9941
vn 0.8962 -0.4276 -0.1181
vn 0.9868 -0.0295 -0.1592
vn 0.6079 0.6651 -0.4336
vn 0.7372 0.5690 0.3643
vn -0.5435 0.8318 0.1126
vn 0.1823 0.9208 0.3449
vn 0.0067 0.9066 -0.4219
vn 0.8370 -0.3838 0.3900
vn 0.4718 0.2079 0.8568
vn 0.1463 -0.5378 0.8303
vn -0.7559 0.3922 0.5242
vn -0.3776 -0.1497 0.9138
vn -0.0664 0.5669 0.8211
vn 0.5340 -0.8454 0.0096
vn -0.2082 -0.8951 0.3943
vn -0.1792 -0.8900 -0.4192
vn -0.9977 0.0547 0.0390
vn -0.7512 -0.5935 -0.2889
vn -0.7128 -0.5004 0.4914
vn 0.6839 -0.4911 -0.5396
vn -0.0720 -0.4378 -0.8962
vn 0.4116 0.2168 -0.8852
vn -0.7853 0.4944 -0.3726
vn -0.1913 0.4770 -0.8578
vn -0.6397 -0.1608 -0.7516
vn 0.0221 0.7646 0.6441
vn 0.2313 0.3588 0.9043
vn 0.0383 -0.7483 0.6622
vn -0.7398 -0.3518 -0.5735
vn 0.0506 0.3589 -0.9320
vn -0.3269 -0.3038 -0.8949
vn 0.5638 0.4020 -0.7214
vn -0.8637 0.4968 0.0850
vn 0.9571 0.1645 -0.2387
vn 0.4307 0.7780 -0.4574
vn 0.6435 0.6936 0.3238
vn -0.6805 0.7090 0.1849
vn 0.0321 0.9319 0.3612
vn -0.2023 0.8987 -0.3891
vn 0.9250 -0.2224 0.3080
vn 0.4950 0.2787 0.8230
vn 0.3166 -0.5151 0.7965
vn -0.7692 0.2290 0.5965
vn -0.2626 -0.2371 0.9353
vn -0.1029 0.5278 0.8431
vn 0.6842 -0.7265 -0.0629
vn 0.0008 -0.9258 0.3781
vn -0.0413 -0.8998 -0.4344
vn -0.9828 -0.1395 0.1207
vn -0.6461 -0.7217 -0.2484
vn -0.5597 -0.6378 0.5291
vn 0.7163 -0.3396 -0.6096
vn -0.0635 -0.4264 -0.9023
vn 0.2857 0.3089 -0.9072
vn -0.8941 0.3406 -0.2909
vn -0.3513 0.4473 -0.8225
vn -0.6591 -0.2668 -0.7031
vn 0.6528 0.5168 0.5539
vn -0.0691 0.7422 0.6666
vn -0.7316 0.5482 0.4052
vn 0.1690 0.8920 -0.4192
vn 0.2366 -0.7393 0.6304
vn -0.4730 -0.4770 0.7408
vn -0.8988 0.0434 0.4361
vn -0.0030 -0.7394 -0.6733
vn -0.7051 -0.4770 -0.5247
vn -0.9951 0.0434 -0.0884
vn -0.3015 0.7422 -0.5985
vn -0.8278 0.5484 -0.1182
vn 0.3100 0.6830 0.6614
vn 0.0545 0.6831 -0.7283
vn -0.3890 -0.6561 -0.6467
vn 0.4280 -0.8914 0.1490
vn 0.9660 -0.2474 0.0752
vn 0.5446 -0.3383 0.7674
vn 0.3909 0.8813 0.2656
vn 0.6187 0.3132 0.7205
vn 0.9194 0.3934 0.0003
vn -0.1794 -0.8809 0.4379
vn -0.0832 -0.2339 0.9687
vn -0.7784 -0.3055 0.5484
vn -0.2349 0.8942 0.3811
vn -0.7090 0.3447 0.6152
vn 0.0137 0.4034 0.9149
vn -0.4682 -0.8672 -0.1695
vn -0.9762 -0.2013 -0.0804
vn -0.5590 -0.2951 -0.7748
vn -0.3502 0.9041 -0.2448
vn -0.6034 0.3578 -0.7127
vn -0.9005 0.4348 0.0093
vn 0.1393 -0.8777 -0.4585
vn 0.0729 -0.2148 -0.9739
vn 0.7639 -0.3279 -0.5558
vn 0.2757 0.8912 -0.3602
vn 0.7243 0.3263 -0.6074
vn 0.0052 0.4248 -0.9053
vn 0.0986 -0.9281 0.3591
vn -0.9010 -0.3267 0.2853
vn 0.0227 0.9997 0.0116
vn 0.5658 -0.7818 0.2619
vn 0.9868 -0.0608 0.1498
vn 0.5411 -0.1621 0.8252
vn 0.2117 0.9581 0.1931
vn 0.5033 0.4849 0.7153
vn 0.8343 0.5513 0.0070
vn -0.0526 -0.8546 0.5166
vn -0.1076 -0.1546 0.9821
vn -0.7489 -0.3892 0.5363
vn -0.4131 0.8684 0.2743
vn -0.7990 0.2663 0.5392
vn -0.1201 0.4820 0.8679
vn -0.2966 -0.9494 -0.1031
vn -0.9182 -0.3808 -0.1093
vn -0.4441 -0.4615 -0.7680
vn -0.4849 0.7995 -0.3543
vn -0.6060 0.1756 -0.7758
vn -0.9610 0.2640 -0.0818
vn 0.3218 -0.8766 -0.3577
vn 0.1763 -0.2870 -0.9416
vn 0.8459 -0.2344 -0.4791
vn 0.1399 0.8892 -0.4355
vn 0.6963 0.3943 -0.5998
vn -0.0067 0.3334 -0.9428
vn 0.1527 0.5272 0.8359
vn -0.0519 0.9591 0.2783
vn -0.2317 -0.9555 0.1824
vn -0.9344 0.2991 0.1936
vn -0.5024 0.8646 0.0116
vn -0.2822 0.2991 -0.9115
vn -0.2327 0.8646 -0.4454
vn 0.5138 -0.8578 -0.0161
vn 0.8059 0.5271 -0.2696
vn 0.2182 0.9592 -0.1795
vn 0.9502 0.1729 -0.2594
vt 0.750000 0.434624
vt 0.737842 0.481167
vt 0.784568 0.464885
vt 0.033242 0.561353
vt 0.000000 0.530361
vt 0.030289 0.500000
vt 0.966758 0.561353
vt 0.989347 0.500000
vt 1.000000 0.564250
vt 0.250000 0.419307
vt 0.262247 0.481102
vt 0.208139 0.459587
vt 0.961310 0.938647
vt 1.000000 0.978499
vt 0.963321 1.000000
vt 0.038691 0.938647
vt 0.010731 1.000000
vt 0.000000 0.941544
vt 0.925588 0.307052
vt 0.966096 0.332997
vt 0.965050 0.283527
vt 0.833242 0.561353
vt 0.794673 0.515181
vt 0.830289 0.500000
vt 0.766758 0.561353
vt 0.800000 0.564250
vt 0.411021 0.302319
vt 0.473576 0.309767
vt 0.436393 0.354578
vt 0.761310 0.938647
vt 0.805365 0.989249
vt 0.763321 1.000000
vt 0.838691 0.938647
vt 0.800000 0.941544
vt 0.858519 0.100636
vt 0.895712 0.070129
vt 0.848340 0.055836
vt 0.633242 0.561353
vt 0.594674 0.515181
vt 0.630289 0.500000
vt 0.566758 0.561353
vt 0.600000 0.564250
vt 0.349516 0.113027
vt 0.375931 0.055836
vt 0.407058 0.105046
vt 0.561309 0.938647
vt 0.605365 0.989249
vt 0.563321 1.000000
vt 0.638691 0.938647
vt 0.600000 0.941544
vt 0.641481 0.100636
vt 0.623960 0.055836
vt 0.595728 0.096473
vt 0.433242 0.561353
vt 0.394673 0.515181
vt 0.430289 0.500000
vt 0.366758 0.561353
vt 0.400000 0.564250
vt 0.150484 0.113027
vt 0.104254 0.070233
vt 0.160674 0.055836
vt 0.361310 0.938647
vt 0.405365 0.989249
vt 0.363321 1.000000
vt 0.438691 0.938647
vt 0.400000 0.941544
vt 0.574412 0.307052
vt 0.526390 0.309871
vt 0.556315 0.349279
vt 0.233242 0.561353
vt 0.194673 0.515181
vt 0.230289 0.500000
vt 0.166758 0.561353
vt 0.200000 0.564250
vt 0.088979 0.302319
vt 0.033993 0.333062
vt 0.037736 0.274954
vt 0.161310 0.938647
vt 0.205365 0.989250
vt 0.163321 1.000000
vt 0.238691 0.938647
vt 0.200000 0.941544
vt 0.969711 0.500000
vt 0.943685 0.349279
vt 0.836679 1.000000
vt 0.291861 0.459587
vt 0.000000 0.564250
vt 1.000000 0.941544
vt 0.769711 0.500000
vt 0.904272 0.096473
vt 0.636679 1.000000
vt 0.462264 0.274954
vt 0.569711 0.500000
vt 0.436679 1.000000
vt 0.339326 0.055836
vt 0.369711 0.500000
vt 0.534950 0.283527
vt 0.236679 1.000000
vt 0.169711 0.500000
vt 0.715432 0.464885
vt 0.036679 1.000000
vt 0.063607 0.354578
vt 0.750000 0.419307
vt 0.734479 0.478723
vt 0.794130 0.457938
vt 0.042705 0.561353
vt 0.038667 0.500000
vt 0.957295 0.561353
vt 0.986400 0.500000
vt 1.000000 0.564250
vt 0.250000 0.392278
vt 0.266929 0.477700
vt 0.192134 0.447958
vt 0.946984 0.938647
vt 0.949297 1.000000
vt 0.053016 0.938647
vt 0.014834 1.000000
vt 0.000000 0.941544
vt 0.911021 0.302319
vt 0.962733 0.335441
vt 0.961398 0.272287
vt 0.842705 0.561353
vt 0.793200 0.515181
vt 0.838667 0.500000
vt 0.757295 0.561353
vt 0.800000 0.564250
vt 0.385314 0.293966
vt 0.471787 0.304262
vt 0.420387 0.366206
vt 0.746984 0.938647
vt 0.807417 0.989249
vt 0.749297 1.000000
vt 0.853016 0.938647
vt 0.800000 0.941544
vt 0.849516 0.113027
vt 0.896997 0.074082
vt 0.836521 0.055836
vt 0.642705 0.561353
vt 0.593200 0.515180
vt 0.638667 0.500000
vt 0.557295 0.561353
vt 0.600000 0.564250
vt 0.333629 0.134895
vt 0.370143 0.055836
vt 0.413171 0.123862
vt 0.546984 0.938647
vt 0.607417 0.989249
vt 0.549297 1.000000
vt 0.653016 0.938647
vt 0.600000 0.941544
vt 0.650483 0.113027
vt 0.628116 0.055836
vt 0.592076 0.107713
vt 0.442705 0.561353
vt 0.393200 0.515181
vt 0.438667 0.500000
vt 0.357295 0.561353
vt 0.166371 0.134895
vt 0.102465 0.075738
vt 0.180458 0.055836
vt 0.346984 0.938647
vt 0.407417 0.989249
vt 0.349297 1.000000
vt 0.453016 0.938647
vt 0.400000 0.941544
vt 0.588979 0.302319
vt 0.527675 0.305918
vt 0.565876 0.356226
vt 0.242705 0.561353
vt 0.193200 0.515180
vt 0.238667 0.500000
vt 0.157295 0.561353
vt 0.200000 0.564250
vt 0.114686 0.293966
vt 0.038676 0.336464
vt 0.043849 0.256138
vt 0.146984 0.938647
vt 0.207417 0.989249
vt 0.149297 1.000000
vt 0.253016 0.938647
vt 0.200000 0.941544
vt 0.961333 0.500000
vt 0.934124 0.356226
vt 0.850703 1.000000
vt 0.000000 0.564250
vt 1.000000 0.941544
vt 0.761333 0.500000
vt 0.650703 1.000000
vt 0.456151 0.256138
vt 0.561333 0.500000
vt 0.663479 0.055836
vt 0.450703 1.000000
vt 0.361333 0.500000
vt 0.250703 1.000000
vt 0.086829 0.123862
vt 0.161333 0.500000
vt 0.705870 0.457938
vt 0.050703 1.000000
vt 0.079613 0.366206
vt 0.750000 0.392278
vt 0.728545 0.474412
vt 0.811003 0.445679
vt 0.059595 0.561353
vt 0.000000 0.530361
vt 0.053452 0.500000
vt 0.940405 0.561353
vt 0.981200 0.500000
vt 1.000000 0.564250
vt 0.250000 0.331783
vt 0.277409 0.470086
vt 0.156312 0.421932
vt 0.915693 0.938647
vt 0.917909 1.000000
vt 0.084307 0.938647
vt 0.024017 1.000000
vt 0.885314 0.293966
vt 0.956798 0.339752
vt 0.954953 0.252451
vt 0.859595 0.561353
vt 0.790600 0.515180
vt 0.853452 0.500000
vt 0.740405 0.561353
vt 0.800000 0.564250
vt 0.327781 0.275272
vt 0.467784 0.291942
vt 0.384566 0.392232
vt 0.715693 0.938647
vt 0.812008 0.989249
vt 0.717909 1.000000
vt 0.884307 0.938647
vt 0.800000 0.941544
vt 0.833629 0.134895
vt 0.899264 0.081058
vt 0.815665 0.055836
vt 0.659595 0.561353
vt 0.590600 0.515181
vt 0.653452 0.500000
vt 0.540405 0.561353
vt 0.600000 0.564250
vt 0.298071 0.183836
vt 0.357189 0.055836
vt 0.426854 0.165973
vt 0.515693 0.938647
vt 0.612008 0.989249
vt 0.517909 1.000000
vt 0.684307 0.938647
vt 0.600000 0.941544
vt 0.666371 0.134895
vt 0.635452 0.055836
vt 0.585631 0.127549
vt 0.459595 0.561353
vt 0.390600 0.515181
vt 0.453452 0.500000
vt 0.340405 0.561353
vt 0.400000 0.564250
vt 0.201929 0.183836
vt 0.098462 0.088058
vt 0.224736 0.055836
vt 0.315693 0.938647
vt 0.412008 0.989250
vt 0.317909 1.000000
vt 0.484307 0.938647
vt 0.400000 0.941544
vt 0.614686 0.293966
vt 0.529942 0.298942
vt 0.582749 0.368485
vt 0.259595 0.561353
vt 0.190600 0.515181
vt 0.253452 0.500000
vt 0.140405 0.561353
vt 0.200000 0.564250
vt 0.172219 0.275272
vt 0.049156 0.344078
vt 0.057532 0.214027
vt 0.115693 0.938646
vt 0.212008 0.989249
vt 0.117909 1.000000
vt 0.284307 0.938647
vt 0.200000 0.941543
vt 0.946548 0.500000
vt 0.917251 0.368485
vt 0.882091 1.000000
vt 0.000000 0.564250
vt 0.746548 0.500000
vt 0.914369 0.127549
vt 0.682091 1.000000
vt 0.442468 0.214027
vt 0.546548 0.500000
vt 0.684335 0.055836
vt 0.482091 1.000000
vt 0.275264 0.055836
vt 0.346548 0.500000
vt 0.282091 1.000000
vt 0.073146 0.165973
vt 0.146548 0.500000
vt 0.688997 0.445679
vt 0.082091 1.000000
vt 0.115434 0.392232
vt 0.750000 0.434624
vt 0.033242 0.561353
vt 0.038691 0.938647
vt 0.925588 0.307052
vt 0.833242 0.561353
vt 0.800000 0.564250
vt 0.761309 0.938647
vt 0.800000 0.941544
vt 0.858519 0.100636
vt 0.566758 0.561353
vt 0.600000 0.564250
vt 0.349516 0.113027
vt 0.561309 0.938647
vt 0.641481 0.100636
vt 0.366758 0.561353
vt 0.400000 0.564250
vt 0.150484 0.113027
vt 0.361310 0.938647
vt 0.400000 0.941544
vt 0.574412 0.307052
vt 0.233242 0.561353
vt 0.088979 0.302319
vt 0.161310 0.938647
vt 0.200000 0.941544
vt 0.651660 0.055836
vt 0.092942 0.105046
vt 0.750000 0.419307
vt 0.957295 0.561353
vt 0.946984 0.938647
vt 0.053016 0.938647
vt 0.911021 0.302319
vt 0.842705 0.561353
vt 0.757295 0.561353
vt 0.385314 0.293966
vt 0.746984 0.938647
vt 0.849517 0.113027
vt 0.642706 0.561353
vt 0.546984 0.938647
vt 0.650483 0.113027
vt 0.442705 0.561353
vt 0.357295 0.561353
vt 0.400000 0.564250
vt 0.346984 0.938647
vt 0.453016 0.938647
vt 0.242705 0.561353
vt 0.157295 0.561353
vt 0.114686 0.293966
vt 0.253016 0.938647
vt 0.200000 0.941544
vt 0.307866 0.447958
vt 0.907924 0.107713
vt 0.319542 0.055836
vt 0.538602 0.272287
vt 0.343688 0.421932
vt 0.545047 0.252451
vt 0.574412 0.307052
vt 0.757295 0.561353
vt 0.940405 0.561353
vt 0.761310 0.938647
vt 0.858519 0.100636
vt 0.638691 0.938647
vt 0.557295 0.561353
vt 0.357295 0.561353
vt 0.166371 0.134895
vt 0.346984 0.938647
vt 0.588979 0.302319
vt 0.157295 0.561353
vt 0.059595 0.561353
vt 0.940405 0.561353
vt 0.250000 0.331783
vt 0.084307 0.938647
vt 0.885314 0.293966
vt 0.859595 0.561353
vt 0.800000 0.564250
vt 0.715693 0.938647
vt 0.800000 0.941544
vt 0.659595 0.561353
vt 0.600000 0.564250
vt 0.298071 0.183836
vt 0.600000 0.941544
vt 0.340405 0.561353
vt 0.315693 0.938647
vt 0.400000 0.941544
vt 0.614686 0.293966
vt 0.259595 0.561353
vt 0.140405 0.561353
vt 0.115693 0.938647
vt 0.284307 0.938647
vt 0.059595 0.561353
vt 0.259595 0.561353
vt 0.115693 0.938647
vt 0.750000 0.456775
vt 0.743205 0.485063
vt 0.770364 0.475205
vt 0.019329 0.536175
vt 0.000000 0.516242
vt 0.017843 0.500000
vt 0.980671 0.536175
vt 0.994046 0.500000
vt 1.000000 0.536795
vt 0.250000 0.453885
vt 0.256779 0.485075
vt 0.228286 0.474224
vt 0.979582 0.963825
vt 1.000000 0.985663
vt 0.980974 1.000000
vt 0.020418 0.963825
vt 0.005940 1.000000
vt 0.000000 0.964445
vt 0.946654 0.313897
vt 0.971459 0.329101
vt 0.970475 0.300225
vt 0.819329 0.536175
vt 0.797023 0.508121
vt 0.817843 0.500000
vt 0.780671 0.536175
vt 0.800000 0.536795
vt 0.443906 0.313004
vt 0.475664 0.316195
vt 0.456539 0.339940
vt 0.779582 0.963825
vt 0.802970 0.992831
vt 0.780974 1.000000
vt 0.820418 0.963825
vt 0.800000 0.964445
vt 0.871539 0.082716
vt 0.893664 0.063824
vt 0.865897 0.055836
vt 0.619329 0.536175
vt 0.597023 0.508121
vt 0.617843 0.500000
vt 0.580671 0.536175
vt 0.600000 0.536795
vt 0.369841 0.085053
vt 0.382689 0.055836
vt 0.399363 0.081362
vt 0.579582 0.963825
vt 0.602970 0.992831
vt 0.580974 1.000000
vt 0.620418 0.963825
vt 0.600000 0.964445
vt 0.628461 0.082716
vt 0.617331 0.055836
vt 0.601153 0.079775
vt 0.419329 0.536175
vt 0.397023 0.508121
vt 0.417843 0.500000
vt 0.380671 0.536175
vt 0.400000 0.536795
vt 0.130159 0.085053
vt 0.106342 0.063805
vt 0.135772 0.055836
vt 0.379582 0.963825
vt 0.402970 0.992831
vt 0.380974 1.000000
vt 0.420418 0.963825
vt 0.400000 0.964445
vt 0.553346 0.313897
vt 0.524342 0.316176
vt 0.542110 0.338959
vt 0.219329 0.536175
vt 0.197023 0.508121
vt 0.217843 0.500000
vt 0.180671 0.536175
vt 0.200000 0.536795
vt 0.056094 0.313004
vt 0.028525 0.329089
vt 0.030040 0.298638
vt 0.179582 0.963825
vt 0.202970 0.992831
vt 0.180974 1.000000
vt 0.220418 0.963825
vt 0.200000 0.964445
vt 0.982157 0.500000
vt 0.819026 1.000000
vt 0.271714 0.474224
vt 0.000000 0.536795
vt 1.000000 0.964445
vt 0.782157 0.500000
vt 0.898847 0.079775
vt 0.619026 1.000000
vt 0.469959 0.298638
vt 0.582157 0.500000
vt 0.419026 1.000000
vt 0.382157 0.500000
vt 0.529525 0.300225
vt 0.219026 1.000000
vt 0.100638 0.081362
vt 0.182157 0.500000
vt 0.019026 1.000000
vt 0.750000 0.453885
vt 0.742614 0.484634
vt 0.772135 0.473918
vt 0.021022 0.536175
vt 0.019395 0.500000
vt 0.978978 0.536175
vt 0.993528 0.500000
vt 0.250000 0.450446
vt 0.257425 0.484606
vt 0.226218 0.472721
vt 0.977652 0.963825
vt 0.979162 1.000000
vt 0.022349 0.963825
vt 0.006506 1.000000
vt 0.000000 0.964445
vt 0.943906 0.313004
vt 0.970868 0.329530
vt 0.969799 0.298143
vt 0.821022 0.536175
vt 0.796764 0.508121
vt 0.819395 0.500000
vt 0.778978 0.536175
vt 0.800000 0.536795
vt 0.440635 0.311941
vt 0.475418 0.315436
vt 0.454471 0.341443
vt 0.777651 0.963825
vt 0.803253 0.992831
vt 0.779162 1.000000
vt 0.822349 0.963825
vt 0.869841 0.085053
vt 0.893890 0.064518
vt 0.863709 0.055836
vt 0.621022 0.536175
vt 0.596764 0.508121
vt 0.619395 0.500000
vt 0.578978 0.536175
vt 0.367819 0.087836
vt 0.381891 0.055836
vt 0.400152 0.083793
vt 0.577651 0.963825
vt 0.603253 0.992831
vt 0.579162 1.000000
vt 0.622349 0.963825
vt 0.600000 0.964445
vt 0.630159 0.085053
vt 0.618061 0.055836
vt 0.600477 0.081857
vt 0.421022 0.536175
vt 0.396764 0.508121
vt 0.419395 0.500000
vt 0.378978 0.536175
vt 0.132181 0.087836
vt 0.106096 0.064564
vt 0.138328 0.055836
vt 0.377651 0.963825
vt 0.403253 0.992831
vt 0.379162 1.000000
vt 0.422349 0.963825
vt 0.556093 0.313004
vt 0.524567 0.315482
vt 0.543881 0.340246
vt 0.221022 0.536175
vt 0.196764 0.508121
vt 0.219395 0.500000
vt 0.178978 0.536175
vt 0.059365 0.311941
vt 0.029171 0.329558
vt 0.030830 0.296207
vt 0.177651 0.963825
vt 0.203253 0.992831
vt 0.179162 1.000000
vt 0.222349 0.963825
vt 0.200000 0.964445
vt 0.980605 0.500000
vt 0.820838 1.000000
vt 0.273782 0.472721
vt 0.000000 0.536795
vt 1.000000 0.964445
vt 0.780605 0.500000
vt 0.620838 1.000000
vt 0.469170 0.296207
vt 0.580605 0.500000
vt 0.636291 0.055836
vt 0.420838 1.000000
vt 0.361672 0.055836
vt 0.380605 0.500000
vt 0.220838 1.000000
vt 0.099848 0.083793
vt 0.180605 0.500000
vt 0.727865 0.473918
vt 0.020838 1.000000
vt 0.045529 0.341443
vt 0.750000 0.450446
vt 0.741911 0.484123
vt 0.774243 0.472387
vt 0.023038 0.536175
vt 0.021242 0.500000
vt 0.976962 0.536175
vt 0.992912 0.500000
vt 1.000000 0.536795
vt 0.250000 0.446282
vt 0.258206 0.484038
vt 0.223715 0.470902
vt 0.975316 0.963825
vt 0.976968 1.000000
vt 0.024684 0.963825
vt 0.007190 1.000000
vt 0.940635 0.311941
vt 0.970164 0.330041
vt 0.968994 0.295665
vt 0.823038 0.536175
vt 0.796456 0.508121
vt 0.821242 0.500000
vt 0.776962 0.536175
vt 0.800000 0.536795
vt 0.436676 0.310655
vt 0.475119 0.314517
vt 0.451968 0.343262
vt 0.775316 0.963825
vt 0.803595 0.992831
vt 0.776968 1.000000
vt 0.824684 0.963825
vt 0.800000 0.964445
vt 0.867819 0.087836
vt 0.894158 0.065345
vt 0.861103 0.055836
vt 0.623038 0.536175
vt 0.596456 0.508121
vt 0.621242 0.500000
vt 0.576962 0.536175
vt 0.365372 0.091204
vt 0.380925 0.055836
vt 0.401109 0.086736
vt 0.575316 0.963825
vt 0.603595 0.992831
vt 0.576968 1.000000
vt 0.624684 0.963825
vt 0.600000 0.964445
vt 0.632181 0.087836
vt 0.618930 0.055836
vt 0.599672 0.084335
vt 0.423038 0.536175
vt 0.396456 0.508121
vt 0.421242 0.500000
vt 0.376962 0.536175
vt 0.134628 0.091204
vt 0.105797 0.065483
vt 0.141422 0.055836
vt 0.375316 0.963825
vt 0.403595 0.992831
vt 0.376968 1.000000
vt 0.424684 0.963825
vt 0.400000 0.964445
vt 0.559365 0.311941
vt 0.524836 0.314655
vt 0.545989 0.341777
vt 0.223038 0.536175
vt 0.196456 0.508121
vt 0.221242 0.500000
vt 0.176962 0.536175
vt 0.200000 0.536795
vt 0.063325 0.310655
vt 0.029952 0.330126
vt 0.031787 0.293264
vt 0.175316 0.963825
vt 0.203595 0.992831
vt 0.176968 1.000000
vt 0.224684 0.963825
vt 0.978758 0.500000
vt 0.954011 0.341777
vt 0.823032 1.000000
vt 0.276285 0.470903
vt 0.778758 0.500000
vt 0.623032 1.000000
vt 0.468213 0.293264
vt 0.578758 0.500000
vt 0.638897 0.055836
vt 0.423032 1.000000
vt 0.378758 0.500000
vt 0.531006 0.295665
vt 0.223032 1.000000
vt 0.178758 0.500000
vt 0.725757 0.472387
vt 0.023032 1.000000
vt 0.566758 0.561353
vt 0.366758 0.561353
vt 0.161310 0.938647
vt 0.750000 0.419307
vt 0.042705 0.561353
vt 0.957295 0.561353
vt 0.346984 0.938647
vt 0.242705 0.561353
vt 0.833629 0.134895
vt 0.515693 0.938647
vt 0.172219 0.275272
vt 0.033242 0.561353
vt 0.925588 0.307052
vt 0.761310 0.938647
vt 0.561309 0.938647
vt 0.361309 0.938647
vt 0.438691 0.938647
vt 0.957295 0.561353
vt 0.346984 0.938647
vt 0.340405 0.561353
vt 0.557295 0.561353
vt 0.333629 0.134895
vt 0.242705 0.561353
vt 0.740405 0.561353
vt 0.540405 0.561353
vt 0.115693 0.938647
vt 0.858519 0.100636
vt 0.957294 0.561353
vt 0.746984 0.938647
vt 0.059595 0.561353
vt 0.715693 0.938647
vt 0.201929 0.183836
vt 0.443906 0.313004
vt 0.130159 0.085053
vt 0.957890 0.338959
vt 0.634103 0.055836
vt 0.729636 0.475205
vt 0.043460 0.339940
vt 0.978978 0.536175
vt 0.777651 0.963825
vt 0.221022 0.536175
vt 0.956119 0.340246
vt 0.023038 0.536175
vt 0.976962 0.536175
vt 0.250000 0.446282
vt 0.823038 0.536175
vt 0.800000 0.536795
vt 0.824684 0.963825
vt 0.800000 0.964445
vt 0.867819 0.087836
vt 0.623038 0.536175
vt 0.576962 0.536175
vt 0.575316 0.963825
vt 0.624684 0.963825
vt 0.600000 0.964445
vt 0.423038 0.536175
vt 0.376962 0.536175
vt 0.400000 0.536795
vt 0.375316 0.963825
vt 0.400000 0.964445
vt 0.223038 0.536175
vt 0.176962 0.536175
vt 0.200000 0.536795
vt 0.063325 0.310655
vt 0.900328 0.084335
vt 0.358578 0.055836
vt 0.098891 0.086736
vt 0.048032 0.343262
vt 0.750000 0.477569
vt 0.747803 0.488942
vt 0.759054 0.485640
vt 0.000000 0.535829
vt 0.006893 0.500000
vt 0.007927 0.534445
vt 0.993107 0.500000
vt 1.000000 0.535829
vt 0.992073 0.534445
vt 0.250000 0.475656
vt 0.251535 0.489261
vt 0.241851 0.486076
vt 1.000000 0.968486
vt 0.993796 1.000000
vt 0.991392 0.965555
vt 0.006204 1.000000
vt 0.000000 0.968486
vt 0.008608 0.965555
vt 0.927921 0.391887
vt 0.935443 0.400696
vt 0.939876 0.389841
vt 0.857143 0.535829
vt 0.864036 0.500000
vt 0.865070 0.534445
vt 0.850250 0.500000
vt 0.849216 0.534445
vt 0.426425 0.390694
vt 0.438019 0.397976
vt 0.429490 0.403562
vt 0.857143 0.968486
vt 0.850939 1.000000
vt 0.848535 0.965555
vt 0.863347 1.000000
vt 0.865751 0.965555
vt 0.971863 0.199361
vt 0.983440 0.198972
vt 0.977717 0.188738
vt 0.714286 0.535829
vt 0.721179 0.500000
vt 0.722212 0.534445
vt 0.707393 0.500000
vt 0.706359 0.534445
vt 0.469999 0.199787
vt 0.482920 0.195263
vt 0.481970 0.205413
vt 0.714286 0.968486
vt 0.708081 1.000000
vt 0.705678 0.965555
vt 0.720490 1.000000
vt 0.722893 0.965555
vt 0.848738 0.044967
vt 0.855652 0.035674
vt 0.844083 0.033767
vt 0.571429 0.535829
vt 0.578322 0.500000
vt 0.579355 0.534445
vt 0.564536 0.500000
vt 0.563502 0.534445
vt 0.347909 0.046691
vt 0.352428 0.033767
vt 0.359772 0.040839
vt 0.571429 0.968486
vt 0.565224 1.000000
vt 0.562821 0.965555
vt 0.577633 1.000000
vt 0.580036 0.965555
vt 0.651262 0.044967
vt 0.648306 0.033767
vt 0.639603 0.041624
vt 0.428571 0.535829
vt 0.435464 0.500000
vt 0.436498 0.534445
vt 0.421679 0.500000
vt 0.420645 0.534445
vt 0.152091 0.046691
vt 0.144806 0.035100
vt 0.154913 0.033767
vt 0.428571 0.968486
vt 0.422367 1.000000
vt 0.419964 0.965555
vt 0.434776 1.000000
vt 0.437179 0.965555
vt 0.528137 0.199361
vt 0.517538 0.194689
vt 0.518253 0.206392
vt 0.285714 0.535829
vt 0.292607 0.500000
vt 0.293641 0.534445
vt 0.278821 0.500000
vt 0.277788 0.534445
vt 0.030001 0.199787
vt 0.016396 0.198256
vt 0.021657 0.189523
vt 0.285714 0.968486
vt 0.279510 1.000000
vt 0.277107 0.965555
vt 0.291919 1.000000
vt 0.294322 0.965555
vt 0.572079 0.391887
vt 0.561818 0.397260
vt 0.571414 0.403998
vt 0.142857 0.535829
vt 0.149750 0.500000
vt 0.150784 0.534445
vt 0.135964 0.500000
vt 0.134930 0.534445
vt 0.073575 0.390695
vt 0.063896 0.400377
vt 0.060348 0.390819
vt 0.142857 0.968486
vt 0.136653 1.000000
vt 0.134250 0.965555
vt 0.149062 1.000000
vt 0.151465 0.965555
vt 0.928586 0.403998
vt 0.258149 0.486076
vt 0.439652 0.390819
vt 0.860398 0.041624
vt 0.478343 0.189523
vt 0.655917 0.033767
vt 0.522283 0.188738
vt 0.140228 0.040839
vt 0.560124 0.389841
vt 0.018030 0.205413
vt 0.750000 0.473381
vt 0.747084 0.488596
vt 0.762087 0.484179
vt 0.000000 0.517287
vt 0.009202 0.500000
vt 0.010725 0.516647
vt 0.990798 0.500000
vt 1.000000 0.517287
vt 0.989275 0.516647
vt 0.250000 0.464316
vt 0.252781 0.488661
vt 0.235373 0.482956
vt 1.000000 0.984709
vt 0.988864 1.000000
vt 0.984822 0.983353
vt 0.011136 1.000000
vt 0.000000 0.984709
vt 0.015178 0.983353
vt 0.924646 0.389276
vt 0.934724 0.401042
vt 0.940625 0.386559
vt 0.857143 0.517287
vt 0.866345 0.500000
vt 0.867867 0.516647
vt 0.847941 0.500000
vt 0.846418 0.516647
vt 0.417559 0.383624
vt 0.438326 0.396628
vt 0.423012 0.406682
vt 0.857143 0.984709
vt 0.846006 1.000000
vt 0.841965 0.983353
vt 0.868279 1.000000
vt 0.872321 0.983353
vt 0.967780 0.200293
vt 0.983263 0.199750
vt 0.975618 0.186106
vt 0.714286 0.517287
vt 0.723488 0.500000
vt 0.725010 0.516647
vt 0.705084 0.500000
vt 0.703561 0.516647
vt 0.458943 0.202310
vt 0.482058 0.194182
vt 0.480370 0.212423
vt 0.714286 0.984709
vt 0.703149 1.000000
vt 0.699107 0.983353
vt 0.725422 1.000000
vt 0.729464 0.983353
vt 0.846921 0.048741
vt 0.856150 0.036298
vt 0.840717 0.033767
vt 0.571429 0.517287
vt 0.580631 0.500000
vt 0.582153 0.516647
vt 0.562227 0.500000
vt 0.560704 0.516647
vt 0.342988 0.056908
vt 0.351045 0.033767
vt 0.364255 0.046461
vt 0.571429 0.984709
vt 0.560292 1.000000
vt 0.556250 0.983353
vt 0.582565 1.000000
vt 0.586607 0.983353
vt 0.653079 0.048741
vt 0.649104 0.033767
vt 0.637504 0.044256
vt 0.428571 0.517287
vt 0.437774 0.500000
vt 0.439296 0.516647
vt 0.419369 0.500000
vt 0.417847 0.516647
vt 0.157012 0.056908
vt 0.143943 0.036181
vt 0.162103 0.033767
vt 0.428571 0.984709
vt 0.417435 1.000000
vt 0.413393 0.983353
vt 0.439708 1.000000
vt 0.443750 0.983353
vt 0.532220 0.200293
vt 0.518035 0.194065
vt 0.519002 0.209674
vt 0.285714 0.517287
vt 0.294916 0.500000
vt 0.296439 0.516647
vt 0.276512 0.500000
vt 0.274990 0.516647
vt 0.041057 0.202310
vt 0.016704 0.199604
vt 0.026140 0.183902
vt 0.285714 0.984709
vt 0.274578 1.000000
vt 0.270536 0.983353
vt 0.296851 1.000000
vt 0.300893 0.983353
vt 0.575354 0.389276
vt 0.561640 0.396482
vt 0.574447 0.405458
vt 0.142857 0.517287
vt 0.152059 0.500000
vt 0.153582 0.516647
vt 0.133655 0.500000
vt 0.132133 0.516647
vt 0.082441 0.383624
vt 0.065141 0.400977
vt 0.058748 0.383809
vt 0.142857 0.984709
vt 0.131721 1.000000
vt 0.127679 0.983353
vt 0.153994 1.000000
vt 0.158036 0.983353
vt 0.441252 0.383809
vt 0.862496 0.044256
vt 0.473860 0.183902
vt 0.659283 0.033767
vt 0.524382 0.186106
vt 0.559375 0.386559
vt 0.076988 0.406682
vt 0.750000 0.414488
vt 0.735050 0.479138
vt 0.795930 0.456630
vt 0.043502 0.537498
vt 0.000000 0.516074
vt 0.040245 0.500000
vt 0.956499 0.537498
vt 0.986900 0.500000
vt 1.000000 0.537645
vt 0.250000 0.411341
vt 0.265272 0.478905
vt 0.202365 0.455391
vt 0.955095 0.962502
vt 1.000000 0.984377
vt 0.958261 1.000000
vt 0.044906 0.962502
vt 0.013381 1.000000
vt 0.000000 0.962648
vt 0.906437 0.300829
vt 0.963304 0.335026
vt 0.960710 0.270170
vt 0.843502 0.537498
vt 0.793450 0.508037
vt 0.840245 0.500000
vt 0.756499 0.537498
vt 0.800000 0.537645
vt 0.403444 0.299857
vt 0.472420 0.306211
vt 0.430619 0.358773
vt 0.755095 0.962502
vt 0.806691 0.992188
vt 0.758262 1.000000
vt 0.844906 0.962502
vt 0.800000 0.962648
vt 0.846683 0.116927
vt 0.896779 0.073411
vt 0.834296 0.055836
vt 0.643501 0.537498
vt 0.593450 0.508037
vt 0.640245 0.500000
vt 0.556499 0.537498
vt 0.600000 0.537645
vt 0.344834 0.119472
vt 0.372192 0.055836
vt 0.409263 0.111834
vt 0.555094 0.962502
vt 0.606691 0.992188
vt 0.558262 1.000000
vt 0.644906 0.962502
vt 0.600000 0.962648
vt 0.653317 0.116927
vt 0.627411 0.055836
vt 0.591388 0.109830
vt 0.443501 0.537498
vt 0.393450 0.508037
vt 0.440245 0.500000
vt 0.356499 0.537498
vt 0.400000 0.537645
vt 0.155166 0.119472
vt 0.103098 0.073789
vt 0.167811 0.055836
vt 0.355094 0.962502
vt 0.406691 0.992188
vt 0.358261 1.000000
vt 0.444906 0.962502
vt 0.400000 0.962648
vt 0.593563 0.300829
vt 0.527457 0.306589
vt 0.567676 0.357534
vt 0.243502 0.537498
vt 0.193450 0.508037
vt 0.240245 0.500000
vt 0.156499 0.537498
vt 0.200000 0.537645
vt 0.096555 0.299857
vt 0.037018 0.335260
vt 0.039941 0.268166
vt 0.155094 0.962502
vt 0.206691 0.992188
vt 0.158262 1.000000
vt 0.244906 0.962502
vt 0.200000 0.962648
vt 0.959755 0.500000
vt 0.841739 1.000000
vt 0.297635 0.455391
vt 0.000000 0.537645
vt 1.000000 0.962648
vt 0.759755 0.500000
vt 0.908612 0.109830
vt 0.641739 1.000000
vt 0.559755 0.500000
vt 0.665704 0.055836
vt 0.441739 1.000000
vt 0.332189 0.055836
vt 0.359755 0.500000
vt 0.539290 0.270170
vt 0.241739 1.000000
vt 0.090737 0.111834
vt 0.159755 0.500000
vt 0.704070 0.456630
vt 0.041739 1.000000
vt 0.069381 0.358773
vt 0.750000 0.411341
vt 0.734427 0.478686
vt 0.797844 0.455240
vt 0.045317 0.537498
vt 0.041922 0.500000
vt 0.954683 0.537498
vt 0.986355 0.500000
vt 1.000000 0.537645
vt 0.250000 0.407921
vt 0.265936 0.478422
vt 0.200294 0.453886
vt 0.953146 0.962502
vt 0.956447 1.000000
vt 0.046854 0.962502
vt 0.013963 1.000000
vt 0.903444 0.299857
vt 0.962681 0.335479
vt 0.959979 0.267920
vt 0.845317 0.537498
vt 0.793177 0.508037
vt 0.841922 0.500000
vt 0.754683 0.537498
vt 0.800000 0.537645
vt 0.400192 0.298800
vt 0.472167 0.305431
vt 0.428548 0.360278
vt 0.753146 0.962502
vt 0.806982 0.992188
vt 0.756447 1.000000
vt 0.846854 0.962502
vt 0.800000 0.962648
vt 0.844834 0.119472
vt 0.897017 0.074143
vt 0.831930 0.055836
vt 0.645317 0.537498
vt 0.593177 0.508037
vt 0.641921 0.500000
vt 0.554683 0.537498
vt 0.600000 0.537645
vt 0.342824 0.122239
vt 0.371371 0.055836
vt 0.410054 0.114269
vt 0.553146 0.962502
vt 0.606982 0.992188
vt 0.556447 1.000000
vt 0.646854 0.962502
vt 0.600000 0.962648
vt 0.655166 0.119472
vt 0.628181 0.055836
vt 0.590657 0.112080
vt 0.445317 0.537498
vt 0.393177 0.508037
vt 0.441922 0.500000
vt 0.354683 0.537498
vt 0.400000 0.537645
vt 0.157176 0.122239
vt 0.102845 0.074569
vt 0.170371 0.055836
vt 0.353146 0.962502
vt 0.406982 0.992188
vt 0.356447 1.000000
vt 0.446854 0.962502
vt 0.400000 0.962648
vt 0.596555 0.299857
vt 0.527695 0.305857
vt 0.569590 0.358925
vt 0.245318 0.537498
vt 0.193177 0.508037
vt 0.241922 0.500000
vt 0.154683 0.537498
vt 0.200000 0.537645
vt 0.099808 0.298800
vt 0.037682 0.335742
vt 0.040732 0.265731
vt 0.153146 0.962502
vt 0.206982 0.992188
vt 0.156447 1.000000
vt 0.246854 0.962502
vt 0.200000 0.962648
vt 0.958078 0.500000
vt 0.843553 1.000000
vt 1.000000 0.962648
vt 0.758078 0.500000
vt 0.909343 0.112080
vt 0.643553 1.000000
vt 0.558078 0.500000
vt 0.443553 1.000000
vt 0.329629 0.055836
vt 0.358078 0.500000
vt 0.540021 0.267920
vt 0.243553 1.000000
vt 0.158078 0.500000
vt 0.043553 1.000000
vt 0.071452 0.360278
vt 0.750000 0.407921
vt 0.733750 0.478194
vt 0.799924 0.453728
vt 0.047292 0.537498
vt 0.043744 0.500000
vt 0.952708 0.537498
vt 0.985761 0.500000
vt 0.250000 0.404190
vt 0.266660 0.477896
vt 0.198035 0.452245
vt 0.951020 0.962502
vt 0.954467 1.000000
vt 0.048980 0.962502
vt 0.014598 1.000000
vt 0.900192 0.298800
vt 0.962003 0.335971
vt 0.959184 0.265475
vt 0.847291 0.537498
vt 0.792881 0.508037
vt 0.843744 0.500000
vt 0.752708 0.537498
vt 0.800000 0.537645
vt 0.396644 0.297647
vt 0.471890 0.304579
vt 0.426288 0.361919
vt 0.751020 0.962502
vt 0.807299 0.992188
vt 0.754467 1.000000
vt 0.848980 0.962502
vt 0.800000 0.962648
vt 0.842824 0.122239
vt 0.897275 0.074939
vt 0.829359 0.055836
vt 0.647291 0.537498
vt 0.592881 0.508037
vt 0.643744 0.500000
vt 0.552709 0.537498
vt 0.600000 0.537645
vt 0.340631 0.125257
vt 0.370476 0.055836
vt 0.410917 0.116925
vt 0.551020 0.962502
vt 0.607299 0.992188
vt 0.554467 1.000000
vt 0.648980 0.962502
vt 0.600000 0.962648
vt 0.657176 0.122239
vt 0.629018 0.055836
vt 0.589862 0.114525
vt 0.447292 0.537498
vt 0.392881 0.508037
vt 0.443744 0.500000
vt 0.352708 0.537498
vt 0.400000 0.537645
vt 0.159369 0.125257
vt 0.102568 0.075421
vt 0.173164 0.055836
vt 0.351020 0.962502
vt 0.407299 0.992188
vt 0.354467 1.000000
vt 0.448980 0.962502
vt 0.599808 0.298800
vt 0.527953 0.305061
vt 0.571670 0.360436
vt 0.247292 0.537498
vt 0.192881 0.508037
vt 0.243744 0.500000
vt 0.152709 0.537498
vt 0.103356 0.297647
vt 0.038406 0.336268
vt 0.041595 0.263075
vt 0.151020 0.962502
vt 0.207299 0.992188
vt 0.154467 1.000000
vt 0.248980 0.962502
vt 0.200000 0.962648
vt 0.956256 0.500000
vt 0.845533 1.000000
vt 0.000000 0.537645
vt 0.756256 0.500000
vt 0.910138 0.114525
vt 0.645533 1.000000
vt 0.458405 0.263075
vt 0.556256 0.500000
vt 0.670641 0.055836
vt 0.445533 1.000000
vt 0.356256 0.500000
vt 0.540816 0.265475
vt 0.245533 1.000000
vt 0.089083 0.116925
vt 0.156256 0.500000
vt 0.700076 0.453728
vt 0.045533 1.000000
vt 0.073712 0.361919
vt 0.750000 0.414487
vt 0.956499 0.537498
vt 0.250000 0.411341
vt 0.044906 0.962502
vt 0.906437 0.300829
vt 0.843501 0.537498
vt 0.756499 0.537498
vt 0.800000 0.537645
vt 0.755095 0.962502
vt 0.846683 0.116927
vt 0.643502 0.537498
vt 0.556499 0.537498
vt 0.600000 0.537645
vt 0.344834 0.119472
vt 0.443502 0.537498
vt 0.356499 0.537498
vt 0.155166 0.119472
vt 0.400000 0.962648
vt 0.243502 0.537498
vt 0.096555 0.299857
vt 0.155094 0.962502
vt 0.244906 0.962502
vt 0.200000 0.962648
vt 0.750000 0.411341
vt 0.954683 0.537498
vt 0.250000 0.407921
vt 0.046854 0.962502
vt 0.903444 0.299857
vt 0.754683 0.537498
vt 0.400192 0.298800
vt 0.753146 0.962502
vt 0.800000 0.962648
vt 0.645317 0.537498
vt 0.342824 0.122239
vt 0.553146 0.962502
vt 0.646854 0.962502
vt 0.600000 0.962648
vt 0.445318 0.537498
vt 0.354683 0.537498
vt 0.157176 0.122239
vt 0.353146 0.962502
vt 0.446854 0.962502
vt 0.400000 0.962648
vt 0.596555 0.299857
vt 0.245317 0.537498
vt 0.200000 0.537645
vt 0.099808 0.298800
vt 0.246854 0.962502
vt 0.200000 0.962648
vt 0.930410 0.358925
vt 0.299706 0.453887
vt 0.459268 0.265731
vt 0.089946 0.114269
vt 0.702156 0.455240
vt 0.751020 0.962502
vt 0.552708 0.537498
vt 0.352708 0.537498
vt 0.151020 0.962502
vt 0.928330 0.360436
vt 0.301965 0.452245
vt 0.956498 0.537498
vt 0.593563 0.300829
vt 0.045317 0.537498
vt 0.753146 0.962502
vt 0.554683 0.537498
vt 0.353146 0.962502
vt 0.245317 0.537498
vt 0.047292 0.537498
vt 0.952708 0.537498
vt 0.951020 0.962502
vt 0.900192 0.298800
vt 0.847291 0.537498
vt 0.752708 0.537498
vt 0.848980 0.962502
vt 0.842824 0.122239
vt 0.647291 0.537498
vt 0.657176 0.122239
vt 0.447292 0.537498
vt 0.159369 0.125257
vt 0.351020 0.962502
vt 0.599808 0.298800
vt 0.200000 0.537645
vt 0.326836 0.055836
vt 0.043502 0.537498
vt 0.555094 0.962502
vt 0.644906 0.962502
vt 0.356499 0.537498
vt 0.355094 0.962502
vt 0.243502 0.537498
vt 0.932324 0.357534
vt 0.754683 0.537498
vt 0.554683 0.537498
vt 0.353146 0.962502
vt 0.668070 0.055836
vt 0.952708 0.537498
vt 0.250000 0.404190
vt 0.752708 0.537498
vt 0.552708 0.537498
vt 0.159369 0.125257
vt 0.599808 0.298800
vt 0.556499 0.537498
vt 0.155166 0.119472
vt 0.250000 0.407921
vt 0.157176 0.122239
vt 0.596556 0.299857
vt 0.750000 0.475656
vt 0.748719 0.489383
vt 0.757874 0.486208
vt 0.000000 0.524101
vt 0.005995 0.500000
vt 0.008429 0.527934
vt 0.994005 0.500000
vt 1.000000 0.524101
vt 0.991571 0.527934
vt 0.250000 0.479031
vt 0.252143 0.488968
vt 0.241840 0.486070
vt 1.000000 0.970244
vt 0.993787 1.000000
vt 0.992843 0.972066
vt 0.006213 1.000000
vt 0.000000 0.970244
vt 0.007157 0.972066
vt 0.926425 0.390694
vt 0.936359 0.400254
vt 0.939584 0.391117
vt 0.857143 0.524101
vt 0.863138 0.500000
vt 0.865572 0.527934
vt 0.851148 0.500000
vt 0.848714 0.527934
vt 0.429064 0.392799
vt 0.438169 0.397319
vt 0.429479 0.403567
vt 0.857143 0.970244
vt 0.850930 1.000000
vt 0.849986 0.972066
vt 0.863356 1.000000
vt 0.864300 0.972066
vt 0.969999 0.199787
vt 0.983666 0.197981
vt 0.978533 0.189762
vt 0.714286 0.524101
vt 0.720281 0.500000
vt 0.722715 0.527934
vt 0.708291 0.500000
vt 0.705857 0.527934
vt 0.473289 0.199036
vt 0.482500 0.194736
vt 0.481967 0.205425
vt 0.714286 0.970245
vt 0.708073 1.000000
vt 0.707129 0.972066
vt 0.720498 1.000000
vt 0.721443 0.972066
vt 0.847909 0.046691
vt 0.855019 0.034879
vt 0.845392 0.033767
vt 0.571429 0.524101
vt 0.577424 0.500000
vt 0.579858 0.527934
vt 0.565434 0.500000
vt 0.563000 0.527934
vt 0.349373 0.043650
vt 0.351754 0.033767
vt 0.359779 0.040849
vt 0.571429 0.970245
vt 0.565216 1.000000
vt 0.564271 0.972066
vt 0.577641 1.000000
vt 0.578586 0.972066
vt 0.652091 0.046691
vt 0.647290 0.033767
vt 0.640419 0.040601
vt 0.428571 0.524102
vt 0.434567 0.500000
vt 0.437000 0.527934
vt 0.422576 0.500000
vt 0.420142 0.527934
vt 0.150627 0.043650
vt 0.144385 0.035627
vt 0.154925 0.033767
vt 0.428571 0.970245
vt 0.422359 1.000000
vt 0.421414 0.972066
vt 0.434784 1.000000
vt 0.435729 0.972066
vt 0.530001 0.199787
vt 0.516904 0.195483
vt 0.517962 0.205116
vt 0.285714 0.524101
vt 0.291709 0.500000
vt 0.294143 0.527934
vt 0.279719 0.500000
vt 0.277285 0.527934
vt 0.026711 0.199036
vt 0.016546 0.198913
vt 0.021664 0.189514
vt 0.285714 0.970244
vt 0.279502 1.000000
vt 0.278557 0.972066
vt 0.291927 1.000000
vt 0.292872 0.972066
vt 0.573575 0.390694
vt 0.562044 0.398251
vt 0.570235 0.403430
vt 0.142857 0.524101
vt 0.148852 0.500000
vt 0.151286 0.527934
vt 0.136862 0.500000
vt 0.134428 0.527934
vt 0.070936 0.392799
vt 0.064503 0.400669
vt 0.060345 0.390808
vt 0.142857 0.970244
vt 0.136645 1.000000
vt 0.135700 0.972066
vt 0.149070 1.000000
vt 0.150014 0.972066
vt 0.929765 0.403430
vt 0.258160 0.486070
vt 0.439655 0.390808
vt 0.478336 0.189514
vt 0.345075 0.033767
vt 0.521466 0.189762
vt 0.560416 0.391117
vt 0.742126 0.486208
vt 0.750000 0.479483
vt 0.748468 0.489442
vt 0.756891 0.487492
vt 0.000000 0.537005
vt 0.004963 0.500000
vt 0.007005 0.533248
vt 0.995037 0.500000
vt 1.000000 0.537004
vt 0.992995 0.533248
vt 0.250000 0.476757
vt 0.250779 0.489717
vt 0.242652 0.487326
vt 1.000000 0.970509
vt 0.994708 1.000000
vt 0.991940 0.966752
vt 0.005292 1.000000
vt 0.000000 0.970509
vt 0.008061 0.966752
vt 0.897509 0.425795
vt 0.902737 0.434408
vt 0.907936 0.427500
vt 0.888889 0.537005
vt 0.893852 0.500000
vt 0.895894 0.533248
vt 0.883926 0.500000
vt 0.881884 0.533248
vt 0.395757 0.423706
vt 0.404683 0.433133
vt 0.396921 0.436525
vt 0.888889 0.970509
vt 0.883597 1.000000
vt 0.880828 0.966752
vt 0.894181 1.000000
vt 0.896950 0.966752
vt 0.975997 0.289849
vt 0.985539 0.293088
vt 0.985080 0.284454
vt 0.777778 0.537004
vt 0.782741 0.500000
vt 0.784782 0.533248
vt 0.772814 0.500000
vt 0.770773 0.533248
vt 0.473312 0.289376
vt 0.486210 0.290860
vt 0.482444 0.298447
vt 0.777778 0.970509
vt 0.772485 1.000000
vt 0.769717 0.966752
vt 0.783070 1.000000
vt 0.785838 0.966752
vt 0.948739 0.135258
vt 0.958129 0.131606
vt 0.952228 0.125286
vt 0.666667 0.537005
vt 0.671630 0.500000
vt 0.673671 0.533248
vt 0.661703 0.500000
vt 0.659662 0.533248
vt 0.446377 0.136622
vt 0.457211 0.129467
vt 0.459204 0.137701
vt 0.666667 0.970509
vt 0.661374 1.000000
vt 0.658606 0.966752
vt 0.671959 1.000000
vt 0.674727 0.966752
vt 0.828488 0.034356
vt 0.833334 0.025522
vt 0.824751 0.024474
vt 0.555556 0.537005
vt 0.560519 0.500000
vt 0.562560 0.533248
vt 0.550592 0.500000
vt 0.548551 0.533248
vt 0.327555 0.036918
vt 0.331256 0.024474
vt 0.338075 0.029500
vt 0.555556 0.970509
vt 0.550263 1.000000
vt 0.547495 0.966752
vt 0.560848 1.000000
vt 0.563616 0.966752
vt 0.671512 0.034356
vt 0.669546 0.024474
vt 0.662297 0.029188
vt 0.444444 0.537005
vt 0.449408 0.500000
vt 0.451449 0.533248
vt 0.439481 0.500000
vt 0.437440 0.533248
vt 0.172445 0.036918
vt 0.167280 0.025006
vt 0.175735 0.024474
vt 0.444444 0.970509
vt 0.439152 1.000000
vt 0.436384 0.966752
vt 0.449737 1.000000
vt 0.452505 0.966752
vt 0.551262 0.135258
vt 0.543403 0.128952
vt 0.540881 0.137222
vt 0.333333 0.537005
vt 0.338297 0.500000
vt 0.340338 0.533248
vt 0.328370 0.500000
vt 0.326329 0.533248
vt 0.053623 0.136622
vt 0.042010 0.130816
vt 0.048144 0.124974
vt 0.333333 0.970509
vt 0.328041 1.000000
vt 0.325273 0.966752
vt 0.338626 1.000000
vt 0.341394 0.966752
vt 0.524003 0.289849
vt 0.513929 0.290070
vt 0.517313 0.298026
vt 0.222222 0.537005
vt 0.227186 0.500000
vt 0.229227 0.533248
vt 0.217259 0.500000
vt 0.215218 0.533248
vt 0.026688 0.289376
vt 0.014060 0.292393
vt 0.015004 0.283975
vt 0.222222 0.970509
vt 0.216930 1.000000
vt 0.214162 0.966752
vt 0.227515 1.000000
vt 0.230283 0.966752
vt 0.602491 0.425795
vt 0.594916 0.432439
vt 0.602622 0.436359
vt 0.111111 0.537005
vt 0.116074 0.500000
vt 0.118116 0.533248
vt 0.106148 0.500000
vt 0.104106 0.533248
vt 0.104243 0.423706
vt 0.096510 0.434134
vt 0.091821 0.427079
vt 0.111111 0.970509
vt 0.105819 1.000000
vt 0.103051 0.966752
vt 0.116403 1.000000
vt 0.119172 0.966752
vt 0.257348 0.487326
vt 0.982687 0.298026
vt 0.408179 0.427079
vt 0.837703 0.029188
vt 0.451856 0.124974
vt 0.675249 0.024474
vt 0.324265 0.024474
vt 0.547772 0.125286
vt 0.514919 0.284454
vt 0.040796 0.137701
vt 0.592064 0.427500
vt 0.017556 0.298447
vt 0.743109 0.487492
vt 0.750000 0.480336
vt 0.748376 0.489409
vt 0.756599 0.487598
vt 0.000000 0.580400
vt 0.004753 0.500000
vt 0.006449 0.568948
vt 0.995247 0.500000
vt 1.000000 0.580400
vt 0.993551 0.568948
vt 0.250000 0.478826
vt 0.250440 0.489840
vt 0.244032 0.487828
vt 1.000000 0.942505
vt 0.995702 1.000000
vt 0.993131 0.931052
vt 0.004298 1.000000
vt 0.000000 0.942504
vt 0.006869 0.931052
vt 0.898057 0.426448
vt 0.902645 0.434442
vt 0.907780 0.427769
vt 0.888889 0.580400
vt 0.893641 0.500000
vt 0.895338 0.568948
vt 0.884136 0.500000
vt 0.882440 0.568948
vt 0.397087 0.425291
vt 0.404503 0.433445
vt 0.398302 0.436023
vt 0.888889 0.942505
vt 0.884591 1.000000
vt 0.882020 0.931052
vt 0.893187 1.000000
vt 0.895758 0.931052
vt 0.976837 0.289997
vt 0.985490 0.293173
vt 0.985135 0.284760
vt 0.777778 0.580400
vt 0.782530 0.500000
vt 0.784227 0.568948
vt 0.773025 0.500000
vt 0.771329 0.568948
vt 0.475350 0.289735
vt 0.486273 0.291215
vt 0.483179 0.297175
vt 0.777778 0.942504
vt 0.773480 1.000000
vt 0.770909 0.931052
vt 0.782076 1.000000
vt 0.784647 0.931052
vt 0.949477 0.134832
vt 0.958146 0.131702
vt 0.952467 0.125486
vt 0.666667 0.580400
vt 0.671419 0.500000
vt 0.673116 0.568948
vt 0.661914 0.500000
vt 0.660218 0.568948
vt 0.448169 0.135587
vt 0.457488 0.129699
vt 0.458949 0.136254
vt 0.666667 0.942504
vt 0.662369 1.000000
vt 0.659798 0.931052
vt 0.670965 1.000000
vt 0.673536 0.931052
vt 0.828780 0.033555
vt 0.833409 0.025585
vt 0.825063 0.024474
vt 0.555556 0.580400
vt 0.560308 0.500000
vt 0.562005 0.568948
vt 0.550803 0.500000
vt 0.549107 0.568948
vt 0.328263 0.034974
vt 0.331617 0.024474
vt 0.336950 0.028556
vt 0.555556 0.942504
vt 0.551257 1.000000
vt 0.548687 0.931052
vt 0.559854 1.000000
vt 0.562424 0.931052
vt 0.671220 0.033555
vt 0.669644 0.024474
vt 0.662536 0.028987
vt 0.444444 0.580400
vt 0.449197 0.500000
vt 0.450893 0.568948
vt 0.439692 0.500000
vt 0.437995 0.568948
vt 0.171737 0.034974
vt 0.167557 0.024775
vt 0.174266 0.024474
vt 0.444445 0.942505
vt 0.440146 1.000000
vt 0.437576 0.931052
vt 0.448743 1.000000
vt 0.451313 0.931052
vt 0.550523 0.134832
vt 0.543478 0.128889
vt 0.540935 0.136915
vt 0.333333 0.580400
vt 0.338086 0.500000
vt 0.339782 0.568948
vt 0.328581 0.500000
vt 0.326884 0.568948
vt 0.051831 0.135587
vt 0.042073 0.130461
vt 0.047019 0.125918
vt 0.333333 0.942505
vt 0.329035 1.000000
vt 0.326465 0.931052
vt 0.337631 1.000000
vt 0.340202 0.931052
vt 0.523163 0.289997
vt 0.513946 0.289973
vt 0.517157 0.297757
vt 0.222222 0.580400
vt 0.226975 0.500000
vt 0.228671 0.568948
vt 0.217470 0.500000
vt 0.215773 0.568948
vt 0.024650 0.289735
vt 0.013880 0.292081
vt 0.014749 0.285422
vt 0.222222 0.942505
vt 0.217924 1.000000
vt 0.215353 0.931052
vt 0.226520 1.000000
vt 0.229091 0.931052
vt 0.601943 0.426448
vt 0.594867 0.432354
vt 0.602329 0.436252
vt 0.111111 0.580400
vt 0.115864 0.500000
vt 0.117560 0.568948
vt 0.106359 0.500000
vt 0.104662 0.568948
vt 0.102913 0.425291
vt 0.096171 0.434011
vt 0.092556 0.428351
vt 0.111111 0.942504
vt 0.106813 1.000000
vt 0.104242 0.931052
vt 0.115409 1.000000
vt 0.117980 0.931052
vt 0.897671 0.436252
vt 0.255967 0.487828
vt 0.982843 0.297757
vt 0.407444 0.428351
vt 0.485251 0.285422
vt 0.837464 0.028987
vt 0.452981 0.125918
vt 0.674937 0.024474
vt 0.325734 0.024474
vt 0.547533 0.125486
vt 0.514865 0.284760
vt 0.041051 0.136254
vt 0.016821 0.297175
vt 0.101698 0.436023
vt 0.750000 0.441139
vt 0.740157 0.482849
vt 0.779839 0.468321
vt 0.028337 0.527990
vt 0.000000 0.512300
vt 0.026146 0.500000
vt 0.971663 0.527990
vt 0.991376 0.500000
vt 1.000000 0.528296
vt 0.250000 0.435887
vt 0.260320 0.482502
vt 0.217356 0.466283
vt 0.969317 0.972010
vt 1.000000 0.988640
vt 0.971397 1.000000
vt 0.030683 0.972010
vt 0.009043 1.000000
vt 0.000000 0.972316
vt 0.931784 0.309065
vt 0.968411 0.331315
vt 0.966856 0.289086
vt 0.828337 0.527990
vt 0.795688 0.506150
vt 0.826146 0.500000
vt 0.771663 0.527990
vt 0.800000 0.528296
vt 0.426789 0.307442
vt 0.474312 0.312032
vt 0.445609 0.347882
vt 0.769317 0.972010
vt 0.804521 0.994320
vt 0.771397 1.000000
vt 0.830683 0.972010
vt 0.800000 0.972316
vt 0.862349 0.095365
vt 0.894828 0.067407
vt 0.854185 0.055836
vt 0.628337 0.527990
vt 0.595688 0.506150
vt 0.626146 0.500000
vt 0.571663 0.527990
vt 0.600000 0.528296
vt 0.359262 0.099614
vt 0.378312 0.055836
vt 0.403537 0.094212
vt 0.569317 0.972010
vt 0.604521 0.994320
vt 0.571397 1.000000
vt 0.630683 0.972010
vt 0.600000 0.972316
vt 0.637651 0.095365
vt 0.621098 0.055836
vt 0.597534 0.090914
vt 0.428337 0.527990
vt 0.395688 0.506150
vt 0.426146 0.500000
vt 0.371663 0.527990
vt 0.400000 0.528296
vt 0.140738 0.099614
vt 0.104990 0.067968
vt 0.149282 0.055836
vt 0.369317 0.972010
vt 0.404521 0.994320
vt 0.371397 1.000000
vt 0.430683 0.972010
vt 0.400000 0.972316
vt 0.568216 0.309065
vt 0.525506 0.312593
vt 0.551586 0.345843
vt 0.228337 0.527990
vt 0.195688 0.506150
vt 0.226146 0.500000
vt 0.171663 0.527990
vt 0.200000 0.528296
vt 0.073211 0.307442
vt 0.032067 0.331662
vt 0.034215 0.285788
vt 0.169317 0.972010
vt 0.204521 0.994320
vt 0.171397 1.000000
vt 0.230683 0.972010
vt 0.200000 0.972316
vt 0.973854 0.500000
vt 0.948414 0.345843
vt 0.828604 1.000000
vt 0.282644 0.466283
vt 0.000000 0.528296
vt 1.000000 0.972316
vt 0.773854 0.500000
vt 0.902466 0.090914
vt 0.628604 1.000000
vt 0.573855 0.500000
vt 0.428604 1.000000
vt 0.350718 0.055836
vt 0.373854 0.500000
vt 0.228604 1.000000
vt 0.173854 0.500000
vt 0.720161 0.468321
vt 0.028604 1.000000
vt 0.750000 0.435887
vt 0.739099 0.482080
vt 0.783047 0.465990
vt 0.031396 0.527990
vt 0.028956 0.500000
vt 0.968604 0.527990
vt 0.990448 0.500000
vt 1.000000 0.528296
vt 0.250000 0.429369
vt 0.261563 0.481599
vt 0.213424 0.463426
vt 0.965637 0.972010
vt 0.967952 1.000000
vt 0.034363 0.972010
vt 0.010132 1.000000
vt 0.000000 0.972316
vt 0.926789 0.307442
vt 0.967353 0.332084
vt 0.965631 0.285316
vt 0.831396 0.527990
vt 0.795224 0.506150
vt 0.828956 0.500000
vt 0.768604 0.527990
vt 0.420590 0.305428
vt 0.473837 0.310571
vt 0.441678 0.350738
vt 0.765637 0.972010
vt 0.805066 0.994320
vt 0.767952 1.000000
vt 0.834363 0.972010
vt 0.800000 0.972316
vt 0.859261 0.099614
vt 0.895232 0.068651
vt 0.850221 0.055836
vt 0.631396 0.527990
vt 0.595224 0.506150
vt 0.628956 0.500000
vt 0.568604 0.527990
vt 0.600000 0.528296
vt 0.355431 0.104887
vt 0.376775 0.055836
vt 0.405039 0.098833
vt 0.565637 0.972010
vt 0.605066 0.994320
vt 0.567952 1.000000
vt 0.634363 0.972010
vt 0.600000 0.972316
vt 0.640738 0.099614
vt 0.622406 0.055836
vt 0.596309 0.094684
vt 0.431396 0.527990
vt 0.395224 0.506150
vt 0.428956 0.500000
vt 0.368604 0.527990
vt 0.400000 0.528296
vt 0.144569 0.104887
vt 0.104515 0.069429
vt 0.154142 0.055836
vt 0.365637 0.972010
vt 0.405066 0.994320
vt 0.367952 1.000000
vt 0.434363 0.972010
vt 0.400000 0.972316
vt 0.573211 0.307442
vt 0.525910 0.311349
vt 0.554793 0.348174
vt 0.231396 0.527990
vt 0.195224 0.506150
vt 0.228956 0.500000
vt 0.168604 0.527990
vt 0.200000 0.528296
vt 0.079409 0.305428
vt 0.033310 0.332565
vt 0.035717 0.281167
vt 0.165637 0.972010
vt 0.205066 0.994320
vt 0.167952 1.000000
vt 0.234363 0.972010
vt 0.971044 0.500000
vt 0.832048 1.000000
vt 0.771044 0.500000
vt 0.632048 1.000000
vt 0.464283 0.281167
vt 0.571044 0.500000
vt 0.432049 1.000000
vt 0.345858 0.055836
vt 0.371044 0.500000
vt 0.534369 0.285316
vt 0.232048 1.000000
vt 0.094961 0.098833
vt 0.171044 0.500000
vt 0.716953 0.465990
vt 0.032048 1.000000
vt 0.058322 0.350738
vt 0.750000 0.429369
vt 0.737786 0.481126
vt 0.787027 0.463099
vt 0.035193 0.527990
vt 0.032443 0.500000
vt 0.964807 0.527990
vt 0.989298 0.500000
vt 0.250000 0.421067
vt 0.263147 0.480448
vt 0.208416 0.459787
vt 0.960952 0.972010
vt 0.963563 1.000000
vt 0.039048 0.972010
vt 0.011519 1.000000
vt 0.920590 0.305428
vt 0.966040 0.333038
vt 0.964111 0.280637
vt 0.835193 0.527990
vt 0.794649 0.506150
vt 0.832443 0.500000
vt 0.764807 0.527990
vt 0.412695 0.302863
vt 0.473232 0.308709
vt 0.436669 0.354377
vt 0.760952 0.972010
vt 0.805760 0.994320
vt 0.763563 1.000000
vt 0.839048 0.972010
vt 0.800000 0.972316
vt 0.855431 0.104887
vt 0.895734 0.070194
vt 0.845301 0.055836
vt 0.635193 0.527990
vt 0.594649 0.506150
vt 0.632443 0.500000
vt 0.564807 0.527990
vt 0.350551 0.111604
vt 0.374818 0.055836
vt 0.406952 0.104721
vt 0.560952 0.972010
vt 0.605760 0.994320
vt 0.563563 1.000000
vt 0.639048 0.972010
vt 0.600000 0.972316
vt 0.644569 0.104887
vt 0.624029 0.055836
vt 0.594789 0.099363
vt 0.435193 0.527990
vt 0.394649 0.506150
vt 0.432443 0.500000
vt 0.364807 0.527990
vt 0.149449 0.111604
vt 0.103910 0.071291
vt 0.160332 0.055836
vt 0.360952 0.972010
vt 0.405760 0.994320
vt 0.363563 1.000000
vt 0.439048 0.972010
vt 0.400000 0.972316
vt 0.579409 0.305428
vt 0.526412 0.309806
vt 0.558773 0.351065
vt 0.235193 0.527990
vt 0.194649 0.506150
vt 0.232443 0.500000
vt 0.164807 0.527990
vt 0.087305 0.302863
vt 0.034893 0.333716
vt 0.037630 0.275279
vt 0.160952 0.972010
vt 0.205760 0.994320
vt 0.163563 1.000000
vt 0.239048 0.972010
vt 0.967557 0.500000
vt 0.941227 0.351066
vt 0.836437 1.000000
vt 0.291584 0.459787
vt 1.000000 0.972316
vt 0.767557 0.500000
vt 0.905211 0.099363
vt 0.636437 1.000000
vt 0.462370 0.275279
vt 0.567557 0.500000
vt 0.436437 1.000000
vt 0.339668 0.055836
vt 0.367557 0.500000
vt 0.535889 0.280637
vt 0.236437 1.000000
vt 0.167557 0.500000
vt 0.712973 0.463099
vt 0.036437 1.000000
vt 0.750000 0.421067
vt 0.736114 0.479911
vt 0.792097 0.459415
vt 0.040033 0.527990
vt 0.036886 0.500000
vt 0.959967 0.527990
vt 0.987833 0.500000
vt 0.250000 0.410131
vt 0.265232 0.478933
vt 0.201818 0.454994
vt 0.954787 0.972010
vt 0.957782 1.000000
vt 0.045213 0.972010
vt 0.013347 1.000000
vt 0.000000 0.972316
vt 0.912695 0.302863
vt 0.964368 0.334253
vt 0.962174 0.274677
vt 0.840033 0.527990
vt 0.793916 0.506150
vt 0.836886 0.500000
vt 0.759967 0.527990
vt 0.800000 0.528296
vt 0.402294 0.299483
vt 0.472435 0.306257
vt 0.430072 0.359170
vt 0.754787 0.972010
vt 0.806674 0.994320
vt 0.757782 1.000000
vt 0.845213 0.972010
vt 0.800000 0.972316
vt 0.850551 0.111604
vt 0.896372 0.072160
vt 0.839034 0.055836
vt 0.640033 0.527990
vt 0.593916 0.506150
vt 0.636886 0.500000
vt 0.559967 0.527990
vt 0.344123 0.120451
vt 0.372240 0.055836
vt 0.409472 0.112477
vt 0.554787 0.972010
vt 0.606673 0.994320
vt 0.557782 1.000000
vt 0.645213 0.972010
vt 0.649449 0.111604
vt 0.626096 0.055836
vt 0.592852 0.105324
vt 0.440033 0.527990
vt 0.393916 0.506150
vt 0.436886 0.500000
vt 0.359967 0.527990
vt 0.155877 0.120451
vt 0.103113 0.073743
vt 0.168487 0.055836
vt 0.354787 0.972010
vt 0.406673 0.994320
vt 0.357782 1.000000
vt 0.445213 0.972010
vt 0.400000 0.972316
vt 0.587305 0.302863
vt 0.527050 0.307840
vt 0.563843 0.354749
vt 0.240033 0.527990
vt 0.193916 0.506150
vt 0.236886 0.500000
vt 0.159967 0.527990
vt 0.200000 0.528296
vt 0.097706 0.299483
vt 0.036979 0.335231
vt 0.040150 0.267523
vt 0.154787 0.972010
vt 0.206674 0.994320
vt 0.157782 1.000000
vt 0.245213 0.972010
vt 0.963114 0.500000
vt 0.936157 0.354749
vt 0.842218 1.000000
vt 0.298182 0.454994
vt 0.763114 0.500000
vt 0.907148 0.105323
vt 0.642218 1.000000
vt 0.563114 0.500000
vt 0.660966 0.055836
vt 0.442218 1.000000
vt 0.331513 0.055836
vt 0.363114 0.500000
vt 0.242218 1.000000
vt 0.090528 0.112477
vt 0.163114 0.500000
vt 0.707903 0.459415
vt 0.042218 1.000000
vt 0.069928 0.359170
vt 0.750000 0.441139
vt 0.931784 0.309065
vt 0.771663 0.527990
vt 0.769317 0.972010
vt 0.571663 0.527990
vt 0.569317 0.972010
vt 0.371663 0.527990
vt 0.369317 0.972010
vt 0.169317 0.972010
vt 0.533144 0.289086
vt 0.750000 0.435887
vt 0.768604 0.527990
vt 0.420590 0.305428
vt 0.568604 0.527990
vt 0.565637 0.972010
vt 0.640738 0.099614
vt 0.144569 0.104887
vt 0.365637 0.972010
vt 0.231396 0.527990
vt 0.945207 0.348174
vt 0.903691 0.094684
vt 0.250000 0.421067
vt 0.920590 0.305428
vt 0.412695 0.302863
vt 0.760952 0.972010
vt 0.560952 0.972010
vt 0.644569 0.104887
vt 0.160952 0.972010
vt 0.654699 0.055836
vt 0.063331 0.354377
vt 0.750000 0.421067
vt 0.959967 0.527990
vt 0.250000 0.410131
vt 0.587305 0.302863
vt 0.159967 0.527990
vt 0.537826 0.274676
vt 0.750000 0.466692
vt 0.746097 0.488120
vt 0.766805 0.481907
vt 0.000000 0.532453
vt 0.012794 0.500000
vt 0.014843 0.531581
vt 0.987206 0.500000
vt 1.000000 0.532453
vt 0.985157 0.531581
vt 0.250000 0.461313
vt 0.253332 0.488396
vt 0.233413 0.482012
vt 1.000000 0.970271
vt 0.987372 1.000000
vt 0.982801 0.968419
vt 0.012628 1.000000
vt 0.000000 0.970271
vt 0.017199 0.968419
vt 0.919416 0.385105
vt 0.933736 0.401517
vt 0.941790 0.381453
vt 0.857143 0.532453
vt 0.869937 0.500000
vt 0.871986 0.531581
vt 0.844349 0.500000
vt 0.842300 0.531581
vt 0.415211 0.381751
vt 0.438462 0.396032
vt 0.421053 0.407625
vt 0.857143 0.970271
vt 0.844515 1.000000
vt 0.839944 0.968419
vt 0.869771 1.000000
vt 0.874342 0.968419
vt 0.961259 0.201782
vt 0.983019 0.200818
vt 0.972353 0.182012
vt 0.714286 0.532453
vt 0.727080 0.500000
vt 0.729129 0.531581
vt 0.701491 0.500000
vt 0.699443 0.531581
vt 0.456015 0.202978
vt 0.481677 0.193704
vt 0.479886 0.214543
vt 0.714286 0.970271
vt 0.701658 1.000000
vt 0.697087 0.968419
vt 0.726914 1.000000
vt 0.731484 0.968419
vt 0.844019 0.054767
vt 0.856833 0.037154
vt 0.835480 0.033767
vt 0.571429 0.532453
vt 0.584223 0.500000
vt 0.586272 0.531581
vt 0.558634 0.500000
vt 0.556585 0.531581
vt 0.341685 0.059614
vt 0.350434 0.033767
vt 0.365610 0.048161
vt 0.571429 0.970271
vt 0.558800 1.000000
vt 0.554230 0.968419
vt 0.584057 1.000000
vt 0.588627 0.968419
vt 0.655981 0.054767
vt 0.650200 0.033767
vt 0.634238 0.048350
vt 0.428571 0.532453
vt 0.441366 0.500000
vt 0.443415 0.531581
vt 0.415777 0.500000
vt 0.413728 0.531581
vt 0.158315 0.059614
vt 0.143562 0.036659
vt 0.164278 0.033767
vt 0.428571 0.970271
vt 0.415943 1.000000
vt 0.411373 0.968419
vt 0.441200 1.000000
vt 0.445770 0.968419
vt 0.538741 0.201782
vt 0.518718 0.193208
vt 0.520168 0.214780
vt 0.285714 0.532453
vt 0.298509 0.500000
vt 0.300558 0.531581
vt 0.272920 0.500000
vt 0.270871 0.531581
vt 0.043985 0.202978
vt 0.016840 0.200200
vt 0.027496 0.182202
vt 0.285714 0.970271
vt 0.273086 1.000000
vt 0.268516 0.968419
vt 0.298342 1.000000
vt 0.302913 0.968419
vt 0.580584 0.385105
vt 0.561396 0.395414
vt 0.579166 0.407730
vt 0.142857 0.532453
vt 0.155652 0.500000
vt 0.157700 0.531581
vt 0.130063 0.500000
vt 0.128014 0.531581
vt 0.084789 0.381752
vt 0.065692 0.401242
vt 0.058264 0.381689
vt 0.142857 0.970271
vt 0.130229 1.000000
vt 0.125659 0.968419
vt 0.155485 1.000000
vt 0.160056 0.968419
vt 0.979832 0.214780
vt 0.472504 0.182202
vt 0.664520 0.033767
vt 0.335722 0.033767
vt 0.134390 0.048161
vt 0.020114 0.214543
vt 0.128500 0.746500
vt 0.126479 0.750000
vt 0.125000 0.746500
vt 0.378500 0.996500
vt 0.376479 1.000000
vt 0.375000 0.996500
vt 0.375000 0.003500
vt 0.378500 0.000000
vt 0.378500 0.003500
vt 0.621500 0.996500
vt 0.625000 0.998521
vt 0.621500 1.000000
vt 0.871500 0.746500
vt 0.875000 0.748521
vt 0.871500 0.750000
vt 0.621500 0.000000
vt 0.625000 0.003500
vt 0.621500 0.003500
vt 0.128500 0.503500
vt 0.125000 0.501479
vt 0.128500 0.500000
vt 0.378500 0.250000
vt 0.375000 0.246500
vt 0.378500 0.246500
vt 0.378500 0.253500
vt 0.375740 0.250740
vt 0.871500 0.503500
vt 0.873521 0.500000
vt 0.875000 0.503500
vt 0.621500 0.253500
vt 0.624260 0.249260
vt 0.625000 0.253500
vt 0.625000 0.246500
vt 0.621500 0.250000
vt 0.621500 0.246500
vt 0.371500 0.746500
vt 0.375493 0.750000
vt 0.373250 0.751750
vt 0.378500 0.750000
vt 0.375000 0.746500
vt 0.378500 0.746500
vt 0.378500 0.753500
vt 0.628500 0.746500
vt 0.625000 0.749507
vt 0.625000 0.746500
vt 0.621500 0.753500
vt 0.626750 0.751750
vt 0.621500 0.750000
vt 0.621500 0.746500
vt 0.371500 0.503500
vt 0.375000 0.500493
vt 0.375000 0.503500
vt 0.378500 0.496500
vt 0.373250 0.498250
vt 0.378500 0.500000
vt 0.378500 0.503500
vt 0.628500 0.503500
vt 0.624507 0.500000
vt 0.626750 0.498250
vt 0.621500 0.500000
vt 0.625000 0.503500
vt 0.621500 0.503500
vt 0.621500 0.496500
vt 0.125000 0.503500
vt 0.378500 1.000000
vt 0.875000 0.746500
vt 0.871500 0.500000
vt 0.128500 0.750000
vt 0.734659 0.478854
vt 0.796208 0.456428
vt 0.044025 0.545624
vt 0.000000 0.520293
vt 0.040488 0.500000
vt 0.955975 0.545624
vt 0.986558 0.500000
vt 1.000000 0.546282
vt 0.250000 0.404072
vt 0.266243 0.478199
vt 0.198260 0.452409
vt 0.951549 0.954376
vt 1.000000 0.981727
vt 0.954665 1.000000
vt 0.048451 0.954376
vt 0.014232 1.000000
vt 0.000000 0.955034
vt 0.906437 0.300829
vt 0.962912 0.335310
vt 0.960604 0.269843
vt 0.844025 0.545624
vt 0.793279 0.510146
vt 0.840488 0.500000
vt 0.755975 0.545624
vt 0.800000 0.546282
vt 0.396531 0.297611
vt 0.472049 0.305069
vt 0.426514 0.361755
vt 0.751549 0.954376
vt 0.807116 0.990863
vt 0.754665 1.000000
vt 0.848451 0.954376
vt 0.800000 0.955034
vt 0.846683 0.116927
vt 0.896928 0.073870
vt 0.833952 0.055836
vt 0.644025 0.545624
vt 0.593279 0.510146
vt 0.640488 0.500000
vt 0.555975 0.545624
vt 0.600000 0.546282
vt 0.340561 0.125353
vt 0.370991 0.055836
vt 0.410831 0.116660
vt 0.551549 0.954376
vt 0.607116 0.990864
vt 0.554664 1.000000
vt 0.648451 0.954376
vt 0.600000 0.955034
vt 0.653317 0.116927
vt 0.627894 0.055836
vt 0.591282 0.110157
vt 0.444025 0.545624
vt 0.393279 0.510146
vt 0.440488 0.500000
vt 0.355975 0.545624
vt 0.400000 0.546282
vt 0.159439 0.125353
vt 0.102727 0.074931
vt 0.172886 0.055836
vt 0.351549 0.954376
vt 0.407116 0.990863
vt 0.354665 1.000000
vt 0.448451 0.954376
vt 0.400000 0.955034
vt 0.527606 0.306130
vt 0.567954 0.357736
vt 0.244025 0.545624
vt 0.193279 0.510146
vt 0.240488 0.500000
vt 0.155975 0.545624
vt 0.200000 0.546282
vt 0.103469 0.297611
vt 0.037989 0.335965
vt 0.041509 0.263340
vt 0.151549 0.954376
vt 0.207116 0.990863
vt 0.154665 1.000000
vt 0.248451 0.954376
vt 0.200000 0.955034
vt 0.959512 0.500000
vt 0.932046 0.357736
vt 0.845335 1.000000
vt 0.301740 0.452409
vt 0.000000 0.546282
vt 1.000000 0.955034
vt 0.759512 0.500000
vt 0.908718 0.110156
vt 0.645335 1.000000
vt 0.458491 0.263340
vt 0.559512 0.500000
vt 0.666048 0.055836
vt 0.445335 1.000000
vt 0.327114 0.055836
vt 0.359512 0.500000
vt 0.245336 1.000000
vt 0.159512 0.500000
vt 0.703792 0.456428
vt 0.045336 1.000000
vt 0.750000 0.404072
vt 0.732543 0.477317
vt 0.802581 0.451797
vt 0.050146 0.545624
vt 0.046073 0.500000
vt 0.949854 0.545624
vt 0.984704 0.500000
vt 0.250000 0.390324
vt 0.268842 0.476311
vt 0.189982 0.446394
vt 0.943864 0.954376
vt 0.947411 1.000000
vt 0.056136 0.954376
vt 0.016510 1.000000
vt 0.000000 0.955034
vt 0.896531 0.297611
vt 0.960796 0.336847
vt 0.958169 0.262351
vt 0.850146 0.545624
vt 0.792352 0.510146
vt 0.846073 0.500000
vt 0.749854 0.545624
vt 0.383456 0.293362
vt 0.471057 0.302014
vt 0.418235 0.367770
vt 0.743864 0.954376
vt 0.808255 0.990863
vt 0.747411 1.000000
vt 0.856136 0.954376
vt 0.800000 0.955034
vt 0.840561 0.125353
vt 0.897736 0.076358
vt 0.826074 0.055836
vt 0.650146 0.545624
vt 0.592352 0.510146
vt 0.646073 0.500000
vt 0.549854 0.545624
vt 0.332480 0.136476
vt 0.367779 0.055836
vt 0.413993 0.126392
vt 0.543864 0.954376
vt 0.608255 0.990863
vt 0.547411 1.000000
vt 0.656136 0.954376
vt 0.600000 0.955034
vt 0.659439 0.125353
vt 0.630510 0.055836
vt 0.588847 0.117649
vt 0.450146 0.545624
vt 0.392352 0.510146
vt 0.446073 0.500000
vt 0.349854 0.545624
vt 0.400000 0.546282
vt 0.167520 0.136476
vt 0.101735 0.077986
vt 0.183118 0.055836
vt 0.343864 0.954376
vt 0.408255 0.990863
vt 0.347411 1.000000
vt 0.456136 0.954376
vt 0.400000 0.955034
vt 0.603469 0.297611
vt 0.528414 0.303642
vt 0.574328 0.362367
vt 0.250146 0.545624
vt 0.192352 0.510146
vt 0.246073 0.500000
vt 0.149854 0.545624
vt 0.200000 0.546282
vt 0.116544 0.293362
vt 0.040588 0.337853
vt 0.044671 0.253608
vt 0.143864 0.954376
vt 0.208255 0.990863
vt 0.147411 1.000000
vt 0.256136 0.954376
vt 0.200000 0.955034
vt 0.953927 0.500000
vt 0.925672 0.362367
vt 0.852589 1.000000
vt 1.000000 0.955034
vt 0.753927 0.500000
vt 0.652589 1.000000
vt 0.455329 0.253608
vt 0.553927 0.500000
vt 0.452589 1.000000
vt 0.353927 0.500000
vt 0.252589 1.000000
vt 0.086007 0.126392
vt 0.153927 0.500000
vt 0.052589 1.000000
vt 0.081765 0.367770
vt 0.750000 0.390324
vt 0.729750 0.475287
vt 0.810994 0.445685
vt 0.058241 0.545624
vt 0.053444 0.500000
vt 0.941759 0.545624
vt 0.982256 0.500000
vt 0.250000 0.371337
vt 0.272431 0.473703
vt 0.178550 0.438088
vt 0.933280 0.954376
vt 1.000000 0.981727
vt 0.937394 1.000000
vt 0.066720 0.954376
vt 0.019654 1.000000
vt 0.883456 0.293362
vt 0.958003 0.338877
vt 0.954956 0.252461
vt 0.858241 0.545624
vt 0.791128 0.510146
vt 0.853444 0.500000
vt 0.741759 0.545624
vt 0.365399 0.287495
vt 0.469686 0.297795
vt 0.406803 0.376076
vt 0.733280 0.954376
vt 0.809827 0.990863
vt 0.737394 1.000000
vt 0.866720 0.954376
vt 0.832480 0.136476
vt 0.898803 0.079641
vt 0.815675 0.055836
vt 0.658241 0.545624
vt 0.591128 0.510146
vt 0.653444 0.500000
vt 0.541759 0.545624
vt 0.321320 0.151836
vt 0.363343 0.055836
vt 0.418360 0.139831
vt 0.533280 0.954376
vt 0.609827 0.990863
vt 0.537394 1.000000
vt 0.666720 0.954376
vt 0.667520 0.136476
vt 0.633962 0.055836
vt 0.585634 0.127539
vt 0.458241 0.545624
vt 0.391128 0.510146
vt 0.453444 0.500000
vt 0.341759 0.545624
vt 0.400000 0.546282
vt 0.178680 0.151836
vt 0.100364 0.082205
vt 0.197249 0.055836
vt 0.333280 0.954376
vt 0.409827 0.990863
vt 0.337394 1.000000
vt 0.466720 0.954376
vt 0.400000 0.955034
vt 0.616544 0.293362
vt 0.529481 0.300359
vt 0.582741 0.368479
vt 0.258241 0.545624
vt 0.191128 0.510146
vt 0.253444 0.500000
vt 0.141759 0.545624
vt 0.134601 0.287495
vt 0.044177 0.340461
vt 0.049038 0.240169
vt 0.133280 0.954376
vt 0.209827 0.990863
vt 0.137394 1.000000
vt 0.266720 0.954376
vt 0.200000 0.955034
vt 0.946556 0.500000
vt 0.862606 1.000000
vt 0.746556 0.500000
vt 0.662606 1.000000
vt 0.450962 0.240169
vt 0.546556 0.500000
vt 0.684325 0.055836
vt 0.462606 1.000000
vt 0.346556 0.500000
vt 0.545044 0.252461
vt 0.262606 1.000000
vt 0.146556 0.500000
vt 0.689006 0.445685
vt 0.062606 1.000000
vt 0.093197 0.376076
vt 0.750000 0.358007
vt 0.720912 0.460912
vt 0.816846 0.423154
vt 0.070888 0.546625
vt 0.000000 0.521374
vt 0.069631 0.500000
vt 0.929112 0.546625
vt 0.969700 0.500000
vt 1.000000 0.547782
vt 0.250000 0.314009
vt 0.285631 0.454369
vt 0.163057 0.403057
vt 0.911384 0.953375
vt 1.000000 0.981963
vt 0.909435 1.000000
vt 0.088616 0.953375
vt 0.037116 1.000000
vt 0.000000 0.954533
vt 0.858007 0.250000
vt 0.960912 0.279088
vt 0.923154 0.183154
vt 0.820887 0.546625
vt 0.734850 0.510687
vt 0.819631 0.500000
vt 0.679112 0.546625
vt 0.750000 0.547782
vt 0.314009 0.250000
vt 0.454369 0.214369
vt 0.403057 0.336943
vt 0.661384 0.953375
vt 0.768558 0.990981
vt 0.659435 1.000000
vt 0.838616 0.953375
vt 0.750000 0.954533
vt 0.750000 0.141993
vt 0.779088 0.039088
vt 0.683154 0.076846
vt 0.570888 0.546625
vt 0.484850 0.510687
vt 0.569631 0.500000
vt 0.429112 0.546625
vt 0.500000 0.547782
vt 0.250000 0.185991
vt 0.214369 0.045631
vt 0.336943 0.096943
vt 0.411384 0.953375
vt 0.518558 0.990981
vt 0.409435 1.000000
vt 0.588616 0.953375
vt 0.500000 0.954533
vt 0.641993 0.250000
vt 0.539088 0.220912
vt 0.576846 0.316846
vt 0.320888 0.546625
vt 0.234850 0.510687
vt 0.319631 0.500000
vt 0.179112 0.546625
vt 0.250000 0.547782
vt 0.185991 0.250000
vt 0.045631 0.285631
vt 0.096943 0.163057
vt 0.161384 0.953375
vt 0.268558 0.990981
vt 0.159435 1.000000
vt 0.338616 0.953375
vt 0.250000 0.954533
vt 0.930369 0.500000
vt 0.840565 1.000000
vt 0.000000 0.547782
vt 1.000000 0.954533
vt 0.680369 0.500000
vt 0.816846 0.076846
vt 0.590565 1.000000
vt 0.403057 0.163057
vt 0.430369 0.500000
vt 0.576846 0.183154
vt 0.340565 1.000000
vt 0.163057 0.096943
vt 0.180369 0.500000
vt 0.683154 0.423154
vt 0.090565 1.000000
vt 0.750000 0.330000
vt 0.714740 0.454740
vt 0.831029 0.408971
vt 0.086202 0.542388
vt 0.000000 0.519432
vt 0.084405 0.500000
vt 0.913798 0.542388
vt 0.963270 0.500000
vt 1.000000 0.543441
vt 0.250000 0.250000
vt 0.298591 0.441409
vt 0.131436 0.371436
vt 0.880031 0.957612
vt 1.000000 0.983601
vt 0.876496 1.000000
vt 0.119969 0.957612
vt 0.050616 1.000000
vt 0.000000 0.958664
vt 0.830000 0.250000
vt 0.954740 0.285260
vt 0.908971 0.168971
vt 0.836202 0.542388
vt 0.731635 0.509716
vt 0.834405 0.500000
vt 0.663798 0.542388
vt 0.750000 0.543441
vt 0.250000 0.250000
vt 0.441409 0.201409
vt 0.371436 0.368564
vt 0.630031 0.957612
vt 0.775308 0.991801
vt 0.626496 1.000000
vt 0.869969 0.957612
vt 0.750000 0.958664
vt 0.750000 0.170000
vt 0.785260 0.045260
vt 0.668971 0.091029
vt 0.586202 0.542388
vt 0.481635 0.509716
vt 0.584405 0.500000
vt 0.413798 0.542388
vt 0.500000 0.543441
vt 0.250000 0.250000
vt 0.201409 0.058591
vt 0.368564 0.128564
vt 0.380031 0.957612
vt 0.525308 0.991801
vt 0.376496 1.000000
vt 0.619969 0.957612
vt 0.500000 0.958664
vt 0.670000 0.250000
vt 0.545260 0.214740
vt 0.591029 0.331029
vt 0.336202 0.542388
vt 0.231635 0.509716
vt 0.334405 0.500000
vt 0.163798 0.542388
vt 0.250000 0.543441
vt 0.250000 0.250000
vt 0.058591 0.298591
vt 0.128564 0.131436
vt 0.130031 0.957612
vt 0.275308 0.991801
vt 0.126496 1.000000
vt 0.369969 0.957612
vt 0.250000 0.958664
vt 0.915595 0.500000
vt 0.873504 1.000000
vt 0.000000 0.543441
vt 1.000000 0.958664
vt 0.665595 0.500000
vt 0.623504 1.000000
vt 0.415595 0.500000
vt 0.373504 1.000000
vt 0.165595 0.500000
vt 0.123504 1.000000
vt 0.750000 0.331608
vt 0.714897 0.454897
vt 0.830359 0.409641
vt 0.085674 0.563563
vt 0.000000 0.529448
vt 0.083707 0.500000
vt 0.914326 0.563562
vt 0.963434 0.500000
vt 1.000000 0.565355
vt 0.250000 0.278811
vt 0.292506 0.447494
vt 0.145834 0.385834
vt 0.894575 0.936437
vt 1.000000 0.975718
vt 0.891493 1.000000
vt 0.105424 0.936438
vt 0.044277 1.000000
vt 0.000000 0.938230
vt 0.831608 0.250000
vt 0.954897 0.285103
vt 0.909641 0.169641
vt 0.835674 0.563563
vt 0.731717 0.514724
vt 0.833707 0.500000
vt 0.664326 0.563563
vt 0.750000 0.565355
vt 0.278811 0.250000
vt 0.447494 0.207494
vt 0.385834 0.354166
vt 0.644576 0.936437
vt 0.772139 0.987859
vt 0.641493 1.000000
vt 0.855424 0.936437
vt 0.750000 0.938230
vt 0.750000 0.168392
vt 0.785103 0.045103
vt 0.669641 0.090359
vt 0.585674 0.563563
vt 0.481717 0.514724
vt 0.583707 0.500000
vt 0.414326 0.563563
vt 0.500000 0.565355
vt 0.250000 0.221189
vt 0.207494 0.052506
vt 0.354166 0.114166
vt 0.394576 0.936437
vt 0.522139 0.987859
vt 0.391493 1.000000
vt 0.605424 0.936438
vt 0.500000 0.938230
vt 0.668392 0.250000
vt 0.545103 0.214897
vt 0.590359 0.330359
vt 0.335674 0.563563
vt 0.231717 0.514724
vt 0.333707 0.500000
vt 0.164326 0.563562
vt 0.250000 0.565355
vt 0.221189 0.250000
vt 0.052506 0.292506
vt 0.114166 0.145834
vt 0.144576 0.936437
vt 0.272139 0.987859
vt 0.141493 1.000000
vt 0.355424 0.936437
vt 0.250000 0.938230
vt 0.916293 0.500000
vt 0.909641 0.330359
vt 0.858507 1.000000
vt 0.000000 0.565355
vt 1.000000 0.938230
vt 0.666293 0.500000
vt 0.608507 1.000000
vt 0.416293 0.500000
vt 0.590359 0.169641
vt 0.358507 1.000000
vt 0.145834 0.114166
vt 0.166293 0.500000
vt 0.669641 0.409641
vt 0.108507 1.000000
vt 0.114166 0.354166
vt 0.750000 0.330000
vt 0.714540 0.454540
vt 0.831175 0.408825
vt 0.086598 0.548156
vt 0.000000 0.522310
vt 0.084557 0.500000
vt 0.913402 0.548156
vt 0.963063 0.500000
vt 1.000000 0.549514
vt 0.250000 0.250000
vt 0.298305 0.441695
vt 0.131623 0.371623
vt 0.880675 0.951844
vt 1.000000 0.981604
vt 0.876691 1.000000
vt 0.119325 0.951844
vt 0.050318 1.000000
vt 0.000000 0.953202
vt 0.830000 0.250000
vt 0.954540 0.285460
vt 0.908825 0.168825
vt 0.836598 0.548156
vt 0.731531 0.511155
vt 0.834557 0.500000
vt 0.663402 0.548156
vt 0.750000 0.549514
vt 0.441695 0.201695
vt 0.371623 0.368377
vt 0.630675 0.951844
vt 0.775159 0.990802
vt 0.626691 1.000000
vt 0.869325 0.951844
vt 0.750000 0.953202
vt 0.750000 0.170000
vt 0.785460 0.045460
vt 0.668825 0.091175
vt 0.586598 0.548156
vt 0.481531 0.511155
vt 0.584557 0.500000
vt 0.413402 0.548156
vt 0.500000 0.549514
vt 0.250000 0.250000
vt 0.201695 0.058305
vt 0.368377 0.128377
vt 0.380675 0.951844
vt 0.525159 0.990802
vt 0.376691 1.000000
vt 0.619325 0.951844
vt 0.500000 0.953202
vt 0.670000 0.250000
vt 0.545460 0.214540
vt 0.591175 0.331175
vt 0.336598 0.548156
vt 0.231531 0.511155
vt 0.334557 0.500000
vt 0.163402 0.548156
vt 0.250000 0.549514
vt 0.250000 0.250000
vt 0.058305 0.298305
vt 0.128377 0.131623
vt 0.130675 0.951844
vt 0.275159 0.990802
vt 0.126691 1.000000
vt 0.369325 0.951844
vt 0.250000 0.953202
vt 0.915443 0.500000
vt 0.908825 0.331175
vt 0.873309 1.000000
vt 0.000000 0.549514
vt 1.000000 0.953202
vt 0.665443 0.500000
vt 0.831175 0.091175
vt 0.623309 1.000000
vt 0.415443 0.500000
vt 0.591175 0.168825
vt 0.373309 1.000000
vt 0.165443 0.500000
vt 0.668825 0.408825
vt 0.123309 1.000000
vt 0.555975 0.545624
vt 0.593563 0.300829
vt 0.155975 0.545624
vt 0.151549 0.954376
vt 0.539396 0.269843
vt 0.073486 0.361755
vt 0.050146 0.545624
vt 0.949854 0.545624
vt 0.896531 0.297611
vt 0.749854 0.545624
vt 0.549854 0.545624
vt 0.349854 0.545624
vt 0.167520 0.136476
vt 0.143864 0.954376
vt 0.911153 0.117649
vt 0.673926 0.055836
vt 0.316882 0.055836
vt 0.541831 0.262351
vt 0.750000 0.390323
vt 0.883456 0.293362
vt 0.741759 0.545624
vt 0.733280 0.954376
vt 0.541759 0.545624
vt 0.133280 0.954376
vt 0.917259 0.368479
vt 0.321450 0.438088
vt 0.914366 0.127539
vt 0.679112 0.546625
vt 0.750000 0.547782
vt 0.500000 0.547782
vt 0.250000 0.185991
vt 0.179112 0.546625
vt 0.185991 0.250000
vt 0.161384 0.953375
vt 0.338616 0.953375
vt 0.119969 0.957612
vt 0.830000 0.250000
vt 0.663798 0.542388
vt 0.413798 0.542388
vt 0.591029 0.168971
vt 0.894575 0.936438
vt 0.644576 0.936437
vt 0.750000 0.168392
vt 0.394576 0.936438
vt 0.221189 0.250000
vt 0.830359 0.090359
vt 0.880675 0.951844
vt 0.836598 0.548156
vt 0.413402 0.548156
vt 0.369325 0.951844
vt 0.364228 0.055836
vt 0.899523 0.081857
vt 0.530201 0.298143
vt 0.740946 0.485640
vt 0.000000 0.517376
vt 0.998327 0.500000
vt 1.000000 0.988290
vt 0.001169 1.000000
vt 0.856306 0.508688
vt 0.857727 0.994145
vt 0.981747 0.206392
vt 0.713449 0.508688
vt 0.714870 0.994145
vt 0.570592 0.508688
vt 0.345087 0.033767
vt 0.572013 0.994145
vt 0.427735 0.508688
vt 0.429156 0.994145
vt 0.284878 0.508688
vt 0.286299 0.994145
vt 0.142021 0.508688
vt 0.070510 0.403562
vt 0.143442 0.994145
vt 0.737913 0.484179
vt 0.000000 0.508339
vt 0.997780 0.500000
vt 0.264627 0.482956
vt 1.000000 0.994282
vt 0.002117 1.000000
vt 0.925553 0.405458
vt 0.856033 0.504170
vt 0.858202 0.997141
vt 0.980998 0.209674
vt 0.713176 0.504170
vt 0.715344 0.997141
vt 0.570319 0.504170
vt 0.337897 0.033767
vt 0.572487 0.997141
vt 0.427461 0.504170
vt 0.135745 0.046461
vt 0.429630 0.997141
vt 0.284604 0.504170
vt 0.019630 0.212423
vt 0.286773 0.997141
vt 0.141747 0.504170
vt 0.143916 0.997141
vt 0.460059 0.268166
vt 0.000000 0.508110
vt 0.999025 0.500000
vt 1.000000 0.984521
vt 0.001631 1.000000
vt 0.856655 0.504055
vt 0.857959 0.992261
vt 0.982038 0.205116
vt 0.713798 0.504055
vt 0.715101 0.992261
vt 0.859581 0.040601
vt 0.570941 0.504055
vt 0.572244 0.992261
vt 0.654608 0.033767
vt 0.428084 0.504055
vt 0.140221 0.040849
vt 0.429387 0.992261
vt 0.285227 0.504055
vt 0.018033 0.205425
vt 0.286530 0.992261
vt 0.142370 0.504055
vt 0.070521 0.403567
vt 0.143673 0.992261
vt 0.000000 0.518071
vt 0.998896 0.500000
vt 1.000000 0.989894
vt 0.000561 1.000000
vt 0.897378 0.436359
vt 0.888337 0.509035
vt 0.889169 0.994947
vt 0.777226 0.509035
vt 0.484996 0.283975
vt 0.778058 0.994947
vt 0.959119 0.137222
vt 0.666115 0.509035
vt 0.666947 0.994947
vt 0.555004 0.509035
vt 0.555836 0.994947
vt 0.443893 0.509035
vt 0.161925 0.029500
vt 0.444725 0.994947
vt 0.332782 0.509035
vt 0.333614 0.994947
vt 0.221671 0.509035
vt 0.222503 0.994947
vt 0.110559 0.509035
vt 0.103079 0.436525
vt 0.111392 0.994947
vt 0.743402 0.487598
vt 0.000000 0.541397
vt 0.998830 0.500000
vt 1.000000 0.982789
vt 0.000317 1.000000
vt 0.888304 0.520698
vt 0.889047 0.991395
vt 0.777193 0.520698
vt 0.777936 0.991395
vt 0.959065 0.136915
vt 0.666082 0.520698
vt 0.666825 0.991395
vt 0.554971 0.520698
vt 0.555714 0.991395
vt 0.443860 0.520698
vt 0.163050 0.028556
vt 0.444603 0.991395
vt 0.332748 0.520698
vt 0.333492 0.991395
vt 0.221637 0.520698
vt 0.222381 0.991395
vt 0.592220 0.427769
vt 0.110526 0.520698
vt 0.111270 0.991395
vt 0.465785 0.285788
vt 0.645815 0.055836
vt 0.096463 0.094212
vt 0.054391 0.347882
vt 0.286576 0.463426
vt 0.649779 0.055836
vt 0.093048 0.104721
vt 0.459850 0.267523
vt 0.733195 0.481907
vt 0.000000 0.515129
vt 0.997028 0.500000
vt 0.266587 0.482012
vt 1.000000 0.988457
vt 0.002537 1.000000
vt 0.920834 0.407730
vt 0.855657 0.507565
vt 0.441736 0.381689
vt 0.858411 0.994229
vt 0.712800 0.507565
vt 0.715554 0.994229
vt 0.865762 0.048350
vt 0.569943 0.507565
vt 0.572697 0.994229
vt 0.427086 0.507565
vt 0.429840 0.994229
vt 0.527647 0.182012
vt 0.284229 0.507565
vt 0.286983 0.994229
vt 0.558210 0.381453
vt 0.141371 0.507565
vt 0.078947 0.407625
vt 0.144125 0.994229
vt 0.375000 0.001479
vt 0.625000 0.996500
vt 0.623521 0.000000
vt 0.375000 0.253500
vt 0.089169 0.116660
vt 0.697419 0.451797
vt 0.310018 0.446394
vt 0.302751 0.055836
vt 0.081640 0.139831
vt 0.336943 0.403057
vt 0.923154 0.316846
vt 0.096943 0.336943
vt 0.668971 0.408971
vt 0.368564 0.371436
vt 0.908971 0.331029
vt 0.371436 0.131436
vt 0.831029 0.091029
vt 0.131436 0.128564
vt 0.128564 0.368564
vt 0.354166 0.385834
vt 0.385834 0.145834
vt 0.368377 0.371623
vt 0.371623 0.131623
vt 0.131623 0.128377
vt 0.128377 0.368377
s 0
usemtl bark
f 1/1/1 5/2/1 7/3/1
f 2/4/2 5/5/2 4/6/2
f 3/7/3 5/8/3 6/9/3
f 8/10/4 12/11/4 14/12/4
f 9/13/5 12/14/5 11/15/5
f 10/16/6 12/17/6 13/18/6
f 15/19/7 19/20/7 21/21/7
f 16/22/8 19/23/8 18/24/8
f 17/25/9 19/23/9 20/26/9
f 22/27/10 26/28/10 28/29/10
f 23/30/11 26/31/11 25/32/11
f 24/33/12 26/31/12 27/34/12
f 29/35/13 33/36/13 35/37/13
f 30/38/14 33/39/14 32/40/14
f 31/41/15 33/39/15 34/42/15
f 36/43/16 40/44/16 42/45/16
f 37/46/17 40/47/17 39/48/17
f 38/49/18 40/47/18 41/50/18
f 43/51/19 47/52/19 49/53/19
f 44/54/20 47/55/20 46/56/20
f 45/57/21 47/55/21 48/58/21
f 50/59/22 54/60/22 56/61/22
f 51/62/23 54/63/23 53/64/23
f 52/65/24 54/63/24 55/66/24
f 57/67/25 61/68/25 63/69/25
f 58/70/26 61/71/26 60/72/26
f 59/73/27 61/71/27 62/74/27
f 64/75/28 68/76/28 70/77/28
f 65/78/29 68/79/29 67/80/29
f 66/81/30 68/79/30 69/82/30
f 3/7/31 18/24/31 7/83/31
f 18/84/32 1/1/32 7/3/32
f 24/33/33 11/15/33 28/85/33
f 11/86/34 22/27/34 28/29/34
f 2/4/35 13/18/35 6/87/35
f 13/88/36 3/7/36 6/9/36
f 17/25/37 27/34/37 23/30/37
f 27/34/38 16/22/38 24/33/38
f 30/38/39 21/89/39 17/25/39
f 32/90/40 15/19/40 21/21/40
f 23/30/41 42/91/41 38/49/41
f 25/92/42 36/43/42 42/45/42
f 31/41/43 41/50/43 37/46/43
f 41/50/44 30/38/44 38/49/44
f 31/41/45 46/56/45 35/93/45
f 35/37/46 43/51/46 29/35/46
f 52/65/47 39/48/47 56/94/47
f 39/95/48 50/59/48 56/61/48
f 45/57/49 55/66/49 51/62/49
f 55/66/50 44/54/50 52/65/50
f 45/57/51 60/72/51 49/96/51
f 60/97/52 43/51/52 49/53/52
f 66/81/53 53/64/53 70/98/53
f 70/77/54 50/59/54 64/75/54
f 59/73/55 69/82/55 65/78/55
f 69/82/56 58/70/56 66/81/56
f 2/4/57 63/99/57 59/73/57
f 4/100/58 57/67/58 63/69/58
f 65/78/59 14/101/59 10/16/59
f 67/102/60 8/10/60 14/12/60
f 15/19/61 43/51/61 57/67/61
f 3/7/62 24/33/62 16/22/62
f 65/78/63 2/4/63 59/73/63
f 8/10/64 50/59/64 36/43/64
f 23/30/65 30/38/65 17/25/65
f 37/46/66 44/54/66 31/41/66
f 51/62/67 58/70/67 45/57/67
f 71/103/68 75/104/68 77/105/68
f 72/106/69 75/5/69 74/107/69
f 73/108/70 75/109/70 76/110/70
f 78/111/71 82/112/71 84/113/71
f 79/114/72 82/14/72 81/115/72
f 80/116/73 82/117/73 83/118/73
f 85/119/74 89/120/74 91/121/74
f 86/122/75 89/123/75 88/124/75
f 87/125/76 89/123/76 90/126/76
f 92/127/77 96/128/77 98/129/77
f 93/130/78 96/131/78 95/132/78
f 94/133/79 96/131/79 97/134/79
f 99/135/80 103/136/80 105/137/80
f 100/138/81 103/139/81 102/140/81
f 101/141/82 103/139/82 104/142/82
f 106/143/83 110/144/83 112/145/83
f 107/146/84 110/147/84 109/148/84
f 108/149/85 110/147/85 111/150/85
f 113/151/86 117/152/86 119/153/86
f 114/154/87 117/155/87 116/156/87
f 115/157/88 117/155/88 118/58/88
f 120/158/89 124/159/89 126/160/89
f 121/161/90 124/162/90 123/163/90
f 122/164/91 124/162/91 125/165/91
f 127/166/92 131/167/92 133/168/92
f 128/169/93 131/170/93 130/171/93
f 129/172/94 131/170/94 132/173/94
f 134/174/95 138/175/95 140/176/95
f 135/177/96 138/178/96 137/179/96
f 136/180/97 138/178/97 139/181/97
f 73/108/98 88/124/98 77/182/98
f 88/183/99 71/103/99 77/105/99
f 79/114/100 98/184/100 94/133/100
f 98/129/101 78/111/101 92/127/101
f 72/106/102 83/118/102 76/185/102
f 83/186/103 73/108/103 76/110/103
f 87/125/104 97/134/104 93/130/104
f 97/134/105 86/122/105 94/133/105
f 100/138/106 91/187/106 87/125/106
f 91/121/107 99/135/107 85/119/107
f 93/130/108 112/188/108 108/149/108
f 95/189/109 106/143/109 112/145/109
f 101/141/110 111/150/110 107/146/110
f 111/150/111 100/138/111 108/149/111
f 101/141/112 116/156/112 105/190/112
f 116/191/113 99/135/113 105/137/113
f 107/146/114 126/192/114 122/164/114
f 126/160/115 106/143/115 120/158/115
f 115/157/116 125/165/116 121/161/116
f 125/165/117 114/154/117 122/164/117
f 115/157/118 130/171/118 119/193/118
f 119/153/119 127/166/119 113/151/119
f 121/161/120 140/194/120 136/180/120
f 123/195/121 134/174/121 140/176/121
f 129/172/122 139/181/122 135/177/122
f 139/181/123 128/169/123 136/180/123
f 129/172/124 74/107/124 133/196/124
f 74/197/125 127/166/125 133/168/125
f 80/116/126 137/179/126 84/198/126
f 137/199/127 78/111/127 84/113/127
f 85/119/128 113/151/128 127/166/128
f 79/114/129 86/122/129 73/108/129
f 135/177/130 72/106/130 129/172/130
f 78/111/131 120/158/131 106/143/131
f 93/130/132 100/138/132 87/125/132
f 101/141/133 122/164/133 114/154/133
f 121/161/134 128/169/134 115/157/134
f 141/200/135 145/201/135 147/202/135
f 142/203/136 145/204/136 144/205/136
f 143/206/137 145/207/137 146/208/137
f 148/209/138 152/210/138 154/211/138
f 149/212/139 152/14/139 151/213/139
f 150/214/140 152/215/140 153/118/140
f 155/216/141 159/217/141 161/218/141
f 156/219/142 159/220/142 158/221/142
f 157/222/143 159/220/143 160/223/143
f 162/224/144 166/225/144 168/226/144
f 163/227/145 166/228/145 165/229/145
f 164/230/146 166/228/146 167/231/146
f 169/232/147 173/233/147 175/234/147
f 170/235/148 173/236/148 172/237/148
f 171/238/149 173/236/149 174/239/149
f 176/240/150 180/241/150 182/242/150
f 177/243/151 180/244/151 179/245/151
f 178/246/152 180/244/152 181/247/152
f 183/248/153 187/249/153 189/250/153
f 184/251/154 187/252/154 186/253/154
f 185/254/155 187/252/155 188/255/155
f 190/256/156 194/257/156 196/258/156
f 191/259/157 194/260/157 193/261/157
f 192/262/158 194/260/158 195/263/158
f 197/264/159 201/265/159 203/266/159
f 198/267/160 201/268/160 200/269/160
f 199/270/161 201/268/161 202/271/161
f 204/272/162 208/273/162 210/274/162
f 205/275/163 208/276/163 207/277/163
f 206/278/164 208/276/164 209/279/164
f 156/219/165 147/280/165 143/206/165
f 158/281/166 141/200/166 147/202/166
f 164/230/167 151/213/167 168/282/167
f 168/226/168 148/209/168 162/224/168
f 142/203/169 153/118/169 146/283/169
f 153/88/170 143/206/170 146/208/170
f 157/222/171 167/231/171 163/227/171
f 167/231/172 156/219/172 164/230/172
f 157/222/173 172/237/173 161/284/173
f 172/285/174 155/216/174 161/218/174
f 163/227/175 182/286/175 178/246/175
f 165/287/176 176/240/176 182/242/176
f 171/238/177 181/247/177 177/243/177
f 181/247/178 170/235/178 178/246/178
f 184/251/179 175/288/179 171/238/179
f 186/289/180 169/232/180 175/234/180
f 177/243/181 196/290/181 192/262/181
f 179/291/182 190/256/182 196/258/182
f 185/254/183 195/263/183 191/259/183
f 195/263/184 184/251/184 192/262/184
f 198/267/185 189/292/185 185/254/185
f 189/250/186 197/264/186 183/248/186
f 206/278/187 193/261/187 210/293/187
f 193/294/188 204/272/188 210/274/188
f 199/270/189 209/279/189 205/275/189
f 209/279/190 198/267/190 206/278/190
f 199/270/191 144/205/191 203/295/191
f 144/296/192 197/264/192 203/266/192
f 205/275/193 154/297/193 150/214/193
f 207/298/194 148/209/194 154/211/194
f 155/216/195 183/248/195 197/264/195
f 149/212/196 156/219/196 143/206/196
f 205/275/197 142/203/197 199/270/197
f 148/209/198 190/256/198 176/240/198
f 163/227/199 170/235/199 157/222/199
f 177/243/200 184/251/200 171/238/200
f 191/259/201 198/267/201 185/254/201
f 211/299/202 215/2/202 217/3/202
f 212/300/203 215/5/203 214/6/203
f 213/7/204 215/8/204 216/9/204
f 218/10/205 222/11/205 224/12/205
f 219/13/206 222/14/206 221/15/206
f 220/301/207 222/17/207 223/18/207
f 225/302/208 229/20/208 231/21/208
f 226/303/209 229/23/209 228/24/209
f 227/25/210 229/23/210 230/304/210
f 232/27/211 236/28/211 238/29/211
f 233/305/212 236/31/212 235/32/212
f 234/33/213 236/31/213 237/306/213
f 239/307/214 243/36/214 245/37/214
f 240/38/215 243/39/215 242/40/215
f 241/308/216 243/39/216 244/309/216
f 246/310/217 250/44/217 252/45/217
f 247/311/218 250/47/218 249/48/218
f 248/49/219 250/47/219 251/247/219
f 253/312/220 257/52/220 259/53/220
f 254/54/221 257/55/221 256/56/221
f 255/313/222 257/55/222 258/314/222
f 260/315/223 264/60/223 266/61/223
f 261/316/224 264/63/224 263/64/224
f 262/65/225 264/63/225 265/317/225
f 267/318/226 271/68/226 273/69/226
f 268/319/227 271/71/227 270/72/227
f 269/73/228 271/71/228 272/74/228
f 274/320/229 278/76/229 280/77/229
f 275/321/230 278/79/230 277/80/230
f 276/81/231 278/79/231 279/322/231
f 213/7/232 228/24/232 217/83/232
f 217/3/233 225/302/233 211/299/233
f 219/13/234 238/85/234 234/33/234
f 238/29/235 218/10/235 232/27/235
f 212/300/236 223/18/236 216/87/236
f 223/88/237 213/7/237 216/9/237
f 227/25/238 237/306/238 233/305/238
f 237/306/239 226/303/239 234/33/239
f 227/25/240 242/40/240 231/89/240
f 242/90/241 225/302/241 231/21/241
f 248/49/242 235/32/242 252/91/242
f 235/92/243 246/310/243 252/45/243
f 241/308/244 251/247/244 247/311/244
f 251/247/245 240/38/245 248/49/245
f 241/308/246 256/56/246 245/93/246
f 256/323/247 239/307/247 245/37/247
f 247/311/248 266/94/248 262/65/248
f 266/61/249 246/310/249 260/315/249
f 255/313/250 265/317/250 261/316/250
f 265/317/251 254/54/251 262/65/251
f 268/319/252 259/96/252 255/313/252
f 259/53/253 267/318/253 253/312/253
f 261/316/254 280/98/254 276/81/254
f 263/324/255 274/320/255 280/77/255
f 269/73/256 279/322/256 275/321/256
f 279/322/257 268/319/257 276/81/257
f 269/73/258 214/6/258 273/99/258
f 273/69/259 211/299/259 267/318/259
f 275/321/260 224/101/260 220/301/260
f 277/102/261 218/10/261 224/12/261
f 225/302/262 253/312/262 267/318/262
f 219/13/263 226/303/263 213/7/263
f 269/73/264 220/301/264 212/300/264
f 218/10/265 260/315/265 246/310/265
f 233/305/266 240/38/266 227/25/266
f 247/311/267 254/54/267 241/308/267
f 255/313/268 276/81/268 268/319/268
f 281/325/269 285/104/269 287/105/269
f 282/106/270 285/5/270 284/107/270
f 283/326/271 285/109/271 286/110/271
f 288/111/272 292/112/272 294/113/272
f 289/327/273 292/14/273 291/115/273
f 290/328/274 292/117/274 293/118/274
f 295/329/275 299/120/275 301/121/275
f 296/330/276 299/123/276 298/124/276
f 297/331/277 299/123/277 300/26/277
f 302/332/278 306/128/278 308/129/278
f 303/333/279 306/131/279 305/132/279
f 304/133/280 306/131/280 307/306/280
f 309/334/281 313/136/281 315/137/281
f 310/335/282 313/139/282 312/140/282
f 311/141/283 313/139/283 314/42/283
f 316/143/284 320/144/284 322/145/284
f 317/336/285 320/147/285 319/148/285
f 318/149/286 320/147/286 321/150/286
f 323/337/287 327/152/287 329/153/287
f 324/338/288 327/155/288 326/156/288
f 325/339/289 327/155/289 328/340/289
f 330/158/290 334/159/290 336/160/290
f 331/341/291 334/162/291 333/163/291
f 332/342/292 334/162/292 335/165/292
f 337/166/293 341/167/293 343/168/293
f 338/343/294 341/170/294 340/171/294
f 339/344/295 341/170/295 342/173/295
f 344/345/296 348/175/296 350/176/296
f 345/177/297 348/178/297 347/179/297
f 346/346/298 348/178/298 349/347/298
f 296/330/299 287/182/299 283/326/299
f 298/183/300 281/325/300 287/105/300
f 289/327/301 308/184/301 304/133/301
f 291/348/302 302/332/302 308/129/302
f 282/106/303 293/118/303 286/185/303
f 293/186/304 283/326/304 286/110/304
f 297/331/305 307/306/305 303/333/305
f 307/306/306 296/330/306 304/133/306
f 310/335/307 301/187/307 297/331/307
f 312/349/308 295/329/308 301/121/308
f 303/333/309 322/188/309 318/149/309
f 322/145/310 302/332/310 316/143/310
f 311/141/311 321/150/311 317/336/311
f 321/150/312 310/335/312 318/149/312
f 311/141/313 326/156/313 315/190/313
f 326/191/314 309/334/314 315/137/314
f 317/336/315 336/192/315 332/342/315
f 319/350/316 330/158/316 336/160/316
f 325/339/317 335/165/317 331/341/317
f 335/165/318 324/338/318 332/342/318
f 338/343/319 329/193/319 325/339/319
f 340/351/320 323/337/320 329/153/320
f 346/346/321 333/163/321 350/194/321
f 333/195/322 344/345/322 350/176/322
f 339/344/323 349/347/323 345/177/323
f 349/347/324 338/343/324 346/346/324
f 282/106/325 343/196/325 339/344/325
f 343/168/326 281/325/326 337/166/326
f 345/177/327 294/198/327 290/328/327
f 347/199/328 288/111/328 294/113/328
f 295/329/329 323/337/329 337/166/329
f 289/327/330 296/330/330 283/326/330
f 339/344/331 290/328/331 282/106/331
f 288/111/332 330/158/332 316/143/332
f 303/333/333 310/335/333 297/331/333
f 317/336/334 324/338/334 311/141/334
f 325/339/335 346/346/335 338/343/335
f 351/200/336 355/201/336 357/202/336
f 352/203/337 355/204/337 354/205/337
f 353/206/338 355/207/338 356/208/338
f 358/209/339 362/210/339 364/211/339
f 359/212/340 362/14/340 361/213/340
f 360/214/341 362/215/341 363/118/341
f 365/216/342 369/217/342 371/218/342
f 366/219/343 369/220/343 368/221/343
f 367/222/344 369/220/344 370/223/344
f 372/224/345 376/225/345 378/226/345
f 373/227/346 376/228/346 375/229/346
f 374/230/347 376/228/347 377/231/347
f 379/232/348 383/233/348 385/234/348
f 380/235/349 383/236/349 382/237/349
f 381/238/350 383/236/350 384/239/350
f 386/240/351 390/241/351 392/242/351
f 387/243/352 390/244/352 389/245/352
f 388/246/353 390/244/353 391/247/353
f 393/248/354 397/249/354 399/250/354
f 394/251/355 397/252/355 396/253/355
f 395/254/356 397/252/356 398/255/356
f 400/256/357 404/257/357 406/258/357
f 401/259/358 404/260/358 403/261/358
f 402/262/359 404/260/359 405/263/359
f 407/264/360 411/265/360 413/266/360
f 408/267/361 411/268/361 410/269/361
f 409/270/362 411/268/362 412/271/362
f 414/272/363 418/273/363 420/274/363
f 415/275/364 418/276/364 417/277/364
f 416/278/365 418/276/365 419/279/365
f 366/219/366 357/280/366 353/206/366
f 368/281/367 351/200/367 357/202/367
f 374/230/368 361/213/368 378/282/368
f 361/352/369 372/224/369 378/226/369
f 352/203/370 363/118/370 356/283/370
f 363/88/371 353/206/371 356/208/371
f 367/222/372 377/231/372 373/227/372
f 377/231/373 366/219/373 374/230/373
f 380/235/374 371/284/374 367/222/374
f 371/218/375 379/232/375 365/216/375
f 373/227/376 392/286/376 388/246/376
f 375/287/377 386/240/377 392/242/377
f 381/238/378 391/247/378 387/243/378
f 391/247/379 380/235/379 388/246/379
f 381/238/380 396/253/380 385/288/380
f 396/289/381 379/232/381 385/234/381
f 402/262/382 389/245/382 406/290/382
f 406/258/383 386/240/383 400/256/383
f 395/254/384 405/263/384 401/259/384
f 405/263/385 394/251/385 402/262/385
f 408/267/386 399/292/386 395/254/386
f 410/353/387 393/248/387 399/250/387
f 416/278/388 403/261/388 420/293/388
f 420/274/389 400/256/389 414/272/389
f 409/270/390 419/279/390 415/275/390
f 419/279/391 408/267/391 416/278/391
f 409/270/392 354/205/392 413/295/392
f 354/296/393 407/264/393 413/266/393
f 415/275/394 364/297/394 360/214/394
f 364/211/395 414/272/395 358/209/395
f 365/216/396 393/248/396 407/264/396
f 359/212/397 366/219/397 353/206/397
f 415/275/398 352/203/398 409/270/398
f 358/209/399 400/256/399 386/240/399
f 367/222/400 388/246/400 380/235/400
f 387/243/401 394/251/401 381/238/401
f 401/259/402 408/267/402 395/254/402
f 421/299/403 425/2/403 427/3/403
f 422/300/404 425/5/404 424/6/404
f 423/7/405 425/8/405 426/9/405
f 428/10/406 432/11/406 434/12/406
f 429/13/407 432/14/407 431/15/407
f 430/301/408 432/17/408 433/18/408
f 435/302/409 439/20/409 441/21/409
f 436/303/410 439/23/410 438/24/410
f 437/25/411 439/23/411 440/304/411
f 442/27/412 446/28/412 448/29/412
f 443/305/413 446/31/413 445/32/413
f 444/33/414 446/31/414 447/306/414
f 449/307/415 453/36/415 455/37/415
f 450/38/416 453/39/416 452/40/416
f 451/308/417 453/39/417 454/309/417
f 456/310/418 460/44/418 462/45/418
f 457/311/419 460/47/419 459/48/419
f 458/49/420 460/47/420 461/247/420
f 463/312/421 467/52/421 469/53/421
f 464/54/422 467/55/422 466/56/422
f 465/313/423 467/55/423 468/314/423
f 470/315/424 474/60/424 476/61/424
f 471/316/425 474/63/425 473/64/425
f 472/65/426 474/63/426 475/317/426
f 477/354/427 481/68/427 483/69/427
f 478/319/428 481/71/428 480/72/428
f 479/73/429 481/71/429 482/74/429
f 484/320/430 488/76/430 490/77/430
f 485/321/431 488/79/431 487/80/431
f 486/81/432 488/79/432 489/322/432
f 423/7/433 438/24/433 427/83/433
f 438/84/434 421/299/434 427/3/434
f 429/13/435 448/85/435 444/33/435
f 431/86/436 442/27/436 448/29/436
f 422/300/437 433/18/437 426/87/437
f 433/88/438 423/7/438 426/9/438
f 437/25/439 447/306/439 443/305/439
f 447/306/440 436/303/440 444/33/440
f 450/38/441 441/89/441 437/25/441
f 452/90/442 435/302/442 441/21/442
f 458/49/443 445/32/443 462/91/443
f 445/92/444 456/310/444 462/45/444
f 451/308/445 461/247/445 457/311/445
f 461/247/446 450/38/446 458/49/446
f 451/308/447 466/56/447 455/93/447
f 466/323/448 449/307/448 455/37/448
f 457/311/449 476/94/449 472/65/449
f 459/95/450 470/315/450 476/61/450
f 465/313/451 475/317/451 471/316/451
f 475/317/452 464/54/452 472/65/452
f 478/319/453 469/96/453 465/313/453
f 469/53/454 477/354/454 463/312/454
f 471/316/455 490/98/455 486/81/455
f 473/324/456 484/320/456 490/77/456
f 479/73/457 489/322/457 485/321/457
f 489/322/458 478/319/458 486/81/458
f 422/300/459 483/99/459 479/73/459
f 424/100/460 477/354/460 483/69/460
f 485/321/461 434/101/461 430/301/461
f 434/12/462 484/320/462 428/10/462
f 435/302/463 463/312/463 477/354/463
f 423/7/464 444/33/464 436/303/464
f 485/321/465 422/300/465 479/73/465
f 428/10/466 470/315/466 456/310/466
f 437/25/467 458/49/467 450/38/467
f 457/311/468 464/54/468 451/308/468
f 471/316/469 478/319/469 465/313/469
f 491/325/470 495/104/470 497/105/470
f 492/106/471 495/5/471 494/107/471
f 493/326/472 495/109/472 496/110/472
f 498/111/473 502/112/473 504/113/473
f 499/327/474 502/14/474 501/115/474
f 500/328/475 502/117/475 503/118/475
f 505/329/476 509/120/476 511/121/476
f 506/330/477 509/123/477 508/124/477
f 507/355/478 509/123/478 510/26/478
f 512/332/479 516/128/479 518/129/479
f 513/333/480 516/131/480 515/132/480
f 514/133/481 516/131/481 517/306/481
f 519/334/482 523/136/482 525/137/482
f 520/335/483 523/139/483 522/140/483
f 521/141/484 523/139/484 524/42/484
f 526/143/485 530/144/485 532/145/485
f 527/336/486 530/147/486 529/148/486
f 528/149/487 530/147/487 531/150/487
f 533/337/488 537/152/488 539/153/488
f 534/338/489 537/155/489 536/156/489
f 535/339/490 537/155/490 538/340/490
f 540/158/491 544/159/491 546/160/491
f 541/341/492 544/162/492 543/163/492
f 542/342/493 544/162/493 545/165/493
f 547/166/494 551/167/494 553/168/494
f 548/343/495 551/170/495 550/171/495
f 549/344/496 551/170/496 552/173/496
f 554/345/497 558/175/497 560/176/497
f 555/177/498 558/178/498 557/179/498
f 556/346/499 558/178/499 559/347/499
f 506/330/500 497/182/500 493/326/500
f 508/183/501 491/325/501 497/105/501
f 499/327/502 518/184/502 514/133/502
f 518/129/503 498/111/503 512/332/503
f 492/106/504 503/118/504 496/185/504
f 503/186/505 493/326/505 496/110/505
f 507/355/506 517/306/506 513/333/506
f 517/306/507 506/330/507 514/133/507
f 520/335/508 511/187/508 507/355/508
f 522/349/509 505/329/509 511/121/509
f 513/333/510 532/188/510 528/149/510
f 515/189/511 526/143/511 532/145/511
f 521/141/512 531/150/512 527/336/512
f 531/150/513 520/335/513 528/149/513
f 534/338/514 525/190/514 521/141/514
f 525/137/515 533/337/515 519/334/515
f 527/336/516 546/192/516 542/342/516
f 546/160/517 526/143/517 540/158/517
f 535/339/518 545/165/518 541/341/518
f 545/165/519 534/338/519 542/342/519
f 548/343/520 539/193/520 535/339/520
f 539/153/521 547/166/521 533/337/521
f 556/346/522 543/163/522 560/194/522
f 560/176/523 540/158/523 554/345/523
f 549/344/524 559/347/524 555/177/524
f 559/347/525 548/343/525 556/346/525
f 549/344/526 494/107/526 553/196/526
f 494/197/527 547/166/527 553/168/527
f 555/177/528 504/198/528 500/328/528
f 557/199/529 498/111/529 504/113/529
f 505/329/530 533/337/530 547/166/530
f 499/327/531 506/330/531 493/326/531
f 549/344/532 500/328/532 492/106/532
f 498/111/533 540/158/533 526/143/533
f 513/333/534 520/335/534 507/355/534
f 527/336/535 534/338/535 521/141/535
f 535/339/536 556/346/536 548/343/536
f 561/200/537 565/201/537 567/202/537
f 562/203/538 565/204/538 564/205/538
f 563/356/539 565/207/539 566/208/539
f 568/209/540 572/210/540 574/211/540
f 569/212/541 572/14/541 571/213/541
f 570/214/542 572/215/542 573/118/542
f 575/216/543 579/217/543 581/218/543
f 576/219/544 579/220/544 578/221/544
f 577/222/545 579/220/545 580/223/545
f 582/224/546 586/225/546 588/226/546
f 583/227/547 586/228/547 585/229/547
f 584/230/548 586/228/548 587/231/548
f 589/232/549 593/233/549 595/234/549
f 590/235/550 593/236/550 592/237/550
f 591/238/551 593/236/551 594/239/551
f 596/240/552 600/241/552 602/242/552
f 597/243/553 600/244/553 599/245/553
f 598/246/554 600/244/554 601/247/554
f 603/248/555 607/249/555 609/250/555
f 604/251/556 607/252/556 606/253/556
f 605/254/557 607/252/557 608/255/557
f 610/256/558 614/257/558 616/258/558
f 611/259/559 614/260/559 613/261/559
f 612/262/560 614/260/560 615/263/560
f 617/264/561 621/265/561 623/266/561
f 618/267/562 621/268/562 620/269/562
f 619/270/563 621/268/563 622/271/563
f 624/272/564 628/273/564 630/274/564
f 625/275/565 628/276/565 627/277/565
f 626/278/566 628/276/566 629/279/566
f 563/356/567 578/221/567 567/280/567
f 578/281/568 561/200/568 567/202/568
f 584/230/569 571/213/569 588/282/569
f 588/226/570 568/209/570 582/224/570
f 562/203/571 573/118/571 566/283/571
f 573/88/572 563/356/572 566/208/572
f 577/222/573 587/231/573 583/227/573
f 587/231/574 576/219/574 584/230/574
f 590/235/575 581/284/575 577/222/575
f 581/218/576 589/232/576 575/216/576
f 583/227/577 602/286/577 598/246/577
f 602/242/578 582/224/578 596/240/578
f 591/238/579 601/247/579 597/243/579
f 601/247/580 590/235/580 598/246/580
f 591/238/581 606/253/581 595/288/581
f 606/289/582 589/232/582 595/234/582
f 612/262/583 599/245/583 616/290/583
f 616/258/584 596/240/584 610/256/584
f 605/254/585 615/263/585 611/259/585
f 615/263/586 604/251/586 612/262/586
f 618/267/587 609/292/587 605/254/587
f 620/353/588 603/248/588 609/250/588
f 611/259/589 630/293/589 626/278/589
f 613/294/590 624/272/590 630/274/590
f 619/270/591 629/279/591 625/275/591
f 629/279/592 618/267/592 626/278/592
f 619/270/593 564/205/593 623/295/593
f 564/296/594 617/264/594 623/266/594
f 570/214/595 627/277/595 574/297/595
f 574/211/596 624/272/596 568/209/596
f 575/216/597 603/248/597 617/264/597
f 569/212/598 576/219/598 563/356/598
f 625/275/599 562/203/599 619/270/599
f 568/209/600 610/256/600 596/240/600
f 577/222/601 598/246/601 590/235/601
f 597/243/602 604/251/602 591/238/602
f 605/254/603 626/278/603 618/267/603
f 631/299/604 635/2/604 637/3/604
f 632/300/605 635/5/605 634/6/605
f 633/7/606 635/8/606 636/9/606
f 638/10/607 642/11/607 644/12/607
f 639/13/608 642/14/608 641/15/608
f 640/301/609 642/17/609 643/18/609
f 645/302/610 649/20/610 651/21/610
f 646/303/611 649/23/611 648/24/611
f 647/25/612 649/23/612 650/304/612
f 652/27/613 656/28/613 658/29/613
f 653/357/614 656/31/614 655/32/614
f 654/33/615 656/31/615 657/306/615
f 659/358/616 663/36/616 665/37/616
f 660/38/617 663/39/617 662/40/617
f 661/308/618 663/39/618 664/309/618
f 666/310/619 670/44/619 672/45/619
f 667/311/620 670/47/620 669/48/620
f 668/359/621 670/47/621 671/247/621
f 673/312/622 677/52/622 679/53/622
f 674/54/623 677/55/623 676/56/623
f 675/313/624 677/55/624 678/314/624
f 680/315/625 684/60/625 686/61/625
f 681/316/626 684/63/626 683/64/626
f 682/65/627 684/63/627 685/317/627
f 687/318/628 691/68/628 693/69/628
f 688/319/629 691/71/629 690/72/629
f 689/73/630 691/71/630 692/74/630
f 694/320/631 698/76/631 700/77/631
f 695/321/632 698/79/632 697/80/632
f 696/81/633 698/79/633 699/322/633
f 646/303/634 637/83/634 633/7/634
f 648/84/635 631/299/635 637/3/635
f 639/13/636 658/85/636 654/33/636
f 641/86/637 652/27/637 658/29/637
f 632/300/638 643/18/638 636/87/638
f 643/88/639 633/7/639 636/9/639
f 647/25/640 657/306/640 653/357/640
f 657/306/641 646/303/641 654/33/641
f 647/25/642 662/40/642 651/89/642
f 662/90/643 645/302/643 651/21/643
f 653/357/644 672/91/644 668/359/644
f 672/45/645 652/27/645 666/310/645
f 661/308/646 671/247/646 667/311/646
f 671/247/647 660/38/647 668/359/647
f 661/308/648 676/56/648 665/93/648
f 676/323/649 659/358/649 665/37/649
f 682/65/650 669/48/650 686/94/650
f 669/95/651 680/315/651 686/61/651
f 675/313/652 685/317/652 681/316/652
f 685/317/653 674/54/653 682/65/653
f 688/319/654 679/96/654 675/313/654
f 690/97/655 673/312/655 679/53/655
f 696/81/656 683/64/656 700/98/656
f 700/77/657 680/315/657 694/320/657
f 689/73/658 699/322/658 695/321/658
f 699/322/659 688/319/659 696/81/659
f 689/73/660 634/6/660 693/99/660
f 693/69/661 631/299/661 687/318/661
f 695/321/662 644/101/662 640/301/662
f 697/102/663 638/10/663 644/12/663
f 645/302/664 673/312/664 687/318/664
f 639/13/665 646/303/665 633/7/665
f 695/321/666 632/300/666 689/73/666
f 638/10/667 680/315/667 666/310/667
f 653/357/668 660/38/668 647/25/668
f 661/308/669 682/65/669 674/54/669
f 681/316/670 688/319/670 675/313/670
f 701/325/671 705/104/671 707/105/671
f 702/106/672 705/5/672 704/107/672
f 703/108/673 705/109/673 706/110/673
f 708/111/674 712/112/674 714/113/674
f 709/114/675 712/14/675 711/115/675
f 710/116/676 712/117/676 713/118/676
f 715/119/677 719/120/677 721/121/677
f 716/122/678 719/123/678 718/124/678
f 717/125/679 719/123/679 720/126/679
f 722/127/680 726/128/680 728/129/680
f 723/130/681 726/131/681 725/132/681
f 724/133/682 726/131/682 727/134/682
f 729/135/683 733/136/683 735/137/683
f 730/138/684 733/139/684 732/140/684
f 731/360/685 733/139/685 734/142/685
f 736/143/686 740/144/686 742/145/686
f 737/146/687 740/147/687 739/148/687
f 738/149/688 740/147/688 741/150/688
f 743/151/689 747/152/689 749/153/689
f 744/154/690 747/155/690 746/156/690
f 745/361/691 747/155/691 748/58/691
f 750/362/692 754/159/692 756/160/692
f 751/363/693 754/162/693 753/163/693
f 752/164/694 754/162/694 755/165/694
f 757/364/695 761/167/695 763/168/695
f 758/169/696 761/170/696 760/171/696
f 759/365/697 761/170/697 762/173/697
f 764/174/698 768/175/698 770/176/698
f 765/177/699 768/178/699 767/179/699
f 766/180/700 768/178/700 769/181/700
f 703/108/701 718/124/701 707/182/701
f 718/183/702 701/325/702 707/105/702
f 724/133/703 711/115/703 728/184/703
f 711/348/704 722/127/704 728/129/704
f 702/106/705 713/118/705 706/185/705
f 713/186/706 703/108/706 706/110/706
f 717/125/707 727/134/707 723/130/707
f 727/134/708 716/122/708 724/133/708
f 730/138/709 721/187/709 717/125/709
f 732/349/710 715/119/710 721/121/710
f 723/130/711 742/188/711 738/149/711
f 742/145/712 722/127/712 736/143/712
f 731/360/713 741/150/713 737/146/713
f 741/150/714 730/138/714 738/149/714
f 731/360/715 746/156/715 735/190/715
f 746/191/716 729/135/716 735/137/716
f 737/146/717 756/192/717 752/164/717
f 739/350/718 750/362/718 756/160/718
f 745/361/719 755/165/719 751/363/719
f 755/165/720 744/154/720 752/164/720
f 758/169/721 749/193/721 745/361/721
f 760/351/722 743/151/722 749/153/722
f 766/180/723 753/163/723 770/194/723
f 770/176/724 750/362/724 764/174/724
f 759/365/725 769/181/725 765/177/725
f 769/181/726 758/169/726 766/180/726
f 759/365/727 704/107/727 763/196/727
f 704/197/728 757/364/728 763/168/728
f 765/177/729 714/198/729 710/116/729
f 767/199/730 708/111/730 714/113/730
f 715/119/731 743/151/731 757/364/731
f 709/114/732 716/122/732 703/108/732
f 765/177/733 702/106/733 759/365/733
f 708/111/734 750/362/734 736/143/734
f 723/130/735 730/138/735 717/125/735
f 737/146/736 744/154/736 731/360/736
f 751/363/737 758/169/737 745/361/737
f 771/200/738 775/201/738 777/202/738
f 772/366/739 775/204/739 774/205/739
f 773/367/740 775/207/740 776/208/740
f 778/368/741 782/210/741 784/211/741
f 779/212/742 782/14/742 781/213/742
f 780/369/743 782/215/743 783/118/743
f 785/370/744 789/217/744 791/218/744
f 786/371/745 789/220/745 788/221/745
f 787/222/746 789/220/746 790/372/746
f 792/224/747 796/225/747 798/226/747
f 793/373/748 796/228/748 795/229/748
f 794/230/749 796/228/749 797/374/749
f 799/232/750 803/233/750 805/234/750
f 800/375/751 803/236/751 802/237/751
f 801/238/752 803/236/752 804/376/752
f 806/377/753 810/241/753 812/242/753
f 807/243/754 810/244/754 809/245/754
f 808/246/755 810/244/755 811/378/755
f 813/248/756 817/249/756 819/250/756
f 814/251/757 817/252/757 816/253/757
f 815/379/758 817/252/758 818/340/758
f 820/256/759 824/257/759 826/258/759
f 821/380/760 824/260/760 823/261/760
f 822/262/761 824/260/761 825/381/761
f 827/382/762 831/265/762 833/266/762
f 828/383/763 831/268/763 830/269/763
f 829/384/764 831/268/764 832/173/764
f 834/272/765 838/273/765 840/274/765
f 835/385/766 838/276/766 837/277/766
f 836/386/767 838/276/767 839/82/767
f 773/367/768 788/221/768 777/280/768
f 777/202/769 785/370/769 771/200/769
f 779/212/770 798/282/770 794/230/770
f 781/352/771 792/224/771 798/226/771
f 772/366/772 783/118/772 776/283/772
f 783/88/773 773/367/773 776/208/773
f 787/222/774 797/374/774 793/373/774
f 797/374/775 786/371/775 794/230/775
f 800/375/776 791/284/776 787/222/776
f 802/285/777 785/370/777 791/218/777
f 808/246/778 795/229/778 812/286/778
f 812/242/779 792/224/779 806/377/779
f 801/238/780 811/378/780 807/243/780
f 811/378/781 800/375/781 808/246/781
f 801/238/782 816/253/782 805/288/782
f 816/289/783 799/232/783 805/234/783
f 822/262/784 809/245/784 826/290/784
f 826/258/785 806/377/785 820/256/785
f 815/379/786 825/381/786 821/380/786
f 825/381/787 814/251/787 822/262/787
f 828/383/788 819/292/788 815/379/788
f 819/250/789 827/382/789 813/248/789
f 821/380/790 840/293/790 836/386/790
f 823/294/791 834/272/791 840/274/791
f 829/384/792 839/82/792 835/385/792
f 839/82/793 828/383/793 836/386/793
f 829/384/794 774/205/794 833/295/794
f 774/296/795 827/382/795 833/266/795
f 835/385/796 784/297/796 780/369/796
f 837/298/797 778/368/797 784/211/797
f 785/370/798 813/248/798 827/382/798
f 773/367/799 794/230/799 786/371/799
f 835/385/800 772/366/800 829/384/800
f 778/368/801 820/256/801 806/377/801
f 793/373/802 800/375/802 787/222/802
f 807/243/803 814/251/803 801/238/803
f 815/379/804 836/386/804 828/383/804
f 841/299/805 845/2/805 847/3/805
f 842/300/806 845/5/806 844/6/806
f 843/7/807 845/8/807 846/9/807
f 848/10/808 852/11/808 854/12/808
f 849/13/809 852/14/809 851/15/809
f 850/301/810 852/17/810 853/18/810
f 855/302/811 859/20/811 861/21/811
f 856/303/812 859/23/812 858/24/812
f 857/25/813 859/23/813 860/304/813
f 862/27/814 866/28/814 868/29/814
f 863/357/815 866/31/815 865/32/815
f 864/33/816 866/31/816 867/306/816
f 869/358/817 873/36/817 875/37/817
f 870/38/818 873/39/818 872/40/818
f 871/308/819 873/39/819 874/309/819
f 876/310/820 880/44/820 882/45/820
f 877/311/821 880/47/821 879/48/821
f 878/359/822 880/47/822 881/247/822
f 883/312/823 887/52/823 889/53/823
f 884/54/824 887/55/824 886/56/824
f 885/57/825 887/55/825 888/314/825
f 890/315/826 894/60/826 896/61/826
f 891/316/827 894/63/827 893/64/827
f 892/65/828 894/63/828 895/317/828
f 897/318/829 901/68/829 903/69/829
f 898/319/830 901/71/830 900/72/830
f 899/73/831 901/71/831 902/74/831
f 904/320/832 908/76/832 910/77/832
f 905/321/833 908/79/833 907/80/833
f 906/81/834 908/79/834 909/322/834
f 856/303/835 847/83/835 843/7/835
f 847/3/836 855/302/836 841/299/836
f 849/13/837 868/85/837 864/33/837
f 851/86/838 862/27/838 868/29/838
f 842/300/839 853/18/839 846/87/839
f 853/88/840 843/7/840 846/9/840
f 857/25/841 867/306/841 863/357/841
f 867/306/842 856/303/842 864/33/842
f 857/25/843 872/40/843 861/89/843
f 872/90/844 855/302/844 861/21/844
f 878/359/845 865/32/845 882/91/845
f 865/92/846 876/310/846 882/45/846
f 871/308/847 881/247/847 877/311/847
f 881/247/848 870/38/848 878/359/848
f 884/54/849 875/93/849 871/308/849
f 886/323/850 869/358/850 875/37/850
f 892/65/851 879/48/851 896/94/851
f 879/95/852 890/315/852 896/61/852
f 885/57/853 895/317/853 891/316/853
f 895/317/854 884/54/854 892/65/854
f 898/319/855 889/96/855 885/57/855
f 889/53/856 897/318/856 883/312/856
f 891/316/857 910/98/857 906/81/857
f 893/324/858 904/320/858 910/77/858
f 899/73/859 909/322/859 905/321/859
f 909/322/860 898/319/860 906/81/860
f 842/300/861 903/99/861 899/73/861
f 844/100/862 897/318/862 903/69/862
f 850/301/863 907/80/863 854/101/863
f 907/102/864 848/10/864 854/12/864
f 855/302/865 883/312/865 897/318/865
f 849/13/866 856/303/866 843/7/866
f 905/321/867 842/300/867 899/73/867
f 848/10/868 890/315/868 876/310/868
f 857/25/869 878/359/869 870/38/869
f 871/308/870 892/65/870 884/54/870
f 891/316/871 898/319/871 885/57/871
f 911/325/872 915/104/872 917/105/872
f 912/106/873 915/5/873 914/107/873
f 913/326/874 915/109/874 916/110/874
f 918/111/875 922/112/875 924/113/875
f 919/327/876 922/14/876 921/115/876
f 920/328/877 922/117/877 923/118/877
f 925/329/878 929/120/878 931/121/878
f 926/330/879 929/123/879 928/124/879
f 927/355/880 929/123/880 930/26/880
f 932/332/881 936/128/881 938/129/881
f 933/333/882 936/131/882 935/132/882
f 934/133/883 936/131/883 937/306/883
f 939/334/884 943/136/884 945/137/884
f 940/335/885 943/139/885 942/140/885
f 941/141/886 943/139/886 944/42/886
f 946/143/887 950/144/887 952/145/887
f 947/336/888 950/147/888 949/148/888
f 948/149/889 950/147/889 951/150/889
f 953/151/890 957/152/890 959/153/890
f 954/338/891 957/155/891 956/156/891
f 955/339/892 957/155/892 958/340/892
f 960/158/893 964/159/893 966/160/893
f 961/341/894 964/162/894 963/163/894
f 962/342/895 964/162/895 965/165/895
f 967/166/896 971/167/896 973/168/896
f 968/343/897 971/170/897 970/171/897
f 969/344/898 971/170/898 972/173/898
f 974/345/899 978/175/899 980/176/899
f 975/177/900 978/178/900 977/179/900
f 976/346/901 978/178/901 979/347/901
f 926/330/902 917/182/902 913/326/902
f 917/105/903 925/329/903 911/325/903
f 919/327/904 938/184/904 934/133/904
f 938/129/905 918/111/905 932/332/905
f 912/106/906 923/118/906 916/185/906
f 923/186/907 913/326/907 916/110/907
f 927/355/908 937/306/908 933/333/908
f 937/306/909 926/330/909 934/133/909
f 940/335/910 931/187/910 927/355/910
f 931/121/911 939/334/911 925/329/911
f 948/149/912 935/132/912 952/188/912
f 935/189/913 946/143/913 952/145/913
f 941/141/914 951/150/914 947/336/914
f 951/150/915 940/335/915 948/149/915
f 941/141/916 956/156/916 945/190/916
f 956/191/917 939/334/917 945/137/917
f 947/336/918 966/192/918 962/342/918
f 949/350/919 960/158/919 966/160/919
f 955/339/920 965/165/920 961/341/920
f 965/165/921 954/338/921 962/342/921
f 968/343/922 959/193/922 955/339/922
f 970/351/923 953/151/923 959/153/923
f 976/346/924 963/163/924 980/194/924
f 980/176/925 960/158/925 974/345/925
f 969/344/926 979/347/926 975/177/926
f 979/347/927 968/343/927 976/346/927
f 912/106/928 973/196/928 969/344/928
f 973/168/929 911/325/929 967/166/929
f 975/177/930 924/198/930 920/328/930
f 924/113/931 974/345/931 918/111/931
f 925/329/932 953/151/932 967/166/932
f 919/327/933 926/330/933 913/326/933
f 975/177/934 912/106/934 969/344/934
f 918/111/935 960/158/935 946/143/935
f 933/333/936 940/335/936 927/355/936
f 947/336/937 954/338/937 941/141/937
f 961/341/938 968/343/938 955/339/938
f 981/200/939 985/201/939 987/202/939
f 982/387/940 985/204/940 984/205/940
f 983/367/941 985/207/941 986/208/941
f 988/368/942 992/210/942 994/211/942
f 989/212/943 992/14/943 991/213/943
f 990/369/944 992/215/944 993/118/944
f 995/370/945 999/217/945 1001/218/945
f 996/371/946 999/220/946 998/221/946
f 997/222/947 999/220/947 1000/372/947
f 1002/224/948 1006/225/948 1008/226/948
f 1003/227/949 1006/228/949 1005/229/949
f 1004/230/950 1006/228/950 1007/374/950
f 1009/232/951 1013/233/951 1015/234/951
f 1010/375/952 1013/236/952 1012/237/952
f 1011/238/953 1013/236/953 1014/376/953
f 1016/377/954 1020/241/954 1022/242/954
f 1017/243/955 1020/244/955 1019/245/955
f 1018/246/956 1020/244/956 1021/378/956
f 1023/248/957 1027/249/957 1029/250/957
f 1024/251/958 1027/252/958 1026/253/958
f 1025/379/959 1027/252/959 1028/340/959
f 1030/256/960 1034/257/960 1036/258/960
f 1031/380/961 1034/260/961 1033/261/961
f 1032/262/962 1034/260/962 1035/381/962
f 1037/382/963 1041/265/963 1043/266/963
f 1038/388/964 1041/268/964 1040/269/964
f 1039/384/965 1041/268/965 1042/173/965
f 1044/272/966 1048/273/966 1050/274/966
f 1045/389/967 1048/276/967 1047/277/967
f 1046/386/968 1048/276/968 1049/82/968
f 996/371/969 987/280/969 983/367/969
f 998/281/970 981/200/970 987/202/970
f 1004/230/971 991/213/971 1008/282/971
f 991/352/972 1002/224/972 1008/226/972
f 982/387/973 993/118/973 986/283/973
f 993/88/974 983/367/974 986/208/974
f 997/222/975 1007/374/975 1003/227/975
f 1007/374/976 996/371/976 1004/230/976
f 1010/375/977 1001/284/977 997/222/977
f 1012/285/978 995/370/978 1001/218/978
f 1003/227/979 1022/286/979 1018/246/979
f 1005/287/980 1016/377/980 1022/242/980
f 1011/238/981 1021/378/981 1017/243/981
f 1021/378/982 1010/375/982 1018/246/982
f 1011/238/983 1026/253/983 1015/288/983
f 1015/234/984 1023/248/984 1009/232/984
f 1032/262/985 1019/245/985 1036/290/985
f 1036/258/986 1016/377/986 1030/256/986
f 1025/379/987 1035/381/987 1031/380/987
f 1035/381/988 1024/251/988 1032/262/988
f 1038/388/989 1029/292/989 1025/379/989
f 1029/250/990 1037/382/990 1023/248/990
f 1031/380/991 1050/293/991 1046/386/991
f 1033/294/992 1044/272/992 1050/274/992
f 1039/384/993 1049/82/993 1045/389/993
f 1049/82/994 1038/388/994 1046/386/994
f 982/387/995 1043/295/995 1039/384/995
f 984/296/996 1037/382/996 1043/266/996
f 990/369/997 1047/277/997 994/297/997
f 1047/298/998 988/368/998 994/211/998
f 995/370/999 1023/248/999 1037/382/999
f 989/212/1000 996/371/1000 983/367/1000
f 1039/384/1001 990/369/1001 982/387/1001
f 988/368/1002 1030/256/1002 1016/377/1002
f 1003/227/1003 1010/375/1003 997/222/1003
f 1017/243/1004 1024/251/1004 1011/238/1004
f 1025/379/1005 1046/386/1005 1038/388/1005
f 1051/390/1006 1055/391/1006 1057/392/1006
f 1052/393/1007 1055/394/1007 1054/395/1007
f 1053/396/1008 1055/397/1008 1056/398/1008
f 1058/399/1009 1062/400/1009 1064/401/1009
f 1059/402/1010 1062/403/1010 1061/404/1010
f 1060/405/1011 1062/406/1011 1063/407/1011
f 1065/408/1012 1069/409/1012 1071/410/1012
f 1066/411/1013 1069/412/1013 1068/413/1013
f 1067/414/1014 1069/412/1014 1070/415/1014
f 1072/416/1015 1076/417/1015 1078/418/1015
f 1073/419/1016 1076/420/1016 1075/421/1016
f 1074/422/1017 1076/420/1017 1077/423/1017
f 1079/424/1018 1083/425/1018 1085/426/1018
f 1080/427/1019 1083/428/1019 1082/429/1019
f 1081/430/1020 1083/428/1020 1084/431/1020
f 1086/432/1021 1090/433/1021 1092/434/1021
f 1087/435/1022 1090/436/1022 1089/437/1022
f 1088/438/1023 1090/436/1023 1091/439/1023
f 1093/440/1024 1097/441/1024 1099/442/1024
f 1094/443/1025 1097/444/1025 1096/445/1025
f 1095/446/1026 1097/444/1026 1098/447/1026
f 1100/448/1027 1104/449/1027 1106/450/1027
f 1101/451/1028 1104/452/1028 1103/453/1028
f 1102/454/1029 1104/452/1029 1105/455/1029
f 1107/456/1030 1111/457/1030 1113/458/1030
f 1108/459/1031 1111/460/1031 1110/461/1031
f 1109/462/1032 1111/460/1032 1112/463/1032
f 1114/464/1033 1118/465/1033 1120/466/1033
f 1115/467/1034 1118/468/1034 1117/469/1034
f 1116/470/1035 1118/468/1035 1119/471/1035
f 1066/411/1036 1057/472/1036 1053/396/1036
f 1057/392/1037 1065/408/1037 1051/390/1037
f 1059/402/1038 1078/473/1038 1074/422/1038
f 1061/474/1039 1072/416/1039 1078/418/1039
f 1052/393/1040 1063/407/1040 1056/475/1040
f 1063/476/1041 1053/396/1041 1056/398/1041
f 1067/414/1042 1077/423/1042 1073/419/1042
f 1077/423/1043 1066/411/1043 1074/422/1043
f 1080/427/1044 1071/477/1044 1067/414/1044
f 1082/478/1045 1065/408/1045 1071/410/1045
f 1088/438/1046 1075/421/1046 1092/479/1046
f 1075/480/1047 1086/432/1047 1092/434/1047
f 1081/430/1048 1091/439/1048 1087/435/1048
f 1091/439/1049 1080/427/1049 1088/438/1049
f 1081/430/1050 1096/445/1050 1085/481/1050
f 1085/426/1051 1093/440/1051 1079/424/1051
f 1102/454/1052 1089/437/1052 1106/482/1052
f 1106/450/1053 1086/432/1053 1100/448/1053
f 1095/446/1054 1105/455/1054 1101/451/1054
f 1105/455/1055 1094/443/1055 1102/454/1055
f 1095/446/1056 1110/461/1056 1099/483/1056
f 1110/484/1057 1093/440/1057 1099/442/1057
f 1116/470/1058 1103/453/1058 1120/485/1058
f 1103/486/1059 1114/464/1059 1120/466/1059
f 1109/462/1060 1119/471/1060 1115/467/1060
f 1119/471/1061 1108/459/1061 1116/470/1061
f 1052/393/1062 1113/487/1062 1109/462/1062
f 1113/458/1063 1051/390/1063 1107/456/1063
f 1115/467/1064 1064/488/1064 1060/405/1064
f 1064/401/1065 1114/464/1065 1058/399/1065
f 1065/408/1066 1093/440/1066 1107/456/1066
f 1059/402/1067 1066/411/1067 1053/396/1067
f 1115/467/1068 1052/393/1068 1109/462/1068
f 1058/399/1069 1100/448/1069 1086/432/1069
f 1073/419/1070 1080/427/1070 1067/414/1070
f 1087/435/1071 1094/443/1071 1081/430/1071
f 1101/451/1072 1108/459/1072 1095/446/1072
f 1121/489/1073 1125/490/1073 1127/491/1073
f 1122/492/1074 1125/394/1074 1124/493/1074
f 1123/494/1075 1125/495/1075 1126/398/1075
f 1128/496/1076 1132/497/1076 1134/498/1076
f 1129/499/1077 1132/403/1077 1131/500/1077
f 1130/501/1078 1132/502/1078 1133/503/1078
f 1135/504/1079 1139/505/1079 1141/506/1079
f 1136/507/1080 1139/508/1080 1138/509/1080
f 1137/510/1081 1139/508/1081 1140/511/1081
f 1142/512/1082 1146/513/1082 1148/514/1082
f 1143/515/1083 1146/516/1083 1145/517/1083
f 1144/518/1084 1146/516/1084 1147/423/1084
f 1149/519/1085 1153/520/1085 1155/521/1085
f 1150/522/1086 1153/523/1086 1152/524/1086
f 1151/525/1087 1153/523/1087 1154/431/1087
f 1156/526/1088 1160/527/1088 1162/528/1088
f 1157/529/1089 1160/530/1089 1159/531/1089
f 1158/532/1090 1160/530/1090 1161/533/1090
f 1163/534/1091 1167/535/1091 1169/536/1091
f 1164/537/1092 1167/538/1092 1166/539/1092
f 1165/540/1093 1167/538/1093 1168/447/1093
f 1170/541/1094 1174/542/1094 1176/543/1094
f 1171/544/1095 1174/545/1095 1173/546/1095
f 1172/547/1096 1174/545/1096 1175/455/1096
f 1177/548/1097 1181/549/1097 1183/550/1097
f 1178/551/1098 1181/552/1098 1180/553/1098
f 1179/554/1099 1181/552/1099 1182/463/1099
f 1184/555/1100 1188/556/1100 1190/557/1100
f 1185/558/1101 1188/559/1101 1187/560/1101
f 1186/561/1102 1188/559/1102 1189/562/1102
f 1123/494/1103 1138/509/1103 1127/563/1103
f 1127/491/1104 1135/504/1104 1121/489/1104
f 1129/499/1105 1148/564/1105 1144/518/1105
f 1131/565/1106 1142/512/1106 1148/514/1106
f 1122/492/1107 1133/503/1107 1126/566/1107
f 1133/567/1108 1123/494/1108 1126/398/1108
f 1137/510/1109 1147/423/1109 1143/515/1109
f 1147/423/1110 1136/507/1110 1144/518/1110
f 1137/510/1111 1152/524/1111 1141/568/1111
f 1141/506/1112 1149/519/1112 1135/504/1112
f 1143/515/1113 1162/569/1113 1158/532/1113
f 1145/570/1114 1156/526/1114 1162/528/1114
f 1151/525/1115 1161/533/1115 1157/529/1115
f 1161/533/1116 1150/522/1116 1158/532/1116
f 1151/525/1117 1166/539/1117 1155/571/1117
f 1166/572/1118 1149/519/1118 1155/521/1118
f 1172/547/1119 1159/531/1119 1176/573/1119
f 1159/574/1120 1170/541/1120 1176/543/1120
f 1165/540/1121 1175/455/1121 1171/544/1121
f 1175/455/1122 1164/537/1122 1172/547/1122
f 1178/551/1123 1169/575/1123 1165/540/1123
f 1169/536/1124 1177/548/1124 1163/534/1124
f 1171/544/1125 1190/576/1125 1186/561/1125
f 1173/577/1126 1184/555/1126 1190/557/1126
f 1179/554/1127 1189/562/1127 1185/558/1127
f 1189/562/1128 1178/551/1128 1186/561/1128
f 1122/492/1129 1183/578/1129 1179/554/1129
f 1124/579/1130 1177/548/1130 1183/550/1130
f 1185/558/1131 1134/580/1131 1130/501/1131
f 1187/581/1132 1128/496/1132 1134/498/1132
f 1135/504/1133 1163/534/1133 1177/548/1133
f 1129/499/1134 1136/507/1134 1123/494/1134
f 1179/554/1135 1130/501/1135 1122/492/1135
f 1128/496/1136 1170/541/1136 1156/526/1136
f 1143/515/1137 1150/522/1137 1137/510/1137
f 1151/525/1138 1172/547/1138 1164/537/1138
f 1171/544/1139 1178/551/1139 1165/540/1139
f 1191/582/1140 1195/583/1140 1197/584/1140
f 1192/585/1141 1195/394/1141 1194/586/1141
f 1193/587/1142 1195/588/1142 1196/589/1142
f 1198/590/1143 1202/591/1143 1204/592/1143
f 1199/593/1144 1202/403/1144 1201/594/1144
f 1200/595/1145 1202/596/1145 1203/407/1145
f 1205/597/1146 1209/598/1146 1211/599/1146
f 1206/600/1147 1209/601/1147 1208/602/1147
f 1207/603/1148 1209/601/1148 1210/604/1148
f 1212/605/1149 1216/606/1149 1218/607/1149
f 1213/608/1150 1216/609/1150 1215/610/1150
f 1214/611/1151 1216/609/1151 1217/612/1151
f 1219/613/1152 1223/614/1152 1225/615/1152
f 1220/616/1153 1223/617/1153 1222/618/1153
f 1221/619/1154 1223/617/1154 1224/431/1154
f 1226/620/1155 1230/621/1155 1232/622/1155
f 1227/623/1156 1230/624/1156 1229/625/1156
f 1228/626/1157 1230/624/1157 1231/627/1157
f 1233/628/1158 1237/629/1158 1239/630/1158
f 1234/631/1159 1237/632/1159 1236/633/1159
f 1235/634/1160 1237/632/1160 1238/447/1160
f 1240/635/1161 1244/636/1161 1246/637/1161
f 1241/638/1162 1244/639/1162 1243/640/1162
f 1242/641/1163 1244/639/1163 1245/642/1163
f 1247/643/1164 1251/644/1164 1253/645/1164
f 1248/646/1165 1251/647/1165 1250/648/1165
f 1249/649/1166 1251/647/1166 1252/650/1166
f 1254/651/1167 1258/652/1167 1260/653/1167
f 1255/654/1168 1258/655/1168 1257/656/1168
f 1256/657/1169 1258/655/1169 1259/471/1169
f 1193/587/1170 1208/602/1170 1197/658/1170
f 1208/659/1171 1191/582/1171 1197/584/1171
f 1199/593/1172 1218/660/1172 1214/611/1172
f 1201/661/1173 1212/605/1173 1218/607/1173
f 1192/585/1174 1203/407/1174 1196/475/1174
f 1203/476/1175 1193/587/1175 1196/589/1175
f 1207/603/1176 1217/612/1176 1213/608/1176
f 1217/612/1177 1206/600/1177 1214/611/1177
f 1207/603/1178 1222/618/1178 1211/662/1178
f 1211/599/1179 1219/613/1179 1205/597/1179
f 1228/626/1180 1215/610/1180 1232/663/1180
f 1215/664/1181 1226/620/1181 1232/622/1181
f 1221/619/1182 1231/627/1182 1227/623/1182
f 1231/627/1183 1220/616/1183 1228/626/1183
f 1234/631/1184 1225/665/1184 1221/619/1184
f 1236/666/1185 1219/613/1185 1225/615/1185
f 1227/623/1186 1246/667/1186 1242/641/1186
f 1246/637/1187 1226/620/1187 1240/635/1187
f 1235/634/1188 1245/642/1188 1241/638/1188
f 1245/642/1189 1234/631/1189 1242/641/1189
f 1248/646/1190 1239/668/1190 1235/634/1190
f 1250/669/1191 1233/628/1191 1239/630/1191
f 1241/638/1192 1260/670/1192 1256/657/1192
f 1260/653/1193 1240/635/1193 1254/651/1193
f 1249/649/1194 1259/471/1194 1255/654/1194
f 1259/471/1195 1248/646/1195 1256/657/1195
f 1249/649/1196 1194/586/1196 1253/671/1196
f 1194/672/1197 1247/643/1197 1253/645/1197
f 1200/595/1198 1257/656/1198 1204/673/1198
f 1204/592/1199 1254/651/1199 1198/590/1199
f 1205/597/1200 1233/628/1200 1247/643/1200
f 1193/587/1201 1214/611/1201 1206/600/1201
f 1255/654/1202 1192/585/1202 1249/649/1202
f 1198/590/1203 1240/635/1203 1226/620/1203
f 1213/608/1204 1220/616/1204 1207/603/1204
f 1221/619/1205 1242/641/1205 1234/631/1205
f 1235/634/1206 1256/657/1206 1248/646/1206
f 1261/299/1207 1265/2/1207 1267/3/1207
f 1262/300/1208 1265/5/1208 1264/6/1208
f 1263/7/1209 1265/8/1209 1266/9/1209
f 1268/10/1210 1272/11/1210 1274/12/1210
f 1269/13/1211 1272/14/1211 1271/15/1211
f 1270/301/1212 1272/17/1212 1273/18/1212
f 1275/19/1213 1279/20/1213 1281/21/1213
f 1276/303/1214 1279/23/1214 1278/24/1214
f 1277/25/1215 1279/23/1215 1280/304/1215
f 1282/27/1216 1286/28/1216 1288/29/1216
f 1283/357/1217 1286/31/1217 1285/32/1217
f 1284/33/1218 1286/31/1218 1287/306/1218
f 1289/358/1219 1293/36/1219 1295/37/1219
f 1290/38/1220 1293/39/1220 1292/40/1220
f 1291/674/1221 1293/39/1221 1294/309/1221
f 1296/310/1222 1300/44/1222 1302/45/1222
f 1297/311/1223 1300/47/1223 1299/48/1223
f 1298/359/1224 1300/47/1224 1301/247/1224
f 1303/312/1225 1307/52/1225 1309/53/1225
f 1304/54/1226 1307/55/1226 1306/56/1226
f 1305/675/1227 1307/55/1227 1308/314/1227
f 1310/315/1228 1314/60/1228 1316/61/1228
f 1311/62/1229 1314/63/1229 1313/64/1229
f 1312/65/1230 1314/63/1230 1315/317/1230
f 1317/354/1231 1321/68/1231 1323/69/1231
f 1318/319/1232 1321/71/1232 1320/72/1232
f 1319/73/1233 1321/71/1233 1322/74/1233
f 1324/320/1234 1328/76/1234 1330/77/1234
f 1325/676/1235 1328/79/1235 1327/80/1235
f 1326/81/1236 1328/79/1236 1329/322/1236
f 1276/303/1237 1267/83/1237 1263/7/1237
f 1278/84/1238 1261/299/1238 1267/3/1238
f 1269/13/1239 1288/85/1239 1284/33/1239
f 1288/29/1240 1268/10/1240 1282/27/1240
f 1262/300/1241 1273/18/1241 1266/87/1241
f 1273/88/1242 1263/7/1242 1266/9/1242
f 1277/25/1243 1287/306/1243 1283/357/1243
f 1287/306/1244 1276/303/1244 1284/33/1244
f 1290/38/1245 1281/89/1245 1277/25/1245
f 1292/90/1246 1275/19/1246 1281/21/1246
f 1298/359/1247 1285/32/1247 1302/91/1247
f 1285/92/1248 1296/310/1248 1302/45/1248
f 1291/674/1249 1301/247/1249 1297/311/1249
f 1301/247/1250 1290/38/1250 1298/359/1250
f 1291/674/1251 1306/56/1251 1295/93/1251
f 1306/323/1252 1289/358/1252 1295/37/1252
f 1297/311/1253 1316/94/1253 1312/65/1253
f 1316/61/1254 1296/310/1254 1310/315/1254
f 1305/675/1255 1315/317/1255 1311/62/1255
f 1315/317/1256 1304/54/1256 1312/65/1256
f 1305/675/1257 1320/72/1257 1309/96/1257
f 1320/97/1258 1303/312/1258 1309/53/1258
f 1311/62/1259 1330/98/1259 1326/81/1259
f 1330/77/1260 1310/315/1260 1324/320/1260
f 1319/73/1261 1329/322/1261 1325/676/1261
f 1329/322/1262 1318/319/1262 1326/81/1262
f 1262/300/1263 1323/99/1263 1319/73/1263
f 1264/100/1264 1317/354/1264 1323/69/1264
f 1325/676/1265 1274/101/1265 1270/301/1265
f 1274/12/1266 1324/320/1266 1268/10/1266
f 1275/19/1267 1303/312/1267 1317/354/1267
f 1269/13/1268 1276/303/1268 1263/7/1268
f 1319/73/1269 1270/301/1269 1262/300/1269
f 1268/10/1270 1310/315/1270 1296/310/1270
f 1277/25/1271 1298/359/1271 1290/38/1271
f 1297/311/1272 1304/54/1272 1291/674/1272
f 1305/675/1273 1326/81/1273 1318/319/1273
f 1331/677/1274 1335/104/1274 1337/105/1274
f 1332/678/1275 1335/5/1275 1334/107/1275
f 1333/679/1276 1335/109/1276 1336/110/1276
f 1338/111/1277 1342/112/1277 1344/113/1277
f 1339/327/1278 1342/14/1278 1341/115/1278
f 1340/328/1279 1342/117/1279 1343/118/1279
f 1345/329/1280 1349/120/1280 1351/121/1280
f 1346/330/1281 1349/123/1281 1348/124/1281
f 1347/355/1282 1349/123/1282 1350/26/1282
f 1352/332/1283 1356/128/1283 1358/129/1283
f 1353/130/1284 1356/131/1284 1355/132/1284
f 1354/133/1285 1356/131/1285 1357/306/1285
f 1359/334/1286 1363/136/1286 1365/137/1286
f 1360/335/1287 1363/139/1287 1362/140/1287
f 1361/141/1288 1363/139/1288 1364/42/1288
f 1366/143/1289 1370/144/1289 1372/145/1289
f 1367/146/1290 1370/147/1290 1369/148/1290
f 1368/149/1291 1370/147/1291 1371/150/1291
f 1373/337/1292 1377/152/1292 1379/153/1292
f 1374/338/1293 1377/155/1293 1376/156/1293
f 1375/339/1294 1377/155/1294 1378/340/1294
f 1380/158/1295 1384/159/1295 1386/160/1295
f 1381/680/1296 1384/162/1296 1383/163/1296
f 1382/342/1297 1384/162/1297 1385/165/1297
f 1387/166/1298 1391/167/1298 1393/168/1298
f 1388/681/1299 1391/170/1299 1390/171/1299
f 1389/344/1300 1391/170/1300 1392/173/1300
f 1394/345/1301 1398/175/1301 1400/176/1301
f 1395/177/1302 1398/178/1302 1397/179/1302
f 1396/346/1303 1398/178/1303 1399/347/1303
f 1346/330/1304 1337/182/1304 1333/679/1304
f 1348/183/1305 1331/677/1305 1337/105/1305
f 1339/327/1306 1358/184/1306 1354/133/1306
f 1341/348/1307 1352/332/1307 1358/129/1307
f 1332/678/1308 1343/118/1308 1336/185/1308
f 1343/186/1309 1333/679/1309 1336/110/1309
f 1347/355/1310 1357/306/1310 1353/130/1310
f 1357/306/1311 1346/330/1311 1354/133/1311
f 1360/335/1312 1351/187/1312 1347/355/1312
f 1351/121/1313 1359/334/1313 1345/329/1313
f 1368/149/1314 1355/132/1314 1372/188/1314
f 1372/145/1315 1352/332/1315 1366/143/1315
f 1361/141/1316 1371/150/1316 1367/146/1316
f 1371/150/1317 1360/335/1317 1368/149/1317
f 1374/338/1318 1365/190/1318 1361/141/1318
f 1376/191/1319 1359/334/1319 1365/137/1319
f 1367/146/1320 1386/192/1320 1382/342/1320
f 1369/350/1321 1380/158/1321 1386/160/1321
f 1375/339/1322 1385/165/1322 1381/680/1322
f 1385/165/1323 1374/338/1323 1382/342/1323
f 1375/339/1324 1390/171/1324 1379/193/1324
f 1379/153/1325 1387/166/1325 1373/337/1325
f 1396/346/1326 1383/163/1326 1400/194/1326
f 1400/176/1327 1380/158/1327 1394/345/1327
f 1389/344/1328 1399/347/1328 1395/177/1328
f 1399/347/1329 1388/681/1329 1396/346/1329
f 1332/678/1330 1393/196/1330 1389/344/1330
f 1334/197/1331 1387/166/1331 1393/168/1331
f 1340/328/1332 1397/179/1332 1344/198/1332
f 1397/199/1333 1338/111/1333 1344/113/1333
f 1345/329/1334 1373/337/1334 1387/166/1334
f 1339/327/1335 1346/330/1335 1333/679/1335
f 1389/344/1336 1340/328/1336 1332/678/1336
f 1338/111/1337 1380/158/1337 1366/143/1337
f 1353/130/1338 1360/335/1338 1347/355/1338
f 1367/146/1339 1374/338/1339 1361/141/1339
f 1381/680/1340 1388/681/1340 1375/339/1340
f 1401/200/1341 1405/201/1341 1407/202/1341
f 1402/387/1342 1405/204/1342 1404/205/1342
f 1403/367/1343 1405/207/1343 1406/208/1343
f 1408/368/1344 1412/210/1344 1414/211/1344
f 1409/212/1345 1412/14/1345 1411/213/1345
f 1410/369/1346 1412/215/1346 1413/118/1346
f 1415/370/1347 1419/217/1347 1421/218/1347
f 1416/371/1348 1419/220/1348 1418/221/1348
f 1417/222/1349 1419/220/1349 1420/372/1349
f 1422/224/1350 1426/225/1350 1428/226/1350
f 1423/227/1351 1426/228/1351 1425/229/1351
f 1424/230/1352 1426/228/1352 1427/374/1352
f 1429/682/1353 1433/233/1353 1435/234/1353
f 1430/375/1354 1433/236/1354 1432/237/1354
f 1431/238/1355 1433/236/1355 1434/376/1355
f 1436/377/1356 1440/241/1356 1442/242/1356
f 1437/683/1357 1440/244/1357 1439/245/1357
f 1438/246/1358 1440/244/1358 1441/378/1358
f 1443/248/1359 1447/249/1359 1449/250/1359
f 1444/251/1360 1447/252/1360 1446/253/1360
f 1445/254/1361 1447/252/1361 1448/340/1361
f 1450/256/1362 1454/257/1362 1456/258/1362
f 1451/380/1363 1454/260/1363 1453/261/1363
f 1452/262/1364 1454/260/1364 1455/381/1364
f 1457/382/1365 1461/265/1365 1463/266/1365
f 1458/383/1366 1461/268/1366 1460/269/1366
f 1459/270/1367 1461/268/1367 1462/173/1367
f 1464/684/1368 1468/273/1368 1470/274/1368
f 1465/385/1369 1468/276/1369 1467/277/1369
f 1466/386/1370 1468/276/1370 1469/82/1370
f 1416/371/1371 1407/280/1371 1403/367/1371
f 1407/202/1372 1415/370/1372 1401/200/1372
f 1424/230/1373 1411/213/1373 1428/282/1373
f 1411/352/1374 1422/224/1374 1428/226/1374
f 1402/387/1375 1413/118/1375 1406/283/1375
f 1413/88/1376 1403/367/1376 1406/208/1376
f 1417/222/1377 1427/374/1377 1423/227/1377
f 1427/374/1378 1416/371/1378 1424/230/1378
f 1430/375/1379 1421/284/1379 1417/222/1379
f 1421/218/1380 1429/682/1380 1415/370/1380
f 1438/246/1381 1425/229/1381 1442/286/1381
f 1425/287/1382 1436/377/1382 1442/242/1382
f 1431/238/1383 1441/378/1383 1437/683/1383
f 1441/378/1384 1430/375/1384 1438/246/1384
f 1431/238/1385 1446/253/1385 1435/288/1385
f 1435/234/1386 1443/248/1386 1429/682/1386
f 1437/683/1387 1456/290/1387 1452/262/1387
f 1439/291/1388 1450/256/1388 1456/258/1388
f 1445/254/1389 1455/381/1389 1451/380/1389
f 1455/381/1390 1444/251/1390 1452/262/1390
f 1458/383/1391 1449/292/1391 1445/254/1391
f 1449/250/1392 1457/382/1392 1443/248/1392
f 1451/380/1393 1470/293/1393 1466/386/1393
f 1470/274/1394 1450/256/1394 1464/684/1394
f 1459/270/1395 1469/82/1395 1465/385/1395
f 1469/82/1396 1458/383/1396 1466/386/1396
f 1402/387/1397 1463/295/1397 1459/270/1397
f 1404/296/1398 1457/382/1398 1463/266/1398
f 1465/385/1399 1414/297/1399 1410/369/1399
f 1467/298/1400 1408/368/1400 1414/211/1400
f 1415/370/1401 1443/248/1401 1457/382/1401
f 1409/212/1402 1416/371/1402 1403/367/1402
f 1459/270/1403 1410/369/1403 1402/387/1403
f 1408/368/1404 1450/256/1404 1436/377/1404
f 1423/227/1405 1430/375/1405 1417/222/1405
f 1431/238/1406 1452/262/1406 1444/251/1406
f 1445/254/1407 1466/386/1407 1458/383/1407
f 1471/299/1408 1475/2/1408 1477/3/1408
f 1472/685/1409 1475/5/1409 1474/6/1409
f 1473/7/1410 1475/8/1410 1476/9/1410
f 1478/10/1411 1482/11/1411 1484/12/1411
f 1479/13/1412 1482/14/1412 1481/15/1412
f 1480/16/1413 1482/17/1413 1483/18/1413
f 1485/686/1414 1489/20/1414 1491/21/1414
f 1486/22/1415 1489/23/1415 1488/24/1415
f 1487/25/1416 1489/23/1416 1490/26/1416
f 1492/27/1417 1496/28/1417 1498/29/1417
f 1493/687/1418 1496/31/1418 1495/32/1418
f 1494/33/1419 1496/31/1419 1497/34/1419
f 1499/35/1420 1503/36/1420 1505/37/1420
f 1500/38/1421 1503/39/1421 1502/40/1421
f 1501/41/1422 1503/39/1422 1504/42/1422
f 1506/43/1423 1510/44/1423 1512/45/1423
f 1507/688/1424 1510/47/1424 1509/48/1424
f 1508/49/1425 1510/47/1425 1511/50/1425
f 1513/312/1426 1517/52/1426 1519/53/1426
f 1514/54/1427 1517/55/1427 1516/56/1427
f 1515/313/1428 1517/55/1428 1518/58/1428
f 1520/59/1429 1524/60/1429 1526/61/1429
f 1521/689/1430 1524/63/1430 1523/64/1430
f 1522/690/1431 1524/63/1431 1525/66/1431
f 1527/67/1432 1531/68/1432 1533/69/1432
f 1528/70/1433 1531/71/1433 1530/72/1433
f 1529/73/1434 1531/71/1434 1532/74/1434
f 1534/75/1435 1538/76/1435 1540/77/1435
f 1535/78/1436 1538/79/1436 1537/80/1436
f 1536/81/1437 1538/79/1437 1539/82/1437
f 1486/22/1438 1477/83/1438 1473/7/1438
f 1488/84/1439 1471/299/1439 1477/3/1439
f 1479/13/1440 1498/85/1440 1494/33/1440
f 1481/86/1441 1492/27/1441 1498/29/1441
f 1472/685/1442 1483/18/1442 1476/87/1442
f 1483/88/1443 1473/7/1443 1476/9/1443
f 1487/25/1444 1497/34/1444 1493/687/1444
f 1497/34/1445 1486/22/1445 1494/33/1445
f 1500/38/1446 1491/89/1446 1487/25/1446
f 1502/90/1447 1485/686/1447 1491/21/1447
f 1508/49/1448 1495/32/1448 1512/91/1448
f 1495/92/1449 1506/43/1449 1512/45/1449
f 1501/41/1450 1511/50/1450 1507/688/1450
f 1511/50/1451 1500/38/1451 1508/49/1451
f 1514/54/1452 1505/93/1452 1501/41/1452
f 1516/323/1453 1499/35/1453 1505/37/1453
f 1507/688/1454 1526/94/1454 1522/690/1454
f 1509/95/1455 1520/59/1455 1526/61/1455
f 1515/313/1456 1525/66/1456 1521/689/1456
f 1525/66/1457 1514/54/1457 1522/690/1457
f 1515/313/1458 1530/72/1458 1519/96/1458
f 1519/53/1459 1527/67/1459 1513/312/1459
f 1521/689/1460 1540/98/1460 1536/81/1460
f 1523/324/1461 1534/75/1461 1540/77/1461
f 1529/73/1462 1539/82/1462 1535/78/1462
f 1539/82/1463 1528/70/1463 1536/81/1463
f 1472/685/1464 1533/99/1464 1529/73/1464
f 1474/100/1465 1527/67/1465 1533/69/1465
f 1535/78/1466 1484/101/1466 1480/16/1466
f 1537/102/1467 1478/10/1467 1484/12/1467
f 1485/686/1468 1513/312/1468 1527/67/1468
f 1473/7/1469 1494/33/1469 1486/22/1469
f 1535/78/1470 1472/685/1470 1529/73/1470
f 1478/10/1471 1520/59/1471 1506/43/1471
f 1493/687/1472 1500/38/1472 1487/25/1472
f 1507/688/1473 1514/54/1473 1501/41/1473
f 1521/689/1474 1528/70/1474 1515/313/1474
f 1541/325/1475 1545/104/1475 1547/105/1475
f 1542/106/1476 1545/5/1476 1544/107/1476
f 1543/691/1477 1545/109/1477 1546/110/1477
f 1548/111/1478 1552/112/1478 1554/113/1478
f 1549/114/1479 1552/14/1479 1551/115/1479
f 1550/116/1480 1552/117/1480 1553/118/1480
f 1555/329/1481 1559/120/1481 1561/121/1481
f 1556/122/1482 1559/123/1482 1558/124/1482
f 1557/355/1483 1559/123/1483 1560/126/1483
f 1562/332/1484 1566/128/1484 1568/129/1484
f 1563/333/1485 1566/131/1485 1565/132/1485
f 1564/133/1486 1566/131/1486 1567/134/1486
f 1569/135/1487 1573/136/1487 1575/137/1487
f 1570/138/1488 1573/139/1488 1572/140/1488
f 1571/141/1489 1573/139/1489 1574/142/1489
f 1576/143/1490 1580/144/1490 1582/145/1490
f 1577/336/1491 1580/147/1491 1579/148/1491
f 1578/149/1492 1580/147/1492 1581/150/1492
f 1583/151/1493 1587/152/1493 1589/153/1493
f 1584/154/1494 1587/155/1494 1586/156/1494
f 1585/361/1495 1587/155/1495 1588/58/1495
f 1590/158/1496 1594/159/1496 1596/160/1496
f 1591/692/1497 1594/162/1497 1593/163/1497
f 1592/164/1498 1594/162/1498 1595/165/1498
f 1597/364/1499 1601/167/1499 1603/168/1499
f 1598/169/1500 1601/170/1500 1600/171/1500
f 1599/344/1501 1601/170/1501 1602/173/1501
f 1604/174/1502 1608/175/1502 1610/176/1502
f 1605/177/1503 1608/178/1503 1607/179/1503
f 1606/180/1504 1608/178/1504 1609/181/1504
f 1543/691/1505 1558/124/1505 1547/182/1505
f 1558/183/1506 1541/325/1506 1547/105/1506
f 1549/114/1507 1568/184/1507 1564/133/1507
f 1568/129/1508 1548/111/1508 1562/332/1508
f 1542/106/1509 1553/118/1509 1546/185/1509
f 1553/186/1510 1543/691/1510 1546/110/1510
f 1557/355/1511 1567/134/1511 1563/333/1511
f 1567/134/1512 1556/122/1512 1564/133/1512
f 1570/138/1513 1561/187/1513 1557/355/1513
f 1572/349/1514 1555/329/1514 1561/121/1514
f 1578/149/1515 1565/132/1515 1582/188/1515
f 1582/145/1516 1562/332/1516 1576/143/1516
f 1571/141/1517 1581/150/1517 1577/336/1517
f 1581/150/1518 1570/138/1518 1578/149/1518
f 1571/141/1519 1586/156/1519 1575/190/1519
f 1586/191/1520 1569/135/1520 1575/137/1520
f 1577/336/1521 1596/192/1521 1592/164/1521
f 1596/160/1522 1576/143/1522 1590/158/1522
f 1585/361/1523 1595/165/1523 1591/692/1523
f 1595/165/1524 1584/154/1524 1592/164/1524
f 1585/361/1525 1600/171/1525 1589/193/1525
f 1600/351/1526 1583/151/1526 1589/153/1526
f 1606/180/1527 1593/163/1527 1610/194/1527
f 1593/195/1528 1604/174/1528 1610/176/1528
f 1599/344/1529 1609/181/1529 1605/177/1529
f 1609/181/1530 1598/169/1530 1606/180/1530
f 1599/344/1531 1544/107/1531 1603/196/1531
f 1603/168/1532 1541/325/1532 1597/364/1532
f 1550/116/1533 1607/179/1533 1554/198/1533
f 1607/199/1534 1548/111/1534 1554/113/1534
f 1555/329/1535 1583/151/1535 1597/364/1535
f 1549/114/1536 1556/122/1536 1543/691/1536
f 1605/177/1537 1542/106/1537 1599/344/1537
f 1548/111/1538 1590/158/1538 1576/143/1538
f 1557/355/1539 1578/149/1539 1570/138/1539
f 1571/141/1540 1592/164/1540 1584/154/1540
f 1591/692/1541 1598/169/1541 1585/361/1541
f 1611/200/1542 1615/201/1542 1617/202/1542
f 1612/387/1543 1615/204/1543 1614/205/1543
f 1613/367/1544 1615/207/1544 1616/208/1544
f 1618/368/1545 1622/210/1545 1624/211/1545
f 1619/212/1546 1622/14/1546 1621/213/1546
f 1620/369/1547 1622/215/1547 1623/118/1547
f 1625/370/1548 1629/217/1548 1631/218/1548
f 1626/371/1549 1629/220/1549 1628/221/1549
f 1627/222/1550 1629/220/1550 1630/372/1550
f 1632/224/1551 1636/225/1551 1638/226/1551
f 1633/227/1552 1636/228/1552 1635/229/1552
f 1634/230/1553 1636/228/1553 1637/374/1553
f 1639/682/1554 1643/233/1554 1645/234/1554
f 1640/375/1555 1643/236/1555 1642/237/1555
f 1641/238/1556 1643/236/1556 1644/376/1556
f 1646/377/1557 1650/241/1557 1652/242/1557
f 1647/683/1558 1650/244/1558 1649/245/1558
f 1648/246/1559 1650/244/1559 1651/378/1559
f 1653/248/1560 1657/249/1560 1659/250/1560
f 1654/251/1561 1657/252/1561 1656/253/1561
f 1655/693/1562 1657/252/1562 1658/340/1562
f 1660/256/1563 1664/257/1563 1666/258/1563
f 1661/380/1564 1664/260/1564 1663/261/1564
f 1662/262/1565 1664/260/1565 1665/381/1565
f 1667/382/1566 1671/265/1566 1673/266/1566
f 1668/383/1567 1671/268/1567 1670/269/1567
f 1669/270/1568 1671/268/1568 1672/173/1568
f 1674/684/1569 1678/273/1569 1680/274/1569
f 1675/385/1570 1678/276/1570 1677/277/1570
f 1676/386/1571 1678/276/1571 1679/82/1571
f 1626/371/1572 1617/280/1572 1613/367/1572
f 1628/281/1573 1611/200/1573 1617/202/1573
f 1634/230/1574 1621/213/1574 1638/282/1574
f 1638/226/1575 1618/368/1575 1632/224/1575
f 1612/387/1576 1623/118/1576 1616/283/1576
f 1623/88/1577 1613/367/1577 1616/208/1577
f 1627/222/1578 1637/374/1578 1633/227/1578
f 1637/374/1579 1626/371/1579 1634/230/1579
f 1627/222/1580 1642/237/1580 1631/284/1580
f 1642/285/1581 1625/370/1581 1631/218/1581
f 1633/227/1582 1652/286/1582 1648/246/1582
f 1652/242/1583 1632/224/1583 1646/377/1583
f 1641/238/1584 1651/378/1584 1647/683/1584
f 1651/378/1585 1640/375/1585 1648/246/1585
f 1641/238/1586 1656/253/1586 1645/288/1586
f 1656/289/1587 1639/682/1587 1645/234/1587
f 1647/683/1588 1666/290/1588 1662/262/1588
f 1649/291/1589 1660/256/1589 1666/258/1589
f 1655/693/1590 1665/381/1590 1661/380/1590
f 1665/381/1591 1654/251/1591 1662/262/1591
f 1668/383/1592 1659/292/1592 1655/693/1592
f 1659/250/1593 1667/382/1593 1653/248/1593
f 1676/386/1594 1663/261/1594 1680/293/1594
f 1680/274/1595 1660/256/1595 1674/684/1595
f 1669/270/1596 1679/82/1596 1675/385/1596
f 1679/82/1597 1668/383/1597 1676/386/1597
f 1612/387/1598 1673/295/1598 1669/270/1598
f 1673/266/1599 1611/200/1599 1667/382/1599
f 1620/369/1600 1677/277/1600 1624/297/1600
f 1677/298/1601 1618/368/1601 1624/211/1601
f 1625/370/1602 1653/248/1602 1667/382/1602
f 1613/367/1603 1634/230/1603 1626/371/1603
f 1675/385/1604 1612/387/1604 1669/270/1604
f 1618/368/1605 1660/256/1605 1646/377/1605
f 1627/222/1606 1648/246/1606 1640/375/1606
f 1647/683/1607 1654/251/1607 1641/238/1607
f 1661/380/1608 1668/383/1608 1655/693/1608
f 1681/299/1609 1685/2/1609 1687/3/1609
f 1682/300/1610 1685/5/1610 1684/6/1610
f 1683/7/1611 1685/8/1611 1686/9/1611
f 1688/10/1612 1692/11/1612 1694/12/1612
f 1689/13/1613 1692/14/1613 1691/15/1613
f 1690/301/1614 1692/17/1614 1693/18/1614
f 1695/19/1615 1699/20/1615 1701/21/1615
f 1696/303/1616 1699/23/1616 1698/24/1616
f 1697/25/1617 1699/23/1617 1700/304/1617
f 1702/27/1618 1706/28/1618 1708/29/1618
f 1703/357/1619 1706/31/1619 1705/32/1619
f 1704/33/1620 1706/31/1620 1707/306/1620
f 1709/358/1621 1713/36/1621 1715/37/1621
f 1710/38/1622 1713/39/1622 1712/40/1622
f 1711/674/1623 1713/39/1623 1714/309/1623
f 1716/310/1624 1720/44/1624 1722/45/1624
f 1717/311/1625 1720/47/1625 1719/48/1625
f 1718/359/1626 1720/47/1626 1721/247/1626
f 1723/312/1627 1727/52/1627 1729/53/1627
f 1724/54/1628 1727/55/1628 1726/56/1628
f 1725/675/1629 1727/55/1629 1728/314/1629
f 1730/315/1630 1734/60/1630 1736/61/1630
f 1731/62/1631 1734/63/1631 1733/64/1631
f 1732/65/1632 1734/63/1632 1735/317/1632
f 1737/354/1633 1741/68/1633 1743/69/1633
f 1738/319/1634 1741/71/1634 1740/72/1634
f 1739/73/1635 1741/71/1635 1742/74/1635
f 1744/320/1636 1748/76/1636 1750/77/1636
f 1745/676/1637 1748/79/1637 1747/80/1637
f 1746/81/1638 1748/79/1638 1749/322/1638
f 1683/7/1639 1698/24/1639 1687/83/1639
f 1698/84/1640 1681/299/1640 1687/3/1640
f 1689/13/1641 1708/85/1641 1704/33/1641
f 1691/86/1642 1702/27/1642 1708/29/1642
f 1682/300/1643 1693/18/1643 1686/87/1643
f 1693/88/1644 1683/7/1644 1686/9/1644
f 1697/25/1645 1707/306/1645 1703/357/1645
f 1707/306/1646 1696/303/1646 1704/33/1646
f 1710/38/1647 1701/89/1647 1697/25/1647
f 1712/90/1648 1695/19/1648 1701/21/1648
f 1703/357/1649 1722/91/1649 1718/359/1649
f 1705/92/1650 1716/310/1650 1722/45/1650
f 1711/674/1651 1721/247/1651 1717/311/1651
f 1721/247/1652 1710/38/1652 1718/359/1652
f 1711/674/1653 1726/56/1653 1715/93/1653
f 1726/323/1654 1709/358/1654 1715/37/1654
f 1717/311/1655 1736/94/1655 1732/65/1655
f 1736/61/1656 1716/310/1656 1730/315/1656
f 1725/675/1657 1735/317/1657 1731/62/1657
f 1735/317/1658 1724/54/1658 1732/65/1658
f 1725/675/1659 1740/72/1659 1729/96/1659
f 1740/97/1660 1723/312/1660 1729/53/1660
f 1746/81/1661 1733/64/1661 1750/98/1661
f 1733/324/1662 1744/320/1662 1750/77/1662
f 1739/73/1663 1749/322/1663 1745/676/1663
f 1749/322/1664 1738/319/1664 1746/81/1664
f 1682/300/1665 1743/99/1665 1739/73/1665
f 1684/100/1666 1737/354/1666 1743/69/1666
f 1690/301/1667 1747/80/1667 1694/101/1667
f 1747/102/1668 1688/10/1668 1694/12/1668
f 1695/19/1669 1723/312/1669 1737/354/1669
f 1689/13/1670 1696/303/1670 1683/7/1670
f 1739/73/1671 1690/301/1671 1682/300/1671
f 1688/10/1672 1730/315/1672 1716/310/1672
f 1703/357/1673 1710/38/1673 1697/25/1673
f 1711/674/1674 1732/65/1674 1724/54/1674
f 1731/62/1675 1738/319/1675 1725/675/1675
f 1751/677/1676 1755/104/1676 1757/105/1676
f 1752/106/1677 1755/5/1677 1754/107/1677
f 1753/679/1678 1755/109/1678 1756/110/1678
f 1758/111/1679 1762/112/1679 1764/113/1679
f 1759/327/1680 1762/14/1680 1761/115/1680
f 1760/328/1681 1762/117/1681 1763/118/1681
f 1765/329/1682 1769/120/1682 1771/121/1682
f 1766/330/1683 1769/123/1683 1768/124/1683
f 1767/355/1684 1769/123/1684 1770/26/1684
f 1772/332/1685 1776/128/1685 1778/129/1685
f 1773/130/1686 1776/131/1686 1775/132/1686
f 1774/133/1687 1776/131/1687 1777/306/1687
f 1779/334/1688 1783/136/1688 1785/137/1688
f 1780/335/1689 1783/139/1689 1782/140/1689
f 1781/694/1690 1783/139/1690 1784/42/1690
f 1786/695/1691 1790/144/1691 1792/145/1691
f 1787/146/1692 1790/147/1692 1789/148/1692
f 1788/149/1693 1790/147/1693 1791/150/1693
f 1793/337/1694 1797/152/1694 1799/153/1694
f 1794/338/1695 1797/155/1695 1796/156/1695
f 1795/339/1696 1797/155/1696 1798/340/1696
f 1800/158/1697 1804/159/1697 1806/160/1697
f 1801/680/1698 1804/162/1698 1803/163/1698
f 1802/342/1699 1804/162/1699 1805/165/1699
f 1807/166/1700 1811/167/1700 1813/168/1700
f 1808/696/1701 1811/170/1701 1810/171/1701
f 1809/344/1702 1811/170/1702 1812/173/1702
f 1814/345/1703 1818/175/1703 1820/176/1703
f 1815/177/1704 1818/178/1704 1817/179/1704
f 1816/346/1705 1818/178/1705 1819/347/1705
f 1753/679/1706 1768/124/1706 1757/182/1706
f 1768/183/1707 1751/677/1707 1757/105/1707
f 1759/327/1708 1778/184/1708 1774/133/1708
f 1778/129/1709 1758/111/1709 1772/332/1709
f 1752/106/1710 1763/118/1710 1756/185/1710
f 1763/186/1711 1753/679/1711 1756/110/1711
f 1767/355/1712 1777/306/1712 1773/130/1712
f 1777/306/1713 1766/330/1713 1774/133/1713
f 1780/335/1714 1771/187/1714 1767/355/1714
f 1782/349/1715 1765/329/1715 1771/121/1715
f 1788/149/1716 1775/132/1716 1792/188/1716
f 1775/189/1717 1786/695/1717 1792/145/1717
f 1781/694/1718 1791/150/1718 1787/146/1718
f 1791/150/1719 1780/335/1719 1788/149/1719
f 1781/694/1720 1796/156/1720 1785/190/1720
f 1785/137/1721 1793/337/1721 1779/334/1721
f 1787/146/1722 1806/192/1722 1802/342/1722
f 1806/160/1723 1786/695/1723 1800/158/1723
f 1795/339/1724 1805/165/1724 1801/680/1724
f 1805/165/1725 1794/338/1725 1802/342/1725
f 1808/696/1726 1799/193/1726 1795/339/1726
f 1799/153/1727 1807/166/1727 1793/337/1727
f 1801/680/1728 1820/194/1728 1816/346/1728
f 1803/195/1729 1814/345/1729 1820/176/1729
f 1809/344/1730 1819/347/1730 1815/177/1730
f 1819/347/1731 1808/696/1731 1816/346/1731
f 1809/344/1732 1754/107/1732 1813/196/1732
f 1754/197/1733 1807/166/1733 1813/168/1733
f 1760/328/1734 1817/179/1734 1764/198/1734
f 1817/199/1735 1758/111/1735 1764/113/1735
f 1765/329/1736 1793/337/1736 1807/166/1736
f 1759/327/1737 1766/330/1737 1753/679/1737
f 1815/177/1738 1752/106/1738 1809/344/1738
f 1758/111/1739 1800/158/1739 1786/695/1739
f 1773/130/1740 1780/335/1740 1767/355/1740
f 1787/146/1741 1794/338/1741 1781/694/1741
f 1801/680/1742 1808/696/1742 1795/339/1742
f 1821/200/1743 1825/201/1743 1827/202/1743
f 1822/203/1744 1825/204/1744 1824/205/1744
f 1823/367/1745 1825/207/1745 1826/208/1745
f 1828/209/1746 1832/210/1746 1834/211/1746
f 1829/212/1747 1832/14/1747 1831/213/1747
f 1830/214/1748 1832/215/1748 1833/118/1748
f 1835/216/1749 1839/217/1749 1841/218/1749
f 1836/219/1750 1839/220/1750 1838/221/1750
f 1837/697/1751 1839/220/1751 1840/223/1751
f 1842/224/1752 1846/225/1752 1848/226/1752
f 1843/227/1753 1846/228/1753 1845/229/1753
f 1844/230/1754 1846/228/1754 1847/231/1754
f 1849/232/1755 1853/233/1755 1855/234/1755
f 1850/235/1756 1853/236/1756 1852/237/1756
f 1851/698/1757 1853/236/1757 1854/239/1757
f 1856/240/1758 1860/241/1758 1862/242/1758
f 1857/243/1759 1860/244/1759 1859/245/1759
f 1858/246/1760 1860/244/1760 1861/247/1760
f 1863/248/1761 1867/249/1761 1869/250/1761
f 1864/251/1762 1867/252/1762 1866/253/1762
f 1865/254/1763 1867/252/1763 1868/255/1763
f 1870/256/1764 1874/257/1764 1876/258/1764
f 1871/259/1765 1874/260/1765 1873/261/1765
f 1872/262/1766 1874/260/1766 1875/263/1766
f 1877/264/1767 1881/265/1767 1883/266/1767
f 1878/267/1768 1881/268/1768 1880/269/1768
f 1879/270/1769 1881/268/1769 1882/271/1769
f 1884/272/1770 1888/273/1770 1890/274/1770
f 1885/699/1771 1888/276/1771 1887/277/1771
f 1886/278/1772 1888/276/1772 1889/279/1772
f 1836/219/1773 1827/280/1773 1823/367/1773
f 1827/202/1774 1835/216/1774 1821/200/1774
f 1829/212/1775 1848/282/1775 1844/230/1775
f 1831/352/1776 1842/224/1776 1848/226/1776
f 1822/203/1777 1833/118/1777 1826/283/1777
f 1833/88/1778 1823/367/1778 1826/208/1778
f 1837/697/1779 1847/231/1779 1843/227/1779
f 1847/231/1780 1836/219/1780 1844/230/1780
f 1850/235/1781 1841/284/1781 1837/697/1781
f 1852/285/1782 1835/216/1782 1841/218/1782
f 1858/246/1783 1845/229/1783 1862/286/1783
f 1862/242/1784 1842/224/1784 1856/240/1784
f 1851/698/1785 1861/247/1785 1857/243/1785
f 1861/247/1786 1850/235/1786 1858/246/1786
f 1864/251/1787 1855/288/1787 1851/698/1787
f 1866/289/1788 1849/232/1788 1855/234/1788
f 1857/243/1789 1876/290/1789 1872/262/1789
f 1876/258/1790 1856/240/1790 1870/256/1790
f 1865/254/1791 1875/263/1791 1871/259/1791
f 1875/263/1792 1864/251/1792 1872/262/1792
f 1865/254/1793 1880/269/1793 1869/292/1793
f 1869/250/1794 1877/264/1794 1863/248/1794
f 1886/278/1795 1873/261/1795 1890/293/1795
f 1873/294/1796 1884/272/1796 1890/274/1796
f 1879/270/1797 1889/279/1797 1885/699/1797
f 1889/279/1798 1878/267/1798 1886/278/1798
f 1822/203/1799 1883/295/1799 1879/270/1799
f 1824/296/1800 1877/264/1800 1883/266/1800
f 1830/214/1801 1887/277/1801 1834/297/1801
f 1887/298/1802 1828/209/1802 1834/211/1802
f 1835/216/1803 1863/248/1803 1877/264/1803
f 1823/367/1804 1844/230/1804 1836/219/1804
f 1885/699/1805 1822/203/1805 1879/270/1805
f 1828/209/1806 1870/256/1806 1856/240/1806
f 1837/697/1807 1858/246/1807 1850/235/1807
f 1851/698/1808 1872/262/1808 1864/251/1808
f 1871/259/1809 1878/267/1809 1865/254/1809
f 1891/299/1810 1895/2/1810 1897/3/1810
f 1892/4/1811 1895/5/1811 1894/6/1811
f 1893/7/1812 1895/8/1812 1896/9/1812
f 1898/10/1813 1902/11/1813 1904/12/1813
f 1899/13/1814 1902/14/1814 1901/15/1814
f 1900/16/1815 1902/17/1815 1903/18/1815
f 1905/686/1816 1909/20/1816 1911/21/1816
f 1906/22/1817 1909/23/1817 1908/24/1817
f 1907/25/1818 1909/23/1818 1910/26/1818
f 1912/27/1819 1916/28/1819 1918/29/1819
f 1913/687/1820 1916/31/1820 1915/32/1820
f 1914/33/1821 1916/31/1821 1917/34/1821
f 1919/700/1822 1923/36/1822 1925/37/1822
f 1920/38/1823 1923/39/1823 1922/40/1823
f 1921/41/1824 1923/39/1824 1924/42/1824
f 1926/310/1825 1930/44/1825 1932/45/1825
f 1927/688/1826 1930/47/1826 1929/48/1826
f 1928/49/1827 1930/47/1827 1931/50/1827
f 1933/51/1828 1937/52/1828 1939/53/1828
f 1934/54/1829 1937/55/1829 1936/56/1829
f 1935/313/1830 1937/55/1830 1938/58/1830
f 1940/59/1831 1944/60/1831 1946/61/1831
f 1941/316/1832 1944/63/1832 1943/64/1832
f 1942/690/1833 1944/63/1833 1945/66/1833
f 1947/67/1834 1951/68/1834 1953/69/1834
f 1948/70/1835 1951/71/1835 1950/72/1835
f 1949/73/1836 1951/71/1836 1952/74/1836
f 1954/75/1837 1958/76/1837 1960/77/1837
f 1955/78/1838 1958/79/1838 1957/80/1838
f 1956/81/1839 1958/79/1839 1959/82/1839
f 1893/7/1840 1908/24/1840 1897/83/1840
f 1897/3/1841 1905/686/1841 1891/299/1841
f 1914/33/1842 1901/15/1842 1918/85/1842
f 1901/86/1843 1912/27/1843 1918/29/1843
f 1892/4/1844 1903/18/1844 1896/87/1844
f 1903/88/1845 1893/7/1845 1896/9/1845
f 1907/25/1846 1917/34/1846 1913/687/1846
f 1917/34/1847 1906/22/1847 1914/33/1847
f 1907/25/1848 1922/40/1848 1911/89/1848
f 1922/90/1849 1905/686/1849 1911/21/1849
f 1913/687/1850 1932/91/1850 1928/49/1850
f 1932/45/1851 1912/27/1851 1926/310/1851
f 1921/41/1852 1931/50/1852 1927/688/1852
f 1931/50/1853 1920/38/1853 1928/49/1853
f 1934/54/1854 1925/93/1854 1921/41/1854
f 1936/323/1855 1919/700/1855 1925/37/1855
f 1927/688/1856 1946/94/1856 1942/690/1856
f 1946/61/1857 1926/310/1857 1940/59/1857
f 1935/313/1858 1945/66/1858 1941/316/1858
f 1945/66/1859 1934/54/1859 1942/690/1859
f 1948/70/1860 1939/96/1860 1935/313/1860
f 1950/97/1861 1933/51/1861 1939/53/1861
f 1941/316/1862 1960/98/1862 1956/81/1862
f 1960/77/1863 1940/59/1863 1954/75/1863
f 1949/73/1864 1959/82/1864 1955/78/1864
f 1959/82/1865 1948/70/1865 1956/81/1865
f 1892/4/1866 1953/99/1866 1949/73/1866
f 1953/69/1867 1891/299/1867 1947/67/1867
f 1900/16/1868 1957/80/1868 1904/101/1868
f 1904/12/1869 1954/75/1869 1898/10/1869
f 1905/686/1870 1933/51/1870 1947/67/1870
f 1899/13/1871 1906/22/1871 1893/7/1871
f 1955/78/1872 1892/4/1872 1949/73/1872
f 1898/10/1873 1940/59/1873 1926/310/1873
f 1907/25/1874 1928/49/1874 1920/38/1874
f 1927/688/1875 1934/54/1875 1921/41/1875
f 1941/316/1876 1948/70/1876 1935/313/1876
f 1961/677/1877 1965/104/1877 1967/105/1877
f 1962/106/1878 1965/5/1878 1964/107/1878
f 1963/701/1879 1965/109/1879 1966/110/1879
f 1968/111/1880 1972/112/1880 1974/113/1880
f 1969/114/1881 1972/14/1881 1971/115/1881
f 1970/116/1882 1972/117/1882 1973/118/1882
f 1975/119/1883 1979/120/1883 1981/121/1883
f 1976/122/1884 1979/123/1884 1978/124/1884
f 1977/125/1885 1979/123/1885 1980/126/1885
f 1982/127/1886 1986/128/1886 1988/129/1886
f 1983/702/1887 1986/131/1887 1985/132/1887
f 1984/133/1888 1986/131/1888 1987/134/1888
f 1989/135/1889 1993/136/1889 1995/137/1889
f 1990/138/1890 1993/139/1890 1992/140/1890
f 1991/360/1891 1993/139/1891 1994/142/1891
f 1996/143/1892 2000/144/1892 2002/145/1892
f 1997/146/1893 2000/147/1893 1999/148/1893
f 1998/149/1894 2000/147/1894 2001/150/1894
f 2003/151/1895 2007/152/1895 2009/153/1895
f 2004/154/1896 2007/155/1896 2006/156/1896
f 2005/361/1897 2007/155/1897 2008/58/1897
f 2010/362/1898 2014/159/1898 2016/160/1898
f 2011/363/1899 2014/162/1899 2013/163/1899
f 2012/164/1900 2014/162/1900 2015/165/1900
f 2017/364/1901 2021/167/1901 2023/168/1901
f 2018/169/1902 2021/170/1902 2020/171/1902
f 2019/344/1903 2021/170/1903 2022/173/1903
f 2024/174/1904 2028/175/1904 2030/176/1904
f 2025/177/1905 2028/178/1905 2027/179/1905
f 2026/180/1906 2028/178/1906 2029/181/1906
f 1976/122/1907 1967/182/1907 1963/701/1907
f 1978/183/1908 1961/677/1908 1967/105/1908
f 1969/114/1909 1988/184/1909 1984/133/1909
f 1988/129/1910 1968/111/1910 1982/127/1910
f 1962/106/1911 1973/118/1911 1966/185/1911
f 1973/186/1912 1963/701/1912 1966/110/1912
f 1977/125/1913 1987/134/1913 1983/702/1913
f 1987/134/1914 1976/122/1914 1984/133/1914
f 1990/138/1915 1981/187/1915 1977/125/1915
f 1992/349/1916 1975/119/1916 1981/121/1916
f 1983/702/1917 2002/188/1917 1998/149/1917
f 1985/189/1918 1996/143/1918 2002/145/1918
f 1991/360/1919 2001/150/1919 1997/146/1919
f 2001/150/1920 1990/138/1920 1998/149/1920
f 1991/360/1921 2006/156/1921 1995/190/1921
f 2006/191/1922 1989/135/1922 1995/137/1922
f 1997/146/1923 2016/192/1923 2012/164/1923
f 2016/160/1924 1996/143/1924 2010/362/1924
f 2005/361/1925 2015/165/1925 2011/363/1925
f 2015/165/1926 2004/154/1926 2012/164/1926
f 2018/169/1927 2009/193/1927 2005/361/1927
f 2009/153/1928 2017/364/1928 2003/151/1928
f 2011/363/1929 2030/194/1929 2026/180/1929
f 2013/195/1930 2024/174/1930 2030/176/1930
f 2019/344/1931 2029/181/1931 2025/177/1931
f 2029/181/1932 2018/169/1932 2026/180/1932
f 2019/344/1933 1964/107/1933 2023/196/1933
f 1964/197/1934 2017/364/1934 2023/168/1934
f 2025/177/1935 1974/198/1935 1970/116/1935
f 1974/113/1936 2024/174/1936 1968/111/1936
f 1975/119/1937 2003/151/1937 2017/364/1937
f 1969/114/1938 1976/122/1938 1963/701/1938
f 2025/177/1939 1962/106/1939 2019/344/1939
f 1968/111/1940 2010/362/1940 1996/143/1940
f 1977/125/1941 1998/149/1941 1990/138/1941
f 1997/146/1942 2004/154/1942 1991/360/1942
f 2011/363/1943 2018/169/1943 2005/361/1943
f 2031/200/1944 2035/201/1944 2037/202/1944
f 2032/387/1945 2035/204/1945 2034/205/1945
f 2033/367/1946 2035/207/1946 2036/208/1946
f 2038/368/1947 2042/210/1947 2044/211/1947
f 2039/212/1948 2042/14/1948 2041/213/1948
f 2040/369/1949 2042/215/1949 2043/118/1949
f 2045/370/1950 2049/217/1950 2051/218/1950
f 2046/371/1951 2049/220/1951 2048/221/1951
f 2047/222/1952 2049/220/1952 2050/372/1952
f 2052/224/1953 2056/225/1953 2058/226/1953
f 2053/227/1954 2056/228/1954 2055/229/1954
f 2054/230/1955 2056/228/1955 2057/374/1955
f 2059/232/1956 2063/233/1956 2065/234/1956
f 2060/375/1957 2063/236/1957 2062/237/1957
f 2061/238/1958 2063/236/1958 2064/376/1958
f 2066/377/1959 2070/241/1959 2072/242/1959
f 2067/243/1960 2070/244/1960 2069/245/1960
f 2068/246/1961 2070/244/1961 2071/378/1961
f 2073/248/1962 2077/249/1962 2079/250/1962
f 2074/251/1963 2077/252/1963 2076/253/1963
f 2075/254/1964 2077/252/1964 2078/340/1964
f 2080/256/1965 2084/257/1965 2086/258/1965
f 2081/380/1966 2084/260/1966 2083/261/1966
f 2082/262/1967 2084/260/1967 2085/381/1967
f 2087/382/1968 2091/265/1968 2093/266/1968
f 2088/388/1969 2091/268/1969 2090/269/1969
f 2089/384/1970 2091/268/1970 2092/173/1970
f 2094/684/1971 2098/273/1971 2100/274/1971
f 2095/385/1972 2098/276/1972 2097/277/1972
f 2096/386/1973 2098/276/1973 2099/82/1973
f 2033/367/1974 2048/221/1974 2037/280/1974
f 2037/202/1975 2045/370/1975 2031/200/1975
f 2039/212/1976 2058/282/1976 2054/230/1976
f 2041/352/1977 2052/224/1977 2058/226/1977
f 2032/387/1978 2043/118/1978 2036/283/1978
f 2043/88/1979 2033/367/1979 2036/208/1979
f 2047/222/1980 2057/374/1980 2053/227/1980
f 2057/374/1981 2046/371/1981 2054/230/1981
f 2060/375/1982 2051/284/1982 2047/222/1982
f 2051/218/1983 2059/232/1983 2045/370/1983
f 2068/246/1984 2055/229/1984 2072/286/1984
f 2055/287/1985 2066/377/1985 2072/242/1985
f 2061/238/1986 2071/378/1986 2067/243/1986
f 2071/378/1987 2060/375/1987 2068/246/1987
f 2074/251/1988 2065/288/1988 2061/238/1988
f 2065/234/1989 2073/248/1989 2059/232/1989
f 2082/262/1990 2069/245/1990 2086/290/1990
f 2086/258/1991 2066/377/1991 2080/256/1991
f 2075/254/1992 2085/381/1992 2081/380/1992
f 2085/381/1993 2074/251/1993 2082/262/1993
f 2088/388/1994 2079/292/1994 2075/254/1994
f 2079/250/1995 2087/382/1995 2073/248/1995
f 2096/386/1996 2083/261/1996 2100/293/1996
f 2100/274/1997 2080/256/1997 2094/684/1997
f 2089/384/1998 2099/82/1998 2095/385/1998
f 2099/82/1999 2088/388/1999 2096/386/1999
f 2089/384/2000 2034/205/2000 2093/295/2000
f 2093/266/2001 2031/200/2001 2087/382/2001
f 2095/385/2002 2044/297/2002 2040/369/2002
f 2097/298/2003 2038/368/2003 2044/211/2003
f 2045/370/2004 2073/248/2004 2087/382/2004
f 2033/367/2005 2054/230/2005 2046/371/2005
f 2089/384/2006 2040/369/2006 2032/387/2006
f 2038/368/2007 2080/256/2007 2066/377/2007
f 2053/227/2008 2060/375/2008 2047/222/2008
f 2067/243/2009 2074/251/2009 2061/238/2009
f 2081/380/2010 2088/388/2010 2075/254/2010
f 2101/299/2011 2105/2/2011 2107/3/2011
f 2102/300/2012 2105/5/2012 2104/6/2012
f 2103/7/2013 2105/8/2013 2106/9/2013
f 2108/10/2014 2112/11/2014 2114/12/2014
f 2109/13/2015 2112/14/2015 2111/15/2015
f 2110/301/2016 2112/17/2016 2113/18/2016
f 2115/19/2017 2119/20/2017 2121/21/2017
f 2116/303/2018 2119/23/2018 2118/24/2018
f 2117/25/2019 2119/23/2019 2120/304/2019
f 2122/27/2020 2126/28/2020 2128/29/2020
f 2123/357/2021 2126/31/2021 2125/32/2021
f 2124/33/2022 2126/31/2022 2127/306/2022
f 2129/358/2023 2133/36/2023 2135/37/2023
f 2130/38/2024 2133/39/2024 2132/40/2024
f 2131/308/2025 2133/39/2025 2134/309/2025
f 2136/310/2026 2140/44/2026 2142/45/2026
f 2137/311/2027 2140/47/2027 2139/48/2027
f 2138/359/2028 2140/47/2028 2141/247/2028
f 2143/312/2029 2147/52/2029 2149/53/2029
f 2144/54/2030 2147/55/2030 2146/56/2030
f 2145/675/2031 2147/55/2031 2148/314/2031
f 2150/315/2032 2154/60/2032 2156/61/2032
f 2151/316/2033 2154/63/2033 2153/64/2033
f 2152/65/2034 2154/63/2034 2155/317/2034
f 2157/318/2035 2161/68/2035 2163/69/2035
f 2158/319/2036 2161/71/2036 2160/72/2036
f 2159/73/2037 2161/71/2037 2162/74/2037
f 2164/320/2038 2168/76/2038 2170/77/2038
f 2165/321/2039 2168/79/2039 2167/80/2039
f 2166/81/2040 2168/79/2040 2169/322/2040
f 2103/7/2041 2118/24/2041 2107/83/2041
f 2118/84/2042 2101/299/2042 2107/3/2042
f 2109/13/2043 2128/85/2043 2124/33/2043
f 2128/29/2044 2108/10/2044 2122/27/2044
f 2102/300/2045 2113/18/2045 2106/87/2045
f 2113/88/2046 2103/7/2046 2106/9/2046
f 2117/25/2047 2127/306/2047 2123/357/2047
f 2127/306/2048 2116/303/2048 2124/33/2048
f 2130/38/2049 2121/89/2049 2117/25/2049
f 2121/21/2050 2129/358/2050 2115/19/2050
f 2138/359/2051 2125/32/2051 2142/91/2051
f 2125/92/2052 2136/310/2052 2142/45/2052
f 2131/308/2053 2141/247/2053 2137/311/2053
f 2141/247/2054 2130/38/2054 2138/359/2054
f 2144/54/2055 2135/93/2055 2131/308/2055
f 2146/323/2056 2129/358/2056 2135/37/2056
f 2137/311/2057 2156/94/2057 2152/65/2057
f 2139/95/2058 2150/315/2058 2156/61/2058
f 2145/675/2059 2155/317/2059 2151/316/2059
f 2155/317/2060 2144/54/2060 2152/65/2060
f 2145/675/2061 2160/72/2061 2149/96/2061
f 2149/53/2062 2157/318/2062 2143/312/2062
f 2151/316/2063 2170/98/2063 2166/81/2063
f 2153/324/2064 2164/320/2064 2170/77/2064
f 2159/73/2065 2169/322/2065 2165/321/2065
f 2169/322/2066 2158/319/2066 2166/81/2066
f 2102/300/2067 2163/99/2067 2159/73/2067
f 2104/100/2068 2157/318/2068 2163/69/2068
f 2165/321/2069 2114/101/2069 2110/301/2069
f 2114/12/2070 2164/320/2070 2108/10/2070
f 2115/19/2071 2143/312/2071 2157/318/2071
f 2109/13/2072 2116/303/2072 2103/7/2072
f 2165/321/2073 2102/300/2073 2159/73/2073
f 2108/10/2074 2150/315/2074 2136/310/2074
f 2123/357/2075 2130/38/2075 2117/25/2075
f 2137/311/2076 2144/54/2076 2131/308/2076
f 2145/675/2077 2166/81/2077 2158/319/2077
f 2171/325/2078 2175/104/2078 2177/105/2078
f 2172/678/2079 2175/5/2079 2174/107/2079
f 2173/326/2080 2175/109/2080 2176/110/2080
f 2178/111/2081 2182/112/2081 2184/113/2081
f 2179/327/2082 2182/14/2082 2181/115/2082
f 2180/328/2083 2182/117/2083 2183/118/2083
f 2185/329/2084 2189/120/2084 2191/121/2084
f 2186/330/2085 2189/123/2085 2188/124/2085
f 2187/355/2086 2189/123/2086 2190/26/2086
f 2192/332/2087 2196/128/2087 2198/129/2087
f 2193/333/2088 2196/131/2088 2195/132/2088
f 2194/133/2089 2196/131/2089 2197/306/2089
f 2199/334/2090 2203/136/2090 2205/137/2090
f 2200/335/2091 2203/139/2091 2202/140/2091
f 2201/141/2092 2203/139/2092 2204/42/2092
f 2206/695/2093 2210/144/2093 2212/145/2093
f 2207/336/2094 2210/147/2094 2209/148/2094
f 2208/149/2095 2210/147/2095 2211/150/2095
f 2213/151/2096 2217/152/2096 2219/153/2096
f 2214/338/2097 2217/155/2097 2216/156/2097
f 2215/339/2098 2217/155/2098 2218/340/2098
f 2220/158/2099 2224/159/2099 2226/160/2099
f 2221/680/2100 2224/162/2100 2223/163/2100
f 2222/342/2101 2224/162/2101 2225/165/2101
f 2227/166/2102 2231/167/2102 2233/168/2102
f 2228/681/2103 2231/170/2103 2230/171/2103
f 2229/344/2104 2231/170/2104 2232/173/2104
f 2234/345/2105 2238/175/2105 2240/176/2105
f 2235/177/2106 2238/178/2106 2237/179/2106
f 2236/346/2107 2238/178/2107 2239/347/2107
f 2186/330/2108 2177/182/2108 2173/326/2108
f 2188/183/2109 2171/325/2109 2177/105/2109
f 2179/327/2110 2198/184/2110 2194/133/2110
f 2198/129/2111 2178/111/2111 2192/332/2111
f 2172/678/2112 2183/118/2112 2176/185/2112
f 2183/186/2113 2173/326/2113 2176/110/2113
f 2187/355/2114 2197/306/2114 2193/333/2114
f 2197/306/2115 2186/330/2115 2194/133/2115
f 2200/335/2116 2191/187/2116 2187/355/2116
f 2202/349/2117 2185/329/2117 2191/121/2117
f 2208/149/2118 2195/132/2118 2212/188/2118
f 2212/145/2119 2192/332/2119 2206/695/2119
f 2201/141/2120 2211/150/2120 2207/336/2120
f 2211/150/2121 2200/335/2121 2208/149/2121
f 2214/338/2122 2205/190/2122 2201/141/2122
f 2216/191/2123 2199/334/2123 2205/137/2123
f 2207/336/2124 2226/192/2124 2222/342/2124
f 2226/160/2125 2206/695/2125 2220/158/2125
f 2215/339/2126 2225/165/2126 2221/680/2126
f 2225/165/2127 2214/338/2127 2222/342/2127
f 2215/339/2128 2230/171/2128 2219/193/2128
f 2230/351/2129 2213/151/2129 2219/153/2129
f 2221/680/2130 2240/194/2130 2236/346/2130
f 2240/176/2131 2220/158/2131 2234/345/2131
f 2229/344/2132 2239/347/2132 2235/177/2132
f 2239/347/2133 2228/681/2133 2236/346/2133
f 2172/678/2134 2233/196/2134 2229/344/2134
f 2233/168/2135 2171/325/2135 2227/166/2135
f 2235/177/2136 2184/198/2136 2180/328/2136
f 2237/199/2137 2178/111/2137 2184/113/2137
f 2185/329/2138 2213/151/2138 2227/166/2138
f 2179/327/2139 2186/330/2139 2173/326/2139
f 2229/344/2140 2180/328/2140 2172/678/2140
f 2178/111/2141 2220/158/2141 2206/695/2141
f 2193/333/2142 2200/335/2142 2187/355/2142
f 2201/141/2143 2222/342/2143 2214/338/2143
f 2215/339/2144 2236/346/2144 2228/681/2144
f 2241/200/2145 2245/201/2145 2247/202/2145
f 2242/703/2146 2245/204/2146 2244/205/2146
f 2243/367/2147 2245/207/2147 2246/208/2147
f 2248/209/2148 2252/210/2148 2254/211/2148
f 2249/212/2149 2252/14/2149 2251/213/2149
f 2250/214/2150 2252/215/2150 2253/118/2150
f 2255/216/2151 2259/217/2151 2261/218/2151
f 2256/219/2152 2259/220/2152 2258/221/2152
f 2257/697/2153 2259/220/2153 2260/223/2153
f 2262/224/2154 2266/225/2154 2268/226/2154
f 2263/704/2155 2266/228/2155 2265/229/2155
f 2264/230/2156 2266/228/2156 2267/231/2156
f 2269/232/2157 2273/233/2157 2275/234/2157
f 2270/235/2158 2273/236/2158 2272/237/2158
f 2271/698/2159 2273/236/2159 2274/239/2159
f 2276/240/2160 2280/241/2160 2282/242/2160
f 2277/243/2161 2280/244/2161 2279/245/2161
f 2278/246/2162 2280/244/2162 2281/247/2162
f 2283/248/2163 2287/249/2163 2289/250/2163
f 2284/251/2164 2287/252/2164 2286/253/2164
f 2285/254/2165 2287/252/2165 2288/255/2165
f 2290/705/2166 2294/257/2166 2296/258/2166
f 2291/259/2167 2294/260/2167 2293/261/2167
f 2292/262/2168 2294/260/2168 2295/263/2168
f 2297/264/2169 2301/265/2169 2303/266/2169
f 2298/267/2170 2301/268/2170 2300/269/2170
f 2299/270/2171 2301/268/2171 2302/271/2171
f 2304/272/2172 2308/273/2172 2310/274/2172
f 2305/275/2173 2308/276/2173 2307/277/2173
f 2306/278/2174 2308/276/2174 2309/279/2174
f 2256/219/2175 2247/280/2175 2243/367/2175
f 2247/202/2176 2255/216/2176 2241/200/2176
f 2249/212/2177 2268/282/2177 2264/230/2177
f 2251/352/2178 2262/224/2178 2268/226/2178
f 2242/703/2179 2253/118/2179 2246/283/2179
f 2253/88/2180 2243/367/2180 2246/208/2180
f 2257/697/2181 2267/231/2181 2263/704/2181
f 2267/231/2182 2256/219/2182 2264/230/2182
f 2270/235/2183 2261/284/2183 2257/697/2183
f 2272/285/2184 2255/216/2184 2261/218/2184
f 2263/704/2185 2282/286/2185 2278/246/2185
f 2265/287/2186 2276/240/2186 2282/242/2186
f 2271/698/2187 2281/247/2187 2277/243/2187
f 2281/247/2188 2270/235/2188 2278/246/2188
f 2284/251/2189 2275/288/2189 2271/698/2189
f 2275/234/2190 2283/248/2190 2269/232/2190
f 2277/243/2191 2296/290/2191 2292/262/2191
f 2279/291/2192 2290/705/2192 2296/258/2192
f 2285/254/2193 2295/263/2193 2291/259/2193
f 2295/263/2194 2284/251/2194 2292/262/2194
f 2298/267/2195 2289/292/2195 2285/254/2195
f 2300/353/2196 2283/248/2196 2289/250/2196
f 2306/278/2197 2293/261/2197 2310/293/2197
f 2293/294/2198 2304/272/2198 2310/274/2198
f 2299/270/2199 2309/279/2199 2305/275/2199
f 2309/279/2200 2298/267/2200 2306/278/2200
f 2299/270/2201 2244/205/2201 2303/295/2201
f 2244/296/2202 2297/264/2202 2303/266/2202
f 2305/275/2203 2254/297/2203 2250/214/2203
f 2307/298/2204 2248/209/2204 2254/211/2204
f 2255/216/2205 2283/248/2205 2297/264/2205
f 2243/367/2206 2264/230/2206 2256/219/2206
f 2299/270/2207 2250/214/2207 2242/703/2207
f 2248/209/2208 2290/705/2208 2276/240/2208
f 2263/704/2209 2270/235/2209 2257/697/2209
f 2277/243/2210 2284/251/2210 2271/698/2210
f 2291/259/2211 2298/267/2211 2285/254/2211
f 2311/390/2212 2315/391/2212 2317/392/2212
f 2312/393/2213 2315/394/2213 2314/395/2213
f 2313/396/2214 2315/397/2214 2316/398/2214
f 2318/399/2215 2322/400/2215 2324/401/2215
f 2319/402/2216 2322/403/2216 2321/404/2216
f 2320/405/2217 2322/406/2217 2323/407/2217
f 2325/408/2218 2329/409/2218 2331/410/2218
f 2326/411/2219 2329/412/2219 2328/413/2219
f 2327/414/2220 2329/412/2220 2330/415/2220
f 2332/706/2221 2336/417/2221 2338/418/2221
f 2333/419/2222 2336/420/2222 2335/421/2222
f 2334/422/2223 2336/420/2223 2337/423/2223
f 2339/424/2224 2343/425/2224 2345/426/2224
f 2340/427/2225 2343/428/2225 2342/429/2225
f 2341/430/2226 2343/428/2226 2344/431/2226
f 2346/432/2227 2350/433/2227 2352/434/2227
f 2347/435/2228 2350/436/2228 2349/437/2228
f 2348/438/2229 2350/436/2229 2351/439/2229
f 2353/440/2230 2357/441/2230 2359/442/2230
f 2354/443/2231 2357/444/2231 2356/445/2231
f 2355/446/2232 2357/444/2232 2358/447/2232
f 2360/707/2233 2364/449/2233 2366/450/2233
f 2361/451/2234 2364/452/2234 2363/453/2234
f 2362/454/2235 2364/452/2235 2365/455/2235
f 2367/456/2236 2371/457/2236 2373/458/2236
f 2368/459/2237 2371/460/2237 2370/461/2237
f 2369/462/2238 2371/460/2238 2372/463/2238
f 2374/464/2239 2378/465/2239 2380/466/2239
f 2375/467/2240 2378/468/2240 2377/469/2240
f 2376/470/2241 2378/468/2241 2379/471/2241
f 2326/411/2242 2317/472/2242 2313/396/2242
f 2328/708/2243 2311/390/2243 2317/392/2243
f 2319/402/2244 2338/473/2244 2334/422/2244
f 2321/474/2245 2332/706/2245 2338/418/2245
f 2312/393/2246 2323/407/2246 2316/475/2246
f 2323/476/2247 2313/396/2247 2316/398/2247
f 2327/414/2248 2337/423/2248 2333/419/2248
f 2337/423/2249 2326/411/2249 2334/422/2249
f 2340/427/2250 2331/477/2250 2327/414/2250
f 2331/410/2251 2339/424/2251 2325/408/2251
f 2348/438/2252 2335/421/2252 2352/479/2252
f 2352/434/2253 2332/706/2253 2346/432/2253
f 2341/430/2254 2351/439/2254 2347/435/2254
f 2351/439/2255 2340/427/2255 2348/438/2255
f 2354/443/2256 2345/481/2256 2341/430/2256
f 2356/709/2257 2339/424/2257 2345/426/2257
f 2362/454/2258 2349/437/2258 2366/482/2258
f 2366/450/2259 2346/432/2259 2360/707/2259
f 2355/446/2260 2365/455/2260 2361/451/2260
f 2365/455/2261 2354/443/2261 2362/454/2261
f 2368/459/2262 2359/483/2262 2355/446/2262
f 2370/484/2263 2353/440/2263 2359/442/2263
f 2361/451/2264 2380/485/2264 2376/470/2264
f 2380/466/2265 2360/707/2265 2374/464/2265
f 2369/462/2266 2379/471/2266 2375/467/2266
f 2379/471/2267 2368/459/2267 2376/470/2267
f 2312/393/2268 2373/487/2268 2369/462/2268
f 2314/710/2269 2367/456/2269 2373/458/2269
f 2320/405/2270 2377/469/2270 2324/488/2270
f 2377/711/2271 2318/399/2271 2324/401/2271
f 2325/408/2272 2353/440/2272 2367/456/2272
f 2319/402/2273 2326/411/2273 2313/396/2273
f 2375/467/2274 2312/393/2274 2369/462/2274
f 2318/399/2275 2360/707/2275 2346/432/2275
f 2333/419/2276 2340/427/2276 2327/414/2276
f 2347/435/2277 2354/443/2277 2341/430/2277
f 2361/451/2278 2368/459/2278 2355/446/2278
f 2381/489/2279 2385/490/2279 2387/491/2279
f 2382/492/2280 2385/394/2280 2384/493/2280
f 2383/712/2281 2385/495/2281 2386/398/2281
f 2388/496/2282 2392/497/2282 2394/498/2282
f 2389/499/2283 2392/403/2283 2391/500/2283
f 2390/501/2284 2392/502/2284 2393/503/2284
f 2395/504/2285 2399/505/2285 2401/506/2285
f 2396/507/2286 2399/508/2286 2398/509/2286
f 2397/510/2287 2399/508/2287 2400/511/2287
f 2402/512/2288 2406/513/2288 2408/514/2288
f 2403/713/2289 2406/516/2289 2405/517/2289
f 2404/518/2290 2406/516/2290 2407/423/2290
f 2409/519/2291 2413/520/2291 2415/521/2291
f 2410/522/2292 2413/523/2292 2412/524/2292
f 2411/525/2293 2413/523/2293 2414/431/2293
f 2416/526/2294 2420/527/2294 2422/528/2294
f 2417/529/2295 2420/530/2295 2419/531/2295
f 2418/532/2296 2420/530/2296 2421/533/2296
f 2423/534/2297 2427/535/2297 2429/536/2297
f 2424/537/2298 2427/538/2298 2426/539/2298
f 2425/540/2299 2427/538/2299 2428/447/2299
f 2430/541/2300 2434/542/2300 2436/543/2300
f 2431/544/2301 2434/545/2301 2433/546/2301
f 2432/547/2302 2434/545/2302 2435/455/2302
f 2437/548/2303 2441/549/2303 2443/550/2303
f 2438/714/2304 2441/552/2304 2440/553/2304
f 2439/554/2305 2441/552/2305 2442/463/2305
f 2444/555/2306 2448/556/2306 2450/557/2306
f 2445/558/2307 2448/559/2307 2447/560/2307
f 2446/561/2308 2448/559/2308 2449/562/2308
f 2396/507/2309 2387/563/2309 2383/712/2309
f 2398/715/2310 2381/489/2310 2387/491/2310
f 2389/499/2311 2408/564/2311 2404/518/2311
f 2408/514/2312 2388/496/2312 2402/512/2312
f 2382/492/2313 2393/503/2313 2386/566/2313
f 2393/567/2314 2383/712/2314 2386/398/2314
f 2397/510/2315 2407/423/2315 2403/713/2315
f 2407/423/2316 2396/507/2316 2404/518/2316
f 2410/522/2317 2401/568/2317 2397/510/2317
f 2401/506/2318 2409/519/2318 2395/504/2318
f 2418/532/2319 2405/517/2319 2422/569/2319
f 2422/528/2320 2402/512/2320 2416/526/2320
f 2411/525/2321 2421/533/2321 2417/529/2321
f 2421/533/2322 2410/522/2322 2418/532/2322
f 2424/537/2323 2415/571/2323 2411/525/2323
f 2426/572/2324 2409/519/2324 2415/521/2324
f 2417/529/2325 2436/573/2325 2432/547/2325
f 2419/574/2326 2430/541/2326 2436/543/2326
f 2425/540/2327 2435/455/2327 2431/544/2327
f 2435/455/2328 2424/537/2328 2432/547/2328
f 2438/714/2329 2429/575/2329 2425/540/2329
f 2429/536/2330 2437/548/2330 2423/534/2330
f 2446/561/2331 2433/546/2331 2450/576/2331
f 2433/577/2332 2444/555/2332 2450/557/2332
f 2439/554/2333 2449/562/2333 2445/558/2333
f 2449/562/2334 2438/714/2334 2446/561/2334
f 2382/492/2335 2443/578/2335 2439/554/2335
f 2384/579/2336 2437/548/2336 2443/550/2336
f 2445/558/2337 2394/580/2337 2390/501/2337
f 2394/498/2338 2444/555/2338 2388/496/2338
f 2395/504/2339 2423/534/2339 2437/548/2339
f 2389/499/2340 2396/507/2340 2383/712/2340
f 2445/558/2341 2382/492/2341 2439/554/2341
f 2388/496/2342 2430/541/2342 2416/526/2342
f 2403/713/2343 2410/522/2343 2397/510/2343
f 2417/529/2344 2424/537/2344 2411/525/2344
f 2431/544/2345 2438/714/2345 2425/540/2345
f 2451/582/2346 2455/583/2346 2457/584/2346
f 2452/716/2347 2455/394/2347 2454/586/2347
f 2453/717/2348 2455/588/2348 2456/589/2348
f 2458/718/2349 2462/591/2349 2464/592/2349
f 2459/593/2350 2462/403/2350 2461/594/2350
f 2460/595/2351 2462/596/2351 2463/407/2351
f 2465/597/2352 2469/598/2352 2471/599/2352
f 2466/719/2353 2469/601/2353 2468/602/2353
f 2467/603/2354 2469/601/2354 2470/720/2354
f 2472/605/2355 2476/606/2355 2478/607/2355
f 2473/608/2356 2476/609/2356 2475/610/2356
f 2474/721/2357 2476/609/2357 2477/722/2357
f 2479/723/2358 2483/614/2358 2485/615/2358
f 2480/724/2359 2483/617/2359 2482/618/2359
f 2481/725/2360 2483/617/2360 2484/431/2360
f 2486/620/2361 2490/621/2361 2492/622/2361
f 2487/726/2362 2490/624/2362 2489/625/2362
f 2488/727/2363 2490/624/2363 2491/728/2363
f 2493/628/2364 2497/629/2364 2499/630/2364
f 2494/729/2365 2497/632/2365 2496/633/2365
f 2495/730/2366 2497/632/2366 2498/731/2366
f 2500/635/2367 2504/636/2367 2506/637/2367
f 2501/732/2368 2504/639/2368 2503/640/2368
f 2502/641/2369 2504/639/2369 2505/733/2369
f 2507/643/2370 2511/644/2370 2513/645/2370
f 2508/734/2371 2511/647/2371 2510/648/2371
f 2509/735/2372 2511/647/2372 2512/736/2372
f 2514/737/2373 2518/652/2373 2520/653/2373
f 2515/654/2374 2518/655/2374 2517/656/2374
f 2516/657/2375 2518/655/2375 2519/562/2375
f 2453/717/2376 2468/602/2376 2457/658/2376
f 2457/584/2377 2465/597/2377 2451/582/2377
f 2474/721/2378 2461/594/2378 2478/660/2378
f 2461/661/2379 2472/605/2379 2478/607/2379
f 2452/716/2380 2463/407/2380 2456/475/2380
f 2463/476/2381 2453/717/2381 2456/589/2381
f 2467/603/2382 2477/722/2382 2473/608/2382
f 2477/722/2383 2466/719/2383 2474/721/2383
f 2467/603/2384 2482/618/2384 2471/662/2384
f 2482/738/2385 2465/597/2385 2471/599/2385
f 2488/727/2386 2475/610/2386 2492/663/2386
f 2475/664/2387 2486/620/2387 2492/622/2387
f 2481/725/2388 2491/728/2388 2487/726/2388
f 2491/728/2389 2480/724/2389 2488/727/2389
f 2494/729/2390 2485/665/2390 2481/725/2390
f 2485/615/2391 2493/628/2391 2479/723/2391
f 2487/726/2392 2506/667/2392 2502/641/2392
f 2489/739/2393 2500/635/2393 2506/637/2393
f 2495/730/2394 2505/733/2394 2501/732/2394
f 2505/733/2395 2494/729/2395 2502/641/2395
f 2508/734/2396 2499/668/2396 2495/730/2396
f 2510/669/2397 2493/628/2397 2499/630/2397
f 2516/657/2398 2503/640/2398 2520/670/2398
f 2503/740/2399 2514/737/2399 2520/653/2399
f 2509/735/2400 2519/562/2400 2515/654/2400
f 2519/562/2401 2508/734/2401 2516/657/2401
f 2452/716/2402 2513/671/2402 2509/735/2402
f 2513/645/2403 2451/582/2403 2507/643/2403
f 2515/654/2404 2464/673/2404 2460/595/2404
f 2517/741/2405 2458/718/2405 2464/592/2405
f 2465/597/2406 2493/628/2406 2507/643/2406
f 2453/717/2407 2474/721/2407 2466/719/2407
f 2515/654/2408 2452/716/2408 2509/735/2408
f 2458/718/2409 2500/635/2409 2486/620/2409
f 2473/608/2410 2480/724/2410 2467/603/2410
f 2487/726/2411 2494/729/2411 2481/725/2411
f 2495/730/2412 2516/657/2412 2508/734/2412
f 2521/742/2413 2525/743/2413 2527/744/2413
f 2526/745/2414 2524/746/2414 2522/747/2414
f 2527/748/2415 2526/749/2415 2523/750/2415
f 2528/751/2416 2532/752/2416 2534/753/2416
f 2533/754/2417 2531/755/2417 2529/756/2417
f 2534/757/2418 2533/758/2418 2530/759/2418
f 2535/760/2419 2539/761/2419 2541/762/2419
f 2540/763/2420 2538/764/2420 2536/765/2420
f 2541/766/2421 2540/763/2421 2537/767/2421
f 2542/768/2422 2546/769/2422 2548/770/2422
f 2547/771/2423 2545/772/2423 2543/773/2423
f 2548/774/2424 2547/771/2424 2544/775/2424
f 2549/776/2425 2553/777/2425 2555/778/2425
f 2554/779/2426 2552/780/2426 2550/781/2426
f 2555/782/2427 2554/779/2427 2551/783/2427
f 2556/784/2428 2560/785/2428 2562/786/2428
f 2561/787/2429 2559/788/2429 2557/789/2429
f 2562/790/2430 2561/787/2430 2558/791/2430
f 2563/792/2431 2567/793/2431 2569/794/2431
f 2568/795/2432 2566/796/2432 2564/797/2432
f 2569/798/2433 2568/795/2433 2565/799/2433
f 2570/800/2434 2574/801/2434 2576/802/2434
f 2575/803/2435 2573/804/2435 2571/805/2435
f 2576/806/2436 2575/803/2436 2572/807/2436
f 2577/808/2437 2581/809/2437 2583/810/2437
f 2582/811/2438 2580/812/2438 2578/813/2438
f 2583/814/2439 2582/811/2439 2579/815/2439
f 2584/816/2440 2588/817/2440 2590/818/2440
f 2589/819/2441 2587/820/2441 2585/821/2441
f 2590/822/2442 2589/819/2442 2586/823/2442
f 2591/824/2443 2595/825/2443 2597/826/2443
f 2596/827/2444 2594/828/2444 2592/829/2444
f 2597/830/2445 2596/827/2445 2593/831/2445
f 2598/832/2446 2602/833/2446 2604/834/2446
f 2603/835/2447 2601/836/2447 2599/837/2447
f 2604/838/2448 2603/835/2448 2600/839/2448
f 2605/840/2449 2609/841/2449 2611/842/2449
f 2610/843/2450 2608/844/2450 2606/845/2450
f 2611/846/2451 2610/843/2451 2607/847/2451
f 2612/848/2452 2616/849/2452 2618/850/2452
f 2617/851/2453 2615/852/2453 2613/853/2453
f 2618/854/2454 2617/851/2454 2614/855/2454
f 2523/750/2455 2538/764/2455 2527/748/2455
f 2538/856/2456 2521/742/2456 2527/744/2456
f 2529/756/2457 2548/774/2457 2544/775/2457
f 2531/857/2458 2542/768/2458 2548/770/2458
f 2522/747/2459 2533/758/2459 2526/745/2459
f 2533/754/2460 2523/750/2460 2526/749/2460
f 2537/767/2461 2547/771/2461 2543/773/2461
f 2547/771/2462 2536/765/2462 2544/775/2462
f 2550/781/2463 2541/766/2463 2537/767/2463
f 2541/762/2464 2549/776/2464 2535/760/2464
f 2558/791/2465 2545/772/2465 2562/790/2465
f 2545/858/2466 2556/784/2466 2562/786/2466
f 2551/783/2467 2561/787/2467 2557/789/2467
f 2561/787/2468 2550/781/2468 2558/791/2468
f 2564/797/2469 2555/782/2469 2551/783/2469
f 2566/859/2470 2549/776/2470 2555/778/2470
f 2572/807/2471 2559/788/2471 2576/806/2471
f 2559/860/2472 2570/800/2472 2576/802/2472
f 2565/799/2473 2575/803/2473 2571/805/2473
f 2575/803/2474 2564/797/2474 2572/807/2474
f 2578/813/2475 2569/798/2475 2565/799/2475
f 2580/861/2476 2563/792/2476 2569/794/2476
f 2571/805/2477 2590/822/2477 2586/823/2477
f 2590/818/2478 2570/800/2478 2584/816/2478
f 2579/815/2479 2589/819/2479 2585/821/2479
f 2589/819/2480 2578/813/2480 2586/823/2480
f 2579/815/2481 2594/828/2481 2583/814/2481
f 2594/862/2482 2577/808/2482 2583/810/2482
f 2585/821/2483 2604/838/2483 2600/839/2483
f 2587/863/2484 2598/832/2484 2604/834/2484
f 2593/831/2485 2603/835/2485 2599/837/2485
f 2603/835/2486 2592/829/2486 2600/839/2486
f 2606/845/2487 2597/830/2487 2593/831/2487
f 2608/864/2488 2591/824/2488 2597/826/2488
f 2599/837/2489 2618/854/2489 2614/855/2489
f 2601/865/2490 2612/848/2490 2618/850/2490
f 2607/847/2491 2617/851/2491 2613/853/2491
f 2617/851/2492 2606/845/2492 2614/855/2492
f 2522/747/2493 2611/846/2493 2607/847/2493
f 2611/842/2494 2521/742/2494 2605/840/2494
f 2613/853/2495 2534/757/2495 2530/759/2495
f 2534/753/2496 2612/848/2496 2528/751/2496
f 2535/760/2497 2563/792/2497 2591/824/2497
f 2529/756/2498 2536/765/2498 2523/750/2498
f 2607/847/2499 2530/759/2499 2522/747/2499
f 2528/751/2500 2598/832/2500 2570/800/2500
f 2543/773/2501 2550/781/2501 2537/767/2501
f 2551/783/2502 2572/807/2502 2564/797/2502
f 2565/799/2503 2586/823/2503 2578/813/2503
f 2585/821/2504 2592/829/2504 2579/815/2504
f 2599/837/2505 2606/845/2505 2593/831/2505
f 2717/987/2599 2721/988/2599 2723/989/2599
f 2718/990/2600 2721/991/2600 2720/992/2600
f 2719/993/2601 2721/994/2601 2722/995/2601
f 2724/996/2602 2728/997/2602 2730/998/2602
f 2725/999/2603 2728/1000/2603 2727/1001/2603
f 2726/1002/2604 2728/1003/2604 2729/1004/2604
f 2731/1005/2605 2735/1006/2605 2737/1007/2605
f 2732/1008/2606 2735/1009/2606 2734/1010/2606
f 2733/1011/2607 2735/1009/2607 2736/1012/2607
f 2738/1013/2608 2742/1014/2608 2744/1015/2608
f 2739/1016/2609 2742/1017/2609 2741/1018/2609
f 2740/1019/2610 2742/1017/2610 2743/1020/2610
f 2745/1021/2611 2749/1022/2611 2751/1023/2611
f 2746/1024/2612 2749/1025/2612 2748/1026/2612
f 2747/1027/2613 2749/1025/2613 2750/1028/2613
f 2752/1029/2614 2756/1030/2614 2758/1031/2614
f 2753/1032/2615 2756/1033/2615 2755/1034/2615
f 2754/1035/2616 2756/1033/2616 2757/1036/2616
f 2759/1037/2617 2763/1038/2617 2765/1039/2617
f 2760/1040/2618 2763/1041/2618 2762/1042/2618
f 2761/1043/2619 2763/1041/2619 2764/1044/2619
f 2766/1045/2620 2770/1046/2620 2772/1047/2620
f 2767/1048/2621 2770/1049/2621 2769/1050/2621
f 2768/1051/2622 2770/1049/2622 2771/1052/2622
f 2773/1053/2623 2777/1054/2623 2779/1055/2623
f 2774/1056/2624 2777/1057/2624 2776/1058/2624
f 2775/1059/2625 2777/1057/2625 2778/1060/2625
f 2780/1061/2626 2784/1062/2626 2786/1063/2626
f 2781/1064/2627 2784/1065/2627 2783/1066/2627
f 2782/1067/2628 2784/1065/2628 2785/1068/2628
f 2732/1008/2629 2723/1069/2629 2719/993/2629
f 2723/989/2630 2731/1005/2630 2717/987/2630
f 2740/1019/2631 2727/1001/2631 2744/1070/2631
f 2727/1071/2632 2738/1013/2632 2744/1015/2632
f 2718/990/2633 2729/1004/2633 2722/1072/2633
f 2729/1073/2634 2719/993/2634 2722/995/2634
f 2733/1011/2635 2743/1020/2635 2739/1016/2635
f 2743/1020/2636 2732/1008/2636 2740/1019/2636
f 2746/1024/2637 2737/1074/2637 2733/1011/2637
f 2748/1075/2638 2731/1005/2638 2737/1007/2638
f 2754/1035/2639 2741/1018/2639 2758/1076/2639
f 2758/1031/2640 2738/1013/2640 2752/1029/2640
f 2747/1027/2641 2757/1036/2641 2753/1032/2641
f 2757/1036/2642 2746/1024/2642 2754/1035/2642
f 2760/1040/2643 2751/1077/2643 2747/1027/2643
f 2762/1078/2644 2745/1021/2644 2751/1023/2644
f 2753/1032/2645 2772/1079/2645 2768/1051/2645
f 2755/1080/2646 2766/1045/2646 2772/1047/2646
f 2761/1043/2647 2771/1052/2647 2767/1048/2647
f 2771/1052/2648 2760/1040/2648 2768/1051/2648
f 2774/1056/2649 2765/1081/2649 2761/1043/2649
f 2776/1082/2650 2759/1037/2650 2765/1039/2650
f 2782/1067/2651 2769/1050/2651 2786/1083/2651
f 2769/1084/2652 2780/1061/2652 2786/1063/2652
f 2775/1059/2653 2785/1068/2653 2781/1064/2653
f 2785/1068/2654 2774/1056/2654 2782/1067/2654
f 2718/990/2655 2779/1085/2655 2775/1059/2655
f 2720/1086/2656 2773/1053/2656 2779/1055/2656
f 2726/1002/2657 2783/1066/2657 2730/1087/2657
f 2783/1088/2658 2724/996/2658 2730/998/2658
f 2731/1005/2659 2759/1037/2659 2773/1053/2659
f 2725/999/2660 2732/1008/2660 2719/993/2660
f 2775/1059/2661 2726/1002/2661 2718/990/2661
f 2724/996/2662 2766/1045/2662 2752/1029/2662
f 2739/1016/2663 2746/1024/2663 2733/1011/2663
f 2747/1027/2664 2768/1051/2664 2760/1040/2664
f 2767/1048/2665 2774/1056/2665 2761/1043/2665
f 2787/1089/2666 2791/1090/2666 2793/1091/2666
f 2788/1092/2667 2791/991/2667 2790/1093/2667
f 2789/1094/2668 2791/1095/2668 2792/1096/2668
f 2794/1097/2669 2798/1098/2669 2800/1099/2669
f 2795/1100/2670 2798/1000/2670 2797/1101/2670
f 2796/1102/2671 2798/1103/2671 2799/1004/2671
f 2801/1104/2672 2805/1105/2672 2807/1106/2672
f 2802/1107/2673 2805/1108/2673 2804/1109/2673
f 2803/1110/2674 2805/1108/2674 2806/1111/2674
f 2808/1112/2675 2812/1113/2675 2814/1114/2675
f 2809/1115/2676 2812/1116/2676 2811/1117/2676
f 2810/1118/2677 2812/1116/2677 2813/1119/2677
f 2815/1120/2678 2819/1121/2678 2821/1122/2678
f 2816/1123/2679 2819/1124/2679 2818/1125/2679
f 2817/1126/2680 2819/1124/2680 2820/1127/2680
f 2822/1128/2681 2826/1129/2681 2828/1130/2681
f 2823/1131/2682 2826/1132/2682 2825/1133/2682
f 2824/1134/2683 2826/1132/2683 2827/1135/2683
f 2829/1136/2684 2833/1137/2684 2835/1138/2684
f 2830/1139/2685 2833/1140/2685 2832/1141/2685
f 2831/1142/2686 2833/1140/2686 2834/1143/2686
f 2836/1144/2687 2840/1145/2687 2842/1146/2687
f 2837/1147/2688 2840/1148/2688 2839/1149/2688
f 2838/1150/2689 2840/1148/2689 2841/1151/2689
f 2843/1152/2690 2847/1153/2690 2849/1154/2690
f 2844/1155/2691 2847/1156/2691 2846/1157/2691
f 2845/1158/2692 2847/1156/2692 2848/1159/2692
f 2850/1160/2693 2854/1161/2693 2856/1162/2693
f 2851/1163/2694 2854/1164/2694 2853/1165/2694
f 2852/1166/2695 2854/1164/2695 2855/1167/2695
f 2802/1107/2696 2793/1168/2696 2789/1094/2696
f 2793/1091/2697 2801/1104/2697 2787/1089/2697
f 2795/1100/2698 2814/1169/2698 2810/1118/2698
f 2814/1114/2699 2794/1097/2699 2808/1112/2699
f 2788/1092/2700 2799/1004/2700 2792/1072/2700
f 2799/1170/2701 2789/1094/2701 2792/1096/2701
f 2803/1110/2702 2813/1119/2702 2809/1115/2702
f 2813/1119/2703 2802/1107/2703 2810/1118/2703
f 2816/1123/2704 2807/1171/2704 2803/1110/2704
f 2818/1172/2705 2801/1104/2705 2807/1106/2705
f 2824/1134/2706 2811/1117/2706 2828/1173/2706
f 2828/1130/2707 2808/1112/2707 2822/1128/2707
f 2817/1126/2708 2827/1135/2708 2823/1131/2708
f 2827/1135/2709 2816/1123/2709 2824/1134/2709
f 2817/1126/2710 2832/1141/2710 2821/1174/2710
f 2821/1122/2711 2829/1136/2711 2815/1120/2711
f 2838/1150/2712 2825/1133/2712 2842/1175/2712
f 2825/1176/2713 2836/1144/2713 2842/1146/2713
f 2831/1142/2714 2841/1151/2714 2837/1147/2714
f 2841/1151/2715 2830/1139/2715 2838/1150/2715
f 2831/1142/2716 2846/1157/2716 2835/1177/2716
f 2846/1178/2717 2829/1136/2717 2835/1138/2717
f 2837/1147/2718 2856/1179/2718 2852/1166/2718
f 2856/1162/2719 2836/1144/2719 2850/1160/2719
f 2845/1158/2720 2855/1167/2720 2851/1163/2720
f 2855/1167/2721 2844/1155/2721 2852/1166/2721
f 2845/1158/2722 2790/1093/2722 2849/1180/2722
f 2849/1154/2723 2787/1089/2723 2843/1152/2723
f 2851/1163/2724 2800/1181/2724 2796/1102/2724
f 2853/1182/2725 2794/1097/2725 2800/1099/2725
f 2801/1104/2726 2829/1136/2726 2843/1152/2726
f 2795/1100/2727 2802/1107/2727 2789/1094/2727
f 2851/1163/2728 2788/1092/2728 2845/1158/2728
f 2794/1097/2729 2836/1144/2729 2822/1128/2729
f 2803/1110/2730 2824/1134/2730 2816/1123/2730
f 2823/1131/2731 2830/1139/2731 2817/1126/2731
f 2837/1147/2732 2844/1155/2732 2831/1142/2732
f 2857/1183/2733 2861/1184/2733 2863/1185/2733
f 2858/1186/2734 2861/991/2734 2860/1187/2734
f 2859/1188/2735 2861/1189/2735 2862/995/2735
f 2864/1190/2736 2868/1191/2736 2870/1192/2736
f 2865/1193/2737 2868/1000/2737 2867/1194/2737
f 2866/1195/2738 2868/1196/2738 2869/1004/2738
f 2871/1197/2739 2875/1198/2739 2877/1199/2739
f 2872/1200/2740 2875/1201/2740 2874/1202/2740
f 2873/1203/2741 2875/1201/2741 2876/1204/2741
f 2878/1205/2742 2882/1206/2742 2884/1207/2742
f 2879/1208/2743 2882/1209/2743 2881/1210/2743
f 2880/1211/2744 2882/1209/2744 2883/1212/2744
f 2885/1213/2745 2889/1214/2745 2891/1215/2745
f 2886/1216/2746 2889/1217/2746 2888/1218/2746
f 2887/1219/2747 2889/1217/2747 2890/1220/2747
f 2892/1221/2748 2896/1222/2748 2898/1223/2748
f 2893/1224/2749 2896/1225/2749 2895/1226/2749
f 2894/1227/2750 2896/1225/2750 2897/1228/2750
f 2899/1229/2751 2903/1230/2751 2905/1231/2751
f 2900/1232/2752 2903/1233/2752 2902/1234/2752
f 2901/1235/2753 2903/1233/2753 2904/1236/2753
f 2906/1237/2754 2910/1238/2754 2912/1239/2754
f 2907/1240/2755 2910/1241/2755 2909/1242/2755
f 2908/1243/2756 2910/1241/2756 2911/1052/2756
f 2913/1244/2757 2917/1245/2757 2919/1246/2757
f 2914/1247/2758 2917/1248/2758 2916/1249/2758
f 2915/1250/2759 2917/1248/2759 2918/1159/2759
f 2920/1251/2760 2924/1252/2760 2926/1253/2760
f 2921/1254/2761 2924/1255/2761 2923/1256/2761
f 2922/1257/2762 2924/1255/2762 2925/1258/2762
f 2872/1200/2763 2863/1259/2763 2859/1188/2763
f 2863/1185/2764 2871/1197/2764 2857/1183/2764
f 2865/1193/2765 2884/1260/2765 2880/1211/2765
f 2884/1207/2766 2864/1190/2766 2878/1205/2766
f 2858/1186/2767 2869/1004/2767 2862/1261/2767
f 2869/1073/2768 2859/1188/2768 2862/995/2768
f 2873/1203/2769 2883/1212/2769 2879/1208/2769
f 2883/1212/2770 2872/1200/2770 2880/1211/2770
f 2886/1216/2771 2877/1262/2771 2873/1203/2771
f 2888/1263/2772 2871/1197/2772 2877/1199/2772
f 2879/1208/2773 2898/1264/2773 2894/1227/2773
f 2881/1265/2774 2892/1221/2774 2898/1223/2774
f 2887/1219/2775 2897/1228/2775 2893/1224/2775
f 2897/1228/2776 2886/1216/2776 2894/1227/2776
f 2900/1232/2777 2891/1266/2777 2887/1219/2777
f 2902/1267/2778 2885/1213/2778 2891/1215/2778
f 2893/1224/2779 2912/1268/2779 2908/1243/2779
f 2912/1239/2780 2892/1221/2780 2906/1237/2780
f 2901/1235/2781 2911/1052/2781 2907/1240/2781
f 2911/1052/2782 2900/1232/2782 2908/1243/2782
f 2901/1235/2783 2916/1249/2783 2905/1269/2783
f 2916/1270/2784 2899/1229/2784 2905/1231/2784
f 2922/1257/2785 2909/1242/2785 2926/1271/2785
f 2909/1272/2786 2920/1251/2786 2926/1253/2786
f 2915/1250/2787 2925/1258/2787 2921/1254/2787
f 2925/1258/2788 2914/1247/2788 2922/1257/2788
f 2858/1186/2789 2919/1273/2789 2915/1250/2789
f 2860/1274/2790 2913/1244/2790 2919/1246/2790
f 2866/1195/2791 2923/1256/2791 2870/1275/2791
f 2923/1276/2792 2864/1190/2792 2870/1192/2792
f 2871/1197/2793 2899/1229/2793 2913/1244/2793
f 2865/1193/2794 2872/1200/2794 2859/1188/2794
f 2915/1250/2795 2866/1195/2795 2858/1186/2795
f 2864/1190/2796 2906/1237/2796 2892/1221/2796
f 2873/1203/2797 2894/1227/2797 2886/1216/2797
f 2887/1219/2798 2908/1243/2798 2900/1232/2798
f 2907/1240/2799 2914/1247/2799 2901/1235/2799
f 2927/1277/2800 2931/988/2800 2933/989/2800
f 2928/990/2801 2931/991/2801 2930/992/2801
f 2929/1278/2802 2931/994/2802 2932/995/2802
f 2934/1279/2803 2938/997/2803 2940/998/2803
f 2935/999/2804 2938/1000/2804 2937/1001/2804
f 2936/1280/2805 2938/1003/2805 2939/1004/2805
f 2941/1281/2806 2945/1006/2806 2947/1007/2806
f 2942/1282/2807 2945/1009/2807 2944/1010/2807
f 2943/1283/2808 2945/1009/2808 2946/1284/2808
f 2948/1013/2809 2952/1014/2809 2954/1015/2809
f 2949/1285/2810 2952/1017/2810 2951/1018/2810
f 2950/1019/2811 2952/1017/2811 2953/1020/2811
f 2955/1286/2812 2959/1022/2812 2961/1023/2812
f 2956/1287/2813 2959/1025/2813 2958/1026/2813
f 2957/1288/2814 2959/1025/2814 2960/1289/2814
f 2962/1290/2815 2966/1030/2815 2968/1031/2815
f 2963/1032/2816 2966/1033/2816 2965/1034/2816
f 2964/1035/2817 2966/1033/2817 2967/1228/2817
f 2969/1037/2818 2973/1038/2818 2975/1039/2818
f 2970/1291/2819 2973/1041/2819 2972/1042/2819
f 2971/1292/2820 2973/1041/2820 2974/1143/2820
f 2976/1293/2821 2980/1046/2821 2982/1047/2821
f 2977/1048/2822 2980/1049/2822 2979/1050/2822
f 2978/1051/2823 2980/1049/2823 2981/1294/2823
f 2983/1053/2824 2987/1054/2824 2989/1055/2824
f 2984/1295/2825 2987/1057/2825 2986/1058/2825
f 2985/1059/2826 2987/1057/2826 2988/1060/2826
f 2990/1296/2827 2994/1062/2827 2996/1063/2827
f 2991/1297/2828 2994/1065/2828 2993/1066/2828
f 2992/1298/2829 2994/1065/2829 2995/1299/2829
f 2942/1282/2830 2933/1069/2830 2929/1278/2830
f 2933/989/2831 2941/1281/2831 2927/1277/2831
f 2935/999/2832 2954/1070/2832 2950/1019/2832
f 2937/1071/2833 2948/1013/2833 2954/1015/2833
f 2928/990/2834 2939/1004/2834 2932/1072/2834
f 2939/1073/2835 2929/1278/2835 2932/995/2835
f 2943/1283/2836 2953/1020/2836 2949/1285/2836
f 2953/1020/2837 2942/1282/2837 2950/1019/2837
f 2956/1287/2838 2947/1074/2838 2943/1283/2838
f 2947/1007/2839 2955/1286/2839 2941/1281/2839
f 2964/1035/2840 2951/1018/2840 2968/1076/2840
f 2968/1031/2841 2948/1013/2841 2962/1290/2841
f 2957/1288/2842 2967/1228/2842 2963/1032/2842
f 2967/1228/2843 2956/1287/2843 2964/1035/2843
f 2957/1288/2844 2972/1042/2844 2961/1077/2844
f 2972/1078/2845 2955/1286/2845 2961/1023/2845
f 2978/1051/2846 2965/1034/2846 2982/1079/2846
f 2965/1080/2847 2976/1293/2847 2982/1047/2847
f 2971/1292/2848 2981/1294/2848 2977/1048/2848
f 2981/1294/2849 2970/1291/2849 2978/1051/2849
f 2984/1295/2850 2975/1081/2850 2971/1292/2850
f 2986/1082/2851 2969/1037/2851 2975/1039/2851
f 2992/1298/2852 2979/1050/2852 2996/1083/2852
f 2996/1063/2853 2976/1293/2853 2990/1296/2853
f 2985/1059/2854 2995/1299/2854 2991/1297/2854
f 2995/1299/2855 2984/1295/2855 2992/1298/2855
f 2985/1059/2856 2930/992/2856 2989/1085/2856
f 2989/1055/2857 2927/1277/2857 2983/1053/2857
f 2991/1297/2858 2940/1087/2858 2936/1280/2858
f 2993/1088/2859 2934/1279/2859 2940/998/2859
f 2941/1281/2860 2969/1037/2860 2983/1053/2860
f 2929/1278/2861 2950/1019/2861 2942/1282/2861
f 2985/1059/2862 2936/1280/2862 2928/990/2862
f 2934/1279/2863 2976/1293/2863 2962/1290/2863
f 2949/1285/2864 2956/1287/2864 2943/1283/2864
f 2963/1032/2865 2970/1291/2865 2957/1288/2865
f 2971/1292/2866 2992/1298/2866 2984/1295/2866
f 2997/1300/2867 3001/1090/2867 3003/1091/2867
f 2998/1092/2868 3001/991/2868 3000/1093/2868
f 2999/1301/2869 3001/1095/2869 3002/1096/2869
f 3004/1302/2870 3008/1098/2870 3010/1099/2870
f 3005/1100/2871 3008/1000/2871 3007/1101/2871
f 3006/1303/2872 3008/1103/2872 3009/1004/2872
f 3011/1304/2873 3015/1105/2873 3017/1106/2873
f 3012/1107/2874 3015/1108/2874 3014/1109/2874
f 3013/1305/2875 3015/1108/2875 3016/1111/2875
f 3018/1306/2876 3022/1113/2876 3024/1114/2876
f 3019/1307/2877 3022/1116/2877 3021/1117/2877
f 3020/1118/2878 3022/1116/2878 3023/1308/2878
f 3025/1120/2879 3029/1121/2879 3031/1122/2879
f 3026/1309/2880 3029/1124/2880 3028/1125/2880
f 3027/1126/2881 3029/1124/2881 3030/1127/2881
f 3032/1310/2882 3036/1129/2882 3038/1130/2882
f 3033/1311/2883 3036/1132/2883 3035/1133/2883
f 3034/1312/2884 3036/1132/2884 3037/1313/2884
f 3039/1136/2885 3043/1137/2885 3045/1138/2885
f 3040/1314/2886 3043/1140/2886 3042/1141/2886
f 3041/1315/2887 3043/1140/2887 3044/1143/2887
f 3046/1316/2888 3050/1145/2888 3052/1146/2888
f 3047/1317/2889 3050/1148/2889 3049/1149/2889
f 3048/1318/2890 3050/1148/2890 3051/1319/2890
f 3053/1320/2891 3057/1153/2891 3059/1154/2891
f 3054/1321/2892 3057/1156/2892 3056/1157/2892
f 3055/1158/2893 3057/1156/2893 3058/1322/2893
f 3060/1323/2894 3064/1161/2894 3066/1162/2894
f 3061/1163/2895 3064/1164/2895 3063/1165/2895
f 3062/1324/2896 3064/1164/2896 3065/1325/2896
f 3012/1107/2897 3003/1168/2897 2999/1301/2897
f 3014/1326/2898 2997/1300/2898 3003/1091/2898
f 3005/1100/2899 3024/1169/2899 3020/1118/2899
f 3007/1327/2900 3018/1306/2900 3024/1114/2900
f 2998/1092/2901 3009/1004/2901 3002/1072/2901
f 3009/1170/2902 2999/1301/2902 3002/1096/2902
f 3013/1305/2903 3023/1308/2903 3019/1307/2903
f 3023/1308/2904 3012/1107/2904 3020/1118/2904
f 3013/1305/2905 3028/1125/2905 3017/1171/2905
f 3028/1172/2906 3011/1304/2906 3017/1106/2906
f 3019/1307/2907 3038/1173/2907 3034/1312/2907
f 3021/1328/2908 3032/1310/2908 3038/1130/2908
f 3027/1126/2909 3037/1313/2909 3033/1311/2909
f 3037/1313/2910 3026/1309/2910 3034/1312/2910
f 3040/1314/2911 3031/1174/2911 3027/1126/2911
f 3031/1122/2912 3039/1136/2912 3025/1120/2912
f 3033/1311/2913 3052/1175/2913 3048/1318/2913
f 3035/1176/2914 3046/1316/2914 3052/1146/2914
f 3041/1315/2915 3051/1319/2915 3047/1317/2915
f 3051/1319/2916 3040/1314/2916 3048/1318/2916
f 3054/1321/2917 3045/1177/2917 3041/1315/2917
f 3056/1178/2918 3039/1136/2918 3045/1138/2918
f 3062/1324/2919 3049/1149/2919 3066/1179/2919
f 3049/1329/2920 3060/1323/2920 3066/1162/2920
f 3055/1158/2921 3065/1325/2921 3061/1163/2921
f 3065/1325/2922 3054/1321/2922 3062/1324/2922
f 3055/1158/2923 3000/1093/2923 3059/1180/2923
f 3000/1330/2924 3053/1320/2924 3059/1154/2924
f 3061/1163/2925 3010/1181/2925 3006/1303/2925
f 3063/1182/2926 3004/1302/2926 3010/1099/2926
f 3011/1304/2927 3039/1136/2927 3053/1320/2927
f 3005/1100/2928 3012/1107/2928 2999/1301/2928
f 3061/1163/2929 2998/1092/2929 3055/1158/2929
f 3004/1302/2930 3046/1316/2930 3032/1310/2930
f 3013/1305/2931 3034/1312/2931 3026/1309/2931
f 3033/1311/2932 3040/1314/2932 3027/1126/2932
f 3041/1315/2933 3062/1324/2933 3054/1321/2933
f 3067/1183/2934 3071/1184/2934 3073/1185/2934
f 3068/1186/2935 3071/991/2935 3070/1187/2935
f 3069/1188/2936 3071/1189/2936 3072/995/2936
f 3074/1190/2937 3078/1191/2937 3080/1192/2937
f 3075/1193/2938 3078/1000/2938 3077/1194/2938
f 3076/1195/2939 3078/1196/2939 3079/1004/2939
f 3081/1197/2940 3085/1198/2940 3087/1199/2940
f 3082/1200/2941 3085/1201/2941 3084/1202/2941
f 3083/1203/2942 3085/1201/2942 3086/1204/2942
f 3088/1205/2943 3092/1206/2943 3094/1207/2943
f 3089/1331/2944 3092/1209/2944 3091/1210/2944
f 3090/1211/2945 3092/1209/2945 3093/1212/2945
f 3095/1213/2946 3099/1214/2946 3101/1215/2946
f 3096/1216/2947 3099/1217/2947 3098/1218/2947
f 3097/1332/2948 3099/1217/2948 3100/1220/2948
f 3102/1221/2949 3106/1222/2949 3108/1223/2949
f 3103/1224/2950 3106/1225/2950 3105/1226/2950
f 3104/1227/2951 3106/1225/2951 3107/1228/2951
f 3109/1229/2952 3113/1230/2952 3115/1231/2952
f 3110/1232/2953 3113/1233/2953 3112/1234/2953
f 3111/1333/2954 3113/1233/2954 3114/1236/2954
f 3116/1237/2955 3120/1238/2955 3122/1239/2955
f 3117/1240/2956 3120/1241/2956 3119/1242/2956
f 3118/1243/2957 3120/1241/2957 3121/1052/2957
f 3123/1244/2958 3127/1245/2958 3129/1246/2958
f 3124/1247/2959 3127/1248/2959 3126/1249/2959
f 3125/1250/2960 3127/1248/2960 3128/1159/2960
f 3130/1251/2961 3134/1252/2961 3136/1253/2961
f 3131/1334/2962 3134/1255/2962 3133/1256/2962
f 3132/1257/2963 3134/1255/2963 3135/1258/2963
f 3069/1188/2964 3084/1202/2964 3073/1259/2964
f 3084/1335/2965 3067/1183/2965 3073/1185/2965
f 3075/1193/2966 3094/1260/2966 3090/1211/2966
f 3077/1336/2967 3088/1205/2967 3094/1207/2967
f 3068/1186/2968 3079/1004/2968 3072/1261/2968
f 3079/1073/2969 3069/1188/2969 3072/995/2969
f 3083/1203/2970 3093/1212/2970 3089/1331/2970
f 3093/1212/2971 3082/1200/2971 3090/1211/2971
f 3083/1203/2972 3098/1218/2972 3087/1262/2972
f 3087/1199/2973 3095/1213/2973 3081/1197/2973
f 3089/1331/2974 3108/1264/2974 3104/1227/2974
f 3108/1223/2975 3088/1205/2975 3102/1221/2975
f 3097/1332/2976 3107/1228/2976 3103/1224/2976
f 3107/1228/2977 3096/1216/2977 3104/1227/2977
f 3110/1232/2978 3101/1266/2978 3097/1332/2978
f 3101/1215/2979 3109/1229/2979 3095/1213/2979
f 3103/1224/2980 3122/1268/2980 3118/1243/2980
f 3122/1239/2981 3102/1221/2981 3116/1237/2981
f 3111/1333/2982 3121/1052/2982 3117/1240/2982
f 3121/1052/2983 3110/1232/2983 3118/1243/2983
f 3111/1333/2984 3126/1249/2984 3115/1269/2984
f 3126/1270/2985 3109/1229/2985 3115/1231/2985
f 3132/1257/2986 3119/1242/2986 3136/1271/2986
f 3136/1253/2987 3116/1237/2987 3130/1251/2987
f 3125/1250/2988 3135/1258/2988 3131/1334/2988
f 3135/1258/2989 3124/1247/2989 3132/1257/2989
f 3125/1250/2990 3070/1187/2990 3129/1273/2990
f 3070/1274/2991 3123/1244/2991 3129/1246/2991
f 3076/1195/2992 3133/1256/2992 3080/1275/2992
f 3133/1276/2993 3074/1190/2993 3080/1192/2993
f 3081/1197/2994 3109/1229/2994 3123/1244/2994
f 3069/1188/2995 3090/1211/2995 3082/1200/2995
f 3125/1250/2996 3076/1195/2996 3068/1186/2996
f 3074/1190/2997 3116/1237/2997 3102/1221/2997
f 3083/1203/2998 3104/1227/2998 3096/1216/2998
f 3103/1224/2999 3110/1232/2999 3097/1332/2999
f 3117/1240/3000 3124/1247/3000 3111/1333/3000
f 3137/1277/3001 3141/988/3001 3143/989/3001
f 3138/990/3002 3141/991/3002 3140/992/3002
f 3139/1337/3003 3141/994/3003 3142/995/3003
f 3144/1279/3004 3148/997/3004 3150/998/3004
f 3145/999/3005 3148/1000/3005 3147/1001/3005
f 3146/1280/3006 3148/1003/3006 3149/1004/3006
f 3151/1281/3007 3155/1006/3007 3157/1007/3007
f 3152/1282/3008 3155/1009/3008 3154/1010/3008
f 3153/1011/3009 3155/1009/3009 3156/1284/3009
f 3158/1013/3010 3162/1014/3010 3164/1015/3010
f 3159/1285/3011 3162/1017/3011 3161/1018/3011
f 3160/1019/3012 3162/1017/3012 3163/1020/3012
f 3165/1286/3013 3169/1022/3013 3171/1023/3013
f 3166/1287/3014 3169/1025/3014 3168/1026/3014
f 3167/1288/3015 3169/1025/3015 3170/1289/3015
f 3172/1029/3016 3176/1030/3016 3178/1031/3016
f 3173/1032/3017 3176/1033/3017 3175/1034/3017
f 3174/1035/3018 3176/1033/3018 3177/1228/3018
f 3179/1037/3019 3183/1038/3019 3185/1039/3019
f 3180/1291/3020 3183/1041/3020 3182/1042/3020
f 3181/1043/3021 3183/1041/3021 3184/1143/3021
f 3186/1293/3022 3190/1046/3022 3192/1047/3022
f 3187/1048/3023 3190/1049/3023 3189/1050/3023
f 3188/1051/3024 3190/1049/3024 3191/1294/3024
f 3193/1338/3025 3197/1054/3025 3199/1055/3025
f 3194/1295/3026 3197/1057/3026 3196/1058/3026
f 3195/1059/3027 3197/1057/3027 3198/1060/3027
f 3200/1296/3028 3204/1062/3028 3206/1063/3028
f 3201/1297/3029 3204/1065/3029 3203/1066/3029
f 3202/1298/3030 3204/1065/3030 3205/1299/3030
f 3139/1337/3031 3154/1010/3031 3143/1069/3031
f 3143/989/3032 3151/1281/3032 3137/1277/3032
f 3160/1019/3033 3147/1001/3033 3164/1070/3033
f 3164/1015/3034 3144/1279/3034 3158/1013/3034
f 3138/990/3035 3149/1004/3035 3142/1072/3035
f 3149/1073/3036 3139/1337/3036 3142/995/3036
f 3153/1011/3037 3163/1020/3037 3159/1285/3037
f 3163/1020/3038 3152/1282/3038 3160/1019/3038
f 3153/1011/3039 3168/1026/3039 3157/1074/3039
f 3157/1007/3040 3165/1286/3040 3151/1281/3040
f 3174/1035/3041 3161/1018/3041 3178/1076/3041
f 3178/1031/3042 3158/1013/3042 3172/1029/3042
f 3167/1288/3043 3177/1228/3043 3173/1032/3043
f 3177/1228/3044 3166/1287/3044 3174/1035/3044
f 3180/1291/3045 3171/1077/3045 3167/1288/3045
f 3182/1078/3046 3165/1286/3046 3171/1023/3046
f 3173/1032/3047 3192/1079/3047 3188/1051/3047
f 3175/1080/3048 3186/1293/3048 3192/1047/3048
f 3181/1043/3049 3191/1294/3049 3187/1048/3049
f 3191/1294/3050 3180/1291/3050 3188/1051/3050
f 3181/1043/3051 3196/1058/3051 3185/1081/3051
f 3196/1082/3052 3179/1037/3052 3185/1039/3052
f 3187/1048/3053 3206/1083/3053 3202/1298/3053
f 3189/1084/3054 3200/1296/3054 3206/1063/3054
f 3195/1059/3055 3205/1299/3055 3201/1297/3055
f 3205/1299/3056 3194/1295/3056 3202/1298/3056
f 3138/990/3057 3199/1085/3057 3195/1059/3057
f 3140/1086/3058 3193/1338/3058 3199/1055/3058
f 3146/1280/3059 3203/1066/3059 3150/1087/3059
f 3203/1088/3060 3144/1279/3060 3150/998/3060
f 3151/1281/3061 3179/1037/3061 3193/1338/3061
f 3145/999/3062 3152/1282/3062 3139/1337/3062
f 3201/1297/3063 3138/990/3063 3195/1059/3063
f 3144/1279/3064 3186/1293/3064 3172/1029/3064
f 3159/1285/3065 3166/1287/3065 3153/1011/3065
f 3167/1288/3066 3188/1051/3066 3180/1291/3066
f 3187/1048/3067 3194/1295/3067 3181/1043/3067
f 3207/1300/3068 3211/1090/3068 3213/1091/3068
f 3208/1339/3069 3211/991/3069 3210/1093/3069
f 3209/1094/3070 3211/1095/3070 3212/1096/3070
f 3214/1302/3071 3218/1098/3071 3220/1099/3071
f 3215/1100/3072 3218/1000/3072 3217/1101/3072
f 3216/1303/3073 3218/1103/3073 3219/1004/3073
f 3221/1304/3074 3225/1105/3074 3227/1106/3074
f 3222/1107/3075 3225/1108/3075 3224/1109/3075
f 3223/1110/3076 3225/1108/3076 3226/1111/3076
f 3228/1306/3077 3232/1113/3077 3234/1114/3077
f 3229/1340/3078 3232/1116/3078 3231/1117/3078
f 3230/1118/3079 3232/1116/3079 3233/1308/3079
f 3235/1120/3080 3239/1121/3080 3241/1122/3080
f 3236/1309/3081 3239/1124/3081 3238/1125/3081
f 3237/1341/3082 3239/1124/3082 3240/1127/3082
f 3242/1128/3083 3246/1129/3083 3248/1130/3083
f 3243/1311/3084 3246/1132/3084 3245/1133/3084
f 3244/1312/3085 3246/1132/3085 3247/1313/3085
f 3249/1136/3086 3253/1137/3086 3255/1138/3086
f 3250/1314/3087 3253/1140/3087 3252/1141/3087
f 3251/1315/3088 3253/1140/3088 3254/1143/3088
f 3256/1316/3089 3260/1145/3089 3262/1146/3089
f 3257/1342/3090 3260/1148/3090 3259/1149/3090
f 3258/1318/3091 3260/1148/3091 3261/1319/3091
f 3263/1320/3092 3267/1153/3092 3269/1154/3092
f 3264/1343/3093 3267/1156/3093 3266/1157/3093
f 3265/1158/3094 3267/1156/3094 3268/1322/3094
f 3270/1323/3095 3274/1161/3095 3276/1162/3095
f 3271/1163/3096 3274/1164/3096 3273/1165/3096
f 3272/1324/3097 3274/1164/3097 3275/1325/3097
f 3222/1107/3098 3213/1168/3098 3209/1094/3098
f 3224/1326/3099 3207/1300/3099 3213/1091/3099
f 3215/1100/3100 3234/1169/3100 3230/1118/3100
f 3234/1114/3101 3214/1302/3101 3228/1306/3101
f 3208/1339/3102 3219/1004/3102 3212/1072/3102
f 3219/1170/3103 3209/1094/3103 3212/1096/3103
f 3223/1110/3104 3233/1308/3104 3229/1340/3104
f 3233/1308/3105 3222/1107/3105 3230/1118/3105
f 3236/1309/3106 3227/1171/3106 3223/1110/3106
f 3238/1172/3107 3221/1304/3107 3227/1106/3107
f 3244/1312/3108 3231/1117/3108 3248/1173/3108
f 3248/1130/3109 3228/1306/3109 3242/1128/3109
f 3237/1341/3110 3247/1313/3110 3243/1311/3110
f 3247/1313/3111 3236/1309/3111 3244/1312/3111
f 3250/1314/3112 3241/1174/3112 3237/1341/3112
f 3241/1122/3113 3249/1136/3113 3235/1120/3113
f 3258/1318/3114 3245/1133/3114 3262/1175/3114
f 3245/1176/3115 3256/1316/3115 3262/1146/3115
f 3251/1315/3116 3261/1319/3116 3257/1342/3116
f 3261/1319/3117 3250/1314/3117 3258/1318/3117
f 3251/1315/3118 3266/1157/3118 3255/1177/3118
f 3266/1178/3119 3249/1136/3119 3255/1138/3119
f 3272/1324/3120 3259/1149/3120 3276/1179/3120
f 3276/1162/3121 3256/1316/3121 3270/1323/3121
f 3265/1158/3122 3275/1325/3122 3271/1163/3122
f 3275/1325/3123 3264/1343/3123 3272/1324/3123
f 3265/1158/3124 3210/1093/3124 3269/1180/3124
f 3210/1330/3125 3263/1320/3125 3269/1154/3125
f 3216/1303/3126 3273/1165/3126 3220/1181/3126
f 3273/1182/3127 3214/1302/3127 3220/1099/3127
f 3221/1304/3128 3249/1136/3128 3263/1320/3128
f 3209/1094/3129 3230/1118/3129 3222/1107/3129
f 3271/1163/3130 3208/1339/3130 3265/1158/3130
f 3214/1302/3131 3256/1316/3131 3242/1128/3131
f 3223/1110/3132 3244/1312/3132 3236/1309/3132
f 3237/1341/3133 3258/1318/3133 3250/1314/3133
f 3257/1342/3134 3264/1343/3134 3251/1315/3134
f 3277/1183/3135 3281/1184/3135 3283/1185/3135
f 3278/1344/3136 3281/991/3136 3280/1187/3136
f 3279/1345/3137 3281/1189/3137 3282/995/3137
f 3284/1190/3138 3288/1191/3138 3290/1192/3138
f 3285/1346/3139 3288/1000/3139 3287/1194/3139
f 3286/1195/3140 3288/1196/3140 3289/1004/3140
f 3291/1347/3141 3295/1198/3141 3297/1199/3141
f 3292/1348/3142 3295/1201/3142 3294/1202/3142
f 3293/1349/3143 3295/1201/3143 3296/1012/3143
f 3298/1205/3144 3302/1206/3144 3304/1207/3144
f 3299/1208/3145 3302/1209/3145 3301/1210/3145
f 3300/1350/3146 3302/1209/3146 3303/1119/3146
f 3305/1351/3147 3309/1214/3147 3311/1215/3147
f 3306/1352/3148 3309/1217/3148 3308/1218/3148
f 3307/1219/3149 3309/1217/3149 3310/1289/3149
f 3312/1221/3150 3316/1222/3150 3318/1223/3150
f 3313/1224/3151 3316/1225/3151 3315/1226/3151
f 3314/1227/3152 3316/1225/3152 3317/1036/3152
f 3319/1353/3153 3323/1230/3153 3325/1231/3153
f 3320/1354/3154 3323/1233/3154 3322/1234/3154
f 3321/1333/3155 3323/1233/3155 3324/1236/3155
f 3326/1355/3156 3330/1238/3156 3332/1239/3156
f 3327/1356/3157 3330/1241/3157 3329/1242/3157
f 3328/1243/3158 3330/1241/3158 3331/1052/3158
f 3333/1357/3159 3337/1245/3159 3339/1246/3159
f 3334/1247/3160 3337/1248/3160 3336/1249/3160
f 3335/1250/3161 3337/1248/3161 3338/1358/3161
f 3340/1251/3162 3344/1252/3162 3346/1253/3162
f 3341/1254/3163 3344/1255/3163 3343/1256/3163
f 3342/1257/3164 3344/1255/3164 3345/1167/3164
f 3279/1345/3165 3294/1202/3165 3283/1259/3165
f 3283/1185/3166 3291/1347/3166 3277/1183/3166
f 3300/1350/3167 3287/1194/3167 3304/1260/3167
f 3304/1207/3168 3284/1190/3168 3298/1205/3168
f 3278/1344/3169 3289/1004/3169 3282/1261/3169
f 3289/1073/3170 3279/1345/3170 3282/995/3170
f 3293/1349/3171 3303/1119/3171 3299/1208/3171
f 3303/1119/3172 3292/1348/3172 3300/1350/3172
f 3306/1352/3173 3297/1262/3173 3293/1349/3173
f 3308/1263/3174 3291/1347/3174 3297/1199/3174
f 3314/1227/3175 3301/1210/3175 3318/1264/3175
f 3318/1223/3176 3298/1205/3176 3312/1221/3176
f 3307/1219/3177 3317/1036/3177 3313/1224/3177
f 3317/1036/3178 3306/1352/3178 3314/1227/3178
f 3320/1354/3179 3311/1266/3179 3307/1219/3179
f 3311/1215/3180 3319/1353/3180 3305/1351/3180
f 3328/1243/3181 3315/1226/3181 3332/1268/3181
f 3315/1359/3182 3326/1355/3182 3332/1239/3182
f 3321/1333/3183 3331/1052/3183 3327/1356/3183
f 3331/1052/3184 3320/1354/3184 3328/1243/3184
f 3321/1333/3185 3336/1249/3185 3325/1269/3185
f 3336/1270/3186 3319/1353/3186 3325/1231/3186
f 3342/1257/3187 3329/1242/3187 3346/1271/3187
f 3346/1253/3188 3326/1355/3188 3340/1251/3188
f 3335/1250/3189 3345/1167/3189 3341/1254/3189
f 3345/1167/3190 3334/1247/3190 3342/1257/3190
f 3278/1344/3191 3339/1273/3191 3335/1250/3191
f 3339/1246/3192 3277/1183/3192 3333/1357/3192
f 3286/1195/3193 3343/1256/3193 3290/1275/3193
f 3290/1192/3194 3340/1251/3194 3284/1190/3194
f 3291/1347/3195 3319/1353/3195 3333/1357/3195
f 3279/1345/3196 3300/1350/3196 3292/1348/3196
f 3341/1254/3197 3278/1344/3197 3335/1250/3197
f 3284/1190/3198 3326/1355/3198 3312/1221/3198
f 3293/1349/3199 3314/1227/3199 3306/1352/3199
f 3307/1219/3200 3328/1243/3200 3320/1354/3200
f 3327/1356/3201 3334/1247/3201 3321/1333/3201
f 3347/987/3202 3351/988/3202 3353/989/3202
f 3348/1360/3203 3351/991/3203 3350/992/3203
f 3349/1278/3204 3351/994/3204 3352/995/3204
f 3354/996/3205 3358/997/3205 3360/998/3205
f 3355/999/3206 3358/1000/3206 3357/1001/3206
f 3356/1002/3207 3358/1003/3207 3359/1004/3207
f 3361/1005/3208 3365/1006/3208 3367/1007/3208
f 3362/1008/3209 3365/1009/3209 3364/1010/3209
f 3363/1283/3210 3365/1009/3210 3366/1012/3210
f 3368/1013/3211 3372/1014/3211 3374/1015/3211
f 3369/1285/3212 3372/1017/3212 3371/1018/3212
f 3370/1019/3213 3372/1017/3213 3373/1020/3213
f 3375/1021/3214 3379/1022/3214 3381/1023/3214
f 3376/1024/3215 3379/1025/3215 3378/1026/3215
f 3377/1027/3216 3379/1025/3216 3380/1028/3216
f 3382/1029/3217 3386/1030/3217 3388/1031/3217
f 3383/1361/3218 3386/1033/3218 3385/1034/3218
f 3384/1362/3219 3386/1033/3219 3387/1036/3219
f 3389/1037/3220 3393/1038/3220 3395/1039/3220
f 3390/1040/3221 3393/1041/3221 3392/1042/3221
f 3391/1363/3222 3393/1041/3222 3394/1044/3222
f 3396/1045/3223 3400/1046/3223 3402/1047/3223
f 3397/1364/3224 3400/1049/3224 3399/1050/3224
f 3398/1051/3225 3400/1049/3225 3401/1052/3225
f 3403/1053/3226 3407/1054/3226 3409/1055/3226
f 3404/1365/3227 3407/1057/3227 3406/1058/3227
f 3405/1059/3228 3407/1057/3228 3408/1060/3228
f 3410/1061/3229 3414/1062/3229 3416/1063/3229
f 3411/1064/3230 3414/1065/3230 3413/1066/3230
f 3412/1067/3231 3414/1065/3231 3415/1068/3231
f 3349/1278/3232 3364/1010/3232 3353/1069/3232
f 3364/1366/3233 3347/987/3233 3353/989/3233
f 3355/999/3234 3374/1070/3234 3370/1019/3234
f 3374/1015/3235 3354/996/3235 3368/1013/3235
f 3348/1360/3236 3359/1004/3236 3352/1072/3236
f 3359/1073/3237 3349/1278/3237 3352/995/3237
f 3363/1283/3238 3373/1020/3238 3369/1285/3238
f 3373/1020/3239 3362/1008/3239 3370/1019/3239
f 3376/1024/3240 3367/1074/3240 3363/1283/3240
f 3378/1075/3241 3361/1005/3241 3367/1007/3241
f 3384/1362/3242 3371/1018/3242 3388/1076/3242
f 3388/1031/3243 3368/1013/3243 3382/1029/3243
f 3377/1027/3244 3387/1036/3244 3383/1361/3244
f 3387/1036/3245 3376/1024/3245 3384/1362/3245
f 3390/1040/3246 3381/1077/3246 3377/1027/3246
f 3392/1078/3247 3375/1021/3247 3381/1023/3247
f 3383/1361/3248 3402/1079/3248 3398/1051/3248
f 3402/1047/3249 3382/1029/3249 3396/1045/3249
f 3391/1363/3250 3401/1052/3250 3397/1364/3250
f 3401/1052/3251 3390/1040/3251 3398/1051/3251
f 3391/1363/3252 3406/1058/3252 3395/1081/3252
f 3406/1082/3253 3389/1037/3253 3395/1039/3253
f 3412/1067/3254 3399/1050/3254 3416/1083/3254
f 3399/1084/3255 3410/1061/3255 3416/1063/3255
f 3405/1059/3256 3415/1068/3256 3411/1064/3256
f 3415/1068/3257 3404/1365/3257 3412/1067/3257
f 3348/1360/3258 3409/1085/3258 3405/1059/3258
f 3350/1086/3259 3403/1053/3259 3409/1055/3259
f 3411/1064/3260 3360/1087/3260 3356/1002/3260
f 3360/998/3261 3410/1061/3261 3354/996/3261
f 3361/1005/3262 3389/1037/3262 3403/1053/3262
f 3349/1278/3263 3370/1019/3263 3362/1008/3263
f 3405/1059/3264 3356/1002/3264 3348/1360/3264
f 3354/996/3265 3396/1045/3265 3382/1029/3265
f 3363/1283/3266 3384/1362/3266 3376/1024/3266
f 3383/1361/3267 3390/1040/3267 3377/1027/3267
f 3397/1364/3268 3404/1365/3268 3391/1363/3268
f 3417/1300/3269 3421/1090/3269 3423/1091/3269
f 3418/1092/3270 3421/991/3270 3420/1093/3270
f 3419/1094/3271 3421/1095/3271 3422/1096/3271
f 3424/1097/3272 3428/1098/3272 3430/1099/3272
f 3425/1100/3273 3428/1000/3273 3427/1101/3273
f 3426/1102/3274 3428/1103/3274 3429/1004/3274
f 3431/1104/3275 3435/1105/3275 3437/1106/3275
f 3432/1107/3276 3435/1108/3276 3434/1109/3276
f 3433/1367/3277 3435/1108/3277 3436/1111/3277
f 3438/1112/3278 3442/1113/3278 3444/1114/3278
f 3439/1115/3279 3442/1116/3279 3441/1117/3279
f 3440/1118/3280 3442/1116/3280 3443/1119/3280
f 3445/1120/3281 3449/1121/3281 3451/1122/3281
f 3446/1123/3282 3449/1124/3282 3448/1125/3282
f 3447/1368/3283 3449/1124/3283 3450/1127/3283
f 3452/1128/3284 3456/1129/3284 3458/1130/3284
f 3453/1131/3285 3456/1132/3285 3455/1133/3285
f 3454/1312/3286 3456/1132/3286 3457/1135/3286
f 3459/1136/3287 3463/1137/3287 3465/1138/3287
f 3460/1139/3288 3463/1140/3288 3462/1141/3288
f 3461/1142/3289 3463/1140/3289 3464/1143/3289
f 3466/1316/3290 3470/1145/3290 3472/1146/3290
f 3467/1369/3291 3470/1148/3291 3469/1149/3291
f 3468/1150/3292 3470/1148/3292 3471/1151/3292
f 3473/1152/3293 3477/1153/3293 3479/1154/3293
f 3474/1155/3294 3477/1156/3294 3476/1157/3294
f 3475/1158/3295 3477/1156/3295 3478/1159/3295
f 3480/1160/3296 3484/1161/3296 3486/1162/3296
f 3481/1163/3297 3484/1164/3297 3483/1165/3297
f 3482/1166/3298 3484/1164/3298 3485/1167/3298
f 3432/1107/3299 3423/1168/3299 3419/1094/3299
f 3423/1091/3300 3431/1104/3300 3417/1300/3300
f 3425/1100/3301 3444/1169/3301 3440/1118/3301
f 3427/1327/3302 3438/1112/3302 3444/1114/3302
f 3418/1092/3303 3429/1004/3303 3422/1072/3303
f 3429/1170/3304 3419/1094/3304 3422/1096/3304
f 3433/1367/3305 3443/1119/3305 3439/1115/3305
f 3443/1119/3306 3432/1107/3306 3440/1118/3306
f 3446/1123/3307 3437/1171/3307 3433/1367/3307
f 3448/1172/3308 3431/1104/3308 3437/1106/3308
f 3454/1312/3309 3441/1117/3309 3458/1173/3309
f 3441/1328/3310 3452/1128/3310 3458/1130/3310
f 3447/1368/3311 3457/1135/3311 3453/1131/3311
f 3457/1135/3312 3446/1123/3312 3454/1312/3312
f 3460/1139/3313 3451/1174/3313 3447/1368/3313
f 3462/1370/3314 3445/1120/3314 3451/1122/3314
f 3453/1131/3315 3472/1175/3315 3468/1150/3315
f 3472/1146/3316 3452/1128/3316 3466/1316/3316
f 3461/1142/3317 3471/1151/3317 3467/1369/3317
f 3471/1151/3318 3460/1139/3318 3468/1150/3318
f 3474/1155/3319 3465/1177/3319 3461/1142/3319
f 3476/1178/3320 3459/1136/3320 3465/1138/3320
f 3482/1166/3321 3469/1149/3321 3486/1179/3321
f 3469/1329/3322 3480/1160/3322 3486/1162/3322
f 3475/1158/3323 3485/1167/3323 3481/1163/3323
f 3485/1167/3324 3474/1155/3324 3482/1166/3324
f 3418/1092/3325 3479/1180/3325 3475/1158/3325
f 3479/1154/3326 3417/1300/3326 3473/1152/3326
f 3481/1163/3327 3430/1181/3327 3426/1102/3327
f 3483/1182/3328 3424/1097/3328 3430/1099/3328
f 3431/1104/3329 3459/1136/3329 3473/1152/3329
f 3419/1094/3330 3440/1118/3330 3432/1107/3330
f 3475/1158/3331 3426/1102/3331 3418/1092/3331
f 3424/1097/3332 3466/1316/3332 3452/1128/3332
f 3439/1115/3333 3446/1123/3333 3433/1367/3333
f 3453/1131/3334 3460/1139/3334 3447/1368/3334
f 3461/1142/3335 3482/1166/3335 3474/1155/3335
f 3487/1183/3336 3491/1184/3336 3493/1185/3336
f 3488/1344/3337 3491/991/3337 3490/1187/3337
f 3489/1371/3338 3491/1189/3338 3492/995/3338
f 3494/1372/3339 3498/1191/3339 3500/1192/3339
f 3495/1346/3340 3498/1000/3340 3497/1194/3340
f 3496/1195/3341 3498/1196/3341 3499/1004/3341
f 3501/1197/3342 3505/1198/3342 3507/1199/3342
f 3502/1348/3343 3505/1201/3343 3504/1202/3343
f 3503/1373/3344 3505/1201/3344 3506/1012/3344
f 3508/1205/3345 3512/1206/3345 3514/1207/3345
f 3509/1208/3346 3512/1209/3346 3511/1210/3346
f 3510/1350/3347 3512/1209/3347 3513/1119/3347
f 3515/1351/3348 3519/1214/3348 3521/1215/3348
f 3516/1352/3349 3519/1217/3349 3518/1218/3349
f 3517/1374/3350 3519/1217/3350 3520/1289/3350
f 3522/1221/3351 3526/1222/3351 3528/1223/3351
f 3523/1224/3352 3526/1225/3352 3525/1226/3352
f 3524/1227/3353 3526/1225/3353 3527/1036/3353
f 3529/1353/3354 3533/1230/3354 3535/1231/3354
f 3530/1354/3355 3533/1233/3355 3532/1234/3355
f 3531/1333/3356 3533/1233/3356 3534/1236/3356
f 3536/1375/3357 3540/1238/3357 3542/1239/3357
f 3537/1356/3358 3540/1241/3358 3539/1242/3358
f 3538/1243/3359 3540/1241/3359 3541/1052/3359
f 3543/1376/3360 3547/1245/3360 3549/1246/3360
f 3544/1247/3361 3547/1248/3361 3546/1249/3361
f 3545/1250/3362 3547/1248/3362 3548/1358/3362
f 3550/1251/3363 3554/1252/3363 3556/1253/3363
f 3551/1334/3364 3554/1255/3364 3553/1256/3364
f 3552/1257/3365 3554/1255/3365 3555/1167/3365
f 3502/1348/3366 3493/1259/3366 3489/1371/3366
f 3504/1335/3367 3487/1183/3367 3493/1185/3367
f 3495/1346/3368 3514/1260/3368 3510/1350/3368
f 3514/1207/3369 3494/1372/3369 3508/1205/3369
f 3488/1344/3370 3499/1004/3370 3492/1261/3370
f 3499/1073/3371 3489/1371/3371 3492/995/3371
f 3503/1373/3372 3513/1119/3372 3509/1208/3372
f 3513/1119/3373 3502/1348/3373 3510/1350/3373
f 3503/1373/3374 3518/1218/3374 3507/1262/3374
f 3507/1199/3375 3515/1351/3375 3501/1197/3375
f 3524/1227/3376 3511/1210/3376 3528/1264/3376
f 3511/1265/3377 3522/1221/3377 3528/1223/3377
f 3517/1374/3378 3527/1036/3378 3523/1224/3378
f 3527/1036/3379 3516/1352/3379 3524/1227/3379
f 3517/1374/3380 3532/1234/3380 3521/1266/3380
f 3521/1215/3381 3529/1353/3381 3515/1351/3381
f 3523/1224/3382 3542/1268/3382 3538/1243/3382
f 3525/1359/3383 3536/1375/3383 3542/1239/3383
f 3531/1333/3384 3541/1052/3384 3537/1356/3384
f 3541/1052/3385 3530/1354/3385 3538/1243/3385
f 3531/1333/3386 3546/1249/3386 3535/1269/3386
f 3546/1270/3387 3529/1353/3387 3535/1231/3387
f 3537/1356/3388 3556/1271/3388 3552/1257/3388
f 3539/1272/3389 3550/1251/3389 3556/1253/3389
f 3545/1250/3390 3555/1167/3390 3551/1334/3390
f 3555/1167/3391 3544/1247/3391 3552/1257/3391
f 3488/1344/3392 3549/1273/3392 3545/1250/3392
f 3490/1274/3393 3543/1376/3393 3549/1246/3393
f 3496/1195/3394 3553/1256/3394 3500/1275/3394
f 3500/1192/3395 3550/1251/3395 3494/1372/3395
f 3501/1197/3396 3529/1353/3396 3543/1376/3396
f 3489/1371/3397 3510/1350/3397 3502/1348/3397
f 3545/1250/3398 3496/1195/3398 3488/1344/3398
f 3494/1372/3399 3536/1375/3399 3522/1221/3399
f 3509/1208/3400 3516/1352/3400 3503/1373/3400
f 3523/1224/3401 3530/1354/3401 3517/1374/3401
f 3531/1333/3402 3552/1257/3402 3544/1247/3402
f 3557/987/3403 3561/988/3403 3563/989/3403
f 3558/1360/3404 3561/991/3404 3560/992/3404
f 3559/993/3405 3561/994/3405 3562/995/3405
f 3564/996/3406 3568/997/3406 3570/998/3406
f 3565/999/3407 3568/1000/3407 3567/1001/3407
f 3566/1002/3408 3568/1003/3408 3569/1004/3408
f 3571/1005/3409 3575/1006/3409 3577/1007/3409
f 3572/1008/3410 3575/1009/3410 3574/1010/3410
f 3573/1011/3411 3575/1009/3411 3576/1012/3411
f 3578/1013/3412 3582/1014/3412 3584/1015/3412
f 3579/1285/3413 3582/1017/3413 3581/1018/3413
f 3580/1019/3414 3582/1017/3414 3583/1020/3414
f 3585/1021/3415 3589/1022/3415 3591/1023/3415
f 3586/1024/3416 3589/1025/3416 3588/1026/3416
f 3587/1377/3417 3589/1025/3417 3590/1028/3417
f 3592/1029/3418 3596/1030/3418 3598/1031/3418
f 3593/1361/3419 3596/1033/3419 3595/1034/3419
f 3594/1035/3420 3596/1033/3420 3597/1036/3420
f 3599/1037/3421 3603/1038/3421 3605/1039/3421
f 3600/1040/3422 3603/1041/3422 3602/1042/3422
f 3601/1363/3423 3603/1041/3423 3604/1044/3423
f 3606/1378/3424 3610/1046/3424 3612/1047/3424
f 3607/1048/3425 3610/1049/3425 3609/1050/3425
f 3608/1051/3426 3610/1049/3426 3611/1052/3426
f 3613/1053/3427 3617/1054/3427 3619/1055/3427
f 3614/1056/3428 3617/1057/3428 3616/1058/3428
f 3615/1059/3429 3617/1057/3429 3618/1060/3429
f 3620/1061/3430 3624/1062/3430 3626/1063/3430
f 3621/1064/3431 3624/1065/3431 3623/1066/3431
f 3622/1067/3432 3624/1065/3432 3625/1068/3432
f 3572/1008/3433 3563/1069/3433 3559/993/3433
f 3563/989/3434 3571/1005/3434 3557/987/3434
f 3565/999/3435 3584/1070/3435 3580/1019/3435
f 3567/1071/3436 3578/1013/3436 3584/1015/3436
f 3558/1360/3437 3569/1004/3437 3562/1072/3437
f 3569/1073/3438 3559/993/3438 3562/995/3438
f 3573/1011/3439 3583/1020/3439 3579/1285/3439
f 3583/1020/3440 3572/1008/3440 3580/1019/3440
f 3586/1024/3441 3577/1074/3441 3573/1011/3441
f 3577/1007/3442 3585/1021/3442 3571/1005/3442
f 3579/1285/3443 3598/1076/3443 3594/1035/3443
f 3598/1031/3444 3578/1013/3444 3592/1029/3444
f 3587/1377/3445 3597/1036/3445 3593/1361/3445
f 3597/1036/3446 3586/1024/3446 3594/1035/3446
f 3600/1040/3447 3591/1077/3447 3587/1377/3447
f 3602/1078/3448 3585/1021/3448 3591/1023/3448
f 3608/1051/3449 3595/1034/3449 3612/1079/3449
f 3595/1080/3450 3606/1378/3450 3612/1047/3450
f 3601/1363/3451 3611/1052/3451 3607/1048/3451
f 3611/1052/3452 3600/1040/3452 3608/1051/3452
f 3601/1363/3453 3616/1058/3453 3605/1081/3453
f 3605/1039/3454 3613/1053/3454 3599/1037/3454
f 3622/1067/3455 3609/1050/3455 3626/1083/3455
f 3609/1084/3456 3620/1061/3456 3626/1063/3456
f 3615/1059/3457 3625/1068/3457 3621/1064/3457
f 3625/1068/3458 3614/1056/3458 3622/1067/3458
f 3615/1059/3459 3560/992/3459 3619/1085/3459
f 3560/1086/3460 3613/1053/3460 3619/1055/3460
f 3621/1064/3461 3570/1087/3461 3566/1002/3461
f 3623/1088/3462 3564/996/3462 3570/998/3462
f 3571/1005/3463 3599/1037/3463 3613/1053/3463
f 3565/999/3464 3572/1008/3464 3559/993/3464
f 3621/1064/3465 3558/1360/3465 3615/1059/3465
f 3564/996/3466 3606/1378/3466 3592/1029/3466
f 3573/1011/3467 3594/1035/3467 3586/1024/3467
f 3593/1361/3468 3600/1040/3468 3587/1377/3468
f 3607/1048/3469 3614/1056/3469 3601/1363/3469
f 3627/1089/3470 3631/1090/3470 3633/1091/3470
f 3628/1092/3471 3631/991/3471 3630/1093/3471
f 3629/1094/3472 3631/1095/3472 3632/1096/3472
f 3634/1379/3473 3638/1098/3473 3640/1099/3473
f 3635/1100/3474 3638/1000/3474 3637/1101/3474
f 3636/1102/3475 3638/1103/3475 3639/1004/3475
f 3641/1104/3476 3645/1105/3476 3647/1106/3476
f 3642/1107/3477 3645/1108/3477 3644/1109/3477
f 3643/1367/3478 3645/1108/3478 3646/1111/3478
f 3648/1112/3479 3652/1113/3479 3654/1114/3479
f 3649/1115/3480 3652/1116/3480 3651/1117/3480
f 3650/1118/3481 3652/1116/3481 3653/1119/3481
f 3655/1120/3482 3659/1121/3482 3661/1122/3482
f 3656/1123/3483 3659/1124/3483 3658/1125/3483
f 3657/1368/3484 3659/1124/3484 3660/1127/3484
f 3662/1128/3485 3666/1129/3485 3668/1130/3485
f 3663/1131/3486 3666/1132/3486 3665/1133/3486
f 3664/1134/3487 3666/1132/3487 3667/1135/3487
f 3669/1136/3488 3673/1137/3488 3675/1138/3488
f 3670/1139/3489 3673/1140/3489 3672/1141/3489
f 3671/1142/3490 3673/1140/3490 3674/1143/3490
f 3676/1380/3491 3680/1145/3491 3682/1146/3491
f 3677/1369/3492 3680/1148/3492 3679/1149/3492
f 3678/1150/3493 3680/1148/3493 3681/1151/3493
f 3683/1381/3494 3687/1153/3494 3689/1154/3494
f 3684/1155/3495 3687/1156/3495 3686/1157/3495
f 3685/1158/3496 3687/1156/3496 3688/1159/3496
f 3690/1160/3497 3694/1161/3497 3696/1162/3497
f 3691/1163/3498 3694/1164/3498 3693/1165/3498
f 3692/1166/3499 3694/1164/3499 3695/1167/3499
f 3629/1094/3500 3644/1109/3500 3633/1168/3500
f 3644/1326/3501 3627/1089/3501 3633/1091/3501
f 3635/1100/3502 3654/1169/3502 3650/1118/3502
f 3637/1327/3503 3648/1112/3503 3654/1114/3503
f 3628/1092/3504 3639/1004/3504 3632/1072/3504
f 3639/1170/3505 3629/1094/3505 3632/1096/3505
f 3643/1367/3506 3653/1119/3506 3649/1115/3506
f 3653/1119/3507 3642/1107/3507 3650/1118/3507
f 3643/1367/3508 3658/1125/3508 3647/1171/3508
f 3658/1172/3509 3641/1104/3509 3647/1106/3509
f 3664/1134/3510 3651/1117/3510 3668/1173/3510
f 3651/1328/3511 3662/1128/3511 3668/1130/3511
f 3657/1368/3512 3667/1135/3512 3663/1131/3512
f 3667/1135/3513 3656/1123/3513 3664/1134/3513
f 3670/1139/3514 3661/1174/3514 3657/1368/3514
f 3661/1122/3515 3669/1136/3515 3655/1120/3515
f 3678/1150/3516 3665/1133/3516 3682/1175/3516
f 3665/1176/3517 3676/1380/3517 3682/1146/3517
f 3671/1142/3518 3681/1151/3518 3677/1369/3518
f 3681/1151/3519 3670/1139/3519 3678/1150/3519
f 3671/1142/3520 3686/1157/3520 3675/1177/3520
f 3686/1178/3521 3669/1136/3521 3675/1138/3521
f 3677/1369/3522 3696/1179/3522 3692/1166/3522
f 3696/1162/3523 3676/1380/3523 3690/1160/3523
f 3685/1158/3524 3695/1167/3524 3691/1163/3524
f 3695/1167/3525 3684/1155/3525 3692/1166/3525
f 3685/1158/3526 3630/1093/3526 3689/1180/3526
f 3630/1330/3527 3683/1381/3527 3689/1154/3527
f 3636/1102/3528 3693/1165/3528 3640/1181/3528
f 3640/1099/3529 3690/1160/3529 3634/1379/3529
f 3641/1104/3530 3669/1136/3530 3683/1381/3530
f 3629/1094/3531 3650/1118/3531 3642/1107/3531
f 3691/1163/3532 3628/1092/3532 3685/1158/3532
f 3634/1379/3533 3676/1380/3533 3662/1128/3533
f 3649/1115/3534 3656/1123/3534 3643/1367/3534
f 3663/1131/3535 3670/1139/3535 3657/1368/3535
f 3677/1369/3536 3684/1155/3536 3671/1142/3536
f 3697/1183/3537 3701/1184/3537 3703/1185/3537
f 3698/1344/3538 3701/991/3538 3700/1187/3538
f 3699/1188/3539 3701/1189/3539 3702/995/3539
f 3704/1372/3540 3708/1191/3540 3710/1192/3540
f 3705/1346/3541 3708/1000/3541 3707/1194/3541
f 3706/1195/3542 3708/1196/3542 3709/1004/3542
f 3711/1347/3543 3715/1198/3543 3717/1199/3543
f 3712/1348/3544 3715/1201/3544 3714/1202/3544
f 3713/1203/3545 3715/1201/3545 3716/1012/3545
f 3718/1205/3546 3722/1206/3546 3724/1207/3546
f 3719/1208/3547 3722/1209/3547 3721/1210/3547
f 3720/1350/3548 3722/1209/3548 3723/1119/3548
f 3725/1351/3549 3729/1214/3549 3731/1215/3549
f 3726/1352/3550 3729/1217/3550 3728/1218/3550
f 3727/1374/3551 3729/1217/3551 3730/1289/3551
f 3732/1221/3552 3736/1222/3552 3738/1223/3552
f 3733/1224/3553 3736/1225/3553 3735/1226/3553
f 3734/1227/3554 3736/1225/3554 3737/1036/3554
f 3739/1353/3555 3743/1230/3555 3745/1231/3555
f 3740/1354/3556 3743/1233/3556 3742/1234/3556
f 3741/1333/3557 3743/1233/3557 3744/1236/3557
f 3746/1375/3558 3750/1238/3558 3752/1239/3558
f 3747/1356/3559 3750/1241/3559 3749/1242/3559
f 3748/1243/3560 3750/1241/3560 3751/1052/3560
f 3753/1376/3561 3757/1245/3561 3759/1246/3561
f 3754/1247/3562 3757/1248/3562 3756/1249/3562
f 3755/1250/3563 3757/1248/3563 3758/1358/3563
f 3760/1251/3564 3764/1252/3564 3766/1253/3564
f 3761/1334/3565 3764/1255/3565 3763/1256/3565
f 3762/1257/3566 3764/1255/3566 3765/1167/3566
f 3699/1188/3567 3714/1202/3567 3703/1259/3567
f 3714/1335/3568 3697/1183/3568 3703/1185/3568
f 3705/1346/3569 3724/1260/3569 3720/1350/3569
f 3724/1207/3570 3704/1372/3570 3718/1205/3570
f 3698/1344/3571 3709/1004/3571 3702/1261/3571
f 3709/1073/3572 3699/1188/3572 3702/995/3572
f 3713/1203/3573 3723/1119/3573 3719/1208/3573
f 3723/1119/3574 3712/1348/3574 3720/1350/3574
f 3726/1352/3575 3717/1262/3575 3713/1203/3575
f 3728/1263/3576 3711/1347/3576 3717/1199/3576
f 3734/1227/3577 3721/1210/3577 3738/1264/3577
f 3721/1265/3578 3732/1221/3578 3738/1223/3578
f 3727/1374/3579 3737/1036/3579 3733/1224/3579
f 3737/1036/3580 3726/1352/3580 3734/1227/3580
f 3740/1354/3581 3731/1266/3581 3727/1374/3581
f 3731/1215/3582 3739/1353/3582 3725/1351/3582
f 3748/1243/3583 3735/1226/3583 3752/1268/3583
f 3752/1239/3584 3732/1221/3584 3746/1375/3584
f 3741/1333/3585 3751/1052/3585 3747/1356/3585
f 3751/1052/3586 3740/1354/3586 3748/1243/3586
f 3741/1333/3587 3756/1249/3587 3745/1269/3587
f 3756/1270/3588 3739/1353/3588 3745/1231/3588
f 3747/1356/3589 3766/1271/3589 3762/1257/3589
f 3766/1253/3590 3746/1375/3590 3760/1251/3590
f 3755/1250/3591 3765/1167/3591 3761/1334/3591
f 3765/1167/3592 3754/1247/3592 3762/1257/3592
f 3698/1344/3593 3759/1273/3593 3755/1250/3593
f 3759/1246/3594 3697/1183/3594 3753/1376/3594
f 3761/1334/3595 3710/1275/3595 3706/1195/3595
f 3763/1276/3596 3704/1372/3596 3710/1192/3596
f 3711/1347/3597 3739/1353/3597 3753/1376/3597
f 3699/1188/3598 3720/1350/3598 3712/1348/3598
f 3761/1334/3599 3698/1344/3599 3755/1250/3599
f 3704/1372/3600 3746/1375/3600 3732/1221/3600
f 3719/1208/3601 3726/1352/3601 3713/1203/3601
f 3733/1224/3602 3740/1354/3602 3727/1374/3602
f 3741/1333/3603 3762/1257/3603 3754/1247/3603
f 3767/1382/3604 3771/1383/3604 3773/1384/3604
f 3772/1385/3605 3770/1386/3605 3768/1387/3605
f 3773/1388/3606 3772/1389/3606 3769/1390/3606
f 3774/1391/3607 3778/1392/3607 3780/1393/3607
f 3779/1394/3608 3777/1395/3608 3775/1396/3608
f 3780/1397/3609 3779/1398/3609 3776/1399/3609
f 3781/1400/3610 3785/1401/3610 3787/1402/3610
f 3786/1403/3611 3784/1404/3611 3782/1405/3611
f 3787/1406/3612 3786/1403/3612 3783/1407/3612
f 3788/1408/3613 3792/1409/3613 3794/1410/3613
f 3793/1411/3614 3791/1412/3614 3789/1413/3614
f 3794/1414/3615 3793/1411/3615 3790/1415/3615
f 3795/1416/3616 3799/1417/3616 3801/1418/3616
f 3800/1419/3617 3798/1420/3617 3796/1421/3617
f 3801/1422/3618 3800/1419/3618 3797/1423/3618
f 3802/1424/3619 3806/1425/3619 3808/1426/3619
f 3807/1427/3620 3805/1428/3620 3803/1429/3620
f 3808/1430/3621 3807/1427/3621 3804/1431/3621
f 3809/1432/3622 3813/1433/3622 3815/1434/3622
f 3814/1435/3623 3812/1436/3623 3810/1437/3623
f 3815/1438/3624 3814/1435/3624 3811/1439/3624
f 3816/1440/3625 3820/1441/3625 3822/1442/3625
f 3821/1443/3626 3819/1444/3626 3817/1445/3626
f 3822/1446/3627 3821/1443/3627 3818/1447/3627
f 3823/1448/3628 3827/1449/3628 3829/1450/3628
f 3828/1451/3629 3826/1452/3629 3824/1453/3629
f 3829/1454/3630 3828/1451/3630 3825/1455/3630
f 3830/1456/3631 3834/1457/3631 3836/1458/3631
f 3835/1459/3632 3833/1460/3632 3831/1461/3632
f 3836/1462/3633 3835/1459/3633 3832/1463/3633
f 3837/1464/3634 3841/1465/3634 3843/1466/3634
f 3842/1467/3635 3840/1468/3635 3838/1469/3635
f 3843/1470/3636 3842/1467/3636 3839/1471/3636
f 3844/1472/3637 3848/1473/3637 3850/1474/3637
f 3849/1475/3638 3847/1476/3638 3845/1477/3638
f 3850/1478/3639 3849/1475/3639 3846/1479/3639
f 3851/1480/3640 3855/1481/3640 3857/1482/3640
f 3856/1483/3641 3854/1484/3641 3852/1485/3641
f 3857/1486/3642 3856/1483/3642 3853/1487/3642
f 3858/1488/3643 3862/1489/3643 3864/1490/3643
f 3863/1491/3644 3861/1492/3644 3859/1493/3644
f 3864/1494/3645 3863/1491/3645 3860/1495/3645
f 3769/1390/3646 3784/1404/3646 3773/1388/3646
f 3784/1496/3647 3767/1382/3647 3773/1384/3647
f 3775/1396/3648 3794/1414/3648 3790/1415/3648
f 3777/1497/3649 3788/1408/3649 3794/1410/3649
f 3776/1399/3650 3772/1385/3650 3768/1387/3650
f 3772/1389/3651 3775/1396/3651 3769/1390/3651
f 3789/1413/3652 3786/1403/3652 3793/1411/3652
f 3786/1403/3653 3790/1415/3653 3793/1411/3653
f 3796/1421/3654 3787/1406/3654 3783/1407/3654
f 3787/1402/3655 3795/1416/3655 3781/1400/3655
f 3804/1431/3656 3791/1412/3656 3808/1430/3656
f 3791/1498/3657 3802/1424/3657 3808/1426/3657
f 3803/1429/3658 3800/1419/3658 3807/1427/3658
f 3800/1419/3659 3804/1431/3659 3807/1427/3659
f 3810/1437/3660 3801/1422/3660 3797/1423/3660
f 3801/1418/3661 3809/1432/3661 3795/1416/3661
f 3803/1429/3662 3822/1446/3662 3818/1447/3662
f 3805/1499/3663 3816/1440/3663 3822/1442/3663
f 3817/1445/3664 3814/1435/3664 3821/1443/3664
f 3814/1435/3665 3818/1447/3665 3821/1443/3665
f 3824/1453/3666 3815/1438/3666 3811/1439/3666
f 3815/1434/3667 3823/1448/3667 3809/1432/3667
f 3832/1463/3668 3819/1444/3668 3836/1462/3668
f 3819/1500/3669 3830/1456/3669 3836/1458/3669
f 3831/1461/3670 3828/1451/3670 3835/1459/3670
f 3828/1451/3671 3832/1463/3671 3835/1459/3671
f 3825/1455/3672 3840/1468/3672 3829/1454/3672
f 3840/1501/3673 3823/1448/3673 3829/1450/3673
f 3831/1461/3674 3850/1478/3674 3846/1479/3674
f 3850/1474/3675 3830/1456/3675 3844/1472/3675
f 3845/1477/3676 3842/1467/3676 3849/1475/3676
f 3842/1467/3677 3846/1479/3677 3849/1475/3677
f 3839/1471/3678 3854/1484/3678 3843/1470/3678
f 3854/1502/3679 3837/1464/3679 3843/1466/3679
f 3845/1477/3680 3864/1494/3680 3860/1495/3680
f 3864/1490/3681 3844/1472/3681 3858/1488/3681
f 3859/1493/3682 3856/1483/3682 3863/1491/3682
f 3856/1483/3683 3860/1495/3683 3863/1491/3683
f 3853/1487/3684 3770/1386/3684 3857/1486/3684
f 3770/1503/3685 3851/1480/3685 3857/1482/3685
f 3776/1399/3686 3861/1492/3686 3780/1397/3686
f 3780/1393/3687 3858/1488/3687 3774/1391/3687
f 3781/1400/3688 3809/1432/3688 3837/1464/3688
f 3769/1390/3689 3790/1415/3689 3782/1405/3689
f 3853/1487/3690 3776/1399/3690 3768/1387/3690
f 3774/1391/3691 3844/1472/3691 3816/1440/3691
f 3789/1413/3692 3796/1421/3692 3783/1407/3692
f 3803/1429/3693 3810/1437/3693 3797/1423/3693
f 3817/1445/3694 3824/1453/3694 3811/1439/3694
f 3831/1461/3695 3838/1469/3695 3825/1455/3695
f 3839/1471/3696 3860/1495/3696 3852/1485/3696
f 4117/1823/3935 4121/1824/3935 4123/1825/3935
f 4118/1826/3936 4121/1827/3936 4120/1828/3936
f 4119/1829/3937 4121/1830/3937 4122/1831/3937
f 4124/1832/3938 4128/1833/3938 4130/1834/3938
f 4125/1835/3939 4128/1836/3939 4127/1837/3939
f 4126/1838/3940 4128/1839/3940 4129/1840/3940
f 4131/1841/3941 4135/1842/3941 4137/1843/3941
f 4132/1844/3942 4135/1845/3942 4134/1846/3942
f 4133/1847/3943 4135/1845/3943 4136/1848/3943
f 4138/1849/3944 4142/1850/3944 4144/1851/3944
f 4139/1852/3945 4142/1853/3945 4141/1854/3945
f 4140/1855/3946 4142/1853/3946 4143/1856/3946
f 4145/1857/3947 4149/1858/3947 4151/1859/3947
f 4146/1860/3948 4149/1861/3948 4148/1862/3948
f 4147/1863/3949 4149/1861/3949 4150/1864/3949
f 4152/1865/3950 4156/1866/3950 4158/1867/3950
f 4153/1868/3951 4156/1869/3951 4155/1870/3951
f 4154/1871/3952 4156/1869/3952 4157/1872/3952
f 4159/1873/3953 4163/1874/3953 4165/1875/3953
f 4160/1876/3954 4163/1877/3954 4162/1878/3954
f 4161/1879/3955 4163/1877/3955 4164/1880/3955
f 4166/1881/3956 4170/1882/3956 4172/1883/3956
f 4167/1884/3957 4170/1885/3957 4169/1886/3957
f 4168/1887/3958 4170/1885/3958 4171/1888/3958
f 4173/1889/3959 4177/1890/3959 4179/1891/3959
f 4174/1892/3960 4177/1893/3960 4176/1894/3960
f 4175/1895/3961 4177/1893/3961 4178/1896/3961
f 4180/1897/3962 4184/1898/3962 4186/1899/3962
f 4181/1900/3963 4184/1901/3963 4183/1902/3963
f 4182/1903/3964 4184/1901/3964 4185/1904/3964
f 4132/1844/3965 4123/1905/3965 4119/1829/3965
f 4134/1906/3966 4117/1823/3966 4123/1825/3966
f 4140/1855/3967 4127/1837/3967 4144/1907/3967
f 4127/1908/3968 4138/1849/3968 4144/1851/3968
f 4118/1826/3969 4129/1840/3969 4122/1909/3969
f 4129/1910/3970 4119/1829/3970 4122/1831/3970
f 4133/1847/3971 4143/1856/3971 4139/1852/3971
f 4143/1856/3972 4132/1844/3972 4140/1855/3972
f 4146/1860/3973 4137/1911/3973 4133/1847/3973
f 4148/1912/3974 4131/1841/3974 4137/1843/3974
f 4139/1852/3975 4158/1913/3975 4154/1871/3975
f 4158/1867/3976 4138/1849/3976 4152/1865/3976
f 4147/1863/3977 4157/1872/3977 4153/1868/3977
f 4157/1872/3978 4146/1860/3978 4154/1871/3978
f 4160/1876/3979 4151/1914/3979 4147/1863/3979
f 4151/1859/3980 4159/1873/3980 4145/1857/3980
f 4168/1887/3981 4155/1870/3981 4172/1915/3981
f 4155/1916/3982 4166/1881/3982 4172/1883/3982
f 4161/1879/3983 4171/1888/3983 4167/1884/3983
f 4171/1888/3984 4160/1876/3984 4168/1887/3984
f 4174/1892/3985 4165/1917/3985 4161/1879/3985
f 4165/1875/3986 4173/1889/3986 4159/1873/3986
f 4167/1884/3987 4186/1918/3987 4182/1903/3987
f 4186/1899/3988 4166/1881/3988 4180/1897/3988
f 4175/1895/3989 4185/1904/3989 4181/1900/3989
f 4185/1904/3990 4174/1892/3990 4182/1903/3990
f 4118/1826/3991 4179/1919/3991 4175/1895/3991
f 4120/1920/3992 4173/1889/3992 4179/1891/3992
f 4181/1900/3993 4130/1921/3993 4126/1838/3993
f 4130/1834/3994 4180/1897/3994 4124/1832/3994
f 4131/1841/3995 4159/1873/3995 4173/1889/3995
f 4125/1835/3996 4132/1844/3996 4119/1829/3996
f 4181/1900/3997 4118/1826/3997 4175/1895/3997
f 4124/1832/3998 4166/1881/3998 4152/1865/3998
f 4139/1852/3999 4146/1860/3999 4133/1847/3999
f 4153/1868/4000 4160/1876/4000 4147/1863/4000
f 4167/1884/4001 4174/1892/4001 4161/1879/4001
f 4187/1922/4002 4191/1923/4002 4193/1924/4002
f 4188/1925/4003 4191/1827/4003 4190/1926/4003
f 4189/1927/4004 4191/1928/4004 4192/1929/4004
f 4194/1930/4005 4198/1931/4005 4200/1932/4005
f 4195/1933/4006 4198/1836/4006 4197/1934/4006
f 4196/1935/4007 4198/1936/4007 4199/1937/4007
f 4201/1938/4008 4205/1939/4008 4207/1940/4008
f 4202/1941/4009 4205/1942/4009 4204/1943/4009
f 4203/1944/4010 4205/1942/4010 4206/1848/4010
f 4208/1945/4011 4212/1946/4011 4214/1947/4011
f 4209/1948/4012 4212/1949/4012 4211/1950/4012
f 4210/1951/4013 4212/1949/4013 4213/1952/4013
f 4215/1953/4014 4219/1954/4014 4221/1955/4014
f 4216/1956/4015 4219/1957/4015 4218/1958/4015
f 4217/1959/4016 4219/1957/4016 4220/1960/4016
f 4222/1961/4017 4226/1962/4017 4228/1963/4017
f 4223/1964/4018 4226/1965/4018 4225/1966/4018
f 4224/1967/4019 4226/1965/4019 4227/1968/4019
f 4229/1969/4020 4233/1970/4020 4235/1971/4020
f 4230/1972/4021 4233/1973/4021 4232/1974/4021
f 4231/1975/4022 4233/1973/4022 4234/1976/4022
f 4236/1977/4023 4240/1978/4023 4242/1979/4023
f 4237/1980/4024 4240/1981/4024 4239/1982/4024
f 4238/1983/4025 4240/1981/4025 4241/1984/4025
f 4243/1985/4026 4247/1986/4026 4249/1987/4026
f 4244/1988/4027 4247/1989/4027 4246/1990/4027
f 4245/1991/4028 4247/1989/4028 4248/1992/4028
f 4250/1993/4029 4254/1994/4029 4256/1995/4029
f 4251/1996/4030 4254/1997/4030 4253/1998/4030
f 4252/1999/4031 4254/1997/4031 4255/1904/4031
f 4189/1927/4032 4204/1943/4032 4193/2000/4032
f 4193/1924/4033 4201/1938/4033 4187/1922/4033
f 4210/1951/4034 4197/1934/4034 4214/2001/4034
f 4214/1947/4035 4194/1930/4035 4208/1945/4035
f 4188/1925/4036 4199/1937/4036 4192/1909/4036
f 4199/1910/4037 4189/1927/4037 4192/1929/4037
f 4203/1944/4038 4213/1952/4038 4209/1948/4038
f 4213/1952/4039 4202/1941/4039 4210/1951/4039
f 4216/1956/4040 4207/2002/4040 4203/1944/4040
f 4207/1940/4041 4215/1953/4041 4201/1938/4041
f 4224/1967/4042 4211/1950/4042 4228/2003/4042
f 4211/2004/4043 4222/1961/4043 4228/1963/4043
f 4217/1959/4044 4227/1968/4044 4223/1964/4044
f 4227/1968/4045 4216/1956/4045 4224/1967/4045
f 4230/1972/4046 4221/2005/4046 4217/1959/4046
f 4221/1955/4047 4229/1969/4047 4215/1953/4047
f 4238/1983/4048 4225/1966/4048 4242/2006/4048
f 4225/2007/4049 4236/1977/4049 4242/1979/4049
f 4231/1975/4050 4241/1984/4050 4237/1980/4050
f 4241/1984/4051 4230/1972/4051 4238/1983/4051
f 4244/1988/4052 4235/2008/4052 4231/1975/4052
f 4246/2009/4053 4229/1969/4053 4235/1971/4053
f 4252/1999/4054 4239/1982/4054 4256/2010/4054
f 4239/2011/4055 4250/1993/4055 4256/1995/4055
f 4245/1991/4056 4255/1904/4056 4251/1996/4056
f 4255/1904/4057 4244/1988/4057 4252/1999/4057
f 4245/1991/4058 4190/1926/4058 4249/2012/4058
f 4190/2013/4059 4243/1985/4059 4249/1987/4059
f 4251/1996/4060 4200/2014/4060 4196/1935/4060
f 4253/2015/4061 4194/1930/4061 4200/1932/4061
f 4201/1938/4062 4229/1969/4062 4243/1985/4062
f 4189/1927/4063 4210/1951/4063 4202/1941/4063
f 4251/1996/4064 4188/1925/4064 4245/1991/4064
f 4194/1930/4065 4236/1977/4065 4222/1961/4065
f 4203/1944/4066 4224/1967/4066 4216/1956/4066
f 4223/1964/4067 4230/1972/4067 4217/1959/4067
f 4237/1980/4068 4244/1988/4068 4231/1975/4068
f 4257/2016/4069 4261/2017/4069 4263/2018/4069
f 4258/2019/4070 4261/1827/4070 4260/2020/4070
f 4259/2021/4071 4261/2022/4071 4262/1929/4071
f 4264/2023/4072 4268/2024/4072 4270/2025/4072
f 4265/2026/4073 4268/1836/4073 4267/2027/4073
f 4266/2028/4074 4268/2029/4074 4269/1840/4074
f 4271/2030/4075 4275/2031/4075 4277/2032/4075
f 4272/2033/4076 4275/2034/4076 4274/2035/4076
f 4273/2036/4077 4275/2034/4077 4276/1848/4077
f 4278/2037/4078 4282/2038/4078 4284/2039/4078
f 4279/2040/4079 4282/2041/4079 4281/2042/4079
f 4280/2043/4080 4282/2041/4080 4283/2044/4080
f 4285/2045/4081 4289/2046/4081 4291/2047/4081
f 4286/2048/4082 4289/2049/4082 4288/2050/4082
f 4287/2051/4083 4289/2049/4083 4290/1864/4083
f 4292/2052/4084 4296/2053/4084 4298/2054/4084
f 4293/2055/4085 4296/2056/4085 4295/2057/4085
f 4294/2058/4086 4296/2056/4086 4297/2059/4086
f 4299/2060/4087 4303/2061/4087 4305/2062/4087
f 4300/2063/4088 4303/2064/4088 4302/2065/4088
f 4301/2066/4089 4303/2064/4089 4304/1880/4089
f 4306/2067/4090 4310/2068/4090 4312/2069/4090
f 4307/2070/4091 4310/2071/4091 4309/2072/4091
f 4308/2073/4092 4310/2071/4092 4311/2074/4092
f 4313/2075/4093 4317/2076/4093 4319/2077/4093
f 4314/2078/4094 4317/2079/4094 4316/2080/4094
f 4315/2081/4095 4317/2079/4095 4318/1896/4095
f 4320/2082/4096 4324/2083/4096 4326/2084/4096
f 4321/2085/4097 4324/2086/4097 4323/2087/4097
f 4322/2088/4098 4324/2086/4098 4325/1904/4098
f 4272/2033/4099 4263/2089/4099 4259/2021/4099
f 4274/2090/4100 4257/2016/4100 4263/2018/4100
f 4265/2026/4101 4284/2091/4101 4280/2043/4101
f 4267/2092/4102 4278/2037/4102 4284/2039/4102
f 4258/2019/4103 4269/1840/4103 4262/1909/4103
f 4269/2093/4104 4259/2021/4104 4262/1929/4104
f 4273/2036/4105 4283/2044/4105 4279/2040/4105
f 4283/2044/4106 4272/2033/4106 4280/2043/4106
f 4273/2036/4107 4288/2050/4107 4277/2094/4107
f 4288/2095/4108 4271/2030/4108 4277/2032/4108
f 4279/2040/4109 4298/2096/4109 4294/2058/4109
f 4281/2097/4110 4292/2052/4110 4298/2054/4110
f 4287/2051/4111 4297/2059/4111 4293/2055/4111
f 4297/2059/4112 4286/2048/4112 4294/2058/4112
f 4300/2063/4113 4291/2098/4113 4287/2051/4113
f 4291/2047/4114 4299/2060/4114 4285/2045/4114
f 4308/2073/4115 4295/2057/4115 4312/2099/4115
f 4295/2100/4116 4306/2067/4116 4312/2069/4116
f 4301/2066/4117 4311/2074/4117 4307/2070/4117
f 4311/2074/4118 4300/2063/4118 4308/2073/4118
f 4301/2066/4119 4316/2080/4119 4305/2101/4119
f 4316/2102/4120 4299/2060/4120 4305/2062/4120
f 4322/2088/4121 4309/2072/4121 4326/2103/4121
f 4326/2084/4122 4306/2067/4122 4320/2082/4122
f 4315/2081/4123 4325/1904/4123 4321/2085/4123
f 4325/1904/4124 4314/2078/4124 4322/2088/4124
f 4315/2081/4125 4260/2020/4125 4319/2104/4125
f 4260/2105/4126 4313/2075/4126 4319/2077/4126
f 4266/2028/4127 4323/2087/4127 4270/2106/4127
f 4270/2025/4128 4320/2082/4128 4264/2023/4128
f 4271/2030/4129 4299/2060/4129 4313/2075/4129
f 4265/2026/4130 4272/2033/4130 4259/2021/4130
f 4315/2081/4131 4266/2028/4131 4258/2019/4131
f 4264/2023/4132 4306/2067/4132 4292/2052/4132
f 4279/2040/4133 4286/2048/4133 4273/2036/4133
f 4293/2055/4134 4300/2063/4134 4287/2051/4134
f 4307/2070/4135 4314/2078/4135 4301/2066/4135
f 4327/2107/4136 4331/2108/4136 4333/2109/4136
f 4328/2110/4137 4331/1827/4137 4330/2111/4137
f 4329/2112/4138 4331/2113/4138 4332/1929/4138
f 4334/2114/4139 4338/2115/4139 4340/2116/4139
f 4335/2117/4140 4338/1836/4140 4337/2118/4140
f 4336/2119/4141 4338/2120/4141 4339/2121/4141
f 4341/2122/4142 4345/2123/4142 4347/2124/4142
f 4342/2125/4143 4345/2126/4143 4344/2127/4143
f 4343/2128/4144 4345/2126/4144 4346/2129/4144
f 4348/2130/4145 4352/2131/4145 4354/2132/4145
f 4349/2133/4146 4352/2134/4146 4351/2135/4146
f 4350/2136/4147 4352/2134/4147 4353/2137/4147
f 4355/2138/4148 4359/2139/4148 4361/2140/4148
f 4356/2141/4149 4359/2142/4149 4358/2143/4149
f 4357/2144/4150 4359/2142/4150 4360/1864/4150
f 4362/2145/4151 4366/2146/4151 4368/2147/4151
f 4363/2148/4152 4366/2149/4152 4365/2150/4152
f 4364/2151/4153 4366/2149/4153 4367/1872/4153
f 4369/2152/4154 4373/2153/4154 4375/2154/4154
f 4370/2155/4155 4373/2156/4155 4372/2157/4155
f 4371/2158/4156 4373/2156/4156 4374/1880/4156
f 4376/2159/4157 4380/2160/4157 4382/2161/4157
f 4377/2162/4158 4380/2163/4158 4379/2164/4158
f 4378/2165/4159 4380/2163/4159 4381/2166/4159
f 4383/2167/4160 4387/2168/4160 4389/2169/4160
f 4384/2170/4161 4387/2171/4161 4386/2172/4161
f 4385/2173/4162 4387/2171/4162 4388/2174/4162
f 4390/2175/4163 4394/2176/4163 4396/2177/4163
f 4391/2178/4164 4394/2179/4164 4393/2180/4164
f 4392/2181/4165 4394/2179/4165 4395/1904/4165
f 4342/2125/4166 4333/2182/4166 4329/2112/4166
f 4344/2183/4167 4327/2107/4167 4333/2109/4167
f 4350/2136/4168 4337/2118/4168 4354/2184/4168
f 4337/2185/4169 4348/2130/4169 4354/2132/4169
f 4328/2110/4170 4339/2121/4170 4332/1909/4170
f 4339/1910/4171 4329/2112/4171 4332/1929/4171
f 4343/2128/4172 4353/2137/4172 4349/2133/4172
f 4353/2137/4173 4342/2125/4173 4350/2136/4173
f 4343/2128/4174 4358/2143/4174 4347/2186/4174
f 4358/2187/4175 4341/2122/4175 4347/2124/4175
f 4349/2133/4176 4368/2188/4176 4364/2151/4176
f 4368/2147/4177 4348/2130/4177 4362/2145/4177
f 4357/2144/4178 4367/1872/4178 4363/2148/4178
f 4367/1872/4179 4356/2141/4179 4364/2151/4179
f 4370/2155/4180 4361/2189/4180 4357/2144/4180
f 4372/2190/4181 4355/2138/4181 4361/2140/4181
f 4363/2148/4182 4382/2191/4182 4378/2165/4182
f 4365/2192/4183 4376/2159/4183 4382/2161/4183
f 4371/2158/4184 4381/2166/4184 4377/2162/4184
f 4381/2166/4185 4370/2155/4185 4378/2165/4185
f 4384/2170/4186 4375/2193/4186 4371/2158/4186
f 4375/2154/4187 4383/2167/4187 4369/2152/4187
f 4377/2162/4188 4396/2194/4188 4392/2181/4188
f 4379/2195/4189 4390/2175/4189 4396/2177/4189
f 4385/2173/4190 4395/1904/4190 4391/2178/4190
f 4395/1904/4191 4384/2170/4191 4392/2181/4191
f 4385/2173/4192 4330/2111/4192 4389/2196/4192
f 4330/2197/4193 4383/2167/4193 4389/2169/4193
f 4336/2119/4194 4393/2180/4194 4340/2198/4194
f 4393/2199/4195 4334/2114/4195 4340/2116/4195
f 4341/2122/4196 4369/2152/4196 4383/2167/4196
f 4335/2117/4197 4342/2125/4197 4329/2112/4197
f 4391/2178/4198 4328/2110/4198 4385/2173/4198
f 4334/2114/4199 4376/2159/4199 4362/2145/4199
f 4349/2133/4200 4356/2141/4200 4343/2128/4200
f 4363/2148/4201 4370/2155/4201 4357/2144/4201
f 4371/2158/4202 4392/2181/4202 4384/2170/4202
f 4397/2200/4203 4401/1824/4203 4403/1825/4203
f 4398/1826/4204 4401/1827/4204 4400/1828/4204
f 4399/1829/4205 4401/1830/4205 4402/1831/4205
f 4404/1832/4206 4408/1833/4206 4410/1834/4206
f 4405/1835/4207 4408/1836/4207 4407/1837/4207
f 4406/1838/4208 4408/1839/4208 4409/1840/4208
f 4411/2201/4209 4415/1842/4209 4417/1843/4209
f 4412/1844/4210 4415/1845/4210 4414/1846/4210
f 4413/2202/4211 4415/1845/4211 4416/1848/4211
f 4418/1849/4212 4422/1850/4212 4424/1851/4212
f 4419/2203/4213 4422/1853/4213 4421/1854/4213
f 4420/1855/4214 4422/1853/4214 4423/1856/4214
f 4425/1857/4215 4429/1858/4215 4431/1859/4215
f 4426/1860/4216 4429/1861/4216 4428/1862/4216
f 4427/2204/4217 4429/1861/4217 4430/1864/4217
f 4432/1865/4218 4436/1866/4218 4438/1867/4218
f 4433/2205/4219 4436/1869/4219 4435/1870/4219
f 4434/1871/4220 4436/1869/4220 4437/1872/4220
f 4439/1873/4221 4443/1874/4221 4445/1875/4221
f 4440/1876/4222 4443/1877/4222 4442/1878/4222
f 4441/2206/4223 4443/1877/4223 4444/1880/4223
f 4446/1881/4224 4450/1882/4224 4452/1883/4224
f 4447/2207/4225 4450/1885/4225 4449/1886/4225
f 4448/1887/4226 4450/1885/4226 4451/1888/4226
f 4453/1889/4227 4457/1890/4227 4459/1891/4227
f 4454/1892/4228 4457/1893/4228 4456/1894/4228
f 4455/1895/4229 4457/1893/4229 4458/1896/4229
f 4460/1897/4230 4464/1898/4230 4466/1899/4230
f 4461/2208/4231 4464/1901/4231 4463/1902/4231
f 4462/1903/4232 4464/1901/4232 4465/1904/4232
f 4399/1829/4233 4414/1846/4233 4403/1905/4233
f 4414/1906/4234 4397/2200/4234 4403/1825/4234
f 4420/1855/4235 4407/1837/4235 4424/1907/4235
f 4424/1851/4236 4404/1832/4236 4418/1849/4236
f 4398/1826/4237 4409/1840/4237 4402/1909/4237
f 4409/1910/4238 4399/1829/4238 4402/1831/4238
f 4413/2202/4239 4423/1856/4239 4419/2203/4239
f 4423/1856/4240 4412/1844/4240 4420/1855/4240
f 4426/1860/4241 4417/1911/4241 4413/2202/4241
f 4428/1912/4242 4411/2201/4242 4417/1843/4242
f 4419/2203/4243 4438/1913/4243 4434/1871/4243
f 4438/1867/4244 4418/1849/4244 4432/1865/4244
f 4427/2204/4245 4437/1872/4245 4433/2205/4245
f 4437/1872/4246 4426/1860/4246 4434/1871/4246
f 4440/1876/4247 4431/1914/4247 4427/2204/4247
f 4431/1859/4248 4439/1873/4248 4425/1857/4248
f 4448/1887/4249 4435/1870/4249 4452/1915/4249
f 4435/1916/4250 4446/1881/4250 4452/1883/4250
f 4441/2206/4251 4451/1888/4251 4447/2207/4251
f 4451/1888/4252 4440/1876/4252 4448/1887/4252
f 4441/2206/4253 4456/1894/4253 4445/1917/4253
f 4456/2209/4254 4439/1873/4254 4445/1875/4254
f 4447/2207/4255 4466/1918/4255 4462/1903/4255
f 4466/1899/4256 4446/1881/4256 4460/1897/4256
f 4455/1895/4257 4465/1904/4257 4461/2208/4257
f 4465/1904/4258 4454/1892/4258 4462/1903/4258
f 4455/1895/4259 4400/1828/4259 4459/1919/4259
f 4400/1920/4260 4453/1889/4260 4459/1891/4260
f 4461/2208/4261 4410/1921/4261 4406/1838/4261
f 4410/1834/4262 4460/1897/4262 4404/1832/4262
f 4411/2201/4263 4439/1873/4263 4453/1889/4263
f 4405/1835/4264 4412/1844/4264 4399/1829/4264
f 4461/2208/4265 4398/1826/4265 4455/1895/4265
f 4404/1832/4266 4446/1881/4266 4432/1865/4266
f 4419/2203/4267 4426/1860/4267 4413/2202/4267
f 4427/2204/4268 4448/1887/4268 4440/1876/4268
f 4447/2207/4269 4454/1892/4269 4441/2206/4269
f 4467/2210/4270 4471/1923/4270 4473/1924/4270
f 4468/1925/4271 4471/1827/4271 4470/1926/4271
f 4469/1927/4272 4471/1928/4272 4472/1929/4272
f 4474/1930/4273 4478/1931/4273 4480/1932/4273
f 4475/1933/4274 4478/1836/4274 4477/1934/4274
f 4476/1935/4275 4478/1936/4275 4479/1937/4275
f 4481/1938/4276 4485/1939/4276 4487/1940/4276
f 4482/1941/4277 4485/1942/4277 4484/1943/4277
f 4483/2211/4278 4485/1942/4278 4486/1848/4278
f 4488/2212/4279 4492/1946/4279 4494/1947/4279
f 4489/1948/4280 4492/1949/4280 4491/1950/4280
f 4490/1951/4281 4492/1949/4281 4493/1952/4281
f 4495/1953/4282 4499/1954/4282 4501/1955/4282
f 4496/1956/4283 4499/1957/4283 4498/1958/4283
f 4497/2213/4284 4499/1957/4284 4500/1960/4284
f 4502/1961/4285 4506/1962/4285 4508/1963/4285
f 4503/2214/4286 4506/1965/4286 4505/1966/4286
f 4504/1967/4287 4506/1965/4287 4507/1968/4287
f 4509/2215/4288 4513/1970/4288 4515/1971/4288
f 4510/1972/4289 4513/1973/4289 4512/1974/4289
f 4511/1975/4290 4513/1973/4290 4514/1976/4290
f 4516/2216/4291 4520/1978/4291 4522/1979/4291
f 4517/2217/4292 4520/1981/4292 4519/1982/4292
f 4518/1983/4293 4520/1981/4293 4521/1984/4293
f 4523/1985/4294 4527/1986/4294 4529/1987/4294
f 4524/2218/4295 4527/1989/4295 4526/1990/4295
f 4525/1991/4296 4527/1989/4296 4528/1992/4296
f 4530/1993/4297 4534/1994/4297 4536/1995/4297
f 4531/1996/4298 4534/1997/4298 4533/1998/4298
f 4532/1999/4299 4534/1997/4299 4535/1904/4299
f 4482/1941/4300 4473/2000/4300 4469/1927/4300
f 4484/2219/4301 4467/2210/4301 4473/1924/4301
f 4475/1933/4302 4494/2001/4302 4490/1951/4302
f 4494/1947/4303 4474/1930/4303 4488/2212/4303
f 4468/1925/4304 4479/1937/4304 4472/1909/4304
f 4479/1910/4305 4469/1927/4305 4472/1929/4305
f 4483/2211/4306 4493/1952/4306 4489/1948/4306
f 4493/1952/4307 4482/1941/4307 4490/1951/4307
f 4496/1956/4308 4487/2002/4308 4483/2211/4308
f 4498/2220/4309 4481/1938/4309 4487/1940/4309
f 4489/1948/4310 4508/2003/4310 4504/1967/4310
f 4508/1963/4311 4488/2212/4311 4502/1961/4311
f 4497/2213/4312 4507/1968/4312 4503/2214/4312
f 4507/1968/4313 4496/1956/4313 4504/1967/4313
f 4497/2213/4314 4512/1974/4314 4501/2005/4314
f 4501/1955/4315 4509/2215/4315 4495/1953/4315
f 4503/2214/4316 4522/2006/4316 4518/1983/4316
f 4505/2007/4317 4516/2216/4317 4522/1979/4317
f 4511/1975/4318 4521/1984/4318 4517/2217/4318
f 4521/1984/4319 4510/1972/4319 4518/1983/4319
f 4511/1975/4320 4526/1990/4320 4515/2008/4320
f 4515/1971/4321 4523/1985/4321 4509/2215/4321
f 4532/1999/4322 4519/1982/4322 4536/2010/4322
f 4519/2011/4323 4530/1993/4323 4536/1995/4323
f 4525/1991/4324 4535/1904/4324 4531/1996/4324
f 4535/1904/4325 4524/2218/4325 4532/1999/4325
f 4525/1991/4326 4470/1926/4326 4529/2012/4326
f 4470/2013/4327 4523/1985/4327 4529/1987/4327
f 4476/1935/4328 4533/1998/4328 4480/2014/4328
f 4480/1932/4329 4530/1993/4329 4474/1930/4329
f 4481/1938/4330 4509/2215/4330 4523/1985/4330
f 4469/1927/4331 4490/1951/4331 4482/1941/4331
f 4531/1996/4332 4468/1925/4332 4525/1991/4332
f 4474/1930/4333 4516/2216/4333 4502/1961/4333
f 4489/1948/4334 4496/1956/4334 4483/2211/4334
f 4497/2213/4335 4518/1983/4335 4510/1972/4335
f 4511/1975/4336 4532/1999/4336 4524/2218/4336
f 4537/2016/4337 4541/2017/4337 4543/2018/4337
f 4538/2019/4338 4541/1827/4338 4540/2020/4338
f 4539/2021/4339 4541/2022/4339 4542/1929/4339
f 4544/2221/4340 4548/2024/4340 4550/2025/4340
f 4545/2026/4341 4548/1836/4341 4547/2027/4341
f 4546/2028/4342 4548/2029/4342 4549/1840/4342
f 4551/2222/4343 4555/2031/4343 4557/2032/4343
f 4552/2033/4344 4555/2034/4344 4554/2035/4344
f 4553/2036/4345 4555/2034/4345 4556/1848/4345
f 4558/2223/4346 4562/2038/4346 4564/2039/4346
f 4559/2224/4347 4562/2041/4347 4561/2042/4347
f 4560/2043/4348 4562/2041/4348 4563/2044/4348
f 4565/2045/4349 4569/2046/4349 4571/2047/4349
f 4566/2048/4350 4569/2049/4350 4568/2050/4350
f 4567/2051/4351 4569/2049/4351 4570/1864/4351
f 4572/2052/4352 4576/2053/4352 4578/2054/4352
f 4573/2225/4353 4576/2056/4353 4575/2057/4353
f 4574/2058/4354 4576/2056/4354 4577/2059/4354
f 4579/2226/4355 4583/2061/4355 4585/2062/4355
f 4580/2063/4356 4583/2064/4356 4582/2065/4356
f 4581/2066/4357 4583/2064/4357 4584/1880/4357
f 4586/2067/4358 4590/2068/4358 4592/2069/4358
f 4587/2070/4359 4590/2071/4359 4589/2072/4359
f 4588/2073/4360 4590/2071/4360 4591/2074/4360
f 4593/2075/4361 4597/2076/4361 4599/2077/4361
f 4594/2078/4362 4597/2079/4362 4596/2080/4362
f 4595/2081/4363 4597/2079/4363 4598/1896/4363
f 4600/2082/4364 4604/2083/4364 4606/2084/4364
f 4601/2227/4365 4604/2086/4365 4603/2087/4365
f 4602/2088/4366 4604/2086/4366 4605/1904/4366
f 4552/2033/4367 4543/2089/4367 4539/2021/4367
f 4543/2018/4368 4551/2222/4368 4537/2016/4368
f 4560/2043/4369 4547/2027/4369 4564/2091/4369
f 4547/2092/4370 4558/2223/4370 4564/2039/4370
f 4538/2019/4371 4549/1840/4371 4542/1909/4371
f 4549/2093/4372 4539/2021/4372 4542/1929/4372
f 4553/2036/4373 4563/2044/4373 4559/2224/4373
f 4563/2044/4374 4552/2033/4374 4560/2043/4374
f 4566/2048/4375 4557/2094/4375 4553/2036/4375
f 4557/2032/4376 4565/2045/4376 4551/2222/4376
f 4559/2224/4377 4578/2096/4377 4574/2058/4377
f 4578/2054/4378 4558/2223/4378 4572/2052/4378
f 4567/2051/4379 4577/2059/4379 4573/2225/4379
f 4577/2059/4380 4566/2048/4380 4574/2058/4380
f 4567/2051/4381 4582/2065/4381 4571/2098/4381
f 4582/2228/4382 4565/2045/4382 4571/2047/4382
f 4588/2073/4383 4575/2057/4383 4592/2099/4383
f 4575/2100/4384 4586/2067/4384 4592/2069/4384
f 4581/2066/4385 4591/2074/4385 4587/2070/4385
f 4591/2074/4386 4580/2063/4386 4588/2073/4386
f 4594/2078/4387 4585/2101/4387 4581/2066/4387
f 4596/2102/4388 4579/2226/4388 4585/2062/4388
f 4587/2070/4389 4606/2103/4389 4602/2088/4389
f 4606/2084/4390 4586/2067/4390 4600/2082/4390
f 4595/2081/4391 4605/1904/4391 4601/2227/4391
f 4605/1904/4392 4594/2078/4392 4602/2088/4392
f 4595/2081/4393 4540/2020/4393 4599/2104/4393
f 4540/2105/4394 4593/2075/4394 4599/2077/4394
f 4601/2227/4395 4550/2106/4395 4546/2028/4395
f 4603/2229/4396 4544/2221/4396 4550/2025/4396
f 4551/2222/4397 4579/2226/4397 4593/2075/4397
f 4545/2026/4398 4552/2033/4398 4539/2021/4398
f 4601/2227/4399 4538/2019/4399 4595/2081/4399
f 4544/2221/4400 4586/2067/4400 4572/2052/4400
f 4553/2036/4401 4574/2058/4401 4566/2048/4401
f 4573/2225/4402 4580/2063/4402 4567/2051/4402
f 4587/2070/4403 4594/2078/4403 4581/2066/4403
f 4607/2230/4404 4611/2108/4404 4613/2109/4404
f 4608/2110/4405 4611/1827/4405 4610/2111/4405
f 4609/2231/4406 4611/2113/4406 4612/1929/4406
f 4614/2232/4407 4618/2115/4407 4620/2116/4407
f 4615/2117/4408 4618/1836/4408 4617/2118/4408
f 4616/2119/4409 4618/2120/4409 4619/2121/4409
f 4621/2122/4410 4625/2123/4410 4627/2124/4410
f 4622/2125/4411 4625/2126/4411 4624/2127/4411
f 4623/2128/4412 4625/2126/4412 4626/2129/4412
f 4628/2130/4413 4632/2131/4413 4634/2132/4413
f 4629/2133/4414 4632/2134/4414 4631/2135/4414
f 4630/2136/4415 4632/2134/4415 4633/2137/4415
f 4635/2138/4416 4639/2139/4416 4641/2140/4416
f 4636/2141/4417 4639/2142/4417 4638/2143/4417
f 4637/2144/4418 4639/2142/4418 4640/1864/4418
f 4642/2145/4419 4646/2146/4419 4648/2147/4419
f 4643/2148/4420 4646/2149/4420 4645/2150/4420
f 4644/2151/4421 4646/2149/4421 4647/1872/4421
f 4649/2152/4422 4653/2153/4422 4655/2154/4422
f 4650/2155/4423 4653/2156/4423 4652/2157/4423
f 4651/2158/4424 4653/2156/4424 4654/1880/4424
f 4656/2159/4425 4660/2160/4425 4662/2161/4425
f 4657/2162/4426 4660/2163/4426 4659/2164/4426
f 4658/2165/4427 4660/2163/4427 4661/2166/4427
f 4663/2233/4428 4667/2168/4428 4669/2169/4428
f 4664/2170/4429 4667/2171/4429 4666/2172/4429
f 4665/2234/4430 4667/2171/4430 4668/2174/4430
f 4670/2175/4431 4674/2176/4431 4676/2177/4431
f 4671/2178/4432 4674/2179/4432 4673/2180/4432
f 4672/2181/4433 4674/2179/4433 4675/1904/4433
f 4609/2231/4434 4624/2127/4434 4613/2182/4434
f 4624/2183/4435 4607/2230/4435 4613/2109/4435
f 4630/2136/4436 4617/2118/4436 4634/2184/4436
f 4617/2185/4437 4628/2130/4437 4634/2132/4437
f 4608/2110/4438 4619/2121/4438 4612/1909/4438
f 4619/1910/4439 4609/2231/4439 4612/1929/4439
f 4623/2128/4440 4633/2137/4440 4629/2133/4440
f 4633/2137/4441 4622/2125/4441 4630/2136/4441
f 4623/2128/4442 4638/2143/4442 4627/2186/4442
f 4627/2124/4443 4635/2138/4443 4621/2122/4443
f 4629/2133/4444 4648/2188/4444 4644/2151/4444
f 4648/2147/4445 4628/2130/4445 4642/2145/4445
f 4637/2144/4446 4647/1872/4446 4643/2148/4446
f 4647/1872/4447 4636/2141/4447 4644/2151/4447
f 4650/2155/4448 4641/2189/4448 4637/2144/4448
f 4652/2190/4449 4635/2138/4449 4641/2140/4449
f 4643/2148/4450 4662/2191/4450 4658/2165/4450
f 4662/2161/4451 4642/2145/4451 4656/2159/4451
f 4651/2158/4452 4661/2166/4452 4657/2162/4452
f 4661/2166/4453 4650/2155/4453 4658/2165/4453
f 4664/2170/4454 4655/2193/4454 4651/2158/4454
f 4666/2235/4455 4649/2152/4455 4655/2154/4455
f 4657/2162/4456 4676/2194/4456 4672/2181/4456
f 4659/2195/4457 4670/2175/4457 4676/2177/4457
f 4665/2234/4458 4675/1904/4458 4671/2178/4458
f 4675/1904/4459 4664/2170/4459 4672/2181/4459
f 4665/2234/4460 4610/2111/4460 4669/2196/4460
f 4610/2197/4461 4663/2233/4461 4669/2169/4461
f 4671/2178/4462 4620/2198/4462 4616/2119/4462
f 4620/2116/4463 4670/2175/4463 4614/2232/4463
f 4621/2122/4464 4649/2152/4464 4663/2233/4464
f 4615/2117/4465 4622/2125/4465 4609/2231/4465
f 4671/2178/4466 4608/2110/4466 4665/2234/4466
f 4614/2232/4467 4656/2159/4467 4642/2145/4467
f 4623/2128/4468 4644/2151/4468 4636/2141/4468
f 4637/2144/4469 4658/2165/4469 4650/2155/4469
f 4651/2158/4470 4672/2181/4470 4664/2170/4470
f 4677/2236/4471 4681/2237/4471 4683/2238/4471
f 4682/2239/4472 4680/2240/4472 4678/2241/4472
f 4683/2242/4473 4682/2243/4473 4679/2244/4473
f 4684/2245/4474 4688/2246/4474 4690/2247/4474
f 4689/2248/4475 4687/2249/4475 4685/2250/4475
f 4690/2251/4476 4689/2252/4476 4686/2253/4476
f 4691/2254/4477 4695/2255/4477 4697/2256/4477
f 4696/2257/4478 4694/2258/4478 4692/2259/4478
f 4697/2260/4479 4696/2257/4479 4693/2261/4479
f 4698/2262/4480 4702/2263/4480 4704/2264/4480
f 4703/2265/4481 4701/2266/4481 4699/2267/4481
f 4704/2268/4482 4703/2265/4482 4700/2269/4482
f 4705/2270/4483 4709/2271/4483 4711/2272/4483
f 4710/2273/4484 4708/2274/4484 4706/2275/4484
f 4711/2276/4485 4710/2273/4485 4707/2277/4485
f 4712/2278/4486 4716/2279/4486 4718/2280/4486
f 4717/2281/4487 4715/2282/4487 4713/2283/4487
f 4718/2284/4488 4717/2281/4488 4714/2285/4488
f 4719/2286/4489 4723/2287/4489 4725/2288/4489
f 4724/2289/4490 4722/2290/4490 4720/2291/4490
f 4725/2292/4491 4724/2289/4491 4721/2293/4491
f 4726/2294/4492 4730/2295/4492 4732/2296/4492
f 4731/2297/4493 4729/2298/4493 4727/2299/4493
f 4732/2300/4494 4731/2297/4494 4728/2301/4494
f 4733/2302/4495 4737/2303/4495 4739/2304/4495
f 4738/2305/4496 4736/2306/4496 4734/2307/4496
f 4739/2308/4497 4738/2305/4497 4735/2309/4497
f 4740/2310/4498 4744/2311/4498 4746/2312/4498
f 4745/2313/4499 4743/2314/4499 4741/2315/4499
f 4746/2316/4500 4745/2313/4500 4742/2317/4500
f 4747/2318/4501 4751/2319/4501 4753/2320/4501
f 4752/2321/4502 4750/2322/4502 4748/2323/4502
f 4753/2324/4503 4752/2321/4503 4749/2325/4503
f 4754/2326/4504 4758/2327/4504 4760/2328/4504
f 4759/2329/4505 4757/2330/4505 4755/2331/4505
f 4760/2332/4506 4759/2329/4506 4756/2333/4506
f 4761/2334/4507 4765/2335/4507 4767/2336/4507
f 4766/2337/4508 4764/2338/4508 4762/2339/4508
f 4767/2340/4509 4766/2337/4509 4763/2341/4509
f 4768/2342/4510 4772/2343/4510 4774/2344/4510
f 4773/2345/4511 4771/2346/4511 4769/2347/4511
f 4774/2348/4512 4773/2345/4512 4770/2349/4512
f 4692/2259/4513 4683/2242/4513 4679/2244/4513
f 4683/2238/4514 4691/2254/4514 4677/2236/4514
f 4700/2269/4515 4687/2249/4515 4704/2268/4515
f 4704/2264/4516 4684/2245/4516 4698/2262/4516
f 4678/2241/4517 4689/2252/4517 4682/2239/4517
f 4689/2248/4518 4679/2244/4518 4682/2243/4518
f 4693/2261/4519 4703/2265/4519 4699/2267/4519
f 4703/2265/4520 4692/2259/4520 4700/2269/4520
f 4706/2275/4521 4697/2260/4521 4693/2261/4521
f 4708/2350/4522 4691/2254/4522 4697/2256/4522
f 4699/2267/4523 4718/2284/4523 4714/2285/4523
f 4718/2280/4524 4698/2262/4524 4712/2278/4524
f 4707/2277/4525 4717/2281/4525 4713/2283/4525
f 4717/2281/4526 4706/2275/4526 4714/2285/4526
f 4707/2277/4527 4722/2290/4527 4711/2276/4527
f 4711/2272/4528 4719/2286/4528 4705/2270/4528
f 4728/2301/4529 4715/2282/4529 4732/2300/4529
f 4715/2351/4530 4726/2294/4530 4732/2296/4530
f 4721/2293/4531 4731/2297/4531 4727/2299/4531
f 4731/2297/4532 4720/2291/4532 4728/2301/4532
f 4721/2293/4533 4736/2306/4533 4725/2292/4533
f 4736/2352/4534 4719/2286/4534 4725/2288/4534
f 4742/2317/4535 4729/2298/4535 4746/2316/4535
f 4729/2353/4536 4740/2310/4536 4746/2312/4536
f 4735/2309/4537 4745/2313/4537 4741/2315/4537
f 4745/2313/4538 4734/2307/4538 4742/2317/4538
f 4748/2323/4539 4739/2308/4539 4735/2309/4539
f 4739/2304/4540 4747/2318/4540 4733/2302/4540
f 4756/2333/4541 4743/2314/4541 4760/2332/4541
f 4743/2354/4542 4754/2326/4542 4760/2328/4542
f 4749/2325/4543 4759/2329/4543 4755/2331/4543
f 4759/2329/4544 4748/2323/4544 4756/2333/4544
f 4762/2339/4545 4753/2324/4545 4749/2325/4545
f 4753/2320/4546 4761/2334/4546 4747/2318/4546
f 4770/2349/4547 4757/2330/4547 4774/2348/4547
f 4757/2355/4548 4768/2342/4548 4774/2344/4548
f 4763/2341/4549 4773/2345/4549 4769/2347/4549
f 4773/2345/4550 4762/2339/4550 4770/2349/4550
f 4678/2241/4551 4767/2340/4551 4763/2341/4551
f 4767/2336/4552 4677/2236/4552 4761/2334/4552
f 4686/2253/4553 4771/2346/4553 4690/2251/4553
f 4690/2247/4554 4768/2342/4554 4684/2245/4554
f 4691/2254/4555 4719/2286/4555 4747/2318/4555
f 4685/2250/4556 4692/2259/4556 4679/2244/4556
f 4763/2341/4557 4686/2253/4557 4678/2241/4557
f 4684/2245/4558 4754/2326/4558 4726/2294/4558
f 4693/2261/4559 4714/2285/4559 4706/2275/4559
f 4713/2283/4560 4720/2291/4560 4707/2277/4560
f 4727/2299/4561 4734/2307/4561 4721/2293/4561
f 4741/2315/4562 4748/2323/4562 4735/2309/4562
f 4755/2331/4563 4762/2339/4563 4749/2325/4563
f 4831/1277/4618 4835/2424/4618 4837/2425/4618
f 4832/2426/4619 4835/2427/4619 4834/2428/4619
f 4833/2429/4620 4835/2430/4620 4836/2431/4620
f 4838/2432/4621 4842/2433/4621 4844/2434/4621
f 4839/2435/4622 4842/2436/4622 4841/2437/4622
f 4840/2438/4623 4842/2439/4623 4843/2440/4623
f 4845/2441/4624 4849/2442/4624 4851/2443/4624
f 4846/2444/4625 4849/2445/4625 4848/2446/4625
f 4847/2447/4626 4849/2445/4626 4850/2448/4626
f 4852/2449/4627 4856/2450/4627 4858/2451/4627
f 4853/2452/4628 4856/2453/4628 4855/2454/4628
f 4854/2455/4629 4856/2453/4629 4857/2456/4629
f 4859/2457/4630 4863/2458/4630 4865/2459/4630
f 4860/2460/4631 4863/2461/4631 4862/2462/4631
f 4861/2463/4632 4863/2461/4632 4864/2464/4632
f 4866/2465/4633 4870/2466/4633 4872/2467/4633
f 4867/2468/4634 4870/2469/4634 4869/2470/4634
f 4868/2471/4635 4870/2469/4635 4871/2472/4635
f 4873/2473/4636 4877/2474/4636 4879/2475/4636
f 4874/2476/4637 4877/2477/4637 4876/2478/4637
f 4875/2479/4638 4877/2477/4638 4878/2480/4638
f 4880/2481/4639 4884/2482/4639 4886/2483/4639
f 4881/2484/4640 4884/2485/4640 4883/2486/4640
f 4882/2487/4641 4884/2485/4641 4885/2488/4641
f 4887/1053/4642 4891/2489/4642 4893/2490/4642
f 4888/2491/4643 4891/2492/4643 4890/2493/4643
f 4889/2494/4644 4891/2492/4644 4892/2495/4644
f 4894/2496/4645 4898/2497/4645 4900/2498/4645
f 4895/2499/4646 4898/2500/4646 4897/2501/4646
f 4896/2502/4647 4898/2500/4647 4899/2503/4647
f 4846/2444/4648 4837/2504/4648 4833/2429/4648
f 4848/2505/4649 4831/1277/4649 4837/2425/4649
f 4854/2455/4650 4841/2437/4650 4858/2506/4650
f 4841/2507/4651 4852/2449/4651 4858/2451/4651
f 4832/2426/4652 4843/2440/4652 4836/2508/4652
f 4843/2509/4653 4833/2429/4653 4836/2431/4653
f 4847/2447/4654 4857/2456/4654 4853/2452/4654
f 4857/2456/4655 4846/2444/4655 4854/2455/4655
f 4860/2460/4656 4851/2510/4656 4847/2447/4656
f 4862/2511/4657 4845/2441/4657 4851/2443/4657
f 4853/2452/4658 4872/2512/4658 4868/2471/4658
f 4855/2513/4659 4866/2465/4659 4872/2467/4659
f 4861/2463/4660 4871/2472/4660 4867/2468/4660
f 4871/2472/4661 4860/2460/4661 4868/2471/4661
f 4861/2463/4662 4876/2478/4662 4865/2514/4662
f 4876/2515/4663 4859/2457/4663 4865/2459/4663
f 4882/2487/4664 4869/2470/4664 4886/2516/4664
f 4869/2517/4665 4880/2481/4665 4886/2483/4665
f 4875/2479/4666 4885/2488/4666 4881/2484/4666
f 4885/2488/4667 4874/2476/4667 4882/2487/4667
f 4888/2491/4668 4879/2518/4668 4875/2479/4668
f 4879/2475/4669 4887/1053/4669 4873/2473/4669
f 4896/2502/4670 4883/2486/4670 4900/2519/4670
f 4900/2498/4671 4880/2481/4671 4894/2496/4671
f 4889/2494/4672 4899/2503/4672 4895/2499/4672
f 4899/2503/4673 4888/2491/4673 4896/2502/4673
f 4889/2494/4674 4834/2428/4674 4893/2520/4674
f 4834/2521/4675 4887/1053/4675 4893/2490/4675
f 4840/2438/4676 4897/2501/4676 4844/2522/4676
f 4844/2434/4677 4894/2496/4677 4838/2432/4677
f 4845/2441/4678 4873/2473/4678 4887/1053/4678
f 4833/2429/4679 4854/2455/4679 4846/2444/4679
f 4889/2494/4680 4840/2438/4680 4832/2426/4680
f 4838/2432/4681 4880/2481/4681 4866/2465/4681
f 4853/2452/4682 4860/2460/4682 4847/2447/4682
f 4867/2468/4683 4874/2476/4683 4861/2463/4683
f 4875/2479/4684 4896/2502/4684 4888/2491/4684
f 4901/2523/4685 4905/2524/4685 4907/2525/4685
f 4902/2526/4686 4905/2427/4686 4904/2527/4686
f 4903/2528/4687 4905/2529/4687 4906/2431/4687
f 4908/2530/4688 4912/2531/4688 4914/2532/4688
f 4909/2533/4689 4912/2436/4689 4911/2534/4689
f 4910/2535/4690 4912/2536/4690 4913/2537/4690
f 4915/2538/4691 4919/2539/4691 4921/2540/4691
f 4916/2541/4692 4919/2542/4692 4918/2543/4692
f 4917/2544/4693 4919/2542/4693 4920/2448/4693
f 4922/2545/4694 4926/2546/4694 4928/2547/4694
f 4923/2548/4695 4926/2549/4695 4925/2550/4695
f 4924/2551/4696 4926/2549/4696 4927/2552/4696
f 4929/2553/4697 4933/2554/4697 4935/2555/4697
f 4930/2556/4698 4933/2557/4698 4932/2558/4698
f 4931/2559/4699 4933/2557/4699 4934/2464/4699
f 4936/2560/4700 4940/2561/4700 4942/2562/4700
f 4937/2563/4701 4940/2564/4701 4939/2565/4701
f 4938/2566/4702 4940/2564/4702 4941/2567/4702
f 4943/2568/4703 4947/2569/4703 4949/2570/4703
f 4944/2571/4704 4947/2572/4704 4946/2573/4704
f 4945/2574/4705 4947/2572/4705 4948/2575/4705
f 4950/2576/4706 4954/2577/4706 4956/2578/4706
f 4951/2579/4707 4954/2580/4707 4953/2581/4707
f 4952/2582/4708 4954/2580/4708 4955/2583/4708
f 4957/2584/4709 4961/2585/4709 4963/2586/4709
f 4958/2587/4710 4961/2588/4710 4960/2589/4710
f 4959/2590/4711 4961/2588/4711 4962/2591/4711
f 4964/2592/4712 4968/2593/4712 4970/2594/4712
f 4965/2595/4713 4968/2596/4713 4967/2597/4713
f 4966/2598/4714 4968/2596/4714 4969/2599/4714
f 4916/2541/4715 4907/2600/4715 4903/2528/4715
f 4918/2601/4716 4901/2523/4716 4907/2525/4716
f 4909/2533/4717 4928/2602/4717 4924/2551/4717
f 4928/2547/4718 4908/2530/4718 4922/2545/4718
f 4902/2526/4719 4913/2537/4719 4906/2508/4719
f 4913/2603/4720 4903/2528/4720 4906/2431/4720
f 4917/2544/4721 4927/2552/4721 4923/2548/4721
f 4927/2552/4722 4916/2541/4722 4924/2551/4722
f 4917/2544/4723 4932/2558/4723 4921/2604/4723
f 4921/2540/4724 4929/2553/4724 4915/2538/4724
f 4938/2566/4725 4925/2550/4725 4942/2605/4725
f 4925/2606/4726 4936/2560/4726 4942/2562/4726
f 4931/2559/4727 4941/2567/4727 4937/2563/4727
f 4941/2567/4728 4930/2556/4728 4938/2566/4728
f 4944/2571/4729 4935/2607/4729 4931/2559/4729
f 4935/2555/4730 4943/2568/4730 4929/2553/4730
f 4937/2563/4731 4956/2608/4731 4952/2582/4731
f 4956/2578/4732 4936/2560/4732 4950/2576/4732
f 4945/2574/4733 4955/2583/4733 4951/2579/4733
f 4955/2583/4734 4944/2571/4734 4952/2582/4734
f 4958/2587/4735 4949/2609/4735 4945/2574/4735
f 4949/2570/4736 4957/2584/4736 4943/2568/4736
f 4951/2579/4737 4970/2610/4737 4966/2598/4737
f 4953/2611/4738 4964/2592/4738 4970/2594/4738
f 4959/2590/4739 4969/2599/4739 4965/2595/4739
f 4969/2599/4740 4958/2587/4740 4966/2598/4740
f 4902/2526/4741 4963/2612/4741 4959/2590/4741
f 4963/2586/4742 4901/2523/4742 4957/2584/4742
f 4910/2535/4743 4967/2597/4743 4914/2613/4743
f 4967/2614/4744 4908/2530/4744 4914/2532/4744
f 4915/2538/4745 4943/2568/4745 4957/2584/4745
f 4903/2528/4746 4924/2551/4746 4916/2541/4746
f 4959/2590/4747 4910/2535/4747 4902/2526/4747
f 4908/2530/4748 4950/2576/4748 4936/2560/4748
f 4923/2548/4749 4930/2556/4749 4917/2544/4749
f 4931/2559/4750 4952/2582/4750 4944/2571/4750
f 4945/2574/4751 4966/2598/4751 4958/2587/4751
f 4971/2615/4752 4975/2616/4752 4977/2617/4752
f 4972/2618/4753 4975/2427/4753 4974/2619/4753
f 4973/2620/4754 4975/2621/4754 4976/2431/4754
f 4978/2622/4755 4982/2623/4755 4984/2624/4755
f 4979/2625/4756 4982/2626/4756 4981/2627/4756
f 4980/2628/4757 4982/2629/4757 4983/2537/4757
f 4985/2630/4758 4989/2631/4758 4991/2632/4758
f 4986/2633/4759 4989/2634/4759 4988/2635/4759
f 4987/2636/4760 4989/2634/4760 4990/2448/4760
f 4992/2637/4761 4996/2638/4761 4998/2639/4761
f 4993/2640/4762 4996/2641/4762 4995/2642/4762
f 4994/2643/4763 4996/2641/4763 4997/2552/4763
f 4999/2644/4764 5003/2645/4764 5005/2646/4764
f 5000/2647/4765 5003/2648/4765 5002/2649/4765
f 5001/2650/4766 5003/2648/4766 5004/2464/4766
f 5006/2651/4767 5010/2652/4767 5012/2653/4767
f 5007/2654/4768 5010/2655/4768 5009/2656/4768
f 5008/2657/4769 5010/2655/4769 5011/2567/4769
f 5013/2658/4770 5017/2659/4770 5019/2660/4770
f 5014/2661/4771 5017/2662/4771 5016/2663/4771
f 5015/2664/4772 5017/2662/4772 5018/2665/4772
f 5020/2666/4773 5024/2667/4773 5026/2668/4773
f 5021/2669/4774 5024/2670/4774 5023/2671/4774
f 5022/2672/4775 5024/2670/4775 5025/2673/4775
f 5027/2674/4776 5031/2675/4776 5033/2676/4776
f 5028/2677/4777 5031/2678/4777 5030/2679/4777
f 5029/2680/4778 5031/2678/4778 5032/2591/4778
f 5034/2681/4779 5038/2682/4779 5040/2683/4779
f 5035/2684/4780 5038/2685/4780 5037/2686/4780
f 5036/2687/4781 5038/2685/4781 5039/2688/4781
f 4973/2620/4782 4988/2635/4782 4977/2689/4782
f 4977/2617/4783 4985/2630/4783 4971/2615/4783
f 4994/2643/4784 4981/2627/4784 4998/2690/4784
f 4998/2639/4785 4978/2622/4785 4992/2637/4785
f 4972/2618/4786 4983/2537/4786 4976/2508/4786
f 4983/2509/4787 4973/2620/4787 4976/2431/4787
f 4987/2636/4788 4997/2552/4788 4993/2640/4788
f 4997/2552/4789 4986/2633/4789 4994/2643/4789
f 5000/2647/4790 4991/2691/4790 4987/2636/4790
f 4991/2632/4791 4999/2644/4791 4985/2630/4791
f 4993/2640/4792 5012/2692/4792 5008/2657/4792
f 4995/2693/4793 5006/2651/4793 5012/2653/4793
f 5001/2650/4794 5011/2567/4794 5007/2654/4794
f 5011/2567/4795 5000/2647/4795 5008/2657/4795
f 5001/2650/4796 5016/2663/4796 5005/2694/4796
f 5016/2695/4797 4999/2644/4797 5005/2646/4797
f 5007/2654/4798 5026/2696/4798 5022/2672/4798
f 5026/2668/4799 5006/2651/4799 5020/2666/4799
f 5015/2664/4800 5025/2673/4800 5021/2669/4800
f 5025/2673/4801 5014/2661/4801 5022/2672/4801
f 5028/2677/4802 5019/2697/4802 5015/2664/4802
f 5030/2698/4803 5013/2658/4803 5019/2660/4803
f 5036/2687/4804 5023/2671/4804 5040/2699/4804
f 5040/2683/4805 5020/2666/4805 5034/2681/4805
f 5029/2680/4806 5039/2688/4806 5035/2684/4806
f 5039/2688/4807 5028/2677/4807 5036/2687/4807
f 5029/2680/4808 4974/2619/4808 5033/2700/4808
f 4974/2701/4809 5027/2674/4809 5033/2676/4809
f 4980/2628/4810 5037/2686/4810 4984/2702/4810
f 5037/2703/4811 4978/2622/4811 4984/2624/4811
f 4985/2630/4812 5013/2658/4812 5027/2674/4812
f 4973/2620/4813 4994/2643/4813 4986/2633/4813
f 5029/2680/4814 4980/2628/4814 4972/2618/4814
f 4978/2622/4815 5020/2666/4815 5006/2651/4815
f 4987/2636/4816 5008/2657/4816 5000/2647/4816
f 5007/2654/4817 5014/2661/4817 5001/2650/4817
f 5015/2664/4818 5036/2687/4818 5028/2677/4818
f 5041/2704/4819 5045/2705/4819 5047/2706/4819
f 5042/2707/4820 5045/2708/4820 5044/2709/4820
f 5043/2710/4821 5045/2711/4821 5046/2712/4821
f 5048/2713/4822 5052/2714/4822 5054/2715/4822
f 5049/2716/4823 5052/2717/4823 5051/2718/4823
f 5050/2719/4824 5052/2720/4824 5053/2721/4824
f 5055/2722/4825 5059/2723/4825 5061/2724/4825
f 5056/2725/4826 5059/2726/4826 5058/2727/4826
f 5057/2728/4827 5059/2726/4827 5060/2729/4827
f 5062/2730/4828 5066/2731/4828 5068/2732/4828
f 5063/2733/4829 5066/2734/4829 5065/2735/4829
f 5064/2736/4830 5066/2734/4830 5067/2737/4830
f 5069/2738/4831 5073/2739/4831 5075/2740/4831
f 5070/2741/4832 5073/2742/4832 5072/2743/4832
f 5071/2744/4833 5073/2742/4833 5074/2745/4833
f 5076/2746/4834 5080/2747/4834 5082/2748/4834
f 5077/2749/4835 5080/2750/4835 5079/2751/4835
f 5078/2752/4836 5080/2750/4836 5081/2753/4836
f 5083/2754/4837 5087/2755/4837 5089/2756/4837
f 5084/2757/4838 5087/2758/4838 5086/2759/4838
f 5085/2760/4839 5087/2758/4839 5088/2761/4839
f 5090/2762/4840 5094/2763/4840 5096/2764/4840
f 5091/2765/4841 5094/2766/4841 5093/2767/4841
f 5092/2768/4842 5094/2766/4842 5095/2769/4842
f 5043/2710/4843 5058/2727/4843 5047/2770/4843
f 5047/2706/4844 5055/2722/4844 5041/2704/4844
f 5049/2716/4845 5068/2771/4845 5064/2736/4845
f 5068/2732/4846 5048/2713/4846 5062/2730/4846
f 5042/2707/4847 5053/2721/4847 5046/2772/4847
f 5053/2773/4848 5043/2710/4848 5046/2712/4848
f 5057/2728/4849 5067/2737/4849 5063/2733/4849
f 5067/2737/4850 5056/2725/4850 5064/2736/4850
f 5070/2741/4851 5061/2774/4851 5057/2728/4851
f 5072/2775/4852 5055/2722/4852 5061/2724/4852
f 5078/2752/4853 5065/2735/4853 5082/2776/4853
f 5065/2777/4854 5076/2746/4854 5082/2748/4854
f 5071/2744/4855 5081/2753/4855 5077/2749/4855
f 5081/2753/4856 5070/2741/4856 5078/2752/4856
f 5071/2744/4857 5086/2759/4857 5075/2778/4857
f 5086/2779/4858 5069/2738/4858 5075/2740/4858
f 5077/2749/4859 5096/2780/4859 5092/2768/4859
f 5079/2781/4860 5090/2762/4860 5096/2764/4860
f 5085/2760/4861 5095/2769/4861 5091/2765/4861
f 5095/2769/4862 5084/2757/4862 5092/2768/4862
f 5085/2760/4863 5044/2709/4863 5089/2782/4863
f 5044/2783/4864 5083/2754/4864 5089/2756/4864
f 5050/2719/4865 5093/2767/4865 5054/2784/4865
f 5054/2715/4866 5090/2762/4866 5048/2713/4866
f 5041/2704/4867 5069/2738/4867 5083/2754/4867
f 5049/2716/4868 5056/2725/4868 5043/2710/4868
f 5091/2765/4869 5042/2707/4869 5085/2760/4869
f 5048/2713/4870 5076/2746/4870 5062/2730/4870
f 5057/2728/4871 5078/2752/4871 5070/2741/4871
f 5077/2749/4872 5084/2757/4872 5071/2744/4872
f 5097/2785/4873 5101/2786/4873 5103/2787/4873
f 5098/2788/4874 5101/2789/4874 5100/2790/4874
f 5099/2791/4875 5101/2792/4875 5102/2793/4875
f 5104/2794/4876 5108/2795/4876 5110/2796/4876
f 5105/2797/4877 5108/2798/4877 5107/2799/4877
f 5106/2800/4878 5108/2801/4878 5109/2802/4878
f 5111/2803/4879 5115/2804/4879 5117/2805/4879
f 5112/2806/4880 5115/2807/4880 5114/2808/4880
f 5113/2809/4881 5115/2807/4881 5116/2810/4881
f 5118/2811/4882 5122/2812/4882 5124/2813/4882
f 5119/2814/4883 5122/2815/4883 5121/2816/4883
f 5120/2817/4884 5122/2815/4884 5123/2818/4884
f 5125/2819/4885 5129/2820/4885 5131/2821/4885
f 5126/2822/4886 5129/2823/4886 5128/2824/4886
f 5127/2825/4887 5129/2823/4887 5130/2826/4887
f 5132/2827/4888 5136/2828/4888 5138/2829/4888
f 5133/2830/4889 5136/2831/4889 5135/2832/4889
f 5134/2833/4890 5136/2831/4890 5137/2834/4890
f 5139/2835/4891 5143/2836/4891 5145/2837/4891
f 5140/2838/4892 5143/2839/4892 5142/2840/4892
f 5141/2841/4893 5143/2839/4893 5144/2842/4893
f 5146/2843/4894 5150/2844/4894 5152/2845/4894
f 5147/2846/4895 5150/2847/4895 5149/2848/4895
f 5148/2849/4896 5150/2847/4896 5151/2850/4896
f 5112/2806/4897 5103/2851/4897 5099/2791/4897
f 5103/2787/4898 5111/2803/4898 5097/2785/4898
f 5105/2797/4899 5124/2852/4899 5120/2817/4899
f 5124/2813/4900 5104/2794/4900 5118/2811/4900
f 5098/2788/4901 5109/2802/4901 5102/2853/4901
f 5109/2854/4902 5099/2791/4902 5102/2793/4902
f 5113/2809/4903 5123/2818/4903 5119/2814/4903
f 5123/2818/4904 5112/2806/4904 5120/2817/4904
f 5113/2809/4905 5128/2824/4905 5117/2855/4905
f 5117/2805/4906 5125/2819/4906 5111/2803/4906
f 5119/2814/4907 5138/2856/4907 5134/2833/4907
f 5138/2829/4900 5118/2811/4900 5132/2827/4900
f 5127/2825/4908 5137/2834/4908 5133/2830/4908
f 5137/2834/4909 5126/2822/4909 5134/2833/4909
f 5140/2838/4910 5131/2857/4910 5127/2825/4910
f 5131/2821/4911 5139/2835/4911 5125/2819/4911
f 5148/2849/4912 5135/2832/4912 5152/2858/4912
f 5152/2845/4900 5132/2827/4900 5146/2843/4900
f 5141/2841/4913 5151/2850/4913 5147/2846/4913
f 5151/2850/4914 5140/2838/4914 5148/2849/4914
f 5098/2788/4915 5145/2859/4915 5141/2841/4915
f 5145/2837/4916 5097/2785/4916 5139/2835/4916
f 5147/2846/4917 5110/2860/4917 5106/2800/4917
f 5110/2796/4900 5146/2843/4900 5104/2794/4900
f 5097/2785/4918 5125/2819/4918 5139/2835/4918
f 5105/2797/4919 5112/2806/4919 5099/2791/4919
f 5141/2841/4920 5106/2800/4920 5098/2788/4920
f 5118/2811/4900 5146/2843/4900 5132/2827/4900
f 5113/2809/4921 5134/2833/4921 5126/2822/4921
f 5127/2825/4922 5148/2849/4922 5140/2838/4922
f 5153/2861/4923 5157/2862/4923 5159/2863/4923
f 5154/2864/4924 5157/2865/4924 5156/2866/4924
f 5155/2867/4925 5157/2868/4925 5158/2869/4925
f 5160/2870/4926 5164/2871/4926 5166/2872/4926
f 5161/2873/4927 5164/2874/4927 5163/2875/4927
f 5162/2876/4928 5164/2877/4928 5165/2878/4928
f 5167/2879/4929 5171/2880/4929 5173/2881/4929
f 5168/2882/4930 5171/2883/4930 5170/2884/4930
f 5169/2885/4931 5171/2883/4931 5172/2886/4931
f 5174/2887/4932 5178/2888/4932 5180/2889/4932
f 5175/2890/4933 5178/2891/4933 5177/2892/4933
f 5176/2893/4934 5178/2891/4934 5179/2894/4934
f 5181/2895/4935 5185/2896/4935 5187/2897/4935
f 5182/2898/4936 5185/2899/4936 5184/2900/4936
f 5183/2901/4937 5185/2899/4937 5186/2902/4937
f 5188/2903/4938 5192/2904/4938 5194/2905/4938
f 5189/2906/4939 5192/2907/4939 5191/2908/4939
f 5190/2909/4940 5192/2907/4940 5193/2910/4940
f 5195/2911/4941 5199/2912/4941 5201/2913/4941
f 5196/2914/4942 5199/2915/4942 5198/2916/4942
f 5197/2917/4943 5199/2915/4943 5200/2918/4943
f 5202/2919/4944 5206/2920/4944 5208/2921/4944
f 5203/2922/4945 5206/2923/4945 5205/2924/4945
f 5204/2925/4946 5206/2923/4946 5207/2926/4946
f 5168/2882/4947 5159/2927/4947 5155/2867/4947
f 5170/2928/4948 5153/2861/4948 5159/2863/4948
f 5161/2873/4949 5180/2929/4949 5176/2893/4949
f 5180/2889/4950 5160/2870/4950 5174/2887/4950
f 5154/2864/4951 5165/2878/4951 5158/2930/4951
f 5165/2931/4952 5155/2867/4952 5158/2869/4952
f 5169/2885/4953 5179/2894/4953 5175/2890/4953
f 5179/2894/4954 5168/2882/4954 5176/2893/4954
f 5169/2885/4955 5184/2900/4955 5173/2932/4955
f 5173/2881/4956 5181/2895/4956 5167/2879/4956
f 5190/2909/4957 5177/2892/4957 5194/2933/4957
f 5194/2905/4958 5174/2887/4958 5188/2903/4958
f 5183/2901/4959 5193/2910/4959 5189/2906/4959
f 5193/2910/4960 5182/2898/4960 5190/2909/4960
f 5196/2914/4961 5187/2934/4961 5183/2901/4961
f 5198/2935/4962 5181/2895/4962 5187/2897/4962
f 5189/2906/4963 5208/2936/4963 5204/2925/4963
f 5191/2937/4964 5202/2919/4964 5208/2921/4964
f 5197/2917/4965 5207/2926/4965 5203/2922/4965
f 5207/2926/4966 5196/2914/4966 5204/2925/4966
f 5197/2917/4967 5156/2866/4967 5201/2938/4967
f 5156/2939/4968 5195/2911/4968 5201/2913/4968
f 5162/2876/4969 5205/2924/4969 5166/2940/4969
f 5205/2941/4970 5160/2870/4970 5166/2872/4970
f 5153/2861/4971 5181/2895/4971 5195/2911/4971
f 5155/2867/4972 5176/2893/4972 5168/2882/4972
f 5203/2922/4973 5154/2864/4973 5197/2917/4973
f 5174/2887/4974 5202/2919/4974 5188/2903/4974
f 5169/2885/4975 5190/2909/4975 5182/2898/4975
f 5189/2906/4976 5196/2914/4976 5183/2901/4976
f 5209/2942/4977 5213/2943/4977 5215/2944/4977
f 5210/2945/4978 5213/2946/4978 5212/2947/4978
f 5211/2948/4979 5213/2949/4979 5214/2950/4979
f 5216/2951/4980 5220/2952/4980 5222/2953/4980
f 5217/2954/4981 5220/2955/4981 5219/2956/4981
f 5218/2957/4982 5220/2958/4982 5221/2959/4982
f 5223/2960/4983 5227/2961/4983 5229/2962/4983
f 5224/2963/4984 5227/2964/4984 5226/2965/4984
f 5225/2966/4985 5227/2964/4985 5228/2967/4985
f 5230/2951/4986 5234/2968/4986 5236/2969/4986
f 5231/2970/4987 5234/2971/4987 5233/2972/4987
f 5232/2973/4988 5234/2971/4988 5235/2974/4988
f 5237/2975/4989 5241/2976/4989 5243/2977/4989
f 5238/2978/4990 5241/2979/4990 5240/2980/4990
f 5239/2981/4991 5241/2979/4991 5242/2982/4991
f 5244/2983/4992 5248/2984/4992 5250/2985/4992
f 5245/2986/4993 5248/2987/4993 5247/2988/4993
f 5246/2989/4994 5248/2987/4994 5249/2990/4994
f 5251/2991/4995 5255/2992/4995 5257/2993/4995
f 5252/2994/4996 5255/2995/4996 5254/2996/4996
f 5253/2997/4997 5255/2995/4997 5256/2998/4997
f 5258/2999/4998 5262/3000/4998 5264/3001/4998
f 5259/3002/4999 5262/3003/4999 5261/3004/4999
f 5260/3005/5000 5262/3003/5000 5263/3006/5000
f 5224/2963/5001 5215/3007/5001 5211/2948/5001
f 5226/3008/5002 5209/2942/5002 5215/2944/5002
f 5217/2954/5003 5236/3009/5003 5232/2973/5003
f 5236/2969/4900 5216/2951/4900 5230/2951/4900
f 5210/2945/5004 5221/2959/5004 5214/3010/5004
f 5221/3011/5005 5211/2948/5005 5214/2950/5005
f 5225/2966/5006 5235/2974/5006 5231/2970/5006
f 5235/2974/5007 5224/2963/5007 5232/2973/5007
f 5225/2966/5008 5240/2980/5008 5229/3012/5008
f 5240/3013/5009 5223/2960/5009 5229/2962/5009
f 5246/2989/5010 5233/2972/5010 5250/3014/5010
f 5250/2985/4900 5230/2951/4900 5244/2983/4900
f 5239/2981/5011 5249/2990/5011 5245/2986/5011
f 5249/2990/5012 5238/2978/5012 5246/2989/5012
f 5239/2981/5013 5254/2996/5013 5243/3015/5013
f 5254/3016/5014 5237/2975/5014 5243/2977/5014
f 5260/3005/5015 5247/2988/5015 5264/3017/5015
f 5264/3001/4900 5244/2983/4900 5258/2999/4900
f 5253/2997/5016 5263/3006/5016 5259/3002/5016
f 5263/3006/5017 5252/2994/5017 5260/3005/5017
f 5210/2945/5018 5257/3018/5018 5253/2997/5018
f 5212/3019/5019 5251/2991/5019 5257/2993/5019
f 5259/3002/5020 5222/3020/5020 5218/2957/5020
f 5222/2953/4900 5258/2999/4900 5216/2951/4900
f 5223/2960/5021 5251/2991/5021 5209/2942/5021
f 5217/2954/5022 5224/2963/5022 5211/2948/5022
f 5253/2997/5023 5218/2957/5023 5210/2945/5023
f 5230/2951/4900 5258/2999/4900 5244/2983/4900
f 5231/2970/5024 5238/2978/5024 5225/2966/5024
f 5239/2981/5025 5260/3005/5025 5252/2994/5025
f 5265/1277/5026 5269/2424/5026 5271/2425/5026
f 5266/2426/5027 5269/2427/5027 5268/2428/5027
f 5267/2429/5028 5269/2430/5028 5270/2431/5028
f 5272/2432/5029 5276/2433/5029 5278/2434/5029
f 5273/2435/5030 5276/2436/5030 5275/2437/5030
f 5274/2438/5031 5276/2439/5031 5277/2440/5031
f 5279/2441/5032 5283/2442/5032 5285/2443/5032
f 5280/2444/5033 5283/2445/5033 5282/2446/5033
f 5281/2447/5034 5283/2445/5034 5284/2448/5034
f 5286/2449/5035 5290/2450/5035 5292/2451/5035
f 5287/2452/5036 5290/2453/5036 5289/2454/5036
f 5288/2455/5037 5290/2453/5037 5291/2456/5037
f 5293/2457/5038 5297/2458/5038 5299/2459/5038
f 5294/2460/5039 5297/2461/5039 5296/2462/5039
f 5295/3021/5040 5297/2461/5040 5298/2464/5040
f 5300/2465/5041 5304/2466/5041 5306/2467/5041
f 5301/2468/5042 5304/2469/5042 5303/2470/5042
f 5302/2471/5043 5304/2469/5043 5305/2472/5043
f 5307/2473/5044 5311/2474/5044 5313/2475/5044
f 5308/2476/5045 5311/2477/5045 5310/2478/5045
f 5309/2479/5046 5311/2477/5046 5312/2480/5046
f 5314/2481/5047 5318/2482/5047 5320/2483/5047
f 5315/2484/5048 5318/2485/5048 5317/2486/5048
f 5316/2487/5049 5318/2485/5049 5319/2488/5049
f 5321/3022/5050 5325/2489/5050 5327/2490/5050
f 5322/2491/5051 5325/2492/5051 5324/2493/5051
f 5323/3023/5052 5325/2492/5052 5326/2495/5052
f 5328/2496/5053 5332/2497/5053 5334/2498/5053
f 5329/3024/5054 5332/2500/5054 5331/2501/5054
f 5330/2502/5055 5332/2500/5055 5333/2503/5055
f 5280/2444/5056 5271/2504/5056 5267/2429/5056
f 5282/2505/5057 5265/1277/5057 5271/2425/5057
f 5288/2455/5058 5275/2437/5058 5292/2506/5058
f 5275/2507/5059 5286/2449/5059 5292/2451/5059
f 5266/2426/5060 5277/2440/5060 5270/2508/5060
f 5277/2509/5061 5267/2429/5061 5270/2431/5061
f 5281/2447/5062 5291/2456/5062 5287/2452/5062
f 5291/2456/5063 5280/2444/5063 5288/2455/5063
f 5294/2460/5064 5285/2510/5064 5281/2447/5064
f 5285/2443/5065 5293/2457/5065 5279/2441/5065
f 5287/2452/5066 5306/2512/5066 5302/2471/5066
f 5306/2467/5067 5286/2449/5067 5300/2465/5067
f 5295/3021/5068 5305/2472/5068 5301/2468/5068
f 5305/2472/5069 5294/2460/5069 5302/2471/5069
f 5308/2476/5070 5299/2514/5070 5295/3021/5070
f 5299/2459/5071 5307/2473/5071 5293/2457/5071
f 5301/2468/5072 5320/2516/5072 5316/2487/5072
f 5320/2483/5073 5300/2465/5073 5314/2481/5073
f 5309/2479/5074 5319/2488/5074 5315/2484/5074
f 5319/2488/5075 5308/2476/5075 5316/2487/5075
f 5309/2479/5076 5324/2493/5076 5313/2518/5076
f 5324/3025/5077 5307/2473/5077 5313/2475/5077
f 5315/2484/5078 5334/2519/5078 5330/2502/5078
f 5334/2498/5079 5314/2481/5079 5328/2496/5079
f 5323/3023/5080 5333/2503/5080 5329/3024/5080
f 5333/2503/5081 5322/2491/5081 5330/2502/5081
f 5266/2426/5082 5327/2520/5082 5323/3023/5082
f 5327/2490/5083 5265/1277/5083 5321/3022/5083
f 5274/2438/5084 5331/2501/5084 5278/2522/5084
f 5331/3026/5085 5272/2432/5085 5278/2434/5085
f 5279/2441/5086 5307/2473/5086 5321/3022/5086
f 5267/2429/5087 5288/2455/5087 5280/2444/5087
f 5323/3023/5088 5274/2438/5088 5266/2426/5088
f 5272/2432/5089 5314/2481/5089 5300/2465/5089
f 5287/2452/5090 5294/2460/5090 5281/2447/5090
f 5295/3021/5091 5316/2487/5091 5308/2476/5091
f 5309/2479/5092 5330/2502/5092 5322/2491/5092
f 5335/2523/5093 5339/2524/5093 5341/2525/5093
f 5336/3027/5094 5339/2427/5094 5338/2527/5094
f 5337/3028/5095 5339/2529/5095 5340/2431/5095
f 5342/2530/5096 5346/2531/5096 5348/2532/5096
f 5343/2533/5097 5346/2436/5097 5345/2534/5097
f 5344/2535/5098 5346/2536/5098 5347/2537/5098
f 5349/3029/5099 5353/2539/5099 5355/2540/5099
f 5350/2541/5100 5353/2542/5100 5352/2543/5100
f 5351/3030/5101 5353/2542/5101 5354/2448/5101
f 5356/2545/5102 5360/2546/5102 5362/2547/5102
f 5357/2548/5103 5360/2549/5103 5359/2550/5103
f 5358/2551/5104 5360/2549/5104 5361/2552/5104
f 5363/2553/5105 5367/2554/5105 5369/2555/5105
f 5364/2556/5106 5367/2557/5106 5366/2558/5106
f 5365/3031/5107 5367/2557/5107 5368/2464/5107
f 5370/2560/5108 5374/2561/5108 5376/2562/5108
f 5371/2563/5109 5374/2564/5109 5373/2565/5109
f 5372/2566/5110 5374/2564/5110 5375/2567/5110
f 5377/2568/5111 5381/2569/5111 5383/2570/5111
f 5378/2571/5112 5381/2572/5112 5380/2573/5112
f 5379/3032/5113 5381/2572/5113 5382/2575/5113
f 5384/3033/5114 5388/2577/5114 5390/2578/5114
f 5385/2579/5115 5388/2580/5115 5387/2581/5115
f 5386/2582/5116 5388/2580/5116 5389/2583/5116
f 5391/2584/5117 5395/2585/5117 5397/2586/5117
f 5392/2587/5118 5395/2588/5118 5394/2589/5118
f 5393/2590/5119 5395/2588/5119 5396/2591/5119
f 5398/2592/5120 5402/2593/5120 5404/2594/5120
f 5399/3034/5121 5402/2596/5121 5401/2597/5121
f 5400/2598/5122 5402/2596/5122 5403/2599/5122
f 5350/2541/5123 5341/2600/5123 5337/3028/5123
f 5352/2601/5124 5335/2523/5124 5341/2525/5124
f 5358/2551/5125 5345/2534/5125 5362/2602/5125
f 5362/2547/5126 5342/2530/5126 5356/2545/5126
f 5336/3027/5127 5347/2537/5127 5340/2508/5127
f 5347/2603/5128 5337/3028/5128 5340/2431/5128
f 5351/3030/5129 5361/2552/5129 5357/2548/5129
f 5361/2552/5130 5350/2541/5130 5358/2551/5130
f 5351/3030/5131 5366/2558/5131 5355/2604/5131
f 5366/3035/5132 5349/3029/5132 5355/2540/5132
f 5372/2566/5133 5359/2550/5133 5376/2605/5133
f 5376/2562/5134 5356/2545/5134 5370/2560/5134
f 5365/3031/5135 5375/2567/5135 5371/2563/5135
f 5375/2567/5136 5364/2556/5136 5372/2566/5136
f 5365/3031/5137 5380/2573/5137 5369/2607/5137
f 5380/3036/5138 5363/2553/5138 5369/2555/5138
f 5371/2563/5139 5390/2608/5139 5386/2582/5139
f 5373/3037/5140 5384/3033/5140 5390/2578/5140
f 5379/3032/5141 5389/2583/5141 5385/2579/5141
f 5389/2583/5142 5378/2571/5142 5386/2582/5142
f 5392/2587/5143 5383/2609/5143 5379/3032/5143
f 5394/3038/5144 5377/2568/5144 5383/2570/5144
f 5400/2598/5145 5387/2581/5145 5404/2610/5145
f 5387/2611/5146 5398/2592/5146 5404/2594/5146
f 5393/2590/5147 5403/2599/5147 5399/3034/5147
f 5403/2599/5148 5392/2587/5148 5400/2598/5148
f 5336/3027/5149 5397/2612/5149 5393/2590/5149
f 5397/2586/5150 5335/2523/5150 5391/2584/5150
f 5399/3034/5151 5348/2613/5151 5344/2535/5151
f 5401/2614/5152 5342/2530/5152 5348/2532/5152
f 5349/3029/5153 5377/2568/5153 5391/2584/5153
f 5343/2533/5154 5350/2541/5154 5337/3028/5154
f 5399/3034/5155 5336/3027/5155 5393/2590/5155
f 5342/2530/5156 5384/3033/5156 5370/2560/5156
f 5351/3030/5157 5372/2566/5157 5364/2556/5157
f 5371/2563/5158 5378/2571/5158 5365/3031/5158
f 5379/3032/5159 5400/2598/5159 5392/2587/5159
f 5405/3039/5160 5409/2616/5160 5411/2617/5160
f 5406/2618/5161 5409/2427/5161 5408/2619/5161
f 5407/2620/5162 5409/2621/5162 5410/2431/5162
f 5412/2622/5163 5416/2623/5163 5418/2624/5163
f 5413/2625/5164 5416/2626/5164 5415/2627/5164
f 5414/2628/5165 5416/2629/5165 5417/2537/5165
f 5419/3040/5166 5423/2631/5166 5425/2632/5166
f 5420/2633/5167 5423/2634/5167 5422/2635/5167
f 5421/3041/5168 5423/2634/5168 5424/2448/5168
f 5426/2637/5169 5430/2638/5169 5432/2639/5169
f 5427/3042/5170 5430/2641/5170 5429/2642/5170
f 5428/2643/5171 5430/2641/5171 5431/2552/5171
f 5433/2644/5172 5437/2645/5172 5439/2646/5172
f 5434/2647/5173 5437/2648/5173 5436/2649/5173
f 5435/3043/5174 5437/2648/5174 5438/2464/5174
f 5440/2651/5175 5444/2652/5175 5446/2653/5175
f 5441/2654/5176 5444/2655/5176 5443/2656/5176
f 5442/2657/5177 5444/2655/5177 5445/2567/5177
f 5447/2658/5178 5451/2659/5178 5453/2660/5178
f 5448/2661/5179 5451/2662/5179 5450/2663/5179
f 5449/2664/5180 5451/2662/5180 5452/2665/5180
f 5454/2666/5181 5458/2667/5181 5460/2668/5181
f 5455/2669/5182 5458/2670/5182 5457/2671/5182
f 5456/2672/5183 5458/2670/5183 5459/2673/5183
f 5461/2674/5184 5465/2675/5184 5467/2676/5184
f 5462/2677/5185 5465/2678/5185 5464/2679/5185
f 5463/2680/5186 5465/2678/5186 5466/2591/5186
f 5468/2681/5187 5472/2682/5187 5474/2683/5187
f 5469/3044/5188 5472/2685/5188 5471/2686/5188
f 5470/2687/5189 5472/2685/5189 5473/2688/5189
f 5420/2633/5190 5411/2689/5190 5407/2620/5190
f 5422/3045/5191 5405/3039/5191 5411/2617/5191
f 5428/2643/5192 5415/2627/5192 5432/2690/5192
f 5415/3046/5193 5426/2637/5193 5432/2639/5193
f 5406/2618/5194 5417/2537/5194 5410/2508/5194
f 5417/2509/5195 5407/2620/5195 5410/2431/5195
f 5421/3041/5196 5431/2552/5196 5427/3042/5196
f 5431/2552/5197 5420/2633/5197 5428/2643/5197
f 5421/3041/5198 5436/2649/5198 5425/2691/5198
f 5436/3047/5199 5419/3040/5199 5425/2632/5199
f 5427/3042/5200 5446/2692/5200 5442/2657/5200
f 5446/2653/5201 5426/2637/5201 5440/2651/5201
f 5435/3043/5202 5445/2567/5202 5441/2654/5202
f 5445/2567/5203 5434/2647/5203 5442/2657/5203
f 5435/3043/5204 5450/2663/5204 5439/2694/5204
f 5450/2695/5205 5433/2644/5205 5439/2646/5205
f 5456/2672/5206 5443/2656/5206 5460/2696/5206
f 5460/2668/5207 5440/2651/5207 5454/2666/5207
f 5449/2664/5208 5459/2673/5208 5455/2669/5208
f 5459/2673/5209 5448/2661/5209 5456/2672/5209
f 5462/2677/5210 5453/2697/5210 5449/2664/5210
f 5464/2698/5211 5447/2658/5211 5453/2660/5211
f 5455/2669/5212 5474/2699/5212 5470/2687/5212
f 5474/2683/5213 5454/2666/5213 5468/2681/5213
f 5463/2680/5214 5473/2688/5214 5469/3044/5214
f 5473/2688/5215 5462/2677/5215 5470/2687/5215
f 5406/2618/5216 5467/2700/5216 5463/2680/5216
f 5467/2676/5217 5405/3039/5217 5461/2674/5217
f 5414/2628/5218 5471/2686/5218 5418/2702/5218
f 5418/2624/5219 5468/2681/5219 5412/2622/5219
f 5419/3040/5220 5447/2658/5220 5461/2674/5220
f 5413/2625/5221 5420/2633/5221 5407/2620/5221
f 5469/3044/5222 5406/2618/5222 5463/2680/5222
f 5412/2622/5223 5454/2666/5223 5440/2651/5223
f 5421/3041/5224 5442/2657/5224 5434/2647/5224
f 5441/2654/5225 5448/2661/5225 5435/3043/5225
f 5455/2669/5226 5462/2677/5226 5449/2664/5226
f 5475/2704/5227 5479/2705/5227 5481/2706/5227
f 5476/2707/5228 5479/2708/5228 5478/2709/5228
f 5477/2710/5229 5479/2711/5229 5480/2712/5229
f 5482/2713/5230 5486/2714/5230 5488/2715/5230
f 5483/2716/5231 5486/2717/5231 5485/2718/5231
f 5484/2719/5232 5486/2720/5232 5487/2721/5232
f 5489/2722/5233 5493/2723/5233 5495/2724/5233
f 5490/2725/5234 5493/2726/5234 5492/2727/5234
f 5491/3048/5235 5493/2726/5235 5494/3049/5235
f 5496/2730/5236 5500/2731/5236 5502/2732/5236
f 5497/2733/5237 5500/2734/5237 5499/2735/5237
f 5498/2736/5238 5500/2734/5238 5501/2737/5238
f 5503/2738/5239 5507/2739/5239 5509/2740/5239
f 5504/2741/5240 5507/2742/5240 5506/2743/5240
f 5505/2744/5241 5507/2742/5241 5508/3050/5241
f 5510/3051/5242 5514/2747/5242 5516/2748/5242
f 5511/2749/5243 5514/2750/5243 5513/2751/5243
f 5512/2752/5244 5514/2750/5244 5515/2753/5244
f 5517/2754/5245 5521/2755/5245 5523/2756/5245
f 5518/2757/5246 5521/2758/5246 5520/2759/5246
f 5519/3052/5247 5521/2758/5247 5522/2761/5247
f 5524/3053/5248 5528/2763/5248 5530/2764/5248
f 5525/3054/5249 5528/2766/5249 5527/2767/5249
f 5526/3055/5250 5528/2766/5250 5529/2769/5250
f 5490/2725/5251 5481/2770/5251 5477/2710/5251
f 5481/2706/5252 5489/2722/5252 5475/2704/5252
f 5498/2736/5253 5485/2718/5253 5502/2771/5253
f 5502/2732/5254 5482/2713/5254 5496/2730/5254
f 5476/2707/5255 5487/2721/5255 5480/2772/5255
f 5487/2773/5256 5477/2710/5256 5480/2712/5256
f 5491/3048/5257 5501/2737/5257 5497/2733/5257
f 5501/2737/5258 5490/2725/5258 5498/2736/5258
f 5504/2741/5259 5495/2774/5259 5491/3048/5259
f 5495/2724/5260 5503/2738/5260 5489/2722/5260
f 5497/2733/5261 5516/2776/5261 5512/2752/5261
f 5516/2748/5262 5496/2730/5262 5510/3051/5262
f 5505/2744/5263 5515/2753/5263 5511/2749/5263
f 5515/2753/5264 5504/2741/5264 5512/2752/5264
f 5518/2757/5265 5509/2778/5265 5505/2744/5265
f 5509/2740/5266 5517/2754/5266 5503/2738/5266
f 5526/3055/5267 5513/2751/5267 5530/2780/5267
f 5530/2764/5268 5510/3051/5268 5524/3053/5268
f 5519/3052/5269 5529/2769/5269 5525/3054/5269
f 5529/2769/5270 5518/2757/5270 5526/3055/5270
f 5519/3052/5271 5478/2709/5271 5523/2782/5271
f 5478/2783/5272 5517/2754/5272 5523/2756/5272
f 5525/3054/5273 5488/2784/5273 5484/2719/5273
f 5488/2715/5274 5524/3053/5274 5482/2713/5274
f 5475/2704/5275 5503/2738/5275 5517/2754/5275
f 5483/2716/5276 5490/2725/5276 5477/2710/5276
f 5519/3052/5277 5484/2719/5277 5476/2707/5277
f 5496/2730/5278 5524/3053/5278 5510/3051/5278
f 5491/3048/5279 5512/2752/5279 5504/2741/5279
f 5505/2744/5280 5526/3055/5280 5518/2757/5280
f 5531/2785/5281 5535/2786/5281 5537/2787/5281
f 5532/2788/5282 5535/2789/5282 5534/2790/5282
f 5533/2791/5283 5535/2792/5283 5536/2793/5283
f 5538/2794/5284 5542/2795/5284 5544/2796/5284
f 5539/2797/5285 5542/2798/5285 5541/2799/5285
f 5540/3056/5286 5542/2801/5286 5543/2802/5286
f 5545/3057/5287 5549/2804/5287 5551/2805/5287
f 5546/2806/5288 5549/2807/5288 5548/2808/5288
f 5547/3058/5289 5549/2807/5289 5550/2810/5289
f 5552/2811/5290 5556/2812/5290 5558/2813/5290
f 5553/2814/5291 5556/2815/5291 5555/2816/5291
f 5554/2817/5292 5556/2815/5292 5557/2818/5292
f 5559/2819/5293 5563/2820/5293 5565/2821/5293
f 5560/2822/5294 5563/2823/5294 5562/2824/5294
f 5561/3059/5295 5563/2823/5295 5564/2826/5295
f 5566/2827/5296 5570/2828/5296 5572/2829/5296
f 5567/2830/5297 5570/2831/5297 5569/2832/5297
f 5568/2833/5298 5570/2831/5298 5571/2834/5298
f 5573/2835/5299 5577/2836/5299 5579/2837/5299
f 5574/2838/5300 5577/2839/5300 5576/2840/5300
f 5575/2841/5301 5577/2839/5301 5578/2842/5301
f 5580/2843/5302 5584/2844/5302 5586/2845/5302
f 5581/2846/5303 5584/2847/5303 5583/2848/5303
f 5582/2849/5304 5584/2847/5304 5585/2850/5304
f 5546/2806/5305 5537/2851/5305 5533/2791/5305
f 5537/2787/5306 5545/3057/5306 5531/2785/5306
f 5539/2797/5307 5558/2852/5307 5554/2817/5307
f 5558/2813/5308 5538/2794/5308 5552/2811/5308
f 5532/2788/5309 5543/2802/5309 5536/2853/5309
f 5543/2854/5310 5533/2791/5310 5536/2793/5310
f 5547/3058/5311 5557/2818/5311 5553/2814/5311
f 5557/2818/5312 5546/2806/5312 5554/2817/5312
f 5560/2822/5313 5551/2855/5313 5547/3058/5313
f 5551/2805/5314 5559/2819/5314 5545/3057/5314
f 5568/2833/5315 5555/2816/5315 5572/2856/5315
f 5572/2829/5316 5552/2811/5316 5566/2827/5316
f 5561/3059/5317 5571/2834/5317 5567/2830/5317
f 5571/2834/5318 5560/2822/5318 5568/2833/5318
f 5561/3059/5319 5576/2840/5319 5565/2857/5319
f 5576/3060/5320 5559/2819/5320 5565/2821/5320
f 5567/2830/5321 5586/2858/5321 5582/2849/5321
f 5586/2845/4900 5566/2827/4900 5580/2843/4900
f 5575/2841/5322 5585/2850/5322 5581/2846/5322
f 5585/2850/5323 5574/2838/5323 5582/2849/5323
f 5532/2788/5324 5579/2859/5324 5575/2841/5324
f 5579/2837/5325 5531/2785/5325 5573/2835/5325
f 5540/3056/5326 5583/2848/5326 5544/2860/5326
f 5544/2796/4900 5580/2843/4900 5538/2794/4900
f 5531/2785/5327 5559/2819/5327 5573/2835/5327
f 5533/2791/5328 5554/2817/5328 5546/2806/5328
f 5575/2841/5329 5540/3056/5329 5532/2788/5329
f 5552/2811/4900 5580/2843/4900 5566/2827/4900
f 5553/2814/5330 5560/2822/5330 5547/3058/5330
f 5561/3059/5331 5582/2849/5331 5574/2838/5331
f 5587/2861/5332 5591/2862/5332 5593/2863/5332
f 5588/2864/5333 5591/2865/5333 5590/2866/5333
f 5589/2867/5334 5591/2868/5334 5592/2869/5334
f 5594/2870/5335 5598/2871/5335 5600/2872/5335
f 5595/3061/5336 5598/2874/5336 5597/2875/5336
f 5596/2876/5337 5598/2877/5337 5599/2878/5337
f 5601/2879/5338 5605/2880/5338 5607/2881/5338
f 5602/2882/5339 5605/2883/5339 5604/2884/5339
f 5603/2885/5340 5605/2883/5340 5606/2886/5340
f 5608/2887/5341 5612/2888/5341 5614/2889/5341
f 5609/3062/5342 5612/2891/5342 5611/2892/5342
f 5610/2893/5343 5612/2891/5343 5613/2894/5343
f 5615/3063/5344 5619/2896/5344 5621/2897/5344
f 5616/2898/5345 5619/2899/5345 5618/2900/5345
f 5617/2901/5346 5619/2899/5346 5620/2902/5346
f 5622/2903/5347 5626/2904/5347 5628/2905/5347
f 5623/3064/5348 5626/2907/5348 5625/2908/5348
f 5624/2909/5349 5626/2907/5349 5627/2910/5349
f 5629/2911/5350 5633/2912/5350 5635/2913/5350
f 5630/2914/5351 5633/2915/5351 5632/2916/5351
f 5631/2917/5352 5633/2915/5352 5634/2918/5352
f 5636/3065/5353 5640/2920/5353 5642/2921/5353
f 5637/2922/5354 5640/2923/5354 5639/2924/5354
f 5638/2925/5355 5640/2923/5355 5641/2926/5355
f 5589/2867/5356 5604/2884/5356 5593/2927/5356
f 5604/2928/5357 5587/2861/5357 5593/2863/5357
f 5610/2893/5358 5597/2875/5358 5614/2929/5358
f 5614/2889/5359 5594/2870/5359 5608/2887/5359
f 5588/2864/5360 5599/2878/5360 5592/2930/5360
f 5599/2931/5361 5589/2867/5361 5592/2869/5361
f 5603/2885/5362 5613/2894/5362 5609/3062/5362
f 5613/2894/5363 5602/2882/5363 5610/2893/5363
f 5616/2898/5364 5607/2932/5364 5603/2885/5364
f 5618/3066/5365 5601/2879/5365 5607/2881/5365
f 5624/2909/5366 5611/2892/5366 5628/2933/5366
f 5628/2905/5367 5608/2887/5367 5622/2903/5367
f 5617/2901/5368 5627/2910/5368 5623/3064/5368
f 5627/2910/5369 5616/2898/5369 5624/2909/5369
f 5617/2901/5370 5632/2916/5370 5621/2934/5370
f 5632/2935/5371 5615/3063/5371 5621/2897/5371
f 5623/3064/5372 5642/2936/5372 5638/2925/5372
f 5625/2937/5373 5636/3065/5373 5642/2921/5373
f 5631/2917/5374 5641/2926/5374 5637/2922/5374
f 5641/2926/5375 5630/2914/5375 5638/2925/5375
f 5631/2917/5376 5590/2866/5376 5635/2938/5376
f 5635/2913/5377 5587/2861/5377 5629/2911/5377
f 5596/2876/5378 5639/2924/5378 5600/2940/5378
f 5600/2872/5379 5636/3065/5379 5594/2870/5379
f 5587/2861/5380 5615/3063/5380 5629/2911/5380
f 5595/3061/5381 5602/2882/5381 5589/2867/5381
f 5631/2917/5382 5596/2876/5382 5588/2864/5382
f 5608/2887/5383 5636/3065/5383 5622/2903/5383
f 5609/3062/5384 5616/2898/5384 5603/2885/5384
f 5623/3064/5385 5630/2914/5385 5617/2901/5385
f 5643/2942/5386 5647/2943/5386 5649/2944/5386
f 5644/2945/5387 5647/2946/5387 5646/2947/5387
f 5645/2948/5388 5647/2949/5388 5648/2950/5388
f 5650/2951/5389 5654/2952/5389 5656/2953/5389
f 5651/3067/5390 5654/2955/5390 5653/2956/5390
f 5652/2957/5391 5654/2958/5391 5655/2959/5391
f 5657/2960/5392 5661/2961/5392 5663/2962/5392
f 5658/3068/5393 5661/2964/5393 5660/2965/5393
f 5659/2966/5394 5661/2964/5394 5662/2967/5394
f 5664/2951/5395 5668/2968/5395 5670/2969/5395
f 5665/2970/5396 5668/2971/5396 5667/2972/5396
f 5666/2973/5397 5668/2971/5397 5669/2974/5397
f 5671/2975/5398 5675/2976/5398 5677/2977/5398
f 5672/2978/5399 5675/2979/5399 5674/2980/5399
f 5673/3069/5400 5675/2979/5400 5676/2982/5400
f 5678/2983/5401 5682/2984/5401 5684/2985/5401
f 5679/2986/5402 5682/2987/5402 5681/2988/5402
f 5680/2989/5403 5682/2987/5403 5683/2990/5403
f 5685/2991/5404 5689/2992/5404 5691/2993/5404
f 5686/2994/5405 5689/2995/5405 5688/2996/5405
f 5687/2997/5406 5689/2995/5406 5690/2998/5406
f 5692/2999/5407 5696/3000/5407 5698/3001/5407
f 5693/3002/5408 5696/3003/5408 5695/3004/5408
f 5694/3070/5409 5696/3003/5409 5697/3006/5409
f 5645/2948/5410 5660/2965/5410 5649/3007/5410
f 5660/3008/5411 5643/2942/5411 5649/2944/5411
f 5651/3067/5412 5670/3009/5412 5666/2973/5412
f 5670/2969/4900 5650/2951/4900 5664/2951/4900
f 5644/2945/5413 5655/2959/5413 5648/3010/5413
f 5655/3011/5414 5645/2948/5414 5648/2950/5414
f 5659/2966/5415 5669/2974/5415 5665/2970/5415
f 5669/2974/5416 5658/3068/5416 5666/2973/5416
f 5659/2966/5417 5674/2980/5417 5663/3012/5417
f 5674/3013/5418 5657/2960/5418 5663/2962/5418
f 5665/2970/5419 5684/3014/5419 5680/2989/5419
f 5684/2985/4900 5664/2951/4900 5678/2983/4900
f 5673/3069/5420 5683/2990/5420 5679/2986/5420
f 5683/2990/5421 5672/2978/5421 5680/2989/5421
f 5686/2994/5422 5677/3015/5422 5673/3069/5422
f 5677/2977/5423 5685/2991/5423 5671/2975/5423
f 5679/2986/5424 5698/3017/5424 5694/3070/5424
f 5698/3001/4900 5678/2983/4900 5692/2999/4900
f 5687/2997/5425 5697/3006/5425 5693/3002/5425
f 5697/3006/5426 5686/2994/5426 5694/3070/5426
f 5687/2997/5427 5646/2947/5427 5691/3018/5427
f 5646/3019/5428 5685/2991/5428 5691/2993/5428
f 5693/3002/5429 5656/3020/5429 5652/2957/5429
f 5656/2953/4900 5692/2999/4900 5650/2951/4900
f 5657/2960/5430 5685/2991/5430 5643/2942/5430
f 5651/3067/5431 5658/3068/5431 5645/2948/5431
f 5693/3002/5432 5644/2945/5432 5687/2997/5432
f 5664/2951/4900 5692/2999/4900 5678/2983/4900
f 5665/2970/5433 5672/2978/5433 5659/2966/5433
f 5679/2986/5434 5686/2994/5434 5673/3069/5434
f 1/1/5435 4/100/5435 5/2/5435
f 2/4/5436 6/87/5436 5/5/5436
f 3/7/5437 7/83/5437 5/8/5437
f 8/10/5438 11/86/5438 12/11/5438
f 9/13/5439 13/88/5439 12/14/5439
f 10/16/5440 14/101/5440 12/17/5440
f 15/19/5441 18/84/5441 19/20/5441
f 16/22/5442 20/26/5442 19/23/5442
f 17/25/5443 21/89/5443 19/23/5443
f 22/27/5444 25/92/5444 26/28/5444
f 23/30/5445 27/34/5445 26/31/5445
f 24/33/5446 28/85/5446 26/31/5446
f 29/35/5447 32/90/5447 33/36/5447
f 30/38/5448 34/42/5448 33/39/5448
f 31/41/5449 35/93/5449 33/39/5449
f 36/43/5450 39/95/5450 40/44/5450
f 37/46/5451 41/50/5451 40/47/5451
f 38/49/5452 42/91/5452 40/47/5452
f 43/51/5453 46/323/5453 47/52/5453
f 44/54/5454 48/58/5454 47/55/5454
f 45/57/5455 49/96/5455 47/55/5455
f 50/59/5456 53/324/5456 54/60/5456
f 51/62/5457 55/66/5457 54/63/5457
f 52/65/5458 56/94/5458 54/63/5458
f 57/67/5459 60/97/5459 61/68/5459
f 58/70/5460 62/74/5460 61/71/5460
f 59/73/5461 63/99/5461 61/71/5461
f 64/75/5462 67/102/5462 68/76/5462
f 65/78/5463 69/82/5463 68/79/5463
f 66/81/5464 70/98/5464 68/79/5464
f 3/7/31 16/22/31 18/24/31
f 18/84/32 15/19/32 1/1/32
f 24/33/33 9/13/33 11/15/33
f 11/86/34 8/10/34 22/27/34
f 2/4/35 10/16/35 13/18/35
f 13/88/36 9/13/36 3/7/36
f 17/25/37 20/26/37 27/34/37
f 27/34/38 20/26/38 16/22/38
f 30/38/39 32/40/39 21/89/39
f 32/90/40 29/35/40 15/19/40
f 23/30/41 25/32/41 42/91/41
f 25/92/42 22/27/42 36/43/42
f 31/41/43 34/42/43 41/50/43
f 41/50/44 34/42/44 30/38/44
f 31/41/45 44/54/45 46/56/45
f 35/37/46 46/323/46 43/51/46
f 52/65/47 37/46/47 39/48/47
f 39/95/48 36/43/48 50/59/48
f 45/57/49 48/58/49 55/66/49
f 55/66/50 48/58/50 44/54/50
f 45/57/51 58/70/51 60/72/51
f 60/97/52 57/67/52 43/51/52
f 66/81/53 51/62/53 53/64/53
f 70/77/54 53/324/54 50/59/54
f 59/73/55 62/74/55 69/82/55
f 69/82/56 62/74/56 58/70/56
f 2/4/57 4/6/57 63/99/57
f 4/100/58 1/1/58 57/67/58
f 65/78/59 67/80/59 14/101/59
f 67/102/60 64/75/60 8/10/60
f 57/67/61 1/1/61 15/19/61
f 15/19/61 29/35/61 43/51/61
f 3/7/62 9/13/62 24/33/62
f 65/78/63 10/16/63 2/4/63
f 36/43/64 22/27/64 8/10/64
f 8/10/64 64/75/64 50/59/64
f 23/30/65 38/49/65 30/38/65
f 37/46/66 52/65/66 44/54/66
f 51/62/67 66/81/67 58/70/67
f 71/103/5465 74/197/5465 75/104/5465
f 72/106/5466 76/185/5466 75/5/5466
f 73/108/5467 77/182/5467 75/109/5467
f 78/111/5468 81/348/5468 82/112/5468
f 79/114/5469 83/186/5469 82/14/5469
f 80/116/5470 84/198/5470 82/117/5470
f 85/119/5471 88/183/5471 89/120/5471
f 86/122/5472 90/126/5472 89/123/5472
f 87/125/5473 91/187/5473 89/123/5473
f 92/127/5474 95/189/5474 96/128/5474
f 93/130/5475 97/134/5475 96/131/5475
f 94/133/5476 98/184/5476 96/131/5476
f 99/135/5477 102/349/5477 103/136/5477
f 100/138/5478 104/142/5478 103/139/5478
f 101/141/5479 105/190/5479 103/139/5479
f 106/143/5480 109/350/5480 110/144/5480
f 107/146/5481 111/150/5481 110/147/5481
f 108/149/5482 112/188/5482 110/147/5482
f 113/151/5483 116/191/5483 117/152/5483
f 114/154/5484 118/58/5484 117/155/5484
f 115/157/5485 119/193/5485 117/155/5485
f 120/158/5486 123/195/5486 124/159/5486
f 121/161/5487 125/165/5487 124/162/5487
f 122/164/5488 126/192/5488 124/162/5488
f 127/166/5489 130/351/5489 131/167/5489
f 128/169/5490 132/173/5490 131/170/5490
f 129/172/5491 133/196/5491 131/170/5491
f 134/174/5492 137/199/5492 138/175/5492
f 135/177/5493 139/181/5493 138/178/5493
f 136/180/5494 140/194/5494 138/178/5494
f 73/108/98 86/122/98 88/124/98
f 88/183/99 85/119/99 71/103/99
f 79/114/100 81/115/100 98/184/100
f 98/129/101 81/348/101 78/111/101
f 72/106/102 80/116/102 83/118/102
f 83/186/103 79/114/103 73/108/103
f 87/125/104 90/126/104 97/134/104
f 97/134/105 90/126/105 86/122/105
f 100/138/106 102/140/106 91/187/106
f 91/121/107 102/349/107 99/135/107
f 93/130/108 95/132/108 112/188/108
f 95/189/109 92/127/109 106/143/109
f 101/141/110 104/142/110 111/150/110
f 111/150/111 104/142/111 100/138/111
f 101/141/112 114/154/112 116/156/112
f 116/191/113 113/151/113 99/135/113
f 107/146/114 109/148/114 126/192/114
f 126/160/115 109/350/115 106/143/115
f 115/157/116 118/58/116 125/165/116
f 125/165/117 118/58/117 114/154/117
f 115/157/118 128/169/118 130/171/118
f 119/153/119 130/351/119 127/166/119
f 121/161/120 123/163/120 140/194/120
f 123/195/121 120/158/121 134/174/121
f 129/172/122 132/173/122 139/181/122
f 139/181/123 132/173/123 128/169/123
f 129/172/124 72/106/124 74/107/124
f 74/197/125 71/103/125 127/166/125
f 80/116/126 135/177/126 137/179/126
f 137/199/127 134/174/127 78/111/127
f 127/166/128 71/103/128 85/119/128
f 85/119/128 99/135/128 113/151/128
f 79/114/129 94/133/129 86/122/129
f 135/177/130 80/116/130 72/106/130
f 106/143/131 92/127/131 78/111/131
f 78/111/131 134/174/131 120/158/131
f 93/130/132 108/149/132 100/138/132
f 101/141/133 107/146/133 122/164/133
f 121/161/134 136/180/134 128/169/134
f 141/200/5495 144/296/5495 145/201/5495
f 142/203/5496 146/283/5496 145/204/5496
f 143/206/5497 147/280/5497 145/207/5497
f 148/209/5498 151/352/5498 152/210/5498
f 149/212/5499 153/88/5499 152/14/5499
f 150/214/5500 154/297/5500 152/215/5500
f 155/216/5501 158/281/5501 159/217/5501
f 156/219/5502 160/223/5502 159/220/5502
f 157/222/5503 161/284/5503 159/220/5503
f 162/224/5504 165/287/5504 166/225/5504
f 163/227/5505 167/231/5505 166/228/5505
f 164/230/5506 168/282/5506 166/228/5506
f 169/232/5507 172/285/5507 173/233/5507
f 170/235/5508 174/239/5508 173/236/5508
f 171/238/5509 175/288/5509 173/236/5509
f 176/240/5510 179/291/5510 180/241/5510
f 177/243/5511 181/247/5511 180/244/5511
f 178/246/5512 182/286/5512 180/244/5512
f 183/248/5513 186/289/5513 187/249/5513
f 184/251/5514 188/255/5514 187/252/5514
f 185/254/5515 189/292/5515 187/252/5515
f 190/256/5516 193/294/5516 194/257/5516
f 191/259/5517 195/263/5517 194/260/5517
f 192/262/5518 196/290/5518 194/260/5518
f 197/264/5519 200/353/5519 201/265/5519
f 198/267/5520 202/271/5520 201/268/5520
f 199/270/5521 203/295/5521 201/268/5521
f 204/272/5522 207/298/5522 208/273/5522
f 205/275/5523 209/279/5523 208/276/5523
f 206/278/5524 210/293/5524 208/276/5524
f 156/219/165 158/221/165 147/280/165
f 158/281/166 155/216/166 141/200/166
f 164/230/167 149/212/167 151/213/167
f 168/226/168 151/352/168 148/209/168
f 142/203/169 150/214/169 153/118/169
f 153/88/170 149/212/170 143/206/170
f 157/222/171 160/223/171 167/231/171
f 167/231/172 160/223/172 156/219/172
f 157/222/173 170/235/173 172/237/173
f 172/285/174 169/232/174 155/216/174
f 163/227/175 165/229/175 182/286/175
f 165/287/176 162/224/176 176/240/176
f 171/238/177 174/239/177 181/247/177
f 181/247/178 174/239/178 170/235/178
f 184/251/179 186/253/179 175/288/179
f 186/289/180 183/248/180 169/232/180
f 177/243/181 179/245/181 196/290/181
f 179/291/182 176/240/182 190/256/182
f 185/254/183 188/255/183 195/263/183
f 195/263/184 188/255/184 184/251/184
f 198/267/185 200/269/185 189/292/185
f 189/250/186 200/353/186 197/264/186
f 206/278/5525 191/259/5525 193/261/5525
f 193/294/188 190/256/188 204/272/188
f 199/270/189 202/271/189 209/279/189
f 209/279/190 202/271/190 198/267/190
f 199/270/191 142/203/191 144/205/191
f 144/296/192 141/200/192 197/264/192
f 205/275/193 207/277/193 154/297/193
f 207/298/194 204/272/194 148/209/194
f 197/264/195 141/200/195 155/216/195
f 155/216/195 169/232/195 183/248/195
f 149/212/196 164/230/196 156/219/196
f 205/275/197 150/214/197 142/203/197
f 176/240/198 162/224/198 148/209/198
f 148/209/198 204/272/198 190/256/198
f 163/227/199 178/246/199 170/235/199
f 177/243/200 192/262/200 184/251/200
f 191/259/201 206/278/201 198/267/201
f 211/299/5526 214/100/5526 215/2/5526
f 212/300/5527 216/87/5527 215/5/5527
f 213/7/5528 217/83/5528 215/8/5528
f 218/10/5529 221/86/5529 222/11/5529
f 219/13/5530 223/88/5530 222/14/5530
f 220/301/5531 224/101/5531 222/17/5531
f 225/302/5532 228/84/5532 229/20/5532
f 226/303/5533 230/304/5533 229/23/5533
f 227/25/5534 231/89/5534 229/23/5534
f 232/27/5535 235/92/5535 236/28/5535
f 233/305/5536 237/306/5536 236/31/5536
f 234/33/5537 238/85/5537 236/31/5537
f 239/307/5538 242/90/5538 243/36/5538
f 240/38/5539 244/309/5539 243/39/5539
f 241/308/5540 245/93/5540 243/39/5540
f 246/310/5541 249/95/5541 250/44/5541
f 247/311/5542 251/247/5542 250/47/5542
f 248/49/5543 252/91/5543 250/47/5543
f 253/312/5544 256/323/5544 257/52/5544
f 254/54/5545 258/314/5545 257/55/5545
f 255/313/5546 259/96/5546 257/55/5546
f 260/315/5547 263/324/5547 264/60/5547
f 261/316/5548 265/317/5548 264/63/5548
f 262/65/5549 266/94/5549 264/63/5549
f 267/318/5550 270/97/5550 271/68/5550
f 268/319/5551 272/74/5551 271/71/5551
f 269/73/5552 273/99/5552 271/71/5552
f 274/320/5553 277/102/5553 278/76/5553
f 275/321/5554 279/322/5554 278/79/5554
f 276/81/5555 280/98/5555 278/79/5555
f 213/7/232 226/303/232 228/24/232
f 217/3/233 228/84/233 225/302/233
f 219/13/234 221/15/234 238/85/234
f 238/29/235 221/86/235 218/10/235
f 212/300/236 220/301/236 223/18/236
f 223/88/237 219/13/237 213/7/237
f 227/25/238 230/304/238 237/306/238
f 237/306/239 230/304/239 226/303/239
f 227/25/240 240/38/240 242/40/240
f 242/90/241 239/307/241 225/302/241
f 248/49/242 233/305/242 235/32/242
f 235/92/243 232/27/243 246/310/243
f 241/308/244 244/309/244 251/247/244
f 251/247/245 244/309/245 240/38/245
f 241/308/246 254/54/246 256/56/246
f 256/323/247 253/312/247 239/307/247
f 247/311/248 249/48/248 266/94/248
f 266/61/249 249/95/249 246/310/249
f 255/313/250 258/314/250 265/317/250
f 265/317/251 258/314/251 254/54/251
f 268/319/252 270/72/252 259/96/252
f 259/53/253 270/97/253 267/318/253
f 261/316/254 263/64/254 280/98/254
f 263/324/255 260/315/255 274/320/255
f 269/73/256 272/74/256 279/322/256
f 279/322/257 272/74/257 268/319/257
f 269/73/258 212/300/258 214/6/258
f 273/69/259 214/100/259 211/299/259
f 275/321/260 277/80/260 224/101/260
f 277/102/261 274/320/261 218/10/261
f 267/318/262 211/299/262 225/302/262
f 225/302/262 239/307/262 253/312/262
f 219/13/263 234/33/263 226/303/263
f 269/73/264 275/321/264 220/301/264
f 246/310/265 232/27/265 218/10/265
f 218/10/265 274/320/265 260/315/265
f 233/305/266 248/49/266 240/38/266
f 247/311/267 262/65/267 254/54/267
f 255/313/268 261/316/268 276/81/268
f 281/325/5556 284/197/5556 285/104/5556
f 282/106/5557 286/185/5557 285/5/5557
f 283/326/5558 287/182/5558 285/109/5558
f 288/111/5559 291/348/5559 292/112/5559
f 289/327/5560 293/186/5560 292/14/5560
f 290/328/5561 294/198/5561 292/117/5561
f 295/329/5562 298/183/5562 299/120/5562
f 296/330/5563 300/26/5563 299/123/5563
f 297/331/5564 301/187/5564 299/123/5564
f 302/332/5565 305/189/5565 306/128/5565
f 303/333/5566 307/306/5566 306/131/5566
f 304/133/5567 308/184/5567 306/131/5567
f 309/334/5568 312/349/5568 313/136/5568
f 310/335/5569 314/42/5569 313/139/5569
f 311/141/5570 315/190/5570 313/139/5570
f 316/143/5571 319/350/5571 320/144/5571
f 317/336/5572 321/150/5572 320/147/5572
f 318/149/5573 322/188/5573 320/147/5573
f 323/337/5574 326/191/5574 327/152/5574
f 324/338/5575 328/340/5575 327/155/5575
f 325/339/5576 329/193/5576 327/155/5576
f 330/158/5577 333/195/5577 334/159/5577
f 331/341/5578 335/165/5578 334/162/5578
f 332/342/5579 336/192/5579 334/162/5579
f 337/166/5580 340/351/5580 341/167/5580
f 338/343/5581 342/173/5581 341/170/5581
f 339/344/5582 343/196/5582 341/170/5582
f 344/345/5583 347/199/5583 348/175/5583
f 345/177/5584 349/347/5584 348/178/5584
f 346/346/5585 350/194/5585 348/178/5585
f 296/330/299 298/124/299 287/182/299
f 298/183/300 295/329/300 281/325/300
f 289/327/301 291/115/301 308/184/301
f 291/348/302 288/111/302 302/332/302
f 282/106/303 290/328/303 293/118/303
f 293/186/304 289/327/304 283/326/304
f 297/331/305 300/26/305 307/306/305
f 307/306/306 300/26/306 296/330/306
f 310/335/307 312/140/307 301/187/307
f 312/349/308 309/334/308 295/329/308
f 303/333/309 305/132/309 322/188/309
f 322/145/310 305/189/310 302/332/310
f 311/141/311 314/42/311 321/150/311
f 321/150/312 314/42/312 310/335/312
f 311/141/313 324/338/313 326/156/313
f 326/191/314 323/337/314 309/334/314
f 317/336/315 319/148/315 336/192/315
f 319/350/316 316/143/316 330/158/316
f 325/339/317 328/340/317 335/165/317
f 335/165/318 328/340/318 324/338/318
f 338/343/319 340/171/319 329/193/319
f 340/351/320 337/166/320 323/337/320
f 346/346/321 331/341/321 333/163/321
f 333/195/322 330/158/322 344/345/322
f 339/344/323 342/173/323 349/347/323
f 349/347/324 342/173/324 338/343/324
f 282/106/325 284/107/325 343/196/325
f 343/168/326 284/197/326 281/325/326
f 345/177/327 347/179/327 294/198/327
f 347/199/328 344/345/328 288/111/328
f 337/166/329 281/325/329 295/329/329
f 295/329/329 309/334/329 323/337/329
f 289/327/330 304/133/330 296/330/330
f 339/344/331 345/177/331 290/328/331
f 316/143/332 302/332/332 288/111/332
f 288/111/332 344/345/332 330/158/332
f 303/333/333 318/149/333 310/335/333
f 317/336/334 332/342/334 324/338/334
f 325/339/335 331/341/335 346/346/335
f 351/200/5586 354/296/5586 355/201/5586
f 352/203/5587 356/283/5587 355/204/5587
f 353/206/5588 357/280/5588 355/207/5588
f 358/209/5589 361/352/5589 362/210/5589
f 359/212/5590 363/88/5590 362/14/5590
f 360/214/5591 364/297/5591 362/215/5591
f 365/216/5592 368/281/5592 369/217/5592
f 366/219/5593 370/223/5593 369/220/5593
f 367/222/5594 371/284/5594 369/220/5594
f 372/224/5595 375/287/5595 376/225/5595
f 373/227/5596 377/231/5596 376/228/5596
f 374/230/5597 378/282/5597 376/228/5597
f 379/232/5598 382/285/5598 383/233/5598
f 380/235/5599 384/239/5599 383/236/5599
f 381/238/5600 385/288/5600 383/236/5600
f 386/240/5601 389/291/5601 390/241/5601
f 387/243/5602 391/247/5602 390/244/5602
f 388/246/5603 392/286/5603 390/244/5603
f 393/248/5604 396/289/5604 397/249/5604
f 394/251/5605 398/255/5605 397/252/5605
f 395/254/5606 399/292/5606 397/252/5606
f 400/256/5607 403/294/5607 404/257/5607
f 401/259/5608 405/263/5608 404/260/5608
f 402/262/5609 406/290/5609 404/260/5609
f 407/264/5610 410/353/5610 411/265/5610
f 408/267/5611 412/271/5611 411/268/5611
f 409/270/5612 413/295/5612 411/268/5612
f 414/272/5613 417/298/5613 418/273/5613
f 415/275/5614 419/279/5614 418/276/5614
f 416/278/5615 420/293/5615 418/276/5615
f 366/219/366 368/221/366 357/280/366
f 368/281/367 365/216/367 351/200/367
f 374/230/368 359/212/368 361/213/368
f 361/352/369 358/209/369 372/224/369
f 352/203/370 360/214/370 363/118/370
f 363/88/371 359/212/371 353/206/371
f 367/222/372 370/223/372 377/231/372
f 377/231/373 370/223/373 366/219/373
f 380/235/374 382/237/374 371/284/374
f 371/218/375 382/285/375 379/232/375
f 373/227/376 375/229/376 392/286/376
f 375/287/377 372/224/377 386/240/377
f 381/238/378 384/239/378 391/247/378
f 391/247/379 384/239/379 380/235/379
f 381/238/380 394/251/380 396/253/380
f 396/289/381 393/248/381 379/232/381
f 402/262/382 387/243/382 389/245/382
f 406/258/383 389/291/383 386/240/383
f 395/254/384 398/255/384 405/263/384
f 405/263/385 398/255/385 394/251/385
f 408/267/386 410/269/386 399/292/386
f 410/353/387 407/264/387 393/248/387
f 416/278/388 401/259/388 403/261/388
f 420/274/389 403/294/389 400/256/389
f 409/270/390 412/271/390 419/279/390
f 419/279/391 412/271/391 408/267/391
f 409/270/392 352/203/392 354/205/392
f 354/296/393 351/200/393 407/264/393
f 415/275/394 417/277/394 364/297/394
f 364/211/395 417/298/395 414/272/395
f 407/264/396 351/200/396 365/216/396
f 365/216/396 379/232/396 393/248/396
f 359/212/397 374/230/397 366/219/397
f 415/275/398 360/214/398 352/203/398
f 386/240/399 372/224/399 358/209/399
f 358/209/399 414/272/399 400/256/399
f 367/222/400 373/227/400 388/246/400
f 387/243/401 402/262/401 394/251/401
f 401/259/402 416/278/402 408/267/402
f 421/299/5616 424/100/5616 425/2/5616
f 422/300/5617 426/87/5617 425/5/5617
f 423/7/5618 427/83/5618 425/8/5618
f 428/10/5619 431/86/5619 432/11/5619
f 429/13/5620 433/88/5620 432/14/5620
f 430/301/5621 434/101/5621 432/17/5621
f 435/302/5622 438/84/5622 439/20/5622
f 436/303/5623 440/304/5623 439/23/5623
f 437/25/5624 441/89/5624 439/23/5624
f 442/27/5625 445/92/5625 446/28/5625
f 443/305/5626 447/306/5626 446/31/5626
f 444/33/5627 448/85/5627 446/31/5627
f 449/307/5628 452/90/5628 453/36/5628
f 450/38/5629 454/309/5629 453/39/5629
f 451/308/5630 455/93/5630 453/39/5630
f 456/310/5631 459/95/5631 460/44/5631
f 457/311/5632 461/247/5632 460/47/5632
f 458/49/5633 462/91/5633 460/47/5633
f 463/312/5634 466/323/5634 467/52/5634
f 464/54/5635 468/314/5635 467/55/5635
f 465/313/5636 469/96/5636 467/55/5636
f 470/315/5637 473/324/5637 474/60/5637
f 471/316/5638 475/317/5638 474/63/5638
f 472/65/5639 476/94/5639 474/63/5639
f 477/354/5640 480/97/5640 481/68/5640
f 478/319/5641 482/74/5641 481/71/5641
f 479/73/5642 483/99/5642 481/71/5642
f 484/320/5643 487/102/5643 488/76/5643
f 485/321/5644 489/322/5644 488/79/5644
f 486/81/5645 490/98/5645 488/79/5645
f 423/7/433 436/303/433 438/24/433
f 438/84/434 435/302/434 421/299/434
f 429/13/435 431/15/435 448/85/435
f 431/86/436 428/10/436 442/27/436
f 422/300/437 430/301/437 433/18/437
f 433/88/438 429/13/438 423/7/438
f 437/25/439 440/304/439 447/306/439
f 447/306/440 440/304/440 436/303/440
f 450/38/441 452/40/441 441/89/441
f 452/90/442 449/307/442 435/302/442
f 458/49/443 443/305/443 445/32/443
f 445/92/5646 442/27/5646 456/310/5646
f 451/308/445 454/309/445 461/247/445
f 461/247/446 454/309/446 450/38/446
f 451/308/447 464/54/447 466/56/447
f 466/323/448 463/312/448 449/307/448
f 457/311/449 459/48/449 476/94/449
f 459/95/450 456/310/450 470/315/450
f 465/313/451 468/314/451 475/317/451
f 475/317/452 468/314/452 464/54/452
f 478/319/453 480/72/453 469/96/453
f 469/53/454 480/97/454 477/354/454
f 471/316/455 473/64/455 490/98/455
f 473/324/456 470/315/456 484/320/456
f 479/73/457 482/74/457 489/322/457
f 489/322/458 482/74/458 478/319/458
f 422/300/459 424/6/459 483/99/459
f 424/100/460 421/299/460 477/354/460
f 485/321/461 487/80/461 434/101/461
f 434/12/462 487/102/462 484/320/462
f 477/354/463 421/299/463 435/302/463
f 435/302/463 449/307/463 463/312/463
f 423/7/464 429/13/464 444/33/464
f 485/321/465 430/301/465 422/300/465
f 456/310/466 442/27/466 428/10/466
f 428/10/466 484/320/466 470/315/466
f 437/25/467 443/305/467 458/49/467
f 457/311/468 472/65/468 464/54/468
f 471/316/469 486/81/469 478/319/469
f 491/325/5647 494/197/5647 495/104/5647
f 492/106/5648 496/185/5648 495/5/5648
f 493/326/5649 497/182/5649 495/109/5649
f 498/111/5650 501/348/5650 502/112/5650
f 499/327/5651 503/186/5651 502/14/5651
f 500/328/5652 504/198/5652 502/117/5652
f 505/329/5653 508/183/5653 509/120/5653
f 506/330/5654 510/26/5654 509/123/5654
f 507/355/5655 511/187/5655 509/123/5655
f 512/332/5656 515/189/5656 516/128/5656
f 513/333/5657 517/306/5657 516/131/5657
f 514/133/5658 518/184/5658 516/131/5658
f 519/334/5659 522/349/5659 523/136/5659
f 520/335/5660 524/42/5660 523/139/5660
f 521/141/5661 525/190/5661 523/139/5661
f 526/143/5662 529/350/5662 530/144/5662
f 527/336/5663 531/150/5663 530/147/5663
f 528/149/5664 532/188/5664 530/147/5664
f 533/337/5665 536/191/5665 537/152/5665
f 534/338/5666 538/340/5666 537/155/5666
f 535/339/5667 539/193/5667 537/155/5667
f 540/158/5668 543/195/5668 544/159/5668
f 541/341/5669 545/165/5669 544/162/5669
f 542/342/5670 546/192/5670 544/162/5670
f 547/166/5671 550/351/5671 551/167/5671
f 548/343/5672 552/173/5672 551/170/5672
f 549/344/5673 553/196/5673 551/170/5673
f 554/345/5674 557/199/5674 558/175/5674
f 555/177/5675 559/347/5675 558/178/5675
f 556/346/5676 560/194/5676 558/178/5676
f 506/330/500 508/124/500 497/182/500
f 508/183/501 505/329/501 491/325/501
f 499/327/502 501/115/502 518/184/502
f 518/129/503 501/348/503 498/111/503
f 492/106/504 500/328/504 503/118/504
f 503/186/505 499/327/505 493/326/505
f 507/355/506 510/26/506 517/306/506
f 517/306/507 510/26/507 506/330/507
f 520/335/508 522/140/508 511/187/508
f 522/349/509 519/334/509 505/329/509
f 513/333/510 515/132/510 532/188/510
f 515/189/511 512/332/511 526/143/511
f 521/141/512 524/42/512 531/150/512
f 531/150/513 524/42/513 520/335/513
f 534/338/514 536/156/514 525/190/514
f 525/137/515 536/191/515 533/337/515
f 527/336/516 529/148/516 546/192/516
f 546/160/517 529/350/517 526/143/517
f 535/339/518 538/340/518 545/165/518
f 545/165/519 538/340/519 534/338/519
f 548/343/520 550/171/520 539/193/520
f 539/153/521 550/351/521 547/166/521
f 556/346/522 541/341/522 543/163/522
f 560/176/523 543/195/523 540/158/523
f 549/344/524 552/173/524 559/347/524
f 559/347/525 552/173/525 548/343/525
f 549/344/526 492/106/526 494/107/526
f 494/197/527 491/325/527 547/166/527
f 555/177/528 557/179/528 504/198/528
f 557/199/529 554/345/529 498/111/529
f 547/166/530 491/325/530 505/329/530
f 505/329/530 519/334/530 533/337/530
f 499/327/531 514/133/531 506/330/531
f 549/344/532 555/177/532 500/328/532
f 526/143/533 512/332/533 498/111/533
f 498/111/533 554/345/533 540/158/533
f 513/333/534 528/149/534 520/335/534
f 527/336/535 542/342/535 534/338/535
f 535/339/536 541/341/536 556/346/536
f 561/200/5677 564/296/5677 565/201/5677
f 562/203/5678 566/283/5678 565/204/5678
f 563/356/5679 567/280/5679 565/207/5679
f 568/209/5680 571/352/5680 572/210/5680
f 569/212/5681 573/88/5681 572/14/5681
f 570/214/5682 574/297/5682 572/215/5682
f 575/216/5683 578/281/5683 579/217/5683
f 576/219/5684 580/223/5684 579/220/5684
f 577/222/5685 581/284/5685 579/220/5685
f 582/224/5686 585/287/5686 586/225/5686
f 583/227/5687 587/231/5687 586/228/5687
f 584/230/5688 588/282/5688 586/228/5688
f 589/232/5689 592/285/5689 593/233/5689
f 590/235/5690 594/239/5690 593/236/5690
f 591/238/5691 595/288/5691 593/236/5691
f 596/240/5692 599/291/5692 600/241/5692
f 597/243/5693 601/247/5693 600/244/5693
f 598/246/5694 602/286/5694 600/244/5694
f 603/248/5695 606/289/5695 607/249/5695
f 604/251/5696 608/255/5696 607/252/5696
f 605/254/5697 609/292/5697 607/252/5697
f 610/256/5698 613/294/5698 614/257/5698
f 611/259/5699 615/263/5699 614/260/5699
f 612/262/5700 616/290/5700 614/260/5700
f 617/264/5701 620/353/5701 621/265/5701
f 618/267/5702 622/271/5702 621/268/5702
f 619/270/5703 623/295/5703 621/268/5703
f 624/272/5704 627/298/5704 628/273/5704
f 625/275/5705 629/279/5705 628/276/5705
f 626/278/5706 630/293/5706 628/276/5706
f 563/356/567 576/219/567 578/221/567
f 578/281/568 575/216/568 561/200/568
f 584/230/569 569/212/569 571/213/569
f 588/226/570 571/352/570 568/209/570
f 562/203/571 570/214/571 573/118/571
f 573/88/572 569/212/572 563/356/572
f 577/222/573 580/223/573 587/231/573
f 587/231/574 580/223/574 576/219/574
f 590/235/575 592/237/575 581/284/575
f 581/218/576 592/285/576 589/232/576
f 583/227/577 585/229/577 602/286/577
f 602/242/578 585/287/578 582/224/578
f 591/238/579 594/239/579 601/247/579
f 601/247/580 594/239/580 590/235/580
f 591/238/581 604/251/581 606/253/581
f 606/289/5707 603/248/5707 589/232/5707
f 612/262/583 597/243/583 599/245/583
f 616/258/584 599/291/584 596/240/584
f 605/254/585 608/255/585 615/263/585
f 615/263/586 608/255/586 604/251/586
f 618/267/587 620/269/587 609/292/587
f 620/353/588 617/264/588 603/248/588
f 611/259/589 613/261/589 630/293/589
f 613/294/590 610/256/590 624/272/590
f 619/270/591 622/271/591 629/279/591
f 629/279/592 622/271/592 618/267/592
f 619/270/593 562/203/593 564/205/593
f 564/296/594 561/200/594 617/264/594
f 570/214/595 625/275/595 627/277/595
f 574/211/596 627/298/596 624/272/596
f 617/264/597 561/200/597 575/216/597
f 575/216/597 589/232/597 603/248/597
f 569/212/598 584/230/598 576/219/598
f 625/275/599 570/214/599 562/203/599
f 596/240/600 582/224/600 568/209/600
f 568/209/600 624/272/600 610/256/600
f 577/222/5708 583/227/5708 598/246/5708
f 597/243/602 612/262/602 604/251/602
f 605/254/603 611/259/603 626/278/603
f 631/299/5709 634/100/5709 635/2/5709
f 632/300/5710 636/87/5710 635/5/5710
f 633/7/5711 637/83/5711 635/8/5711
f 638/10/5712 641/86/5712 642/11/5712
f 639/13/5713 643/88/5713 642/14/5713
f 640/301/5714 644/101/5714 642/17/5714
f 645/302/5715 648/84/5715 649/20/5715
f 646/303/5716 650/304/5716 649/23/5716
f 647/25/5717 651/89/5717 649/23/5717
f 652/27/5718 655/92/5718 656/28/5718
f 653/357/5719 657/306/5719 656/31/5719
f 654/33/5720 658/85/5720 656/31/5720
f 659/358/5721 662/90/5721 663/36/5721
f 660/38/5722 664/309/5722 663/39/5722
f 661/308/5723 665/93/5723 663/39/5723
f 666/310/5724 669/95/5724 670/44/5724
f 667/311/5725 671/247/5725 670/47/5725
f 668/359/5726 672/91/5726 670/47/5726
f 673/312/5727 676/323/5727 677/52/5727
f 674/54/5728 678/314/5728 677/55/5728
f 675/313/5729 679/96/5729 677/55/5729
f 680/315/5730 683/324/5730 684/60/5730
f 681/316/5731 685/317/5731 684/63/5731
f 682/65/5732 686/94/5732 684/63/5732
f 687/318/5733 690/97/5733 691/68/5733
f 688/319/5734 692/74/5734 691/71/5734
f 689/73/5735 693/99/5735 691/71/5735
f 694/320/5736 697/102/5736 698/76/5736
f 695/321/5737 699/322/5737 698/79/5737
f 696/81/5738 700/98/5738 698/79/5738
f 646/303/634 648/24/634 637/83/634
f 648/84/635 645/302/635 631/299/635
f 639/13/636 641/15/636 658/85/636
f 641/86/637 638/10/637 652/27/637
f 632/300/638 640/301/638 643/18/638
f 643/88/639 639/13/639 633/7/639
f 647/25/640 650/304/640 657/306/640
f 657/306/641 650/304/641 646/303/641
f 647/25/642 660/38/642 662/40/642
f 662/90/643 659/358/643 645/302/643
f 653/357/644 655/32/644 672/91/644
f 672/45/645 655/92/645 652/27/645
f 661/308/646 664/309/646 671/247/646
f 671/247/647 664/309/647 660/38/647
f 661/308/648 674/54/648 676/56/648
f 676/323/649 673/312/649 659/358/649
f 682/65/5739 667/311/5739 669/48/5739
f 669/95/5740 666/310/5740 680/315/5740
f 675/313/652 678/314/652 685/317/652
f 685/317/653 678/314/653 674/54/653
f 688/319/654 690/72/654 679/96/654
f 690/97/655 687/318/655 673/312/655
f 696/81/5741 681/316/5741 683/64/5741
f 700/77/657 683/324/657 680/315/657
f 689/73/658 692/74/658 699/322/658
f 699/322/659 692/74/659 688/319/659
f 689/73/660 632/300/660 634/6/660
f 693/69/661 634/100/661 631/299/661
f 695/321/662 697/80/662 644/101/662
f 697/102/663 694/320/663 638/10/663
f 687/318/664 631/299/664 645/302/664
f 645/302/664 659/358/664 673/312/664
f 639/13/665 654/33/665 646/303/665
f 695/321/666 640/301/666 632/300/666
f 666/310/667 652/27/667 638/10/667
f 638/10/667 694/320/667 680/315/667
f 653/357/668 668/359/668 660/38/668
f 661/308/669 667/311/669 682/65/669
f 681/316/670 696/81/670 688/319/670
f 701/325/5742 704/197/5742 705/104/5742
f 702/106/5743 706/185/5743 705/5/5743
f 703/108/5744 707/182/5744 705/109/5744
f 708/111/5745 711/348/5745 712/112/5745
f 709/114/5746 713/186/5746 712/14/5746
f 710/116/5747 714/198/5747 712/117/5747
f 715/119/5748 718/183/5748 719/120/5748
f 716/122/5749 720/126/5749 719/123/5749
f 717/125/5750 721/187/5750 719/123/5750
f 722/127/5751 725/189/5751 726/128/5751
f 723/130/5752 727/134/5752 726/131/5752
f 724/133/5753 728/184/5753 726/131/5753
f 729/135/5754 732/349/5754 733/136/5754
f 730/138/5755 734/142/5755 733/139/5755
f 731/360/5756 735/190/5756 733/139/5756
f 736/143/5757 739/350/5757 740/144/5757
f 737/146/5758 741/150/5758 740/147/5758
f 738/149/5759 742/188/5759 740/147/5759
f 743/151/5760 746/191/5760 747/152/5760
f 744/154/5761 748/58/5761 747/155/5761
f 745/361/5762 749/193/5762 747/155/5762
f 750/362/5763 753/195/5763 754/159/5763
f 751/363/5764 755/165/5764 754/162/5764
f 752/164/5765 756/192/5765 754/162/5765
f 757/364/5766 760/351/5766 761/167/5766
f 758/169/5767 762/173/5767 761/170/5767
f 759/365/5768 763/196/5768 761/170/5768
f 764/174/5769 767/199/5769 768/175/5769
f 765/177/5770 769/181/5770 768/178/5770
f 766/180/5771 770/194/5771 768/178/5771
f 703/108/701 716/122/701 718/124/701
f 718/183/702 715/119/702 701/325/702
f 724/133/703 709/114/703 711/115/703
f 711/348/704 708/111/704 722/127/704
f 702/106/705 710/116/705 713/118/705
f 713/186/706 709/114/706 703/108/706
f 717/125/707 720/126/707 727/134/707
f 727/134/708 720/126/708 716/122/708
f 730/138/709 732/140/709 721/187/709
f 732/349/710 729/135/710 715/119/710
f 723/130/711 725/132/711 742/188/711
f 742/145/712 725/189/712 722/127/712
f 731/360/713 734/142/713 741/150/713
f 741/150/714 734/142/714 730/138/714
f 731/360/715 744/154/715 746/156/715
f 746/191/716 743/151/716 729/135/716
f 737/146/717 739/148/717 756/192/717
f 739/350/718 736/143/718 750/362/718
f 745/361/719 748/58/719 755/165/719
f 755/165/720 748/58/720 744/154/720
f 758/169/721 760/171/721 749/193/721
f 760/351/722 757/364/722 743/151/722
f 766/180/723 751/363/723 753/163/723
f 770/176/724 753/195/724 750/362/724
f 759/365/5772 762/173/5772 769/181/5772
f 769/181/726 762/173/726 758/169/726
f 759/365/727 702/106/727 704/107/727
f 704/197/728 701/325/728 757/364/728
f 765/177/729 767/179/729 714/198/729
f 767/199/730 764/174/730 708/111/730
f 757/364/731 701/325/731 715/119/731
f 715/119/731 729/135/731 743/151/731
f 709/114/732 724/133/732 716/122/732
f 765/177/733 710/116/733 702/106/733
f 736/143/734 722/127/734 708/111/734
f 708/111/734 764/174/734 750/362/734
f 723/130/735 738/149/735 730/138/735
f 737/146/736 752/164/736 744/154/736
f 751/363/737 766/180/737 758/169/737
f 771/200/5773 774/296/5773 775/201/5773
f 772/366/5774 776/283/5774 775/204/5774
f 773/367/5775 777/280/5775 775/207/5775
f 778/368/5776 781/352/5776 782/210/5776
f 779/212/5777 783/88/5777 782/14/5777
f 780/369/5778 784/297/5778 782/215/5778
f 785/370/5779 788/281/5779 789/217/5779
f 786/371/5780 790/372/5780 789/220/5780
f 787/222/5781 791/284/5781 789/220/5781
f 792/224/5782 795/287/5782 796/225/5782
f 793/373/5783 797/374/5783 796/228/5783
f 794/230/5784 798/282/5784 796/228/5784
f 799/232/5785 802/285/5785 803/233/5785
f 800/375/5786 804/376/5786 803/236/5786
f 801/238/5787 805/288/5787 803/236/5787
f 806/377/5788 809/291/5788 810/241/5788
f 807/243/5789 811/378/5789 810/244/5789
f 808/246/5790 812/286/5790 810/244/5790
f 813/248/5791 816/289/5791 817/249/5791
f 814/251/5792 818/340/5792 817/252/5792
f 815/379/5793 819/292/5793 817/252/5793
f 820/256/5794 823/294/5794 824/257/5794
f 821/380/5795 825/381/5795 824/260/5795
f 822/262/5796 826/290/5796 824/260/5796
f 827/382/5797 830/353/5797 831/265/5797
f 828/383/5798 832/173/5798 831/268/5798
f 829/384/5799 833/295/5799 831/268/5799
f 834/272/5800 837/298/5800 838/273/5800
f 835/385/5801 839/82/5801 838/276/5801
f 836/386/5802 840/293/5802 838/276/5802
f 773/367/768 786/371/768 788/221/768
f 777/202/769 788/281/769 785/370/769
f 779/212/770 781/213/770 798/282/770
f 781/352/771 778/368/771 792/224/771
f 772/366/772 780/369/772 783/118/772
f 783/88/773 779/212/773 773/367/773
f 787/222/774 790/372/774 797/374/774
f 797/374/775 790/372/775 786/371/775
f 800/375/776 802/237/776 791/284/776
f 802/285/777 799/232/777 785/370/777
f 808/246/778 793/373/778 795/229/778
f 812/242/779 795/287/779 792/224/779
f 801/238/5803 804/376/5803 811/378/5803
f 811/378/781 804/376/781 800/375/781
f 801/238/782 814/251/782 816/253/782
f 816/289/5804 813/248/5804 799/232/5804
f 822/262/784 807/243/784 809/245/784
f 826/258/785 809/291/785 806/377/785
f 815/379/786 818/340/786 825/381/786
f 825/381/787 818/340/787 814/251/787
f 828/383/788 830/269/788 819/292/788
f 819/250/789 830/353/789 827/382/789
f 821/380/790 823/261/790 840/293/790
f 823/294/791 820/256/791 834/272/791
f 829/384/792 832/173/792 839/82/792
f 839/82/793 832/173/793 828/383/793
f 829/384/794 772/366/794 774/205/794
f 774/296/795 771/200/795 827/382/795
f 835/385/796 837/277/796 784/297/796
f 837/298/797 834/272/797 778/368/797
f 827/382/798 771/200/798 785/370/798
f 785/370/798 799/232/798 813/248/798
f 773/367/799 779/212/799 794/230/799
f 835/385/800 780/369/800 772/366/800
f 806/377/801 792/224/801 778/368/801
f 778/368/801 834/272/801 820/256/801
f 793/373/802 808/246/802 800/375/802
f 807/243/803 822/262/803 814/251/803
f 815/379/804 821/380/804 836/386/804
f 841/299/5805 844/100/5805 845/2/5805
f 842/300/5806 846/87/5806 845/5/5806
f 843/7/5807 847/83/5807 845/8/5807
f 848/10/5808 851/86/5808 852/11/5808
f 849/13/5809 853/88/5809 852/14/5809
f 850/301/5810 854/101/5810 852/17/5810
f 855/302/5811 858/84/5811 859/20/5811
f 856/303/5812 860/304/5812 859/23/5812
f 857/25/5813 861/89/5813 859/23/5813
f 862/27/5814 865/92/5814 866/28/5814
f 863/357/5815 867/306/5815 866/31/5815
f 864/33/5816 868/85/5816 866/31/5816
f 869/358/5817 872/90/5817 873/36/5817
f 870/38/5818 874/309/5818 873/39/5818
f 871/308/5819 875/93/5819 873/39/5819
f 876/310/5820 879/95/5820 880/44/5820
f 877/311/5821 881/247/5821 880/47/5821
f 878/359/5822 882/91/5822 880/47/5822
f 883/312/5823 886/323/5823 887/52/5823
f 884/54/5824 888/314/5824 887/55/5824
f 885/57/5825 889/96/5825 887/55/5825
f 890/315/5826 893/324/5826 894/60/5826
f 891/316/5827 895/317/5827 894/63/5827
f 892/65/5828 896/94/5828 894/63/5828
f 897/318/5829 900/97/5829 901/68/5829
f 898/319/5830 902/74/5830 901/71/5830
f 899/73/5831 903/99/5831 901/71/5831
f 904/320/5832 907/102/5832 908/76/5832
f 905/321/5833 909/322/5833 908/79/5833
f 906/81/5834 910/98/5834 908/79/5834
f 856/303/835 858/24/835 847/83/835
f 847/3/836 858/84/836 855/302/836
f 849/13/837 851/15/837 868/85/837
f 851/86/838 848/10/838 862/27/838
f 842/300/839 850/301/839 853/18/839
f 853/88/840 849/13/840 843/7/840
f 857/25/841 860/304/841 867/306/841
f 867/306/842 860/304/842 856/303/842
f 857/25/843 870/38/843 872/40/843
f 872/90/844 869/358/844 855/302/844
f 878/359/845 863/357/845 865/32/845
f 865/92/846 862/27/846 876/310/846
f 871/308/847 874/309/847 881/247/847
f 881/247/848 874/309/848 870/38/848
f 884/54/849 886/56/849 875/93/849
f 886/323/850 883/312/850 869/358/850
f 892/65/851 877/311/851 879/48/851
f 879/95/852 876/310/852 890/315/852
f 885/57/853 888/314/853 895/317/853
f 895/317/854 888/314/854 884/54/854
f 898/319/855 900/72/855 889/96/855
f 889/53/856 900/97/856 897/318/856
f 891/316/857 893/64/857 910/98/857
f 893/324/858 890/315/858 904/320/858
f 899/73/859 902/74/859 909/322/859
f 909/322/860 902/74/860 898/319/860
f 842/300/861 844/6/861 903/99/861
f 844/100/862 841/299/862 897/318/862
f 850/301/863 905/321/863 907/80/863
f 907/102/864 904/320/864 848/10/864
f 897/318/865 841/299/865 855/302/865
f 855/302/865 869/358/865 883/312/865
f 849/13/866 864/33/866 856/303/866
f 905/321/867 850/301/867 842/300/867
f 876/310/868 862/27/868 848/10/868
f 848/10/868 904/320/868 890/315/868
f 857/25/869 863/357/869 878/359/869
f 871/308/870 877/311/870 892/65/870
f 891/316/871 906/81/871 898/319/871
f 911/325/5835 914/197/5835 915/104/5835
f 912/106/5836 916/185/5836 915/5/5836
f 913/326/5837 917/182/5837 915/109/5837
f 918/111/5838 921/348/5838 922/112/5838
f 919/327/5839 923/186/5839 922/14/5839
f 920/328/5840 924/198/5840 922/117/5840
f 925/329/5841 928/183/5841 929/120/5841
f 926/330/5842 930/26/5842 929/123/5842
f 927/355/5843 931/187/5843 929/123/5843
f 932/332/5844 935/189/5844 936/128/5844
f 933/333/5845 937/306/5845 936/131/5845
f 934/133/5846 938/184/5846 936/131/5846
f 939/334/5847 942/349/5847 943/136/5847
f 940/335/5848 944/42/5848 943/139/5848
f 941/141/5849 945/190/5849 943/139/5849
f 946/143/5850 949/350/5850 950/144/5850
f 947/336/5851 951/150/5851 950/147/5851
f 948/149/5852 952/188/5852 950/147/5852
f 953/151/5853 956/191/5853 957/152/5853
f 954/338/5854 958/340/5854 957/155/5854
f 955/339/5855 959/193/5855 957/155/5855
f 960/158/5856 963/195/5856 964/159/5856
f 961/341/5857 965/165/5857 964/162/5857
f 962/342/5858 966/192/5858 964/162/5858
f 967/166/5859 970/351/5859 971/167/5859
f 968/343/5860 972/173/5860 971/170/5860
f 969/344/5861 973/196/5861 971/170/5861
f 974/345/5862 977/199/5862 978/175/5862
f 975/177/5863 979/347/5863 978/178/5863
f 976/346/5864 980/194/5864 978/178/5864
f 926/330/902 928/124/902 917/182/902
f 917/105/903 928/183/903 925/329/903
f 919/327/904 921/115/904 938/184/904
f 938/129/905 921/348/905 918/111/905
f 912/106/906 920/328/906 923/118/906
f 923/186/907 919/327/907 913/326/907
f 927/355/908 930/26/908 937/306/908
f 937/306/909 930/26/909 926/330/909
f 940/335/910 942/140/910 931/187/910
f 931/121/911 942/349/911 939/334/911
f 948/149/912 933/333/912 935/132/912
f 935/189/913 932/332/913 946/143/913
f 941/141/914 944/42/914 951/150/914
f 951/150/915 944/42/915 940/335/915
f 941/141/916 954/338/916 956/156/916
f 956/191/917 953/151/917 939/334/917
f 947/336/918 949/148/918 966/192/918
f 949/350/919 946/143/919 960/158/919
f 955/339/920 958/340/920 965/165/920
f 965/165/921 958/340/921 954/338/921
f 968/343/922 970/171/922 959/193/922
f 970/351/923 967/166/923 953/151/923
f 976/346/924 961/341/924 963/163/924
f 980/176/925 963/195/925 960/158/925
f 969/344/926 972/173/926 979/347/926
f 979/347/927 972/173/927 968/343/927
f 912/106/928 914/107/928 973/196/928
f 973/168/929 914/197/929 911/325/929
f 975/177/930 977/179/930 924/198/930
f 924/113/931 977/199/931 974/345/931
f 967/166/932 911/325/932 925/329/932
f 925/329/932 939/334/932 953/151/932
f 919/327/933 934/133/933 926/330/933
f 975/177/934 920/328/934 912/106/934
f 946/143/935 932/332/935 918/111/935
f 918/111/935 974/345/935 960/158/935
f 933/333/936 948/149/936 940/335/936
f 947/336/937 962/342/937 954/338/937
f 961/341/938 976/346/938 968/343/938
f 981/200/5865 984/296/5865 985/201/5865
f 982/387/5866 986/283/5866 985/204/5866
f 983/367/5867 987/280/5867 985/207/5867
f 988/368/5868 991/352/5868 992/210/5868
f 989/212/5869 993/88/5869 992/14/5869
f 990/369/5870 994/297/5870 992/215/5870
f 995/370/5871 998/281/5871 999/217/5871
f 996/371/5872 1000/372/5872 999/220/5872
f 997/222/5873 1001/284/5873 999/220/5873
f 1002/224/5874 1005/287/5874 1006/225/5874
f 1003/227/5875 1007/374/5875 1006/228/5875
f 1004/230/5876 1008/282/5876 1006/228/5876
f 1009/232/5877 1012/285/5877 1013/233/5877
f 1010/375/5878 1014/376/5878 1013/236/5878
f 1011/238/5879 1015/288/5879 1013/236/5879
f 1016/377/5880 1019/291/5880 1020/241/5880
f 1017/243/5881 1021/378/5881 1020/244/5881
f 1018/246/5882 1022/286/5882 1020/244/5882
f 1023/248/5883 1026/289/5883 1027/249/5883
f 1024/251/5884 1028/340/5884 1027/252/5884
f 1025/379/5885 1029/292/5885 1027/252/5885
f 1030/256/5886 1033/294/5886 1034/257/5886
f 1031/380/5887 1035/381/5887 1034/260/5887
f 1032/262/5888 1036/290/5888 1034/260/5888
f 1037/382/5889 1040/353/5889 1041/265/5889
f 1038/388/5890 1042/173/5890 1041/268/5890
f 1039/384/5891 1043/295/5891 1041/268/5891
f 1044/272/5892 1047/298/5892 1048/273/5892
f 1045/389/5893 1049/82/5893 1048/276/5893
f 1046/386/5894 1050/293/5894 1048/276/5894
f 996/371/969 998/221/969 987/280/969
f 998/281/970 995/370/970 981/200/970
f 1004/230/971 989/212/971 991/213/971
f 991/352/972 988/368/972 1002/224/972
f 982/387/973 990/369/973 993/118/973
f 993/88/974 989/212/974 983/367/974
f 997/222/975 1000/372/975 1007/374/975
f 1007/374/976 1000/372/976 996/371/976
f 1010/375/977 1012/237/977 1001/284/977
f 1012/285/978 1009/232/978 995/370/978
f 1003/227/979 1005/229/979 1022/286/979
f 1005/287/5895 1002/224/5895 1016/377/5895
f 1011/238/981 1014/376/981 1021/378/981
f 1021/378/982 1014/376/982 1010/375/982
f 1011/238/983 1024/251/983 1026/253/983
f 1015/234/984 1026/289/984 1023/248/984
f 1032/262/5896 1017/243/5896 1019/245/5896
f 1036/258/986 1019/291/986 1016/377/986
f 1025/379/987 1028/340/987 1035/381/987
f 1035/381/988 1028/340/988 1024/251/988
f 1038/388/989 1040/269/989 1029/292/989
f 1029/250/990 1040/353/990 1037/382/990
f 1031/380/991 1033/261/991 1050/293/991
f 1033/294/992 1030/256/992 1044/272/992
f 1039/384/993 1042/173/993 1049/82/993
f 1049/82/994 1042/173/994 1038/388/994
f 982/387/995 984/205/995 1043/295/995
f 984/296/996 981/200/996 1037/382/996
f 990/369/997 1045/389/997 1047/277/997
f 1047/298/998 1044/272/998 988/368/998
f 1037/382/999 981/200/999 995/370/999
f 995/370/999 1009/232/999 1023/248/999
f 989/212/1000 1004/230/1000 996/371/1000
f 1039/384/1001 1045/389/1001 990/369/1001
f 1016/377/1002 1002/224/1002 988/368/1002
f 988/368/5897 1044/272/5897 1030/256/5897
f 1003/227/1003 1018/246/1003 1010/375/1003
f 1017/243/5898 1032/262/5898 1024/251/5898
f 1025/379/1005 1031/380/1005 1046/386/1005
f 1051/390/5899 1054/710/5899 1055/391/5899
f 1052/393/5900 1056/475/5900 1055/394/5900
f 1053/396/5901 1057/472/5901 1055/397/5901
f 1058/399/5902 1061/474/5902 1062/400/5902
f 1059/402/5903 1063/476/5903 1062/403/5903
f 1060/405/5904 1064/488/5904 1062/406/5904
f 1065/408/5905 1068/708/5905 1069/409/5905
f 1066/411/5906 1070/415/5906 1069/412/5906
f 1067/414/5907 1071/477/5907 1069/412/5907
f 1072/416/5908 1075/480/5908 1076/417/5908
f 1073/419/5909 1077/423/5909 1076/420/5909
f 1074/422/5910 1078/473/5910 1076/420/5910
f 1079/424/5911 1082/478/5911 1083/425/5911
f 1080/427/5912 1084/431/5912 1083/428/5912
f 1081/430/5913 1085/481/5913 1083/428/5913
f 1086/432/5914 1089/3071/5914 1090/433/5914
f 1087/435/5915 1091/439/5915 1090/436/5915
f 1088/438/5916 1092/479/5916 1090/436/5916
f 1093/440/5917 1096/709/5917 1097/441/5917
f 1094/443/5918 1098/447/5918 1097/444/5918
f 1095/446/5919 1099/483/5919 1097/444/5919
f 1100/448/5920 1103/486/5920 1104/449/5920
f 1101/451/5921 1105/455/5921 1104/452/5921
f 1102/454/5922 1106/482/5922 1104/452/5922
f 1107/456/5923 1110/484/5923 1111/457/5923
f 1108/459/5924 1112/463/5924 1111/460/5924
f 1109/462/5925 1113/487/5925 1111/460/5925
f 1114/464/5926 1117/711/5926 1118/465/5926
f 1115/467/5927 1119/471/5927 1118/468/5927
f 1116/470/5928 1120/485/5928 1118/468/5928
f 1066/411/1036 1068/413/1036 1057/472/1036
f 1057/392/1037 1068/708/1037 1065/408/1037
f 1059/402/1038 1061/404/1038 1078/473/1038
f 1061/474/1039 1058/399/1039 1072/416/1039
f 1052/393/1040 1060/405/1040 1063/407/1040
f 1063/476/1041 1059/402/1041 1053/396/1041
f 1067/414/1042 1070/415/1042 1077/423/1042
f 1077/423/1043 1070/415/1043 1066/411/1043
f 1080/427/1044 1082/429/1044 1071/477/1044
f 1082/478/1045 1079/424/1045 1065/408/1045
f 1088/438/1046 1073/419/1046 1075/421/1046
f 1075/480/1047 1072/416/1047 1086/432/1047
f 1081/430/1048 1084/431/1048 1091/439/1048
f 1091/439/1049 1084/431/1049 1080/427/1049
f 1081/430/1050 1094/443/1050 1096/445/1050
f 1085/426/1051 1096/709/1051 1093/440/1051
f 1102/454/1052 1087/435/1052 1089/437/1052
f 1106/450/1053 1089/3071/1053 1086/432/1053
f 1095/446/1054 1098/447/1054 1105/455/1054
f 1105/455/1055 1098/447/1055 1094/443/1055
f 1095/446/1056 1108/459/1056 1110/461/1056
f 1110/484/1057 1107/456/1057 1093/440/1057
f 1116/470/1058 1101/451/1058 1103/453/1058
f 1103/486/1059 1100/448/1059 1114/464/1059
f 1109/462/1060 1112/463/1060 1119/471/1060
f 1119/471/1061 1112/463/1061 1108/459/1061
f 1052/393/1062 1054/395/1062 1113/487/1062
f 1113/458/1063 1054/710/1063 1051/390/1063
f 1115/467/1064 1117/469/1064 1064/488/1064
f 1064/401/1065 1117/711/1065 1114/464/1065
f 1107/456/1066 1051/390/1066 1065/408/1066
f 1065/408/1066 1079/424/1066 1093/440/1066
f 1059/402/1067 1074/422/1067 1066/411/1067
f 1115/467/1068 1060/405/1068 1052/393/1068
f 1086/432/1069 1072/416/1069 1058/399/1069
f 1058/399/1069 1114/464/1069 1100/448/1069
f 1073/419/1070 1088/438/1070 1080/427/1070
f 1087/435/1071 1102/454/1071 1094/443/1071
f 1101/451/1072 1116/470/1072 1108/459/1072
f 1121/489/5929 1124/579/5929 1125/490/5929
f 1122/492/5930 1126/566/5930 1125/394/5930
f 1123/494/5931 1127/563/5931 1125/495/5931
f 1128/496/5932 1131/565/5932 1132/497/5932
f 1129/499/5933 1133/567/5933 1132/403/5933
f 1130/501/5934 1134/580/5934 1132/502/5934
f 1135/504/5935 1138/715/5935 1139/505/5935
f 1136/507/5936 1140/511/5936 1139/508/5936
f 1137/510/5937 1141/568/5937 1139/508/5937
f 1142/512/5938 1145/570/5938 1146/513/5938
f 1143/515/5939 1147/423/5939 1146/516/5939
f 1144/518/5940 1148/564/5940 1146/516/5940
f 1149/519/5941 1152/3072/5941 1153/520/5941
f 1150/522/5942 1154/431/5942 1153/523/5942
f 1151/525/5943 1155/571/5943 1153/523/5943
f 1156/526/5944 1159/574/5944 1160/527/5944
f 1157/529/5945 1161/533/5945 1160/530/5945
f 1158/532/5946 1162/569/5946 1160/530/5946
f 1163/534/5947 1166/572/5947 1167/535/5947
f 1164/537/5948 1168/447/5948 1167/538/5948
f 1165/540/5949 1169/575/5949 1167/538/5949
f 1170/541/5950 1173/577/5950 1174/542/5950
f 1171/544/5951 1175/455/5951 1174/545/5951
f 1172/547/5952 1176/573/5952 1174/545/5952
f 1177/548/5953 1180/3073/5953 1181/549/5953
f 1178/551/5954 1182/463/5954 1181/552/5954
f 1179/554/5955 1183/578/5955 1181/552/5955
f 1184/555/5956 1187/581/5956 1188/556/5956
f 1185/558/5957 1189/562/5957 1188/559/5957
f 1186/561/5958 1190/576/5958 1188/559/5958
f 1123/494/1103 1136/507/1103 1138/509/1103
f 1127/491/1104 1138/715/1104 1135/504/1104
f 1129/499/1105 1131/500/1105 1148/564/1105
f 1131/565/1106 1128/496/1106 1142/512/1106
f 1122/492/1107 1130/501/1107 1133/503/1107
f 1133/567/1108 1129/499/1108 1123/494/1108
f 1137/510/1109 1140/511/1109 1147/423/1109
f 1147/423/1110 1140/511/1110 1136/507/1110
f 1137/510/1111 1150/522/1111 1152/524/1111
f 1141/506/1112 1152/3072/1112 1149/519/1112
f 1143/515/1113 1145/517/1113 1162/569/1113
f 1145/570/1114 1142/512/1114 1156/526/1114
f 1151/525/1115 1154/431/1115 1161/533/1115
f 1161/533/1116 1154/431/1116 1150/522/1116
f 1151/525/1117 1164/537/1117 1166/539/1117
f 1166/572/1118 1163/534/1118 1149/519/1118
f 1172/547/1119 1157/529/1119 1159/531/1119
f 1159/574/1120 1156/526/1120 1170/541/1120
f 1165/540/1121 1168/447/1121 1175/455/1121
f 1175/455/5959 1168/447/5959 1164/537/5959
f 1178/551/1123 1180/553/1123 1169/575/1123
f 1169/536/1124 1180/3073/1124 1177/548/1124
f 1171/544/1125 1173/546/1125 1190/576/1125
f 1173/577/1126 1170/541/1126 1184/555/1126
f 1179/554/1127 1182/463/1127 1189/562/1127
f 1189/562/1128 1182/463/1128 1178/551/1128
f 1122/492/1129 1124/493/1129 1183/578/1129
f 1124/579/1130 1121/489/1130 1177/548/1130
f 1185/558/1131 1187/560/1131 1134/580/1131
f 1187/581/1132 1184/555/1132 1128/496/1132
f 1177/548/1133 1121/489/1133 1135/504/1133
f 1135/504/1133 1149/519/1133 1163/534/1133
f 1129/499/1134 1144/518/1134 1136/507/1134
f 1179/554/1135 1185/558/1135 1130/501/1135
f 1156/526/1136 1142/512/1136 1128/496/1136
f 1128/496/1136 1184/555/1136 1170/541/1136
f 1143/515/1137 1158/532/1137 1150/522/1137
f 1151/525/1138 1157/529/1138 1172/547/1138
f 1171/544/1139 1186/561/1139 1178/551/1139
f 1191/582/5960 1194/672/5960 1195/583/5960
f 1192/585/5961 1196/475/5961 1195/394/5961
f 1193/587/5962 1197/658/5962 1195/588/5962
f 1198/590/5963 1201/661/5963 1202/591/5963
f 1199/593/5964 1203/476/5964 1202/403/5964
f 1200/595/5965 1204/673/5965 1202/596/5965
f 1205/597/5966 1208/659/5966 1209/598/5966
f 1206/600/5967 1210/604/5967 1209/601/5967
f 1207/603/5968 1211/662/5968 1209/601/5968
f 1212/605/5969 1215/664/5969 1216/606/5969
f 1213/608/5970 1217/612/5970 1216/609/5970
f 1214/611/5971 1218/660/5971 1216/609/5971
f 1219/613/5972 1222/738/5972 1223/614/5972
f 1220/616/5973 1224/431/5973 1223/617/5973
f 1221/619/5974 1225/665/5974 1223/617/5974
f 1226/620/5975 1229/739/5975 1230/621/5975
f 1227/623/5976 1231/627/5976 1230/624/5976
f 1228/626/5977 1232/663/5977 1230/624/5977
f 1233/628/5978 1236/666/5978 1237/629/5978
f 1234/631/5979 1238/447/5979 1237/632/5979
f 1235/634/5980 1239/668/5980 1237/632/5980
f 1240/635/5981 1243/740/5981 1244/636/5981
f 1241/638/5982 1245/642/5982 1244/639/5982
f 1242/641/5983 1246/667/5983 1244/639/5983
f 1247/643/5984 1250/669/5984 1251/644/5984
f 1248/646/5985 1252/650/5985 1251/647/5985
f 1249/649/5986 1253/671/5986 1251/647/5986
f 1254/651/5987 1257/741/5987 1258/652/5987
f 1255/654/5988 1259/471/5988 1258/655/5988
f 1256/657/5989 1260/670/5989 1258/655/5989
f 1193/587/1170 1206/600/1170 1208/602/1170
f 1208/659/1171 1205/597/1171 1191/582/1171
f 1199/593/1172 1201/594/1172 1218/660/1172
f 1201/661/1173 1198/590/1173 1212/605/1173
f 1192/585/1174 1200/595/1174 1203/407/1174
f 1203/476/1175 1199/593/1175 1193/587/1175
f 1207/603/1176 1210/604/1176 1217/612/1176
f 1217/612/1177 1210/604/1177 1206/600/1177
f 1207/603/1178 1220/616/1178 1222/618/1178
f 1211/599/1179 1222/738/1179 1219/613/1179
f 1228/626/1180 1213/608/1180 1215/610/1180
f 1215/664/1181 1212/605/1181 1226/620/1181
f 1221/619/1182 1224/431/1182 1231/627/1182
f 1231/627/1183 1224/431/1183 1220/616/1183
f 1234/631/1184 1236/633/1184 1225/665/1184
f 1236/666/1185 1233/628/1185 1219/613/1185
f 1227/623/1186 1229/625/1186 1246/667/1186
f 1246/637/1187 1229/739/1187 1226/620/1187
f 1235/634/1188 1238/447/1188 1245/642/1188
f 1245/642/1189 1238/447/1189 1234/631/1189
f 1248/646/1190 1250/648/1190 1239/668/1190
f 1250/669/1191 1247/643/1191 1233/628/1191
f 1241/638/1192 1243/640/1192 1260/670/1192
f 1260/653/1193 1243/740/1193 1240/635/1193
f 1249/649/1194 1252/650/1194 1259/471/1194
f 1259/471/1195 1252/650/1195 1248/646/1195
f 1249/649/1196 1192/585/1196 1194/586/1196
f 1194/672/1197 1191/582/1197 1247/643/1197
f 1200/595/1198 1255/654/1198 1257/656/1198
f 1204/592/1199 1257/741/1199 1254/651/1199
f 1247/643/1200 1191/582/1200 1205/597/1200
f 1205/597/1200 1219/613/1200 1233/628/1200
f 1193/587/1201 1199/593/1201 1214/611/1201
f 1255/654/1202 1200/595/1202 1192/585/1202
f 1226/620/1203 1212/605/1203 1198/590/1203
f 1198/590/1203 1254/651/1203 1240/635/1203
f 1213/608/1204 1228/626/1204 1220/616/1204
f 1221/619/1205 1227/623/1205 1242/641/1205
f 1235/634/1206 1241/638/1206 1256/657/1206
f 1261/299/5990 1264/100/5990 1265/2/5990
f 1262/300/5991 1266/87/5991 1265/5/5991
f 1263/7/5992 1267/83/5992 1265/8/5992
f 1268/10/5993 1271/86/5993 1272/11/5993
f 1269/13/5994 1273/88/5994 1272/14/5994
f 1270/301/5995 1274/101/5995 1272/17/5995
f 1275/19/5996 1278/84/5996 1279/20/5996
f 1276/303/5997 1280/304/5997 1279/23/5997
f 1277/25/5998 1281/89/5998 1279/23/5998
f 1282/27/5999 1285/92/5999 1286/28/5999
f 1283/357/6000 1287/306/6000 1286/31/6000
f 1284/33/6001 1288/85/6001 1286/31/6001
f 1289/358/6002 1292/90/6002 1293/36/6002
f 1290/38/6003 1294/309/6003 1293/39/6003
f 1291/674/6004 1295/93/6004 1293/39/6004
f 1296/310/6005 1299/95/6005 1300/44/6005
f 1297/311/6006 1301/247/6006 1300/47/6006
f 1298/359/6007 1302/91/6007 1300/47/6007
f 1303/312/6008 1306/323/6008 1307/52/6008
f 1304/54/6009 1308/314/6009 1307/55/6009
f 1305/675/6010 1309/96/6010 1307/55/6010
f 1310/315/6011 1313/324/6011 1314/60/6011
f 1311/62/6012 1315/317/6012 1314/63/6012
f 1312/65/6013 1316/94/6013 1314/63/6013
f 1317/354/6014 1320/97/6014 1321/68/6014
f 1318/319/6015 1322/74/6015 1321/71/6015
f 1319/73/6016 1323/99/6016 1321/71/6016
f 1324/320/6017 1327/102/6017 1328/76/6017
f 1325/676/6018 1329/322/6018 1328/79/6018
f 1326/81/6019 1330/98/6019 1328/79/6019
f 1276/303/1237 1278/24/1237 1267/83/1237
f 1278/84/1238 1275/19/1238 1261/299/1238
f 1269/13/1239 1271/15/1239 1288/85/1239
f 1288/29/1240 1271/86/1240 1268/10/1240
f 1262/300/1241 1270/301/1241 1273/18/1241
f 1273/88/1242 1269/13/1242 1263/7/1242
f 1277/25/1243 1280/304/1243 1287/306/1243
f 1287/306/1244 1280/304/1244 1276/303/1244
f 1290/38/1245 1292/40/1245 1281/89/1245
f 1292/90/1246 1289/358/1246 1275/19/1246
f 1298/359/1247 1283/357/1247 1285/32/1247
f 1285/92/1248 1282/27/1248 1296/310/1248
f 1291/674/1249 1294/309/1249 1301/247/1249
f 1301/247/1250 1294/309/1250 1290/38/1250
f 1291/674/1251 1304/54/1251 1306/56/1251
f 1306/323/1252 1303/312/1252 1289/358/1252
f 1297/311/1253 1299/48/1253 1316/94/1253
f 1316/61/1254 1299/95/1254 1296/310/1254
f 1305/675/1255 1308/314/1255 1315/317/1255
f 1315/317/1256 1308/314/1256 1304/54/1256
f 1305/675/1257 1318/319/1257 1320/72/1257
f 1320/97/1258 1317/354/1258 1303/312/1258
f 1311/62/1259 1313/64/1259 1330/98/1259
f 1330/77/1260 1313/324/1260 1310/315/1260
f 1319/73/1261 1322/74/1261 1329/322/1261
f 1329/322/1262 1322/74/1262 1318/319/1262
f 1262/300/1263 1264/6/1263 1323/99/1263
f 1264/100/1264 1261/299/1264 1317/354/1264
f 1325/676/1265 1327/80/1265 1274/101/1265
f 1274/12/1266 1327/102/1266 1324/320/1266
f 1317/354/1267 1261/299/1267 1275/19/1267
f 1275/19/1267 1289/358/1267 1303/312/1267
f 1269/13/1268 1284/33/1268 1276/303/1268
f 1319/73/1269 1325/676/1269 1270/301/1269
f 1296/310/1270 1282/27/1270 1268/10/1270
f 1268/10/6020 1324/320/6020 1310/315/6020
f 1277/25/1271 1283/357/1271 1298/359/1271
f 1297/311/1272 1312/65/1272 1304/54/1272
f 1305/675/1273 1311/62/1273 1326/81/1273
f 1331/677/6021 1334/197/6021 1335/104/6021
f 1332/678/6022 1336/185/6022 1335/5/6022
f 1333/679/6023 1337/182/6023 1335/109/6023
f 1338/111/6024 1341/348/6024 1342/112/6024
f 1339/327/6025 1343/186/6025 1342/14/6025
f 1340/328/6026 1344/198/6026 1342/117/6026
f 1345/329/6027 1348/183/6027 1349/120/6027
f 1346/330/6028 1350/26/6028 1349/123/6028
f 1347/355/6029 1351/187/6029 1349/123/6029
f 1352/332/6030 1355/189/6030 1356/128/6030
f 1353/130/6031 1357/306/6031 1356/131/6031
f 1354/133/6032 1358/184/6032 1356/131/6032
f 1359/334/6033 1362/349/6033 1363/136/6033
f 1360/335/6034 1364/42/6034 1363/139/6034
f 1361/141/6035 1365/190/6035 1363/139/6035
f 1366/143/6036 1369/350/6036 1370/144/6036
f 1367/146/6037 1371/150/6037 1370/147/6037
f 1368/149/6038 1372/188/6038 1370/147/6038
f 1373/337/6039 1376/191/6039 1377/152/6039
f 1374/338/6040 1378/340/6040 1377/155/6040
f 1375/339/6041 1379/193/6041 1377/155/6041
f 1380/158/6042 1383/195/6042 1384/159/6042
f 1381/680/6043 1385/165/6043 1384/162/6043
f 1382/342/6044 1386/192/6044 1384/162/6044
f 1387/166/6045 1390/351/6045 1391/167/6045
f 1388/681/6046 1392/173/6046 1391/170/6046
f 1389/344/6047 1393/196/6047 1391/170/6047
f 1394/345/6048 1397/199/6048 1398/175/6048
f 1395/177/6049 1399/347/6049 1398/178/6049
f 1396/346/6050 1400/194/6050 1398/178/6050
f 1346/330/1304 1348/124/1304 1337/182/1304
f 1348/183/1305 1345/329/1305 1331/677/1305
f 1339/327/1306 1341/115/1306 1358/184/1306
f 1341/348/1307 1338/111/1307 1352/332/1307
f 1332/678/1308 1340/328/1308 1343/118/1308
f 1343/186/1309 1339/327/1309 1333/679/1309
f 1347/355/1310 1350/26/1310 1357/306/1310
f 1357/306/1311 1350/26/1311 1346/330/1311
f 1360/335/1312 1362/140/1312 1351/187/1312
f 1351/121/1313 1362/349/1313 1359/334/1313
f 1368/149/1314 1353/130/1314 1355/132/1314
f 1372/145/1315 1355/189/1315 1352/332/1315
f 1361/141/1316 1364/42/1316 1371/150/1316
f 1371/150/1317 1364/42/1317 1360/335/1317
f 1374/338/1318 1376/156/1318 1365/190/1318
f 1376/191/1319 1373/337/1319 1359/334/1319
f 1367/146/1320 1369/148/1320 1386/192/1320
f 1369/350/1321 1366/143/1321 1380/158/1321
f 1375/339/1322 1378/340/1322 1385/165/1322
f 1385/165/1323 1378/340/1323 1374/338/1323
f 1375/339/1324 1388/681/1324 1390/171/1324
f 1379/153/1325 1390/351/1325 1387/166/1325
f 1396/346/1326 1381/680/1326 1383/163/1326
f 1400/176/1327 1383/195/1327 1380/158/1327
f 1389/344/1328 1392/173/1328 1399/347/1328
f 1399/347/1329 1392/173/1329 1388/681/1329
f 1332/678/1330 1334/107/1330 1393/196/1330
f 1334/197/1331 1331/677/1331 1387/166/1331
f 1340/328/1332 1395/177/1332 1397/179/1332
f 1397/199/1333 1394/345/1333 1338/111/1333
f 1387/166/1334 1331/677/1334 1345/329/1334
f 1345/329/1334 1359/334/1334 1373/337/1334
f 1339/327/1335 1354/133/1335 1346/330/1335
f 1389/344/1336 1395/177/1336 1340/328/1336
f 1366/143/1337 1352/332/1337 1338/111/1337
f 1338/111/1337 1394/345/1337 1380/158/1337
f 1353/130/1338 1368/149/1338 1360/335/1338
f 1367/146/1339 1382/342/1339 1374/338/1339
f 1381/680/1340 1396/346/1340 1388/681/1340
f 1401/200/6051 1404/296/6051 1405/201/6051
f 1402/387/6052 1406/283/6052 1405/204/6052
f 1403/367/6053 1407/280/6053 1405/207/6053
f 1408/368/6054 1411/352/6054 1412/210/6054
f 1409/212/6055 1413/88/6055 1412/14/6055
f 1410/369/6056 1414/297/6056 1412/215/6056
f 1415/370/6057 1418/281/6057 1419/217/6057
f 1416/371/6058 1420/372/6058 1419/220/6058
f 1417/222/6059 1421/284/6059 1419/220/6059
f 1422/224/6060 1425/287/6060 1426/225/6060
f 1423/227/6061 1427/374/6061 1426/228/6061
f 1424/230/6062 1428/282/6062 1426/228/6062
f 1429/682/6063 1432/285/6063 1433/233/6063
f 1430/375/6064 1434/376/6064 1433/236/6064
f 1431/238/6065 1435/288/6065 1433/236/6065
f 1436/377/6066 1439/291/6066 1440/241/6066
f 1437/683/6067 1441/378/6067 1440/244/6067
f 1438/246/6068 1442/286/6068 1440/244/6068
f 1443/248/6069 1446/289/6069 1447/249/6069
f 1444/251/6070 1448/340/6070 1447/252/6070
f 1445/254/6071 1449/292/6071 1447/252/6071
f 1450/256/6072 1453/294/6072 1454/257/6072
f 1451/380/6073 1455/381/6073 1454/260/6073
f 1452/262/6074 1456/290/6074 1454/260/6074
f 1457/382/6075 1460/353/6075 1461/265/6075
f 1458/383/6076 1462/173/6076 1461/268/6076
f 1459/270/6077 1463/295/6077 1461/268/6077
f 1464/684/6078 1467/298/6078 1468/273/6078
f 1465/385/6079 1469/82/6079 1468/276/6079
f 1466/386/6080 1470/293/6080 1468/276/6080
f 1416/371/1371 1418/221/1371 1407/280/1371
f 1407/202/1372 1418/281/1372 1415/370/1372
f 1424/230/1373 1409/212/1373 1411/213/1373
f 1411/352/6081 1408/368/6081 1422/224/6081
f 1402/387/1375 1410/369/1375 1413/118/1375
f 1413/88/1376 1409/212/1376 1403/367/1376
f 1417/222/1377 1420/372/1377 1427/374/1377
f 1427/374/1378 1420/372/1378 1416/371/1378
f 1430/375/1379 1432/237/1379 1421/284/1379
f 1421/218/1380 1432/285/1380 1429/682/1380
f 1438/246/1381 1423/227/1381 1425/229/1381
f 1425/287/1382 1422/224/1382 1436/377/1382
f 1431/238/1383 1434/376/1383 1441/378/1383
f 1441/378/1384 1434/376/1384 1430/375/1384
f 1431/238/1385 1444/251/1385 1446/253/1385
f 1435/234/1386 1446/289/1386 1443/248/1386
f 1437/683/1387 1439/245/1387 1456/290/1387
f 1439/291/1388 1436/377/1388 1450/256/1388
f 1445/254/1389 1448/340/1389 1455/381/1389
f 1455/381/1390 1448/340/1390 1444/251/1390
f 1458/383/1391 1460/269/1391 1449/292/1391
f 1449/250/1392 1460/353/1392 1457/382/1392
f 1451/380/1393 1453/261/1393 1470/293/1393
f 1470/274/1394 1453/294/1394 1450/256/1394
f 1459/270/1395 1462/173/1395 1469/82/1395
f 1469/82/1396 1462/173/1396 1458/383/1396
f 1402/387/1397 1404/205/1397 1463/295/1397
f 1404/296/1398 1401/200/1398 1457/382/1398
f 1465/385/1399 1467/277/1399 1414/297/1399
f 1467/298/6082 1464/684/6082 1408/368/6082
f 1457/382/1401 1401/200/1401 1415/370/1401
f 1415/370/1401 1429/682/1401 1443/248/1401
f 1409/212/1402 1424/230/1402 1416/371/1402
f 1459/270/1403 1465/385/1403 1410/369/1403
f 1436/377/6083 1422/224/6083 1408/368/6083
f 1408/368/6083 1464/684/6083 1450/256/6083
f 1423/227/1405 1438/246/1405 1430/375/1405
f 1431/238/1406 1437/683/1406 1452/262/1406
f 1445/254/1407 1451/380/1407 1466/386/1407
f 1471/299/6084 1474/100/6084 1475/2/6084
f 1472/685/6085 1476/87/6085 1475/5/6085
f 1473/7/6086 1477/83/6086 1475/8/6086
f 1478/10/6087 1481/86/6087 1482/11/6087
f 1479/13/6088 1483/88/6088 1482/14/6088
f 1480/16/6089 1484/101/6089 1482/17/6089
f 1485/686/6090 1488/84/6090 1489/20/6090
f 1486/22/6091 1490/26/6091 1489/23/6091
f 1487/25/6092 1491/89/6092 1489/23/6092
f 1492/27/6093 1495/92/6093 1496/28/6093
f 1493/687/6094 1497/34/6094 1496/31/6094
f 1494/33/6095 1498/85/6095 1496/31/6095
f 1499/35/6096 1502/90/6096 1503/36/6096
f 1500/38/6097 1504/42/6097 1503/39/6097
f 1501/41/6098 1505/93/6098 1503/39/6098
f 1506/43/6099 1509/95/6099 1510/44/6099
f 1507/688/6100 1511/50/6100 1510/47/6100
f 1508/49/6101 1512/91/6101 1510/47/6101
f 1513/312/6102 1516/323/6102 1517/52/6102
f 1514/54/6103 1518/58/6103 1517/55/6103
f 1515/313/6104 1519/96/6104 1517/55/6104
f 1520/59/6105 1523/324/6105 1524/60/6105
f 1521/689/6106 1525/66/6106 1524/63/6106
f 1522/690/6107 1526/94/6107 1524/63/6107
f 1527/67/6108 1530/97/6108 1531/68/6108
f 1528/70/6109 1532/74/6109 1531/71/6109
f 1529/73/6110 1533/99/6110 1531/71/6110
f 1534/75/6111 1537/102/6111 1538/76/6111
f 1535/78/6112 1539/82/6112 1538/79/6112
f 1536/81/6113 1540/98/6113 1538/79/6113
f 1486/22/1438 1488/24/1438 1477/83/1438
f 1488/84/1439 1485/686/1439 1471/299/1439
f 1479/13/1440 1481/15/1440 1498/85/1440
f 1481/86/6114 1478/10/6114 1492/27/6114
f 1472/685/1442 1480/16/1442 1483/18/1442
f 1483/88/1443 1479/13/1443 1473/7/1443
f 1487/25/1444 1490/26/1444 1497/34/1444
f 1497/34/1445 1490/26/1445 1486/22/1445
f 1500/38/6115 1502/40/6115 1491/89/6115
f 1502/90/1447 1499/35/1447 1485/686/1447
f 1508/49/1448 1493/687/1448 1495/32/1448
f 1495/92/1449 1492/27/1449 1506/43/1449
f 1501/41/1450 1504/42/1450 1511/50/1450
f 1511/50/1451 1504/42/1451 1500/38/1451
f 1514/54/1452 1516/56/1452 1505/93/1452
f 1516/323/1453 1513/312/1453 1499/35/1453
f 1507/688/1454 1509/48/1454 1526/94/1454
f 1509/95/1455 1506/43/1455 1520/59/1455
f 1515/313/1456 1518/58/1456 1525/66/1456
f 1525/66/1457 1518/58/1457 1514/54/1457
f 1515/313/1458 1528/70/1458 1530/72/1458
f 1519/53/1459 1530/97/1459 1527/67/1459
f 1521/689/1460 1523/64/1460 1540/98/1460
f 1523/324/1461 1520/59/1461 1534/75/1461
f 1529/73/1462 1532/74/1462 1539/82/1462
f 1539/82/1463 1532/74/1463 1528/70/1463
f 1472/685/1464 1474/6/1464 1533/99/1464
f 1474/100/1465 1471/299/1465 1527/67/1465
f 1535/78/1466 1537/80/1466 1484/101/1466
f 1537/102/1467 1534/75/1467 1478/10/1467
f 1527/67/1468 1471/299/1468 1485/686/1468
f 1485/686/1468 1499/35/1468 1513/312/1468
f 1473/7/1469 1479/13/1469 1494/33/1469
f 1535/78/1470 1480/16/1470 1472/685/1470
f 1506/43/1471 1492/27/1471 1478/10/1471
f 1478/10/1471 1534/75/1471 1520/59/1471
f 1493/687/1472 1508/49/1472 1500/38/1472
f 1507/688/1473 1522/690/1473 1514/54/1473
f 1521/689/1474 1536/81/1474 1528/70/1474
f 1541/325/6116 1544/197/6116 1545/104/6116
f 1542/106/6117 1546/185/6117 1545/5/6117
f 1543/691/6118 1547/182/6118 1545/109/6118
f 1548/111/6119 1551/348/6119 1552/112/6119
f 1549/114/6120 1553/186/6120 1552/14/6120
f 1550/116/6121 1554/198/6121 1552/117/6121
f 1555/329/6122 1558/183/6122 1559/120/6122
f 1556/122/6123 1560/126/6123 1559/123/6123
f 1557/355/6124 1561/187/6124 1559/123/6124
f 1562/332/6125 1565/189/6125 1566/128/6125
f 1563/333/6126 1567/134/6126 1566/131/6126
f 1564/133/6127 1568/184/6127 1566/131/6127
f 1569/135/6128 1572/349/6128 1573/136/6128
f 1570/138/6129 1574/142/6129 1573/139/6129
f 1571/141/6130 1575/190/6130 1573/139/6130
f 1576/143/6131 1579/350/6131 1580/144/6131
f 1577/336/6132 1581/150/6132 1580/147/6132
f 1578/149/6133 1582/188/6133 1580/147/6133
f 1583/151/6134 1586/191/6134 1587/152/6134
f 1584/154/6135 1588/58/6135 1587/155/6135
f 1585/361/6136 1589/193/6136 1587/155/6136
f 1590/158/6137 1593/195/6137 1594/159/6137
f 1591/692/6138 1595/165/6138 1594/162/6138
f 1592/164/6139 1596/192/6139 1594/162/6139
f 1597/364/6140 1600/351/6140 1601/167/6140
f 1598/169/6141 1602/173/6141 1601/170/6141
f 1599/344/6142 1603/196/6142 1601/170/6142
f 1604/174/6143 1607/199/6143 1608/175/6143
f 1605/177/6144 1609/181/6144 1608/178/6144
f 1606/180/6145 1610/194/6145 1608/178/6145
f 1543/691/1505 1556/122/1505 1558/124/1505
f 1558/183/6146 1555/329/6146 1541/325/6146
f 1549/114/1507 1551/115/1507 1568/184/1507
f 1568/129/1508 1551/348/1508 1548/111/1508
f 1542/106/6147 1550/116/6147 1553/118/6147
f 1553/186/1510 1549/114/1510 1543/691/1510
f 1557/355/1511 1560/126/1511 1567/134/1511
f 1567/134/1512 1560/126/1512 1556/122/1512
f 1570/138/1513 1572/140/1513 1561/187/1513
f 1572/349/1514 1569/135/1514 1555/329/1514
f 1578/149/1515 1563/333/1515 1565/132/1515
f 1582/145/1516 1565/189/1516 1562/332/1516
f 1571/141/1517 1574/142/1517 1581/150/1517
f 1581/150/1518 1574/142/1518 1570/138/1518
f 1571/141/1519 1584/154/1519 1586/156/1519
f 1586/191/1520 1583/151/1520 1569/135/1520
f 1577/336/1521 1579/148/1521 1596/192/1521
f 1596/160/1522 1579/350/1522 1576/143/1522
f 1585/361/1523 1588/58/1523 1595/165/1523
f 1595/165/1524 1588/58/1524 1584/154/1524
f 1585/361/1525 1598/169/1525 1600/171/1525
f 1600/351/1526 1597/364/1526 1583/151/1526
f 1606/180/1527 1591/692/1527 1593/163/1527
f 1593/195/1528 1590/158/1528 1604/174/1528
f 1599/344/1529 1602/173/1529 1609/181/1529
f 1609/181/1530 1602/173/1530 1598/169/1530
f 1599/344/6148 1542/106/6148 1544/107/6148
f 1603/168/1532 1544/197/1532 1541/325/1532
f 1550/116/1533 1605/177/1533 1607/179/1533
f 1607/199/1534 1604/174/1534 1548/111/1534
f 1597/364/1535 1541/325/1535 1555/329/1535
f 1555/329/1535 1569/135/1535 1583/151/1535
f 1549/114/1536 1564/133/1536 1556/122/1536
f 1605/177/1537 1550/116/1537 1542/106/1537
f 1576/143/1538 1562/332/1538 1548/111/1538
f 1548/111/1538 1604/174/1538 1590/158/1538
f 1557/355/1539 1563/333/1539 1578/149/1539
f 1571/141/1540 1577/336/1540 1592/164/1540
f 1591/692/1541 1606/180/1541 1598/169/1541
f 1611/200/6149 1614/296/6149 1615/201/6149
f 1612/387/6150 1616/283/6150 1615/204/6150
f 1613/367/6151 1617/280/6151 1615/207/6151
f 1618/368/6152 1621/352/6152 1622/210/6152
f 1619/212/6153 1623/88/6153 1622/14/6153
f 1620/369/6154 1624/297/6154 1622/215/6154
f 1625/370/6155 1628/281/6155 1629/217/6155
f 1626/371/6156 1630/372/6156 1629/220/6156
f 1627/222/6157 1631/284/6157 1629/220/6157
f 1632/224/6158 1635/287/6158 1636/225/6158
f 1633/227/6159 1637/374/6159 1636/228/6159
f 1634/230/6160 1638/282/6160 1636/228/6160
f 1639/682/6161 1642/285/6161 1643/233/6161
f 1640/375/6162 1644/376/6162 1643/236/6162
f 1641/238/6163 1645/288/6163 1643/236/6163
f 1646/377/6164 1649/291/6164 1650/241/6164
f 1647/683/6165 1651/378/6165 1650/244/6165
f 1648/246/6166 1652/286/6166 1650/244/6166
f 1653/248/6167 1656/289/6167 1657/249/6167
f 1654/251/6168 1658/340/6168 1657/252/6168
f 1655/693/6169 1659/292/6169 1657/252/6169
f 1660/256/6170 1663/294/6170 1664/257/6170
f 1661/380/6171 1665/381/6171 1664/260/6171
f 1662/262/6172 1666/290/6172 1664/260/6172
f 1667/382/6173 1670/353/6173 1671/265/6173
f 1668/383/6174 1672/173/6174 1671/268/6174
f 1669/270/6175 1673/295/6175 1671/268/6175
f 1674/684/6176 1677/298/6176 1678/273/6176
f 1675/385/6177 1679/82/6177 1678/276/6177
f 1676/386/6178 1680/293/6178 1678/276/6178
f 1626/371/1572 1628/221/1572 1617/280/1572
f 1628/281/1573 1625/370/1573 1611/200/1573
f 1634/230/1574 1619/212/1574 1621/213/1574
f 1638/226/1575 1621/352/1575 1618/368/1575
f 1612/387/1576 1620/369/1576 1623/118/1576
f 1623/88/1577 1619/212/1577 1613/367/1577
f 1627/222/1578 1630/372/1578 1637/374/1578
f 1637/374/1579 1630/372/1579 1626/371/1579
f 1627/222/1580 1640/375/1580 1642/237/1580
f 1642/285/1581 1639/682/1581 1625/370/1581
f 1633/227/1582 1635/229/1582 1652/286/1582
f 1652/242/1583 1635/287/1583 1632/224/1583
f 1641/238/1584 1644/376/1584 1651/378/1584
f 1651/378/1585 1644/376/1585 1640/375/1585
f 1641/238/1586 1654/251/1586 1656/253/1586
f 1656/289/1587 1653/248/1587 1639/682/1587
f 1647/683/1588 1649/245/1588 1666/290/1588
f 1649/291/1589 1646/377/1589 1660/256/1589
f 1655/693/1590 1658/340/1590 1665/381/1590
f 1665/381/1591 1658/340/1591 1654/251/1591
f 1668/383/1592 1670/269/1592 1659/292/1592
f 1659/250/1593 1670/353/1593 1667/382/1593
f 1676/386/1594 1661/380/1594 1663/261/1594
f 1680/274/1595 1663/294/1595 1660/256/1595
f 1669/270/1596 1672/173/1596 1679/82/1596
f 1679/82/1597 1672/173/1597 1668/383/1597
f 1612/387/1598 1614/205/1598 1673/295/1598
f 1673/266/1599 1614/296/1599 1611/200/1599
f 1620/369/1600 1675/385/1600 1677/277/1600
f 1677/298/1601 1674/684/1601 1618/368/1601
f 1667/382/1602 1611/200/1602 1625/370/1602
f 1625/370/1602 1639/682/1602 1653/248/1602
f 1613/367/1603 1619/212/1603 1634/230/1603
f 1675/385/1604 1620/369/1604 1612/387/1604
f 1646/377/1605 1632/224/1605 1618/368/1605
f 1618/368/1605 1674/684/1605 1660/256/1605
f 1627/222/6179 1633/227/6179 1648/246/6179
f 1647/683/1607 1662/262/1607 1654/251/1607
f 1661/380/1608 1676/386/1608 1668/383/1608
f 1681/299/6180 1684/100/6180 1685/2/6180
f 1682/300/6181 1686/87/6181 1685/5/6181
f 1683/7/6182 1687/83/6182 1685/8/6182
f 1688/10/6183 1691/86/6183 1692/11/6183
f 1689/13/6184 1693/88/6184 1692/14/6184
f 1690/301/6185 1694/101/6185 1692/17/6185
f 1695/19/6186 1698/84/6186 1699/20/6186
f 1696/303/6187 1700/304/6187 1699/23/6187
f 1697/25/6188 1701/89/6188 1699/23/6188
f 1702/27/6189 1705/92/6189 1706/28/6189
f 1703/357/6190 1707/306/6190 1706/31/6190
f 1704/33/6191 1708/85/6191 1706/31/6191
f 1709/358/6192 1712/90/6192 1713/36/6192
f 1710/38/6193 1714/309/6193 1713/39/6193
f 1711/674/6194 1715/93/6194 1713/39/6194
f 1716/310/6195 1719/95/6195 1720/44/6195
f 1717/311/6196 1721/247/6196 1720/47/6196
f 1718/359/6197 1722/91/6197 1720/47/6197
f 1723/312/6198 1726/323/6198 1727/52/6198
f 1724/54/6199 1728/314/6199 1727/55/6199
f 1725/675/6200 1729/96/6200 1727/55/6200
f 1730/315/6201 1733/324/6201 1734/60/6201
f 1731/62/6202 1735/317/6202 1734/63/6202
f 1732/65/6203 1736/94/6203 1734/63/6203
f 1737/354/6204 1740/97/6204 1741/68/6204
f 1738/319/6205 1742/74/6205 1741/71/6205
f 1739/73/6206 1743/99/6206 1741/71/6206
f 1744/320/6207 1747/102/6207 1748/76/6207
f 1745/676/6208 1749/322/6208 1748/79/6208
f 1746/81/6209 1750/98/6209 1748/79/6209
f 1683/7/6210 1696/303/6210 1698/24/6210
f 1698/84/1640 1695/19/1640 1681/299/1640
f 1689/13/1641 1691/15/1641 1708/85/1641
f 1691/86/1642 1688/10/1642 1702/27/1642
f 1682/300/1643 1690/301/1643 1693/18/1643
f 1693/88/1644 1689/13/1644 1683/7/1644
f 1697/25/1645 1700/304/1645 1707/306/1645
f 1707/306/1646 1700/304/1646 1696/303/1646
f 1710/38/1647 1712/40/1647 1701/89/1647
f 1712/90/1648 1709/358/1648 1695/19/1648
f 1703/357/1649 1705/32/1649 1722/91/1649
f 1705/92/1650 1702/27/1650 1716/310/1650
f 1711/674/1651 1714/309/1651 1721/247/1651
f 1721/247/1652 1714/309/1652 1710/38/1652
f 1711/674/1653 1724/54/1653 1726/56/1653
f 1726/323/1654 1723/312/1654 1709/358/1654
f 1717/311/1655 1719/48/1655 1736/94/1655
f 1736/61/1656 1719/95/1656 1716/310/1656
f 1725/675/1657 1728/314/1657 1735/317/1657
f 1735/317/1658 1728/314/1658 1724/54/1658
f 1725/675/1659 1738/319/1659 1740/72/1659
f 1740/97/1660 1737/354/1660 1723/312/1660
f 1746/81/1661 1731/62/1661 1733/64/1661
f 1733/324/1662 1730/315/1662 1744/320/1662
f 1739/73/1663 1742/74/1663 1749/322/1663
f 1749/322/6211 1742/74/6211 1738/319/6211
f 1682/300/1665 1684/6/1665 1743/99/1665
f 1684/100/1666 1681/299/1666 1737/354/1666
f 1690/301/1667 1745/676/1667 1747/80/1667
f 1747/102/1668 1744/320/1668 1688/10/1668
f 1737/354/1669 1681/299/1669 1695/19/1669
f 1695/19/1669 1709/358/1669 1723/312/1669
f 1689/13/1670 1704/33/1670 1696/303/1670
f 1739/73/1671 1745/676/1671 1690/301/1671
f 1716/310/1672 1702/27/1672 1688/10/1672
f 1688/10/1672 1744/320/1672 1730/315/1672
f 1703/357/1673 1718/359/1673 1710/38/1673
f 1711/674/1674 1717/311/1674 1732/65/1674
f 1731/62/1675 1746/81/1675 1738/319/1675
f 1751/677/6212 1754/197/6212 1755/104/6212
f 1752/106/6213 1756/185/6213 1755/5/6213
f 1753/679/6214 1757/182/6214 1755/109/6214
f 1758/111/6215 1761/348/6215 1762/112/6215
f 1759/327/6216 1763/186/6216 1762/14/6216
f 1760/328/6217 1764/198/6217 1762/117/6217
f 1765/329/6218 1768/183/6218 1769/120/6218
f 1766/330/6219 1770/26/6219 1769/123/6219
f 1767/355/6220 1771/187/6220 1769/123/6220
f 1772/332/6221 1775/189/6221 1776/128/6221
f 1773/130/6222 1777/306/6222 1776/131/6222
f 1774/133/6223 1778/184/6223 1776/131/6223
f 1779/334/6224 1782/349/6224 1783/136/6224
f 1780/335/6225 1784/42/6225 1783/139/6225
f 1781/694/6226 1785/190/6226 1783/139/6226
f 1786/695/6227 1789/350/6227 1790/144/6227
f 1787/146/6228 1791/150/6228 1790/147/6228
f 1788/149/6229 1792/188/6229 1790/147/6229
f 1793/337/6230 1796/191/6230 1797/152/6230
f 1794/338/6231 1798/340/6231 1797/155/6231
f 1795/339/6232 1799/193/6232 1797/155/6232
f 1800/158/6233 1803/195/6233 1804/159/6233
f 1801/680/6234 1805/165/6234 1804/162/6234
f 1802/342/6235 1806/192/6235 1804/162/6235
f 1807/166/6236 1810/351/6236 1811/167/6236
f 1808/696/6237 1812/173/6237 1811/170/6237
f 1809/344/6238 1813/196/6238 1811/170/6238
f 1814/345/6239 1817/199/6239 1818/175/6239
f 1815/177/6240 1819/347/6240 1818/178/6240
f 1816/346/6241 1820/194/6241 1818/178/6241
f 1753/679/1706 1766/330/1706 1768/124/1706
f 1768/183/1707 1765/329/1707 1751/677/1707
f 1759/327/1708 1761/115/1708 1778/184/1708
f 1778/129/6242 1761/348/6242 1758/111/6242
f 1752/106/1710 1760/328/1710 1763/118/1710
f 1763/186/1711 1759/327/1711 1753/679/1711
f 1767/355/1712 1770/26/1712 1777/306/1712
f 1777/306/1713 1770/26/1713 1766/330/1713
f 1780/335/1714 1782/140/1714 1771/187/1714
f 1782/349/1715 1779/334/1715 1765/329/1715
f 1788/149/1716 1773/130/1716 1775/132/1716
f 1775/189/1717 1772/332/1717 1786/695/1717
f 1781/694/1718 1784/42/1718 1791/150/1718
f 1791/150/1719 1784/42/1719 1780/335/1719
f 1781/694/1720 1794/338/1720 1796/156/1720
f 1785/137/1721 1796/191/1721 1793/337/1721
f 1787/146/1722 1789/148/1722 1806/192/1722
f 1806/160/1723 1789/350/1723 1786/695/1723
f 1795/339/1724 1798/340/1724 1805/165/1724
f 1805/165/1725 1798/340/1725 1794/338/1725
f 1808/696/1726 1810/171/1726 1799/193/1726
f 1799/153/1727 1810/351/1727 1807/166/1727
f 1801/680/1728 1803/163/1728 1820/194/1728
f 1803/195/1729 1800/158/1729 1814/345/1729
f 1809/344/1730 1812/173/1730 1819/347/1730
f 1819/347/1731 1812/173/1731 1808/696/1731
f 1809/344/1732 1752/106/1732 1754/107/1732
f 1754/197/1733 1751/677/1733 1807/166/1733
f 1760/328/1734 1815/177/1734 1817/179/1734
f 1817/199/1735 1814/345/1735 1758/111/1735
f 1807/166/1736 1751/677/1736 1765/329/1736
f 1765/329/1736 1779/334/1736 1793/337/1736
f 1759/327/1737 1774/133/1737 1766/330/1737
f 1815/177/1738 1760/328/1738 1752/106/1738
f 1786/695/1739 1772/332/1739 1758/111/1739
f 1758/111/1739 1814/345/1739 1800/158/1739
f 1773/130/1740 1788/149/1740 1780/335/1740
f 1787/146/1741 1802/342/1741 1794/338/1741
f 1801/680/1742 1816/346/1742 1808/696/1742
f 1821/200/6243 1824/296/6243 1825/201/6243
f 1822/203/6244 1826/283/6244 1825/204/6244
f 1823/367/6245 1827/280/6245 1825/207/6245
f 1828/209/6246 1831/352/6246 1832/210/6246
f 1829/212/6247 1833/88/6247 1832/14/6247
f 1830/214/6248 1834/297/6248 1832/215/6248
f 1835/216/6249 1838/281/6249 1839/217/6249
f 1836/219/6250 1840/223/6250 1839/220/6250
f 1837/697/6251 1841/284/6251 1839/220/6251
f 1842/224/6252 1845/287/6252 1846/225/6252
f 1843/227/6253 1847/231/6253 1846/228/6253
f 1844/230/6254 1848/282/6254 1846/228/6254
f 1849/232/6255 1852/285/6255 1853/233/6255
f 1850/235/6256 1854/239/6256 1853/236/6256
f 1851/698/6257 1855/288/6257 1853/236/6257
f 1856/240/6258 1859/291/6258 1860/241/6258
f 1857/243/6259 1861/247/6259 1860/244/6259
f 1858/246/6260 1862/286/6260 1860/244/6260
f 1863/248/6261 1866/289/6261 1867/249/6261
f 1864/251/6262 1868/255/6262 1867/252/6262
f 1865/254/6263 1869/292/6263 1867/252/6263
f 1870/256/6264 1873/294/6264 1874/257/6264
f 1871/259/6265 1875/263/6265 1874/260/6265
f 1872/262/6266 1876/290/6266 1874/260/6266
f 1877/264/6267 1880/353/6267 1881/265/6267
f 1878/267/6268 1882/271/6268 1881/268/6268
f 1879/270/6269 1883/295/6269 1881/268/6269
f 1884/272/6270 1887/298/6270 1888/273/6270
f 1885/699/6271 1889/279/6271 1888/276/6271
f 1886/278/6272 1890/293/6272 1888/276/6272
f 1836/219/1773 1838/221/1773 1827/280/1773
f 1827/202/1774 1838/281/1774 1835/216/1774
f 1829/212/1775 1831/213/1775 1848/282/1775
f 1831/352/6273 1828/209/6273 1842/224/6273
f 1822/203/1777 1830/214/1777 1833/118/1777
f 1833/88/1778 1829/212/1778 1823/367/1778
f 1837/697/1779 1840/223/1779 1847/231/1779
f 1847/231/1780 1840/223/1780 1836/219/1780
f 1850/235/1781 1852/237/1781 1841/284/1781
f 1852/285/1782 1849/232/1782 1835/216/1782
f 1858/246/1783 1843/227/1783 1845/229/1783
f 1862/242/1784 1845/287/1784 1842/224/1784
f 1851/698/1785 1854/239/1785 1861/247/1785
f 1861/247/1786 1854/239/1786 1850/235/1786
f 1864/251/1787 1866/253/1787 1855/288/1787
f 1866/289/1788 1863/248/1788 1849/232/1788
f 1857/243/1789 1859/245/1789 1876/290/1789
f 1876/258/1790 1859/291/1790 1856/240/1790
f 1865/254/1791 1868/255/1791 1875/263/1791
f 1875/263/1792 1868/255/1792 1864/251/1792
f 1865/254/1793 1878/267/1793 1880/269/1793
f 1869/250/1794 1880/353/1794 1877/264/1794
f 1886/278/1795 1871/259/1795 1873/261/1795
f 1873/294/1796 1870/256/1796 1884/272/1796
f 1879/270/1797 1882/271/1797 1889/279/1797
f 1889/279/1798 1882/271/1798 1878/267/1798
f 1822/203/1799 1824/205/1799 1883/295/1799
f 1824/296/1800 1821/200/1800 1877/264/1800
f 1830/214/1801 1885/699/1801 1887/277/1801
f 1887/298/1802 1884/272/1802 1828/209/1802
f 1877/264/1803 1821/200/1803 1835/216/1803
f 1835/216/1803 1849/232/1803 1863/248/1803
f 1823/367/1804 1829/212/1804 1844/230/1804
f 1885/699/1805 1830/214/1805 1822/203/1805
f 1856/240/1806 1842/224/1806 1828/209/1806
f 1828/209/1806 1884/272/1806 1870/256/1806
f 1837/697/1807 1843/227/1807 1858/246/1807
f 1851/698/1808 1857/243/1808 1872/262/1808
f 1871/259/1809 1886/278/1809 1878/267/1809
f 1891/299/6274 1894/100/6274 1895/2/6274
f 1892/4/6275 1896/87/6275 1895/5/6275
f 1893/7/6276 1897/83/6276 1895/8/6276
f 1898/10/6277 1901/86/6277 1902/11/6277
f 1899/13/6278 1903/88/6278 1902/14/6278
f 1900/16/6279 1904/101/6279 1902/17/6279
f 1905/686/6280 1908/84/6280 1909/20/6280
f 1906/22/6281 1910/26/6281 1909/23/6281
f 1907/25/6282 1911/89/6282 1909/23/6282
f 1912/27/6283 1915/92/6283 1916/28/6283
f 1913/687/6284 1917/34/6284 1916/31/6284
f 1914/33/6285 1918/85/6285 1916/31/6285
f 1919/700/6286 1922/90/6286 1923/36/6286
f 1920/38/6287 1924/42/6287 1923/39/6287
f 1921/41/6288 1925/93/6288 1923/39/6288
f 1926/310/6289 1929/95/6289 1930/44/6289
f 1927/688/6290 1931/50/6290 1930/47/6290
f 1928/49/6291 1932/91/6291 1930/47/6291
f 1933/51/6292 1936/323/6292 1937/52/6292
f 1934/54/6293 1938/58/6293 1937/55/6293
f 1935/313/6294 1939/96/6294 1937/55/6294
f 1940/59/6295 1943/324/6295 1944/60/6295
f 1941/316/6296 1945/66/6296 1944/63/6296
f 1942/690/6297 1946/94/6297 1944/63/6297
f 1947/67/6298 1950/97/6298 1951/68/6298
f 1948/70/6299 1952/74/6299 1951/71/6299
f 1949/73/6300 1953/99/6300 1951/71/6300
f 1954/75/6301 1957/102/6301 1958/76/6301
f 1955/78/6302 1959/82/6302 1958/79/6302
f 1956/81/6303 1960/98/6303 1958/79/6303
f 1893/7/6304 1906/22/6304 1908/24/6304
f 1897/3/1841 1908/84/1841 1905/686/1841
f 1914/33/1842 1899/13/1842 1901/15/1842
f 1901/86/1843 1898/10/1843 1912/27/1843
f 1892/4/1844 1900/16/1844 1903/18/1844
f 1903/88/1845 1899/13/1845 1893/7/1845
f 1907/25/1846 1910/26/1846 1917/34/1846
f 1917/34/1847 1910/26/1847 1906/22/1847
f 1907/25/1848 1920/38/1848 1922/40/1848
f 1922/90/1849 1919/700/1849 1905/686/1849
f 1913/687/1850 1915/32/1850 1932/91/1850
f 1932/45/1851 1915/92/1851 1912/27/1851
f 1921/41/1852 1924/42/1852 1931/50/1852
f 1931/50/1853 1924/42/1853 1920/38/1853
f 1934/54/1854 1936/56/1854 1925/93/1854
f 1936/323/1855 1933/51/1855 1919/700/1855
f 1927/688/1856 1929/48/1856 1946/94/1856
f 1946/61/6305 1929/95/6305 1926/310/6305
f 1935/313/1858 1938/58/1858 1945/66/1858
f 1945/66/1859 1938/58/1859 1934/54/1859
f 1948/70/1860 1950/72/1860 1939/96/1860
f 1950/97/1861 1947/67/1861 1933/51/1861
f 1941/316/1862 1943/64/1862 1960/98/1862
f 1960/77/1863 1943/324/1863 1940/59/1863
f 1949/73/1864 1952/74/1864 1959/82/1864
f 1959/82/1865 1952/74/1865 1948/70/1865
f 1892/4/1866 1894/6/1866 1953/99/1866
f 1953/69/1867 1894/100/1867 1891/299/1867
f 1900/16/1868 1955/78/1868 1957/80/1868
f 1904/12/1869 1957/102/1869 1954/75/1869
f 1947/67/1870 1891/299/1870 1905/686/1870
f 1905/686/1870 1919/700/1870 1933/51/1870
f 1899/13/1871 1914/33/1871 1906/22/1871
f 1955/78/1872 1900/16/1872 1892/4/1872
f 1926/310/1873 1912/27/1873 1898/10/1873
f 1898/10/1873 1954/75/1873 1940/59/1873
f 1907/25/1874 1913/687/1874 1928/49/1874
f 1927/688/1875 1942/690/1875 1934/54/1875
f 1941/316/1876 1956/81/1876 1948/70/1876
f 1961/677/6306 1964/197/6306 1965/104/6306
f 1962/106/6307 1966/185/6307 1965/5/6307
f 1963/701/6308 1967/182/6308 1965/109/6308
f 1968/111/6309 1971/348/6309 1972/112/6309
f 1969/114/6310 1973/186/6310 1972/14/6310
f 1970/116/6311 1974/198/6311 1972/117/6311
f 1975/119/6312 1978/183/6312 1979/120/6312
f 1976/122/6313 1980/126/6313 1979/123/6313
f 1977/125/6314 1981/187/6314 1979/123/6314
f 1982/127/6315 1985/189/6315 1986/128/6315
f 1983/702/6316 1987/134/6316 1986/131/6316
f 1984/133/6317 1988/184/6317 1986/131/6317
f 1989/135/6318 1992/349/6318 1993/136/6318
f 1990/138/6319 1994/142/6319 1993/139/6319
f 1991/360/6320 1995/190/6320 1993/139/6320
f 1996/143/6321 1999/350/6321 2000/144/6321
f 1997/146/6322 2001/150/6322 2000/147/6322
f 1998/149/6323 2002/188/6323 2000/147/6323
f 2003/151/6324 2006/191/6324 2007/152/6324
f 2004/154/6325 2008/58/6325 2007/155/6325
f 2005/361/6326 2009/193/6326 2007/155/6326
f 2010/362/6327 2013/195/6327 2014/159/6327
f 2011/363/6328 2015/165/6328 2014/162/6328
f 2012/164/6329 2016/192/6329 2014/162/6329
f 2017/364/6330 2020/351/6330 2021/167/6330
f 2018/169/6331 2022/173/6331 2021/170/6331
f 2019/344/6332 2023/196/6332 2021/170/6332
f 2024/174/6333 2027/199/6333 2028/175/6333
f 2025/177/6334 2029/181/6334 2028/178/6334
f 2026/180/6335 2030/194/6335 2028/178/6335
f 1976/122/1907 1978/124/1907 1967/182/1907
f 1978/183/1908 1975/119/1908 1961/677/1908
f 1969/114/1909 1971/115/1909 1988/184/1909
f 1988/129/1910 1971/348/1910 1968/111/1910
f 1962/106/1911 1970/116/1911 1973/118/1911
f 1973/186/1912 1969/114/1912 1963/701/1912
f 1977/125/1913 1980/126/1913 1987/134/1913
f 1987/134/1914 1980/126/1914 1976/122/1914
f 1990/138/1915 1992/140/1915 1981/187/1915
f 1992/349/1916 1989/135/1916 1975/119/1916
f 1983/702/1917 1985/132/1917 2002/188/1917
f 1985/189/1918 1982/127/1918 1996/143/1918
f 1991/360/1919 1994/142/1919 2001/150/1919
f 2001/150/1920 1994/142/1920 1990/138/1920
f 1991/360/1921 2004/154/1921 2006/156/1921
f 2006/191/1922 2003/151/1922 1989/135/1922
f 1997/146/1923 1999/148/1923 2016/192/1923
f 2016/160/1924 1999/350/1924 1996/143/1924
f 2005/361/1925 2008/58/1925 2015/165/1925
f 2015/165/1926 2008/58/1926 2004/154/1926
f 2018/169/1927 2020/171/1927 2009/193/1927
f 2009/153/1928 2020/351/1928 2017/364/1928
f 2011/363/1929 2013/163/1929 2030/194/1929
f 2013/195/1930 2010/362/1930 2024/174/1930
f 2019/344/1931 2022/173/1931 2029/181/1931
f 2029/181/1932 2022/173/1932 2018/169/1932
f 2019/344/1933 1962/106/1933 1964/107/1933
f 1964/197/1934 1961/677/1934 2017/364/1934
f 2025/177/1935 2027/179/1935 1974/198/1935
f 1974/113/1936 2027/199/1936 2024/174/1936
f 2017/364/1937 1961/677/1937 1975/119/1937
f 1975/119/1937 1989/135/1937 2003/151/1937
f 1969/114/1938 1984/133/1938 1976/122/1938
f 2025/177/1939 1970/116/1939 1962/106/1939
f 1996/143/1940 1982/127/1940 1968/111/1940
f 1968/111/6336 2024/174/6336 2010/362/6336
f 1977/125/1941 1983/702/1941 1998/149/1941
f 1997/146/1942 2012/164/1942 2004/154/1942
f 2011/363/1943 2026/180/1943 2018/169/1943
f 2031/200/6337 2034/296/6337 2035/201/6337
f 2032/387/6338 2036/283/6338 2035/204/6338
f 2033/367/6339 2037/280/6339 2035/207/6339
f 2038/368/6340 2041/352/6340 2042/210/6340
f 2039/212/6341 2043/88/6341 2042/14/6341
f 2040/369/6342 2044/297/6342 2042/215/6342
f 2045/370/6343 2048/281/6343 2049/217/6343
f 2046/371/6344 2050/372/6344 2049/220/6344
f 2047/222/6345 2051/284/6345 2049/220/6345
f 2052/224/6346 2055/287/6346 2056/225/6346
f 2053/227/6347 2057/374/6347 2056/228/6347
f 2054/230/6348 2058/282/6348 2056/228/6348
f 2059/232/6349 2062/285/6349 2063/233/6349
f 2060/375/6350 2064/376/6350 2063/236/6350
f 2061/238/6351 2065/288/6351 2063/236/6351
f 2066/377/6352 2069/291/6352 2070/241/6352
f 2067/243/6353 2071/378/6353 2070/244/6353
f 2068/246/6354 2072/286/6354 2070/244/6354
f 2073/248/6355 2076/289/6355 2077/249/6355
f 2074/251/6356 2078/340/6356 2077/252/6356
f 2075/254/6357 2079/292/6357 2077/252/6357
f 2080/256/6358 2083/294/6358 2084/257/6358
f 2081/380/6359 2085/381/6359 2084/260/6359
f 2082/262/6360 2086/290/6360 2084/260/6360
f 2087/382/6361 2090/353/6361 2091/265/6361
f 2088/388/6362 2092/173/6362 2091/268/6362
f 2089/384/6363 2093/295/6363 2091/268/6363
f 2094/684/6364 2097/298/6364 2098/273/6364
f 2095/385/6365 2099/82/6365 2098/276/6365
f 2096/386/6366 2100/293/6366 2098/276/6366
f 2033/367/1974 2046/371/1974 2048/221/1974
f 2037/202/1975 2048/281/1975 2045/370/1975
f 2039/212/1976 2041/213/1976 2058/282/1976
f 2041/352/1977 2038/368/1977 2052/224/1977
f 2032/387/1978 2040/369/1978 2043/118/1978
f 2043/88/1979 2039/212/1979 2033/367/1979
f 2047/222/1980 2050/372/1980 2057/374/1980
f 2057/374/1981 2050/372/1981 2046/371/1981
f 2060/375/1982 2062/237/1982 2051/284/1982
f 2051/218/1983 2062/285/1983 2059/232/1983
f 2068/246/1984 2053/227/1984 2055/229/1984
f 2055/287/1985 2052/224/1985 2066/377/1985
f 2061/238/1986 2064/376/1986 2071/378/1986
f 2071/378/1987 2064/376/1987 2060/375/1987
f 2074/251/1988 2076/253/1988 2065/288/1988
f 2065/234/1989 2076/289/1989 2073/248/1989
f 2082/262/1990 2067/243/1990 2069/245/1990
f 2086/258/1991 2069/291/1991 2066/377/1991
f 2075/254/1992 2078/340/1992 2085/381/1992
f 2085/381/1993 2078/340/1993 2074/251/1993
f 2088/388/1994 2090/269/1994 2079/292/1994
f 2079/250/1995 2090/353/1995 2087/382/1995
f 2096/386/1996 2081/380/1996 2083/261/1996
f 2100/274/1997 2083/294/1997 2080/256/1997
f 2089/384/1998 2092/173/1998 2099/82/1998
f 2099/82/1999 2092/173/1999 2088/388/1999
f 2089/384/2000 2032/387/2000 2034/205/2000
f 2093/266/2001 2034/296/2001 2031/200/2001
f 2095/385/2002 2097/277/2002 2044/297/2002
f 2097/298/2003 2094/684/2003 2038/368/2003
f 2087/382/2004 2031/200/2004 2045/370/2004
f 2045/370/2004 2059/232/2004 2073/248/2004
f 2033/367/2005 2039/212/2005 2054/230/2005
f 2089/384/2006 2095/385/2006 2040/369/2006
f 2066/377/2007 2052/224/2007 2038/368/2007
f 2038/368/2007 2094/684/2007 2080/256/2007
f 2053/227/2008 2068/246/2008 2060/375/2008
f 2067/243/2009 2082/262/2009 2074/251/2009
f 2081/380/2010 2096/386/2010 2088/388/2010
f 2101/299/6367 2104/100/6367 2105/2/6367
f 2102/300/6368 2106/87/6368 2105/5/6368
f 2103/7/6369 2107/83/6369 2105/8/6369
f 2108/10/6370 2111/86/6370 2112/11/6370
f 2109/13/6371 2113/88/6371 2112/14/6371
f 2110/301/6372 2114/101/6372 2112/17/6372
f 2115/19/6373 2118/84/6373 2119/20/6373
f 2116/303/6374 2120/304/6374 2119/23/6374
f 2117/25/6375 2121/89/6375 2119/23/6375
f 2122/27/6376 2125/92/6376 2126/28/6376
f 2123/357/6377 2127/306/6377 2126/31/6377
f 2124/33/6378 2128/85/6378 2126/31/6378
f 2129/358/6379 2132/90/6379 2133/36/6379
f 2130/38/6380 2134/309/6380 2133/39/6380
f 2131/308/6381 2135/93/6381 2133/39/6381
f 2136/310/6382 2139/95/6382 2140/44/6382
f 2137/311/6383 2141/247/6383 2140/47/6383
f 2138/359/6384 2142/91/6384 2140/47/6384
f 2143/312/6385 2146/323/6385 2147/52/6385
f 2144/54/6386 2148/314/6386 2147/55/6386
f 2145/675/6387 2149/96/6387 2147/55/6387
f 2150/315/6388 2153/324/6388 2154/60/6388
f 2151/316/6389 2155/317/6389 2154/63/6389
f 2152/65/6390 2156/94/6390 2154/63/6390
f 2157/318/6391 2160/97/6391 2161/68/6391
f 2158/319/6392 2162/74/6392 2161/71/6392
f 2159/73/6393 2163/99/6393 2161/71/6393
f 2164/320/6394 2167/102/6394 2168/76/6394
f 2165/321/6395 2169/322/6395 2168/79/6395
f 2166/81/6396 2170/98/6396 2168/79/6396
f 2103/7/2041 2116/303/2041 2118/24/2041
f 2118/84/2042 2115/19/2042 2101/299/2042
f 2109/13/2043 2111/15/2043 2128/85/2043
f 2128/29/2044 2111/86/2044 2108/10/2044
f 2102/300/2045 2110/301/2045 2113/18/2045
f 2113/88/2046 2109/13/2046 2103/7/2046
f 2117/25/2047 2120/304/2047 2127/306/2047
f 2127/306/2048 2120/304/2048 2116/303/2048
f 2130/38/2049 2132/40/2049 2121/89/2049
f 2121/21/2050 2132/90/2050 2129/358/2050
f 2138/359/2051 2123/357/2051 2125/32/2051
f 2125/92/2052 2122/27/2052 2136/310/2052
f 2131/308/2053 2134/309/2053 2141/247/2053
f 2141/247/2054 2134/309/2054 2130/38/2054
f 2144/54/2055 2146/56/2055 2135/93/2055
f 2146/323/2056 2143/312/2056 2129/358/2056
f 2137/311/2057 2139/48/2057 2156/94/2057
f 2139/95/2058 2136/310/2058 2150/315/2058
f 2145/675/2059 2148/314/2059 2155/317/2059
f 2155/317/2060 2148/314/2060 2144/54/2060
f 2145/675/2061 2158/319/2061 2160/72/2061
f 2149/53/2062 2160/97/2062 2157/318/2062
f 2151/316/2063 2153/64/2063 2170/98/2063
f 2153/324/2064 2150/315/2064 2164/320/2064
f 2159/73/2065 2162/74/2065 2169/322/2065
f 2169/322/2066 2162/74/2066 2158/319/2066
f 2102/300/2067 2104/6/2067 2163/99/2067
f 2104/100/2068 2101/299/2068 2157/318/2068
f 2165/321/2069 2167/80/2069 2114/101/2069
f 2114/12/2070 2167/102/2070 2164/320/2070
f 2157/318/2071 2101/299/2071 2115/19/2071
f 2115/19/2071 2129/358/2071 2143/312/2071
f 2109/13/2072 2124/33/2072 2116/303/2072
f 2165/321/2073 2110/301/2073 2102/300/2073
f 2136/310/2074 2122/27/2074 2108/10/2074
f 2108/10/2074 2164/320/2074 2150/315/2074
f 2123/357/2075 2138/359/2075 2130/38/2075
f 2137/311/2076 2152/65/2076 2144/54/2076
f 2145/675/2077 2151/316/2077 2166/81/2077
f 2171/325/6397 2174/197/6397 2175/104/6397
f 2172/678/6398 2176/185/6398 2175/5/6398
f 2173/326/6399 2177/182/6399 2175/109/6399
f 2178/111/6400 2181/348/6400 2182/112/6400
f 2179/327/6401 2183/186/6401 2182/14/6401
f 2180/328/6402 2184/198/6402 2182/117/6402
f 2185/329/6403 2188/183/6403 2189/120/6403
f 2186/330/6404 2190/26/6404 2189/123/6404
f 2187/355/6405 2191/187/6405 2189/123/6405
f 2192/332/6406 2195/189/6406 2196/128/6406
f 2193/333/6407 2197/306/6407 2196/131/6407
f 2194/133/6408 2198/184/6408 2196/131/6408
f 2199/334/6409 2202/349/6409 2203/136/6409
f 2200/335/6410 2204/42/6410 2203/139/6410
f 2201/141/6411 2205/190/6411 2203/139/6411
f 2206/695/6412 2209/350/6412 2210/144/6412
f 2207/336/6413 2211/150/6413 2210/147/6413
f 2208/149/6414 2212/188/6414 2210/147/6414
f 2213/151/6415 2216/191/6415 2217/152/6415
f 2214/338/6416 2218/340/6416 2217/155/6416
f 2215/339/6417 2219/193/6417 2217/155/6417
f 2220/158/6418 2223/195/6418 2224/159/6418
f 2221/680/6419 2225/165/6419 2224/162/6419
f 2222/342/6420 2226/192/6420 2224/162/6420
f 2227/166/6421 2230/351/6421 2231/167/6421
f 2228/681/6422 2232/173/6422 2231/170/6422
f 2229/344/6423 2233/196/6423 2231/170/6423
f 2234/345/6424 2237/199/6424 2238/175/6424
f 2235/177/6425 2239/347/6425 2238/178/6425
f 2236/346/6426 2240/194/6426 2238/178/6426
f 2186/330/2108 2188/124/2108 2177/182/2108
f 2188/183/2109 2185/329/2109 2171/325/2109
f 2179/327/2110 2181/115/2110 2198/184/2110
f 2198/129/2111 2181/348/2111 2178/111/2111
f 2172/678/2112 2180/328/2112 2183/118/2112
f 2183/186/2113 2179/327/2113 2173/326/2113
f 2187/355/2114 2190/26/2114 2197/306/2114
f 2197/306/2115 2190/26/2115 2186/330/2115
f 2200/335/2116 2202/140/2116 2191/187/2116
f 2202/349/2117 2199/334/2117 2185/329/2117
f 2208/149/2118 2193/333/2118 2195/132/2118
f 2212/145/6427 2195/189/6427 2192/332/6427
f 2201/141/2120 2204/42/2120 2211/150/2120
f 2211/150/2121 2204/42/2121 2200/335/2121
f 2214/338/2122 2216/156/2122 2205/190/2122
f 2216/191/2123 2213/151/2123 2199/334/2123
f 2207/336/2124 2209/148/2124 2226/192/2124
f 2226/160/2125 2209/350/2125 2206/695/2125
f 2215/339/2126 2218/340/2126 2225/165/2126
f 2225/165/2127 2218/340/2127 2214/338/2127
f 2215/339/2128 2228/681/2128 2230/171/2128
f 2230/351/2129 2227/166/2129 2213/151/2129
f 2221/680/2130 2223/163/2130 2240/194/2130
f 2240/176/2131 2223/195/2131 2220/158/2131
f 2229/344/2132 2232/173/2132 2239/347/2132
f 2239/347/2133 2232/173/2133 2228/681/2133
f 2172/678/2134 2174/107/2134 2233/196/2134
f 2233/168/2135 2174/197/2135 2171/325/2135
f 2235/177/2136 2237/179/2136 2184/198/2136
f 2237/199/2137 2234/345/2137 2178/111/2137
f 2227/166/2138 2171/325/2138 2185/329/2138
f 2185/329/2138 2199/334/2138 2213/151/2138
f 2179/327/2139 2194/133/2139 2186/330/2139
f 2229/344/2140 2235/177/2140 2180/328/2140
f 2206/695/2141 2192/332/2141 2178/111/2141
f 2178/111/2141 2234/345/2141 2220/158/2141
f 2193/333/2142 2208/149/2142 2200/335/2142
f 2201/141/2143 2207/336/2143 2222/342/2143
f 2215/339/2144 2221/680/2144 2236/346/2144
f 2241/200/6428 2244/296/6428 2245/201/6428
f 2242/703/6429 2246/283/6429 2245/204/6429
f 2243/367/6430 2247/280/6430 2245/207/6430
f 2248/209/6431 2251/352/6431 2252/210/6431
f 2249/212/6432 2253/88/6432 2252/14/6432
f 2250/214/6433 2254/297/6433 2252/215/6433
f 2255/216/6434 2258/281/6434 2259/217/6434
f 2256/219/6435 2260/223/6435 2259/220/6435
f 2257/697/6436 2261/284/6436 2259/220/6436
f 2262/224/6437 2265/287/6437 2266/225/6437
f 2263/704/6438 2267/231/6438 2266/228/6438
f 2264/230/6439 2268/282/6439 2266/228/6439
f 2269/232/6440 2272/285/6440 2273/233/6440
f 2270/235/6441 2274/239/6441 2273/236/6441
f 2271/698/6442 2275/288/6442 2273/236/6442
f 2276/240/6443 2279/291/6443 2280/241/6443
f 2277/243/6444 2281/247/6444 2280/244/6444
f 2278/246/6445 2282/286/6445 2280/244/6445
f 2283/248/6446 2286/289/6446 2287/249/6446
f 2284/251/6447 2288/255/6447 2287/252/6447
f 2285/254/6448 2289/292/6448 2287/252/6448
f 2290/705/6449 2293/294/6449 2294/257/6449
f 2291/259/6450 2295/263/6450 2294/260/6450
f 2292/262/6451 2296/290/6451 2294/260/6451
f 2297/264/6452 2300/353/6452 2301/265/6452
f 2298/267/6453 2302/271/6453 2301/268/6453
f 2299/270/6454 2303/295/6454 2301/268/6454
f 2304/272/6455 2307/298/6455 2308/273/6455
f 2305/275/6456 2309/279/6456 2308/276/6456
f 2306/278/6457 2310/293/6457 2308/276/6457
f 2256/219/2175 2258/221/2175 2247/280/2175
f 2247/202/2176 2258/281/2176 2255/216/2176
f 2249/212/2177 2251/213/2177 2268/282/2177
f 2251/352/6458 2248/209/6458 2262/224/6458
f 2242/703/2179 2250/214/2179 2253/118/2179
f 2253/88/2180 2249/212/2180 2243/367/2180
f 2257/697/2181 2260/223/2181 2267/231/2181
f 2267/231/2182 2260/223/2182 2256/219/2182
f 2270/235/2183 2272/237/2183 2261/284/2183
f 2272/285/2184 2269/232/2184 2255/216/2184
f 2263/704/2185 2265/229/2185 2282/286/2185
f 2265/287/2186 2262/224/2186 2276/240/2186
f 2271/698/2187 2274/239/2187 2281/247/2187
f 2281/247/2188 2274/239/2188 2270/235/2188
f 2284/251/2189 2286/253/2189 2275/288/2189
f 2275/234/2190 2286/289/2190 2283/248/2190
f 2277/243/2191 2279/245/2191 2296/290/2191
f 2279/291/2192 2276/240/2192 2290/705/2192
f 2285/254/2193 2288/255/2193 2295/263/2193
f 2295/263/2194 2288/255/2194 2284/251/2194
f 2298/267/2195 2300/269/2195 2289/292/2195
f 2300/353/2196 2297/264/2196 2283/248/2196
f 2306/278/2197 2291/259/2197 2293/261/2197
f 2293/294/2198 2290/705/2198 2304/272/2198
f 2299/270/2199 2302/271/2199 2309/279/2199
f 2309/279/2200 2302/271/2200 2298/267/2200
f 2299/270/2201 2242/703/2201 2244/205/2201
f 2244/296/2202 2241/200/2202 2297/264/2202
f 2305/275/2203 2307/277/2203 2254/297/2203
f 2307/298/6459 2304/272/6459 2248/209/6459
f 2297/264/2205 2241/200/2205 2255/216/2205
f 2255/216/2205 2269/232/2205 2283/248/2205
f 2243/367/2206 2249/212/2206 2264/230/2206
f 2299/270/2207 2305/275/2207 2250/214/2207
f 2276/240/2208 2262/224/2208 2248/209/2208
f 2248/209/2208 2304/272/2208 2290/705/2208
f 2263/704/2209 2278/246/2209 2270/235/2209
f 2277/243/2210 2292/262/2210 2284/251/2210
f 2291/259/2211 2306/278/2211 2298/267/2211
f 2311/390/6460 2314/710/6460 2315/391/6460
f 2312/393/6461 2316/475/6461 2315/394/6461
f 2313/396/6462 2317/472/6462 2315/397/6462
f 2318/399/6463 2321/474/6463 2322/400/6463
f 2319/402/6464 2323/476/6464 2322/403/6464
f 2320/405/6465 2324/488/6465 2322/406/6465
f 2325/408/6466 2328/708/6466 2329/409/6466
f 2326/411/6467 2330/415/6467 2329/412/6467
f 2327/414/6468 2331/477/6468 2329/412/6468
f 2332/706/6469 2335/480/6469 2336/417/6469
f 2333/419/6470 2337/423/6470 2336/420/6470
f 2334/422/6471 2338/473/6471 2336/420/6471
f 2339/424/6472 2342/478/6472 2343/425/6472
f 2340/427/6473 2344/431/6473 2343/428/6473
f 2341/430/6474 2345/481/6474 2343/428/6474
f 2346/432/6475 2349/3071/6475 2350/433/6475
f 2347/435/6476 2351/439/6476 2350/436/6476
f 2348/438/6477 2352/479/6477 2350/436/6477
f 2353/440/6478 2356/709/6478 2357/441/6478
f 2354/443/6479 2358/447/6479 2357/444/6479
f 2355/446/6480 2359/483/6480 2357/444/6480
f 2360/707/6481 2363/486/6481 2364/449/6481
f 2361/451/6482 2365/455/6482 2364/452/6482
f 2362/454/6483 2366/482/6483 2364/452/6483
f 2367/456/6484 2370/484/6484 2371/457/6484
f 2368/459/6485 2372/463/6485 2371/460/6485
f 2369/462/6486 2373/487/6486 2371/460/6486
f 2374/464/6487 2377/711/6487 2378/465/6487
f 2375/467/6488 2379/471/6488 2378/468/6488
f 2376/470/6489 2380/485/6489 2378/468/6489
f 2326/411/2242 2328/413/2242 2317/472/2242
f 2328/708/2243 2325/408/2243 2311/390/2243
f 2319/402/2244 2321/404/2244 2338/473/2244
f 2321/474/2245 2318/399/2245 2332/706/2245
f 2312/393/2246 2320/405/2246 2323/407/2246
f 2323/476/2247 2319/402/2247 2313/396/2247
f 2327/414/2248 2330/415/2248 2337/423/2248
f 2337/423/2249 2330/415/2249 2326/411/2249
f 2340/427/2250 2342/429/2250 2331/477/2250
f 2331/410/2251 2342/478/2251 2339/424/2251
f 2348/438/2252 2333/419/2252 2335/421/2252
f 2352/434/2253 2335/480/2253 2332/706/2253
f 2341/430/2254 2344/431/2254 2351/439/2254
f 2351/439/2255 2344/431/2255 2340/427/2255
f 2354/443/2256 2356/445/2256 2345/481/2256
f 2356/709/2257 2353/440/2257 2339/424/2257
f 2362/454/2258 2347/435/2258 2349/437/2258
f 2366/450/2259 2349/3071/2259 2346/432/2259
f 2355/446/2260 2358/447/2260 2365/455/2260
f 2365/455/2261 2358/447/2261 2354/443/2261
f 2368/459/2262 2370/461/2262 2359/483/2262
f 2370/484/2263 2367/456/2263 2353/440/2263
f 2361/451/2264 2363/453/2264 2380/485/2264
f 2380/466/2265 2363/486/2265 2360/707/2265
f 2369/462/2266 2372/463/2266 2379/471/2266
f 2379/471/2267 2372/463/2267 2368/459/2267
f 2312/393/2268 2314/395/2268 2373/487/2268
f 2314/710/2269 2311/390/2269 2367/456/2269
f 2320/405/2270 2375/467/2270 2377/469/2270
f 2377/711/2271 2374/464/2271 2318/399/2271
f 2367/456/2272 2311/390/2272 2325/408/2272
f 2325/408/2272 2339/424/2272 2353/440/2272
f 2319/402/2273 2334/422/2273 2326/411/2273
f 2375/467/2274 2320/405/2274 2312/393/2274
f 2346/432/2275 2332/706/2275 2318/399/2275
f 2318/399/2275 2374/464/2275 2360/707/2275
f 2333/419/2276 2348/438/2276 2340/427/2276
f 2347/435/2277 2362/454/2277 2354/443/2277
f 2361/451/2278 2376/470/2278 2368/459/2278
f 2381/489/6490 2384/579/6490 2385/490/6490
f 2382/492/6491 2386/566/6491 2385/394/6491
f 2383/712/6492 2387/563/6492 2385/495/6492
f 2388/496/6493 2391/565/6493 2392/497/6493
f 2389/499/6494 2393/567/6494 2392/403/6494
f 2390/501/6495 2394/580/6495 2392/502/6495
f 2395/504/6496 2398/715/6496 2399/505/6496
f 2396/507/6497 2400/511/6497 2399/508/6497
f 2397/510/6498 2401/568/6498 2399/508/6498
f 2402/512/6499 2405/570/6499 2406/513/6499
f 2403/713/6500 2407/423/6500 2406/516/6500
f 2404/518/6501 2408/564/6501 2406/516/6501
f 2409/519/6502 2412/3072/6502 2413/520/6502
f 2410/522/6503 2414/431/6503 2413/523/6503
f 2411/525/6504 2415/571/6504 2413/523/6504
f 2416/526/6505 2419/574/6505 2420/527/6505
f 2417/529/6506 2421/533/6506 2420/530/6506
f 2418/532/6507 2422/569/6507 2420/530/6507
f 2423/534/6508 2426/572/6508 2427/535/6508
f 2424/537/6509 2428/447/6509 2427/538/6509
f 2425/540/6510 2429/575/6510 2427/538/6510
f 2430/541/6511 2433/577/6511 2434/542/6511
f 2431/544/6512 2435/455/6512 2434/545/6512
f 2432/547/6513 2436/573/6513 2434/545/6513
f 2437/548/6514 2440/3073/6514 2441/549/6514
f 2438/714/6515 2442/463/6515 2441/552/6515
f 2439/554/6516 2443/578/6516 2441/552/6516
f 2444/555/6517 2447/581/6517 2448/556/6517
f 2445/558/6518 2449/562/6518 2448/559/6518
f 2446/561/6519 2450/576/6519 2448/559/6519
f 2396/507/2309 2398/509/2309 2387/563/2309
f 2398/715/2310 2395/504/2310 2381/489/2310
f 2389/499/2311 2391/500/2311 2408/564/2311
f 2408/514/2312 2391/565/2312 2388/496/2312
f 2382/492/2313 2390/501/2313 2393/503/2313
f 2393/567/2314 2389/499/2314 2383/712/2314
f 2397/510/2315 2400/511/2315 2407/423/2315
f 2407/423/2316 2400/511/2316 2396/507/2316
f 2410/522/2317 2412/524/2317 2401/568/2317
f 2401/506/2318 2412/3072/2318 2409/519/2318
f 2418/532/2319 2403/713/2319 2405/517/2319
f 2422/528/2320 2405/570/2320 2402/512/2320
f 2411/525/2321 2414/431/2321 2421/533/2321
f 2421/533/2322 2414/431/2322 2410/522/2322
f 2424/537/2323 2426/539/2323 2415/571/2323
f 2426/572/2324 2423/534/2324 2409/519/2324
f 2417/529/2325 2419/531/2325 2436/573/2325
f 2419/574/2326 2416/526/2326 2430/541/2326
f 2425/540/2327 2428/447/2327 2435/455/2327
f 2435/455/2328 2428/447/2328 2424/537/2328
f 2438/714/2329 2440/553/2329 2429/575/2329
f 2429/536/2330 2440/3073/2330 2437/548/2330
f 2446/561/2331 2431/544/2331 2433/546/2331
f 2433/577/2332 2430/541/2332 2444/555/2332
f 2439/554/2333 2442/463/2333 2449/562/2333
f 2449/562/2334 2442/463/2334 2438/714/2334
f 2382/492/2335 2384/493/2335 2443/578/2335
f 2384/579/2336 2381/489/2336 2437/548/2336
f 2445/558/2337 2447/560/2337 2394/580/2337
f 2394/498/2338 2447/581/2338 2444/555/2338
f 2437/548/2339 2381/489/2339 2395/504/2339
f 2395/504/2339 2409/519/2339 2423/534/2339
f 2389/499/2340 2404/518/2340 2396/507/2340
f 2445/558/2341 2390/501/2341 2382/492/2341
f 2416/526/2342 2402/512/2342 2388/496/2342
f 2388/496/2342 2444/555/2342 2430/541/2342
f 2403/713/2343 2418/532/2343 2410/522/2343
f 2417/529/2344 2432/547/2344 2424/537/2344
f 2431/544/2345 2446/561/2345 2438/714/2345
f 2451/582/6520 2454/672/6520 2455/583/6520
f 2452/716/6521 2456/475/6521 2455/394/6521
f 2453/717/6522 2457/658/6522 2455/588/6522
f 2458/718/6523 2461/661/6523 2462/591/6523
f 2459/593/6524 2463/476/6524 2462/403/6524
f 2460/595/6525 2464/673/6525 2462/596/6525
f 2465/597/6526 2468/659/6526 2469/598/6526
f 2466/719/6527 2470/720/6527 2469/601/6527
f 2467/603/6528 2471/662/6528 2469/601/6528
f 2472/605/6529 2475/664/6529 2476/606/6529
f 2473/608/6530 2477/722/6530 2476/609/6530
f 2474/721/6531 2478/660/6531 2476/609/6531
f 2479/723/6532 2482/738/6532 2483/614/6532
f 2480/724/6533 2484/431/6533 2483/617/6533
f 2481/725/6534 2485/665/6534 2483/617/6534
f 2486/620/6535 2489/739/6535 2490/621/6535
f 2487/726/6536 2491/728/6536 2490/624/6536
f 2488/727/6537 2492/663/6537 2490/624/6537
f 2493/628/6538 2496/666/6538 2497/629/6538
f 2494/729/6539 2498/731/6539 2497/632/6539
f 2495/730/6540 2499/668/6540 2497/632/6540
f 2500/635/6541 2503/740/6541 2504/636/6541
f 2501/732/6542 2505/733/6542 2504/639/6542
f 2502/641/6543 2506/667/6543 2504/639/6543
f 2507/643/6544 2510/669/6544 2511/644/6544
f 2508/734/6545 2512/736/6545 2511/647/6545
f 2509/735/6546 2513/671/6546 2511/647/6546
f 2514/737/6547 2517/741/6547 2518/652/6547
f 2515/654/6548 2519/562/6548 2518/655/6548
f 2516/657/6549 2520/670/6549 2518/655/6549
f 2453/717/2376 2466/719/2376 2468/602/2376
f 2457/584/2377 2468/659/2377 2465/597/2377
f 2474/721/2378 2459/593/2378 2461/594/2378
f 2461/661/2379 2458/718/2379 2472/605/2379
f 2452/716/2380 2460/595/2380 2463/407/2380
f 2463/476/2381 2459/593/2381 2453/717/2381
f 2467/603/2382 2470/720/2382 2477/722/2382
f 2477/722/2383 2470/720/2383 2466/719/2383
f 2467/603/2384 2480/724/2384 2482/618/2384
f 2482/738/2385 2479/723/2385 2465/597/2385
f 2488/727/2386 2473/608/2386 2475/610/2386
f 2475/664/2387 2472/605/2387 2486/620/2387
f 2481/725/2388 2484/431/2388 2491/728/2388
f 2491/728/2389 2484/431/2389 2480/724/2389
f 2494/729/6550 2496/633/6550 2485/665/6550
f 2485/615/2391 2496/666/2391 2493/628/2391
f 2487/726/6551 2489/625/6551 2506/667/6551
f 2489/739/2393 2486/620/2393 2500/635/2393
f 2495/730/2394 2498/731/2394 2505/733/2394
f 2505/733/2395 2498/731/2395 2494/729/2395
f 2508/734/2396 2510/648/2396 2499/668/2396
f 2510/669/2397 2507/643/2397 2493/628/2397
f 2516/657/2398 2501/732/2398 2503/640/2398
f 2503/740/2399 2500/635/2399 2514/737/2399
f 2509/735/2400 2512/736/2400 2519/562/2400
f 2519/562/2401 2512/736/2401 2508/734/2401
f 2452/716/2402 2454/586/2402 2513/671/2402
f 2513/645/2403 2454/672/2403 2451/582/2403
f 2515/654/2404 2517/656/2404 2464/673/2404
f 2517/741/2405 2514/737/2405 2458/718/2405
f 2507/643/2406 2451/582/2406 2465/597/2406
f 2465/597/2406 2479/723/2406 2493/628/2406
f 2453/717/2407 2459/593/2407 2474/721/2407
f 2515/654/2408 2460/595/2408 2452/716/2408
f 2486/620/2409 2472/605/2409 2458/718/2409
f 2458/718/2409 2514/737/2409 2500/635/2409
f 2473/608/2410 2488/727/2410 2480/724/2410
f 2487/726/2411 2502/641/2411 2494/729/2411
f 2495/730/2412 2501/732/2412 2516/657/2412
f 2521/742/6552 2524/3074/6552 2525/743/6552
f 2526/745/6553 2525/3075/6553 2524/746/6553
f 2527/748/6554 2525/3076/6554 2526/749/6554
f 2528/751/6555 2531/857/6555 2532/752/6555
f 2533/754/6556 2532/3077/6556 2531/755/6556
f 2534/757/6557 2532/3078/6557 2533/758/6557
f 2535/760/6558 2538/856/6558 2539/761/6558
f 2540/763/6559 2539/3079/6559 2538/764/6559
f 2541/766/6560 2539/3079/6560 2540/763/6560
f 2542/768/6561 2545/858/6561 2546/769/6561
f 2547/771/6562 2546/3080/6562 2545/772/6562
f 2548/774/6563 2546/3080/6563 2547/771/6563
f 2549/776/6564 2552/3081/6564 2553/777/6564
f 2554/779/6565 2553/3082/6565 2552/780/6565
f 2555/782/6566 2553/3082/6566 2554/779/6566
f 2556/784/6567 2559/860/6567 2560/785/6567
f 2561/787/6568 2560/3083/6568 2559/788/6568
f 2562/790/6569 2560/3083/6569 2561/787/6569
f 2563/792/6570 2566/859/6570 2567/793/6570
f 2568/795/6571 2567/3084/6571 2566/796/6571
f 2569/798/6572 2567/3084/6572 2568/795/6572
f 2570/800/6573 2573/3085/6573 2574/801/6573
f 2575/803/6574 2574/3086/6574 2573/804/6574
f 2576/806/6575 2574/3086/6575 2575/803/6575
f 2577/808/6576 2580/861/6576 2581/809/6576
f 2582/811/6577 2581/3087/6577 2580/812/6577
f 2583/814/6578 2581/3087/6578 2582/811/6578
f 2584/816/6579 2587/863/6579 2588/817/6579
f 2589/819/6580 2588/3088/6580 2587/820/6580
f 2590/822/6581 2588/3088/6581 2589/819/6581
f 2591/824/6582 2594/862/6582 2595/825/6582
f 2596/827/6583 2595/3089/6583 2594/828/6583
f 2597/830/6584 2595/3089/6584 2596/827/6584
f 2598/832/6585 2601/865/6585 2602/833/6585
f 2603/835/6586 2602/3090/6586 2601/836/6586
f 2604/838/6587 2602/3090/6587 2603/835/6587
f 2605/840/6588 2608/864/6588 2609/841/6588
f 2610/843/6589 2609/3091/6589 2608/844/6589
f 2611/846/6590 2609/3091/6590 2610/843/6590
f 2612/848/6591 2615/3092/6591 2616/849/6591
f 2617/851/6592 2616/3093/6592 2615/852/6592
f 2618/854/6593 2616/3093/6593 2617/851/6593
f 2523/750/2455 2536/765/2455 2538/764/2455
f 2538/856/2456 2535/760/2456 2521/742/2456
f 2529/756/2457 2531/755/2457 2548/774/2457
f 2531/857/2458 2528/751/2458 2542/768/2458
f 2522/747/6594 2530/759/6594 2533/758/6594
f 2533/754/6595 2529/756/6595 2523/750/6595
f 2537/767/6596 2540/763/6596 2547/771/6596
f 2547/771/6597 2540/763/6597 2536/765/6597
f 2550/781/2463 2552/780/2463 2541/766/2463
f 2541/762/2464 2552/3081/2464 2549/776/2464
f 2558/791/2465 2543/773/2465 2545/772/2465
f 2545/858/2466 2542/768/2466 2556/784/2466
f 2551/783/6598 2554/779/6598 2561/787/6598
f 2561/787/6599 2554/779/6599 2550/781/6599
f 2564/797/6600 2566/796/6600 2555/782/6600
f 2566/859/2470 2563/792/2470 2549/776/2470
f 2572/807/2471 2557/789/2471 2559/788/2471
f 2559/860/6601 2556/784/6601 2570/800/6601
f 2565/799/6602 2568/795/6602 2575/803/6602
f 2575/803/6603 2568/795/6603 2564/797/6603
f 2578/813/2475 2580/812/2475 2569/798/2475
f 2580/861/2476 2577/808/2476 2563/792/2476
f 2571/805/2477 2573/804/2477 2590/822/2477
f 2590/818/2478 2573/3085/2478 2570/800/2478
f 2579/815/6604 2582/811/6604 2589/819/6604
f 2589/819/6605 2582/811/6605 2578/813/6605
f 2579/815/2481 2592/829/2481 2594/828/2481
f 2594/862/2482 2591/824/2482 2577/808/2482
f 2585/821/6606 2587/820/6606 2604/838/6606
f 2587/863/2484 2584/816/2484 2598/832/2484
f 2593/831/6607 2596/827/6607 2603/835/6607
f 2603/835/6608 2596/827/6608 2592/829/6608
f 2606/845/6609 2608/844/6609 2597/830/6609
f 2608/864/2488 2605/840/2488 2591/824/2488
f 2599/837/2489 2601/836/2489 2618/854/2489
f 2601/865/2490 2598/832/2490 2612/848/2490
f 2607/847/6610 2610/843/6610 2617/851/6610
f 2617/851/6611 2610/843/6611 2606/845/6611
f 2522/747/6612 2524/746/6612 2611/846/6612
f 2611/842/2494 2524/3074/2494 2521/742/2494
f 2613/853/2495 2615/852/2495 2534/757/2495
f 2534/753/2496 2615/3092/2496 2612/848/2496
f 2605/840/2497 2521/742/2497 2535/760/2497
f 2535/760/2497 2549/776/2497 2563/792/2497
f 2563/792/2497 2577/808/2497 2591/824/2497
f 2591/824/2497 2605/840/2497 2535/760/2497
f 2529/756/6613 2544/775/6613 2536/765/6613
f 2607/847/2499 2613/853/2499 2530/759/2499
f 2556/784/2500 2542/768/2500 2528/751/2500
f 2528/751/2500 2612/848/2500 2598/832/2500
f 2598/832/2500 2584/816/2500 2570/800/2500
f 2570/800/2500 2556/784/2500 2528/751/2500
f 2543/773/2501 2558/791/2501 2550/781/2501
f 2551/783/2502 2557/789/2502 2572/807/2502
f 2565/799/2503 2571/805/2503 2586/823/2503
f 2585/821/2504 2600/839/2504 2592/829/2504
f 2599/837/2505 2614/855/2505 2606/845/2505
f 2717/987/6676 2720/1086/6676 2721/988/6676
f 2718/990/6677 2722/1072/6677 2721/991/6677
f 2719/993/6678 2723/1069/6678 2721/994/6678
f 2724/996/6679 2727/1071/6679 2728/997/6679
f 2725/999/6680 2729/1073/6680 2728/1000/6680
f 2726/1002/6681 2730/1087/6681 2728/1003/6681
f 2731/1005/6682 2734/1366/6682 2735/1006/6682
f 2732/1008/6683 2736/1012/6683 2735/1009/6683
f 2733/1011/6684 2737/1074/6684 2735/1009/6684
f 2738/1013/6685 2741/3117/6685 2742/1014/6685
f 2739/1016/6686 2743/1020/6686 2742/1017/6686
f 2740/1019/6687 2744/1070/6687 2742/1017/6687
f 2745/1021/6688 2748/1075/6688 2749/1022/6688
f 2746/1024/6689 2750/1028/6689 2749/1025/6689
f 2747/1027/6690 2751/1077/6690 2749/1025/6690
f 2752/1029/6691 2755/1080/6691 2756/1030/6691
f 2753/1032/6692 2757/1036/6692 2756/1033/6692
f 2754/1035/6693 2758/1076/6693 2756/1033/6693
f 2759/1037/6694 2762/1078/6694 2763/1038/6694
f 2760/1040/6695 2764/1044/6695 2763/1041/6695
f 2761/1043/6696 2765/1081/6696 2763/1041/6696
f 2766/1045/6697 2769/1084/6697 2770/1046/6697
f 2767/1048/6698 2771/1052/6698 2770/1049/6698
f 2768/1051/6699 2772/1079/6699 2770/1049/6699
f 2773/1053/6700 2776/1082/6700 2777/1054/6700
f 2774/1056/6701 2778/1060/6701 2777/1057/6701
f 2775/1059/6702 2779/1085/6702 2777/1057/6702
f 2780/1061/6703 2783/1088/6703 2784/1062/6703
f 2781/1064/6704 2785/1068/6704 2784/1065/6704
f 2782/1067/6705 2786/1083/6705 2784/1065/6705
f 2732/1008/2629 2734/1010/2629 2723/1069/2629
f 2723/989/2630 2734/1366/2630 2731/1005/2630
f 2740/1019/2631 2725/999/2631 2727/1001/2631
f 2727/1071/2632 2724/996/2632 2738/1013/2632
f 2718/990/2633 2726/1002/2633 2729/1004/2633
f 2729/1073/2634 2725/999/2634 2719/993/2634
f 2733/1011/2635 2736/1012/2635 2743/1020/2635
f 2743/1020/2636 2736/1012/2636 2732/1008/2636
f 2746/1024/2637 2748/1026/2637 2737/1074/2637
f 2748/1075/6706 2745/1021/6706 2731/1005/6706
f 2754/1035/2639 2739/1016/2639 2741/1018/2639
f 2758/1031/2640 2741/3117/2640 2738/1013/2640
f 2747/1027/2641 2750/1028/2641 2757/1036/2641
f 2757/1036/2642 2750/1028/2642 2746/1024/2642
f 2760/1040/6707 2762/1042/6707 2751/1077/6707
f 2762/1078/2644 2759/1037/2644 2745/1021/2644
f 2753/1032/2645 2755/1034/2645 2772/1079/2645
f 2755/1080/2646 2752/1029/2646 2766/1045/2646
f 2761/1043/2647 2764/1044/2647 2771/1052/2647
f 2771/1052/2648 2764/1044/2648 2760/1040/2648
f 2774/1056/2649 2776/1058/2649 2765/1081/2649
f 2776/1082/2650 2773/1053/2650 2759/1037/2650
f 2782/1067/2651 2767/1048/2651 2769/1050/2651
f 2769/1084/2652 2766/1045/2652 2780/1061/2652
f 2775/1059/2653 2778/1060/2653 2785/1068/2653
f 2785/1068/2654 2778/1060/2654 2774/1056/2654
f 2718/990/2655 2720/992/2655 2779/1085/2655
f 2720/1086/2656 2717/987/2656 2773/1053/2656
f 2726/1002/2657 2781/1064/2657 2783/1066/2657
f 2783/1088/2658 2780/1061/2658 2724/996/2658
f 2773/1053/2659 2717/987/2659 2731/1005/2659
f 2731/1005/2659 2745/1021/2659 2759/1037/2659
f 2725/999/2660 2740/1019/2660 2732/1008/2660
f 2775/1059/2661 2781/1064/2661 2726/1002/2661
f 2752/1029/6708 2738/1013/6708 2724/996/6708
f 2724/996/2662 2780/1061/2662 2766/1045/2662
f 2739/1016/2663 2754/1035/2663 2746/1024/2663
f 2747/1027/2664 2753/1032/2664 2768/1051/2664
f 2767/1048/2665 2782/1067/2665 2774/1056/2665
f 2787/1089/6709 2790/1330/6709 2791/1090/6709
f 2788/1092/6710 2792/1072/6710 2791/991/6710
f 2789/1094/6711 2793/1168/6711 2791/1095/6711
f 2794/1097/6712 2797/1327/6712 2798/1098/6712
f 2795/1100/6713 2799/1170/6713 2798/1000/6713
f 2796/1102/6714 2800/1181/6714 2798/1103/6714
f 2801/1104/6715 2804/1326/6715 2805/1105/6715
f 2802/1107/6716 2806/1111/6716 2805/1108/6716
f 2803/1110/6717 2807/1171/6717 2805/1108/6717
f 2808/1112/6718 2811/1328/6718 2812/1113/6718
f 2809/1115/6719 2813/1119/6719 2812/1116/6719
f 2810/1118/6720 2814/1169/6720 2812/1116/6720
f 2815/1120/6721 2818/1172/6721 2819/1121/6721
f 2816/1123/6722 2820/1127/6722 2819/1124/6722
f 2817/1126/6723 2821/1174/6723 2819/1124/6723
f 2822/1128/6724 2825/1176/6724 2826/1129/6724
f 2823/1131/6725 2827/1135/6725 2826/1132/6725
f 2824/1134/6726 2828/1173/6726 2826/1132/6726
f 2829/1136/6727 2832/1370/6727 2833/1137/6727
f 2830/1139/6728 2834/1143/6728 2833/1140/6728
f 2831/1142/6729 2835/1177/6729 2833/1140/6729
f 2836/1144/6730 2839/1329/6730 2840/1145/6730
f 2837/1147/6731 2841/1151/6731 2840/1148/6731
f 2838/1150/6732 2842/1175/6732 2840/1148/6732
f 2843/1152/6733 2846/1178/6733 2847/1153/6733
f 2844/1155/6734 2848/1159/6734 2847/1156/6734
f 2845/1158/6735 2849/1180/6735 2847/1156/6735
f 2850/1160/6736 2853/1182/6736 2854/1161/6736
f 2851/1163/6737 2855/1167/6737 2854/1164/6737
f 2852/1166/6738 2856/1179/6738 2854/1164/6738
f 2802/1107/2696 2804/1109/2696 2793/1168/2696
f 2793/1091/2697 2804/1326/2697 2801/1104/2697
f 2795/1100/2698 2797/1101/2698 2814/1169/2698
f 2814/1114/2699 2797/1327/2699 2794/1097/2699
f 2788/1092/2700 2796/1102/2700 2799/1004/2700
f 2799/1170/2701 2795/1100/2701 2789/1094/2701
f 2803/1110/2702 2806/1111/2702 2813/1119/2702
f 2813/1119/2703 2806/1111/2703 2802/1107/2703
f 2816/1123/2704 2818/1125/2704 2807/1171/2704
f 2818/1172/2705 2815/1120/2705 2801/1104/2705
f 2824/1134/2706 2809/1115/2706 2811/1117/2706
f 2828/1130/2707 2811/1328/2707 2808/1112/2707
f 2817/1126/2708 2820/1127/2708 2827/1135/2708
f 2827/1135/6739 2820/1127/6739 2816/1123/6739
f 2817/1126/2710 2830/1139/2710 2832/1141/2710
f 2821/1122/2711 2832/1370/2711 2829/1136/2711
f 2838/1150/2712 2823/1131/2712 2825/1133/2712
f 2825/1176/2713 2822/1128/2713 2836/1144/2713
f 2831/1142/2714 2834/1143/2714 2841/1151/2714
f 2841/1151/2715 2834/1143/2715 2830/1139/2715
f 2831/1142/2716 2844/1155/2716 2846/1157/2716
f 2846/1178/2717 2843/1152/2717 2829/1136/2717
f 2837/1147/2718 2839/1149/2718 2856/1179/2718
f 2856/1162/2719 2839/1329/2719 2836/1144/2719
f 2845/1158/2720 2848/1159/2720 2855/1167/2720
f 2855/1167/2721 2848/1159/2721 2844/1155/2721
f 2845/1158/2722 2788/1092/2722 2790/1093/2722
f 2849/1154/2723 2790/1330/2723 2787/1089/2723
f 2851/1163/2724 2853/1165/2724 2800/1181/2724
f 2853/1182/2725 2850/1160/2725 2794/1097/2725
f 2843/1152/2726 2787/1089/2726 2801/1104/2726
f 2801/1104/2726 2815/1120/2726 2829/1136/2726
f 2795/1100/2727 2810/1118/2727 2802/1107/2727
f 2851/1163/2728 2796/1102/2728 2788/1092/2728
f 2822/1128/2729 2808/1112/2729 2794/1097/2729
f 2794/1097/2729 2850/1160/2729 2836/1144/2729
f 2803/1110/2730 2809/1115/2730 2824/1134/2730
f 2823/1131/2731 2838/1150/2731 2830/1139/2731
f 2837/1147/2732 2852/1166/2732 2844/1155/2732
f 2857/1183/6740 2860/1274/6740 2861/1184/6740
f 2858/1186/6741 2862/1261/6741 2861/991/6741
f 2859/1188/6742 2863/1259/6742 2861/1189/6742
f 2864/1190/6743 2867/1336/6743 2868/1191/6743
f 2865/1193/6744 2869/1073/6744 2868/1000/6744
f 2866/1195/6745 2870/1275/6745 2868/1196/6745
f 2871/1197/6746 2874/1335/6746 2875/1198/6746
f 2872/1200/6747 2876/1204/6747 2875/1201/6747
f 2873/1203/6748 2877/1262/6748 2875/1201/6748
f 2878/1205/6749 2881/1265/6749 2882/1206/6749
f 2879/1208/6750 2883/1212/6750 2882/1209/6750
f 2880/1211/6751 2884/1260/6751 2882/1209/6751
f 2885/1213/6752 2888/1263/6752 2889/1214/6752
f 2886/1216/6753 2890/1220/6753 2889/1217/6753
f 2887/1219/6754 2891/1266/6754 2889/1217/6754
f 2892/1221/6755 2895/1359/6755 2896/1222/6755
f 2893/1224/6756 2897/1228/6756 2896/1225/6756
f 2894/1227/6757 2898/1264/6757 2896/1225/6757
f 2899/1229/6758 2902/1267/6758 2903/1230/6758
f 2900/1232/6759 2904/1236/6759 2903/1233/6759
f 2901/1235/6760 2905/1269/6760 2903/1233/6760
f 2906/1237/6761 2909/1272/6761 2910/1238/6761
f 2907/1240/6762 2911/1052/6762 2910/1241/6762
f 2908/1243/6763 2912/1268/6763 2910/1241/6763
f 2913/1244/6764 2916/1270/6764 2917/1245/6764
f 2914/1247/6765 2918/1159/6765 2917/1248/6765
f 2915/1250/6766 2919/1273/6766 2917/1248/6766
f 2920/1251/6767 2923/1276/6767 2924/1252/6767
f 2921/1254/6768 2925/1258/6768 2924/1255/6768
f 2922/1257/6769 2926/1271/6769 2924/1255/6769
f 2872/1200/2763 2874/1202/2763 2863/1259/2763
f 2863/1185/2764 2874/1335/2764 2871/1197/2764
f 2865/1193/2765 2867/1194/2765 2884/1260/2765
f 2884/1207/6770 2867/1336/6770 2864/1190/6770
f 2858/1186/2767 2866/1195/2767 2869/1004/2767
f 2869/1073/2768 2865/1193/2768 2859/1188/2768
f 2873/1203/2769 2876/1204/2769 2883/1212/2769
f 2883/1212/2770 2876/1204/2770 2872/1200/2770
f 2886/1216/2771 2888/1218/2771 2877/1262/2771
f 2888/1263/6771 2885/1213/6771 2871/1197/6771
f 2879/1208/2773 2881/1210/2773 2898/1264/2773
f 2881/1265/2774 2878/1205/2774 2892/1221/2774
f 2887/1219/2775 2890/1220/2775 2897/1228/2775
f 2897/1228/2776 2890/1220/2776 2886/1216/2776
f 2900/1232/2777 2902/1234/2777 2891/1266/2777
f 2902/1267/6772 2899/1229/6772 2885/1213/6772
f 2893/1224/6773 2895/1226/6773 2912/1268/6773
f 2912/1239/2780 2895/1359/2780 2892/1221/2780
f 2901/1235/2781 2904/1236/2781 2911/1052/2781
f 2911/1052/2782 2904/1236/2782 2900/1232/2782
f 2901/1235/2783 2914/1247/2783 2916/1249/2783
f 2916/1270/6774 2913/1244/6774 2899/1229/6774
f 2922/1257/6775 2907/1240/6775 2909/1242/6775
f 2909/1272/2786 2906/1237/2786 2920/1251/2786
f 2915/1250/6776 2918/1159/6776 2925/1258/6776
f 2925/1258/2788 2918/1159/2788 2914/1247/2788
f 2858/1186/6777 2860/1187/6777 2919/1273/6777
f 2860/1274/6778 2857/1183/6778 2913/1244/6778
f 2866/1195/2791 2921/1254/2791 2923/1256/2791
f 2923/1276/6779 2920/1251/6779 2864/1190/6779
f 2913/1244/2793 2857/1183/2793 2871/1197/2793
f 2871/1197/2793 2885/1213/2793 2899/1229/2793
f 2865/1193/2794 2880/1211/2794 2872/1200/2794
f 2915/1250/2795 2921/1254/2795 2866/1195/2795
f 2892/1221/2796 2878/1205/2796 2864/1190/2796
f 2864/1190/2796 2920/1251/2796 2906/1237/2796
f 2873/1203/2797 2879/1208/2797 2894/1227/2797
f 2887/1219/2798 2893/1224/2798 2908/1243/2798
f 2907/1240/2799 2922/1257/2799 2914/1247/2799
f 2927/1277/6780 2930/1086/6780 2931/988/6780
f 2928/990/6781 2932/1072/6781 2931/991/6781
f 2929/1278/6782 2933/1069/6782 2931/994/6782
f 2934/1279/6783 2937/1071/6783 2938/997/6783
f 2935/999/6784 2939/1073/6784 2938/1000/6784
f 2936/1280/6785 2940/1087/6785 2938/1003/6785
f 2941/1281/6786 2944/1366/6786 2945/1006/6786
f 2942/1282/6787 2946/1284/6787 2945/1009/6787
f 2943/1283/6788 2947/1074/6788 2945/1009/6788
f 2948/1013/6789 2951/3117/6789 2952/1014/6789
f 2949/1285/6790 2953/1020/6790 2952/1017/6790
f 2950/1019/6791 2954/1070/6791 2952/1017/6791
f 2955/1286/6792 2958/1075/6792 2959/1022/6792
f 2956/1287/6793 2960/1289/6793 2959/1025/6793
f 2957/1288/6794 2961/1077/6794 2959/1025/6794
f 2962/1290/6795 2965/1080/6795 2966/1030/6795
f 2963/1032/6796 2967/1228/6796 2966/1033/6796
f 2964/1035/6797 2968/1076/6797 2966/1033/6797
f 2969/1037/6798 2972/1078/6798 2973/1038/6798
f 2970/1291/6799 2974/1143/6799 2973/1041/6799
f 2971/1292/6800 2975/1081/6800 2973/1041/6800
f 2976/1293/6801 2979/1084/6801 2980/1046/6801
f 2977/1048/6802 2981/1294/6802 2980/1049/6802
f 2978/1051/6803 2982/1079/6803 2980/1049/6803
f 2983/1053/6804 2986/1082/6804 2987/1054/6804
f 2984/1295/6805 2988/1060/6805 2987/1057/6805
f 2985/1059/6806 2989/1085/6806 2987/1057/6806
f 2990/1296/6807 2993/1088/6807 2994/1062/6807
f 2991/1297/6808 2995/1299/6808 2994/1065/6808
f 2992/1298/6809 2996/1083/6809 2994/1065/6809
f 2942/1282/2830 2944/1010/2830 2933/1069/2830
f 2933/989/2831 2944/1366/2831 2941/1281/2831
f 2935/999/2832 2937/1001/2832 2954/1070/2832
f 2937/1071/2833 2934/1279/2833 2948/1013/2833
f 2928/990/2834 2936/1280/2834 2939/1004/2834
f 2939/1073/2835 2935/999/2835 2929/1278/2835
f 2943/1283/2836 2946/1284/2836 2953/1020/2836
f 2953/1020/2837 2946/1284/2837 2942/1282/2837
f 2956/1287/2838 2958/1026/2838 2947/1074/2838
f 2947/1007/2839 2958/1075/2839 2955/1286/2839
f 2964/1035/2840 2949/1285/2840 2951/1018/2840
f 2968/1031/2841 2951/3117/2841 2948/1013/2841
f 2957/1288/2842 2960/1289/2842 2967/1228/2842
f 2967/1228/2843 2960/1289/2843 2956/1287/2843
f 2957/1288/2844 2970/1291/2844 2972/1042/2844
f 2972/1078/2845 2969/1037/2845 2955/1286/2845
f 2978/1051/2846 2963/1032/2846 2965/1034/2846
f 2965/1080/2847 2962/1290/2847 2976/1293/2847
f 2971/1292/2848 2974/1143/2848 2981/1294/2848
f 2981/1294/2849 2974/1143/2849 2970/1291/2849
f 2984/1295/2850 2986/1058/2850 2975/1081/2850
f 2986/1082/2851 2983/1053/2851 2969/1037/2851
f 2992/1298/2852 2977/1048/2852 2979/1050/2852
f 2996/1063/2853 2979/1084/2853 2976/1293/2853
f 2985/1059/2854 2988/1060/2854 2995/1299/2854
f 2995/1299/2855 2988/1060/2855 2984/1295/2855
f 2985/1059/2856 2928/990/2856 2930/992/2856
f 2989/1055/2857 2930/1086/2857 2927/1277/2857
f 2991/1297/2858 2993/1066/2858 2940/1087/2858
f 2993/1088/2859 2990/1296/2859 2934/1279/2859
f 2983/1053/2860 2927/1277/2860 2941/1281/2860
f 2941/1281/2860 2955/1286/2860 2969/1037/2860
f 2929/1278/2861 2935/999/2861 2950/1019/2861
f 2985/1059/2862 2991/1297/2862 2936/1280/2862
f 2962/1290/2863 2948/1013/2863 2934/1279/2863
f 2934/1279/2863 2990/1296/2863 2976/1293/2863
f 2949/1285/2864 2964/1035/2864 2956/1287/2864
f 2963/1032/2865 2978/1051/2865 2970/1291/2865
f 2971/1292/2866 2977/1048/2866 2992/1298/2866
f 2997/1300/6810 3000/1330/6810 3001/1090/6810
f 2998/1092/6811 3002/1072/6811 3001/991/6811
f 2999/1301/6812 3003/1168/6812 3001/1095/6812
f 3004/1302/6813 3007/1327/6813 3008/1098/6813
f 3005/1100/6814 3009/1170/6814 3008/1000/6814
f 3006/1303/6815 3010/1181/6815 3008/1103/6815
f 3011/1304/6816 3014/1326/6816 3015/1105/6816
f 3012/1107/6817 3016/1111/6817 3015/1108/6817
f 3013/1305/6818 3017/1171/6818 3015/1108/6818
f 3018/1306/6819 3021/1328/6819 3022/1113/6819
f 3019/1307/6820 3023/1308/6820 3022/1116/6820
f 3020/1118/6821 3024/1169/6821 3022/1116/6821
f 3025/1120/6822 3028/1172/6822 3029/1121/6822
f 3026/1309/6823 3030/1127/6823 3029/1124/6823
f 3027/1126/6824 3031/1174/6824 3029/1124/6824
f 3032/1310/6825 3035/1176/6825 3036/1129/6825
f 3033/1311/6826 3037/1313/6826 3036/1132/6826
f 3034/1312/6827 3038/1173/6827 3036/1132/6827
f 3039/1136/6828 3042/1370/6828 3043/1137/6828
f 3040/1314/6829 3044/1143/6829 3043/1140/6829
f 3041/1315/6830 3045/1177/6830 3043/1140/6830
f 3046/1316/6831 3049/1329/6831 3050/1145/6831
f 3047/1317/6832 3051/1319/6832 3050/1148/6832
f 3048/1318/6833 3052/1175/6833 3050/1148/6833
f 3053/1320/6834 3056/1178/6834 3057/1153/6834
f 3054/1321/6835 3058/1322/6835 3057/1156/6835
f 3055/1158/6836 3059/1180/6836 3057/1156/6836
f 3060/1323/6837 3063/1182/6837 3064/1161/6837
f 3061/1163/6838 3065/1325/6838 3064/1164/6838
f 3062/1324/6839 3066/1179/6839 3064/1164/6839
f 3012/1107/2897 3014/1109/2897 3003/1168/2897
f 3014/1326/2898 3011/1304/2898 2997/1300/2898
f 3005/1100/2899 3007/1101/2899 3024/1169/2899
f 3007/1327/2900 3004/1302/2900 3018/1306/2900
f 2998/1092/2901 3006/1303/2901 3009/1004/2901
f 3009/1170/2902 3005/1100/2902 2999/1301/2902
f 3013/1305/2903 3016/1111/2903 3023/1308/2903
f 3023/1308/2904 3016/1111/2904 3012/1107/2904
f 3013/1305/2905 3026/1309/2905 3028/1125/2905
f 3028/1172/2906 3025/1120/2906 3011/1304/2906
f 3019/1307/2907 3021/1117/2907 3038/1173/2907
f 3021/1328/2908 3018/1306/2908 3032/1310/2908
f 3027/1126/2909 3030/1127/2909 3037/1313/2909
f 3037/1313/2910 3030/1127/2910 3026/1309/2910
f 3040/1314/2911 3042/1141/2911 3031/1174/2911
f 3031/1122/2912 3042/1370/2912 3039/1136/2912
f 3033/1311/2913 3035/1133/2913 3052/1175/2913
f 3035/1176/2914 3032/1310/2914 3046/1316/2914
f 3041/1315/2915 3044/1143/2915 3051/1319/2915
f 3051/1319/2916 3044/1143/2916 3040/1314/2916
f 3054/1321/6840 3056/1157/6840 3045/1177/6840
f 3056/1178/2918 3053/1320/2918 3039/1136/2918
f 3062/1324/2919 3047/1317/2919 3049/1149/2919
f 3049/1329/6841 3046/1316/6841 3060/1323/6841
f 3055/1158/2921 3058/1322/2921 3065/1325/2921
f 3065/1325/2922 3058/1322/2922 3054/1321/2922
f 3055/1158/2923 2998/1092/2923 3000/1093/2923
f 3000/1330/2924 2997/1300/2924 3053/1320/2924
f 3061/1163/2925 3063/1165/2925 3010/1181/2925
f 3063/1182/2926 3060/1323/2926 3004/1302/2926
f 3053/1320/2927 2997/1300/2927 3011/1304/2927
f 3011/1304/2927 3025/1120/2927 3039/1136/2927
f 3005/1100/2928 3020/1118/2928 3012/1107/2928
f 3061/1163/2929 3006/1303/2929 2998/1092/2929
f 3032/1310/2930 3018/1306/2930 3004/1302/2930
f 3004/1302/2930 3060/1323/2930 3046/1316/2930
f 3013/1305/2931 3019/1307/2931 3034/1312/2931
f 3033/1311/2932 3048/1318/2932 3040/1314/2932
f 3041/1315/2933 3047/1317/2933 3062/1324/2933
f 3067/1183/6842 3070/1274/6842 3071/1184/6842
f 3068/1186/6843 3072/1261/6843 3071/991/6843
f 3069/1188/6844 3073/1259/6844 3071/1189/6844
f 3074/1190/6845 3077/1336/6845 3078/1191/6845
f 3075/1193/6846 3079/1073/6846 3078/1000/6846
f 3076/1195/6847 3080/1275/6847 3078/1196/6847
f 3081/1197/6848 3084/1335/6848 3085/1198/6848
f 3082/1200/6849 3086/1204/6849 3085/1201/6849
f 3083/1203/6850 3087/1262/6850 3085/1201/6850
f 3088/1205/6851 3091/1265/6851 3092/1206/6851
f 3089/1331/6852 3093/1212/6852 3092/1209/6852
f 3090/1211/6853 3094/1260/6853 3092/1209/6853
f 3095/1213/6854 3098/1263/6854 3099/1214/6854
f 3096/1216/6855 3100/1220/6855 3099/1217/6855
f 3097/1332/6856 3101/1266/6856 3099/1217/6856
f 3102/1221/6857 3105/1359/6857 3106/1222/6857
f 3103/1224/6858 3107/1228/6858 3106/1225/6858
f 3104/1227/6859 3108/1264/6859 3106/1225/6859
f 3109/1229/6860 3112/1267/6860 3113/1230/6860
f 3110/1232/6861 3114/1236/6861 3113/1233/6861
f 3111/1333/6862 3115/1269/6862 3113/1233/6862
f 3116/1237/6863 3119/1272/6863 3120/1238/6863
f 3117/1240/6864 3121/1052/6864 3120/1241/6864
f 3118/1243/6865 3122/1268/6865 3120/1241/6865
f 3123/1244/6866 3126/1270/6866 3127/1245/6866
f 3124/1247/6867 3128/1159/6867 3127/1248/6867
f 3125/1250/6868 3129/1273/6868 3127/1248/6868
f 3130/1251/6869 3133/1276/6869 3134/1252/6869
f 3131/1334/6870 3135/1258/6870 3134/1255/6870
f 3132/1257/6871 3136/1271/6871 3134/1255/6871
f 3069/1188/2964 3082/1200/2964 3084/1202/2964
f 3084/1335/2965 3081/1197/2965 3067/1183/2965
f 3075/1193/2966 3077/1194/2966 3094/1260/2966
f 3077/1336/2967 3074/1190/2967 3088/1205/2967
f 3068/1186/2968 3076/1195/2968 3079/1004/2968
f 3079/1073/2969 3075/1193/2969 3069/1188/2969
f 3083/1203/2970 3086/1204/2970 3093/1212/2970
f 3093/1212/2971 3086/1204/2971 3082/1200/2971
f 3083/1203/2972 3096/1216/2972 3098/1218/2972
f 3087/1199/2973 3098/1263/2973 3095/1213/2973
f 3089/1331/2974 3091/1210/2974 3108/1264/2974
f 3108/1223/2975 3091/1265/2975 3088/1205/2975
f 3097/1332/2976 3100/1220/2976 3107/1228/2976
f 3107/1228/6872 3100/1220/6872 3096/1216/6872
f 3110/1232/2978 3112/1234/2978 3101/1266/2978
f 3101/1215/2979 3112/1267/2979 3109/1229/2979
f 3103/1224/6873 3105/1226/6873 3122/1268/6873
f 3122/1239/2981 3105/1359/2981 3102/1221/2981
f 3111/1333/2982 3114/1236/2982 3121/1052/2982
f 3121/1052/2983 3114/1236/2983 3110/1232/2983
f 3111/1333/2984 3124/1247/2984 3126/1249/2984
f 3126/1270/2985 3123/1244/2985 3109/1229/2985
f 3132/1257/2986 3117/1240/2986 3119/1242/2986
f 3136/1253/2987 3119/1272/2987 3116/1237/2987
f 3125/1250/2988 3128/1159/2988 3135/1258/2988
f 3135/1258/2989 3128/1159/2989 3124/1247/2989
f 3125/1250/2990 3068/1186/2990 3070/1187/2990
f 3070/1274/2991 3067/1183/2991 3123/1244/2991
f 3076/1195/2992 3131/1334/2992 3133/1256/2992
f 3133/1276/2993 3130/1251/2993 3074/1190/2993
f 3123/1244/2994 3067/1183/2994 3081/1197/2994
f 3081/1197/2994 3095/1213/2994 3109/1229/2994
f 3069/1188/2995 3075/1193/2995 3090/1211/2995
f 3125/1250/2996 3131/1334/2996 3076/1195/2996
f 3102/1221/2997 3088/1205/2997 3074/1190/2997
f 3074/1190/2997 3130/1251/2997 3116/1237/2997
f 3083/1203/2998 3089/1331/2998 3104/1227/2998
f 3103/1224/2999 3118/1243/2999 3110/1232/2999
f 3117/1240/3000 3132/1257/3000 3124/1247/3000
f 3137/1277/6874 3140/1086/6874 3141/988/6874
f 3138/990/6875 3142/1072/6875 3141/991/6875
f 3139/1337/6876 3143/1069/6876 3141/994/6876
f 3144/1279/6877 3147/1071/6877 3148/997/6877
f 3145/999/6878 3149/1073/6878 3148/1000/6878
f 3146/1280/6879 3150/1087/6879 3148/1003/6879
f 3151/1281/6880 3154/1366/6880 3155/1006/6880
f 3152/1282/6881 3156/1284/6881 3155/1009/6881
f 3153/1011/6882 3157/1074/6882 3155/1009/6882
f 3158/1013/6883 3161/3117/6883 3162/1014/6883
f 3159/1285/6884 3163/1020/6884 3162/1017/6884
f 3160/1019/6885 3164/1070/6885 3162/1017/6885
f 3165/1286/6886 3168/1075/6886 3169/1022/6886
f 3166/1287/6887 3170/1289/6887 3169/1025/6887
f 3167/1288/6888 3171/1077/6888 3169/1025/6888
f 3172/1029/6889 3175/1080/6889 3176/1030/6889
f 3173/1032/6890 3177/1228/6890 3176/1033/6890
f 3174/1035/6891 3178/1076/6891 3176/1033/6891
f 3179/1037/6892 3182/1078/6892 3183/1038/6892
f 3180/1291/6893 3184/1143/6893 3183/1041/6893
f 3181/1043/6894 3185/1081/6894 3183/1041/6894
f 3186/1293/6895 3189/1084/6895 3190/1046/6895
f 3187/1048/6896 3191/1294/6896 3190/1049/6896
f 3188/1051/6897 3192/1079/6897 3190/1049/6897
f 3193/1338/6898 3196/1082/6898 3197/1054/6898
f 3194/1295/6899 3198/1060/6899 3197/1057/6899
f 3195/1059/6900 3199/1085/6900 3197/1057/6900
f 3200/1296/6901 3203/1088/6901 3204/1062/6901
f 3201/1297/6902 3205/1299/6902 3204/1065/6902
f 3202/1298/6903 3206/1083/6903 3204/1065/6903
f 3139/1337/3031 3152/1282/3031 3154/1010/3031
f 3143/989/3032 3154/1366/3032 3151/1281/3032
f 3160/1019/6904 3145/999/6904 3147/1001/6904
f 3164/1015/3034 3147/1071/3034 3144/1279/3034
f 3138/990/3035 3146/1280/3035 3149/1004/3035
f 3149/1073/3036 3145/999/3036 3139/1337/3036
f 3153/1011/3037 3156/1284/3037 3163/1020/3037
f 3163/1020/3038 3156/1284/3038 3152/1282/3038
f 3153/1011/3039 3166/1287/3039 3168/1026/3039
f 3157/1007/6905 3168/1075/6905 3165/1286/6905
f 3174/1035/3041 3159/1285/3041 3161/1018/3041
f 3178/1031/3042 3161/3117/3042 3158/1013/3042
f 3167/1288/3043 3170/1289/3043 3177/1228/3043
f 3177/1228/3044 3170/1289/3044 3166/1287/3044
f 3180/1291/3045 3182/1042/3045 3171/1077/3045
f 3182/1078/3046 3179/1037/3046 3165/1286/3046
f 3173/1032/3047 3175/1034/3047 3192/1079/3047
f 3175/1080/3048 3172/1029/3048 3186/1293/3048
f 3181/1043/3049 3184/1143/3049 3191/1294/3049
f 3191/1294/3050 3184/1143/3050 3180/1291/3050
f 3181/1043/3051 3194/1295/3051 3196/1058/3051
f 3196/1082/3052 3193/1338/3052 3179/1037/3052
f 3187/1048/6906 3189/1050/6906 3206/1083/6906
f 3189/1084/3054 3186/1293/3054 3200/1296/3054
f 3195/1059/3055 3198/1060/3055 3205/1299/3055
f 3205/1299/3056 3198/1060/3056 3194/1295/3056
f 3138/990/3057 3140/992/3057 3199/1085/3057
f 3140/1086/3058 3137/1277/3058 3193/1338/3058
f 3146/1280/3059 3201/1297/3059 3203/1066/3059
f 3203/1088/3060 3200/1296/3060 3144/1279/3060
f 3193/1338/3061 3137/1277/3061 3151/1281/3061
f 3151/1281/3061 3165/1286/3061 3179/1037/3061
f 3145/999/3062 3160/1019/3062 3152/1282/3062
f 3201/1297/3063 3146/1280/3063 3138/990/3063
f 3172/1029/3064 3158/1013/3064 3144/1279/3064
f 3144/1279/3064 3200/1296/3064 3186/1293/3064
f 3159/1285/3065 3174/1035/3065 3166/1287/3065
f 3167/1288/3066 3173/1032/3066 3188/1051/3066
f 3187/1048/3067 3202/1298/3067 3194/1295/3067
f 3207/1300/6907 3210/1330/6907 3211/1090/6907
f 3208/1339/6908 3212/1072/6908 3211/991/6908
f 3209/1094/6909 3213/1168/6909 3211/1095/6909
f 3214/1302/6910 3217/1327/6910 3218/1098/6910
f 3215/1100/6911 3219/1170/6911 3218/1000/6911
f 3216/1303/6912 3220/1181/6912 3218/1103/6912
f 3221/1304/6913 3224/1326/6913 3225/1105/6913
f 3222/1107/6914 3226/1111/6914 3225/1108/6914
f 3223/1110/6915 3227/1171/6915 3225/1108/6915
f 3228/1306/6916 3231/1328/6916 3232/1113/6916
f 3229/1340/6917 3233/1308/6917 3232/1116/6917
f 3230/1118/6918 3234/1169/6918 3232/1116/6918
f 3235/1120/6919 3238/1172/6919 3239/1121/6919
f 3236/1309/6920 3240/1127/6920 3239/1124/6920
f 3237/1341/6921 3241/1174/6921 3239/1124/6921
f 3242/1128/6922 3245/1176/6922 3246/1129/6922
f 3243/1311/6923 3247/1313/6923 3246/1132/6923
f 3244/1312/6924 3248/1173/6924 3246/1132/6924
f 3249/1136/6925 3252/1370/6925 3253/1137/6925
f 3250/1314/6926 3254/1143/6926 3253/1140/6926
f 3251/1315/6927 3255/1177/6927 3253/1140/6927
f 3256/1316/6928 3259/1329/6928 3260/1145/6928
f 3257/1342/6929 3261/1319/6929 3260/1148/6929
f 3258/1318/6930 3262/1175/6930 3260/1148/6930
f 3263/1320/6931 3266/1178/6931 3267/1153/6931
f 3264/1343/6932 3268/1322/6932 3267/1156/6932
f 3265/1158/6933 3269/1180/6933 3267/1156/6933
f 3270/1323/6934 3273/1182/6934 3274/1161/6934
f 3271/1163/6935 3275/1325/6935 3274/1164/6935
f 3272/1324/6936 3276/1179/6936 3274/1164/6936
f 3222/1107/3098 3224/1109/3098 3213/1168/3098
f 3224/1326/3099 3221/1304/3099 3207/1300/3099
f 3215/1100/3100 3217/1101/3100 3234/1169/3100
f 3234/1114/6937 3217/1327/6937 3214/1302/6937
f 3208/1339/3102 3216/1303/3102 3219/1004/3102
f 3219/1170/3103 3215/1100/3103 3209/1094/3103
f 3223/1110/3104 3226/1111/3104 3233/1308/3104
f 3233/1308/3105 3226/1111/3105 3222/1107/3105
f 3236/1309/3106 3238/1125/3106 3227/1171/3106
f 3238/1172/3107 3235/1120/3107 3221/1304/3107
f 3244/1312/3108 3229/1340/3108 3231/1117/3108
f 3248/1130/3109 3231/1328/3109 3228/1306/3109
f 3237/1341/3110 3240/1127/3110 3247/1313/3110
f 3247/1313/3111 3240/1127/3111 3236/1309/3111
f 3250/1314/3112 3252/1141/3112 3241/1174/3112
f 3241/1122/3113 3252/1370/3113 3249/1136/3113
f 3258/1318/3114 3243/1311/3114 3245/1133/3114
f 3245/1176/3115 3242/1128/3115 3256/1316/3115
f 3251/1315/3116 3254/1143/3116 3261/1319/3116
f 3261/1319/3117 3254/1143/3117 3250/1314/3117
f 3251/1315/3118 3264/1343/3118 3266/1157/3118
f 3266/1178/3119 3263/1320/3119 3249/1136/3119
f 3272/1324/3120 3257/1342/3120 3259/1149/3120
f 3276/1162/3121 3259/1329/3121 3256/1316/3121
f 3265/1158/3122 3268/1322/3122 3275/1325/3122
f 3275/1325/3123 3268/1322/3123 3264/1343/3123
f 3265/1158/3124 3208/1339/3124 3210/1093/3124
f 3210/1330/3125 3207/1300/3125 3263/1320/3125
f 3216/1303/3126 3271/1163/3126 3273/1165/3126
f 3273/1182/3127 3270/1323/3127 3214/1302/3127
f 3263/1320/3128 3207/1300/3128 3221/1304/3128
f 3221/1304/3128 3235/1120/3128 3249/1136/3128
f 3209/1094/3129 3215/1100/3129 3230/1118/3129
f 3271/1163/3130 3216/1303/3130 3208/1339/3130
f 3242/1128/3131 3228/1306/3131 3214/1302/3131
f 3214/1302/3131 3270/1323/3131 3256/1316/3131
f 3223/1110/3132 3229/1340/3132 3244/1312/3132
f 3237/1341/3133 3243/1311/3133 3258/1318/3133
f 3257/1342/3134 3272/1324/3134 3264/1343/3134
f 3277/1183/6938 3280/1274/6938 3281/1184/6938
f 3278/1344/6939 3282/1261/6939 3281/991/6939
f 3279/1345/6940 3283/1259/6940 3281/1189/6940
f 3284/1190/6941 3287/1336/6941 3288/1191/6941
f 3285/1346/6942 3289/1073/6942 3288/1000/6942
f 3286/1195/6943 3290/1275/6943 3288/1196/6943
f 3291/1347/6944 3294/1335/6944 3295/1198/6944
f 3292/1348/6945 3296/1012/6945 3295/1201/6945
f 3293/1349/6946 3297/1262/6946 3295/1201/6946
f 3298/1205/6947 3301/1265/6947 3302/1206/6947
f 3299/1208/6948 3303/1119/6948 3302/1209/6948
f 3300/1350/6949 3304/1260/6949 3302/1209/6949
f 3305/1351/6950 3308/1263/6950 3309/1214/6950
f 3306/1352/6951 3310/1289/6951 3309/1217/6951
f 3307/1219/6952 3311/1266/6952 3309/1217/6952
f 3312/1221/6953 3315/1359/6953 3316/1222/6953
f 3313/1224/6954 3317/1036/6954 3316/1225/6954
f 3314/1227/6955 3318/1264/6955 3316/1225/6955
f 3319/1353/6956 3322/1267/6956 3323/1230/6956
f 3320/1354/6957 3324/1236/6957 3323/1233/6957
f 3321/1333/6958 3325/1269/6958 3323/1233/6958
f 3326/1355/6959 3329/1272/6959 3330/1238/6959
f 3327/1356/6960 3331/1052/6960 3330/1241/6960
f 3328/1243/6961 3332/1268/6961 3330/1241/6961
f 3333/1357/6962 3336/1270/6962 3337/1245/6962
f 3334/1247/6963 3338/1358/6963 3337/1248/6963
f 3335/1250/6964 3339/1273/6964 3337/1248/6964
f 3340/1251/6965 3343/1276/6965 3344/1252/6965
f 3341/1254/6966 3345/1167/6966 3344/1255/6966
f 3342/1257/6967 3346/1271/6967 3344/1255/6967
f 3279/1345/6968 3292/1348/6968 3294/1202/6968
f 3283/1185/3166 3294/1335/3166 3291/1347/3166
f 3300/1350/3167 3285/1346/3167 3287/1194/3167
f 3304/1207/3168 3287/1336/3168 3284/1190/3168
f 3278/1344/3169 3286/1195/3169 3289/1004/3169
f 3289/1073/3170 3285/1346/3170 3279/1345/3170
f 3293/1349/3171 3296/1012/3171 3303/1119/3171
f 3303/1119/3172 3296/1012/3172 3292/1348/3172
f 3306/1352/6969 3308/1218/6969 3297/1262/6969
f 3308/1263/3174 3305/1351/3174 3291/1347/3174
f 3314/1227/3175 3299/1208/3175 3301/1210/3175
f 3318/1223/6970 3301/1265/6970 3298/1205/6970
f 3307/1219/3177 3310/1289/3177 3317/1036/3177
f 3317/1036/3178 3310/1289/3178 3306/1352/3178
f 3320/1354/3179 3322/1234/3179 3311/1266/3179
f 3311/1215/3180 3322/1267/3180 3319/1353/3180
f 3328/1243/3181 3313/1224/3181 3315/1226/3181
f 3315/1359/3182 3312/1221/3182 3326/1355/3182
f 3321/1333/3183 3324/1236/3183 3331/1052/3183
f 3331/1052/3184 3324/1236/3184 3320/1354/3184
f 3321/1333/3185 3334/1247/3185 3336/1249/3185
f 3336/1270/3186 3333/1357/3186 3319/1353/3186
f 3342/1257/3187 3327/1356/3187 3329/1242/3187
f 3346/1253/6971 3329/1272/6971 3326/1355/6971
f 3335/1250/3189 3338/1358/3189 3345/1167/3189
f 3345/1167/3190 3338/1358/3190 3334/1247/3190
f 3278/1344/3191 3280/1187/3191 3339/1273/3191
f 3339/1246/3192 3280/1274/3192 3277/1183/3192
f 3286/1195/3193 3341/1254/3193 3343/1256/3193
f 3290/1192/3194 3343/1276/3194 3340/1251/3194
f 3333/1357/3195 3277/1183/3195 3291/1347/3195
f 3291/1347/3195 3305/1351/3195 3319/1353/3195
f 3279/1345/3196 3285/1346/3196 3300/1350/3196
f 3341/1254/3197 3286/1195/3197 3278/1344/3197
f 3312/1221/3198 3298/1205/3198 3284/1190/3198
f 3284/1190/3198 3340/1251/3198 3326/1355/3198
f 3293/1349/3199 3299/1208/3199 3314/1227/3199
f 3307/1219/3200 3313/1224/3200 3328/1243/3200
f 3327/1356/3201 3342/1257/3201 3334/1247/3201
f 3347/987/6972 3350/1086/6972 3351/988/6972
f 3348/1360/6973 3352/1072/6973 3351/991/6973
f 3349/1278/6974 3353/1069/6974 3351/994/6974
f 3354/996/6975 3357/1071/6975 3358/997/6975
f 3355/999/6976 3359/1073/6976 3358/1000/6976
f 3356/1002/6977 3360/1087/6977 3358/1003/6977
f 3361/1005/6978 3364/1366/6978 3365/1006/6978
f 3362/1008/6979 3366/1012/6979 3365/1009/6979
f 3363/1283/6980 3367/1074/6980 3365/1009/6980
f 3368/1013/6981 3371/3117/6981 3372/1014/6981
f 3369/1285/6982 3373/1020/6982 3372/1017/6982
f 3370/1019/6983 3374/1070/6983 3372/1017/6983
f 3375/1021/6984 3378/1075/6984 3379/1022/6984
f 3376/1024/6985 3380/1028/6985 3379/1025/6985
f 3377/1027/6986 3381/1077/6986 3379/1025/6986
f 3382/1029/6987 3385/1080/6987 3386/1030/6987
f 3383/1361/6988 3387/1036/6988 3386/1033/6988
f 3384/1362/6989 3388/1076/6989 3386/1033/6989
f 3389/1037/6990 3392/1078/6990 3393/1038/6990
f 3390/1040/6991 3394/1044/6991 3393/1041/6991
f 3391/1363/6992 3395/1081/6992 3393/1041/6992
f 3396/1045/6993 3399/1084/6993 3400/1046/6993
f 3397/1364/6994 3401/1052/6994 3400/1049/6994
f 3398/1051/6995 3402/1079/6995 3400/1049/6995
f 3403/1053/6996 3406/1082/6996 3407/1054/6996
f 3404/1365/6997 3408/1060/6997 3407/1057/6997
f 3405/1059/6998 3409/1085/6998 3407/1057/6998
f 3410/1061/6999 3413/1088/6999 3414/1062/6999
f 3411/1064/7000 3415/1068/7000 3414/1065/7000
f 3412/1067/7001 3416/1083/7001 3414/1065/7001
f 3349/1278/3232 3362/1008/3232 3364/1010/3232
f 3364/1366/3233 3361/1005/3233 3347/987/3233
f 3355/999/3234 3357/1001/3234 3374/1070/3234
f 3374/1015/3235 3357/1071/3235 3354/996/3235
f 3348/1360/3236 3356/1002/3236 3359/1004/3236
f 3359/1073/3237 3355/999/3237 3349/1278/3237
f 3363/1283/3238 3366/1012/3238 3373/1020/3238
f 3373/1020/3239 3366/1012/3239 3362/1008/3239
f 3376/1024/3240 3378/1026/3240 3367/1074/3240
f 3378/1075/7002 3375/1021/7002 3361/1005/7002
f 3384/1362/3242 3369/1285/3242 3371/1018/3242
f 3388/1031/3243 3371/3117/3243 3368/1013/3243
f 3377/1027/3244 3380/1028/3244 3387/1036/3244
f 3387/1036/3245 3380/1028/3245 3376/1024/3245
f 3390/1040/3246 3392/1042/3246 3381/1077/3246
f 3392/1078/3247 3389/1037/3247 3375/1021/3247
f 3383/1361/3248 3385/1034/3248 3402/1079/3248
f 3402/1047/3249 3385/1080/3249 3382/1029/3249
f 3391/1363/3250 3394/1044/3250 3401/1052/3250
f 3401/1052/3251 3394/1044/3251 3390/1040/3251
f 3391/1363/7003 3404/1365/7003 3406/1058/7003
f 3406/1082/7004 3403/1053/7004 3389/1037/7004
f 3412/1067/3254 3397/1364/3254 3399/1050/3254
f 3399/1084/3255 3396/1045/3255 3410/1061/3255
f 3405/1059/7005 3408/1060/7005 3415/1068/7005
f 3415/1068/3257 3408/1060/3257 3404/1365/3257
f 3348/1360/3258 3350/992/3258 3409/1085/3258
f 3350/1086/3259 3347/987/3259 3403/1053/3259
f 3411/1064/3260 3413/1066/3260 3360/1087/3260
f 3360/998/3261 3413/1088/3261 3410/1061/3261
f 3403/1053/3262 3347/987/3262 3361/1005/3262
f 3361/1005/3262 3375/1021/3262 3389/1037/3262
f 3349/1278/3263 3355/999/3263 3370/1019/3263
f 3405/1059/3264 3411/1064/3264 3356/1002/3264
f 3382/1029/3265 3368/1013/3265 3354/996/3265
f 3354/996/3265 3410/1061/3265 3396/1045/3265
f 3363/1283/3266 3369/1285/3266 3384/1362/3266
f 3383/1361/3267 3398/1051/3267 3390/1040/3267
f 3397/1364/3268 3412/1067/3268 3404/1365/3268
f 3417/1300/7006 3420/1330/7006 3421/1090/7006
f 3418/1092/7007 3422/1072/7007 3421/991/7007
f 3419/1094/7008 3423/1168/7008 3421/1095/7008
f 3424/1097/7009 3427/1327/7009 3428/1098/7009
f 3425/1100/7010 3429/1170/7010 3428/1000/7010
f 3426/1102/7011 3430/1181/7011 3428/1103/7011
f 3431/1104/7012 3434/1326/7012 3435/1105/7012
f 3432/1107/7013 3436/1111/7013 3435/1108/7013
f 3433/1367/7014 3437/1171/7014 3435/1108/7014
f 3438/1112/7015 3441/1328/7015 3442/1113/7015
f 3439/1115/7016 3443/1119/7016 3442/1116/7016
f 3440/1118/7017 3444/1169/7017 3442/1116/7017
f 3445/1120/7018 3448/1172/7018 3449/1121/7018
f 3446/1123/7019 3450/1127/7019 3449/1124/7019
f 3447/1368/7020 3451/1174/7020 3449/1124/7020
f 3452/1128/7021 3455/1176/7021 3456/1129/7021
f 3453/1131/7022 3457/1135/7022 3456/1132/7022
f 3454/1312/7023 3458/1173/7023 3456/1132/7023
f 3459/1136/7024 3462/1370/7024 3463/1137/7024
f 3460/1139/7025 3464/1143/7025 3463/1140/7025
f 3461/1142/7026 3465/1177/7026 3463/1140/7026
f 3466/1316/7027 3469/1329/7027 3470/1145/7027
f 3467/1369/7028 3471/1151/7028 3470/1148/7028
f 3468/1150/7029 3472/1175/7029 3470/1148/7029
f 3473/1152/7030 3476/1178/7030 3477/1153/7030
f 3474/1155/7031 3478/1159/7031 3477/1156/7031
f 3475/1158/7032 3479/1180/7032 3477/1156/7032
f 3480/1160/7033 3483/1182/7033 3484/1161/7033
f 3481/1163/7034 3485/1167/7034 3484/1164/7034
f 3482/1166/7035 3486/1179/7035 3484/1164/7035
f 3432/1107/3299 3434/1109/3299 3423/1168/3299
f 3423/1091/3300 3434/1326/3300 3431/1104/3300
f 3425/1100/7036 3427/1101/7036 3444/1169/7036
f 3427/1327/3302 3424/1097/3302 3438/1112/3302
f 3418/1092/3303 3426/1102/3303 3429/1004/3303
f 3429/1170/3304 3425/1100/3304 3419/1094/3304
f 3433/1367/3305 3436/1111/3305 3443/1119/3305
f 3443/1119/3306 3436/1111/3306 3432/1107/3306
f 3446/1123/3307 3448/1125/3307 3437/1171/3307
f 3448/1172/7037 3445/1120/7037 3431/1104/7037
f 3454/1312/3309 3439/1115/3309 3441/1117/3309
f 3441/1328/7038 3438/1112/7038 3452/1128/7038
f 3447/1368/3311 3450/1127/3311 3457/1135/3311
f 3457/1135/3312 3450/1127/3312 3446/1123/3312
f 3460/1139/3313 3462/1141/3313 3451/1174/3313
f 3462/1370/3314 3459/1136/3314 3445/1120/3314
f 3453/1131/3315 3455/1133/3315 3472/1175/3315
f 3472/1146/3316 3455/1176/3316 3452/1128/3316
f 3461/1142/3317 3464/1143/3317 3471/1151/3317
f 3471/1151/3318 3464/1143/3318 3460/1139/3318
f 3474/1155/3319 3476/1157/3319 3465/1177/3319
f 3476/1178/3320 3473/1152/3320 3459/1136/3320
f 3482/1166/3321 3467/1369/3321 3469/1149/3321
f 3469/1329/3322 3466/1316/3322 3480/1160/3322
f 3475/1158/3323 3478/1159/3323 3485/1167/3323
f 3485/1167/3324 3478/1159/3324 3474/1155/3324
f 3418/1092/3325 3420/1093/3325 3479/1180/3325
f 3479/1154/3326 3420/1330/3326 3417/1300/3326
f 3481/1163/3327 3483/1165/3327 3430/1181/3327
f 3483/1182/3328 3480/1160/3328 3424/1097/3328
f 3473/1152/3329 3417/1300/3329 3431/1104/3329
f 3431/1104/3329 3445/1120/3329 3459/1136/3329
f 3419/1094/3330 3425/1100/3330 3440/1118/3330
f 3475/1158/3331 3481/1163/3331 3426/1102/3331
f 3452/1128/3332 3438/1112/3332 3424/1097/3332
f 3424/1097/3332 3480/1160/3332 3466/1316/3332
f 3439/1115/3333 3454/1312/3333 3446/1123/3333
f 3453/1131/3334 3468/1150/3334 3460/1139/3334
f 3461/1142/3335 3467/1369/3335 3482/1166/3335
f 3487/1183/7039 3490/1274/7039 3491/1184/7039
f 3488/1344/7040 3492/1261/7040 3491/991/7040
f 3489/1371/7041 3493/1259/7041 3491/1189/7041
f 3494/1372/7042 3497/1336/7042 3498/1191/7042
f 3495/1346/7043 3499/1073/7043 3498/1000/7043
f 3496/1195/7044 3500/1275/7044 3498/1196/7044
f 3501/1197/7045 3504/1335/7045 3505/1198/7045
f 3502/1348/7046 3506/1012/7046 3505/1201/7046
f 3503/1373/7047 3507/1262/7047 3505/1201/7047
f 3508/1205/7048 3511/1265/7048 3512/1206/7048
f 3509/1208/7049 3513/1119/7049 3512/1209/7049
f 3510/1350/7050 3514/1260/7050 3512/1209/7050
f 3515/1351/7051 3518/1263/7051 3519/1214/7051
f 3516/1352/7052 3520/1289/7052 3519/1217/7052
f 3517/1374/7053 3521/1266/7053 3519/1217/7053
f 3522/1221/7054 3525/1359/7054 3526/1222/7054
f 3523/1224/7055 3527/1036/7055 3526/1225/7055
f 3524/1227/7056 3528/1264/7056 3526/1225/7056
f 3529/1353/7057 3532/1267/7057 3533/1230/7057
f 3530/1354/7058 3534/1236/7058 3533/1233/7058
f 3531/1333/7059 3535/1269/7059 3533/1233/7059
f 3536/1375/7060 3539/1272/7060 3540/1238/7060
f 3537/1356/7061 3541/1052/7061 3540/1241/7061
f 3538/1243/7062 3542/1268/7062 3540/1241/7062
f 3543/1376/7063 3546/1270/7063 3547/1245/7063
f 3544/1247/7064 3548/1358/7064 3547/1248/7064
f 3545/1250/7065 3549/1273/7065 3547/1248/7065
f 3550/1251/7066 3553/1276/7066 3554/1252/7066
f 3551/1334/7067 3555/1167/7067 3554/1255/7067
f 3552/1257/7068 3556/1271/7068 3554/1255/7068
f 3502/1348/3366 3504/1202/3366 3493/1259/3366
f 3504/1335/3367 3501/1197/3367 3487/1183/3367
f 3495/1346/3368 3497/1194/3368 3514/1260/3368
f 3514/1207/3369 3497/1336/3369 3494/1372/3369
f 3488/1344/3370 3496/1195/3370 3499/1004/3370
f 3499/1073/3371 3495/1346/3371 3489/1371/3371
f 3503/1373/3372 3506/1012/3372 3513/1119/3372
f 3513/1119/3373 3506/1012/3373 3502/1348/3373
f 3503/1373/3374 3516/1352/3374 3518/1218/3374
f 3507/1199/3375 3518/1263/3375 3515/1351/3375
f 3524/1227/3376 3509/1208/3376 3511/1210/3376
f 3511/1265/3377 3508/1205/3377 3522/1221/3377
f 3517/1374/3378 3520/1289/3378 3527/1036/3378
f 3527/1036/3379 3520/1289/3379 3516/1352/3379
f 3517/1374/3380 3530/1354/3380 3532/1234/3380
f 3521/1215/3381 3532/1267/3381 3529/1353/3381
f 3523/1224/3382 3525/1226/3382 3542/1268/3382
f 3525/1359/3383 3522/1221/3383 3536/1375/3383
f 3531/1333/3384 3534/1236/3384 3541/1052/3384
f 3541/1052/3385 3534/1236/3385 3530/1354/3385
f 3531/1333/3386 3544/1247/3386 3546/1249/3386
f 3546/1270/3387 3543/1376/3387 3529/1353/3387
f 3537/1356/3388 3539/1242/3388 3556/1271/3388
f 3539/1272/3389 3536/1375/3389 3550/1251/3389
f 3545/1250/3390 3548/1358/3390 3555/1167/3390
f 3555/1167/3391 3548/1358/3391 3544/1247/3391
f 3488/1344/3392 3490/1187/3392 3549/1273/3392
f 3490/1274/3393 3487/1183/3393 3543/1376/3393
f 3496/1195/3394 3551/1334/3394 3553/1256/3394
f 3500/1192/7069 3553/1276/7069 3550/1251/7069
f 3543/1376/3396 3487/1183/3396 3501/1197/3396
f 3501/1197/3396 3515/1351/3396 3529/1353/3396
f 3489/1371/3397 3495/1346/3397 3510/1350/3397
f 3545/1250/3398 3551/1334/3398 3496/1195/3398
f 3522/1221/3399 3508/1205/3399 3494/1372/3399
f 3494/1372/3399 3550/1251/3399 3536/1375/3399
f 3509/1208/3400 3524/1227/3400 3516/1352/3400
f 3523/1224/3401 3538/1243/3401 3530/1354/3401
f 3531/1333/3402 3537/1356/3402 3552/1257/3402
f 3557/987/7070 3560/1086/7070 3561/988/7070
f 3558/1360/7071 3562/1072/7071 3561/991/7071
f 3559/993/7072 3563/1069/7072 3561/994/7072
f 3564/996/7073 3567/1071/7073 3568/997/7073
f 3565/999/7074 3569/1073/7074 3568/1000/7074
f 3566/1002/7075 3570/1087/7075 3568/1003/7075
f 3571/1005/7076 3574/1366/7076 3575/1006/7076
f 3572/1008/7077 3576/1012/7077 3575/1009/7077
f 3573/1011/7078 3577/1074/7078 3575/1009/7078
f 3578/1013/7079 3581/3117/7079 3582/1014/7079
f 3579/1285/7080 3583/1020/7080 3582/1017/7080
f 3580/1019/7081 3584/1070/7081 3582/1017/7081
f 3585/1021/7082 3588/1075/7082 3589/1022/7082
f 3586/1024/7083 3590/1028/7083 3589/1025/7083
f 3587/1377/7084 3591/1077/7084 3589/1025/7084
f 3592/1029/7085 3595/1080/7085 3596/1030/7085
f 3593/1361/7086 3597/1036/7086 3596/1033/7086
f 3594/1035/7087 3598/1076/7087 3596/1033/7087
f 3599/1037/7088 3602/1078/7088 3603/1038/7088
f 3600/1040/7089 3604/1044/7089 3603/1041/7089
f 3601/1363/7090 3605/1081/7090 3603/1041/7090
f 3606/1378/7091 3609/1084/7091 3610/1046/7091
f 3607/1048/7092 3611/1052/7092 3610/1049/7092
f 3608/1051/7093 3612/1079/7093 3610/1049/7093
f 3613/1053/7094 3616/1082/7094 3617/1054/7094
f 3614/1056/7095 3618/1060/7095 3617/1057/7095
f 3615/1059/7096 3619/1085/7096 3617/1057/7096
f 3620/1061/7097 3623/1088/7097 3624/1062/7097
f 3621/1064/7098 3625/1068/7098 3624/1065/7098
f 3622/1067/7099 3626/1083/7099 3624/1065/7099
f 3572/1008/3433 3574/1010/3433 3563/1069/3433
f 3563/989/3434 3574/1366/3434 3571/1005/3434
f 3565/999/3435 3567/1001/3435 3584/1070/3435
f 3567/1071/3436 3564/996/3436 3578/1013/3436
f 3558/1360/3437 3566/1002/3437 3569/1004/3437
f 3569/1073/3438 3565/999/3438 3559/993/3438
f 3573/1011/3439 3576/1012/3439 3583/1020/3439
f 3583/1020/3440 3576/1012/3440 3572/1008/3440
f 3586/1024/7100 3588/1026/7100 3577/1074/7100
f 3577/1007/3442 3588/1075/3442 3585/1021/3442
f 3579/1285/3443 3581/1018/3443 3598/1076/3443
f 3598/1031/3444 3581/3117/3444 3578/1013/3444
f 3587/1377/3445 3590/1028/3445 3597/1036/3445
f 3597/1036/3446 3590/1028/3446 3586/1024/3446
f 3600/1040/3447 3602/1042/3447 3591/1077/3447
f 3602/1078/3448 3599/1037/3448 3585/1021/3448
f 3608/1051/3449 3593/1361/3449 3595/1034/3449
f 3595/1080/3450 3592/1029/3450 3606/1378/3450
f 3601/1363/3451 3604/1044/3451 3611/1052/3451
f 3611/1052/3452 3604/1044/3452 3600/1040/3452
f 3601/1363/3453 3614/1056/3453 3616/1058/3453
f 3605/1039/3454 3616/1082/3454 3613/1053/3454
f 3622/1067/3455 3607/1048/3455 3609/1050/3455
f 3609/1084/3456 3606/1378/3456 3620/1061/3456
f 3615/1059/3457 3618/1060/3457 3625/1068/3457
f 3625/1068/3458 3618/1060/3458 3614/1056/3458
f 3615/1059/3459 3558/1360/3459 3560/992/3459
f 3560/1086/3460 3557/987/3460 3613/1053/3460
f 3621/1064/3461 3623/1066/3461 3570/1087/3461
f 3623/1088/3462 3620/1061/3462 3564/996/3462
f 3613/1053/3463 3557/987/3463 3571/1005/3463
f 3571/1005/7101 3585/1021/7101 3599/1037/7101
f 3565/999/3464 3580/1019/3464 3572/1008/3464
f 3621/1064/3465 3566/1002/3465 3558/1360/3465
f 3592/1029/3466 3578/1013/3466 3564/996/3466
f 3564/996/3466 3620/1061/3466 3606/1378/3466
f 3573/1011/3467 3579/1285/3467 3594/1035/3467
f 3593/1361/3468 3608/1051/3468 3600/1040/3468
f 3607/1048/3469 3622/1067/3469 3614/1056/3469
f 3627/1089/7102 3630/1330/7102 3631/1090/7102
f 3628/1092/7103 3632/1072/7103 3631/991/7103
f 3629/1094/7104 3633/1168/7104 3631/1095/7104
f 3634/1379/7105 3637/1327/7105 3638/1098/7105
f 3635/1100/7106 3639/1170/7106 3638/1000/7106
f 3636/1102/7107 3640/1181/7107 3638/1103/7107
f 3641/1104/7108 3644/1326/7108 3645/1105/7108
f 3642/1107/7109 3646/1111/7109 3645/1108/7109
f 3643/1367/7110 3647/1171/7110 3645/1108/7110
f 3648/1112/7111 3651/1328/7111 3652/1113/7111
f 3649/1115/7112 3653/1119/7112 3652/1116/7112
f 3650/1118/7113 3654/1169/7113 3652/1116/7113
f 3655/1120/7114 3658/1172/7114 3659/1121/7114
f 3656/1123/7115 3660/1127/7115 3659/1124/7115
f 3657/1368/7116 3661/1174/7116 3659/1124/7116
f 3662/1128/7117 3665/1176/7117 3666/1129/7117
f 3663/1131/7118 3667/1135/7118 3666/1132/7118
f 3664/1134/7119 3668/1173/7119 3666/1132/7119
f 3669/1136/7120 3672/1370/7120 3673/1137/7120
f 3670/1139/7121 3674/1143/7121 3673/1140/7121
f 3671/1142/7122 3675/1177/7122 3673/1140/7122
f 3676/1380/7123 3679/1329/7123 3680/1145/7123
f 3677/1369/7124 3681/1151/7124 3680/1148/7124
f 3678/1150/7125 3682/1175/7125 3680/1148/7125
f 3683/1381/7126 3686/1178/7126 3687/1153/7126
f 3684/1155/7127 3688/1159/7127 3687/1156/7127
f 3685/1158/7128 3689/1180/7128 3687/1156/7128
f 3690/1160/7129 3693/1182/7129 3694/1161/7129
f 3691/1163/7130 3695/1167/7130 3694/1164/7130
f 3692/1166/7131 3696/1179/7131 3694/1164/7131
f 3629/1094/3500 3642/1107/3500 3644/1109/3500
f 3644/1326/3501 3641/1104/3501 3627/1089/3501
f 3635/1100/3502 3637/1101/3502 3654/1169/3502
f 3637/1327/7132 3634/1379/7132 3648/1112/7132
f 3628/1092/7133 3636/1102/7133 3639/1004/7133
f 3639/1170/3505 3635/1100/3505 3629/1094/3505
f 3643/1367/3506 3646/1111/3506 3653/1119/3506
f 3653/1119/3507 3646/1111/3507 3642/1107/3507
f 3643/1367/3508 3656/1123/3508 3658/1125/3508
f 3658/1172/3509 3655/1120/3509 3641/1104/3509
f 3664/1134/3510 3649/1115/3510 3651/1117/3510
f 3651/1328/3511 3648/1112/3511 3662/1128/3511
f 3657/1368/3512 3660/1127/3512 3667/1135/3512
f 3667/1135/3513 3660/1127/3513 3656/1123/3513
f 3670/1139/3514 3672/1141/3514 3661/1174/3514
f 3661/1122/3515 3672/1370/3515 3669/1136/3515
f 3678/1150/3516 3663/1131/3516 3665/1133/3516
f 3665/1176/3517 3662/1128/3517 3676/1380/3517
f 3671/1142/3518 3674/1143/3518 3681/1151/3518
f 3681/1151/3519 3674/1143/3519 3670/1139/3519
f 3671/1142/3520 3684/1155/3520 3686/1157/3520
f 3686/1178/3521 3683/1381/3521 3669/1136/3521
f 3677/1369/3522 3679/1149/3522 3696/1179/3522
f 3696/1162/3523 3679/1329/3523 3676/1380/3523
f 3685/1158/3524 3688/1159/3524 3695/1167/3524
f 3695/1167/3525 3688/1159/3525 3684/1155/3525
f 3685/1158/3526 3628/1092/3526 3630/1093/3526
f 3630/1330/3527 3627/1089/3527 3683/1381/3527
f 3636/1102/3528 3691/1163/3528 3693/1165/3528
f 3640/1099/3529 3693/1182/3529 3690/1160/3529
f 3683/1381/3530 3627/1089/3530 3641/1104/3530
f 3641/1104/3530 3655/1120/3530 3669/1136/3530
f 3629/1094/3531 3635/1100/3531 3650/1118/3531
f 3691/1163/3532 3636/1102/3532 3628/1092/3532
f 3662/1128/7134 3648/1112/7134 3634/1379/7134
f 3634/1379/3533 3690/1160/3533 3676/1380/3533
f 3649/1115/3534 3664/1134/3534 3656/1123/3534
f 3663/1131/3535 3678/1150/3535 3670/1139/3535
f 3677/1369/3536 3692/1166/3536 3684/1155/3536
f 3697/1183/7135 3700/1274/7135 3701/1184/7135
f 3698/1344/7136 3702/1261/7136 3701/991/7136
f 3699/1188/7137 3703/1259/7137 3701/1189/7137
f 3704/1372/7138 3707/1336/7138 3708/1191/7138
f 3705/1346/7139 3709/1073/7139 3708/1000/7139
f 3706/1195/7140 3710/1275/7140 3708/1196/7140
f 3711/1347/7141 3714/1335/7141 3715/1198/7141
f 3712/1348/7142 3716/1012/7142 3715/1201/7142
f 3713/1203/7143 3717/1262/7143 3715/1201/7143
f 3718/1205/7144 3721/1265/7144 3722/1206/7144
f 3719/1208/7145 3723/1119/7145 3722/1209/7145
f 3720/1350/7146 3724/1260/7146 3722/1209/7146
f 3725/1351/7147 3728/1263/7147 3729/1214/7147
f 3726/1352/7148 3730/1289/7148 3729/1217/7148
f 3727/1374/7149 3731/1266/7149 3729/1217/7149
f 3732/1221/7150 3735/1359/7150 3736/1222/7150
f 3733/1224/7151 3737/1036/7151 3736/1225/7151
f 3734/1227/7152 3738/1264/7152 3736/1225/7152
f 3739/1353/7153 3742/1267/7153 3743/1230/7153
f 3740/1354/7154 3744/1236/7154 3743/1233/7154
f 3741/1333/7155 3745/1269/7155 3743/1233/7155
f 3746/1375/7156 3749/1272/7156 3750/1238/7156
f 3747/1356/7157 3751/1052/7157 3750/1241/7157
f 3748/1243/7158 3752/1268/7158 3750/1241/7158
f 3753/1376/7159 3756/1270/7159 3757/1245/7159
f 3754/1247/7160 3758/1358/7160 3757/1248/7160
f 3755/1250/7161 3759/1273/7161 3757/1248/7161
f 3760/1251/7162 3763/1276/7162 3764/1252/7162
f 3761/1334/7163 3765/1167/7163 3764/1255/7163
f 3762/1257/7164 3766/1271/7164 3764/1255/7164
f 3699/1188/3567 3712/1348/3567 3714/1202/3567
f 3714/1335/3568 3711/1347/3568 3697/1183/3568
f 3705/1346/3569 3707/1194/3569 3724/1260/3569
f 3724/1207/3570 3707/1336/3570 3704/1372/3570
f 3698/1344/3571 3706/1195/3571 3709/1004/3571
f 3709/1073/3572 3705/1346/3572 3699/1188/3572
f 3713/1203/3573 3716/1012/3573 3723/1119/3573
f 3723/1119/3574 3716/1012/3574 3712/1348/3574
f 3726/1352/3575 3728/1218/3575 3717/1262/3575
f 3728/1263/7165 3725/1351/7165 3711/1347/7165
f 3734/1227/3577 3719/1208/3577 3721/1210/3577
f 3721/1265/3578 3718/1205/3578 3732/1221/3578
f 3727/1374/3579 3730/1289/3579 3737/1036/3579
f 3737/1036/3580 3730/1289/3580 3726/1352/3580
f 3740/1354/3581 3742/1234/3581 3731/1266/3581
f 3731/1215/3582 3742/1267/3582 3739/1353/3582
f 3748/1243/3583 3733/1224/3583 3735/1226/3583
f 3752/1239/3584 3735/1359/3584 3732/1221/3584
f 3741/1333/3585 3744/1236/3585 3751/1052/3585
f 3751/1052/3586 3744/1236/3586 3740/1354/3586
f 3741/1333/7166 3754/1247/7166 3756/1249/7166
f 3756/1270/3588 3753/1376/3588 3739/1353/3588
f 3747/1356/3589 3749/1242/3589 3766/1271/3589
f 3766/1253/3590 3749/1272/3590 3746/1375/3590
f 3755/1250/3591 3758/1358/3591 3765/1167/3591
f 3765/1167/3592 3758/1358/3592 3754/1247/3592
f 3698/1344/3593 3700/1187/3593 3759/1273/3593
f 3759/1246/3594 3700/1274/3594 3697/1183/3594
f 3761/1334/3595 3763/1256/3595 3710/1275/3595
f 3763/1276/3596 3760/1251/3596 3704/1372/3596
f 3753/1376/3597 3697/1183/3597 3711/1347/3597
f 3711/1347/3597 3725/1351/3597 3739/1353/3597
f 3699/1188/3598 3705/1346/3598 3720/1350/3598
f 3761/1334/3599 3706/1195/3599 3698/1344/3599
f 3732/1221/3600 3718/1205/3600 3704/1372/3600
f 3704/1372/3600 3760/1251/3600 3746/1375/3600
f 3719/1208/3601 3734/1227/3601 3726/1352/3601
f 3733/1224/3602 3748/1243/3602 3740/1354/3602
f 3741/1333/3603 3747/1356/3603 3762/1257/3603
f 3767/1382/7167 3770/1503/7167 3771/1383/7167
f 3772/1385/7168 3771/3118/7168 3770/1386/7168
f 3773/1388/7169 3771/3119/7169 3772/1389/7169
f 3774/1391/7170 3777/1497/7170 3778/1392/7170
f 3779/1394/7171 3778/3120/7171 3777/1395/7171
f 3780/1397/7172 3778/3121/7172 3779/1398/7172
f 3781/1400/7173 3784/1496/7173 3785/1401/7173
f 3786/1403/7174 3785/3122/7174 3784/1404/7174
f 3787/1406/7175 3785/3122/7175 3786/1403/7175
f 3788/1408/7176 3791/1498/7176 3792/1409/7176
f 3793/1411/7177 3792/3123/7177 3791/1412/7177
f 3794/1414/7178 3792/3123/7178 3793/1411/7178
f 3795/1416/7179 3798/3124/7179 3799/1417/7179
f 3800/1419/7180 3799/3125/7180 3798/1420/7180
f 3801/1422/7181 3799/3125/7181 3800/1419/7181
f 3802/1424/7182 3805/1499/7182 3806/1425/7182
f 3807/1427/7183 3806/3126/7183 3805/1428/7183
f 3808/1430/7184 3806/3126/7184 3807/1427/7184
f 3809/1432/7185 3812/3127/7185 3813/1433/7185
f 3814/1435/7186 3813/3128/7186 3812/1436/7186
f 3815/1438/7187 3813/3128/7187 3814/1435/7187
f 3816/1440/7188 3819/1500/7188 3820/1441/7188
f 3821/1443/7189 3820/3129/7189 3819/1444/7189
f 3822/1446/7190 3820/3129/7190 3821/1443/7190
f 3823/1448/7191 3826/3130/7191 3827/1449/7191
f 3828/1451/7192 3827/3131/7192 3826/1452/7192
f 3829/1454/7193 3827/3131/7193 3828/1451/7193
f 3830/1456/7194 3833/3132/7194 3834/1457/7194
f 3835/1459/7195 3834/3133/7195 3833/1460/7195
f 3836/1462/7196 3834/3133/7196 3835/1459/7196
f 3837/1464/7197 3840/1501/7197 3841/1465/7197
f 3842/1467/7198 3841/3134/7198 3840/1468/7198
f 3843/1470/7199 3841/3134/7199 3842/1467/7199
f 3844/1472/7200 3847/3135/7200 3848/1473/7200
f 3849/1475/7201 3848/3136/7201 3847/1476/7201
f 3850/1478/7202 3848/3136/7202 3849/1475/7202
f 3851/1480/7203 3854/1502/7203 3855/1481/7203
f 3856/1483/7204 3855/3137/7204 3854/1484/7204
f 3857/1486/7205 3855/3137/7205 3856/1483/7205
f 3858/1488/7206 3861/3138/7206 3862/1489/7206
f 3863/1491/7207 3862/3139/7207 3861/1492/7207
f 3864/1494/7208 3862/3139/7208 3863/1491/7208
f 3769/1390/7209 3782/1405/7209 3784/1404/7209
f 3784/1496/3647 3781/1400/3647 3767/1382/3647
f 3775/1396/3648 3777/1395/3648 3794/1414/3648
f 3777/1497/3649 3774/1391/3649 3788/1408/3649
f 3776/1399/7210 3779/1398/7210 3772/1385/7210
f 3772/1389/7211 3779/1394/7211 3775/1396/7211
f 3789/1413/7212 3783/1407/7212 3786/1403/7212
f 3786/1403/7213 3782/1405/7213 3790/1415/7213
f 3796/1421/3654 3798/1420/3654 3787/1406/3654
f 3787/1402/3655 3798/3124/3655 3795/1416/3655
f 3804/1431/7214 3789/1413/7214 3791/1412/7214
f 3791/1498/3657 3788/1408/3657 3802/1424/3657
f 3803/1429/7215 3797/1423/7215 3800/1419/7215
f 3800/1419/7216 3796/1421/7216 3804/1431/7216
f 3810/1437/7217 3812/1436/7217 3801/1422/7217
f 3801/1418/3661 3812/3127/3661 3809/1432/3661
f 3803/1429/3662 3805/1428/3662 3822/1446/3662
f 3805/1499/3663 3802/1424/3663 3816/1440/3663
f 3817/1445/7218 3811/1439/7218 3814/1435/7218
f 3814/1435/7219 3810/1437/7219 3818/1447/7219
f 3824/1453/3666 3826/1452/3666 3815/1438/3666
f 3815/1434/3667 3826/3130/3667 3823/1448/3667
f 3832/1463/7220 3817/1445/7220 3819/1444/7220
f 3819/1500/7221 3816/1440/7221 3830/1456/7221
f 3831/1461/7222 3825/1455/7222 3828/1451/7222
f 3828/1451/7223 3824/1453/7223 3832/1463/7223
f 3825/1455/3672 3838/1469/3672 3840/1468/3672
f 3840/1501/3673 3837/1464/3673 3823/1448/3673
f 3831/1461/3674 3833/1460/3674 3850/1478/3674
f 3850/1474/3675 3833/3132/3675 3830/1456/3675
f 3845/1477/7224 3839/1471/7224 3842/1467/7224
f 3842/1467/7225 3838/1469/7225 3846/1479/7225
f 3839/1471/3678 3852/1485/3678 3854/1484/3678
f 3854/1502/3679 3851/1480/3679 3837/1464/3679
f 3845/1477/3680 3847/1476/3680 3864/1494/3680
f 3864/1490/3681 3847/3135/3681 3844/1472/3681
f 3859/1493/7226 3853/1487/7226 3856/1483/7226
f 3856/1483/7227 3852/1485/7227 3860/1495/7227
f 3853/1487/7228 3768/1387/7228 3770/1386/7228
f 3770/1503/3685 3767/1382/3685 3851/1480/3685
f 3776/1399/3686 3859/1493/3686 3861/1492/3686
f 3780/1393/3687 3861/3138/3687 3858/1488/3687
f 3851/1480/3688 3767/1382/3688 3781/1400/3688
f 3781/1400/3688 3795/1416/3688 3809/1432/3688
f 3809/1432/3688 3823/1448/3688 3837/1464/3688
f 3837/1464/3688 3851/1480/3688 3781/1400/3688
f 3769/1390/3689 3775/1396/3689 3790/1415/3689
f 3853/1487/3690 3859/1493/3690 3776/1399/3690
f 3802/1424/3691 3788/1408/3691 3774/1391/3691
f 3774/1391/3691 3858/1488/3691 3844/1472/3691
f 3844/1472/3691 3830/1456/3691 3816/1440/3691
f 3816/1440/3691 3802/1424/3691 3774/1391/3691
f 3789/1413/3692 3804/1431/3692 3796/1421/3692
f 3803/1429/3693 3818/1447/3693 3810/1437/3693
f 3817/1445/3694 3832/1463/3694 3824/1453/3694
f 3831/1461/3695 3846/1479/3695 3838/1469/3695
f 3839/1471/3696 3845/1477/3696 3860/1495/3696
f 4117/1823/7354 4120/1920/7354 4121/1824/7354
f 4118/1826/7355 4122/1909/7355 4121/1827/7355
f 4119/1829/7356 4123/1905/7356 4121/1830/7356
f 4124/1832/7357 4127/1908/7357 4128/1833/7357
f 4125/1835/7358 4129/1910/7358 4128/1836/7358
f 4126/1838/7359 4130/1921/7359 4128/1839/7359
f 4131/1841/7360 4134/1906/7360 4135/1842/7360
f 4132/1844/7361 4136/1848/7361 4135/1845/7361
f 4133/1847/7362 4137/1911/7362 4135/1845/7362
f 4138/1849/7363 4141/3189/7363 4142/1850/7363
f 4139/1852/7364 4143/1856/7364 4142/1853/7364
f 4140/1855/7365 4144/1907/7365 4142/1853/7365
f 4145/1857/7366 4148/1912/7366 4149/1858/7366
f 4146/1860/7367 4150/1864/7367 4149/1861/7367
f 4147/1863/7368 4151/1914/7368 4149/1861/7368
f 4152/1865/7369 4155/1916/7369 4156/1866/7369
f 4153/1868/7370 4157/1872/7370 4156/1869/7370
f 4154/1871/7371 4158/1913/7371 4156/1869/7371
f 4159/1873/7372 4162/3190/7372 4163/1874/7372
f 4160/1876/7373 4164/1880/7373 4163/1877/7373
f 4161/1879/7374 4165/1917/7374 4163/1877/7374
f 4166/1881/7375 4169/3191/7375 4170/1882/7375
f 4167/1884/7376 4171/1888/7376 4170/1885/7376
f 4168/1887/7377 4172/1915/7377 4170/1885/7377
f 4173/1889/7378 4176/2209/7378 4177/1890/7378
f 4174/1892/7379 4178/1896/7379 4177/1893/7379
f 4175/1895/7380 4179/1919/7380 4177/1893/7380
f 4180/1897/7381 4183/3192/7381 4184/1898/7381
f 4181/1900/7382 4185/1904/7382 4184/1901/7382
f 4182/1903/7383 4186/1918/7383 4184/1901/7383
f 4132/1844/3965 4134/1846/3965 4123/1905/3965
f 4134/1906/3966 4131/1841/3966 4117/1823/3966
f 4140/1855/3967 4125/1835/3967 4127/1837/3967
f 4127/1908/3968 4124/1832/3968 4138/1849/3968
f 4118/1826/3969 4126/1838/3969 4129/1840/3969
f 4129/1910/3970 4125/1835/3970 4119/1829/3970
f 4133/1847/3971 4136/1848/3971 4143/1856/3971
f 4143/1856/3972 4136/1848/3972 4132/1844/3972
f 4146/1860/7384 4148/1862/7384 4137/1911/7384
f 4148/1912/3974 4145/1857/3974 4131/1841/3974
f 4139/1852/3975 4141/1854/3975 4158/1913/3975
f 4158/1867/3976 4141/3189/3976 4138/1849/3976
f 4147/1863/3977 4150/1864/3977 4157/1872/3977
f 4157/1872/3978 4150/1864/3978 4146/1860/3978
f 4160/1876/3979 4162/1878/3979 4151/1914/3979
f 4151/1859/3980 4162/3190/3980 4159/1873/3980
f 4168/1887/3981 4153/1868/3981 4155/1870/3981
f 4155/1916/3982 4152/1865/3982 4166/1881/3982
f 4161/1879/3983 4164/1880/3983 4171/1888/3983
f 4171/1888/3984 4164/1880/3984 4160/1876/3984
f 4174/1892/3985 4176/1894/3985 4165/1917/3985
f 4165/1875/3986 4176/2209/3986 4173/1889/3986
f 4167/1884/3987 4169/1886/3987 4186/1918/3987
f 4186/1899/3988 4169/3191/3988 4166/1881/3988
f 4175/1895/3989 4178/1896/3989 4185/1904/3989
f 4185/1904/3990 4178/1896/3990 4174/1892/3990
f 4118/1826/3991 4120/1828/3991 4179/1919/3991
f 4120/1920/3992 4117/1823/3992 4173/1889/3992
f 4181/1900/7385 4183/1902/7385 4130/1921/7385
f 4130/1834/7386 4183/3192/7386 4180/1897/7386
f 4173/1889/3995 4117/1823/3995 4131/1841/3995
f 4131/1841/3995 4145/1857/3995 4159/1873/3995
f 4125/1835/3996 4140/1855/3996 4132/1844/3996
f 4181/1900/3997 4126/1838/3997 4118/1826/3997
f 4152/1865/3998 4138/1849/3998 4124/1832/3998
f 4124/1832/3998 4180/1897/3998 4166/1881/3998
f 4139/1852/3999 4154/1871/3999 4146/1860/3999
f 4153/1868/4000 4168/1887/4000 4160/1876/4000
f 4167/1884/4001 4182/1903/4001 4174/1892/4001
f 4187/1922/7387 4190/2013/7387 4191/1923/7387
f 4188/1925/7388 4192/1909/7388 4191/1827/7388
f 4189/1927/7389 4193/2000/7389 4191/1928/7389
f 4194/1930/7390 4197/3193/7390 4198/1931/7390
f 4195/1933/7391 4199/1910/7391 4198/1836/7391
f 4196/1935/7392 4200/2014/7392 4198/1936/7392
f 4201/1938/7393 4204/2219/7393 4205/1939/7393
f 4202/1941/7394 4206/1848/7394 4205/1942/7394
f 4203/1944/7395 4207/2002/7395 4205/1942/7395
f 4208/1945/7396 4211/2004/7396 4212/1946/7396
f 4209/1948/7397 4213/1952/7397 4212/1949/7397
f 4210/1951/7398 4214/2001/7398 4212/1949/7398
f 4215/1953/7399 4218/2220/7399 4219/1954/7399
f 4216/1956/7400 4220/1960/7400 4219/1957/7400
f 4217/1959/7401 4221/2005/7401 4219/1957/7401
f 4222/1961/7402 4225/2007/7402 4226/1962/7402
f 4223/1964/7403 4227/1968/7403 4226/1965/7403
f 4224/1967/7404 4228/2003/7404 4226/1965/7404
f 4229/1969/7405 4232/3194/7405 4233/1970/7405
f 4230/1972/7406 4234/1976/7406 4233/1973/7406
f 4231/1975/7407 4235/2008/7407 4233/1973/7407
f 4236/1977/7408 4239/2011/7408 4240/1978/7408
f 4237/1980/7409 4241/1984/7409 4240/1981/7409
f 4238/1983/7410 4242/2006/7410 4240/1981/7410
f 4243/1985/7411 4246/2009/7411 4247/1986/7411
f 4244/1988/7412 4248/1992/7412 4247/1989/7412
f 4245/1991/7413 4249/2012/7413 4247/1989/7413
f 4250/1993/7414 4253/2015/7414 4254/1994/7414
f 4251/1996/7415 4255/1904/7415 4254/1997/7415
f 4252/1999/7416 4256/2010/7416 4254/1997/7416
f 4189/1927/7417 4202/1941/7417 4204/1943/7417
f 4193/1924/4033 4204/2219/4033 4201/1938/4033
f 4210/1951/4034 4195/1933/4034 4197/1934/4034
f 4214/1947/4035 4197/3193/4035 4194/1930/4035
f 4188/1925/4036 4196/1935/4036 4199/1937/4036
f 4199/1910/4037 4195/1933/4037 4189/1927/4037
f 4203/1944/4038 4206/1848/4038 4213/1952/4038
f 4213/1952/4039 4206/1848/4039 4202/1941/4039
f 4216/1956/4040 4218/1958/4040 4207/2002/4040
f 4207/1940/4041 4218/2220/4041 4215/1953/4041
f 4224/1967/7418 4209/1948/7418 4211/1950/7418
f 4211/2004/4043 4208/1945/4043 4222/1961/4043
f 4217/1959/4044 4220/1960/4044 4227/1968/4044
f 4227/1968/4045 4220/1960/4045 4216/1956/4045
f 4230/1972/4046 4232/1974/4046 4221/2005/4046
f 4221/1955/7419 4232/3194/7419 4229/1969/7419
f 4238/1983/4048 4223/1964/4048 4225/1966/4048
f 4225/2007/4049 4222/1961/4049 4236/1977/4049
f 4231/1975/4050 4234/1976/4050 4241/1984/4050
f 4241/1984/4051 4234/1976/4051 4230/1972/4051
f 4244/1988/4052 4246/1990/4052 4235/2008/4052
f 4246/2009/4053 4243/1985/4053 4229/1969/4053
f 4252/1999/7420 4237/1980/7420 4239/1982/7420
f 4239/2011/4055 4236/1977/4055 4250/1993/4055
f 4245/1991/4056 4248/1992/4056 4255/1904/4056
f 4255/1904/4057 4248/1992/4057 4244/1988/4057
f 4245/1991/4058 4188/1925/4058 4190/1926/4058
f 4190/2013/4059 4187/1922/4059 4243/1985/4059
f 4251/1996/4060 4253/1998/4060 4200/2014/4060
f 4253/2015/4061 4250/1993/4061 4194/1930/4061
f 4243/1985/4062 4187/1922/4062 4201/1938/4062
f 4201/1938/4062 4215/1953/4062 4229/1969/4062
f 4189/1927/4063 4195/1933/4063 4210/1951/4063
f 4251/1996/4064 4196/1935/4064 4188/1925/4064
f 4222/1961/4065 4208/1945/4065 4194/1930/4065
f 4194/1930/4065 4250/1993/4065 4236/1977/4065
f 4203/1944/4066 4209/1948/4066 4224/1967/4066
f 4223/1964/4067 4238/1983/4067 4230/1972/4067
f 4237/1980/4068 4252/1999/4068 4244/1988/4068
f 4257/2016/7421 4260/2105/7421 4261/2017/7421
f 4258/2019/7422 4262/1909/7422 4261/1827/7422
f 4259/2021/7423 4263/2089/7423 4261/2022/7423
f 4264/2023/7424 4267/2092/7424 4268/2024/7424
f 4265/2026/7425 4269/2093/7425 4268/1836/7425
f 4266/2028/7426 4270/2106/7426 4268/2029/7426
f 4271/2030/7427 4274/2090/7427 4275/2031/7427
f 4272/2033/7428 4276/1848/7428 4275/2034/7428
f 4273/2036/7429 4277/2094/7429 4275/2034/7429
f 4278/2037/7430 4281/2097/7430 4282/2038/7430
f 4279/2040/7431 4283/2044/7431 4282/2041/7431
f 4280/2043/7432 4284/2091/7432 4282/2041/7432
f 4285/2045/7433 4288/2095/7433 4289/2046/7433
f 4286/2048/7434 4290/1864/7434 4289/2049/7434
f 4287/2051/7435 4291/2098/7435 4289/2049/7435
f 4292/2052/7436 4295/2100/7436 4296/2053/7436
f 4293/2055/7437 4297/2059/7437 4296/2056/7437
f 4294/2058/7438 4298/2096/7438 4296/2056/7438
f 4299/2060/7439 4302/2228/7439 4303/2061/7439
f 4300/2063/7440 4304/1880/7440 4303/2064/7440
f 4301/2066/7441 4305/2101/7441 4303/2064/7441
f 4306/2067/7442 4309/3195/7442 4310/2068/7442
f 4307/2070/7443 4311/2074/7443 4310/2071/7443
f 4308/2073/7444 4312/2099/7444 4310/2071/7444
f 4313/2075/7445 4316/2102/7445 4317/2076/7445
f 4314/2078/7446 4318/1896/7446 4317/2079/7446
f 4315/2081/7447 4319/2104/7447 4317/2079/7447
f 4320/2082/7448 4323/2229/7448 4324/2083/7448
f 4321/2085/7449 4325/1904/7449 4324/2086/7449
f 4322/2088/7450 4326/2103/7450 4324/2086/7450
f 4272/2033/4099 4274/2035/4099 4263/2089/4099
f 4274/2090/4100 4271/2030/4100 4257/2016/4100
f 4265/2026/4101 4267/2027/4101 4284/2091/4101
f 4267/2092/4102 4264/2023/4102 4278/2037/4102
f 4258/2019/4103 4266/2028/4103 4269/1840/4103
f 4269/2093/4104 4265/2026/4104 4259/2021/4104
f 4273/2036/4105 4276/1848/4105 4283/2044/4105
f 4283/2044/4106 4276/1848/4106 4272/2033/4106
f 4273/2036/4107 4286/2048/4107 4288/2050/4107
f 4288/2095/7451 4285/2045/7451 4271/2030/7451
f 4279/2040/4109 4281/2042/4109 4298/2096/4109
f 4281/2097/4110 4278/2037/4110 4292/2052/4110
f 4287/2051/4111 4290/1864/4111 4297/2059/4111
f 4297/2059/4112 4290/1864/4112 4286/2048/4112
f 4300/2063/4113 4302/2065/4113 4291/2098/4113
f 4291/2047/4114 4302/2228/4114 4299/2060/4114
f 4308/2073/4115 4293/2055/4115 4295/2057/4115
f 4295/2100/4116 4292/2052/4116 4306/2067/4116
f 4301/2066/4117 4304/1880/4117 4311/2074/4117
f 4311/2074/4118 4304/1880/4118 4300/2063/4118
f 4301/2066/4119 4314/2078/4119 4316/2080/4119
f 4316/2102/4120 4313/2075/4120 4299/2060/4120
f 4322/2088/4121 4307/2070/4121 4309/2072/4121
f 4326/2084/4122 4309/3195/4122 4306/2067/4122
f 4315/2081/7452 4318/1896/7452 4325/1904/7452
f 4325/1904/4124 4318/1896/4124 4314/2078/4124
f 4315/2081/4125 4258/2019/4125 4260/2020/4125
f 4260/2105/4126 4257/2016/4126 4313/2075/4126
f 4266/2028/4127 4321/2085/4127 4323/2087/4127
f 4270/2025/4128 4323/2229/4128 4320/2082/4128
f 4313/2075/4129 4257/2016/4129 4271/2030/4129
f 4271/2030/4129 4285/2045/4129 4299/2060/4129
f 4265/2026/4130 4280/2043/4130 4272/2033/4130
f 4315/2081/4131 4321/2085/4131 4266/2028/4131
f 4292/2052/4132 4278/2037/4132 4264/2023/4132
f 4264/2023/4132 4320/2082/4132 4306/2067/4132
f 4279/2040/4133 4294/2058/4133 4286/2048/4133
f 4293/2055/4134 4308/2073/4134 4300/2063/4134
f 4307/2070/4135 4322/2088/4135 4314/2078/4135
f 4327/2107/7453 4330/2197/7453 4331/2108/7453
f 4328/2110/7454 4332/1909/7454 4331/1827/7454
f 4329/2112/7455 4333/2182/7455 4331/2113/7455
f 4334/2114/7456 4337/2185/7456 4338/2115/7456
f 4335/2117/7457 4339/1910/7457 4338/1836/7457
f 4336/2119/7458 4340/2198/7458 4338/2120/7458
f 4341/2122/7459 4344/2183/7459 4345/2123/7459
f 4342/2125/7460 4346/2129/7460 4345/2126/7460
f 4343/2128/7461 4347/2186/7461 4345/2126/7461
f 4348/2130/7462 4351/3196/7462 4352/2131/7462
f 4349/2133/7463 4353/2137/7463 4352/2134/7463
f 4350/2136/7464 4354/2184/7464 4352/2134/7464
f 4355/2138/7465 4358/2187/7465 4359/2139/7465
f 4356/2141/7466 4360/1864/7466 4359/2142/7466
f 4357/2144/7467 4361/2189/7467 4359/2142/7467
f 4362/2145/7468 4365/2192/7468 4366/2146/7468
f 4363/2148/7469 4367/1872/7469 4366/2149/7469
f 4364/2151/7470 4368/2188/7470 4366/2149/7470
f 4369/2152/7471 4372/2190/7471 4373/2153/7471
f 4370/2155/7472 4374/1880/7472 4373/2156/7472
f 4371/2158/7473 4375/2193/7473 4373/2156/7473
f 4376/2159/7474 4379/2195/7474 4380/2160/7474
f 4377/2162/7475 4381/2166/7475 4380/2163/7475
f 4378/2165/7476 4382/2191/7476 4380/2163/7476
f 4383/2167/7477 4386/2235/7477 4387/2168/7477
f 4384/2170/7478 4388/2174/7478 4387/2171/7478
f 4385/2173/7479 4389/2196/7479 4387/2171/7479
f 4390/2175/7480 4393/2199/7480 4394/2176/7480
f 4391/2178/7481 4395/1904/7481 4394/2179/7481
f 4392/2181/7482 4396/2194/7482 4394/2179/7482
f 4342/2125/4166 4344/2127/4166 4333/2182/4166
f 4344/2183/7483 4341/2122/7483 4327/2107/7483
f 4350/2136/4168 4335/2117/4168 4337/2118/4168
f 4337/2185/7484 4334/2114/7484 4348/2130/7484
f 4328/2110/4170 4336/2119/4170 4339/2121/4170
f 4339/1910/4171 4335/2117/4171 4329/2112/4171
f 4343/2128/4172 4346/2129/4172 4353/2137/4172
f 4353/2137/4173 4346/2129/4173 4342/2125/4173
f 4343/2128/4174 4356/2141/4174 4358/2143/4174
f 4358/2187/4175 4355/2138/4175 4341/2122/4175
f 4349/2133/7485 4351/2135/7485 4368/2188/7485
f 4368/2147/4177 4351/3196/4177 4348/2130/4177
f 4357/2144/4178 4360/1864/4178 4367/1872/4178
f 4367/1872/4179 4360/1864/4179 4356/2141/4179
f 4370/2155/4180 4372/2157/4180 4361/2189/4180
f 4372/2190/4181 4369/2152/4181 4355/2138/4181
f 4363/2148/4182 4365/2150/4182 4382/2191/4182
f 4365/2192/4183 4362/2145/4183 4376/2159/4183
f 4371/2158/4184 4374/1880/4184 4381/2166/4184
f 4381/2166/4185 4374/1880/4185 4370/2155/4185
f 4384/2170/4186 4386/2172/4186 4375/2193/4186
f 4375/2154/4187 4386/2235/4187 4383/2167/4187
f 4377/2162/4188 4379/2164/4188 4396/2194/4188
f 4379/2195/4189 4376/2159/4189 4390/2175/4189
f 4385/2173/4190 4388/2174/4190 4395/1904/4190
f 4395/1904/4191 4388/2174/4191 4384/2170/4191
f 4385/2173/4192 4328/2110/4192 4330/2111/4192
f 4330/2197/4193 4327/2107/4193 4383/2167/4193
f 4336/2119/4194 4391/2178/4194 4393/2180/4194
f 4393/2199/4195 4390/2175/4195 4334/2114/4195
f 4383/2167/4196 4327/2107/4196 4341/2122/4196
f 4341/2122/4196 4355/2138/4196 4369/2152/4196
f 4335/2117/4197 4350/2136/4197 4342/2125/4197
f 4391/2178/4198 4336/2119/4198 4328/2110/4198
f 4362/2145/4199 4348/2130/4199 4334/2114/4199
f 4334/2114/4199 4390/2175/4199 4376/2159/4199
f 4349/2133/4200 4364/2151/4200 4356/2141/4200
f 4363/2148/4201 4378/2165/4201 4370/2155/4201
f 4371/2158/4202 4377/2162/4202 4392/2181/4202
f 4397/2200/7486 4400/1920/7486 4401/1824/7486
f 4398/1826/7487 4402/1909/7487 4401/1827/7487
f 4399/1829/7488 4403/1905/7488 4401/1830/7488
f 4404/1832/7489 4407/1908/7489 4408/1833/7489
f 4405/1835/7490 4409/1910/7490 4408/1836/7490
f 4406/1838/7491 4410/1921/7491 4408/1839/7491
f 4411/2201/7492 4414/1906/7492 4415/1842/7492
f 4412/1844/7493 4416/1848/7493 4415/1845/7493
f 4413/2202/7494 4417/1911/7494 4415/1845/7494
f 4418/1849/7495 4421/3189/7495 4422/1850/7495
f 4419/2203/7496 4423/1856/7496 4422/1853/7496
f 4420/1855/7497 4424/1907/7497 4422/1853/7497
f 4425/1857/7498 4428/1912/7498 4429/1858/7498
f 4426/1860/7499 4430/1864/7499 4429/1861/7499
f 4427/2204/7500 4431/1914/7500 4429/1861/7500
f 4432/1865/7501 4435/1916/7501 4436/1866/7501
f 4433/2205/7502 4437/1872/7502 4436/1869/7502
f 4434/1871/7503 4438/1913/7503 4436/1869/7503
f 4439/1873/7504 4442/3190/7504 4443/1874/7504
f 4440/1876/7505 4444/1880/7505 4443/1877/7505
f 4441/2206/7506 4445/1917/7506 4443/1877/7506
f 4446/1881/7507 4449/3191/7507 4450/1882/7507
f 4447/2207/7508 4451/1888/7508 4450/1885/7508
f 4448/1887/7509 4452/1915/7509 4450/1885/7509
f 4453/1889/7510 4456/2209/7510 4457/1890/7510
f 4454/1892/7511 4458/1896/7511 4457/1893/7511
f 4455/1895/7512 4459/1919/7512 4457/1893/7512
f 4460/1897/7513 4463/3192/7513 4464/1898/7513
f 4461/2208/7514 4465/1904/7514 4464/1901/7514
f 4462/1903/7515 4466/1918/7515 4464/1901/7515
f 4399/1829/4233 4412/1844/4233 4414/1846/4233
f 4414/1906/4234 4411/2201/4234 4397/2200/4234
f 4420/1855/4235 4405/1835/4235 4407/1837/4235
f 4424/1851/4236 4407/1908/4236 4404/1832/4236
f 4398/1826/4237 4406/1838/4237 4409/1840/4237
f 4409/1910/4238 4405/1835/4238 4399/1829/4238
f 4413/2202/4239 4416/1848/4239 4423/1856/4239
f 4423/1856/4240 4416/1848/4240 4412/1844/4240
f 4426/1860/4241 4428/1862/4241 4417/1911/4241
f 4428/1912/4242 4425/1857/4242 4411/2201/4242
f 4419/2203/4243 4421/1854/4243 4438/1913/4243
f 4438/1867/7516 4421/3189/7516 4418/1849/7516
f 4427/2204/4245 4430/1864/4245 4437/1872/4245
f 4437/1872/4246 4430/1864/4246 4426/1860/4246
f 4440/1876/4247 4442/1878/4247 4431/1914/4247
f 4431/1859/4248 4442/3190/4248 4439/1873/4248
f 4448/1887/4249 4433/2205/4249 4435/1870/4249
f 4435/1916/4250 4432/1865/4250 4446/1881/4250
f 4441/2206/4251 4444/1880/4251 4451/1888/4251
f 4451/1888/4252 4444/1880/4252 4440/1876/4252
f 4441/2206/4253 4454/1892/4253 4456/1894/4253
f 4456/2209/4254 4453/1889/4254 4439/1873/4254
f 4447/2207/7517 4449/1886/7517 4466/1918/7517
f 4466/1899/4256 4449/3191/4256 4446/1881/4256
f 4455/1895/4257 4458/1896/4257 4465/1904/4257
f 4465/1904/4258 4458/1896/4258 4454/1892/4258
f 4455/1895/4259 4398/1826/4259 4400/1828/4259
f 4400/1920/4260 4397/2200/4260 4453/1889/4260
f 4461/2208/4261 4463/1902/4261 4410/1921/4261
f 4410/1834/4262 4463/3192/4262 4460/1897/4262
f 4453/1889/4263 4397/2200/4263 4411/2201/4263
f 4411/2201/4263 4425/1857/4263 4439/1873/4263
f 4405/1835/4264 4420/1855/4264 4412/1844/4264
f 4461/2208/4265 4406/1838/4265 4398/1826/4265
f 4432/1865/4266 4418/1849/4266 4404/1832/4266
f 4404/1832/4266 4460/1897/4266 4446/1881/4266
f 4419/2203/4267 4434/1871/4267 4426/1860/4267
f 4427/2204/4268 4433/2205/4268 4448/1887/4268
f 4447/2207/4269 4462/1903/4269 4454/1892/4269
f 4467/2210/7518 4470/2013/7518 4471/1923/7518
f 4468/1925/7519 4472/1909/7519 4471/1827/7519
f 4469/1927/7520 4473/2000/7520 4471/1928/7520
f 4474/1930/7521 4477/3193/7521 4478/1931/7521
f 4475/1933/7522 4479/1910/7522 4478/1836/7522
f 4476/1935/7523 4480/2014/7523 4478/1936/7523
f 4481/1938/7524 4484/2219/7524 4485/1939/7524
f 4482/1941/7525 4486/1848/7525 4485/1942/7525
f 4483/2211/7526 4487/2002/7526 4485/1942/7526
f 4488/2212/7527 4491/2004/7527 4492/1946/7527
f 4489/1948/7528 4493/1952/7528 4492/1949/7528
f 4490/1951/7529 4494/2001/7529 4492/1949/7529
f 4495/1953/7530 4498/2220/7530 4499/1954/7530
f 4496/1956/7531 4500/1960/7531 4499/1957/7531
f 4497/2213/7532 4501/2005/7532 4499/1957/7532
f 4502/1961/7533 4505/2007/7533 4506/1962/7533
f 4503/2214/7534 4507/1968/7534 4506/1965/7534
f 4504/1967/7535 4508/2003/7535 4506/1965/7535
f 4509/2215/7536 4512/3194/7536 4513/1970/7536
f 4510/1972/7537 4514/1976/7537 4513/1973/7537
f 4511/1975/7538 4515/2008/7538 4513/1973/7538
f 4516/2216/7539 4519/2011/7539 4520/1978/7539
f 4517/2217/7540 4521/1984/7540 4520/1981/7540
f 4518/1983/7541 4522/2006/7541 4520/1981/7541
f 4523/1985/7542 4526/2009/7542 4527/1986/7542
f 4524/2218/7543 4528/1992/7543 4527/1989/7543
f 4525/1991/7544 4529/2012/7544 4527/1989/7544
f 4530/1993/7545 4533/2015/7545 4534/1994/7545
f 4531/1996/7546 4535/1904/7546 4534/1997/7546
f 4532/1999/7547 4536/2010/7547 4534/1997/7547
f 4482/1941/4300 4484/1943/4300 4473/2000/4300
f 4484/2219/7548 4481/1938/7548 4467/2210/7548
f 4475/1933/4302 4477/1934/4302 4494/2001/4302
f 4494/1947/4303 4477/3193/4303 4474/1930/4303
f 4468/1925/7549 4476/1935/7549 4479/1937/7549
f 4479/1910/4305 4475/1933/4305 4469/1927/4305
f 4483/2211/4306 4486/1848/4306 4493/1952/4306
f 4493/1952/4307 4486/1848/4307 4482/1941/4307
f 4496/1956/4308 4498/1958/4308 4487/2002/4308
f 4498/2220/4309 4495/1953/4309 4481/1938/4309
f 4489/1948/4310 4491/1950/4310 4508/2003/4310
f 4508/1963/4311 4491/2004/4311 4488/2212/4311
f 4497/2213/4312 4500/1960/4312 4507/1968/4312
f 4507/1968/4313 4500/1960/4313 4496/1956/4313
f 4497/2213/4314 4510/1972/4314 4512/1974/4314
f 4501/1955/4315 4512/3194/4315 4509/2215/4315
f 4503/2214/4316 4505/1966/4316 4522/2006/4316
f 4505/2007/4317 4502/1961/4317 4516/2216/4317
f 4511/1975/4318 4514/1976/4318 4521/1984/4318
f 4521/1984/4319 4514/1976/4319 4510/1972/4319
f 4511/1975/4320 4524/2218/4320 4526/1990/4320
f 4515/1971/4321 4526/2009/4321 4523/1985/4321
f 4532/1999/4322 4517/2217/4322 4519/1982/4322
f 4519/2011/4323 4516/2216/4323 4530/1993/4323
f 4525/1991/4324 4528/1992/4324 4535/1904/4324
f 4535/1904/4325 4528/1992/4325 4524/2218/4325
f 4525/1991/4326 4468/1925/4326 4470/1926/4326
f 4470/2013/7550 4467/2210/7550 4523/1985/7550
f 4476/1935/4328 4531/1996/4328 4533/1998/4328
f 4480/1932/4329 4533/2015/4329 4530/1993/4329
f 4523/1985/4330 4467/2210/4330 4481/1938/4330
f 4481/1938/4330 4495/1953/4330 4509/2215/4330
f 4469/1927/4331 4475/1933/4331 4490/1951/4331
f 4531/1996/4332 4476/1935/4332 4468/1925/4332
f 4502/1961/4333 4488/2212/4333 4474/1930/4333
f 4474/1930/4333 4530/1993/4333 4516/2216/4333
f 4489/1948/4334 4504/1967/4334 4496/1956/4334
f 4497/2213/4335 4503/2214/4335 4518/1983/4335
f 4511/1975/4336 4517/2217/4336 4532/1999/4336
f 4537/2016/7551 4540/2105/7551 4541/2017/7551
f 4538/2019/7552 4542/1909/7552 4541/1827/7552
f 4539/2021/7553 4543/2089/7553 4541/2022/7553
f 4544/2221/7554 4547/2092/7554 4548/2024/7554
f 4545/2026/7555 4549/2093/7555 4548/1836/7555
f 4546/2028/7556 4550/2106/7556 4548/2029/7556
f 4551/2222/7557 4554/2090/7557 4555/2031/7557
f 4552/2033/7558 4556/1848/7558 4555/2034/7558
f 4553/2036/7559 4557/2094/7559 4555/2034/7559
f 4558/2223/7560 4561/2097/7560 4562/2038/7560
f 4559/2224/7561 4563/2044/7561 4562/2041/7561
f 4560/2043/7562 4564/2091/7562 4562/2041/7562
f 4565/2045/7563 4568/2095/7563 4569/2046/7563
f 4566/2048/7564 4570/1864/7564 4569/2049/7564
f 4567/2051/7565 4571/2098/7565 4569/2049/7565
f 4572/2052/7566 4575/2100/7566 4576/2053/7566
f 4573/2225/7567 4577/2059/7567 4576/2056/7567
f 4574/2058/7568 4578/2096/7568 4576/2056/7568
f 4579/2226/7569 4582/2228/7569 4583/2061/7569
f 4580/2063/7570 4584/1880/7570 4583/2064/7570
f 4581/2066/7571 4585/2101/7571 4583/2064/7571
f 4586/2067/7572 4589/3195/7572 4590/2068/7572
f 4587/2070/7573 4591/2074/7573 4590/2071/7573
f 4588/2073/7574 4592/2099/7574 4590/2071/7574
f 4593/2075/7575 4596/2102/7575 4597/2076/7575
f 4594/2078/7576 4598/1896/7576 4597/2079/7576
f 4595/2081/7577 4599/2104/7577 4597/2079/7577
f 4600/2082/7578 4603/2229/7578 4604/2083/7578
f 4601/2227/7579 4605/1904/7579 4604/2086/7579
f 4602/2088/7580 4606/2103/7580 4604/2086/7580
f 4552/2033/4367 4554/2035/4367 4543/2089/4367
f 4543/2018/4368 4554/2090/4368 4551/2222/4368
f 4560/2043/7581 4545/2026/7581 4547/2027/7581
f 4547/2092/7582 4544/2221/7582 4558/2223/7582
f 4538/2019/4371 4546/2028/4371 4549/1840/4371
f 4549/2093/4372 4545/2026/4372 4539/2021/4372
f 4553/2036/4373 4556/1848/4373 4563/2044/4373
f 4563/2044/4374 4556/1848/4374 4552/2033/4374
f 4566/2048/4375 4568/2050/4375 4557/2094/4375
f 4557/2032/4376 4568/2095/4376 4565/2045/4376
f 4559/2224/4377 4561/2042/4377 4578/2096/4377
f 4578/2054/4378 4561/2097/4378 4558/2223/4378
f 4567/2051/4379 4570/1864/4379 4577/2059/4379
f 4577/2059/4380 4570/1864/4380 4566/2048/4380
f 4567/2051/4381 4580/2063/4381 4582/2065/4381
f 4582/2228/4382 4579/2226/4382 4565/2045/4382
f 4588/2073/4383 4573/2225/4383 4575/2057/4383
f 4575/2100/4384 4572/2052/4384 4586/2067/4384
f 4581/2066/4385 4584/1880/4385 4591/2074/4385
f 4591/2074/4386 4584/1880/4386 4580/2063/4386
f 4594/2078/4387 4596/2080/4387 4585/2101/4387
f 4596/2102/4388 4593/2075/4388 4579/2226/4388
f 4587/2070/4389 4589/2072/4389 4606/2103/4389
f 4606/2084/7583 4589/3195/7583 4586/2067/7583
f 4595/2081/4391 4598/1896/4391 4605/1904/4391
f 4605/1904/4392 4598/1896/4392 4594/2078/4392
f 4595/2081/4393 4538/2019/4393 4540/2020/4393
f 4540/2105/4394 4537/2016/4394 4593/2075/4394
f 4601/2227/4395 4603/2087/4395 4550/2106/4395
f 4603/2229/4396 4600/2082/4396 4544/2221/4396
f 4593/2075/4397 4537/2016/4397 4551/2222/4397
f 4551/2222/4397 4565/2045/4397 4579/2226/4397
f 4545/2026/4398 4560/2043/4398 4552/2033/4398
f 4601/2227/4399 4546/2028/4399 4538/2019/4399
f 4572/2052/4400 4558/2223/4400 4544/2221/4400
f 4544/2221/4400 4600/2082/4400 4586/2067/4400
f 4553/2036/4401 4559/2224/4401 4574/2058/4401
f 4573/2225/4402 4588/2073/4402 4580/2063/4402
f 4587/2070/4403 4602/2088/4403 4594/2078/4403
f 4607/2230/7584 4610/2197/7584 4611/2108/7584
f 4608/2110/7585 4612/1909/7585 4611/1827/7585
f 4609/2231/7586 4613/2182/7586 4611/2113/7586
f 4614/2232/7587 4617/2185/7587 4618/2115/7587
f 4615/2117/7588 4619/1910/7588 4618/1836/7588
f 4616/2119/7589 4620/2198/7589 4618/2120/7589
f 4621/2122/7590 4624/2183/7590 4625/2123/7590
f 4622/2125/7591 4626/2129/7591 4625/2126/7591
f 4623/2128/7592 4627/2186/7592 4625/2126/7592
f 4628/2130/7593 4631/3196/7593 4632/2131/7593
f 4629/2133/7594 4633/2137/7594 4632/2134/7594
f 4630/2136/7595 4634/2184/7595 4632/2134/7595
f 4635/2138/7596 4638/2187/7596 4639/2139/7596
f 4636/2141/7597 4640/1864/7597 4639/2142/7597
f 4637/2144/7598 4641/2189/7598 4639/2142/7598
f 4642/2145/7599 4645/2192/7599 4646/2146/7599
f 4643/2148/7600 4647/1872/7600 4646/2149/7600
f 4644/2151/7601 4648/2188/7601 4646/2149/7601
f 4649/2152/7602 4652/2190/7602 4653/2153/7602
f 4650/2155/7603 4654/1880/7603 4653/2156/7603
f 4651/2158/7604 4655/2193/7604 4653/2156/7604
f 4656/2159/7605 4659/2195/7605 4660/2160/7605
f 4657/2162/7606 4661/2166/7606 4660/2163/7606
f 4658/2165/7607 4662/2191/7607 4660/2163/7607
f 4663/2233/7608 4666/2235/7608 4667/2168/7608
f 4664/2170/7609 4668/2174/7609 4667/2171/7609
f 4665/2234/7610 4669/2196/7610 4667/2171/7610
f 4670/2175/7611 4673/2199/7611 4674/2176/7611
f 4671/2178/7612 4675/1904/7612 4674/2179/7612
f 4672/2181/7613 4676/2194/7613 4674/2179/7613
f 4609/2231/4434 4622/2125/4434 4624/2127/4434
f 4624/2183/4435 4621/2122/4435 4607/2230/4435
f 4630/2136/4436 4615/2117/4436 4617/2118/4436
f 4617/2185/4437 4614/2232/4437 4628/2130/4437
f 4608/2110/4438 4616/2119/4438 4619/2121/4438
f 4619/1910/7614 4615/2117/7614 4609/2231/7614
f 4623/2128/4440 4626/2129/4440 4633/2137/4440
f 4633/2137/4441 4626/2129/4441 4622/2125/4441
f 4623/2128/4442 4636/2141/4442 4638/2143/4442
f 4627/2124/7615 4638/2187/7615 4635/2138/7615
f 4629/2133/4444 4631/2135/4444 4648/2188/4444
f 4648/2147/4445 4631/3196/4445 4628/2130/4445
f 4637/2144/4446 4640/1864/4446 4647/1872/4446
f 4647/1872/4447 4640/1864/4447 4636/2141/4447
f 4650/2155/4448 4652/2157/4448 4641/2189/4448
f 4652/2190/4449 4649/2152/4449 4635/2138/4449
f 4643/2148/4450 4645/2150/4450 4662/2191/4450
f 4662/2161/4451 4645/2192/4451 4642/2145/4451
f 4651/2158/4452 4654/1880/4452 4661/2166/4452
f 4661/2166/4453 4654/1880/4453 4650/2155/4453
f 4664/2170/4454 4666/2172/4454 4655/2193/4454
f 4666/2235/4455 4663/2233/4455 4649/2152/4455
f 4657/2162/4456 4659/2164/4456 4676/2194/4456
f 4659/2195/4457 4656/2159/4457 4670/2175/4457
f 4665/2234/4458 4668/2174/4458 4675/1904/4458
f 4675/1904/4459 4668/2174/4459 4664/2170/4459
f 4665/2234/4460 4608/2110/4460 4610/2111/4460
f 4610/2197/4461 4607/2230/4461 4663/2233/4461
f 4671/2178/4462 4673/2180/4462 4620/2198/4462
f 4620/2116/7616 4673/2199/7616 4670/2175/7616
f 4663/2233/4464 4607/2230/4464 4621/2122/4464
f 4621/2122/4464 4635/2138/4464 4649/2152/4464
f 4615/2117/4465 4630/2136/4465 4622/2125/4465
f 4671/2178/4466 4616/2119/4466 4608/2110/4466
f 4642/2145/4467 4628/2130/4467 4614/2232/4467
f 4614/2232/4467 4670/2175/4467 4656/2159/4467
f 4623/2128/4468 4629/2133/4468 4644/2151/4468
f 4637/2144/4469 4643/2148/4469 4658/2165/4469
f 4651/2158/4470 4657/2162/4470 4672/2181/4470
f 4677/2236/7617 4680/3197/7617 4681/2237/7617
f 4682/2239/7618 4681/3198/7618 4680/2240/7618
f 4683/2242/7619 4681/3199/7619 4682/2243/7619
f 4684/2245/7620 4687/3200/7620 4688/2246/7620
f 4689/2248/7621 4688/3201/7621 4687/2249/7621
f 4690/2251/7622 4688/3202/7622 4689/2252/7622
f 4691/2254/7623 4694/3203/7623 4695/2255/7623
f 4696/2257/7624 4695/3204/7624 4694/2258/7624
f 4697/2260/7625 4695/3204/7625 4696/2257/7625
f 4698/2262/7626 4701/3205/7626 4702/2263/7626
f 4703/2265/7627 4702/3206/7627 4701/2266/7627
f 4704/2268/7628 4702/3206/7628 4703/2265/7628
f 4705/2270/7629 4708/2350/7629 4709/2271/7629
f 4710/2273/7630 4709/3207/7630 4708/2274/7630
f 4711/2276/7631 4709/3207/7631 4710/2273/7631
f 4712/2278/7632 4715/2351/7632 4716/2279/7632
f 4717/2281/7633 4716/3208/7633 4715/2282/7633
f 4718/2284/7634 4716/3208/7634 4717/2281/7634
f 4719/2286/7635 4722/3209/7635 4723/2287/7635
f 4724/2289/7636 4723/3210/7636 4722/2290/7636
f 4725/2292/7637 4723/3210/7637 4724/2289/7637
f 4726/2294/7638 4729/2353/7638 4730/2295/7638
f 4731/2297/7639 4730/3211/7639 4729/2298/7639
f 4732/2300/7640 4730/3211/7640 4731/2297/7640
f 4733/2302/7641 4736/2352/7641 4737/2303/7641
f 4738/2305/7642 4737/3212/7642 4736/2306/7642
f 4739/2308/7643 4737/3212/7643 4738/2305/7643
f 4740/2310/7644 4743/2354/7644 4744/2311/7644
f 4745/2313/7645 4744/3213/7645 4743/2314/7645
f 4746/2316/7646 4744/3213/7646 4745/2313/7646
f 4747/2318/7647 4750/3214/7647 4751/2319/7647
f 4752/2321/7648 4751/3215/7648 4750/2322/7648
f 4753/2324/7649 4751/3215/7649 4752/2321/7649
f 4754/2326/7650 4757/2355/7650 4758/2327/7650
f 4759/2329/7651 4758/3216/7651 4757/2330/7651
f 4760/2332/7652 4758/3216/7652 4759/2329/7652
f 4761/2334/7653 4764/3217/7653 4765/2335/7653
f 4766/2337/7654 4765/3218/7654 4764/2338/7654
f 4767/2340/7655 4765/3218/7655 4766/2337/7655
f 4768/2342/7656 4771/3219/7656 4772/2343/7656
f 4773/2345/7657 4772/3220/7657 4771/2346/7657
f 4774/2348/7658 4772/3220/7658 4773/2345/7658
f 4692/2259/4513 4694/2258/4513 4683/2242/4513
f 4683/2238/7659 4694/3203/7659 4691/2254/7659
f 4700/2269/4515 4685/2250/4515 4687/2249/4515
f 4704/2264/4516 4687/3200/4516 4684/2245/4516
f 4678/2241/7660 4686/2253/7660 4689/2252/7660
f 4689/2248/7661 4685/2250/7661 4679/2244/7661
f 4693/2261/7662 4696/2257/7662 4703/2265/7662
f 4703/2265/7663 4696/2257/7663 4692/2259/7663
f 4706/2275/4521 4708/2274/4521 4697/2260/4521
f 4708/2350/7664 4705/2270/7664 4691/2254/7664
f 4699/2267/4523 4701/2266/4523 4718/2284/4523
f 4718/2280/4524 4701/3205/4524 4698/2262/4524
f 4707/2277/7665 4710/2273/7665 4717/2281/7665
f 4717/2281/7666 4710/2273/7666 4706/2275/7666
f 4707/2277/4527 4720/2291/4527 4722/2290/4527
f 4711/2272/4528 4722/3209/4528 4719/2286/4528
f 4728/2301/4529 4713/2283/4529 4715/2282/4529
f 4715/2351/4530 4712/2278/4530 4726/2294/4530
f 4721/2293/7667 4724/2289/7667 4731/2297/7667
f 4731/2297/7668 4724/2289/7668 4720/2291/7668
f 4721/2293/7669 4734/2307/7669 4736/2306/7669
f 4736/2352/7670 4733/2302/7670 4719/2286/7670
f 4742/2317/4535 4727/2299/4535 4729/2298/4535
f 4729/2353/4536 4726/2294/4536 4740/2310/4536
f 4735/2309/7671 4738/2305/7671 4745/2313/7671
f 4745/2313/7672 4738/2305/7672 4734/2307/7672
f 4748/2323/7673 4750/2322/7673 4739/2308/7673
f 4739/2304/4540 4750/3214/4540 4747/2318/4540
f 4756/2333/4541 4741/2315/4541 4743/2314/4541
f 4743/2354/4542 4740/2310/4542 4754/2326/4542
f 4749/2325/7674 4752/2321/7674 4759/2329/7674
f 4759/2329/7675 4752/2321/7675 4748/2323/7675
f 4762/2339/4545 4764/2338/4545 4753/2324/4545
f 4753/2320/7676 4764/3217/7676 4761/2334/7676
f 4770/2349/4547 4755/2331/4547 4757/2330/4547
f 4757/2355/7677 4754/2326/7677 4768/2342/7677
f 4763/2341/7678 4766/2337/7678 4773/2345/7678
f 4773/2345/7679 4766/2337/7679 4762/2339/7679
f 4678/2241/4551 4680/2240/4551 4767/2340/4551
f 4767/2336/7680 4680/3197/7680 4677/2236/7680
f 4686/2253/4553 4769/2347/4553 4771/2346/4553
f 4690/2247/7681 4771/3219/7681 4768/2342/7681
f 4761/2334/4555 4677/2236/4555 4691/2254/4555
f 4691/2254/4555 4705/2270/4555 4719/2286/4555
f 4719/2286/4555 4733/2302/4555 4747/2318/4555
f 4747/2318/4555 4761/2334/4555 4691/2254/4555
f 4685/2250/4556 4700/2269/4556 4692/2259/4556
f 4763/2341/4557 4769/2347/4557 4686/2253/4557
f 4712/2278/4558 4698/2262/4558 4684/2245/4558
f 4684/2245/4558 4768/2342/4558 4754/2326/4558
f 4754/2326/4558 4740/2310/4558 4726/2294/4558
f 4726/2294/4558 4712/2278/4558 4684/2245/4558
f 4693/2261/4559 4699/2267/4559 4714/2285/4559
f 4713/2283/4560 4728/2301/4560 4720/2291/4560
f 4727/2299/4561 4742/2317/4561 4734/2307/4561
f 4741/2315/4562 4756/2333/4562 4748/2323/4562
f 4755/2331/4563 4770/2349/4563 4762/2339/4563
f 4831/1277/7726 4834/2521/7726 4835/2424/7726
f 4832/2426/7727 4836/2508/7727 4835/2427/7727
f 4833/2429/7728 4837/2504/7728 4835/2430/7728
f 4838/2432/7729 4841/2507/7729 4842/2433/7729
f 4839/2435/7730 4843/2509/7730 4842/2436/7730
f 4840/2438/7731 4844/2522/7731 4842/2439/7731
f 4845/2441/7732 4848/2505/7732 4849/2442/7732
f 4846/2444/7733 4850/2448/7733 4849/2445/7733
f 4847/2447/7734 4851/2510/7734 4849/2445/7734
f 4852/2449/7735 4855/2513/7735 4856/2450/7735
f 4853/2452/7736 4857/2456/7736 4856/2453/7736
f 4854/2455/7737 4858/2506/7737 4856/2453/7737
f 4859/2457/7738 4862/2511/7738 4863/2458/7738
f 4860/2460/7739 4864/2464/7739 4863/2461/7739
f 4861/2463/7740 4865/2514/7740 4863/2461/7740
f 4866/2465/7741 4869/2517/7741 4870/2466/7741
f 4867/2468/7742 4871/2472/7742 4870/2469/7742
f 4868/2471/7743 4872/2512/7743 4870/2469/7743
f 4873/2473/7744 4876/2515/7744 4877/2474/7744
f 4874/2476/7745 4878/2480/7745 4877/2477/7745
f 4875/2479/7746 4879/2518/7746 4877/2477/7746
f 4880/2481/7747 4883/3225/7747 4884/2482/7747
f 4881/2484/7748 4885/2488/7748 4884/2485/7748
f 4882/2487/7749 4886/2516/7749 4884/2485/7749
f 4887/1053/7750 4890/3025/7750 4891/2489/7750
f 4888/2491/7751 4892/2495/7751 4891/2492/7751
f 4889/2494/7752 4893/2520/7752 4891/2492/7752
f 4894/2496/7753 4897/3026/7753 4898/2497/7753
f 4895/2499/7754 4899/2503/7754 4898/2500/7754
f 4896/2502/7755 4900/2519/7755 4898/2500/7755
f 4846/2444/4648 4848/2446/4648 4837/2504/4648
f 4848/2505/7756 4845/2441/7756 4831/1277/7756
f 4854/2455/4650 4839/2435/4650 4841/2437/4650
f 4841/2507/4651 4838/2432/4651 4852/2449/4651
f 4832/2426/4652 4840/2438/4652 4843/2440/4652
f 4843/2509/4653 4839/2435/4653 4833/2429/4653
f 4847/2447/4654 4850/2448/4654 4857/2456/4654
f 4857/2456/4655 4850/2448/4655 4846/2444/4655
f 4860/2460/4656 4862/2462/4656 4851/2510/4656
f 4862/2511/4657 4859/2457/4657 4845/2441/4657
f 4853/2452/4658 4855/2454/4658 4872/2512/4658
f 4855/2513/4659 4852/2449/4659 4866/2465/4659
f 4861/2463/4660 4864/2464/4660 4871/2472/4660
f 4871/2472/4661 4864/2464/4661 4860/2460/4661
f 4861/2463/7757 4874/2476/7757 4876/2478/7757
f 4876/2515/7758 4873/2473/7758 4859/2457/7758
f 4882/2487/4664 4867/2468/4664 4869/2470/4664
f 4869/2517/4665 4866/2465/4665 4880/2481/4665
f 4875/2479/4666 4878/2480/4666 4885/2488/4666
f 4885/2488/4667 4878/2480/4667 4874/2476/4667
f 4888/2491/4668 4890/2493/4668 4879/2518/4668
f 4879/2475/4669 4890/3025/4669 4887/1053/4669
f 4896/2502/4670 4881/2484/4670 4883/2486/4670
f 4900/2498/4671 4883/3225/4671 4880/2481/4671
f 4889/2494/4672 4892/2495/4672 4899/2503/4672
f 4899/2503/4673 4892/2495/4673 4888/2491/4673
f 4889/2494/4674 4832/2426/4674 4834/2428/4674
f 4834/2521/7759 4831/1277/7759 4887/1053/7759
f 4840/2438/7760 4895/2499/7760 4897/2501/7760
f 4844/2434/4677 4897/3026/4677 4894/2496/4677
f 4887/1053/4678 4831/1277/4678 4845/2441/4678
f 4845/2441/4678 4859/2457/4678 4873/2473/4678
f 4833/2429/4679 4839/2435/4679 4854/2455/4679
f 4889/2494/4680 4895/2499/4680 4840/2438/4680
f 4866/2465/4681 4852/2449/4681 4838/2432/4681
f 4838/2432/4681 4894/2496/4681 4880/2481/4681
f 4853/2452/4682 4868/2471/4682 4860/2460/4682
f 4867/2468/4683 4882/2487/4683 4874/2476/4683
f 4875/2479/4684 4881/2484/4684 4896/2502/4684
f 4901/2523/7761 4904/3226/7761 4905/2524/7761
f 4902/2526/7762 4906/2508/7762 4905/2427/7762
f 4903/2528/7763 4907/2600/7763 4905/2529/7763
f 4908/2530/7764 4911/3227/7764 4912/2531/7764
f 4909/2533/7765 4913/2603/7765 4912/2436/7765
f 4910/2535/7766 4914/2613/7766 4912/2536/7766
f 4915/2538/7767 4918/2601/7767 4919/2539/7767
f 4916/2541/7768 4920/2448/7768 4919/2542/7768
f 4917/2544/7769 4921/2604/7769 4919/2542/7769
f 4922/2545/7770 4925/2606/7770 4926/2546/7770
f 4923/2548/7771 4927/2552/7771 4926/2549/7771
f 4924/2551/7772 4928/2602/7772 4926/2549/7772
f 4929/2553/7773 4932/3035/7773 4933/2554/7773
f 4930/2556/7774 4934/2464/7774 4933/2557/7774
f 4931/2559/7775 4935/2607/7775 4933/2557/7775
f 4936/2560/7776 4939/3037/7776 4940/2561/7776
f 4937/2563/7777 4941/2567/7777 4940/2564/7777
f 4938/2566/7778 4942/2605/7778 4940/2564/7778
f 4943/2568/7779 4946/3036/7779 4947/2569/7779
f 4944/2571/7780 4948/2575/7780 4947/2572/7780
f 4945/2574/7781 4949/2609/7781 4947/2572/7781
f 4950/2576/7782 4953/2611/7782 4954/2577/7782
f 4951/2579/7783 4955/2583/7783 4954/2580/7783
f 4952/2582/7784 4956/2608/7784 4954/2580/7784
f 4957/2584/7785 4960/3038/7785 4961/2585/7785
f 4958/2587/7786 4962/2591/7786 4961/2588/7786
f 4959/2590/7787 4963/2612/7787 4961/2588/7787
f 4964/2592/7788 4967/2614/7788 4968/2593/7788
f 4965/2595/7789 4969/2599/7789 4968/2596/7789
f 4966/2598/7790 4970/2610/7790 4968/2596/7790
f 4916/2541/4715 4918/2543/4715 4907/2600/4715
f 4918/2601/4716 4915/2538/4716 4901/2523/4716
f 4909/2533/4717 4911/2534/4717 4928/2602/4717
f 4928/2547/4718 4911/3227/4718 4908/2530/4718
f 4902/2526/4719 4910/2535/4719 4913/2537/4719
f 4913/2603/4720 4909/2533/4720 4903/2528/4720
f 4917/2544/4721 4920/2448/4721 4927/2552/4721
f 4927/2552/4722 4920/2448/4722 4916/2541/4722
f 4917/2544/7791 4930/2556/7791 4932/2558/7791
f 4921/2540/7792 4932/3035/7792 4929/2553/7792
f 4938/2566/4725 4923/2548/4725 4925/2550/4725
f 4925/2606/4726 4922/2545/4726 4936/2560/4726
f 4931/2559/4727 4934/2464/4727 4941/2567/4727
f 4941/2567/4728 4934/2464/4728 4930/2556/4728
f 4944/2571/4729 4946/2573/4729 4935/2607/4729
f 4935/2555/4730 4946/3036/4730 4943/2568/4730
f 4937/2563/4731 4939/2565/4731 4956/2608/4731
f 4956/2578/7793 4939/3037/7793 4936/2560/7793
f 4945/2574/4733 4948/2575/4733 4955/2583/4733
f 4955/2583/4734 4948/2575/4734 4944/2571/4734
f 4958/2587/4735 4960/2589/4735 4949/2609/4735
f 4949/2570/7794 4960/3038/7794 4957/2584/7794
f 4951/2579/4737 4953/2581/4737 4970/2610/4737
f 4953/2611/4738 4950/2576/4738 4964/2592/4738
f 4959/2590/4739 4962/2591/4739 4969/2599/4739
f 4969/2599/4740 4962/2591/4740 4958/2587/4740
f 4902/2526/4741 4904/2527/4741 4963/2612/4741
f 4963/2586/7795 4904/3226/7795 4901/2523/7795
f 4910/2535/4743 4965/2595/4743 4967/2597/4743
f 4967/2614/4744 4964/2592/4744 4908/2530/4744
f 4957/2584/4745 4901/2523/4745 4915/2538/4745
f 4915/2538/4745 4929/2553/4745 4943/2568/4745
f 4903/2528/4746 4909/2533/4746 4924/2551/4746
f 4959/2590/4747 4965/2595/4747 4910/2535/4747
f 4936/2560/4748 4922/2545/4748 4908/2530/4748
f 4908/2530/4748 4964/2592/4748 4950/2576/4748
f 4923/2548/4749 4938/2566/4749 4930/2556/4749
f 4931/2559/4750 4937/2563/4750 4952/2582/4750
f 4945/2574/4751 4951/2579/4751 4966/2598/4751
f 4971/2615/7796 4974/2701/7796 4975/2616/7796
f 4972/2618/7797 4976/2508/7797 4975/2427/7797
f 4973/2620/7798 4977/2689/7798 4975/2621/7798
f 4978/2622/7799 4981/3046/7799 4982/2623/7799
f 4979/2625/7800 4983/2509/7800 4982/2626/7800
f 4980/2628/7801 4984/2702/7801 4982/2629/7801
f 4985/2630/7802 4988/3045/7802 4989/2631/7802
f 4986/2633/7803 4990/2448/7803 4989/2634/7803
f 4987/2636/7804 4991/2691/7804 4989/2634/7804
f 4992/2637/7805 4995/2693/7805 4996/2638/7805
f 4993/2640/7806 4997/2552/7806 4996/2641/7806
f 4994/2643/7807 4998/2690/7807 4996/2641/7807
f 4999/2644/7808 5002/3047/7808 5003/2645/7808
f 5000/2647/7809 5004/2464/7809 5003/2648/7809
f 5001/2650/7810 5005/2694/7810 5003/2648/7810
f 5006/2651/7811 5009/3228/7811 5010/2652/7811
f 5007/2654/7812 5011/2567/7812 5010/2655/7812
f 5008/2657/7813 5012/2692/7813 5010/2655/7813
f 5013/2658/7814 5016/2695/7814 5017/2659/7814
f 5014/2661/7815 5018/2665/7815 5017/2662/7815
f 5015/2664/7816 5019/2697/7816 5017/2662/7816
f 5020/2666/7817 5023/3229/7817 5024/2667/7817
f 5021/2669/7818 5025/2673/7818 5024/2670/7818
f 5022/2672/7819 5026/2696/7819 5024/2670/7819
f 5027/2674/7820 5030/2698/7820 5031/2675/7820
f 5028/2677/7821 5032/2591/7821 5031/2678/7821
f 5029/2680/7822 5033/2700/7822 5031/2678/7822
f 5034/2681/7823 5037/2703/7823 5038/2682/7823
f 5035/2684/7824 5039/2688/7824 5038/2685/7824
f 5036/2687/7825 5040/2699/7825 5038/2685/7825
f 4973/2620/4782 4986/2633/4782 4988/2635/4782
f 4977/2617/4783 4988/3045/4783 4985/2630/4783
f 4994/2643/4784 4979/2625/4784 4981/2627/4784
f 4998/2639/4785 4981/3046/4785 4978/2622/4785
f 4972/2618/4786 4980/2628/4786 4983/2537/4786
f 4983/2509/4787 4979/2625/4787 4973/2620/4787
f 4987/2636/4788 4990/2448/4788 4997/2552/4788
f 4997/2552/4789 4990/2448/4789 4986/2633/4789
f 5000/2647/7826 5002/2649/7826 4991/2691/7826
f 4991/2632/7827 5002/3047/7827 4999/2644/7827
f 4993/2640/4792 4995/2642/4792 5012/2692/4792
f 4995/2693/7828 4992/2637/7828 5006/2651/7828
f 5001/2650/4794 5004/2464/4794 5011/2567/4794
f 5011/2567/4795 5004/2464/4795 5000/2647/4795
f 5001/2650/4796 5014/2661/4796 5016/2663/4796
f 5016/2695/4797 5013/2658/4797 4999/2644/4797
f 5007/2654/4798 5009/2656/4798 5026/2696/4798
f 5026/2668/4799 5009/3228/4799 5006/2651/4799
f 5015/2664/4800 5018/2665/4800 5025/2673/4800
f 5025/2673/4801 5018/2665/4801 5014/2661/4801
f 5028/2677/4802 5030/2679/4802 5019/2697/4802
f 5030/2698/7829 5027/2674/7829 5013/2658/7829
f 5036/2687/4804 5021/2669/4804 5023/2671/4804
f 5040/2683/4805 5023/3229/4805 5020/2666/4805
f 5029/2680/4806 5032/2591/4806 5039/2688/4806
f 5039/2688/4807 5032/2591/4807 5028/2677/4807
f 5029/2680/4808 4972/2618/4808 4974/2619/4808
f 4974/2701/4809 4971/2615/4809 5027/2674/4809
f 4980/2628/7830 5035/2684/7830 5037/2686/7830
f 5037/2703/4811 5034/2681/4811 4978/2622/4811
f 5027/2674/4812 4971/2615/4812 4985/2630/4812
f 4985/2630/4812 4999/2644/4812 5013/2658/4812
f 4973/2620/4813 4979/2625/4813 4994/2643/4813
f 5029/2680/4814 5035/2684/4814 4980/2628/4814
f 5006/2651/4815 4992/2637/4815 4978/2622/4815
f 4978/2622/4815 5034/2681/4815 5020/2666/4815
f 4987/2636/4816 4993/2640/4816 5008/2657/4816
f 5007/2654/4817 5022/2672/4817 5014/2661/4817
f 5015/2664/4818 5021/2669/4818 5036/2687/4818
f 5041/2704/7831 5044/2783/7831 5045/2705/7831
f 5042/2707/7832 5046/2772/7832 5045/2708/7832
f 5043/2710/7833 5047/2770/7833 5045/2711/7833
f 5048/2713/7834 5051/3230/7834 5052/2714/7834
f 5049/2716/7835 5053/2773/7835 5052/2717/7835
f 5050/2719/7836 5054/2784/7836 5052/2720/7836
f 5055/2722/7837 5058/3231/7837 5059/2723/7837
f 5056/2725/7838 5060/2729/7838 5059/2726/7838
f 5057/2728/7839 5061/2774/7839 5059/2726/7839
f 5062/2730/7840 5065/2777/7840 5066/2731/7840
f 5063/2733/7841 5067/2737/7841 5066/2734/7841
f 5064/2736/7842 5068/2771/7842 5066/2734/7842
f 5069/2738/7843 5072/2775/7843 5073/2739/7843
f 5070/2741/7844 5074/2745/7844 5073/2742/7844
f 5071/2744/7845 5075/2778/7845 5073/2742/7845
f 5076/2746/7846 5079/2781/7846 5080/2747/7846
f 5077/2749/7847 5081/2753/7847 5080/2750/7847
f 5078/2752/7848 5082/2776/7848 5080/2750/7848
f 5083/2754/7849 5086/2779/7849 5087/2755/7849
f 5084/2757/7850 5088/2761/7850 5087/2758/7850
f 5085/2760/7851 5089/2782/7851 5087/2758/7851
f 5090/2762/7852 5093/3232/7852 5094/2763/7852
f 5091/2765/7853 5095/2769/7853 5094/2766/7853
f 5092/2768/7854 5096/2780/7854 5094/2766/7854
f 5043/2710/4843 5056/2725/4843 5058/2727/4843
f 5047/2706/4844 5058/3231/4844 5055/2722/4844
f 5049/2716/4845 5051/2718/4845 5068/2771/4845
f 5068/2732/4846 5051/3230/4846 5048/2713/4846
f 5042/2707/4847 5050/2719/4847 5053/2721/4847
f 5053/2773/4848 5049/2716/4848 5043/2710/4848
f 5057/2728/4849 5060/2729/4849 5067/2737/4849
f 5067/2737/4850 5060/2729/4850 5056/2725/4850
f 5070/2741/4851 5072/2743/4851 5061/2774/4851
f 5072/2775/4852 5069/2738/4852 5055/2722/4852
f 5078/2752/7855 5063/2733/7855 5065/2735/7855
f 5065/2777/4854 5062/2730/4854 5076/2746/4854
f 5071/2744/4855 5074/2745/4855 5081/2753/4855
f 5081/2753/7856 5074/2745/7856 5070/2741/7856
f 5071/2744/4857 5084/2757/4857 5086/2759/4857
f 5086/2779/7857 5083/2754/7857 5069/2738/7857
f 5077/2749/4859 5079/2751/4859 5096/2780/4859
f 5079/2781/4860 5076/2746/4860 5090/2762/4860
f 5085/2760/4861 5088/2761/4861 5095/2769/4861
f 5095/2769/7858 5088/2761/7858 5084/2757/7858
f 5085/2760/4863 5042/2707/4863 5044/2709/4863
f 5044/2783/4864 5041/2704/4864 5083/2754/4864
f 5050/2719/7859 5091/2765/7859 5093/2767/7859
f 5054/2715/4866 5093/3232/4866 5090/2762/4866
f 5041/2704/7860 5055/2722/7860 5069/2738/7860
f 5049/2716/4868 5064/2736/4868 5056/2725/4868
f 5091/2765/4869 5050/2719/4869 5042/2707/4869
f 5048/2713/7861 5090/2762/7861 5076/2746/7861
f 5057/2728/4871 5063/2733/4871 5078/2752/4871
f 5077/2749/4872 5092/2768/4872 5084/2757/4872
f 5097/2785/7862 5100/3233/7862 5101/2786/7862
f 5098/2788/7863 5102/2853/7863 5101/2789/7863
f 5099/2791/7864 5103/2851/7864 5101/2792/7864
f 5104/2794/7865 5107/3234/7865 5108/2795/7865
f 5105/2797/7866 5109/2854/7866 5108/2798/7866
f 5106/2800/7867 5110/2860/7867 5108/2801/7867
f 5111/2803/7868 5114/3235/7868 5115/2804/7868
f 5112/2806/7869 5116/2810/7869 5115/2807/7869
f 5113/2809/7870 5117/2855/7870 5115/2807/7870
f 5118/2811/7871 5121/3236/7871 5122/2812/7871
f 5119/2814/7872 5123/2818/7872 5122/2815/7872
f 5120/2817/7873 5124/2852/7873 5122/2815/7873
f 5125/2819/7874 5128/3237/7874 5129/2820/7874
f 5126/2822/7875 5130/2826/7875 5129/2823/7875
f 5127/2825/7876 5131/2857/7876 5129/2823/7876
f 5132/2827/7877 5135/3238/7877 5136/2828/7877
f 5133/2830/7878 5137/2834/7878 5136/2831/7878
f 5134/2833/7879 5138/2856/7879 5136/2831/7879
f 5139/2835/7880 5142/3060/7880 5143/2836/7880
f 5140/2838/7881 5144/2842/7881 5143/2839/7881
f 5141/2841/7882 5145/2859/7882 5143/2839/7882
f 5146/2843/7883 5149/3239/7883 5150/2844/7883
f 5147/2846/7884 5151/2850/7884 5150/2847/7884
f 5148/2849/7885 5152/2858/7885 5150/2847/7885
f 5112/2806/4897 5114/2808/4897 5103/2851/4897
f 5103/2787/4898 5114/3235/4898 5111/2803/4898
f 5105/2797/7886 5107/2799/7886 5124/2852/7886
f 5124/2813/7887 5107/3234/7887 5104/2794/7887
f 5098/2788/4901 5106/2800/4901 5109/2802/4901
f 5109/2854/7888 5105/2797/7888 5099/2791/7888
f 5113/2809/4903 5116/2810/4903 5123/2818/4903
f 5123/2818/4904 5116/2810/4904 5112/2806/4904
f 5113/2809/4905 5126/2822/4905 5128/2824/4905
f 5117/2805/4906 5128/3237/4906 5125/2819/4906
f 5119/2814/7889 5121/2816/7889 5138/2856/7889
f 5138/2829/7890 5121/3236/7890 5118/2811/7890
f 5127/2825/4908 5130/2826/4908 5137/2834/4908
f 5137/2834/4909 5130/2826/4909 5126/2822/4909
f 5140/2838/4910 5142/2840/4910 5131/2857/4910
f 5131/2821/4911 5142/3060/4911 5139/2835/4911
f 5148/2849/7891 5133/2830/7891 5135/2832/7891
f 5152/2845/7892 5135/3238/7892 5132/2827/7892
f 5141/2841/4913 5144/2842/4913 5151/2850/4913
f 5151/2850/4914 5144/2842/4914 5140/2838/4914
f 5098/2788/4915 5100/2790/4915 5145/2859/4915
f 5145/2837/4916 5100/3233/4916 5097/2785/4916
f 5147/2846/7893 5149/2848/7893 5110/2860/7893
f 5110/2796/7894 5149/3239/7894 5146/2843/7894
f 5097/2785/7895 5111/2803/7895 5125/2819/7895
f 5105/2797/7896 5120/2817/7896 5112/2806/7896
f 5141/2841/7897 5147/2846/7897 5106/2800/7897
f 5118/2811/4900 5104/2794/4900 5146/2843/4900
f 5113/2809/7898 5119/2814/7898 5134/2833/7898
f 5127/2825/7899 5133/2830/7899 5148/2849/7899
f 5153/2861/7900 5156/2939/7900 5157/2862/7900
f 5154/2864/7901 5158/2930/7901 5157/2865/7901
f 5155/2867/7902 5159/2927/7902 5157/2868/7902
f 5160/2870/7903 5163/3240/7903 5164/2871/7903
f 5161/2873/7904 5165/2931/7904 5164/2874/7904
f 5162/2876/7905 5166/2940/7905 5164/2877/7905
f 5167/2879/7906 5170/2928/7906 5171/2880/7906
f 5168/2882/7907 5172/2886/7907 5171/2883/7907
f 5169/2885/7908 5173/2932/7908 5171/2883/7908
f 5174/2887/7909 5177/3241/7909 5178/2888/7909
f 5175/2890/7910 5179/2894/7910 5178/2891/7910
f 5176/2893/7911 5180/2929/7911 5178/2891/7911
f 5181/2895/7912 5184/3066/7912 5185/2896/7912
f 5182/2898/7913 5186/2902/7913 5185/2899/7913
f 5183/2901/7914 5187/2934/7914 5185/2899/7914
f 5188/2903/7915 5191/2937/7915 5192/2904/7915
f 5189/2906/7916 5193/2910/7916 5192/2907/7916
f 5190/2909/7917 5194/2933/7917 5192/2907/7917
f 5195/2911/7918 5198/2935/7918 5199/2912/7918
f 5196/2914/7919 5200/2918/7919 5199/2915/7919
f 5197/2917/7920 5201/2938/7920 5199/2915/7920
f 5202/2919/7921 5205/2941/7921 5206/2920/7921
f 5203/2922/7922 5207/2926/7922 5206/2923/7922
f 5204/2925/7923 5208/2936/7923 5206/2923/7923
f 5168/2882/7924 5170/2884/7924 5159/2927/7924
f 5170/2928/7925 5167/2879/7925 5153/2861/7925
f 5161/2873/4949 5163/2875/4949 5180/2929/4949
f 5180/2889/4950 5163/3240/4950 5160/2870/4950
f 5154/2864/7926 5162/2876/7926 5165/2878/7926
f 5165/2931/4952 5161/2873/4952 5155/2867/4952
f 5169/2885/4953 5172/2886/4953 5179/2894/4953
f 5179/2894/4954 5172/2886/4954 5168/2882/4954
f 5169/2885/4955 5182/2898/4955 5184/2900/4955
f 5173/2881/4956 5184/3066/4956 5181/2895/4956
f 5190/2909/4957 5175/2890/4957 5177/2892/4957
f 5194/2905/7927 5177/3241/7927 5174/2887/7927
f 5183/2901/4959 5186/2902/4959 5193/2910/4959
f 5193/2910/4960 5186/2902/4960 5182/2898/4960
f 5196/2914/4961 5198/2916/4961 5187/2934/4961
f 5198/2935/4962 5195/2911/4962 5181/2895/4962
f 5189/2906/4963 5191/2908/4963 5208/2936/4963
f 5191/2937/4964 5188/2903/4964 5202/2919/4964
f 5197/2917/4965 5200/2918/4965 5207/2926/4965
f 5207/2926/4966 5200/2918/4966 5196/2914/4966
f 5197/2917/7928 5154/2864/7928 5156/2866/7928
f 5156/2939/7929 5153/2861/7929 5195/2911/7929
f 5162/2876/4969 5203/2922/4969 5205/2924/4969
f 5205/2941/7930 5202/2919/7930 5160/2870/7930
f 5153/2861/4971 5167/2879/4971 5181/2895/4971
f 5155/2867/4972 5161/2873/4972 5176/2893/4972
f 5203/2922/4973 5162/2876/4973 5154/2864/4973
f 5174/2887/7931 5160/2870/7931 5202/2919/7931
f 5169/2885/4975 5175/2890/4975 5190/2909/4975
f 5189/2906/7932 5204/2925/7932 5196/2914/7932
f 5209/2942/7933 5212/3019/7933 5213/2943/7933
f 5210/2945/7934 5214/3010/7934 5213/2946/7934
f 5211/2948/7935 5215/3007/7935 5213/2949/7935
f 5216/2951/7936 5219/3242/7936 5220/2952/7936
f 5217/2954/7937 5221/3011/7937 5220/2955/7937
f 5218/2957/7938 5222/3020/7938 5220/2958/7938
f 5223/2960/7939 5226/3008/7939 5227/2961/7939
f 5224/2963/7940 5228/2967/7940 5227/2964/7940
f 5225/2966/7941 5229/3012/7941 5227/2964/7941
f 5230/2951/7942 5233/3243/7942 5234/2968/7942
f 5231/2970/7943 5235/2974/7943 5234/2971/7943
f 5232/2973/7944 5236/3009/7944 5234/2971/7944
f 5237/2975/7945 5240/3013/7945 5241/2976/7945
f 5238/2978/7946 5242/2982/7946 5241/2979/7946
f 5239/2981/7947 5243/3015/7947 5241/2979/7947
f 5244/2983/7948 5247/3244/7948 5248/2984/7948
f 5245/2986/7949 5249/2990/7949 5248/2987/7949
f 5246/2989/7950 5250/3014/7950 5248/2987/7950
f 5251/2991/7951 5254/3016/7951 5255/2992/7951
f 5252/2994/7952 5256/2998/7952 5255/2995/7952
f 5253/2997/7953 5257/3018/7953 5255/2995/7953
f 5258/2999/7954 5261/3245/7954 5262/3000/7954
f 5259/3002/7955 5263/3006/7955 5262/3003/7955
f 5260/3005/7956 5264/3017/7956 5262/3003/7956
f 5224/2963/5001 5226/2965/5001 5215/3007/5001
f 5226/3008/7957 5223/2960/7957 5209/2942/7957
f 5217/2954/7958 5219/2956/7958 5236/3009/7958
f 5236/2969/7959 5219/3242/7959 5216/2951/7959
f 5210/2945/5004 5218/2957/5004 5221/2959/5004
f 5221/3011/5005 5217/2954/5005 5211/2948/5005
f 5225/2966/5006 5228/2967/5006 5235/2974/5006
f 5235/2974/5007 5228/2967/5007 5224/2963/5007
f 5225/2966/7960 5238/2978/7960 5240/2980/7960
f 5240/3013/5009 5237/2975/5009 5223/2960/5009
f 5246/2989/7961 5231/2970/7961 5233/2972/7961
f 5250/2985/7962 5233/3243/7962 5230/2951/7962
f 5239/2981/5011 5242/2982/5011 5249/2990/5011
f 5249/2990/5012 5242/2982/5012 5238/2978/5012
f 5239/2981/5013 5252/2994/5013 5254/2996/5013
f 5254/3016/5014 5251/2991/5014 5237/2975/5014
f 5260/3005/7963 5245/2986/7963 5247/2988/7963
f 5264/3001/7964 5247/3244/7964 5244/2983/7964
f 5253/2997/5016 5256/2998/5016 5263/3006/5016
f 5263/3006/5017 5256/2998/5017 5252/2994/5017
f 5210/2945/7965 5212/2947/7965 5257/3018/7965
f 5212/3019/7966 5209/2942/7966 5251/2991/7966
f 5259/3002/7967 5261/3004/7967 5222/3020/7967
f 5222/2953/7968 5261/3245/7968 5258/2999/7968
f 5223/2960/7969 5237/2975/7969 5251/2991/7969
f 5217/2954/7970 5232/2973/7970 5224/2963/7970
f 5253/2997/7971 5259/3002/7971 5218/2957/7971
f 5230/2951/4900 5216/2951/4900 5258/2999/4900
f 5231/2970/5024 5246/2989/5024 5238/2978/5024
f 5239/2981/7972 5245/2986/7972 5260/3005/7972
f 5265/1277/7973 5268/2521/7973 5269/2424/7973
f 5266/2426/7974 5270/2508/7974 5269/2427/7974
f 5267/2429/7975 5271/2504/7975 5269/2430/7975
f 5272/2432/7976 5275/2507/7976 5276/2433/7976
f 5273/2435/7977 5277/2509/7977 5276/2436/7977
f 5274/2438/7978 5278/2522/7978 5276/2439/7978
f 5279/2441/7979 5282/2505/7979 5283/2442/7979
f 5280/2444/7980 5284/2448/7980 5283/2445/7980
f 5281/2447/7981 5285/2510/7981 5283/2445/7981
f 5286/2449/7982 5289/2513/7982 5290/2450/7982
f 5287/2452/7983 5291/2456/7983 5290/2453/7983
f 5288/2455/7984 5292/2506/7984 5290/2453/7984
f 5293/2457/7985 5296/2511/7985 5297/2458/7985
f 5294/2460/7986 5298/2464/7986 5297/2461/7986
f 5295/3021/7987 5299/2514/7987 5297/2461/7987
f 5300/2465/7988 5303/2517/7988 5304/2466/7988
f 5301/2468/7989 5305/2472/7989 5304/2469/7989
f 5302/2471/7990 5306/2512/7990 5304/2469/7990
f 5307/2473/7991 5310/2515/7991 5311/2474/7991
f 5308/2476/7992 5312/2480/7992 5311/2477/7992
f 5309/2479/7993 5313/2518/7993 5311/2477/7993
f 5314/2481/7994 5317/3225/7994 5318/2482/7994
f 5315/2484/7995 5319/2488/7995 5318/2485/7995
f 5316/2487/7996 5320/2516/7996 5318/2485/7996
f 5321/3022/7997 5324/3025/7997 5325/2489/7997
f 5322/2491/7998 5326/2495/7998 5325/2492/7998
f 5323/3023/7999 5327/2520/7999 5325/2492/7999
f 5328/2496/8000 5331/3026/8000 5332/2497/8000
f 5329/3024/8001 5333/2503/8001 5332/2500/8001
f 5330/2502/8002 5334/2519/8002 5332/2500/8002
f 5280/2444/5056 5282/2446/5056 5271/2504/5056
f 5282/2505/5057 5279/2441/5057 5265/1277/5057
f 5288/2455/5058 5273/2435/5058 5275/2437/5058
f 5275/2507/5059 5272/2432/5059 5286/2449/5059
f 5266/2426/5060 5274/2438/5060 5277/2440/5060
f 5277/2509/5061 5273/2435/5061 5267/2429/5061
f 5281/2447/5062 5284/2448/5062 5291/2456/5062
f 5291/2456/5063 5284/2448/5063 5280/2444/5063
f 5294/2460/8003 5296/2462/8003 5285/2510/8003
f 5285/2443/5065 5296/2511/5065 5293/2457/5065
f 5287/2452/5066 5289/2454/5066 5306/2512/5066
f 5306/2467/5067 5289/2513/5067 5286/2449/5067
f 5295/3021/5068 5298/2464/5068 5305/2472/5068
f 5305/2472/5069 5298/2464/5069 5294/2460/5069
f 5308/2476/8004 5310/2478/8004 5299/2514/8004
f 5299/2459/5071 5310/2515/5071 5307/2473/5071
f 5301/2468/5072 5303/2470/5072 5320/2516/5072
f 5320/2483/5073 5303/2517/5073 5300/2465/5073
f 5309/2479/5074 5312/2480/5074 5319/2488/5074
f 5319/2488/8005 5312/2480/8005 5308/2476/8005
f 5309/2479/8006 5322/2491/8006 5324/2493/8006
f 5324/3025/5077 5321/3022/5077 5307/2473/5077
f 5315/2484/5078 5317/2486/5078 5334/2519/5078
f 5334/2498/8007 5317/3225/8007 5314/2481/8007
f 5323/3023/5080 5326/2495/5080 5333/2503/5080
f 5333/2503/5081 5326/2495/5081 5322/2491/5081
f 5266/2426/5082 5268/2428/5082 5327/2520/5082
f 5327/2490/5083 5268/2521/5083 5265/1277/5083
f 5274/2438/5084 5329/3024/5084 5331/2501/5084
f 5331/3026/5085 5328/2496/5085 5272/2432/5085
f 5321/3022/5086 5265/1277/5086 5279/2441/5086
f 5279/2441/5086 5293/2457/5086 5307/2473/5086
f 5267/2429/5087 5273/2435/5087 5288/2455/5087
f 5323/3023/5088 5329/3024/5088 5274/2438/5088
f 5300/2465/8008 5286/2449/8008 5272/2432/8008
f 5272/2432/8008 5328/2496/8008 5314/2481/8008
f 5287/2452/5090 5302/2471/5090 5294/2460/5090
f 5295/3021/5091 5301/2468/5091 5316/2487/5091
f 5309/2479/5092 5315/2484/5092 5330/2502/5092
f 5335/2523/8009 5338/3226/8009 5339/2524/8009
f 5336/3027/8010 5340/2508/8010 5339/2427/8010
f 5337/3028/8011 5341/2600/8011 5339/2529/8011
f 5342/2530/8012 5345/3227/8012 5346/2531/8012
f 5343/2533/8013 5347/2603/8013 5346/2436/8013
f 5344/2535/8014 5348/2613/8014 5346/2536/8014
f 5349/3029/8015 5352/2601/8015 5353/2539/8015
f 5350/2541/8016 5354/2448/8016 5353/2542/8016
f 5351/3030/8017 5355/2604/8017 5353/2542/8017
f 5356/2545/8018 5359/2606/8018 5360/2546/8018
f 5357/2548/8019 5361/2552/8019 5360/2549/8019
f 5358/2551/8020 5362/2602/8020 5360/2549/8020
f 5363/2553/8021 5366/3035/8021 5367/2554/8021
f 5364/2556/8022 5368/2464/8022 5367/2557/8022
f 5365/3031/8023 5369/2607/8023 5367/2557/8023
f 5370/2560/8024 5373/3037/8024 5374/2561/8024
f 5371/2563/8025 5375/2567/8025 5374/2564/8025
f 5372/2566/8026 5376/2605/8026 5374/2564/8026
f 5377/2568/8027 5380/3036/8027 5381/2569/8027
f 5378/2571/8028 5382/2575/8028 5381/2572/8028
f 5379/3032/8029 5383/2609/8029 5381/2572/8029
f 5384/3033/8030 5387/2611/8030 5388/2577/8030
f 5385/2579/8031 5389/2583/8031 5388/2580/8031
f 5386/2582/8032 5390/2608/8032 5388/2580/8032
f 5391/2584/8033 5394/3038/8033 5395/2585/8033
f 5392/2587/8034 5396/2591/8034 5395/2588/8034
f 5393/2590/8035 5397/2612/8035 5395/2588/8035
f 5398/2592/8036 5401/2614/8036 5402/2593/8036
f 5399/3034/8037 5403/2599/8037 5402/2596/8037
f 5400/2598/8038 5404/2610/8038 5402/2596/8038
f 5350/2541/5123 5352/2543/5123 5341/2600/5123
f 5352/2601/5124 5349/3029/5124 5335/2523/5124
f 5358/2551/5125 5343/2533/5125 5345/2534/5125
f 5362/2547/8039 5345/3227/8039 5342/2530/8039
f 5336/3027/5127 5344/2535/5127 5347/2537/5127
f 5347/2603/5128 5343/2533/5128 5337/3028/5128
f 5351/3030/5129 5354/2448/5129 5361/2552/5129
f 5361/2552/5130 5354/2448/5130 5350/2541/5130
f 5351/3030/5131 5364/2556/5131 5366/2558/5131
f 5366/3035/5132 5363/2553/5132 5349/3029/5132
f 5372/2566/5133 5357/2548/5133 5359/2550/5133
f 5376/2562/5134 5359/2606/5134 5356/2545/5134
f 5365/3031/5135 5368/2464/5135 5375/2567/5135
f 5375/2567/5136 5368/2464/5136 5364/2556/5136
f 5365/3031/5137 5378/2571/5137 5380/2573/5137
f 5380/3036/8040 5377/2568/8040 5363/2553/8040
f 5371/2563/5139 5373/2565/5139 5390/2608/5139
f 5373/3037/8041 5370/2560/8041 5384/3033/8041
f 5379/3032/5141 5382/2575/5141 5389/2583/5141
f 5389/2583/5142 5382/2575/5142 5378/2571/5142
f 5392/2587/5143 5394/2589/5143 5383/2609/5143
f 5394/3038/5144 5391/2584/5144 5377/2568/5144
f 5400/2598/5145 5385/2579/5145 5387/2581/5145
f 5387/2611/5146 5384/3033/5146 5398/2592/5146
f 5393/2590/5147 5396/2591/5147 5403/2599/5147
f 5403/2599/5148 5396/2591/5148 5392/2587/5148
f 5336/3027/5149 5338/2527/5149 5397/2612/5149
f 5397/2586/5150 5338/3226/5150 5335/2523/5150
f 5399/3034/8042 5401/2597/8042 5348/2613/8042
f 5401/2614/5152 5398/2592/5152 5342/2530/5152
f 5391/2584/5153 5335/2523/5153 5349/3029/5153
f 5349/3029/5153 5363/2553/5153 5377/2568/5153
f 5343/2533/5154 5358/2551/5154 5350/2541/5154
f 5399/3034/5155 5344/2535/5155 5336/3027/5155
f 5370/2560/5156 5356/2545/5156 5342/2530/5156
f 5342/2530/5156 5398/2592/5156 5384/3033/5156
f 5351/3030/5157 5357/2548/5157 5372/2566/5157
f 5371/2563/5158 5386/2582/5158 5378/2571/5158
f 5379/3032/5159 5385/2579/5159 5400/2598/5159
f 5405/3039/8043 5408/2701/8043 5409/2616/8043
f 5406/2618/8044 5410/2508/8044 5409/2427/8044
f 5407/2620/8045 5411/2689/8045 5409/2621/8045
f 5412/2622/8046 5415/3046/8046 5416/2623/8046
f 5413/2625/8047 5417/2509/8047 5416/2626/8047
f 5414/2628/8048 5418/2702/8048 5416/2629/8048
f 5419/3040/8049 5422/3045/8049 5423/2631/8049
f 5420/2633/8050 5424/2448/8050 5423/2634/8050
f 5421/3041/8051 5425/2691/8051 5423/2634/8051
f 5426/2637/8052 5429/2693/8052 5430/2638/8052
f 5427/3042/8053 5431/2552/8053 5430/2641/8053
f 5428/2643/8054 5432/2690/8054 5430/2641/8054
f 5433/2644/8055 5436/3047/8055 5437/2645/8055
f 5434/2647/8056 5438/2464/8056 5437/2648/8056
f 5435/3043/8057 5439/2694/8057 5437/2648/8057
f 5440/2651/8058 5443/3228/8058 5444/2652/8058
f 5441/2654/8059 5445/2567/8059 5444/2655/8059
f 5442/2657/8060 5446/2692/8060 5444/2655/8060
f 5447/2658/8061 5450/2695/8061 5451/2659/8061
f 5448/2661/8062 5452/2665/8062 5451/2662/8062
f 5449/2664/8063 5453/2697/8063 5451/2662/8063
f 5454/2666/8064 5457/3229/8064 5458/2667/8064
f 5455/2669/8065 5459/2673/8065 5458/2670/8065
f 5456/2672/8066 5460/2696/8066 5458/2670/8066
f 5461/2674/8067 5464/2698/8067 5465/2675/8067
f 5462/2677/8068 5466/2591/8068 5465/2678/8068
f 5463/2680/8069 5467/2700/8069 5465/2678/8069
f 5468/2681/8070 5471/2703/8070 5472/2682/8070
f 5469/3044/8071 5473/2688/8071 5472/2685/8071
f 5470/2687/8072 5474/2699/8072 5472/2685/8072
f 5420/2633/5190 5422/2635/5190 5411/2689/5190
f 5422/3045/5191 5419/3040/5191 5405/3039/5191
f 5428/2643/8073 5413/2625/8073 5415/2627/8073
f 5415/3046/8074 5412/2622/8074 5426/2637/8074
f 5406/2618/5194 5414/2628/5194 5417/2537/5194
f 5417/2509/5195 5413/2625/5195 5407/2620/5195
f 5421/3041/5196 5424/2448/5196 5431/2552/5196
f 5431/2552/5197 5424/2448/5197 5420/2633/5197
f 5421/3041/8075 5434/2647/8075 5436/2649/8075
f 5436/3047/5199 5433/2644/5199 5419/3040/5199
f 5427/3042/5200 5429/2642/5200 5446/2692/5200
f 5446/2653/8076 5429/2693/8076 5426/2637/8076
f 5435/3043/8077 5438/2464/8077 5445/2567/8077
f 5445/2567/8078 5438/2464/8078 5434/2647/8078
f 5435/3043/5204 5448/2661/5204 5450/2663/5204
f 5450/2695/8079 5447/2658/8079 5433/2644/8079
f 5456/2672/5206 5441/2654/5206 5443/2656/5206
f 5460/2668/5207 5443/3228/5207 5440/2651/5207
f 5449/2664/5208 5452/2665/5208 5459/2673/5208
f 5459/2673/5209 5452/2665/5209 5448/2661/5209
f 5462/2677/5210 5464/2679/5210 5453/2697/5210
f 5464/2698/5211 5461/2674/5211 5447/2658/5211
f 5455/2669/5212 5457/2671/5212 5474/2699/5212
f 5474/2683/5213 5457/3229/5213 5454/2666/5213
f 5463/2680/5214 5466/2591/5214 5473/2688/5214
f 5473/2688/8080 5466/2591/8080 5462/2677/8080
f 5406/2618/5216 5408/2619/5216 5467/2700/5216
f 5467/2676/8081 5408/2701/8081 5405/3039/8081
f 5414/2628/5218 5469/3044/5218 5471/2686/5218
f 5418/2624/5219 5471/2703/5219 5468/2681/5219
f 5461/2674/5220 5405/3039/5220 5419/3040/5220
f 5419/3040/5220 5433/2644/5220 5447/2658/5220
f 5413/2625/5221 5428/2643/5221 5420/2633/5221
f 5469/3044/5222 5414/2628/5222 5406/2618/5222
f 5440/2651/5223 5426/2637/5223 5412/2622/5223
f 5412/2622/5223 5468/2681/5223 5454/2666/5223
f 5421/3041/5224 5427/3042/5224 5442/2657/5224
f 5441/2654/5225 5456/2672/5225 5448/2661/5225
f 5455/2669/5226 5470/2687/5226 5462/2677/5226
f 5475/2704/8082 5478/2783/8082 5479/2705/8082
f 5476/2707/8083 5480/2772/8083 5479/2708/8083
f 5477/2710/8084 5481/2770/8084 5479/2711/8084
f 5482/2713/8085 5485/3230/8085 5486/2714/8085
f 5483/2716/8086 5487/2773/8086 5486/2717/8086
f 5484/2719/8087 5488/2784/8087 5486/2720/8087
f 5489/2722/8088 5492/3231/8088 5493/2723/8088
f 5490/2725/8089 5494/3049/8089 5493/2726/8089
f 5491/3048/8090 5495/2774/8090 5493/2726/8090
f 5496/2730/8091 5499/2777/8091 5500/2731/8091
f 5497/2733/8092 5501/2737/8092 5500/2734/8092
f 5498/2736/8093 5502/2771/8093 5500/2734/8093
f 5503/2738/8094 5506/2775/8094 5507/2739/8094
f 5504/2741/8095 5508/3050/8095 5507/2742/8095
f 5505/2744/8096 5509/2778/8096 5507/2742/8096
f 5510/3051/8097 5513/2781/8097 5514/2747/8097
f 5511/2749/8098 5515/2753/8098 5514/2750/8098
f 5512/2752/8099 5516/2776/8099 5514/2750/8099
f 5517/2754/8100 5520/2779/8100 5521/2755/8100
f 5518/2757/8101 5522/2761/8101 5521/2758/8101
f 5519/3052/8102 5523/2782/8102 5521/2758/8102
f 5524/3053/8103 5527/3232/8103 5528/2763/8103
f 5525/3054/8104 5529/2769/8104 5528/2766/8104
f 5526/3055/8105 5530/2780/8105 5528/2766/8105
f 5490/2725/5251 5492/2727/5251 5481/2770/5251
f 5481/2706/5252 5492/3231/5252 5489/2722/5252
f 5498/2736/8106 5483/2716/8106 5485/2718/8106
f 5502/2732/5254 5485/3230/5254 5482/2713/5254
f 5476/2707/5255 5484/2719/5255 5487/2721/5255
f 5487/2773/5256 5483/2716/5256 5477/2710/5256
f 5491/3048/5257 5494/3049/5257 5501/2737/5257
f 5501/2737/8107 5494/3049/8107 5490/2725/8107
f 5504/2741/8108 5506/2743/8108 5495/2774/8108
f 5495/2724/5260 5506/2775/5260 5503/2738/5260
f 5497/2733/5261 5499/2735/5261 5516/2776/5261
f 5516/2748/5262 5499/2777/5262 5496/2730/5262
f 5505/2744/5263 5508/3050/5263 5515/2753/5263
f 5515/2753/5264 5508/3050/5264 5504/2741/5264
f 5518/2757/5265 5520/2759/5265 5509/2778/5265
f 5509/2740/5266 5520/2779/5266 5517/2754/5266
f 5526/3055/8109 5511/2749/8109 5513/2751/8109
f 5530/2764/5268 5513/2781/5268 5510/3051/5268
f 5519/3052/8110 5522/2761/8110 5529/2769/8110
f 5529/2769/8111 5522/2761/8111 5518/2757/8111
f 5519/3052/8112 5476/2707/8112 5478/2709/8112
f 5478/2783/5272 5475/2704/5272 5517/2754/5272
f 5525/3054/5273 5527/2767/5273 5488/2784/5273
f 5488/2715/5274 5527/3232/5274 5524/3053/5274
f 5475/2704/5275 5489/2722/5275 5503/2738/5275
f 5483/2716/5276 5498/2736/5276 5490/2725/5276
f 5519/3052/5277 5525/3054/5277 5484/2719/5277
f 5496/2730/8113 5482/2713/8113 5524/3053/8113
f 5491/3048/5279 5497/2733/5279 5512/2752/5279
f 5505/2744/5280 5511/2749/5280 5526/3055/5280
f 5531/2785/8114 5534/3233/8114 5535/2786/8114
f 5532/2788/8115 5536/2853/8115 5535/2789/8115
f 5533/2791/8116 5537/2851/8116 5535/2792/8116
f 5538/2794/8117 5541/3234/8117 5542/2795/8117
f 5539/2797/8118 5543/2854/8118 5542/2798/8118
f 5540/3056/8119 5544/2860/8119 5542/2801/8119
f 5545/3057/8120 5548/3235/8120 5549/2804/8120
f 5546/2806/8121 5550/2810/8121 5549/2807/8121
f 5547/3058/8122 5551/2855/8122 5549/2807/8122
f 5552/2811/8123 5555/3236/8123 5556/2812/8123
f 5553/2814/8124 5557/2818/8124 5556/2815/8124
f 5554/2817/8125 5558/2852/8125 5556/2815/8125
f 5559/2819/8126 5562/3237/8126 5563/2820/8126
f 5560/2822/8127 5564/2826/8127 5563/2823/8127
f 5561/3059/8128 5565/2857/8128 5563/2823/8128
f 5566/2827/8129 5569/3238/8129 5570/2828/8129
f 5567/2830/8130 5571/2834/8130 5570/2831/8130
f 5568/2833/8131 5572/2856/8131 5570/2831/8131
f 5573/2835/8132 5576/3060/8132 5577/2836/8132
f 5574/2838/8133 5578/2842/8133 5577/2839/8133
f 5575/2841/8134 5579/2859/8134 5577/2839/8134
f 5580/2843/8135 5583/3239/8135 5584/2844/8135
f 5581/2846/8136 5585/2850/8136 5584/2847/8136
f 5582/2849/8137 5586/2858/8137 5584/2847/8137
f 5546/2806/8138 5548/2808/8138 5537/2851/8138
f 5537/2787/5306 5548/3235/5306 5545/3057/5306
f 5539/2797/8139 5541/2799/8139 5558/2852/8139
f 5558/2813/8140 5541/3234/8140 5538/2794/8140
f 5532/2788/8141 5540/3056/8141 5543/2802/8141
f 5543/2854/5310 5539/2797/5310 5533/2791/5310
f 5547/3058/5311 5550/2810/5311 5557/2818/5311
f 5557/2818/5312 5550/2810/5312 5546/2806/5312
f 5560/2822/8142 5562/2824/8142 5551/2855/8142
f 5551/2805/5314 5562/3237/5314 5559/2819/5314
f 5568/2833/8143 5553/2814/8143 5555/2816/8143
f 5572/2829/8144 5555/3236/8144 5552/2811/8144
f 5561/3059/5317 5564/2826/5317 5571/2834/5317
f 5571/2834/5318 5564/2826/5318 5560/2822/5318
f 5561/3059/8145 5574/2838/8145 5576/2840/8145
f 5576/3060/5320 5573/2835/5320 5559/2819/5320
f 5567/2830/8146 5569/2832/8146 5586/2858/8146
f 5586/2845/8147 5569/3238/8147 5566/2827/8147
f 5575/2841/5322 5578/2842/5322 5585/2850/5322
f 5585/2850/5323 5578/2842/5323 5574/2838/5323
f 5532/2788/5324 5534/2790/5324 5579/2859/5324
f 5579/2837/5325 5534/3233/5325 5531/2785/5325
f 5540/3056/8148 5581/2846/8148 5583/2848/8148
f 5544/2796/8149 5583/3239/8149 5580/2843/8149
f 5531/2785/5327 5545/3057/5327 5559/2819/5327
f 5533/2791/8150 5539/2797/8150 5554/2817/8150
f 5575/2841/8151 5581/2846/8151 5540/3056/8151
f 5552/2811/4900 5538/2794/4900 5580/2843/4900
f 5553/2814/5330 5568/2833/5330 5560/2822/5330
f 5561/3059/8152 5567/2830/8152 5582/2849/8152
f 5587/2861/8153 5590/2939/8153 5591/2862/8153
f 5588/2864/8154 5592/2930/8154 5591/2865/8154
f 5589/2867/8155 5593/2927/8155 5591/2868/8155
f 5594/2870/8156 5597/3240/8156 5598/2871/8156
f 5595/3061/8157 5599/2931/8157 5598/2874/8157
f 5596/2876/8158 5600/2940/8158 5598/2877/8158
f 5601/2879/8159 5604/2928/8159 5605/2880/8159
f 5602/2882/8160 5606/2886/8160 5605/2883/8160
f 5603/2885/8161 5607/2932/8161 5605/2883/8161
f 5608/2887/8162 5611/3241/8162 5612/2888/8162
f 5609/3062/8163 5613/2894/8163 5612/2891/8163
f 5610/2893/8164 5614/2929/8164 5612/2891/8164
f 5615/3063/8165 5618/3066/8165 5619/2896/8165
f 5616/2898/8166 5620/2902/8166 5619/2899/8166
f 5617/2901/8167 5621/2934/8167 5619/2899/8167
f 5622/2903/8168 5625/2937/8168 5626/2904/8168
f 5623/3064/8169 5627/2910/8169 5626/2907/8169
f 5624/2909/8170 5628/2933/8170 5626/2907/8170
f 5629/2911/8171 5632/2935/8171 5633/2912/8171
f 5630/2914/8172 5634/2918/8172 5633/2915/8172
f 5631/2917/8173 5635/2938/8173 5633/2915/8173
f 5636/3065/8174 5639/2941/8174 5640/2920/8174
f 5637/2922/8175 5641/2926/8175 5640/2923/8175
f 5638/2925/8176 5642/2936/8176 5640/2923/8176
f 5589/2867/5356 5602/2882/5356 5604/2884/5356
f 5604/2928/8177 5601/2879/8177 5587/2861/8177
f 5610/2893/5358 5595/3061/5358 5597/2875/5358
f 5614/2889/5359 5597/3240/5359 5594/2870/5359
f 5588/2864/5360 5596/2876/5360 5599/2878/5360
f 5599/2931/5361 5595/3061/5361 5589/2867/5361
f 5603/2885/5362 5606/2886/5362 5613/2894/5362
f 5613/2894/5363 5606/2886/5363 5602/2882/5363
f 5616/2898/8178 5618/2900/8178 5607/2932/8178
f 5618/3066/5365 5615/3063/5365 5601/2879/5365
f 5624/2909/5366 5609/3062/5366 5611/2892/5366
f 5628/2905/5367 5611/3241/5367 5608/2887/5367
f 5617/2901/5368 5620/2902/5368 5627/2910/5368
f 5627/2910/5369 5620/2902/5369 5616/2898/5369
f 5617/2901/5370 5630/2914/5370 5632/2916/5370
f 5632/2935/5371 5629/2911/5371 5615/3063/5371
f 5623/3064/5372 5625/2908/5372 5642/2936/5372
f 5625/2937/5373 5622/2903/5373 5636/3065/5373
f 5631/2917/5374 5634/2918/5374 5641/2926/5374
f 5641/2926/5375 5634/2918/5375 5630/2914/5375
f 5631/2917/5376 5588/2864/5376 5590/2866/5376
f 5635/2913/5377 5590/2939/5377 5587/2861/5377
f 5596/2876/5378 5637/2922/5378 5639/2924/5378
f 5600/2872/5379 5639/2941/5379 5636/3065/5379
f 5587/2861/5380 5601/2879/5380 5615/3063/5380
f 5595/3061/5381 5610/2893/5381 5602/2882/5381
f 5631/2917/5382 5637/2922/5382 5596/2876/5382
f 5608/2887/8179 5594/2870/8179 5636/3065/8179
f 5609/3062/5384 5624/2909/5384 5616/2898/5384
f 5623/3064/5385 5638/2925/5385 5630/2914/5385
f 5643/2942/8180 5646/3019/8180 5647/2943/8180
f 5644/2945/8181 5648/3010/8181 5647/2946/8181
f 5645/2948/8182 5649/3007/8182 5647/2949/8182
f 5650/2951/8183 5653/3242/8183 5654/2952/8183
f 5651/3067/8184 5655/3011/8184 5654/2955/8184
f 5652/2957/8185 5656/3020/8185 5654/2958/8185
f 5657/2960/8186 5660/3008/8186 5661/2961/8186
f 5658/3068/8187 5662/2967/8187 5661/2964/8187
f 5659/2966/8188 5663/3012/8188 5661/2964/8188
f 5664/2951/8189 5667/3243/8189 5668/2968/8189
f 5665/2970/8190 5669/2974/8190 5668/2971/8190
f 5666/2973/8191 5670/3009/8191 5668/2971/8191
f 5671/2975/8192 5674/3013/8192 5675/2976/8192
f 5672/2978/8193 5676/2982/8193 5675/2979/8193
f 5673/3069/8194 5677/3015/8194 5675/2979/8194
f 5678/2983/8195 5681/3244/8195 5682/2984/8195
f 5679/2986/8196 5683/2990/8196 5682/2987/8196
f 5680/2989/8197 5684/3014/8197 5682/2987/8197
f 5685/2991/8198 5688/3016/8198 5689/2992/8198
f 5686/2994/8199 5690/2998/8199 5689/2995/8199
f 5687/2997/8200 5691/3018/8200 5689/2995/8200
f 5692/2999/8201 5695/3245/8201 5696/3000/8201
f 5693/3002/8202 5697/3006/8202 5696/3003/8202
f 5694/3070/8203 5698/3017/8203 5696/3003/8203
f 5645/2948/5410 5658/3068/5410 5660/2965/5410
f 5660/3008/5411 5657/2960/5411 5643/2942/5411
f 5651/3067/8204 5653/2956/8204 5670/3009/8204
f 5670/2969/8205 5653/3242/8205 5650/2951/8205
f 5644/2945/5413 5652/2957/5413 5655/2959/5413
f 5655/3011/5414 5651/3067/5414 5645/2948/5414
f 5659/2966/5415 5662/2967/5415 5669/2974/5415
f 5669/2974/5416 5662/2967/5416 5658/3068/5416
f 5659/2966/5417 5672/2978/5417 5674/2980/5417
f 5674/3013/8206 5671/2975/8206 5657/2960/8206
f 5665/2970/8207 5667/2972/8207 5684/3014/8207
f 5684/2985/8208 5667/3243/8208 5664/2951/8208
f 5673/3069/5420 5676/2982/5420 5683/2990/5420
f 5683/2990/5421 5676/2982/5421 5672/2978/5421
f 5686/2994/5422 5688/2996/5422 5677/3015/5422
f 5677/2977/5423 5688/3016/5423 5685/2991/5423
f 5679/2986/8209 5681/2988/8209 5698/3017/8209
f 5698/3001/8210 5681/3244/8210 5678/2983/8210
f 5687/2997/5425 5690/2998/5425 5697/3006/5425
f 5697/3006/5426 5690/2998/5426 5686/2994/5426
f 5687/2997/5427 5644/2945/5427 5646/2947/5427
f 5646/3019/8211 5643/2942/8211 5685/2991/8211
f 5693/3002/8212 5695/3004/8212 5656/3020/8212
f 5656/2953/8213 5695/3245/8213 5692/2999/8213
f 5657/2960/5430 5671/2975/5430 5685/2991/5430
f 5651/3067/5431 5666/2973/5431 5658/3068/5431
f 5693/3002/8214 5652/2957/8214 5644/2945/8214
f 5664/2951/4900 5650/2951/4900 5692/2999/4900
f 5665/2970/5433 5680/2989/5433 5672/2978/5433
f 5679/2986/5434 5694/3070/5434 5686/2994/5434
usemtl core
f 2619/866/2506 2623/867/2506 2625/868/2506
f 2624/869/2507 2622/870/2507 2620/871/2507
f 2625/872/2508 2624/873/2508 2621/874/2508
f 2626/875/2509 2630/876/2509 2632/877/2509
f 2631/878/2510 2629/879/2510 2627/880/2510
f 2632/881/2511 2631/882/2511 2628/883/2511
f 2633/884/2512 2637/885/2512 2639/886/2512
f 2638/887/2513 2636/888/2513 2634/889/2513
f 2639/890/2514 2638/887/2514 2635/891/2514
f 2640/892/2515 2644/893/2515 2646/894/2515
f 2645/895/2516 2643/896/2516 2641/897/2516
f 2646/898/2517 2645/895/2517 2642/899/2517
f 2647/900/2518 2651/901/2518 2653/902/2518
f 2652/903/2519 2650/904/2519 2648/905/2519
f 2653/906/2520 2652/903/2520 2649/907/2520
f 2654/908/2521 2658/909/2521 2660/910/2521
f 2659/911/2522 2657/912/2522 2655/913/2522
f 2660/914/2523 2659/911/2523 2656/915/2523
f 2661/916/2524 2665/917/2524 2667/918/2524
f 2666/919/2525 2664/920/2525 2662/921/2525
f 2667/922/2526 2666/919/2526 2663/923/2526
f 2668/924/2527 2672/925/2527 2674/926/2527
f 2673/927/2528 2671/928/2528 2669/929/2528
f 2674/930/2529 2673/927/2529 2670/931/2529
f 2675/932/2530 2679/933/2530 2681/934/2530
f 2680/935/2531 2678/936/2531 2676/937/2531
f 2681/938/2532 2680/935/2532 2677/939/2532
f 2682/940/2533 2686/941/2533 2688/942/2533
f 2687/943/2534 2685/944/2534 2683/945/2534
f 2688/946/2535 2687/943/2535 2684/947/2535
f 2689/948/2536 2693/949/2536 2695/950/2536
f 2694/951/2537 2692/952/2537 2690/953/2537
f 2695/954/2538 2694/951/2538 2691/955/2538
f 2696/956/2539 2700/957/2539 2702/958/2539
f 2701/959/2540 2699/960/2540 2697/961/2540
f 2702/962/2541 2701/959/2541 2698/963/2541
f 2703/964/2542 2707/965/2542 2709/966/2542
f 2708/967/2543 2706/968/2543 2704/969/2543
f 2709/970/2544 2708/967/2544 2705/971/2544
f 2710/972/2545 2714/973/2545 2716/974/2545
f 2715/975/2546 2713/976/2546 2711/977/2546
f 2716/978/2547 2715/975/2547 2712/979/2547
f 2634/889/2548 2625/872/2548 2621/874/2548
f 2625/868/2549 2633/884/2549 2619/866/2549
f 2627/880/2550 2646/898/2550 2642/899/2550
f 2646/894/2551 2626/875/2551 2640/892/2551
f 2620/871/2552 2631/882/2552 2624/869/2552
f 2631/878/2553 2621/874/2553 2624/873/2553
f 2635/891/2554 2645/895/2554 2641/897/2554
f 2645/895/2555 2634/889/2555 2642/899/2555
f 2648/905/2556 2639/890/2556 2635/891/2556
f 2639/886/2557 2647/900/2557 2633/884/2557
f 2641/897/2558 2660/914/2558 2656/915/2558
f 2643/980/2559 2654/908/2559 2660/910/2559
f 2649/907/2560 2659/911/2560 2655/913/2560
f 2659/911/2561 2648/905/2561 2656/915/2561
f 2662/921/2562 2653/906/2562 2649/907/2562
f 2664/981/2563 2647/900/2563 2653/902/2563
f 2670/931/2564 2657/912/2564 2674/930/2564
f 2657/982/2565 2668/924/2565 2674/926/2565
f 2663/923/2566 2673/927/2566 2669/929/2566
f 2673/927/2567 2662/921/2567 2670/931/2567
f 2676/937/2568 2667/922/2568 2663/923/2568
f 2678/983/2569 2661/916/2569 2667/918/2569
f 2669/929/2570 2688/946/2570 2684/947/2570
f 2688/942/2571 2668/924/2571 2682/940/2571
f 2677/939/2572 2687/943/2572 2683/945/2572
f 2687/943/2573 2676/937/2573 2684/947/2573
f 2690/953/2574 2681/938/2574 2677/939/2574
f 2692/984/2575 2675/932/2575 2681/934/2575
f 2683/945/2576 2702/962/2576 2698/963/2576
f 2702/958/2577 2682/940/2577 2696/956/2577
f 2691/955/2578 2701/959/2578 2697/961/2578
f 2701/959/2579 2690/953/2579 2698/963/2579
f 2704/969/2580 2695/954/2580 2691/955/2580
f 2706/985/2581 2689/948/2581 2695/950/2581
f 2712/979/2582 2699/960/2582 2716/978/2582
f 2716/974/2583 2696/956/2583 2710/972/2583
f 2705/971/2584 2715/975/2584 2711/977/2584
f 2715/975/2585 2704/969/2585 2712/979/2585
f 2620/871/2586 2709/970/2586 2705/971/2586
f 2709/966/2587 2619/866/2587 2703/964/2587
f 2628/883/2588 2713/976/2588 2632/881/2588
f 2713/986/2589 2626/875/2589 2632/877/2589
f 2633/884/2590 2661/916/2590 2689/948/2590
f 2621/874/2591 2642/899/2591 2634/889/2591
f 2705/971/2592 2628/883/2592 2620/871/2592
f 2626/875/2593 2696/956/2593 2668/924/2593
f 2641/897/2594 2648/905/2594 2635/891/2594
f 2655/913/2595 2662/921/2595 2649/907/2595
f 2669/929/2596 2676/937/2596 2663/923/2596
f 2677/939/2597 2698/963/2597 2690/953/2597
f 2691/955/2598 2712/979/2598 2704/969/2598
f 4775/2356/4564 4779/2357/4564 4781/2358/4564
f 4776/2359/4565 4779/2360/4565 4778/2361/4565
f 4781/2362/4566 4780/2363/4566 4777/2364/4566
f 4782/2365/4567 4786/2366/4567 4788/2367/4567
f 4783/2368/4568 4786/2369/4568 4785/2370/4568
f 4788/2371/4569 4787/2372/4569 4784/2373/4569
f 4789/2374/4570 4793/2375/4570 4795/2376/4570
f 4794/2377/4571 4792/2378/4571 4790/2379/4571
f 4791/2380/4572 4793/2381/4572 4794/2377/4572
f 4796/2382/4573 4800/2383/4573 4802/2384/4573
f 4797/2385/4574 4800/2386/4574 4799/2387/4574
f 4802/2388/4575 4801/2389/4575 4798/2390/4575
f 4803/2391/4576 4807/2392/4576 4809/2393/4576
f 4808/2394/4577 4806/2395/4577 4804/2396/4577
f 4805/2397/4578 4807/2392/4578 4808/2394/4578
f 4810/2398/4579 4814/2399/4579 4816/2400/4579
f 4811/2401/4580 4814/2399/4580 4813/2402/4580
f 4816/2400/4581 4815/2403/4581 4812/2404/4581
f 4817/2405/4582 4821/2406/4582 4823/2407/4582
f 4818/2408/4583 4821/2406/4583 4820/2409/4583
f 4823/2407/4584 4822/2410/4584 4819/2411/4584
f 4824/2412/4585 4828/2413/4585 4830/2414/4585
f 4829/2415/4586 4827/2416/4586 4825/2417/4586
f 4826/2418/4587 4828/2413/4587 4829/2415/4587
f 4775/2356/4588 4792/2419/4588 4789/2374/4588
f 4792/2378/4589 4777/2364/4589 4790/2379/4589
f 4782/2365/4590 4780/2420/4590 4776/2359/4590
f 4788/2371/4591 4777/2364/4591 4780/2363/4591
f 4783/2368/4592 4802/2384/4592 4787/2421/4592
f 4787/2372/4593 4798/2390/4593 4784/2373/4593
f 4791/2380/4594 4801/2389/4594 4797/2385/4594
f 4801/2389/4595 4790/2379/4595 4798/2390/4595
f 4789/2374/4596 4820/2409/4596 4817/2405/4596
f 4820/2409/4597 4791/2380/4597 4818/2408/4597
f 4824/2412/4598 4799/2422/4598 4796/2382/4598
f 4830/2414/4599 4797/2385/4599 4799/2387/4599
f 4819/2411/4600 4829/2415/4600 4825/2417/4600
f 4829/2415/4601 4818/2408/4601 4826/2418/4601
f 4817/2405/4602 4806/2395/4602 4803/2391/4602
f 4806/2395/4603 4819/2411/4603 4804/2396/4603
f 4810/2398/4604 4827/2416/4604 4824/2412/4604
f 4816/2400/4605 4825/2417/4605 4827/2416/4605
f 4811/2401/4606 4808/2394/4606 4815/2403/4606
f 4808/2394/4607 4812/2404/4607 4815/2403/4607
f 4803/2391/4608 4778/2423/4608 4775/2356/4608
f 4778/2361/4609 4805/2397/4609 4776/2359/4609
f 4783/2368/4610 4813/2402/4610 4810/2398/4610
f 4813/2402/4611 4782/2365/4611 4811/2401/4611
f 4789/2374/4612 4803/2391/4612 4775/2356/4612
f 4777/2364/4613 4798/2390/4613 4790/2379/4613
f 4811/2401/4614 4776/2359/4614 4805/2397/4614
f 4796/2382/4615 4810/2398/4615 4824/2412/4615
f 4797/2385/4616 4818/2408/4616 4791/2380/4616
f 4825/2417/4617 4804/2396/4617 4819/2411/4617
f 2619/866/6614 2622/3094/6614 2623/867/6614
f 2624/869/6615 2623/3095/6615 2622/870/6615
f 2625/872/6616 2623/3096/6616 2624/873/6616
f 2626/875/6617 2629/3097/6617 2630/876/6617
f 2631/878/6618 2630/3098/6618 2629/879/6618
f 2632/881/6619 2630/3099/6619 2631/882/6619
f 2633/884/6620 2636/3100/6620 2637/885/6620
f 2638/887/6621 2637/3101/6621 2636/888/6621
f 2639/890/6622 2637/3101/6622 2638/887/6622
f 2640/892/6623 2643/980/6623 2644/893/6623
f 2645/895/6624 2644/3102/6624 2643/896/6624
f 2646/898/6625 2644/3102/6625 2645/895/6625
f 2647/900/6626 2650/3103/6626 2651/901/6626
f 2652/903/6627 2651/3104/6627 2650/904/6627
f 2653/906/6628 2651/3104/6628 2652/903/6628
f 2654/908/6629 2657/982/6629 2658/909/6629
f 2659/911/6630 2658/3105/6630 2657/912/6630
f 2660/914/6631 2658/3105/6631 2659/911/6631
f 2661/916/6632 2664/981/6632 2665/917/6632
f 2666/919/6633 2665/3106/6633 2664/920/6633
f 2667/922/6634 2665/3106/6634 2666/919/6634
f 2668/924/6635 2671/3107/6635 2672/925/6635
f 2673/927/6636 2672/3108/6636 2671/928/6636
f 2674/930/6637 2672/3108/6637 2673/927/6637
f 2675/932/6638 2678/983/6638 2679/933/6638
f 2680/935/6639 2679/3109/6639 2678/936/6639
f 2681/938/6640 2679/3109/6640 2680/935/6640
f 2682/940/6641 2685/3110/6641 2686/941/6641
f 2687/943/6642 2686/3111/6642 2685/944/6642
f 2688/946/6643 2686/3111/6643 2687/943/6643
f 2689/948/6644 2692/984/6644 2693/949/6644
f 2694/951/6645 2693/3112/6645 2692/952/6645
f 2695/954/6646 2693/3112/6646 2694/951/6646
f 2696/956/6647 2699/3113/6647 2700/957/6647
f 2701/959/6648 2700/3114/6648 2699/960/6648
f 2702/962/6649 2700/3114/6649 2701/959/6649
f 2703/964/6650 2706/985/6650 2707/965/6650
f 2708/967/6651 2707/3115/6651 2706/968/6651
f 2709/970/6652 2707/3115/6652 2708/967/6652
f 2710/972/6653 2713/986/6653 2714/973/6653
f 2715/975/6654 2714/3116/6654 2713/976/6654
f 2716/978/6655 2714/3116/6655 2715/975/6655
f 2634/889/6656 2636/888/6656 2625/872/6656
f 2625/868/2549 2636/3100/2549 2633/884/2549
f 2627/880/2550 2629/879/2550 2646/898/2550
f 2646/894/2551 2629/3097/2551 2626/875/2551
f 2620/871/6657 2628/883/6657 2631/882/6657
f 2631/878/6658 2627/880/6658 2621/874/6658
f 2635/891/6659 2638/887/6659 2645/895/6659
f 2645/895/6660 2638/887/6660 2634/889/6660
f 2648/905/2556 2650/904/2556 2639/890/2556
f 2639/886/2557 2650/3103/2557 2647/900/2557
f 2641/897/2558 2643/896/2558 2660/914/2558
f 2643/980/6661 2640/892/6661 2654/908/6661
f 2649/907/6662 2652/903/6662 2659/911/6662
f 2659/911/6663 2652/903/6663 2648/905/6663
f 2662/921/2562 2664/920/2562 2653/906/2562
f 2664/981/2563 2661/916/2563 2647/900/2563
f 2670/931/2564 2655/913/2564 2657/912/2564
f 2657/982/2565 2654/908/2565 2668/924/2565
f 2663/923/6664 2666/919/6664 2673/927/6664
f 2673/927/6665 2666/919/6665 2662/921/6665
f 2676/937/2568 2678/936/2568 2667/922/2568
f 2678/983/2569 2675/932/2569 2661/916/2569
f 2669/929/2570 2671/928/2570 2688/946/2570
f 2688/942/6666 2671/3107/6666 2668/924/6666
f 2677/939/6667 2680/935/6667 2687/943/6667
f 2687/943/6668 2680/935/6668 2676/937/6668
f 2690/953/6669 2692/952/6669 2681/938/6669
f 2692/984/2575 2689/948/2575 2675/932/2575
f 2683/945/2576 2685/944/2576 2702/962/2576
f 2702/958/2577 2685/3110/2577 2682/940/2577
f 2691/955/6670 2694/951/6670 2701/959/6670
f 2701/959/6671 2694/951/6671 2690/953/6671
f 2704/969/2580 2706/968/2580 2695/954/2580
f 2706/985/6672 2703/964/6672 2689/948/6672
f 2712/979/2582 2697/961/2582 2699/960/2582
f 2716/974/2583 2699/3113/2583 2696/956/2583
f 2705/971/6673 2708/967/6673 2715/975/6673
f 2715/975/6674 2708/967/6674 2704/969/6674
f 2620/871/2586 2622/870/2586 2709/970/2586
f 2709/966/2587 2622/3094/2587 2619/866/2587
f 2628/883/2588 2711/977/2588 2713/976/2588
f 2713/986/2589 2710/972/2589 2626/875/2589
f 2703/964/2590 2619/866/2590 2633/884/2590
f 2633/884/2590 2647/900/2590 2661/916/2590
f 2661/916/2590 2675/932/2590 2689/948/2590
f 2689/948/6675 2703/964/6675 2633/884/6675
f 2621/874/2591 2627/880/2591 2642/899/2591
f 2705/971/2592 2711/977/2592 2628/883/2592
f 2654/908/2593 2640/892/2593 2626/875/2593
f 2626/875/2593 2710/972/2593 2696/956/2593
f 2696/956/2593 2682/940/2593 2668/924/2593
f 2668/924/2593 2654/908/2593 2626/875/2593
f 2641/897/2594 2656/915/2594 2648/905/2594
f 2655/913/2595 2670/931/2595 2662/921/2595
f 2669/929/2596 2684/947/2596 2676/937/2596
f 2677/939/2597 2683/945/2597 2698/963/2597
f 2691/955/2598 2697/961/2598 2712/979/2598
f 4775/2356/7682 4778/2423/7682 4779/2357/7682
f 4776/2359/7683 4780/2420/7683 4779/2360/7683
f 4781/2362/7684 4779/3221/7684 4780/2363/7684
f 4782/2365/7685 4785/3222/7685 4786/2366/7685
f 4783/2368/7686 4787/2421/7686 4786/2369/7686
f 4788/2371/7687 4786/3223/7687 4787/2372/7687
f 4789/2374/7688 4792/2419/7688 4793/2375/7688
f 4794/2377/7689 4793/2381/7689 4792/2378/7689
f 4791/2380/7690 4795/3224/7690 4793/2381/7690
f 4796/2382/7691 4799/2422/7691 4800/2383/7691
f 4797/2385/7692 4801/2389/7692 4800/2386/7692
f 4802/2388/7693 4800/2386/7693 4801/2389/7693
f 4803/2391/7694 4806/2395/7694 4807/2392/7694
f 4808/2394/7695 4807/2392/7695 4806/2395/7695
f 4805/2397/7696 4809/2393/7696 4807/2392/7696
f 4810/2398/7697 4813/2402/7697 4814/2399/7697
f 4811/2401/7698 4815/2403/7698 4814/2399/7698
f 4816/2400/7699 4814/2399/7699 4815/2403/7699
f 4817/2405/7700 4820/2409/7700 4821/2406/7700
f 4818/2408/7701 4822/2410/7701 4821/2406/7701
f 4823/2407/7702 4821/2406/7702 4822/2410/7702
f 4824/2412/7703 4827/2416/7703 4828/2413/7703
f 4829/2415/7704 4828/2413/7704 4827/2416/7704
f 4826/2418/7705 4830/2414/7705 4828/2413/7705
f 4775/2356/7706 4781/2358/7706 4792/2419/7706
f 4792/2378/7707 4781/2362/7707 4777/2364/7707
f 4782/2365/4590 4788/2367/4590 4780/2420/4590
f 4788/2371/7708 4784/2373/7708 4777/2364/7708
f 4783/2368/7709 4796/2382/7709 4802/2384/7709
f 4787/2372/7710 4802/2388/7710 4798/2390/7710
f 4791/2380/7711 4794/2377/7711 4801/2389/7711
f 4801/2389/7712 4794/2377/7712 4790/2379/7712
f 4789/2374/7713 4795/2376/7713 4820/2409/7713
f 4820/2409/7714 4795/3224/7714 4791/2380/7714
f 4824/2412/4598 4830/2414/4598 4799/2422/4598
f 4830/2414/7715 4826/2418/7715 4797/2385/7715
f 4819/2411/7716 4822/2410/7716 4829/2415/7716
f 4829/2415/7717 4822/2410/7717 4818/2408/7717
f 4817/2405/7718 4823/2407/7718 4806/2395/7718
f 4806/2395/7719 4823/2407/7719 4819/2411/7719
f 4810/2398/7720 4816/2400/7720 4827/2416/7720
f 4816/2400/7721 4812/2404/7721 4825/2417/7721
f 4811/2401/4606 4805/2397/4606 4808/2394/4606
f 4808/2394/7722 4804/2396/7722 4812/2404/7722
f 4803/2391/7723 4809/2393/7723 4778/2423/7723
f 4778/2361/7724 4809/2393/7724 4805/2397/7724
f 4783/2368/4610 4785/2370/4610 4813/2402/4610
f 4813/2402/7725 4785/3222/7725 4782/2365/7725
f 4789/2374/4612 4817/2405/4612 4803/2391/4612
f 4777/2364/4613 4784/2373/4613 4798/2390/4613
f 4811/2401/4614 4782/2365/4614 4776/2359/4614
f 4796/2382/4615 4783/2368/4615 4810/2398/4615
f 4797/2385/4616 4826/2418/4616 4818/2408/4616
f 4825/2417/4617 4812/2404/4617 4804/2396/4617
usemtl moss
f 3865/1504/3697 3869/1505/3697 3871/1506/3697
f 3870/1507/3698 3868/1508/3698 3866/1509/3698
f 3871/1510/3699 3870/1511/3699 3867/1512/3699
f 3872/1513/3700 3876/1514/3700 3878/1515/3700
f 3877/1516/3701 3875/1517/3701 3873/1518/3701
f 3878/1519/3702 3877/1520/3702 3874/1521/3702
f 3879/1522/3703 3883/1523/3703 3885/1524/3703
f 3884/1525/3704 3882/1526/3704 3880/1527/3704
f 3885/1528/3705 3884/1525/3705 3881/1529/3705
f 3886/1530/3706 3890/1531/3706 3892/1532/3706
f 3891/1533/3707 3889/1534/3707 3887/1535/3707
f 3892/1536/3708 3891/1533/3708 3888/1537/3708
f 3893/1538/3709 3897/1539/3709 3899/1540/3709
f 3898/1541/3710 3896/1542/3710 3894/1543/3710
f 3899/1544/3711 3898/1541/3711 3895/1545/3711
f 3900/1546/3712 3904/1547/3712 3906/1548/3712
f 3905/1549/3713 3903/1550/3713 3901/1551/3713
f 3906/1552/3714 3905/1549/3714 3902/1553/3714
f 3907/1554/3715 3911/1555/3715 3913/1556/3715
f 3912/1557/3716 3910/1558/3716 3908/1559/3716
f 3913/1560/3717 3912/1557/3717 3909/1561/3717
f 3914/1562/3718 3918/1563/3718 3920/1564/3718
f 3919/1565/3719 3917/1566/3719 3915/1567/3719
f 3920/1568/3720 3919/1565/3720 3916/1569/3720
f 3921/1570/3721 3925/1571/3721 3927/1572/3721
f 3926/1573/3722 3924/1574/3722 3922/1575/3722
f 3927/1576/3723 3926/1573/3723 3923/1577/3723
f 3928/1578/3724 3932/1579/3724 3934/1580/3724
f 3933/1581/3725 3931/1582/3725 3929/1583/3725
f 3934/1584/3726 3933/1581/3726 3930/1585/3726
f 3935/1586/3727 3939/1587/3727 3941/1588/3727
f 3940/1589/3728 3938/1590/3728 3936/1591/3728
f 3941/1592/3729 3940/1589/3729 3937/1593/3729
f 3942/1594/3730 3946/1595/3730 3948/1596/3730
f 3947/1597/3731 3945/1598/3731 3943/1599/3731
f 3948/1600/3732 3947/1597/3732 3944/1601/3732
f 3949/1602/3733 3953/1603/3733 3955/1604/3733
f 3954/1605/3734 3952/1606/3734 3950/1607/3734
f 3955/1608/3735 3954/1605/3735 3951/1609/3735
f 3956/1610/3736 3960/1611/3736 3962/1612/3736
f 3961/1613/3737 3959/1614/3737 3957/1615/3737
f 3962/1616/3738 3961/1613/3738 3958/1617/3738
f 3963/1618/3739 3967/1619/3739 3969/1620/3739
f 3968/1621/3740 3966/1622/3740 3964/1623/3740
f 3969/1624/3741 3968/1621/3741 3965/1625/3741
f 3970/1626/3742 3974/1627/3742 3976/1628/3742
f 3975/1629/3743 3973/1630/3743 3971/1631/3743
f 3976/1632/3744 3975/1629/3744 3972/1633/3744
f 3977/1634/3745 3981/1635/3745 3983/1636/3745
f 3982/1637/3746 3980/1638/3746 3978/1639/3746
f 3983/1640/3747 3982/1637/3747 3979/1641/3747
f 3984/1642/3748 3988/1643/3748 3990/1644/3748
f 3989/1645/3749 3987/1646/3749 3985/1647/3749
f 3990/1648/3750 3989/1645/3750 3986/1649/3750
f 3867/1512/3751 3882/1526/3751 3871/1510/3751
f 3871/1506/3752 3879/1522/3752 3865/1504/3752
f 3888/1537/3753 3875/1517/3753 3892/1536/3753
f 3875/1650/3754 3886/1530/3754 3892/1532/3754
f 3866/1509/3755 3877/1520/3755 3870/1507/3755
f 3870/1511/3756 3873/1518/3756 3867/1512/3756
f 3881/1529/3757 3891/1533/3757 3887/1535/3757
f 3884/1525/3758 3888/1537/3758 3891/1533/3758
f 3894/1543/3759 3885/1528/3759 3881/1529/3759
f 3896/1651/3760 3879/1522/3760 3885/1524/3760
f 3902/1553/3761 3889/1534/3761 3906/1552/3761
f 3889/1652/3762 3900/1546/3762 3906/1548/3762
f 3901/1551/3763 3898/1541/3763 3905/1549/3763
f 3905/1549/3764 3894/1543/3764 3902/1553/3764
f 3908/1559/3765 3899/1544/3765 3895/1545/3765
f 3899/1540/3766 3907/1554/3766 3893/1538/3766
f 3901/1551/3767 3920/1568/3767 3916/1569/3767
f 3920/1564/3768 3900/1546/3768 3914/1562/3768
f 3909/1561/3769 3919/1565/3769 3915/1567/3769
f 3919/1565/3770 3908/1559/3770 3916/1569/3770
f 3909/1561/3771 3924/1574/3771 3913/1560/3771
f 3924/1653/3772 3907/1554/3772 3913/1556/3772
f 3930/1585/3773 3917/1566/3773 3934/1584/3773
f 3917/1654/3774 3928/1578/3774 3934/1580/3774
f 3923/1577/3775 3933/1581/3775 3929/1583/3775
f 3933/1581/3776 3922/1575/3776 3930/1585/3776
f 3936/1591/3777 3927/1576/3777 3923/1577/3777
f 3938/1655/3778 3921/1570/3778 3927/1572/3778
f 3944/1601/3779 3931/1582/3779 3948/1600/3779
f 3931/1656/3780 3942/1594/3780 3948/1596/3780
f 3937/1593/3781 3947/1597/3781 3943/1599/3781
f 3947/1597/3782 3936/1591/3782 3944/1601/3782
f 3937/1593/3783 3952/1606/3783 3941/1592/3783
f 3952/1657/3784 3935/1586/3784 3941/1588/3784
f 3943/1599/3785 3962/1616/3785 3958/1617/3785
f 3962/1612/3786 3942/1594/3786 3956/1610/3786
f 3951/1609/3787 3961/1613/3787 3957/1615/3787
f 3961/1613/3788 3950/1607/3788 3958/1617/3788
f 3964/1623/3789 3955/1608/3789 3951/1609/3789
f 3966/1658/3790 3949/1602/3790 3955/1604/3790
f 3972/1633/3791 3959/1614/3791 3976/1632/3791
f 3959/1659/3792 3970/1626/3792 3976/1628/3792
f 3965/1625/3793 3975/1629/3793 3971/1631/3793
f 3975/1629/3794 3964/1623/3794 3972/1633/3794
f 3978/1639/3795 3969/1624/3795 3965/1625/3795
f 3980/1660/3796 3963/1618/3796 3969/1620/3796
f 3971/1631/3797 3990/1648/3797 3986/1649/3797
f 3973/1661/3798 3984/1642/3798 3990/1644/3798
f 3979/1641/3799 3989/1645/3799 3985/1647/3799
f 3989/1645/3800 3978/1639/3800 3986/1649/3800
f 3866/1509/3801 3983/1640/3801 3979/1641/3801
f 3868/1662/3802 3977/1634/3802 3983/1636/3802
f 3985/1647/3803 3878/1519/3803 3874/1521/3803
f 3878/1515/3804 3984/1642/3804 3872/1513/3804
f 3879/1522/3805 3935/1586/3805 3963/1618/3805
f 3873/1518/3806 3880/1527/3806 3867/1512/3806
f 3979/1641/3807 3874/1521/3807 3866/1509/3807
f 3872/1513/3808 3942/1594/3808 3914/1562/3808
f 3881/1529/3809 3902/1553/3809 3894/1543/3809
f 3901/1551/3810 3908/1559/3810 3895/1545/3810
f 3915/1567/3811 3922/1575/3811 3909/1561/3811
f 3929/1583/3812 3936/1591/3812 3923/1577/3812
f 3937/1593/3813 3958/1617/3813 3950/1607/3813
f 3951/1609/3814 3972/1633/3814 3964/1623/3814
f 3971/1631/3815 3978/1639/3815 3965/1625/3815
f 3991/1663/3816 3995/1664/3816 3997/1665/3816
f 3996/1666/3817 3994/1667/3817 3992/1668/3817
f 3997/1669/3818 3996/1670/3818 3993/1671/3818
f 3998/1672/3819 4002/1673/3819 4004/1674/3819
f 4003/1675/3820 4001/1676/3820 3999/1677/3820
f 4004/1678/3821 4003/1679/3821 4000/1680/3821
f 4005/1681/3822 4009/1682/3822 4011/1683/3822
f 4010/1684/3823 4008/1685/3823 4006/1686/3823
f 4011/1687/3824 4010/1684/3824 4007/1688/3824
f 4012/1689/3825 4016/1690/3825 4018/1691/3825
f 4017/1692/3826 4015/1693/3826 4013/1694/3826
f 4018/1695/3827 4017/1692/3827 4014/1696/3827
f 4019/1697/3828 4023/1698/3828 4025/1699/3828
f 4024/1700/3829 4022/1701/3829 4020/1702/3829
f 4025/1703/3830 4024/1700/3830 4021/1704/3830
f 4026/1705/3831 4030/1706/3831 4032/1707/3831
f 4031/1708/3832 4029/1709/3832 4027/1710/3832
f 4032/1711/3833 4031/1708/3833 4028/1712/3833
f 4033/1713/3834 4037/1714/3834 4039/1715/3834
f 4038/1716/3835 4036/1717/3835 4034/1718/3835
f 4039/1719/3836 4038/1716/3836 4035/1720/3836
f 4040/1721/3837 4044/1722/3837 4046/1723/3837
f 4045/1724/3838 4043/1725/3838 4041/1726/3838
f 4046/1727/3839 4045/1724/3839 4042/1728/3839
f 4047/1729/3840 4051/1730/3840 4053/1731/3840
f 4052/1732/3841 4050/1733/3841 4048/1734/3841
f 4053/1735/3842 4052/1732/3842 4049/1736/3842
f 4054/1737/3843 4058/1738/3843 4060/1739/3843
f 4059/1740/3844 4057/1741/3844 4055/1742/3844
f 4060/1743/3845 4059/1740/3845 4056/1744/3845
f 4061/1745/3846 4065/1746/3846 4067/1747/3846
f 4066/1748/3847 4064/1749/3847 4062/1750/3847
f 4067/1751/3848 4066/1748/3848 4063/1752/3848
f 4068/1753/3849 4072/1754/3849 4074/1755/3849
f 4073/1756/3850 4071/1757/3850 4069/1758/3850
f 4074/1759/3851 4073/1756/3851 4070/1760/3851
f 4075/1761/3852 4079/1762/3852 4081/1763/3852
f 4080/1764/3853 4078/1765/3853 4076/1766/3853
f 4081/1767/3854 4080/1764/3854 4077/1768/3854
f 4082/1769/3855 4086/1770/3855 4088/1771/3855
f 4087/1772/3856 4085/1773/3856 4083/1774/3856
f 4088/1775/3857 4087/1772/3857 4084/1776/3857
f 4089/1777/3858 4093/1778/3858 4095/1779/3858
f 4094/1780/3859 4092/1781/3859 4090/1782/3859
f 4095/1783/3860 4094/1780/3860 4091/1784/3860
f 4096/1785/3861 4100/1786/3861 4102/1787/3861
f 4101/1788/3862 4099/1789/3862 4097/1790/3862
f 4102/1791/3863 4101/1788/3863 4098/1792/3863
f 4103/1793/3864 4107/1794/3864 4109/1795/3864
f 4108/1796/3865 4106/1797/3865 4104/1798/3865
f 4109/1799/3866 4108/1796/3866 4105/1800/3866
f 4110/1801/3867 4114/1802/3867 4116/1803/3867
f 4115/1804/3868 4113/1805/3868 4111/1806/3868
f 4116/1807/3869 4115/1804/3869 4112/1808/3869
f 4006/1686/3870 3997/1669/3870 3993/1671/3870
f 4008/1809/3871 3991/1663/3871 3997/1665/3871
f 3999/1677/3872 4018/1695/3872 4014/1696/3872
f 4001/1810/3873 4012/1689/3873 4018/1691/3873
f 3992/1668/3874 4003/1679/3874 3996/1666/3874
f 3996/1670/3875 3999/1677/3875 3993/1671/3875
f 4007/1688/3876 4017/1692/3876 4013/1694/3876
f 4010/1684/3877 4014/1696/3877 4017/1692/3877
f 4007/1688/3878 4022/1701/3878 4011/1687/3878
f 4022/1811/3879 4005/1681/3879 4011/1683/3879
f 4013/1694/3880 4032/1711/3880 4028/1712/3880
f 4015/1812/3881 4026/1705/3881 4032/1707/3881
f 4027/1710/3882 4024/1700/3882 4031/1708/3882
f 4031/1708/3883 4020/1702/3883 4028/1712/3883
f 4034/1718/3884 4025/1703/3884 4021/1704/3884
f 4025/1699/3885 4033/1713/3885 4019/1697/3885
f 4042/1728/3886 4029/1709/3886 4046/1727/3886
f 4029/1813/3887 4040/1721/3887 4046/1723/3887
f 4041/1726/3888 4038/1716/3888 4045/1724/3888
f 4045/1724/3889 4034/1718/3889 4042/1728/3889
f 4035/1720/3890 4050/1733/3890 4039/1719/3890
f 4050/1814/3891 4033/1713/3891 4039/1715/3891
f 4056/1744/3892 4043/1725/3892 4060/1743/3892
f 4043/1815/3893 4054/1737/3893 4060/1739/3893
f 4055/1742/3894 4052/1732/3894 4059/1740/3894
f 4052/1732/3895 4056/1744/3895 4059/1740/3895
f 4062/1750/3896 4053/1735/3896 4049/1736/3896
f 4064/1816/3897 4047/1729/3897 4053/1731/3897
f 4070/1760/3898 4057/1741/3898 4074/1759/3898
f 4057/1817/3899 4068/1753/3899 4074/1755/3899
f 4063/1752/3900 4073/1756/3900 4069/1758/3900
f 4073/1756/3901 4062/1750/3901 4070/1760/3901
f 4076/1766/3902 4067/1751/3902 4063/1752/3902
f 4078/1818/3903 4061/1745/3903 4067/1747/3903
f 4084/1776/3904 4071/1757/3904 4088/1775/3904
f 4088/1771/3905 4068/1753/3905 4082/1769/3905
f 4077/1768/3906 4087/1772/3906 4083/1774/3906
f 4087/1772/3907 4076/1766/3907 4084/1776/3907
f 4090/1782/3908 4081/1767/3908 4077/1768/3908
f 4092/1819/3909 4075/1761/3909 4081/1763/3909
f 4083/1774/3910 4102/1791/3910 4098/1792/3910
f 4085/1820/3911 4096/1785/3911 4102/1787/3911
f 4097/1790/3912 4094/1780/3912 4101/1788/3912
f 4101/1788/3913 4090/1782/3913 4098/1792/3913
f 4091/1784/3914 4106/1797/3914 4095/1783/3914
f 4095/1779/3915 4103/1793/3915 4089/1777/3915
f 4112/1808/3916 4099/1789/3916 4116/1807/3916
f 4099/1821/3917 4110/1801/3917 4116/1803/3917
f 4111/1806/3918 4108/1796/3918 4115/1804/3918
f 4108/1796/3919 4112/1808/3919 4115/1804/3919
f 3992/1668/3920 4109/1799/3920 4105/1800/3920
f 4109/1795/3921 3991/1663/3921 4103/1793/3921
f 4000/1680/3922 4113/1805/3922 4004/1678/3922
f 4113/1822/3923 3998/1672/3923 4004/1674/3923
f 4005/1681/3924 4061/1745/3924 4089/1777/3924
f 3993/1671/3925 4014/1696/3925 4006/1686/3925
f 4111/1806/3926 3992/1668/3926 4105/1800/3926
f 3998/1672/3927 4068/1753/3927 4040/1721/3927
f 4013/1694/3928 4020/1702/3928 4007/1688/3928
f 4027/1710/3929 4034/1718/3929 4021/1704/3929
f 4041/1726/3930 4048/1734/3930 4035/1720/3930
f 4049/1736/3931 4070/1760/3931 4062/1750/3931
f 4063/1752/3932 4084/1776/3932 4076/1766/3932
f 4077/1768/3933 4098/1792/3933 4090/1782/3933
f 4097/1790/3934 4104/1798/3934 4091/1784/3934
f 3865/1504/7229 3868/1662/7229 3869/1505/7229
f 3870/1507/7230 3869/3140/7230 3868/1508/7230
f 3871/1510/7231 3869/3141/7231 3870/1511/7231
f 3872/1513/7232 3875/1650/7232 3876/1514/7232
f 3877/1516/7233 3876/3142/7233 3875/1517/7233
f 3878/1519/7234 3876/3143/7234 3877/1520/7234
f 3879/1522/7235 3882/3144/7235 3883/1523/7235
f 3884/1525/7236 3883/3145/7236 3882/1526/7236
f 3885/1528/7237 3883/3145/7237 3884/1525/7237
f 3886/1530/7238 3889/1652/7238 3890/1531/7238
f 3891/1533/7239 3890/3146/7239 3889/1534/7239
f 3892/1536/7240 3890/3146/7240 3891/1533/7240
f 3893/1538/7241 3896/1651/7241 3897/1539/7241
f 3898/1541/7242 3897/3147/7242 3896/1542/7242
f 3899/1544/7243 3897/3147/7243 3898/1541/7243
f 3900/1546/7244 3903/3148/7244 3904/1547/7244
f 3905/1549/7245 3904/3149/7245 3903/1550/7245
f 3906/1552/7246 3904/3149/7246 3905/1549/7246
f 3907/1554/7247 3910/3150/7247 3911/1555/7247
f 3912/1557/7248 3911/3151/7248 3910/1558/7248
f 3913/1560/7249 3911/3151/7249 3912/1557/7249
f 3914/1562/7250 3917/1654/7250 3918/1563/7250
f 3919/1565/7251 3918/3152/7251 3917/1566/7251
f 3920/1568/7252 3918/3152/7252 3919/1565/7252
f 3921/1570/7253 3924/1653/7253 3925/1571/7253
f 3926/1573/7254 3925/3153/7254 3924/1574/7254
f 3927/1576/7255 3925/3153/7255 3926/1573/7255
f 3928/1578/7256 3931/1656/7256 3932/1579/7256
f 3933/1581/7257 3932/3154/7257 3931/1582/7257
f 3934/1584/7258 3932/3154/7258 3933/1581/7258
f 3935/1586/7259 3938/1655/7259 3939/1587/7259
f 3940/1589/7260 3939/3155/7260 3938/1590/7260
f 3941/1592/7261 3939/3155/7261 3940/1589/7261
f 3942/1594/7262 3945/3156/7262 3946/1595/7262
f 3947/1597/7263 3946/3157/7263 3945/1598/7263
f 3948/1600/7264 3946/3157/7264 3947/1597/7264
f 3949/1602/7265 3952/1657/7265 3953/1603/7265
f 3954/1605/7266 3953/3158/7266 3952/1606/7266
f 3955/1608/7267 3953/3158/7267 3954/1605/7267
f 3956/1610/7268 3959/1659/7268 3960/1611/7268
f 3961/1613/7269 3960/3159/7269 3959/1614/7269
f 3962/1616/7270 3960/3159/7270 3961/1613/7270
f 3963/1618/7271 3966/1658/7271 3967/1619/7271
f 3968/1621/7272 3967/3160/7272 3966/1622/7272
f 3969/1624/7273 3967/3160/7273 3968/1621/7273
f 3970/1626/7274 3973/1661/7274 3974/1627/7274
f 3975/1629/7275 3974/3161/7275 3973/1630/7275
f 3976/1632/7276 3974/3161/7276 3975/1629/7276
f 3977/1634/7277 3980/1660/7277 3981/1635/7277
f 3982/1637/7278 3981/3162/7278 3980/1638/7278
f 3983/1640/7279 3981/3162/7279 3982/1637/7279
f 3984/1642/7280 3987/3163/7280 3988/1643/7280
f 3989/1645/7281 3988/3164/7281 3987/1646/7281
f 3990/1648/7282 3988/3164/7282 3989/1645/7282
f 3867/1512/3751 3880/1527/3751 3882/1526/3751
f 3871/1506/3752 3882/3144/3752 3879/1522/3752
f 3888/1537/3753 3873/1518/3753 3875/1517/3753
f 3875/1650/3754 3872/1513/3754 3886/1530/3754
f 3866/1509/3755 3874/1521/3755 3877/1520/3755
f 3870/1511/3756 3877/1516/3756 3873/1518/3756
f 3881/1529/3757 3884/1525/3757 3891/1533/3757
f 3884/1525/3758 3880/1527/3758 3888/1537/3758
f 3894/1543/3759 3896/1542/3759 3885/1528/3759
f 3896/1651/3760 3893/1538/3760 3879/1522/3760
f 3902/1553/3761 3887/1535/3761 3889/1534/3761
f 3889/1652/3762 3886/1530/3762 3900/1546/3762
f 3901/1551/3763 3895/1545/3763 3898/1541/3763
f 3905/1549/3764 3898/1541/3764 3894/1543/3764
f 3908/1559/3765 3910/1558/3765 3899/1544/3765
f 3899/1540/3766 3910/3150/3766 3907/1554/3766
f 3901/1551/3767 3903/1550/3767 3920/1568/3767
f 3920/1564/7283 3903/3148/7283 3900/1546/7283
f 3909/1561/3769 3912/1557/3769 3919/1565/3769
f 3919/1565/3770 3912/1557/3770 3908/1559/3770
f 3909/1561/3771 3922/1575/3771 3924/1574/3771
f 3924/1653/7284 3921/1570/7284 3907/1554/7284
f 3930/1585/3773 3915/1567/3773 3917/1566/3773
f 3917/1654/3774 3914/1562/3774 3928/1578/3774
f 3923/1577/3775 3926/1573/3775 3933/1581/3775
f 3933/1581/3776 3926/1573/3776 3922/1575/3776
f 3936/1591/3777 3938/1590/3777 3927/1576/3777
f 3938/1655/3778 3935/1586/3778 3921/1570/3778
f 3944/1601/3779 3929/1583/3779 3931/1582/3779
f 3931/1656/3780 3928/1578/3780 3942/1594/3780
f 3937/1593/3781 3940/1589/3781 3947/1597/3781
f 3947/1597/3782 3940/1589/3782 3936/1591/3782
f 3937/1593/7285 3950/1607/7285 3952/1606/7285
f 3952/1657/3784 3949/1602/3784 3935/1586/3784
f 3943/1599/3785 3945/1598/3785 3962/1616/3785
f 3962/1612/3786 3945/3156/3786 3942/1594/3786
f 3951/1609/3787 3954/1605/3787 3961/1613/3787
f 3961/1613/3788 3954/1605/3788 3950/1607/3788
f 3964/1623/3789 3966/1622/3789 3955/1608/3789
f 3966/1658/3790 3963/1618/3790 3949/1602/3790
f 3972/1633/3791 3957/1615/3791 3959/1614/3791
f 3959/1659/3792 3956/1610/3792 3970/1626/3792
f 3965/1625/3793 3968/1621/3793 3975/1629/3793
f 3975/1629/3794 3968/1621/3794 3964/1623/3794
f 3978/1639/3795 3980/1638/3795 3969/1624/3795
f 3980/1660/3796 3977/1634/3796 3963/1618/3796
f 3971/1631/7286 3973/1630/7286 3990/1648/7286
f 3973/1661/7287 3970/1626/7287 3984/1642/7287
f 3979/1641/3799 3982/1637/3799 3989/1645/3799
f 3989/1645/3800 3982/1637/3800 3978/1639/3800
f 3866/1509/3801 3868/1508/3801 3983/1640/3801
f 3868/1662/3802 3865/1504/3802 3977/1634/3802
f 3985/1647/3803 3987/1646/3803 3878/1519/3803
f 3878/1515/3804 3987/3163/3804 3984/1642/3804
f 3977/1634/3805 3865/1504/3805 3879/1522/3805
f 3879/1522/3805 3893/1538/3805 3907/1554/3805
f 3907/1554/3805 3921/1570/3805 3935/1586/3805
f 3935/1586/3805 3949/1602/3805 3963/1618/3805
f 3963/1618/3805 3977/1634/3805 3879/1522/3805
f 3879/1522/3805 3907/1554/3805 3935/1586/3805
f 3873/1518/3806 3888/1537/3806 3880/1527/3806
f 3979/1641/3807 3985/1647/3807 3874/1521/3807
f 3900/1546/3808 3886/1530/3808 3872/1513/3808
f 3872/1513/3808 3984/1642/3808 3970/1626/3808
f 3970/1626/3808 3956/1610/3808 3942/1594/3808
f 3942/1594/3808 3928/1578/3808 3914/1562/3808
f 3914/1562/3808 3900/1546/3808 3872/1513/3808
f 3872/1513/3808 3970/1626/3808 3942/1594/3808
f 3881/1529/3809 3887/1535/3809 3902/1553/3809
f 3901/1551/3810 3916/1569/3810 3908/1559/3810
f 3915/1567/3811 3930/1585/3811 3922/1575/3811
f 3929/1583/3812 3944/1601/3812 3936/1591/3812
f 3937/1593/3813 3943/1599/3813 3958/1617/3813
f 3951/1609/3814 3957/1615/3814 3972/1633/3814
f 3971/1631/3815 3986/1649/3815 3978/1639/3815
f 3991/1663/7288 3994/3165/7288 3995/1664/7288
f 3996/1666/7289 3995/3166/7289 3994/1667/7289
f 3997/1669/7290 3995/3167/7290 3996/1670/7290
f 3998/1672/7291 4001/1810/7291 4002/1673/7291
f 4003/1675/7292 4002/3168/7292 4001/1676/7292
f 4004/1678/7293 4002/3169/7293 4003/1679/7293
f 4005/1681/7294 4008/1809/7294 4009/1682/7294
f 4010/1684/7295 4009/3170/7295 4008/1685/7295
f 4011/1687/7296 4009/3170/7296 4010/1684/7296
f 4012/1689/7297 4015/1812/7297 4016/1690/7297
f 4017/1692/7298 4016/3171/7298 4015/1693/7298
f 4018/1695/7299 4016/3171/7299 4017/1692/7299
f 4019/1697/7300 4022/1811/7300 4023/1698/7300
f 4024/1700/7301 4023/3172/7301 4022/1701/7301
f 4025/1703/7302 4023/3172/7302 4024/1700/7302
f 4026/1705/7303 4029/1813/7303 4030/1706/7303
f 4031/1708/7304 4030/3173/7304 4029/1709/7304
f 4032/1711/7305 4030/3173/7305 4031/1708/7305
f 4033/1713/7306 4036/3174/7306 4037/1714/7306
f 4038/1716/7307 4037/3175/7307 4036/1717/7307
f 4039/1719/7308 4037/3175/7308 4038/1716/7308
f 4040/1721/7309 4043/1815/7309 4044/1722/7309
f 4045/1724/7310 4044/3176/7310 4043/1725/7310
f 4046/1727/7311 4044/3176/7311 4045/1724/7311
f 4047/1729/7312 4050/1814/7312 4051/1730/7312
f 4052/1732/7313 4051/3177/7313 4050/1733/7313
f 4053/1735/7314 4051/3177/7314 4052/1732/7314
f 4054/1737/7315 4057/1817/7315 4058/1738/7315
f 4059/1740/7316 4058/3178/7316 4057/1741/7316
f 4060/1743/7317 4058/3178/7317 4059/1740/7317
f 4061/1745/7318 4064/1816/7318 4065/1746/7318
f 4066/1748/7319 4065/3179/7319 4064/1749/7319
f 4067/1751/7320 4065/3179/7320 4066/1748/7320
f 4068/1753/7321 4071/3180/7321 4072/1754/7321
f 4073/1756/7322 4072/3181/7322 4071/1757/7322
f 4074/1759/7323 4072/3181/7323 4073/1756/7323
f 4075/1761/7324 4078/1818/7324 4079/1762/7324
f 4080/1764/7325 4079/3182/7325 4078/1765/7325
f 4081/1767/7326 4079/3182/7326 4080/1764/7326
f 4082/1769/7327 4085/1820/7327 4086/1770/7327
f 4087/1772/7328 4086/3183/7328 4085/1773/7328
f 4088/1775/7329 4086/3183/7329 4087/1772/7329
f 4089/1777/7330 4092/1819/7330 4093/1778/7330
f 4094/1780/7331 4093/3184/7331 4092/1781/7331
f 4095/1783/7332 4093/3184/7332 4094/1780/7332
f 4096/1785/7333 4099/1821/7333 4100/1786/7333
f 4101/1788/7334 4100/3185/7334 4099/1789/7334
f 4102/1791/7335 4100/3185/7335 4101/1788/7335
f 4103/1793/7336 4106/3186/7336 4107/1794/7336
f 4108/1796/7337 4107/3187/7337 4106/1797/7337
f 4109/1799/7338 4107/3187/7338 4108/1796/7338
f 4110/1801/7339 4113/1822/7339 4114/1802/7339
f 4115/1804/7340 4114/3188/7340 4113/1805/7340
f 4116/1807/7341 4114/3188/7341 4115/1804/7341
f 4006/1686/3870 4008/1685/3870 3997/1669/3870
f 4008/1809/7342 4005/1681/7342 3991/1663/7342
f 3999/1677/3872 4001/1676/3872 4018/1695/3872
f 4001/1810/7343 3998/1672/7343 4012/1689/7343
f 3992/1668/3874 4000/1680/3874 4003/1679/3874
f 3996/1670/3875 4003/1675/3875 3999/1677/3875
f 4007/1688/3876 4010/1684/3876 4017/1692/3876
f 4010/1684/3877 4006/1686/3877 4014/1696/3877
f 4007/1688/3878 4020/1702/3878 4022/1701/3878
f 4022/1811/3879 4019/1697/3879 4005/1681/3879
f 4013/1694/7344 4015/1693/7344 4032/1711/7344
f 4015/1812/3881 4012/1689/3881 4026/1705/3881
f 4027/1710/3882 4021/1704/3882 4024/1700/3882
f 4031/1708/3883 4024/1700/3883 4020/1702/3883
f 4034/1718/3884 4036/1717/3884 4025/1703/3884
f 4025/1699/7345 4036/3174/7345 4033/1713/7345
f 4042/1728/3886 4027/1710/3886 4029/1709/3886
f 4029/1813/3887 4026/1705/3887 4040/1721/3887
f 4041/1726/7346 4035/1720/7346 4038/1716/7346
f 4045/1724/3889 4038/1716/3889 4034/1718/3889
f 4035/1720/3890 4048/1734/3890 4050/1733/3890
f 4050/1814/7347 4047/1729/7347 4033/1713/7347
f 4056/1744/3892 4041/1726/3892 4043/1725/3892
f 4043/1815/3893 4040/1721/3893 4054/1737/3893
f 4055/1742/3894 4049/1736/3894 4052/1732/3894
f 4052/1732/7348 4048/1734/7348 4056/1744/7348
f 4062/1750/3896 4064/1749/3896 4053/1735/3896
f 4064/1816/7349 4061/1745/7349 4047/1729/7349
f 4070/1760/3898 4055/1742/3898 4057/1741/3898
f 4057/1817/3899 4054/1737/3899 4068/1753/3899
f 4063/1752/3900 4066/1748/3900 4073/1756/3900
f 4073/1756/3901 4066/1748/3901 4062/1750/3901
f 4076/1766/3902 4078/1765/3902 4067/1751/3902
f 4078/1818/3903 4075/1761/3903 4061/1745/3903
f 4084/1776/3904 4069/1758/3904 4071/1757/3904
f 4088/1771/3905 4071/3180/3905 4068/1753/3905
f 4077/1768/3906 4080/1764/3906 4087/1772/3906
f 4087/1772/3907 4080/1764/3907 4076/1766/3907
f 4090/1782/3908 4092/1781/3908 4081/1767/3908
f 4092/1819/3909 4089/1777/3909 4075/1761/3909
f 4083/1774/7350 4085/1773/7350 4102/1791/7350
f 4085/1820/3911 4082/1769/3911 4096/1785/3911
f 4097/1790/3912 4091/1784/3912 4094/1780/3912
f 4101/1788/3913 4094/1780/3913 4090/1782/3913
f 4091/1784/3914 4104/1798/3914 4106/1797/3914
f 4095/1779/3915 4106/3186/3915 4103/1793/3915
f 4112/1808/3916 4097/1790/3916 4099/1789/3916
f 4099/1821/3917 4096/1785/3917 4110/1801/3917
f 4111/1806/3918 4105/1800/3918 4108/1796/3918
f 4108/1796/3919 4104/1798/3919 4112/1808/3919
f 3992/1668/3920 3994/1667/3920 4109/1799/3920
f 4109/1795/7351 3994/3165/7351 3991/1663/7351
f 4000/1680/7352 4111/1806/7352 4113/1805/7352
f 4113/1822/7353 4110/1801/7353 3998/1672/7353
f 4103/1793/3924 3991/1663/3924 4005/1681/3924
f 4005/1681/3924 4019/1697/3924 4033/1713/3924
f 4033/1713/3924 4047/1729/3924 4061/1745/3924
f 4061/1745/3924 4075/1761/3924 4089/1777/3924
f 4089/1777/3924 4103/1793/3924 4005/1681/3924
f 4005/1681/3924 4033/1713/3924 4061/1745/3924
f 3993/1671/3925 3999/1677/3925 4014/1696/3925
f 4111/1806/3926 4000/1680/3926 3992/1668/3926
f 4026/1705/3927 4012/1689/3927 3998/1672/3927
f 3998/1672/3927 4110/1801/3927 4096/1785/3927
f 4096/1785/3927 4082/1769/3927 4068/1753/3927
f 4068/1753/3927 4054/1737/3927 4040/1721/3927
f 4040/1721/3927 4026/1705/3927 3998/1672/3927
f 3998/1672/3927 4096/1785/3927 4068/1753/3927
f 4013/1694/3928 4028/1712/3928 4020/1702/3928
f 4027/1710/3929 4042/1728/3929 4034/1718/3929
f 4041/1726/3930 4056/1744/3930 4048/1734/3930
f 4049/1736/3931 4055/1742/3931 4070/1760/3931
f 4063/1752/3932 4069/1758/3932 4084/1776/3932
f 4077/1768/3933 4083/1774/3933 4098/1792/3933
f 4097/1790/3934 4112/1808/3934 4104/1798/3934
