# Blender 4.5.10 LTS
# www.blender.org
mtllib grove_spirit_core.mtl
o grove_spirit_core
v 0.009317 0.959802 0.007059
v -0.100303 1.065914 -0.072581
v 0.049654 1.066949 -0.121438
v 0.142447 1.068865 0.006081
v 0.049838 1.069012 0.133749
v -0.100190 1.067189 0.085131
v -0.034922 1.240561 -0.122780
v 0.115106 1.242385 -0.074163
v 0.115219 1.243659 0.083550
v -0.034738 1.242624 0.132406
v -0.127532 1.240708 0.004887
v 0.005598 1.349771 0.003909
v 0.033353 0.988548 -0.068193
v -0.054789 0.987939 -0.039476
v -0.031080 1.050919 -0.115004
v -0.119156 1.051060 0.006414
v -0.054722 0.988689 0.053225
v 0.087896 0.989674 0.006761
v 0.111605 1.052654 -0.068767
v 0.033461 0.989760 0.081801
v 0.111713 1.053866 0.081227
v -0.030906 1.052881 0.127691
v -0.135228 1.153052 -0.040753
v -0.135161 1.153802 0.051948
v 0.007350 1.153574 -0.144511
v -0.080793 1.152965 -0.115794
v 0.150077 1.155771 -0.040980
v 0.095534 1.154646 -0.115935
v 0.095709 1.156608 0.126762
v 0.150143 1.156521 0.051721
v -0.080619 1.154927 0.126903
v 0.007566 1.155999 0.155479
v -0.096798 1.255707 -0.070259
v 0.045821 1.256692 -0.116723
v 0.134072 1.258513 0.004554
v 0.045996 1.258654 0.125972
v -0.096690 1.256920 0.079735
v -0.018545 1.319813 -0.070833
v -0.072980 1.319899 0.004207
v 0.069638 1.320885 -0.042257
v 0.069705 1.321634 0.050444
v -0.018437 1.321025 0.079161
v -0.005620 0.983291 -0.005311
v -0.079660 1.073277 -0.060207
v 0.024224 1.071509 -0.094305
v 0.088760 1.070955 -0.006028
v 0.024759 1.072380 0.082627
v -0.079330 1.073816 0.049142
v -0.031039 1.216559 -0.094852
v 0.073050 1.215124 -0.061367
v 0.073381 1.215662 0.047982
v -0.030504 1.217430 0.082080
v -0.095039 1.217984 -0.006196
v -0.000659 1.305649 -0.006913
v 0.011486 1.006846 -0.057479
v -0.049575 1.007885 -0.037437
v -0.032033 1.059739 -0.089746
v -0.092900 1.061095 -0.005430
v -0.049381 1.008202 0.026836
v 0.049419 1.006520 -0.005592
v 0.066962 1.058374 -0.057901
v 0.011801 1.007358 0.046518
v 0.067276 1.058886 0.046097
v -0.031524 1.060567 0.078525
v -0.102135 1.145835 -0.037957
v -0.101940 1.146151 0.026316
v -0.003454 1.143958 -0.110110
v -0.064516 1.144997 -0.090068
v 0.095661 1.142788 -0.038541
v 0.057728 1.143114 -0.090429
v 0.058237 1.143942 0.077844
v 0.095855 1.143104 0.025733
v -0.064008 1.145825 0.078204
v -0.002825 1.144982 0.097886
v -0.073556 1.230054 -0.058321
v 0.025245 1.228372 -0.090750
v 0.086621 1.227845 -0.006794
v 0.025754 1.229201 0.077522
v -0.073241 1.230566 0.045677
v -0.018080 1.281582 -0.058742
v -0.055699 1.282419 -0.006632
v 0.043101 1.280738 -0.039060
v 0.043296 1.281054 0.025213
v -0.017766 1.282094 0.045255
v -0.323573 1.189173 -0.003217
v -0.323866 1.188981 0.019464
v -0.345525 1.189269 0.026197
v -0.358619 1.189638 0.007678
v -0.345051 1.189579 -0.010501
v -0.322800 1.187536 0.008123
v -0.339425 1.183146 0.007871
v -0.334440 1.187587 0.023719
v -0.352866 1.187935 0.017469
v -0.352615 1.188099 -0.001989
v -0.334033 1.187853 -0.007765
v -0.358619 1.189638 0.007678
v -0.370233 1.209123 0.007692
v -0.363844 1.221106 -0.010477
v -0.348281 1.209027 -0.021722
v -0.345051 1.189579 -0.010501
v -0.365967 1.198462 0.007657
v -0.361681 1.201029 -0.008797
v -0.368738 1.215146 -0.001969
v -0.357099 1.215096 -0.017565
v -0.347134 1.198380 -0.017577
v -0.352615 1.188099 -0.001989
v -0.323573 1.189173 -0.003217
v -0.345051 1.189579 -0.010501
v -0.348281 1.209027 -0.021722
v -0.328799 1.220640 -0.021372
v -0.313528 1.208370 -0.009935
v -0.334033 1.187853 -0.007766
v -0.330114 1.200610 -0.018610
v -0.347134 1.198380 -0.017577
v -0.338516 1.214849 -0.023341
v -0.320090 1.214500 -0.017092
v -0.317319 1.197816 -0.007466
v -0.323865 1.188981 0.019464
v -0.323572 1.189173 -0.003217
v -0.313528 1.208370 -0.009935
v -0.307613 1.220043 0.008593
v -0.314002 1.208060 0.026763
v -0.322800 1.187536 0.008123
v -0.311031 1.200072 0.008381
v -0.317319 1.197816 -0.007465
v -0.308857 1.214183 -0.001203
v -0.309108 1.214019 0.018254
v -0.317725 1.197550 0.024018
v -0.345525 1.189269 0.026198
v -0.323866 1.188981 0.019465
v -0.314002 1.208060 0.026763
v -0.329565 1.220139 0.038008
v -0.349047 1.208525 0.037658
v -0.334440 1.187587 0.023719
v -0.330805 1.200158 0.034875
v -0.317726 1.197550 0.024019
v -0.320748 1.214070 0.033851
v -0.339330 1.214317 0.039627
v -0.347792 1.197949 0.033365
v -0.370233 1.209123 0.007693
v -0.358619 1.189638 0.007678
v -0.345525 1.189269 0.026198
v -0.349048 1.208525 0.037658
v -0.364318 1.220796 0.026221
v -0.365967 1.198462 0.007658
v -0.362108 1.200750 0.024258
v -0.352866 1.187935 0.017469
v -0.347792 1.197949 0.033365
v -0.357756 1.214665 0.033378
v -0.368989 1.214982 0.017490
v -0.328799 1.220641 -0.021372
v -0.348281 1.209027 -0.021722
v -0.363844 1.221106 -0.010478
v -0.353981 1.240185 -0.003179
v -0.332321 1.239897 -0.009912
v -0.338517 1.214849 -0.023341
v -0.347042 1.229008 -0.018589
v -0.357098 1.215096 -0.017565
v -0.360120 1.231616 -0.007733
v -0.343406 1.241579 -0.007433
v -0.330055 1.231217 -0.017079
v -0.307613 1.220043 0.008593
v -0.313528 1.208370 -0.009935
v -0.328798 1.220641 -0.021372
v -0.332321 1.239897 -0.009912
v -0.319228 1.239527 0.008608
v -0.308857 1.214184 -0.001204
v -0.315738 1.228416 -0.007973
v -0.320090 1.214501 -0.017092
v -0.330054 1.231217 -0.017079
v -0.324980 1.241231 -0.001183
v -0.311879 1.230704 0.008628
v -0.329565 1.220139 0.038007
v -0.314002 1.208060 0.026763
v -0.307613 1.220043 0.008593
v -0.319228 1.239527 0.008608
v -0.332795 1.239587 0.026787
v -0.320748 1.214070 0.033850
v -0.316165 1.228137 0.025083
v -0.309108 1.214019 0.018255
v -0.311879 1.230704 0.008628
v -0.325231 1.241066 0.018275
v -0.330712 1.230786 0.033863
v -0.364318 1.220796 0.026221
v -0.349048 1.208526 0.037658
v -0.329566 1.220139 0.038008
v -0.332795 1.239587 0.026787
v -0.354274 1.239993 0.019503
v -0.357756 1.214666 0.033378
v -0.347732 1.228556 0.034896
v -0.339330 1.214317 0.039627
v -0.330712 1.230786 0.033863
v -0.343813 1.241313 0.024051
v -0.360527 1.231350 0.023752
v -0.363845 1.221106 -0.010477
v -0.370233 1.209123 0.007692
v -0.364318 1.220796 0.026221
v -0.354274 1.239993 0.019502
v -0.353981 1.240185 -0.003178
v -0.368738 1.215147 -0.001969
v -0.366815 1.229094 0.007905
v -0.368989 1.214982 0.017489
v -0.360527 1.231350 0.023751
v -0.355046 1.241630 0.008163
v -0.360121 1.231616 -0.007733
v -0.332321 1.239897 -0.009912
v -0.353981 1.240185 -0.003178
v -0.354273 1.239993 0.019502
v -0.332795 1.239587 0.026787
v -0.319228 1.239527 0.008608
v -0.343406 1.241579 -0.007433
v -0.338421 1.246020 0.008415
v -0.355046 1.241630 0.008163
v -0.343813 1.241313 0.024051
v -0.325231 1.241066 0.018275
v -0.324980 1.241231 -0.001183
v -0.134626 1.400141 0.042714
v -0.134657 1.400260 0.065397
v -0.156241 1.400296 0.072377
v -0.169548 1.400198 0.054007
v -0.156189 1.400102 0.035675
v -0.133698 1.398674 0.054065
v -0.150252 1.394017 0.054067
v -0.145159 1.398757 0.069793
v -0.163658 1.398723 0.063754
v -0.163631 1.398621 0.044293
v -0.145115 1.398590 0.038306
v -0.169548 1.400198 0.054007
v -0.181475 1.419493 0.053889
v -0.175487 1.431322 0.035483
v -0.159860 1.419338 0.024226
v -0.156189 1.400102 0.035675
v -0.177038 1.408902 0.053951
v -0.172981 1.411308 0.037414
v -0.180187 1.425404 0.044129
v -0.168727 1.425322 0.028401
v -0.158494 1.408769 0.028503
v -0.163631 1.398621 0.044293
v -0.134626 1.400141 0.042714
v -0.156189 1.400102 0.035675
v -0.159860 1.419338 0.024226
v -0.140565 1.431265 0.024190
v -0.124969 1.419400 0.035616
v -0.145115 1.398590 0.038305
v -0.141525 1.411256 0.027242
v -0.158494 1.408769 0.028503
v -0.150210 1.425292 0.022413
v -0.131710 1.425325 0.028453
v -0.128561 1.408822 0.038274
v -0.134657 1.400261 0.065398
v -0.134625 1.400141 0.042714
v -0.124969 1.419400 0.035616
v -0.119033 1.431423 0.053913
v -0.125020 1.419594 0.072318
v -0.133698 1.398674 0.054065
v -0.122130 1.411399 0.054014
v -0.128561 1.408822 0.038275
v -0.120293 1.425409 0.044212
v -0.120320 1.425512 0.063672
v -0.128605 1.408989 0.069762
v -0.156240 1.400296 0.072377
v -0.134657 1.400261 0.065398
v -0.125020 1.419594 0.072319
v -0.140648 1.431578 0.083575
v -0.159943 1.419651 0.083612
v -0.145158 1.398757 0.069793
v -0.141600 1.411539 0.080732
v -0.128605 1.408989 0.069762
v -0.131781 1.425594 0.079400
v -0.150298 1.425624 0.085388
v -0.158565 1.409038 0.079450
v -0.181475 1.419493 0.053889
v -0.169548 1.400198 0.054007
v -0.156241 1.400296 0.072377
v -0.159943 1.419651 0.083611
v -0.175539 1.431516 0.072185
v -0.177038 1.408902 0.053951
v -0.173027 1.411483 0.070473
v -0.163658 1.398723 0.063754
v -0.158565 1.409038 0.079450
v -0.168797 1.425591 0.079349
v -0.180214 1.425507 0.063589
v -0.140565 1.431265 0.024190
v -0.159860 1.419338 0.024226
v -0.175487 1.431322 0.035483
v -0.165850 1.450656 0.042403
v -0.144267 1.450620 0.035424
v -0.150210 1.425292 0.022413
v -0.158908 1.439377 0.027069
v -0.168726 1.425322 0.028401
v -0.171903 1.441927 0.038039
v -0.155349 1.452160 0.038008
v -0.141942 1.441878 0.028351
v -0.119033 1.431423 0.053912
v -0.124969 1.419401 0.035616
v -0.140565 1.431265 0.024190
v -0.144267 1.450620 0.035424
v -0.130959 1.450718 0.053794
v -0.120293 1.425409 0.044212
v -0.127480 1.439434 0.037328
v -0.131710 1.425325 0.028453
v -0.141942 1.441878 0.028351
v -0.136849 1.452193 0.044048
v -0.123470 1.442014 0.053850
v -0.140647 1.431579 0.083575
v -0.125020 1.419595 0.072318
v -0.119033 1.431423 0.053913
v -0.130959 1.450718 0.053794
v -0.144318 1.450814 0.072127
v -0.131781 1.425594 0.079400
v -0.127526 1.439608 0.070387
v -0.120321 1.425512 0.063672
v -0.123470 1.442014 0.053850
v -0.136876 1.452296 0.063508
v -0.142013 1.442148 0.079298
v -0.175538 1.431516 0.072185
v -0.159943 1.419652 0.083612
v -0.140648 1.431579 0.083575
v -0.144318 1.450814 0.072127
v -0.165882 1.450776 0.065087
v -0.168797 1.425591 0.079349
v -0.158982 1.439660 0.080560
v -0.150298 1.425625 0.085388
v -0.142013 1.442148 0.079298
v -0.155393 1.452326 0.069496
v -0.171946 1.442094 0.069527
v -0.175488 1.431322 0.035483
v -0.181475 1.419493 0.053889
v -0.175539 1.431516 0.072185
v -0.165882 1.450776 0.065087
v -0.165851 1.450656 0.042404
v -0.180187 1.425405 0.044129
v -0.178377 1.439517 0.053787
v -0.180214 1.425507 0.063589
v -0.171947 1.442094 0.069526
v -0.166810 1.452242 0.053736
v -0.171903 1.441927 0.038039
v -0.144267 1.450620 0.035424
v -0.165850 1.450656 0.042404
v -0.165882 1.450776 0.065087
v -0.144318 1.450814 0.072127
v -0.130959 1.450718 0.053794
v -0.155349 1.452160 0.038008
v -0.150256 1.456900 0.053734
v -0.166810 1.452242 0.053736
v -0.155393 1.452326 0.069496
v -0.136876 1.452296 0.063508
v -0.136849 1.452193 0.044048
v 0.157418 1.395814 0.036687
v 0.157310 1.396189 0.059367
v 0.135705 1.396069 0.066277
v 0.122460 1.395619 0.047867
v 0.135880 1.395462 0.029579
v 0.158324 1.394486 0.048057
v 0.141822 1.389649 0.048058
v 0.146811 1.394621 0.063746
v 0.128333 1.394319 0.057648
v 0.128426 1.393997 0.038190
v 0.146962 1.394100 0.032263
v 0.122460 1.395619 0.047867
v 0.110325 1.414780 0.047492
v 0.116245 1.426466 0.028973
v 0.132039 1.414526 0.017902
v 0.135880 1.395462 0.029579
v 0.114877 1.404240 0.047688
v 0.118962 1.406503 0.031138
v 0.111581 1.420595 0.037670
v 0.123094 1.420460 0.021981
v 0.133505 1.404021 0.022303
v 0.128426 1.393997 0.038190
v 0.157419 1.395814 0.036687
v 0.135880 1.395462 0.029579
v 0.132039 1.414526 0.017902
v 0.151204 1.426661 0.017793
v 0.166889 1.415096 0.029402
v 0.146962 1.394100 0.032262
v 0.150450 1.406679 0.021068
v 0.133505 1.404021 0.022303
v 0.141630 1.420564 0.016053
v 0.160108 1.420866 0.022151
v 0.163403 1.404511 0.032169
v 0.157311 1.396190 0.059367
v 0.157419 1.395814 0.036687
v 0.166889 1.415096 0.029403
v 0.172634 1.427389 0.047581
v 0.166714 1.415704 0.066100
v 0.158325 1.394486 0.048057
v 0.169753 1.407335 0.047899
v 0.163403 1.404511 0.032169
v 0.171471 1.421252 0.037945
v 0.171378 1.421574 0.057402
v 0.163253 1.405032 0.063652
v 0.135705 1.396069 0.066277
v 0.157310 1.396190 0.059367
v 0.166714 1.415704 0.066100
v 0.150920 1.427643 0.077171
v 0.131756 1.415508 0.077280
v 0.146811 1.394621 0.063746
v 0.150195 1.407564 0.074551
v 0.163253 1.405032 0.063652
v 0.159865 1.421709 0.073092
v 0.141330 1.421606 0.079019
v 0.133262 1.404864 0.073243
v 0.110325 1.414780 0.047492
v 0.122460 1.395619 0.047867
v 0.135705 1.396069 0.066277
v 0.131756 1.415508 0.077280
v 0.116070 1.427073 0.065670
v 0.114877 1.404240 0.047688
v 0.118804 1.407050 0.064192
v 0.128333 1.394319 0.057648
v 0.133262 1.404864 0.073243
v 0.122851 1.421303 0.072922
v 0.111488 1.420917 0.057128
v 0.151203 1.426661 0.017793
v 0.132039 1.414526 0.017902
v 0.116245 1.426466 0.028972
v 0.125649 1.445980 0.035705
v 0.147254 1.446101 0.028796
v 0.141630 1.420564 0.016053
v 0.132765 1.434606 0.020521
v 0.123094 1.420460 0.021981
v 0.119706 1.437138 0.031420
v 0.136148 1.447548 0.031327
v 0.149697 1.437305 0.021829
v 0.172634 1.427389 0.047580
v 0.166889 1.415097 0.029402
v 0.151204 1.426661 0.017793
v 0.147255 1.446101 0.028796
v 0.160499 1.446550 0.047206
v 0.171471 1.421253 0.037945
v 0.164155 1.435120 0.030880
v 0.160108 1.420867 0.022151
v 0.149698 1.437305 0.021829
v 0.154626 1.447851 0.037424
v 0.168083 1.437930 0.047384
v 0.150920 1.427644 0.077170
v 0.166714 1.415704 0.066100
v 0.172634 1.427389 0.047581
v 0.160499 1.446550 0.047206
v 0.147079 1.446708 0.065493
v 0.159865 1.421710 0.073091
v 0.163998 1.435666 0.063935
v 0.171378 1.421575 0.057403
v 0.168083 1.437930 0.047385
v 0.154533 1.448173 0.056882
v 0.149454 1.438148 0.072770
v 0.116070 1.427073 0.065670
v 0.131756 1.415509 0.077280
v 0.150920 1.427644 0.077171
v 0.147079 1.446708 0.065493
v 0.125541 1.446355 0.058386
v 0.122851 1.421303 0.072922
v 0.132509 1.435490 0.074005
v 0.141329 1.421606 0.079019
v 0.149454 1.438148 0.072770
v 0.135998 1.448069 0.062810
v 0.119556 1.437659 0.062904
v 0.116245 1.426466 0.028973
v 0.110325 1.414781 0.047492
v 0.116070 1.427073 0.065670
v 0.125541 1.446355 0.058386
v 0.125649 1.445980 0.035705
v 0.111581 1.420595 0.037670
v 0.113206 1.434835 0.047174
v 0.111488 1.420917 0.057127
v 0.119556 1.437659 0.062903
v 0.124635 1.447683 0.047016
v 0.119706 1.437138 0.031421
v 0.147255 1.446101 0.028796
v 0.125649 1.445980 0.035705
v 0.125541 1.446355 0.058386
v 0.147079 1.446708 0.065493
v 0.160499 1.446550 0.047206
v 0.136148 1.447549 0.031327
v 0.141137 1.452521 0.047014
v 0.124635 1.447684 0.047016
v 0.135998 1.448069 0.062810
v 0.154533 1.448173 0.056882
v 0.154626 1.447851 0.037424
v 0.352150 1.189322 0.009310
v 0.351792 1.189611 0.031989
v 0.330110 1.189795 0.038655
v 0.317069 1.189620 0.020096
v 0.330690 1.189327 0.001960
v 0.352907 1.187936 0.020683
v 0.336334 1.183353 0.020480
v 0.341221 1.188187 0.036243
v 0.322811 1.188192 0.029937
v 0.323118 1.187943 0.010481
v 0.341719 1.187786 0.004762
v 0.317069 1.189620 0.020096
v 0.305233 1.208966 0.019662
v 0.311540 1.220631 0.001258
v 0.327273 1.208493 -0.009683
v 0.330690 1.189327 0.001960
v 0.309620 1.198357 0.019867
v 0.313926 1.200621 0.003373
v 0.306689 1.214799 0.009878
v 0.318375 1.214548 -0.005681
v 0.328528 1.197950 -0.005309
v 0.323118 1.187944 0.010481
v 0.352150 1.189322 0.009309
v 0.330690 1.189327 0.001960
v 0.327273 1.208493 -0.009683
v 0.346621 1.220333 -0.009529
v 0.361996 1.208485 0.002209
v 0.341719 1.187786 0.004761
v 0.345525 1.200353 -0.006343
v 0.328528 1.197950 -0.005309
v 0.336975 1.214390 -0.011400
v 0.355386 1.214386 -0.005094
v 0.358317 1.197943 0.004894
v 0.351792 1.189612 0.031989
v 0.352150 1.189322 0.009310
v 0.361996 1.208485 0.002210
v 0.367723 1.220618 0.020500
v 0.361416 1.208953 0.038905
v 0.352907 1.187936 0.020683
v 0.364532 1.200609 0.020705
v 0.358318 1.197943 0.004894
v 0.366575 1.214537 0.010828
v 0.366267 1.214785 0.030284
v 0.357821 1.198345 0.036375
v 0.330110 1.189795 0.038655
v 0.351792 1.189612 0.031989
v 0.361416 1.208953 0.038905
v 0.345683 1.221091 0.049846
v 0.326335 1.209251 0.049691
v 0.341221 1.188187 0.036243
v 0.344680 1.201035 0.047138
v 0.357820 1.198345 0.036376
v 0.354581 1.215036 0.045844
v 0.335981 1.215194 0.051563
v 0.327724 1.198600 0.045629
v 0.305233 1.208966 0.019662
v 0.317069 1.189620 0.020096
v 0.330110 1.189795 0.038655
v 0.326335 1.209251 0.049691
v 0.310960 1.221099 0.037953
v 0.309620 1.198357 0.019867
v 0.313404 1.201043 0.036426
v 0.322811 1.188192 0.029937
v 0.327724 1.198600 0.045629
v 0.317570 1.215198 0.045257
v 0.306382 1.215047 0.029335
v 0.346621 1.220333 -0.009529
v 0.327273 1.208493 -0.009683
v 0.311540 1.220631 0.001258
v 0.321164 1.239972 0.008174
v 0.342846 1.239789 0.001508
v 0.336975 1.214391 -0.011400
v 0.328276 1.228549 -0.006975
v 0.318375 1.214548 -0.005681
v 0.315136 1.231239 0.003787
v 0.331735 1.241397 0.003920
v 0.345232 1.230984 -0.005466
v 0.367723 1.220618 0.020500
v 0.361996 1.208485 0.002210
v 0.346621 1.220333 -0.009529
v 0.342846 1.239789 0.001508
v 0.355887 1.239964 0.020067
v 0.366575 1.214537 0.010828
v 0.359552 1.228541 0.003737
v 0.355386 1.214386 -0.005094
v 0.345232 1.230984 -0.005466
v 0.350145 1.241392 0.010226
v 0.363336 1.231228 0.020296
v 0.345683 1.221091 0.049846
v 0.361416 1.208953 0.038905
v 0.367723 1.220618 0.020501
v 0.355887 1.239964 0.020067
v 0.342266 1.240257 0.038203
v 0.354582 1.215036 0.045843
v 0.359030 1.228963 0.036790
v 0.366267 1.214785 0.030284
v 0.363336 1.231228 0.020296
v 0.349838 1.241640 0.029682
v 0.344428 1.231634 0.045471
v 0.310960 1.221099 0.037953
v 0.326335 1.209251 0.049691
v 0.345683 1.221091 0.049846
v 0.342266 1.240257 0.038203
v 0.320806 1.240262 0.030853
v 0.317570 1.215198 0.045257
v 0.327431 1.229231 0.046506
v 0.335981 1.215194 0.051563
v 0.344428 1.231634 0.045471
v 0.331237 1.241798 0.035401
v 0.314639 1.231641 0.035269
v 0.311540 1.220631 0.001258
v 0.305233 1.208966 0.019662
v 0.310960 1.221099 0.037953
v 0.320806 1.240262 0.030853
v 0.321164 1.239972 0.008174
v 0.306689 1.214799 0.009879
v 0.308424 1.228975 0.019457
v 0.306382 1.215047 0.029335
v 0.314638 1.231641 0.035268
v 0.320049 1.241648 0.019479
v 0.315136 1.231239 0.003787
v 0.342846 1.239789 0.001508
v 0.321164 1.239973 0.008174
v 0.320806 1.240262 0.030853
v 0.342266 1.240257 0.038203
v 0.355887 1.239964 0.020067
v 0.331735 1.241397 0.003920
v 0.336622 1.246231 0.019682
v 0.320049 1.241648 0.019479
v 0.331238 1.241798 0.035401
v 0.349838 1.241640 0.029682
v 0.350145 1.241392 0.010226
v 0.287887 0.934782 -0.052360
v 0.287744 0.934402 -0.029680
v 0.266129 0.933971 -0.022813
v 0.252913 0.934086 -0.041248
v 0.266360 0.934587 -0.059510
v 0.288781 0.933080 -0.041039
v 0.272297 0.928184 -0.041225
v 0.277245 0.932650 -0.025373
v 0.258777 0.932482 -0.031506
v 0.258899 0.932809 -0.050964
v 0.277443 0.933178 -0.056855
v 0.252913 0.934086 -0.041248
v 0.240707 0.953204 -0.041004
v 0.246610 0.965522 -0.059115
v 0.262465 0.954015 -0.070552
v 0.266360 0.934587 -0.059510
v 0.245298 0.942680 -0.041152
v 0.249399 0.945508 -0.057611
v 0.241956 0.959347 -0.050625
v 0.253492 0.959778 -0.066292
v 0.263964 0.943376 -0.066501
v 0.258899 0.932809 -0.050964
v 0.287887 0.934783 -0.052360
v 0.266360 0.934587 -0.059510
v 0.262465 0.954015 -0.070552
v 0.281584 0.966218 -0.070227
v 0.297296 0.954331 -0.058984
v 0.277443 0.933178 -0.056856
v 0.280900 0.946136 -0.067620
v 0.263964 0.943376 -0.066501
v 0.272036 0.960147 -0.072183
v 0.290504 0.960314 -0.066050
v 0.293845 0.943647 -0.056577
v 0.287744 0.934402 -0.029680
v 0.287887 0.934782 -0.052360
v 0.297296 0.954331 -0.058983
v 0.302968 0.966033 -0.040397
v 0.297065 0.953715 -0.022287
v 0.288781 0.933080 -0.041039
v 0.300162 0.945968 -0.040751
v 0.293846 0.943647 -0.056576
v 0.301842 0.960216 -0.050233
v 0.301720 0.959889 -0.030776
v 0.293647 0.943118 -0.025094
v 0.266129 0.933971 -0.022813
v 0.287744 0.934402 -0.029680
v 0.297065 0.953715 -0.022286
v 0.281210 0.965222 -0.010849
v 0.262091 0.953019 -0.011175
v 0.277245 0.932650 -0.025373
v 0.280564 0.945238 -0.014137
v 0.293647 0.943118 -0.025094
v 0.290183 0.959459 -0.015110
v 0.271640 0.959090 -0.009218
v 0.263643 0.942521 -0.015561
v 0.240707 0.953204 -0.041004
v 0.252913 0.934086 -0.041248
v 0.266129 0.933971 -0.022813
v 0.262091 0.953019 -0.011175
v 0.246379 0.964906 -0.022418
v 0.245298 0.942680 -0.041152
v 0.249190 0.944953 -0.024557
v 0.258777 0.932482 -0.031506
v 0.263643 0.942521 -0.015561
v 0.253172 0.958923 -0.015352
v 0.241833 0.959021 -0.031168
v 0.281584 0.966218 -0.070227
v 0.262465 0.954016 -0.070552
v 0.246611 0.965522 -0.059115
v 0.255931 0.984835 -0.051721
v 0.277546 0.985266 -0.058589
v 0.272036 0.960147 -0.072183
v 0.263112 0.973999 -0.067264
v 0.253492 0.959778 -0.066292
v 0.250028 0.976119 -0.056308
v 0.266431 0.986588 -0.056029
v 0.280032 0.976716 -0.065840
v 0.302968 0.966033 -0.040397
v 0.297296 0.954332 -0.058984
v 0.281584 0.966218 -0.070227
v 0.277546 0.985266 -0.058589
v 0.290762 0.985151 -0.040153
v 0.301842 0.960216 -0.050234
v 0.294485 0.974284 -0.056844
v 0.290504 0.960315 -0.066050
v 0.280032 0.976716 -0.065840
v 0.284899 0.986755 -0.049895
v 0.298378 0.976557 -0.040249
v 0.281211 0.965222 -0.010850
v 0.297065 0.953716 -0.022286
v 0.302968 0.966033 -0.040397
v 0.290762 0.985151 -0.040153
v 0.277315 0.984650 -0.021892
v 0.290183 0.959460 -0.015110
v 0.294277 0.973729 -0.023790
v 0.301720 0.959890 -0.030776
v 0.298378 0.976557 -0.040249
v 0.284776 0.986428 -0.030437
v 0.279712 0.975862 -0.014900
v 0.246380 0.964906 -0.022418
v 0.262091 0.953019 -0.011175
v 0.281210 0.965222 -0.010849
v 0.277315 0.984650 -0.021892
v 0.255789 0.984455 -0.029041
v 0.253172 0.958923 -0.015351
v 0.262775 0.973102 -0.013781
v 0.271639 0.959090 -0.009218
v 0.279712 0.975862 -0.014900
v 0.266233 0.986059 -0.024546
v 0.249830 0.975591 -0.024824
v 0.246610 0.965522 -0.059114
v 0.240707 0.953205 -0.041004
v 0.246379 0.964906 -0.022418
v 0.255788 0.984455 -0.029041
v 0.255931 0.984835 -0.051721
v 0.241956 0.959348 -0.050625
v 0.243513 0.973269 -0.040650
v 0.241833 0.959021 -0.031168
v 0.249830 0.975591 -0.024825
v 0.254894 0.986158 -0.040362
v 0.250028 0.976119 -0.056307
v 0.277546 0.985266 -0.058589
v 0.255931 0.984836 -0.051721
v 0.255789 0.984455 -0.029041
v 0.277315 0.984650 -0.021892
v 0.290762 0.985151 -0.040153
v 0.266431 0.986588 -0.056028
v 0.271379 0.991053 -0.040176
v 0.254895 0.986158 -0.040362
v 0.266233 0.986059 -0.024546
v 0.284776 0.986428 -0.030437
v 0.284899 0.986755 -0.049895
v 0.012840 0.830294 -0.078324
v 0.013090 0.830384 -0.055642
v -0.008405 0.830438 -0.048395
v -0.021940 0.830381 -0.066599
v -0.008809 0.830293 -0.085096
v 0.013906 0.828812 -0.066987
v -0.002652 0.824175 -0.066786
v 0.002642 0.828888 -0.051118
v -0.015931 0.828886 -0.056928
v -0.016146 0.828809 -0.076387
v 0.002295 0.828763 -0.082604
v -0.021940 0.830381 -0.066599
v -0.033842 0.849691 -0.066544
v -0.028068 0.861537 -0.085007
v -0.012597 0.849548 -0.096473
v -0.008809 0.830293 -0.085096
v -0.029418 0.839095 -0.066551
v -0.025564 0.841517 -0.083134
v -0.032668 0.855614 -0.076311
v -0.021403 0.855538 -0.092180
v -0.011192 0.838972 -0.092227
v -0.016146 0.828809 -0.076387
v 0.012840 0.830295 -0.078324
v -0.008809 0.830293 -0.085096
v -0.012597 0.849548 -0.096473
v 0.006711 0.861451 -0.096732
v 0.022432 0.849551 -0.085516
v 0.002295 0.828763 -0.082604
v 0.005763 0.841440 -0.093695
v -0.011192 0.838972 -0.092227
v -0.002962 0.855492 -0.098397
v 0.015611 0.855494 -0.092587
v 0.018860 0.838975 -0.082827
v 0.013090 0.830384 -0.055642
v 0.012840 0.830295 -0.078324
v 0.022433 0.849551 -0.085515
v 0.028611 0.861543 -0.067278
v 0.022837 0.849696 -0.048816
v 0.013907 0.828812 -0.066987
v 0.025489 0.841522 -0.067165
v 0.018860 0.838975 -0.082827
v 0.027222 0.855543 -0.076970
v 0.027436 0.855620 -0.057511
v 0.019207 0.839099 -0.051341
v -0.008405 0.830438 -0.048395
v 0.013090 0.830384 -0.055641
v 0.022836 0.849697 -0.048815
v 0.007365 0.861686 -0.037350
v -0.011943 0.849783 -0.037090
v 0.002642 0.828888 -0.051118
v 0.006352 0.841651 -0.040207
v 0.019207 0.839099 -0.051341
v 0.016171 0.855696 -0.041642
v -0.002269 0.855741 -0.035426
v -0.010631 0.839173 -0.041282
v -0.033842 0.849691 -0.066544
v -0.021940 0.830381 -0.066599
v -0.008405 0.830438 -0.048395
v -0.011943 0.849783 -0.037090
v -0.027664 0.861682 -0.048307
v -0.029418 0.839095 -0.066551
v -0.025200 0.841648 -0.050077
v -0.015931 0.828886 -0.056928
v -0.010631 0.839173 -0.041282
v -0.020843 0.855740 -0.041235
v -0.032454 0.855691 -0.056852
v 0.006711 0.861451 -0.096732
v -0.012597 0.849548 -0.096473
v -0.028068 0.861537 -0.085007
v -0.018321 0.880849 -0.078181
v 0.003174 0.880796 -0.085427
v -0.002963 0.855492 -0.098397
v -0.011584 0.869583 -0.093616
v -0.021403 0.855538 -0.092180
v -0.024438 0.872135 -0.082482
v -0.007874 0.882346 -0.082704
v 0.005399 0.872061 -0.092541
v 0.028611 0.861543 -0.067279
v 0.022433 0.849552 -0.085516
v 0.006712 0.861451 -0.096732
v 0.003174 0.880796 -0.085427
v 0.016708 0.880853 -0.067224
v 0.027222 0.855543 -0.076970
v 0.019968 0.869586 -0.083746
v 0.015611 0.855494 -0.092587
v 0.005399 0.872061 -0.092540
v 0.010700 0.882348 -0.076895
v 0.024187 0.872139 -0.067272
v 0.007365 0.861686 -0.037350
v 0.022837 0.849697 -0.048815
v 0.028611 0.861543 -0.067278
v 0.016708 0.880853 -0.067224
v 0.003578 0.880941 -0.048727
v 0.016172 0.855696 -0.041643
v 0.020332 0.869717 -0.050689
v 0.027436 0.855620 -0.057511
v 0.024187 0.872139 -0.067272
v 0.010914 0.882425 -0.057435
v 0.005960 0.872262 -0.041596
v -0.027664 0.861683 -0.048307
v -0.011943 0.849783 -0.037090
v 0.007365 0.861686 -0.037350
v 0.003578 0.880941 -0.048727
v -0.018072 0.880939 -0.055498
v -0.020842 0.855740 -0.041235
v -0.010995 0.869794 -0.040127
v -0.002269 0.855742 -0.035426
v 0.005960 0.872262 -0.041596
v -0.007527 0.882471 -0.051218
v -0.024092 0.872259 -0.050996
v -0.028068 0.861537 -0.085007
v -0.033842 0.849691 -0.066544
v -0.027664 0.861683 -0.048307
v -0.018072 0.880939 -0.055499
v -0.018322 0.880849 -0.078181
v -0.032668 0.855614 -0.076311
v -0.030720 0.869712 -0.066658
v -0.032454 0.855691 -0.056852
v -0.024092 0.872259 -0.050996
v -0.019138 0.882422 -0.066835
v -0.024439 0.872135 -0.082481
v 0.003174 0.880796 -0.085427
v -0.018321 0.880850 -0.078181
v -0.018072 0.880939 -0.055499
v 0.003578 0.880941 -0.048727
v 0.016708 0.880853 -0.067224
v -0.007874 0.882346 -0.082704
v -0.002580 0.887059 -0.067036
v -0.019138 0.882422 -0.066835
v -0.007527 0.882471 -0.051219
v 0.010914 0.882425 -0.057435
v 0.010700 0.882348 -0.076895
v -0.253126 0.939480 -0.050902
v -0.253201 0.939153 -0.028221
v -0.274795 0.938703 -0.021288
v -0.288065 0.938752 -0.039685
v -0.274673 0.939232 -0.057987
v -0.252195 0.937806 -0.039580
v -0.268672 0.932883 -0.039705
v -0.263685 0.937394 -0.023878
v -0.282170 0.937181 -0.029957
v -0.282106 0.937462 -0.049415
v -0.263580 0.937848 -0.055362
v -0.288065 0.938752 -0.039685
v -0.300302 0.957851 -0.039450
v -0.294473 0.970135 -0.057607
v -0.278634 0.958628 -0.069063
v -0.274673 0.939233 -0.057987
v -0.295695 0.947333 -0.039586
v -0.291647 0.950130 -0.056064
v -0.299092 0.963973 -0.049089
v -0.287603 0.964385 -0.064790
v -0.277105 0.948000 -0.064992
v -0.282106 0.937462 -0.049415
v -0.253126 0.939480 -0.050902
v -0.274673 0.939233 -0.057987
v -0.278633 0.958628 -0.069063
v -0.259534 0.970863 -0.068824
v -0.243769 0.959029 -0.057599
v -0.263580 0.937848 -0.055363
v -0.260176 0.950786 -0.066168
v -0.277105 0.948000 -0.064992
v -0.269078 0.964772 -0.070738
v -0.250592 0.964984 -0.064659
v -0.247194 0.948344 -0.055157
v -0.253201 0.939153 -0.028221
v -0.253126 0.939480 -0.050902
v -0.243769 0.959029 -0.057599
v -0.238061 0.970784 -0.039057
v -0.243890 0.958499 -0.020900
v -0.252195 0.937806 -0.039580
v -0.240835 0.950714 -0.039356
v -0.247194 0.948344 -0.055157
v -0.239207 0.964942 -0.048876
v -0.239271 0.964661 -0.029418
v -0.247298 0.947890 -0.023673
v -0.274795 0.938703 -0.021288
v -0.253201 0.939153 -0.028220
v -0.243891 0.958499 -0.020900
v -0.259730 0.970006 -0.009443
v -0.278830 0.957771 -0.009683
v -0.263685 0.937394 -0.023878
v -0.260353 0.950014 -0.012682
v -0.247299 0.947890 -0.023672
v -0.250761 0.964249 -0.013716
v -0.269286 0.963863 -0.007769
v -0.277273 0.947265 -0.014049
v -0.300302 0.957851 -0.039449
v -0.288065 0.938752 -0.039685
v -0.274795 0.938703 -0.021288
v -0.278830 0.957771 -0.009683
v -0.294595 0.969605 -0.020908
v -0.295695 0.947333 -0.039586
v -0.291757 0.949653 -0.023008
v -0.282170 0.937181 -0.029957
v -0.277274 0.947265 -0.014049
v -0.287772 0.963650 -0.013848
v -0.299157 0.963692 -0.029630
v -0.259534 0.970863 -0.068824
v -0.278633 0.958628 -0.069063
v -0.294473 0.970135 -0.057607
v -0.285163 0.989482 -0.050286
v -0.263569 0.989932 -0.057219
v -0.269078 0.964772 -0.070738
v -0.278010 0.978621 -0.065825
v -0.287603 0.964386 -0.064790
v -0.291065 0.980745 -0.054834
v -0.274679 0.991241 -0.054629
v -0.261090 0.981369 -0.064457
v -0.238061 0.970784 -0.039057
v -0.243769 0.959029 -0.057599
v -0.259533 0.970863 -0.068823
v -0.263569 0.989932 -0.057219
v -0.250298 0.989882 -0.038822
v -0.239207 0.964942 -0.048877
v -0.246607 0.978982 -0.055499
v -0.250592 0.964984 -0.064659
v -0.261090 0.981369 -0.064457
v -0.256193 0.991454 -0.048550
v -0.242669 0.981301 -0.038921
v -0.259730 0.970007 -0.009443
v -0.243890 0.958500 -0.020900
v -0.238061 0.970784 -0.039057
v -0.250298 0.989882 -0.038822
v -0.263690 0.989402 -0.020520
v -0.250760 0.964249 -0.013716
v -0.246716 0.978505 -0.022443
v -0.239271 0.964661 -0.029418
v -0.242669 0.981301 -0.038920
v -0.256258 0.991173 -0.029092
v -0.261258 0.980634 -0.013515
v -0.294594 0.969606 -0.020907
v -0.278830 0.957771 -0.009683
v -0.259730 0.970007 -0.009443
v -0.263690 0.989402 -0.020520
v -0.285238 0.989154 -0.027605
v -0.287772 0.963650 -0.013847
v -0.278187 0.977849 -0.012339
v -0.269286 0.963863 -0.007769
v -0.261259 0.980634 -0.013515
v -0.274783 0.990787 -0.023144
v -0.291169 0.980290 -0.023350
v -0.294473 0.970135 -0.057606
v -0.300302 0.957851 -0.039450
v -0.294595 0.969606 -0.020908
v -0.285238 0.989154 -0.027605
v -0.285163 0.989482 -0.050286
v -0.299092 0.963973 -0.049088
v -0.297529 0.977920 -0.039151
v -0.299157 0.963693 -0.029630
v -0.291169 0.980290 -0.023350
v -0.286168 0.990829 -0.038927
v -0.291065 0.980744 -0.054834
v -0.263569 0.989932 -0.057219
v -0.285163 0.989482 -0.050286
v -0.285238 0.989154 -0.027605
v -0.263690 0.989402 -0.020520
v -0.250298 0.989882 -0.038822
v -0.274679 0.991241 -0.054629
v -0.269692 0.995752 -0.038801
v -0.286168 0.990829 -0.038927
v -0.274783 0.990787 -0.023144
v -0.256258 0.991173 -0.029092
v -0.256193 0.991454 -0.048550
v -0.341437 1.147280 -0.003162
v -0.341314 1.147292 0.006266
v -0.342794 1.147306 0.001570
v -0.332403 1.147147 -0.006260
v -0.341379 1.147279 -0.003244
v -0.337357 1.147218 -0.006099
v -0.326715 1.147077 0.001280
v -0.332403 1.147147 -0.006260
v -0.328412 1.147094 -0.003330
v -0.332202 1.147166 0.009127
v -0.326713 1.147077 0.001441
v -0.328289 1.147106 0.006093
v -0.341254 1.147291 0.006347
v -0.332202 1.147166 0.009127
v -0.337158 1.147237 0.009095
v -0.318729 1.265517 0.005824
v -0.318852 1.265505 -0.003604
v -0.320117 1.266016 0.001127
v -0.318798 1.265484 -0.003686
v -0.310410 1.262277 -0.006690
v -0.315041 1.264038 -0.006535
v -0.310410 1.262277 -0.006690
v -0.305085 1.260300 0.000856
v -0.306676 1.260876 -0.003755
v -0.305083 1.260300 0.001018
v -0.310208 1.262296 0.008697
v -0.306553 1.260887 0.005668
v -0.310208 1.262296 0.008697
v -0.318673 1.265496 0.005905
v -0.314842 1.264057 0.008659
v -0.257074 1.368887 0.004890
v -0.257197 1.368875 -0.004539
v -0.258209 1.369808 0.000188
v -0.257153 1.368836 -0.004621
v -0.250369 1.362940 -0.007601
v -0.254118 1.366179 -0.007459
v -0.250369 1.362940 -0.007601
v -0.246039 1.359295 -0.000039
v -0.247338 1.360360 -0.004655
v -0.246037 1.359295 0.000123
v -0.250167 1.362959 0.007786
v -0.247215 1.360371 0.004768
v -0.250167 1.362959 0.007786
v -0.257028 1.368848 0.004970
v -0.253919 1.366198 0.007735
v -0.163785 1.444933 0.003575
v -0.163908 1.444921 -0.005854
v -0.164538 1.446166 -0.001132
v -0.163881 1.444870 -0.005935
v -0.159523 1.436995 -0.008881
v -0.161938 1.441322 -0.008759
v -0.159523 1.436995 -0.008881
v -0.156698 1.432124 -0.001298
v -0.157556 1.433547 -0.005920
v -0.156695 1.432124 -0.001137
v -0.159321 1.437014 0.006506
v -0.157433 1.433559 0.003503
v -0.159321 1.437014 0.006506
v -0.163755 1.444881 0.003656
v -0.161739 1.441341 0.006436
v -0.050115 1.484483 0.002038
v -0.050238 1.484471 -0.007391
v -0.050403 1.485878 -0.002675
v -0.050230 1.484413 -0.007472
v -0.048829 1.475509 -0.010378
v -0.049619 1.480402 -0.010277
v -0.048829 1.475509 -0.010378
v -0.047837 1.470000 -0.002770
v -0.048159 1.471611 -0.007399
v -0.047835 1.470000 -0.002608
v -0.048627 1.475528 0.005009
v -0.048036 1.471622 0.002024
v -0.048627 1.475528 0.005009
v -0.050104 1.484425 0.002119
v -0.049420 1.480421 0.004917
v 0.070227 1.482767 0.000465
v 0.070103 1.482755 -0.008963
v 0.070431 1.484155 -0.004254
v 0.070091 1.482697 -0.009045
v 0.068362 1.473838 -0.011910
v 0.069293 1.478706 -0.011831
v 0.068362 1.473838 -0.011910
v 0.067412 1.468357 -0.004276
v 0.067659 1.469959 -0.008913
v 0.067415 1.468357 -0.004115
v 0.068563 1.473857 0.003478
v 0.067782 1.469971 0.000510
v 0.068563 1.473857 0.003478
v 0.070217 1.482709 0.000546
v 0.069492 1.478725 0.003363
v 0.182725 1.439991 -0.000955
v 0.182601 1.439980 -0.010383
v 0.183390 1.441204 -0.005680
v 0.182570 1.439929 -0.010464
v 0.177914 1.432183 -0.013292
v 0.180454 1.436439 -0.013234
v 0.177914 1.432183 -0.013292
v 0.175150 1.427391 -0.005636
v 0.175928 1.428792 -0.010279
v 0.175152 1.427392 -0.005474
v 0.178115 1.432202 0.002095
v 0.176052 1.428803 -0.000856
v 0.178115 1.432202 0.002095
v 0.182696 1.439941 -0.000873
v 0.180653 1.436458 0.001960
v 0.273810 1.361316 -0.002050
v 0.273687 1.361305 -0.011478
v 0.274848 1.362207 -0.006779
v 0.273640 1.361267 -0.011559
v 0.266614 1.355568 -0.014358
v 0.270457 1.358699 -0.014316
v 0.266614 1.355568 -0.014358
v 0.262381 1.352045 -0.006684
v 0.263590 1.353074 -0.011333
v 0.262383 1.352045 -0.006523
v 0.266816 1.355587 0.001029
v 0.263713 1.353086 -0.001910
v 0.266816 1.355587 0.001029
v 0.273765 1.361279 -0.001968
v 0.270656 1.358718 0.000878
v 0.332496 1.256231 -0.002688
v 0.332373 1.256219 -0.012116
v 0.333775 1.256691 -0.007420
v 0.332316 1.256199 -0.012197
v 0.323764 1.253233 -0.014980
v 0.328446 1.254862 -0.014946
v 0.323764 1.253233 -0.014980
v 0.318584 1.251406 -0.007295
v 0.320070 1.251938 -0.011947
v 0.318587 1.251406 -0.007134
v 0.323965 1.253253 0.000407
v 0.320193 1.251950 -0.002524
v 0.323965 1.253253 0.000407
v 0.332442 1.256211 -0.002606
v 0.328645 1.254881 0.000248
v 0.351706 1.137409 -0.002792
v 0.351582 1.137398 -0.012221
v 0.353062 1.137383 -0.007525
v 0.351522 1.137398 -0.012301
v 0.342470 1.137523 -0.015081
v 0.347427 1.137453 -0.015050
v 0.342470 1.137523 -0.015081
v 0.336981 1.137612 -0.007395
v 0.338557 1.137583 -0.012048
v 0.336983 1.137612 -0.007234
v 0.342672 1.137542 0.000306
v 0.338681 1.137595 -0.002625
v 0.342672 1.137542 0.000306
v 0.351648 1.137410 -0.002710
v 0.347626 1.137471 0.000144
v 0.329121 1.019184 -0.002350
v 0.328997 1.019172 -0.011779
v 0.330385 1.018674 -0.007081
v 0.328941 1.019193 -0.011859
v 0.320477 1.022393 -0.014651
v 0.325110 1.020632 -0.014613
v 0.320477 1.022393 -0.014651
v 0.315351 1.024390 -0.006972
v 0.316821 1.023802 -0.011623
v 0.315354 1.024390 -0.006811
v 0.320678 1.022412 0.000736
v 0.316944 1.023813 -0.002200
v 0.320678 1.022412 0.000736
v 0.329066 1.019205 -0.002268
v 0.325309 1.020651 0.000581
v 0.267465 0.915814 -0.001416
v 0.267342 0.915802 -0.010844
v 0.268477 0.914881 -0.006143
v 0.267296 0.915841 -0.010925
v 0.260436 0.921730 -0.013741
v 0.264188 0.918491 -0.013689
v 0.260436 0.921730 -0.013741
v 0.256305 0.925394 -0.006077
v 0.257484 0.924318 -0.010723
v 0.256307 0.925394 -0.005916
v 0.260637 0.921749 0.001646
v 0.257607 0.924329 -0.001300
v 0.260637 0.921749 0.001646
v 0.267422 0.915853 -0.001334
v 0.264386 0.918510 0.001505
v 0.174177 0.839768 -0.000101
v 0.174053 0.839756 -0.009529
v 0.174807 0.838523 -0.004822
v 0.174023 0.839808 -0.009610
v 0.169590 0.847675 -0.012460
v 0.172007 0.843349 -0.012390
v 0.169590 0.847675 -0.012460
v 0.166964 0.852565 -0.004818
v 0.167701 0.851130 -0.009457
v 0.166966 0.852566 -0.004656
v 0.169791 0.847694 0.002927
v 0.167825 0.851142 -0.000034
v 0.169791 0.847694 0.002927
v 0.174149 0.839820 -0.000019
v 0.172206 0.843367 0.002804
v 0.060506 0.800218 0.001436
v 0.060383 0.800206 -0.007992
v 0.060671 0.798811 -0.003279
v 0.060372 0.800264 -0.008074
v 0.058896 0.809161 -0.010964
v 0.059688 0.804268 -0.010872
v 0.058896 0.809161 -0.010964
v 0.058103 0.814689 -0.003346
v 0.058304 0.813067 -0.007978
v 0.058105 0.814689 -0.003185
v 0.059097 0.809180 0.004423
v 0.058427 0.813078 0.001445
v 0.059097 0.809180 0.004423
v 0.060498 0.800276 0.001517
v 0.059887 0.804287 0.004322
v -0.059835 0.801934 0.003009
v -0.059959 0.801922 -0.006419
v -0.060163 0.800535 -0.001700
v -0.059949 0.801980 -0.006501
v -0.058295 0.810832 -0.009432
v -0.059224 0.805964 -0.009317
v -0.058295 0.810832 -0.009432
v -0.057146 0.816332 -0.001840
v -0.057514 0.814718 -0.006465
v -0.057144 0.816332 -0.001678
v -0.058094 0.810851 0.005955
v -0.057391 0.814730 0.002958
v -0.058094 0.810851 0.005955
v -0.059823 0.801992 0.003090
v -0.059025 0.805983 0.005877
v -0.172333 0.844709 0.004429
v -0.172457 0.844698 -0.005000
v -0.173122 0.843485 -0.000275
v -0.172427 0.844748 -0.005082
v -0.167847 0.852487 -0.008050
v -0.170385 0.848231 -0.007915
v -0.167847 0.852487 -0.008050
v -0.164884 0.857298 -0.000480
v -0.165783 0.855886 -0.005098
v -0.164882 0.857298 -0.000319
v -0.167646 0.852506 0.007337
v -0.165660 0.855897 0.004325
v -0.167646 0.852506 0.007337
v -0.172302 0.844760 0.004509
v -0.170186 0.848250 0.007279
v -0.263418 0.923385 0.005523
v -0.263542 0.923373 -0.003905
v -0.264580 0.922482 0.000825
v -0.263497 0.923410 -0.003987
v -0.256547 0.929103 -0.006983
v -0.260387 0.925971 -0.006833
v -0.256547 0.929103 -0.006983
v -0.252115 0.932644 0.000568
v -0.253445 0.931604 -0.004045
v -0.252113 0.932644 0.000730
v -0.256346 0.929122 0.008404
v -0.253321 0.931615 0.005378
v -0.256346 0.929122 0.008404
v -0.263371 0.923422 0.005604
v -0.260189 0.925990 0.008361
v -0.322105 1.028470 0.006162
v -0.322228 1.028459 -0.003267
v -0.323506 1.027998 0.001466
v -0.322173 1.028478 -0.003349
v -0.313697 1.031437 -0.006362
v -0.318376 1.029808 -0.006202
v -0.313697 1.031437 -0.006362
v -0.308318 1.033283 0.001179
v -0.309925 1.032739 -0.003430
v -0.308316 1.033283 0.001341
v -0.313496 1.031456 0.009025
v -0.309802 1.032751 0.005993
v -0.313496 1.031456 0.009025
v -0.322048 1.028490 0.006242
v -0.318178 1.029827 0.008992
vn -0.1199 -0.9140 -0.3875
vn -0.7675 -0.5714 -0.2906
vn 0.3444 -0.9084 -0.2370
vn 0.3448 -0.9045 0.2512
vn -0.1194 -0.9077 0.4024
vn -0.9235 -0.2710 -0.2714
vn -0.0235 -0.2680 -0.9631
vn 0.9124 -0.2539 -0.3210
vn 0.5909 -0.2482 0.7677
vn -0.5438 -0.2588 0.7983
vn -0.8047 -0.1093 -0.5836
vn 0.3078 -0.1017 -0.9460
vn 0.9962 -0.0875 -0.0000
vn 0.3092 -0.0864 0.9471
vn -0.8038 -0.0999 0.5864
vn -0.4571 0.5517 -0.6976
vn 0.5142 0.5614 -0.6484
vn 0.7675 0.5714 0.2906
vn -0.0473 0.5679 0.8217
vn -0.8041 0.5557 0.2110
vn -0.3444 0.9084 0.2370
vn -0.5765 0.7074 0.4089
vn -0.4561 0.5629 0.6893
vn 0.1199 0.9140 0.3875
vn 0.2115 0.7170 0.6642
vn 0.5152 0.5718 0.6385
vn 0.4066 0.9136 -0.0077
vn 0.6979 0.7162 -0.0063
vn 0.7671 0.5666 -0.3009
vn 0.1194 0.9077 -0.4024
vn 0.2105 0.7062 -0.6760
vn -0.0485 0.5545 -0.8307
vn -0.3448 0.9045 -0.2512
vn -0.5771 0.7007 -0.4195
vn -0.8044 0.5523 -0.2188
vn -0.9124 0.2539 0.3210
vn -0.8014 0.1424 0.5810
vn -0.5898 0.2606 0.7644
vn 0.0235 0.2680 0.9631
vn 0.3050 0.1559 0.9395
vn 0.5450 0.2716 0.7932
vn 0.9235 0.2710 0.2714
vn 0.9879 0.1548 -0.0020
vn 0.9231 0.2666 -0.2770
vn 0.5438 0.2588 -0.7983
vn 0.3037 0.1407 -0.9423
vn 0.0221 0.2524 -0.9674
vn -0.5909 0.2482 -0.7677
vn -0.8022 0.1330 -0.5821
vn -0.9129 0.2487 -0.3237
vn -0.3078 0.1017 0.9460
vn -0.3037 -0.1407 0.9423
vn -0.0221 -0.2524 0.9674
vn 0.8047 0.1093 0.5836
vn 0.8022 -0.1330 0.5821
vn 0.9129 -0.2487 0.3237
vn 0.8038 0.0999 -0.5864
vn 0.8014 -0.1424 -0.5810
vn 0.5898 -0.2606 -0.7644
vn -0.3092 0.0864 -0.9471
vn -0.3050 -0.1559 -0.9395
vn -0.5450 -0.2716 -0.7932
vn -0.9962 0.0875 -0.0000
vn -0.9879 -0.1548 0.0020
vn -0.9231 -0.2666 0.2770
vn -0.5142 -0.5614 0.6484
vn -0.2105 -0.7062 0.6760
vn 0.0485 -0.5545 0.8307
vn 0.4571 -0.5517 0.6976
vn 0.5771 -0.7007 0.4194
vn 0.8044 -0.5523 0.2188
vn 0.8041 -0.5557 -0.2110
vn 0.5765 -0.7074 -0.4089
vn 0.4561 -0.5629 -0.6893
vn -0.7671 -0.5666 0.3009
vn -0.6979 -0.7162 0.0063
vn -0.4066 -0.9136 0.0077
vn 0.0473 -0.5679 -0.8217
vn -0.2115 -0.7170 -0.6642
vn -0.5152 -0.5718 -0.6385
vn -0.1626 -0.8782 -0.4498
vn -0.8200 -0.4838 -0.3058
vn 0.3723 -0.8856 -0.2778
vn 0.3740 -0.8828 0.2842
vn -0.1599 -0.8737 0.4594
vn -0.9394 -0.2072 -0.2731
vn -0.0319 -0.2247 -0.9739
vn 0.9150 -0.2360 -0.3273
vn 0.5927 -0.2256 0.7732
vn -0.5534 -0.2078 0.8066
vn -0.8093 -0.0719 -0.5830
vn 0.3038 -0.0908 -0.9484
vn 0.9953 -0.0968 -0.0025
vn 0.3096 -0.0815 0.9474
vn -0.8057 -0.0661 0.5886
vn -0.4685 0.4984 -0.7294
vn 0.5518 0.4830 -0.6799
vn 0.8200 0.4838 0.3058
vn -0.0344 0.4997 0.8655
vn -0.8308 0.5088 0.2257
vn -0.3723 0.8856 0.2778
vn -0.6067 0.6569 0.4477
vn -0.4641 0.5056 0.7273
vn 0.1626 0.8782 0.4498
vn 0.2482 0.6451 0.7227
vn 0.5558 0.4896 0.6718
vn 0.4915 0.8709 -0.0058
vn 0.7738 0.6334 -0.0055
vn 0.8182 0.4807 -0.3155
vn 0.1598 0.8737 -0.4594
vn 0.2438 0.6379 -0.7305
vn -0.0397 0.4911 -0.8702
vn -0.3740 0.8828 -0.2842
vn -0.6094 0.6524 -0.4504
vn -0.8322 0.5065 -0.2257
vn -0.9150 0.2360 0.3273
vn -0.7992 0.1375 0.5851
vn -0.5880 0.2332 0.7745
vn 0.0319 0.2247 0.9739
vn 0.3114 0.1222 0.9424
vn 0.5582 0.2157 0.8012
vn 0.9394 0.2072 0.2731
vn 0.9943 0.1070 -0.0035
vn 0.9377 0.2045 -0.2808
vn 0.5534 0.2078 -0.8066
vn 0.3057 0.1129 -0.9454
vn 0.0260 0.2151 -0.9763
vn -0.5927 0.2256 -0.7732
vn -0.8027 0.1318 -0.5816
vn -0.9170 0.2328 -0.3240
vn -0.3038 0.0908 0.9484
vn -0.3057 -0.1129 0.9454
vn -0.0260 -0.2151 0.9763
vn 0.8093 0.0719 0.5830
vn 0.8027 -0.1318 0.5816
vn 0.9170 -0.2328 0.3240
vn 0.8057 0.0661 -0.5886
vn 0.7992 -0.1375 -0.5851
vn 0.5880 -0.2332 -0.7745
vn -0.3096 0.0815 -0.9474
vn -0.3114 -0.1222 -0.9424
vn -0.5582 -0.2157 -0.8012
vn -0.9953 0.0968 0.0025
vn -0.9943 -0.1070 0.0035
vn -0.9377 -0.2045 0.2808
vn -0.5518 -0.4830 0.6799
vn -0.2438 -0.6379 0.7305
vn 0.0397 -0.4911 0.8702
vn 0.4685 -0.4984 0.7294
vn 0.6094 -0.6524 0.4504
vn 0.8322 -0.5065 0.2257
vn 0.8308 -0.5088 -0.2257
vn 0.6067 -0.6569 -0.4477
vn 0.4641 -0.5056 -0.7273
vn -0.8182 -0.4807 0.3155
vn -0.7738 -0.6334 0.0055
vn -0.4915 -0.8709 0.0058
vn 0.0344 -0.4997 -0.8655
vn -0.2482 -0.6451 -0.7227
vn -0.5558 -0.4896 -0.6718
vn 0.2131 -0.9534 -0.2135
vn 0.2505 -0.9571 0.1455
vn -0.0794 -0.9531 0.2920
vn -0.3206 -0.9469 0.0236
vn -0.1398 -0.9471 -0.2888
vn -0.6867 -0.6514 -0.3227
vn -0.8896 -0.3551 -0.2871
vn -0.8151 -0.1350 -0.5633
vn -0.5661 -0.2953 -0.7696
vn -0.4867 -0.6145 -0.6209
vn 0.4281 -0.6288 -0.6491
vn 0.0820 -0.6600 -0.7468
vn -0.0089 -0.3636 -0.9315
vn 0.2810 -0.1492 -0.9480
vn 0.5510 -0.3131 -0.7735
vn 0.7374 -0.6412 0.2123
vn 0.7227 -0.6754 -0.1468
vn 0.8759 -0.3832 -0.2930
vn 0.9854 -0.1684 -0.0244
vn 0.8998 -0.3279 0.2879
vn 0.0138 -0.6345 0.7728
vn 0.3500 -0.6764 0.6481
vn 0.5421 -0.3869 0.7460
vn 0.3247 -0.1661 0.9311
vn -0.0018 -0.3192 0.9477
vn -0.9078 -0.2990 0.2941
vn -0.7427 -0.6180 0.2578
vn -0.5211 -0.6615 0.5393
vn -0.5491 -0.3695 0.7496
vn -0.7881 -0.1455 0.5981
vn 0.0329 0.3792 -0.9247
vn -0.2565 0.1652 -0.9523
vn -0.5310 0.3262 -0.7821
vn -0.4113 0.6398 -0.6492
vn -0.0628 0.6725 -0.7374
vn 0.8967 0.3597 -0.2580
vn 0.8294 0.1443 -0.5398
vn 0.5857 0.3081 -0.7497
vn 0.5025 0.6247 -0.5977
vn 0.6946 0.6566 -0.2939
vn 0.5295 0.3566 0.7697
vn 0.7724 0.1352 0.6206
vn 0.8998 0.2938 0.3225
vn 0.7357 0.6134 0.2873
vn 0.5068 0.6522 0.5637
vn -0.5612 0.3743 0.7382
vn -0.3486 0.1504 0.9251
vn -0.0227 0.3031 0.9527
vn -0.0339 0.6214 0.7828
vn -0.3667 0.6654 0.6502
vn -0.8682 0.3883 -0.3090
vn -0.9845 0.1690 -0.0470
vn -0.9070 0.3231 0.2700
vn -0.7428 0.6377 0.2040
vn -0.7188 0.6780 -0.1539
vn 0.1470 0.9518 -0.2691
vn -0.2078 0.9569 -0.2028
vn -0.2544 0.9546 0.1552
vn 0.0716 0.9480 0.3100
vn 0.3196 0.9463 0.0478
vn 0.5750 -0.6543 -0.4911
vn -0.3255 -0.9455 -0.0000
vn -0.5025 -0.8646 -0.0000
vn -0.0000 -1.0000 -0.0000
vn -0.1357 -0.3156 -0.9391
vn -0.0000 -0.6552 -0.7555
vn -0.9287 -0.3709 -0.0000
vn -0.0000 1.0000 -0.0000
vn 0.8986 -0.4352 0.0562
vn 1.0000 -0.0000 -0.0000
vn -0.2615 -0.9518 0.1604
vn 0.5634 -0.8093 -0.1661
vn 0.7652 -0.4122 -0.4945
vn 0.5738 -0.6649 -0.4782
vn 0.1030 -0.8292 0.5494
vn 0.0825 -0.8016 0.5922
vn 0.6983 -0.3786 0.6075
vn 0.5653 -0.6772 0.4711
vn -0.4191 -0.3487 0.8383
vn -0.6496 -0.5836 0.4872
vn -0.8602 0.0907 -0.5018
vn -0.9994 -0.0306 -0.0142
vn -0.9526 0.1057 0.2854
vn -0.9922 -0.0145 0.1240
vn 0.2101 0.1171 -0.9706
vn -0.1707 -0.0810 -0.9820
vn -0.8158 0.0813 -0.5726
vn -0.3418 -0.0644 -0.9375
vn 0.9988 0.0275 -0.0416
vn 0.9737 -0.0808 -0.2130
vn 0.5531 0.0749 -0.8297
vn 0.6379 -0.1184 -0.7610
vn 0.4130 0.0620 0.9086
vn 0.6815 -0.1065 0.7241
vn 0.9685 0.0586 0.2421
vn 0.9155 -0.0862 0.3930
vn -0.7658 0.0798 0.6381
vn -0.5529 -0.0806 0.8293
vn 0.0146 0.0648 0.9978
vn -0.0902 -0.0902 0.9918
vn -0.6595 0.6097 -0.4397
vn -0.6855 0.4300 -0.5876
vn -0.0000 0.8373 -0.5468
vn -0.0000 0.4692 -0.8831
vn 0.7592 0.6508 -0.0000
vn 0.9312 0.3646 -0.0000
vn 0.2783 0.6290 0.7259
vn 0.3011 0.3058 0.9032
vn -0.6143 0.6822 0.3964
vn -0.7755 0.4086 0.4812
vn 0.2589 0.5744 -0.7766
vn -0.3607 0.8285 -0.4283
vn -0.5181 0.8455 0.1295
vn -0.0000 0.9855 -0.1696
vn -0.7076 0.6833 0.1801
vn 0.2680 0.6646 -0.6975
vn -0.0000 0.9988 0.0499
vn -0.2290 0.7872 0.5725
vn -0.0000 0.8182 0.5749
vn 0.5280 -0.6652 -0.5280
vn 0.7526 -0.6585 -0.0000
vn 0.5348 -0.7437 0.4011
vn -0.7071 -0.7071 -0.0000
vn -0.9728 -0.2318 -0.0000
vn -0.7870 0.1798 -0.5902
vn -0.3090 -0.2124 -0.9270
vn 0.4411 0.1654 -0.8821
vn 0.8457 -0.2265 -0.4832
vn 0.6920 -0.2054 0.6920
vn -0.0000 0.1510 0.9885
vn -0.3681 -0.1323 0.9203
vn -0.8317 0.1949 0.5198
vn 0.8249 0.3867 -0.4124
vn -0.3078 0.8395 -0.4477
vn -0.0000 0.7837 0.6211
vn 0.2261 -0.9528 -0.2028
vn 0.2675 -0.9509 0.1558
vn -0.0606 -0.9501 0.3060
vn -0.3049 -0.9515 0.0403
vn -0.1278 -0.9532 -0.2741
vn -0.6797 -0.6667 -0.3058
vn -0.8870 -0.3732 -0.2719
vn -0.8192 -0.1558 -0.5519
vn -0.5700 -0.3150 -0.7589
vn -0.4838 -0.6307 -0.6067
vn 0.4307 -0.6309 -0.6453
vn 0.0841 -0.6690 -0.7385
vn -0.0136 -0.3766 -0.9263
vn 0.2726 -0.1579 -0.9491
vn 0.5472 -0.3150 -0.7755
vn 0.7500 -0.6263 0.2125
vn 0.7318 -0.6658 -0.1458
vn 0.8786 -0.3732 -0.2979
vn 0.9877 -0.1530 -0.0335
vn 0.9082 -0.3094 0.2819
vn 0.0329 -0.6234 0.7812
vn 0.3682 -0.6616 0.6533
vn 0.5567 -0.3677 0.7449
vn 0.3379 -0.1479 0.9295
vn 0.0141 -0.3059 0.9520
vn -0.8994 -0.3094 0.3087
vn -0.7297 -0.6261 0.2749
vn -0.5042 -0.6622 0.5544
vn -0.5345 -0.3677 0.7610
vn -0.7788 -0.1497 0.6091
vn 0.0162 0.3668 -0.9302
vn -0.2699 0.1478 -0.9515
vn -0.5450 0.3068 -0.7803
vn -0.4289 0.6240 -0.6532
vn -0.0821 0.6611 -0.7458
vn 0.8878 0.3703 -0.2733
vn 0.8207 0.1500 -0.5513
vn 0.5721 0.3070 -0.7606
vn 0.4855 0.6243 -0.6120
vn 0.6806 0.6635 -0.3109
vn 0.5324 0.3758 0.7585
vn 0.7771 0.1561 0.6097
vn 0.8986 0.3126 0.3079
vn 0.7289 0.6290 0.2703
vn 0.5026 0.6680 0.5488
vn -0.5588 0.3756 0.7394
vn -0.3405 0.1577 0.9269
vn -0.0168 0.3160 0.9486
vn -0.0350 0.6316 0.7745
vn -0.3700 0.6684 0.6452
vn -0.8778 0.3700 -0.3042
vn -0.9876 0.1526 -0.0379
vn -0.9090 0.3123 0.2761
vn -0.7506 0.6285 0.2038
vn -0.7313 0.6642 -0.1549
vn 0.1286 0.9502 -0.2838
vn -0.2255 0.9506 -0.2135
vn -0.2680 0.9525 0.1449
vn 0.0598 0.9533 0.2961
vn 0.3048 0.9519 0.0311
vn -0.0225 -0.8781 -0.4779
vn -0.1741 -0.6289 -0.7577
vn -0.7031 -0.6879 0.1800
vn -0.6101 -0.5670 -0.5534
vn -0.2351 -0.4095 -0.8815
vn -0.0000 -0.6870 -0.7267
vn -0.9231 -0.3846 -0.0000
vn -0.5665 -0.3132 0.7622
vn 0.5615 -0.8159 0.1383
vn 0.7527 -0.6498 -0.1058
vn 0.7415 -0.3754 -0.5561
vn 0.6810 -0.5959 -0.4256
vn 0.2189 -0.8147 0.5370
vn 0.3935 -0.8660 0.3085
vn 0.7000 -0.3632 0.6149
vn 0.5674 -0.6383 0.5201
vn -0.1827 -0.3792 0.9071
vn -0.5507 -0.5593 0.6196
vn -0.8702 0.0939 -0.4837
vn -0.9631 -0.1101 -0.2455
vn -0.8906 0.0928 0.4453
vn -0.9791 -0.0880 0.1836
vn 0.2576 0.0659 -0.9640
vn -0.2663 -0.1040 -0.9583
vn -0.6995 0.0741 -0.7108
vn -0.4614 -0.0721 -0.8843
vn -0.0000 0.6402 -0.7682
vn 0.8796 -0.0893 -0.4673
vn 0.5522 0.0949 -0.8283
vn 0.6620 -0.0972 -0.7431
vn 0.4783 0.0740 0.8751
vn 0.8380 -0.0698 0.5412
vn -0.0000 0.5105 0.8599
vn 0.8911 -0.1080 0.4408
vn -0.8128 0.0703 0.5783
vn -0.4582 -0.0741 0.8857
vn 0.0983 0.0534 0.9937
vn -0.1024 -0.0957 0.9901
vn -0.6518 0.6149 -0.4439
vn -0.7577 0.3619 -0.5430
vn 0.2740 0.6159 -0.7387
vn 0.2845 0.3951 -0.8735
vn 0.7657 0.6432 -0.0000
vn 0.9230 0.3848 -0.0000
vn 0.1122 0.6363 0.7632
vn 0.3427 0.3855 0.8567
vn -0.6951 0.5937 0.4055
vn -0.7428 0.3714 0.5571
vn 0.1417 0.8262 -0.5452
vn -0.4228 0.8505 -0.3127
vn -0.7698 0.6300 0.1022
vn -0.2206 0.9606 -0.1690
vn 0.8821 0.4629 0.0879
vn -0.0000 0.9829 -0.1843
vn -0.0000 0.9905 0.1376
vn 0.0267 0.8705 0.4915
vn -0.0504 0.9987 -0.0000
vn 0.5315 -0.7474 -0.3986
vn -0.0000 -0.4903 -0.8716
vn 0.6171 -0.7521 0.2314
vn 0.8944 -0.4472 -0.0000
vn -0.9929 -0.1189 -0.0000
vn -0.5683 0.2575 -0.7815
vn -0.3302 -0.2580 -0.9080
vn 0.3077 0.2308 -0.9231
vn 0.8194 -0.1985 -0.5377
vn 0.7470 -0.2334 0.6225
vn 0.3999 0.1749 0.8997
vn -0.2141 -0.1606 0.9635
vn -0.8338 0.1824 0.5211
vn 0.2172 0.9122 -0.3475
vn -0.5910 0.7757 0.2216
vn 0.2370 -0.9525 -0.1913
vn 0.2773 -0.9461 0.1674
vn -0.0513 -0.9472 0.3165
vn -0.2947 -0.9543 0.0501
vn -0.1165 -0.9575 -0.2637
vn -0.6714 -0.6775 -0.3004
vn -0.8820 -0.3859 -0.2705
vn -0.8156 -0.1709 -0.5528
vn -0.5640 -0.3297 -0.7571
vn -0.4749 -0.6428 -0.6011
vn 0.4397 -0.6334 -0.6368
vn 0.0938 -0.6763 -0.7306
vn -0.0065 -0.3872 -0.9220
vn 0.2774 -0.1656 -0.9464
vn 0.5532 -0.3178 -0.7701
vn 0.7561 -0.6157 0.2220
vn 0.7394 -0.6594 -0.1359
vn 0.8836 -0.3670 -0.2908
vn 0.9894 -0.1426 -0.0286
vn 0.9106 -0.2963 0.2883
vn 0.0370 -0.6141 0.7883
vn 0.3732 -0.6501 0.6619
vn 0.5582 -0.3532 0.7508
vn 0.3364 -0.1337 0.9322
vn 0.0143 -0.2950 0.9554
vn -0.8970 -0.3156 0.3093
vn -0.7237 -0.6309 0.2796
vn -0.4988 -0.6613 0.5603
vn -0.5330 -0.3649 0.7633
vn -0.7792 -0.1513 0.6083
vn 0.0153 0.3564 -0.9342
vn -0.2683 0.1341 -0.9539
vn -0.5457 0.2920 -0.7854
vn -0.4335 0.6119 -0.6615
vn -0.0867 0.6517 -0.7535
vn 0.8846 0.3769 -0.2747
vn 0.8209 0.1527 -0.5503
vn 0.5712 0.3046 -0.7622
vn 0.4807 0.6226 -0.6175
vn 0.6744 0.6673 -0.3162
vn 0.5258 0.3901 0.7559
vn 0.7734 0.1714 0.6103
vn 0.8941 0.3259 0.3073
vn 0.7211 0.6399 0.2655
vn 0.4935 0.6796 0.5428
vn -0.5653 0.3778 0.7333
vn -0.3452 0.1645 0.9240
vn -0.0234 0.3264 0.9449
vn -0.0444 0.6399 0.7672
vn -0.3794 0.6716 0.6364
vn -0.8807 0.3570 -0.3112
vn -0.9890 0.1414 -0.0428
vn -0.9132 0.3055 0.2696
vn -0.7581 0.6226 0.1942
vn -0.7380 0.6544 -0.1647
vn 0.1192 0.9483 -0.2942
vn -0.2351 0.9456 -0.2249
vn -0.2788 0.9511 0.1333
vn 0.0485 0.9572 0.2855
vn 0.2944 0.9554 0.0213
vn -0.1473 -0.9887 0.0275
vn -0.0000 -0.9992 -0.0405
vn 0.9256 -0.3756 0.0476
vn -0.4283 -0.8983 -0.0983
vn -0.2223 -0.3995 -0.8894
vn -0.0000 -0.6495 -0.7604
vn -0.9152 -0.4031 -0.0000
vn -0.8160 -0.3825 0.4335
vn -0.0000 -0.9785 0.2060
vn 0.7512 -0.6485 -0.1232
vn 0.7408 -0.3774 -0.5556
vn 0.5946 -0.6690 -0.4460
vn -0.0000 -0.6163 0.7875
vn 0.6324 -0.6720 0.3854
vn 0.7587 -0.3750 0.5327
vn 0.6853 -0.5890 0.4283
vn -0.2363 -0.3987 0.8861
vn -0.0000 -0.6464 0.7630
vn -0.8996 0.0703 -0.4311
vn -0.9662 -0.0906 -0.2415
vn -0.8453 0.0792 0.5283
vn -0.9551 -0.1219 0.2700
vn -0.0000 0.0774 -0.9970
vn -0.2053 -0.0834 -0.9751
vn -0.7530 0.0648 -0.6548
vn -0.5523 -0.0921 -0.8285
vn 0.9970 0.0779 -0.0000
vn 0.9020 -0.0796 -0.4243
vn 0.5446 0.0545 -0.8369
vn 0.5028 -0.1020 -0.8583
vn 0.4393 0.0833 0.8945
vn 0.5182 -0.0788 0.8516
vn 0.9844 0.0694 0.1616
vn 0.9011 -0.0667 0.4284
vn -0.4557 0.1139 0.8828
vn -0.4056 -0.0507 0.9126
vn 0.1956 0.0733 0.9779
vn -0.1315 -0.0986 0.9864
vn -0.6122 0.6375 -0.4677
vn -0.7273 0.3739 -0.5755
vn -0.0000 0.5223 -0.8528
vn 0.5605 0.3032 -0.7707
vn 0.7369 0.6761 -0.0000
vn 0.9185 0.3954 -0.0000
vn 0.3102 0.6601 0.6842
vn -0.0000 0.3964 0.9181
vn -0.5719 0.6883 0.4463
vn -0.7379 0.3863 0.5534
vn 0.1016 0.8253 -0.5555
vn -0.0320 0.9476 -0.3178
vn -0.0000 0.9824 0.1865
vn -0.0000 0.9849 -0.1729
vn 0.8099 0.5866 -0.0000
vn 0.9701 0.2425 -0.0000
vn 0.7562 0.6544 -0.0000
vn -0.3777 0.8169 0.4359
vn 0.1235 0.6343 0.7631
vn 0.5415 -0.7361 -0.4061
vn 0.6854 -0.7282 -0.0000
vn 0.5587 -0.7158 0.4190
vn -0.7663 -0.2873 0.5747
vn -0.9892 -0.1468 -0.0000
vn -0.8251 0.1612 -0.5415
vn -0.0000 -0.2614 -0.9652
vn 0.5794 0.1720 -0.7967
vn 0.6878 -0.2321 -0.6878
vn 0.8159 -0.1402 0.5609
vn 0.4364 0.2182 0.8729
vn -0.3249 -0.2294 0.9175
vn -0.7037 0.2639 0.6597
vn -0.5776 0.7762 -0.2527
vn 0.7428 0.3714 0.5571
vn -0.8231 0.5466 0.1543
vn 0.2246 -0.9553 -0.1924
vn 0.2609 -0.9509 0.1666
vn -0.0694 -0.9475 0.3121
vn -0.3098 -0.9498 0.0429
vn -0.1281 -0.9546 -0.2689
vn -0.6783 -0.6659 -0.3106
vn -0.8847 -0.3713 -0.2819
vn -0.8119 -0.1563 -0.5626
vn -0.5604 -0.3181 -0.7647
vn -0.4778 -0.6331 -0.6090
vn 0.4371 -0.6376 -0.6343
vn 0.0917 -0.6748 -0.7323
vn -0.0020 -0.3834 -0.9236
vn 0.2855 -0.1662 -0.9439
vn 0.5569 -0.3232 -0.7651
vn 0.7440 -0.6281 0.2279
vn 0.7307 -0.6701 -0.1303
vn 0.8811 -0.3794 -0.2824
vn 0.9873 -0.1576 -0.0181
vn 0.9026 -0.3113 0.2973
vn 0.0187 -0.6177 0.7862
vn 0.3557 -0.6583 0.6634
vn 0.5442 -0.3646 0.7556
vn 0.3237 -0.1425 0.9354
vn -0.0010 -0.2989 0.9543
vn -0.9052 -0.3030 0.2980
vn -0.7364 -0.6208 0.2690
vn -0.5151 -0.6557 0.5520
vn -0.5471 -0.3596 0.7558
vn -0.7882 -0.1417 0.5989
vn 0.0313 0.3598 -0.9325
vn -0.2555 0.1419 -0.9563
vn -0.5323 0.3034 -0.7903
vn -0.4166 0.6210 -0.6639
vn -0.0683 0.6559 -0.7518
vn 0.8933 0.3643 -0.2632
vn 0.8293 0.1422 -0.5404
vn 0.5844 0.2987 -0.7545
vn 0.4971 0.6175 -0.6095
vn 0.6880 0.6581 -0.3059
vn 0.5232 0.3790 0.7633
vn 0.7690 0.1572 0.6197
vn 0.8955 0.3109 0.3186
vn 0.7278 0.6277 0.2762
vn 0.4977 0.6698 0.5510
vn -0.5676 0.3836 0.7285
vn -0.3531 0.1662 0.9207
vn -0.0290 0.3231 0.9459
vn -0.0433 0.6375 0.7692
vn -0.3762 0.6749 0.6348
vn -0.8716 0.3717 -0.3196
vn -0.9862 0.1567 -0.0533
vn -0.9114 0.3185 0.2606
vn -0.7506 0.6334 0.1882
vn -0.7260 0.6663 -0.1704
vn 0.1370 0.9475 -0.2890
vn -0.2180 0.9499 -0.2237
vn -0.2657 0.9547 0.1340
vn 0.0599 0.9552 0.2899
vn 0.3087 0.9507 0.0285
vn 0.2790 -0.8655 -0.4159
vn -0.3602 -0.9270 -0.1045
vn 0.5699 -0.5102 -0.6441
vn 0.4918 -0.8690 -0.0552
vn -0.1255 -0.4677 -0.8750
vn -0.7746 -0.5307 -0.3440
vn -0.9226 -0.3858 -0.0000
vn 0.9034 -0.4289 -0.0000
vn 0.4757 -0.8613 0.1784
vn 0.8518 -0.5163 -0.0887
vn 0.7206 -0.3853 -0.5765
vn 0.7659 -0.5896 -0.2564
vn 0.3484 -0.8057 0.4791
vn 0.7866 -0.3982 0.4719
vn 0.6788 -0.5993 0.4243
vn -0.0991 -0.4545 0.8852
vn -0.4362 -0.4091 0.8015
vn -0.9361 0.0962 -0.3384
vn 0.5326 -0.5081 -0.6768
vn -0.8383 0.2051 0.5051
vn -0.5475 -0.5116 0.6622
vn -0.0000 0.0624 -0.9981
vn -0.1101 -0.0791 -0.9908
vn -0.7663 0.0711 -0.6386
vn -0.4072 -0.1232 -0.9050
vn 0.9797 0.0150 -0.2001
vn 0.9247 -0.1571 -0.3468
vn 0.1960 0.0367 -0.9799
vn 0.4894 -0.1639 -0.8565
vn 0.4243 0.0767 0.9023
vn 0.7358 -0.0613 0.6745
vn 0.8766 0.1986 0.4383
vn 0.8908 -0.0905 0.4454
vn -0.7678 0.0320 0.6399
vn -0.4372 -0.0218 0.8991
vn 0.1632 0.1224 0.9790
vn -0.1103 -0.0551 0.9924
vn -0.6322 0.5680 -0.5269
vn -0.7503 0.3895 -0.5342
vn -0.0145 0.7589 -0.6510
vn 0.0817 0.3960 -0.9146
vn 0.7771 0.6293 -0.0000
vn 0.9231 0.3845 -0.0000
vn 0.2214 0.6923 0.6868
vn 0.3387 0.4102 0.8468
vn -0.6894 0.6274 0.3622
vn -0.7724 0.3760 0.5118
vn -0.4325 0.8543 -0.2883
vn -0.8522 0.5171 0.0799
vn -0.6229 0.7619 -0.1774
vn -0.7041 0.7101 -0.0000
vn 0.4641 0.8828 0.0723
vn -0.2548 0.9235 0.2866
vn 0.3231 0.7874 0.5250
vn 0.9035 -0.4270 -0.0376
vn 0.5663 -0.7964 0.2124
vn -0.6038 0.2562 -0.7548
vn -0.3079 -0.2285 -0.9236
vn 0.1945 0.1276 -0.9726
vn 0.7485 -0.2251 -0.6237
vn 0.9736 0.2282 -0.0000
vn 0.6940 -0.1916 0.6940
vn -0.0000 0.2425 0.9701
vn -0.3073 -0.1064 0.9456
vn -0.8427 0.1119 0.5267
vn -0.9078 0.4193 -0.0000
vn -0.6260 0.7529 -0.2030
vn -0.0000 0.6839 0.7295
vn -0.8140 0.5787 0.0509
vn 0.2409 -0.9447 -0.2225
vn 0.2806 -0.9501 0.1362
vn -0.0483 -0.9574 0.2847
vn -0.2912 -0.9565 0.0178
vn -0.1125 -0.9486 -0.2957
vn -0.6684 -0.6696 -0.3238
vn -0.8802 -0.3799 -0.2846
vn -0.8142 -0.1555 -0.5594
vn -0.5617 -0.3064 -0.7685
vn -0.4716 -0.6241 -0.6229
vn 0.4430 -0.6102 -0.6568
vn 0.0974 -0.6512 -0.7526
vn -0.0037 -0.3563 -0.9344
vn 0.2794 -0.1329 -0.9509
vn 0.5555 -0.2899 -0.7794
vn 0.7580 -0.6200 0.2025
vn 0.7421 -0.6518 -0.1566
vn 0.8854 -0.3538 -0.3015
vn 0.9899 -0.1379 -0.0318
vn 0.9112 -0.3024 0.2797
vn 0.0382 -0.6399 0.7675
vn 0.3746 -0.6704 0.6405
vn 0.5584 -0.3760 0.7395
vn 0.3355 -0.1635 0.9277
vn 0.0140 -0.3266 0.9451
vn -0.8963 -0.3291 0.2972
vn -0.7218 -0.6425 0.2573
vn -0.4971 -0.6814 0.5371
vn -0.5328 -0.3921 0.7499
vn -0.7795 -0.1743 0.6017
vn 0.0154 0.3874 -0.9218
vn -0.2674 0.1648 -0.9494
vn -0.5457 0.3160 -0.7761
vn -0.4348 0.6320 -0.6415
vn -0.0881 0.6761 -0.7315
vn 0.8836 0.3890 -0.2606
vn 0.8211 0.1740 -0.5436
vn 0.5712 0.3319 -0.7507
vn 0.4793 0.6446 -0.5957
vn 0.6723 0.6799 -0.2927
vn 0.5232 0.3666 0.7693
vn 0.7718 0.1539 0.6169
vn 0.8924 0.3187 0.3194
vn 0.7184 0.6333 0.2878
vn 0.4902 0.6629 0.5659
vn -0.5677 0.3511 0.7446
vn -0.3472 0.1323 0.9284
vn -0.0259 0.2947 0.9552
vn -0.0480 0.6138 0.7880
vn -0.3828 0.6486 0.6578
vn -0.8816 0.3639 -0.3006
vn -0.9895 0.1391 -0.0396
vn -0.9147 0.2930 0.2782
vn -0.7607 0.6130 0.2137
vn -0.7402 0.6568 -0.1440
vn 0.1160 0.9580 -0.2622
vn -0.2383 0.9517 -0.1937
vn -0.2825 0.9451 0.1645
vn 0.0445 0.9473 0.3173
vn 0.2908 0.9553 0.0536
vn 0.2283 -0.7989 -0.5564
vn 0.1862 -0.7916 -0.5820
vn -0.3380 -0.9411 -0.0000
vn -0.2521 -0.3978 -0.8822
vn -0.1849 -0.5796 -0.7936
vn -0.9174 -0.3979 -0.0000
vn -0.0000 -0.8812 0.4728
vn 0.5152 -0.8473 0.1288
vn 0.7339 -0.6651 -0.1376
vn 0.7333 -0.3437 -0.5866
vn 0.6853 -0.5890 -0.4283
vn 0.3390 -0.7627 0.5508
vn 0.3556 -0.8222 0.4444
vn 0.7625 -0.4119 0.4990
vn 0.5455 -0.6364 0.5455
vn -0.2853 -0.3673 0.8853
vn -0.0000 -0.6321 0.7749
vn -0.9098 0.0891 -0.4053
vn -0.9905 -0.0593 -0.1238
vn -0.9072 0.0638 0.4158
vn -0.9740 -0.1479 0.1714
vn 0.1164 0.0873 -0.9894
vn -0.1127 -0.0657 -0.9915
vn -0.5503 0.1261 -0.8254
vn -0.4205 -0.1577 -0.8935
vn 0.9669 0.1339 -0.2172
vn 0.9256 -0.0520 -0.3750
vn 0.4688 0.0879 -0.8789
vn 0.7346 -0.0402 -0.6773
vn 0.5986 0.0686 0.7981
vn 0.5531 -0.0749 0.8297
vn 0.9944 0.0695 0.0793
vn 0.9122 -0.0926 0.3991
vn -0.7215 0.0792 0.6879
vn -0.4518 -0.0753 0.8889
vn 0.1166 0.0656 0.9910
vn -0.1834 -0.0993 0.9780
vn -0.5240 0.6714 -0.5240
vn -0.7379 0.3863 -0.5534
vn 0.2453 0.6946 -0.6763
vn 0.2433 0.4111 -0.8786
vn 0.7642 0.6450 -0.0000
vn 0.9147 0.4042 -0.0000
vn 0.2448 0.6361 0.7317
vn 0.2451 0.3255 0.9132
vn -0.5269 0.6669 0.5269
vn -0.7464 0.3468 0.5681
vn -0.3658 0.8231 -0.4344
vn -0.5602 0.8097 0.1751
vn -0.4761 0.8667 -0.1488
vn -0.7706 0.5372 -0.3430
vn -0.0000 0.6139 -0.7894
vn -0.8794 0.2921 0.3759
vn -0.5686 0.7222 0.3939
vn -0.0000 -0.7619 -0.6476
vn -0.0000 -0.9138 -0.4061
vn 0.5657 -0.7071 0.4243
vn -0.0000 -0.8087 0.5882
vn -0.9516 -0.3073 -0.0000
vn -0.7761 0.2425 -0.5821
vn -0.3102 -0.1939 -0.9307
vn 0.2671 0.2337 -0.9349
vn 0.7925 -0.1362 -0.5944
vn 0.9932 0.1164 -0.0000
vn 0.7477 -0.2298 0.6231
vn 0.2704 0.1774 0.9463
vn -0.3144 -0.2068 0.9265
vn -0.8317 0.1559 0.5328
vn -0.6816 0.6816 -0.2660
vn -0.0000 0.8756 0.4831
vn -0.5993 0.6625 0.4495
vn 0.2223 -0.9528 -0.2068
vn 0.2682 -0.9514 0.1512
vn -0.0580 -0.9504 0.3055
vn -0.3056 -0.9512 0.0428
vn -0.1324 -0.9526 -0.2738
vn -0.6843 -0.6655 -0.2982
vn -0.8908 -0.3717 -0.2614
vn -0.8262 -0.1541 -0.5419
vn -0.5797 -0.3133 -0.7522
vn -0.4921 -0.6293 -0.6015
vn 0.4219 -0.6306 -0.6514
vn 0.0741 -0.6681 -0.7404
vn -0.0256 -0.3754 -0.9265
vn 0.2606 -0.1569 -0.9526
vn 0.5371 -0.3147 -0.7826
vn 0.7518 -0.6276 0.2024
vn 0.7290 -0.6665 -0.1558
vn 0.8744 -0.3739 -0.3092
vn 0.9870 -0.1542 -0.0460
vn 0.9112 -0.3109 0.2702
vn 0.0417 -0.6245 0.7799
vn 0.3754 -0.6629 0.6478
vn 0.5654 -0.3694 0.7375
vn 0.3492 -0.1496 0.9250
vn 0.0255 -0.3072 0.9513
vn -0.8959 -0.3087 0.3194
vn -0.7270 -0.6255 0.2831
vn -0.4981 -0.6623 0.5597
vn -0.5255 -0.3681 0.7670
vn -0.7714 -0.1495 0.6185
vn 0.0052 0.3680 -0.9298
vn -0.2815 0.1494 -0.9479
vn -0.5543 0.3085 -0.7731
vn -0.4362 0.6254 -0.6470
vn -0.0904 0.6622 -0.7438
vn 0.8848 0.3696 -0.2838
vn 0.8140 0.1497 -0.5612
vn 0.5630 0.3073 -0.7672
vn 0.4786 0.6245 -0.6172
vn 0.6775 0.6630 -0.3184
vn 0.5423 0.3741 0.7523
vn 0.7848 0.1543 0.6002
vn 0.9027 0.3111 0.2972
vn 0.7330 0.6277 0.2621
vn 0.5102 0.6666 0.5434
vn -0.5491 0.3753 0.7468
vn -0.3287 0.1569 0.9313
vn -0.0046 0.3147 0.9492
vn -0.0246 0.6306 0.7757
vn -0.3611 0.6680 0.6506
vn -0.8810 0.3716 -0.2929
vn -0.9878 0.1539 -0.0254
vn -0.9051 0.3131 0.2877
vn -0.7472 0.6292 0.2139
vn -0.7324 0.6653 -0.1449
vn 0.1262 0.9504 -0.2842
vn -0.2269 0.9511 -0.2094
vn -0.2649 0.9526 0.1495
vn 0.0647 0.9528 0.2966
vn 0.3064 0.9515 0.0286
vn 0.3338 -0.7510 -0.5698
vn -0.2966 -0.7882 -0.5392
vn -0.4423 -0.8909 0.1034
vn -0.0000 -0.9949 -0.1010
vn -0.3345 -0.3763 -0.8640
vn 0.3283 -0.6445 -0.6905
vn -0.9306 -0.3659 -0.0000
vn -0.0899 -0.9901 0.1082
vn 0.5018 -0.8527 0.1451
vn 0.7503 -0.6469 -0.1363
vn 0.7505 -0.3752 -0.5441
vn 0.6375 -0.6375 -0.4326
vn -0.0000 -0.9991 0.0429
vn 0.1552 -0.9364 0.3146
vn 0.7086 -0.3937 0.5856
vn 0.6500 -0.6273 0.4290
vn -0.3857 -0.3649 0.8474
vn -0.3352 -0.6285 0.7018
vn -0.9348 0.0638 -0.3495
vn -0.9759 -0.0915 -0.1982
vn -0.8828 0.0891 0.4612
vn -0.9858 -0.0667 0.1540
vn 0.1011 0.0253 -0.9946
vn -0.1340 -0.1005 -0.9859
vn -0.5563 0.1159 -0.8229
vn -0.4734 -0.0947 -0.8758
vn 0.9877 0.0540 -0.1466
vn 0.9205 -0.0863 -0.3811
vn 0.4921 0.0738 -0.8674
vn 0.7891 -0.0789 -0.6091
vn 0.5295 0.0787 0.8447
vn 0.7396 -0.0839 0.6678
vn 0.9611 0.1051 0.2553
vn 0.8855 -0.0940 0.4551
vn -0.6372 0.0878 0.7657
vn -0.4315 -0.0863 0.8980
vn 0.0582 0.0873 0.9945
vn -0.1158 -0.0724 0.9906
vn -0.6139 0.6570 -0.4376
vn -0.7711 0.3826 -0.5089
vn 0.4571 0.5879 -0.6674
vn 0.2803 0.3878 -0.8781
vn 0.8127 0.5827 -0.0000
vn 0.9142 0.4047 -0.0217
vn -0.0000 0.6783 0.7348
vn 0.1789 0.3970 0.9002
vn -0.5793 0.6673 0.4680
vn -0.7443 0.3838 0.5466
vn -0.2398 0.8095 -0.5360
vn -0.3498 0.8307 -0.4331
vn -0.5031 0.8489 0.1621
vn -0.4956 0.8564 -0.1445
vn 0.9732 0.1886 -0.1314
vn 0.9392 0.2348 -0.2504
vn 0.7571 0.6501 0.0643
vn -0.4899 0.7674 0.4137
vn -0.1749 0.8307 0.5286
vn 0.5417 -0.7109 -0.4486
vn -0.6131 -0.6131 -0.4982
vn 0.3365 -0.9043 0.2629
vn -0.9697 -0.2424 0.0303
vn -0.7834 0.2448 -0.5712
vn -0.1676 -0.2305 -0.9585
vn 0.2196 0.2196 -0.9505
vn 0.7680 -0.2240 -0.6000
vn 0.9589 0.2772 -0.0599
vn 0.7521 -0.2037 0.6268
vn 0.3796 0.1898 0.9055
vn -0.3793 -0.1739 0.9088
vn -0.8214 0.1668 0.5454
vn -0.0000 0.7972 -0.6037
vn -0.3420 0.8977 -0.2779
vn 0.6854 0.7282 -0.0000
vn -0.3295 0.8545 0.4015
vn 0.2418 -0.9448 -0.2210
vn 0.2826 -0.9493 0.1376
vn -0.0458 -0.9568 0.2871
vn -0.2896 -0.9569 0.0209
vn -0.1118 -0.9495 -0.2931
vn -0.6683 -0.6714 -0.3203
vn -0.8804 -0.3820 -0.2811
vn -0.8156 -0.1581 -0.5566
vn -0.5634 -0.3091 -0.7662
vn -0.4724 -0.6264 -0.6201
vn 0.4421 -0.6110 -0.6567
vn 0.0963 -0.6528 -0.7514
vn -0.0059 -0.3585 -0.9335
vn 0.2768 -0.1347 -0.9514
vn 0.5536 -0.2908 -0.7803
vn 0.7597 -0.6182 0.2018
vn 0.7427 -0.6509 -0.1573
vn 0.8851 -0.3531 -0.3033
vn 0.9901 -0.1363 -0.0344
vn 0.9126 -0.3002 0.2777
vn 0.0415 -0.6380 0.7689
vn 0.3776 -0.6683 0.6409
vn 0.5612 -0.3733 0.7387
vn 0.3385 -0.1607 0.9271
vn 0.0173 -0.3243 0.9458
vn -0.8949 -0.3299 0.3006
vn -0.7200 -0.6431 0.2610
vn -0.4944 -0.6810 0.5402
vn -0.5299 -0.3912 0.7524
vn -0.7774 -0.1742 0.6044
vn 0.0120 0.3853 -0.9227
vn -0.2705 0.1621 -0.9490
vn -0.5485 0.3133 -0.7753
vn -0.4378 0.6298 -0.6417
vn -0.0914 0.6743 -0.7328
vn 0.8822 0.3899 -0.2641
vn 0.8192 0.1740 -0.5465
vn 0.5684 0.3311 -0.7532
vn 0.4764 0.6440 -0.5986
vn 0.6703 0.6803 -0.2963
vn 0.5249 0.3693 0.7669
vn 0.7734 0.1566 0.6143
vn 0.8928 0.3210 0.3160
vn 0.7182 0.6352 0.2842
vn 0.4907 0.6651 0.5629
vn -0.5661 0.3519 0.7455
vn -0.3447 0.1339 0.9291
vn -0.0236 0.2969 0.9546
vn -0.0466 0.6156 0.7867
vn -0.3819 0.6496 0.6574
vn -0.8831 0.3618 -0.2988
vn -0.9898 0.1374 -0.0370
vn -0.9144 0.2922 0.2802
vn -0.7610 0.6122 0.2145
vn -0.7417 0.6552 -0.1434
vn 0.1137 0.9576 -0.2648
vn -0.2404 0.9508 -0.1952
vn -0.2836 0.9450 0.1631
vn 0.0438 0.9481 0.3149
vn 0.2894 0.9559 0.0505
vn 0.4499 -0.7873 -0.4217
vn 0.3509 -0.5483 -0.7591
vn -0.0045 -0.9933 0.1155
vn -0.4869 -0.5949 -0.6395
vn -0.3253 -0.3762 -0.8676
vn -0.6013 -0.5262 -0.6013
vn -0.9137 -0.4063 -0.0000
vn -0.0000 -0.8824 0.4706
vn 0.2893 -0.9449 0.1532
vn 0.5139 -0.8388 -0.1799
vn 0.7595 -0.3750 -0.5316
vn 0.5359 -0.7252 -0.4323
vn -0.0000 -0.8170 0.5767
vn 0.2431 -0.8646 0.4398
vn 0.7256 -0.3696 0.5805
vn 0.5944 -0.6997 0.3963
vn -0.3486 -0.3771 0.8581
vn -0.3085 -0.5899 0.7463
vn -0.7725 0.0966 -0.6276
vn -0.9846 -0.0603 -0.1641
vn -0.8924 0.0674 0.4462
vn -0.9407 -0.1690 0.2940
vn 0.1298 0.1383 -0.9818
vn -0.1104 -0.0276 -0.9935
vn -0.7109 0.0852 -0.6981
vn 0.9801 0.0832 -0.1801
vn 0.9340 -0.0580 -0.3526
vn 0.4499 0.0760 -0.8898
vn 0.7237 -0.0847 -0.6849
vn 0.5650 0.0828 0.8209
vn 0.6723 -0.1121 0.7318
vn 0.9770 0.1080 0.1836
vn 0.9143 -0.0643 0.4000
vn -0.6817 0.0135 0.7315
vn -0.5713 -0.1369 0.8093
vn 0.1734 0.0650 0.9827
vn -0.1553 -0.0906 0.9837
vn -0.5070 0.6971 -0.5070
vn -0.7691 0.3768 -0.5162
vn -0.0000 0.8321 -0.5547
vn 0.3420 0.3901 -0.8549
vn 0.7410 0.6715 -0.0000
vn 0.9175 0.3977 -0.0000
vn 0.2834 0.5967 0.7508
vn 0.2968 0.4006 0.8668
vn -0.6671 0.5976 0.4447
vn -0.8087 0.3723 0.4554
vn -0.0000 0.8240 -0.5665
vn -0.3694 0.8312 -0.4156
vn -0.0000 0.9808 0.1949
vn -0.7197 0.6844 -0.1169
vn 0.9483 0.3147 0.0408
vn -0.9701 0.2425 -0.0000
vn 0.7066 0.7077 -0.0000
vn -0.5089 0.7767 0.3711
vn -0.0000 0.8493 0.5279
vn 0.5587 -0.7158 -0.4190
vn -0.0000 -0.4472 -0.8944
vn 0.6126 -0.7754 0.1532
vn -0.5894 -0.5525 0.5894
vn -0.9932 -0.1164 -0.0000
vn -0.7521 0.2037 -0.6268
vn -0.2691 -0.2018 -0.9417
vn 0.7716 -0.1929 -0.6062
vn 0.7483 -0.2261 0.6236
vn -0.3491 -0.1710 0.9214
vn -0.7521 0.2037 0.6268
vn -0.0000 0.8603 -0.5098
vn -0.2345 0.9379 -0.2558
vn -0.0000 0.8886 0.4586
vn -0.8163 0.5182 0.2551
vn -0.9380 0.1803 0.2962
vn -0.9454 0.1796 -0.2720
vn -0.5744 0.1067 -0.8116
vn -0.0325 0.0025 -0.9995
vn 0.5869 -0.1151 -0.8014
vn 0.9232 -0.1776 -0.3407
vn 0.9318 -0.1768 0.3169
vn 0.6077 -0.1132 0.7861
vn -0.0063 0.0049 1.0000
vn -0.5530 0.1087 0.8261
vn -0.8196 0.4915 0.2943
vn -0.8271 0.4908 -0.2740
vn -0.5036 0.2930 -0.8128
vn -0.0301 0.0089 -0.9995
vn 0.5119 -0.3125 -0.8002
vn 0.8067 -0.4842 -0.3388
vn 0.8153 -0.4834 0.3188
vn 0.5326 -0.3106 0.7873
vn -0.0039 0.0114 0.9999
vn -0.4821 0.2950 0.8249
vn -0.6020 0.7435 0.2911
vn -0.6094 0.7428 -0.2771
vn -0.3733 0.4438 -0.8147
vn -0.0256 0.0141 -0.9996
vn 0.3738 -0.4724 -0.7982
vn 0.5923 -0.7324 -0.3357
vn 0.6009 -0.7316 0.3219
vn 0.3946 -0.4704 0.7893
vn 0.0006 0.0166 0.9999
vn -0.3519 0.4459 0.8230
vn -0.3113 0.9059 0.2871
vn -0.3188 0.9052 -0.2811
vn -0.1993 0.5410 -0.8170
vn -0.0196 0.0174 -0.9997
vn 0.1894 -0.5754 -0.7957
vn 0.3060 -0.8924 -0.3317
vn 0.3146 -0.8915 0.3258
vn 0.2102 -0.5734 0.7918
vn 0.0066 0.0199 0.9998
vn -0.1779 0.5431 0.8206
vn 0.0174 0.9590 0.2828
vn 0.0099 0.9583 -0.2855
vn -0.0025 0.5729 -0.8197
vn -0.0128 0.0185 -0.9997
vn -0.0191 -0.6091 -0.7929
vn -0.0178 -0.9447 -0.3274
vn -0.0091 -0.9439 0.3302
vn 0.0017 -0.6071 0.7946
vn 0.0134 0.0210 0.9997
vn 0.0189 0.5749 0.8180
vn 0.3444 0.8965 0.2786
vn 0.3370 0.8958 -0.2897
vn 0.1932 0.5354 -0.8222
vn -0.0061 0.0172 -0.9998
vn -0.2265 -0.5694 -0.7902
vn -0.3399 -0.8832 -0.3233
vn -0.3313 -0.8823 0.3343
vn -0.2057 -0.5675 0.7973
vn 0.0201 0.0197 0.9996
vn 0.2146 0.5375 0.8155
vn 0.6304 0.7260 0.2750
vn 0.6229 0.7252 -0.2932
vn 0.3644 0.4333 -0.8243
vn -0.0002 0.0137 -0.9999
vn -0.4079 -0.4612 -0.7880
vn -0.6215 -0.7151 -0.3198
vn -0.6129 -0.7143 0.3378
vn -0.3871 -0.4593 0.7995
vn 0.0260 0.0162 0.9995
vn 0.3858 0.4354 0.8134
vn 0.8407 0.4679 0.2726
vn 0.8333 0.4671 -0.2957
vn 0.4903 0.2788 -0.8257
vn 0.0042 0.0084 -1.0000
vn -0.5413 -0.2975 -0.7864
vn -0.8287 -0.4609 -0.3174
vn -0.8201 -0.4601 0.3402
vn -0.5205 -0.2956 0.8011
vn 0.0303 0.0109 0.9995
vn 0.5117 0.2808 0.8119
vn 0.9501 0.1534 0.2716
vn 0.9427 0.1527 -0.2967
vn 0.5558 0.0906 -0.8264
vn 0.0064 0.0019 -1.0000
vn -0.6107 -0.0980 -0.7858
vn -0.9365 -0.1511 -0.3164
vn -0.9279 -0.1503 0.3412
vn -0.5899 -0.0961 0.8017
vn 0.0326 0.0044 0.9995
vn 0.5772 0.0926 0.8113
vn 0.9454 -0.1796 0.2720
vn 0.9380 -0.1803 -0.2962
vn 0.5530 -0.1087 -0.8261
vn 0.0063 -0.0049 -1.0000
vn -0.6077 0.1132 -0.7861
vn -0.9318 0.1768 -0.3169
vn -0.9232 0.1776 0.3407
vn -0.5869 0.1151 0.8014
vn 0.0325 -0.0025 0.9995
vn 0.5744 -0.1067 0.8116
vn 0.8271 -0.4908 0.2740
vn 0.8196 -0.4915 -0.2943
vn 0.4821 -0.2950 -0.8249
vn 0.0039 -0.0114 -0.9999
vn -0.5326 0.3106 -0.7873
vn -0.8153 0.4834 -0.3188
vn -0.8067 0.4842 0.3388
vn -0.5119 0.3125 0.8002
vn 0.0301 -0.0089 0.9995
vn 0.5036 -0.2930 0.8128
vn 0.6094 -0.7428 0.2771
vn 0.6020 -0.7435 -0.2911
vn 0.3519 -0.4459 -0.8230
vn -0.0006 -0.0166 -0.9999
vn -0.3946 0.4704 -0.7893
vn -0.6009 0.7316 -0.3219
vn -0.5923 0.7324 0.3357
vn -0.3738 0.4724 0.7982
vn 0.0256 -0.0141 0.9996
vn 0.3733 -0.4438 0.8146
vn 0.3187 -0.9052 0.2811
vn 0.3113 -0.9059 -0.2871
vn 0.1779 -0.5431 -0.8206
vn -0.0066 -0.0199 -0.9998
vn -0.2102 0.5734 -0.7919
vn -0.3146 0.8916 -0.3258
vn -0.3060 0.8924 0.3317
vn -0.1894 0.5754 0.7957
vn 0.0196 -0.0174 0.9997
vn 0.1993 -0.5410 0.8170
vn -0.0099 -0.9583 0.2855
vn -0.0174 -0.9590 -0.2828
vn -0.0189 -0.5749 -0.8180
vn -0.0134 -0.0210 -0.9997
vn -0.0017 0.6071 -0.7946
vn 0.0091 0.9439 -0.3301
vn 0.0178 0.9447 0.3274
vn 0.0190 0.6091 0.7929
vn 0.0128 -0.0185 0.9997
vn 0.0025 -0.5728 0.8197
vn -0.3370 -0.8958 0.2897
vn -0.3444 -0.8965 -0.2786
vn -0.2147 -0.5375 -0.8155
vn -0.0201 -0.0197 -0.9996
vn 0.2057 0.5675 -0.7973
vn 0.3313 0.8823 -0.3343
vn 0.3399 0.8832 0.3233
vn 0.2265 0.5694 0.7902
vn 0.0061 -0.0172 0.9998
vn -0.1932 -0.5354 0.8222
vn -0.6229 -0.7253 0.2932
vn -0.6304 -0.7260 -0.2750
vn -0.3858 -0.4354 -0.8134
vn -0.0260 -0.0162 -0.9995
vn 0.3871 0.4593 -0.7995
vn 0.6129 0.7143 -0.3378
vn 0.6215 0.7151 0.3198
vn 0.4079 0.4612 0.7880
vn 0.0002 -0.0137 0.9999
vn -0.3644 -0.4333 0.8243
vn -0.8333 -0.4671 0.2957
vn -0.8407 -0.4679 -0.2726
vn -0.5117 -0.2809 -0.8119
vn -0.0303 -0.0109 -0.9995
vn 0.5205 0.2956 -0.8011
vn 0.8201 0.4601 -0.3401
vn 0.8287 0.4609 0.3174
vn 0.5413 0.2975 0.7864
vn -0.0042 -0.0084 1.0000
vn -0.4903 -0.2788 0.8257
vn -0.9501 -0.1534 -0.2716
vn -0.9427 -0.1527 0.2967
vn -0.0326 -0.0044 -0.9995
vn -0.5772 -0.0926 -0.8113
vn 0.9279 0.1503 -0.3412
vn 0.5899 0.0961 -0.8017
vn 0.6107 0.0980 0.7858
vn 0.9365 0.1511 0.3164
vn -0.5558 -0.0906 0.8264
vn -0.0064 -0.0019 1.0000
vn -0.8104 -0.1305 -0.5712
vn -0.8068 0.1520 -0.5710
vn -0.7915 0.1534 0.5916
vn -0.7950 -0.1291 0.5927
vn 0.9821 -0.1883 -0.0000
vn 0.1581 0.0251 -0.9871
vn 0.9821 -0.1877 -0.0132
vn 0.9871 0.1596 -0.0132
vn 0.9745 -0.2243 -0.0000
vn 0.9843 0.1763 -0.0000
vn -0.6906 0.4172 0.5908
vn -0.7058 0.4158 -0.5736
vn 0.8491 -0.5283 -0.0000
vn 0.8587 -0.5123 -0.0110
vn 0.8480 -0.5300 -0.0000
vn -0.5060 0.6309 0.5882
vn -0.5215 0.6298 -0.5757
vn 0.6644 -0.7474 -0.0000
vn 0.6317 -0.7751 -0.0079
vn 0.6000 -0.8000 -0.0000
vn -0.2596 0.7689 0.5843
vn -0.2750 0.7678 -0.5787
vn 0.0008 -0.0900 -0.9959
vn 0.3286 -0.9445 -0.0036
vn 0.0823 -0.7974 0.5979
vn 0.0192 0.8131 0.5818
vn 0.0039 0.8126 -0.5828
vn -0.0000 -1.0000 0.0094
vn -0.0142 -0.9999 0.0009
vn 0.0332 -0.0912 0.9953
vn 0.2966 0.7610 0.5770
vn 0.2814 0.7594 -0.5866
vn -0.3553 -0.9347 0.0054
vn 0.5394 0.6165 0.5735
vn 0.5242 0.6152 -0.5889
vn -0.8944 -0.4472 -0.0000
vn -0.6536 -0.7568 0.0099
vn -0.5415 -0.8407 -0.0000
vn 0.7178 0.3974 0.5717
vn 0.7026 0.3960 -0.5913
vn -0.1689 -0.0768 -0.9826
vn -0.8730 -0.4876 0.0117
vn -0.8898 -0.4564 -0.0000
vn 0.8104 0.1305 0.5711
vn 0.7947 0.1290 -0.5931
vn -0.9871 -0.1596 0.0135
vn -0.9859 -0.1673 -0.0000
vn 0.8069 -0.1520 0.5708
vn 0.7910 -0.1533 -0.5923
vn -0.9839 0.1789 -0.0000
vn -0.9822 0.1877 0.0125
vn -0.9817 0.1902 -0.0000
vn 0.7059 -0.4158 0.5734
vn 0.6905 -0.4172 -0.5908
vn -0.8587 0.5123 0.0108
vn 0.0156 -0.0117 -0.9998
vn 0.5213 -0.6296 0.5761
vn 0.5063 -0.6313 -0.5874
vn -0.1219 0.1829 -0.9755
vn -0.6318 0.7751 0.0073
vn -0.1223 0.1681 0.9782
vn 0.2749 -0.7676 0.5790
vn 0.2597 -0.7691 -0.5839
vn -0.0357 0.0357 -0.9987
vn -0.3286 0.9445 0.0030
vn -0.7071 0.7071 -0.0000
vn -0.0040 -0.8127 0.5827
vn -0.0192 -0.8137 -0.5809
vn 0.0143 0.9999 -0.0013
vn -0.2813 -0.7594 0.5867
vn -0.2965 -0.7607 -0.5774
vn 0.0308 0.1693 -0.9851
vn 0.3553 0.9347 -0.0053
vn 0.0859 0.1624 0.9830
vn -0.5238 -0.6146 0.5899
vn -0.5393 -0.6164 -0.5738
vn 0.0622 0.0829 -0.9946
vn 0.6536 0.7568 -0.0100
vn 0.2044 0.2920 0.9343
vn -0.7025 -0.3959 0.5914
vn -0.7176 -0.3973 -0.5720
vn 0.1267 0.0862 -0.9882
vn 0.8730 0.4876 -0.0120
vn 0.8448 0.5350 -0.0000
vn 0.2544 -0.9546 -0.1551
vn 0.2078 -0.9569 0.2028
vn -0.1470 -0.9518 0.2691
vn -0.3196 -0.9463 -0.0478
vn -0.0715 -0.9480 -0.3100
vn -0.7357 -0.6134 -0.2873
vn -0.8998 -0.2938 -0.3225
vn -0.7724 -0.1352 -0.6206
vn -0.5295 -0.3566 -0.7697
vn -0.5068 -0.6522 -0.5637
vn 0.3667 -0.6654 -0.6502
vn 0.0339 -0.6214 -0.7828
vn 0.0227 -0.3031 -0.9527
vn 0.3486 -0.1504 -0.9251
vn 0.5612 -0.3743 -0.7382
vn 0.7188 -0.6780 0.1539
vn 0.7428 -0.6377 -0.2040
vn 0.9070 -0.3231 -0.2700
vn 0.9845 -0.1690 0.0470
vn 0.8682 -0.3883 0.3090
vn 0.0628 -0.6725 0.7374
vn 0.4113 -0.6398 0.6492
vn 0.5310 -0.3262 0.7821
vn 0.2565 -0.1652 0.9523
vn -0.0329 -0.3792 0.9247
vn -0.8967 -0.3597 0.2580
vn -0.6946 -0.6566 0.2939
vn -0.5024 -0.6247 0.5977
vn -0.5857 -0.3081 0.7497
vn -0.8294 -0.1443 0.5398
vn 0.0018 0.3192 -0.9477
vn -0.3247 0.1661 -0.9311
vn -0.5421 0.3869 -0.7460
vn -0.3500 0.6764 -0.6481
vn -0.0138 0.6345 -0.7728
vn 0.9078 0.2991 -0.2941
vn 0.7881 0.1455 -0.5981
vn 0.5491 0.3695 -0.7496
vn 0.5211 0.6615 -0.5394
vn 0.7427 0.6180 -0.2578
vn 0.5661 0.2953 0.7696
vn 0.8151 0.1350 0.5633
vn 0.8896 0.3551 0.2871
vn 0.6867 0.6514 0.3227
vn 0.4867 0.6145 0.6209
vn -0.5511 0.3131 0.7735
vn -0.2810 0.1492 0.9480
vn 0.0089 0.3636 0.9315
vn -0.0820 0.6600 0.7468
vn -0.4281 0.6288 0.6491
vn -0.8998 0.3279 -0.2879
vn -0.9854 0.1684 0.0244
vn -0.8759 0.3832 0.2930
vn -0.7227 0.6754 0.1467
vn -0.7374 0.6412 -0.2123
vn 0.0793 0.9531 -0.2920
vn -0.2505 0.9571 -0.1455
vn -0.2132 0.9534 0.2135
vn 0.1398 0.9471 0.2888
vn 0.3206 0.9469 -0.0236
vn 0.2826 -0.8562 -0.4325
vn -0.0000 -0.7852 -0.6193
vn 0.7837 -0.6161 -0.0795
vn -0.2237 -0.3863 -0.8949
vn 0.1061 -0.5943 -0.7972
vn -0.9287 -0.3708 -0.0000
vn -0.7651 -0.6440 -0.0000
vn -0.6757 -0.2942 0.6760
vn -0.0000 -0.5300 0.8480
vn 0.7325 -0.6667 0.1374
vn 0.4799 -0.8691 -0.1200
vn 0.7849 -0.3668 -0.4995
vn 0.6909 -0.6286 -0.3572
vn -0.3862 -0.9173 0.0966
vn 0.3584 -0.8064 0.4704
vn 0.7795 -0.4166 0.4677
vn 0.5791 -0.6592 0.4797
vn -0.1435 -0.4635 0.8744
vn -0.6840 -0.6111 0.3984
vn -0.9327 0.0739 -0.3529
vn -0.9851 -0.0511 -0.1642
vn -0.8889 0.1111 0.4444
vn -0.9906 -0.0204 0.1352
vn 0.0945 0.0768 -0.9926
vn -0.0000 -0.0624 -0.9981
vn -0.6601 0.1135 -0.7426
vn -0.3706 -0.0637 -0.9266
vn 0.9545 0.0260 -0.2971
vn 0.9424 -0.1078 -0.3167
vn 0.3936 0.0757 -0.9162
vn 0.7251 -0.1105 -0.6798
vn 0.5998 0.0250 0.7998
vn 0.6328 -0.1039 0.7673
vn 0.9901 0.0526 0.1298
vn 0.8896 -0.1042 0.4448
vn -0.5889 0.0815 0.8041
vn -0.4017 -0.0924 0.9111
vn 0.1869 0.0467 0.9813
vn -0.1214 -0.1006 0.9875
vn -0.5404 0.6922 -0.4783
vn -0.7407 0.3748 -0.5576
vn 0.3107 0.5538 -0.7725
vn 0.3497 0.4550 -0.8189
vn 0.9288 0.3707 -0.0000
vn -0.0000 0.7015 0.7127
vn 0.1564 0.3889 0.9079
vn -0.2421 0.6432 0.7264
vn -0.7387 0.3838 0.5541
vn -0.0805 0.8477 -0.5243
vn -0.0396 0.7905 -0.6112
vn -0.6244 0.7635 0.1649
vn -0.8473 0.5199 -0.1090
vn -0.9728 0.2318 -0.0000
vn -0.9577 0.2776 0.0762
vn -0.5380 0.7426 0.3989
vn 0.3755 0.9268 -0.0000
vn 0.2680 -0.9525 -0.1449
vn 0.2255 -0.9506 0.2135
vn -0.1285 -0.9502 0.2838
vn -0.3048 -0.9519 -0.0311
vn -0.0598 -0.9533 -0.2961
vn -0.7289 -0.6290 -0.2703
vn -0.8986 -0.3126 -0.3079
vn -0.7771 -0.1561 -0.6097
vn -0.5324 -0.3758 -0.7585
vn -0.5026 -0.6680 -0.5488
vn 0.3700 -0.6684 -0.6452
vn 0.0350 -0.6316 -0.7745
vn 0.0168 -0.3160 -0.9486
vn 0.3405 -0.1577 -0.9269
vn 0.5588 -0.3756 -0.7394
vn 0.7313 -0.6642 0.1549
vn 0.7506 -0.6285 -0.2038
vn 0.9090 -0.3123 -0.2761
vn 0.9876 -0.1526 0.0379
vn 0.8778 -0.3700 0.3042
vn 0.0821 -0.6611 0.7458
vn 0.4289 -0.6240 0.6532
vn 0.5450 -0.3068 0.7803
vn 0.2699 -0.1478 0.9515
vn -0.0162 -0.3668 0.9302
vn -0.8878 -0.3703 0.2733
vn -0.6806 -0.6635 0.3109
vn -0.4855 -0.6243 0.6120
vn -0.5721 -0.3070 0.7606
vn -0.8207 -0.1500 0.5513
vn -0.0141 0.3059 -0.9520
vn -0.3379 0.1479 -0.9295
vn -0.5567 0.3677 -0.7449
vn -0.3682 0.6616 -0.6533
vn -0.0329 0.6234 -0.7812
vn 0.8994 0.3094 -0.3087
vn 0.7788 0.1497 -0.6091
vn 0.5345 0.3677 -0.7610
vn 0.5042 0.6622 -0.5544
vn 0.7297 0.6261 -0.2749
vn 0.5700 0.3150 0.7589
vn 0.8192 0.1558 0.5519
vn 0.8870 0.3732 0.2719
vn 0.6797 0.6667 0.3058
vn 0.4838 0.6307 0.6067
vn -0.5472 0.3150 0.7755
vn -0.2726 0.1579 0.9491
vn 0.0136 0.3766 0.9263
vn -0.0841 0.6690 0.7385
vn -0.4308 0.6309 0.6453
vn -0.9082 0.3094 -0.2819
vn -0.9877 0.1530 0.0335
vn -0.8786 0.3732 0.2979
vn -0.7318 0.6658 0.1458
vn -0.7500 0.6263 -0.2125
vn 0.0606 0.9501 -0.3060
vn -0.2676 0.9509 -0.1558
vn -0.2261 0.9528 0.2028
vn 0.1277 0.9532 0.2741
vn 0.3049 0.9515 -0.0403
vn 0.2265 -0.7926 -0.5661
vn 0.1807 -0.8131 -0.5534
vn -0.0000 -0.9923 -0.1240
vn -0.4119 -0.4080 -0.8148
vn 0.0053 -0.5764 -0.8171
vn -0.9225 -0.3860 -0.0000
vn -0.7450 -0.6671 -0.0000
vn -0.0000 -0.9923 0.1240
vn -0.9787 -0.0918 0.1835
vn -0.0000 -0.9856 0.1694
vn -0.0000 -0.9814 -0.1917
vn 0.7581 -0.3961 -0.5180
vn 0.6313 -0.6783 -0.3759
vn -0.0000 -0.9985 0.0555
vn -0.0000 -0.8793 0.4763
vn 0.7732 -0.3866 0.5026
vn 0.6665 -0.6235 0.4087
vn -0.4368 -0.3720 0.8190
vn -0.2444 -0.5453 0.8018
vn -0.9046 0.0989 -0.4146
vn -0.8055 0.1900 0.5613
vn -0.9764 -0.0914 0.1955
vn -0.0000 0.0995 -0.9950
vn -0.0968 -0.0847 -0.9917
vn -0.7505 0.0743 -0.6567
vn -0.3932 -0.1182 -0.9118
vn 0.9869 0.0603 -0.1497
vn 0.9243 -0.0872 -0.3717
vn 0.4657 0.0715 -0.8821
vn 0.6517 -0.0866 -0.7535
vn 0.5641 0.0705 0.8227
vn 0.5062 -0.1003 0.8566
vn 0.9924 0.0524 0.1110
vn 0.9347 -0.0584 0.3505
vn -0.6228 0.0778 0.7785
vn -0.5534 -0.0692 0.8301
vn 0.1994 0.1246 0.9720
vn -0.1019 -0.0509 0.9935
vn -0.6643 0.6021 -0.4429
vn -0.7602 0.3860 -0.5226
vn -0.0000 0.7593 -0.6508
vn 0.3703 0.4108 -0.8331
vn 0.9221 0.3870 -0.0000
vn -0.0000 0.6715 0.7410
vn 0.2912 0.3798 0.8781
vn -0.6386 0.6305 0.4412
vn -0.7408 0.3860 0.5498
vn -0.0000 0.9981 -0.0624
vn 0.3689 0.8070 -0.4611
vn -0.7529 0.6500 0.1030
vn -0.0000 0.9869 -0.1611
vn 0.3784 0.9226 -0.0756
vn 0.4784 0.8720 0.1032
vn -0.0000 0.9889 -0.1483
vn -0.4644 0.8416 0.2757
vn -0.0000 0.8455 0.5340
vn 0.2788 -0.9511 -0.1333
vn 0.2351 -0.9456 0.2249
vn -0.1192 -0.9483 0.2942
vn -0.2944 -0.9554 -0.0213
vn -0.0485 -0.9572 -0.2855
vn -0.7212 -0.6399 -0.2655
vn -0.8941 -0.3259 -0.3073
vn -0.7734 -0.1714 -0.6103
vn -0.5258 -0.3900 -0.7559
vn -0.4935 -0.6796 -0.5428
vn 0.3794 -0.6716 -0.6364
vn 0.0444 -0.6399 -0.7672
vn 0.0233 -0.3264 -0.9449
vn 0.3452 -0.1645 -0.9240
vn 0.5652 -0.3778 -0.7333
vn 0.7380 -0.6544 0.1647
vn 0.7581 -0.6226 -0.1942
vn 0.9132 -0.3055 -0.2696
vn 0.9890 -0.1414 0.0428
vn 0.8807 -0.3570 0.3112
vn 0.0868 -0.6517 0.7535
vn 0.4335 -0.6119 0.6615
vn 0.5457 -0.2920 0.7854
vn 0.2683 -0.1341 0.9539
vn -0.0153 -0.3564 0.9342
vn -0.8846 -0.3769 0.2747
vn -0.6744 -0.6673 0.3162
vn -0.4807 -0.6226 0.6175
vn -0.5712 -0.3046 0.7622
vn -0.8209 -0.1527 0.5503
vn -0.0143 0.2950 -0.9554
vn -0.3364 0.1337 -0.9322
vn -0.5582 0.3532 -0.7508
vn -0.3732 0.6501 -0.6619
vn -0.0370 0.6141 -0.7883
vn 0.8970 0.3157 -0.3093
vn 0.7792 0.1513 -0.6083
vn 0.5330 0.3649 -0.7633
vn 0.4988 0.6613 -0.5602
vn 0.7237 0.6309 -0.2796
vn 0.5640 0.3297 0.7571
vn 0.8156 0.1709 0.5528
vn 0.8820 0.3859 0.2705
vn 0.6714 0.6775 0.3004
vn 0.4749 0.6428 0.6011
vn -0.5532 0.3178 0.7701
vn -0.2774 0.1656 0.9464
vn 0.0065 0.3872 0.9220
vn -0.0938 0.6763 0.7306
vn -0.4397 0.6334 0.6368
vn -0.9106 0.2963 -0.2883
vn -0.9894 0.1426 0.0286
vn -0.8836 0.3670 0.2908
vn -0.7394 0.6594 0.1359
vn -0.7561 0.6157 -0.2220
vn 0.0513 0.9472 -0.3165
vn -0.2773 0.9461 -0.1674
vn -0.2370 0.9525 0.1913
vn 0.1165 0.9575 0.2637
vn 0.2947 0.9543 -0.0501
vn 0.4187 -0.7327 -0.5365
vn 0.0638 -0.9976 -0.0279
vn -0.1935 -0.3819 -0.9037
vn -0.8143 -0.4206 -0.4000
vn -0.9207 -0.3902 -0.0000
vn -0.7474 -0.6644 -0.0000
vn -0.9035 -0.4243 0.0609
vn -0.0000 -0.9981 -0.0624
vn 0.7496 -0.6442 0.1522
vn 0.8087 -0.5789 -0.1038
vn 0.7643 -0.4049 -0.5018
vn 0.5164 -0.6852 -0.5136
vn -0.1074 -0.8039 0.5850
vn -0.1039 -0.7979 0.5938
vn 0.7466 -0.3593 0.5599
vn 0.4842 -0.6888 0.5396
vn -0.3822 -0.3371 0.8604
vn -0.2854 -0.6748 0.6806
vn -0.6223 0.1402 -0.7701
vn -0.9961 -0.0378 -0.0793
vn -0.9740 0.0617 0.2179
vn -0.9904 -0.0619 0.1238
vn 0.1657 0.0716 -0.9836
vn -0.0337 -0.1140 -0.9929
vn -0.6232 0.0682 -0.7791
vn -0.5590 -0.1138 -0.8213
vn 0.9631 0.0886 -0.2541
vn 0.9467 -0.0641 -0.3156
vn 0.5232 0.0572 -0.8503
vn 0.7980 -0.0707 -0.5985
vn 0.3950 0.0987 0.9134
vn 0.6433 -0.0503 0.7639
vn 0.9963 0.0856 -0.0000
vn 0.6988 -0.1529 0.6988
vn -0.4953 0.1255 0.8596
vn -0.6997 -0.0635 0.7116
vn 0.1310 0.0975 0.9866
vn -0.0952 -0.0878 0.9916
vn -0.6921 0.5984 -0.4037
vn -0.7636 0.3758 -0.5250
vn -0.2725 0.6990 -0.6612
vn 0.1450 0.4018 -0.9042
vn 0.9191 0.3939 -0.0000
vn -0.0000 0.6449 0.7643
vn 0.3124 0.4077 0.8580
vn -0.6727 0.5886 0.4484
vn -0.7358 0.3942 0.5507
vn -0.0000 0.9965 -0.0830
vn -0.0000 0.8847 -0.4662
vn -0.7696 0.6313 0.0962
vn -0.7509 0.6453 -0.1408
vn -0.8933 0.4453 -0.0613
vn -0.0000 0.6854 0.7282
vn -0.0000 0.9899 -0.1414
vn -0.4879 0.8234 0.2897
vn -0.0000 0.8405 0.5419
vn 0.2657 -0.9547 -0.1340
vn 0.2180 -0.9499 0.2237
vn -0.1369 -0.9475 0.2890
vn -0.3087 -0.9507 -0.0285
vn -0.0599 -0.9552 -0.2899
vn -0.7278 -0.6277 -0.2762
vn -0.8955 -0.3109 -0.3186
vn -0.7690 -0.1572 -0.6197
vn -0.5232 -0.3790 -0.7633
vn -0.4977 -0.6698 -0.5510
vn 0.3762 -0.6749 -0.6348
vn 0.0433 -0.6375 -0.7692
vn 0.0290 -0.3231 -0.9459
vn 0.3531 -0.1662 -0.9207
vn 0.5676 -0.3836 -0.7285
vn 0.7260 -0.6663 0.1703
vn 0.7506 -0.6334 -0.1882
vn 0.9114 -0.3184 -0.2606
vn 0.9862 -0.1567 0.0533
vn 0.8716 -0.3717 0.3196
vn 0.0683 -0.6559 0.7518
vn 0.4166 -0.6210 0.6639
vn 0.5323 -0.3034 0.7903
vn 0.2555 -0.1419 0.9563
vn -0.0313 -0.3598 0.9325
vn -0.8933 -0.3643 0.2632
vn -0.6880 -0.6581 0.3059
vn -0.4971 -0.6175 0.6095
vn -0.5844 -0.2987 0.7545
vn -0.8293 -0.1422 0.5404
vn 0.0010 0.2989 -0.9543
vn -0.3237 0.1425 -0.9354
vn -0.5442 0.3646 -0.7556
vn -0.3557 0.6583 -0.6634
vn -0.0187 0.6177 -0.7862
vn 0.9052 0.3031 -0.2980
vn 0.7882 0.1417 -0.5989
vn 0.5471 0.3596 -0.7558
vn 0.5151 0.6557 -0.5520
vn 0.7364 0.6208 -0.2690
vn 0.5604 0.3181 0.7647
vn 0.8119 0.1563 0.5626
vn 0.8847 0.3713 0.2819
vn 0.6783 0.6659 0.3106
vn 0.4778 0.6331 0.6090
vn -0.5569 0.3232 0.7651
vn -0.2855 0.1662 0.9439
vn 0.0020 0.3834 0.9236
vn -0.0917 0.6748 0.7323
vn -0.4371 0.6376 0.6343
vn -0.9026 0.3113 -0.2973
vn -0.9873 0.1576 0.0181
vn -0.8811 0.3794 0.2824
vn -0.7307 0.6701 0.1303
vn -0.7440 0.6281 -0.2279
vn 0.0694 0.9475 -0.3121
vn -0.2609 0.9509 -0.1666
vn -0.2246 0.9553 0.1924
vn 0.1281 0.9546 0.2689
vn 0.3098 0.9498 -0.0429
vn -0.0000 -0.9547 -0.2976
vn -0.1777 -0.8273 -0.5330
vn 0.8742 -0.2117 -0.4371
vn -0.2494 -0.4190 -0.8731
vn -0.0000 -0.7647 -0.6444
vn -0.9269 -0.3752 -0.0000
vn -0.7682 -0.6402 -0.0000
vn -0.0000 -0.9701 0.2425
vn -0.0000 -0.9615 -0.2747
vn 0.0686 -0.9734 0.2186
vn 0.2915 -0.9329 -0.2115
vn 0.7595 -0.3723 -0.5334
vn 0.5732 -0.6658 -0.4777
vn 0.0961 -0.8373 0.5383
vn 0.3216 -0.9045 0.2800
vn 0.6947 -0.3674 0.6185
vn 0.6380 -0.6188 0.4583
vn -0.2033 -0.3494 0.9147
vn -0.0000 -0.7593 0.6508
vn -0.8764 0.0805 -0.4747
vn -0.9908 -0.0555 -0.1238
vn -0.8787 0.0366 0.4760
vn -0.9991 -0.0117 0.0416
vn 0.1643 0.0659 -0.9842
vn -0.2263 -0.0963 -0.9693
vn -0.7073 0.0433 -0.7056
vn -0.4455 -0.0882 -0.8909
vn 0.9853 0.1184 -0.1232
vn 0.8907 -0.0712 -0.4491
vn 0.6074 0.0504 -0.7928
vn 0.7873 -0.0938 -0.6094
vn 0.4932 0.1079 0.8632
vn 0.7063 -0.0717 0.7043
vn 0.9979 0.0553 0.0339
vn 0.8966 -0.0681 0.4376
vn -0.4784 0.1685 0.8618
vn -0.5140 -0.0428 0.8567
vn 0.0908 0.0772 0.9929
vn -0.1323 -0.0596 0.9894
vn -0.5995 0.6960 -0.3953
vn -0.7011 0.3635 -0.6134
vn -0.0000 0.6050 -0.7963
vn 0.3474 0.3535 -0.8685
vn 0.9231 0.3846 -0.0000
vn 0.8444 0.3298 0.4222
vn 0.1090 0.3844 0.9167
vn -0.7317 0.4377 0.5226
vn -0.1030 0.8177 -0.5664
vn -0.3499 0.8038 -0.4812
vn -0.0000 0.9821 0.1883
vn -0.0000 0.9854 -0.1704
vn 0.5700 0.8217 -0.0000
vn 0.8160 0.3825 0.4335
vn -0.0000 0.9874 -0.1580
vn -0.5449 0.7584 0.3577
vn -0.2575 0.9663 -0.0000
vn 0.2825 -0.9451 -0.1645
vn 0.2383 -0.9517 0.1937
vn -0.1160 -0.9580 0.2622
vn -0.2908 -0.9553 -0.0536
vn -0.0445 -0.9473 -0.3173
vn -0.7184 -0.6333 -0.2878
vn -0.8924 -0.3187 -0.3194
vn -0.7718 -0.1539 -0.6169
vn -0.5232 -0.3666 -0.7693
vn -0.4902 -0.6629 -0.5659
vn 0.3828 -0.6486 -0.6578
vn 0.0479 -0.6138 -0.7880
vn 0.0259 -0.2947 -0.9552
vn 0.3472 -0.1323 -0.9284
vn 0.5677 -0.3511 -0.7446
vn 0.7402 -0.6568 0.1440
vn 0.7607 -0.6130 -0.2137
vn 0.9147 -0.2930 -0.2782
vn 0.9895 -0.1391 0.0396
vn 0.8816 -0.3639 0.3006
vn 0.0881 -0.6761 0.7315
vn 0.4348 -0.6320 0.6415
vn 0.5457 -0.3160 0.7761
vn 0.2674 -0.1648 0.9494
vn -0.0154 -0.3874 0.9218
vn -0.8836 -0.3891 0.2606
vn -0.6723 -0.6799 0.2927
vn -0.4793 -0.6446 0.5957
vn -0.5712 -0.3319 0.7507
vn -0.8211 -0.1740 0.5436
vn -0.0140 0.3266 -0.9451
vn -0.3355 0.1635 -0.9277
vn -0.5584 0.3760 -0.7395
vn -0.3746 0.6704 -0.6405
vn -0.0382 0.6399 -0.7675
vn 0.8963 0.3291 -0.2972
vn 0.7795 0.1743 -0.6017
vn 0.5328 0.3921 -0.7499
vn 0.4971 0.6814 -0.5371
vn 0.7218 0.6425 -0.2573
vn 0.5617 0.3064 0.7685
vn 0.8142 0.1555 0.5594
vn 0.8802 0.3799 0.2846
vn 0.6684 0.6696 0.3238
vn 0.4716 0.6241 0.6229
vn -0.5555 0.2899 0.7794
vn -0.2794 0.1329 0.9509
vn 0.0037 0.3563 0.9344
vn -0.0974 0.6512 0.7526
vn -0.4430 0.6102 0.6568
vn -0.9112 0.3024 -0.2797
vn -0.9899 0.1379 0.0318
vn -0.8854 0.3538 0.3015
vn -0.7421 0.6518 0.1567
vn -0.7580 0.6200 -0.2025
vn 0.0483 0.9574 -0.2847
vn -0.2806 0.9501 -0.1362
vn -0.2409 0.9447 0.2225
vn 0.1126 0.9486 0.2957
vn 0.2912 0.9565 -0.0178
vn 0.2093 -0.8140 -0.5419
vn 0.0443 -0.8420 -0.5377
vn 0.4257 -0.7825 -0.4544
vn -0.4571 -0.4041 -0.7923
vn -0.0000 -0.6585 -0.7526
vn -0.9128 -0.4085 -0.0000
vn -0.7625 -0.6470 -0.0000
vn -0.7254 -0.6883 -0.0000
vn -0.0000 -0.9524 -0.3048
vn 0.4747 -0.8641 0.1672
vn 0.6669 -0.7338 -0.1300
vn 0.7320 -0.3786 -0.5663
vn 0.3936 -0.6333 -0.6664
vn -0.0610 -0.8478 0.5269
vn 0.2813 -0.8471 0.4509
vn 0.7244 -0.3735 0.5795
vn 0.6785 -0.6334 0.3721
vn -0.4124 -0.3867 0.8249
vn -0.4669 -0.6314 0.6192
vn -0.9042 0.1036 -0.4144
vn -0.9386 -0.2155 -0.2695
vn -0.7692 0.0645 0.6357
vn -0.9736 -0.1369 0.1826
vn 0.1456 0.0817 -0.9860
vn -0.1164 -0.0873 -0.9894
vn -0.8002 0.0263 -0.5991
vn -0.4099 -0.0454 -0.9110
vn 0.9880 0.0926 -0.1235
vn 0.6247 -0.0000 -0.7809
vn 0.5022 0.1141 -0.8572
vn 0.7060 -0.0552 -0.7060
vn 0.4474 0.0797 0.8908
vn 0.6988 -0.1057 0.7074
vn 0.9916 0.0368 0.1240
vn 0.8881 -0.0941 0.4499
vn -0.6626 0.0725 0.7454
vn -0.3407 -0.0772 0.9370
vn 0.1479 0.0577 0.9873
vn -0.1013 -0.1003 0.9898
vn -0.5920 0.6995 -0.4002
vn -0.7575 0.3801 -0.5307
vn 0.5774 0.5774 -0.5774
vn 0.3376 0.4167 -0.8440
vn -0.0000 0.6079 0.7940
vn -0.0000 0.3776 0.9260
vn -0.6489 0.6577 0.3825
vn -0.6991 0.3901 0.5992
vn -0.0531 0.8220 -0.5670
vn -0.4149 0.7489 -0.5168
vn -0.7337 0.6656 0.1368
vn -0.4667 0.8700 -0.1592
vn 0.0865 0.9951 -0.0474
vn -0.0000 0.8321 0.5547
vn -0.0000 0.7311 0.6823
vn -0.4359 0.6947 0.5721
vn -0.1824 0.7979 0.5746
vn 0.2649 -0.9526 -0.1495
vn 0.2269 -0.9511 0.2094
vn -0.1262 -0.9504 0.2842
vn -0.3064 -0.9515 -0.0286
vn -0.0647 -0.9528 -0.2966
vn -0.7330 -0.6277 -0.2621
vn -0.9027 -0.3111 -0.2972
vn -0.7848 -0.1543 -0.6002
vn -0.5423 -0.3741 -0.7523
vn -0.5102 -0.6666 -0.5434
vn 0.3611 -0.6680 -0.6506
vn 0.0246 -0.6306 -0.7757
vn 0.0046 -0.3147 -0.9492
vn 0.3287 -0.1569 -0.9313
vn 0.5491 -0.3753 -0.7468
vn 0.7324 -0.6653 0.1449
vn 0.7472 -0.6292 -0.2139
vn 0.9051 -0.3131 -0.2877
vn 0.9878 -0.1539 0.0254
vn 0.8810 -0.3716 0.2929
vn 0.0905 -0.6622 0.7438
vn 0.4362 -0.6254 0.6470
vn 0.5543 -0.3085 0.7731
vn 0.2815 -0.1494 0.9479
vn -0.0052 -0.3680 0.9298
vn -0.8848 -0.3696 0.2838
vn -0.6775 -0.6630 0.3184
vn -0.4786 -0.6245 0.6172
vn -0.5630 -0.3073 0.7672
vn -0.8140 -0.1497 0.5612
vn -0.0255 0.3072 -0.9513
vn -0.3492 0.1496 -0.9250
vn -0.5654 0.3694 -0.7375
vn -0.3754 0.6629 -0.6478
vn -0.0417 0.6245 -0.7799
vn 0.8959 0.3087 -0.3194
vn 0.7714 0.1495 -0.6185
vn 0.5255 0.3681 -0.7670
vn 0.4981 0.6623 -0.5597
vn 0.7270 0.6255 -0.2831
vn 0.5797 0.3133 0.7522
vn 0.8262 0.1541 0.5419
vn 0.8908 0.3717 0.2614
vn 0.6843 0.6655 0.2982
vn 0.4921 0.6293 0.6015
vn -0.5371 0.3147 0.7826
vn -0.2606 0.1569 0.9526
vn 0.0256 0.3754 0.9265
vn -0.0741 0.6681 0.7404
vn -0.4219 0.6306 0.6514
vn -0.9112 0.3109 -0.2702
vn -0.9870 0.1542 0.0460
vn -0.8744 0.3739 0.3092
vn -0.7290 0.6665 0.1558
vn -0.7518 0.6276 -0.2024
vn 0.0580 0.9504 -0.3055
vn -0.2682 0.9514 -0.1512
vn -0.2223 0.9528 0.2068
vn 0.1324 0.9526 0.2738
vn 0.3056 0.9512 -0.0428
vn 0.4286 -0.7951 -0.4291
vn -0.0000 -0.8294 -0.5587
vn -0.0058 -0.8837 -0.4680
vn -0.2434 -0.3981 -0.8845
vn -0.3412 -0.6291 -0.6984
vn -0.9143 -0.4045 0.0225
vn -0.7673 -0.6413 -0.0000
vn -0.0000 -0.9943 0.1070
vn 0.9698 -0.2425 -0.0265
vn 0.2058 -0.9626 0.1763
vn 0.7552 -0.3825 -0.5323
vn 0.5673 -0.6798 -0.4648
vn -0.0894 -0.9338 0.3463
vn 0.2004 -0.9519 0.2317
vn 0.7492 -0.3851 0.5389
vn 0.5785 -0.6749 0.4580
vn -0.2285 -0.3891 0.8924
vn 0.1190 -0.6609 0.7410
vn -0.8867 0.1108 -0.4489
vn -0.9919 -0.0483 -0.1171
vn -0.8901 0.0742 0.4497
vn -0.9752 -0.0781 0.2072
vn 0.1334 0.1057 -0.9854
vn -0.1343 -0.1074 -0.9851
vn -0.8090 0.0556 -0.5851
vn -0.4664 -0.0979 -0.8791
vn 0.9802 0.0832 -0.1795
vn 0.8761 -0.1113 -0.4692
vn 0.4606 0.0856 -0.8835
vn 0.6132 -0.1009 -0.7835
vn 0.4619 0.0722 0.8840
vn 0.6190 -0.0903 0.7802
vn 0.9895 0.0602 0.1312
vn 0.9410 -0.0588 0.3333
vn -0.6252 0.0781 0.7766
vn -0.5487 -0.0775 0.8324
vn 0.1718 0.0860 0.9814
vn -0.1715 -0.0715 0.9826
vn -0.6734 0.6173 -0.4068
vn -0.7537 0.3886 -0.5300
vn -0.6301 0.5316 -0.5661
vn 0.1792 0.3808 -0.9071
vn 0.9306 0.3660 -0.0000
vn 0.1405 0.6634 0.7349
vn 0.3723 0.3783 0.8475
vn -0.6851 0.5994 0.4139
vn -0.7385 0.3887 0.5510
vn 0.3706 0.7413 -0.5596
vn -0.4044 0.8653 -0.2962
vn -0.4701 0.8700 0.1486
vn -0.4943 0.8573 -0.1438
vn 0.4735 0.7670 -0.4331
vn -0.0000 0.9942 0.1078
vn -0.9698 0.2424 -0.0284
vn -0.1247 0.8730 0.4716
vn 0.3822 0.9233 0.0366
vn 0.2836 -0.9450 -0.1631
vn 0.2404 -0.9508 0.1952
vn -0.1137 -0.9576 0.2648
vn -0.2894 -0.9559 -0.0505
vn -0.0438 -0.9481 -0.3149
vn -0.7181 -0.6352 -0.2842
vn -0.8928 -0.3210 -0.3160
vn -0.7734 -0.1566 -0.6143
vn -0.5249 -0.3693 -0.7669
vn -0.4907 -0.6651 -0.5629
vn 0.3819 -0.6496 -0.6574
vn 0.0466 -0.6156 -0.7867
vn 0.0236 -0.2969 -0.9546
vn 0.3447 -0.1339 -0.9291
vn 0.5661 -0.3519 -0.7455
vn 0.7417 -0.6552 0.1434
vn 0.7610 -0.6122 -0.2145
vn 0.9144 -0.2921 -0.2802
vn 0.9898 -0.1374 0.0370
vn 0.8831 -0.3618 0.2988
vn 0.0914 -0.6743 0.7328
vn 0.4378 -0.6298 0.6417
vn 0.5485 -0.3133 0.7753
vn 0.2705 -0.1621 0.9490
vn -0.0120 -0.3853 0.9227
vn -0.8822 -0.3899 0.2641
vn -0.6703 -0.6803 0.2963
vn -0.4764 -0.6440 0.5986
vn -0.5684 -0.3311 0.7532
vn -0.8192 -0.1740 0.5464
vn -0.0173 0.3243 -0.9458
vn -0.3385 0.1607 -0.9271
vn -0.5612 0.3733 -0.7387
vn -0.3776 0.6683 -0.6409
vn -0.0415 0.6380 -0.7689
vn 0.8949 0.3299 -0.3006
vn 0.7774 0.1742 -0.6044
vn 0.5299 0.3912 -0.7524
vn 0.4944 0.6810 -0.5402
vn 0.7200 0.6431 -0.2610
vn 0.5634 0.3091 0.7661
vn 0.8156 0.1581 0.5567
vn 0.8804 0.3820 0.2811
vn 0.6683 0.6715 0.3203
vn 0.4724 0.6264 0.6201
vn -0.5536 0.2908 0.7803
vn -0.2768 0.1347 0.9514
vn 0.0058 0.3585 0.9335
vn -0.0963 0.6528 0.7514
vn -0.4421 0.6110 0.6567
vn -0.9126 0.3002 -0.2777
vn -0.9901 0.1363 0.0344
vn -0.8851 0.3531 0.3033
vn -0.7427 0.6509 0.1573
vn -0.7597 0.6182 -0.2017
vn 0.0458 0.9568 -0.2871
vn -0.2826 0.9493 -0.1376
vn -0.2418 0.9448 0.2210
vn 0.1118 0.9495 0.2931
vn 0.2896 0.9569 -0.0209
vn -0.0512 -0.8837 -0.4652
vn -0.1913 -0.8130 -0.5500
vn -0.1774 -0.3780 -0.9087
vn 0.0887 -0.5933 -0.8001
vn -0.9032 -0.3903 -0.1784
vn -0.8932 -0.4351 0.1134
vn -0.9718 -0.2278 -0.0607
vn 0.7671 -0.6278 0.1319
vn 0.5143 -0.8357 -0.1928
vn 0.7338 -0.3657 -0.5725
vn 0.6896 -0.5819 -0.4310
vn -0.1038 -0.8240 0.5571
vn 0.3621 -0.8148 0.4527
vn 0.7372 -0.3841 0.5559
vn 0.6447 -0.6512 0.4004
vn -0.2483 -0.4278 0.8691
vn -0.3920 -0.7075 0.5880
vn -0.8916 0.0825 -0.4453
vn -0.9135 -0.1791 -0.3654
vn -0.7469 0.0286 0.6643
vn -0.9959 -0.0524 0.0737
vn 0.1829 0.1219 -0.9755
vn -0.1145 -0.0709 -0.9909
vn -0.6217 0.0971 -0.7772
vn -0.2163 -0.0931 -0.9719
vn 0.9956 0.0933 -0.0000
vn 0.8908 -0.0905 -0.4454
vn 0.4924 0.1231 -0.8616
vn 0.5534 -0.0692 -0.8301
vn 0.4458 0.0801 0.8916
vn 0.6221 -0.0907 0.7776
vn 0.9674 0.0756 0.2418
vn 0.9109 -0.0772 0.4054
vn -0.7050 0.0771 0.7050
vn -0.4584 -0.0849 0.8847
vn 0.1155 0.0609 0.9914
vn -0.0558 -0.0919 0.9942
vn -0.6744 0.6565 -0.3379
vn -0.7807 0.3904 -0.4880
vn -0.0081 0.7707 -0.6371
vn 0.2472 0.4237 -0.8714
vn 0.9119 0.4104 -0.0000
vn 0.2970 0.3434 0.8910
vn -0.5297 0.6873 0.4971
vn -0.7050 0.3498 0.6169
vn -0.1279 0.8385 -0.5297
vn -0.3156 0.8926 -0.3220
vn -0.7697 0.6269 0.1203
vn -0.5613 0.8156 -0.1403
vn 0.6040 0.7004 -0.3803
vn -0.0000 0.8000 0.6000
vn 0.9769 0.2137 -0.0000
vn -0.2482 0.8223 0.5120
vn -0.0056 0.8034 0.5955
vn -0.9379 0.1803 0.2962
vn -0.3187 0.9052 -0.2811
vn -0.0025 0.5728 -0.8197
vn -0.0091 -0.9439 0.3301
vn -0.3399 -0.8831 -0.3233
vn 0.2147 0.5375 0.8155
vn 0.6229 0.7253 -0.2932
vn 0.3858 0.4353 0.8134
vn 0.8333 0.4672 -0.2957
vn -0.8201 -0.4601 0.3401
vn 0.5117 0.2809 0.8119
vn 0.9379 -0.1803 -0.2962
vn 0.3733 -0.4438 0.8147
vn 0.0025 -0.5729 0.8197
vn 0.3399 0.8831 0.3233
vn 0.6129 0.7143 -0.3377
vn -0.8333 -0.4672 0.2957
vn 0.8288 0.4609 0.3174
vn -0.8108 -0.1306 -0.5705
vn -0.8062 0.1519 -0.5718
vn -0.7908 0.1533 0.5926
vn -0.7953 -0.1291 0.5923
vn 0.9829 -0.1843 -0.0000
vn 0.9853 0.1710 -0.0000
vn 0.9821 -0.1877 -0.0127
vn 0.9871 0.1596 -0.0130
vn 0.9816 -0.1909 -0.0000
vn 0.9883 0.1525 -0.0000
vn -0.6904 0.4172 0.5910
vn -0.7061 0.4160 -0.5730
vn 0.8739 -0.4862 -0.0000
vn -0.5062 0.6311 0.5877
vn -0.5216 0.6299 -0.5754
vn 0.0321 -0.0784 -0.9964
vn 0.6317 -0.7751 -0.0077
vn 0.2579 -0.2705 0.9275
vn -0.2594 0.7681 0.5854
vn -0.2749 0.7675 -0.5791
vn 0.5547 -0.8321 -0.0000
vn 0.0662 -0.0911 0.9936
vn 0.0192 0.8140 0.5805
vn 0.0040 0.8124 -0.5831
vn -1.0000 -0.0000 -0.0000
vn 0.2968 0.7614 0.5763
vn 0.2815 0.7598 -0.5860
vn -0.0848 -0.9964 -0.0000
vn -0.3553 -0.9347 0.0060
vn -0.7353 -0.6778 -0.0000
vn 0.5394 0.6165 0.5736
vn 0.5239 0.6148 -0.5895
vn -0.0985 -0.0809 -0.9918
vn -0.6536 -0.7568 0.0090
vn -0.7526 -0.6585 -0.0000
vn 0.7177 0.3974 0.5718
vn 0.7019 0.3956 -0.5924
vn -0.8730 -0.4876 0.0124
vn 0.8107 0.1306 0.5708
vn 0.7955 0.1291 -0.5921
vn -0.9960 -0.0898 -0.0000
vn -0.9871 -0.1596 0.0128
vn -0.9873 -0.1589 -0.0000
vn 0.8063 -0.1519 0.5717
vn 0.7911 -0.1533 -0.5922
vn -0.9821 0.1877 0.0128
vn 0.0178 -0.0047 -0.9998
vn 0.7060 -0.4159 0.5732
vn 0.6907 -0.4173 -0.5906
vn -0.1483 0.0740 -0.9862
vn -0.8587 0.5123 0.0106
vn -0.1007 0.0678 0.9926
vn 0.5215 -0.6299 0.5756
vn 0.5063 -0.6312 -0.5876
vn -0.0742 0.0396 -0.9965
vn -0.2976 0.9547 -0.0000
vn 0.2595 -0.7687 -0.5846
vn -0.3286 0.9445 0.0033
vn -0.0040 -0.8124 0.5831
vn -0.0192 -0.8137 -0.5810
vn -0.0381 0.1643 -0.9857
vn 0.0142 0.9999 -0.0009
vn 0.0117 0.1644 0.9863
vn -0.2813 -0.7593 0.5868
vn -0.2967 -0.7611 -0.5768
vn 0.0296 0.1582 -0.9870
vn 0.3553 0.9347 -0.0061
vn 0.1455 0.8001 0.5819
vn -0.5240 -0.6149 0.5894
vn -0.5392 -0.6162 -0.5741
vn 0.1423 0.1762 -0.9740
vn 0.6536 0.7568 -0.0094
vn 0.6819 0.7315 -0.0000
vn -0.7021 -0.3957 0.5920
vn -0.7177 -0.3973 -0.5719
vn 0.2677 0.1487 -0.9519
vn 0.8730 0.4876 -0.0118
vn 0.8944 0.4472 -0.0000
vt 0.181819 0.000000
vt 0.227273 0.078731
vt 0.136365 0.078731
vt 0.272728 0.157461
vt 0.318182 0.078731
vt 0.363637 0.157461
vt 0.909091 0.000000
vt 0.954545 0.078731
vt 0.863636 0.078731
vt 0.727273 0.000000
vt 0.772727 0.078731
vt 0.681818 0.078731
vt 0.545455 0.000000
vt 0.590909 0.078731
vt 0.500000 0.078731
vt 0.318182 0.236191
vt 0.090910 0.157461
vt 0.181819 0.157461
vt 0.136365 0.236191
vt 0.818182 0.157461
vt 0.909091 0.157461
vt 0.863636 0.236191
vt 0.636364 0.157461
vt 0.727273 0.157461
vt 0.681818 0.236191
vt 0.454546 0.157461
vt 0.545455 0.157461
vt 0.500000 0.236191
vt 0.227273 0.236191
vt 0.045455 0.236191
vt 0.772727 0.236191
vt 0.590909 0.236191
vt 0.409092 0.236191
vt 0.181819 0.314921
vt 0.272728 0.314921
vt 0.227273 0.393651
vt 0.000000 0.314921
vt 0.090910 0.314921
vt 0.045455 0.393651
vt 0.727273 0.314921
vt 0.818182 0.314921
vt 0.772727 0.393651
vt 0.545455 0.314921
vt 0.636364 0.314921
vt 0.590909 0.393651
vt 0.363637 0.314921
vt 0.454546 0.314921
vt 0.409092 0.393651
vt 0.500000 0.393651
vt 0.454546 0.472382
vt 0.681818 0.393651
vt 0.636364 0.472382
vt 0.863636 0.393651
vt 0.818182 0.472382
vt 0.909091 0.314921
vt 0.136365 0.393651
vt 0.090910 0.472382
vt 0.318182 0.393651
vt 0.272728 0.472382
vt 0.954545 0.236191
vt 1.000000 0.157461
vt 0.409092 0.078731
vt 0.363637 0.000000
vt 0.909091 0.104973
vt 0.899366 0.016844
vt 0.954545 0.078730
vt 0.727273 0.104973
vt 0.717548 0.016845
vt 0.772727 0.078729
vt 0.545455 0.104974
vt 0.535730 0.016845
vt 0.590909 0.078730
vt 0.363637 0.104974
vt 0.353912 0.016845
vt 0.409092 0.078731
vt 0.181819 0.104974
vt 0.172094 0.016845
vt 0.227274 0.078731
vt 0.363637 0.104974
vt 0.270783 0.160830
vt 0.272728 0.078731
vt 0.363636 0.209947
vt 0.363637 0.157461
vt 0.272728 0.262433
vt 0.318182 0.236190
vt 0.181819 0.209947
vt 0.227274 0.236190
vt 0.181819 0.104974
vt 0.181819 0.157461
vt 0.909092 0.104974
vt 0.985413 0.149039
vt 0.909092 0.157461
vt 0.181819 0.104974
vt 0.097393 0.168690
vt 0.136364 0.078731
vt 0.181818 0.209947
vt 0.181818 0.157461
vt 0.090910 0.262434
vt 0.136364 0.236190
vt 0.909092 0.209947
vt 0.954546 0.236190
vt 0.727273 0.104974
vt 0.816237 0.160830
vt 0.727274 0.157461
vt 0.909091 0.104974
vt 0.818182 0.078731
vt 0.909090 0.209947
vt 0.909090 0.157461
vt 0.818182 0.262434
vt 0.863636 0.236191
vt 0.727274 0.209947
vt 0.772728 0.236191
vt 0.545455 0.104974
vt 0.634419 0.160830
vt 0.545456 0.157461
vt 0.727272 0.104974
vt 0.636364 0.078731
vt 0.727272 0.209947
vt 0.727272 0.157461
vt 0.636364 0.262434
vt 0.681818 0.236190
vt 0.545456 0.209947
vt 0.590910 0.236190
vt 0.363637 0.209947
vt 0.452601 0.160830
vt 0.409092 0.236190
vt 0.363637 0.157461
vt 0.545455 0.104974
vt 0.454546 0.078731
vt 0.545455 0.209947
vt 0.545455 0.157461
vt 0.454546 0.262433
vt 0.500000 0.236190
vt 0.090911 0.262435
vt 0.183764 0.311552
vt 0.090910 0.314921
vt 0.181819 0.209948
vt 0.136365 0.236192
vt 0.272727 0.262435
vt 0.227273 0.236192
vt 0.272727 0.367408
vt 0.272727 0.314921
vt 0.090910 0.367408
vt 0.181819 0.393651
vt 0.818182 0.262435
vt 0.902608 0.303692
vt 0.818182 0.314921
vt 0.909091 0.209949
vt 0.863637 0.236192
vt 0.090909 0.262435
vt 0.014587 0.323343
vt 0.045454 0.236192
vt 0.090909 0.367408
vt 0.090909 0.314921
vt 0.818182 0.367408
vt 0.863637 0.393651
vt 0.636364 0.262435
vt 0.729218 0.311552
vt 0.636364 0.314921
vt 0.727273 0.209949
vt 0.681819 0.236192
vt 0.818181 0.262435
vt 0.772727 0.236192
vt 0.818182 0.367408
vt 0.818182 0.314921
vt 0.636364 0.367408
vt 0.727273 0.393651
vt 0.454547 0.262435
vt 0.547400 0.311552
vt 0.454547 0.314921
vt 0.545455 0.209948
vt 0.500001 0.236192
vt 0.636363 0.262435
vt 0.590909 0.236192
vt 0.636364 0.367408
vt 0.636363 0.314921
vt 0.454547 0.367408
vt 0.545455 0.393651
vt 0.272729 0.262435
vt 0.365582 0.311552
vt 0.272729 0.314921
vt 0.363637 0.209948
vt 0.318183 0.236191
vt 0.454545 0.262435
vt 0.409091 0.236191
vt 0.454546 0.367408
vt 0.454545 0.314921
vt 0.272728 0.367408
vt 0.363637 0.393651
vt 0.090910 0.367408
vt 0.100635 0.455537
vt 0.045455 0.393651
vt 0.272728 0.367409
vt 0.282453 0.455538
vt 0.227274 0.393652
vt 0.454546 0.367409
vt 0.464271 0.455537
vt 0.409092 0.393653
vt 0.636364 0.367408
vt 0.646089 0.455537
vt 0.590910 0.393652
vt 0.827907 0.455537
vt 0.772727 0.393651
vt 0.954546 0.078731
vt 0.318182 0.078731
vt 0.500000 0.078731
vt 0.045455 0.236190
vt 0.136364 0.393652
vt 0.318182 0.393653
vt 0.863637 0.393651
vt 0.681819 0.393651
vt 0.500000 0.393652
vt 0.816237 0.160830
vt 0.727272 0.209947
vt 0.727272 0.157461
vt 0.452601 0.160830
vt 0.365582 0.311552
vt 0.409091 0.236191
vt 0.863637 0.078729
vt 0.045455 0.393651
vt 0.363637 0.157461
vt 0.545455 0.157461
vt 0.181819 0.209948
vt 0.818182 0.314921
vt 0.636363 0.314921
vt 0.409091 0.236191
vt 0.136365 0.078730
vt 0.681819 0.078730
vt 0.727272 0.157461
vt 0.545455 0.157461
vt 0.636363 0.314921
vt 0.409091 0.236191
vt 0.954545 0.236192
vt 0.863636 0.236191
vt 0.227273 0.236192
vt 0.272728 0.262433
vt 0.818182 0.262434
vt 0.409092 0.236190
vt 0.636363 0.314921
vt 0.363637 0.157461
vt 0.555556 0.500856
vt 0.500000 0.600000
vt 0.500000 0.500856
vt 0.555556 0.699144
vt 0.500000 0.699144
vt 0.500000 0.700855
vt 0.555556 0.800000
vt 0.500000 0.800000
vt 0.555556 0.900000
vt 0.500000 0.900000
vt 0.555556 0.900000
vt 0.500000 1.000000
vt 0.500000 0.000000
vt 0.555556 0.098627
vt 0.500000 0.098627
vt 0.555556 0.101373
vt 0.500000 0.200000
vt 0.500000 0.101373
vt 0.555556 0.300000
vt 0.500000 0.300000
vt 0.500000 0.300000
vt 0.555556 0.400000
vt 0.500000 0.400000
vt 0.555556 0.499144
vt 0.500000 0.499144
vt 0.611111 0.500856
vt 0.555556 0.600000
vt 0.611111 0.600000
vt 0.555556 0.700855
vt 0.611111 0.800000
vt 0.611111 0.900001
vt 0.555556 1.000000
vt 0.611111 0.000000
vt 0.555556 0.000000
vt 0.611111 0.200000
vt 0.555556 0.200000
vt 0.611111 0.300000
vt 0.611111 0.300000
vt 0.611111 0.400000
vt 0.666667 0.600000
vt 0.611111 0.699144
vt 0.611111 0.700855
vt 0.666667 0.800000
vt 0.666667 0.899999
vt 0.611111 0.900000
vt 0.666667 0.900000
vt 0.611111 1.000000
vt 0.666667 0.000000
vt 0.611111 0.098627
vt 0.666667 0.101373
vt 0.611111 0.101373
vt 0.666667 0.300000
vt 0.666667 0.400000
vt 0.611111 0.499145
vt 0.666667 0.500856
vt 0.722222 0.600000
vt 0.666667 0.699144
vt 0.666667 0.700855
vt 0.722222 0.800000
vt 0.722222 0.900000
vt 0.666667 1.000000
vt 0.722222 0.000000
vt 0.666667 0.098627
vt 0.722222 0.101373
vt 0.666667 0.200000
vt 0.722222 0.200000
vt 0.666667 0.300001
vt 0.722222 0.400000
vt 0.666667 0.499145
vt 0.777778 0.500855
vt 0.722222 0.500856
vt 0.777778 0.600000
vt 0.722222 0.699144
vt 0.777778 0.700855
vt 0.722222 0.700855
vt 0.777778 0.800000
vt 0.722222 0.900000
vt 0.777778 0.900000
vt 0.722222 1.000000
vt 0.777778 0.000000
vt 0.722222 0.098627
vt 0.777778 0.101373
vt 0.777778 0.300000
vt 0.722222 0.300000
vt 0.777778 0.300000
vt 0.722222 0.300000
vt 0.777778 0.400000
vt 0.722222 0.499145
vt 0.833333 0.500855
vt 0.833333 0.600000
vt 0.777778 0.699145
vt 0.833333 0.800000
vt 0.833333 0.899999
vt 0.777778 0.900000
vt 0.833333 1.000000
vt 0.777778 1.000000
vt 0.833333 0.098627
vt 0.777778 0.098627
vt 0.833333 0.101373
vt 0.777778 0.200000
vt 0.833333 0.300000
vt 0.833333 0.300001
vt 0.833333 0.499145
vt 0.777778 0.499145
vt 0.888889 0.500855
vt 0.888889 0.600000
vt 0.833333 0.699145
vt 0.833333 0.700855
vt 0.888889 0.800000
vt 0.888889 0.900000
vt 0.833333 0.900000
vt 0.888889 1.000000
vt 0.833333 0.000000
vt 0.888889 0.098627
vt 0.888889 0.200000
vt 0.833333 0.200000
vt 0.888889 0.400000
vt 0.833333 0.400000
vt 0.888889 0.499145
vt 0.944444 0.600000
vt 0.888889 0.699145
vt 0.888889 0.700855
vt 0.944444 0.800000
vt 0.888889 0.900000
vt 0.944444 1.000000
vt 0.888889 0.000000
vt 0.944444 0.098627
vt 0.944444 0.101373
vt 0.888889 0.101373
vt 0.944444 0.300001
vt 0.888889 0.300000
vt 0.944444 0.300000
vt 0.888889 0.300000
vt 0.944444 0.499144
vt 0.944445 0.500855
vt 0.999841 0.600000
vt 0.944445 0.699145
vt 1.000000 0.700855
vt 0.944444 0.700856
vt 0.999949 0.800000
vt 0.944444 0.899999
vt 0.944444 0.899999
vt 1.000000 1.000000
vt 1.000000 0.000000
vt 0.944444 0.000000
vt 1.000000 0.101373
vt 0.944444 0.200000
vt 1.000000 0.300000
vt 0.944444 0.400000
vt 0.999949 0.400000
vt 0.000000 0.500855
vt 0.055556 0.600000
vt 0.000159 0.600000
vt 0.055556 0.699145
vt 0.000000 0.699145
vt 0.000000 0.700855
vt 0.055556 0.800000
vt 0.000051 0.800000
vt 0.000000 0.900000
vt 0.055556 0.900000
vt 0.000000 1.000000
vt 0.000000 0.000000
vt 0.055556 0.098627
vt 0.000000 0.098627
vt 0.000000 0.101373
vt 0.055556 0.200000
vt 0.000000 0.200000
vt 0.055556 0.300000
vt 0.000000 0.300000
vt 0.055556 0.300000
vt 0.000051 0.400000
vt 0.055556 0.400000
vt 0.000000 0.499145
vt 0.111111 0.500855
vt 0.055556 0.500855
vt 0.111111 0.699145
vt 0.111111 0.700855
vt 0.055556 0.700856
vt 0.111111 0.900000
vt 0.055556 0.900000
vt 0.111111 0.900000
vt 0.055556 1.000000
vt 0.055556 0.000000
vt 0.111111 0.098627
vt 0.111111 0.101373
vt 0.055556 0.101373
vt 0.111111 0.300000
vt 0.111111 0.300000
vt 0.111111 0.499145
vt 0.055556 0.499144
vt 0.166667 0.600000
vt 0.111111 0.600000
vt 0.166667 0.699145
vt 0.166667 0.800000
vt 0.111111 0.800000
vt 0.166667 0.900000
vt 0.166667 0.900000
vt 0.111111 1.000000
vt 0.111111 0.000000
vt 0.166667 0.098627
vt 0.166667 0.101373
vt 0.111111 0.200000
vt 0.166667 0.300000
vt 0.166667 0.300000
vt 0.111111 0.400000
vt 0.166667 0.499144
vt 0.222222 0.500855
vt 0.166667 0.500856
vt 0.222222 0.600000
vt 0.166667 0.700855
vt 0.222222 0.800000
vt 0.222222 1.000000
vt 0.166667 1.000000
vt 0.166667 0.000000
vt 0.222222 0.098627
vt 0.222222 0.200000
vt 0.166667 0.200000
vt 0.222222 0.400000
vt 0.166667 0.400000
vt 0.277778 0.500856
vt 0.277778 0.600000
vt 0.222222 0.699144
vt 0.277778 0.700855
vt 0.222222 0.700855
vt 0.277778 0.800000
vt 0.222222 0.900000
vt 0.277778 0.900000
vt 0.222222 0.900000
vt 0.222222 0.000000
vt 0.277778 0.098627
vt 0.277778 0.101373
vt 0.222222 0.101373
vt 0.277778 0.300000
vt 0.222222 0.300000
vt 0.277778 0.300000
vt 0.222222 0.300000
vt 0.277778 0.499145
vt 0.222222 0.499145
vt 0.333333 0.500855
vt 0.333333 0.600000
vt 0.277778 0.699145
vt 0.333333 0.700855
vt 0.333333 0.899999
vt 0.277778 0.900000
vt 0.333333 1.000000
vt 0.277778 1.000000
vt 0.333333 0.000000
vt 0.277778 0.000000
vt 0.333333 0.101373
vt 0.277778 0.200000
vt 0.333333 0.200000
vt 0.333333 0.300000
vt 0.277778 0.400000
vt 0.333333 0.499145
vt 0.388889 0.500856
vt 0.388889 0.699144
vt 0.333333 0.699145
vt 0.388889 0.700855
vt 0.333333 0.800000
vt 0.388889 0.800000
vt 0.333333 0.900000
vt 0.388889 1.000000
vt 0.388889 0.000000
vt 0.333333 0.098627
vt 0.388889 0.200000
vt 0.333333 0.300000
vt 0.388889 0.400000
vt 0.333333 0.400000
vt 0.444444 0.600000
vt 0.388889 0.600000
vt 0.444444 0.699144
vt 0.444444 0.700855
vt 0.444444 0.800000
vt 0.388889 0.900000
vt 0.444445 0.900000
vt 0.388889 0.900000
vt 0.444444 0.000000
vt 0.388889 0.098627
vt 0.388889 0.101373
vt 0.444444 0.200000
vt 0.388889 0.300000
vt 0.444444 0.300000
vt 0.388889 0.300001
vt 0.444444 0.400000
vt 0.388889 0.499145
vt 0.444444 0.500856
vt 0.444444 0.499145
vt 0.444444 0.900000
vt 0.444444 0.098627
vt 0.444444 0.101373
vt 0.444445 0.300000
vt 1.000000 0.500855
vt 1.000000 0.900000
vt 1.000000 0.098627
vt 1.000000 0.699145
vt 1.000000 0.900000
vt 1.000000 0.200000
vt 1.000000 0.499145
vt 0.444444 1.000000
s 0
usemtl core
f 1/1/1 14/2/1 13/3/1
f 2/4/2 14/5/2 16/6/2
f 1/7/3 13/8/3 18/9/3
f 1/10/4 18/11/4 20/12/4
f 1/13/5 20/14/5 17/15/5
f 2/4/6 16/6/6 23/16/6
f 3/17/7 15/18/7 25/19/7
f 4/20/8 19/21/8 27/22/8
f 5/23/9 21/24/9 29/25/9
f 6/26/10 22/27/10 31/28/10
f 2/4/11 23/16/11 26/29/11
f 3/17/12 25/19/12 28/30/12
f 4/20/13 27/22/13 30/31/13
f 5/23/14 29/25/14 32/32/14
f 6/26/15 31/28/15 24/33/15
f 7/34/16 33/35/16 38/36/16
f 8/37/17 34/38/17 40/39/17
f 9/40/18 35/41/18 41/42/18
f 10/43/19 36/44/19 42/45/19
f 11/46/20 37/47/20 39/48/20
f 39/48/21 42/49/21 12/50/21
f 39/48/22 37/47/22 42/49/22
f 37/47/23 10/43/23 42/49/23
f 42/45/24 41/51/24 12/52/24
f 42/45/25 36/44/25 41/51/25
f 36/44/26 9/40/26 41/51/26
f 41/42/27 40/53/27 12/54/27
f 41/42/28 35/41/28 40/53/28
f 35/41/29 8/55/29 40/53/29
f 40/39/30 38/56/30 12/57/30
f 40/39/31 34/38/31 38/56/31
f 34/38/32 7/34/32 38/56/32
f 38/36/33 39/58/33 12/59/33
f 38/36/34 33/35/34 39/58/34
f 33/35/35 11/46/35 39/58/35
f 24/33/36 37/47/36 11/46/36
f 24/33/37 31/28/37 37/47/37
f 31/28/38 10/43/38 37/47/38
f 32/32/39 36/44/39 10/43/39
f 32/32/40 29/25/40 36/44/40
f 29/25/41 9/40/41 36/44/41
f 30/31/42 35/41/42 9/40/42
f 30/31/43 27/22/43 35/41/43
f 27/22/44 8/55/44 35/41/44
f 28/30/45 34/38/45 8/37/45
f 28/30/46 25/19/46 34/38/46
f 25/19/47 7/34/47 34/38/47
f 26/29/48 33/35/48 7/34/48
f 26/29/49 23/16/49 33/35/49
f 23/16/50 11/46/50 33/35/50
f 31/28/51 32/32/51 10/43/51
f 31/28/52 22/27/52 32/32/52
f 22/27/53 5/23/53 32/32/53
f 29/25/54 30/31/54 9/40/54
f 29/25/55 21/24/55 30/31/55
f 21/24/56 4/20/56 30/31/56
f 27/22/57 28/60/57 8/55/57
f 27/22/58 19/21/58 28/60/58
f 19/21/59 3/61/59 28/60/59
f 25/19/60 26/29/60 7/34/60
f 25/19/61 15/18/61 26/29/61
f 15/18/62 2/4/62 26/29/62
f 23/16/63 24/33/63 11/46/63
f 23/16/64 16/6/64 24/33/64
f 16/6/65 6/26/65 24/33/65
f 17/15/66 22/27/66 6/26/66
f 17/15/67 20/14/67 22/27/67
f 20/14/68 5/23/68 22/27/68
f 20/12/69 21/24/69 5/23/69
f 20/12/70 18/11/70 21/24/70
f 18/11/71 4/20/71 21/24/71
f 18/9/72 19/21/72 4/20/72
f 18/9/73 13/8/73 19/21/73
f 13/8/74 3/61/74 19/21/74
f 16/6/75 17/62/75 6/26/75
f 16/6/76 14/5/76 17/62/76
f 14/5/77 1/63/77 17/62/77
f 13/3/78 15/18/78 3/17/78
f 13/3/79 14/2/79 15/18/79
f 14/2/80 2/4/80 15/18/80
f 43/1/81 56/2/81 55/3/81
f 44/4/82 56/5/82 58/6/82
f 43/7/83 55/8/83 60/9/83
f 43/10/84 60/11/84 62/12/84
f 43/13/85 62/14/85 59/15/85
f 44/4/86 58/6/86 65/16/86
f 45/17/87 57/18/87 67/19/87
f 46/20/88 61/21/88 69/22/88
f 47/23/89 63/24/89 71/25/89
f 48/26/90 64/27/90 73/28/90
f 44/4/91 65/16/91 68/29/91
f 45/17/92 67/19/92 70/30/92
f 46/20/93 69/22/93 72/31/93
f 47/23/94 71/25/94 74/32/94
f 48/26/95 73/28/95 66/33/95
f 49/34/96 75/35/96 80/36/96
f 50/37/97 76/38/97 82/39/97
f 51/40/98 77/41/98 83/42/98
f 52/43/99 78/44/99 84/45/99
f 53/46/100 79/47/100 81/48/100
f 81/48/101 84/49/101 54/50/101
f 81/48/102 79/47/102 84/49/102
f 79/47/103 52/43/103 84/49/103
f 84/45/104 83/51/104 54/52/104
f 84/45/105 78/44/105 83/51/105
f 78/44/106 51/40/106 83/51/106
f 83/42/107 82/53/107 54/54/107
f 83/42/108 77/41/108 82/53/108
f 77/41/109 50/55/109 82/53/109
f 82/39/110 80/56/110 54/57/110
f 82/39/111 76/38/111 80/56/111
f 76/38/112 49/34/112 80/56/112
f 80/36/113 81/58/113 54/59/113
f 80/36/114 75/35/114 81/58/114
f 75/35/115 53/46/115 81/58/115
f 66/33/116 79/47/116 53/46/116
f 66/33/117 73/28/117 79/47/117
f 73/28/118 52/43/118 79/47/118
f 74/32/119 78/44/119 52/43/119
f 74/32/120 71/25/120 78/44/120
f 71/25/121 51/40/121 78/44/121
f 72/31/122 77/41/122 51/40/122
f 72/31/123 69/22/123 77/41/123
f 69/22/124 50/55/124 77/41/124
f 70/30/125 76/38/125 50/37/125
f 70/30/126 67/19/126 76/38/126
f 67/19/127 49/34/127 76/38/127
f 68/29/128 75/35/128 49/34/128
f 68/29/129 65/16/129 75/35/129
f 65/16/130 53/46/130 75/35/130
f 73/28/131 74/32/131 52/43/131
f 73/28/132 64/27/132 74/32/132
f 64/27/133 47/23/133 74/32/133
f 71/25/134 72/31/134 51/40/134
f 71/25/135 63/24/135 72/31/135
f 63/24/136 46/20/136 72/31/136
f 69/22/137 70/60/137 50/55/137
f 69/22/138 61/21/138 70/60/138
f 61/21/139 45/61/139 70/60/139
f 67/19/140 68/29/140 49/34/140
f 67/19/141 57/18/141 68/29/141
f 57/18/142 44/4/142 68/29/142
f 65/16/143 66/33/143 53/46/143
f 65/16/144 58/6/144 66/33/144
f 58/6/145 48/26/145 66/33/145
f 59/15/146 64/27/146 48/26/146
f 59/15/147 62/14/147 64/27/147
f 62/14/148 47/23/148 64/27/148
f 62/12/149 63/24/149 47/23/149
f 62/12/150 60/11/150 63/24/150
f 60/11/151 46/20/151 63/24/151
f 60/9/152 61/21/152 46/20/152
f 60/9/153 55/8/153 61/21/153
f 55/8/154 45/61/154 61/21/154
f 58/6/155 59/62/155 48/26/155
f 58/6/156 56/5/156 59/62/156
f 56/5/157 43/63/157 59/62/157
f 55/3/158 57/18/158 45/17/158
f 55/3/159 56/2/159 57/18/159
f 56/2/160 44/4/160 57/18/160
f 85/64/161 91/65/161 95/66/161
f 86/67/162 91/68/162 90/69/162
f 87/70/163 91/71/163 92/72/163
f 88/73/164 91/74/164 93/75/164
f 89/76/165 91/77/165 94/78/165
f 96/79/166 102/80/166 106/81/166
f 97/82/167 102/80/167 101/83/167
f 98/84/168 102/80/168 103/85/168
f 99/86/169 102/80/169 104/87/169
f 100/88/170 102/80/170 105/89/170
f 107/90/171 113/91/171 117/92/171
f 108/93/172 113/94/172 112/95/172
f 109/96/173 113/94/173 114/97/173
f 110/98/174 113/94/174 115/99/174
f 111/100/175 113/91/175 116/101/175
f 118/102/176 124/103/176 128/104/176
f 119/105/177 124/103/177 123/106/177
f 120/107/178 124/103/178 125/108/178
f 121/109/179 124/103/179 126/110/179
f 122/111/180 124/103/180 127/112/180
f 129/113/181 135/114/181 139/115/181
f 130/116/182 135/114/182 134/117/182
f 131/118/183 135/114/183 136/119/183
f 132/120/184 135/114/184 137/121/184
f 133/122/185 135/114/185 138/123/185
f 140/124/186 146/125/186 150/126/186
f 141/79/187 146/125/187 145/127/187
f 142/128/188 146/125/188 147/129/188
f 143/130/189 146/125/189 148/131/189
f 144/132/190 146/125/190 149/133/190
f 151/134/191 157/135/191 161/136/191
f 152/137/192 157/135/192 156/138/192
f 153/139/193 157/135/193 158/140/193
f 154/141/194 157/135/194 159/142/194
f 155/143/195 157/135/195 160/144/195
f 162/145/196 168/146/196 172/147/196
f 163/148/197 168/146/197 167/149/197
f 164/150/198 168/151/198 169/152/198
f 165/153/199 168/151/199 170/154/199
f 166/155/200 168/146/200 171/156/200
f 173/157/201 179/158/201 183/159/201
f 174/160/202 179/158/202 178/161/202
f 175/162/203 179/158/203 180/163/203
f 176/164/204 179/158/204 181/165/204
f 177/166/205 179/158/205 182/167/205
f 184/168/206 190/169/206 194/170/206
f 185/171/207 190/169/207 189/172/207
f 186/173/208 190/169/208 191/174/208
f 187/175/209 190/169/209 192/176/209
f 188/177/210 190/169/210 193/178/210
f 195/179/211 201/180/211 205/181/211
f 196/182/212 201/180/212 200/183/212
f 197/184/213 201/180/213 202/185/213
f 198/186/214 201/180/214 203/187/214
f 199/188/215 201/180/215 204/189/215
f 206/190/216 212/191/216 216/192/216
f 207/193/217 212/194/217 211/195/217
f 208/196/218 212/197/218 213/198/218
f 209/199/219 212/200/219 214/201/219
f 210/164/220 212/202/220 215/203/220
f 85/64/221 112/204/221 107/90/221
f 112/95/222 89/76/222 108/93/222
f 88/73/223 106/81/223 94/205/223
f 106/81/224 89/76/224 94/78/224
f 99/86/225 114/97/225 105/89/225
f 114/97/226 100/88/226 105/89/226
f 97/82/227 145/127/227 140/124/227
f 145/127/228 96/79/228 141/79/228
f 142/128/229 93/206/229 87/70/229
f 93/75/230 141/79/230 88/73/230
f 118/102/231 90/69/231 123/106/231
f 123/106/232 85/64/232 119/105/232
f 111/100/233 125/108/233 117/92/233
f 125/108/234 107/90/234 117/92/234
f 129/113/235 92/72/235 134/117/235
f 134/117/236 86/67/236 130/116/236
f 122/111/237 136/119/237 128/104/237
f 136/119/238 118/102/238 128/104/238
f 143/130/239 139/115/239 133/122/239
f 148/131/240 129/113/240 139/115/240
f 98/84/241 200/183/241 195/179/241
f 200/183/242 97/82/242 196/182/242
f 144/132/243 202/185/243 150/126/243
f 202/185/244 140/124/244 150/126/244
f 151/134/245 115/99/245 156/138/245
f 156/138/246 109/96/246 152/137/246
f 98/84/247 158/140/247 104/87/247
f 104/87/248 152/137/248 99/86/248
f 121/109/249 167/149/249 162/145/249
f 126/110/250 163/148/250 167/149/250
f 164/150/251 116/207/251 110/98/251
f 116/101/252 163/148/252 111/100/252
f 173/157/253 137/121/253 178/161/253
f 137/121/254 174/160/254 178/161/254
f 175/162/255 127/112/255 121/109/255
f 127/112/256 174/160/256 122/111/256
f 144/132/257 189/172/257 184/168/257
f 149/133/258 185/171/258 189/172/258
f 132/120/259 191/174/259 138/123/259
f 191/174/260 133/122/260 138/123/260
f 154/141/261 205/181/261 199/188/261
f 159/142/262 195/179/262 205/181/262
f 165/153/263 161/136/263 155/143/263
f 170/154/264 151/134/264 161/136/264
f 166/155/265 181/165/265 172/147/265
f 181/165/266 162/145/266 172/147/266
f 177/166/267 192/176/267 183/159/267
f 192/176/268 173/157/268 183/159/268
f 188/177/269 203/187/269 194/170/269
f 194/170/270 197/184/270 184/168/270
f 155/143/271 211/208/271 206/190/271
f 160/144/272 207/193/272 211/195/272
f 208/196/273 204/189/273 198/186/273
f 213/209/274 199/188/274 204/189/274
f 210/164/275 171/156/275 216/210/275
f 216/192/276 165/153/276 206/190/276
f 177/166/277 215/211/277 209/199/277
f 215/203/230 176/164/230 210/164/230
f 188/177/278 214/212/278 208/196/278
f 193/178/279 209/199/279 214/201/279
f 85/64/280 107/90/280 119/105/280
f 89/76/281 100/88/281 108/93/281
f 96/79/228 88/73/228 141/79/228
f 86/67/282 118/102/282 130/116/282
f 87/70/283 129/113/283 142/128/283
f 97/82/284 140/124/284 196/182/284
f 98/84/285 195/179/285 153/139/285
f 109/96/286 99/86/286 152/137/286
f 110/98/287 151/134/287 164/150/287
f 120/107/288 111/100/288 163/148/288
f 121/109/228 162/145/228 175/162/228
f 131/118/289 122/111/289 174/160/289
f 132/120/290 173/157/290 186/173/290
f 143/130/291 133/122/291 185/171/291
f 144/132/292 184/168/292 197/184/292
f 165/153/293 155/143/293 206/190/293
f 154/141/294 199/188/294 207/193/294
f 176/164/228 166/155/228 210/164/228
f 187/175/228 177/166/228 209/199/228
f 198/186/295 188/177/295 208/196/295
f 217/64/296 223/65/296 227/66/296
f 218/67/297 223/68/297 222/69/297
f 219/70/298 223/71/298 224/72/298
f 220/73/299 223/74/299 225/75/299
f 221/76/300 223/77/300 226/78/300
f 228/79/301 234/80/301 238/81/301
f 229/82/302 234/80/302 233/83/302
f 230/84/303 234/80/303 235/85/303
f 231/86/304 234/80/304 236/87/304
f 232/88/305 234/80/305 237/89/305
f 239/90/306 245/91/306 249/92/306
f 240/93/307 245/94/307 244/95/307
f 241/96/308 245/94/308 246/97/308
f 242/98/309 245/94/309 247/99/309
f 243/100/310 245/91/310 248/101/310
f 250/102/311 256/213/311 260/104/311
f 251/105/312 256/213/312 255/106/312
f 252/107/313 256/213/313 257/108/313
f 253/109/314 256/213/314 258/110/314
f 254/111/315 256/213/315 259/112/315
f 261/113/316 267/114/316 271/115/316
f 262/116/317 267/114/317 266/117/317
f 263/214/318 267/114/318 268/215/318
f 264/120/319 267/114/319 269/121/319
f 265/122/320 267/114/320 270/123/320
f 272/124/321 278/216/321 282/126/321
f 273/79/322 278/216/322 277/127/322
f 274/128/323 278/216/323 279/129/323
f 275/130/324 278/216/324 280/131/324
f 276/132/325 278/216/325 281/133/325
f 283/134/326 289/135/326 293/136/326
f 284/137/327 289/135/327 288/138/327
f 285/139/328 289/135/328 290/140/328
f 286/141/329 289/135/329 291/142/329
f 287/143/330 289/135/330 292/144/330
f 294/145/331 300/146/331 304/147/331
f 295/148/332 300/146/332 299/149/332
f 296/150/333 300/151/333 301/152/333
f 297/153/334 300/151/334 302/154/334
f 298/155/335 300/146/335 303/156/335
f 305/157/336 311/158/336 315/159/336
f 306/160/337 311/158/337 310/161/337
f 307/162/338 311/158/338 312/163/338
f 308/164/339 311/158/339 313/165/339
f 309/166/340 311/158/340 314/167/340
f 316/168/341 322/169/341 326/170/341
f 317/171/342 322/169/342 321/172/342
f 318/173/343 322/169/343 323/174/343
f 319/175/344 322/169/344 324/176/344
f 320/177/345 322/169/345 325/178/345
f 327/179/346 333/217/346 337/181/346
f 328/182/347 333/217/347 332/183/347
f 329/184/348 333/217/348 334/218/348
f 330/186/349 333/217/349 335/187/349
f 331/188/350 333/217/350 336/189/350
f 338/190/351 344/191/351 348/192/351
f 339/193/352 344/194/352 343/195/352
f 340/196/353 344/197/353 345/198/353
f 341/199/354 344/200/354 346/201/354
f 342/164/355 344/202/355 347/203/355
f 239/90/356 227/66/356 244/204/356
f 244/95/357 221/76/357 240/93/357
f 220/73/358 238/81/358 226/205/358
f 226/78/359 232/88/359 221/76/359
f 241/96/360 237/89/360 231/86/360
f 246/97/361 232/88/361 237/89/361
f 229/82/362 277/127/362 272/124/362
f 277/127/228 228/79/228 273/79/228
f 219/70/363 279/129/363 225/206/363
f 225/75/228 273/79/228 220/73/228
f 250/102/364 222/69/364 255/106/364
f 222/219/365 251/105/365 255/106/365
f 252/107/366 249/92/366 243/100/366
f 257/108/367 239/90/367 249/92/367
f 261/113/368 224/72/368 266/117/368
f 266/117/369 218/67/369 262/116/369
f 254/111/370 268/215/370 260/104/370
f 268/215/371 250/102/371 260/104/371
f 265/122/372 280/131/372 271/115/372
f 280/131/373 261/113/373 271/115/373
f 327/179/374 235/85/374 332/183/374
f 332/183/375 229/82/375 328/182/375
f 329/184/376 282/126/376 276/132/376
f 334/218/377 272/124/377 282/126/377
f 283/134/378 247/99/378 288/138/378
f 288/138/379 241/96/379 284/137/379
f 230/84/380 290/140/380 236/87/380
f 290/140/381 231/86/381 236/87/381
f 253/109/382 299/149/382 294/145/382
f 258/110/383 295/148/383 299/149/383
f 296/150/384 248/207/384 242/98/384
f 248/101/385 295/148/385 243/100/385
f 305/157/386 269/121/386 310/161/386
f 269/121/387 306/160/387 310/161/387
f 307/162/388 259/112/388 253/109/388
f 259/112/389 306/160/389 254/111/389
f 316/168/390 281/133/390 321/172/390
f 321/172/391 275/130/391 317/171/391
f 264/120/392 323/174/392 270/123/392
f 270/123/393 317/171/393 265/122/393
f 331/188/394 291/142/394 337/181/394
f 337/181/395 285/139/395 327/179/395
f 287/143/396 302/154/396 293/136/396
f 293/136/397 296/150/397 283/134/397
f 298/155/398 313/165/398 304/147/398
f 304/147/399 307/162/399 294/145/399
f 309/166/400 324/176/400 315/159/400
f 324/176/401 305/157/401 315/159/401
f 330/186/402 326/170/402 320/177/402
f 335/187/403 316/168/403 326/170/403
f 338/190/404 292/144/404 343/208/404
f 343/195/405 286/141/405 339/193/405
f 340/196/406 336/189/406 330/186/406
f 336/189/407 339/193/407 331/188/407
f 342/164/408 303/156/408 348/210/408
f 303/220/409 338/190/409 348/192/409
f 309/166/410 347/211/410 341/199/410
f 347/203/228 308/164/228 342/164/228
f 340/196/411 325/178/411 346/212/411
f 346/201/412 319/175/412 341/199/412
f 217/64/413 239/90/413 251/105/413
f 221/76/414 232/88/414 240/93/414
f 228/79/228 220/73/228 273/79/228
f 218/67/415 250/102/415 262/116/415
f 219/70/416 261/113/416 274/128/416
f 229/82/417 272/124/417 328/182/417
f 230/84/418 327/179/418 285/139/418
f 241/96/419 231/86/419 284/137/419
f 242/98/420 283/134/420 296/150/420
f 252/107/421 243/100/421 295/148/421
f 253/109/228 294/145/228 307/162/228
f 263/214/422 254/111/422 306/160/422
f 264/120/423 305/157/423 318/173/423
f 275/130/424 265/122/424 317/171/424
f 276/132/425 316/168/425 329/184/425
f 297/153/228 287/143/228 338/190/228
f 286/141/426 331/188/426 339/193/426
f 308/164/228 298/155/228 342/164/228
f 319/175/228 309/166/228 341/199/228
f 330/186/427 320/177/427 340/196/427
f 349/64/428 355/65/428 359/66/428
f 350/67/429 355/68/429 354/69/429
f 351/70/430 355/71/430 356/72/430
f 352/73/431 355/74/431 357/75/431
f 353/76/432 355/77/432 358/78/432
f 360/79/433 366/80/433 370/81/433
f 361/82/434 366/80/434 365/83/434
f 362/84/435 366/80/435 367/85/435
f 363/86/436 366/80/436 368/87/436
f 364/88/437 366/80/437 369/89/437
f 371/90/438 377/91/438 381/92/438
f 372/93/439 377/94/439 376/95/439
f 373/96/440 377/94/440 378/97/440
f 374/98/441 377/94/441 379/99/441
f 375/100/442 377/91/442 380/101/442
f 382/102/443 388/103/443 392/104/443
f 383/105/444 388/103/444 387/106/444
f 384/107/445 388/103/445 389/108/445
f 385/109/446 388/103/446 390/110/446
f 386/111/447 388/103/447 391/112/447
f 393/113/448 399/114/448 403/115/448
f 394/116/449 399/114/449 398/117/449
f 395/118/450 399/114/450 400/215/450
f 396/120/451 399/114/451 401/121/451
f 397/122/452 399/114/452 402/123/452
f 404/124/453 410/125/453 414/126/453
f 405/79/454 410/125/454 409/221/454
f 406/128/455 410/125/455 411/129/455
f 407/130/456 410/125/456 412/222/456
f 408/132/457 410/125/457 413/133/457
f 415/134/458 421/135/458 425/136/458
f 416/223/459 421/135/459 420/138/459
f 417/139/460 421/135/460 422/140/460
f 418/141/461 421/135/461 423/142/461
f 419/143/462 421/135/462 424/144/462
f 426/145/463 432/146/463 436/224/463
f 427/148/464 432/146/464 431/149/464
f 428/150/465 432/151/465 433/152/465
f 429/153/466 432/151/466 434/154/466
f 430/155/467 432/146/467 435/156/467
f 437/157/468 443/158/468 447/159/468
f 438/160/469 443/158/469 442/161/469
f 439/162/470 443/158/470 444/163/470
f 440/164/471 443/158/471 445/165/471
f 441/166/472 443/158/472 446/167/472
f 448/168/473 454/169/473 458/170/473
f 449/171/474 454/169/474 453/172/474
f 450/173/475 454/169/475 455/174/475
f 451/175/476 454/169/476 456/225/476
f 452/177/477 454/169/477 457/178/477
f 459/179/478 465/180/478 469/181/478
f 460/182/479 465/180/479 464/183/479
f 461/184/480 465/180/480 466/226/480
f 462/186/481 465/180/481 467/187/481
f 463/188/482 465/180/482 468/189/482
f 470/190/483 476/191/483 480/192/483
f 471/193/484 476/194/484 475/195/484
f 472/196/485 476/197/485 477/198/485
f 473/199/486 476/200/486 478/201/486
f 474/164/487 476/202/487 479/203/487
f 371/90/488 359/66/488 376/204/488
f 359/227/489 372/93/489 376/95/489
f 352/73/490 370/81/490 358/205/490
f 358/78/491 364/88/491 353/76/491
f 373/96/492 369/89/492 363/86/492
f 378/97/493 364/88/493 369/89/493
f 361/82/494 409/221/494 404/124/494
f 409/221/228 360/79/228 405/79/228
f 406/128/495 357/206/495 351/70/495
f 357/75/228 405/79/228 352/73/228
f 350/67/496 387/106/496 382/102/496
f 354/219/497 383/105/497 387/106/497
f 384/107/498 381/92/498 375/100/498
f 389/108/499 371/90/499 381/92/499
f 351/70/500 398/117/500 393/113/500
f 356/228/501 394/116/501 398/117/501
f 386/111/502 400/215/502 392/104/502
f 400/215/503 382/102/503 392/104/503
f 407/130/504 403/115/504 397/122/504
f 412/222/505 393/113/505 403/115/505
f 362/84/506 464/183/506 459/179/506
f 367/85/507 460/182/507 464/183/507
f 461/184/508 414/126/508 408/132/508
f 414/126/509 460/182/509 404/124/509
f 374/98/510 420/138/510 415/134/510
f 379/99/511 416/223/511 420/138/511
f 362/84/512 422/140/512 368/87/512
f 422/140/513 363/86/513 368/87/513
f 385/109/514 431/149/514 426/145/514
f 431/149/515 384/107/515 427/148/515
f 374/98/516 433/152/516 380/207/516
f 380/101/517 427/148/517 375/100/517
f 437/157/518 401/121/518 442/161/518
f 442/161/519 395/118/519 438/160/519
f 385/109/520 444/163/520 391/112/520
f 391/112/521 438/160/521 386/111/521
f 408/132/522 453/172/522 448/168/522
f 413/133/523 449/171/523 453/172/523
f 450/173/524 402/123/524 396/120/524
f 455/174/525 397/122/525 402/123/525
f 463/188/526 423/142/526 469/181/526
f 469/181/527 417/139/527 459/179/527
f 429/153/528 425/136/528 419/143/528
f 434/154/529 415/134/529 425/136/529
f 430/155/530 445/165/530 436/224/530
f 436/224/531 439/162/531 426/145/531
f 441/166/532 456/225/532 447/159/532
f 456/225/533 437/157/533 447/159/533
f 452/177/534 467/187/534 458/170/534
f 467/187/535 448/168/535 458/170/535
f 470/190/536 424/144/536 475/208/536
f 475/195/537 418/141/537 471/193/537
f 462/186/538 477/198/538 468/189/538
f 468/189/539 471/193/539 463/188/539
f 474/164/540 435/156/540 480/210/540
f 435/220/541 470/190/541 480/192/541
f 473/199/542 446/167/542 479/211/542
f 479/203/228 440/164/228 474/164/228
f 472/196/543 457/178/543 478/212/543
f 478/201/544 451/175/544 473/199/544
f 349/64/545 371/90/545 383/105/545
f 353/76/546 364/88/546 372/93/546
f 360/79/228 352/73/228 405/79/228
f 350/67/547 382/102/547 394/116/547
f 351/70/548 393/113/548 406/128/548
f 361/82/549 404/124/549 460/182/549
f 362/84/550 459/179/550 417/139/550
f 373/96/551 363/86/551 416/223/551
f 374/98/552 415/134/552 428/150/552
f 384/107/553 375/100/553 427/148/553
f 385/109/228 426/145/228 439/162/228
f 395/118/554 386/111/554 438/160/554
f 396/120/555 437/157/555 450/173/555
f 407/130/556 397/122/556 449/171/556
f 408/132/557 448/168/557 461/184/557
f 429/153/228 419/143/228 470/190/228
f 418/141/558 463/188/558 471/193/558
f 440/164/228 430/155/228 474/164/228
f 451/175/559 441/166/559 473/199/559
f 462/186/560 452/177/560 472/196/560
f 481/64/561 487/65/561 491/66/561
f 482/67/562 487/68/562 486/69/562
f 483/70/563 487/71/563 488/72/563
f 484/73/564 487/74/564 489/75/564
f 485/76/565 487/77/565 490/78/565
f 492/79/566 498/80/566 502/81/566
f 493/82/567 498/80/567 497/83/567
f 494/84/568 498/80/568 499/85/568
f 495/86/569 498/80/569 500/87/569
f 496/88/570 498/80/570 501/89/570
f 503/90/571 509/91/571 513/92/571
f 504/93/572 509/94/572 508/95/572
f 505/96/573 509/94/573 510/97/573
f 506/98/574 509/94/574 511/99/574
f 507/100/575 509/91/575 512/101/575
f 514/102/576 520/213/576 524/104/576
f 515/105/577 520/213/577 519/106/577
f 516/107/578 520/213/578 521/108/578
f 517/109/579 520/213/579 522/110/579
f 518/111/580 520/213/580 523/112/580
f 525/113/581 531/114/581 535/115/581
f 526/116/582 531/114/582 530/117/582
f 527/118/583 531/114/583 532/229/583
f 528/120/584 531/114/584 533/121/584
f 529/122/585 531/114/585 534/123/585
f 536/124/586 542/216/586 546/126/586
f 537/79/587 542/216/587 541/127/587
f 538/128/588 542/216/588 543/129/588
f 539/130/589 542/216/589 544/230/589
f 540/132/590 542/216/590 545/133/590
f 547/134/591 553/135/591 557/136/591
f 548/223/592 553/135/592 552/138/592
f 549/139/593 553/135/593 554/140/593
f 550/141/594 553/135/594 555/142/594
f 551/143/595 553/135/595 556/144/595
f 558/145/596 564/146/596 568/147/596
f 559/148/597 564/146/597 563/149/597
f 560/150/598 564/151/598 565/152/598
f 561/153/599 564/151/599 566/154/599
f 562/155/600 564/146/600 567/156/600
f 569/157/601 575/158/601 579/159/601
f 570/160/602 575/158/602 574/161/602
f 571/162/603 575/158/603 576/163/603
f 572/164/604 575/158/604 577/165/604
f 573/166/605 575/158/605 578/167/605
f 580/168/606 586/169/606 590/170/606
f 581/171/607 586/169/607 585/172/607
f 582/173/608 586/169/608 587/174/608
f 583/175/609 586/169/609 588/231/609
f 584/177/610 586/169/610 589/178/610
f 591/179/611 597/217/611 601/181/611
f 592/182/612 597/217/612 596/183/612
f 593/184/613 597/217/613 598/232/613
f 594/186/614 597/217/614 599/187/614
f 595/188/615 597/217/615 600/189/615
f 602/190/616 608/191/616 612/192/616
f 603/193/617 608/194/617 607/195/617
f 604/196/618 608/197/618 609/198/618
f 605/199/619 608/200/619 610/201/619
f 606/164/620 608/202/620 611/203/620
f 503/90/621 491/66/621 508/204/621
f 508/95/622 485/76/622 504/93/622
f 484/73/623 502/81/623 490/205/623
f 490/78/624 496/88/624 485/76/624
f 495/86/625 510/97/625 501/89/625
f 501/89/626 504/93/626 496/88/626
f 536/124/627 497/83/627 541/127/627
f 541/127/228 492/79/228 537/79/228
f 483/70/628 543/129/628 489/206/628
f 489/75/228 537/79/228 484/73/228
f 482/67/629 519/106/629 514/102/629
f 486/219/630 515/105/630 519/106/630
f 516/107/631 513/92/631 507/100/631
f 513/92/632 515/105/632 503/90/632
f 483/70/224 530/117/224 525/113/224
f 488/228/633 526/116/633 530/117/633
f 527/118/634 524/104/634 518/111/634
f 532/229/635 514/102/635 524/104/635
f 529/122/636 544/230/636 535/115/636
f 535/115/637 538/128/637 525/113/637
f 591/179/638 499/85/638 596/183/638
f 596/183/639 493/82/639 592/182/639
f 540/132/640 598/232/640 546/126/640
f 546/126/641 592/182/641 536/124/641
f 506/98/642 552/138/642 547/134/642
f 511/99/643 548/223/643 552/138/643
f 549/139/644 500/87/644 494/84/644
f 500/87/645 548/223/645 495/86/645
f 558/145/646 522/110/646 563/149/646
f 522/110/647 559/148/647 563/149/647
f 560/150/648 512/207/648 506/98/648
f 565/233/649 507/100/649 512/101/649
f 569/157/650 533/121/650 574/161/650
f 533/121/651 570/160/651 574/161/651
f 571/162/652 523/112/652 517/109/652
f 576/163/653 518/111/653 523/112/653
f 540/132/654 585/172/654 580/168/654
f 585/172/655 539/130/655 581/171/655
f 582/173/656 534/123/656 528/120/656
f 587/174/657 529/122/657 534/123/657
f 550/141/658 601/181/658 595/188/658
f 601/181/659 549/139/659 591/179/659
f 551/143/660 566/154/660 557/136/660
f 557/136/661 560/150/661 547/134/661
f 562/155/662 577/165/662 568/147/662
f 568/147/663 571/162/663 558/145/663
f 573/166/664 588/231/664 579/159/664
f 588/231/665 569/157/665 579/159/665
f 584/177/666 599/187/666 590/170/666
f 590/170/667 593/184/667 580/168/667
f 551/143/228 607/208/228 602/190/228
f 607/195/668 550/141/668 603/193/668
f 604/196/669 600/189/669 594/186/669
f 600/189/670 603/193/670 595/188/670
f 606/164/671 567/156/671 612/210/671
f 567/220/228 602/190/228 612/192/228
f 605/199/672 578/167/672 611/211/672
f 611/203/228 572/164/228 606/164/228
f 584/177/673 610/212/673 604/196/673
f 589/178/674 605/199/674 610/201/674
f 481/64/675 503/90/675 515/105/675
f 485/76/224 496/88/224 504/93/224
f 492/79/228 484/73/228 537/79/228
f 482/67/676 514/102/676 526/116/676
f 483/70/224 525/113/224 538/128/224
f 493/82/284 536/124/284 592/182/284
f 494/84/677 591/179/677 549/139/677
f 505/96/678 495/86/678 548/223/678
f 506/98/679 547/134/679 560/150/679
f 516/107/680 507/100/680 559/148/680
f 517/109/681 558/145/681 571/162/681
f 527/118/682 518/111/682 570/160/682
f 528/120/683 569/157/683 582/173/683
f 539/130/684 529/122/684 581/171/684
f 540/132/685 580/168/685 593/184/685
f 561/153/686 551/143/686 602/190/686
f 550/141/687 595/188/687 603/193/687
f 572/164/228 562/155/228 606/164/228
f 583/175/688 573/166/688 605/199/688
f 594/186/689 584/177/689 604/196/689
f 613/64/690 619/65/690 623/66/690
f 614/67/691 619/68/691 618/69/691
f 615/70/692 619/71/692 620/72/692
f 616/73/693 619/74/693 621/75/693
f 617/76/694 619/77/694 622/78/694
f 624/79/695 630/80/695 634/81/695
f 625/82/696 630/80/696 629/83/696
f 626/84/697 630/80/697 631/85/697
f 627/86/698 630/80/698 632/87/698
f 628/88/699 630/80/699 633/89/699
f 635/90/700 641/91/700 645/92/700
f 636/93/701 641/94/701 640/95/701
f 637/96/702 641/94/702 642/97/702
f 638/98/703 641/94/703 643/99/703
f 639/100/704 641/91/704 644/101/704
f 646/102/705 652/103/705 656/104/705
f 647/105/706 652/103/706 651/106/706
f 648/107/707 652/103/707 653/108/707
f 649/109/708 652/103/708 654/234/708
f 650/111/709 652/103/709 655/112/709
f 657/113/710 663/114/710 667/115/710
f 658/116/711 663/114/711 662/117/711
f 659/118/712 663/114/712 664/215/712
f 660/120/713 663/114/713 665/121/713
f 661/122/714 663/114/714 666/123/714
f 668/124/715 674/125/715 678/126/715
f 669/79/716 674/125/716 673/127/716
f 670/128/717 674/125/717 675/129/717
f 671/130/718 674/125/718 676/131/718
f 672/132/719 674/125/719 677/133/719
f 679/134/720 685/135/720 689/136/720
f 680/137/721 685/135/721 684/138/721
f 681/139/722 685/135/722 686/235/722
f 682/141/723 685/135/723 687/142/723
f 683/143/724 685/135/724 688/144/724
f 690/145/725 696/146/725 700/147/725
f 691/148/726 696/146/726 695/149/726
f 692/150/727 696/151/727 697/152/727
f 693/153/728 696/151/728 698/154/728
f 694/155/729 696/146/729 699/156/729
f 701/157/730 707/158/730 711/159/730
f 702/160/731 707/158/731 706/161/731
f 703/162/732 707/158/732 708/163/732
f 704/164/733 707/158/733 709/165/733
f 705/166/734 707/158/734 710/167/734
f 712/168/735 718/169/735 722/170/735
f 713/171/736 718/169/736 717/172/736
f 714/173/737 718/169/737 719/174/737
f 715/175/738 718/169/738 720/176/738
f 716/177/739 718/169/739 721/178/739
f 723/179/740 729/180/740 733/181/740
f 724/182/741 729/180/741 728/183/741
f 725/184/742 729/180/742 730/232/742
f 726/186/743 729/180/743 731/187/743
f 727/188/744 729/180/744 732/189/744
f 734/190/745 740/191/745 744/192/745
f 735/193/746 740/194/746 739/195/746
f 736/196/747 740/197/747 741/198/747
f 737/199/748 740/200/748 742/201/748
f 738/164/749 740/202/749 743/203/749
f 613/64/750 640/204/750 635/90/750
f 623/227/751 636/93/751 640/95/751
f 616/73/752 634/81/752 622/205/752
f 634/81/224 617/76/224 622/78/224
f 637/96/753 633/89/753 627/86/753
f 633/89/754 636/93/754 628/88/754
f 625/82/755 673/127/755 668/124/755
f 673/127/228 624/79/228 669/79/228
f 670/128/756 621/206/756 615/70/756
f 621/75/228 669/79/228 616/73/228
f 614/67/757 651/106/757 646/102/757
f 618/219/758 647/105/758 651/106/758
f 648/107/759 645/92/759 639/100/759
f 653/108/760 635/90/760 645/92/760
f 615/70/761 662/117/761 657/113/761
f 620/228/762 658/116/762 662/117/762
f 650/111/763 664/215/763 656/104/763
f 664/215/764 646/102/764 656/104/764
f 661/122/765 676/131/765 667/115/765
f 676/131/766 657/113/766 667/115/766
f 723/179/767 631/85/767 728/183/767
f 631/85/768 724/182/768 728/183/768
f 725/184/769 678/126/769 672/132/769
f 678/126/770 724/182/770 668/124/770
f 638/98/771 684/138/771 679/134/771
f 684/138/772 637/96/772 680/137/772
f 681/139/773 632/87/773 626/84/773
f 686/235/774 627/86/774 632/87/774
f 690/145/775 654/234/775 695/149/775
f 695/149/776 648/107/776 691/148/776
f 692/150/777 644/207/777 638/98/777
f 644/101/778 691/148/778 639/100/778
f 660/120/779 706/161/779 701/157/779
f 665/121/780 702/160/780 706/161/780
f 649/109/781 708/163/781 655/112/781
f 708/163/782 650/111/782 655/112/782
f 712/168/783 677/133/783 717/172/783
f 717/172/784 671/130/784 713/171/784
f 714/173/785 666/123/785 660/120/785
f 719/174/786 661/122/786 666/123/786
f 682/141/787 733/181/787 727/188/787
f 687/142/788 723/179/788 733/181/788
f 683/143/789 698/154/789 689/136/789
f 689/136/790 692/150/790 679/134/790
f 694/155/791 709/165/791 700/147/791
f 709/165/792 690/145/792 700/147/792
f 705/166/793 720/176/793 711/159/793
f 711/159/794 714/173/794 701/157/794
f 726/186/795 722/170/795 716/177/795
f 722/170/796 725/184/796 712/168/796
f 683/143/228 739/208/228 734/190/228
f 688/144/797 735/193/797 739/195/797
f 736/196/798 732/189/798 726/186/798
f 741/209/799 727/188/799 732/189/799
f 738/164/800 699/156/800 744/210/800
f 699/220/801 734/190/801 744/192/801
f 737/199/802 710/167/802 743/211/802
f 743/203/228 704/164/228 738/164/228
f 736/196/803 721/178/803 742/212/803
f 721/178/279 737/199/279 742/201/279
f 613/64/804 635/90/804 647/105/804
f 617/76/805 628/88/805 636/93/805
f 624/79/228 616/73/228 669/79/228
f 614/67/806 646/102/806 658/116/806
f 615/70/807 657/113/807 670/128/807
f 625/82/808 668/124/808 724/182/808
f 626/84/809 723/179/809 681/139/809
f 637/96/810 627/86/810 680/137/810
f 638/98/811 679/134/811 692/150/811
f 648/107/812 639/100/812 691/148/812
f 649/109/813 690/145/813 703/162/813
f 659/118/814 650/111/814 702/160/814
f 660/120/815 701/157/815 714/173/815
f 671/130/816 661/122/816 713/171/816
f 672/132/817 712/168/817 725/184/817
f 693/153/228 683/143/228 734/190/228
f 682/141/818 727/188/818 735/193/818
f 704/164/228 694/155/228 738/164/228
f 715/175/819 705/166/819 737/199/819
f 726/186/820 716/177/820 736/196/820
f 745/64/821 751/65/821 755/66/821
f 746/67/822 751/68/822 750/69/822
f 747/70/823 751/71/823 752/72/823
f 748/73/824 751/74/824 753/75/824
f 749/76/825 751/77/825 754/78/825
f 756/79/826 762/80/826 766/81/826
f 757/82/827 762/80/827 761/83/827
f 758/236/828 762/80/828 763/85/828
f 759/86/829 762/80/829 764/87/829
f 760/88/830 762/80/830 765/89/830
f 767/90/831 773/91/831 777/92/831
f 768/93/832 773/94/832 772/95/832
f 769/96/833 773/94/833 774/97/833
f 770/98/834 773/94/834 775/99/834
f 771/100/835 773/91/835 776/101/835
f 778/102/836 784/213/836 788/104/836
f 779/105/837 784/213/837 783/106/837
f 780/107/838 784/213/838 785/108/838
f 781/237/839 784/213/839 786/110/839
f 782/111/840 784/213/840 787/112/840
f 789/113/841 795/114/841 799/115/841
f 790/116/842 795/114/842 794/117/842
f 791/214/843 795/114/843 796/215/843
f 792/120/844 795/114/844 797/121/844
f 793/122/845 795/114/845 798/123/845
f 800/124/846 806/216/846 810/238/846
f 801/79/847 806/216/847 805/221/847
f 802/128/848 806/216/848 807/129/848
f 803/130/849 806/216/849 808/131/849
f 804/132/850 806/216/850 809/133/850
f 811/134/851 817/135/851 821/136/851
f 812/137/852 817/135/852 816/138/852
f 813/139/853 817/135/853 818/140/853
f 814/141/854 817/135/854 819/142/854
f 815/143/855 817/135/855 820/144/855
f 822/145/856 828/146/856 832/147/856
f 823/148/857 828/146/857 827/149/857
f 824/150/858 828/151/858 829/152/858
f 825/153/859 828/151/859 830/154/859
f 826/155/860 828/146/860 831/156/860
f 833/157/861 839/158/861 843/159/861
f 834/160/862 839/158/862 838/161/862
f 835/162/863 839/158/863 840/163/863
f 836/164/864 839/158/864 841/165/864
f 837/166/865 839/158/865 842/167/865
f 844/168/866 850/169/866 854/170/866
f 845/171/867 850/169/867 849/172/867
f 846/173/868 850/169/868 851/174/868
f 847/175/869 850/169/869 852/239/869
f 848/177/870 850/169/870 853/178/870
f 855/179/871 861/217/871 865/181/871
f 856/182/872 861/217/872 860/183/872
f 857/184/873 861/217/873 862/185/873
f 858/186/874 861/217/874 863/187/874
f 859/188/875 861/217/875 864/189/875
f 866/190/876 872/191/876 876/192/876
f 867/193/877 872/194/877 871/195/877
f 868/196/878 872/197/878 873/198/878
f 869/199/879 872/200/879 874/201/879
f 870/164/880 872/202/880 875/203/880
f 745/64/881 772/204/881 767/90/881
f 772/95/882 749/76/882 768/93/882
f 748/73/883 766/81/883 754/205/883
f 766/81/884 749/76/884 754/78/884
f 769/96/885 765/89/885 759/86/885
f 765/89/886 768/93/886 760/88/886
f 800/124/887 761/83/887 805/221/887
f 805/221/228 756/79/228 801/79/228
f 747/70/888 807/129/888 753/206/888
f 753/75/228 801/79/228 748/73/228
f 746/67/889 783/106/889 778/102/889
f 783/106/890 745/64/890 779/105/890
f 780/107/891 777/92/891 771/100/891
f 785/108/892 767/90/892 777/92/892
f 747/70/893 794/117/893 789/113/893
f 794/117/894 746/67/894 790/116/894
f 791/214/895 788/104/895 782/111/895
f 788/104/896 790/116/896 778/102/896
f 793/122/897 808/131/897 799/115/897
f 808/131/898 789/113/898 799/115/898
f 855/179/899 763/85/899 860/183/899
f 763/85/900 856/182/900 860/183/900
f 804/132/901 862/185/901 810/238/901
f 862/185/902 800/124/902 810/238/902
f 770/98/903 816/138/903 811/134/903
f 775/99/904 812/137/904 816/138/904
f 813/139/905 764/87/905 758/236/905
f 818/140/906 759/86/906 764/87/906
f 781/237/907 827/149/907 822/145/907
f 786/110/908 823/148/908 827/149/908
f 824/150/909 776/207/909 770/98/909
f 829/233/910 771/100/910 776/101/910
f 833/157/911 797/121/911 838/161/911
f 838/161/912 791/214/912 834/160/912
f 835/162/913 787/112/913 781/237/913
f 787/112/914 834/160/914 782/111/914
f 844/168/915 809/133/915 849/172/915
f 809/133/916 845/171/916 849/172/916
f 846/173/917 798/123/917 792/120/917
f 798/123/918 845/171/918 793/122/918
f 859/188/919 819/142/919 865/181/919
f 865/181/920 813/139/920 855/179/920
f 815/143/921 830/154/921 821/136/921
f 821/136/922 824/150/922 811/134/922
f 826/155/923 841/165/923 832/147/923
f 832/147/924 835/162/924 822/145/924
f 847/175/925 843/159/925 837/166/925
f 852/239/926 833/157/926 843/159/926
f 848/177/927 863/187/927 854/170/927
f 863/187/928 844/168/928 854/170/928
f 866/190/929 820/144/929 871/208/929
f 820/144/930 867/193/930 871/195/930
f 868/196/931 864/189/931 858/186/931
f 864/189/932 867/193/932 859/188/932
f 870/164/933 831/156/933 876/210/933
f 831/220/934 866/190/934 876/192/934
f 869/199/935 842/167/935 875/211/935
f 875/203/228 836/164/228 870/164/228
f 868/196/936 853/178/936 874/212/936
f 853/178/937 869/199/937 874/201/937
f 745/64/938 767/90/938 779/105/938
f 749/76/939 760/88/939 768/93/939
f 756/79/228 748/73/228 801/79/228
f 746/67/940 778/102/940 790/116/940
f 747/70/283 789/113/283 802/128/283
f 757/82/941 800/124/941 856/182/941
f 758/236/942 855/179/942 813/139/942
f 769/96/943 759/86/943 812/137/943
f 770/98/944 811/134/944 824/150/944
f 780/107/945 771/100/945 823/148/945
f 781/237/946 822/145/946 835/162/946
f 791/214/947 782/111/947 834/160/947
f 792/120/948 833/157/948 846/173/948
f 803/130/949 793/122/949 845/171/949
f 804/132/950 844/168/950 857/184/950
f 825/153/951 815/143/951 866/190/951
f 814/141/952 859/188/952 867/193/952
f 836/164/228 826/155/228 870/164/228
f 847/175/953 837/166/953 869/199/953
f 858/186/954 848/177/954 868/196/954
f 877/64/955 883/65/955 887/66/955
f 878/67/956 883/68/956 882/69/956
f 879/70/957 883/71/957 884/72/957
f 880/73/958 883/74/958 885/75/958
f 881/76/959 883/77/959 886/78/959
f 888/79/960 894/80/960 898/81/960
f 889/82/961 894/80/961 893/83/961
f 890/84/962 894/80/962 895/85/962
f 891/86/963 894/80/963 896/87/963
f 892/88/964 894/80/964 897/89/964
f 899/90/965 905/91/965 909/92/965
f 900/93/966 905/94/966 904/95/966
f 901/96/967 905/94/967 906/97/967
f 902/98/968 905/94/968 907/99/968
f 903/100/969 905/91/969 908/101/969
f 910/102/970 916/213/970 920/104/970
f 911/105/971 916/213/971 915/106/971
f 912/107/972 916/213/972 917/108/972
f 913/109/973 916/213/973 918/110/973
f 914/111/974 916/213/974 919/112/974
f 921/113/975 927/114/975 931/115/975
f 922/116/976 927/114/976 926/117/976
f 923/214/977 927/114/977 928/229/977
f 924/120/978 927/114/978 929/121/978
f 925/122/979 927/114/979 930/123/979
f 932/124/980 938/216/980 942/126/980
f 933/79/981 938/216/981 937/240/981
f 934/128/982 938/216/982 939/129/982
f 935/130/983 938/216/983 940/222/983
f 936/132/984 938/216/984 941/133/984
f 943/134/985 949/135/985 953/136/985
f 944/137/986 949/135/986 948/138/986
f 945/139/987 949/135/987 950/235/987
f 946/141/988 949/135/988 951/142/988
f 947/143/989 949/135/989 952/144/989
f 954/145/990 960/146/990 964/147/990
f 955/148/991 960/146/991 959/149/991
f 956/150/992 960/151/992 961/152/992
f 957/153/993 960/151/993 962/154/993
f 958/155/994 960/146/994 963/156/994
f 965/157/995 971/158/995 975/159/995
f 966/160/996 971/158/996 970/161/996
f 967/162/997 971/158/997 972/163/997
f 968/164/998 971/158/998 973/165/998
f 969/166/999 971/158/999 974/167/999
f 976/168/1000 982/169/1000 986/170/1000
f 977/171/1001 982/169/1001 981/172/1001
f 978/173/1002 982/169/1002 983/174/1002
f 979/175/1003 982/169/1003 984/239/1003
f 980/177/1004 982/169/1004 985/178/1004
f 987/179/1005 993/217/1005 997/181/1005
f 988/182/1006 993/217/1006 992/183/1006
f 989/184/1007 993/217/1007 994/232/1007
f 990/186/1008 993/217/1008 995/187/1008
f 991/188/1009 993/217/1009 996/189/1009
f 998/190/1010 1004/191/1010 1008/192/1010
f 999/193/1011 1004/194/1011 1003/195/1011
f 1000/196/1012 1004/197/1012 1005/198/1012
f 1001/199/1013 1004/200/1013 1006/201/1013
f 1002/164/1014 1004/202/1014 1007/203/1014
f 877/64/1015 904/204/1015 899/90/1015
f 904/95/1016 881/76/1016 900/93/1016
f 880/73/1017 898/81/1017 886/205/1017
f 886/78/1018 892/88/1018 881/76/1018
f 901/96/1019 897/89/1019 891/86/1019
f 906/97/1020 892/88/1020 897/89/1020
f 932/124/1021 893/83/1021 937/240/1021
f 937/240/228 888/79/228 933/79/228
f 934/128/1022 885/206/1022 879/70/1022
f 885/75/228 933/79/228 880/73/228
f 910/102/1023 882/69/1023 915/106/1023
f 915/106/1024 877/64/1024 911/105/1024
f 912/107/1025 909/92/1025 903/100/1025
f 909/92/1026 911/105/1026 899/90/1026
f 879/70/1027 926/117/1027 921/113/1027
f 926/117/1028 878/67/1028 922/116/1028
f 923/214/1029 920/104/1029 914/111/1029
f 928/229/1030 910/102/1030 920/104/1030
f 925/122/1031 940/222/1031 931/115/1031
f 931/115/1032 934/128/1032 921/113/1032
f 890/84/1033 992/183/1033 987/179/1033
f 895/85/1034 988/182/1034 992/183/1034
f 989/184/1035 942/126/1035 936/132/1035
f 994/232/1036 932/124/1036 942/126/1036
f 943/134/1037 907/99/1037 948/138/1037
f 907/99/1038 944/137/1038 948/138/1038
f 890/84/1039 950/235/1039 896/87/1039
f 950/235/513 891/86/513 896/87/513
f 954/145/1040 918/110/1040 959/149/1040
f 959/149/1041 912/107/1041 955/148/1041
f 902/98/1042 961/152/1042 908/207/1042
f 908/101/1043 955/148/1043 903/100/1043
f 965/157/1044 929/121/1044 970/161/1044
f 970/161/1045 923/214/1045 966/160/1045
f 913/109/1046 972/163/1046 919/112/1046
f 972/163/1047 914/111/1047 919/112/1047
f 976/168/1048 941/133/1048 981/172/1048
f 941/133/1049 977/171/1049 981/172/1049
f 978/173/1050 930/123/1050 924/120/1050
f 983/174/1051 925/122/1051 930/123/1051
f 946/141/1052 997/181/1052 991/188/1052
f 997/181/1053 945/139/1053 987/179/1053
f 957/153/1054 953/136/1054 947/143/1054
f 962/154/1055 943/134/1055 953/136/1055
f 958/155/1056 973/165/1056 964/147/1056
f 964/147/1057 967/162/1057 954/145/1057
f 969/166/1058 984/239/1058 975/159/1058
f 975/159/1059 978/173/1059 965/157/1059
f 990/186/1060 986/170/1060 980/177/1060
f 986/170/1061 989/184/1061 976/168/1061
f 947/143/1062 1003/208/1062 998/190/1062
f 952/144/1063 999/193/1063 1003/195/1063
f 990/186/1064 1005/198/1064 996/189/1064
f 996/189/1065 999/193/1065 991/188/1065
f 1002/164/1066 963/156/1066 1008/210/1066
f 963/220/1067 998/190/1067 1008/192/1067
f 1001/199/1068 974/167/1068 1007/211/1068
f 1007/203/228 968/164/228 1002/164/228
f 1000/196/1069 985/178/1069 1006/212/1069
f 985/178/1070 1001/199/1070 1006/201/1070
f 877/64/1071 899/90/1071 911/105/1071
f 881/76/1072 892/88/1072 900/93/1072
f 888/79/228 880/73/228 933/79/228
f 878/67/1073 910/102/1073 922/116/1073
f 879/70/1074 921/113/1074 934/128/1074
f 889/82/1075 932/124/1075 988/182/1075
f 890/84/1076 987/179/1076 945/139/1076
f 901/96/1077 891/86/1077 944/137/1077
f 902/98/420 943/134/420 956/150/420
f 912/107/1078 903/100/1078 955/148/1078
f 913/109/681 954/145/681 967/162/681
f 923/214/1079 914/111/1079 966/160/1079
f 924/120/815 965/157/815 978/173/815
f 935/130/1080 925/122/1080 977/171/1080
f 936/132/1081 976/168/1081 989/184/1081
f 957/153/1082 947/143/1082 998/190/1082
f 946/141/1083 991/188/1083 999/193/1083
f 968/164/228 958/155/228 1002/164/228
f 979/175/1084 969/166/1084 1001/199/1084
f 990/186/1085 980/177/1085 1000/196/1085
f 1024/241/1086 1011/242/1086 1010/243/1086
f 1011/242/1087 1025/244/1087 1009/245/1087
f 1013/246/1088 1029/247/1088 1014/248/1088
f 1014/248/1089 1028/249/1089 1012/250/1089
f 1030/251/1090 1017/252/1090 1016/250/1090
f 1017/253/1091 1031/254/1091 1015/255/1091
f 1033/256/1092 1020/257/1092 1019/258/1092
f 1020/257/1093 1034/259/1093 1018/260/1093
f 1022/261/1094 1038/262/1094 1023/263/1094
f 1023/263/1095 1037/264/1095 1021/265/1095
f 1039/266/1096 1026/267/1096 1024/241/1096
f 1041/268/1097 1025/244/1097 1026/267/1097
f 1027/269/1098 1044/270/1098 1029/247/1098
f 1044/270/1099 1028/249/1099 1029/247/1099
f 1045/271/1100 1032/272/1100 1030/251/1100
f 1047/273/1101 1031/254/1101 1032/274/1101
f 1033/256/1102 1050/275/1102 1035/276/1102
f 1035/276/1103 1049/277/1103 1034/259/1103
f 1051/278/1104 1038/262/1104 1036/259/1104
f 1053/279/1105 1037/264/1105 1038/262/1105
f 1039/266/1106 1056/280/1106 1041/268/1106
f 1056/280/1107 1040/281/1107 1041/268/1107
f 1042/282/1108 1059/283/1108 1044/270/1108
f 1044/270/1109 1058/284/1109 1043/285/1109
f 1060/286/1110 1047/287/1110 1045/271/1110
f 1062/288/1111 1046/289/1111 1047/273/1111
f 1063/290/1112 1050/275/1112 1048/291/1112
f 1050/275/1113 1064/292/1113 1049/277/1113
f 1051/278/1114 1068/293/1114 1053/279/1114
f 1068/293/1115 1052/294/1115 1053/279/1115
f 1054/295/1116 1071/296/1116 1056/280/1116
f 1071/296/1117 1055/297/1117 1056/280/1117
f 1057/298/1118 1074/299/1118 1059/283/1118
f 1074/299/1119 1058/284/1119 1059/283/1119
f 1075/300/1120 1062/301/1120 1060/286/1120
f 1077/302/1121 1061/303/1121 1062/288/1121
f 1078/304/1122 1065/305/1122 1063/290/1122
f 1080/306/1123 1064/292/1123 1065/305/1123
f 1066/307/1124 1083/308/1124 1068/293/1124
f 1083/308/1125 1067/309/1125 1068/293/1125
f 1084/310/1126 1071/296/1126 1069/311/1126
f 1086/312/1127 1070/313/1127 1071/296/1127
f 1087/314/1128 1074/299/1128 1072/315/1128
f 1089/316/1129 1073/317/1129 1074/299/1129
f 1090/318/1130 1077/319/1130 1075/300/1130
f 1092/320/1131 1076/321/1131 1077/302/1131
f 1093/322/1132 1080/306/1132 1078/304/1132
f 1080/306/1133 1094/323/1133 1079/324/1133
f 1096/325/1134 1083/308/1134 1081/326/1134
f 1098/327/1135 1082/328/1135 1083/308/1135
f 1099/329/1136 1086/312/1136 1084/310/1136
f 1101/330/1137 1085/331/1137 1086/312/1137
f 1087/314/1138 1104/332/1138 1089/316/1138
f 1089/316/1139 1103/333/1139 1088/334/1139
f 1090/318/1140 1107/335/1140 1092/336/1140
f 1092/320/1141 1106/337/1141 1091/338/1141
f 1108/339/1142 1095/340/1142 1093/322/1142
f 1095/340/1143 1109/341/1143 1094/323/1143
f 1111/342/1144 1098/327/1144 1096/325/1144
f 1098/327/1145 1112/343/1145 1097/344/1145
f 1114/345/1146 1101/330/1146 1099/329/1146
f 1116/346/1147 1100/347/1147 1101/330/1147
f 1102/348/1148 1119/349/1148 1104/332/1148
f 1104/332/1149 1118/350/1149 1103/333/1149
f 1105/351/1150 1122/352/1150 1107/335/1150
f 1107/353/1151 1121/354/1151 1106/337/1151
f 1108/339/1152 1125/355/1152 1110/356/1152
f 1125/355/1153 1109/341/1153 1110/356/1153
f 1111/342/1154 1128/357/1154 1113/358/1154
f 1113/358/1155 1127/359/1155 1112/343/1155
f 1114/345/1156 1131/360/1156 1116/346/1156
f 1131/360/1157 1115/361/1157 1116/346/1157
f 1117/362/1158 1134/363/1158 1119/349/1158
f 1134/363/1159 1118/350/1159 1119/349/1159
f 1120/364/1160 1137/365/1160 1122/352/1160
f 1122/366/1161 1136/367/1161 1121/354/1161
f 1138/368/1162 1125/355/1162 1123/369/1162
f 1125/355/1163 1139/370/1163 1124/371/1163
f 1141/372/1164 1128/357/1164 1126/373/1164
f 1128/357/1165 1142/374/1165 1127/359/1165
f 1129/375/1166 1146/376/1166 1131/360/1166
f 1146/376/1167 1130/377/1167 1131/360/1167
f 1147/378/1168 1134/363/1168 1132/379/1168
f 1149/380/1169 1133/381/1169 1134/363/1169
f 1135/382/1170 1152/383/1170 1137/365/1170
f 1152/384/1171 1136/367/1171 1137/385/1171
f 1153/386/1172 1140/387/1172 1138/368/1172
f 1140/387/1173 1154/388/1173 1139/370/1173
f 1156/388/1174 1143/389/1174 1141/372/1174
f 1158/390/1175 1142/374/1175 1143/389/1175
f 1144/391/1176 1161/392/1176 1146/393/1176
f 1146/393/1177 1160/394/1177 1145/395/1177
f 1147/396/1178 1164/397/1178 1149/398/1178
f 1164/397/1179 1148/399/1179 1149/398/1179
f 1165/400/1180 1152/401/1180 1150/399/1180
f 1152/402/1181 1166/403/1181 1151/404/1181
f 1153/405/1182 1170/406/1182 1155/407/1182
f 1155/407/1183 1169/408/1183 1154/409/1183
f 1171/410/1184 1158/411/1184 1156/409/1184
f 1173/412/1185 1157/413/1185 1158/411/1185
f 1174/414/1186 1161/392/1186 1159/415/1186
f 1161/392/1187 1175/416/1187 1160/394/1187
f 1177/417/1188 1164/397/1188 1162/418/1188
f 1164/397/1189 1178/419/1189 1163/420/1189
f 1180/421/1190 1167/422/1190 1165/400/1190
f 1167/423/1191 1181/424/1191 1166/403/1191
f 1183/425/1192 1170/406/1192 1168/426/1192
f 1170/406/1193 1184/427/1193 1169/408/1193
f 1186/428/1194 1173/412/1194 1171/410/1194
f 1173/412/1195 1187/429/1195 1172/430/1195
f 1174/414/1196 1191/431/1196 1176/432/1196
f 1176/432/1197 1190/433/1197 1175/416/1197
f 1177/417/1198 1194/434/1198 1179/435/1198
f 1179/435/1199 1193/436/1199 1178/419/1199
f 1195/437/1200 1182/438/1200 1180/421/1200
f 1182/439/1201 1196/440/1201 1181/424/1201
f 1198/441/1202 1185/442/1202 1183/425/1202
f 1185/442/1203 1199/443/1203 1184/427/1203
f 1201/444/1204 1188/445/1204 1186/428/1204
f 1188/445/1205 1202/446/1205 1187/429/1205
f 1204/447/1206 1191/431/1206 1189/448/1206
f 1206/449/1207 1190/433/1207 1191/431/1207
f 1192/450/1208 1209/451/1208 1194/434/1208
f 1209/451/1209 1193/436/1209 1194/434/1209
f 1195/437/1210 1212/452/1210 1197/453/1210
f 1197/454/1211 1211/455/1211 1196/440/1211
f 1198/441/1212 1215/456/1212 1200/457/1212
f 1215/456/1213 1199/443/1213 1200/457/1213
f 1201/444/1214 1218/458/1214 1203/459/1214
f 1218/458/1215 1202/446/1215 1203/459/1215
f 1219/460/1216 1206/449/1216 1204/447/1216
f 1221/461/1217 1205/462/1217 1206/449/1217
f 1222/463/1218 1209/451/1218 1207/464/1218
f 1224/465/1219 1208/466/1219 1209/451/1219
f 1225/467/1220 1212/452/1220 1210/468/1220
f 1212/469/1221 1226/470/1221 1211/455/1221
f 1228/471/1222 1215/456/1222 1213/472/1222
f 1215/456/1223 1229/473/1223 1214/474/1223
f 1231/475/1224 1218/458/1224 1216/476/1224
f 1218/458/1225 1232/477/1225 1217/478/1225
f 1234/479/1226 1221/461/1226 1219/460/1226
f 1236/480/1227 1220/481/1227 1221/461/1227
f 1237/482/1228 1224/465/1228 1222/463/1228
f 1224/465/1229 1238/483/1229 1223/484/1229
f 1225/467/1230 1242/485/1230 1227/486/1230
f 1242/487/1231 1226/470/1231 1227/488/1231
f 1243/489/1232 1230/490/1232 1228/471/1232
f 1245/491/1233 1229/473/1233 1230/490/1233
f 1246/492/1234 1233/493/1234 1231/475/1234
f 1233/493/1235 1247/494/1235 1232/477/1235
f 1249/495/1236 1236/480/1236 1234/479/1236
f 1236/480/1237 1250/496/1237 1235/497/1237
f 1252/498/1238 1239/499/1238 1237/482/1238
f 1254/500/1239 1238/483/1239 1239/499/1239
f 1240/501/1240 1257/502/1240 1242/485/1240
f 1257/503/1241 1241/504/1241 1242/487/1241
f 1243/489/1242 1260/505/1242 1245/491/1242
f 1260/505/1243 1244/506/1243 1245/491/1243
f 1246/492/1244 1263/507/1244 1248/508/1244
f 1263/507/1245 1247/494/1245 1248/508/1245
f 1249/495/1246 1266/509/1246 1251/510/1246
f 1251/510/1247 1265/511/1247 1250/496/1247
f 1267/512/1248 1254/500/1248 1252/498/1248
f 1269/513/1249 1253/514/1249 1254/500/1249
f 1270/515/1250 1257/502/1250 1255/516/1250
f 1272/517/1251 1256/518/1251 1257/503/1251
f 1258/519/1252 1275/520/1252 1260/505/1252
f 1275/520/1253 1259/521/1253 1260/505/1253
f 1276/522/1254 1263/507/1254 1261/523/1254
f 1278/524/1255 1262/525/1255 1263/507/1255
f 1265/511/1256 1011/242/1256 1009/245/1256
f 1011/242/1257 1264/526/1257 1010/243/1257
f 1012/250/1258 1269/513/1258 1014/248/1258
f 1014/248/1259 1267/512/1259 1013/246/1259
f 1015/255/1260 1272/517/1260 1017/253/1260
f 1017/252/1261 1270/515/1261 1016/250/1261
f 1018/260/1262 1275/520/1262 1020/257/1262
f 1275/520/1263 1019/258/1263 1020/257/1263
f 1277/527/1264 1023/263/1264 1021/265/1264
f 1278/524/1265 1022/261/1265 1023/263/1265
f 1265/511/1266 1013/246/1266 1267/512/1266
f 1025/244/1267 1013/246/1267 1009/245/1267
f 1037/264/1268 1010/243/1268 1021/265/1268
f 1021/265/1269 1264/526/1269 1277/527/1269
f 1028/249/1270 1016/250/1270 1012/250/1270
f 1268/528/1271 1016/250/1271 1270/515/1271
f 1015/255/1272 1033/256/1272 1019/258/1272
f 1271/529/1273 1019/258/1273 1273/530/1273
f 1034/259/1274 1022/261/1274 1018/260/1274
f 1274/531/1275 1022/261/1275 1276/522/1275
f 1037/264/1276 1039/266/1276 1024/241/1276
f 1025/244/1277 1042/282/1277 1027/269/1277
f 1043/285/1278 1030/251/1278 1028/249/1278
f 1031/254/1279 1048/291/1279 1033/256/1279
f 1034/259/1280 1051/278/1280 1036/259/1280
f 1052/294/1281 1054/295/1281 1039/266/1281
f 1040/281/1282 1057/298/1282 1042/282/1282
f 1043/285/1283 1060/286/1283 1045/271/1283
f 1046/289/1284 1063/290/1284 1048/291/1284
f 1049/277/1285 1066/307/1285 1051/278/1285
f 1082/328/1286 1054/295/1286 1067/309/1286
f 1055/297/1287 1072/315/1287 1057/298/1287
f 1073/317/1288 1060/286/1288 1058/284/1288
f 1061/303/1289 1078/304/1289 1063/290/1289
f 1079/324/1290 1066/307/1290 1064/292/1290
f 1082/328/1291 1084/310/1291 1069/311/1291
f 1085/331/1292 1072/315/1292 1070/313/1292
f 1073/317/1293 1090/318/1293 1075/300/1293
f 1091/338/1294 1078/304/1294 1076/321/1294
f 1079/324/1295 1096/325/1295 1081/326/1295
f 1112/343/1296 1084/310/1296 1097/344/1296
f 1100/347/1297 1087/314/1297 1085/331/1297
f 1088/334/228 1105/351/228 1090/318/228
f 1091/338/1298 1108/339/1298 1093/322/1298
f 1094/323/224 1111/342/224 1096/325/224
f 1112/343/1299 1114/345/1299 1099/329/1299
f 1100/347/1300 1117/362/1300 1102/348/1300
f 1103/333/1301 1120/364/1301 1105/351/1301
f 1121/354/1302 1108/339/1302 1106/337/1302
f 1124/371/1303 1111/342/1303 1109/341/1303
f 1142/374/1304 1114/345/1304 1127/359/1304
f 1115/361/1305 1132/379/1305 1117/362/1305
f 1118/350/1306 1135/382/1306 1120/364/1306
f 1136/367/1307 1123/369/1307 1121/354/1307
f 1139/370/1308 1126/373/1308 1124/371/1308
f 1142/374/1309 1144/532/1309 1129/375/1309
f 1130/377/1310 1147/378/1310 1132/379/1310
f 1133/381/228 1150/533/228 1135/382/228
f 1151/534/1311 1138/368/1311 1136/367/1311
f 1139/370/1312 1156/388/1312 1141/372/1312
f 1157/413/1313 1159/415/1313 1144/391/1313
f 1160/394/1314 1147/396/1314 1145/395/1314
f 1148/399/1315 1165/400/1315 1150/399/1315
f 1166/403/1316 1153/405/1316 1151/404/1316
f 1154/409/1317 1171/410/1317 1156/409/1317
f 1172/430/1318 1174/414/1318 1159/415/1318
f 1175/416/1319 1162/418/1319 1160/394/1319
f 1163/420/228 1180/421/228 1165/400/228
f 1181/424/1320 1168/426/1320 1166/403/1320
f 1169/408/1321 1186/428/1321 1171/410/1321
f 1202/446/1322 1174/414/1322 1187/429/1322
f 1190/433/1323 1177/417/1323 1175/416/1323
f 1178/419/1324 1195/437/1324 1180/421/1324
f 1181/424/1325 1198/441/1325 1183/425/1325
f 1184/427/1326 1201/444/1326 1186/428/1326
f 1217/478/1327 1189/448/1327 1202/446/1327
f 1205/462/1328 1192/450/1328 1190/433/1328
f 1193/436/1329 1210/468/1329 1195/437/1329
f 1196/440/1330 1213/472/1330 1198/441/1330
f 1199/443/1331 1216/476/1331 1201/444/1331
f 1217/478/1332 1219/460/1332 1204/447/1332
f 1220/481/1333 1207/464/1333 1205/462/1333
f 1208/466/228 1225/467/228 1210/468/228
f 1211/455/1334 1228/471/1334 1213/472/1334
f 1214/474/228 1231/475/228 1216/476/228
f 1232/477/1335 1234/479/1335 1219/460/1335
f 1220/481/1336 1237/482/1336 1222/463/1336
f 1223/484/1337 1240/501/1337 1225/467/1337
f 1241/504/1338 1228/471/1338 1226/470/1338
f 1244/506/1339 1231/475/1339 1229/473/1339
f 1247/494/1340 1249/495/1340 1234/479/1340
f 1250/496/1341 1237/482/1341 1235/497/1341
f 1238/483/1342 1255/516/1342 1240/501/1342
f 1256/518/1343 1243/489/1343 1241/504/1343
f 1244/506/1344 1261/523/1344 1246/492/1344
f 1277/527/1345 1249/495/1345 1262/525/1345
f 1265/511/1346 1252/498/1346 1250/496/1346
f 1268/528/1347 1255/516/1347 1253/514/1347
f 1271/529/1348 1258/519/1348 1256/518/1348
f 1274/531/1349 1261/523/1349 1259/521/1349
f 85/64/1350 90/219/1350 91/65/1350
f 86/67/1351 92/228/1351 91/68/1351
f 87/70/1352 93/206/1352 91/71/1352
f 88/73/1353 94/205/1353 91/74/1353
f 89/76/1354 95/227/1354 91/77/1354
f 96/79/1355 101/83/1355 102/80/1355
f 97/82/1356 103/85/1356 102/80/1356
f 98/84/1357 104/87/1357 102/80/1357
f 99/86/1358 105/89/1358 102/80/1358
f 100/88/1359 106/81/1359 102/80/1359
f 107/90/1360 112/204/1360 113/91/1360
f 108/93/1361 114/97/1361 113/94/1361
f 109/96/1362 115/99/1362 113/94/1362
f 110/98/1363 116/207/1363 113/94/1363
f 111/100/1364 117/92/1364 113/91/1364
f 118/102/1365 123/106/1365 124/103/1365
f 119/105/1366 125/108/1366 124/103/1366
f 120/107/1367 126/110/1367 124/103/1367
f 121/109/1368 127/112/1368 124/103/1368
f 122/111/1369 128/104/1369 124/103/1369
f 129/113/1370 134/117/1370 135/114/1370
f 130/116/1371 136/119/1371 135/114/1371
f 131/118/1372 137/121/1372 135/114/1372
f 132/120/1373 138/123/1373 135/114/1373
f 133/122/1374 139/115/1374 135/114/1374
f 140/124/1375 145/127/1375 146/125/1375
f 141/79/1376 147/129/1376 146/125/1376
f 142/128/1377 148/131/1377 146/125/1377
f 143/130/1378 149/133/1378 146/125/1378
f 144/132/1379 150/126/1379 146/125/1379
f 151/134/1380 156/138/1380 157/135/1380
f 152/137/1381 158/140/1381 157/135/1381
f 153/139/1382 159/142/1382 157/135/1382
f 154/141/1383 160/144/1383 157/135/1383
f 155/143/1384 161/136/1384 157/135/1384
f 162/145/1385 167/149/1385 168/146/1385
f 163/148/1386 169/233/1386 168/146/1386
f 164/150/1387 170/154/1387 168/151/1387
f 165/153/1388 171/220/1388 168/151/1388
f 166/155/1389 172/147/1389 168/146/1389
f 173/157/1390 178/161/1390 179/158/1390
f 174/160/1391 180/163/1391 179/158/1391
f 175/162/1392 181/165/1392 179/158/1392
f 176/164/1393 182/167/1393 179/158/1393
f 177/166/1394 183/159/1394 179/158/1394
f 184/168/1395 189/172/1395 190/169/1395
f 185/171/1396 191/174/1396 190/169/1396
f 186/173/1397 192/176/1397 190/169/1397
f 187/175/1398 193/178/1398 190/169/1398
f 188/177/1399 194/170/1399 190/169/1399
f 195/179/1400 200/183/1400 201/180/1400
f 196/182/1401 202/185/1401 201/180/1401
f 197/184/1402 203/187/1402 201/180/1402
f 198/186/1403 204/189/1403 201/180/1403
f 199/188/1404 205/181/1404 201/180/1404
f 206/190/1405 211/208/1405 212/191/1405
f 207/193/1406 213/209/1406 212/194/1406
f 208/196/1407 214/212/1407 212/197/1407
f 209/199/1408 215/211/1408 212/200/1408
f 210/164/1409 216/210/1409 212/202/1409
f 85/64/1410 95/66/1410 112/204/1410
f 112/95/1411 95/227/1411 89/76/1411
f 88/73/224 96/79/224 106/81/224
f 106/81/1412 100/88/1412 89/76/1412
f 99/86/1413 109/96/1413 114/97/1413
f 114/97/1414 108/93/1414 100/88/1414
f 97/82/1415 101/83/1415 145/127/1415
f 145/127/1416 101/83/1416 96/79/1416
f 142/128/1417 147/129/1417 93/206/1417
f 93/75/1418 147/129/1418 141/79/1418
f 118/102/1419 86/67/1419 90/69/1419
f 123/106/1420 90/219/1420 85/64/1420
f 111/100/1421 120/107/1421 125/108/1421
f 125/108/1422 119/105/1422 107/90/1422
f 129/113/1423 87/70/1423 92/72/1423
f 134/117/1424 92/228/1424 86/67/1424
f 122/111/1425 131/118/1425 136/119/1425
f 136/119/1426 130/116/1426 118/102/1426
f 143/130/1427 148/131/1427 139/115/1427
f 148/131/1428 142/128/1428 129/113/1428
f 98/84/1429 103/85/1429 200/183/1429
f 200/183/1430 103/85/1430 97/82/1430
f 144/132/1431 197/184/1431 202/185/1431
f 202/185/1432 196/182/1432 140/124/1432
f 151/134/1433 110/98/1433 115/99/1433
f 156/138/1434 115/99/1434 109/96/1434
f 98/84/1435 153/139/1435 158/140/1435
f 104/87/1436 158/140/1436 152/137/1436
f 121/109/1437 126/110/1437 167/149/1437
f 126/110/1438 120/107/1438 163/148/1438
f 164/150/1439 169/152/1439 116/207/1439
f 116/101/1440 169/233/1440 163/148/1440
f 173/157/1441 132/120/1441 137/121/1441
f 137/121/1442 131/118/1442 174/160/1442
f 175/162/1443 180/163/1443 127/112/1443
f 127/112/1444 180/163/1444 174/160/1444
f 144/132/1445 149/133/1445 189/172/1445
f 149/133/1446 143/130/1446 185/171/1446
f 132/120/1447 186/173/1447 191/174/1447
f 191/174/1448 185/171/1448 133/122/1448
f 154/141/1449 159/142/1449 205/181/1449
f 159/142/1450 153/139/1450 195/179/1450
f 165/153/1451 170/154/1451 161/136/1451
f 170/154/1452 164/150/1452 151/134/1452
f 166/155/228 176/164/228 181/165/228
f 181/165/1453 175/162/1453 162/145/1453
f 177/166/1454 187/175/1454 192/176/1454
f 192/176/1455 186/173/1455 173/157/1455
f 188/177/1456 198/186/1456 203/187/1456
f 194/170/1457 203/187/1457 197/184/1457
f 155/143/1458 160/144/1458 211/208/1458
f 160/144/1459 154/141/1459 207/193/1459
f 208/196/1460 213/198/1460 204/189/1460
f 213/209/1461 207/193/1461 199/188/1461
f 210/164/224 166/155/224 171/156/224
f 216/192/1462 171/220/1462 165/153/1462
f 177/166/1463 182/167/1463 215/211/1463
f 215/203/228 182/167/228 176/164/228
f 188/177/1464 193/178/1464 214/212/1464
f 193/178/1465 187/175/1465 209/199/1465
f 217/64/1466 222/219/1466 223/65/1466
f 218/67/1467 224/228/1467 223/68/1467
f 219/70/1468 225/206/1468 223/71/1468
f 220/73/1469 226/205/1469 223/74/1469
f 221/76/1470 227/227/1470 223/77/1470
f 228/79/1471 233/83/1471 234/80/1471
f 229/82/1472 235/85/1472 234/80/1472
f 230/84/1473 236/87/1473 234/80/1473
f 231/86/1474 237/89/1474 234/80/1474
f 232/88/1475 238/81/1475 234/80/1475
f 239/90/1476 244/204/1476 245/91/1476
f 240/93/1477 246/97/1477 245/94/1477
f 241/96/1478 247/99/1478 245/94/1478
f 242/98/1479 248/207/1479 245/94/1479
f 243/100/1480 249/92/1480 245/91/1480
f 250/102/1481 255/106/1481 256/213/1481
f 251/105/1482 257/108/1482 256/213/1482
f 252/107/1483 258/110/1483 256/213/1483
f 253/109/1484 259/112/1484 256/213/1484
f 254/111/1485 260/104/1485 256/213/1485
f 261/113/1486 266/117/1486 267/114/1486
f 262/116/1487 268/215/1487 267/114/1487
f 263/214/1488 269/121/1488 267/114/1488
f 264/120/1489 270/123/1489 267/114/1489
f 265/122/1490 271/115/1490 267/114/1490
f 272/124/1491 277/127/1491 278/216/1491
f 273/79/1492 279/129/1492 278/216/1492
f 274/128/1493 280/131/1493 278/216/1493
f 275/130/1494 281/133/1494 278/216/1494
f 276/132/1495 282/126/1495 278/216/1495
f 283/134/1496 288/138/1496 289/135/1496
f 284/137/1497 290/140/1497 289/135/1497
f 285/139/1498 291/142/1498 289/135/1498
f 286/141/1499 292/144/1499 289/135/1499
f 287/143/1500 293/136/1500 289/135/1500
f 294/145/1501 299/149/1501 300/146/1501
f 295/148/1502 301/233/1502 300/146/1502
f 296/150/1503 302/154/1503 300/151/1503
f 297/153/1504 303/220/1504 300/151/1504
f 298/155/1505 304/147/1505 300/146/1505
f 305/157/1506 310/161/1506 311/158/1506
f 306/160/1507 312/163/1507 311/158/1507
f 307/162/1508 313/165/1508 311/158/1508
f 308/164/1509 314/167/1509 311/158/1509
f 309/166/1510 315/159/1510 311/158/1510
f 316/168/1511 321/172/1511 322/169/1511
f 317/171/1512 323/174/1512 322/169/1512
f 318/173/1513 324/176/1513 322/169/1513
f 319/175/1514 325/178/1514 322/169/1514
f 320/177/1515 326/170/1515 322/169/1515
f 327/179/1516 332/183/1516 333/217/1516
f 328/182/1517 334/218/1517 333/217/1517
f 329/184/1518 335/187/1518 333/217/1518
f 330/186/1519 336/189/1519 333/217/1519
f 331/188/1520 337/181/1520 333/217/1520
f 338/190/1521 343/208/1521 344/191/1521
f 339/193/1522 345/209/1522 344/194/1522
f 340/196/1523 346/212/1523 344/197/1523
f 341/199/1524 347/211/1524 344/200/1524
f 342/164/1525 348/210/1525 344/202/1525
f 239/90/1526 217/64/1526 227/66/1526
f 244/95/1527 227/227/1527 221/76/1527
f 220/73/228 228/79/228 238/81/228
f 226/78/1528 238/81/1528 232/88/1528
f 241/96/1529 246/97/1529 237/89/1529
f 246/97/1530 240/93/1530 232/88/1530
f 229/82/1531 233/83/1531 277/127/1531
f 277/127/1532 233/83/1532 228/79/1532
f 219/70/1533 274/128/1533 279/129/1533
f 225/75/1534 279/129/1534 273/79/1534
f 250/102/1535 218/67/1535 222/69/1535
f 222/219/1536 217/64/1536 251/105/1536
f 252/107/1537 257/108/1537 249/92/1537
f 257/108/1538 251/105/1538 239/90/1538
f 261/113/1539 219/70/1539 224/72/1539
f 266/117/1540 224/228/1540 218/67/1540
f 254/111/1541 263/214/1541 268/215/1541
f 268/215/1542 262/116/1542 250/102/1542
f 265/122/1543 275/130/1543 280/131/1543
f 280/131/1544 274/128/1544 261/113/1544
f 327/179/1545 230/84/1545 235/85/1545
f 332/183/768 235/85/768 229/82/768
f 329/184/1546 334/218/1546 282/126/1546
f 334/218/1547 328/182/1547 272/124/1547
f 283/134/1548 242/98/1548 247/99/1548
f 288/138/1549 247/99/1549 241/96/1549
f 230/84/1550 285/139/1550 290/140/1550
f 290/140/1551 284/137/1551 231/86/1551
f 253/109/1552 258/110/1552 299/149/1552
f 258/110/1553 252/107/1553 295/148/1553
f 296/150/1554 301/152/1554 248/207/1554
f 248/101/1555 301/233/1555 295/148/1555
f 305/157/1556 264/120/1556 269/121/1556
f 269/121/1557 263/214/1557 306/160/1557
f 307/162/1558 312/163/1558 259/112/1558
f 259/112/1559 312/163/1559 306/160/1559
f 316/168/1560 276/132/1560 281/133/1560
f 321/172/1561 281/133/1561 275/130/1561
f 264/120/1562 318/173/1562 323/174/1562
f 270/123/1563 323/174/1563 317/171/1563
f 331/188/1564 286/141/1564 291/142/1564
f 337/181/1565 291/142/1565 285/139/1565
f 287/143/1566 297/153/1566 302/154/1566
f 293/136/1567 302/154/1567 296/150/1567
f 298/155/228 308/164/228 313/165/228
f 304/147/1568 313/165/1568 307/162/1568
f 309/166/1569 319/175/1569 324/176/1569
f 324/176/1570 318/173/1570 305/157/1570
f 330/186/1571 335/187/1571 326/170/1571
f 335/187/1572 329/184/1572 316/168/1572
f 338/190/1573 287/143/1573 292/144/1573
f 343/195/1574 292/144/1574 286/141/1574
f 340/196/1575 345/198/1575 336/189/1575
f 336/189/1576 345/209/1576 339/193/1576
f 342/164/228 298/155/228 303/156/228
f 303/220/1577 297/153/1577 338/190/1577
f 309/166/1578 314/167/1578 347/211/1578
f 347/203/1579 314/167/1579 308/164/1579
f 340/196/1580 320/177/1580 325/178/1580
f 346/201/1581 325/178/1581 319/175/1581
f 349/64/1582 354/219/1582 355/65/1582
f 350/67/1583 356/228/1583 355/68/1583
f 351/70/1584 357/206/1584 355/71/1584
f 352/73/1585 358/205/1585 355/74/1585
f 353/76/1586 359/227/1586 355/77/1586
f 360/79/1587 365/83/1587 366/80/1587
f 361/82/1588 367/85/1588 366/80/1588
f 362/84/1589 368/87/1589 366/80/1589
f 363/86/1590 369/89/1590 366/80/1590
f 364/88/1591 370/81/1591 366/80/1591
f 371/90/1592 376/204/1592 377/91/1592
f 372/93/1593 378/97/1593 377/94/1593
f 373/96/1594 379/99/1594 377/94/1594
f 374/98/1595 380/207/1595 377/94/1595
f 375/100/1596 381/92/1596 377/91/1596
f 382/102/1597 387/106/1597 388/103/1597
f 383/105/1598 389/108/1598 388/103/1598
f 384/107/1599 390/110/1599 388/103/1599
f 385/109/1600 391/112/1600 388/103/1600
f 386/111/1601 392/104/1601 388/103/1601
f 393/113/1602 398/117/1602 399/114/1602
f 394/116/1603 400/215/1603 399/114/1603
f 395/118/1604 401/121/1604 399/114/1604
f 396/120/1605 402/123/1605 399/114/1605
f 397/122/1606 403/115/1606 399/114/1606
f 404/124/1607 409/221/1607 410/125/1607
f 405/79/1608 411/129/1608 410/125/1608
f 406/128/1609 412/222/1609 410/125/1609
f 407/130/1610 413/133/1610 410/125/1610
f 408/132/1611 414/126/1611 410/125/1611
f 415/134/1612 420/138/1612 421/135/1612
f 416/223/1613 422/140/1613 421/135/1613
f 417/139/1614 423/142/1614 421/135/1614
f 418/141/1615 424/144/1615 421/135/1615
f 419/143/1616 425/136/1616 421/135/1616
f 426/145/1617 431/149/1617 432/146/1617
f 427/148/1618 433/233/1618 432/146/1618
f 428/150/1619 434/154/1619 432/151/1619
f 429/153/1620 435/220/1620 432/151/1620
f 430/155/1621 436/224/1621 432/146/1621
f 437/157/1622 442/161/1622 443/158/1622
f 438/160/1623 444/163/1623 443/158/1623
f 439/162/1624 445/165/1624 443/158/1624
f 440/164/1625 446/167/1625 443/158/1625
f 441/166/1626 447/159/1626 443/158/1626
f 448/168/1627 453/172/1627 454/169/1627
f 449/171/1628 455/174/1628 454/169/1628
f 450/173/1629 456/225/1629 454/169/1629
f 451/175/1630 457/178/1630 454/169/1630
f 452/177/1631 458/170/1631 454/169/1631
f 459/179/1632 464/183/1632 465/180/1632
f 460/182/1633 466/226/1633 465/180/1633
f 461/184/1634 467/187/1634 465/180/1634
f 462/186/1635 468/189/1635 465/180/1635
f 463/188/1636 469/181/1636 465/180/1636
f 470/190/1637 475/208/1637 476/191/1637
f 471/193/1638 477/209/1638 476/194/1638
f 472/196/1639 478/212/1639 476/197/1639
f 473/199/1640 479/211/1640 476/200/1640
f 474/164/1641 480/210/1641 476/202/1641
f 371/90/1642 349/64/1642 359/66/1642
f 359/227/1643 353/76/1643 372/93/1643
f 352/73/228 360/79/228 370/81/228
f 358/78/224 370/81/224 364/88/224
f 373/96/1644 378/97/1644 369/89/1644
f 378/97/1645 372/93/1645 364/88/1645
f 361/82/1646 365/83/1646 409/221/1646
f 409/221/1647 365/83/1647 360/79/1647
f 406/128/1648 411/129/1648 357/206/1648
f 357/75/1649 411/129/1649 405/79/1649
f 350/67/1650 354/69/1650 387/106/1650
f 354/219/1651 349/64/1651 383/105/1651
f 384/107/1652 389/108/1652 381/92/1652
f 389/108/1653 383/105/1653 371/90/1653
f 351/70/1654 356/72/1654 398/117/1654
f 356/228/1655 350/67/1655 394/116/1655
f 386/111/1656 395/118/1656 400/215/1656
f 400/215/1657 394/116/1657 382/102/1657
f 407/130/1658 412/222/1658 403/115/1658
f 412/222/1659 406/128/1659 393/113/1659
f 362/84/1660 367/85/1660 464/183/1660
f 367/85/1661 361/82/1661 460/182/1661
f 461/184/1662 466/226/1662 414/126/1662
f 414/126/1663 466/226/1663 460/182/1663
f 374/98/1664 379/99/1664 420/138/1664
f 379/99/1665 373/96/1665 416/223/1665
f 362/84/1666 417/139/1666 422/140/1666
f 422/140/1667 416/223/1667 363/86/1667
f 385/109/1668 390/110/1668 431/149/1668
f 431/149/1669 390/110/1669 384/107/1669
f 374/98/1670 428/150/1670 433/152/1670
f 380/101/1671 433/233/1671 427/148/1671
f 437/157/1672 396/120/1672 401/121/1672
f 442/161/1673 401/121/1673 395/118/1673
f 385/109/1674 439/162/1674 444/163/1674
f 391/112/1675 444/163/1675 438/160/1675
f 408/132/1676 413/133/1676 453/172/1676
f 413/133/1677 407/130/1677 449/171/1677
f 450/173/1678 455/174/1678 402/123/1678
f 455/174/1679 449/171/1679 397/122/1679
f 463/188/1680 418/141/1680 423/142/1680
f 469/181/1681 423/142/1681 417/139/1681
f 429/153/1682 434/154/1682 425/136/1682
f 434/154/1683 428/150/1683 415/134/1683
f 430/155/228 440/164/228 445/165/228
f 436/224/1684 445/165/1684 439/162/1684
f 441/166/1685 451/175/1685 456/225/1685
f 456/225/1686 450/173/1686 437/157/1686
f 452/177/1687 462/186/1687 467/187/1687
f 467/187/1688 461/184/1688 448/168/1688
f 470/190/1689 419/143/1689 424/144/1689
f 475/195/1690 424/144/1690 418/141/1690
f 462/186/1691 472/196/1691 477/198/1691
f 468/189/1692 477/209/1692 471/193/1692
f 474/164/228 430/155/228 435/156/228
f 435/220/1693 429/153/1693 470/190/1693
f 473/199/1694 441/166/1694 446/167/1694
f 479/203/1695 446/167/1695 440/164/1695
f 472/196/1696 452/177/1696 457/178/1696
f 478/201/1697 457/178/1697 451/175/1697
f 481/64/1698 486/219/1698 487/65/1698
f 482/67/1699 488/228/1699 487/68/1699
f 483/70/1700 489/206/1700 487/71/1700
f 484/73/1701 490/205/1701 487/74/1701
f 485/76/1702 491/227/1702 487/77/1702
f 492/79/1703 497/83/1703 498/80/1703
f 493/82/1704 499/85/1704 498/80/1704
f 494/84/1705 500/87/1705 498/80/1705
f 495/86/1706 501/89/1706 498/80/1706
f 496/88/1707 502/81/1707 498/80/1707
f 503/90/1708 508/204/1708 509/91/1708
f 504/93/1709 510/97/1709 509/94/1709
f 505/96/1710 511/99/1710 509/94/1710
f 506/98/1711 512/207/1711 509/94/1711
f 507/100/1712 513/92/1712 509/91/1712
f 514/102/1713 519/106/1713 520/213/1713
f 515/105/1714 521/108/1714 520/213/1714
f 516/107/1715 522/110/1715 520/213/1715
f 517/109/1716 523/112/1716 520/213/1716
f 518/111/1717 524/104/1717 520/213/1717
f 525/113/1718 530/117/1718 531/114/1718
f 526/116/1719 532/229/1719 531/114/1719
f 527/118/1720 533/121/1720 531/114/1720
f 528/120/1721 534/123/1721 531/114/1721
f 529/122/1722 535/115/1722 531/114/1722
f 536/124/1723 541/127/1723 542/216/1723
f 537/79/1724 543/129/1724 542/216/1724
f 538/128/1725 544/230/1725 542/216/1725
f 539/130/1726 545/133/1726 542/216/1726
f 540/132/1727 546/126/1727 542/216/1727
f 547/134/1728 552/138/1728 553/135/1728
f 548/223/1729 554/140/1729 553/135/1729
f 549/139/1730 555/142/1730 553/135/1730
f 550/141/1731 556/144/1731 553/135/1731
f 551/143/1732 557/136/1732 553/135/1732
f 558/145/1733 563/149/1733 564/146/1733
f 559/148/1734 565/233/1734 564/146/1734
f 560/150/1735 566/154/1735 564/151/1735
f 561/153/1736 567/220/1736 564/151/1736
f 562/155/1737 568/147/1737 564/146/1737
f 569/157/1738 574/161/1738 575/158/1738
f 570/160/1739 576/163/1739 575/158/1739
f 571/162/1740 577/165/1740 575/158/1740
f 572/164/1741 578/167/1741 575/158/1741
f 573/166/1742 579/159/1742 575/158/1742
f 580/168/1743 585/172/1743 586/169/1743
f 581/171/1744 587/174/1744 586/169/1744
f 582/173/1745 588/231/1745 586/169/1745
f 583/175/1746 589/178/1746 586/169/1746
f 584/177/1747 590/170/1747 586/169/1747
f 591/179/1748 596/183/1748 597/217/1748
f 592/182/1749 598/232/1749 597/217/1749
f 593/184/1750 599/187/1750 597/217/1750
f 594/186/1751 600/189/1751 597/217/1751
f 595/188/1752 601/181/1752 597/217/1752
f 602/190/1753 607/208/1753 608/191/1753
f 603/193/1754 609/209/1754 608/194/1754
f 604/196/1755 610/212/1755 608/197/1755
f 605/199/1756 611/211/1756 608/200/1756
f 606/164/1757 612/210/1757 608/202/1757
f 503/90/1758 481/64/1758 491/66/1758
f 508/95/1759 491/227/1759 485/76/1759
f 484/73/228 492/79/228 502/81/228
f 490/78/1760 502/81/1760 496/88/1760
f 495/86/1761 505/96/1761 510/97/1761
f 501/89/1762 510/97/1762 504/93/1762
f 536/124/1763 493/82/1763 497/83/1763
f 541/127/1764 497/83/1764 492/79/1764
f 483/70/1765 538/128/1765 543/129/1765
f 489/75/1766 543/129/1766 537/79/1766
f 482/67/1767 486/69/1767 519/106/1767
f 486/219/1768 481/64/1768 515/105/1768
f 516/107/1769 521/108/1769 513/92/1769
f 513/92/1770 521/108/1770 515/105/1770
f 483/70/1771 488/72/1771 530/117/1771
f 488/228/1772 482/67/1772 526/116/1772
f 527/118/1773 532/229/1773 524/104/1773
f 532/229/1774 526/116/1774 514/102/1774
f 529/122/1775 539/130/1775 544/230/1775
f 535/115/1776 544/230/1776 538/128/1776
f 591/179/1777 494/84/1777 499/85/1777
f 596/183/1778 499/85/1778 493/82/1778
f 540/132/1779 593/184/1779 598/232/1779
f 546/126/1780 598/232/1780 592/182/1780
f 506/98/1781 511/99/1781 552/138/1781
f 511/99/1782 505/96/1782 548/223/1782
f 549/139/1783 554/140/1783 500/87/1783
f 500/87/1784 554/140/1784 548/223/1784
f 558/145/1785 517/109/1785 522/110/1785
f 522/110/1786 516/107/1786 559/148/1786
f 560/150/1787 565/152/1787 512/207/1787
f 565/233/1788 559/148/1788 507/100/1788
f 569/157/1789 528/120/1789 533/121/1789
f 533/121/1790 527/118/1790 570/160/1790
f 571/162/1791 576/163/1791 523/112/1791
f 576/163/1792 570/160/1792 518/111/1792
f 540/132/1793 545/133/1793 585/172/1793
f 585/172/1794 545/133/1794 539/130/1794
f 582/173/1795 587/174/1795 534/123/1795
f 587/174/1796 581/171/1796 529/122/1796
f 550/141/1797 555/142/1797 601/181/1797
f 601/181/1798 555/142/1798 549/139/1798
f 551/143/1799 561/153/1799 566/154/1799
f 557/136/1800 566/154/1800 560/150/1800
f 562/155/228 572/164/228 577/165/228
f 568/147/1801 577/165/1801 571/162/1801
f 573/166/1802 583/175/1802 588/231/1802
f 588/231/1803 582/173/1803 569/157/1803
f 584/177/1687 594/186/1687 599/187/1687
f 590/170/1804 599/187/1804 593/184/1804
f 551/143/1805 556/144/1805 607/208/1805
f 607/195/1806 556/144/1806 550/141/1806
f 604/196/1807 609/198/1807 600/189/1807
f 600/189/1808 609/209/1808 603/193/1808
f 606/164/228 562/155/228 567/156/228
f 567/220/1809 561/153/1809 602/190/1809
f 605/199/1810 573/166/1810 578/167/1810
f 611/203/1811 578/167/1811 572/164/1811
f 584/177/1812 589/178/1812 610/212/1812
f 589/178/1813 583/175/1813 605/199/1813
f 613/64/1814 618/219/1814 619/65/1814
f 614/67/1815 620/228/1815 619/68/1815
f 615/70/1816 621/206/1816 619/71/1816
f 616/73/1817 622/205/1817 619/74/1817
f 617/76/1818 623/227/1818 619/77/1818
f 624/79/1819 629/83/1819 630/80/1819
f 625/82/1820 631/85/1820 630/80/1820
f 626/84/1821 632/87/1821 630/80/1821
f 627/86/1822 633/89/1822 630/80/1822
f 628/88/1823 634/81/1823 630/80/1823
f 635/90/1824 640/204/1824 641/91/1824
f 636/93/1825 642/97/1825 641/94/1825
f 637/96/1826 643/99/1826 641/94/1826
f 638/98/1827 644/207/1827 641/94/1827
f 639/100/1828 645/92/1828 641/91/1828
f 646/102/1829 651/106/1829 652/103/1829
f 647/105/1830 653/108/1830 652/103/1830
f 648/107/1831 654/234/1831 652/103/1831
f 649/109/1832 655/112/1832 652/103/1832
f 650/111/1833 656/104/1833 652/103/1833
f 657/113/1834 662/117/1834 663/114/1834
f 658/116/1835 664/215/1835 663/114/1835
f 659/118/1836 665/121/1836 663/114/1836
f 660/120/1837 666/123/1837 663/114/1837
f 661/122/1838 667/115/1838 663/114/1838
f 668/124/1839 673/127/1839 674/125/1839
f 669/79/1840 675/129/1840 674/125/1840
f 670/128/1841 676/131/1841 674/125/1841
f 671/130/1842 677/133/1842 674/125/1842
f 672/132/1843 678/126/1843 674/125/1843
f 679/134/1844 684/138/1844 685/135/1844
f 680/137/1845 686/235/1845 685/135/1845
f 681/139/1846 687/142/1846 685/135/1846
f 682/141/1847 688/144/1847 685/135/1847
f 683/143/1848 689/136/1848 685/135/1848
f 690/145/1849 695/149/1849 696/146/1849
f 691/148/1850 697/233/1850 696/146/1850
f 692/150/1851 698/154/1851 696/151/1851
f 693/153/1852 699/220/1852 696/151/1852
f 694/155/1853 700/147/1853 696/146/1853
f 701/157/1854 706/161/1854 707/158/1854
f 702/160/1855 708/163/1855 707/158/1855
f 703/162/1856 709/165/1856 707/158/1856
f 704/164/1857 710/167/1857 707/158/1857
f 705/166/1858 711/159/1858 707/158/1858
f 712/168/1859 717/172/1859 718/169/1859
f 713/171/1860 719/174/1860 718/169/1860
f 714/173/1861 720/176/1861 718/169/1861
f 715/175/1862 721/178/1862 718/169/1862
f 716/177/1863 722/170/1863 718/169/1863
f 723/179/1864 728/183/1864 729/180/1864
f 724/182/1865 730/232/1865 729/180/1865
f 725/184/1866 731/187/1866 729/180/1866
f 726/186/1867 732/189/1867 729/180/1867
f 727/188/1868 733/181/1868 729/180/1868
f 734/190/1869 739/208/1869 740/191/1869
f 735/193/1870 741/209/1870 740/194/1870
f 736/196/1871 742/212/1871 740/197/1871
f 737/199/1872 743/211/1872 740/200/1872
f 738/164/1873 744/210/1873 740/202/1873
f 613/64/1874 623/66/1874 640/204/1874
f 623/227/1875 617/76/1875 636/93/1875
f 616/73/228 624/79/228 634/81/228
f 634/81/1876 628/88/1876 617/76/1876
f 637/96/1877 642/97/1877 633/89/1877
f 633/89/1878 642/97/1878 636/93/1878
f 625/82/1879 629/83/1879 673/127/1879
f 673/127/1880 629/83/1880 624/79/1880
f 670/128/1881 675/129/1881 621/206/1881
f 621/75/1882 675/129/1882 669/79/1882
f 614/67/1883 618/69/1883 651/106/1883
f 618/219/1884 613/64/1884 647/105/1884
f 648/107/1885 653/108/1885 645/92/1885
f 653/108/1886 647/105/1886 635/90/1886
f 615/70/1887 620/72/1887 662/117/1887
f 620/228/1888 614/67/1888 658/116/1888
f 650/111/1889 659/118/1889 664/215/1889
f 664/215/1890 658/116/1890 646/102/1890
f 661/122/1891 671/130/1891 676/131/1891
f 676/131/1892 670/128/1892 657/113/1892
f 723/179/1893 626/84/1893 631/85/1893
f 631/85/1894 625/82/1894 724/182/1894
f 725/184/1895 730/232/1895 678/126/1895
f 678/126/1896 730/232/1896 724/182/1896
f 638/98/1897 643/99/1897 684/138/1897
f 684/138/1898 643/99/1898 637/96/1898
f 681/139/1899 686/235/1899 632/87/1899
f 686/235/1900 680/137/1900 627/86/1900
f 690/145/1901 649/109/1901 654/234/1901
f 695/149/1902 654/234/1902 648/107/1902
f 692/150/1903 697/152/1903 644/207/1903
f 644/101/1904 697/233/1904 691/148/1904
f 660/120/1905 665/121/1905 706/161/1905
f 665/121/1906 659/118/1906 702/160/1906
f 649/109/1907 703/162/1907 708/163/1907
f 708/163/1908 702/160/1908 650/111/1908
f 712/168/1909 672/132/1909 677/133/1909
f 717/172/1910 677/133/1910 671/130/1910
f 714/173/1911 719/174/1911 666/123/1911
f 719/174/1912 713/171/1912 661/122/1912
f 682/141/1913 687/142/1913 733/181/1913
f 687/142/1914 681/139/1914 723/179/1914
f 683/143/1915 693/153/1915 698/154/1915
f 689/136/1916 698/154/1916 692/150/1916
f 694/155/228 704/164/228 709/165/228
f 709/165/1057 703/162/1057 690/145/1057
f 705/166/1917 715/175/1917 720/176/1917
f 711/159/1918 720/176/1918 714/173/1918
f 726/186/1919 731/187/1919 722/170/1919
f 722/170/1920 731/187/1920 725/184/1920
f 683/143/1921 688/144/1921 739/208/1921
f 688/144/1922 682/141/1922 735/193/1922
f 736/196/1923 741/198/1923 732/189/1923
f 741/209/1924 735/193/1924 727/188/1924
f 738/164/228 694/155/228 699/156/228
f 699/220/1925 693/153/1925 734/190/1925
f 737/199/1926 705/166/1926 710/167/1926
f 743/203/1927 710/167/1927 704/164/1927
f 736/196/1928 716/177/1928 721/178/1928
f 721/178/1929 715/175/1929 737/199/1929
f 745/64/1930 750/219/1930 751/65/1930
f 746/67/1931 752/228/1931 751/68/1931
f 747/70/1932 753/206/1932 751/71/1932
f 748/73/1933 754/205/1933 751/74/1933
f 749/76/1934 755/227/1934 751/77/1934
f 756/79/1935 761/83/1935 762/80/1935
f 757/82/1936 763/85/1936 762/80/1936
f 758/236/1937 764/87/1937 762/80/1937
f 759/86/1938 765/89/1938 762/80/1938
f 760/88/1939 766/81/1939 762/80/1939
f 767/90/1940 772/204/1940 773/91/1940
f 768/93/1941 774/97/1941 773/94/1941
f 769/96/1942 775/99/1942 773/94/1942
f 770/98/1943 776/207/1943 773/94/1943
f 771/100/1944 777/92/1944 773/91/1944
f 778/102/1945 783/106/1945 784/213/1945
f 779/105/1946 785/108/1946 784/213/1946
f 780/107/1947 786/110/1947 784/213/1947
f 781/237/1948 787/112/1948 784/213/1948
f 782/111/1949 788/104/1949 784/213/1949
f 789/113/1950 794/117/1950 795/114/1950
f 790/116/1951 796/215/1951 795/114/1951
f 791/214/1952 797/121/1952 795/114/1952
f 792/120/1953 798/123/1953 795/114/1953
f 793/122/1954 799/115/1954 795/114/1954
f 800/124/1955 805/221/1955 806/216/1955
f 801/79/1956 807/129/1956 806/216/1956
f 802/128/1957 808/131/1957 806/216/1957
f 803/130/1958 809/133/1958 806/216/1958
f 804/132/1959 810/238/1959 806/216/1959
f 811/134/1960 816/138/1960 817/135/1960
f 812/137/1961 818/140/1961 817/135/1961
f 813/139/1962 819/142/1962 817/135/1962
f 814/141/1963 820/144/1963 817/135/1963
f 815/143/1964 821/136/1964 817/135/1964
f 822/145/1965 827/149/1965 828/146/1965
f 823/148/1966 829/233/1966 828/146/1966
f 824/150/1967 830/154/1967 828/151/1967
f 825/153/1968 831/220/1968 828/151/1968
f 826/155/1969 832/147/1969 828/146/1969
f 833/157/1970 838/161/1970 839/158/1970
f 834/160/1971 840/163/1971 839/158/1971
f 835/162/1972 841/165/1972 839/158/1972
f 836/164/1973 842/167/1973 839/158/1973
f 837/166/1974 843/159/1974 839/158/1974
f 844/168/1975 849/172/1975 850/169/1975
f 845/171/1976 851/174/1976 850/169/1976
f 846/173/1977 852/239/1977 850/169/1977
f 847/175/1978 853/178/1978 850/169/1978
f 848/177/1979 854/170/1979 850/169/1979
f 855/179/1980 860/183/1980 861/217/1980
f 856/182/1981 862/185/1981 861/217/1981
f 857/184/1982 863/187/1982 861/217/1982
f 858/186/1983 864/189/1983 861/217/1983
f 859/188/1984 865/181/1984 861/217/1984
f 866/190/1985 871/208/1985 872/191/1985
f 867/193/1986 873/209/1986 872/194/1986
f 868/196/1987 874/212/1987 872/197/1987
f 869/199/1988 875/211/1988 872/200/1988
f 870/164/1989 876/210/1989 872/202/1989
f 745/64/1990 755/66/1990 772/204/1990
f 772/95/1991 755/227/1991 749/76/1991
f 748/73/228 756/79/228 766/81/228
f 766/81/1992 760/88/1992 749/76/1992
f 769/96/1993 774/97/1993 765/89/1993
f 765/89/1994 774/97/1994 768/93/1994
f 800/124/1995 757/82/1995 761/83/1995
f 805/221/1996 761/83/1996 756/79/1996
f 747/70/1997 802/128/1997 807/129/1997
f 753/75/1998 807/129/1998 801/79/1998
f 746/67/1999 750/69/1999 783/106/1999
f 783/106/497 750/219/497 745/64/497
f 780/107/2000 785/108/2000 777/92/2000
f 785/108/2001 779/105/2001 767/90/2001
f 747/70/2002 752/72/2002 794/117/2002
f 794/117/2003 752/228/2003 746/67/2003
f 791/214/2004 796/215/2004 788/104/2004
f 788/104/2005 796/215/2005 790/116/2005
f 793/122/2006 803/130/2006 808/131/2006
f 808/131/2007 802/128/2007 789/113/2007
f 855/179/2008 758/236/2008 763/85/2008
f 763/85/2009 757/82/2009 856/182/2009
f 804/132/2010 857/184/2010 862/185/2010
f 862/185/2011 856/182/2011 800/124/2011
f 770/98/2012 775/99/2012 816/138/2012
f 775/99/2013 769/96/2013 812/137/2013
f 813/139/2014 818/140/2014 764/87/2014
f 818/140/2015 812/137/2015 759/86/2015
f 781/237/2016 786/110/2016 827/149/2016
f 786/110/2017 780/107/2017 823/148/2017
f 824/150/2018 829/152/2018 776/207/2018
f 829/233/2019 823/148/2019 771/100/2019
f 833/157/2020 792/120/2020 797/121/2020
f 838/161/2021 797/121/2021 791/214/2021
f 835/162/2022 840/163/2022 787/112/2022
f 787/112/2023 840/163/2023 834/160/2023
f 844/168/2024 804/132/2024 809/133/2024
f 809/133/2025 803/130/2025 845/171/2025
f 846/173/2026 851/174/2026 798/123/2026
f 798/123/2027 851/174/2027 845/171/2027
f 859/188/2028 814/141/2028 819/142/2028
f 865/181/2029 819/142/2029 813/139/2029
f 815/143/2030 825/153/2030 830/154/2030
f 821/136/2031 830/154/2031 824/150/2031
f 826/155/228 836/164/228 841/165/228
f 832/147/2032 841/165/2032 835/162/2032
f 847/175/2033 852/239/2033 843/159/2033
f 852/239/2034 846/173/2034 833/157/2034
f 848/177/2035 858/186/2035 863/187/2035
f 863/187/2036 857/184/2036 844/168/2036
f 866/190/2037 815/143/2037 820/144/2037
f 820/144/2038 814/141/2038 867/193/2038
f 868/196/2039 873/198/2039 864/189/2039
f 864/189/2040 873/209/2040 867/193/2040
f 870/164/228 826/155/228 831/156/228
f 831/220/2041 825/153/2041 866/190/2041
f 869/199/2042 837/166/2042 842/167/2042
f 875/203/2043 842/167/2043 836/164/2043
f 868/196/2044 848/177/2044 853/178/2044
f 853/178/2045 847/175/2045 869/199/2045
f 877/64/2046 882/219/2046 883/65/2046
f 878/67/2047 884/228/2047 883/68/2047
f 879/70/2048 885/206/2048 883/71/2048
f 880/73/2049 886/205/2049 883/74/2049
f 881/76/2050 887/227/2050 883/77/2050
f 888/79/2051 893/83/2051 894/80/2051
f 889/82/2052 895/85/2052 894/80/2052
f 890/84/2053 896/87/2053 894/80/2053
f 891/86/2054 897/89/2054 894/80/2054
f 892/88/2055 898/81/2055 894/80/2055
f 899/90/2056 904/204/2056 905/91/2056
f 900/93/2057 906/97/2057 905/94/2057
f 901/96/2058 907/99/2058 905/94/2058
f 902/98/2059 908/207/2059 905/94/2059
f 903/100/2060 909/92/2060 905/91/2060
f 910/102/2061 915/106/2061 916/213/2061
f 911/105/2062 917/108/2062 916/213/2062
f 912/107/2063 918/110/2063 916/213/2063
f 913/109/2064 919/112/2064 916/213/2064
f 914/111/2065 920/104/2065 916/213/2065
f 921/113/2066 926/117/2066 927/114/2066
f 922/116/2067 928/229/2067 927/114/2067
f 923/214/2068 929/121/2068 927/114/2068
f 924/120/2069 930/123/2069 927/114/2069
f 925/122/2070 931/115/2070 927/114/2070
f 932/124/2071 937/240/2071 938/216/2071
f 933/79/2072 939/129/2072 938/216/2072
f 934/128/2073 940/222/2073 938/216/2073
f 935/130/2074 941/133/2074 938/216/2074
f 936/132/2075 942/126/2075 938/216/2075
f 943/134/2076 948/138/2076 949/135/2076
f 944/137/2077 950/235/2077 949/135/2077
f 945/139/2078 951/142/2078 949/135/2078
f 946/141/2079 952/144/2079 949/135/2079
f 947/143/2080 953/136/2080 949/135/2080
f 954/145/2081 959/149/2081 960/146/2081
f 955/148/2082 961/233/2082 960/146/2082
f 956/150/2083 962/154/2083 960/151/2083
f 957/153/2084 963/220/2084 960/151/2084
f 958/155/2085 964/147/2085 960/146/2085
f 965/157/2086 970/161/2086 971/158/2086
f 966/160/2087 972/163/2087 971/158/2087
f 967/162/2088 973/165/2088 971/158/2088
f 968/164/2089 974/167/2089 971/158/2089
f 969/166/2090 975/159/2090 971/158/2090
f 976/168/2091 981/172/2091 982/169/2091
f 977/171/2092 983/174/2092 982/169/2092
f 978/173/2093 984/239/2093 982/169/2093
f 979/175/2094 985/178/2094 982/169/2094
f 980/177/2095 986/170/2095 982/169/2095
f 987/179/2096 992/183/2096 993/217/2096
f 988/182/2097 994/232/2097 993/217/2097
f 989/184/2098 995/187/2098 993/217/2098
f 990/186/2099 996/189/2099 993/217/2099
f 991/188/2100 997/181/2100 993/217/2100
f 998/190/2101 1003/208/2101 1004/191/2101
f 999/193/2102 1005/209/2102 1004/194/2102
f 1000/196/2103 1006/212/2103 1004/197/2103
f 1001/199/2104 1007/211/2104 1004/200/2104
f 1002/164/2105 1008/210/2105 1004/202/2105
f 877/64/2106 887/66/2106 904/204/2106
f 904/95/2107 887/227/2107 881/76/2107
f 880/73/228 888/79/228 898/81/228
f 886/78/224 898/81/224 892/88/224
f 901/96/2108 906/97/2108 897/89/2108
f 906/97/2109 900/93/2109 892/88/2109
f 932/124/2110 889/82/2110 893/83/2110
f 937/240/1880 893/83/1880 888/79/1880
f 934/128/2111 939/129/2111 885/206/2111
f 885/75/2112 939/129/2112 933/79/2112
f 910/102/2113 878/67/2113 882/69/2113
f 915/106/2114 882/219/2114 877/64/2114
f 912/107/2115 917/108/2115 909/92/2115
f 909/92/2116 917/108/2116 911/105/2116
f 879/70/2117 884/72/2117 926/117/2117
f 926/117/2118 884/228/2118 878/67/2118
f 923/214/2119 928/229/2119 920/104/2119
f 928/229/2120 922/116/2120 910/102/2120
f 925/122/2121 935/130/2121 940/222/2121
f 931/115/2122 940/222/2122 934/128/2122
f 890/84/2123 895/85/2123 992/183/2123
f 895/85/2124 889/82/2124 988/182/2124
f 989/184/2125 994/232/2125 942/126/2125
f 994/232/2126 988/182/2126 932/124/2126
f 943/134/2127 902/98/2127 907/99/2127
f 907/99/2128 901/96/2128 944/137/2128
f 890/84/2129 945/139/2129 950/235/2129
f 950/235/2130 944/137/2130 891/86/2130
f 954/145/2131 913/109/2131 918/110/2131
f 959/149/2132 918/110/2132 912/107/2132
f 902/98/2133 956/150/2133 961/152/2133
f 908/101/2134 961/233/2134 955/148/2134
f 965/157/2135 924/120/2135 929/121/2135
f 970/161/2136 929/121/2136 923/214/2136
f 913/109/2137 967/162/2137 972/163/2137
f 972/163/2138 966/160/2138 914/111/2138
f 976/168/2139 936/132/2139 941/133/2139
f 941/133/2140 935/130/2140 977/171/2140
f 978/173/2141 983/174/2141 930/123/2141
f 983/174/2142 977/171/2142 925/122/2142
f 946/141/2143 951/142/2143 997/181/2143
f 997/181/2144 951/142/2144 945/139/2144
f 957/153/2145 962/154/2145 953/136/2145
f 962/154/2146 956/150/2146 943/134/2146
f 958/155/228 968/164/228 973/165/228
f 964/147/2147 973/165/2147 967/162/2147
f 969/166/1926 979/175/1926 984/239/1926
f 975/159/2148 984/239/2148 978/173/2148
f 990/186/2149 995/187/2149 986/170/2149
f 986/170/2150 995/187/2150 989/184/2150
f 947/143/2151 952/144/2151 1003/208/2151
f 952/144/2152 946/141/2152 999/193/2152
f 990/186/2153 1000/196/2153 1005/198/2153
f 996/189/2154 1005/209/2154 999/193/2154
f 1002/164/228 958/155/228 963/156/228
f 963/220/2155 957/153/2155 998/190/2155
f 1001/199/2156 969/166/2156 974/167/2156
f 1007/203/2157 974/167/2157 968/164/2157
f 1000/196/2158 980/177/2158 985/178/2158
f 985/178/2159 979/175/2159 1001/199/2159
f 1024/241/2160 1026/267/2160 1011/242/2160
f 1011/242/1087 1026/267/1087 1025/244/1087
f 1013/246/1088 1027/269/1088 1029/247/1088
f 1014/248/1089 1029/247/1089 1028/249/1089
f 1030/251/1090 1032/272/1090 1017/252/1090
f 1017/253/1091 1032/274/1091 1031/254/1091
f 1033/256/1092 1035/276/1092 1020/257/1092
f 1020/257/1093 1035/276/1093 1034/259/1093
f 1022/261/1094 1036/259/1094 1038/262/1094
f 1023/263/1095 1038/262/1095 1037/264/1095
f 1039/266/1096 1041/268/1096 1026/267/1096
f 1041/268/1097 1040/281/1097 1025/244/1097
f 1027/269/1098 1042/282/1098 1044/270/1098
f 1044/270/1099 1043/285/1099 1028/249/1099
f 1045/271/1100 1047/287/1100 1032/272/1100
f 1047/273/1101 1046/289/1101 1031/254/1101
f 1033/256/1102 1048/291/1102 1050/275/1102
f 1035/276/1103 1050/275/1103 1049/277/1103
f 1051/278/1104 1053/279/1104 1038/262/1104
f 1053/279/1105 1052/294/1105 1037/264/1105
f 1039/266/1106 1054/295/1106 1056/280/1106
f 1056/280/1107 1055/297/1107 1040/281/1107
f 1042/282/1108 1057/298/1108 1059/283/1108
f 1044/270/1109 1059/283/1109 1058/284/1109
f 1060/286/1110 1062/301/1110 1047/287/1110
f 1062/288/1111 1061/303/1111 1046/289/1111
f 1063/290/1112 1065/305/1112 1050/275/1112
f 1050/275/1113 1065/305/1113 1064/292/1113
f 1051/278/1114 1066/307/1114 1068/293/1114
f 1068/293/1115 1067/309/1115 1052/294/1115
f 1054/295/1116 1069/311/1116 1071/296/1116
f 1071/296/2161 1070/313/2161 1055/297/2161
f 1057/298/1118 1072/315/1118 1074/299/1118
f 1074/299/1119 1073/317/1119 1058/284/1119
f 1075/300/1120 1077/319/1120 1062/301/1120
f 1077/302/1121 1076/321/1121 1061/303/1121
f 1078/304/1122 1080/306/1122 1065/305/1122
f 1080/306/1123 1079/324/1123 1064/292/1123
f 1066/307/1124 1081/326/1124 1083/308/1124
f 1083/308/1125 1082/328/1125 1067/309/1125
f 1084/310/1126 1086/312/1126 1071/296/1126
f 1086/312/1127 1085/331/1127 1070/313/1127
f 1087/314/2162 1089/316/2162 1074/299/2162
f 1089/316/1129 1088/334/1129 1073/317/1129
f 1090/318/1130 1092/336/1130 1077/319/1130
f 1092/320/1131 1091/338/1131 1076/321/1131
f 1093/322/2163 1095/340/2163 1080/306/2163
f 1080/306/1133 1095/340/1133 1094/323/1133
f 1096/325/1134 1098/327/1134 1083/308/1134
f 1098/327/1135 1097/344/1135 1082/328/1135
f 1099/329/1136 1101/330/1136 1086/312/1136
f 1101/330/1137 1100/347/1137 1085/331/1137
f 1087/314/1138 1102/348/1138 1104/332/1138
f 1089/316/1139 1104/332/1139 1103/333/1139
f 1090/318/1140 1105/351/1140 1107/335/1140
f 1092/320/2164 1107/353/2164 1106/337/2164
f 1108/339/1142 1110/356/1142 1095/340/1142
f 1095/340/1143 1110/356/1143 1109/341/1143
f 1111/342/1144 1113/358/1144 1098/327/1144
f 1098/327/2165 1113/358/2165 1112/343/2165
f 1114/345/1146 1116/346/1146 1101/330/1146
f 1116/346/2166 1115/361/2166 1100/347/2166
f 1102/348/1148 1117/362/1148 1119/349/1148
f 1104/332/1149 1119/349/1149 1118/350/1149
f 1105/351/1150 1120/364/1150 1122/352/1150
f 1107/353/1151 1122/366/1151 1121/354/1151
f 1108/339/1152 1123/369/1152 1125/355/1152
f 1125/355/1153 1124/371/1153 1109/341/1153
f 1111/342/1154 1126/373/1154 1128/357/1154
f 1113/358/2167 1128/357/2167 1127/359/2167
f 1114/345/1156 1129/375/1156 1131/360/1156
f 1131/360/2168 1130/377/2168 1115/361/2168
f 1117/362/1158 1132/379/1158 1134/363/1158
f 1134/363/1159 1133/381/1159 1118/350/1159
f 1120/364/1160 1135/382/1160 1137/365/1160
f 1122/366/1161 1137/385/1161 1136/367/1161
f 1138/368/2169 1140/387/2169 1125/355/2169
f 1125/355/1163 1140/387/1163 1139/370/1163
f 1141/372/1164 1143/389/1164 1128/357/1164
f 1128/357/2170 1143/389/2170 1142/374/2170
f 1129/375/1166 1144/532/1166 1146/376/1166
f 1146/376/1167 1145/535/1167 1130/377/1167
f 1147/378/1168 1149/380/1168 1134/363/1168
f 1149/380/1169 1148/536/1169 1133/381/1169
f 1135/382/1170 1150/533/1170 1152/383/1170
f 1152/384/1171 1151/534/1171 1136/367/1171
f 1153/386/1172 1155/537/1172 1140/387/1172
f 1140/387/1173 1155/537/1173 1154/388/1173
f 1156/388/1174 1158/390/1174 1143/389/1174
f 1158/390/1175 1157/538/1175 1142/374/1175
f 1144/391/1176 1159/415/1176 1161/392/1176
f 1146/393/2171 1161/392/2171 1160/394/2171
f 1147/396/1178 1162/418/1178 1164/397/1178
f 1164/397/1179 1163/420/1179 1148/399/1179
f 1165/400/1180 1167/422/1180 1152/401/1180
f 1152/402/1181 1167/423/1181 1166/403/1181
f 1153/405/1182 1168/426/1182 1170/406/1182
f 1155/407/1183 1170/406/1183 1169/408/1183
f 1171/410/1184 1173/412/1184 1158/411/1184
f 1173/412/1185 1172/430/1185 1157/413/1185
f 1174/414/1186 1176/432/1186 1161/392/1186
f 1161/392/1187 1176/432/1187 1175/416/1187
f 1177/417/1188 1179/435/1188 1164/397/1188
f 1164/397/1189 1179/435/1189 1178/419/1189
f 1180/421/1190 1182/438/1190 1167/422/1190
f 1167/423/1191 1182/439/1191 1181/424/1191
f 1183/425/1192 1185/442/1192 1170/406/1192
f 1170/406/1193 1185/442/1193 1184/427/1193
f 1186/428/1194 1188/445/1194 1173/412/1194
f 1173/412/1195 1188/445/1195 1187/429/1195
f 1174/414/1196 1189/448/1196 1191/431/1196
f 1176/432/1197 1191/431/1197 1190/433/1197
f 1177/417/1198 1192/450/1198 1194/434/1198
f 1179/435/1199 1194/434/1199 1193/436/1199
f 1195/437/1200 1197/453/1200 1182/438/1200
f 1182/439/1201 1197/454/1201 1196/440/1201
f 1198/441/1202 1200/457/1202 1185/442/1202
f 1185/442/1203 1200/457/1203 1199/443/1203
f 1201/444/1204 1203/459/1204 1188/445/1204
f 1188/445/2172 1203/459/2172 1202/446/2172
f 1204/447/1206 1206/449/1206 1191/431/1206
f 1206/449/1207 1205/462/1207 1190/433/1207
f 1192/450/1208 1207/464/1208 1209/451/1208
f 1209/451/1209 1208/466/1209 1193/436/1209
f 1195/437/1210 1210/468/1210 1212/452/1210
f 1197/454/1211 1212/469/1211 1211/455/1211
f 1198/441/1212 1213/472/1212 1215/456/1212
f 1215/456/1213 1214/474/1213 1199/443/1213
f 1201/444/1214 1216/476/1214 1218/458/1214
f 1218/458/1215 1217/478/1215 1202/446/1215
f 1219/460/1216 1221/461/1216 1206/449/1216
f 1221/461/1217 1220/481/1217 1205/462/1217
f 1222/463/1218 1224/465/1218 1209/451/1218
f 1224/465/1219 1223/484/1219 1208/466/1219
f 1225/467/1220 1227/486/1220 1212/452/1220
f 1212/469/1221 1227/488/1221 1226/470/1221
f 1228/471/1222 1230/490/1222 1215/456/1222
f 1215/456/1223 1230/490/1223 1229/473/1223
f 1231/475/1224 1233/493/1224 1218/458/1224
f 1218/458/2173 1233/493/2173 1232/477/2173
f 1234/479/1226 1236/480/1226 1221/461/1226
f 1236/480/1227 1235/497/1227 1220/481/1227
f 1237/482/1228 1239/499/1228 1224/465/1228
f 1224/465/1229 1239/499/1229 1238/483/1229
f 1225/467/1230 1240/501/1230 1242/485/1230
f 1242/487/1231 1241/504/1231 1226/470/1231
f 1243/489/2174 1245/491/2174 1230/490/2174
f 1245/491/1233 1244/506/1233 1229/473/1233
f 1246/492/1234 1248/508/1234 1233/493/1234
f 1233/493/1235 1248/508/1235 1247/494/1235
f 1249/495/1236 1251/510/1236 1236/480/1236
f 1236/480/1237 1251/510/1237 1250/496/1237
f 1252/498/1238 1254/500/1238 1239/499/1238
f 1254/500/1239 1253/514/1239 1238/483/1239
f 1240/501/1240 1255/516/1240 1257/502/1240
f 1257/503/2175 1256/518/2175 1241/504/2175
f 1243/489/1242 1258/519/1242 1260/505/1242
f 1260/505/1243 1259/521/1243 1244/506/1243
f 1246/492/1244 1261/523/1244 1263/507/1244
f 1263/507/1245 1262/525/1245 1247/494/1245
f 1249/495/2176 1264/526/2176 1266/509/2176
f 1251/510/1247 1266/509/1247 1265/511/1247
f 1267/512/1248 1269/513/1248 1254/500/1248
f 1269/513/1249 1268/528/1249 1253/514/1249
f 1270/515/1250 1272/539/1250 1257/502/1250
f 1272/517/1251 1271/529/1251 1256/518/1251
f 1258/519/2177 1273/530/2177 1275/520/2177
f 1275/520/1253 1274/531/1253 1259/521/1253
f 1276/522/1254 1278/524/1254 1263/507/1254
f 1278/524/1255 1277/527/1255 1262/525/1255
f 1265/511/1256 1266/509/1256 1011/242/1256
f 1011/242/1257 1266/509/1257 1264/526/1257
f 1012/250/1258 1268/528/1258 1269/513/1258
f 1014/248/1259 1269/513/1259 1267/512/1259
f 1015/255/1260 1271/529/1260 1272/517/1260
f 1017/252/1261 1272/539/1261 1270/515/1261
f 1018/260/1262 1274/531/1262 1275/520/1262
f 1275/520/1263 1273/530/1263 1019/258/1263
f 1277/527/1264 1278/524/1264 1023/263/1264
f 1278/524/1265 1276/522/1265 1022/261/1265
f 1265/511/2178 1009/245/2178 1013/246/2178
f 1025/244/2179 1027/269/2179 1013/246/2179
f 1037/264/2180 1024/241/2180 1010/243/2180
f 1021/265/2181 1010/243/2181 1264/526/2181
f 1028/249/2182 1030/251/2182 1016/250/2182
f 1268/528/2183 1012/250/2183 1016/250/2183
f 1015/255/2184 1031/254/2184 1033/256/2184
f 1271/529/2185 1015/255/2185 1019/258/2185
f 1034/259/2186 1036/259/2186 1022/261/2186
f 1274/531/2187 1018/260/2187 1022/261/2187
f 1037/264/2188 1052/294/2188 1039/266/2188
f 1025/244/2189 1040/281/2189 1042/282/2189
f 1043/285/416 1045/271/416 1030/251/416
f 1031/254/1279 1046/289/1279 1048/291/1279
f 1034/259/2190 1049/277/2190 1051/278/2190
f 1052/294/2191 1067/309/2191 1054/295/2191
f 1040/281/2192 1055/297/2192 1057/298/2192
f 1043/285/2193 1058/284/2193 1060/286/2193
f 1046/289/2194 1061/303/2194 1063/290/2194
f 1049/277/2195 1064/292/2195 1066/307/2195
f 1082/328/2196 1069/311/2196 1054/295/2196
f 1055/297/2197 1070/313/2197 1072/315/2197
f 1073/317/2198 1075/300/2198 1060/286/2198
f 1061/303/1289 1076/321/1289 1078/304/1289
f 1079/324/2199 1081/326/2199 1066/307/2199
f 1082/328/2200 1097/344/2200 1084/310/2200
f 1085/331/2201 1087/314/2201 1072/315/2201
f 1073/317/228 1088/334/228 1090/318/228
f 1091/338/1294 1093/322/1294 1078/304/1294
f 1079/324/2202 1094/323/2202 1096/325/2202
f 1112/343/2203 1099/329/2203 1084/310/2203
f 1100/347/2204 1102/348/2204 1087/314/2204
f 1088/334/2205 1103/333/2205 1105/351/2205
f 1091/338/2206 1106/337/2206 1108/339/2206
f 1094/323/2207 1109/341/2207 1111/342/2207
f 1112/343/2208 1127/359/2208 1114/345/2208
f 1100/347/2209 1115/361/2209 1117/362/2209
f 1103/333/2210 1118/350/2210 1120/364/2210
f 1121/354/2211 1123/369/2211 1108/339/2211
f 1124/371/2212 1126/373/2212 1111/342/2212
f 1142/374/2213 1129/375/2213 1114/345/2213
f 1115/361/2214 1130/377/2214 1132/379/2214
f 1118/350/228 1133/381/228 1135/382/228
f 1136/367/2215 1138/368/2215 1123/369/2215
f 1139/370/1301 1141/372/1301 1126/373/1301
f 1142/374/2216 1157/538/2216 1144/532/2216
f 1130/377/2217 1145/535/2217 1147/378/2217
f 1133/381/2218 1148/536/2218 1150/533/2218
f 1151/534/2219 1153/386/2219 1138/368/2219
f 1139/370/2220 1154/388/2220 1156/388/2220
f 1157/413/2221 1172/430/2221 1159/415/2221
f 1160/394/2222 1162/418/2222 1147/396/2222
f 1148/399/224 1163/420/224 1165/400/224
f 1166/403/2223 1168/426/2223 1153/405/2223
f 1154/409/2224 1169/408/2224 1171/410/2224
f 1172/430/2225 1187/429/2225 1174/414/2225
f 1175/416/2226 1177/417/2226 1162/418/2226
f 1163/420/2227 1178/419/2227 1180/421/2227
f 1181/424/2228 1183/425/2228 1168/426/2228
f 1169/408/2229 1184/427/2229 1186/428/2229
f 1202/446/2230 1189/448/2230 1174/414/2230
f 1190/433/2231 1192/450/2231 1177/417/2231
f 1178/419/2232 1193/436/2232 1195/437/2232
f 1181/424/1325 1196/440/1325 1198/441/1325
f 1184/427/2233 1199/443/2233 1201/444/2233
f 1217/478/1327 1204/447/1327 1189/448/1327
f 1205/462/2234 1207/464/2234 1192/450/2234
f 1193/436/228 1208/466/228 1210/468/228
f 1196/440/2235 1211/455/2235 1213/472/2235
f 1199/443/228 1214/474/228 1216/476/228
f 1217/478/2236 1232/477/2236 1219/460/2236
f 1220/481/2237 1222/463/2237 1207/464/2237
f 1208/466/2238 1223/484/2238 1225/467/2238
f 1211/455/2239 1226/470/2239 1228/471/2239
f 1214/474/2240 1229/473/2240 1231/475/2240
f 1232/477/2241 1247/494/2241 1234/479/2241
f 1220/481/2242 1235/497/2242 1237/482/2242
f 1223/484/2243 1238/483/2243 1240/501/2243
f 1241/504/2244 1243/489/2244 1228/471/2244
f 1244/506/2245 1246/492/2245 1231/475/2245
f 1247/494/2246 1262/525/2246 1249/495/2246
f 1250/496/2247 1252/498/2247 1237/482/2247
f 1238/483/2248 1253/514/2248 1255/516/2248
f 1256/518/2249 1258/519/2249 1243/489/2249
f 1244/506/2250 1259/521/2250 1261/523/2250
f 1277/527/2251 1264/526/2251 1249/495/2251
f 1265/511/2252 1267/512/2252 1252/498/2252
f 1268/528/2253 1270/515/2253 1255/516/2253
f 1271/529/2254 1273/530/2254 1258/519/2254
f 1274/531/2255 1276/522/2255 1261/523/2255
