# Blender 4.5.10 LTS
# www.blender.org
mtllib hod_jib.mtl
o hod_jib
v -0.219588 2.532013 -0.142626
v -0.198270 2.554674 -0.142427
v -0.197616 2.532895 -0.164636
v -0.086323 2.558095 -0.142483
v -0.063661 2.536778 -0.142704
v -0.085668 2.536316 -0.164692
v -0.198019 2.551662 0.173559
v -0.219337 2.529002 0.173360
v -0.197329 2.529464 0.195348
v -0.086071 2.555084 0.173502
v -0.085382 2.532885 0.195291
v -0.063409 2.533767 0.173281
v -0.142222 0.000000 -0.166819
v -0.120223 0.000000 -0.188838
v 0.013850 0.000000 -0.166943
v -0.008171 0.000000 -0.188927
v -0.007989 0.000000 0.171089
v 0.014010 0.000000 0.149071
v -0.142063 0.000000 0.149195
v -0.120041 0.000000 0.171179
v -0.040924 2.562915 -0.156262
v -0.019080 2.585070 -0.156346
v -0.019076 2.563136 -0.178412
v 0.092914 2.585861 -0.157111
v 0.115068 2.564018 -0.157327
v 0.092919 2.563927 -0.179177
v -0.016916 2.584138 0.159645
v -0.038760 2.561984 0.159729
v -0.016610 2.562074 0.181578
v 0.095079 2.584929 0.158880
v 0.095384 2.562865 0.180813
v 0.117233 2.563086 0.158664
v -0.022871 0.000000 -0.163943
v -0.001021 0.000000 -0.186094
v 0.133130 0.000000 -0.165012
v 0.110979 0.000000 -0.186861
v 0.113438 0.000000 0.173132
v 0.135288 0.000000 0.150982
v -0.020713 0.000000 0.152051
v 0.001438 0.000000 0.173899
v 0.154531 1.038903 0.038380
v 0.145771 1.062374 0.056830
v 0.174627 1.050921 0.058866
v 0.145130 1.077616 0.151610
v 0.153596 1.061131 0.176601
v 0.173987 1.066163 0.153646
v 0.039033 1.017423 0.063337
v 0.047792 0.993952 0.044888
v 0.027402 0.988919 0.067842
v 0.038392 1.032665 0.158117
v 0.026761 1.004162 0.162622
v 0.046858 1.016180 0.183109
v 0.602416 0.000000 0.208484
v 0.627694 0.000000 0.230938
v 0.611065 0.000000 0.350344
v 0.633625 0.000000 0.328213
v 0.459670 0.000000 0.327038
v 0.484948 0.000000 0.349492
v 0.476299 0.000000 0.207631
v 0.453739 0.000000 0.229762
v -0.060686 0.997231 0.038509
v -0.052081 1.020986 0.056665
v -0.040013 0.992688 0.061311
v -0.050760 1.037088 0.151295
v -0.058760 1.020713 0.176512
v -0.038692 1.008790 0.155942
v -0.159492 1.064394 0.050778
v -0.168097 1.040639 0.032622
v -0.188165 1.052562 0.053191
v -0.158171 1.080497 0.145408
v -0.186844 1.068664 0.147822
v -0.166171 1.064122 0.170625
v -0.473321 0.000000 0.213956
v -0.450768 0.000000 0.235959
v -0.481111 0.000000 0.356090
v -0.456110 0.000000 0.333423
v -0.629037 0.000000 0.335837
v -0.606483 0.000000 0.357840
v -0.598693 0.000000 0.215706
v -0.623695 0.000000 0.238373
v 0.143446 0.383090 0.146495
v 0.143345 0.395118 0.134524
v 0.155292 0.395242 0.146577
v 0.143013 0.421116 0.134587
v 0.142808 0.433086 0.146615
v 0.154960 0.421240 0.146639
v 0.143028 0.382855 0.242494
v 0.154874 0.395007 0.242576
v 0.142823 0.394824 0.254523
v 0.142390 0.432850 0.242614
v 0.142491 0.420822 0.254585
v 0.154542 0.421005 0.242638
v -0.187863 0.378863 0.145043
v -0.200015 0.390709 0.145019
v -0.187964 0.390891 0.133072
v -0.188501 0.428858 0.145163
v -0.188295 0.416889 0.133134
v -0.200347 0.416706 0.145082
v -0.188280 0.378628 0.241042
v -0.188486 0.390597 0.253071
v -0.200432 0.390473 0.241018
v -0.188919 0.428623 0.241162
v -0.200764 0.416471 0.241080
v -0.188818 0.416595 0.253133
v 0.139383 0.721352 0.148678
v 0.139283 0.733551 0.136880
v 0.151206 0.733523 0.148956
v 0.138903 0.759544 0.137314
v 0.138652 0.771340 0.149512
v 0.150826 0.759517 0.149390
v 0.138779 0.719741 0.244662
v 0.150602 0.731912 0.244941
v 0.138528 0.731537 0.256861
v 0.138048 0.769729 0.245497
v 0.138148 0.757531 0.257294
v 0.150222 0.757906 0.245375
v -0.192301 0.716543 0.146509
v -0.204475 0.728366 0.146631
v -0.192401 0.728741 0.134711
v -0.193031 0.766531 0.147343
v -0.192781 0.754735 0.135145
v -0.204855 0.754359 0.147065
v -0.192905 0.714932 0.242494
v -0.193156 0.726728 0.254692
v -0.205079 0.726755 0.242616
v -0.193636 0.764920 0.243328
v -0.205459 0.752749 0.243049
v -0.193536 0.752721 0.255126
v 0.144963 1.070299 0.154723
v 0.144630 1.082312 0.142741
v 0.156829 1.082430 0.154538
v 0.144344 1.108310 0.142777
v 0.144414 1.120295 0.154792
v 0.156544 1.108428 0.154574
v 0.146578 1.070184 0.250709
v 0.158443 1.082316 0.250524
v 0.146648 1.082169 0.262724
v 0.146029 1.120181 0.250778
v 0.146362 1.108168 0.262760
v 0.158158 1.108314 0.250560
v -0.192193 1.066588 0.160389
v -0.204322 1.078455 0.160607
v -0.192526 1.078602 0.148407
v -0.192742 1.116585 0.160458
v -0.192812 1.104600 0.148443
v -0.204607 1.104454 0.160643
v -0.190578 1.066474 0.256375
v -0.190508 1.078459 0.268390
v -0.202708 1.078341 0.256593
v -0.191127 1.116471 0.256444
v -0.202993 1.104339 0.256629
v -0.190794 1.104457 0.268426
v 0.136108 1.351077 0.152906
v 0.135965 1.363119 0.140948
v 0.147935 1.363248 0.152978
v 0.135593 1.389116 0.141039
v 0.135392 1.401072 0.153081
v 0.147562 1.389245 0.153069
v 0.135873 1.350737 0.248905
v 0.147699 1.362908 0.248977
v 0.135671 1.362694 0.260947
v 0.135157 1.400732 0.249080
v 0.135299 1.388691 0.261038
v 0.147327 1.388905 0.249068
v -0.204861 1.346197 0.152053
v -0.217031 1.358024 0.152065
v -0.205003 1.358238 0.140095
v -0.205577 1.396192 0.152228
v -0.205375 1.384236 0.140186
v -0.217404 1.384021 0.152156
v -0.205096 1.345857 0.248052
v -0.205297 1.357813 0.260094
v -0.217267 1.357684 0.248064
v -0.205812 1.395852 0.248227
v -0.217639 1.383681 0.248155
v -0.205670 1.383811 0.260185
v 0.163654 0.269000 0.203624
v 0.160786 0.269000 -0.216151
v 0.005218 0.269000 -0.216250
v -0.180865 0.269000 -0.216107
v -0.180655 0.269000 0.203655
v -0.022565 0.269000 0.204901
v 0.163654 0.295000 0.203624
v 0.160786 0.295000 -0.216151
v 0.005218 0.295000 -0.216250
v -0.180865 0.295000 -0.216107
v -0.180655 0.295000 0.203655
v -0.022565 0.295000 0.204901
v 0.129423 0.269000 0.169858
v 0.127017 0.269000 -0.182173
v 0.005220 0.269000 -0.182250
v -0.146848 0.269000 -0.182133
v -0.146672 0.269000 0.169921
v -0.022548 0.269000 0.170900
v 0.129423 0.295000 0.169858
v 0.127017 0.295000 -0.182173
v 0.005220 0.295000 -0.182250
v -0.146848 0.295000 -0.182133
v -0.146672 0.295000 0.169921
v -0.022548 0.295000 0.170900
v 0.157363 0.305000 0.197765
v 0.154576 0.305000 -0.210084
v -0.175962 0.305000 -0.209756
v -0.175758 0.305000 0.198087
v -0.022789 0.305000 0.199000
v 0.157363 0.331000 0.197765
v 0.154576 0.331000 -0.210084
v -0.175962 0.331000 -0.209756
v -0.175758 0.331000 0.198087
v -0.022789 0.331000 0.199000
v 0.129173 0.305000 0.169958
v 0.126767 0.305000 -0.182056
v -0.147948 0.305000 -0.181784
v -0.147772 0.305000 0.170254
v -0.022802 0.305000 0.171000
v 0.129173 0.331000 0.169958
v 0.126767 0.331000 -0.182056
v -0.147948 0.331000 -0.181784
v -0.147772 0.331000 0.170254
v -0.022802 0.331000 0.171000
v 0.254478 0.951000 0.225909
v 0.243391 0.951000 0.044083
v 0.149328 0.951000 -0.217279
v -0.030323 0.951000 -0.216047
v -0.204706 0.951000 -0.211819
v -0.204494 0.951000 0.211768
v 0.044476 0.951000 0.224484
v 0.254478 0.977000 0.225909
v 0.243391 0.977000 0.044083
v 0.149328 0.977000 -0.217279
v -0.030323 0.977000 -0.216047
v -0.204706 0.977000 -0.211819
v -0.204494 0.977000 0.211768
v 0.044476 0.977000 0.224484
v 0.215137 0.951000 0.188641
v 0.206782 0.951000 0.051625
v 0.123385 0.951000 -0.180101
v -0.029748 0.951000 -0.179050
v -0.167688 0.951000 -0.175706
v -0.167512 0.951000 0.176609
v 0.045546 0.951000 0.187491
v 0.215137 0.977000 0.188641
v 0.206782 0.977000 0.051625
v 0.123385 0.977000 -0.180101
v -0.029748 0.977000 -0.179050
v -0.167688 0.977000 -0.175706
v -0.167512 0.977000 0.176609
v 0.045546 0.977000 0.187491
v 0.232578 0.987000 0.213964
v 0.221978 0.987000 0.040113
v 0.145937 0.987000 -0.211146
v -0.030510 0.987000 -0.209948
v -0.199803 0.987000 -0.205582
v -0.199597 0.987000 0.207111
v 0.029496 0.987000 0.212598
v 0.232578 1.013000 0.213964
v 0.221978 1.013000 0.040113
v 0.145937 1.013000 -0.211146
v -0.030510 1.013000 -0.209948
v -0.199803 1.013000 -0.205582
v -0.199597 1.013000 0.207111
v 0.029496 1.013000 0.212598
v 0.199617 0.987000 0.182741
v 0.191256 0.987000 0.045621
v 0.122978 0.987000 -0.179990
v -0.030005 0.987000 -0.178950
v -0.168788 0.987000 -0.175372
v -0.168612 0.987000 0.176845
v 0.029971 0.987000 0.181600
v 0.199617 1.013000 0.182741
v 0.191256 1.013000 0.045621
v 0.122978 1.013000 -0.179990
v -0.030005 1.013000 -0.178950
v -0.168788 1.013000 -0.175372
v -0.168612 1.013000 0.176845
v 0.029971 1.013000 0.181600
v 0.210669 1.023000 0.201866
v 0.200548 1.023000 0.035884
v 0.142172 1.023000 -0.205024
v -0.030679 1.023000 -0.203838
v -0.194900 1.023000 -0.199354
v -0.194699 1.023000 0.202113
v 0.210669 1.049000 0.201866
v 0.200548 1.049000 0.035884
v 0.142172 1.049000 -0.205024
v -0.030679 1.049000 -0.203838
v -0.194900 1.049000 -0.199354
v -0.194699 1.049000 0.202113
v 0.184099 1.023000 0.176883
v 0.175729 1.023000 0.039617
v 0.122539 1.023000 -0.179888
v -0.030252 1.023000 -0.178840
v -0.169888 1.023000 -0.175028
v -0.169712 1.023000 0.177098
v 0.184099 1.049000 0.176883
v 0.175729 1.049000 0.039617
v 0.122539 1.049000 -0.179888
v -0.030252 1.049000 -0.178840
v -0.169888 1.049000 -0.175028
v -0.169712 1.049000 0.177098
v 0.161864 0.951000 0.207093
v 0.158964 0.951000 -0.217346
v -0.030323 0.951000 -0.216047
v -0.198117 0.951000 -0.211979
v -0.256386 0.951000 0.041811
v -0.266265 0.951000 0.222059
v -0.057314 0.951000 0.219147
v 0.161864 0.977000 0.207093
v 0.158964 0.977000 -0.217346
v -0.030323 0.977000 -0.216047
v -0.198117 0.977000 -0.211979
v -0.256386 0.977000 0.041811
v -0.266265 0.977000 0.222059
v -0.057314 0.977000 0.219147
v 0.124624 0.951000 0.172085
v 0.122217 0.951000 -0.180093
v -0.029748 0.951000 -0.179050
v -0.168487 0.951000 -0.175686
v -0.219615 0.951000 0.047001
v -0.227152 0.951000 0.184511
v -0.058588 0.951000 0.182162
v 0.124624 0.977000 0.172085
v 0.122217 0.977000 -0.180093
v -0.029748 0.977000 -0.179050
v -0.168487 0.977000 -0.175686
v -0.219615 0.977000 0.047001
v -0.227152 0.977000 0.184511
v -0.058588 0.977000 0.182162
v 0.155569 0.987000 0.202122
v 0.152756 0.987000 -0.211193
v -0.030510 0.987000 -0.209948
v -0.195826 0.987000 -0.205685
v -0.235570 0.987000 0.037173
v -0.245013 0.987000 0.209471
v -0.015988 0.987000 0.207627
v 0.155569 1.013000 0.202122
v 0.152756 1.013000 -0.211193
v -0.030510 1.013000 -0.209948
v -0.195826 1.013000 -0.205685
v -0.235570 1.013000 0.037173
v -0.245013 1.013000 0.209471
v -0.015988 1.013000 0.207627
v 0.124364 0.987000 0.172107
v 0.121967 0.987000 -0.179983
v -0.030005 0.987000 -0.178950
v -0.169377 0.987000 -0.175357
v -0.204708 0.987000 0.040534
v -0.212253 0.987000 0.178206
v -0.016610 0.987000 0.176631
v 0.124364 1.013000 0.172107
v 0.121967 1.013000 -0.179983
v -0.030005 1.013000 -0.178950
v -0.169377 1.013000 -0.175357
v -0.204708 1.013000 0.040534
v -0.212253 1.013000 0.178206
v -0.016610 1.013000 0.176631
v 0.149279 1.023000 0.196394
v 0.146536 1.023000 -0.205054
v -0.030679 1.023000 -0.203838
v -0.193065 1.023000 -0.199404
v -0.214736 1.023000 0.032217
v -0.223558 1.023000 0.193162
v -0.175644 1.023000 0.202102
v -0.017270 1.023000 0.201970
v 0.149279 1.049000 0.196394
v 0.146536 1.049000 -0.205054
v -0.030679 1.049000 -0.203838
v -0.193065 1.049000 -0.199404
v -0.214736 1.049000 0.032217
v -0.223558 1.049000 0.193162
v -0.175644 1.049000 0.202102
v -0.017270 1.049000 0.201970
v 0.124113 1.023000 0.172223
v 0.121707 1.023000 -0.179883
v -0.030252 1.023000 -0.178840
v -0.170238 1.023000 -0.175018
v -0.189800 1.023000 0.034066
v -0.197394 1.023000 0.172612
v -0.173342 1.023000 0.177100
v -0.017699 1.023000 0.176970
v 0.124113 1.049000 0.172223
v 0.121707 1.049000 -0.179883
v -0.030252 1.049000 -0.178840
v -0.170238 1.049000 -0.175018
v -0.189800 1.049000 0.034066
v -0.197394 1.049000 0.172612
v -0.173342 1.049000 0.177100
v -0.017699 1.049000 0.176970
v 0.530104 1.612091 -0.596158
v 0.529791 1.624288 -0.607953
v 0.541943 1.624250 -0.596107
v 0.529444 1.650282 -0.607514
v 0.529439 1.662079 -0.595314
v 0.541596 1.650244 -0.595668
v 0.532826 1.608550 -0.384205
v 0.544665 1.620710 -0.384154
v 0.532821 1.620347 -0.372005
v 0.532161 1.658539 -0.383361
v 0.532474 1.646341 -0.371567
v 0.544318 1.646704 -0.383715
v -0.626235 1.596447 -0.581569
v -0.638393 1.608282 -0.581216
v -0.626549 1.608645 -0.593364
v -0.626901 1.646435 -0.580726
v -0.626895 1.634639 -0.592926
v -0.638739 1.634276 -0.580777
v -0.623513 1.592907 -0.369617
v -0.623519 1.604704 -0.357417
v -0.635671 1.604742 -0.369263
v -0.624179 1.642895 -0.368773
v -0.636017 1.630736 -0.368824
v -0.623865 1.630698 -0.356978
v 0.557804 1.584937 -0.340582
v 0.558002 1.597051 -0.352466
v 0.569980 1.596758 -0.340449
v 0.558387 1.623047 -0.352216
v 0.558545 1.634930 -0.340101
v 0.570366 1.622754 -0.340198
v 0.557451 1.582903 -0.128592
v 0.569628 1.594723 -0.128459
v 0.557609 1.594786 -0.116478
v 0.558193 1.632895 -0.128111
v 0.557995 1.620782 -0.116227
v 0.570013 1.620719 -0.128209
v -0.633472 1.602621 -0.342394
v -0.645293 1.614797 -0.342296
v -0.633274 1.614734 -0.354278
v -0.632731 1.652613 -0.341913
v -0.632889 1.640730 -0.354027
v -0.644907 1.640793 -0.342046
v -0.633825 1.600586 -0.130404
v -0.633667 1.612469 -0.118289
v -0.645645 1.612762 -0.130306
v -0.633083 1.650578 -0.129923
v -0.645260 1.638758 -0.130056
v -0.633281 1.638465 -0.118039
v 0.549540 1.602227 -0.109406
v 0.549470 1.614352 -0.121280
v 0.561497 1.614269 -0.109307
v 0.549378 1.640350 -0.121008
v 0.549363 1.652224 -0.108883
v 0.561405 1.640267 -0.109036
v 0.550024 1.600014 0.102582
v 0.561982 1.612056 0.102681
v 0.550009 1.611889 0.114707
v 0.549848 1.650011 0.103105
v 0.549918 1.637887 0.114978
v 0.561890 1.638055 0.102952
v -0.615083 1.598087 -0.106786
v -0.627125 1.610044 -0.106633
v -0.615153 1.610212 -0.118660
v -0.615259 1.648084 -0.106263
v -0.615244 1.636210 -0.118388
v -0.627217 1.636042 -0.106362
v -0.614598 1.595875 0.105202
v -0.614613 1.607749 0.117327
v -0.626640 1.607831 0.105355
v -0.614775 1.645872 0.105724
v -0.626732 1.633830 0.105626
v -0.614705 1.633747 0.117598
v 0.549355 1.586368 0.130869
v 0.549386 1.598565 0.119069
v 0.561513 1.598209 0.130936
v 0.549731 1.624559 0.119497
v 0.550018 1.636357 0.131692
v 0.561857 1.624203 0.131363
v 0.551624 1.582852 0.342828
v 0.563781 1.594693 0.342894
v 0.551911 1.594651 0.355023
v 0.552286 1.632841 0.343650
v 0.552256 1.620645 0.355451
v 0.564126 1.620687 0.343322
v -0.645834 1.602004 0.143919
v -0.657673 1.614158 0.144247
v -0.645803 1.614200 0.132118
v -0.645171 1.651993 0.144741
v -0.645459 1.640194 0.132546
v -0.657329 1.640152 0.144674
v -0.643566 1.598488 0.355877
v -0.643278 1.610286 0.368072
v -0.655405 1.610642 0.356206
v -0.642903 1.648476 0.356699
v -0.655060 1.636636 0.356633
v -0.642934 1.636280 0.368500
v 0.537880 1.575562 0.376036
v 0.538202 1.587618 0.364097
v 0.550032 1.587406 0.376263
v 0.538537 1.613616 0.364225
v 0.538523 1.625558 0.376282
v 0.550366 1.613404 0.376391
v 0.534905 1.574557 0.588013
v 0.547057 1.586400 0.588240
v 0.534891 1.586499 0.600071
v 0.535548 1.624552 0.588259
v 0.535225 1.612496 0.600199
v 0.547392 1.612398 0.588368
v -0.618697 1.590515 0.359878
v -0.630541 1.602668 0.359769
v -0.618375 1.602570 0.347938
v -0.618054 1.640510 0.360124
v -0.618040 1.628568 0.348066
v -0.630207 1.628666 0.359897
v -0.621672 1.589509 0.571854
v -0.621686 1.601451 0.583912
v -0.633515 1.601663 0.571746
v -0.621029 1.639504 0.572101
v -0.633181 1.627660 0.571874
v -0.621352 1.627448 0.584040
v -0.013196 1.170262 -0.027334
v 0.004475 1.182874 -0.049619
v 0.017499 1.165184 -0.027587
v 0.524518 1.555306 -0.057975
v 0.542617 1.568310 -0.036265
v 0.537542 1.537616 -0.035943
v -0.012652 1.170758 0.028661
v 0.018042 1.165681 0.028408
v 0.005446 1.183762 0.050372
v 0.543161 1.568807 0.019730
v 0.525489 1.556194 0.042016
v 0.538086 1.538113 0.020052
v -0.057448 1.232050 -0.027453
v -0.052373 1.262744 -0.027774
v -0.039776 1.244663 -0.049738
v 0.498365 1.630098 -0.036383
v 0.480267 1.617095 -0.058094
v 0.467671 1.635176 -0.036130
v -0.056904 1.232547 0.028543
v -0.038805 1.245550 0.050253
v -0.051829 1.263241 0.028221
v 0.498909 1.630595 0.019612
v 0.468214 1.635673 0.019865
v 0.481238 1.617982 0.041897
v -0.020174 1.225017 -0.022161
v -0.037720 1.237759 -0.044472
v -0.025035 1.255746 -0.022482
v -0.557444 1.615469 -0.053626
v -0.575487 1.628593 -0.031942
v -0.544759 1.633457 -0.031637
v -0.020807 1.225503 0.033834
v -0.025668 1.256232 0.033512
v -0.038850 1.238627 0.055518
v -0.576120 1.629079 0.024052
v -0.558574 1.616337 0.046364
v -0.545392 1.633943 0.024358
v -0.064854 1.163538 -0.022132
v -0.095583 1.158674 -0.022438
v -0.082400 1.176280 -0.044444
v -0.620168 1.567114 -0.031914
v -0.602124 1.553991 -0.053598
v -0.615307 1.536385 -0.031592
v -0.065487 1.164024 0.033862
v -0.083531 1.177148 0.055546
v -0.096216 1.159160 0.033557
v -0.620801 1.567600 0.024081
v -0.615940 1.536871 0.024402
v -0.603255 1.554858 0.046392
v 0.548029 1.599674 -0.588240
v 0.548081 1.616361 -0.605151
v 0.564689 1.616612 -0.588163
v 0.544265 2.079265 -0.608258
v 0.543936 2.096175 -0.591572
v 0.560873 2.079516 -0.591269
v 0.547615 1.599914 -0.551843
v 0.564275 1.616853 -0.551766
v 0.547286 1.616825 -0.535157
v 0.543522 2.096416 -0.555175
v 0.543470 2.079728 -0.538264
v 0.560459 2.079757 -0.554872
v 0.511633 1.599371 -0.588652
v 0.494696 1.616030 -0.588954
v 0.511685 1.616059 -0.605563
v 0.507539 2.095873 -0.591984
v 0.507869 2.078963 -0.608669
v 0.490880 2.078934 -0.592061
v 0.511219 1.599612 -0.552255
v 0.510890 1.616522 -0.535569
v 0.494282 1.616271 -0.552558
v 0.507126 2.096114 -0.555587
v 0.490466 2.079175 -0.555664
v 0.507073 2.079426 -0.538675
v 0.552782 1.601193 0.545395
v 0.552708 1.618173 0.528776
v 0.569423 1.618149 0.545661
v 0.548312 2.086067 0.533794
v 0.548070 2.102685 0.550773
v 0.565027 2.086043 0.550679
v 0.552600 1.600801 0.581792
v 0.569241 1.617757 0.582058
v 0.552358 1.617419 0.598771
v 0.547888 2.102293 0.587171
v 0.547962 2.085314 0.603790
v 0.564845 2.085651 0.587077
v 0.516384 1.600853 0.545209
v 0.499427 1.617495 0.545303
v 0.516310 1.617833 0.528590
v 0.511672 2.102345 0.550587
v 0.511914 2.085727 0.533608
v 0.495031 2.085390 0.550321
v 0.516202 1.600461 0.581606
v 0.515960 1.617079 0.598585
v 0.499245 1.617103 0.581700
v 0.511490 2.101953 0.586985
v 0.494849 2.084998 0.586719
v 0.511564 2.084974 0.603603
v -0.598216 1.601476 -0.584190
v -0.598114 1.618055 -0.601209
v -0.581150 1.618002 -0.584575
v -0.590690 2.081616 -0.607296
v -0.590254 2.098630 -0.590718
v -0.573726 2.081563 -0.590662
v -0.597853 1.601948 -0.547795
v -0.580787 1.618474 -0.548180
v -0.597417 1.618963 -0.531218
v -0.589891 2.099102 -0.554323
v -0.589993 2.082524 -0.537305
v -0.573363 2.082035 -0.554267
v -0.634610 1.602064 -0.583835
v -0.651138 1.619131 -0.583892
v -0.634508 1.618642 -0.600854
v -0.626648 2.099218 -0.590363
v -0.627084 2.082203 -0.606941
v -0.643714 2.082692 -0.589979
v -0.634247 1.602536 -0.547440
v -0.633810 1.619550 -0.530863
v -0.650775 1.619604 -0.547497
v -0.626285 2.099690 -0.553968
v -0.643351 2.083164 -0.553584
v -0.626386 2.083111 -0.536950
v -0.590144 1.597193 0.551198
v -0.590144 1.614201 0.534608
v -0.573479 1.614124 0.551543
v -0.593880 2.081257 0.540415
v -0.594149 2.097846 0.557422
v -0.577216 2.081180 0.557349
v -0.590435 1.596738 0.587594
v -0.573771 1.613669 0.587939
v -0.590704 1.613326 0.604601
v -0.594440 2.097391 0.593818
v -0.594440 2.080383 0.610407
v -0.577507 2.080725 0.593745
v -0.626542 1.596905 0.550903
v -0.643475 1.613571 0.550976
v -0.626542 1.613914 0.534313
v -0.630547 2.097558 0.557127
v -0.630278 2.080970 0.540120
v -0.647211 2.080627 0.556782
v -0.626833 1.596451 0.587299
v -0.627102 1.613039 0.604306
v -0.643766 1.613116 0.587372
v -0.630838 2.097103 0.593523
v -0.647503 2.080172 0.593178
v -0.630838 2.080095 0.610112
v 0.536253 2.082314 -0.568559
v 0.536406 2.094105 -0.556355
v 0.548450 2.082156 -0.556761
v 0.554934 2.074826 0.561788
v 0.555178 2.062620 0.573577
v 0.566978 2.062877 0.561383
v 0.536353 2.056318 -0.569009
v 0.548550 2.056160 -0.557211
v 0.536598 2.044113 -0.557220
v 0.555278 2.036625 0.573127
v 0.555126 2.024833 0.560923
v 0.567078 2.036881 0.560933
v 0.500259 2.082165 -0.567965
v 0.488459 2.081909 -0.555771
v 0.500411 2.093956 -0.555761
v 0.519184 2.062472 0.574171
v 0.518939 2.074677 0.562382
v 0.506987 2.062629 0.562372
v 0.500358 2.056169 -0.568415
v 0.500603 2.043964 -0.556626
v 0.488559 2.055913 -0.556221
v 0.519284 2.036476 0.573721
v 0.507087 2.036633 0.561922
v 0.519131 2.024685 0.561517
v 0.532856 2.043740 0.552315
v 0.520796 2.031802 0.552412
v 0.520838 2.043722 0.540333
v -0.595854 2.037494 0.554070
v -0.607792 2.049555 0.554009
v -0.595811 2.049414 0.541991
v 0.532989 2.069739 0.552142
v 0.520971 2.069721 0.540160
v 0.521050 2.081800 0.552080
v -0.607660 2.075554 0.553836
v -0.595599 2.087492 0.553739
v -0.595679 2.075413 0.541819
v 0.532911 2.043979 0.588314
v 0.520930 2.044119 0.600331
v 0.520850 2.032040 0.588411
v -0.607738 2.049793 0.590008
v -0.595799 2.037733 0.590070
v -0.595720 2.049812 0.601990
v 0.533043 2.069978 0.588141
v 0.521105 2.082039 0.588080
v 0.521062 2.070118 0.600159
v -0.607606 2.075793 0.589835
v -0.595587 2.075811 0.601817
v -0.595545 2.087731 0.589738
v -0.616475 2.081892 -0.585361
v -0.604356 2.093770 -0.585613
v -0.604561 2.081604 -0.597443
v 0.517642 2.082523 -0.593469
v 0.529522 2.070405 -0.593385
v 0.517437 2.070358 -0.605299
v -0.616733 2.055896 -0.584997
v -0.604819 2.055608 -0.597079
v -0.604853 2.043777 -0.584913
v 0.529264 2.044409 -0.593021
v 0.517146 2.032531 -0.592769
v 0.517179 2.044362 -0.604935
v -0.616218 2.082393 -0.549365
v -0.604133 2.082440 -0.537451
v -0.604099 2.094271 -0.549617
v 0.529779 2.070906 -0.557389
v 0.517899 2.083025 -0.557473
v 0.517866 2.071193 -0.545307
v -0.616476 2.056397 -0.549001
v -0.604596 2.044278 -0.548917
v -0.604391 2.056444 -0.537087
v 0.529521 2.044910 -0.557025
v 0.517608 2.045197 -0.544943
v 0.517403 2.033032 -0.556773
v -0.593532 2.058007 0.573113
v -0.593447 2.045844 0.561278
v -0.581529 2.057924 0.561116
v -0.593200 2.030584 -0.554021
v -0.593279 2.042418 -0.566184
v -0.581282 2.042664 -0.554183
v -0.593709 2.084003 0.572757
v -0.581707 2.083921 0.560760
v -0.593789 2.095838 0.560594
v -0.593457 2.068415 -0.566539
v -0.593542 2.080578 -0.554705
v -0.581460 2.068661 -0.554539
v -0.629531 2.057760 0.573109
v -0.641528 2.057514 0.561108
v -0.629446 2.045598 0.561274
v -0.629279 2.042172 -0.566188
v -0.629199 2.030338 -0.554025
v -0.641281 2.042254 -0.554191
v -0.629708 2.083757 0.572753
v -0.629788 2.095592 0.560590
v -0.641706 2.083511 0.560752
v -0.629456 2.068169 -0.566544
v -0.641459 2.068251 -0.554547
v -0.629541 2.080332 -0.554709
v 0.015757 1.693785 -0.252242
v 0.050228 1.741394 -0.251914
v 0.106159 1.723323 -0.252093
v 0.106256 1.664546 -0.252532
v 0.050385 1.646291 -0.252624
v 0.061704 1.692808 -0.111213
v 0.089561 1.740557 -0.131187
v 0.134790 1.722714 -0.164215
v 0.134887 1.663937 -0.164654
v 0.089717 1.645454 -0.131897
v 0.181773 1.692356 -0.024124
v 0.192345 1.740170 -0.056634
v 0.209607 1.722432 -0.109948
v 0.209704 1.663656 -0.110386
v 0.192502 1.645067 -0.057344
v 0.330101 1.692601 -0.024239
v 0.319320 1.740380 -0.056733
v 0.302034 1.722585 -0.110019
v 0.302131 1.663808 -0.110458
v 0.319477 1.645277 -0.057443
v 0.450032 1.693450 -0.111515
v 0.421987 1.741107 -0.131445
v 0.376765 1.723114 -0.164403
v 0.376862 1.664337 -0.164842
v 0.422143 1.646004 -0.132155
v 0.495756 1.694579 -0.252615
v 0.461129 1.742073 -0.252233
v 0.405257 1.723817 -0.252325
v 0.405354 1.665041 -0.252764
v 0.461286 1.646970 -0.252943
v 0.449809 1.695556 -0.393644
v 0.421796 1.742909 -0.372960
v 0.376626 1.724426 -0.340204
v 0.376723 1.665650 -0.340642
v 0.421953 1.647806 -0.373670
v 0.329740 1.696008 -0.480733
v 0.319012 1.743297 -0.447513
v 0.301809 1.724708 -0.394471
v 0.301906 1.665931 -0.394910
v 0.319168 1.648194 -0.448223
v 0.181412 1.695763 -0.480618
v 0.192036 1.743087 -0.447414
v 0.209383 1.724555 -0.394399
v 0.209480 1.665779 -0.394838
v 0.192193 1.647984 -0.448124
v 0.061482 1.694914 -0.393342
v 0.089370 1.742360 -0.372702
v 0.134651 1.724026 -0.340016
v 0.134748 1.665249 -0.340454
v 0.089527 1.647257 -0.373412
v 0.108304 2.324014 -0.025448
v 0.086788 2.327500 -0.047649
v 0.090072 2.349224 -0.025620
v -1.178233 2.530679 -0.059411
v -1.200158 2.534171 -0.037614
v -1.174948 2.552404 -0.037382
v 0.107692 2.324022 0.040550
v 0.089460 2.349233 0.040377
v 0.085767 2.327514 0.062347
v -1.200770 2.534180 0.028383
v -1.179253 2.530694 0.050584
v -1.175561 2.552413 0.028615
v 0.094667 2.239102 -0.025563
v 0.069458 2.220869 -0.025795
v 0.073151 2.242588 -0.047764
v -1.213795 2.449259 -0.037729
v -1.191870 2.445768 -0.059526
v -1.195562 2.424049 -0.037557
v 0.094055 2.239110 0.040434
v 0.072130 2.242602 0.062231
v 0.068846 2.220878 0.040203
v -1.214407 2.449268 0.028268
v -1.196175 2.424057 0.028440
v -1.192890 2.445782 0.050469
v -0.106877 1.976454 -0.010941
v -0.123216 1.985854 -0.030486
v -0.114102 2.002628 -0.011176
v -0.820830 2.381622 -0.045026
v -0.837886 2.391168 -0.026178
v -0.811716 2.398396 -0.025716
v -0.107654 1.976613 0.030651
v -0.114879 2.002786 0.030417
v -0.124710 1.986159 0.049500
v -0.838663 2.391326 0.015415
v -0.822324 2.381927 0.034959
v -0.812494 2.398554 0.015876
v -0.132333 1.931572 -0.011246
v -0.158503 1.924344 -0.011707
v -0.148672 1.940971 -0.030790
v -0.863342 2.346285 -0.026482
v -0.846286 2.336739 -0.045331
v -0.856117 2.320112 -0.026248
v -0.133110 1.931730 0.030347
v -0.150166 1.941276 0.049195
v -0.159280 1.924502 0.029885
v -0.864119 2.346443 0.015110
v -0.856894 2.320270 0.015345
v -0.847780 2.337044 0.034655
v 0.150822 2.089000 0.207253
v 0.147964 2.089000 -0.210915
v -0.038901 2.089000 -0.209633
v -0.236474 2.089000 -0.196863
v -0.236265 2.089000 0.221303
v -0.049157 2.089000 0.221159
v 0.150822 2.115000 0.207253
v 0.147964 2.115000 -0.210915
v -0.038901 2.115000 -0.209633
v -0.236474 2.115000 -0.196863
v -0.236265 2.115000 0.221303
v -0.049157 2.115000 0.221159
v 0.116604 2.089000 0.175550
v 0.114197 2.089000 -0.176683
v -0.037687 2.089000 -0.175641
v -0.202458 2.089000 -0.164990
v -0.202282 2.089000 0.187277
v -0.050350 2.089000 0.187160
v 0.116604 2.115000 0.175550
v 0.114197 2.115000 -0.176683
v -0.037687 2.115000 -0.175641
v -0.202458 2.115000 -0.164990
v -0.202282 2.115000 0.187277
v -0.050350 2.115000 0.187160
v 0.144533 2.125000 0.201746
v 0.141755 2.125000 -0.204763
v -0.038950 2.125000 -0.203535
v -0.231571 2.125000 -0.190862
v -0.231368 2.125000 0.215638
v -0.050455 2.125000 0.215499
v 0.144533 2.151000 0.201746
v 0.141755 2.151000 -0.204763
v -0.038950 2.151000 -0.203535
v -0.231571 2.151000 -0.190862
v -0.231368 2.151000 0.215638
v -0.050455 2.151000 0.215499
v 0.116354 2.125000 0.175664
v 0.113947 2.125000 -0.176573
v -0.037935 2.125000 -0.175541
v -0.203558 2.125000 -0.164645
v -0.203382 2.125000 0.187617
v -0.051452 2.125000 0.187500
v 0.116354 2.151000 0.175664
v 0.113947 2.151000 -0.176573
v -0.037935 2.151000 -0.175541
v -0.203558 2.151000 -0.164645
v -0.203382 2.151000 0.187617
v -0.051452 2.151000 0.187500
v -1.083222 2.338535 -0.045913
v -1.083222 2.344295 -0.051673
v -1.077462 2.344295 -0.045913
v -1.083222 2.451775 -0.051673
v -1.083222 2.457535 -0.045913
v -1.077462 2.451775 -0.045913
v -1.083222 2.338535 -0.033433
v -1.077462 2.344295 -0.033433
v -1.083222 2.344295 -0.027673
v -1.083222 2.457535 -0.033433
v -1.083222 2.451775 -0.027673
v -1.077462 2.451775 -0.033433
v -1.182977 2.338535 -0.045913
v -1.188737 2.344295 -0.045913
v -1.182977 2.344295 -0.051673
v -1.182977 2.457535 -0.045913
v -1.182977 2.451775 -0.051673
v -1.188737 2.451775 -0.045913
v -1.182977 2.338535 -0.033433
v -1.182977 2.344295 -0.027673
v -1.188737 2.344295 -0.033433
v -1.182977 2.457535 -0.033433
v -1.188737 2.451775 -0.033433
v -1.182977 2.451775 -0.027673
v -1.084112 2.338535 0.024087
v -1.084112 2.344295 0.018327
v -1.078352 2.344295 0.024087
v -1.084112 2.451775 0.018327
v -1.084112 2.457535 0.024087
v -1.078352 2.451775 0.024087
v -1.084112 2.338535 0.036567
v -1.078352 2.344295 0.036567
v -1.084112 2.344295 0.042327
v -1.084112 2.457535 0.036567
v -1.084112 2.451775 0.042327
v -1.078352 2.451775 0.036567
v -1.182087 2.338535 0.024087
v -1.187847 2.344295 0.024087
v -1.182087 2.344295 0.018327
v -1.182087 2.457535 0.024087
v -1.182087 2.451775 0.018327
v -1.187847 2.451775 0.024087
v -1.182087 2.338535 0.036567
v -1.182087 2.344295 0.042327
v -1.187847 2.344295 0.036567
v -1.182087 2.457535 0.036567
v -1.187847 2.451775 0.036567
v -1.182087 2.451775 0.042327
v -1.133099 2.415535 0.015327
v -1.133099 2.415535 -0.024673
v -1.168241 2.405216 0.015327
v -1.168241 2.405216 -0.024673
v -1.192225 2.377537 0.015327
v -1.192225 2.377537 -0.024673
v -1.197438 2.341284 0.015327
v -1.197438 2.341284 -0.024673
v -1.182223 2.307969 0.015327
v -1.182223 2.307969 -0.024673
v -1.151412 2.288168 0.015327
v -1.151412 2.288168 -0.024673
v -1.114787 2.288168 0.015327
v -1.114787 2.288168 -0.024673
v -1.083976 2.307969 0.015327
v -1.083976 2.307969 -0.024673
v -1.068761 2.341284 0.015327
v -1.068761 2.341284 -0.024673
v -1.073973 2.377537 0.015327
v -1.073973 2.377537 -0.024673
v -1.097958 2.405216 0.015327
v -1.097958 2.405216 -0.024673
v -1.133099 2.361535 0.057327
v -1.133099 2.361535 -0.066673
v -1.143561 2.353934 0.057327
v -1.143561 2.353934 -0.066673
v -1.139565 2.341635 0.057327
v -1.139565 2.341635 -0.066673
v -1.126634 2.341635 0.057327
v -1.126634 2.341635 -0.066673
v -1.122638 2.353934 0.057327
v -1.122638 2.353934 -0.066673
v -1.127379 2.301408 0.001047
v -1.127379 2.296128 0.006327
v -1.122099 2.296128 0.001047
v -1.127379 1.621407 0.006327
v -1.127379 1.616127 0.001047
v -1.122099 1.621407 0.001047
v -1.127379 2.301408 -0.010393
v -1.122099 2.296128 -0.010393
v -1.127379 2.296128 -0.015673
v -1.127379 1.616127 -0.010393
v -1.127379 1.621407 -0.015673
v -1.122099 1.621407 -0.010393
v -1.138819 2.301408 0.001047
v -1.144099 2.296128 0.001047
v -1.138819 2.296128 0.006327
v -1.138819 1.616127 0.001047
v -1.138819 1.621407 0.006327
v -1.144099 1.621407 0.001047
v -1.138819 2.301408 -0.010393
v -1.138819 2.296128 -0.015673
v -1.144099 2.296128 -0.010393
v -1.138819 1.616127 -0.010393
v -1.144099 1.621407 -0.010393
v -1.138819 1.621407 -0.015673
v -1.127340 1.631460 0.001047
v -1.124705 1.626885 0.006327
v -1.120130 1.629519 0.001047
v -0.941580 1.308824 0.006327
v -0.938945 1.304248 0.001047
v -0.937004 1.311458 0.001047
v -1.127340 1.631460 -0.010393
v -1.120130 1.629519 -0.010393
v -1.124705 1.626885 -0.015673
v -0.938945 1.304248 -0.010393
v -0.941580 1.308824 -0.015673
v -0.937004 1.311458 -0.010393
v -1.137254 1.625752 0.001047
v -1.139195 1.618542 0.001047
v -1.134620 1.621176 0.006327
v -0.948859 1.298540 0.001047
v -0.951494 1.303115 0.006327
v -0.956069 1.300481 0.001047
v -1.137254 1.625752 -0.010393
v -1.134620 1.621176 -0.015673
v -1.139195 1.618542 -0.010393
v -0.948859 1.298540 -0.010393
v -0.956069 1.300481 -0.010393
v -0.951494 1.303115 -0.015673
v -1.128096 1.627227 0.001047
v -1.130730 1.622652 0.006327
v -1.126154 1.620017 0.001047
v -1.315555 1.301640 0.006327
v -1.318189 1.297065 0.001047
v -1.310979 1.299006 0.001047
v -1.128096 1.627227 -0.010393
v -1.126154 1.620017 -0.010393
v -1.130730 1.622652 -0.015673
v -1.318189 1.297065 -0.010393
v -1.315555 1.301640 -0.015673
v -1.310979 1.299006 -0.010393
v -1.138010 1.632936 0.001047
v -1.145220 1.630994 0.001047
v -1.140644 1.628360 0.006327
v -1.328103 1.302773 0.001047
v -1.325469 1.307348 0.006327
v -1.330045 1.309983 0.001047
v -1.138010 1.632936 -0.010393
v -1.140644 1.628360 -0.015673
v -1.145220 1.630994 -0.010393
v -1.328103 1.302773 -0.010393
v -1.330045 1.309983 -0.010393
v -1.325469 1.307348 -0.015673
v -1.133099 0.980000 0.165327
v -1.133099 1.300000 0.225327
v -1.242373 0.980000 0.125555
v -1.280941 1.300000 0.171517
v -1.300517 0.980000 0.024847
v -1.359605 1.300000 0.035266
v -1.280324 0.980000 -0.089673
v -1.332285 1.300000 -0.119673
v -1.191243 0.980000 -0.164421
v -1.211764 1.300000 -0.220802
v -1.074956 0.980000 -0.164421
v -1.054435 1.300000 -0.220802
v -0.985875 0.980000 -0.089673
v -0.933914 1.300000 -0.119673
v -0.965682 0.980000 0.024847
v -0.906594 1.300000 0.035266
v -1.023826 0.980000 0.125555
v -0.985258 1.300000 0.171517
v -1.133099 0.984792 0.139772
v -1.133099 1.304791 0.199772
v -1.225947 0.984792 0.105979
v -1.264514 1.304791 0.151941
v -1.275350 0.984792 0.020410
v -1.334439 1.304791 0.030829
v -1.258193 0.984792 -0.076896
v -1.310154 1.304791 -0.106896
v -1.182503 0.984792 -0.140407
v -1.203024 1.304791 -0.196789
v -1.083696 0.984792 -0.140407
v -1.063175 1.304791 -0.196789
v -1.008006 0.984792 -0.076896
v -0.956045 1.304791 -0.106896
v -0.990849 0.984792 0.020410
v -0.931760 1.304791 0.030829
v -1.040252 0.984792 0.105979
v -1.001685 1.304791 0.151941
v -1.133099 1.255000 0.237327
v -1.133099 1.305000 0.237327
v -1.288654 1.255000 0.180710
v -1.288654 1.305000 0.180710
v -1.371423 1.255000 0.037350
v -1.371423 1.305000 0.037350
v -1.342678 1.255000 -0.125673
v -1.342678 1.305000 -0.125673
v -1.215868 1.255000 -0.232079
v -1.215868 1.305000 -0.232079
v -1.050331 1.255000 -0.232079
v -1.050331 1.305000 -0.232079
v -0.923521 1.255000 -0.125673
v -0.923521 1.305000 -0.125673
v -0.894776 1.255000 0.037350
v -0.894776 1.305000 0.037350
v -0.977545 1.255000 0.180710
v -0.977545 1.305000 0.180710
v -1.133099 1.255000 0.217327
v -1.133099 1.305000 0.217327
v -1.275798 1.255000 0.165389
v -1.275798 1.305000 0.165389
v -1.351727 1.255000 0.033877
v -1.351727 1.305000 0.033877
v -1.325357 1.255000 -0.115673
v -1.325357 1.305000 -0.115673
v -1.209028 1.255000 -0.213285
v -1.209028 1.305000 -0.213285
v -1.057171 1.255000 -0.213285
v -1.057171 1.305000 -0.213285
v -0.940842 1.255000 -0.115673
v -0.940842 1.305000 -0.115673
v -0.914472 1.255000 0.033877
v -0.914472 1.305000 0.033877
v -0.990401 1.255000 0.165389
v -0.990401 1.305000 0.165389
v -1.292704 0.971735 0.041967
v -1.292622 1.001735 0.041946
v -1.280176 0.971619 -0.073643
v -1.280095 1.001619 -0.073664
v -1.196267 0.971333 -0.154152
v -1.196185 1.001333 -0.154173
v -1.080238 0.971012 -0.161890
v -1.080157 1.001011 -0.161911
v -0.986381 0.970804 -0.093235
v -0.986300 1.000804 -0.093256
v -0.958613 0.970808 0.019688
v -0.958531 1.000808 0.019666
v -1.009926 0.971022 0.124041
v -1.009844 1.001022 0.124019
v -1.116311 0.971345 0.170996
v -1.116229 1.001345 0.170975
v -1.227989 0.971627 0.138583
v -1.227907 1.001627 0.138561
v 0.198509 2.348279 0.303826
v 0.198687 2.428279 0.304075
v -0.007726 2.348457 0.394745
v -0.007547 2.428456 0.394994
v -0.230375 2.349063 0.359733
v -0.230196 2.429062 0.359981
v -0.398749 2.349905 0.209905
v -0.398571 2.429904 0.210154
v -0.459391 2.350715 -0.007168
v -0.459212 2.430714 -0.006919
v -0.393047 2.351237 -0.222568
v -0.392868 2.431236 -0.222319
v -0.220781 2.351304 -0.367906
v -0.220602 2.431303 -0.367658
v 0.002714 2.350895 -0.397039
v 0.002893 2.430895 -0.396791
v 0.206480 2.350141 -0.300718
v 0.206658 2.430140 -0.300469
v 0.325822 2.349280 -0.109523
v 0.326000 2.429280 -0.109274
v 0.322850 2.348586 0.115843
v 0.323029 2.428586 0.116091
v -0.494396 2.433167 -0.001166
v -0.464462 2.463232 -0.001324
v -0.434397 2.433297 -0.001181
v -0.464331 2.403233 -0.001023
v -0.451768 2.434194 0.185391
v -0.424807 2.464187 0.172217
v -0.397716 2.434181 0.159345
v -0.424677 2.404188 0.172518
v -0.332416 2.435203 0.334976
v -0.313782 2.465126 0.311367
v -0.295018 2.435049 0.288058
v -0.313652 2.405127 0.311667
v -0.159980 2.435994 0.417963
v -0.153377 2.465862 0.388564
v -0.146643 2.435730 0.359465
v -0.153246 2.405862 0.388864
v 0.031388 2.436410 0.417915
v 0.024640 2.466249 0.388519
v 0.018022 2.436088 0.359423
v 0.024770 2.406250 0.388819
v 0.203784 2.436369 0.334841
v 0.185008 2.466211 0.311241
v 0.166363 2.436053 0.287941
v 0.185139 2.406212 0.311541
v 0.323063 2.435879 0.185195
v 0.295966 2.465755 0.172035
v 0.268999 2.435631 0.159176
v 0.296097 2.405756 0.172336
v 0.365602 2.435037 -0.001383
v 0.335536 2.464972 -0.001526
v 0.305602 2.434907 -0.001368
v 0.335667 2.404973 -0.001225
v 0.322973 2.434010 -0.187940
v 0.295882 2.464016 -0.175067
v 0.268922 2.434023 -0.161894
v 0.296013 2.404017 -0.174767
v 0.203621 2.433001 -0.337526
v 0.184857 2.463078 -0.314216
v 0.166223 2.433155 -0.290607
v 0.184988 2.403078 -0.313916
v 0.031185 2.432210 -0.420512
v 0.024451 2.462342 -0.391414
v 0.017848 2.432474 -0.362014
v 0.024582 2.402343 -0.391113
v -0.160183 2.431794 -0.420464
v -0.153565 2.461955 -0.391369
v -0.146817 2.432116 -0.361973
v -0.153435 2.401955 -0.391068
v -0.332578 2.431835 -0.337390
v -0.313933 2.461993 -0.314091
v -0.295158 2.432151 -0.290490
v -0.313803 2.401994 -0.313790
v -0.451858 2.432325 -0.187745
v -0.424891 2.462448 -0.174885
v -0.397794 2.432573 -0.161725
v -0.424761 2.402449 -0.174585
v -0.436687 2.424311 0.030286
v -0.439941 2.434891 0.019763
v -0.429615 2.437844 0.030622
v -0.515749 2.676463 0.026164
v -0.518961 2.686485 0.037233
v -0.505423 2.679415 0.037023
v -0.436641 2.423705 0.053678
v -0.429568 2.437239 0.054014
v -0.439852 2.433727 0.064747
v -0.518914 2.685879 0.060625
v -0.515660 2.675299 0.071149
v -0.505377 2.678810 0.060416
v -0.468555 2.414315 0.030090
v -0.482093 2.421384 0.030300
v -0.471809 2.424896 0.019567
v -0.550829 2.676489 0.037037
v -0.547618 2.666467 0.025968
v -0.557901 2.662956 0.036701
v -0.468509 2.413710 0.053482
v -0.471720 2.423732 0.064552
v -0.482047 2.420779 0.053692
v -0.550783 2.675884 0.060429
v -0.557855 2.662350 0.060093
v -0.547529 2.665303 0.070953
v -0.521542 2.665140 0.039314
v -0.513692 2.671073 0.027633
v -0.506281 2.664522 0.039271
v -0.224402 2.935899 -0.007502
v -0.216384 2.944493 0.002252
v -0.216992 2.929348 0.004136
v -0.521360 2.668022 0.062535
v -0.506099 2.667404 0.062492
v -0.513342 2.676615 0.072289
v -0.216202 2.947374 0.025473
v -0.224052 2.941441 0.037154
v -0.216810 2.932230 0.027357
v -0.544200 2.689514 0.036467
v -0.543593 2.704658 0.034583
v -0.536350 2.695447 0.024786
v -0.239042 2.968866 -0.000595
v -0.247060 2.960273 -0.010349
v -0.254303 2.969484 -0.000552
v -0.544018 2.692395 0.059688
v -0.536000 2.700989 0.069442
v -0.543411 2.707540 0.057804
v -0.238860 2.971748 0.022626
v -0.254121 2.972366 0.022669
v -0.246710 2.965815 0.034307
v -0.324460 2.426749 0.278718
v -0.326600 2.439463 0.270530
v -0.316009 2.439156 0.281530
v -0.376252 2.679511 0.325031
v -0.378383 2.687444 0.337907
v -0.365660 2.679204 0.336031
v -0.324451 2.421570 0.301538
v -0.315999 2.433977 0.304350
v -0.326582 2.429504 0.314414
v -0.378373 2.682265 0.360726
v -0.376233 2.669551 0.368915
v -0.365651 2.674025 0.358851
v -0.357201 2.420306 0.277269
v -0.369923 2.428546 0.279145
v -0.359341 2.433020 0.269081
v -0.411123 2.681001 0.336458
v -0.408992 2.673067 0.323582
v -0.419574 2.668594 0.333646
v -0.357191 2.415127 0.300089
v -0.359322 2.423060 0.312965
v -0.369914 2.423367 0.301965
v -0.411113 2.675822 0.359278
v -0.419565 2.663415 0.356466
v -0.408974 2.663108 0.367466
v -0.376806 2.663757 0.338113
v -0.371040 2.664297 0.323980
v -0.361944 2.666600 0.336032
v -0.164014 2.928596 0.117263
v -0.158439 2.942536 0.120070
v -0.154919 2.930898 0.129315
v -0.377013 2.678273 0.356465
v -0.362151 2.681116 0.354384
v -0.371438 2.692213 0.359272
v -0.158646 2.957052 0.138422
v -0.164412 2.956512 0.152555
v -0.155126 2.945415 0.147667
v -0.405229 2.677357 0.327035
v -0.408749 2.688994 0.317790
v -0.399463 2.677897 0.312902
v -0.186862 2.956136 0.108993
v -0.192437 2.942196 0.106185
v -0.201724 2.953293 0.111073
v -0.405437 2.691873 0.345387
v -0.399861 2.705813 0.348195
v -0.408956 2.703511 0.336142
v -0.187069 2.970652 0.127345
v -0.201931 2.967809 0.129425
v -0.192836 2.970112 0.141477
v -0.073584 2.427808 0.387967
v -0.073712 2.441368 0.380940
v -0.063034 2.438299 0.391420
v -0.079434 2.680059 0.456680
v -0.079799 2.687081 0.470238
v -0.068756 2.676989 0.467160
v -0.073840 2.420725 0.410268
v -0.063290 2.431216 0.413721
v -0.074205 2.427748 0.423826
v -0.080056 2.679999 0.492539
v -0.079927 2.666439 0.499566
v -0.069013 2.669907 0.489461
v -0.106973 2.427191 0.387388
v -0.118016 2.437284 0.390466
v -0.107101 2.440752 0.380360
v -0.113189 2.686465 0.469658
v -0.112824 2.679442 0.456100
v -0.123738 2.675974 0.466205
v -0.107229 2.420109 0.409688
v -0.107595 2.427131 0.423247
v -0.118273 2.430201 0.412767
v -0.113445 2.679382 0.491959
v -0.123995 2.668891 0.488506
v -0.113317 2.665822 0.498986
v -0.074477 2.676186 0.470255
v -0.073908 2.675230 0.455022
v -0.063162 2.683007 0.462592
v -0.054639 2.935600 0.160171
v -0.054151 2.950837 0.159232
v -0.043893 2.943377 0.167741
v -0.074565 2.693729 0.485740
v -0.063250 2.700550 0.478078
v -0.074078 2.708966 0.484802
v -0.054239 2.968380 0.174718
v -0.054808 2.969336 0.189951
v -0.043981 2.960920 0.183226
v -0.107837 2.677174 0.468947
v -0.118096 2.684633 0.460438
v -0.107268 2.676217 0.453714
v -0.087511 2.951824 0.157924
v -0.087999 2.936588 0.158863
v -0.098826 2.945004 0.165587
v -0.107925 2.694717 0.484432
v -0.107437 2.709954 0.483494
v -0.118184 2.702176 0.475923
v -0.087599 2.969367 0.173410
v -0.098914 2.962546 0.181072
v -0.088168 2.970324 0.188642
v 0.192555 2.423106 0.306592
v 0.194486 2.436114 0.298824
v 0.205133 2.431496 0.308754
v 0.239414 2.672048 0.360376
v 0.241397 2.679594 0.373506
v 0.250061 2.667430 0.370306
v 0.192611 2.417189 0.329232
v 0.205189 2.425579 0.331393
v 0.194594 2.424735 0.342362
v 0.241453 2.673677 0.396146
v 0.239521 2.660669 0.403914
v 0.250117 2.661513 0.392945
v 0.159708 2.428942 0.308198
v 0.151044 2.441106 0.311399
v 0.161639 2.441950 0.300431
v 0.208550 2.685430 0.375113
v 0.206567 2.677883 0.361983
v 0.195971 2.677040 0.372951
v 0.159764 2.423025 0.330838
v 0.161747 2.430571 0.343968
v 0.151100 2.435189 0.334038
v 0.208606 2.679513 0.397752
v 0.196027 2.671123 0.395590
v 0.206674 2.666505 0.405520
v 0.232965 2.682125 0.371932
v 0.228114 2.682068 0.357450
v 0.237996 2.692723 0.362151
v 0.056809 2.945740 0.119917
v 0.052271 2.960250 0.121380
v 0.066691 2.956395 0.124618
v 0.233305 2.697907 0.389206
v 0.238335 2.708505 0.379425
v 0.228767 2.712417 0.390669
v 0.052610 2.976032 0.138653
v 0.057462 2.976089 0.153136
v 0.067030 2.972177 0.141892
v 0.202890 2.671699 0.382049
v 0.188471 2.675554 0.378810
v 0.198039 2.671642 0.367566
v 0.022196 2.949824 0.131496
v 0.026734 2.935314 0.130033
v 0.017166 2.939226 0.141277
v 0.203230 2.687481 0.399322
v 0.198691 2.701991 0.400785
v 0.188810 2.691336 0.396084
v 0.022535 2.965605 0.148770
v 0.017505 2.955008 0.158551
v 0.027387 2.965663 0.163252
v 0.347979 2.420103 0.082472
v 0.350901 2.431225 0.072420
v 0.361344 2.427483 0.082919
v 0.419736 2.669922 0.089021
v 0.422786 2.679508 0.100513
v 0.430179 2.666180 0.099519
v 0.348118 2.418440 0.105813
v 0.361483 2.425820 0.106259
v 0.351168 2.428026 0.117305
v 0.422925 2.677845 0.123854
v 0.420004 2.666723 0.133906
v 0.430318 2.664517 0.122860
v 0.315881 2.429301 0.083319
v 0.308489 2.442629 0.084313
v 0.318803 2.440422 0.073267
v 0.390689 2.688705 0.101360
v 0.387639 2.679119 0.089867
v 0.377324 2.681325 0.100914
v 0.316021 2.427637 0.106660
v 0.319071 2.437223 0.118152
v 0.308628 2.440965 0.107654
v 0.390828 2.687042 0.124700
v 0.377463 2.679662 0.124254
v 0.387906 2.675920 0.134753
v 0.420347 2.691760 0.096479
v 0.412345 2.696284 0.084282
v 0.419943 2.706544 0.092666
v 0.127256 2.959215 0.020886
v 0.119587 2.969142 0.029599
v 0.134854 2.969475 0.029270
v 0.420708 2.697613 0.119132
v 0.420304 2.712397 0.115319
v 0.413040 2.707541 0.127845
v 0.119949 2.974996 0.052253
v 0.127950 2.970472 0.064450
v 0.135215 2.975328 0.051923
v 0.397365 2.668386 0.102886
v 0.382098 2.668054 0.103215
v 0.389363 2.672910 0.090688
v 0.096605 2.945768 0.036006
v 0.104274 2.935841 0.027293
v 0.097009 2.930984 0.039820
v 0.397726 2.674239 0.125539
v 0.390058 2.684167 0.134252
v 0.382460 2.673907 0.125868
v 0.096967 2.951622 0.058659
v 0.097370 2.936838 0.062473
v 0.104968 2.947098 0.070857
v 0.312526 2.413839 -0.190629
v 0.315412 2.422760 -0.202685
v 0.325762 2.421406 -0.191536
v 0.380113 2.661028 -0.233814
v 0.382843 2.672788 -0.224459
v 0.390463 2.659674 -0.222664
v 0.312357 2.416915 -0.167432
v 0.325593 2.424482 -0.168339
v 0.315087 2.428676 -0.158077
v 0.382674 2.675864 -0.201263
v 0.379788 2.666944 -0.189206
v 0.390294 2.662750 -0.199468
v 0.280276 2.422417 -0.192001
v 0.272655 2.435531 -0.193796
v 0.283162 2.431338 -0.204058
v 0.350592 2.681366 -0.225832
v 0.347862 2.669606 -0.235187
v 0.337356 2.673799 -0.224925
v 0.280107 2.425493 -0.168805
v 0.282837 2.437254 -0.159450
v 0.272486 2.438608 -0.170600
v 0.350423 2.684443 -0.202636
v 0.337187 2.676876 -0.201728
v 0.347537 2.675522 -0.190579
v 0.389666 2.695040 -0.217737
v 0.382405 2.706931 -0.223996
v 0.390330 2.708765 -0.211069
v 0.111433 2.973248 -0.095663
v 0.104099 2.975702 -0.082493
v 0.119358 2.975082 -0.082736
v 0.389587 2.684817 -0.196689
v 0.390251 2.698542 -0.190020
v 0.382253 2.687271 -0.183518
v 0.104020 2.965478 -0.061444
v 0.111281 2.953588 -0.055185
v 0.119279 2.964859 -0.061688
v 0.365045 2.674776 -0.227672
v 0.349786 2.675395 -0.227428
v 0.357783 2.686666 -0.233930
v 0.079477 2.955437 -0.092427
v 0.086811 2.952983 -0.105598
v 0.078814 2.941712 -0.099096
v 0.364966 2.664552 -0.206623
v 0.357632 2.667006 -0.193452
v 0.349707 2.665172 -0.206380
v 0.079399 2.945214 -0.071378
v 0.078735 2.931489 -0.078047
v 0.086660 2.933323 -0.065120
v 0.116011 2.416754 -0.376066
v 0.117267 2.424137 -0.389378
v 0.128064 2.425759 -0.378698
v 0.148242 2.663247 -0.457005
v 0.149659 2.676489 -0.449527
v 0.159040 2.664868 -0.446325
v 0.116186 2.423101 -0.353544
v 0.128239 2.432106 -0.356176
v 0.117603 2.436343 -0.346066
v 0.149834 2.682836 -0.427005
v 0.148578 2.675453 -0.413693
v 0.159215 2.671216 -0.423803
v 0.082869 2.420798 -0.376948
v 0.073488 2.432418 -0.380150
v 0.084124 2.428181 -0.390260
v 0.116516 2.680532 -0.450409
v 0.115100 2.667290 -0.457887
v 0.104464 2.671528 -0.447777
v 0.083044 2.427145 -0.354426
v 0.084460 2.440387 -0.346948
v 0.073663 2.438766 -0.357628
v 0.116691 2.686880 -0.427887
v 0.104638 2.677875 -0.425255
v 0.115436 2.679497 -0.414575
v 0.154101 2.688036 -0.440511
v 0.150821 2.702950 -0.440833
v 0.161034 2.697590 -0.430820
v 0.027215 2.971207 -0.171174
v 0.023819 2.970781 -0.156289
v 0.037428 2.965848 -0.161161
v 0.153974 2.671417 -0.424037
v 0.160907 2.680972 -0.414346
v 0.150578 2.670992 -0.409152
v 0.023692 2.954163 -0.139815
v 0.026971 2.939249 -0.139494
v 0.037301 2.949230 -0.144687
v 0.122336 2.680890 -0.447963
v 0.108727 2.685824 -0.443091
v 0.119057 2.695804 -0.448285
v -0.007946 2.963636 -0.163741
v -0.004549 2.964062 -0.178626
v -0.014879 2.954082 -0.173432
v 0.122210 2.664272 -0.431490
v 0.118813 2.663846 -0.416604
v 0.108601 2.669206 -0.426617
v -0.008072 2.947018 -0.147267
v -0.015006 2.937464 -0.156959
v -0.004793 2.932104 -0.146946
v -0.149655 2.421848 -0.394746
v -0.150575 2.428966 -0.408228
v -0.139803 2.433002 -0.398181
v -0.171538 2.666253 -0.481067
v -0.172437 2.679711 -0.473901
v -0.160766 2.670289 -0.471019
v -0.149633 2.428717 -0.372377
v -0.139780 2.439870 -0.375812
v -0.150531 2.442175 -0.365211
v -0.172414 2.686579 -0.451531
v -0.171495 2.679461 -0.438049
v -0.160744 2.677157 -0.448650
v -0.182937 2.419171 -0.393890
v -0.194607 2.428593 -0.396772
v -0.183856 2.426288 -0.407373
v -0.205718 2.677033 -0.473045
v -0.204820 2.663575 -0.480211
v -0.215571 2.665879 -0.469610
v -0.182914 2.426039 -0.371521
v -0.183813 2.439497 -0.364355
v -0.194585 2.435461 -0.374402
v -0.205696 2.683902 -0.450676
v -0.215548 2.672748 -0.447241
v -0.204776 2.676784 -0.437193
v -0.176042 2.688375 -0.467718
v -0.173841 2.703487 -0.467486
v -0.163253 2.694138 -0.461676
v -0.092869 2.968956 -0.187871
v -0.090631 2.968399 -0.172772
v -0.082281 2.959607 -0.182060
v -0.176002 2.671399 -0.451613
v -0.163213 2.677162 -0.445570
v -0.173764 2.670841 -0.436514
v -0.090591 2.951423 -0.156667
v -0.092792 2.936311 -0.156899
v -0.082241 2.942631 -0.165955
v -0.208729 2.693059 -0.462700
v -0.217079 2.701851 -0.453412
v -0.206528 2.708171 -0.462468
v -0.123318 2.973083 -0.167754
v -0.125556 2.973641 -0.182852
v -0.136107 2.967320 -0.173796
v -0.208689 2.676083 -0.446594
v -0.206451 2.675526 -0.431496
v -0.217039 2.684875 -0.437306
v -0.123278 2.956107 -0.151649
v -0.136067 2.950345 -0.157691
v -0.125479 2.940995 -0.151881
v -0.373177 2.423144 -0.238227
v -0.375684 2.431630 -0.250676
v -0.365376 2.436106 -0.240333
v -0.438234 2.673651 -0.293063
v -0.441055 2.685784 -0.284225
v -0.427926 2.678127 -0.282720
v -0.373516 2.427095 -0.215166
v -0.365716 2.440057 -0.217271
v -0.376338 2.439228 -0.206327
v -0.441395 2.689735 -0.261163
v -0.438887 2.681249 -0.248714
v -0.428266 2.682078 -0.259658
v -0.405541 2.414943 -0.237298
v -0.418670 2.422600 -0.238804
v -0.408049 2.423428 -0.249748
v -0.473419 2.677582 -0.283296
v -0.470598 2.665449 -0.292135
v -0.481220 2.664621 -0.281191
v -0.405880 2.418894 -0.214237
v -0.408702 2.431026 -0.205399
v -0.419010 2.426551 -0.215742
v -0.473759 2.681533 -0.260235
v -0.481560 2.668572 -0.258129
v -0.471251 2.673048 -0.247786
v -0.445354 2.671650 -0.282448
v -0.438834 2.684597 -0.287257
v -0.430207 2.673377 -0.281517
v -0.194091 2.956532 -0.123496
v -0.187422 2.958238 -0.109862
v -0.185464 2.945311 -0.117756
v -0.445194 2.659473 -0.262467
v -0.430047 2.661199 -0.261536
v -0.438525 2.661180 -0.248832
v -0.187262 2.946061 -0.089881
v -0.193782 2.933114 -0.085071
v -0.185304 2.933133 -0.097775
v -0.471804 2.688971 -0.271679
v -0.473763 2.701898 -0.263785
v -0.465284 2.701918 -0.276489
v -0.213873 2.975559 -0.099094
v -0.220541 2.973852 -0.112728
v -0.229020 2.973833 -0.100024
v -0.471644 2.676793 -0.251698
v -0.464975 2.678500 -0.238064
v -0.473602 2.689721 -0.243804
v -0.213712 2.963382 -0.079112
v -0.228859 2.961655 -0.080043
v -0.220232 2.950434 -0.074303
v -0.514483 2.516313 -0.009285
v -0.492564 2.538393 -0.009218
v -0.470484 2.516474 -0.009117
v -0.492402 2.494394 -0.009184
v -0.469985 2.516631 0.189171
v -0.450208 2.538697 0.179684
v -0.430270 2.516762 0.170232
v -0.450046 2.494697 0.179719
v -0.343787 2.517220 0.348667
v -0.330085 2.539257 0.331502
v -0.316222 2.517295 0.314371
v -0.329924 2.495257 0.331536
v -0.160884 2.517962 0.437611
v -0.155988 2.539963 0.416165
v -0.150929 2.517965 0.394752
v -0.155826 2.495964 0.416199
v 0.042497 2.518710 0.438389
v 0.037603 2.540676 0.416905
v 0.032870 2.518641 0.395455
v 0.037765 2.496676 0.416939
v 0.226075 2.519317 0.350845
v 0.212343 2.541253 0.333575
v 0.198773 2.519190 0.316339
v 0.212505 2.497254 0.333609
v 0.353489 2.519662 0.192318
v 0.333624 2.541581 0.182680
v 0.313920 2.519501 0.173076
v 0.333785 2.497582 0.182715
v 0.399504 2.519676 -0.005792
v 0.377424 2.541595 -0.005893
v 0.355505 2.519514 -0.005960
v 0.377585 2.497595 -0.005859
v 0.355006 2.519357 -0.204248
v 0.335068 2.541292 -0.194796
v 0.315291 2.519226 -0.185309
v 0.335229 2.497292 -0.194761
v 0.228808 2.518769 -0.363744
v 0.214945 2.540731 -0.346613
v 0.201243 2.518694 -0.329448
v 0.215107 2.496732 -0.346579
v 0.045905 2.518027 -0.452689
v 0.040847 2.540025 -0.431276
v 0.035950 2.518024 -0.409829
v 0.041009 2.496025 -0.431242
v -0.157476 2.517278 -0.453466
v -0.152744 2.539313 -0.432016
v -0.147849 2.517347 -0.410532
v -0.152582 2.495313 -0.431982
v -0.341054 2.516672 -0.365922
v -0.327484 2.538735 -0.348687
v -0.313752 2.516799 -0.331417
v -0.327322 2.494735 -0.348652
v -0.468468 2.516327 -0.207396
v -0.448764 2.538407 -0.197792
v -0.428899 2.516488 -0.188153
v -0.448603 2.494407 -0.197757
v -0.562021 2.676675 0.001828
v -0.539921 2.698574 0.001752
v -0.518022 2.676475 0.001784
v -0.540121 2.654575 0.001859
v -0.511593 2.676980 0.221756
v -0.491682 2.698866 0.212138
v -0.471970 2.676753 0.202626
v -0.491882 2.654866 0.212245
v -0.370736 2.676767 0.398026
v -0.356937 2.698663 0.380759
v -0.343338 2.676559 0.363599
v -0.357137 2.654663 0.380866
v -0.167350 2.676080 0.495725
v -0.162376 2.698005 0.474218
v -0.157602 2.675931 0.452818
v -0.162576 2.654006 0.474325
v 0.058284 2.675053 0.495502
v 0.053467 2.697023 0.474005
v 0.048450 2.674993 0.452615
v 0.053267 2.653023 0.474112
v 0.261475 2.673890 0.397401
v 0.247842 2.695911 0.380161
v 0.234008 2.673932 0.363028
v 0.247642 2.651911 0.380268
v 0.401979 2.672822 0.220854
v 0.382249 2.694889 0.211274
v 0.362318 2.672956 0.201802
v 0.382049 2.650890 0.211381
v 0.451968 2.672061 0.000826
v 0.430068 2.694160 0.000794
v 0.407968 2.672261 0.000869
v 0.429868 2.650161 0.000901
v 0.401540 2.671756 -0.219103
v 0.381828 2.693869 -0.209591
v 0.361917 2.671982 -0.199973
v 0.381628 2.649869 -0.209485
v 0.260683 2.671968 -0.395373
v 0.247084 2.694072 -0.378213
v 0.233284 2.672176 -0.360945
v 0.246884 2.650073 -0.378106
v 0.057296 2.672656 -0.493072
v 0.052522 2.694730 -0.471672
v 0.047548 2.672804 -0.450165
v 0.052322 2.650730 -0.471565
v -0.168338 2.673683 -0.492849
v -0.163321 2.695712 -0.471459
v -0.158504 2.673742 -0.449962
v -0.163521 2.651713 -0.471352
v -0.371528 2.674845 -0.394748
v -0.357695 2.696824 -0.377615
v -0.344061 2.674803 -0.360375
v -0.357895 2.652825 -0.377508
v -0.512033 2.675913 -0.218201
v -0.492102 2.697845 -0.208728
v -0.472371 2.675779 -0.199149
v -0.492302 2.653846 -0.208621
v -0.415700 2.832757 -0.001925
v -0.393803 2.854859 -0.002069
v -0.371701 2.832961 -0.002098
v -0.393598 2.810859 -0.001954
v -0.380243 2.833323 0.150663
v -0.360561 2.855389 0.140982
v -0.340676 2.833456 0.131416
v -0.360357 2.811389 0.141098
v -0.282091 2.834099 0.272755
v -0.268545 2.856117 0.255443
v -0.254793 2.834136 0.238247
v -0.268340 2.812118 0.255559
v -0.140687 2.834934 0.340169
v -0.135978 2.856899 0.318644
v -0.131064 2.834866 0.297234
v -0.135773 2.812900 0.318759
v 0.015965 2.835660 0.339553
v 0.010884 2.857580 0.318066
v 0.006006 2.835501 0.296695
v 0.011088 2.813581 0.318182
v 0.156837 2.836135 0.271028
v 0.142951 2.858025 0.253824
v 0.129269 2.835917 0.236736
v 0.143156 2.814026 0.253940
v 0.254028 2.836264 0.148168
v 0.234067 2.858146 0.138643
v 0.214311 2.836030 0.129233
v 0.234272 2.814147 0.138758
v 0.288287 2.836022 -0.004695
v 0.266185 2.857919 -0.004666
v 0.244288 2.835818 -0.004522
v 0.266390 2.813920 -0.004550
v 0.252830 2.835456 -0.157283
v 0.232944 2.857389 -0.147717
v 0.213263 2.835323 -0.138036
v 0.233149 2.813390 -0.147602
v 0.154679 2.834680 -0.279375
v 0.140927 2.856661 -0.262179
v 0.127381 2.834643 -0.244867
v 0.141132 2.812662 -0.262063
v 0.013274 2.833845 -0.346789
v 0.008360 2.855879 -0.325379
v 0.003651 2.833913 -0.303854
v 0.008565 2.811880 -0.325264
v -0.143378 2.833119 -0.346172
v -0.138501 2.855198 -0.324801
v -0.133419 2.833278 -0.303315
v -0.138297 2.811199 -0.324686
v -0.284250 2.832644 -0.277648
v -0.270568 2.854753 -0.260560
v -0.256682 2.832862 -0.243356
v -0.270364 2.810754 -0.260444
v -0.381441 2.832515 -0.154788
v -0.361684 2.854632 -0.145378
v -0.341724 2.832749 -0.135853
v -0.361480 2.810632 -0.145263
v 0.231751 2.900000 0.085046
v 0.211458 2.900000 -0.136958
v 0.075842 2.900000 -0.253737
v -0.098350 2.900000 -0.271943
v -0.163204 2.900000 -0.271781
v -0.311723 2.900000 -0.163612
v -0.339567 2.900000 -0.007140
v -0.346191 2.900000 0.045601
v -0.268866 2.900000 0.205026
v -0.108463 2.900000 0.278732
v -0.045242 2.900000 0.279088
v 0.125568 2.900000 0.231543
v 0.231751 2.922000 0.085046
v 0.211458 2.922000 -0.136958
v 0.075842 2.922000 -0.253737
v -0.098350 2.922000 -0.271943
v -0.163204 2.922000 -0.271781
v -0.311723 2.922000 -0.163612
v -0.339567 2.922000 -0.007140
v -0.346191 2.922000 0.045601
v -0.268866 2.922000 0.205026
v -0.108463 2.922000 0.278732
v -0.045242 2.922000 0.279088
v 0.125568 2.922000 0.231543
v 0.192610 2.900000 0.074297
v 0.175015 2.900000 -0.118192
v 0.060060 2.900000 -0.217179
v -0.100283 2.900000 -0.233938
v -0.150790 2.900000 -0.233812
v -0.276990 2.900000 -0.141899
v -0.301985 2.900000 -0.001440
v -0.307083 2.900000 0.039156
v -0.240621 2.900000 0.176185
v -0.100048 2.900000 0.240778
v -0.050327 2.900000 0.241058
v 0.102590 2.900000 0.198494
v 0.192610 2.922000 0.074297
v 0.175015 2.922000 -0.118192
v 0.060060 2.922000 -0.217179
v -0.100283 2.922000 -0.233938
v -0.150790 2.922000 -0.233812
v -0.276990 2.922000 -0.141899
v -0.301985 2.922000 -0.001440
v -0.307083 2.922000 0.039156
v -0.240621 2.922000 0.176185
v -0.100048 2.922000 0.240778
v -0.050327 2.922000 0.241058
v 0.102590 2.922000 0.198494
v 0.195216 2.928000 0.076667
v 0.177208 2.928000 -0.120570
v 0.060432 2.928000 -0.219784
v -0.090063 2.928000 -0.236452
v -0.152678 2.928000 -0.236296
v -0.281141 2.928000 -0.143273
v -0.303057 2.928000 -0.009839
v -0.309438 2.928000 0.040882
v -0.242448 2.928000 0.178615
v -0.105027 2.928000 0.241029
v -0.044014 2.928000 0.241383
v 0.103654 2.928000 0.201155
v 0.195216 2.950000 0.076667
v 0.177208 2.950000 -0.120570
v 0.060432 2.950000 -0.219784
v -0.090063 2.950000 -0.236452
v -0.152678 2.950000 -0.236296
v -0.281141 2.950000 -0.143273
v -0.303057 2.950000 -0.009839
v -0.309438 2.950000 0.040882
v -0.242448 2.950000 0.178615
v -0.105027 2.950000 0.241029
v -0.044014 2.950000 0.241383
v 0.103654 2.950000 0.201155
v 0.162245 2.928000 0.067487
v 0.146529 2.928000 -0.104645
v 0.047176 2.928000 -0.189057
v -0.091790 2.928000 -0.204448
v -0.142273 2.928000 -0.204322
v -0.251699 2.928000 -0.125084
v -0.271383 2.928000 -0.005248
v -0.276501 2.928000 0.035439
v -0.218715 2.928000 0.154248
v -0.098012 2.928000 0.209069
v -0.048204 2.928000 0.209358
v 0.084484 2.928000 0.173211
v 0.162245 2.950000 0.067487
v 0.146529 2.950000 -0.104645
v 0.047176 2.950000 -0.189057
v -0.091790 2.950000 -0.204448
v -0.142273 2.950000 -0.204322
v -0.251699 2.950000 -0.125084
v -0.271383 2.950000 -0.005248
v -0.276501 2.950000 0.035439
v -0.218715 2.950000 0.154248
v -0.098012 2.950000 0.209069
v -0.048204 2.950000 0.209358
v 0.084484 2.950000 0.173211
v -0.214376 2.946078 0.111033
v -0.344215 3.145545 0.136624
v -0.264828 2.918167 0.099612
v -0.374487 3.128798 0.129771
v -0.276107 2.923796 0.042201
v -0.381254 3.132175 0.095324
v -0.232625 2.955186 0.018141
v -0.355165 3.151010 0.080888
v -0.194474 2.968957 0.060681
v -0.332274 3.159272 0.106412
v -0.329528 3.055814 0.073110
v -0.428317 3.240090 0.298973
v -0.300689 3.075976 0.070742
v -0.414859 3.249498 0.297868
v -0.276853 3.063631 0.093616
v -0.403736 3.243737 0.308543
v -0.290960 3.035839 0.110120
v -0.410319 3.230768 0.316244
v -0.323515 3.031008 0.097447
v -0.425512 3.228513 0.310330
v -0.372400 3.132291 0.137021
v -0.462635 3.256483 0.103186
v -0.385072 3.118009 0.107370
v -0.467704 3.250770 0.091326
v -0.365553 3.129713 0.080429
v -0.459897 3.255452 0.080549
v -0.340818 3.151227 0.093430
v -0.450003 3.264057 0.085750
v -0.345049 3.152821 0.128406
v -0.451695 3.264695 0.099740
v -0.107772 2.914059 0.221035
v -0.154594 3.123780 0.326511
v -0.161242 2.917566 0.196878
v -0.186676 3.125883 0.312017
v -0.156763 2.948829 0.147305
v -0.183989 3.144641 0.282274
v -0.100524 2.964644 0.140825
v -0.150245 3.154130 0.278385
v -0.070246 2.943156 0.186392
v -0.132079 3.141237 0.305726
v -0.114829 3.038640 0.243826
v -0.037790 3.233355 0.469396
v -0.138391 3.024246 0.265768
v -0.048786 3.226638 0.479636
v -0.168514 3.042346 0.262811
v -0.062843 3.235085 0.478256
v -0.163570 3.067926 0.239041
v -0.060536 3.247022 0.467163
v -0.130391 3.065635 0.227308
v -0.045052 3.245953 0.461688
v -0.182724 3.138529 0.286088
v -0.242736 3.260769 0.364617
v -0.155056 3.159387 0.279515
v -0.231669 3.269112 0.361988
v -0.133122 3.157399 0.307060
v -0.222896 3.268317 0.373006
v -0.147235 3.135312 0.330656
v -0.228540 3.259482 0.382445
v -0.177890 3.123650 0.317695
v -0.240803 3.254817 0.377260
v 0.074026 2.948555 0.121943
v 0.132883 3.145443 0.244707
v 0.090318 2.917701 0.169245
v 0.142658 3.126931 0.273088
v 0.044237 2.914491 0.205593
v 0.115010 3.125005 0.294897
v -0.000534 2.943361 0.180756
v 0.088147 3.142327 0.279994
v 0.017876 2.964414 0.129057
v 0.099193 3.154959 0.248975
v 0.101773 3.025185 0.222064
v 0.325317 3.227710 0.283243
v 0.084161 3.037864 0.249864
v 0.317098 3.233627 0.296216
v 0.064772 3.065219 0.238931
v 0.308050 3.246392 0.291114
v 0.070400 3.069446 0.204373
v 0.310676 3.248365 0.274987
v 0.093268 3.044704 0.193949
v 0.321348 3.236819 0.270122
v 0.140862 3.130438 0.276590
v 0.130149 3.255386 0.371375
v 0.108408 3.122226 0.287684
v 0.117168 3.252102 0.375812
v 0.085291 3.140074 0.267914
v 0.107921 3.259241 0.367904
v 0.103459 3.159316 0.244601
v 0.115188 3.266937 0.358579
v 0.137803 3.153360 0.249964
v 0.128926 3.264555 0.360724
v 0.091763 2.961577 -0.010968
v 0.236559 3.150903 0.011172
v 0.138663 2.931560 -0.029791
v 0.264699 3.132892 -0.000122
v 0.166804 2.910437 0.017292
v 0.281583 3.120218 0.028128
v 0.137297 2.927400 0.065214
v 0.263879 3.130396 0.056881
v 0.090919 2.959007 0.047749
v 0.236053 3.149360 0.046401
v 0.206199 3.029160 0.005147
v 0.397305 3.230685 -0.127506
v 0.225041 3.032442 0.034777
v 0.406098 3.232217 -0.113679
v 0.211930 3.059587 0.053081
v 0.399980 3.244884 -0.105137
v 0.184984 3.073082 0.034763
v 0.387405 3.251182 -0.113686
v 0.181442 3.054278 0.005138
v 0.385752 3.242407 -0.127511
v 0.241554 3.142633 0.056379
v 0.333436 3.263048 0.098441
v 0.238610 3.158867 0.025209
v 0.332258 3.269541 0.085973
v 0.266326 3.149633 0.005452
v 0.343344 3.265848 0.078070
v 0.286399 3.127694 0.024411
v 0.351374 3.257072 0.085654
v 0.271090 3.123368 0.055886
v 0.345250 3.255341 0.098243
v 0.097696 2.912422 -0.170191
v 0.179613 3.123085 -0.249001
v 0.117161 2.928042 -0.116974
v 0.191292 3.132457 -0.217071
v 0.075032 2.959543 -0.090749
v 0.166015 3.151357 -0.201336
v 0.029530 2.963391 -0.127758
v 0.138713 3.153666 -0.223541
v 0.043537 2.934269 -0.176856
v 0.147118 3.136193 -0.253000
v 0.106971 3.073480 -0.168263
v 0.133158 3.250144 -0.418932
v 0.093080 3.048355 -0.188744
v 0.126675 3.238419 -0.428490
v 0.119553 3.029020 -0.201746
v 0.139029 3.229396 -0.434558
v 0.149807 3.042195 -0.189300
v 0.153147 3.235544 -0.428750
v 0.142031 3.069674 -0.168606
v 0.149519 3.248367 -0.419092
v 0.185863 3.123223 -0.228352
v 0.266500 3.254855 -0.258042
v 0.171530 3.140912 -0.201418
v 0.260767 3.261931 -0.247268
v 0.144211 3.159431 -0.213848
v 0.249840 3.269338 -0.252240
v 0.141659 3.153187 -0.248464
v 0.248819 3.266841 -0.266087
v 0.167401 3.130809 -0.257428
v 0.259116 3.257890 -0.269672
v -0.112096 2.962978 -0.151456
v -0.113605 3.154609 -0.294897
v -0.132355 2.932163 -0.197227
v -0.125760 3.136120 -0.322359
v -0.086222 2.914512 -0.229088
v -0.098080 3.125529 -0.341476
v -0.037452 2.934417 -0.203008
v -0.068818 3.137472 -0.325828
v -0.053443 2.964371 -0.155029
v -0.078413 3.155445 -0.297041
v -0.099929 3.025256 -0.274372
v -0.277519 3.228180 -0.422747
v -0.071954 3.044684 -0.283522
v -0.264463 3.237247 -0.427016
v -0.067327 3.069434 -0.258828
v -0.262304 3.248796 -0.415493
v -0.092443 3.065303 -0.234417
v -0.274025 3.246869 -0.404101
v -0.112592 3.037999 -0.244024
v -0.283428 3.234127 -0.408584
v -0.108726 3.121632 -0.341577
v -0.067198 3.251291 -0.420158
v -0.076339 3.122577 -0.327650
v -0.054244 3.251669 -0.414587
v -0.077051 3.144296 -0.299873
v -0.054528 3.260357 -0.403476
v -0.109877 3.156774 -0.296633
v -0.067659 3.265348 -0.402180
v -0.129454 3.142767 -0.322407
v -0.075489 3.259745 -0.412490
v -0.258722 2.926772 -0.072912
v -0.351746 3.133094 -0.150872
v -0.253342 2.911225 -0.129341
v -0.348518 3.123766 -0.184729
v -0.202152 2.932232 -0.149169
v -0.317804 3.136370 -0.196626
v -0.175893 2.960763 -0.104994
v -0.302049 3.153488 -0.170121
v -0.210856 2.957389 -0.057864
v -0.323027 3.151464 -0.141843
v -0.303987 3.024264 -0.135642
v -0.529061 3.229796 -0.092875
v -0.294857 3.041936 -0.164764
v -0.524800 3.238043 -0.106465
v -0.272257 3.067357 -0.155450
v -0.514253 3.249907 -0.102118
v -0.267420 3.065397 -0.120571
v -0.511996 3.248991 -0.085842
v -0.287030 3.038763 -0.108329
v -0.521148 3.236563 -0.080129
v -0.307869 3.141335 -0.181415
v -0.373304 3.258898 -0.262706
v -0.318018 3.158835 -0.152527
v -0.377364 3.265898 -0.251151
v -0.351487 3.150079 -0.145676
v -0.390751 3.262395 -0.248411
v -0.362023 3.127167 -0.170330
v -0.394966 3.253231 -0.258272
v -0.335065 3.121763 -0.192418
v -0.384183 3.251069 -0.267107
v -0.054119 2.449722 -0.015015
v -0.167926 2.555684 -0.096531
v -0.006941 2.557485 -0.145347
v 0.089262 2.550770 -0.007497
v -0.012268 2.544817 0.126514
v -0.171218 2.547855 0.071487
v -0.094881 2.722224 -0.139393
v 0.064069 2.719187 -0.084366
v 0.060777 2.711357 0.083651
v -0.100208 2.709556 0.132467
v -0.196411 2.716272 -0.005382
v -0.053031 2.817320 0.002136
v -0.026484 2.480794 -0.093127
v -0.121108 2.479735 -0.064434
v -0.093378 2.543077 -0.141041
v -0.189938 2.537417 -0.013590
v -0.123043 2.475133 0.034324
v 0.030063 2.476847 -0.012101
v 0.057794 2.540188 -0.088708
v -0.029615 2.473348 0.066668
v 0.054663 2.532742 0.071087
v -0.098444 2.531029 0.117513
v -0.204747 2.636410 -0.058772
v -0.206682 2.631808 0.039986
v -0.050444 2.640967 -0.166236
v -0.145069 2.639908 -0.137543
v 0.099532 2.635234 -0.052865
v 0.042986 2.639181 -0.133892
v 0.037920 2.627133 0.124663
v 0.097597 2.630632 0.045893
v -0.150135 2.627860 0.121013
v -0.056706 2.626075 0.153356
v -0.161812 2.734299 -0.083966
v -0.008705 2.736012 -0.130392
v 0.082788 2.729625 0.000711
v -0.013771 2.723964 0.128162
v -0.164943 2.726853 0.075829
v -0.077534 2.793694 -0.079547
v -0.137212 2.790195 -0.000778
v 0.015894 2.791909 -0.047203
v 0.013959 2.787307 0.051555
v -0.080665 2.786248 0.080248
vn -0.5952 0.5649 -0.5715
vn 0.5590 0.6002 -0.5721
vn -0.5942 0.5539 0.5831
vn 0.5599 0.5892 0.5825
vn -0.7073 -0.0149 -0.7067
vn -0.0222 0.7135 -0.7003
vn 0.6852 0.7283 0.0064
vn -0.0210 0.7000 0.7138
vn -0.7284 0.6851 0.0071
vn -0.0008 0.0095 -1.0000
vn -0.9995 -0.0305 0.0005
vn -0.0305 0.9995 0.0095
vn 0.9995 0.0305 -0.0005
vn 0.0008 -0.0095 1.0000
vn -0.7062 -0.0283 0.7074
vn 0.7073 0.0149 0.7067
vn 0.7062 0.0283 -0.7074
vn -0.0000 -1.0000 -0.0000
vn -0.5854 0.5750 -0.5717
vn 0.5693 0.5831 -0.5795
vn -0.5774 0.5716 0.5830
vn 0.5772 0.5797 0.5751
vn -0.7119 -0.0029 -0.7023
vn -0.0098 0.7092 -0.7050
vn 0.7021 0.7121 -0.0027
vn -0.0001 0.7050 0.7092
vn -0.7121 0.7021 0.0069
vn -0.0068 0.0029 -1.0000
vn -1.0000 -0.0071 0.0068
vn -0.0070 1.0000 0.0030
vn 1.0000 0.0071 -0.0068
vn 0.0068 -0.0029 1.0000
vn -0.7022 -0.0071 0.7119
vn 0.7119 0.0029 0.7023
vn 0.7022 0.0071 -0.7119
vn 0.3091 0.6563 -0.6882
vn 0.3014 0.8397 0.4518
vn -0.7534 0.2089 -0.6235
vn -0.7611 0.3922 0.5166
vn 0.6554 0.1617 -0.7378
vn 0.3738 0.9161 -0.1448
vn -0.2815 0.7544 0.5930
vn -0.9275 0.3681 -0.0655
vn -0.2721 0.5298 -0.8033
vn 0.9202 0.3875 -0.0561
vn 0.0067 -0.1588 -0.9873
vn -0.3915 0.9081 -0.1487
vn -0.0067 0.1588 0.9873
vn -0.9202 -0.3875 0.0561
vn -0.6459 -0.3863 -0.6585
vn -0.6554 -0.1617 0.7378
vn 0.6459 0.3863 0.6585
vn 0.7445 0.2137 -0.6325
vn 0.7604 0.4074 0.5058
vn -0.3247 0.6458 -0.6911
vn -0.3088 0.8395 0.4472
vn 0.6450 -0.3832 -0.6611
vn 0.9216 0.3803 -0.0776
vn 0.2766 0.7635 0.5836
vn -0.3879 0.9095 -0.1493
vn 0.2571 0.5263 -0.8105
vn 0.9260 -0.3742 0.0508
vn -0.0138 -0.1677 -0.9857
vn 0.3774 0.9120 -0.1605
vn 0.0138 0.1677 0.9857
vn -0.9260 0.3742 -0.0508
vn -0.6645 0.1460 -0.7329
vn -0.6450 0.3832 0.6611
vn 0.6645 -0.1460 0.7329
vn 0.5872 -0.5685 -0.5762
vn 0.5724 0.5861 -0.5734
vn 0.5822 -0.5714 0.5785
vn 0.5674 0.5833 0.5813
vn -0.5674 -0.5833 -0.5813
vn -0.5822 0.5713 -0.5785
vn -0.5724 -0.5861 0.5734
vn -0.5872 0.5685 0.5762
vn 0.7161 -0.6980 0.0014
vn 0.7101 0.0108 -0.7040
vn 0.6980 0.7161 0.0048
vn 0.7040 0.0073 0.7102
vn 0.0060 -0.7088 0.7054
vn -0.0121 0.7053 0.7088
vn -0.7101 -0.0108 0.7040
vn -0.6980 -0.7161 -0.0048
vn -0.7161 0.6980 -0.0014
vn -0.7040 -0.0073 -0.7102
vn 0.0121 -0.7053 -0.7088
vn -0.0060 0.7088 -0.7054
vn 0.0128 -0.9999 -0.0024
vn 0.9999 0.0128 0.0044
vn 0.0044 0.0024 -1.0000
vn -0.0128 0.9999 0.0024
vn -0.0044 -0.0024 1.0000
vn -0.9999 -0.0128 -0.0044
vn 0.5893 -0.5591 -0.5831
vn 0.5725 0.5953 -0.5638
vn 0.5821 -0.5785 0.5714
vn 0.5652 0.5759 0.5907
vn -0.5652 -0.5759 -0.5907
vn -0.5821 0.5785 -0.5714
vn -0.5725 -0.5953 0.5638
vn -0.5893 0.5592 0.5831
vn 0.7173 -0.6967 -0.0072
vn 0.7115 0.0221 -0.7024
vn 0.6967 0.7172 0.0164
vn 0.7026 -0.0016 0.7116
vn 0.0059 -0.7188 0.6952
vn -0.0148 0.6951 0.7188
vn -0.7115 -0.0221 0.7024
vn -0.6967 -0.7172 -0.0164
vn -0.7173 0.6967 0.0072
vn -0.7026 0.0016 -0.7116
vn 0.0148 -0.6951 -0.7188
vn -0.0059 0.7188 -0.6952
vn 0.0146 -0.9998 -0.0167
vn 0.9999 0.0145 0.0065
vn 0.0063 0.0168 -0.9998
vn -0.0146 0.9998 0.0167
vn -0.0063 -0.0168 0.9998
vn -0.9999 -0.0145 -0.0065
vn 0.5739 -0.5703 -0.5878
vn 0.5612 0.5844 -0.5862
vn 0.5933 -0.5716 0.5668
vn 0.5806 0.5830 0.5684
vn -0.5806 -0.5830 -0.5684
vn -0.5933 0.5716 -0.5668
vn -0.5612 -0.5844 0.5862
vn -0.5739 0.5703 0.5878
vn 0.7147 -0.6993 -0.0129
vn 0.6951 0.0086 -0.7189
vn 0.6992 0.7149 -0.0109
vn 0.7189 0.0069 0.6951
vn 0.0197 -0.7079 0.7060
vn 0.0041 0.7062 0.7080
vn -0.6951 -0.0086 0.7189
vn -0.6992 -0.7148 0.0109
vn -0.7147 0.6993 0.0129
vn -0.7189 -0.0069 -0.6951
vn -0.0041 -0.7062 -0.7080
vn -0.0197 0.7079 -0.7060
vn 0.0110 -0.9999 -0.0014
vn 0.9998 0.0110 -0.0168
vn -0.0168 0.0012 -0.9999
vn -0.0110 0.9999 0.0014
vn 0.0168 -0.0012 0.9999
vn -0.9998 -0.0110 0.0168
vn 0.5870 -0.5670 -0.5779
vn 0.5704 0.5876 -0.5739
vn 0.5841 -0.5711 0.5768
vn 0.5676 0.5835 0.5808
vn -0.5676 -0.5835 -0.5808
vn -0.5841 0.5711 -0.5768
vn -0.5704 -0.5876 0.5739
vn -0.5870 0.5670 0.5779
vn 0.7171 -0.6969 -0.0007
vn 0.7088 0.0126 -0.7053
vn 0.6969 0.7171 0.0042
vn 0.7053 0.0076 0.7089
vn 0.0084 -0.7095 0.7046
vn -0.0119 0.7045 0.7096
vn -0.7088 -0.0126 0.7053
vn -0.6969 -0.7172 -0.0042
vn -0.7172 0.6969 0.0007
vn -0.7053 -0.0076 -0.7089
vn 0.0119 -0.7045 -0.7096
vn -0.0084 0.7095 -0.7046
vn 0.0143 -0.9999 -0.0035
vn 0.9999 0.0143 0.0025
vn 0.0025 0.0035 -1.0000
vn -0.0143 0.9999 0.0035
vn -0.0025 -0.0035 1.0000
vn -0.9999 -0.0143 -0.0025
vn 1.0000 -0.0000 -0.0068
vn -1.0000 -0.0000 0.0068
vn -0.0000 1.0000 -0.0000
vn 0.0006 -0.0000 -1.0000
vn -0.0006 -0.0000 1.0000
vn -0.0008 -0.0000 -1.0000
vn 0.0008 -0.0000 1.0000
vn -1.0000 -0.0000 0.0005
vn 1.0000 -0.0000 -0.0005
vn -0.0079 -0.0000 1.0000
vn 0.0079 -0.0000 -1.0000
vn 0.0069 -0.0000 1.0000
vn -0.0069 -0.0000 -1.0000
vn -0.0010 -0.0000 -1.0000
vn 0.0010 -0.0000 1.0000
vn -0.0060 -0.0000 1.0000
vn 0.0060 -0.0000 -1.0000
vn 0.9981 -0.0000 -0.0609
vn -0.9981 -0.0000 0.0609
vn 0.9409 -0.0000 -0.3386
vn -0.9409 -0.0000 0.3386
vn -0.0242 -0.0000 -0.9997
vn 0.0242 -0.0000 0.9997
vn -0.0510 -0.0000 0.9987
vn 0.0510 -0.0000 -0.9987
vn -0.0068 -0.0000 1.0000
vn 0.0068 -0.0000 -1.0000
vn 0.9571 -0.0000 -0.2897
vn -0.9571 -0.0000 0.2897
vn -0.0068 -0.0000 -1.0000
vn 0.0068 -0.0000 1.0000
vn -0.0258 -0.0000 -0.9997
vn 0.0258 -0.0000 0.9997
vn -0.0239 -0.0000 0.9997
vn 0.0239 -0.0000 -0.9997
vn -0.0067 -0.0000 1.0000
vn 0.0067 -0.0000 -1.0000
vn 0.9719 -0.0000 -0.2355
vn -0.9719 -0.0000 0.2355
vn -0.0273 -0.0000 -0.9996
vn 0.0273 -0.0000 0.9996
vn 0.0006 -0.0000 1.0000
vn -0.0006 -0.0000 -1.0000
vn -0.9746 -0.0000 -0.2238
vn 0.9746 -0.0000 0.2238
vn -0.9985 -0.0000 -0.0547
vn 0.9985 -0.0000 0.0547
vn 0.0139 -0.0000 0.9999
vn -0.0139 -0.0000 -0.9999
vn 0.0549 -0.0000 0.9985
vn -0.0549 -0.0000 -0.9985
vn -0.9869 -0.0000 -0.1615
vn 0.9869 -0.0000 0.1615
vn 0.0081 -0.0000 1.0000
vn -0.0081 -0.0000 -1.0000
vn 0.0321 -0.0000 0.9995
vn -0.0321 -0.0000 -0.9995
vn -0.9957 -0.0000 -0.0932
vn 0.9957 -0.0000 0.0932
vn -0.1834 -0.0000 0.9830
vn 0.1834 -0.0000 -0.9830
vn 0.0335 -0.0000 0.9994
vn -0.0335 -0.0000 -0.9994
vn 0.5775 -0.5598 -0.5942
vn 0.5622 0.5947 -0.5748
vn 0.5923 -0.5791 0.5602
vn 0.5770 0.5754 0.5797
vn -0.5770 -0.5754 -0.5797
vn -0.5924 0.5790 -0.5602
vn -0.5621 -0.5947 0.5748
vn -0.5775 0.5598 0.5942
vn 0.7164 -0.6974 -0.0208
vn 0.6979 0.0214 -0.7159
vn 0.6976 0.7165 0.0030
vn 0.7161 -0.0022 0.6980
vn 0.0185 -0.7188 0.6950
vn -0.0003 0.6951 0.7189
vn -0.6979 -0.0214 0.7159
vn -0.6976 -0.7165 -0.0030
vn -0.7164 0.6974 0.0208
vn -0.7161 0.0022 -0.6980
vn 0.0003 -0.6951 -0.7189
vn -0.0185 0.7188 -0.6950
vn 0.0133 -0.9998 -0.0169
vn 0.9998 0.0135 -0.0126
vn -0.0128 0.0167 -0.9998
vn -0.0133 0.9998 0.0169
vn 0.0128 -0.0167 0.9998
vn -0.9998 -0.0135 0.0126
vn 0.5697 -0.5803 -0.5820
vn 0.5868 0.5742 -0.5709
vn 0.5678 -0.5914 0.5726
vn 0.5849 0.5632 0.5838
vn -0.5849 -0.5632 -0.5838
vn -0.5678 0.5914 -0.5726
vn -0.5868 -0.5742 0.5709
vn -0.5697 0.5803 0.5820
vn 0.6966 -0.7175 -0.0057
vn 0.7082 -0.0037 -0.7060
vn 0.7175 0.6965 0.0079
vn 0.7058 -0.0173 0.7082
vn -0.0117 -0.7138 0.7003
vn 0.0093 0.7002 0.7139
vn -0.7082 0.0037 0.7060
vn -0.7175 -0.6965 -0.0079
vn -0.6965 0.7175 0.0057
vn -0.7059 0.0173 -0.7081
vn -0.0093 -0.7002 -0.7139
vn 0.0117 0.7138 -0.7003
vn -0.0148 -0.9998 -0.0096
vn 0.9999 -0.0148 0.0015
vn 0.0017 0.0096 -1.0000
vn 0.0148 0.9998 0.0096
vn -0.0017 -0.0096 1.0000
vn -0.9999 0.0148 -0.0015
vn 0.5781 -0.5692 -0.5846
vn 0.5740 0.5854 -0.5726
vn 0.5807 -0.5813 0.5700
vn 0.5766 0.5733 0.5821
vn -0.5766 -0.5733 -0.5820
vn -0.5807 0.5813 -0.5700
vn -0.5740 -0.5854 0.5726
vn -0.5781 0.5692 0.5846
vn 0.7096 -0.7045 -0.0090
vn 0.7055 0.0099 -0.7087
vn 0.7046 0.7096 0.0058
vn 0.7087 -0.0049 0.7055
vn 0.0041 -0.7144 0.6997
vn -0.0009 0.6997 0.7145
vn -0.7055 -0.0099 0.7087
vn -0.7046 -0.7096 -0.0058
vn -0.7096 0.7045 0.0090
vn -0.7087 0.0049 -0.7055
vn 0.0009 -0.6997 -0.7145
vn -0.0041 0.7144 -0.6997
vn 0.0035 -0.9999 -0.0104
vn 1.0000 0.0036 -0.0022
vn -0.0023 0.0104 -0.9999
vn -0.0035 0.9999 0.0104
vn 0.0023 -0.0104 0.9999
vn -1.0000 -0.0036 0.0022
vn 0.5634 -0.5752 -0.5930
vn 0.5787 0.5792 -0.5740
vn 0.5758 -0.5943 0.5614
vn 0.5911 0.5601 0.5804
vn -0.5911 -0.5601 -0.5804
vn -0.5758 0.5943 -0.5614
vn -0.5787 -0.5793 0.5740
vn -0.5634 0.5752 0.5930
vn 0.6976 -0.7162 -0.0193
vn 0.6994 0.0025 -0.7147
vn 0.7164 0.6977 0.0039
vn 0.7146 -0.0210 0.6992
vn -0.0018 -0.7187 0.6953
vn 0.0169 0.6952 0.7186
vn -0.6994 -0.0025 0.7147
vn -0.7164 -0.6977 -0.0039
vn -0.6976 0.7162 0.0193
vn -0.7146 0.0210 -0.6993
vn -0.0169 -0.6952 -0.7186
vn 0.0018 0.7187 -0.6953
vn -0.0133 -0.9998 -0.0164
vn 0.9999 -0.0131 -0.0109
vn -0.0107 0.0166 -0.9998
vn 0.0133 0.9998 0.0164
vn 0.0107 -0.0166 0.9998
vn -0.9999 0.0131 0.0109
vn 0.5779 -0.5820 -0.5721
vn 0.5928 0.5726 -0.5664
vn 0.5617 -0.5875 0.5825
vn 0.5766 0.5671 0.5882
vn -0.5766 -0.5671 -0.5882
vn -0.5617 0.5875 -0.5825
vn -0.5928 -0.5726 0.5664
vn -0.5779 0.5820 0.5721
vn 0.6979 -0.7162 0.0064
vn 0.7169 -0.0058 -0.6972
vn 0.7161 0.6979 0.0134
vn 0.6971 -0.0125 0.7169
vn -0.0190 -0.7104 0.7035
vn -0.0008 0.7037 0.7105
vn -0.7169 0.0058 0.6972
vn -0.7161 -0.6979 -0.0134
vn -0.6979 0.7162 -0.0064
vn -0.6971 0.0125 -0.7169
vn 0.0008 -0.7037 -0.7105
vn 0.0190 0.7104 -0.7035
vn -0.0129 -0.9999 -0.0049
vn 0.9998 -0.0129 0.0140
vn 0.0140 0.0047 -0.9999
vn 0.0129 0.9999 0.0049
vn -0.0140 -0.0047 0.9999
vn -0.9998 0.0129 -0.0140
vn -0.1388 -0.8106 -0.5689
vn 0.7999 -0.1384 -0.5839
vn -0.1276 -0.8004 0.5857
vn 0.8111 -0.1281 0.5707
vn -0.8111 0.1281 -0.5707
vn 0.1276 0.8004 -0.5857
vn -0.7999 0.1384 0.5839
vn 0.1388 0.8106 0.5689
vn -0.1631 -0.9866 0.0103
vn 0.4049 -0.5812 -0.7059
vn 0.9866 -0.1632 -0.0081
vn 0.4186 -0.5686 0.7082
vn -0.5680 -0.4054 0.7163
vn 0.5817 0.4180 0.6978
vn -0.4049 0.5812 0.7059
vn -0.9866 0.1632 0.0081
vn 0.1631 0.9866 -0.0103
vn -0.4186 0.5686 -0.7082
vn -0.5817 -0.4180 -0.6978
vn 0.5680 0.4054 -0.7163
vn -0.8129 -0.5822 0.0131
vn 0.5823 -0.8130 0.0016
vn -0.0097 -0.0089 -0.9999
vn 0.8129 0.5822 -0.0131
vn 0.0097 0.0089 0.9999
vn -0.5823 0.8130 -0.0016
vn 0.8129 0.1226 -0.5693
vn -0.1210 0.8014 -0.5857
vn 0.7999 0.1327 0.5853
vn -0.1341 0.8114 0.5689
vn 0.1341 -0.8114 -0.5689
vn -0.7999 -0.1327 -0.5853
vn 0.1210 -0.8014 0.5857
vn -0.8129 -0.1226 0.5693
vn 0.9877 0.1563 0.0098
vn 0.4237 0.5659 -0.7073
vn -0.1562 0.9877 -0.0103
vn 0.4077 0.5781 0.7068
vn 0.5640 -0.4095 0.7171
vn -0.5799 0.4218 0.6970
vn -0.4237 -0.5659 0.7073
vn 0.1562 -0.9877 0.0103
vn -0.9877 -0.1563 -0.0098
vn -0.4077 -0.5781 -0.7068
vn 0.5799 -0.4218 -0.6970
vn -0.5640 0.4095 -0.7171
vn 0.8089 -0.5878 0.0142
vn 0.5879 0.8089 -0.0004
vn 0.0113 -0.0087 -0.9999
vn -0.8089 0.5878 -0.0142
vn -0.0113 0.0087 0.9999
vn -0.5879 -0.8089 0.0004
vn 0.5886 -0.5763 -0.5669
vn 0.5791 0.5783 -0.5746
vn 0.5755 -0.5687 0.5877
vn 0.5660 0.5859 0.5800
vn -0.5660 -0.5859 -0.5800
vn -0.5755 0.5687 -0.5877
vn -0.5791 -0.5783 0.5746
vn -0.5886 0.5763 0.5669
vn 0.7129 -0.7012 0.0127
vn 0.7151 0.0012 -0.6991
vn 0.7012 0.7130 0.0032
vn 0.6990 0.0106 0.7150
vn -0.0022 -0.7024 0.7118
vn -0.0139 0.7117 0.7023
vn -0.7151 -0.0012 0.6990
vn -0.7012 -0.7129 -0.0033
vn -0.7129 0.7012 -0.0127
vn -0.6990 -0.0106 -0.7150
vn 0.0139 -0.7117 -0.7023
vn 0.0022 0.7024 -0.7118
vn 0.0082 -0.9999 0.0067
vn 0.9999 0.0083 0.0113
vn 0.0114 -0.0066 -0.9999
vn -0.0083 0.9999 -0.0067
vn -0.0114 0.0066 0.9999
vn -0.9999 -0.0083 -0.0113
vn 0.5856 -0.5657 -0.5805
vn 0.5748 0.5889 -0.5682
vn 0.5798 -0.5781 0.5741
vn 0.5690 0.5765 0.5865
vn -0.5690 -0.5765 -0.5865
vn -0.5799 0.5781 -0.5741
vn -0.5748 -0.5889 0.5682
vn -0.5856 0.5657 0.5806
vn 0.7137 -0.7004 -0.0040
vn 0.7106 0.0142 -0.7034
vn 0.7004 0.7136 0.0112
vn 0.7035 -0.0010 0.7107
vn 0.0031 -0.7147 0.6995
vn -0.0102 0.6994 0.7146
vn -0.7106 -0.0142 0.7034
vn -0.7004 -0.7136 -0.0112
vn -0.7137 0.7004 0.0040
vn -0.7035 0.0010 -0.7107
vn 0.0102 -0.6994 -0.7146
vn -0.0031 0.7147 -0.6995
vn 0.0094 -0.9999 -0.0107
vn 0.9999 0.0093 0.0051
vn 0.0050 0.0108 -0.9999
vn -0.0094 0.9999 0.0107
vn -0.0050 -0.0108 0.9999
vn -0.9999 -0.0093 -0.0051
vn 0.5623 -0.5940 -0.5753
vn 0.5807 0.5604 -0.5905
vn 0.5738 -0.5791 0.5792
vn 0.5923 0.5754 0.5641
vn -0.5922 -0.5754 -0.5641
vn -0.5738 0.5791 -0.5792
vn -0.5807 -0.5604 0.5905
vn -0.5623 0.5940 0.5753
vn 0.6957 -0.7184 0.0024
vn 0.6999 -0.0206 -0.7139
vn 0.7183 0.6955 -0.0162
vn 0.7140 -0.0022 0.7001
vn -0.0043 -0.6978 0.7163
vn 0.0184 0.7161 0.6977
vn -0.6999 0.0206 0.7139
vn -0.7183 -0.6955 0.0162
vn -0.6957 0.7184 -0.0024
vn -0.7140 0.0022 -0.7001
vn -0.0184 -0.7161 -0.6977
vn 0.0043 0.6978 -0.7163
vn -0.0160 -0.9998 0.0131
vn 0.9998 -0.0161 -0.0098
vn -0.0100 -0.0130 -0.9999
vn 0.0160 0.9998 -0.0131
vn 0.0100 0.0130 0.9999
vn -0.9998 0.0161 0.0098
vn 0.5866 -0.5655 -0.5798
vn 0.5773 0.5891 -0.5654
vn 0.5773 -0.5799 0.5748
vn 0.5681 0.5746 0.5891
vn -0.5681 -0.5746 -0.5891
vn -0.5773 0.5799 -0.5748
vn -0.5773 -0.5891 0.5654
vn -0.5866 0.5655 0.5798
vn 0.7127 -0.7014 -0.0031
vn 0.7127 0.0144 -0.7013
vn 0.7014 0.7126 0.0145
vn 0.7014 -0.0033 0.7128
vn -0.0000 -0.7159 0.6982
vn -0.0113 0.6982 0.7158
vn -0.7127 -0.0144 0.7013
vn -0.7014 -0.7126 -0.0145
vn -0.7127 0.7014 0.0031
vn -0.7014 0.0033 -0.7128
vn 0.0113 -0.6982 -0.7158
vn -0.0000 0.7159 -0.6982
vn 0.0080 -0.9999 -0.0124
vn 0.9999 0.0079 0.0081
vn 0.0080 0.0125 -0.9999
vn -0.0080 0.9999 0.0124
vn -0.0080 -0.0125 0.9999
vn -0.9999 -0.0079 -0.0081
vn 0.5655 0.5896 -0.5767
vn 0.5846 0.5697 0.5777
vn 0.5699 -0.5649 -0.5967
vn 0.5890 -0.5848 0.5577
vn -0.5890 0.5848 -0.5577
vn -0.5699 0.5649 0.5967
vn -0.5846 -0.5697 -0.5777
vn -0.5655 -0.5896 0.5767
vn 0.6953 0.0151 -0.7186
vn 0.7043 0.7099 0.0006
vn 0.7187 -0.0093 0.6952
vn 0.7097 -0.7041 -0.0239
vn -0.0090 -0.6948 -0.7191
vn 0.0144 -0.7192 0.6947
vn -0.7043 -0.7099 -0.0006
vn -0.7187 0.0093 -0.6952
vn -0.6953 -0.0151 0.7186
vn -0.7097 0.7041 0.0239
vn -0.0144 0.7192 -0.6947
vn 0.0090 0.6948 0.7191
vn -0.0166 0.0172 -0.9997
vn 0.9999 0.0041 -0.0165
vn -0.0038 0.9998 0.0173
vn 0.0166 -0.0172 0.9997
vn 0.0038 -0.9998 -0.0173
vn -0.9999 -0.0041 0.0165
vn 0.5735 -0.5841 -0.5744
vn -0.5811 -0.5782 -0.5727
vn 0.5794 0.5706 -0.5820
vn -0.5753 0.5764 -0.5803
vn 0.5753 -0.5764 0.5803
vn -0.5794 -0.5706 0.5820
vn 0.5812 0.5782 0.5726
vn -0.5735 0.5841 0.5744
vn 0.7060 -0.0083 -0.7081
vn -0.0047 -0.7118 -0.7024
vn -0.7082 -0.0011 -0.7060
vn 0.0025 0.7024 -0.7118
vn 0.7107 0.7035 -0.0057
vn -0.7035 0.7107 -0.0036
vn 0.0047 0.7118 0.7024
vn 0.7082 0.0011 0.7060
vn -0.7060 0.0083 0.7081
vn -0.0025 -0.7024 0.7118
vn 0.7035 -0.7107 0.0036
vn -0.7107 -0.7035 0.0057
vn 1.0000 -0.0051 -0.0015
vn -0.0015 -0.0066 -1.0000
vn -0.0051 -1.0000 0.0066
vn -1.0000 0.0051 0.0015
vn 0.0051 1.0000 -0.0066
vn 0.0015 0.0066 1.0000
vn -0.5757 0.5750 -0.5813
vn 0.5789 0.5634 -0.5894
vn -0.5871 -0.5795 -0.5652
vn 0.5675 -0.5911 -0.5732
vn -0.5675 0.5911 0.5732
vn 0.5871 0.5795 0.5652
vn -0.5789 -0.5634 0.5894
vn 0.5757 -0.5750 0.5813
vn -0.7121 -0.0028 -0.7021
vn 0.0020 0.6972 -0.7169
vn 0.7020 -0.0169 -0.7120
vn -0.0121 -0.7168 -0.6971
vn -0.7141 -0.6999 0.0149
vn 0.7000 -0.7141 0.0049
vn -0.0020 -0.6972 0.7169
vn -0.7020 0.0169 0.7120
vn 0.7121 0.0028 0.7021
vn 0.0121 0.7168 0.6971
vn -0.7000 0.7141 -0.0049
vn 0.7141 0.6999 -0.0148
vn -0.9999 0.0100 0.0070
vn -0.0071 -0.0139 -0.9999
vn 0.0099 0.9999 -0.0140
vn 0.9999 -0.0100 -0.0070
vn -0.0099 -0.9999 0.0140
vn 0.0071 0.0139 0.9999
vn 0.5811 -0.5654 0.5853
vn 0.5814 -0.5812 -0.5693
vn 0.5733 0.5891 0.5695
vn 0.5735 0.5733 -0.5851
vn -0.5735 -0.5733 0.5851
vn -0.5733 -0.5891 -0.5695
vn -0.5814 0.5812 0.5693
vn -0.5811 0.5654 -0.5853
vn 0.7069 0.0145 0.7071
vn 0.7119 -0.7022 0.0098
vn 0.7073 -0.0048 -0.7069
vn 0.7023 0.7119 -0.0096
vn -0.0050 0.7167 0.6974
vn -0.0047 0.6974 -0.7167
vn -0.7119 0.7022 -0.0098
vn -0.7072 0.0048 0.7070
vn -0.7069 -0.0145 -0.7071
vn -0.7023 -0.7119 0.0096
vn 0.0047 -0.6973 0.7167
vn 0.0050 -0.7167 -0.6974
vn -0.0002 0.0137 0.9999
vn 1.0000 0.0068 0.0001
vn 0.0068 -0.9999 0.0137
vn 0.0002 -0.0137 -0.9999
vn -0.0068 0.9999 -0.0137
vn -1.0000 -0.0068 -0.0001
vn -0.7832 0.5653 0.2591
vn 0.3058 0.9475 -0.0931
vn 0.9508 0.0039 -0.3097
vn 0.3090 -0.9450 -0.1072
vn -0.7813 -0.5716 0.2506
vn -0.4840 0.5627 0.6702
vn 0.1883 0.9485 -0.2546
vn 0.5871 0.0070 -0.8095
vn 0.1914 -0.9440 -0.2688
vn -0.4821 -0.5742 0.6617
vn -0.0003 0.5623 0.8269
vn -0.0018 0.9487 -0.3162
vn -0.0008 0.0075 -1.0000
vn 0.0013 -0.9439 -0.3303
vn 0.0016 -0.5746 0.8184
vn 0.4832 0.5643 0.6694
vn -0.1918 0.9479 -0.2543
vn -0.5884 0.0051 -0.8085
vn -0.1887 -0.9446 -0.2685
vn 0.4850 -0.5726 0.6609
vn 0.7817 0.5679 0.2579
vn -0.3091 0.9465 -0.0926
vn -0.9513 0.0007 -0.3083
vn -0.3060 -0.9460 -0.1067
vn 0.7836 -0.5691 0.2494
vn 0.7813 0.5716 -0.2506
vn -0.3090 0.9450 0.1072
vn -0.9508 -0.0039 0.3097
vn -0.3058 -0.9475 0.0931
vn 0.7832 -0.5653 -0.2591
vn 0.4821 0.5742 -0.6617
vn -0.1914 0.9440 0.2688
vn -0.5871 -0.0070 0.8095
vn -0.1883 -0.9485 0.2546
vn 0.4840 -0.5627 -0.6702
vn -0.0016 0.5746 -0.8184
vn -0.0013 0.9439 0.3303
vn 0.0008 -0.0075 1.0000
vn 0.0018 -0.9487 0.3162
vn 0.0003 -0.5623 -0.8269
vn -0.4850 0.5726 -0.6609
vn 0.1887 0.9446 0.2685
vn 0.5884 -0.0051 0.8085
vn 0.1918 -0.9479 0.2543
vn -0.4832 -0.5643 -0.6694
vn -0.7836 0.5691 -0.2494
vn 0.3060 0.9460 0.1067
vn 0.9513 -0.0007 0.3083
vn 0.3091 -0.9465 0.0926
vn -0.7817 -0.5679 -0.2579
vn 0.6669 0.4784 -0.5712
vn -0.4731 0.6615 -0.5819
vn 0.6562 0.4786 0.5834
vn -0.4838 0.6617 0.5728
vn 0.4838 -0.6617 -0.5728
vn -0.6562 -0.4786 -0.5834
vn 0.4731 -0.6615 0.5819
vn -0.6669 -0.4784 0.5713
vn 0.8103 0.5860 0.0074
vn 0.1187 0.6981 -0.7061
vn -0.5860 0.8103 -0.0055
vn 0.1056 0.6983 0.7080
vn 0.6916 -0.1120 0.7136
vn -0.7047 0.1122 0.7006
vn -0.1187 -0.6981 0.7061
vn 0.5860 -0.8103 0.0055
vn -0.8103 -0.5860 -0.0074
vn -0.1056 -0.6983 -0.7080
vn 0.7047 -0.1122 -0.7006
vn -0.6916 0.1120 -0.7136
vn 0.9873 -0.1586 0.0092
vn 0.1586 0.9873 0.0013
vn 0.0093 -0.0001 -1.0000
vn -0.9873 0.1586 -0.0092
vn -0.0093 0.0001 1.0000
vn -0.1586 -0.9873 -0.0013
vn 0.7977 0.2151 -0.5634
vn -0.2065 0.7848 -0.5843
vn 0.7761 0.2195 0.5911
vn -0.2280 0.7892 0.5702
vn 0.2280 -0.7892 -0.5702
vn -0.7761 -0.2195 -0.5911
vn 0.2065 -0.7848 0.5843
vn -0.7977 -0.2151 0.5634
vn 0.9638 0.2662 0.0170
vn 0.3621 0.6124 -0.7028
vn -0.2661 0.9639 -0.0086
vn 0.3356 0.6177 0.7112
vn 0.6017 -0.3462 0.7198
vn -0.6281 0.3515 0.6942
vn -0.3620 -0.6124 0.7028
vn 0.2661 -0.9639 0.0086
vn -0.9638 -0.2662 -0.0170
vn -0.3356 -0.6177 -0.7112
vn 0.6281 -0.3516 -0.6942
vn -0.6017 0.3462 -0.7198
vn 0.8696 -0.4934 0.0181
vn 0.4933 0.8698 0.0059
vn 0.0187 -0.0038 -0.9998
vn -0.8696 0.4934 -0.0181
vn -0.0187 0.0038 0.9998
vn -0.4933 -0.8698 -0.0059
vn -0.0645 -0.0000 -0.9979
vn 0.0645 -0.0000 0.9979
vn 0.0694 -0.0000 0.9976
vn -0.0694 -0.0000 -0.9976
vn -0.0656 -0.0000 -0.9978
vn 0.0656 -0.0000 0.9978
vn 0.0704 -0.0000 0.9975
vn -0.0704 -0.0000 -0.9975
vn 0.5774 -0.5773 -0.5773
vn 0.5774 0.5773 -0.5774
vn 0.5774 -0.5773 0.5773
vn 0.5774 0.5773 0.5774
vn -0.5774 -0.5773 -0.5773
vn -0.5774 0.5774 -0.5773
vn -0.5774 -0.5773 0.5773
vn -0.5774 0.5774 0.5773
vn 0.7071 -0.7071 -0.0000
vn 0.7071 -0.0000 -0.7071
vn 0.7071 0.7071 -0.0000
vn 0.7071 -0.0000 0.7071
vn -0.0000 -0.7071 0.7071
vn -0.0000 0.7071 0.7071
vn -0.7071 -0.0000 0.7071
vn -0.7071 -0.7071 -0.0000
vn -0.7071 0.7071 -0.0000
vn -0.7071 -0.0000 -0.7071
vn -0.0000 -0.7071 -0.7071
vn -0.0000 0.7071 -0.7071
vn 1.0000 -0.0000 -0.0000
vn -0.0000 -0.0000 -1.0000
vn -0.0000 -0.0000 1.0000
vn -1.0000 -0.0000 -0.0000
vn 0.5774 -0.5773 -0.5774
vn 0.5774 0.5773 -0.5773
vn 0.5774 -0.5773 0.5774
vn 0.5774 0.5773 0.5773
vn -0.5774 -0.5774 -0.5773
vn -0.5774 0.5773 -0.5773
vn -0.5774 -0.5774 0.5773
vn -0.5774 0.5773 0.5773
vn -0.2817 0.9595 -0.0000
vn -0.7557 0.6549 -0.0000
vn -0.9898 0.1423 -0.0000
vn -0.9096 -0.4154 -0.0000
vn -0.5406 -0.8413 -0.0000
vn 0.5406 -0.8413 -0.0000
vn 0.9096 -0.4154 -0.0000
vn 0.9898 0.1423 -0.0000
vn 0.7558 0.6549 -0.0000
vn 0.2817 0.9595 -0.0000
vn -0.5878 0.8090 -0.0000
vn -0.9511 -0.3090 -0.0000
vn 0.9511 -0.3090 -0.0000
vn 0.5878 0.8090 -0.0000
vn 0.5773 -0.5773 0.5774
vn 0.5773 0.5774 -0.5774
vn 0.5773 -0.5773 -0.5774
vn -0.5773 -0.5773 0.5774
vn -0.5773 0.5774 -0.5774
vn -0.5773 -0.5773 -0.5774
vn 0.2123 0.7884 0.5773
vn 0.7884 -0.2123 0.5773
vn 0.2123 0.7884 -0.5773
vn 0.7884 -0.2123 -0.5773
vn -0.7884 0.2123 0.5774
vn -0.2123 -0.7884 0.5774
vn -0.7884 0.2123 -0.5774
vn -0.2123 -0.7884 -0.5774
vn 0.2600 0.9656 -0.0000
vn 0.6128 0.3528 0.7071
vn 0.9656 -0.2600 -0.0000
vn 0.6128 0.3528 -0.7071
vn -0.3528 0.6128 -0.7071
vn 0.3528 -0.6128 -0.7071
vn -0.6128 -0.3528 -0.7071
vn -0.9656 0.2600 -0.0000
vn -0.2600 -0.9656 -0.0000
vn -0.6128 -0.3528 0.7071
vn -0.3528 0.6128 0.7071
vn 0.3528 -0.6128 0.7071
vn -0.4990 0.8666 -0.0000
vn 0.8666 0.4990 -0.0000
vn 0.4989 -0.8666 -0.0000
vn -0.8666 -0.4990 -0.0000
vn 0.7884 0.2123 0.5773
vn 0.2123 -0.7884 0.5774
vn 0.7884 0.2123 -0.5774
vn 0.2123 -0.7884 -0.5774
vn -0.2123 0.7884 0.5774
vn -0.7884 -0.2123 0.5773
vn -0.2123 0.7884 -0.5774
vn -0.7884 -0.2123 -0.5773
vn 0.9656 0.2600 -0.0000
vn 0.6128 -0.3528 0.7071
vn 0.2599 -0.9656 -0.0000
vn 0.6128 -0.3528 -0.7071
vn 0.3528 0.6128 -0.7071
vn -0.3528 -0.6128 -0.7071
vn -0.6128 0.3528 -0.7071
vn -0.2600 0.9656 -0.0000
vn -0.9656 -0.2600 -0.0000
vn -0.6128 0.3528 0.7071
vn 0.3528 0.6128 0.7071
vn -0.3528 -0.6128 0.7071
vn 0.4990 0.8666 -0.0000
vn 0.8666 -0.4990 -0.0000
vn -0.4990 -0.8666 -0.0000
vn -0.8666 0.4990 -0.0000
vn -0.3368 -0.1735 0.9254
vn -0.8529 -0.1735 0.4924
vn -0.9699 -0.1735 -0.1710
vn -0.6330 -0.1735 -0.7544
vn -0.0000 -0.1735 -0.9848
vn 0.6330 -0.1735 -0.7544
vn 0.9699 -0.1735 -0.1710
vn 0.8529 -0.1735 0.4924
vn 0.3368 -0.1735 0.9254
vn 0.3368 0.1735 -0.9254
vn 0.8529 0.1735 -0.4924
vn 0.9699 0.1735 0.1710
vn 0.6330 0.1735 0.7544
vn -0.0000 0.1735 0.9848
vn -0.6330 0.1735 0.7544
vn -0.9699 0.1735 0.1710
vn -0.8529 0.1735 -0.4924
vn -0.3368 0.1735 -0.9254
vn 0.0669 -0.9807 -0.1839
vn -0.0669 0.9807 0.1839
vn 0.1695 -0.9807 -0.0978
vn -0.1695 0.9807 0.0978
vn 0.1927 -0.9807 0.0340
vn -0.1927 0.9807 -0.0340
vn 0.1258 -0.9807 0.1499
vn -0.1258 0.9807 -0.1499
vn -0.0000 -0.9807 0.1957
vn -0.0000 0.9807 -0.1957
vn -0.1258 -0.9807 0.1499
vn 0.1258 0.9807 -0.1499
vn -0.1927 -0.9807 0.0340
vn 0.1927 0.9807 -0.0340
vn -0.1695 -0.9807 -0.0978
vn 0.1695 0.9807 0.0978
vn -0.0669 -0.9807 -0.1839
vn 0.0669 0.9807 0.1839
vn -0.3420 -0.0000 0.9397
vn -0.8660 -0.0000 0.5000
vn -0.9848 -0.0000 -0.1736
vn -0.6428 -0.0000 -0.7660
vn 0.6428 -0.0000 -0.7660
vn 0.9848 -0.0000 -0.1736
vn 0.8660 -0.0000 0.5000
vn 0.3420 -0.0000 0.9397
vn 0.3420 -0.0000 -0.9397
vn 0.8660 -0.0000 -0.5000
vn 0.9848 -0.0000 0.1736
vn 0.6428 -0.0000 0.7660
vn -0.6428 -0.0000 0.7660
vn -0.9848 -0.0000 0.1736
vn -0.8660 -0.0000 -0.5000
vn -0.3420 -0.0000 -0.9397
vn -0.9942 0.0026 -0.1077
vn -0.6923 0.0014 -0.7216
vn -0.0665 -0.0005 -0.9978
vn 0.5904 -0.0022 -0.8071
vn 0.9711 -0.0028 -0.2388
vn 0.8974 -0.0021 0.4413
vn 0.4038 -0.0005 0.9149
vn 0.0027 1.0000 -0.0007
vn -0.2787 0.0014 0.9604
vn -0.8308 0.0027 0.5565
vn -0.0027 -1.0000 0.0007
vn 0.4034 -0.0037 0.9150
vn -0.1554 -0.0027 0.9879
vn -0.6648 -0.0008 0.7471
vn -0.9631 0.0013 0.2691
vn -0.9557 0.0030 -0.2943
vn -0.6448 0.0038 -0.7643
vn -0.1293 0.0034 -0.9916
vn 0.4274 0.0019 -0.9041
vn 0.8483 -0.0002 -0.5295
vn 0.0022 1.0000 0.0031
vn 0.9999 -0.0023 0.0132
vn 0.8341 -0.0036 0.5517
vn -0.0022 -1.0000 -0.0031
vn -0.6996 0.6973 0.1560
vn 0.6965 0.6988 -0.1630
vn 0.6995 -0.6974 -0.1560
vn -0.6965 -0.6988 0.1630
vn -0.5612 0.6991 0.4431
vn 0.5582 0.6970 -0.4501
vn 0.5612 -0.6991 -0.4431
vn -0.5582 -0.6970 0.4501
vn -0.3120 0.7006 0.6417
vn 0.3090 0.6955 -0.6487
vn 0.3120 -0.7006 -0.6417
vn -0.3090 -0.6955 0.6487
vn -0.0013 0.7016 0.7125
vn -0.0017 0.6945 -0.7195
vn 0.0013 -0.7016 -0.7125
vn 0.0017 -0.6945 0.7195
vn 0.3093 0.7020 0.6415
vn -0.3123 0.6942 -0.6485
vn -0.3093 -0.7020 -0.6415
vn 0.3124 -0.6942 0.6485
vn 0.5584 0.7015 0.4428
vn -0.5614 0.6946 -0.4498
vn -0.5584 -0.7015 -0.4428
vn 0.5614 -0.6946 0.4498
vn 0.6966 0.7004 0.1557
vn -0.6996 0.6957 -0.1627
vn -0.6966 -0.7004 -0.1557
vn 0.6996 -0.6957 0.1626
vn 0.6995 -0.6973 -0.1560
vn 0.3123 -0.6942 0.6485
vn -0.6996 0.6958 -0.1626
vn 0.7225 -0.3630 -0.5884
vn 0.3769 0.7384 -0.5592
vn 0.7248 -0.3928 0.5659
vn 0.3792 0.7085 0.5951
vn -0.3792 -0.7085 -0.5951
vn -0.7248 0.3928 -0.5659
vn -0.3769 -0.7384 0.5592
vn -0.7225 0.3630 0.5884
vn 0.8863 -0.4628 -0.0137
vn 0.6733 0.2299 -0.7027
vn 0.4631 0.8861 0.0220
vn 0.6761 0.1933 0.7110
vn 0.2130 -0.6927 0.6890
vn -0.2103 0.6562 0.7247
vn -0.6733 -0.2299 0.7027
vn -0.4631 -0.8861 -0.0220
vn -0.8863 0.4628 0.0137
vn -0.6761 -0.1933 -0.7110
vn 0.2103 -0.6562 -0.7247
vn -0.2130 0.6927 -0.6890
vn 0.2993 -0.9538 -0.0253
vn 0.9542 0.2993 0.0059
vn -0.0020 0.0259 -0.9997
vn -0.2993 0.9538 0.0253
vn 0.0020 -0.0259 0.9997
vn -0.9542 -0.2993 -0.0059
vn -0.0370 -0.8807 -0.4722
vn 0.8113 -0.1041 -0.5752
vn -0.0280 -0.7385 0.6737
vn 0.8203 0.0381 0.5706
vn -0.8203 -0.0381 -0.5706
vn 0.0280 0.7385 -0.6737
vn -0.8113 0.1041 0.5752
vn 0.0370 0.8807 0.4722
vn -0.0398 -0.9916 0.1234
vn 0.4742 -0.6031 -0.6414
vn 0.9992 -0.0405 -0.0028
vn 0.4852 -0.4289 0.7620
vn -0.5140 -0.3885 0.7648
vn 0.5250 0.5626 0.6386
vn -0.4742 0.6031 0.6414
vn -0.9992 0.0404 0.0028
vn 0.0398 0.9916 -0.1234
vn -0.4852 0.4289 -0.7620
vn -0.5250 -0.5626 -0.6386
vn 0.5140 0.3885 -0.7648
vn -0.7347 -0.6725 0.0892
vn 0.6784 -0.7297 0.0852
vn -0.0078 -0.1232 -0.9924
vn 0.7347 0.6725 -0.0892
vn 0.0078 0.1232 0.9924
vn -0.6784 0.7297 -0.0852
vn 0.6799 -0.3128 -0.6633
vn 0.4516 0.7911 -0.4127
vn 0.6804 -0.5683 0.4628
vn 0.4520 0.5355 0.7134
vn -0.4520 -0.5355 -0.7134
vn -0.6803 0.5683 -0.4628
vn -0.4516 -0.7911 0.4127
vn -0.6799 0.3128 0.6633
vn 0.8330 -0.5395 -0.1228
vn 0.6929 0.2929 -0.6589
vn 0.5533 0.8124 0.1841
vn 0.6934 -0.0201 0.7202
vn 0.1401 -0.8324 0.5361
vn -0.1395 0.5194 0.8430
vn -0.6929 -0.2929 0.6589
vn -0.5533 -0.8123 -0.1841
vn -0.8330 0.5395 0.1228
vn -0.6934 0.0201 -0.7202
vn 0.1395 -0.5194 -0.8430
vn -0.1401 0.8324 -0.5361
vn 0.1977 -0.9559 -0.2170
vn 0.9803 0.1929 0.0434
vn -0.0004 0.2213 -0.9752
vn -0.1977 0.9559 0.2170
vn 0.0004 -0.2213 0.9752
vn -0.9803 -0.1929 -0.0434
vn 0.1933 -0.9803 0.0414
vn 0.7996 -0.2062 -0.5640
vn 0.1830 -0.2640 0.9470
vn 0.7894 0.5101 0.3416
vn -0.7894 -0.5101 -0.3416
vn -0.1830 0.2640 -0.9470
vn -0.7996 0.2062 0.5640
vn -0.1933 0.9803 -0.0414
vn 0.2305 -0.7619 0.6053
vn 0.6080 -0.7266 -0.3200
vn 0.9730 0.1861 -0.1362
vn 0.5955 0.1507 0.7891
vn -0.3776 -0.0354 0.9253
vn 0.3650 0.9127 0.1838
vn -0.6080 0.7266 0.3200
vn -0.9730 -0.1861 0.1362
vn -0.2305 0.7619 -0.6053
vn -0.5955 -0.1507 -0.7891
vn -0.3651 -0.9127 -0.1838
vn 0.3775 0.0354 -0.9253
vn -0.5251 -0.6704 0.5243
vn 0.8510 -0.4072 0.3317
vn 0.0088 -0.6203 -0.7843
vn 0.5251 0.6704 -0.5243
vn -0.0089 0.6203 0.7843
vn -0.8510 0.4072 -0.3317
vn 0.5967 -0.3648 -0.7148
vn 0.5703 0.7356 -0.3656
vn 0.5840 -0.7143 0.3857
vn 0.5577 0.3861 0.7348
vn -0.5577 -0.3861 -0.7348
vn -0.5840 0.7143 -0.3857
vn -0.5703 -0.7356 0.3656
vn -0.5967 0.3648 0.7148
vn 0.7230 -0.6608 -0.2015
vn 0.7146 0.2271 -0.6616
vn 0.6907 0.6869 0.2261
vn 0.6991 -0.2010 0.6862
vn 0.0084 -0.8878 0.4601
vn -0.0239 0.4598 0.8877
vn -0.7146 -0.2271 0.6616
vn -0.6907 -0.6869 -0.2261
vn -0.7230 0.6608 0.2015
vn -0.6991 0.2010 -0.6862
vn 0.0239 -0.4598 -0.8877
vn -0.0084 0.8878 -0.4601
vn 0.0228 -0.9529 -0.3024
vn 0.9997 0.0185 0.0174
vn 0.0109 0.3027 -0.9530
vn -0.0228 0.9529 0.3024
vn -0.0110 -0.3027 0.9530
vn -0.9997 -0.0185 -0.0174
vn 0.5506 -0.8316 0.0728
vn 0.6071 -0.0682 -0.7917
vn 0.5462 0.0341 0.8369
vn 0.6027 0.7975 -0.0276
vn -0.6027 -0.7975 0.0276
vn -0.5462 -0.0341 -0.8369
vn -0.6071 0.0682 0.7917
vn -0.5506 0.8316 -0.0728
vn 0.6717 -0.4884 0.5571
vn 0.7089 -0.5510 -0.4402
vn 0.7408 0.4466 -0.5017
vn 0.7036 0.5092 0.4956
vn -0.0373 0.0626 0.9973
vn 0.0319 0.9976 -0.0615
vn -0.7089 0.5510 0.4402
vn -0.7408 -0.4466 0.5017
vn -0.6717 0.4884 -0.5571
vn -0.7036 -0.5092 -0.4956
vn -0.0319 -0.9976 0.0614
vn 0.0373 -0.0626 -0.9973
vn -0.0489 -0.6611 0.7487
vn 0.9988 -0.0296 0.0392
vn 0.0038 -0.7497 -0.6618
vn 0.0489 0.6611 -0.7487
vn -0.0038 0.7497 0.6618
vn -0.9988 0.0296 -0.0392
vn 0.4618 -0.5043 -0.7297
vn 0.6710 0.5945 -0.4430
vn 0.4645 -0.7963 0.3875
vn 0.6738 0.3025 0.6741
vn -0.6738 -0.3025 -0.6742
vn -0.4645 0.7963 -0.3875
vn -0.6710 -0.5945 0.4430
vn -0.4618 0.5043 0.7297
vn 0.5673 -0.7964 -0.2096
vn 0.6937 0.0553 -0.7181
vn 0.8235 0.5493 0.1415
vn 0.6971 -0.3024 0.6501
vn -0.1264 -0.8517 0.5086
vn 0.1298 0.4941 0.8597
vn -0.6937 -0.0553 0.7181
vn -0.8235 -0.5493 -0.1415
vn -0.5673 0.7964 0.2096
vn -0.6971 0.3023 -0.6501
vn -0.1298 -0.4941 -0.8597
vn 0.1265 0.8517 -0.5086
vn -0.1812 -0.9516 -0.2483
vn 0.9834 -0.1747 -0.0481
vn -0.0024 0.2529 -0.9675
vn 0.1812 0.9516 0.2483
vn 0.0024 -0.2529 0.9675
vn -0.9834 0.1747 0.0481
vn 0.7625 -0.5955 -0.2531
vn 0.2605 0.1771 -0.9491
vn 0.7792 0.1833 0.5993
vn 0.2773 0.9559 -0.0967
vn -0.2772 -0.9559 0.0967
vn -0.7792 -0.1833 -0.5993
vn -0.2605 -0.1771 0.9491
vn -0.7625 0.5955 0.2531
vn 0.9441 -0.2524 0.2121
vn 0.6265 -0.2562 -0.7362
vn 0.3293 0.6939 -0.6404
vn 0.6470 0.6976 0.3078
vn 0.3176 0.0038 0.9482
vn -0.2971 0.9500 0.0958
vn -0.6265 0.2562 0.7362
vn -0.3293 -0.6939 0.6404
vn -0.9441 0.2524 -0.2121
vn -0.6470 -0.6976 -0.3078
vn 0.2971 -0.9500 -0.0958
vn -0.3176 -0.0038 -0.9482
vn 0.4347 -0.6691 0.6028
vn 0.9005 0.3122 -0.3029
vn -0.0145 -0.6744 -0.7382
vn -0.4347 0.6691 -0.6028
vn 0.0145 0.6744 0.7382
vn -0.9005 -0.3122 0.3029
vn 0.3918 -0.6715 -0.6290
vn 0.7110 0.4356 -0.5520
vn 0.3986 -0.7536 0.5227
vn 0.7179 0.3535 0.5997
vn -0.7179 -0.3535 -0.5997
vn -0.3986 0.7535 -0.5227
vn -0.7110 -0.4356 0.5520
vn -0.3918 0.6715 0.6290
vn 0.4840 -0.8726 -0.0651
vn 0.6753 -0.1445 -0.7232
vn 0.8750 0.4832 0.0292
vn 0.6837 -0.2450 0.6874
vn -0.1913 -0.7282 0.6582
vn 0.1997 0.6276 0.7525
vn -0.6753 0.1445 0.7232
vn -0.8750 -0.4832 -0.0292
vn -0.4840 0.8726 0.0651
vn -0.6837 0.2450 -0.6874
vn -0.1997 -0.6276 -0.7525
vn 0.1913 0.7282 -0.6582
vn -0.2765 -0.9587 -0.0667
vn 0.9610 -0.2754 -0.0254
vn -0.0059 0.0711 -0.9975
vn 0.2765 0.9587 0.0667
vn 0.0059 -0.0711 0.9975
vn -0.9610 0.2754 0.0254
vn 0.8072 -0.1267 -0.5765
vn -0.0305 0.6459 -0.7628
vn 0.8250 0.1622 0.5413
vn -0.0126 0.9348 0.3550
vn 0.0126 -0.9348 -0.3550
vn -0.8250 -0.1622 -0.5413
vn 0.0305 -0.6459 0.7628
vn -0.8072 0.1267 0.5765
vn 0.9995 0.0217 -0.0216
vn 0.4756 0.3180 -0.8202
vn -0.0264 0.9680 -0.2497
vn 0.4975 0.6717 0.5489
vn 0.5239 -0.2962 0.7986
vn -0.5021 0.6500 0.5705
vn -0.4756 -0.3180 0.8202
vn 0.0264 -0.9680 0.2497
vn -0.9995 -0.0217 0.0216
vn -0.4975 -0.6717 -0.5489
vn 0.5021 -0.6500 -0.5705
vn -0.5239 0.2962 -0.7986
vn 0.7255 -0.6691 0.1613
vn 0.6881 0.6998 -0.1918
vn -0.0154 -0.2502 -0.9681
vn -0.7255 0.6691 -0.1613
vn 0.0154 0.2502 0.9681
vn -0.6881 -0.6998 0.1918
vn 0.4115 -0.7770 -0.4764
vn 0.7118 0.3286 -0.6208
vn 0.4032 -0.6252 0.6683
vn 0.7034 0.4804 0.5238
vn -0.7034 -0.4804 -0.5238
vn -0.4032 0.6252 -0.6683
vn -0.7117 -0.3286 0.6208
vn -0.4115 0.7770 0.4764
vn 0.4989 -0.8586 0.1175
vn 0.6879 -0.2746 -0.6719
vn 0.8666 0.4954 -0.0594
vn 0.6777 -0.0886 0.7300
vn -0.1890 -0.5841 0.7894
vn 0.1787 0.7700 0.6125
vn -0.6879 0.2746 0.6719
vn -0.8666 -0.4954 0.0594
vn -0.4989 0.8586 -0.1175
vn -0.6777 0.0886 -0.7300
vn -0.1787 -0.7700 -0.6125
vn 0.1890 0.5841 -0.7894
vn -0.2600 -0.9575 0.1251
vn 0.9656 -0.2568 0.0411
vn 0.0072 -0.1315 -0.9913
vn 0.2600 0.9575 -0.1251
vn -0.0072 0.1315 0.9913
vn -0.9656 0.2568 -0.0411
vn 0.8177 0.2191 -0.5324
vn 0.0374 0.9859 -0.1629
vn 0.8138 -0.2854 0.5063
vn 0.0335 0.4815 0.8758
vn -0.0335 -0.4815 -0.8758
vn -0.8138 0.2854 -0.5063
vn -0.0374 -0.9859 0.1629
vn -0.8176 -0.2191 0.5324
vn 0.9990 -0.0406 -0.0160
vn 0.5236 0.7379 -0.4257
vn 0.0435 0.8986 0.4366
vn 0.5189 0.1201 0.8464
vn 0.4754 -0.7785 0.4098
vn -0.4802 0.1607 0.8623
vn -0.5236 -0.7379 0.4257
vn -0.0435 -0.8986 -0.4366
vn -0.9990 0.0406 0.0160
vn -0.5189 -0.1201 -0.8464
vn 0.4802 -0.1607 -0.8623
vn -0.4754 0.7785 -0.4098
vn 0.6757 -0.6641 -0.3200
vn 0.7372 0.6067 0.2974
vn 0.0034 0.4369 -0.8995
vn -0.6757 0.6641 0.3200
vn -0.0034 -0.4369 0.8995
vn -0.7372 -0.6067 -0.2974
vn 0.4972 -0.7778 -0.3845
vn 0.6400 0.3248 -0.6964
vn 0.5058 -0.4646 0.7269
vn 0.6487 0.6380 0.4150
vn -0.6487 -0.6380 -0.4150
vn -0.5058 0.4646 -0.7269
vn -0.6400 -0.3248 0.6964
vn -0.4972 0.7778 0.3845
vn 0.6142 -0.7608 0.2096
vn 0.6964 -0.2774 -0.6619
vn 0.7891 0.5896 -0.1723
vn 0.7069 0.1062 0.6993
vn -0.0822 -0.4834 0.8715
vn 0.0927 0.8670 0.4896
vn -0.6964 0.2774 0.6619
vn -0.7891 -0.5896 0.1723
vn -0.6142 0.7608 -0.2096
vn -0.7069 -0.1062 -0.6993
vn -0.0928 -0.8670 -0.4896
vn 0.0822 0.4834 -0.8715
vn -0.1237 -0.9549 0.2701
vn 0.9923 -0.1211 0.0264
vn -0.0075 -0.2712 -0.9625
vn 0.1237 0.9549 -0.2701
vn 0.0075 0.2712 0.9625
vn -0.9923 0.1211 -0.0264
vn 0.7306 0.1463 -0.6669
vn 0.3738 0.9208 0.1116
vn 0.7244 -0.6738 0.1460
vn 0.3675 0.1007 0.9245
vn -0.3675 -0.1007 -0.9245
vn -0.7244 0.6738 -0.1460
vn -0.3738 -0.9208 -0.1116
vn -0.7306 -0.1463 0.6669
vn 0.8910 -0.3230 -0.3190
vn 0.6763 0.6534 -0.3400
vn 0.4540 0.6255 0.6345
vn 0.6687 -0.3509 0.6556
vn 0.2147 -0.9765 0.0211
vn -0.2224 -0.0279 0.9746
vn -0.6763 -0.6534 0.3400
vn -0.4540 -0.6255 -0.6345
vn -0.8910 0.3230 0.3190
vn -0.6687 0.3509 -0.6556
vn 0.2224 0.0279 -0.9746
vn -0.2147 0.9765 -0.0211
vn 0.3091 -0.6707 -0.6742
vn 0.9510 0.2139 0.2231
vn 0.0054 0.7102 -0.7040
vn -0.3090 0.6707 0.6742
vn -0.0054 -0.7102 0.7040
vn -0.9510 -0.2139 -0.2231
vn 0.6233 -0.6731 -0.3979
vn 0.5262 0.4268 -0.7355
vn 0.6244 -0.3342 0.7060
vn 0.5273 0.7657 0.3683
vn -0.5273 -0.7657 -0.3683
vn -0.6244 0.3342 -0.7060
vn -0.5262 -0.4268 0.7355
vn -0.6234 0.6731 0.3979
vn 0.7641 -0.6169 0.1886
vn 0.7039 -0.1509 -0.6941
vn 0.6451 0.7303 -0.2249
vn 0.7053 0.2642 0.6578
vn 0.0602 -0.4660 0.8827
vn -0.0588 0.8811 0.4692
vn -0.7039 0.1509 0.6941
vn -0.6451 -0.7303 0.2249
vn -0.7641 0.6169 -0.1886
vn -0.7053 -0.2642 -0.6578
vn 0.0588 -0.8811 -0.4692
vn -0.0602 0.4660 -0.8827
vn 0.0842 -0.9526 0.2924
vn 0.9965 0.0802 -0.0256
vn -0.0010 -0.2935 -0.9560
vn -0.0842 0.9526 -0.2924
vn 0.0010 0.2935 0.9560
vn -0.9965 -0.0802 0.0256
vn 0.4454 -0.0512 -0.8939
vn 0.6827 0.7269 -0.0744
vn 0.4474 -0.8888 -0.0991
vn 0.6847 -0.1108 0.7204
vn -0.6847 0.1108 -0.7204
vn -0.4474 0.8888 0.0991
vn -0.6827 -0.7269 0.0744
vn -0.4454 0.0512 0.8939
vn 0.5467 -0.5756 -0.6081
vn 0.6908 0.4138 -0.5929
vn 0.8373 0.3773 0.3956
vn 0.6932 -0.6122 0.3804
vn -0.1441 -0.9894 -0.0152
vn 0.1465 -0.0365 0.9885
vn -0.6908 -0.4138 0.5929
vn -0.8373 -0.3773 -0.3956
vn -0.5467 0.5756 0.6081
vn -0.6932 0.6121 -0.3804
vn -0.1465 0.0365 -0.9885
vn 0.1441 0.9894 0.0152
vn -0.2055 -0.6738 -0.7097
vn 0.9787 -0.1402 -0.1503
vn -0.0017 0.7255 -0.6883
vn 0.2055 0.6738 0.7097
vn 0.0017 -0.7255 0.6883
vn -0.9787 0.1402 0.1502
vn 0.7103 -0.5068 -0.4885
vn 0.4254 0.5954 -0.6816
vn 0.6935 -0.3119 0.6495
vn 0.4087 0.7904 0.4564
vn -0.4086 -0.7904 -0.4564
vn -0.6935 0.3119 -0.6495
vn -0.4254 -0.5954 0.6816
vn -0.7103 0.5068 0.4885
vn 0.8596 -0.5013 0.0986
vn 0.6954 0.0542 -0.7165
vn 0.5107 0.8486 -0.1379
vn 0.6749 0.2930 0.6772
vn 0.1642 -0.5556 0.8151
vn -0.1847 0.7944 0.5787
vn -0.6954 -0.0542 0.7165
vn -0.5107 -0.8486 0.1379
vn -0.8596 0.5013 -0.0986
vn -0.6749 -0.2930 -0.6772
vn 0.1847 -0.7944 -0.5787
vn -0.1642 0.5556 -0.8151
vn 0.2467 -0.9546 0.1672
vn 0.9690 0.2456 -0.0278
vn 0.0145 -0.1689 -0.9855
vn -0.2467 0.9546 -0.1672
vn -0.0145 0.1689 0.9855
vn -0.9690 -0.2456 0.0278
vn 0.1007 -0.3906 -0.9150
vn 0.8058 0.3927 -0.4433
vn 0.1086 -0.9915 0.0710
vn 0.8137 -0.2082 0.5427
vn -0.8137 0.2082 -0.5427
vn -0.1087 0.9915 -0.0710
vn -0.8058 -0.3927 0.4432
vn -0.1007 0.3906 0.9150
vn 0.1282 -0.8464 -0.5169
vn 0.5551 0.0013 -0.8318
vn 0.9917 0.1130 0.0609
vn 0.5648 -0.7347 0.3758
vn -0.4269 -0.8477 0.3149
vn 0.4366 0.1117 0.8927
vn -0.5551 -0.0013 0.8318
vn -0.9917 -0.1130 -0.0609
vn -0.1282 0.8464 0.5169
vn -0.5648 0.7347 -0.3758
vn -0.4366 -0.1117 -0.8927
vn 0.4269 0.8477 -0.3149
vn -0.6106 -0.6784 -0.4086
vn 0.7919 -0.5186 -0.3224
vn -0.0069 0.5204 -0.8539
vn 0.6106 0.6784 0.4086
vn 0.0069 -0.5204 0.8539
vn -0.7919 0.5186 0.3224
vn -0.7012 0.6956 0.1561
vn 0.6961 0.7005 -0.1572
vn 0.7012 -0.6956 -0.1561
vn -0.6961 -0.7005 0.1572
vn -0.5641 0.6964 0.4437
vn 0.5589 0.6998 -0.4448
vn 0.5641 -0.6964 -0.4437
vn -0.5589 -0.6998 0.4448
vn -0.3157 0.6974 0.6434
vn 0.3106 0.6987 -0.6445
vn 0.3157 -0.6974 -0.6434
vn -0.3106 -0.6987 0.6445
vn -0.0053 0.6986 0.7155
vn 0.0002 0.6975 -0.7166
vn 0.0053 -0.6986 -0.7155
vn -0.0002 -0.6975 0.7166
vn 0.3056 0.6997 0.6458
vn -0.3108 0.6964 -0.6468
vn -0.3056 -0.6997 -0.6458
vn 0.3108 -0.6964 0.6468
vn 0.5555 0.7005 0.4480
vn -0.5607 0.6957 -0.4491
vn -0.5555 -0.7005 -0.4480
vn 0.5607 -0.6957 0.4491
vn 0.6949 0.7008 0.1615
vn -0.7000 0.6954 -0.1625
vn -0.6949 -0.7008 -0.1615
vn 0.7000 -0.6954 0.1625
vn 0.7013 -0.6956 -0.1561
vn -0.5641 0.6963 0.4437
vn -0.6947 0.7016 0.1583
vn 0.7011 0.6945 -0.1617
vn 0.6947 -0.7016 -0.1583
vn -0.7011 -0.6945 0.1617
vn -0.5562 0.7017 0.4453
vn 0.5625 0.6944 -0.4487
vn 0.5562 -0.7017 -0.4453
vn -0.5625 -0.6944 0.4487
vn -0.3069 0.7010 0.6437
vn 0.3132 0.6951 -0.6471
vn 0.3069 -0.7010 -0.6437
vn -0.3132 -0.6951 0.6471
vn 0.0039 0.6998 0.7143
vn 0.0025 0.6963 -0.7177
vn -0.0039 -0.6998 -0.7143
vn -0.0025 -0.6963 0.7177
vn 0.3145 0.6982 0.6431
vn -0.3081 0.6979 -0.6465
vn -0.3145 -0.6982 -0.6431
vn 0.3081 -0.6979 0.6465
vn 0.5634 0.6966 0.4442
vn -0.5571 0.6995 -0.4476
vn -0.5634 -0.6966 -0.4442
vn 0.5571 -0.6995 0.4476
vn 0.7014 0.6953 0.1569
vn -0.6951 0.7009 -0.1603
vn -0.7014 -0.6953 -0.1569
vn 0.6950 -0.7009 0.1603
vn -0.3068 0.7010 0.6437
vn 0.3068 -0.7010 -0.6437
vn -0.6950 0.7009 -0.1603
vn 0.6951 -0.7008 0.1603
vn -0.7007 0.6952 0.1602
vn 0.6942 0.7009 -0.1639
vn 0.7007 -0.6953 -0.1602
vn -0.6942 -0.7009 0.1639
vn -0.5613 0.6966 0.4468
vn 0.5548 0.6995 -0.4505
vn 0.5613 -0.6966 -0.4468
vn -0.5548 -0.6995 0.4505
vn -0.3114 0.6983 0.6445
vn 0.3049 0.6978 -0.6482
vn 0.3114 -0.6983 -0.6445
vn -0.3049 -0.6978 0.6482
vn -0.0004 0.7000 0.7142
vn -0.0061 0.6962 -0.7179
vn 0.0004 -0.7000 -0.7142
vn 0.0061 -0.6962 0.7179
vn 0.3100 0.7012 0.6421
vn -0.3164 0.6949 -0.6457
vn -0.3100 -0.7012 -0.6421
vn 0.3164 -0.6949 0.6457
vn 0.5583 0.7018 0.4424
vn -0.5648 0.6943 -0.4461
vn -0.5583 -0.7018 -0.4424
vn 0.5648 -0.6943 0.4461
vn 0.6954 0.7017 0.1548
vn -0.7019 0.6944 -0.1584
vn -0.6954 -0.7017 -0.1547
vn 0.7019 -0.6944 0.1584
vn 0.7007 -0.6952 -0.1602
vn -0.6954 -0.7017 -0.1548
vn 0.9958 -0.0000 -0.0910
vn -0.9958 -0.0000 0.0910
vn 0.6525 -0.0000 -0.7578
vn -0.6525 -0.0000 0.7578
vn 0.1040 -0.0000 -0.9946
vn -0.1040 -0.0000 0.9946
vn -0.0025 -0.0000 -1.0000
vn 0.0025 -0.0000 1.0000
vn -0.5887 -0.0000 -0.8083
vn 0.5887 -0.0000 0.8083
vn -0.9845 -0.0000 -0.1752
vn 0.9845 -0.0000 0.1752
vn -0.9922 -0.0000 -0.1246
vn 0.9922 -0.0000 0.1246
vn -0.8998 -0.0000 0.4364
vn 0.8998 -0.0000 -0.4364
vn -0.4175 -0.0000 0.9087
vn 0.4175 -0.0000 -0.9087
vn -0.0056 -0.0000 1.0000
vn 0.0056 -0.0000 -1.0000
vn 0.2682 -0.0000 0.9634
vn -0.2682 -0.0000 -0.9634
vn 0.8097 -0.0000 0.5869
vn -0.8097 -0.0000 -0.5869
vn 0.9959 -0.0000 -0.0909
vn -0.9959 -0.0000 0.0909
vn 0.6475 -0.0000 -0.7621
vn -0.6475 -0.0000 0.7621
vn 0.1101 -0.0000 -0.9939
vn -0.1101 -0.0000 0.9939
vn -0.5865 -0.0000 -0.8099
vn 0.5865 -0.0000 0.8099
vn -0.9868 -0.0000 -0.1621
vn 0.9868 -0.0000 0.1621
vn -0.9922 -0.0000 -0.1248
vn 0.9922 -0.0000 0.1248
vn -0.8993 -0.0000 0.4374
vn 0.8993 -0.0000 -0.4374
vn -0.4135 -0.0000 0.9105
vn 0.4135 -0.0000 -0.9105
vn -0.0058 -0.0000 1.0000
vn 0.0058 -0.0000 -1.0000
vn 0.2628 -0.0000 0.9648
vn -0.2628 -0.0000 -0.9648
vn 0.8056 -0.0000 0.5925
vn -0.8056 -0.0000 -0.5925
vn -0.1113 -0.1974 0.9740
vn -0.8726 -0.4722 0.1251
vn -0.4754 -0.0157 -0.8796
vn -0.5073 0.8423 0.1822
vn 0.5313 0.5413 -0.6517
vn 0.7564 0.4290 0.4939
vn 0.5072 -0.8423 -0.1822
vn -0.4599 0.5788 -0.6734
vn 0.6243 0.7397 -0.2513
vn 0.8245 -0.0864 0.5592
vn -0.3652 0.6054 0.7072
vn -0.1359 -0.7579 0.6380
vn -0.9298 -0.3468 -0.1237
vn 0.3652 -0.6054 -0.7072
vn -0.7531 -0.4062 0.5175
vn -0.6127 -0.4591 -0.6433
vn 0.2951 0.2223 -0.9293
vn -0.6186 0.7779 -0.1103
vn 0.7157 0.6963 0.0549
vn 0.0678 0.3078 0.9490
vn 0.6186 -0.7779 0.1103
vn -0.3868 -0.4818 0.7863
vn -0.9910 -0.0530 -0.1230
vn -0.2422 0.5276 -0.8143
vn -0.1769 0.8396 0.5135
vn 0.8248 0.4576 -0.3322
vn 0.7354 -0.1662 0.6570
vn 0.1769 -0.8396 -0.5135
vn 0.6930 -0.6457 0.3207
vn -0.4120 -0.5694 0.7114
vn -0.9302 0.3297 0.1613
vn 0.2998 0.6177 0.7271
vn -0.1455 0.8090 -0.5694
vn 0.8577 0.2062 -0.4710
vn -0.2998 -0.6177 -0.7271
vn -0.4414 0.3215 -0.8378
vn 0.5761 0.7086 -0.4076
vn 0.7365 0.2147 0.6415
vn -0.4746 0.7662 0.4333
vn -0.1818 -0.4775 0.8596
vn -0.9098 -0.4115 -0.0546
vn 0.4746 -0.7662 -0.4333
vn 0.9323 -0.0558 -0.3575
vn 0.5649 -0.4759 0.6741
vn -0.5555 -0.1594 0.8161
vn 0.2951 0.8436 0.4486
vn -0.8806 0.4562 -0.1278
vn 0.0389 0.5203 -0.8531
vn -0.2951 -0.8436 -0.4486
vn 0.4474 -0.6721 0.5900
vn -0.3141 0.1519 0.9371
vn -0.5974 0.8019 0.0008
vn 0.7601 0.6185 0.1994
vn -0.0109 0.3797 -0.9250
vn 0.6349 -0.5313 -0.5609
vn -0.7601 -0.6185 -0.1994
vn 0.3913 -0.5346 0.7490
vn -0.7486 -0.3370 0.5710
vn -0.8501 0.4238 -0.3127
vn 0.0302 0.7592 0.6501
vn 0.2270 0.6963 -0.6809
vn 0.9943 0.1040 -0.0247
vn -0.0301 -0.7592 -0.6501
vn -0.2063 0.2678 -0.9411
vn 0.7191 -0.3629 -0.5926
vn 0.7023 -0.4142 0.5790
vn 0.5511 0.8332 0.0444
vn -0.2335 0.1848 0.9546
vn -0.7951 0.6063 0.0151
vn -0.5511 -0.8332 -0.0444
vn 0.5905 -0.7523 -0.2922
vn 0.7085 -0.1260 0.6944
vn -0.1161 0.7104 0.6941
vn 0.6292 0.6200 -0.4688
vn -0.7436 0.6012 -0.2927
vn -0.3069 -0.3028 -0.9023
vn -0.6292 -0.6200 0.4688
vn -0.8020 0.4954 0.3338
vn -0.2939 0.6390 -0.7109
vn 0.6864 -0.0005 -0.7272
vn 0.5144 0.7795 0.3574
vn 0.7841 -0.5392 0.3073
vn -0.1358 -0.2328 0.9630
vn -0.5144 -0.7795 -0.3574
vn 0.8853 -0.4194 -0.2007
vn 0.6058 0.1617 0.7790
vn -0.4749 0.5977 0.6460
vn 0.3855 0.8377 -0.3869
vn -0.8633 0.2860 -0.4159
vn -0.0226 -0.3426 -0.9392
vn -0.3855 -0.8377 0.3869
vn -0.9140 0.3704 0.1656
vn -0.6550 -0.5447 -0.5236
vn 0.5126 -0.6715 -0.5351
vn 0.0586 0.6111 -0.7894
vn 0.9752 0.1652 0.1470
vn 0.0935 0.8092 0.5801
vn -0.0586 -0.6111 0.7894
vn 0.7359 -0.3157 0.5990
vn -0.1184 0.4270 0.8965
vn -0.7312 0.6788 -0.0685
vn 0.6075 0.7727 -0.1842
vn -0.2555 0.0917 -0.9625
vn 0.6512 -0.5230 -0.5499
vn -0.6076 -0.7726 0.1842
vn -0.9387 0.2019 0.2796
vn -0.6196 -0.3958 -0.6778
vn 0.5508 -0.3680 -0.7491
vn -0.0529 0.8391 -0.5415
vn 0.9550 0.2468 0.1642
vn 0.0345 0.5991 0.8000
vn 0.0529 -0.8391 0.5415
vn 0.0946 -0.5323 -0.8412
vn 0.7656 0.3770 -0.5213
vn 0.3439 0.8014 0.4895
vn -0.5970 0.6198 -0.5094
vn -0.5878 0.1543 0.7942
vn -0.7419 -0.6699 -0.0283
vn 0.5970 -0.6198 0.5093
vn 0.3399 -0.5647 -0.7521
vn 0.9896 -0.0998 0.1034
vn 0.3017 0.6017 0.7396
vn 0.2335 0.7689 -0.5952
vn -0.7732 0.5703 0.2774
vn -0.7496 -0.1505 -0.6445
vn -0.2335 -0.7689 0.5952
vn -0.9147 -0.4034 0.0239
vn -0.2171 -0.3360 -0.9165
vn 0.7380 0.2749 -0.6162
vn -0.4546 0.8467 -0.2766
vn 0.6307 0.5851 0.5098
vn -0.3908 0.1659 0.9054
vn 0.4546 -0.8467 0.2766
vn -0.6213 -0.5681 -0.5396
vn 0.0318 0.3188 -0.9473
vn 0.5965 0.8017 -0.0377
vn -0.7650 0.6283 0.1414
vn 0.2924 0.2132 0.9322
vn -0.4603 -0.6334 0.6220
vn 0.7650 -0.6283 -0.1414
vn 0.8712 0.4909 0.0087
vn -0.0235 0.6703 0.7418
vn -0.9262 0.0207 0.3766
vn -0.3152 0.7586 -0.5703
vn -0.5893 -0.5601 -0.5822
vn 0.5215 -0.2695 -0.8096
vn 0.3152 -0.7586 0.5703
vn -0.1115 -0.9092 -0.4011
vn -0.7370 -0.5921 -0.3260
vn 0.3044 -0.9172 -0.2571
vn 0.2958 -0.9377 0.1825
vn -0.1254 -0.9424 0.3102
vn -0.9126 -0.2747 -0.3027
vn -0.0072 -0.2463 -0.9692
vn 0.9070 -0.2795 -0.3150
vn 0.5666 -0.3284 0.7557
vn -0.5580 -0.3255 0.7633
vn -0.7929 -0.0790 -0.6042
vn 0.3253 -0.0665 -0.9433
vn 0.9935 -0.1132 0.0142
vn 0.2883 -0.1545 0.9450
vn -0.8158 -0.1334 0.5628
vn -0.4178 0.6408 -0.6441
vn 0.5124 0.6349 -0.5782
vn 0.7370 0.5921 0.3260
vn -0.0545 0.5714 0.8188
vn -0.7682 0.6015 0.2193
vn -0.3044 0.9172 0.2571
vn -0.5392 0.7345 0.4121
vn -0.4438 0.5789 0.6841
vn 0.1115 0.9092 0.4011
vn 0.1939 0.7204 0.6659
vn 0.4883 0.5775 0.6543
vn 0.3771 0.9248 0.0505
vn 0.6621 0.7479 0.0478
vn 0.7481 0.6185 -0.2405
vn 0.1254 0.9424 -0.3102
vn 0.2184 0.7789 -0.5879
vn -0.0235 0.6452 -0.7637
vn -0.2958 0.9377 -0.1825
vn -0.5240 0.7706 -0.3628
vn -0.7601 0.6207 -0.1923
vn -0.9070 0.2795 0.3150
vn -0.8088 0.1398 0.5712
vn -0.5963 0.2578 0.7603
vn 0.0072 0.2463 0.9692
vn 0.2869 0.1188 0.9506
vn 0.5272 0.2521 0.8115
vn 0.9126 0.2747 0.3027
vn 0.9868 0.1598 0.0268
vn 0.9233 0.3000 -0.2399
vn 0.5580 0.3255 -0.7633
vn 0.3236 0.2061 -0.9235
vn 0.0447 0.3353 -0.9411
vn -0.5666 0.3284 -0.7557
vn -0.7861 0.1937 -0.5870
vn -0.8945 0.3092 -0.3229
vn -0.3253 0.0665 0.9433
vn -0.3236 -0.2061 0.9235
vn -0.0447 -0.3353 0.9411
vn 0.7929 0.0790 0.6042
vn 0.7861 -0.1937 0.5870
vn 0.8945 -0.3092 0.3229
vn 0.8158 0.1334 -0.5628
vn 0.8088 -0.1398 -0.5712
vn 0.5963 -0.2578 -0.7602
vn -0.2883 0.1545 -0.9450
vn -0.2869 -0.1188 -0.9506
vn -0.5272 -0.2521 -0.8115
vn -0.9935 0.1132 -0.0142
vn -0.9868 -0.1598 -0.0268
vn -0.9233 -0.3000 0.2400
vn -0.5124 -0.6349 0.5782
vn -0.2184 -0.7789 0.5879
vn 0.0235 -0.6452 0.7637
vn 0.4178 -0.6408 0.6441
vn 0.5240 -0.7706 0.3628
vn 0.7601 -0.6207 0.1923
vn 0.7682 -0.6015 -0.2193
vn 0.5392 -0.7345 -0.4121
vn 0.4438 -0.5789 -0.6841
vn -0.7481 -0.6185 0.2405
vn -0.6621 -0.7479 -0.0478
vn -0.3771 -0.9248 -0.0505
vn 0.0545 -0.5714 -0.8188
vn -0.1939 -0.7204 -0.6659
vn -0.4883 -0.5775 -0.6543
vn 0.6852 0.7284 0.0064
vn -0.7284 0.6852 0.0071
vn 0.6992 0.7148 -0.0109
vn 0.7172 -0.6969 -0.0007
vn 0.6969 0.7172 0.0042
vn 0.6965 -0.7175 -0.0057
vn 0.7059 -0.0173 0.7081
vn 0.7096 -0.7046 -0.0090
vn -0.7096 0.7046 0.0090
vn -0.7146 0.0210 -0.6992
vn 0.5817 0.4179 0.6978
vn 0.7151 0.0012 -0.6990
vn -0.7151 -0.0012 0.6991
vn -0.7012 -0.7129 -0.0032
vn -0.0082 0.9999 -0.0067
vn -0.7127 0.7015 0.0031
vn -0.0121 -0.7169 -0.6971
vn -0.7141 -0.6999 0.0148
vn 0.0121 0.7169 0.6971
vn 0.7141 0.6999 -0.0149
vn 0.7072 -0.0048 -0.7070
vn -0.0047 0.6973 -0.7167
vn -0.7073 0.0048 0.7069
vn 0.0047 -0.6974 0.7167
vn 0.3089 -0.9450 -0.1072
vn 0.3620 0.6124 -0.7028
vn -0.6281 0.3516 0.6942
vn -0.3621 -0.6124 0.7028
vn -0.7558 0.6549 -0.0000
vn 0.7557 0.6549 -0.0000
vn 0.4990 -0.8666 -0.0000
vn 0.2600 -0.9656 -0.0000
vn 0.9848 -0.0000 0.1737
vn -0.6648 -0.0008 0.7470
vn 0.8340 -0.0036 0.5517
vn 0.6996 -0.6973 -0.1560
vn -0.6996 0.6957 -0.1626
vn 0.4630 0.8861 0.0220
vn -0.4630 -0.8861 -0.0220
vn -0.9992 0.0405 0.0028
vn 0.5533 0.8123 0.1841
vn -0.5533 -0.8124 -0.1841
vn -0.3775 -0.0354 0.9253
vn 0.3651 0.9127 0.1838
vn -0.6080 0.7266 0.3201
vn -0.3650 -0.9127 -0.1838
vn 0.3776 0.0354 -0.9253
vn -0.0088 0.6203 0.7843
vn 0.0110 0.3027 -0.9530
vn 0.7409 0.4466 -0.5017
vn 0.0319 0.9976 -0.0614
vn -0.7409 -0.4466 0.5017
vn -0.0319 -0.9976 0.0615
vn 0.6971 -0.3023 0.6501
vn -0.1265 -0.8517 0.5086
vn -0.6971 0.3024 -0.6501
vn 0.1264 0.8517 -0.5086
vn -0.0265 0.9680 -0.2497
vn 0.1788 0.7700 0.6125
vn -0.4989 0.8587 -0.1175
vn 0.0928 0.8670 0.4896
vn -0.0927 -0.8670 -0.4896
vn 0.6686 -0.3509 0.6556
vn -0.6763 -0.6535 0.3400
vn -0.4539 -0.6256 -0.6345
vn -0.3091 0.6707 0.6742
vn -0.7641 0.6169 -0.1887
vn 0.0841 -0.9526 0.2924
vn 0.6932 -0.6121 0.3804
vn -0.9786 0.1402 0.1503
vn 0.5606 -0.6957 0.4491
vn 0.5590 0.6998 -0.4448
vn -0.5641 0.6964 0.4438
vn -0.7007 0.6953 0.1602
vn 0.5613 -0.6967 -0.4468
vn -0.0061 0.6962 -0.7178
vn -0.3099 -0.7012 -0.6421
vn 0.6954 0.7017 0.1547
vn -0.5613 0.6967 0.4468
vn 0.0061 -0.6962 0.7178
vn -0.6955 -0.7017 -0.1547
vn -0.2681 -0.0000 -0.9634
vn -0.5865 -0.0000 -0.8100
vn 0.5865 -0.0000 0.8100
vn -0.5072 0.8423 0.1822
vn 0.5073 -0.8423 -0.1822
vn 0.8245 -0.0865 0.5592
vn -0.3651 0.6054 0.7073
vn -0.6187 0.7779 -0.1103
vn 0.0679 0.3079 0.9490
vn -0.1455 0.8090 -0.5695
vn -0.4747 0.7662 0.4333
vn -0.4747 0.7661 0.4333
vn -0.9097 -0.4115 -0.0546
vn 0.4747 -0.7661 -0.4333
vn -0.0109 0.3797 -0.9251
vn 0.0301 0.7592 0.6501
vn 0.2271 0.6963 -0.6809
vn 0.5145 0.7795 0.3574
vn 0.0936 0.8092 0.5801
vn 0.6075 0.7726 -0.1842
vn -0.6075 -0.7727 0.1842
vn -0.5970 0.6198 -0.5093
vn -0.7419 -0.6699 -0.0282
vn 0.0317 0.3188 -0.9473
vt 0.622947 0.000000
vt 0.625000 0.035256
vt 0.622948 0.035256
vt 0.625000 0.250915
vt 0.622948 0.265271
vt 0.622948 0.214744
vt 0.637090 0.725288
vt 0.622948 0.765278
vt 0.622948 0.714782
vt 0.637090 0.524712
vt 0.622948 0.535218
vt 0.622948 0.484722
vt 0.386606 0.000000
vt 0.386524 0.035256
vt 0.625000 0.984722
vt 0.386204 0.214744
vt 0.386703 0.765115
vt 0.622948 0.984722
vt 0.386606 0.984722
vt 0.859722 0.535256
vt 0.386258 0.484885
vt 0.386161 0.265278
vt 0.386842 0.714745
vt 0.386522 0.535255
vt 0.622956 0.000000
vt 0.622956 0.035256
vt 0.625000 0.250915
vt 0.622956 0.265271
vt 0.622956 0.214744
vt 0.622956 0.765278
vt 0.622956 0.714782
vt 0.637090 0.524712
vt 0.622956 0.535218
vt 0.622956 0.484722
vt 0.384812 0.000000
vt 0.384792 0.035256
vt 0.384718 0.214744
vt 0.384714 0.765114
vt 0.622956 0.984722
vt 0.384812 0.984722
vt 0.384611 0.484885
vt 0.384710 0.265278
vt 0.384888 0.714745
vt 0.384815 0.535255
vt 0.620638 0.000000
vt 0.625000 0.039286
vt 0.620638 0.039286
vt 0.625000 0.248611
vt 0.620638 0.284296
vt 0.620638 0.210714
vt 0.651746 0.727062
vt 0.620638 0.784375
vt 0.620638 0.710818
vt 0.651746 0.522938
vt 0.620638 0.539182
vt 0.620638 0.465625
vt 0.393804 0.000000
vt 0.391180 0.039286
vt 0.620638 0.965625
vt 0.387852 0.210714
vt 0.402852 0.783694
vt 0.393804 0.965625
vt 0.840625 0.710714
vt 0.397981 0.466321
vt 0.388951 0.284372
vt 0.404707 0.710725
vt 0.401379 0.539276
vt 0.620652 0.000000
vt 0.625000 0.039286
vt 0.620652 0.039286
vt 0.625000 0.248611
vt 0.620651 0.284297
vt 0.620652 0.210714
vt 0.651746 0.727062
vt 0.620652 0.784375
vt 0.620652 0.710818
vt 0.651746 0.522938
vt 0.620652 0.539182
vt 0.620652 0.465625
vt 0.405521 0.039286
vt 0.404536 0.000000
vt 0.625000 0.965625
vt 0.402031 0.210714
vt 0.404536 0.965625
vt 0.394335 0.783670
vt 0.840625 0.539286
vt 0.399447 0.284368
vt 0.389228 0.466346
vt 0.392534 0.710720
vt 0.389044 0.539282
vt 0.133443 0.725000
vt 0.133443 0.750000
vt 0.125000 0.725000
vt 0.565000 0.991557
vt 0.625000 0.991557
vt 0.565000 1.000000
vt 0.133443 0.525000
vt 0.125000 0.525000
vt 0.133443 0.500000
vt 0.625000 0.251057
vt 0.565000 0.258443
vt 0.565000 0.225665
vt 0.366557 0.725000
vt 0.433405 0.725000
vt 0.408426 0.755165
vt 0.632204 0.729905
vt 0.565000 0.758443
vt 0.565000 0.725665
vt 0.366557 0.525000
vt 0.408426 0.494835
vt 0.433405 0.525000
vt 0.632204 0.520201
vt 0.565000 0.525000
vt 0.565000 0.491628
vt 0.435000 0.000000
vt 0.565000 0.025000
vt 0.435000 0.025000
vt 0.625000 0.025000
vt 0.435000 0.258443
vt 0.435000 0.225000
vt 0.435000 0.991557
vt 0.866557 0.525000
vt 0.133433 0.725000
vt 0.133433 0.750000
vt 0.125000 0.725000
vt 0.565000 0.991567
vt 0.625000 0.991567
vt 0.133433 0.525000
vt 0.133433 0.500000
vt 0.625000 0.251056
vt 0.565000 0.258433
vt 0.565000 0.225665
vt 0.366567 0.725000
vt 0.433405 0.725000
vt 0.408429 0.755159
vt 0.632196 0.729904
vt 0.565000 0.758433
vt 0.565000 0.725665
vt 0.366567 0.525000
vt 0.408429 0.494841
vt 0.433405 0.525000
vt 0.632196 0.520202
vt 0.565000 0.525000
vt 0.565000 0.491638
vt 0.435000 0.000000
vt 0.565000 0.025000
vt 0.435000 0.025000
vt 0.435000 0.258433
vt 0.435000 0.225000
vt 0.435000 0.991567
vt 0.866567 0.525000
vt 0.133305 0.725000
vt 0.133305 0.750000
vt 0.565000 0.991695
vt 0.625000 0.991695
vt 0.133305 0.525000
vt 0.133305 0.500000
vt 0.625000 0.251048
vt 0.565000 0.258305
vt 0.565000 0.225665
vt 0.366695 0.725000
vt 0.408472 0.755080
vt 0.632086 0.729887
vt 0.565000 0.758305
vt 0.366695 0.525000
vt 0.408472 0.494920
vt 0.433405 0.525000
vt 0.632086 0.520217
vt 0.565000 0.491764
vt 0.435000 0.991695
vt 0.866695 0.725000
vt 0.435000 0.258305
vt 0.133219 0.725000
vt 0.133219 0.750000
vt 0.565000 0.991781
vt 0.625000 0.991781
vt 0.133219 0.525000
vt 0.133219 0.500000
vt 0.625000 0.251042
vt 0.565000 0.258219
vt 0.366781 0.725000
vt 0.433405 0.725000
vt 0.408501 0.755026
vt 0.632013 0.729876
vt 0.565000 0.758219
vt 0.565000 0.725665
vt 0.366781 0.525000
vt 0.408501 0.494974
vt 0.433405 0.525000
vt 0.632013 0.520227
vt 0.565000 0.525000
vt 0.565000 0.491848
vt 0.565000 0.025000
vt 0.435000 0.258219
vt 0.435000 0.991781
vt 0.866781 0.525000
vt 0.000000 0.000000
vt 0.127541 0.737288
vt 0.127541 0.750000
vt 0.125000 0.737288
vt 0.565000 0.997459
vt 0.625000 0.997459
vt 0.127541 0.512712
vt 0.125000 0.512712
vt 0.127541 0.500000
vt 0.625000 0.250191
vt 0.565000 0.252541
vt 0.565000 0.237452
vt 0.372459 0.737288
vt 0.434227 0.737288
vt 0.410423 0.751543
vt 0.627354 0.738410
vt 0.565000 0.752541
vt 0.565000 0.737452
vt 0.372459 0.512712
vt 0.410423 0.498457
vt 0.434227 0.512712
vt 0.627354 0.511597
vt 0.565000 0.512712
vt 0.565000 0.497465
vt 0.565000 0.012712
vt 0.435000 0.012712
vt 0.625000 0.012712
vt 0.435000 0.252541
vt 0.435000 0.237288
vt 0.435000 0.997459
vt 0.872459 0.737288
vt 0.127468 0.737288
vt 0.127468 0.750000
vt 0.565000 0.997532
vt 0.625000 0.997532
vt 0.127468 0.512712
vt 0.127468 0.500000
vt 0.625000 0.250187
vt 0.565000 0.252468
vt 0.565000 0.237452
vt 0.372532 0.737288
vt 0.410448 0.751498
vt 0.627287 0.738405
vt 0.565000 0.752468
vt 0.565000 0.737452
vt 0.372532 0.512712
vt 0.410448 0.498502
vt 0.627287 0.511602
vt 0.565000 0.497538
vt 0.565000 0.000000
vt 0.565000 0.012712
vt 0.435000 0.237288
vt 0.435000 0.997532
vt 0.872532 0.512712
vt 0.435000 0.252468
vt 0.127524 0.737288
vt 0.127524 0.750000
vt 0.565000 0.997476
vt 0.625000 0.997476
vt 0.127524 0.512712
vt 0.127524 0.500000
vt 0.625000 0.250190
vt 0.565000 0.252524
vt 0.372476 0.737288
vt 0.410429 0.751532
vt 0.627338 0.738409
vt 0.565000 0.752524
vt 0.372476 0.512712
vt 0.410429 0.498468
vt 0.627338 0.511598
vt 0.565000 0.497482
vt 0.435000 0.012712
vt 0.565000 0.012712
vt 0.435000 0.237288
vt 0.435000 0.997476
vt 0.872476 0.512712
vt 0.435000 0.252524
vt 0.127460 0.737288
vt 0.127460 0.750000
vt 0.565000 0.997540
vt 0.625000 0.997540
vt 0.127460 0.512712
vt 0.127460 0.500000
vt 0.625000 0.250187
vt 0.565000 0.252460
vt 0.372540 0.737288
vt 0.410451 0.751493
vt 0.627279 0.738404
vt 0.565000 0.752460
vt 0.565000 0.737452
vt 0.372540 0.512712
vt 0.410451 0.498507
vt 0.627279 0.511603
vt 0.565000 0.497546
vt 0.435000 0.997540
vt 0.872540 0.512712
vt 0.435000 0.252460
vt 0.127541 0.737288
vt 0.127541 0.750000
vt 0.565000 0.997459
vt 0.625000 0.997459
vt 0.127541 0.512712
vt 0.127541 0.500000
vt 0.625000 0.250191
vt 0.565000 0.252541
vt 0.565000 0.237452
vt 0.372459 0.737288
vt 0.410423 0.751542
vt 0.627354 0.738410
vt 0.565000 0.752541
vt 0.372459 0.512712
vt 0.410423 0.498458
vt 0.434227 0.512712
vt 0.627354 0.511597
vt 0.565000 0.512712
vt 0.565000 0.497466
vt 0.435000 0.997459
vt 0.872459 0.737288
vt 0.435000 0.252541
vt 0.170833 0.695000
vt 0.170833 0.750000
vt 0.125000 0.695000
vt 0.616956 0.000000
vt 0.625000 0.055000
vt 0.616956 0.055000
vt 0.170833 0.555000
vt 0.125000 0.555000
vt 0.170833 0.500000
vt 0.625000 0.247679
vt 0.616956 0.295564
vt 0.616956 0.195000
vt 0.329167 0.695000
vt 0.382986 0.695000
vt 0.380941 0.794044
vt 0.656305 0.726962
vt 0.616956 0.795833
vt 0.616956 0.695398
vt 0.329167 0.555000
vt 0.380941 0.455956
vt 0.382986 0.555000
vt 0.656305 0.523038
vt 0.616956 0.554602
vt 0.616956 0.454167
vt 0.383044 0.055000
vt 0.383044 0.000000
vt 0.383044 0.295833
vt 0.625000 0.954167
vt 0.383044 0.195000
vt 0.383044 0.954167
vt 0.829167 0.695000
vt 0.170833 0.695000
vt 0.170833 0.750000
vt 0.125000 0.695000
vt 0.616989 0.000000
vt 0.625000 0.055000
vt 0.616989 0.055000
vt 0.170833 0.555000
vt 0.125000 0.555000
vt 0.170833 0.500000
vt 0.625000 0.247679
vt 0.616989 0.295565
vt 0.616989 0.195000
vt 0.329167 0.695000
vt 0.382953 0.695000
vt 0.380918 0.794052
vt 0.616989 0.795833
vt 0.616989 0.695397
vt 0.380918 0.455948
vt 0.382953 0.555000
vt 0.616989 0.554604
vt 0.616989 0.454167
vt 0.383011 0.055000
vt 0.383011 0.000000
vt 0.383011 0.195000
vt 0.383011 0.954167
vt 0.829167 0.555000
vt 0.383011 0.295833
vt 0.185000 0.690000
vt 0.185000 0.750000
vt 0.125000 0.690000
vt 0.616541 0.000000
vt 0.625000 0.060000
vt 0.616541 0.060000
vt 0.185000 0.560000
vt 0.125000 0.560000
vt 0.185000 0.500000
vt 0.625000 0.242571
vt 0.616541 0.309494
vt 0.616541 0.190000
vt 0.315000 0.690000
vt 0.383387 0.690000
vt 0.380836 0.807702
vt 0.664826 0.730348
vt 0.616541 0.810000
vt 0.616541 0.690506
vt 0.315000 0.560000
vt 0.380836 0.442298
vt 0.383387 0.560000
vt 0.664826 0.519652
vt 0.616541 0.559493
vt 0.616541 0.440000
vt 0.383459 0.060000
vt 0.383459 0.000000
vt 0.383459 0.310000
vt 0.616541 0.940000
vt 0.383459 0.190000
vt 0.383459 0.940000
vt 0.815000 0.690000
vt 0.185000 0.690000
vt 0.185000 0.750000
vt 0.616626 0.000000
vt 0.625000 0.060000
vt 0.616626 0.060000
vt 0.185000 0.560000
vt 0.185000 0.500000
vt 0.625000 0.242571
vt 0.616626 0.309499
vt 0.616626 0.190000
vt 0.315000 0.690000
vt 0.383304 0.690000
vt 0.380782 0.807725
vt 0.664826 0.730348
vt 0.616626 0.810000
vt 0.616626 0.690501
vt 0.380782 0.442275
vt 0.383304 0.560000
vt 0.664826 0.519652
vt 0.616626 0.559499
vt 0.616626 0.440000
vt 0.383374 0.060000
vt 0.383374 0.000000
vt 0.383374 0.310000
vt 0.625000 0.940000
vt 0.383374 0.190000
vt 0.616626 0.940000
vt 0.383374 0.940000
vt 0.185000 0.750000
vt 0.616554 0.000000
vt 0.616554 0.060000
vt 0.125000 0.560000
vt 0.616554 0.309494
vt 0.616554 0.190000
vt 0.315000 0.690000
vt 0.383375 0.690000
vt 0.380828 0.807705
vt 0.664826 0.730348
vt 0.616554 0.810000
vt 0.616554 0.690506
vt 0.315000 0.560000
vt 0.380828 0.442295
vt 0.383375 0.560000
vt 0.616554 0.559494
vt 0.616554 0.440000
vt 0.383446 0.000000
vt 0.383446 0.060000
vt 0.383446 0.310000
vt 0.616554 0.940000
vt 0.383446 0.190000
vt 0.383446 0.940000
vt 0.185000 0.690000
vt 0.185000 0.750000
vt 0.125000 0.690000
vt 0.616612 0.000000
vt 0.625000 0.060000
vt 0.616612 0.060000
vt 0.185000 0.560000
vt 0.125000 0.560000
vt 0.625000 0.242571
vt 0.616612 0.309498
vt 0.616612 0.190000
vt 0.315000 0.690000
vt 0.383318 0.690000
vt 0.380791 0.807721
vt 0.664826 0.730348
vt 0.616612 0.810000
vt 0.616612 0.690502
vt 0.315000 0.560000
vt 0.380791 0.442279
vt 0.383318 0.560000
vt 0.616612 0.559498
vt 0.616612 0.440000
vt 0.383388 0.060000
vt 0.383388 0.000000
vt 0.383388 0.310000
vt 0.383388 0.190000
vt 0.383388 0.940000
vt 0.815000 0.690000
vt 0.175000 0.690000
vt 0.175000 0.750000
vt 0.622374 0.950000
vt 0.625000 0.950000
vt 0.622374 1.000000
vt 0.175000 0.560000
vt 0.175000 0.500000
vt 0.625000 0.258759
vt 0.622374 0.300000
vt 0.622374 0.190154
vt 0.325000 0.690000
vt 0.377619 0.690000
vt 0.376980 0.799387
vt 0.657591 0.728299
vt 0.622374 0.800000
vt 0.622374 0.690154
vt 0.325000 0.560000
vt 0.376981 0.450613
vt 0.377619 0.560000
vt 0.657591 0.528193
vt 0.622374 0.560000
vt 0.622374 0.450104
vt 0.377626 0.000000
vt 0.622374 0.060000
vt 0.377626 0.060000
vt 0.625000 0.060000
vt 0.377626 0.190000
vt 0.377626 0.950000
vt 0.825000 0.560000
vt 0.377626 0.300000
vt 0.175000 0.690000
vt 0.175000 0.750000
vt 0.622370 0.950000
vt 0.625000 0.950000
vt 0.622370 1.000000
vt 0.175000 0.560000
vt 0.175000 0.500000
vt 0.625000 0.258759
vt 0.622370 0.300000
vt 0.622370 0.190154
vt 0.325000 0.690000
vt 0.377623 0.690000
vt 0.376984 0.799386
vt 0.657591 0.728299
vt 0.622370 0.800000
vt 0.622370 0.690154
vt 0.325000 0.560000
vt 0.376984 0.450614
vt 0.377623 0.560000
vt 0.657591 0.528194
vt 0.622370 0.560000
vt 0.622370 0.450104
vt 0.377630 0.000000
vt 0.622370 0.060000
vt 0.377630 0.060000
vt 0.377630 0.300000
vt 0.377630 0.190000
vt 0.377630 0.950000
vt 0.825000 0.690000
vt 0.175000 0.690000
vt 0.175000 0.750000
vt 0.622382 0.950000
vt 0.622382 1.000000
vt 0.125000 0.560000
vt 0.175000 0.500000
vt 0.625000 0.258759
vt 0.622382 0.300000
vt 0.622382 0.190153
vt 0.325000 0.690000
vt 0.377611 0.690000
vt 0.376974 0.799389
vt 0.622382 0.800000
vt 0.622382 0.690153
vt 0.325000 0.560000
vt 0.376974 0.450611
vt 0.377611 0.560000
vt 0.622382 0.560000
vt 0.622382 0.450104
vt 0.622382 0.000000
vt 0.377618 0.060000
vt 0.377618 0.000000
vt 0.622382 0.060000
vt 0.377618 0.300000
vt 0.377618 0.190000
vt 0.377618 0.950000
vt 0.622367 0.950000
vt 0.622367 1.000000
vt 0.175000 0.560000
vt 0.625000 0.258759
vt 0.622367 0.300000
vt 0.622367 0.190154
vt 0.325000 0.690000
vt 0.377626 0.690000
vt 0.376986 0.799385
vt 0.657591 0.728299
vt 0.622367 0.800000
vt 0.622367 0.690154
vt 0.376986 0.450615
vt 0.377626 0.560000
vt 0.657591 0.528194
vt 0.622367 0.560000
vt 0.622367 0.450104
vt 0.622367 0.000000
vt 0.377633 0.060000
vt 0.377633 0.000000
vt 0.622367 0.060000
vt 0.377633 0.300000
vt 0.377633 0.190000
vt 0.377633 0.950000
vt 0.825000 0.690000
vt 0.700000 0.600000
vt 0.600000 0.800000
vt 0.600000 0.600000
vt 0.700000 0.800000
vt 0.600000 1.000000
vt 0.700000 0.000000
vt 0.600000 0.200000
vt 0.600000 0.000000
vt 0.700000 0.200000
vt 0.600000 0.400000
vt 0.700000 0.400000
vt 0.800000 0.800000
vt 0.700000 1.000000
vt 0.800000 0.000000
vt 0.800000 0.200000
vt 0.800000 0.600000
vt 0.900000 0.600000
vt 0.900000 0.800000
vt 0.800000 1.000000
vt 0.900000 0.000000
vt 0.900000 0.400000
vt 0.800000 0.400000
vt 1.000000 0.600000
vt 1.000000 0.800000
vt 0.900000 1.000000
vt 1.000000 0.000000
vt 0.900000 0.200000
vt 1.000000 0.200000
vt 1.000000 0.400000
vt 0.100000 0.600000
vt -0.000000 0.800000
vt -0.000000 0.600000
vt 0.100000 1.000000
vt -0.000000 1.000000
vt 0.100000 0.000000
vt -0.000000 0.200000
vt -0.000000 0.000000
vt 0.100000 0.200000
vt -0.000000 0.400000
vt 0.200000 0.800000
vt 0.100000 0.800000
vt 0.200000 1.000000
vt 0.200000 0.000000
vt 0.200000 0.200000
vt 0.100000 0.400000
vt 0.200000 0.600000
vt 0.300000 0.600000
vt 0.300000 1.000000
vt 0.300000 0.200000
vt 0.200000 0.400000
vt 0.300000 0.400000
vt 0.400000 0.800000
vt 0.300000 0.800000
vt 0.400000 0.000000
vt 0.300000 0.000000
vt 0.400000 0.400000
vt 0.400000 0.600000
vt 0.500000 0.800000
vt 0.400000 1.000000
vt 0.500000 0.200000
vt 0.400000 0.200000
vt 0.500000 0.400000
vt 0.500000 0.600000
vt 0.500000 1.000000
vt 0.500000 0.000000
vt 0.167308 0.700000
vt 0.167308 0.750000
vt 0.125000 0.700000
vt 0.620850 0.000000
vt 0.625000 0.050000
vt 0.620850 0.050000
vt 0.167308 0.550000
vt 0.125000 0.550000
vt 0.167308 0.500000
vt 0.625000 0.247975
vt 0.620850 0.292192
vt 0.620850 0.200000
vt 0.332692 0.700000
vt 0.379136 0.700000
vt 0.378211 0.791453
vt 0.655211 0.726392
vt 0.620850 0.792308
vt 0.620850 0.700165
vt 0.332692 0.550000
vt 0.378211 0.458547
vt 0.379136 0.550000
vt 0.655211 0.523608
vt 0.620850 0.549835
vt 0.620850 0.457692
vt 0.379150 0.000000
vt 0.379150 0.050000
vt 0.379150 0.200000
vt 0.620850 0.957692
vt 0.379150 0.957692
vt 0.832692 0.550000
vt 0.379150 0.292308
vt 0.178333 0.690000
vt 0.178333 0.750000
vt 0.619290 0.000000
vt 0.625000 0.060000
vt 0.619290 0.060000
vt 0.178333 0.560000
vt 0.178333 0.500000
vt 0.625000 0.245718
vt 0.619290 0.303071
vt 0.619290 0.190000
vt 0.321667 0.690000
vt 0.380678 0.690000
vt 0.379145 0.801920
vt 0.659970 0.729022
vt 0.619290 0.803333
vt 0.619290 0.690338
vt 0.321667 0.560000
vt 0.379145 0.448081
vt 0.380678 0.560000
vt 0.659970 0.520978
vt 0.619290 0.559662
vt 0.619290 0.446667
vt 0.380710 0.060000
vt 0.380710 0.000000
vt 0.380710 0.190000
vt 0.619290 0.946667
vt 0.380710 0.946667
vt 0.821667 0.560000
vt 0.380710 0.303333
vt 0.137941 0.690000
vt 0.137941 0.750000
vt 0.612899 0.987059
vt 0.625000 0.987059
vt 0.612899 1.000000
vt 0.137941 0.560000
vt 0.137941 0.500000
vt 0.625000 0.255077
vt 0.612899 0.262941
vt 0.612899 0.190734
vt 0.362059 0.690000
vt 0.386953 0.690000
vt 0.385407 0.762066
vt 0.632965 0.718048
vt 0.612899 0.762941
vt 0.612899 0.690734
vt 0.362059 0.560000
vt 0.385407 0.487934
vt 0.386953 0.560000
vt 0.632965 0.532910
vt 0.612899 0.560000
vt 0.612899 0.487089
vt 0.612899 0.000000
vt 0.387101 0.060000
vt 0.387101 0.000000
vt 0.612899 0.060000
vt 0.387101 0.262941
vt 0.387101 0.190000
vt 0.387101 0.987059
vt 0.862059 0.560000
vt 0.138151 0.690000
vt 0.138151 0.750000
vt 0.612899 0.986849
vt 0.625000 0.986849
vt 0.138151 0.560000
vt 0.138151 0.500000
vt 0.625000 0.255142
vt 0.612899 0.263151
vt 0.612899 0.190734
vt 0.361849 0.690000
vt 0.385394 0.762262
vt 0.633097 0.718116
vt 0.612899 0.763151
vt 0.361849 0.560000
vt 0.385394 0.487738
vt 0.633097 0.532861
vt 0.612899 0.486880
vt 0.387101 0.263151
vt 0.387101 0.986849
vt 0.861849 0.560000
vt 1.000000 0.500000
vt 0.909091 1.000000
vt 0.909091 0.500000
vt 0.818182 0.500000
vt 0.727273 1.000000
vt 0.727273 0.500000
vt 0.636364 0.500000
vt 0.636364 1.000000
vt 0.545454 0.500000
vt 0.545454 1.000000
vt 0.454545 0.500000
vt 0.454545 1.000000
vt 0.363636 0.500000
vt 0.363636 1.000000
vt 0.272727 0.500000
vt 0.272727 1.000000
vt 0.181818 0.500000
vt 0.250000 0.490000
vt 0.068620 0.092833
vt 0.487557 0.215844
vt 0.181818 1.000000
vt 0.090909 0.500000
vt 0.090909 1.000000
vt -0.000000 0.500000
vt 0.879754 0.451901
vt 0.817616 0.019722
vt 0.531688 0.349700
vt 1.000000 1.000000
vt 0.800000 0.500000
vt 0.600000 0.500000
vt 0.400000 0.500000
vt 0.108932 0.055836
vt 0.391068 0.055836
vt 0.400000 1.000000
vt 0.200000 0.500000
vt 0.200000 1.000000
vt 0.000000 0.500000
vt 0.978254 0.324164
vt 0.608932 0.055836
vt 0.521746 0.324164
vt 0.185000 0.690000
vt 0.623074 0.940000
vt 0.625000 0.940000
vt 0.623074 1.000000
vt 0.625000 0.257429
vt 0.623074 0.310000
vt 0.623074 0.190113
vt 0.315000 0.690000
vt 0.376923 0.690000
vt 0.376399 0.809489
vt 0.664826 0.730348
vt 0.623074 0.810000
vt 0.623074 0.690113
vt 0.376399 0.440511
vt 0.376923 0.560000
vt 0.664826 0.528543
vt 0.623074 0.560000
vt 0.623074 0.440113
vt 0.623074 0.000000
vt 0.376926 0.060000
vt 0.376926 0.000000
vt 0.623074 0.060000
vt 0.376926 0.310000
vt 0.376926 0.190000
vt 0.376926 0.940000
vt 0.815000 0.560000
vt 0.185000 0.750000
vt 0.125000 0.690000
vt 0.621504 0.940000
vt 0.621504 1.000000
vt 0.185000 0.560000
vt 0.621504 0.310000
vt 0.621504 0.190205
vt 0.315000 0.690000
vt 0.378484 0.690000
vt 0.377509 0.809067
vt 0.621504 0.810000
vt 0.621504 0.690205
vt 0.315000 0.560000
vt 0.377509 0.440933
vt 0.378484 0.560000
vt 0.664826 0.528543
vt 0.621504 0.560000
vt 0.621504 0.440205
vt 0.621504 0.000000
vt 0.378496 0.060000
vt 0.378496 0.000000
vt 0.621504 0.060000
vt 0.378496 0.190000
vt 0.378496 0.940000
vt 0.378496 0.310000
vt 0.185000 0.690000
vt 0.621535 0.940000
vt 0.625000 0.940000
vt 0.621535 1.000000
vt 0.185000 0.560000
vt 0.125000 0.560000
vt 0.625000 0.257429
vt 0.621535 0.310000
vt 0.621535 0.190204
vt 0.378453 0.690000
vt 0.377487 0.809076
vt 0.621535 0.810000
vt 0.621535 0.690204
vt 0.315000 0.560000
vt 0.377487 0.440924
vt 0.378453 0.560000
vt 0.664826 0.528543
vt 0.621535 0.560000
vt 0.621535 0.440204
vt 0.378465 0.000000
vt 0.621535 0.060000
vt 0.378465 0.060000
vt 0.378465 0.310000
vt 0.378465 0.190000
vt 0.378465 0.940000
vt 0.888889 0.500000
vt 0.888889 1.000000
vt 0.777778 0.500000
vt 0.777778 1.000000
vt 0.666667 0.500000
vt 0.666667 1.000000
vt 0.555556 0.500000
vt 0.555556 1.000000
vt 0.444444 0.500000
vt 0.444444 1.000000
vt 0.333333 0.500000
vt 0.333333 1.000000
vt 0.222222 0.500000
vt 0.222222 1.000000
vt 0.111111 0.500000
vt 0.111111 1.000000
vt 0.000000 0.500000
vt 0.000000 1.000000
vt 0.167915 0.024474
vt 0.457846 0.130000
vt 0.904269 0.433851
vt 0.667915 0.024474
vt 0.513646 0.291676
vt 0.818182 1.000000
vt 0.068620 0.092833
vt 0.571429 0.500000
vt 0.500000 0.750000
vt 0.500000 0.500000
vt 0.571429 1.000000
vt 0.571429 0.000000
vt 0.500000 0.250000
vt 0.571429 0.250000
vt 0.642857 0.500000
vt 0.571429 0.750000
vt 0.642857 0.750000
vt 0.642857 0.000000
vt 0.642857 0.250000
vt 0.714286 0.750000
vt 0.714286 1.000000
vt 0.642857 1.000000
vt 0.714286 0.000000
vt 0.714286 0.250000
vt 0.785714 0.500000
vt 0.714286 0.500000
vt 0.785714 0.750000
vt 0.785714 0.250000
vt 0.857143 0.750000
vt 0.785714 1.000000
vt 0.857143 0.000000
vt 0.785714 0.000000
vt 0.857143 0.250000
vt 0.928571 0.500000
vt 0.857143 0.500000
vt 0.928571 0.750000
vt 0.857143 1.000000
vt 0.928571 0.000000
vt 0.928571 0.250000
vt 1.000000 0.750000
vt 0.928571 1.000000
vt 1.000000 0.250000
vt 0.071429 0.500000
vt -0.000000 0.750000
vt -0.000000 0.500000
vt 0.071429 0.750000
vt -0.000000 1.000000
vt 0.071429 0.000000
vt -0.000000 0.250000
vt -0.000000 0.000000
vt 0.071429 0.250000
vt 0.142857 0.500000
vt 0.142857 0.750000
vt 0.071429 1.000000
vt 0.142857 0.000000
vt 0.142857 0.250000
vt 0.214286 0.500000
vt 0.214286 0.750000
vt 0.142857 1.000000
vt 0.214286 0.000000
vt 0.214286 0.250000
vt 0.285714 0.500000
vt 0.285714 1.000000
vt 0.214286 1.000000
vt 0.285714 0.250000
vt 0.357143 0.750000
vt 0.285714 0.750000
vt 0.357143 1.000000
vt 0.285714 0.000000
vt 0.357143 0.250000
vt 0.428571 0.500000
vt 0.357143 0.500000
vt 0.428571 1.000000
vt 0.428571 0.000000
vt 0.357143 0.000000
vt 0.428571 0.750000
vt 0.428571 0.250000
vt 0.174091 0.690000
vt 0.174091 0.750000
vt 0.125000 0.690000
vt 0.615177 0.950909
vt 0.625000 0.950909
vt 0.615177 1.000000
vt 0.174091 0.560000
vt 0.174091 0.500000
vt 0.625000 0.258836
vt 0.615177 0.299091
vt 0.615177 0.190591
vt 0.325909 0.690000
vt 0.384726 0.690000
vt 0.382040 0.796772
vt 0.656948 0.728095
vt 0.615177 0.799091
vt 0.615177 0.690591
vt 0.325909 0.560000
vt 0.382040 0.453228
vt 0.384726 0.560000
vt 0.656948 0.528201
vt 0.615177 0.560000
vt 0.615177 0.451292
vt 0.384823 0.000000
vt 0.615177 0.060000
vt 0.384823 0.060000
vt 0.384823 0.299091
vt 0.384823 0.190000
vt 0.384823 0.950909
vt 0.825909 0.560000
vt 0.174091 0.690000
vt 0.174091 0.750000
vt 0.618500 0.950909
vt 0.625000 0.950909
vt 0.618500 1.000000
vt 0.174091 0.500000
vt 0.618500 0.299091
vt 0.618500 0.190386
vt 0.381458 0.690000
vt 0.379782 0.797574
vt 0.656948 0.728095
vt 0.618500 0.799091
vt 0.618500 0.690386
vt 0.325909 0.560000
vt 0.379782 0.452426
vt 0.381458 0.560000
vt 0.656948 0.528201
vt 0.618500 0.560000
vt 0.618500 0.451160
vt 0.618500 0.000000
vt 0.381500 0.060000
vt 0.381500 0.000000
vt 0.618500 0.060000
vt 0.381500 0.299091
vt 0.381500 0.190000
vt 0.381500 0.950909
vt 0.174091 0.690000
vt 0.615100 0.950909
vt 0.615100 1.000000
vt 0.625000 0.258836
vt 0.615100 0.299091
vt 0.615100 0.190596
vt 0.325909 0.690000
vt 0.384802 0.690000
vt 0.382091 0.796753
vt 0.615100 0.799091
vt 0.615099 0.690596
vt 0.325909 0.560000
vt 0.382091 0.453247
vt 0.384802 0.560000
vt 0.656948 0.528201
vt 0.615099 0.560000
vt 0.615099 0.451295
vt 0.384900 0.000000
vt 0.615099 0.060000
vt 0.384900 0.060000
vt 0.384901 0.299091
vt 0.384900 0.190000
vt 0.384901 0.950909
vt 0.825909 0.690000
vt 0.174091 0.690000
vt 0.174091 0.750000
vt 0.618508 0.950909
vt 0.618508 1.000000
vt 0.174091 0.560000
vt 0.618508 0.299091
vt 0.618508 0.190386
vt 0.381451 0.690000
vt 0.379777 0.797576
vt 0.656948 0.728095
vt 0.618508 0.799091
vt 0.618508 0.690386
vt 0.379777 0.452424
vt 0.381451 0.560000
vt 0.656948 0.528201
vt 0.618508 0.560000
vt 0.618508 0.451160
vt 0.618507 0.000000
vt 0.381492 0.060000
vt 0.381492 0.000000
vt 0.625000 0.060000
vt 0.618508 0.060000
vt 0.381492 0.190000
vt 0.381492 0.950909
vt 0.825909 0.560000
vt 0.381493 0.299091
vt 0.615077 0.950909
vt 0.615077 1.000000
vt 0.174091 0.560000
vt 0.625000 0.258836
vt 0.615077 0.299091
vt 0.615077 0.190597
vt 0.325909 0.690000
vt 0.384825 0.690000
vt 0.382106 0.796748
vt 0.615077 0.799091
vt 0.615077 0.690597
vt 0.325909 0.560000
vt 0.382106 0.453252
vt 0.384825 0.560000
vt 0.615076 0.560000
vt 0.615077 0.451296
vt 0.384923 0.000000
vt 0.615077 0.060000
vt 0.384923 0.060000
vt 0.384923 0.299091
vt 0.384923 0.190000
vt 0.384923 0.950909
vt 0.174091 0.690000
vt 0.618501 0.950909
vt 0.618501 1.000000
vt 0.625000 0.258836
vt 0.618501 0.299091
vt 0.618501 0.190386
vt 0.381458 0.690000
vt 0.379782 0.797574
vt 0.656948 0.728095
vt 0.618501 0.799091
vt 0.618501 0.690386
vt 0.379782 0.452426
vt 0.381458 0.560000
vt 0.656948 0.528201
vt 0.618501 0.560000
vt 0.618501 0.451160
vt 0.381499 0.000000
vt 0.618501 0.060000
vt 0.381499 0.060000
vt 0.381499 0.299091
vt 0.381499 0.190000
vt 0.381499 0.950909
vt 0.614983 0.950909
vt 0.614983 1.000000
vt 0.614983 0.299091
vt 0.614983 0.190603
vt 0.384917 0.690000
vt 0.382168 0.796725
vt 0.614983 0.799091
vt 0.614983 0.690603
vt 0.382168 0.453275
vt 0.384917 0.560000
vt 0.614983 0.560000
vt 0.614983 0.451300
vt 0.385017 0.000000
vt 0.614983 0.060000
vt 0.385017 0.060000
vt 0.385017 0.299091
vt 0.385017 0.190000
vt 0.385017 0.950909
vt 0.825909 0.690000
vt 0.618504 0.950909
vt 0.618504 1.000000
vt 0.174091 0.560000
vt 0.618504 0.299091
vt 0.618504 0.190386
vt 0.381454 0.690000
vt 0.379779 0.797575
vt 0.618504 0.799091
vt 0.618504 0.690386
vt 0.325909 0.560000
vt 0.379779 0.452425
vt 0.381454 0.560000
vt 0.618504 0.560000
vt 0.618504 0.451160
vt 0.618505 0.000000
vt 0.381496 0.060000
vt 0.381496 0.000000
vt 0.618504 0.060000
vt 0.381496 0.299091
vt 0.381496 0.190000
vt 0.381496 0.950909
vt 0.125000 0.690000
vt 0.615021 0.950909
vt 0.615021 1.000000
vt 0.615021 0.299091
vt 0.615021 0.190601
vt 0.384879 0.690000
vt 0.382143 0.796734
vt 0.615021 0.799091
vt 0.615021 0.690601
vt 0.382143 0.453266
vt 0.384879 0.560000
vt 0.615021 0.560000
vt 0.615021 0.451299
vt 0.384979 0.000000
vt 0.615021 0.060000
vt 0.384979 0.060000
vt 0.384979 0.190000
vt 0.384979 0.950909
vt 0.384979 0.299091
vt 0.174091 0.690000
vt 0.618487 0.950909
vt 0.618487 1.000000
vt 0.174091 0.500000
vt 0.625000 0.258836
vt 0.618487 0.299091
vt 0.618487 0.190387
vt 0.381471 0.690000
vt 0.379791 0.797571
vt 0.618487 0.799091
vt 0.618487 0.690387
vt 0.325909 0.560000
vt 0.379791 0.452429
vt 0.381471 0.560000
vt 0.656948 0.528201
vt 0.618487 0.560000
vt 0.618487 0.451160
vt 0.381513 0.000000
vt 0.618487 0.060000
vt 0.381513 0.060000
vt 0.381513 0.299091
vt 0.381513 0.190000
vt 0.381513 0.950909
vt 0.615017 0.950909
vt 0.615017 1.000000
vt 0.615017 0.299091
vt 0.615017 0.190601
vt 0.384883 0.690000
vt 0.382146 0.796733
vt 0.615017 0.799091
vt 0.615017 0.690601
vt 0.382146 0.453267
vt 0.384883 0.560000
vt 0.615017 0.560000
vt 0.615017 0.451299
vt 0.615017 0.000000
vt 0.384983 0.060000
vt 0.384983 0.000000
vt 0.615017 0.060000
vt 0.384983 0.190000
vt 0.384983 0.950909
vt 0.384983 0.299091
vt 0.174091 0.690000
vt 0.174091 0.750000
vt 0.618611 0.950909
vt 0.618611 1.000000
vt 0.174091 0.560000
vt 0.618611 0.299091
vt 0.618611 0.190380
vt 0.325909 0.690000
vt 0.381348 0.690000
vt 0.379704 0.797601
vt 0.656948 0.728095
vt 0.618611 0.799091
vt 0.618611 0.690380
vt 0.325909 0.560000
vt 0.379704 0.452399
vt 0.381348 0.560000
vt 0.656948 0.528201
vt 0.618611 0.560000
vt 0.618611 0.451155
vt 0.618611 0.000000
vt 0.381389 0.060000
vt 0.381389 0.000000
vt 0.618611 0.060000
vt 0.381389 0.190000
vt 0.381389 0.950909
vt 0.381389 0.299091
vt 0.174091 0.690000
vt 0.615074 0.950909
vt 0.615074 1.000000
vt 0.615074 0.299091
vt 0.615074 0.190598
vt 0.384827 0.690000
vt 0.382108 0.796747
vt 0.615074 0.799091
vt 0.615074 0.690597
vt 0.382108 0.453253
vt 0.384827 0.560000
vt 0.615074 0.560000
vt 0.615074 0.451296
vt 0.384926 0.000000
vt 0.615074 0.060000
vt 0.384926 0.060000
vt 0.384926 0.299091
vt 0.384926 0.190000
vt 0.384926 0.950909
vt 0.618595 0.950909
vt 0.618595 1.000000
vt 0.625000 0.258836
vt 0.618595 0.299091
vt 0.618595 0.190381
vt 0.381364 0.690000
vt 0.379716 0.797597
vt 0.618595 0.799091
vt 0.618595 0.690381
vt 0.379716 0.452403
vt 0.381364 0.560000
vt 0.618595 0.560000
vt 0.618595 0.451156
vt 0.618595 0.000000
vt 0.381405 0.060000
vt 0.381405 0.000000
vt 0.618595 0.060000
vt 0.381405 0.299091
vt 0.381405 0.190000
vt 0.381405 0.950909
vt 0.615026 0.950909
vt 0.615026 1.000000
vt 0.174091 0.560000
vt 0.615026 0.299091
vt 0.615026 0.190601
vt 0.384874 0.690000
vt 0.382140 0.796735
vt 0.656948 0.728095
vt 0.615026 0.799091
vt 0.615026 0.690601
vt 0.325909 0.560000
vt 0.382140 0.453265
vt 0.384874 0.560000
vt 0.615026 0.560000
vt 0.615026 0.451298
vt 0.615026 0.000000
vt 0.384974 0.060000
vt 0.384974 0.000000
vt 0.615026 0.060000
vt 0.384974 0.299091
vt 0.384974 0.190000
vt 0.384974 0.950909
vt 0.618503 0.950909
vt 0.625000 0.950909
vt 0.618503 1.000000
vt 0.618503 0.299091
vt 0.618503 0.190386
vt 0.381455 0.690000
vt 0.379780 0.797575
vt 0.656948 0.728095
vt 0.618503 0.799091
vt 0.618503 0.690386
vt 0.379780 0.452425
vt 0.381455 0.560000
vt 0.618503 0.560000
vt 0.618503 0.451160
vt 0.618503 0.000000
vt 0.381497 0.060000
vt 0.381497 0.000000
vt 0.618503 0.060000
vt 0.381497 0.190000
vt 0.381497 0.950909
vt 0.381497 0.299091
vt 0.615187 0.950909
vt 0.615187 1.000000
vt 0.615187 0.299091
vt 0.615187 0.190591
vt 0.384717 0.690000
vt 0.382034 0.796775
vt 0.615187 0.799091
vt 0.615187 0.690591
vt 0.325909 0.560000
vt 0.382034 0.453225
vt 0.384717 0.560000
vt 0.615187 0.560000
vt 0.615187 0.451292
vt 0.384813 0.000000
vt 0.615187 0.060000
vt 0.384813 0.060000
vt 0.384813 0.299091
vt 0.384813 0.190000
vt 0.384813 0.950909
vt 0.174091 0.750000
vt 0.618608 0.950909
vt 0.618608 1.000000
vt 0.125000 0.560000
vt 0.618608 0.299091
vt 0.618608 0.190380
vt 0.381351 0.690000
vt 0.379706 0.797600
vt 0.618608 0.799091
vt 0.618608 0.690380
vt 0.379706 0.452400
vt 0.381351 0.560000
vt 0.618608 0.560000
vt 0.618608 0.451156
vt 0.618608 0.000000
vt 0.381392 0.060000
vt 0.381392 0.000000
vt 0.618608 0.060000
vt 0.381392 0.299091
vt 0.381392 0.190000
vt 0.381392 0.950909
vt 0.000000 1.000000
vt 0.978254 0.324164
vt 0.521746 0.324164
vt 0.181819 0.000000
vt 0.227273 0.078731
vt 0.136365 0.078731
vt 0.272728 0.157461
vt 0.318182 0.078731
vt 0.363637 0.157461
vt 0.909091 0.000000
vt 0.954545 0.078731
vt 0.863636 0.078731
vt 0.727273 0.000000
vt 0.772727 0.078731
vt 0.681818 0.078731
vt 0.545455 0.000000
vt 0.590909 0.078731
vt 0.500000 0.078731
vt 0.318182 0.236191
vt 0.090910 0.157461
vt 0.181819 0.157461
vt 0.136365 0.236191
vt 0.818182 0.157461
vt 0.909091 0.157461
vt 0.863636 0.236191
vt 0.636364 0.157461
vt 0.727273 0.157461
vt 0.681818 0.236191
vt 0.454546 0.157461
vt 0.545455 0.157461
vt 0.500000 0.236191
vt 0.227273 0.236191
vt 0.045455 0.236191
vt 0.772727 0.236191
vt 0.590909 0.236191
vt 0.409092 0.236191
vt 0.181819 0.314921
vt 0.272728 0.314921
vt 0.227273 0.393651
vt 0.000000 0.314921
vt 0.090910 0.314921
vt 0.045455 0.393651
vt 0.727273 0.314921
vt 0.818182 0.314921
vt 0.772727 0.393651
vt 0.545455 0.314921
vt 0.636364 0.314921
vt 0.590909 0.393651
vt 0.363637 0.314921
vt 0.454546 0.314921
vt 0.409092 0.393651
vt 0.500000 0.393651
vt 0.454546 0.472382
vt 0.681818 0.393651
vt 0.636364 0.472382
vt 0.863636 0.393651
vt 0.818182 0.472382
vt 0.909091 0.314921
vt 0.136365 0.393651
vt 0.090910 0.472382
vt 0.318182 0.393651
vt 0.272728 0.472382
vt 0.954545 0.236191
vt 1.000000 0.157461
vt 0.409092 0.078731
vt 0.363637 0.000000
vt 0.859722 0.714744
vt 0.620652 0.965625
vt 0.866557 0.725000
vt 0.866567 0.725000
vt 0.866695 0.525000
vt 0.866781 0.725000
vt 0.872459 0.512712
vt 0.872532 0.737288
vt 0.872476 0.737288
vt 0.872540 0.737288
vt 0.872459 0.512712
vt 0.616956 0.954167
vt 0.616989 0.954167
vt 0.815000 0.560000
vt 0.616612 0.940000
vt 0.815000 0.560000
vt 0.622374 0.000000
vt 0.622370 0.000000
vt 0.625000 0.957692
vt 0.832692 0.700000
vt 0.625000 0.946667
vt 0.821667 0.690000
vt 0.862059 0.690000
vt 0.861849 0.690000
vt 0.468312 0.349700
vt 0.379754 0.451901
vt 0.120246 0.451901
vt 0.031688 0.349700
vt 0.012443 0.215844
vt 0.182384 0.019722
vt 0.317616 0.019722
vt 0.431380 0.092833
vt -0.000000 1.000000
vt 0.620246 0.451901
vt 0.750000 0.490000
vt 0.968312 0.349700
vt 0.987557 0.215844
vt 0.931380 0.092833
vt 0.682384 0.019722
vt 0.568620 0.092833
vt 0.512443 0.215844
vt 0.478254 0.324164
vt 0.021746 0.324164
vt 0.891068 0.055836
vt 0.815000 0.690000
vt 0.621535 0.000000
vt 0.486354 0.291676
vt 0.404269 0.433851
vt 0.095731 0.433851
vt 0.013646 0.291676
vt 0.042154 0.130000
vt 0.332085 0.024474
vt 0.595731 0.433851
vt 0.986354 0.291676
vt 0.957846 0.130000
vt 0.832085 0.024474
vt 0.542154 0.130000
vt 0.182384 0.019722
vt 0.431380 0.092833
vt 0.931380 0.092833
vt 0.568620 0.092833
vt 0.615177 0.000000
vt 0.615100 0.000000
vt 0.615077 0.000000
vt 0.618501 0.000000
vt 0.614983 0.000000
vt 0.615021 0.000000
vt 0.618487 0.000000
vt 0.615074 0.000000
vt 0.615187 0.000000
vt 0.478254 0.324164
vt 0.021746 0.324164
s 0
usemtl wood
f 1/1/1 2/2/1 3/3/1
f 4/4/2 5/5/2 6/6/2
f 7/7/3 8/8/3 9/9/3
f 10/10/4 11/11/4 12/12/4
f 13/13/5 3/3/5 14/14/5
f 4/4/6 3/3/6 2/2/6
f 10/10/7 5/5/7 4/4/7
f 10/10/8 9/9/8 11/11/8
f 2/15/9 8/8/9 7/7/9
f 14/14/10 6/6/10 16/16/10
f 19/17/11 1/18/11 13/19/11
f 4/20/12 7/7/12 10/10/12
f 5/5/13 18/21/13 15/22/13
f 11/11/14 20/23/14 17/24/14
f 19/17/15 9/9/15 8/8/15
f 17/24/16 12/12/16 11/11/16
f 5/5/17 16/16/17 6/6/17
f 16/16/18 18/21/18 20/23/18
f 21/25/19 22/2/19 23/26/19
f 24/27/20 25/28/20 26/29/20
f 27/7/21 28/30/21 29/31/21
f 30/32/22 31/33/22 32/34/22
f 33/35/23 23/26/23 34/36/23
f 22/2/24 26/29/24 23/26/24
f 30/32/25 25/28/25 24/27/25
f 30/32/26 29/31/26 31/33/26
f 22/15/27 28/30/27 27/7/27
f 34/36/28 26/29/28 36/37/28
f 39/38/29 21/39/29 33/40/29
f 24/20/30 27/7/30 30/32/30
f 25/28/31 38/41/31 35/42/31
f 31/33/32 40/43/32 37/44/32
f 39/38/33 29/31/33 28/30/33
f 37/44/34 32/34/34 31/33/34
f 25/28/35 36/37/35 26/29/35
f 36/37/18 38/41/18 40/43/18
f 41/45/36 42/46/36 43/47/36
f 44/48/37 45/49/37 46/50/37
f 47/51/38 48/52/38 49/53/38
f 50/54/39 51/55/39 52/56/39
f 53/57/40 43/47/40 54/58/40
f 42/46/41 46/50/41 43/47/41
f 50/54/42 45/49/42 44/48/42
f 47/51/43 51/55/43 50/54/43
f 47/51/44 41/59/44 48/52/44
f 54/58/45 46/50/45 56/60/45
f 59/61/46 41/59/46 53/62/46
f 50/54/47 42/63/47 47/51/47
f 45/49/48 58/64/48 55/65/48
f 51/55/49 60/66/49 57/67/49
f 48/52/50 60/66/50 49/53/50
f 57/67/51 52/56/51 51/55/51
f 55/65/52 46/50/52 45/49/52
f 56/60/18 58/64/18 60/66/18
f 61/68/53 62/69/53 63/70/53
f 64/71/54 65/72/54 66/73/54
f 67/74/55 68/75/55 69/76/55
f 70/77/56 71/78/56 72/79/56
f 61/68/57 74/80/57 73/81/57
f 62/69/58 66/73/58 63/70/58
f 70/77/59 65/72/59 64/71/59
f 67/74/60 71/78/60 70/77/60
f 62/82/61 68/75/61 67/74/61
f 74/80/62 66/73/62 76/83/62
f 68/75/63 73/84/63 79/85/63
f 64/86/64 67/74/64 70/77/64
f 75/87/65 72/79/65 78/88/65
f 71/78/66 80/89/66 77/90/66
f 79/85/67 69/76/67 68/75/67
f 71/78/68 78/88/68 72/79/68
f 65/72/69 76/83/69 66/73/69
f 76/83/18 78/88/18 80/89/18
f 81/91/70 82/92/70 83/93/70
f 84/94/71 85/95/71 86/96/71
f 87/97/72 88/98/72 89/99/72
f 90/100/73 91/101/73 92/102/73
f 93/103/74 94/104/74 95/105/74
f 96/106/75 97/107/75 98/108/75
f 99/109/76 100/110/76 101/111/76
f 102/112/77 103/113/77 104/114/77
f 87/97/78 83/93/78 88/98/78
f 82/115/79 86/116/79 83/117/79
f 90/100/80 86/116/80 85/118/80
f 89/119/81 92/102/81 91/101/81
f 87/97/82 100/110/82 99/109/82
f 102/112/83 91/101/83 90/100/83
f 101/111/84 104/114/84 103/113/84
f 99/109/85 94/104/85 93/103/85
f 96/106/86 103/113/86 102/112/86
f 95/105/87 98/108/87 97/107/87
f 93/103/88 82/92/88 81/91/88
f 85/95/89 97/107/89 96/106/89
f 99/109/90 81/91/90 87/97/90
f 86/116/91 88/120/91 83/117/91
f 97/107/92 82/121/92 95/105/92
f 90/122/93 96/106/93 102/112/93
f 91/101/94 100/110/94 89/119/94
f 101/111/95 98/108/95 94/104/95
f 105/123/96 106/124/96 107/125/96
f 108/126/97 109/127/97 110/96/97
f 111/128/98 112/98/98 113/129/98
f 114/130/99 115/131/99 116/132/99
f 117/133/100 118/134/100 119/135/100
f 120/136/101 121/137/101 122/138/101
f 123/139/102 124/140/102 125/141/102
f 126/142/103 127/143/103 128/144/103
f 111/128/104 107/125/104 112/98/104
f 106/145/105 110/146/105 107/147/105
f 114/130/106 110/146/106 109/118/106
f 113/148/107 116/132/107 115/131/107
f 111/128/108 124/140/108 123/139/108
f 114/130/109 128/144/109 115/131/109
f 127/143/110 124/140/110 128/144/110
f 123/139/111 118/134/111 117/133/111
f 120/136/112 127/143/112 126/142/112
f 121/137/113 118/134/113 122/138/113
f 117/133/114 106/124/114 105/123/114
f 109/127/115 121/137/115 120/136/115
f 123/139/116 105/123/116 111/128/116
f 110/146/117 112/149/117 107/147/117
f 121/137/118 106/150/118 119/135/118
f 114/151/119 120/136/119 126/142/119
f 115/131/120 124/140/120 113/148/120
f 125/141/121 122/138/121 118/134/121
f 129/152/122 130/153/122 131/93/122
f 132/154/123 133/155/123 134/96/123
f 135/156/124 136/98/124 137/157/124
f 138/158/125 139/159/125 140/160/125
f 141/161/126 142/134/126 143/162/126
f 144/163/127 145/164/127 146/108/127
f 147/165/128 148/166/128 149/167/128
f 150/168/129 151/143/129 152/169/129
f 135/156/130 131/93/130 136/98/130
f 130/145/131 134/146/131 131/147/131
f 138/158/132 134/146/132 133/118/132
f 139/159/133 136/149/133 140/160/133
f 135/156/134 148/166/134 147/165/134
f 150/168/135 139/159/135 138/158/135
f 149/167/136 152/169/136 151/143/136
f 147/165/137 142/134/137 141/161/137
f 150/168/138 146/108/138 151/143/138
f 143/162/139 146/108/139 145/164/139
f 129/152/140 143/162/140 130/153/140
f 133/155/141 145/164/141 144/163/141
f 147/165/142 129/152/142 135/156/142
f 134/146/143 136/149/143 131/147/143
f 145/164/144 130/170/144 143/162/144
f 150/168/145 133/171/145 144/163/145
f 137/172/146 152/169/146 148/166/146
f 151/143/147 142/134/147 149/167/147
f 153/173/148 154/174/148 155/125/148
f 156/175/149 157/176/149 158/96/149
f 159/177/150 160/98/150 161/178/150
f 162/179/151 163/180/151 164/160/151
f 165/181/152 166/182/152 167/183/152
f 168/184/153 169/185/153 170/186/153
f 171/187/154 172/188/154 173/189/154
f 174/190/155 175/191/155 176/192/155
f 153/173/156 160/98/156 159/177/156
f 154/145/157 158/193/157 155/147/157
f 157/118/158 164/160/158 158/193/158
f 161/194/159 164/160/159 163/180/159
f 159/177/160 172/188/160 171/187/160
f 174/190/161 163/180/161 162/179/161
f 175/191/162 172/188/162 176/192/162
f 171/187/163 166/182/163 165/181/163
f 168/184/164 175/191/164 174/190/164
f 167/183/165 170/186/165 169/185/165
f 165/181/166 154/174/166 153/173/166
f 168/184/167 156/175/167 169/185/167
f 159/177/168 165/181/168 153/173/168
f 158/193/169 160/149/169 155/147/169
f 167/183/170 156/175/170 154/195/170
f 162/196/171 168/184/171 174/190/171
f 163/180/172 172/188/172 161/194/172
f 173/189/173 170/186/173 166/182/173
f 389/198/237 390/199/237 391/200/237
f 392/201/238 393/202/238 394/96/238
f 395/203/239 396/204/239 397/205/239
f 398/206/240 399/207/240 400/208/240
f 401/209/241 402/210/241 403/211/241
f 404/212/242 405/213/242 406/214/242
f 407/215/243 408/216/243 409/217/243
f 410/218/244 411/219/244 412/220/244
f 389/198/245 396/204/245 395/203/245
f 390/145/246 394/221/246 391/222/246
f 398/206/247 394/221/247 393/223/247
f 397/224/248 400/208/248 399/207/248
f 395/203/249 408/216/249 407/215/249
f 410/218/250 399/207/250 398/206/250
f 409/217/251 412/220/251 411/219/251
f 407/215/252 402/210/252 401/209/252
f 404/212/253 411/219/253 410/218/253
f 403/211/254 406/214/254 405/213/254
f 389/198/255 403/211/255 390/199/255
f 393/202/256 405/213/256 404/212/256
f 395/203/257 401/209/257 389/198/257
f 394/221/258 396/225/258 391/222/258
f 405/213/259 390/226/259 403/211/259
f 410/218/260 393/227/260 404/212/260
f 397/224/261 412/220/261 408/216/261
f 409/217/262 406/214/262 402/210/262
f 413/228/263 414/229/263 415/200/263
f 416/230/264 417/231/264 418/96/264
f 419/232/265 420/204/265 421/233/265
f 422/234/266 423/235/266 424/236/266
f 425/237/267 426/210/267 427/238/267
f 428/239/268 429/240/268 430/241/268
f 431/242/269 432/243/269 433/217/269
f 434/244/270 435/219/270 436/245/270
f 413/228/271 420/204/271 419/232/271
f 416/246/272 415/222/272 414/145/272
f 422/234/273 418/247/273 417/223/273
f 423/235/274 420/248/274 424/236/274
f 431/242/275 421/233/275 432/243/275
f 434/244/276 423/235/276 422/234/276
f 435/219/277 432/243/277 436/245/277
f 431/242/278 426/210/278 425/237/278
f 428/239/279 435/219/279 434/244/279
f 427/238/280 430/241/280 429/240/280
f 413/228/281 427/238/281 414/229/281
f 417/231/282 429/240/282 428/239/282
f 431/242/283 413/228/283 419/232/283
f 418/247/284 420/248/284 415/222/284
f 429/240/285 414/249/285 427/238/285
f 422/250/286 428/239/286 434/244/286
f 421/251/287 436/245/287 432/243/287
f 435/219/288 426/210/288 433/217/288
f 437/252/289 438/253/289 439/200/289
f 440/254/290 441/255/290 442/96/290
f 443/256/291 444/204/291 445/257/291
f 446/258/292 447/259/292 448/208/292
f 449/260/293 450/210/293 451/261/293
f 452/262/294 453/263/294 454/214/294
f 455/264/295 456/265/295 457/217/295
f 458/266/296 459/219/296 460/267/296
f 437/252/297 444/204/297 443/256/297
f 440/246/298 439/268/298 438/145/298
f 446/258/299 442/269/299 441/223/299
f 447/259/300 444/270/300 448/208/300
f 443/256/301 456/265/301 455/264/301
f 458/266/302 447/259/302 446/258/302
f 459/219/303 456/265/303 460/267/303
f 455/264/304 450/210/304 449/260/304
f 452/262/305 459/219/305 458/266/305
f 451/261/306 454/214/306 453/263/306
f 449/260/307 438/253/307 437/252/307
f 441/255/308 453/263/308 452/262/308
f 443/256/309 449/260/309 437/252/309
f 442/269/310 444/270/310 439/268/310
f 453/263/311 438/271/311 451/261/311
f 446/272/312 452/262/312 458/266/312
f 447/259/313 456/265/313 445/273/313
f 457/217/314 454/214/314 450/210/314
f 461/274/315 462/275/315 463/200/315
f 464/276/316 465/277/316 466/96/316
f 467/278/317 468/204/317 469/279/317
f 470/280/318 471/281/318 472/208/318
f 473/282/319 474/210/319 475/283/319
f 476/284/320 477/285/320 478/286/320
f 479/287/321 480/288/321 481/217/321
f 482/289/322 483/219/322 484/290/322
f 461/274/323 468/204/323 467/278/323
f 462/145/324 466/247/324 463/222/324
f 465/223/325 472/208/325 466/247/325
f 471/281/326 468/248/326 472/208/326
f 467/278/327 480/288/327 479/287/327
f 470/280/328 484/290/328 471/281/328
f 481/217/329 484/290/329 483/219/329
f 479/287/330 474/210/330 473/282/330
f 476/284/331 483/219/331 482/289/331
f 475/283/332 478/286/332 477/285/332
f 473/282/333 462/275/333 461/274/333
f 465/277/334 477/285/334 476/284/334
f 479/287/335 461/274/335 467/278/335
f 466/247/336 468/248/336 463/222/336
f 475/283/337 464/276/337 462/291/337
f 470/292/338 476/284/338 482/289/338
f 469/293/339 484/290/339 480/288/339
f 481/217/340 478/286/340 474/210/340
f 485/294/341 486/295/341 487/200/341
f 488/296/342 489/297/342 490/96/342
f 491/298/343 492/204/343 493/299/343
f 494/300/344 495/301/344 496/302/344
f 497/303/345 498/210/345 499/304/345
f 500/305/346 501/306/346 502/241/346
f 503/307/347 504/308/347 505/309/347
f 506/310/348 507/311/348 508/312/348
f 485/294/349 492/204/349 491/298/349
f 486/145/350 490/247/350 487/222/350
f 494/300/351 490/247/351 489/223/351
f 495/301/352 492/248/352 496/302/352
f 491/298/353 504/308/353 503/307/353
f 506/310/354 495/301/354 494/300/354
f 505/309/355 508/312/355 507/311/355
f 503/307/356 498/210/356 497/303/356
f 500/305/357 507/311/357 506/310/357
f 499/304/358 502/241/358 501/306/358
f 497/303/359 486/295/359 485/294/359
f 489/297/360 501/306/360 500/305/360
f 503/307/361 485/294/361 491/298/361
f 490/247/362 492/248/362 487/222/362
f 501/306/363 486/313/363 499/304/363
f 506/310/364 489/314/364 500/305/364
f 495/301/365 504/308/365 493/315/365
f 507/311/366 498/210/366 505/309/366
f 509/316/367 510/317/367 511/318/367
f 512/319/368 513/320/368 514/321/368
f 515/322/369 516/323/369 517/324/369
f 518/325/370 519/326/370 520/327/370
f 521/328/371 522/329/371 523/330/371
f 524/331/372 525/332/372 526/333/372
f 527/334/373 528/335/373 529/336/373
f 530/337/374 531/338/374 532/339/374
f 509/316/375 516/323/375 515/322/375
f 512/319/376 511/340/376 510/341/376
f 518/325/377 514/321/377 513/320/377
f 517/342/378 520/327/378 519/326/378
f 527/334/379 517/324/379 528/335/379
f 530/337/380 519/326/380 518/325/380
f 531/338/381 528/335/381 532/339/381
f 527/334/382 522/329/382 521/328/382
f 524/331/383 531/338/383 530/337/383
f 523/330/384 526/333/384 525/332/384
f 509/316/385 523/330/385 510/317/385
f 513/343/386 525/332/386 524/331/386
f 527/334/387 509/316/387 515/322/387
f 514/321/388 516/344/388 511/340/388
f 525/332/389 510/345/389 523/330/389
f 530/337/390 513/346/390 524/331/390
f 519/326/391 528/335/391 517/342/391
f 531/338/392 522/329/392 529/336/392
f 533/347/393 534/348/393 535/349/393
f 536/350/394 537/351/394 538/352/394
f 539/353/395 540/354/395 541/355/395
f 542/356/396 543/357/396 544/358/396
f 545/359/397 546/360/397 547/361/397
f 548/331/398 549/362/398 550/363/398
f 551/334/399 552/364/399 553/365/399
f 554/337/400 555/366/400 556/367/400
f 533/347/401 540/354/401 539/353/401
f 536/350/402 535/368/402 534/369/402
f 542/356/403 538/352/403 537/351/403
f 543/357/404 540/370/404 544/358/404
f 539/353/405 552/364/405 551/334/405
f 554/337/406 543/357/406 542/356/406
f 553/365/407 556/367/407 555/366/407
f 545/359/408 553/365/408 546/360/408
f 554/337/409 550/363/409 555/366/409
f 547/361/410 550/363/410 549/362/410
f 545/359/411 534/348/411 533/347/411
f 537/343/412 549/362/412 548/331/412
f 551/334/413 533/347/413 539/353/413
f 538/352/414 540/370/414 535/368/414
f 549/362/415 534/371/415 547/361/415
f 542/372/416 548/331/416 554/337/416
f 543/357/417 552/364/417 541/373/417
f 555/366/418 546/360/418 553/365/418
f 557/374/419 558/375/419 559/376/419
f 560/377/420 561/378/420 562/379/420
f 563/380/421 564/381/421 565/382/421
f 566/383/422 567/384/422 568/385/422
f 569/386/423 570/387/423 571/388/423
f 572/389/424 573/390/424 574/391/424
f 575/392/425 576/393/425 577/394/425
f 578/395/426 579/396/426 580/397/426
f 563/380/427 559/376/427 564/381/427
f 560/377/428 559/398/428 558/399/428
f 561/378/429 568/385/429 562/379/429
f 565/400/430 568/385/430 567/384/430
f 575/392/431 565/382/431 576/393/431
f 578/395/432 567/384/432 566/383/432
f 577/394/433 580/397/433 579/396/433
f 575/392/434 570/387/434 569/386/434
f 572/389/435 579/396/435 578/395/435
f 573/390/436 570/387/436 574/391/436
f 569/386/437 558/375/437 557/374/437
f 572/389/438 560/401/438 573/390/438
f 563/380/439 569/386/439 557/374/439
f 562/379/440 564/402/440 559/398/440
f 573/390/441 558/403/441 571/388/441
f 578/395/442 561/404/442 572/389/442
f 567/384/443 576/393/443 565/400/443
f 579/396/444 570/387/444 577/394/444
f 581/405/445 582/406/445 583/376/445
f 584/407/446 585/408/446 586/409/446
f 587/410/447 588/381/447 589/411/447
f 590/412/448 591/413/448 592/414/448
f 593/415/449 594/416/449 595/417/449
f 596/418/450 597/419/450 598/420/450
f 599/392/451 600/421/451 601/422/451
f 602/423/452 603/424/452 604/425/452
f 587/410/453 583/376/453 588/381/453
f 584/407/454 583/426/454 582/427/454
f 585/408/455 592/414/455 586/409/455
f 589/428/456 592/414/456 591/413/456
f 599/392/457 589/411/457 600/421/457
f 602/423/458 591/413/458 590/412/458
f 601/422/459 604/425/459 603/424/459
f 599/392/460 594/416/460 593/415/460
f 596/418/461 603/424/461 602/423/461
f 595/417/462 598/420/462 597/419/462
f 593/415/463 582/406/463 581/405/463
f 585/429/464 597/419/464 596/418/464
f 599/392/465 581/405/465 587/410/465
f 586/409/466 588/430/466 583/426/466
f 595/417/467 584/431/467 582/432/467
f 602/423/468 585/404/468 596/418/468
f 591/413/469 600/421/469 589/428/469
f 601/422/470 598/420/470 594/416/470
f 605/405/471 606/433/471 607/376/471
f 608/434/472 609/408/472 610/435/472
f 611/410/473 612/436/473 613/411/473
f 614/412/474 615/437/474 616/438/474
f 617/439/475 618/440/475 619/441/475
f 620/442/476 621/443/476 622/444/476
f 623/445/477 624/446/477 625/447/477
f 626/395/478 627/448/478 628/449/478
f 605/405/479 612/436/479 611/410/479
f 606/450/480 610/435/480 607/451/480
f 614/412/481 610/435/481 609/408/481
f 613/452/482 616/438/482 615/437/482
f 611/410/483 624/446/483 623/445/483
f 626/395/484 615/437/484 614/412/484
f 625/447/485 628/449/485 627/448/485
f 617/439/486 625/447/486 618/440/486
f 626/395/487 622/444/487 627/448/487
f 619/441/488 622/444/488 621/443/488
f 617/439/489 606/433/489 605/405/489
f 620/442/490 608/453/490 621/443/490
f 623/445/491 605/405/491 611/410/491
f 610/435/492 612/454/492 607/451/492
f 619/441/493 608/453/493 606/455/493
f 626/395/494 609/404/494 620/442/494
f 613/452/495 628/449/495 624/446/495
f 625/447/496 622/444/496 618/440/496
f 629/456/497 630/457/497 631/458/497
f 632/459/498 633/460/498 634/461/498
f 635/462/499 636/463/499 637/411/499
f 638/464/500 639/465/500 640/466/500
f 641/467/501 642/468/501 643/469/501
f 644/470/502 645/471/502 646/472/502
f 647/473/503 648/474/503 649/475/503
f 650/395/504 651/476/504 652/477/504
f 629/456/505 636/463/505 635/462/505
f 632/459/506 631/478/506 630/479/506
f 638/464/507 634/461/507 633/460/507
f 637/480/508 640/466/508 639/465/508
f 635/462/509 648/474/509 647/473/509
f 638/464/510 652/477/510 639/465/510
f 649/475/511 652/477/511 651/476/511
f 641/467/512 649/475/512 642/468/512
f 650/395/513 646/472/513 651/476/513
f 643/469/514 646/472/514 645/471/514
f 641/467/515 630/457/515 629/456/515
f 633/429/516 645/471/516 644/470/516
f 635/462/517 641/467/517 629/456/517
f 631/478/518 640/466/518 636/481/518
f 645/471/519 630/482/519 643/469/519
f 650/395/520 633/483/520 644/470/520
f 639/465/521 648/474/521 637/480/521
f 651/476/522 642/468/522 649/475/522
f 653/484/523 654/485/523 655/376/523
f 656/486/524 657/487/524 658/488/524
f 659/489/525 660/381/525 661/490/525
f 662/491/526 663/492/526 664/493/526
f 665/494/527 666/495/527 667/496/527
f 668/497/528 669/498/528 670/499/528
f 671/500/529 672/501/529 673/502/529
f 674/503/530 675/504/530 676/505/530
f 653/484/531 660/381/531 659/489/531
f 654/506/532 658/507/532 655/508/532
f 657/509/533 664/493/533 658/507/533
f 663/492/534 660/510/534 664/493/534
f 659/489/535 672/501/535 671/500/535
f 674/503/536 663/492/536 662/491/536
f 673/502/537 676/505/537 675/504/537
f 671/500/538 666/495/538 665/494/538
f 674/503/539 670/499/539 675/504/539
f 667/496/540 670/499/540 669/498/540
f 665/494/541 654/485/541 653/484/541
f 657/487/542 669/498/542 668/497/542
f 659/489/543 665/494/543 653/484/543
f 658/507/544 660/510/544 655/508/544
f 667/496/545 656/486/545 654/511/545
f 662/512/546 668/497/546 674/503/546
f 663/492/547 672/501/547 661/513/547
f 675/504/548 666/495/548 673/502/548
f 677/514/549 678/515/549 679/376/549
f 680/516/550 681/517/550 682/518/550
f 683/519/551 684/463/551 685/520/551
f 686/521/552 687/522/552 688/523/552
f 689/524/553 690/525/553 691/526/553
f 692/527/554 693/528/554 694/529/554
f 695/530/555 696/531/555 697/532/555
f 698/533/556 699/534/556 700/535/556
f 683/519/557 679/376/557 684/463/557
f 678/536/558 682/537/558 679/538/558
f 686/521/559 682/537/559 681/408/559
f 685/539/560 688/523/560 687/522/560
f 683/519/561 696/531/561 695/530/561
f 686/521/562 700/535/562 687/522/562
f 699/534/563 696/531/563 700/535/563
f 689/524/564 697/532/564 690/525/564
f 692/527/565 699/534/565 698/533/565
f 691/526/566 694/529/566 693/528/566
f 689/524/567 678/515/567 677/514/567
f 692/527/568 680/516/568 693/528/568
f 695/530/569 677/514/569 683/519/569
f 682/537/570 684/540/570 679/538/570
f 691/526/571 680/516/571 678/541/571
f 698/533/572 681/542/572 692/527/572
f 687/522/573 696/531/573 685/539/573
f 699/534/574 690/525/574 697/532/574
f 701/543/575 702/544/575 703/376/575
f 704/545/576 705/487/576 706/546/576
f 707/519/577 708/547/577 709/548/577
f 710/549/578 711/550/578 712/551/578
f 713/552/579 714/553/579 715/554/579
f 716/497/580 717/555/580 718/556/580
f 719/557/581 720/558/581 721/559/581
f 722/533/582 723/560/582 724/561/582
f 707/519/583 703/376/583 708/547/583
f 704/562/584 703/563/584 702/564/584
f 710/549/585 706/565/585 705/509/585
f 709/566/586 712/551/586 711/550/586
f 719/557/587 709/548/587 720/558/587
f 710/549/588 724/561/588 711/550/588
f 721/559/589 724/561/589 723/560/589
f 713/552/590 721/559/590 714/553/590
f 716/497/591 723/560/591 722/533/591
f 715/554/592 718/556/592 717/555/592
f 713/552/593 702/544/593 701/543/593
f 705/487/594 717/555/594 716/497/594
f 707/519/595 713/552/595 701/543/595
f 706/565/596 708/567/596 703/563/596
f 715/554/597 704/545/597 702/568/597
f 710/512/598 716/497/598 722/533/598
f 709/566/599 724/561/599 720/558/599
f 723/560/600 714/553/600 721/559/600
f 725/514/601 726/544/601 727/376/601
f 728/569/602 729/517/602 730/570/602
f 731/571/603 732/463/603 733/520/603
f 734/572/604 735/573/604 736/574/604
f 737/575/605 738/576/605 739/577/605
f 740/578/606 741/579/606 742/580/606
f 743/530/607 744/581/607 745/582/607
f 746/583/608 747/584/608 748/585/608
f 725/514/609 732/463/609 731/571/609
f 728/586/610 727/587/610 726/588/610
f 729/509/611 736/574/611 730/589/611
f 733/590/612 736/574/612 735/573/612
f 731/571/613 744/581/613 743/530/613
f 746/583/614 735/573/614 734/572/614
f 745/582/615 748/585/615 747/584/615
f 743/530/616 738/576/616 737/575/616
f 746/583/617 742/580/617 747/584/617
f 739/577/618 742/580/618 741/579/618
f 725/514/619 739/577/619 726/544/619
f 740/578/620 728/569/620 741/579/620
f 743/530/621 725/514/621 731/571/621
f 730/589/622 732/591/622 727/587/622
f 741/579/623 726/592/623 739/577/623
f 746/583/624 729/593/624 740/578/624
f 735/573/625 744/581/625 733/590/625
f 747/584/626 738/576/626 745/582/626
f 799/659/677 800/660/677 801/661/677
f 802/662/678 803/663/678 804/664/678
f 805/665/679 806/666/679 807/667/679
f 808/668/680 809/669/680 810/670/680
f 811/671/681 812/672/681 813/673/681
f 814/674/682 815/675/682 816/676/682
f 817/677/683 818/678/683 819/679/683
f 820/680/684 821/681/684 822/682/684
f 799/659/685 806/666/685 805/665/685
f 800/683/686 804/664/686 801/684/686
f 803/663/687 810/670/687 804/664/687
f 809/669/688 806/685/688 810/670/688
f 805/665/689 818/678/689 817/677/689
f 820/680/690 809/669/690 808/668/690
f 821/681/691 818/678/691 822/682/691
f 817/677/692 812/672/692 811/671/692
f 820/680/693 816/676/693 821/681/693
f 813/673/694 816/676/694 815/675/694
f 799/659/695 813/673/695 800/660/695
f 814/674/696 802/686/696 815/675/696
f 817/677/697 799/659/697 805/665/697
f 804/664/698 806/685/698 801/684/698
f 815/675/699 800/687/699 813/673/699
f 808/688/700 814/674/700 820/680/700
f 807/689/701 822/682/701 818/678/701
f 821/681/702 812/672/702 819/679/702
f 823/690/703 824/691/703 825/376/703
f 826/692/704 827/693/704 828/694/704
f 829/695/705 830/381/705 831/696/705
f 832/697/706 833/698/706 834/699/706
f 835/700/707 836/701/707 837/702/707
f 838/703/708 839/704/708 840/705/708
f 841/706/709 842/707/709 843/708/709
f 844/709/710 845/710/710 846/711/710
f 829/695/711 825/376/711 830/381/711
f 826/692/712 825/712/712 824/713/712
f 827/693/713 834/699/713 828/694/713
f 833/698/714 830/714/714 834/699/714
f 829/695/715 842/707/715 841/706/715
f 844/709/716 833/698/716 832/697/716
f 843/708/717 846/711/717 845/710/717
f 841/706/718 836/701/718 835/700/718
f 838/703/719 845/710/719 844/709/719
f 837/702/720 840/705/720 839/704/720
f 823/690/721 837/702/721 824/691/721
f 838/703/722 826/715/722 839/704/722
f 841/706/723 823/690/723 829/695/723
f 825/712/724 834/699/724 830/714/724
f 839/704/725 824/716/725 837/702/725
f 832/717/726 838/703/726 844/709/726
f 831/718/727 846/711/727 842/707/727
f 845/710/728 836/701/728 843/708/728
f 895/719/737 896/720/737 897/376/737
f 898/721/738 899/722/738 900/723/738
f 901/724/739 902/381/739 903/725/739
f 904/726/740 905/727/740 906/728/740
f 907/729/741 908/730/741 909/731/741
f 910/732/742 911/733/742 912/734/742
f 913/735/743 914/736/743 915/737/743
f 916/738/744 917/739/744 918/740/744
f 895/719/745 902/381/745 901/724/745
f 898/741/746 897/742/746 896/743/746
f 904/726/747 900/744/747 899/378/747
f 903/745/748 906/728/748 905/727/748
f 901/724/749 914/736/749 913/735/749
f 916/738/750 905/727/750 904/726/750
f 915/737/751 918/740/751 917/739/751
f 913/735/752 908/730/752 907/729/752
f 910/732/753 917/739/753 916/738/753
f 909/731/754 912/734/754 911/733/754
f 907/729/755 896/720/755 895/719/755
f 899/722/756 911/733/756 910/732/756
f 913/735/18 895/719/18 901/724/18
f 900/744/757 902/746/757 897/742/757
f 911/733/758 896/747/758 909/731/758
f 904/748/176 910/732/176 916/738/176
f 905/727/759 914/736/759 903/745/759
f 917/739/760 908/730/760 915/737/760
f 919/749/761 920/750/761 921/376/761
f 922/751/762 923/752/762 924/723/762
f 925/753/763 926/381/763 927/754/763
f 928/755/764 929/756/764 930/757/764
f 931/758/765 932/730/765 933/759/765
f 934/760/766 935/761/766 936/734/766
f 937/762/767 938/763/767 939/737/767
f 940/764/768 941/739/768 942/765/768
f 919/749/745 926/381/745 925/753/745
f 922/741/746 921/742/746 920/743/746
f 928/755/747 924/744/747 923/378/747
f 927/766/748 930/757/748 929/756/748
f 925/753/749 938/763/749 937/762/749
f 940/764/750 929/756/750 928/755/750
f 939/737/751 942/765/751 941/739/751
f 937/762/752 932/730/752 931/758/752
f 934/760/753 941/739/753 940/764/753
f 933/759/754 936/734/754 935/761/754
f 931/758/755 920/750/755 919/749/755
f 923/752/756 935/761/756 934/760/756
f 937/762/18 919/749/18 925/753/18
f 924/744/757 926/746/757 921/742/757
f 935/761/758 920/767/758 933/759/758
f 928/768/176 934/760/176 940/764/176
f 929/756/759 938/763/759 927/766/759
f 941/739/760 932/730/760 939/737/760
f 13/13/5 1/1/5 3/3/5
f 4/4/6 6/6/6 3/3/6
f 10/10/1777 12/12/1777 5/5/1777
f 10/10/8 7/7/8 9/9/8
f 2/15/1778 1/18/1778 8/8/1778
f 14/14/10 3/3/10 6/6/10
f 19/17/11 8/8/11 1/18/11
f 4/20/12 2/1445/12 7/7/12
f 5/5/13 12/12/13 18/21/13
f 11/11/14 9/9/14 20/23/14
f 19/17/15 20/23/15 9/9/15
f 17/24/16 18/21/16 12/12/16
f 5/5/17 15/22/17 16/16/17
f 20/23/18 19/17/18 13/19/18
f 13/19/18 14/14/18 16/16/18
f 16/16/18 15/22/18 18/21/18
f 18/21/18 17/24/18 20/23/18
f 20/23/18 13/19/18 16/16/18
f 33/35/23 21/25/23 23/26/23
f 22/2/24 24/27/24 26/29/24
f 30/32/25 32/34/25 25/28/25
f 30/32/26 27/7/26 29/31/26
f 22/15/27 21/39/27 28/30/27
f 34/36/28 23/26/28 26/29/28
f 39/38/29 28/30/29 21/39/29
f 24/20/30 22/1445/30 27/7/30
f 25/28/31 32/34/31 38/41/31
f 31/33/32 29/31/32 40/43/32
f 39/38/33 40/43/33 29/31/33
f 37/44/34 38/41/34 32/34/34
f 25/28/35 35/42/35 36/37/35
f 40/43/18 39/38/18 33/40/18
f 33/40/18 34/36/18 36/37/18
f 36/37/18 35/42/18 38/41/18
f 38/41/18 37/44/18 40/43/18
f 40/43/18 33/40/18 36/37/18
f 53/57/40 41/45/40 43/47/40
f 42/46/41 44/48/41 46/50/41
f 50/54/42 52/56/42 45/49/42
f 47/51/43 49/53/43 51/55/43
f 47/51/44 42/82/44 41/59/44
f 54/58/45 43/47/45 46/50/45
f 59/61/46 48/52/46 41/59/46
f 50/54/47 44/86/47 42/63/47
f 45/49/48 52/56/48 58/64/48
f 51/55/49 49/53/49 60/66/49
f 48/52/50 59/61/50 60/66/50
f 57/67/51 58/64/51 52/56/51
f 55/65/52 56/60/52 46/50/52
f 60/66/18 59/61/18 53/62/18
f 53/62/18 54/58/18 56/60/18
f 56/60/18 55/65/18 58/64/18
f 58/64/18 57/67/18 60/66/18
f 60/66/18 53/62/18 56/60/18
f 61/68/57 63/70/57 74/80/57
f 62/69/58 64/71/58 66/73/58
f 70/77/59 72/79/59 65/72/59
f 67/74/60 69/76/60 71/78/60
f 62/82/61 61/1446/61 68/75/61
f 74/80/62 63/70/62 66/73/62
f 68/75/63 61/1446/63 73/84/63
f 64/86/64 62/63/64 67/74/64
f 75/87/65 65/72/65 72/79/65
f 71/78/66 69/76/66 80/89/66
f 79/85/67 80/89/67 69/76/67
f 71/78/68 77/90/68 78/88/68
f 65/72/69 75/87/69 76/83/69
f 80/89/18 79/85/18 73/84/18
f 73/84/18 74/80/18 76/83/18
f 76/83/18 75/87/18 78/88/18
f 78/88/18 77/90/18 80/89/18
f 80/89/18 73/84/18 76/83/18
f 87/97/78 81/91/78 83/93/78
f 82/115/79 84/246/79 86/116/79
f 90/100/80 92/102/80 86/116/80
f 89/119/81 88/120/81 92/102/81
f 87/97/82 89/99/82 100/110/82
f 102/112/83 104/114/83 91/101/83
f 101/111/84 100/110/84 104/114/84
f 99/109/85 101/111/85 94/104/85
f 96/106/86 98/108/86 103/113/86
f 95/105/87 94/104/87 98/108/87
f 93/103/88 95/105/88 82/92/88
f 85/95/89 84/94/89 97/107/89
f 99/109/90 93/103/90 81/91/90
f 86/116/91 92/102/91 88/120/91
f 97/107/92 84/94/92 82/121/92
f 90/122/93 85/1447/93 96/106/93
f 91/101/94 104/114/94 100/110/94
f 101/111/95 103/113/95 98/108/95
f 111/128/104 105/123/104 107/125/104
f 106/145/105 108/246/105 110/146/105
f 114/130/106 116/132/106 110/146/106
f 113/148/107 112/149/107 116/132/107
f 111/128/108 113/129/108 124/140/108
f 114/130/109 126/142/109 128/144/109
f 127/143/110 125/141/110 124/140/110
f 123/139/111 125/141/111 118/134/111
f 120/136/112 122/138/112 127/143/112
f 121/137/113 119/135/113 118/134/113
f 117/133/114 119/135/114 106/124/114
f 109/127/115 108/126/115 121/137/115
f 123/139/116 117/133/116 105/123/116
f 110/146/117 116/132/117 112/149/117
f 121/137/118 108/126/118 106/150/118
f 114/151/119 109/1448/119 120/136/119
f 115/131/120 128/144/120 124/140/120
f 125/141/121 127/143/121 122/138/121
f 135/156/130 129/152/130 131/93/130
f 130/145/131 132/246/131 134/146/131
f 138/158/1779 140/160/1779 134/146/1779
f 139/159/133 137/172/133 136/149/133
f 135/156/134 137/157/134 148/166/134
f 150/168/135 152/169/135 139/159/135
f 149/167/136 148/166/136 152/169/136
f 147/165/137 149/167/137 142/134/137
f 150/168/138 144/163/138 146/108/138
f 143/162/139 142/134/139 146/108/139
f 129/152/140 141/161/140 143/162/140
f 133/155/141 132/154/141 145/164/141
f 147/165/142 141/161/142 129/152/142
f 134/146/143 140/160/143 136/149/143
f 145/164/144 132/154/144 130/170/144
f 150/168/145 138/1449/145 133/171/145
f 137/172/146 139/159/146 152/169/146
f 151/143/147 146/108/147 142/134/147
f 153/173/1780 155/125/1780 160/98/1780
f 154/145/157 156/246/157 158/193/157
f 157/118/1781 162/179/1781 164/160/1781
f 161/194/159 160/149/159 164/160/159
f 159/177/160 161/178/160 172/188/160
f 174/190/161 176/192/161 163/180/161
f 175/191/162 173/189/162 172/188/162
f 171/187/163 173/189/163 166/182/163
f 168/184/164 170/186/164 175/191/164
f 167/183/165 166/182/165 170/186/165
f 165/181/166 167/183/166 154/174/166
f 168/184/167 157/176/167 156/175/167
f 159/177/168 171/187/168 165/181/168
f 158/193/169 164/160/169 160/149/169
f 167/183/170 169/185/170 156/175/170
f 162/196/171 157/1450/171 168/184/171
f 163/180/172 176/192/172 172/188/172
f 173/189/173 175/191/173 170/186/173
f 389/198/245 391/200/245 396/204/245
f 390/145/246 392/246/246 394/221/246
f 398/206/247 400/208/247 394/221/247
f 397/224/248 396/225/248 400/208/248
f 395/203/249 397/205/249 408/216/249
f 410/218/250 412/220/250 399/207/250
f 409/217/251 408/216/251 412/220/251
f 407/215/252 409/217/252 402/210/252
f 404/212/253 406/214/253 411/219/253
f 403/211/254 402/210/254 406/214/254
f 389/198/255 401/209/255 403/211/255
f 393/202/256 392/201/256 405/213/256
f 395/203/257 407/215/257 401/209/257
f 394/221/258 400/208/258 396/225/258
f 405/213/259 392/201/259 390/226/259
f 410/218/260 398/1451/260 393/227/260
f 397/224/261 399/207/261 412/220/261
f 409/217/262 411/219/262 406/214/262
f 413/228/1782 415/200/1782 420/204/1782
f 416/246/272 418/247/272 415/222/272
f 422/234/273 424/236/273 418/247/273
f 423/235/1783 421/251/1783 420/248/1783
f 431/242/275 419/232/275 421/233/275
f 434/244/276 436/245/276 423/235/276
f 435/219/277 433/217/277 432/243/277
f 431/242/278 433/217/278 426/210/278
f 428/239/279 430/241/279 435/219/279
f 427/238/280 426/210/280 430/241/280
f 413/228/281 425/237/281 427/238/281
f 417/231/282 416/230/282 429/240/282
f 431/242/283 425/237/283 413/228/283
f 418/247/284 424/236/284 420/248/284
f 429/240/285 416/230/285 414/249/285
f 422/250/286 417/1452/286 428/239/286
f 421/251/287 423/235/287 436/245/287
f 435/219/288 430/241/288 426/210/288
f 437/252/1784 439/200/1784 444/204/1784
f 440/246/298 442/269/298 439/268/298
f 446/258/299 448/208/299 442/269/299
f 447/259/300 445/273/300 444/270/300
f 443/256/301 445/257/301 456/265/301
f 458/266/302 460/267/302 447/259/302
f 459/219/303 457/217/303 456/265/303
f 455/264/304 457/217/304 450/210/304
f 452/262/1785 454/214/1785 459/219/1785
f 451/261/306 450/210/306 454/214/306
f 449/260/307 451/261/307 438/253/307
f 441/255/308 440/254/308 453/263/308
f 443/256/309 455/264/309 449/260/309
f 442/269/310 448/208/310 444/270/310
f 453/263/311 440/254/311 438/271/311
f 446/272/312 441/1453/312 452/262/312
f 447/259/313 460/267/313 456/265/313
f 457/217/314 459/219/314 454/214/314
f 461/274/323 463/200/323 468/204/323
f 462/145/324 464/246/324 466/247/324
f 465/223/325 470/280/325 472/208/325
f 471/281/326 469/293/326 468/248/326
f 467/278/327 469/279/327 480/288/327
f 470/280/328 482/289/328 484/290/328
f 481/217/329 480/288/329 484/290/329
f 479/287/330 481/217/330 474/210/330
f 476/284/331 478/286/331 483/219/331
f 475/283/1786 474/210/1786 478/286/1786
f 473/282/333 475/283/333 462/275/333
f 465/277/334 464/276/334 477/285/334
f 479/287/335 473/282/335 461/274/335
f 466/247/336 472/208/336 468/248/336
f 475/283/337 477/285/337 464/276/337
f 470/292/338 465/1454/338 476/284/338
f 469/293/339 471/281/339 484/290/339
f 481/217/340 483/219/340 478/286/340
f 485/294/349 487/200/349 492/204/349
f 486/145/350 488/246/350 490/247/350
f 494/300/351 496/302/351 490/247/351
f 495/301/352 493/315/352 492/248/352
f 491/298/353 493/299/353 504/308/353
f 506/310/354 508/312/354 495/301/354
f 505/309/355 504/308/355 508/312/355
f 503/307/356 505/309/356 498/210/356
f 500/305/357 502/241/357 507/311/357
f 499/304/358 498/210/358 502/241/358
f 497/303/359 499/304/359 486/295/359
f 489/297/360 488/296/360 501/306/360
f 503/307/361 497/303/361 485/294/361
f 490/247/362 496/302/362 492/248/362
f 501/306/363 488/296/363 486/313/363
f 506/310/364 494/1455/364 489/314/364
f 495/301/365 508/312/365 504/308/365
f 507/311/366 502/241/366 498/210/366
f 509/316/375 511/318/375 516/323/375
f 512/319/376 514/321/376 511/340/376
f 518/325/377 520/327/377 514/321/377
f 517/342/378 516/344/378 520/327/378
f 527/334/379 515/322/379 517/324/379
f 530/337/1787 532/339/1787 519/326/1787
f 531/338/381 529/336/381 528/335/381
f 527/334/382 529/336/382 522/329/382
f 524/331/383 526/333/383 531/338/383
f 523/330/384 522/329/384 526/333/384
f 509/316/385 521/328/385 523/330/385
f 513/343/386 512/1456/386 525/332/386
f 527/334/387 521/328/387 509/316/387
f 514/321/388 520/327/388 516/344/388
f 525/332/389 512/1456/389 510/345/389
f 530/337/390 518/372/390 513/346/390
f 519/326/391 532/339/391 528/335/391
f 531/338/392 526/333/392 522/329/392
f 533/347/401 535/349/401 540/354/401
f 536/350/402 538/352/402 535/368/402
f 542/356/403 544/358/403 538/352/403
f 543/357/404 541/373/404 540/370/404
f 539/353/405 541/355/405 552/364/405
f 554/337/406 556/367/406 543/357/406
f 553/365/407 552/364/407 556/367/407
f 545/359/408 551/334/408 553/365/408
f 554/337/409 548/331/409 550/363/409
f 547/361/410 546/360/410 550/363/410
f 545/359/411 547/361/411 534/348/411
f 537/343/412 536/1457/412 549/362/412
f 551/334/413 545/359/413 533/347/413
f 538/352/414 544/358/414 540/370/414
f 549/362/415 536/1457/415 534/371/415
f 542/372/416 537/346/416 548/331/416
f 543/357/417 556/367/417 552/364/417
f 555/366/418 550/363/418 546/360/418
f 563/380/427 557/374/427 559/376/427
f 560/377/1788 562/379/1788 559/398/1788
f 561/378/429 566/383/429 568/385/429
f 565/400/430 564/402/430 568/385/430
f 575/392/431 563/380/431 565/382/431
f 578/395/432 580/397/432 567/384/432
f 577/394/1789 576/393/1789 580/397/1789
f 575/392/1790 577/394/1790 570/387/1790
f 572/389/435 574/391/435 579/396/435
f 573/390/436 571/388/436 570/387/436
f 569/386/437 571/388/437 558/375/437
f 572/389/438 561/429/438 560/401/438
f 563/380/439 575/392/439 569/386/439
f 562/379/440 568/385/440 564/402/440
f 573/390/441 560/401/441 558/403/441
f 578/395/1791 566/1458/1791 561/404/1791
f 567/384/443 580/397/443 576/393/443
f 579/396/444 574/391/444 570/387/444
f 587/410/453 581/405/453 583/376/453
f 584/407/454 586/409/454 583/426/454
f 585/408/455 590/412/455 592/414/455
f 589/428/456 588/430/456 592/414/456
f 599/392/457 587/410/457 589/411/457
f 602/423/458 604/425/458 591/413/458
f 601/422/459 600/421/459 604/425/459
f 599/392/460 601/422/460 594/416/460
f 596/418/461 598/420/461 603/424/461
f 595/417/462 594/416/462 598/420/462
f 593/415/463 595/417/463 582/406/463
f 585/429/464 584/431/464 597/419/464
f 599/392/465 593/415/465 581/405/465
f 586/409/466 592/414/466 588/430/466
f 595/417/467 597/419/467 584/431/467
f 602/423/468 590/1458/468 585/404/468
f 591/413/469 604/425/469 600/421/469
f 601/422/470 603/424/470 598/420/470
f 605/405/479 607/376/479 612/436/479
f 606/450/480 608/434/480 610/435/480
f 614/412/481 616/438/481 610/435/481
f 613/452/482 612/454/482 616/438/482
f 611/410/483 613/411/483 624/446/483
f 626/395/484 628/449/484 615/437/484
f 625/447/485 624/446/485 628/449/485
f 617/439/486 623/445/486 625/447/486
f 626/395/487 620/442/487 622/444/487
f 619/441/488 618/440/488 622/444/488
f 617/439/489 619/441/489 606/433/489
f 620/442/490 609/429/490 608/453/490
f 623/445/491 617/439/491 605/405/491
f 610/435/492 616/438/492 612/454/492
f 619/441/493 621/443/493 608/453/493
f 626/395/494 614/1458/494 609/404/494
f 613/452/495 615/437/495 628/449/495
f 625/447/496 627/448/496 622/444/496
f 629/456/505 631/458/505 636/463/505
f 632/459/506 634/461/506 631/478/506
f 638/464/507 640/466/507 634/461/507
f 637/480/508 636/481/508 640/466/508
f 635/462/509 637/411/509 648/474/509
f 638/464/510 650/395/510 652/477/510
f 649/475/511 648/474/511 652/477/511
f 641/467/512 647/473/512 649/475/512
f 650/395/1792 644/470/1792 646/472/1792
f 643/469/514 642/468/514 646/472/514
f 641/467/515 643/469/515 630/457/515
f 633/429/516 632/1459/516 645/471/516
f 635/462/517 647/473/517 641/467/517
f 631/478/518 634/461/518 640/466/518
f 645/471/519 632/1459/519 630/482/519
f 650/395/520 638/1460/520 633/483/520
f 639/465/521 652/477/521 648/474/521
f 651/476/522 646/472/522 642/468/522
f 653/484/531 655/376/531 660/381/531
f 654/506/532 656/1461/532 658/507/532
f 657/509/533 662/491/533 664/493/533
f 663/492/534 661/513/534 660/510/534
f 659/489/535 661/490/535 672/501/535
f 674/503/536 676/505/536 663/492/536
f 673/502/537 672/501/537 676/505/537
f 671/500/538 673/502/538 666/495/538
f 674/503/539 668/497/539 670/499/539
f 667/496/540 666/495/540 670/499/540
f 665/494/541 667/496/541 654/485/541
f 657/487/542 656/486/542 669/498/542
f 659/489/543 671/500/543 665/494/543
f 658/507/544 664/493/544 660/510/544
f 667/496/545 669/498/545 656/486/545
f 662/512/546 657/593/546 668/497/546
f 663/492/547 676/505/547 672/501/547
f 675/504/548 670/499/548 666/495/548
f 683/519/557 677/514/557 679/376/557
f 678/536/558 680/1462/558 682/537/558
f 686/521/559 688/523/559 682/537/559
f 685/539/560 684/540/560 688/523/560
f 683/519/561 685/520/561 696/531/561
f 686/521/562 698/533/562 700/535/562
f 699/534/563 697/532/563 696/531/563
f 689/524/564 695/530/564 697/532/564
f 692/527/565 694/529/565 699/534/565
f 691/526/566 690/525/566 694/529/566
f 689/524/567 691/526/567 678/515/567
f 692/527/568 681/517/568 680/516/568
f 695/530/569 689/524/569 677/514/569
f 682/537/570 688/523/570 684/540/570
f 691/526/571 693/528/571 680/516/571
f 698/533/572 686/512/572 681/542/572
f 687/522/573 700/535/573 696/531/573
f 699/534/574 694/529/574 690/525/574
f 707/519/583 701/543/583 703/376/583
f 704/562/584 706/565/584 703/563/584
f 710/549/585 712/551/585 706/565/585
f 709/566/1793 708/567/1793 712/551/1793
f 719/557/1794 707/519/1794 709/548/1794
f 710/549/588 722/533/588 724/561/588
f 721/559/589 720/558/589 724/561/589
f 713/552/590 719/557/590 721/559/590
f 716/497/591 718/556/591 723/560/591
f 715/554/1795 714/553/1795 718/556/1795
f 713/552/593 715/554/593 702/544/593
f 705/487/1796 704/545/1796 717/555/1796
f 707/519/595 719/557/595 713/552/595
f 706/565/596 712/551/596 708/567/596
f 715/554/597 717/555/597 704/545/597
f 710/512/598 705/593/598 716/497/598
f 709/566/599 711/550/599 724/561/599
f 723/560/600 718/556/600 714/553/600
f 725/514/609 727/376/609 732/463/609
f 728/586/610 730/589/610 727/587/610
f 729/509/1797 734/572/1797 736/574/1797
f 733/590/612 732/591/612 736/574/612
f 731/571/613 733/520/613 744/581/613
f 746/583/1798 748/585/1798 735/573/1798
f 745/582/615 744/581/615 748/585/615
f 743/530/1799 745/582/1799 738/576/1799
f 746/583/617 740/578/617 742/580/617
f 739/577/618 738/576/618 742/580/618
f 725/514/1800 737/575/1800 739/577/1800
f 740/578/620 729/517/620 728/569/620
f 743/530/621 737/575/621 725/514/621
f 730/589/622 736/574/622 732/591/622
f 741/579/623 728/569/623 726/592/623
f 746/583/624 734/512/624 729/593/624
f 735/573/625 748/585/625 744/581/625
f 747/584/626 742/580/626 738/576/626
f 799/659/685 801/661/685 806/666/685
f 800/683/686 802/662/686 804/664/686
f 803/663/687 808/668/687 810/670/687
f 809/669/688 807/689/688 806/685/688
f 805/665/689 807/667/689 818/678/689
f 820/680/690 822/682/690 809/669/690
f 821/681/691 819/679/691 818/678/691
f 817/677/692 819/679/692 812/672/692
f 820/680/693 814/674/693 816/676/693
f 813/673/694 812/672/694 816/676/694
f 799/659/695 811/671/695 813/673/695
f 814/674/696 803/1463/696 802/686/696
f 817/677/697 811/671/697 799/659/697
f 804/664/698 810/670/698 806/685/698
f 815/675/699 802/686/699 800/687/699
f 808/688/700 803/1464/700 814/674/700
f 807/689/701 809/669/701 822/682/701
f 821/681/702 816/676/702 812/672/702
f 829/695/711 823/690/711 825/376/711
f 826/692/1802 828/694/1802 825/712/1802
f 827/693/713 832/697/713 834/699/713
f 833/698/714 831/718/714 830/714/714
f 829/695/715 831/696/715 842/707/715
f 844/709/1803 846/711/1803 833/698/1803
f 843/708/1804 842/707/1804 846/711/1804
f 841/706/718 843/708/718 836/701/718
f 838/703/719 840/705/719 845/710/719
f 837/702/720 836/701/720 840/705/720
f 823/690/721 835/700/721 837/702/721
f 838/703/722 827/1465/722 826/715/722
f 841/706/723 835/700/723 823/690/723
f 825/712/724 828/694/724 834/699/724
f 839/704/725 826/715/725 824/716/725
f 832/717/726 827/1466/726 838/703/726
f 831/718/727 833/698/727 846/711/727
f 845/710/728 840/705/728 836/701/728
f 895/719/745 897/376/745 902/381/745
f 898/741/746 900/744/746 897/742/746
f 904/726/747 906/728/747 900/744/747
f 903/745/748 902/746/748 906/728/748
f 901/724/749 903/725/749 914/736/749
f 916/738/750 918/740/750 905/727/750
f 915/737/751 914/736/751 918/740/751
f 913/735/752 915/737/752 908/730/752
f 910/732/753 912/734/753 917/739/753
f 909/731/754 908/730/754 912/734/754
f 907/729/755 909/731/755 896/720/755
f 899/722/756 898/721/756 911/733/756
f 913/735/18 907/729/18 895/719/18
f 900/744/757 906/728/757 902/746/757
f 911/733/758 898/721/758 896/747/758
f 904/748/176 899/1467/176 910/732/176
f 905/727/759 918/740/759 914/736/759
f 917/739/760 912/734/760 908/730/760
f 919/749/745 921/376/745 926/381/745
f 922/741/746 924/744/746 921/742/746
f 928/755/747 930/757/747 924/744/747
f 927/766/748 926/746/748 930/757/748
f 925/753/749 927/754/749 938/763/749
f 940/764/750 942/765/750 929/756/750
f 939/737/751 938/763/751 942/765/751
f 937/762/752 939/737/752 932/730/752
f 934/760/753 936/734/753 941/739/753
f 933/759/754 932/730/754 936/734/754
f 931/758/755 933/759/755 920/750/755
f 923/752/756 922/751/756 935/761/756
f 937/762/18 931/758/18 919/749/18
f 924/744/757 930/757/757 926/746/757
f 935/761/758 922/751/758 920/767/758
f 928/768/176 923/1468/176 934/760/176
f 929/756/759 942/765/759 938/763/759
f 941/739/760 936/734/760 932/730/760
usemtl cord
f 178/197/174 183/197/174 177/197/174
f 189/197/175 196/197/175 190/197/175
f 184/197/176 195/197/176 183/197/176
f 178/197/18 189/197/18 190/197/18
f 179/197/177 184/197/177 178/197/177
f 190/197/178 197/197/178 191/197/178
f 185/197/176 196/197/176 184/197/176
f 179/197/18 190/197/18 191/197/18
f 180/197/179 185/197/179 179/197/179
f 191/197/180 198/197/180 192/197/180
f 185/197/176 198/197/176 197/197/176
f 179/197/18 192/197/18 180/197/18
f 181/197/181 186/197/181 180/197/181
f 192/197/182 199/197/182 193/197/182
f 187/197/176 198/197/176 186/197/176
f 181/197/18 192/197/18 193/197/18
f 182/197/183 187/197/183 181/197/183
f 193/197/184 200/197/184 194/197/184
f 188/197/176 199/197/176 187/197/176
f 182/197/18 193/197/18 194/197/18
f 177/197/185 188/197/185 182/197/185
f 194/197/186 195/197/186 189/197/186
f 188/197/176 195/197/176 200/197/176
f 182/197/18 189/197/18 177/197/18
f 202/197/174 206/197/174 201/197/174
f 211/197/175 217/197/175 212/197/175
f 207/197/176 216/197/176 206/197/176
f 202/197/18 211/197/18 212/197/18
f 203/197/187 207/197/187 202/197/187
f 212/197/188 218/197/188 213/197/188
f 207/197/176 218/197/176 217/197/176
f 202/197/18 213/197/18 203/197/18
f 204/197/181 208/197/181 203/197/181
f 213/197/182 219/197/182 214/197/182
f 209/197/176 218/197/176 208/197/176
f 204/197/18 213/197/18 214/197/18
f 205/197/189 209/197/189 204/197/189
f 214/197/190 220/197/190 215/197/190
f 210/197/176 219/197/176 209/197/176
f 205/197/18 214/197/18 215/197/18
f 201/197/185 210/197/185 205/197/185
f 215/197/186 216/197/186 211/197/186
f 210/197/176 216/197/176 220/197/176
f 205/197/18 211/197/18 201/197/18
f 222/197/191 228/197/191 221/197/191
f 235/197/192 243/197/192 236/197/192
f 229/197/176 242/197/176 228/197/176
f 222/197/18 235/197/18 236/197/18
f 223/197/193 229/197/193 222/197/193
f 236/197/194 244/197/194 237/197/194
f 229/197/176 244/197/176 243/197/176
f 222/197/18 237/197/18 223/197/18
f 224/197/186 230/197/186 223/197/186
f 237/197/185 245/197/185 238/197/185
f 231/197/176 244/197/176 230/197/176
f 224/197/18 237/197/18 238/197/18
f 225/197/195 231/197/195 224/197/195
f 238/197/196 246/197/196 239/197/196
f 231/197/176 246/197/176 245/197/176
f 224/197/18 239/197/18 225/197/18
f 226/197/181 232/197/181 225/197/181
f 239/197/182 247/197/182 240/197/182
f 233/197/176 246/197/176 232/197/176
f 226/197/18 239/197/18 240/197/18
f 227/197/197 233/197/197 226/197/197
f 240/197/198 248/197/198 241/197/198
f 234/197/176 247/197/176 233/197/176
f 227/197/18 240/197/18 241/197/18
f 221/197/199 234/197/199 227/197/199
f 241/197/200 242/197/200 235/197/200
f 234/197/176 242/197/176 248/197/176
f 227/197/18 235/197/18 221/197/18
f 250/197/191 256/197/191 249/197/191
f 263/197/192 271/197/192 264/197/192
f 257/197/176 270/197/176 256/197/176
f 250/197/18 263/197/18 264/197/18
f 251/197/201 257/197/201 250/197/201
f 264/197/202 272/197/202 265/197/202
f 257/197/176 272/197/176 271/197/176
f 250/197/18 265/197/18 251/197/18
f 252/197/203 258/197/203 251/197/203
f 265/197/204 273/197/204 266/197/204
f 259/197/176 272/197/176 258/197/176
f 252/197/18 265/197/18 266/197/18
f 253/197/205 259/197/205 252/197/205
f 266/197/206 274/197/206 267/197/206
f 259/197/176 274/197/176 273/197/176
f 252/197/18 267/197/18 253/197/18
f 254/197/181 260/197/181 253/197/181
f 267/197/182 275/197/182 268/197/182
f 260/197/176 275/197/176 274/197/176
f 253/197/18 268/197/18 254/197/18
f 255/197/207 261/197/207 254/197/207
f 268/197/208 276/197/208 269/197/208
f 262/197/176 275/197/176 261/197/176
f 255/197/18 268/197/18 269/197/18
f 249/197/209 262/197/209 255/197/209
f 269/197/210 270/197/210 263/197/210
f 262/197/176 270/197/176 276/197/176
f 255/197/18 263/197/18 249/197/18
f 278/197/191 283/197/191 277/197/191
f 289/197/192 296/197/192 290/197/192
f 284/197/176 295/197/176 283/197/176
f 278/197/18 289/197/18 290/197/18
f 279/197/211 284/197/211 278/197/211
f 290/197/212 297/197/212 291/197/212
f 284/197/176 297/197/176 296/197/176
f 278/197/18 291/197/18 279/197/18
f 280/197/186 285/197/186 279/197/186
f 291/197/185 298/197/185 292/197/185
f 286/197/176 297/197/176 285/197/176
f 280/197/18 291/197/18 292/197/18
f 281/197/213 286/197/213 280/197/213
f 292/197/214 299/197/214 293/197/214
f 286/197/176 299/197/176 298/197/176
f 280/197/18 293/197/18 281/197/18
f 282/197/181 287/197/181 281/197/181
f 293/197/182 300/197/182 294/197/182
f 287/197/176 300/197/176 299/197/176
f 281/197/18 294/197/18 282/197/18
f 277/197/215 288/197/215 282/197/215
f 294/197/216 295/197/216 289/197/216
f 288/197/176 295/197/176 300/197/176
f 282/197/18 289/197/18 277/197/18
f 302/197/174 308/197/174 301/197/174
f 315/197/175 323/197/175 316/197/175
f 308/197/176 323/197/176 322/197/176
f 301/197/18 316/197/18 302/197/18
f 303/197/186 309/197/186 302/197/186
f 316/197/185 324/197/185 317/197/185
f 310/197/176 323/197/176 309/197/176
f 303/197/18 316/197/18 317/197/18
f 304/197/195 310/197/195 303/197/195
f 317/197/196 325/197/196 318/197/196
f 310/197/176 325/197/176 324/197/176
f 303/197/18 318/197/18 304/197/18
f 305/197/217 311/197/217 304/197/217
f 318/197/218 326/197/218 319/197/218
f 312/197/176 325/197/176 311/197/176
f 305/197/18 318/197/18 319/197/18
f 306/197/219 312/197/219 305/197/219
f 319/197/220 327/197/220 320/197/220
f 312/197/176 327/197/176 326/197/176
f 305/197/18 320/197/18 306/197/18
f 307/197/221 313/197/221 306/197/221
f 320/197/222 328/197/222 321/197/222
f 314/197/176 327/197/176 313/197/176
f 307/197/18 320/197/18 321/197/18
f 301/197/223 314/197/223 307/197/223
f 321/197/224 322/197/224 315/197/224
f 314/197/176 322/197/176 328/197/176
f 307/197/18 315/197/18 301/197/18
f 330/197/174 336/197/174 329/197/174
f 343/197/175 351/197/175 344/197/175
f 336/197/176 351/197/176 350/197/176
f 329/197/18 344/197/18 330/197/18
f 331/197/203 337/197/203 330/197/203
f 344/197/204 352/197/204 345/197/204
f 338/197/176 351/197/176 337/197/176
f 331/197/18 344/197/18 345/197/18
f 332/197/205 338/197/205 331/197/205
f 345/197/206 353/197/206 346/197/206
f 338/197/176 353/197/176 352/197/176
f 331/197/18 346/197/18 332/197/18
f 333/197/225 339/197/225 332/197/225
f 346/197/226 354/197/226 347/197/226
f 340/197/176 353/197/176 339/197/176
f 333/197/18 346/197/18 347/197/18
f 334/197/219 340/197/219 333/197/219
f 347/197/220 355/197/220 348/197/220
f 340/197/176 355/197/176 354/197/176
f 333/197/18 348/197/18 334/197/18
f 335/197/227 341/197/227 334/197/227
f 348/197/228 356/197/228 349/197/228
f 342/197/176 355/197/176 341/197/176
f 335/197/18 348/197/18 349/197/18
f 329/197/229 342/197/229 335/197/229
f 349/197/230 350/197/230 343/197/230
f 342/197/176 350/197/176 356/197/176
f 335/197/18 343/197/18 329/197/18
f 358/197/174 365/197/174 357/197/174
f 373/197/175 382/197/175 374/197/175
f 365/197/176 382/197/176 381/197/176
f 357/197/18 374/197/18 358/197/18
f 359/197/186 366/197/186 358/197/186
f 374/197/185 383/197/185 375/197/185
f 367/197/176 382/197/176 366/197/176
f 359/197/18 374/197/18 375/197/18
f 360/197/213 367/197/213 359/197/213
f 375/197/214 384/197/214 376/197/214
f 367/197/176 384/197/176 383/197/176
f 359/197/18 376/197/18 360/197/18
f 361/197/231 368/197/231 360/197/231
f 376/197/232 385/197/232 377/197/232
f 369/197/176 384/197/176 368/197/176
f 361/197/18 376/197/18 377/197/18
f 362/197/219 369/197/219 361/197/219
f 377/197/220 386/197/220 378/197/220
f 369/197/176 386/197/176 385/197/176
f 361/197/18 378/197/18 362/197/18
f 363/197/233 370/197/233 362/197/233
f 378/197/234 387/197/234 379/197/234
f 371/197/176 386/197/176 370/197/176
f 363/197/18 378/197/18 379/197/18
f 364/197/180 371/197/180 363/197/180
f 379/197/179 388/197/179 380/197/179
f 372/197/176 387/197/176 371/197/176
f 364/197/18 379/197/18 380/197/18
f 357/197/235 372/197/235 364/197/235
f 380/197/236 381/197/236 373/197/236
f 372/197/176 381/197/176 388/197/176
f 364/197/18 373/197/18 357/197/18
f 754/594/627 750/595/627 749/596/627
f 755/597/628 751/598/628 750/595/628
f 756/599/629 752/600/629 751/601/629
f 757/602/630 753/603/630 752/600/630
f 758/604/631 749/596/631 753/603/631
f 754/594/632 760/605/632 755/597/632
f 760/605/633 756/606/633 755/597/633
f 761/607/634 757/602/634 756/599/634
f 762/608/635 758/604/635 757/602/635
f 758/604/636 759/609/636 754/594/636
f 764/610/637 760/605/637 759/609/637
f 765/611/638 761/612/638 760/605/638
f 766/613/639 762/608/639 761/607/639
f 762/608/640 768/614/640 763/615/640
f 768/614/641 759/609/641 763/615/641
f 769/616/642 765/611/642 764/610/642
f 770/617/643 766/618/643 765/611/643
f 771/619/644 767/620/644 766/613/644
f 772/621/645 768/614/645 767/620/645
f 773/622/646 764/610/646 768/614/646
f 774/623/647 770/624/647 769/625/647
f 770/624/648 776/626/648 771/627/648
f 776/628/649 772/629/649 771/630/649
f 777/631/650 773/632/650 772/629/650
f 773/632/651 774/623/651 769/625/651
f 774/623/652 780/633/652 775/634/652
f 775/634/653 781/635/653 776/626/653
f 781/636/654 777/631/654 776/628/654
f 782/637/655 778/638/655 777/631/655
f 778/638/656 779/639/656 774/623/656
f 784/640/657 780/633/657 779/639/657
f 780/633/658 786/641/658 781/635/658
f 781/636/659 787/642/659 782/637/659
f 787/642/660 783/643/660 782/637/660
f 788/644/661 779/639/661 783/643/661
f 784/640/662 790/645/662 785/646/662
f 790/645/663 786/641/663 785/646/663
f 791/647/664 787/642/664 786/648/664
f 787/642/665 793/649/665 788/644/665
f 793/649/666 784/640/666 788/644/666
f 789/650/667 795/651/667 790/645/667
f 795/651/668 791/652/668 790/645/668
f 791/647/669 797/653/669 792/654/669
f 797/653/670 793/649/670 792/654/670
f 798/655/671 789/650/671 793/649/671
f 749/596/672 795/651/672 794/656/672
f 750/595/673 796/657/673 795/651/673
f 796/658/674 752/600/674 797/653/674
f 752/600/675 798/655/675 797/653/675
f 753/603/676 794/656/676 798/655/676
f 848/197/174 853/197/174 847/197/174
f 859/197/175 866/197/175 860/197/175
f 853/197/176 866/197/176 865/197/176
f 847/197/18 860/197/18 848/197/18
f 849/197/186 854/197/186 848/197/186
f 860/197/185 867/197/185 861/197/185
f 855/197/176 866/197/176 854/197/176
f 849/197/18 860/197/18 861/197/18
f 850/197/729 855/197/729 849/197/729
f 861/197/730 868/197/730 862/197/730
f 855/197/176 868/197/176 867/197/176
f 849/197/18 862/197/18 850/197/18
f 851/197/181 856/197/181 850/197/181
f 862/197/182 869/197/182 863/197/182
f 856/197/176 869/197/176 868/197/176
f 850/197/18 863/197/18 851/197/18
f 852/197/180 857/197/180 851/197/180
f 863/197/179 870/197/179 864/197/179
f 858/197/176 869/197/176 857/197/176
f 852/197/18 863/197/18 864/197/18
f 847/197/731 858/197/731 852/197/731
f 864/197/732 865/197/732 859/197/732
f 858/197/176 865/197/176 870/197/176
f 852/197/18 859/197/18 847/197/18
f 872/197/174 877/197/174 871/197/174
f 883/197/175 890/197/175 884/197/175
f 877/197/176 890/197/176 889/197/176
f 871/197/18 884/197/18 872/197/18
f 873/197/203 878/197/203 872/197/203
f 884/197/204 891/197/204 885/197/204
f 879/197/176 890/197/176 878/197/176
f 873/197/18 884/197/18 885/197/18
f 874/197/733 879/197/733 873/197/733
f 885/197/734 892/197/734 886/197/734
f 879/197/176 892/197/176 891/197/176
f 873/197/18 886/197/18 874/197/18
f 875/197/181 880/197/181 874/197/181
f 886/197/182 893/197/182 887/197/182
f 880/197/176 893/197/176 892/197/176
f 874/197/18 887/197/18 875/197/18
f 876/197/180 881/197/180 875/197/180
f 887/197/179 894/197/179 888/197/179
f 882/197/176 893/197/176 881/197/176
f 876/197/18 887/197/18 888/197/18
f 871/197/735 882/197/735 876/197/735
f 888/197/736 889/197/736 883/197/736
f 882/197/176 889/197/176 894/197/176
f 876/197/18 883/197/18 871/197/18
f 975/809/764 976/406/764 977/458/764
f 978/810/783 979/811/783 980/812/783
f 981/462/784 982/381/784 983/382/784
f 984/813/785 985/814/785 986/815/785
f 987/816/768 988/817/768 989/818/768
f 990/819/786 991/820/786 992/821/786
f 993/445/787 994/822/787 995/823/787
f 996/824/788 997/825/788 998/826/788
f 975/809/747 982/381/747 981/462/747
f 978/827/748 977/828/748 976/829/748
f 984/813/745 980/830/745 979/408/745
f 983/831/746 986/815/746 985/814/746
f 981/462/756 994/822/756 993/445/756
f 996/824/755 985/814/755 984/813/755
f 997/825/754 994/822/754 998/826/754
f 993/445/753 988/817/753 987/816/753
f 990/819/752 997/825/752 996/824/752
f 989/818/751 992/821/751 991/820/751
f 987/816/750 976/406/750 975/809/750
f 979/811/749 991/820/749 990/819/749
f 993/445/176 975/809/176 981/462/176
f 980/830/757 982/832/757 977/828/757
f 991/820/759 976/833/759 989/818/759
f 984/834/18 990/819/18 996/824/18
f 985/814/758 994/822/758 983/831/758
f 997/825/760 988/817/760 995/823/760
f 999/809/789 1000/835/789 1001/836/789
f 1002/837/790 1003/811/790 1004/838/790
f 1005/839/791 1006/381/791 1007/382/791
f 1008/813/792 1009/840/792 1010/841/792
f 1011/842/793 1012/843/793 1013/844/793
f 1014/470/794 1015/845/794 1016/846/794
f 1017/847/795 1018/848/795 1019/849/795
f 1020/850/796 1021/851/796 1022/852/796
f 999/809/797 1006/381/797 1005/839/797
f 1002/853/798 1001/854/798 1000/855/798
f 1008/813/799 1004/856/799 1003/408/799
f 1009/840/800 1006/857/800 1010/841/800
f 1017/847/801 1007/382/801 1018/848/801
f 1008/813/802 1022/852/802 1009/840/802
f 1021/851/803 1018/848/803 1022/852/803
f 1017/847/804 1012/843/804 1011/842/804
f 1014/470/805 1021/851/805 1020/850/805
f 1013/844/806 1016/846/806 1015/845/806
f 1011/842/807 1000/835/807 999/809/807
f 1003/811/808 1015/845/808 1014/470/808
f 1017/847/809 999/809/809 1005/839/809
f 1004/856/810 1006/857/810 1001/854/810
f 1013/844/759 1002/837/759 1000/858/759
f 1008/834/811 1014/470/811 1020/850/811
f 1009/840/758 1018/848/758 1007/859/758
f 1021/851/812 1012/843/812 1019/849/812
f 1023/860/813 1024/433/813 1025/458/813
f 1026/861/814 1027/862/814 1028/863/814
f 1029/864/815 1030/865/815 1031/411/815
f 1032/866/816 1033/867/816 1034/868/816
f 1035/439/817 1036/869/817 1037/870/817
f 1038/819/818 1039/871/818 1040/872/818
f 1041/873/819 1042/874/819 1043/875/819
f 1044/876/820 1045/877/820 1046/878/820
f 1023/860/821 1030/865/821 1029/864/821
f 1024/879/822 1028/880/822 1025/881/822
f 1032/866/823 1028/880/823 1027/408/823
f 1031/882/824 1034/868/824 1033/867/824
f 1041/873/825 1031/411/825 1042/874/825
f 1032/866/826 1046/878/826 1033/867/826
f 1045/877/827 1042/874/827 1046/878/827
f 1035/439/828 1043/875/828 1036/869/828
f 1038/819/829 1045/877/829 1044/876/829
f 1037/870/830 1040/872/830 1039/871/830
f 1035/439/831 1024/433/831 1023/860/831
f 1027/862/832 1039/871/832 1038/819/832
f 1041/873/833 1023/860/833 1029/864/833
f 1025/881/834 1034/868/834 1030/883/834
f 1037/870/759 1026/861/759 1024/884/759
f 1032/834/835 1038/819/835 1044/876/835
f 1033/867/758 1042/874/758 1031/882/758
f 1045/877/836 1036/869/836 1043/875/836
f 1084/796/873 1085/885/873 1083/769/873
f 1086/886/874 1087/887/874 1085/885/874
f 1088/888/875 1089/889/875 1087/887/875
f 1090/890/876 1091/891/876 1089/889/876
f 1092/892/758 1093/893/758 1091/891/758
f 1094/894/877 1095/895/877 1093/893/877
f 1096/896/878 1097/897/878 1095/895/878
f 1098/898/879 1099/899/879 1097/897/879
f 1100/900/880 1083/901/880 1099/899/880
f 1103/885/881 1102/796/881 1101/769/881
f 1105/887/882 1104/886/882 1103/885/882
f 1107/889/883 1106/888/883 1105/887/883
f 1109/891/884 1108/890/884 1107/889/884
f 1111/893/759 1110/892/759 1109/891/759
f 1113/895/885 1112/894/885 1111/893/885
f 1115/897/886 1114/896/886 1113/895/886
f 1117/899/887 1116/898/887 1115/897/887
f 1101/901/888 1118/900/888 1117/899/888
f 1083/769/18 1103/885/18 1101/769/18
f 1084/796/176 1104/886/176 1086/886/176
f 1087/887/18 1103/885/18 1085/885/18
f 1088/888/176 1104/886/176 1106/888/176
f 1089/889/18 1105/887/18 1087/887/18
f 1090/890/176 1106/888/176 1108/890/176
f 1091/891/18 1107/889/18 1089/889/18
f 1092/892/176 1108/890/176 1110/892/176
f 1093/893/18 1109/891/18 1091/891/18
f 1092/892/176 1112/894/176 1094/894/176
f 1093/893/18 1113/895/18 1111/893/18
f 1094/894/176 1114/896/176 1096/896/176
f 1095/895/18 1115/897/18 1113/895/18
f 1096/896/176 1116/898/176 1098/898/176
f 1097/897/18 1117/899/18 1115/897/18
f 1098/898/176 1118/900/176 1100/900/176
f 1083/901/18 1117/899/18 1099/899/18
f 1100/900/176 1102/902/176 1084/902/176
f 1163/910/913 1160/911/913 1159/912/913
f 1160/911/914 1165/913/914 1161/657/914
f 1165/914/915 1162/915/915 1161/658/915
f 1166/916/916 1159/912/916 1162/915/916
f 1167/917/917 1164/918/917 1163/910/917
f 1168/919/918 1165/913/918 1164/918/918
f 1169/920/919 1166/916/919 1165/914/919
f 1170/921/920 1163/910/920 1166/916/920
f 1167/917/921 1172/922/921 1168/919/921
f 1168/919/922 1173/923/922 1169/924/922
f 1173/925/923 1170/921/923 1169/920/923
f 1174/926/924 1167/917/924 1170/921/924
f 1175/927/925 1172/922/925 1171/928/925
f 1176/929/926 1173/923/926 1172/922/926
f 1173/925/927 1178/930/927 1174/926/927
f 1178/930/928 1171/928/928 1174/926/928
f 1175/927/929 1180/931/929 1176/929/929
f 1180/931/930 1177/932/930 1176/929/930
f 1181/933/931 1178/930/931 1177/934/931
f 1182/935/932 1175/927/932 1178/930/932
f 1183/936/933 1180/931/933 1179/937/933
f 1184/938/934 1181/939/934 1180/931/934
f 1185/940/935 1182/935/935 1181/933/935
f 1186/941/936 1179/937/936 1182/935/936
f 1183/936/937 1188/942/937 1184/938/937
f 1188/942/938 1185/943/938 1184/938/938
f 1189/619/939 1186/941/939 1185/940/939
f 1190/944/940 1183/936/940 1186/941/940
f 1191/945/914 1188/946/914 1187/947/914
f 1192/948/913 1189/949/913 1188/946/913
f 1193/950/916 1190/951/916 1189/952/916
f 1194/953/941 1187/947/941 1190/951/941
f 1195/954/918 1192/948/918 1191/945/918
f 1196/955/917 1193/956/917 1192/948/917
f 1197/957/920 1194/953/920 1193/950/920
f 1198/958/919 1191/945/919 1194/953/919
f 1199/959/922 1196/955/922 1195/954/922
f 1200/960/921 1197/961/921 1196/955/921
f 1201/962/924 1198/958/924 1197/957/924
f 1202/963/923 1195/954/923 1198/958/923
f 1203/964/926 1200/960/926 1199/959/926
f 1200/960/925 1205/965/925 1201/966/925
f 1201/962/928 1206/967/928 1202/963/928
f 1206/967/927 1199/959/927 1202/963/927
f 1203/964/930 1208/968/930 1204/969/930
f 1204/969/929 1209/970/929 1205/965/929
f 1205/971/942 1210/972/942 1206/967/942
f 1210/972/931 1203/964/931 1206/967/931
f 1211/973/934 1208/968/934 1207/974/934
f 1208/968/933 1213/975/933 1209/970/933
f 1213/976/936 1210/972/936 1209/977/936
f 1210/972/935 1211/973/935 1207/974/935
f 1159/912/943 1212/978/943 1211/973/943
f 1160/911/937 1213/975/937 1212/978/937
f 1213/976/940 1162/915/940 1214/979/940
f 1162/915/939 1211/973/939 1214/979/939
f 1816/197/1504 1827/197/1504 1815/197/1504
f 1839/197/1505 1852/197/1505 1840/197/1505
f 1827/197/176 1852/197/176 1851/197/176
f 1815/197/18 1840/197/18 1816/197/18
f 1817/197/1506 1828/197/1506 1816/197/1506
f 1840/197/1507 1853/197/1507 1841/197/1507
f 1829/197/176 1852/197/176 1828/197/176
f 1817/197/18 1840/197/18 1841/197/18
f 1818/197/1508 1829/197/1508 1817/197/1508
f 1841/197/1509 1854/197/1509 1842/197/1509
f 1830/197/176 1853/197/176 1829/197/176
f 1818/197/18 1841/197/18 1842/197/18
f 1819/197/1510 1830/197/1510 1818/197/1510
f 1842/197/1511 1855/197/1511 1843/197/1511
f 1830/197/176 1855/197/176 1854/197/176
f 1818/197/18 1843/197/18 1819/197/18
f 1820/197/1512 1831/197/1512 1819/197/1512
f 1843/197/1513 1856/197/1513 1844/197/1513
f 1831/197/176 1856/197/176 1855/197/176
f 1819/197/18 1844/197/18 1820/197/18
f 1821/197/1514 1832/197/1514 1820/197/1514
f 1844/197/1515 1857/197/1515 1845/197/1515
f 1833/197/176 1856/197/176 1832/197/176
f 1821/197/18 1844/197/18 1845/197/18
f 1822/197/1516 1833/197/1516 1821/197/1516
f 1845/197/1517 1858/197/1517 1846/197/1517
f 1833/197/176 1858/197/176 1857/197/176
f 1821/197/18 1846/197/18 1822/197/18
f 1823/197/1518 1834/197/1518 1822/197/1518
f 1846/197/1519 1859/197/1519 1847/197/1519
f 1834/197/176 1859/197/176 1858/197/176
f 1822/197/18 1847/197/18 1823/197/18
f 1824/197/1520 1835/197/1520 1823/197/1520
f 1847/197/1521 1860/197/1521 1848/197/1521
f 1836/197/176 1859/197/176 1835/197/176
f 1824/197/18 1847/197/18 1848/197/18
f 1825/197/1522 1836/197/1522 1824/197/1522
f 1848/197/1523 1861/197/1523 1849/197/1523
f 1837/197/176 1860/197/176 1836/197/176
f 1825/197/18 1848/197/18 1849/197/18
f 1826/197/1524 1837/197/1524 1825/197/1524
f 1849/197/1525 1862/197/1525 1850/197/1525
f 1837/197/176 1862/197/176 1861/197/176
f 1825/197/18 1850/197/18 1826/197/18
f 1815/197/1526 1838/197/1526 1826/197/1526
f 1850/197/1527 1851/197/1527 1839/197/1527
f 1838/197/176 1851/197/176 1862/197/176
f 1826/197/18 1839/197/18 1815/197/18
f 1864/197/1528 1875/197/1528 1863/197/1528
f 1887/197/1529 1900/197/1529 1888/197/1529
f 1875/197/176 1900/197/176 1899/197/176
f 1863/197/18 1888/197/18 1864/197/18
f 1865/197/1530 1876/197/1530 1864/197/1530
f 1888/197/1531 1901/197/1531 1889/197/1531
f 1877/197/176 1900/197/176 1876/197/176
f 1865/197/18 1888/197/18 1889/197/18
f 1866/197/1532 1877/197/1532 1865/197/1532
f 1889/197/1533 1902/197/1533 1890/197/1533
f 1878/197/176 1901/197/176 1877/197/176
f 1866/197/18 1889/197/18 1890/197/18
f 1867/197/1510 1878/197/1510 1866/197/1510
f 1890/197/1511 1903/197/1511 1891/197/1511
f 1878/197/176 1903/197/176 1902/197/176
f 1866/197/18 1891/197/18 1867/197/18
f 1868/197/1534 1879/197/1534 1867/197/1534
f 1891/197/1535 1904/197/1535 1892/197/1535
f 1879/197/176 1904/197/176 1903/197/176
f 1867/197/18 1892/197/18 1868/197/18
f 1869/197/1536 1880/197/1536 1868/197/1536
f 1892/197/1537 1905/197/1537 1893/197/1537
f 1881/197/176 1904/197/176 1880/197/176
f 1869/197/18 1892/197/18 1893/197/18
f 1870/197/1538 1881/197/1538 1869/197/1538
f 1893/197/1539 1906/197/1539 1894/197/1539
f 1881/197/176 1906/197/176 1905/197/176
f 1869/197/18 1894/197/18 1870/197/18
f 1871/197/1540 1882/197/1540 1870/197/1540
f 1894/197/1541 1907/197/1541 1895/197/1541
f 1882/197/176 1907/197/176 1906/197/176
f 1870/197/18 1895/197/18 1871/197/18
f 1872/197/1542 1883/197/1542 1871/197/1542
f 1895/197/1543 1908/197/1543 1896/197/1543
f 1884/197/176 1907/197/176 1883/197/176
f 1872/197/18 1895/197/18 1896/197/18
f 1873/197/1544 1884/197/1544 1872/197/1544
f 1896/197/1545 1909/197/1545 1897/197/1545
f 1885/197/176 1908/197/176 1884/197/176
f 1873/197/18 1896/197/18 1897/197/18
f 1874/197/1546 1885/197/1546 1873/197/1546
f 1897/197/1547 1910/197/1547 1898/197/1547
f 1885/197/176 1910/197/176 1909/197/176
f 1873/197/18 1898/197/18 1874/197/18
f 1863/197/1548 1886/197/1548 1874/197/1548
f 1898/197/1549 1899/197/1549 1887/197/1549
f 1886/197/176 1899/197/176 1910/197/176
f 1874/197/18 1887/197/18 1863/197/18
f 178/197/174 184/197/174 183/197/174
f 189/197/175 195/197/175 196/197/175
f 184/197/176 196/197/176 195/197/176
f 178/197/18 177/197/18 189/197/18
f 179/197/177 185/197/177 184/197/177
f 190/197/178 196/197/178 197/197/178
f 185/197/176 197/197/176 196/197/176
f 179/197/18 178/197/18 190/197/18
f 180/197/179 186/197/179 185/197/179
f 191/197/180 197/197/180 198/197/180
f 185/197/176 186/197/176 198/197/176
f 179/197/18 191/197/18 192/197/18
f 181/197/181 187/197/181 186/197/181
f 192/197/182 198/197/182 199/197/182
f 187/197/176 199/197/176 198/197/176
f 181/197/18 180/197/18 192/197/18
f 182/197/183 188/197/183 187/197/183
f 193/197/184 199/197/184 200/197/184
f 188/197/176 200/197/176 199/197/176
f 182/197/18 181/197/18 193/197/18
f 177/197/185 183/197/185 188/197/185
f 194/197/186 200/197/186 195/197/186
f 188/197/176 183/197/176 195/197/176
f 182/197/18 194/197/18 189/197/18
f 202/197/174 207/197/174 206/197/174
f 211/197/175 216/197/175 217/197/175
f 207/197/176 217/197/176 216/197/176
f 202/197/18 201/197/18 211/197/18
f 203/197/187 208/197/187 207/197/187
f 212/197/188 217/197/188 218/197/188
f 207/197/176 208/197/176 218/197/176
f 202/197/18 212/197/18 213/197/18
f 204/197/181 209/197/181 208/197/181
f 213/197/182 218/197/182 219/197/182
f 209/197/176 219/197/176 218/197/176
f 204/197/18 203/197/18 213/197/18
f 205/197/189 210/197/189 209/197/189
f 214/197/190 219/197/190 220/197/190
f 210/197/176 220/197/176 219/197/176
f 205/197/18 204/197/18 214/197/18
f 201/197/185 206/197/185 210/197/185
f 215/197/186 220/197/186 216/197/186
f 210/197/176 206/197/176 216/197/176
f 205/197/18 215/197/18 211/197/18
f 222/197/191 229/197/191 228/197/191
f 235/197/192 242/197/192 243/197/192
f 229/197/176 243/197/176 242/197/176
f 222/197/18 221/197/18 235/197/18
f 223/197/193 230/197/193 229/197/193
f 236/197/194 243/197/194 244/197/194
f 229/197/176 230/197/176 244/197/176
f 222/197/18 236/197/18 237/197/18
f 224/197/186 231/197/186 230/197/186
f 237/197/185 244/197/185 245/197/185
f 231/197/176 245/197/176 244/197/176
f 224/197/18 223/197/18 237/197/18
f 225/197/195 232/197/195 231/197/195
f 238/197/196 245/197/196 246/197/196
f 231/197/176 232/197/176 246/197/176
f 224/197/18 238/197/18 239/197/18
f 226/197/181 233/197/181 232/197/181
f 239/197/182 246/197/182 247/197/182
f 233/197/176 247/197/176 246/197/176
f 226/197/18 225/197/18 239/197/18
f 227/197/197 234/197/197 233/197/197
f 240/197/198 247/197/198 248/197/198
f 234/197/176 248/197/176 247/197/176
f 227/197/18 226/197/18 240/197/18
f 221/197/199 228/197/199 234/197/199
f 241/197/200 248/197/200 242/197/200
f 234/197/176 228/197/176 242/197/176
f 227/197/18 241/197/18 235/197/18
f 250/197/191 257/197/191 256/197/191
f 263/197/192 270/197/192 271/197/192
f 257/197/176 271/197/176 270/197/176
f 250/197/18 249/197/18 263/197/18
f 251/197/201 258/197/201 257/197/201
f 264/197/202 271/197/202 272/197/202
f 257/197/176 258/197/176 272/197/176
f 250/197/18 264/197/18 265/197/18
f 252/197/203 259/197/203 258/197/203
f 265/197/204 272/197/204 273/197/204
f 259/197/176 273/197/176 272/197/176
f 252/197/18 251/197/18 265/197/18
f 253/197/205 260/197/205 259/197/205
f 266/197/206 273/197/206 274/197/206
f 259/197/176 260/197/176 274/197/176
f 252/197/18 266/197/18 267/197/18
f 254/197/181 261/197/181 260/197/181
f 267/197/182 274/197/182 275/197/182
f 260/197/176 261/197/176 275/197/176
f 253/197/18 267/197/18 268/197/18
f 255/197/207 262/197/207 261/197/207
f 268/197/208 275/197/208 276/197/208
f 262/197/176 276/197/176 275/197/176
f 255/197/18 254/197/18 268/197/18
f 249/197/209 256/197/209 262/197/209
f 269/197/210 276/197/210 270/197/210
f 262/197/176 256/197/176 270/197/176
f 255/197/18 269/197/18 263/197/18
f 278/197/191 284/197/191 283/197/191
f 289/197/192 295/197/192 296/197/192
f 284/197/176 296/197/176 295/197/176
f 278/197/18 277/197/18 289/197/18
f 279/197/211 285/197/211 284/197/211
f 290/197/212 296/197/212 297/197/212
f 284/197/176 285/197/176 297/197/176
f 278/197/18 290/197/18 291/197/18
f 280/197/186 286/197/186 285/197/186
f 291/197/185 297/197/185 298/197/185
f 286/197/176 298/197/176 297/197/176
f 280/197/18 279/197/18 291/197/18
f 281/197/213 287/197/213 286/197/213
f 292/197/214 298/197/214 299/197/214
f 286/197/176 287/197/176 299/197/176
f 280/197/18 292/197/18 293/197/18
f 282/197/181 288/197/181 287/197/181
f 293/197/182 299/197/182 300/197/182
f 287/197/176 288/197/176 300/197/176
f 281/197/18 293/197/18 294/197/18
f 277/197/215 283/197/215 288/197/215
f 294/197/216 300/197/216 295/197/216
f 288/197/176 283/197/176 295/197/176
f 282/197/18 294/197/18 289/197/18
f 302/197/174 309/197/174 308/197/174
f 315/197/175 322/197/175 323/197/175
f 308/197/176 309/197/176 323/197/176
f 301/197/18 315/197/18 316/197/18
f 303/197/186 310/197/186 309/197/186
f 316/197/185 323/197/185 324/197/185
f 310/197/176 324/197/176 323/197/176
f 303/197/18 302/197/18 316/197/18
f 304/197/195 311/197/195 310/197/195
f 317/197/196 324/197/196 325/197/196
f 310/197/176 311/197/176 325/197/176
f 303/197/18 317/197/18 318/197/18
f 305/197/217 312/197/217 311/197/217
f 318/197/218 325/197/218 326/197/218
f 312/197/176 326/197/176 325/197/176
f 305/197/18 304/197/18 318/197/18
f 306/197/219 313/197/219 312/197/219
f 319/197/220 326/197/220 327/197/220
f 312/197/176 313/197/176 327/197/176
f 305/197/18 319/197/18 320/197/18
f 307/197/221 314/197/221 313/197/221
f 320/197/222 327/197/222 328/197/222
f 314/197/176 328/197/176 327/197/176
f 307/197/18 306/197/18 320/197/18
f 301/197/223 308/197/223 314/197/223
f 321/197/224 328/197/224 322/197/224
f 314/197/176 308/197/176 322/197/176
f 307/197/18 321/197/18 315/197/18
f 330/197/174 337/197/174 336/197/174
f 343/197/175 350/197/175 351/197/175
f 336/197/176 337/197/176 351/197/176
f 329/197/18 343/197/18 344/197/18
f 331/197/203 338/197/203 337/197/203
f 344/197/204 351/197/204 352/197/204
f 338/197/176 352/197/176 351/197/176
f 331/197/18 330/197/18 344/197/18
f 332/197/205 339/197/205 338/197/205
f 345/197/206 352/197/206 353/197/206
f 338/197/176 339/197/176 353/197/176
f 331/197/18 345/197/18 346/197/18
f 333/197/225 340/197/225 339/197/225
f 346/197/226 353/197/226 354/197/226
f 340/197/176 354/197/176 353/197/176
f 333/197/18 332/197/18 346/197/18
f 334/197/219 341/197/219 340/197/219
f 347/197/220 354/197/220 355/197/220
f 340/197/176 341/197/176 355/197/176
f 333/197/18 347/197/18 348/197/18
f 335/197/227 342/197/227 341/197/227
f 348/197/228 355/197/228 356/197/228
f 342/197/176 356/197/176 355/197/176
f 335/197/18 334/197/18 348/197/18
f 329/197/229 336/197/229 342/197/229
f 349/197/230 356/197/230 350/197/230
f 342/197/176 336/197/176 350/197/176
f 335/197/18 349/197/18 343/197/18
f 358/197/174 366/197/174 365/197/174
f 373/197/175 381/197/175 382/197/175
f 365/197/176 366/197/176 382/197/176
f 357/197/18 373/197/18 374/197/18
f 359/197/186 367/197/186 366/197/186
f 374/197/185 382/197/185 383/197/185
f 367/197/176 383/197/176 382/197/176
f 359/197/18 358/197/18 374/197/18
f 360/197/213 368/197/213 367/197/213
f 375/197/214 383/197/214 384/197/214
f 367/197/176 368/197/176 384/197/176
f 359/197/18 375/197/18 376/197/18
f 361/197/231 369/197/231 368/197/231
f 376/197/232 384/197/232 385/197/232
f 369/197/176 385/197/176 384/197/176
f 361/197/18 360/197/18 376/197/18
f 362/197/219 370/197/219 369/197/219
f 377/197/220 385/197/220 386/197/220
f 369/197/176 370/197/176 386/197/176
f 361/197/18 377/197/18 378/197/18
f 363/197/233 371/197/233 370/197/233
f 378/197/234 386/197/234 387/197/234
f 371/197/176 387/197/176 386/197/176
f 363/197/18 362/197/18 378/197/18
f 364/197/180 372/197/180 371/197/180
f 379/197/179 387/197/179 388/197/179
f 372/197/176 388/197/176 387/197/176
f 364/197/18 363/197/18 379/197/18
f 357/197/235 365/197/235 372/197/235
f 380/197/236 388/197/236 381/197/236
f 372/197/176 365/197/176 381/197/176
f 364/197/18 380/197/18 373/197/18
f 754/594/627 755/597/627 750/595/627
f 755/597/628 756/606/628 751/598/628
f 756/599/629 757/602/629 752/600/629
f 757/602/1801 758/604/1801 753/603/1801
f 758/604/631 754/594/631 749/596/631
f 754/594/632 759/609/632 760/605/632
f 760/605/633 761/612/633 756/606/633
f 761/607/634 762/608/634 757/602/634
f 762/608/635 763/615/635 758/604/635
f 758/604/636 763/615/636 759/609/636
f 764/610/637 765/611/637 760/605/637
f 765/611/638 766/618/638 761/612/638
f 766/613/639 767/620/639 762/608/639
f 762/608/640 767/620/640 768/614/640
f 768/614/641 764/610/641 759/609/641
f 769/616/642 770/617/642 765/611/642
f 770/617/643 771/796/643 766/618/643
f 771/619/644 772/621/644 767/620/644
f 772/621/645 773/622/645 768/614/645
f 773/622/646 769/616/646 764/610/646
f 774/623/647 775/634/647 770/624/647
f 770/624/648 775/634/648 776/626/648
f 776/628/649 777/631/649 772/629/649
f 777/631/650 778/638/650 773/632/650
f 773/632/651 778/638/651 774/623/651
f 774/623/652 779/639/652 780/633/652
f 775/634/653 780/633/653 781/635/653
f 781/636/654 782/637/654 777/631/654
f 782/637/655 783/643/655 778/638/655
f 778/638/656 783/643/656 779/639/656
f 784/640/657 785/646/657 780/633/657
f 780/633/658 785/646/658 786/641/658
f 781/636/659 786/648/659 787/642/659
f 787/642/660 788/644/660 783/643/660
f 788/644/661 784/640/661 779/639/661
f 784/640/662 789/650/662 790/645/662
f 790/645/663 791/652/663 786/641/663
f 791/647/664 792/654/664 787/642/664
f 787/642/665 792/654/665 793/649/665
f 793/649/666 789/650/666 784/640/666
f 789/650/667 794/656/667 795/651/667
f 795/651/668 796/657/668 791/652/668
f 791/647/669 796/658/669 797/653/669
f 797/653/670 798/655/670 793/649/670
f 798/655/671 794/656/671 789/650/671
f 749/596/672 750/595/672 795/651/672
f 750/595/673 751/598/673 796/657/673
f 796/658/674 751/601/674 752/600/674
f 752/600/675 753/603/675 798/655/675
f 753/603/676 749/596/676 794/656/676
f 848/197/174 854/197/174 853/197/174
f 859/197/175 865/197/175 866/197/175
f 853/197/176 854/197/176 866/197/176
f 847/197/18 859/197/18 860/197/18
f 849/197/186 855/197/186 854/197/186
f 860/197/185 866/197/185 867/197/185
f 855/197/176 867/197/176 866/197/176
f 849/197/18 848/197/18 860/197/18
f 850/197/729 856/197/729 855/197/729
f 861/197/730 867/197/730 868/197/730
f 855/197/176 856/197/176 868/197/176
f 849/197/18 861/197/18 862/197/18
f 851/197/181 857/197/181 856/197/181
f 862/197/182 868/197/182 869/197/182
f 856/197/176 857/197/176 869/197/176
f 850/197/18 862/197/18 863/197/18
f 852/197/180 858/197/180 857/197/180
f 863/197/179 869/197/179 870/197/179
f 858/197/176 870/197/176 869/197/176
f 852/197/18 851/197/18 863/197/18
f 847/197/731 853/197/731 858/197/731
f 864/197/732 870/197/732 865/197/732
f 858/197/176 853/197/176 865/197/176
f 852/197/18 864/197/18 859/197/18
f 872/197/174 878/197/174 877/197/174
f 883/197/175 889/197/175 890/197/175
f 877/197/176 878/197/176 890/197/176
f 871/197/18 883/197/18 884/197/18
f 873/197/203 879/197/203 878/197/203
f 884/197/204 890/197/204 891/197/204
f 879/197/176 891/197/176 890/197/176
f 873/197/18 872/197/18 884/197/18
f 874/197/733 880/197/733 879/197/733
f 885/197/734 891/197/734 892/197/734
f 879/197/176 880/197/176 892/197/176
f 873/197/18 885/197/18 886/197/18
f 875/197/181 881/197/181 880/197/181
f 886/197/182 892/197/182 893/197/182
f 880/197/176 881/197/176 893/197/176
f 874/197/18 886/197/18 887/197/18
f 876/197/180 882/197/180 881/197/180
f 887/197/179 893/197/179 894/197/179
f 882/197/176 894/197/176 893/197/176
f 876/197/18 875/197/18 887/197/18
f 871/197/735 877/197/735 882/197/735
f 888/197/736 894/197/736 889/197/736
f 882/197/176 877/197/176 889/197/176
f 876/197/18 888/197/18 883/197/18
f 975/809/747 977/458/747 982/381/747
f 978/827/748 980/830/748 977/828/748
f 984/813/745 986/815/745 980/830/745
f 983/831/746 982/832/746 986/815/746
f 981/462/756 983/382/756 994/822/756
f 996/824/755 998/826/755 985/814/755
f 997/825/754 995/823/754 994/822/754
f 993/445/753 995/823/753 988/817/753
f 990/819/752 992/821/752 997/825/752
f 989/818/751 988/817/751 992/821/751
f 987/816/750 989/818/750 976/406/750
f 979/811/749 978/810/749 991/820/749
f 993/445/176 987/816/176 975/809/176
f 980/830/757 986/815/757 982/832/757
f 991/820/759 978/810/759 976/833/759
f 984/834/18 979/1489/18 990/819/18
f 985/814/758 998/826/758 994/822/758
f 997/825/760 992/821/760 988/817/760
f 999/809/797 1001/836/797 1006/381/797
f 1002/853/798 1004/856/798 1001/854/798
f 1008/813/799 1010/841/799 1004/856/799
f 1009/840/800 1007/859/800 1006/857/800
f 1017/847/801 1005/839/801 1007/382/801
f 1008/813/802 1020/850/802 1022/852/802
f 1021/851/803 1019/849/803 1018/848/803
f 1017/847/804 1019/849/804 1012/843/804
f 1014/470/805 1016/846/805 1021/851/805
f 1013/844/806 1012/843/806 1016/846/806
f 1011/842/807 1013/844/807 1000/835/807
f 1003/811/808 1002/837/808 1015/845/808
f 1017/847/809 1011/842/809 999/809/809
f 1004/856/810 1010/841/810 1006/857/810
f 1013/844/759 1015/845/759 1002/837/759
f 1008/834/1807 1003/1489/1807 1014/470/1807
f 1009/840/758 1022/852/758 1018/848/758
f 1021/851/812 1016/846/812 1012/843/812
f 1023/860/821 1025/458/821 1030/865/821
f 1024/879/822 1026/1490/822 1028/880/822
f 1032/866/1808 1034/868/1808 1028/880/1808
f 1031/882/824 1030/883/824 1034/868/824
f 1041/873/825 1029/864/825 1031/411/825
f 1032/866/826 1044/876/826 1046/878/826
f 1045/877/827 1043/875/827 1042/874/827
f 1035/439/828 1041/873/828 1043/875/828
f 1038/819/829 1040/872/829 1045/877/829
f 1037/870/830 1036/869/830 1040/872/830
f 1035/439/831 1037/870/831 1024/433/831
f 1027/862/832 1026/861/832 1039/871/832
f 1041/873/833 1035/439/833 1023/860/833
f 1025/881/834 1028/880/834 1034/868/834
f 1037/870/759 1039/871/759 1026/861/759
f 1032/834/835 1027/1489/835 1038/819/835
f 1033/867/758 1046/878/758 1042/874/758
f 1045/877/836 1040/872/836 1036/869/836
f 1084/796/873 1086/886/873 1085/885/873
f 1086/886/874 1088/888/874 1087/887/874
f 1088/888/875 1090/890/875 1089/889/875
f 1090/890/876 1092/892/876 1091/891/876
f 1092/892/758 1094/894/758 1093/893/758
f 1094/894/877 1096/896/877 1095/895/877
f 1096/896/878 1098/898/878 1097/897/878
f 1098/898/879 1100/900/879 1099/899/879
f 1100/900/880 1084/902/880 1083/901/880
f 1103/885/881 1104/886/881 1102/796/881
f 1105/887/882 1106/888/882 1104/886/882
f 1107/889/1809 1108/890/1809 1106/888/1809
f 1109/891/884 1110/892/884 1108/890/884
f 1111/893/759 1112/894/759 1110/892/759
f 1113/895/885 1114/896/885 1112/894/885
f 1115/897/886 1116/898/886 1114/896/886
f 1117/899/887 1118/900/887 1116/898/887
f 1101/901/888 1102/902/888 1118/900/888
f 1083/769/18 1085/885/18 1103/885/18
f 1084/796/176 1102/796/176 1104/886/176
f 1087/887/18 1105/887/18 1103/885/18
f 1088/888/176 1086/886/176 1104/886/176
f 1089/889/18 1107/889/18 1105/887/18
f 1090/890/176 1088/888/176 1106/888/176
f 1091/891/18 1109/891/18 1107/889/18
f 1092/892/176 1090/890/176 1108/890/176
f 1093/893/18 1111/893/18 1109/891/18
f 1092/892/176 1110/892/176 1112/894/176
f 1093/893/18 1095/895/18 1113/895/18
f 1094/894/176 1112/894/176 1114/896/176
f 1095/895/18 1097/897/18 1115/897/18
f 1096/896/176 1114/896/176 1116/898/176
f 1097/897/18 1099/899/18 1117/899/18
f 1098/898/176 1116/898/176 1118/900/176
f 1083/901/18 1101/901/18 1117/899/18
f 1100/900/176 1118/900/176 1102/902/176
f 1163/910/913 1164/918/913 1160/911/913
f 1160/911/914 1164/918/914 1165/913/914
f 1165/914/1812 1166/916/1812 1162/915/1812
f 1166/916/916 1163/910/916 1159/912/916
f 1167/917/917 1168/919/917 1164/918/917
f 1168/919/918 1169/924/918 1165/913/918
f 1169/920/919 1170/921/919 1166/916/919
f 1170/921/920 1167/917/920 1163/910/920
f 1167/917/921 1171/928/921 1172/922/921
f 1168/919/922 1172/922/922 1173/923/922
f 1173/925/923 1174/926/923 1170/921/923
f 1174/926/924 1171/928/924 1167/917/924
f 1175/927/925 1176/929/925 1172/922/925
f 1176/929/926 1177/932/926 1173/923/926
f 1173/925/927 1177/934/927 1178/930/927
f 1178/930/928 1175/927/928 1171/928/928
f 1175/927/929 1179/937/929 1180/931/929
f 1180/931/930 1181/939/930 1177/932/930
f 1181/933/931 1182/935/931 1178/930/931
f 1182/935/942 1179/937/942 1175/927/942
f 1183/936/933 1184/938/933 1180/931/933
f 1184/938/934 1185/943/934 1181/939/934
f 1185/940/935 1186/941/935 1182/935/935
f 1186/941/936 1183/936/936 1179/937/936
f 1183/936/937 1187/769/937 1188/942/937
f 1188/942/943 1189/796/943 1185/943/943
f 1189/619/939 1190/944/939 1186/941/939
f 1190/944/940 1187/769/940 1183/936/940
f 1191/945/914 1192/948/914 1188/946/914
f 1192/948/913 1193/956/913 1189/949/913
f 1193/950/916 1194/953/916 1190/951/916
f 1194/953/1812 1191/945/1812 1187/947/1812
f 1195/954/918 1196/955/918 1192/948/918
f 1196/955/917 1197/961/917 1193/956/917
f 1197/957/920 1198/958/920 1194/953/920
f 1198/958/919 1195/954/919 1191/945/919
f 1199/959/922 1200/960/922 1196/955/922
f 1200/960/921 1201/966/921 1197/961/921
f 1201/962/924 1202/963/924 1198/958/924
f 1202/963/923 1199/959/923 1195/954/923
f 1203/964/926 1204/969/926 1200/960/926
f 1200/960/925 1204/969/925 1205/965/925
f 1201/962/928 1205/971/928 1206/967/928
f 1206/967/927 1203/964/927 1199/959/927
f 1203/964/930 1207/974/930 1208/968/930
f 1204/969/929 1208/968/929 1209/970/929
f 1205/971/942 1209/977/942 1210/972/942
f 1210/972/931 1207/974/931 1203/964/931
f 1211/973/934 1212/978/934 1208/968/934
f 1208/968/933 1212/978/933 1213/975/933
f 1213/976/936 1214/979/936 1210/972/936
f 1210/972/935 1214/979/935 1211/973/935
f 1159/912/1813 1160/911/1813 1212/978/1813
f 1160/911/937 1161/657/937 1213/975/937
f 1213/976/940 1161/658/940 1162/915/940
f 1162/915/939 1159/912/939 1211/973/939
f 1816/197/1504 1828/197/1504 1827/197/1504
f 1839/197/1505 1851/197/1505 1852/197/1505
f 1827/197/176 1828/197/176 1852/197/176
f 1815/197/18 1839/197/18 1840/197/18
f 1817/197/1506 1829/197/1506 1828/197/1506
f 1840/197/1507 1852/197/1507 1853/197/1507
f 1829/197/176 1853/197/176 1852/197/176
f 1817/197/18 1816/197/18 1840/197/18
f 1818/197/1508 1830/197/1508 1829/197/1508
f 1841/197/1509 1853/197/1509 1854/197/1509
f 1830/197/176 1854/197/176 1853/197/176
f 1818/197/18 1817/197/18 1841/197/18
f 1819/197/1510 1831/197/1510 1830/197/1510
f 1842/197/1511 1854/197/1511 1855/197/1511
f 1830/197/176 1831/197/176 1855/197/176
f 1818/197/18 1842/197/18 1843/197/18
f 1820/197/1512 1832/197/1512 1831/197/1512
f 1843/197/1513 1855/197/1513 1856/197/1513
f 1831/197/176 1832/197/176 1856/197/176
f 1819/197/18 1843/197/18 1844/197/18
f 1821/197/1514 1833/197/1514 1832/197/1514
f 1844/197/1515 1856/197/1515 1857/197/1515
f 1833/197/176 1857/197/176 1856/197/176
f 1821/197/18 1820/197/18 1844/197/18
f 1822/197/1516 1834/197/1516 1833/197/1516
f 1845/197/1517 1857/197/1517 1858/197/1517
f 1833/197/176 1834/197/176 1858/197/176
f 1821/197/18 1845/197/18 1846/197/18
f 1823/197/1518 1835/197/1518 1834/197/1518
f 1846/197/1519 1858/197/1519 1859/197/1519
f 1834/197/176 1835/197/176 1859/197/176
f 1822/197/18 1846/197/18 1847/197/18
f 1824/197/1520 1836/197/1520 1835/197/1520
f 1847/197/1521 1859/197/1521 1860/197/1521
f 1836/197/176 1860/197/176 1859/197/176
f 1824/197/18 1823/197/18 1847/197/18
f 1825/197/1522 1837/197/1522 1836/197/1522
f 1848/197/1523 1860/197/1523 1861/197/1523
f 1837/197/176 1861/197/176 1860/197/176
f 1825/197/18 1824/197/18 1848/197/18
f 1826/197/1524 1838/197/1524 1837/197/1524
f 1849/197/1858 1861/197/1858 1862/197/1858
f 1837/197/176 1838/197/176 1862/197/176
f 1825/197/18 1849/197/18 1850/197/18
f 1815/197/1526 1827/197/1526 1838/197/1526
f 1850/197/1527 1862/197/1527 1851/197/1527
f 1838/197/176 1827/197/176 1851/197/176
f 1826/197/18 1850/197/18 1839/197/18
f 1864/197/1528 1876/197/1528 1875/197/1528
f 1887/197/1529 1899/197/1529 1900/197/1529
f 1875/197/176 1876/197/176 1900/197/176
f 1863/197/18 1887/197/18 1888/197/18
f 1865/197/1530 1877/197/1530 1876/197/1530
f 1888/197/1531 1900/197/1531 1901/197/1531
f 1877/197/176 1901/197/176 1900/197/176
f 1865/197/18 1864/197/18 1888/197/18
f 1866/197/1532 1878/197/1532 1877/197/1532
f 1889/197/1533 1901/197/1533 1902/197/1533
f 1878/197/176 1902/197/176 1901/197/176
f 1866/197/18 1865/197/18 1889/197/18
f 1867/197/1510 1879/197/1510 1878/197/1510
f 1890/197/1511 1902/197/1511 1903/197/1511
f 1878/197/176 1879/197/176 1903/197/176
f 1866/197/18 1890/197/18 1891/197/18
f 1868/197/1859 1880/197/1859 1879/197/1859
f 1891/197/1860 1903/197/1860 1904/197/1860
f 1879/197/176 1880/197/176 1904/197/176
f 1867/197/18 1891/197/18 1892/197/18
f 1869/197/1536 1881/197/1536 1880/197/1536
f 1892/197/1537 1904/197/1537 1905/197/1537
f 1881/197/176 1905/197/176 1904/197/176
f 1869/197/18 1868/197/18 1892/197/18
f 1870/197/1538 1882/197/1538 1881/197/1538
f 1893/197/1539 1905/197/1539 1906/197/1539
f 1881/197/176 1882/197/176 1906/197/176
f 1869/197/18 1893/197/18 1894/197/18
f 1871/197/1540 1883/197/1540 1882/197/1540
f 1894/197/1541 1906/197/1541 1907/197/1541
f 1882/197/176 1883/197/176 1907/197/176
f 1870/197/18 1894/197/18 1895/197/18
f 1872/197/1542 1884/197/1542 1883/197/1542
f 1895/197/1543 1907/197/1543 1908/197/1543
f 1884/197/176 1908/197/176 1907/197/176
f 1872/197/18 1871/197/18 1895/197/18
f 1873/197/1544 1885/197/1544 1884/197/1544
f 1896/197/1545 1908/197/1545 1909/197/1545
f 1885/197/176 1909/197/176 1908/197/176
f 1873/197/18 1872/197/18 1896/197/18
f 1874/197/1546 1886/197/1546 1885/197/1546
f 1897/197/1547 1909/197/1547 1910/197/1547
f 1885/197/176 1886/197/176 1910/197/176
f 1873/197/18 1897/197/18 1898/197/18
f 1863/197/1548 1875/197/1548 1886/197/1548
f 1898/197/1549 1910/197/1549 1899/197/1549
f 1886/197/176 1875/197/176 1899/197/176
f 1874/197/18 1898/197/18 1887/197/18
usemtl iron
f 943/769/769 946/770/769 945/771/769
f 946/770/770 947/772/770 945/771/770
f 947/772/771 950/773/771 949/774/771
f 950/773/772 951/775/772 949/774/772
f 952/776/773 953/777/773 951/775/773
f 954/778/18 955/779/18 953/777/18
f 956/780/774 957/781/774 955/779/774
f 958/782/775 959/783/775 957/781/775
f 960/784/776 961/785/776 959/783/776
f 944/786/758 958/787/758 950/788/758
f 962/789/777 963/790/777 961/785/777
f 964/791/778 943/792/778 963/790/778
f 945/793/759 953/794/759 961/795/759
f 966/796/779 967/797/779 965/769/779
f 968/612/780 969/798/780 967/797/780
f 970/598/18 971/799/18 969/798/18
f 966/786/758 972/800/758 970/801/758
f 972/802/781 973/803/781 971/799/781
f 974/804/782 965/805/782 973/803/782
f 967/806/759 971/807/759 973/808/759
f 943/769/769 944/796/769 946/770/769
f 946/770/1805 948/908/1805 947/772/1805
f 947/772/771 948/908/771 950/773/771
f 950/773/772 952/776/772 951/775/772
f 952/776/773 954/778/773 953/777/773
f 954/778/18 956/780/18 955/779/18
f 956/780/774 958/782/774 957/781/774
f 958/782/775 960/784/775 959/783/775
f 960/784/776 962/789/776 961/785/776
f 948/1469/758 946/1470/758 944/786/758
f 944/786/758 964/1471/758 962/1472/758
f 962/1472/758 960/1473/758 958/787/758
f 958/787/758 956/1474/758 954/1475/758
f 954/1475/758 952/1476/758 950/788/758
f 950/788/758 948/1469/758 944/786/758
f 944/786/758 962/1472/758 958/787/758
f 958/787/758 954/1475/758 950/788/758
f 962/789/1806 964/791/1806 963/790/1806
f 964/791/778 944/1477/778 943/792/778
f 963/1478/759 943/1479/759 945/793/759
f 945/793/759 947/1480/759 949/1481/759
f 949/1481/759 951/1482/759 953/794/759
f 953/794/759 955/1483/759 957/1484/759
f 957/1484/759 959/1485/759 961/795/759
f 961/795/759 963/1478/759 945/793/759
f 945/793/759 949/1481/759 953/794/759
f 953/794/759 957/1484/759 961/795/759
f 966/796/779 968/612/779 967/797/779
f 968/612/780 970/598/780 969/798/780
f 970/598/18 972/802/18 971/799/18
f 970/801/758 968/1486/758 966/786/758
f 966/786/758 974/1487/758 972/800/758
f 972/802/781 974/804/781 973/803/781
f 974/804/782 966/1379/782 965/805/782
f 973/808/759 965/1479/759 967/806/759
f 967/806/759 969/1488/759 971/807/759
usemtl wicker
f 1048/796/837 1049/885/837 1047/769/837
f 1050/886/838 1051/887/838 1049/885/838
f 1052/888/839 1053/889/839 1051/887/839
f 1054/890/840 1055/891/840 1053/889/840
f 1056/892/841 1057/893/841 1055/891/841
f 1058/894/842 1059/895/842 1057/893/842
f 1060/896/843 1061/897/843 1059/895/843
f 1062/898/844 1063/899/844 1061/897/844
f 1064/900/845 1047/901/845 1063/899/845
f 1065/769/846 1068/886/846 1066/796/846
f 1067/885/847 1070/888/847 1068/886/847
f 1071/889/848 1070/888/848 1069/887/848
f 1071/889/849 1074/892/849 1072/890/849
f 1075/893/850 1074/892/850 1073/891/850
f 1077/895/851 1076/894/851 1075/893/851
f 1079/897/852 1078/896/852 1077/895/852
f 1081/899/853 1080/898/853 1079/897/853
f 1065/901/854 1082/900/854 1081/899/854
f 1049/885/855 1065/769/855 1047/769/855
f 1048/796/856 1068/886/856 1050/886/856
f 1051/887/857 1067/885/857 1049/885/857
f 1052/888/858 1068/886/858 1070/888/858
f 1053/889/859 1069/887/859 1051/887/859
f 1052/888/860 1072/890/860 1054/890/860
f 1055/891/861 1071/889/861 1053/889/861
f 1054/890/862 1074/892/862 1056/892/862
f 1057/893/863 1073/891/863 1055/891/863
f 1056/892/864 1076/894/864 1058/894/864
f 1059/895/865 1075/893/865 1057/893/865
f 1060/896/866 1076/894/866 1078/896/866
f 1061/897/867 1077/895/867 1059/895/867
f 1060/896/868 1080/898/868 1062/898/868
f 1061/897/869 1081/899/869 1079/897/869
f 1062/898/870 1082/900/870 1064/900/870
f 1047/901/871 1081/899/871 1063/899/871
f 1048/902/872 1082/900/872 1066/902/872
f 1120/796/889 1121/885/889 1119/769/889
f 1122/886/890 1123/887/890 1121/885/890
f 1124/888/891 1125/889/891 1123/887/891
f 1126/890/892 1127/891/892 1125/889/892
f 1128/892/893 1129/893/893 1127/891/893
f 1130/894/894 1131/895/894 1129/893/894
f 1132/896/895 1133/897/895 1131/895/895
f 1120/786/896 1130/903/896 1126/904/896
f 1134/898/897 1135/899/897 1133/897/897
f 1136/900/898 1119/901/898 1135/899/898
f 1121/905/899 1129/906/899 1133/907/899
f 1137/769/900 1140/770/900 1139/771/900
f 1140/770/901 1141/772/901 1139/771/901
f 1142/908/902 1143/774/902 1141/772/902
f 1143/774/903 1146/776/903 1145/775/903
f 1146/776/904 1147/777/904 1145/775/904
f 1148/778/905 1149/779/905 1147/777/905
f 1150/780/906 1151/781/906 1149/779/906
f 1152/782/907 1153/783/907 1151/781/907
f 1154/784/908 1155/785/908 1153/783/908
f 1138/786/909 1152/909/909 1144/788/909
f 1156/789/910 1157/790/910 1155/785/910
f 1158/791/911 1137/792/911 1157/790/911
f 1139/793/912 1147/794/912 1155/795/912
f 1215/980/944 1216/981/944 1217/982/944
f 1218/983/945 1219/984/945 1220/985/945
f 1221/986/946 1222/463/946 1223/987/946
f 1224/988/947 1225/989/947 1226/990/947
f 1227/991/948 1228/992/948 1229/993/948
f 1230/994/949 1231/995/949 1232/996/949
f 1233/997/950 1234/998/950 1235/999/950
f 1236/1000/951 1237/1001/951 1238/1002/951
f 1215/980/952 1222/463/952 1221/986/952
f 1216/1003/953 1220/1004/953 1217/1005/953
f 1224/988/954 1220/1004/954 1219/378/954
f 1223/1006/955 1226/990/955 1225/989/955
f 1233/997/956 1223/987/956 1234/998/956
f 1224/988/957 1238/1002/957 1225/989/957
f 1235/999/958 1238/1002/958 1237/1001/958
f 1233/997/959 1228/992/959 1227/991/959
f 1230/994/960 1237/1001/960 1236/1000/960
f 1231/995/961 1228/992/961 1232/996/961
f 1227/991/962 1216/981/962 1215/980/962
f 1230/994/963 1218/983/963 1231/995/963
f 1233/997/964 1215/980/964 1221/986/964
f 1220/1004/965 1222/1007/965 1217/1005/965
f 1231/995/966 1216/1008/966 1229/993/966
f 1224/1009/967 1230/994/967 1236/1000/967
f 1225/989/968 1234/998/968 1223/1006/968
f 1235/999/969 1232/996/969 1228/992/969
f 1239/1010/970 1240/1011/970 1241/376/970
f 1242/1012/971 1243/1013/971 1244/1014/971
f 1245/986/972 1246/436/972 1247/1015/972
f 1248/988/973 1249/1016/973 1250/1017/973
f 1251/991/974 1252/1018/974 1253/1019/974
f 1254/1020/975 1255/1021/975 1256/1022/975
f 1257/1023/976 1258/1024/976 1259/1025/976
f 1260/1026/977 1261/1027/977 1262/1028/977
f 1245/986/978 1241/376/978 1246/436/978
f 1242/1029/979 1241/1030/979 1240/1031/979
f 1248/988/980 1244/1032/980 1243/378/980
f 1247/1033/981 1250/1017/981 1249/1016/981
f 1245/986/982 1258/1024/982 1257/1023/982
f 1260/1026/983 1249/1016/983 1248/988/983
f 1261/1027/984 1258/1024/984 1262/1028/984
f 1251/991/985 1259/1025/985 1252/1018/985
f 1260/1026/986 1256/1022/986 1261/1027/986
f 1255/1021/987 1252/1018/987 1256/1022/987
f 1251/991/988 1240/1011/988 1239/1010/988
f 1243/1013/989 1255/1021/989 1254/1020/989
f 1245/986/990 1251/991/990 1239/1010/990
f 1244/1032/991 1246/1034/991 1241/1030/991
f 1255/1021/992 1240/1035/992 1253/1019/992
f 1248/1009/993 1254/1020/993 1260/1026/993
f 1249/1016/994 1258/1024/994 1247/1033/994
f 1259/1025/995 1256/1022/995 1252/1018/995
f 1263/1036/996 1264/981/996 1265/376/996
f 1266/1037/997 1267/984/997 1268/1038/997
f 1269/986/998 1270/463/998 1271/987/998
f 1272/1039/999 1273/1040/999 1274/1041/999
f 1275/1042/1000 1276/1043/1000 1277/1044/1000
f 1278/1020/1001 1279/1045/1001 1280/1046/1001
f 1281/1047/1002 1282/1048/1002 1283/1049/1002
f 1284/1050/1003 1285/1051/1003 1286/1052/1003
f 1269/986/1004 1265/376/1004 1270/463/1004
f 1264/1053/1005 1268/1054/1005 1265/1055/1005
f 1267/378/1006 1274/1041/1006 1268/1054/1006
f 1271/1056/1007 1274/1041/1007 1273/1040/1007
f 1269/986/1008 1282/1048/1008 1281/1047/1008
f 1284/1050/1009 1273/1040/1009 1272/1039/1009
f 1283/1049/1010 1286/1052/1010 1285/1051/1010
f 1275/1042/1011 1283/1049/1011 1276/1043/1011
f 1284/1050/1012 1280/1046/1012 1285/1051/1012
f 1279/1045/1013 1276/1043/1013 1280/1046/1013
f 1275/1042/1014 1264/981/1014 1263/1036/1014
f 1267/984/1015 1279/1045/1015 1278/1020/1015
f 1281/1047/1016 1263/1036/1016 1269/986/1016
f 1265/1055/1017 1274/1041/1017 1270/1057/1017
f 1279/1045/1018 1264/1058/1018 1277/1044/1018
f 1284/1050/1019 1267/1059/1019 1278/1020/1019
f 1273/1040/1020 1282/1048/1020 1271/1056/1020
f 1283/1049/1021 1280/1046/1021 1276/1043/1021
f 1287/1060/1022 1288/1061/1022 1289/458/1022
f 1290/1062/1023 1291/1013/1023 1292/1063/1023
f 1293/1064/1024 1294/436/1024 1295/1015/1024
f 1296/988/1025 1297/1065/1025 1298/1066/1025
f 1299/991/1026 1300/1067/1026 1301/1068/1026
f 1302/1069/1027 1303/1070/1027 1304/1071/1027
f 1305/1023/1028 1306/1072/1028 1307/1073/1028
f 1308/1074/1029 1309/1075/1029 1310/1076/1029
f 1287/1060/1030 1294/436/1030 1293/1064/1030
f 1290/1077/1031 1289/1078/1031 1288/1079/1031
f 1291/1080/1032 1298/1066/1032 1292/1081/1032
f 1297/1065/1033 1294/1082/1033 1298/1066/1033
f 1305/1023/1034 1295/1015/1034 1306/1072/1034
f 1308/1074/1035 1297/1065/1035 1296/988/1035
f 1307/1073/1036 1310/1076/1036 1309/1075/1036
f 1305/1023/1037 1300/1067/1037 1299/991/1037
f 1308/1074/1038 1304/1071/1038 1309/1075/1038
f 1303/1070/1039 1300/1067/1039 1304/1071/1039
f 1287/1060/1040 1301/1068/1040 1288/1061/1040
f 1291/1013/1041 1303/1070/1041 1302/1069/1041
f 1305/1023/1042 1287/1060/1042 1293/1064/1042
f 1292/1081/1043 1294/1082/1043 1289/1078/1043
f 1303/1070/1044 1288/1083/1044 1301/1068/1044
f 1296/1084/1045 1302/1069/1045 1308/1074/1045
f 1295/1085/1046 1310/1076/1046 1306/1072/1046
f 1307/1073/1047 1304/1071/1047 1300/1067/1047
f 1311/1060/1048 1312/981/1048 1313/376/1048
f 1314/1086/1049 1315/984/1049 1316/1087/1049
f 1317/1088/1050 1318/436/1050 1319/987/1050
f 1320/1089/1051 1321/1090/1051 1322/1091/1051
f 1323/1092/1052 1324/1093/1052 1325/1094/1052
f 1326/1020/1053 1327/1095/1053 1328/1096/1053
f 1329/1097/1054 1330/1098/1054 1331/1099/1054
f 1332/1074/1055 1333/1100/1055 1334/1101/1055
f 1311/1060/1056 1318/436/1056 1317/1088/1056
f 1312/1102/1057 1316/1103/1057 1313/1104/1057
f 1320/1089/1058 1316/1103/1058 1315/1080/1058
f 1319/1105/1059 1322/1091/1059 1321/1090/1059
f 1317/1088/1060 1330/1098/1060 1329/1097/1060
f 1320/1089/1061 1334/1101/1061 1321/1090/1061
f 1333/1100/1062 1330/1098/1062 1334/1101/1062
f 1323/1092/1063 1331/1099/1063 1324/1093/1063
f 1332/1074/1064 1328/1096/1064 1333/1100/1064
f 1327/1095/1065 1324/1093/1065 1328/1096/1065
f 1311/1060/1066 1325/1094/1066 1312/981/1066
f 1326/1020/1067 1314/1086/1067 1327/1095/1067
f 1317/1088/1068 1323/1092/1068 1311/1060/1068
f 1313/1104/1069 1322/1091/1069 1318/1106/1069
f 1327/1095/1070 1312/1107/1070 1325/1094/1070
f 1320/1084/1071 1326/1020/1071 1332/1074/1071
f 1319/1105/1072 1334/1101/1072 1330/1098/1072
f 1333/1100/1073 1324/1093/1073 1331/1099/1073
f 1335/1108/1074 1336/1011/1074 1337/982/1074
f 1338/1109/1075 1339/1013/1075 1340/1110/1075
f 1341/1064/1076 1342/436/1076 1343/1015/1076
f 1344/1111/1077 1345/1112/1077 1346/1113/1077
f 1347/1092/1078 1348/1114/1078 1349/1115/1078
f 1350/1116/1079 1351/1117/1079 1352/1118/1079
f 1353/1047/1080 1354/1119/1080 1355/1120/1080
f 1356/1121/1081 1357/1122/1081 1358/1123/1081
f 1341/1064/1082 1337/982/1082 1342/436/1082
f 1336/1124/1083 1340/1125/1083 1337/1126/1083
f 1344/1111/1084 1340/1125/1084 1339/1080/1084
f 1343/1127/1085 1346/1113/1085 1345/1112/1085
f 1353/1047/1086 1343/1015/1086 1354/1119/1086
f 1344/1111/1087 1358/1123/1087 1345/1112/1087
f 1355/1120/1088 1358/1123/1088 1357/1122/1088
f 1353/1047/1089 1348/1114/1089 1347/1092/1089
f 1356/1121/1090 1352/1118/1090 1357/1122/1090
f 1349/1115/1091 1352/1118/1091 1351/1117/1091
f 1347/1092/1092 1336/1011/1092 1335/1108/1092
f 1339/1013/1093 1351/1117/1093 1350/1116/1093
f 1341/1064/1094 1347/1092/1094 1335/1108/1094
f 1337/1126/1095 1346/1113/1095 1342/1128/1095
f 1351/1117/1096 1336/1129/1096 1349/1115/1096
f 1344/1084/1097 1350/1116/1097 1356/1121/1097
f 1345/1112/1098 1354/1119/1098 1343/1127/1098
f 1355/1120/1099 1352/1118/1099 1348/1114/1099
f 1359/1060/1100 1360/981/1100 1361/376/1100
f 1362/1130/1101 1363/984/1101 1364/1131/1101
f 1365/1064/1102 1366/436/1102 1367/987/1102
f 1368/1089/1103 1369/1132/1103 1370/1133/1103
f 1371/1092/1104 1372/1134/1104 1373/1135/1104
f 1374/1020/1105 1375/1136/1105 1376/1137/1105
f 1377/1097/1106 1378/1138/1106 1379/1139/1106
f 1380/1074/1107 1381/1140/1107 1382/1141/1107
f 1365/1064/1108 1361/376/1108 1366/436/1108
f 1360/1142/1109 1364/1143/1109 1361/1144/1109
f 1368/1089/1110 1364/1143/1110 1363/1080/1110
f 1367/1145/1111 1370/1133/1111 1369/1132/1111
f 1377/1097/1112 1367/987/1112 1378/1138/1112
f 1380/1074/1113 1369/1132/1113 1368/1089/1113
f 1379/1139/1114 1382/1141/1114 1381/1140/1114
f 1377/1097/1115 1372/1134/1115 1371/1092/1115
f 1380/1074/1116 1376/1137/1116 1381/1140/1116
f 1373/1135/1117 1376/1137/1117 1375/1136/1117
f 1371/1092/1118 1360/981/1118 1359/1060/1118
f 1363/984/1119 1375/1136/1119 1374/1020/1119
f 1377/1097/1120 1359/1060/1120 1365/1064/1120
f 1361/1144/1121 1370/1133/1121 1366/1146/1121
f 1375/1136/1122 1360/1147/1122 1373/1135/1122
f 1380/1074/1123 1363/1148/1123 1374/1020/1123
f 1367/1145/1124 1382/1141/1124 1378/1138/1124
f 1379/1139/1125 1376/1137/1125 1372/1134/1125
f 1383/1108/1126 1384/1011/1126 1385/376/1126
f 1386/1149/1127 1387/1013/1127 1388/1150/1127
f 1389/1151/1128 1390/381/1128 1391/1015/1128
f 1392/1111/1129 1393/1152/1129 1394/1153/1129
f 1395/991/1130 1396/1154/1130 1397/1155/1130
f 1398/1116/1131 1399/1156/1131 1400/1157/1131
f 1401/1158/1132 1402/1159/1132 1403/1160/1132
f 1404/1074/1133 1405/1161/1133 1406/1162/1133
f 1389/1151/1134 1385/376/1134 1390/381/1134
f 1386/1163/1135 1385/1164/1135 1384/1165/1135
f 1392/1111/1136 1388/1166/1136 1387/1080/1136
f 1391/1167/1137 1394/1153/1137 1393/1152/1137
f 1401/1158/1138 1391/1015/1138 1402/1159/1138
f 1392/1111/1139 1406/1162/1139 1393/1152/1139
f 1405/1161/1140 1402/1159/1140 1406/1162/1140
f 1401/1158/1141 1396/1154/1141 1395/991/1141
f 1404/1074/1142 1400/1157/1142 1405/1161/1142
f 1399/1156/1143 1396/1154/1143 1400/1157/1143
f 1383/1108/1144 1397/1155/1144 1384/1011/1144
f 1398/1116/1145 1386/1149/1145 1399/1156/1145
f 1389/1151/1146 1395/991/1146 1383/1108/1146
f 1385/1164/1147 1394/1153/1147 1390/1168/1147
f 1397/1155/1148 1386/1149/1148 1384/1169/1148
f 1404/1074/1149 1387/1148/1149 1398/1116/1149
f 1391/1167/1150 1406/1162/1150 1402/1159/1150
f 1403/1160/1151 1400/1157/1151 1396/1154/1151
f 1407/1060/1152 1408/1011/1152 1409/1170/1152
f 1410/1171/1153 1411/1013/1153 1412/1172/1153
f 1413/1064/1154 1414/865/1154 1415/1015/1154
f 1416/1111/1155 1417/1173/1155 1418/1174/1155
f 1419/1092/1156 1420/1175/1156 1421/1176/1156
f 1422/1020/1157 1423/1177/1157 1424/1178/1157
f 1425/1023/1158 1426/1179/1158 1427/1180/1158
f 1428/1074/1159 1429/1181/1159 1430/1182/1159
f 1413/1064/1160 1409/1170/1160 1414/865/1160
f 1408/1183/1161 1412/1184/1161 1409/1185/1161
f 1411/1080/1162 1418/1174/1162 1412/1184/1162
f 1417/1173/1163 1414/1186/1163 1418/1174/1163
f 1413/1064/1164 1426/1179/1164 1425/1023/1164
f 1416/1111/1165 1430/1182/1165 1417/1173/1165
f 1429/1181/1166 1426/1179/1166 1430/1182/1166
f 1419/1092/1167 1427/1180/1167 1420/1175/1167
f 1422/1020/1168 1429/1181/1168 1428/1074/1168
f 1421/1176/1169 1424/1178/1169 1423/1177/1169
f 1419/1092/1170 1408/1011/1170 1407/1060/1170
f 1422/1020/1171 1410/1171/1171 1423/1177/1171
f 1413/1064/1172 1419/1092/1172 1407/1060/1172
f 1409/1185/1173 1418/1174/1173 1414/1186/1173
f 1421/1176/1174 1410/1171/1174 1408/1187/1174
f 1416/1084/1175 1422/1020/1175 1428/1074/1175
f 1417/1173/1176 1426/1179/1176 1415/1188/1176
f 1429/1181/1177 1420/1175/1177 1427/1180/1177
f 1431/1189/1178 1432/1011/1178 1433/982/1178
f 1434/1190/1179 1435/1013/1179 1436/1191/1179
f 1437/1064/1180 1438/463/1180 1439/1192/1180
f 1440/1193/1181 1441/1194/1181 1442/1195/1181
f 1443/1042/1182 1444/1196/1182 1445/1197/1182
f 1446/1020/1183 1447/1198/1183 1448/1199/1183
f 1449/1200/1184 1450/1201/1184 1451/1202/1184
f 1452/1203/1185 1453/1204/1185 1454/1205/1185
f 1437/1064/1186 1433/982/1186 1438/463/1186
f 1432/1206/1187 1436/1207/1187 1433/1208/1187
f 1435/1080/1188 1442/1195/1188 1436/1207/1188
f 1439/1209/1189 1442/1195/1189 1441/1194/1189
f 1449/1200/1190 1439/1192/1190 1450/1201/1190
f 1440/1193/1191 1454/1205/1191 1441/1194/1191
f 1453/1204/1192 1450/1201/1192 1454/1205/1192
f 1449/1200/1193 1444/1196/1193 1443/1042/1193
f 1452/1203/1194 1448/1199/1194 1453/1204/1194
f 1445/1197/1195 1448/1199/1195 1447/1198/1195
f 1431/1189/1196 1445/1197/1196 1432/1011/1196
f 1435/1013/1197 1447/1198/1197 1446/1020/1197
f 1437/1064/1198 1443/1042/1198 1431/1189/1198
f 1433/1208/1199 1442/1195/1199 1438/1210/1199
f 1447/1198/1200 1432/1211/1200 1445/1197/1200
f 1452/1203/1201 1435/1148/1201 1446/1020/1201
f 1441/1194/1202 1450/1201/1202 1439/1209/1202
f 1453/1204/1203 1444/1196/1203 1451/1202/1203
f 1455/1060/1204 1456/981/1204 1457/376/1204
f 1458/1212/1205 1459/984/1205 1460/1213/1205
f 1461/1088/1206 1462/436/1206 1463/987/1206
f 1464/1089/1207 1465/1214/1207 1466/1215/1207
f 1467/1092/1208 1468/1216/1208 1469/1217/1208
f 1470/1020/1209 1471/1218/1209 1472/1219/1209
f 1473/1097/1210 1474/1220/1210 1475/1221/1210
f 1476/1074/1211 1477/1222/1211 1478/1223/1211
f 1461/1088/1212 1457/376/1212 1462/436/1212
f 1458/1224/1213 1457/1225/1213 1456/1226/1213
f 1464/1089/1214 1460/1227/1214 1459/1080/1214
f 1465/1214/1215 1462/1228/1215 1466/1215/1215
f 1461/1088/1216 1474/1220/1216 1473/1097/1216
f 1464/1089/1217 1478/1223/1217 1465/1214/1217
f 1477/1222/1218 1474/1220/1218 1478/1223/1218
f 1467/1092/1219 1475/1221/1219 1468/1216/1219
f 1470/1020/1220 1477/1222/1220 1476/1074/1220
f 1471/1218/1221 1468/1216/1221 1472/1219/1221
f 1455/1060/1222 1469/1217/1222 1456/981/1222
f 1470/1020/1223 1458/1212/1223 1471/1218/1223
f 1461/1088/1224 1467/1092/1224 1455/1060/1224
f 1460/1227/1225 1462/1228/1225 1457/1225/1225
f 1469/1217/1226 1458/1212/1226 1456/1229/1226
f 1464/1084/1227 1470/1020/1227 1476/1074/1227
f 1463/1230/1228 1478/1223/1228 1474/1220/1228
f 1475/1221/1229 1472/1219/1229 1468/1216/1229
f 1479/1231/1230 1480/1232/1230 1481/982/1230
f 1482/1233/1231 1483/1013/1231 1484/1234/1231
f 1485/1235/1232 1486/381/1232 1487/1015/1232
f 1488/1111/1233 1489/1236/1233 1490/1237/1233
f 1491/1238/1234 1492/1239/1234 1493/1240/1234
f 1494/1241/1235 1495/1242/1235 1496/1243/1235
f 1497/1244/1236 1498/1245/1236 1499/1246/1236
f 1500/1247/1237 1501/1248/1237 1502/1249/1237
f 1479/1231/1238 1486/381/1238 1485/1235/1238
f 1482/1250/1239 1481/1251/1239 1480/1252/1239
f 1483/378/1240 1490/1237/1240 1484/1253/1240
f 1489/1236/1241 1486/1254/1241 1490/1237/1241
f 1497/1244/1242 1487/1015/1242 1498/1245/1242
f 1488/1111/1243 1502/1249/1243 1489/1236/1243
f 1501/1248/1244 1498/1245/1244 1502/1249/1244
f 1491/1238/1245 1499/1246/1245 1492/1239/1245
f 1494/1241/1246 1501/1248/1246 1500/1247/1246
f 1493/1240/1247 1496/1243/1247 1495/1242/1247
f 1479/1231/1248 1493/1240/1248 1480/1232/1248
f 1494/1241/1249 1482/1233/1249 1495/1242/1249
f 1497/1244/1250 1479/1231/1250 1485/1235/1250
f 1481/1251/1251 1490/1237/1251 1486/1254/1251
f 1495/1242/1252 1480/1255/1252 1493/1240/1252
f 1488/1009/1253 1494/1241/1253 1500/1247/1253
f 1489/1236/1254 1498/1245/1254 1487/1256/1254
f 1499/1246/1255 1496/1243/1255 1492/1239/1255
f 1503/1257/1256 1504/981/1256 1505/982/1256
f 1506/1258/1257 1507/984/1257 1508/1259/1257
f 1509/1088/1258 1510/463/1258 1511/987/1258
f 1512/988/1259 1513/1260/1259 1514/1261/1259
f 1515/991/1260 1516/1262/1260 1517/1263/1260
f 1518/1116/1261 1519/1264/1261 1520/1265/1261
f 1521/1047/1262 1522/1266/1262 1523/1267/1262
f 1524/1074/1263 1525/1268/1263 1526/1269/1263
f 1509/1088/1264 1505/982/1264 1510/463/1264
f 1504/1270/1265 1508/1271/1265 1505/1272/1265
f 1507/1080/1266 1514/1261/1266 1508/1271/1266
f 1511/1273/1267 1514/1261/1267 1513/1260/1267
f 1509/1088/1268 1522/1266/1268 1521/1047/1268
f 1512/988/1269 1526/1269/1269 1513/1260/1269
f 1525/1268/1270 1522/1266/1270 1526/1269/1270
f 1515/991/1271 1523/1267/1271 1516/1262/1271
f 1518/1116/1272 1525/1268/1272 1524/1074/1272
f 1517/1263/1273 1520/1265/1273 1519/1264/1273
f 1515/991/1274 1504/981/1274 1503/1257/1274
f 1518/1116/1275 1506/1258/1275 1519/1264/1275
f 1509/1088/1276 1515/991/1276 1503/1257/1276
f 1508/1271/1277 1510/1274/1277 1505/1272/1277
f 1517/1263/1278 1506/1258/1278 1504/1275/1278
f 1512/1084/1279 1518/1116/1279 1524/1074/1279
f 1511/1273/1280 1526/1269/1280 1522/1266/1280
f 1523/1267/1281 1520/1265/1281 1516/1262/1281
f 1527/1257/1282 1528/1011/1282 1529/376/1282
f 1530/1276/1283 1531/1013/1283 1532/1277/1283
f 1533/1088/1284 1534/381/1284 1535/1015/1284
f 1536/1278/1285 1537/1279/1285 1538/1280/1285
f 1539/991/1286 1540/1281/1286 1541/1282/1286
f 1542/1020/1287 1543/1283/1287 1544/1284/1287
f 1545/1023/1288 1546/1285/1288 1547/1286/1288
f 1548/1074/1289 1549/1287/1289 1550/1288/1289
f 1527/1257/1290 1534/381/1290 1533/1088/1290
f 1530/1289/1291 1529/1290/1291 1528/1291/1291
f 1536/1278/1292 1532/1292/1292 1531/1080/1292
f 1535/1293/1293 1538/1280/1293 1537/1279/1293
f 1533/1088/1294 1546/1285/1294 1545/1023/1294
f 1548/1074/1295 1537/1279/1295 1536/1278/1295
f 1547/1286/1296 1550/1288/1296 1549/1287/1296
f 1539/991/1297 1547/1286/1297 1540/1281/1297
f 1548/1074/1298 1544/1284/1298 1549/1287/1298
f 1541/1282/1299 1544/1284/1299 1543/1283/1299
f 1527/1257/1300 1541/1282/1300 1528/1011/1300
f 1542/1020/1301 1530/1276/1301 1543/1283/1301
f 1533/1088/1302 1539/991/1302 1527/1257/1302
f 1529/1290/1303 1538/1280/1303 1534/1294/1303
f 1541/1282/1304 1530/1276/1304 1528/1295/1304
f 1536/1084/1305 1542/1020/1305 1548/1074/1305
f 1537/1279/1306 1546/1285/1306 1535/1293/1306
f 1549/1287/1307 1540/1281/1307 1547/1286/1307
f 1551/1108/1308 1552/981/1308 1553/982/1308
f 1554/1296/1309 1555/984/1309 1556/1297/1309
f 1557/1298/1310 1558/463/1310 1559/987/1310
f 1560/988/1311 1561/1299/1311 1562/1300/1311
f 1563/1238/1312 1564/1301/1312 1565/1302/1312
f 1566/1303/1313 1567/1304/1313 1568/1305/1313
f 1569/1306/1314 1570/1307/1314 1571/1308/1314
f 1572/1074/1315 1573/1309/1315 1574/1310/1315
f 1557/1298/1316 1553/982/1316 1558/463/1316
f 1554/1311/1317 1553/1312/1317 1552/1313/1317
f 1560/988/1318 1556/1314/1318 1555/1080/1318
f 1559/1315/1319 1562/1300/1319 1561/1299/1319
f 1557/1298/1320 1570/1307/1320 1569/1306/1320
f 1572/1074/1321 1561/1299/1321 1560/988/1321
f 1573/1309/1322 1570/1307/1322 1574/1310/1322
f 1563/1238/1323 1571/1308/1323 1564/1301/1323
f 1572/1074/1324 1568/1305/1324 1573/1309/1324
f 1565/1302/1325 1568/1305/1325 1567/1304/1325
f 1563/1238/1326 1552/981/1326 1551/1108/1326
f 1566/1303/1327 1554/1296/1327 1567/1304/1327
f 1557/1298/1328 1563/1238/1328 1551/1108/1328
f 1553/1312/1329 1562/1300/1329 1558/1316/1329
f 1567/1304/1330 1552/1317/1330 1565/1302/1330
f 1560/1084/1331 1566/1303/1331 1572/1074/1331
f 1559/1315/1332 1574/1310/1332 1570/1307/1332
f 1573/1309/1333 1564/1301/1333 1571/1308/1333
f 1575/1108/1334 1576/1061/1334 1577/458/1334
f 1578/1318/1335 1579/1319/1335 1580/1320/1335
f 1581/1064/1336 1582/463/1336 1583/1015/1336
f 1584/1111/1337 1585/1321/1337 1586/1322/1337
f 1587/1042/1338 1588/1323/1338 1589/1324/1338
f 1590/1325/1339 1591/1326/1339 1592/1327/1339
f 1593/1158/1340 1594/1328/1340 1595/1329/1340
f 1596/1074/1341 1597/1330/1341 1598/1331/1341
f 1581/1064/1342 1577/458/1342 1582/463/1342
f 1578/1332/1343 1577/1333/1343 1576/1334/1343
f 1584/1111/1344 1580/1335/1344 1579/1080/1344
f 1585/1321/1345 1582/1336/1345 1586/1322/1345
f 1593/1158/1346 1583/1015/1346 1594/1328/1346
f 1584/1111/1347 1598/1331/1347 1585/1321/1347
f 1597/1330/1348 1594/1328/1348 1598/1331/1348
f 1587/1042/1349 1595/1329/1349 1588/1323/1349
f 1590/1325/1350 1597/1330/1350 1596/1074/1350
f 1589/1324/1351 1592/1327/1351 1591/1326/1351
f 1575/1108/1352 1589/1324/1352 1576/1061/1352
f 1590/1325/1353 1578/1318/1353 1591/1326/1353
f 1593/1158/1354 1575/1108/1354 1581/1064/1354
f 1580/1335/1355 1582/1336/1355 1577/1333/1355
f 1589/1324/1356 1578/1318/1356 1576/1337/1356
f 1584/1084/1357 1590/1325/1357 1596/1074/1357
f 1585/1321/1358 1594/1328/1358 1583/1338/1358
f 1595/1329/1359 1592/1327/1359 1588/1323/1359
f 1599/1108/1360 1600/1011/1360 1601/376/1360
f 1602/1339/1361 1603/984/1361 1604/1340/1361
f 1605/1088/1362 1606/436/1362 1607/987/1362
f 1608/1089/1363 1609/1341/1363 1610/1342/1363
f 1611/1092/1364 1612/1343/1364 1613/1344/1364
f 1614/1303/1365 1615/1345/1365 1616/1346/1365
f 1617/1347/1366 1618/1348/1366 1619/1349/1366
f 1620/1074/1367 1621/1350/1367 1622/1351/1367
f 1599/1108/1368 1606/436/1368 1605/1088/1368
f 1600/1352/1369 1604/1353/1369 1601/1354/1369
f 1603/1080/1370 1610/1342/1370 1604/1353/1370
f 1607/1355/1371 1610/1342/1371 1609/1341/1371
f 1617/1347/1372 1607/987/1372 1618/1348/1372
f 1608/1089/1373 1622/1351/1373 1609/1341/1373
f 1619/1349/1374 1622/1351/1374 1621/1350/1374
f 1617/1347/1375 1612/1343/1375 1611/1092/1375
f 1614/1303/1376 1621/1350/1376 1620/1074/1376
f 1613/1344/1377 1616/1346/1377 1615/1345/1377
f 1611/1092/1378 1600/1011/1378 1599/1108/1378
f 1603/984/1379 1615/1345/1379 1614/1303/1379
f 1617/1347/1380 1599/1108/1380 1605/1088/1380
f 1601/1354/1381 1610/1342/1381 1606/1356/1381
f 1613/1344/1382 1602/1339/1382 1600/1357/1382
f 1620/1074/1383 1603/1148/1383 1614/1303/1383
f 1607/1355/1384 1622/1351/1384 1618/1348/1384
f 1621/1350/1385 1612/1343/1385 1619/1349/1385
f 1623/1060/1386 1624/1358/1386 1625/1170/1386
f 1626/1359/1387 1627/1013/1387 1628/1360/1387
f 1629/1064/1388 1630/1361/1388 1631/1015/1388
f 1632/1089/1389 1633/1362/1389 1634/1363/1389
f 1635/1092/1390 1636/1364/1390 1637/1365/1390
f 1638/1020/1391 1639/1366/1391 1640/1367/1391
f 1641/1097/1392 1642/1368/1392 1643/1369/1392
f 1644/1074/1393 1645/1370/1393 1646/1371/1393
f 1629/1064/1394 1625/1170/1394 1630/1361/1394
f 1626/1372/1395 1625/1373/1395 1624/1374/1395
f 1632/1089/1396 1628/1375/1396 1627/1080/1396
f 1631/1376/1397 1634/1363/1397 1633/1362/1397
f 1641/1097/1398 1631/1015/1398 1642/1368/1398
f 1644/1074/1399 1633/1362/1399 1632/1089/1399
f 1643/1369/1400 1646/1371/1400 1645/1370/1400
f 1641/1097/1401 1636/1364/1401 1635/1092/1401
f 1644/1074/1402 1640/1367/1402 1645/1370/1402
f 1639/1366/1403 1636/1364/1403 1640/1367/1403
f 1623/1060/1404 1637/1365/1404 1624/1358/1404
f 1638/1020/1405 1626/1359/1405 1639/1366/1405
f 1629/1064/1406 1635/1092/1406 1623/1060/1406
f 1628/1375/1407 1630/1377/1407 1625/1373/1407
f 1639/1366/1408 1624/1378/1408 1637/1365/1408
f 1644/1074/1409 1627/1148/1409 1638/1020/1409
f 1633/1362/1410 1642/1368/1410 1631/1376/1410
f 1645/1370/1411 1636/1364/1411 1643/1369/1411
f 1651/910/1412 1648/911/1412 1647/912/1412
f 1652/918/1413 1649/657/1413 1648/911/1413
f 1649/658/1414 1654/916/1414 1650/915/1414
f 1654/916/1415 1647/912/1415 1650/915/1415
f 1655/917/1416 1652/918/1416 1651/910/1416
f 1652/918/1417 1657/924/1417 1653/913/1417
f 1653/914/1418 1658/921/1418 1654/916/1418
f 1654/916/1419 1655/917/1419 1651/910/1419
f 1659/928/1420 1656/919/1420 1655/917/1420
f 1660/922/1421 1657/924/1421 1656/919/1421
f 1661/925/1422 1658/921/1422 1657/920/1422
f 1658/921/1423 1659/928/1423 1655/917/1423
f 1663/927/1424 1660/922/1424 1659/928/1424
f 1664/929/1425 1661/923/1425 1660/922/1425
f 1665/934/1426 1662/926/1426 1661/925/1426
f 1662/926/1427 1663/927/1427 1659/928/1427
f 1667/937/1428 1664/929/1428 1663/927/1428
f 1664/929/1429 1669/939/1429 1665/932/1429
f 1669/933/1430 1666/930/1430 1665/934/1430
f 1670/935/1431 1663/927/1431 1666/930/1431
f 1671/936/1432 1668/931/1432 1667/937/1432
f 1668/931/1433 1673/943/1433 1669/939/1433
f 1673/940/1434 1670/935/1434 1669/933/1434
f 1674/941/1435 1667/937/1435 1670/935/1435
f 1671/936/1436 1676/942/1436 1672/938/1436
f 1672/938/1437 1677/796/1437 1673/943/1437
f 1673/940/1438 1678/944/1438 1674/941/1438
f 1674/941/1439 1675/769/1439 1671/936/1439
f 1679/945/1413 1676/946/1413 1675/947/1413
f 1680/948/1412 1677/949/1412 1676/946/1412
f 1677/952/1415 1682/953/1415 1678/951/1415
f 1678/951/1440 1679/945/1440 1675/947/1440
f 1679/945/1417 1684/955/1417 1680/948/1417
f 1684/955/1441 1681/956/1441 1680/948/1441
f 1685/957/1419 1682/953/1419 1681/950/1419
f 1686/958/1418 1679/945/1418 1682/953/1418
f 1683/954/1421 1688/960/1421 1684/955/1421
f 1688/960/1420 1685/961/1420 1684/955/1420
f 1689/962/1423 1686/958/1423 1685/957/1423
f 1686/958/1422 1687/959/1422 1683/954/1422
f 1691/964/1425 1688/960/1425 1687/959/1425
f 1688/960/1424 1693/965/1424 1689/966/1424
f 1689/962/1427 1694/967/1427 1690/963/1427
f 1694/967/1426 1687/959/1426 1690/963/1426
f 1691/964/1429 1696/968/1429 1692/969/1429
f 1696/968/1428 1693/965/1428 1692/969/1428
f 1697/977/1431 1694/967/1431 1693/971/1431
f 1698/972/1430 1691/964/1430 1694/967/1430
f 1699/973/1433 1696/968/1433 1695/974/1433
f 1700/978/1432 1697/970/1432 1696/968/1432
f 1701/976/1435 1698/972/1435 1697/977/1435
f 1698/972/1434 1699/973/1434 1695/974/1434
f 1699/973/1437 1648/911/1437 1700/978/1437
f 1648/911/1436 1701/975/1436 1700/978/1436
f 1649/658/1439 1702/979/1439 1701/976/1439
f 1650/915/1438 1699/973/1438 1702/979/1438
f 1703/912/1442 1708/918/1442 1704/911/1442
f 1708/918/1443 1705/657/1443 1704/911/1443
f 1709/914/1444 1706/915/1444 1705/658/1444
f 1710/916/1445 1703/912/1445 1706/915/1445
f 1711/917/1446 1708/918/1446 1707/910/1446
f 1712/919/1447 1709/913/1447 1708/918/1447
f 1709/914/1448 1714/921/1448 1710/916/1448
f 1714/921/1449 1707/910/1449 1710/916/1449
f 1715/928/1450 1712/919/1450 1711/917/1450
f 1716/922/1451 1713/924/1451 1712/919/1451
f 1717/925/1452 1714/921/1452 1713/920/1452
f 1718/926/1453 1711/917/1453 1714/921/1453
f 1719/927/1454 1716/922/1454 1715/928/1454
f 1720/929/1455 1717/923/1455 1716/922/1455
f 1721/934/1456 1718/926/1456 1717/925/1456
f 1722/930/1457 1715/928/1457 1718/926/1457
f 1723/937/1458 1720/929/1458 1719/927/1458
f 1720/929/1459 1725/939/1459 1721/932/1459
f 1721/934/1460 1726/935/1460 1722/930/1460
f 1726/935/1461 1719/927/1461 1722/930/1461
f 1727/936/1462 1724/931/1462 1723/937/1462
f 1728/938/1463 1725/939/1463 1724/931/1463
f 1729/940/1464 1726/935/1464 1725/933/1464
f 1730/941/1465 1723/937/1465 1726/935/1465
f 1731/769/1466 1728/938/1466 1727/936/1466
f 1732/942/1467 1729/943/1467 1728/938/1467
f 1729/940/1468 1734/944/1468 1730/941/1468
f 1734/944/1469 1727/936/1469 1730/941/1469
f 1735/945/1443 1732/946/1443 1731/947/1443
f 1736/948/1442 1733/949/1442 1732/946/1442
f 1733/952/1445 1738/953/1445 1734/951/1445
f 1738/953/1444 1731/947/1444 1734/951/1444
f 1735/945/1447 1740/955/1447 1736/948/1447
f 1736/948/1446 1741/961/1446 1737/956/1446
f 1741/957/1449 1738/953/1449 1737/950/1449
f 1738/953/1448 1739/954/1448 1735/945/1448
f 1739/954/1451 1744/960/1451 1740/955/1451
f 1744/960/1470 1741/961/1470 1740/955/1470
f 1745/962/1453 1742/958/1453 1741/957/1453
f 1746/963/1471 1739/954/1471 1742/958/1471
f 1747/964/1455 1744/960/1455 1743/959/1455
f 1744/960/1454 1749/965/1454 1745/966/1454
f 1749/971/1457 1746/963/1457 1745/962/1457
f 1750/967/1456 1743/959/1456 1746/963/1456
f 1751/974/1459 1748/969/1459 1747/964/1459
f 1752/968/1458 1749/965/1458 1748/969/1458
f 1753/977/1461 1750/967/1461 1749/971/1461
f 1754/972/1460 1747/964/1460 1750/967/1460
f 1755/973/1463 1752/968/1463 1751/974/1463
f 1752/968/1462 1757/975/1462 1753/970/1462
f 1757/976/1465 1754/972/1465 1753/977/1465
f 1754/972/1464 1755/973/1464 1751/974/1464
f 1703/912/1472 1756/978/1472 1755/973/1472
f 1704/911/1466 1757/975/1466 1756/978/1466
f 1705/658/1473 1758/979/1473 1757/976/1473
f 1758/979/1468 1703/912/1468 1755/973/1468
f 1759/912/1474 1764/918/1474 1760/911/1474
f 1760/911/1475 1765/913/1475 1761/657/1475
f 1761/658/1476 1766/916/1476 1762/915/1476
f 1766/916/1477 1759/912/1477 1762/915/1477
f 1763/910/1478 1768/919/1478 1764/918/1478
f 1764/918/1479 1769/924/1479 1765/913/1479
f 1769/920/1480 1766/916/1480 1765/914/1480
f 1770/921/1481 1763/910/1481 1766/916/1481
f 1771/928/1482 1768/919/1482 1767/917/1482
f 1772/922/1483 1769/924/1483 1768/919/1483
f 1769/920/1484 1774/926/1484 1770/921/1484
f 1774/926/1485 1767/917/1485 1770/921/1485
f 1771/928/1486 1776/929/1486 1772/922/1486
f 1776/929/1487 1773/923/1487 1772/922/1487
f 1777/934/1488 1774/926/1488 1773/925/1488
f 1778/930/1489 1771/928/1489 1774/926/1489
f 1775/927/1490 1780/931/1490 1776/929/1490
f 1780/931/1491 1777/932/1491 1776/929/1491
f 1781/933/1492 1778/930/1492 1777/934/1492
f 1778/930/1493 1779/937/1493 1775/927/1493
f 1783/936/1494 1780/931/1494 1779/937/1494
f 1780/931/1495 1785/943/1495 1781/939/1495
f 1781/933/1496 1786/941/1496 1782/935/1496
f 1786/941/1497 1779/937/1497 1782/935/1497
f 1787/769/1498 1784/938/1498 1783/936/1498
f 1788/942/1499 1785/943/1499 1784/938/1499
f 1785/940/1500 1790/944/1500 1786/941/1500
f 1790/944/1501 1783/936/1501 1786/941/1501
f 1791/945/1475 1788/946/1475 1787/947/1475
f 1788/946/1474 1793/956/1474 1789/949/1474
f 1793/950/1477 1790/951/1477 1789/952/1477
f 1794/953/1502 1787/947/1502 1790/951/1502
f 1791/945/1479 1796/955/1479 1792/948/1479
f 1796/955/1478 1793/956/1478 1792/948/1478
f 1797/957/1481 1794/953/1481 1793/950/1481
f 1794/953/1480 1795/954/1480 1791/945/1480
f 1799/959/1483 1796/955/1483 1795/954/1483
f 1800/960/1482 1797/961/1482 1796/955/1482
f 1801/962/1485 1798/958/1485 1797/957/1485
f 1798/958/1484 1799/959/1484 1795/954/1484
f 1803/964/1487 1800/960/1487 1799/959/1487
f 1804/969/1486 1801/966/1486 1800/960/1486
f 1801/962/1489 1806/967/1489 1802/963/1489
f 1806/967/1488 1799/959/1488 1802/963/1488
f 1807/974/1491 1804/969/1491 1803/964/1491
f 1808/968/1490 1805/965/1490 1804/969/1490
f 1809/977/1493 1806/967/1493 1805/971/1493
f 1810/972/1492 1803/964/1492 1806/967/1492
f 1811/973/1495 1808/968/1495 1807/974/1495
f 1812/978/1494 1809/970/1494 1808/968/1494
f 1813/976/1497 1810/972/1497 1809/977/1497
f 1810/972/1496 1811/973/1496 1807/974/1496
f 1811/973/1499 1760/911/1499 1812/978/1499
f 1760/911/1498 1813/975/1498 1812/978/1498
f 1761/658/1501 1814/979/1501 1813/976/1501
f 1814/979/1503 1759/912/1503 1811/973/1503
f 1048/796/837 1050/886/837 1049/885/837
f 1050/886/838 1052/888/838 1051/887/838
f 1052/888/839 1054/890/839 1053/889/839
f 1054/890/840 1056/892/840 1055/891/840
f 1056/892/841 1058/894/841 1057/893/841
f 1058/894/842 1060/896/842 1059/895/842
f 1060/896/843 1062/898/843 1061/897/843
f 1062/898/844 1064/900/844 1063/899/844
f 1064/900/845 1048/902/845 1047/901/845
f 1065/769/846 1067/885/846 1068/886/846
f 1067/885/847 1069/887/847 1070/888/847
f 1071/889/848 1072/890/848 1070/888/848
f 1071/889/849 1073/891/849 1074/892/849
f 1075/893/850 1076/894/850 1074/892/850
f 1077/895/851 1078/896/851 1076/894/851
f 1079/897/852 1080/898/852 1078/896/852
f 1081/899/853 1082/900/853 1080/898/853
f 1065/901/854 1066/902/854 1082/900/854
f 1049/885/855 1067/885/855 1065/769/855
f 1048/796/856 1066/796/856 1068/886/856
f 1051/887/857 1069/887/857 1067/885/857
f 1052/888/858 1050/886/858 1068/886/858
f 1053/889/859 1071/889/859 1069/887/859
f 1052/888/860 1070/888/860 1072/890/860
f 1055/891/861 1073/891/861 1071/889/861
f 1054/890/862 1072/890/862 1074/892/862
f 1057/893/863 1075/893/863 1073/891/863
f 1056/892/864 1074/892/864 1076/894/864
f 1059/895/865 1077/895/865 1075/893/865
f 1060/896/866 1058/894/866 1076/894/866
f 1061/897/867 1079/897/867 1077/895/867
f 1060/896/868 1078/896/868 1080/898/868
f 1061/897/869 1063/899/869 1081/899/869
f 1062/898/870 1080/898/870 1082/900/870
f 1047/901/871 1065/901/871 1081/899/871
f 1048/902/872 1064/900/872 1082/900/872
f 1120/796/889 1122/886/889 1121/885/889
f 1122/886/890 1124/888/890 1123/887/890
f 1124/888/891 1126/890/891 1125/889/891
f 1126/890/892 1128/892/892 1127/891/892
f 1128/892/893 1130/894/893 1129/893/893
f 1130/894/894 1132/896/894 1131/895/894
f 1132/896/895 1134/898/895 1133/897/895
f 1124/1491/896 1122/1492/896 1120/786/896
f 1120/786/896 1136/1493/896 1134/1494/896
f 1134/1494/896 1132/1495/896 1130/903/896
f 1130/903/896 1128/1496/896 1126/904/896
f 1126/904/896 1124/1491/896 1120/786/896
f 1120/786/896 1134/1494/896 1130/903/896
f 1134/898/897 1136/900/897 1135/899/897
f 1136/900/898 1120/902/898 1119/901/898
f 1135/1497/899 1119/1479/899 1121/905/899
f 1121/905/899 1123/1498/899 1125/1499/899
f 1125/1499/899 1127/1500/899 1129/906/899
f 1129/906/899 1131/1501/899 1133/907/899
f 1133/907/899 1135/1497/899 1121/905/899
f 1121/905/899 1125/1499/899 1129/906/899
f 1137/769/900 1138/796/900 1140/770/900
f 1140/770/901 1142/908/901 1141/772/901
f 1142/908/1810 1144/773/1810 1143/774/1810
f 1143/774/903 1144/773/903 1146/776/903
f 1146/776/904 1148/778/904 1147/777/904
f 1148/778/905 1150/780/905 1149/779/905
f 1150/780/906 1152/782/906 1151/781/906
f 1152/782/907 1154/784/907 1153/783/907
f 1154/784/908 1156/789/908 1155/785/908
f 1142/1469/909 1140/1470/909 1138/786/909
f 1138/786/909 1158/1471/909 1156/1472/909
f 1156/1472/909 1154/1473/909 1152/909/909
f 1152/909/909 1150/1502/909 1148/1475/909
f 1148/1475/909 1146/1503/909 1144/788/909
f 1144/788/909 1142/1469/909 1138/786/909
f 1138/786/909 1156/1472/909 1152/909/909
f 1152/909/909 1148/1475/909 1144/788/909
f 1156/789/910 1158/791/910 1157/790/910
f 1158/791/1811 1138/1477/1811 1137/792/1811
f 1157/1478/912 1137/1479/912 1139/793/912
f 1139/793/912 1141/1480/912 1143/1481/912
f 1143/1481/912 1145/1504/912 1147/794/912
f 1147/794/912 1149/1483/912 1151/1505/912
f 1151/1505/912 1153/1485/912 1155/795/912
f 1155/795/912 1157/1478/912 1139/793/912
f 1139/793/912 1143/1481/912 1147/794/912
f 1147/794/912 1151/1505/912 1155/795/912
f 1215/980/952 1217/982/952 1222/463/952
f 1216/1003/953 1218/1506/953 1220/1004/953
f 1224/988/1814 1226/990/1814 1220/1004/1814
f 1223/1006/955 1222/1007/955 1226/990/955
f 1233/997/956 1221/986/956 1223/987/956
f 1224/988/957 1236/1000/957 1238/1002/957
f 1235/999/958 1234/998/958 1238/1002/958
f 1233/997/1815 1235/999/1815 1228/992/1815
f 1230/994/960 1232/996/960 1237/1001/960
f 1231/995/961 1229/993/961 1228/992/961
f 1227/991/962 1229/993/962 1216/981/962
f 1230/994/963 1219/984/963 1218/983/963
f 1233/997/964 1227/991/964 1215/980/964
f 1220/1004/965 1226/990/965 1222/1007/965
f 1231/995/966 1218/983/966 1216/1008/966
f 1224/1009/967 1219/1059/967 1230/994/967
f 1225/989/968 1238/1002/968 1234/998/968
f 1235/999/969 1237/1001/969 1232/996/969
f 1245/986/978 1239/1010/978 1241/376/978
f 1242/1029/979 1244/1032/979 1241/1030/979
f 1248/988/980 1250/1017/980 1244/1032/980
f 1247/1033/981 1246/1034/981 1250/1017/981
f 1245/986/982 1247/1015/982 1258/1024/982
f 1260/1026/983 1262/1028/983 1249/1016/983
f 1261/1027/984 1259/1025/984 1258/1024/984
f 1251/991/1816 1257/1023/1816 1259/1025/1816
f 1260/1026/986 1254/1020/986 1256/1022/986
f 1255/1021/987 1253/1019/987 1252/1018/987
f 1251/991/988 1253/1019/988 1240/1011/988
f 1243/1013/989 1242/1012/989 1255/1021/989
f 1245/986/990 1257/1023/990 1251/991/990
f 1244/1032/991 1250/1017/991 1246/1034/991
f 1255/1021/992 1242/1012/992 1240/1035/992
f 1248/1009/993 1243/1059/993 1254/1020/993
f 1249/1016/994 1262/1028/994 1258/1024/994
f 1259/1025/995 1261/1027/995 1256/1022/995
f 1269/986/1004 1263/1036/1004 1265/376/1004
f 1264/1053/1005 1266/1507/1005 1268/1054/1005
f 1267/378/1817 1272/1039/1817 1274/1041/1817
f 1271/1056/1007 1270/1057/1007 1274/1041/1007
f 1269/986/1008 1271/987/1008 1282/1048/1008
f 1284/1050/1009 1286/1052/1009 1273/1040/1009
f 1283/1049/1010 1282/1048/1010 1286/1052/1010
f 1275/1042/1818 1281/1047/1818 1283/1049/1818
f 1284/1050/1012 1278/1020/1012 1280/1046/1012
f 1279/1045/1013 1277/1044/1013 1276/1043/1013
f 1275/1042/1014 1277/1044/1014 1264/981/1014
f 1267/984/1015 1266/1037/1015 1279/1045/1015
f 1281/1047/1016 1275/1042/1016 1263/1036/1016
f 1265/1055/1017 1268/1054/1017 1274/1041/1017
f 1279/1045/1018 1266/1037/1018 1264/1058/1018
f 1284/1050/1019 1272/1009/1019 1267/1059/1019
f 1273/1040/1020 1286/1052/1020 1282/1048/1020
f 1283/1049/1021 1285/1051/1021 1280/1046/1021
f 1287/1060/1030 1289/458/1030 1294/436/1030
f 1290/1077/1031 1292/1081/1031 1289/1078/1031
f 1291/1080/1032 1296/988/1032 1298/1066/1032
f 1297/1065/1033 1295/1085/1033 1294/1082/1033
f 1305/1023/1819 1293/1064/1819 1295/1015/1819
f 1308/1074/1820 1310/1076/1820 1297/1065/1820
f 1307/1073/1821 1306/1072/1821 1310/1076/1821
f 1305/1023/1037 1307/1073/1037 1300/1067/1037
f 1308/1074/1038 1302/1069/1038 1304/1071/1038
f 1303/1070/1039 1301/1068/1039 1300/1067/1039
f 1287/1060/1822 1299/991/1822 1301/1068/1822
f 1291/1013/1823 1290/1062/1823 1303/1070/1823
f 1305/1023/1042 1299/991/1042 1287/1060/1042
f 1292/1081/1043 1298/1066/1043 1294/1082/1043
f 1303/1070/1044 1290/1062/1044 1288/1083/1044
f 1296/1084/1045 1291/1148/1045 1302/1069/1045
f 1295/1085/1824 1297/1065/1824 1310/1076/1824
f 1307/1073/1047 1309/1075/1047 1304/1071/1047
f 1311/1060/1056 1313/376/1056 1318/436/1056
f 1312/1102/1057 1314/1508/1057 1316/1103/1057
f 1320/1089/1058 1322/1091/1058 1316/1103/1058
f 1319/1105/1059 1318/1106/1059 1322/1091/1059
f 1317/1088/1060 1319/987/1060 1330/1098/1060
f 1320/1089/1061 1332/1074/1061 1334/1101/1061
f 1333/1100/1062 1331/1099/1062 1330/1098/1062
f 1323/1092/1063 1329/1097/1063 1331/1099/1063
f 1332/1074/1064 1326/1020/1064 1328/1096/1064
f 1327/1095/1065 1325/1094/1065 1324/1093/1065
f 1311/1060/1066 1323/1092/1066 1325/1094/1066
f 1326/1020/1067 1315/984/1067 1314/1086/1067
f 1317/1088/1068 1329/1097/1068 1323/1092/1068
f 1313/1104/1069 1316/1103/1069 1322/1091/1069
f 1327/1095/1825 1314/1086/1825 1312/1107/1825
f 1320/1084/1071 1315/1148/1071 1326/1020/1071
f 1319/1105/1072 1321/1090/1072 1334/1101/1072
f 1333/1100/1073 1328/1096/1073 1324/1093/1073
f 1341/1064/1082 1335/1108/1082 1337/982/1082
f 1336/1124/1083 1338/1509/1083 1340/1125/1083
f 1344/1111/1826 1346/1113/1826 1340/1125/1826
f 1343/1127/1085 1342/1128/1085 1346/1113/1085
f 1353/1047/1086 1341/1064/1086 1343/1015/1086
f 1344/1111/1827 1356/1121/1827 1358/1123/1827
f 1355/1120/1088 1354/1119/1088 1358/1123/1088
f 1353/1047/1828 1355/1120/1828 1348/1114/1828
f 1356/1121/1090 1350/1116/1090 1352/1118/1090
f 1349/1115/1091 1348/1114/1091 1352/1118/1091
f 1347/1092/1829 1349/1115/1829 1336/1011/1829
f 1339/1013/1093 1338/1109/1093 1351/1117/1093
f 1341/1064/1094 1353/1047/1094 1347/1092/1094
f 1337/1126/1095 1340/1125/1095 1346/1113/1095
f 1351/1117/1096 1338/1109/1096 1336/1129/1096
f 1344/1084/1097 1339/1148/1097 1350/1116/1097
f 1345/1112/1098 1358/1123/1098 1354/1119/1098
f 1355/1120/1099 1357/1122/1099 1352/1118/1099
f 1365/1064/1108 1359/1060/1108 1361/376/1108
f 1360/1142/1109 1362/1510/1109 1364/1143/1109
f 1368/1089/1110 1370/1133/1110 1364/1143/1110
f 1367/1145/1830 1366/1146/1830 1370/1133/1830
f 1377/1097/1831 1365/1064/1831 1367/987/1831
f 1380/1074/1113 1382/1141/1113 1369/1132/1113
f 1379/1139/1114 1378/1138/1114 1382/1141/1114
f 1377/1097/1115 1379/1139/1115 1372/1134/1115
f 1380/1074/1116 1374/1020/1116 1376/1137/1116
f 1373/1135/1832 1372/1134/1832 1376/1137/1832
f 1371/1092/1118 1373/1135/1118 1360/981/1118
f 1363/984/1833 1362/1130/1833 1375/1136/1833
f 1377/1097/1120 1371/1092/1120 1359/1060/1120
f 1361/1144/1121 1364/1143/1121 1370/1133/1121
f 1375/1136/1122 1362/1130/1122 1360/1147/1122
f 1380/1074/1123 1368/1084/1123 1363/1148/1123
f 1367/1145/1124 1369/1132/1124 1382/1141/1124
f 1379/1139/1125 1381/1140/1125 1376/1137/1125
f 1389/1151/1134 1383/1108/1134 1385/376/1134
f 1386/1163/1135 1388/1166/1135 1385/1164/1135
f 1392/1111/1136 1394/1153/1136 1388/1166/1136
f 1391/1167/1137 1390/1168/1137 1394/1153/1137
f 1401/1158/1138 1389/1151/1138 1391/1015/1138
f 1392/1111/1139 1404/1074/1139 1406/1162/1139
f 1405/1161/1140 1403/1160/1140 1402/1159/1140
f 1401/1158/1141 1403/1160/1141 1396/1154/1141
f 1404/1074/1142 1398/1116/1142 1400/1157/1142
f 1399/1156/1143 1397/1155/1143 1396/1154/1143
f 1383/1108/1144 1395/991/1144 1397/1155/1144
f 1398/1116/1145 1387/1013/1145 1386/1149/1145
f 1389/1151/1146 1401/1158/1146 1395/991/1146
f 1385/1164/1147 1388/1166/1147 1394/1153/1147
f 1397/1155/1148 1399/1156/1148 1386/1149/1148
f 1404/1074/1149 1392/1084/1149 1387/1148/1149
f 1391/1167/1150 1393/1152/1150 1406/1162/1150
f 1403/1160/1151 1405/1161/1151 1400/1157/1151
f 1413/1064/1160 1407/1060/1160 1409/1170/1160
f 1408/1183/1161 1410/1511/1161 1412/1184/1161
f 1411/1080/1162 1416/1111/1162 1418/1174/1162
f 1417/1173/1163 1415/1188/1163 1414/1186/1163
f 1413/1064/1164 1415/1015/1164 1426/1179/1164
f 1416/1111/1165 1428/1074/1165 1430/1182/1165
f 1429/1181/1166 1427/1180/1166 1426/1179/1166
f 1419/1092/1167 1425/1023/1167 1427/1180/1167
f 1422/1020/1168 1424/1178/1168 1429/1181/1168
f 1421/1176/1169 1420/1175/1169 1424/1178/1169
f 1419/1092/1170 1421/1176/1170 1408/1011/1170
f 1422/1020/1171 1411/1013/1171 1410/1171/1171
f 1413/1064/1172 1425/1023/1172 1419/1092/1172
f 1409/1185/1173 1412/1184/1173 1418/1174/1173
f 1421/1176/1174 1423/1177/1174 1410/1171/1174
f 1416/1084/1175 1411/1148/1175 1422/1020/1175
f 1417/1173/1176 1430/1182/1176 1426/1179/1176
f 1429/1181/1177 1424/1178/1177 1420/1175/1177
f 1437/1064/1186 1431/1189/1186 1433/982/1186
f 1432/1206/1187 1434/1512/1187 1436/1207/1187
f 1435/1080/1834 1440/1193/1834 1442/1195/1834
f 1439/1209/1189 1438/1210/1189 1442/1195/1189
f 1449/1200/1190 1437/1064/1190 1439/1192/1190
f 1440/1193/1191 1452/1203/1191 1454/1205/1191
f 1453/1204/1192 1451/1202/1192 1450/1201/1192
f 1449/1200/1193 1451/1202/1193 1444/1196/1193
f 1452/1203/1194 1446/1020/1194 1448/1199/1194
f 1445/1197/1195 1444/1196/1195 1448/1199/1195
f 1431/1189/1196 1443/1042/1196 1445/1197/1196
f 1435/1013/1197 1434/1190/1197 1447/1198/1197
f 1437/1064/1198 1449/1200/1198 1443/1042/1198
f 1433/1208/1199 1436/1207/1199 1442/1195/1199
f 1447/1198/1200 1434/1190/1200 1432/1211/1200
f 1452/1203/1201 1440/1084/1201 1435/1148/1201
f 1441/1194/1202 1454/1205/1202 1450/1201/1202
f 1453/1204/1203 1448/1199/1203 1444/1196/1203
f 1461/1088/1212 1455/1060/1212 1457/376/1212
f 1458/1224/1213 1460/1227/1213 1457/1225/1213
f 1464/1089/1214 1466/1215/1214 1460/1227/1214
f 1465/1214/1215 1463/1230/1215 1462/1228/1215
f 1461/1088/1216 1463/987/1216 1474/1220/1216
f 1464/1089/1835 1476/1074/1835 1478/1223/1835
f 1477/1222/1218 1475/1221/1218 1474/1220/1218
f 1467/1092/1219 1473/1097/1219 1475/1221/1219
f 1470/1020/1836 1472/1219/1836 1477/1222/1836
f 1471/1218/1221 1469/1217/1221 1468/1216/1221
f 1455/1060/1222 1467/1092/1222 1469/1217/1222
f 1470/1020/1223 1459/984/1223 1458/1212/1223
f 1461/1088/1224 1473/1097/1224 1467/1092/1224
f 1460/1227/1225 1466/1215/1225 1462/1228/1225
f 1469/1217/1226 1471/1218/1226 1458/1212/1226
f 1464/1084/1227 1459/1148/1227 1470/1020/1227
f 1463/1230/1228 1465/1214/1228 1478/1223/1228
f 1475/1221/1229 1477/1222/1229 1472/1219/1229
f 1479/1231/1238 1481/982/1238 1486/381/1238
f 1482/1250/1239 1484/1253/1239 1481/1251/1239
f 1483/378/1240 1488/1111/1240 1490/1237/1240
f 1489/1236/1241 1487/1256/1241 1486/1254/1241
f 1497/1244/1242 1485/1235/1242 1487/1015/1242
f 1488/1111/1243 1500/1247/1243 1502/1249/1243
f 1501/1248/1244 1499/1246/1244 1498/1245/1244
f 1491/1238/1245 1497/1244/1245 1499/1246/1245
f 1494/1241/1246 1496/1243/1246 1501/1248/1246
f 1493/1240/1247 1492/1239/1247 1496/1243/1247
f 1479/1231/1248 1491/1238/1248 1493/1240/1248
f 1494/1241/1249 1483/1013/1249 1482/1233/1249
f 1497/1244/1250 1491/1238/1250 1479/1231/1250
f 1481/1251/1251 1484/1253/1251 1490/1237/1251
f 1495/1242/1252 1482/1233/1252 1480/1255/1252
f 1488/1009/1253 1483/1059/1253 1494/1241/1253
f 1489/1236/1254 1502/1249/1254 1498/1245/1254
f 1499/1246/1255 1501/1248/1255 1496/1243/1255
f 1509/1088/1264 1503/1257/1264 1505/982/1264
f 1504/1270/1265 1506/1513/1265 1508/1271/1265
f 1507/1080/1266 1512/988/1266 1514/1261/1266
f 1511/1273/1267 1510/1274/1267 1514/1261/1267
f 1509/1088/1268 1511/987/1268 1522/1266/1268
f 1512/988/1837 1524/1074/1837 1526/1269/1837
f 1525/1268/1270 1523/1267/1270 1522/1266/1270
f 1515/991/1271 1521/1047/1271 1523/1267/1271
f 1518/1116/1272 1520/1265/1272 1525/1268/1272
f 1517/1263/1273 1516/1262/1273 1520/1265/1273
f 1515/991/1838 1517/1263/1838 1504/981/1838
f 1518/1116/1275 1507/984/1275 1506/1258/1275
f 1509/1088/1276 1521/1047/1276 1515/991/1276
f 1508/1271/1277 1514/1261/1277 1510/1274/1277
f 1517/1263/1278 1519/1264/1278 1506/1258/1278
f 1512/1084/1279 1507/1148/1279 1518/1116/1279
f 1511/1273/1280 1513/1260/1280 1526/1269/1280
f 1523/1267/1281 1525/1268/1281 1520/1265/1281
f 1527/1257/1290 1529/376/1290 1534/381/1290
f 1530/1289/1291 1532/1292/1291 1529/1290/1291
f 1536/1278/1292 1538/1280/1292 1532/1292/1292
f 1535/1293/1839 1534/1294/1839 1538/1280/1839
f 1533/1088/1294 1535/1015/1294 1546/1285/1294
f 1548/1074/1295 1550/1288/1295 1537/1279/1295
f 1547/1286/1840 1546/1285/1840 1550/1288/1840
f 1539/991/1841 1545/1023/1841 1547/1286/1841
f 1548/1074/1298 1542/1020/1298 1544/1284/1298
f 1541/1282/1299 1540/1281/1299 1544/1284/1299
f 1527/1257/1300 1539/991/1300 1541/1282/1300
f 1542/1020/1301 1531/1013/1301 1530/1276/1301
f 1533/1088/1302 1545/1023/1302 1539/991/1302
f 1529/1290/1303 1532/1292/1303 1538/1280/1303
f 1541/1282/1304 1543/1283/1304 1530/1276/1304
f 1536/1084/1842 1531/1148/1842 1542/1020/1842
f 1537/1279/1306 1550/1288/1306 1546/1285/1306
f 1549/1287/1307 1544/1284/1307 1540/1281/1307
f 1557/1298/1316 1551/1108/1316 1553/982/1316
f 1554/1311/1317 1556/1314/1317 1553/1312/1317
f 1560/988/1318 1562/1300/1318 1556/1314/1318
f 1559/1315/1319 1558/1316/1319 1562/1300/1319
f 1557/1298/1320 1559/987/1320 1570/1307/1320
f 1572/1074/1321 1574/1310/1321 1561/1299/1321
f 1573/1309/1322 1571/1308/1322 1570/1307/1322
f 1563/1238/1323 1569/1306/1323 1571/1308/1323
f 1572/1074/1843 1566/1303/1843 1568/1305/1843
f 1565/1302/1325 1564/1301/1325 1568/1305/1325
f 1563/1238/1326 1565/1302/1326 1552/981/1326
f 1566/1303/1327 1555/984/1327 1554/1296/1327
f 1557/1298/1844 1569/1306/1844 1563/1238/1844
f 1553/1312/1329 1556/1314/1329 1562/1300/1329
f 1567/1304/1330 1554/1296/1330 1552/1317/1330
f 1560/1084/1331 1555/1148/1331 1566/1303/1331
f 1559/1315/1332 1561/1299/1332 1574/1310/1332
f 1573/1309/1333 1568/1305/1333 1564/1301/1333
f 1581/1064/1342 1575/1108/1342 1577/458/1342
f 1578/1332/1343 1580/1335/1343 1577/1333/1343
f 1584/1111/1344 1586/1322/1344 1580/1335/1344
f 1585/1321/1845 1583/1338/1845 1582/1336/1845
f 1593/1158/1346 1581/1064/1346 1583/1015/1346
f 1584/1111/1347 1596/1074/1347 1598/1331/1347
f 1597/1330/1348 1595/1329/1348 1594/1328/1348
f 1587/1042/1349 1593/1158/1349 1595/1329/1349
f 1590/1325/1350 1592/1327/1350 1597/1330/1350
f 1589/1324/1351 1588/1323/1351 1592/1327/1351
f 1575/1108/1352 1587/1042/1352 1589/1324/1352
f 1590/1325/1353 1579/1319/1353 1578/1318/1353
f 1593/1158/1354 1587/1042/1354 1575/1108/1354
f 1580/1335/1355 1586/1322/1355 1582/1336/1355
f 1589/1324/1356 1591/1326/1356 1578/1318/1356
f 1584/1084/1357 1579/1148/1357 1590/1325/1357
f 1585/1321/1358 1598/1331/1358 1594/1328/1358
f 1595/1329/1846 1597/1330/1846 1592/1327/1846
f 1599/1108/1368 1601/376/1368 1606/436/1368
f 1600/1352/1369 1602/1514/1369 1604/1353/1369
f 1603/1080/1370 1608/1089/1370 1610/1342/1370
f 1607/1355/1371 1606/1356/1371 1610/1342/1371
f 1617/1347/1372 1605/1088/1372 1607/987/1372
f 1608/1089/1373 1620/1074/1373 1622/1351/1373
f 1619/1349/1374 1618/1348/1374 1622/1351/1374
f 1617/1347/1375 1619/1349/1375 1612/1343/1375
f 1614/1303/1376 1616/1346/1376 1621/1350/1376
f 1613/1344/1377 1612/1343/1377 1616/1346/1377
f 1611/1092/1378 1613/1344/1378 1600/1011/1378
f 1603/984/1379 1602/1339/1379 1615/1345/1379
f 1617/1347/1380 1611/1092/1380 1599/1108/1380
f 1601/1354/1381 1604/1353/1381 1610/1342/1381
f 1613/1344/1382 1615/1345/1382 1602/1339/1382
f 1620/1074/1383 1608/1084/1383 1603/1148/1383
f 1607/1355/1384 1609/1341/1384 1622/1351/1384
f 1621/1350/1385 1616/1346/1385 1612/1343/1385
f 1629/1064/1394 1623/1060/1394 1625/1170/1394
f 1626/1372/1395 1628/1375/1395 1625/1373/1395
f 1632/1089/1396 1634/1363/1396 1628/1375/1396
f 1631/1376/1397 1630/1377/1397 1634/1363/1397
f 1641/1097/1398 1629/1064/1398 1631/1015/1398
f 1644/1074/1399 1646/1371/1399 1633/1362/1399
f 1643/1369/1400 1642/1368/1400 1646/1371/1400
f 1641/1097/1401 1643/1369/1401 1636/1364/1401
f 1644/1074/1402 1638/1020/1402 1640/1367/1402
f 1639/1366/1403 1637/1365/1403 1636/1364/1403
f 1623/1060/1404 1635/1092/1404 1637/1365/1404
f 1638/1020/1405 1627/1013/1405 1626/1359/1405
f 1629/1064/1406 1641/1097/1406 1635/1092/1406
f 1628/1375/1407 1634/1363/1407 1630/1377/1407
f 1639/1366/1408 1626/1359/1408 1624/1378/1408
f 1644/1074/1409 1632/1084/1409 1627/1148/1409
f 1633/1362/1410 1646/1371/1410 1642/1368/1410
f 1645/1370/1411 1640/1367/1411 1636/1364/1411
f 1651/910/1412 1652/918/1412 1648/911/1412
f 1652/918/1413 1653/913/1413 1649/657/1413
f 1649/658/1414 1653/914/1414 1654/916/1414
f 1654/916/1415 1651/910/1415 1647/912/1415
f 1655/917/1416 1656/919/1416 1652/918/1416
f 1652/918/1417 1656/919/1417 1657/924/1417
f 1653/914/1418 1657/920/1418 1658/921/1418
f 1654/916/1419 1658/921/1419 1655/917/1419
f 1659/928/1420 1660/922/1420 1656/919/1420
f 1660/922/1421 1661/923/1421 1657/924/1421
f 1661/925/1422 1662/926/1422 1658/921/1422
f 1658/921/1423 1662/926/1423 1659/928/1423
f 1663/927/1424 1664/929/1424 1660/922/1424
f 1664/929/1425 1665/932/1425 1661/923/1425
f 1665/934/1426 1666/930/1426 1662/926/1426
f 1662/926/1427 1666/930/1427 1663/927/1427
f 1667/937/1428 1668/931/1428 1664/929/1428
f 1664/929/1429 1668/931/1429 1669/939/1429
f 1669/933/1430 1670/935/1430 1666/930/1430
f 1670/935/1431 1667/937/1431 1663/927/1431
f 1671/936/1432 1672/938/1432 1668/931/1432
f 1668/931/1433 1672/938/1433 1673/943/1433
f 1673/940/1434 1674/941/1434 1670/935/1434
f 1674/941/1847 1671/936/1847 1667/937/1847
f 1671/936/1436 1675/769/1436 1676/942/1436
f 1672/938/1437 1676/942/1437 1677/796/1437
f 1673/940/1438 1677/619/1438 1678/944/1438
f 1674/941/1439 1678/944/1439 1675/769/1439
f 1679/945/1413 1680/948/1413 1676/946/1413
f 1680/948/1412 1681/956/1412 1677/949/1412
f 1677/952/1415 1681/950/1415 1682/953/1415
f 1678/951/1414 1682/953/1414 1679/945/1414
f 1679/945/1848 1683/954/1848 1684/955/1848
f 1684/955/1849 1685/961/1849 1681/956/1849
f 1685/957/1419 1686/958/1419 1682/953/1419
f 1686/958/1418 1683/954/1418 1679/945/1418
f 1683/954/1421 1687/959/1421 1688/960/1421
f 1688/960/1420 1689/966/1420 1685/961/1420
f 1689/962/1423 1690/963/1423 1686/958/1423
f 1686/958/1422 1690/963/1422 1687/959/1422
f 1691/964/1425 1692/969/1425 1688/960/1425
f 1688/960/1424 1692/969/1424 1693/965/1424
f 1689/962/1427 1693/971/1427 1694/967/1427
f 1694/967/1426 1691/964/1426 1687/959/1426
f 1691/964/1429 1695/974/1429 1696/968/1429
f 1696/968/1428 1697/970/1428 1693/965/1428
f 1697/977/1431 1698/972/1431 1694/967/1431
f 1698/972/1430 1695/974/1430 1691/964/1430
f 1699/973/1433 1700/978/1433 1696/968/1433
f 1700/978/1432 1701/975/1432 1697/970/1432
f 1701/976/1435 1702/979/1435 1698/972/1435
f 1698/972/1434 1702/979/1434 1699/973/1434
f 1699/973/1437 1647/912/1437 1648/911/1437
f 1648/911/1436 1649/657/1436 1701/975/1436
f 1649/658/1439 1650/915/1439 1702/979/1439
f 1650/915/1438 1647/912/1438 1699/973/1438
f 1703/912/1442 1707/910/1442 1708/918/1442
f 1708/918/1443 1709/913/1443 1705/657/1443
f 1709/914/1444 1710/916/1444 1706/915/1444
f 1710/916/1445 1707/910/1445 1703/912/1445
f 1711/917/1446 1712/919/1446 1708/918/1446
f 1712/919/1447 1713/924/1447 1709/913/1447
f 1709/914/1448 1713/920/1448 1714/921/1448
f 1714/921/1449 1711/917/1449 1707/910/1449
f 1715/928/1470 1716/922/1470 1712/919/1470
f 1716/922/1451 1717/923/1451 1713/924/1451
f 1717/925/1471 1718/926/1471 1714/921/1471
f 1718/926/1453 1715/928/1453 1711/917/1453
f 1719/927/1454 1720/929/1454 1716/922/1454
f 1720/929/1455 1721/932/1455 1717/923/1455
f 1721/934/1456 1722/930/1456 1718/926/1456
f 1722/930/1457 1719/927/1457 1715/928/1457
f 1723/937/1458 1724/931/1458 1720/929/1458
f 1720/929/1459 1724/931/1459 1725/939/1459
f 1721/934/1460 1725/933/1460 1726/935/1460
f 1726/935/1461 1723/937/1461 1719/927/1461
f 1727/936/1462 1728/938/1462 1724/931/1462
f 1728/938/1463 1729/943/1463 1725/939/1463
f 1729/940/1464 1730/941/1464 1726/935/1464
f 1730/941/1465 1727/936/1465 1723/937/1465
f 1731/769/1466 1732/942/1466 1728/938/1466
f 1732/942/1472 1733/796/1472 1729/943/1472
f 1729/940/1468 1733/619/1468 1734/944/1468
f 1734/944/1469 1731/769/1469 1727/936/1469
f 1735/945/1443 1736/948/1443 1732/946/1443
f 1736/948/1442 1737/956/1442 1733/949/1442
f 1733/952/1445 1737/950/1445 1738/953/1445
f 1738/953/1444 1735/945/1444 1731/947/1444
f 1735/945/1447 1739/954/1447 1740/955/1447
f 1736/948/1446 1740/955/1446 1741/961/1446
f 1741/957/1449 1742/958/1449 1738/953/1449
f 1738/953/1448 1742/958/1448 1739/954/1448
f 1739/954/1451 1743/959/1451 1744/960/1451
f 1744/960/1450 1745/966/1450 1741/961/1450
f 1745/962/1453 1746/963/1453 1742/958/1453
f 1746/963/1452 1743/959/1452 1739/954/1452
f 1747/964/1455 1748/969/1455 1744/960/1455
f 1744/960/1454 1748/969/1454 1749/965/1454
f 1749/971/1457 1750/967/1457 1746/963/1457
f 1750/967/1456 1747/964/1456 1743/959/1456
f 1751/974/1459 1752/968/1459 1748/969/1459
f 1752/968/1458 1753/970/1458 1749/965/1458
f 1753/977/1461 1754/972/1461 1750/967/1461
f 1754/972/1460 1751/974/1460 1747/964/1460
f 1755/973/1463 1756/978/1463 1752/968/1463
f 1752/968/1462 1756/978/1462 1757/975/1462
f 1757/976/1465 1758/979/1465 1754/972/1465
f 1754/972/1464 1758/979/1464 1755/973/1464
f 1703/912/1472 1704/911/1472 1756/978/1472
f 1704/911/1466 1705/657/1466 1757/975/1466
f 1705/658/1469 1706/915/1469 1758/979/1469
f 1758/979/1468 1706/915/1468 1703/912/1468
f 1759/912/1850 1763/910/1850 1764/918/1850
f 1760/911/1475 1764/918/1475 1765/913/1475
f 1761/658/1502 1765/914/1502 1766/916/1502
f 1766/916/1477 1763/910/1477 1759/912/1477
f 1763/910/1478 1767/917/1478 1768/919/1478
f 1764/918/1479 1768/919/1479 1769/924/1479
f 1769/920/1851 1770/921/1851 1766/916/1851
f 1770/921/1481 1767/917/1481 1763/910/1481
f 1771/928/1482 1772/922/1482 1768/919/1482
f 1772/922/1483 1773/923/1483 1769/924/1483
f 1769/920/1484 1773/925/1484 1774/926/1484
f 1774/926/1485 1771/928/1485 1767/917/1485
f 1771/928/1486 1775/927/1486 1776/929/1486
f 1776/929/1852 1777/932/1852 1773/923/1852
f 1777/934/1488 1778/930/1488 1774/926/1488
f 1778/930/1489 1775/927/1489 1771/928/1489
f 1775/927/1490 1779/937/1490 1780/931/1490
f 1780/931/1491 1781/939/1491 1777/932/1491
f 1781/933/1853 1782/935/1853 1778/930/1853
f 1778/930/1493 1782/935/1493 1779/937/1493
f 1783/936/1494 1784/938/1494 1780/931/1494
f 1780/931/1495 1784/938/1495 1785/943/1495
f 1781/933/1496 1785/940/1496 1786/941/1496
f 1786/941/1497 1783/936/1497 1779/937/1497
f 1787/769/1854 1788/942/1854 1784/938/1854
f 1788/942/1499 1789/796/1499 1785/943/1499
f 1785/940/1503 1789/619/1503 1790/944/1503
f 1790/944/1501 1787/769/1501 1783/936/1501
f 1791/945/1475 1792/948/1475 1788/946/1475
f 1788/946/1474 1792/948/1474 1793/956/1474
f 1793/950/1477 1794/953/1477 1790/951/1477
f 1794/953/1502 1791/945/1502 1787/947/1502
f 1791/945/1479 1795/954/1479 1796/955/1479
f 1796/955/1855 1797/961/1855 1793/956/1855
f 1797/957/1481 1798/958/1481 1794/953/1481
f 1794/953/1851 1798/958/1851 1795/954/1851
f 1799/959/1483 1800/960/1483 1796/955/1483
f 1800/960/1482 1801/966/1482 1797/961/1482
f 1801/962/1485 1802/963/1485 1798/958/1485
f 1798/958/1484 1802/963/1484 1799/959/1484
f 1803/964/1487 1804/969/1487 1800/960/1487
f 1804/969/1486 1805/965/1486 1801/966/1486
f 1801/962/1856 1805/971/1856 1806/967/1856
f 1806/967/1488 1803/964/1488 1799/959/1488
f 1807/974/1491 1808/968/1491 1804/969/1491
f 1808/968/1490 1809/970/1490 1805/965/1490
f 1809/977/1493 1810/972/1493 1806/967/1493
f 1810/972/1492 1807/974/1492 1803/964/1492
f 1811/973/1495 1812/978/1495 1808/968/1495
f 1812/978/1494 1813/975/1494 1809/970/1494
f 1813/976/1497 1814/979/1497 1810/972/1497
f 1810/972/1496 1814/979/1496 1811/973/1496
f 1811/973/1499 1759/912/1499 1760/911/1499
f 1760/911/1498 1761/657/1498 1813/975/1498
f 1761/658/1501 1762/915/1501 1814/979/1501
f 1814/979/1857 1762/915/1857 1759/912/1857
usemtl bark
f 1912/796/1550 1913/797/1550 1911/769/1550
f 1913/797/1551 1916/598/1551 1915/798/1551
f 1916/598/1552 1917/799/1552 1915/798/1552
f 1912/786/1553 1918/800/1553 1916/801/1553
f 1918/802/1554 1919/803/1554 1917/799/1554
f 1919/803/1555 1912/1379/1555 1911/805/1555
f 1913/1380/1556 1917/807/1556 1919/1381/1556
f 1922/796/1557 1923/797/1557 1921/769/1557
f 1924/612/1558 1925/798/1558 1923/797/1558
f 1926/598/1559 1927/799/1559 1925/798/1559
f 1922/786/1560 1928/800/1560 1926/801/1560
f 1928/802/1561 1929/803/1561 1927/799/1561
f 1929/803/1562 1922/1379/1562 1921/805/1562
f 1923/1380/1563 1927/807/1563 1929/1381/1563
f 1931/769/1564 1934/612/1564 1933/797/1564
f 1934/612/1565 1935/798/1565 1933/797/1565
f 1935/798/1566 1938/802/1566 1937/799/1566
f 1932/786/1567 1938/800/1567 1936/801/1567
f 1937/799/1568 1940/804/1568 1939/803/1568
f 1940/804/1569 1931/805/1569 1939/803/1569
f 1933/1380/1570 1937/807/1570 1939/1381/1570
f 1941/769/1571 1944/612/1571 1943/797/1571
f 1944/612/1572 1945/798/1572 1943/797/1572
f 1946/598/1573 1947/799/1573 1945/798/1573
f 1942/786/1574 1948/800/1574 1946/801/1574
f 1947/799/1575 1950/804/1575 1949/803/1575
f 1950/804/1576 1941/805/1576 1949/803/1576
f 1943/1380/1577 1947/807/1577 1949/1381/1577
f 1951/769/1578 1954/612/1578 1953/797/1578
f 1954/612/1579 1955/798/1579 1953/797/1579
f 1956/598/1580 1957/799/1580 1955/798/1580
f 1952/786/1581 1958/800/1581 1956/801/1581
f 1958/802/1582 1959/803/1582 1957/799/1582
f 1960/804/1583 1951/805/1583 1959/803/1583
f 1953/1380/1584 1957/807/1584 1959/1381/1584
f 1961/769/1585 1964/612/1585 1963/797/1585
f 1964/612/1586 1965/798/1586 1963/797/1586
f 1966/598/1587 1967/799/1587 1965/798/1587
f 1962/786/1588 1968/800/1588 1966/801/1588
f 1967/799/1589 1970/804/1589 1969/803/1589
f 1970/804/1590 1961/805/1590 1969/803/1590
f 1963/1380/1591 1967/807/1591 1969/1381/1591
f 1971/769/1592 1974/612/1592 1973/797/1592
f 1973/797/1593 1976/598/1593 1975/798/1593
f 1976/598/1594 1977/799/1594 1975/798/1594
f 1972/786/1595 1978/800/1595 1976/801/1595
f 1978/802/1596 1979/803/1596 1977/799/1596
f 1980/804/1597 1971/805/1597 1979/803/1597
f 1973/1380/1598 1977/807/1598 1979/1381/1598
f 1982/796/1599 1983/797/1599 1981/769/1599
f 1983/797/1600 1986/598/1600 1985/798/1600
f 1986/598/1601 1987/799/1601 1985/798/1601
f 1982/786/1602 1988/800/1602 1986/801/1602
f 1988/802/1603 1989/803/1603 1987/799/1603
f 1989/803/1604 1982/1379/1604 1981/805/1604
f 1983/1380/1605 1987/807/1605 1989/1381/1605
f 1991/769/1606 1994/612/1606 1993/797/1606
f 1993/797/1607 1996/598/1607 1995/798/1607
f 1995/798/1608 1998/802/1608 1997/799/1608
f 1992/786/1609 1998/800/1609 1996/801/1609
f 1998/802/1610 1999/803/1610 1997/799/1610
f 2000/804/1611 1991/805/1611 1999/803/1611
f 1993/1380/1612 1997/807/1612 1999/1381/1612
f 2002/796/1613 2003/797/1613 2001/769/1613
f 2003/797/1614 2006/598/1614 2005/798/1614
f 2006/598/1615 2007/799/1615 2005/798/1615
f 2002/786/1616 2008/800/1616 2006/801/1616
f 2008/802/1617 2009/803/1617 2007/799/1617
f 2009/803/1618 2002/1379/1618 2001/805/1618
f 2003/1380/1619 2007/807/1619 2009/1381/1619
f 2011/769/1620 2014/612/1620 2013/797/1620
f 2013/797/1621 2016/598/1621 2015/798/1621
f 2015/798/1622 2018/802/1622 2017/799/1622
f 2012/786/1623 2018/800/1623 2016/801/1623
f 2017/799/1624 2020/804/1624 2019/803/1624
f 2019/803/1625 2012/1379/1625 2011/805/1625
f 2013/1380/1626 2017/807/1626 2019/1381/1626
f 2022/796/1627 2023/797/1627 2021/769/1627
f 2023/797/1628 2026/598/1628 2025/798/1628
f 2025/798/1629 2028/802/1629 2027/799/1629
f 2022/786/1630 2028/800/1630 2026/801/1630
f 2028/802/1631 2029/803/1631 2027/799/1631
f 2029/803/1632 2022/1379/1632 2021/805/1632
f 2023/1380/1633 2027/807/1633 2029/1381/1633
f 2032/796/1634 2033/797/1634 2031/769/1634
f 2033/797/1635 2036/598/1635 2035/798/1635
f 2036/598/1636 2037/799/1636 2035/798/1636
f 2032/786/1637 2038/800/1637 2036/801/1637
f 2037/799/1638 2040/804/1638 2039/803/1638
f 2040/804/1639 2031/805/1639 2039/803/1639
f 2033/1380/1640 2037/807/1640 2039/1381/1640
f 2042/796/1641 2043/797/1641 2041/769/1641
f 2044/612/1642 2045/798/1642 2043/797/1642
f 2046/598/1643 2047/799/1643 2045/798/1643
f 2042/786/1644 2048/800/1644 2046/801/1644
f 2047/799/1645 2050/804/1645 2049/803/1645
f 2050/804/1646 2041/805/1646 2049/803/1646
f 2043/1380/1647 2047/807/1647 2049/1381/1647
f 2052/796/1648 2053/797/1648 2051/769/1648
f 2054/612/1649 2055/798/1649 2053/797/1649
f 2055/798/1650 2058/802/1650 2057/799/1650
f 2052/786/1651 2058/800/1651 2056/801/1651
f 2057/799/1652 2060/804/1652 2059/803/1652
f 2060/804/1653 2051/805/1653 2059/803/1653
f 2053/1380/1654 2057/807/1654 2059/1381/1654
f 2062/796/1655 2063/797/1655 2061/769/1655
f 2063/797/1656 2066/598/1656 2065/798/1656
f 2066/598/1657 2067/799/1657 2065/798/1657
f 2062/786/1658 2068/800/1658 2066/801/1658
f 2068/802/1659 2069/803/1659 2067/799/1659
f 2069/803/1660 2062/1379/1660 2061/805/1660
f 2063/1380/1661 2067/807/1661 2069/1381/1661
f 2072/796/1662 2073/797/1662 2071/769/1662
f 2074/612/1663 2075/798/1663 2073/797/1663
f 2075/798/1664 2078/802/1664 2077/799/1664
f 2072/786/1665 2078/800/1665 2076/801/1665
f 2077/799/1666 2080/804/1666 2079/803/1666
f 2079/803/1667 2072/1379/1667 2071/805/1667
f 2073/1380/1668 2077/807/1668 2079/1381/1668
f 2081/769/1669 2084/612/1669 2083/797/1669
f 2084/612/1670 2085/798/1670 2083/797/1670
f 2085/798/1671 2088/802/1671 2087/799/1671
f 2082/786/1672 2088/800/1672 2086/801/1672
f 2088/802/1673 2089/803/1673 2087/799/1673
f 2090/804/1674 2081/805/1674 2089/803/1674
f 2083/1380/1675 2087/807/1675 2089/1381/1675
f 2092/796/1676 2093/797/1676 2091/769/1676
f 2093/797/1677 2096/598/1677 2095/798/1677
f 2096/598/1678 2097/799/1678 2095/798/1678
f 2092/786/1679 2098/800/1679 2096/801/1679
f 2098/802/1680 2099/803/1680 2097/799/1680
f 2100/804/1681 2091/805/1681 2099/803/1681
f 2093/1380/1682 2097/807/1682 2099/1381/1682
f 2102/796/1683 2103/797/1683 2101/769/1683
f 2104/612/1684 2105/798/1684 2103/797/1684
f 2105/798/1685 2108/802/1685 2107/799/1685
f 2102/786/1686 2108/800/1686 2106/801/1686
f 2107/799/1687 2110/804/1687 2109/803/1687
f 2110/804/1688 2101/805/1688 2109/803/1688
f 2103/1380/1689 2107/807/1689 2109/1381/1689
f 2111/769/1690 2114/612/1690 2113/797/1690
f 2114/612/1691 2115/798/1691 2113/797/1691
f 2115/798/1692 2118/802/1692 2117/799/1692
f 2112/786/1693 2118/800/1693 2116/801/1693
f 2118/802/1694 2119/803/1694 2117/799/1694
f 2119/803/1695 2112/1379/1695 2111/805/1695
f 2113/1380/1696 2117/807/1696 2119/1381/1696
f 1912/796/1550 1914/612/1550 1913/797/1550
f 1913/797/1551 1914/612/1551 1916/598/1551
f 1916/598/1552 1918/802/1552 1917/799/1552
f 1916/801/1861 1914/1515/1861 1912/786/1861
f 1912/786/1861 1920/1516/1861 1918/800/1861
f 1918/802/1554 1920/804/1554 1919/803/1554
f 1919/803/1555 1920/804/1555 1912/1379/1555
f 1919/1381/1556 1911/1479/1556 1913/1380/1556
f 1913/1380/1862 1915/1488/1862 1917/807/1862
f 1922/796/1557 1924/612/1557 1923/797/1557
f 1924/612/1558 1926/598/1558 1925/798/1558
f 1926/598/1863 1928/802/1863 1927/799/1863
f 1926/801/1560 1924/1486/1560 1922/786/1560
f 1922/786/1864 1930/1487/1864 1928/800/1864
f 1928/802/1561 1930/804/1561 1929/803/1561
f 1929/803/1562 1930/804/1562 1922/1379/1562
f 1929/1381/1563 1921/1479/1563 1923/1380/1563
f 1923/1380/1563 1925/1488/1563 1927/807/1563
f 1931/769/1564 1932/796/1564 1934/612/1564
f 1934/612/1565 1936/598/1565 1935/798/1565
f 1935/798/1566 1936/598/1566 1938/802/1566
f 1936/801/1865 1934/1486/1865 1932/786/1865
f 1932/786/1567 1940/1487/1567 1938/800/1567
f 1937/799/1568 1938/802/1568 1940/804/1568
f 1940/804/1866 1932/1379/1866 1931/805/1866
f 1939/1381/1570 1931/1479/1570 1933/1380/1570
f 1933/1380/1570 1935/1488/1570 1937/807/1570
f 1941/769/1571 1942/796/1571 1944/612/1571
f 1944/612/1572 1946/598/1572 1945/798/1572
f 1946/598/1573 1948/802/1573 1947/799/1573
f 1946/801/1574 1944/1515/1574 1942/786/1574
f 1942/786/1574 1950/1516/1574 1948/800/1574
f 1947/799/1575 1948/802/1575 1950/804/1575
f 1950/804/1576 1942/1379/1576 1941/805/1576
f 1949/1381/1577 1941/1479/1577 1943/1380/1577
f 1943/1380/1577 1945/1488/1577 1947/807/1577
f 1951/769/1578 1952/796/1578 1954/612/1578
f 1954/612/1579 1956/598/1579 1955/798/1579
f 1956/598/1580 1958/802/1580 1957/799/1580
f 1956/801/1581 1954/1486/1581 1952/786/1581
f 1952/786/1581 1960/1487/1581 1958/800/1581
f 1958/802/1867 1960/804/1867 1959/803/1867
f 1960/804/1583 1952/1379/1583 1951/805/1583
f 1959/1381/1584 1951/1479/1584 1953/1380/1584
f 1953/1380/1584 1955/1488/1584 1957/807/1584
f 1961/769/1585 1962/796/1585 1964/612/1585
f 1964/612/1586 1966/598/1586 1965/798/1586
f 1966/598/1587 1968/802/1587 1967/799/1587
f 1966/801/1868 1964/1486/1868 1962/786/1868
f 1962/786/1869 1970/1487/1869 1968/800/1869
f 1967/799/1589 1968/802/1589 1970/804/1589
f 1970/804/1870 1962/1379/1870 1961/805/1870
f 1969/1381/1871 1961/1479/1871 1963/1380/1871
f 1963/1380/1871 1965/1488/1871 1967/807/1871
f 1971/769/1592 1972/796/1592 1974/612/1592
f 1973/797/1593 1974/612/1593 1976/598/1593
f 1976/598/1594 1978/802/1594 1977/799/1594
f 1976/801/1595 1974/1515/1595 1972/786/1595
f 1972/786/1595 1980/1516/1595 1978/800/1595
f 1978/802/1596 1980/804/1596 1979/803/1596
f 1980/804/1597 1972/1379/1597 1971/805/1597
f 1979/1381/1598 1971/1479/1598 1973/1380/1598
f 1973/1380/1598 1975/1488/1598 1977/807/1598
f 1982/796/1599 1984/612/1599 1983/797/1599
f 1983/797/1600 1984/612/1600 1986/598/1600
f 1986/598/1601 1988/802/1601 1987/799/1601
f 1986/801/1602 1984/1486/1602 1982/786/1602
f 1982/786/1602 1990/1487/1602 1988/800/1602
f 1988/802/1872 1990/804/1872 1989/803/1872
f 1989/803/1604 1990/804/1604 1982/1379/1604
f 1989/1381/1605 1981/1479/1605 1983/1380/1605
f 1983/1380/1605 1985/1488/1605 1987/807/1605
f 1991/769/1606 1992/796/1606 1994/612/1606
f 1993/797/1607 1994/612/1607 1996/598/1607
f 1995/798/1608 1996/598/1608 1998/802/1608
f 1996/801/1873 1994/1486/1873 1992/786/1873
f 1992/786/1873 2000/1487/1873 1998/800/1873
f 1998/802/1874 2000/804/1874 1999/803/1874
f 2000/804/1611 1992/1379/1611 1991/805/1611
f 1999/1381/1612 1991/1479/1612 1993/1380/1612
f 1993/1380/1612 1995/1488/1612 1997/807/1612
f 2002/796/1613 2004/612/1613 2003/797/1613
f 2003/797/1614 2004/612/1614 2006/598/1614
f 2006/598/1615 2008/802/1615 2007/799/1615
f 2006/801/1616 2004/1515/1616 2002/786/1616
f 2002/786/1616 2010/1516/1616 2008/800/1616
f 2008/802/1617 2010/804/1617 2009/803/1617
f 2009/803/1618 2010/804/1618 2002/1379/1618
f 2009/1381/1619 2001/1479/1619 2003/1380/1619
f 2003/1380/1619 2005/1488/1619 2007/807/1619
f 2011/769/1620 2012/796/1620 2014/612/1620
f 2013/797/1621 2014/612/1621 2016/598/1621
f 2015/798/1622 2016/598/1622 2018/802/1622
f 2016/801/1623 2014/1486/1623 2012/786/1623
f 2012/786/1623 2020/1487/1623 2018/800/1623
f 2017/799/1624 2018/802/1624 2020/804/1624
f 2019/803/1625 2020/804/1625 2012/1379/1625
f 2019/1381/1626 2011/1479/1626 2013/1380/1626
f 2013/1380/1626 2015/1488/1626 2017/807/1626
f 2022/796/1627 2024/612/1627 2023/797/1627
f 2023/797/1628 2024/612/1628 2026/598/1628
f 2025/798/1629 2026/598/1629 2028/802/1629
f 2026/801/1630 2024/1486/1630 2022/786/1630
f 2022/786/1875 2030/1487/1875 2028/800/1875
f 2028/802/1631 2030/804/1631 2029/803/1631
f 2029/803/1632 2030/804/1632 2022/1379/1632
f 2029/1381/1633 2021/1479/1633 2023/1380/1633
f 2023/1380/1633 2025/1488/1633 2027/807/1633
f 2032/796/1634 2034/612/1634 2033/797/1634
f 2033/797/1635 2034/612/1635 2036/598/1635
f 2036/598/1636 2038/802/1636 2037/799/1636
f 2036/801/1637 2034/1515/1637 2032/786/1637
f 2032/786/1637 2040/1516/1637 2038/800/1637
f 2037/799/1638 2038/802/1638 2040/804/1638
f 2040/804/1639 2032/1379/1639 2031/805/1639
f 2039/1381/1640 2031/1479/1640 2033/1380/1640
f 2033/1380/1640 2035/1488/1640 2037/807/1640
f 2042/796/1641 2044/612/1641 2043/797/1641
f 2044/612/1642 2046/598/1642 2045/798/1642
f 2046/598/1643 2048/802/1643 2047/799/1643
f 2046/801/1644 2044/1486/1644 2042/786/1644
f 2042/786/1644 2050/1487/1644 2048/800/1644
f 2047/799/1645 2048/802/1645 2050/804/1645
f 2050/804/1876 2042/1379/1876 2041/805/1876
f 2049/1381/1647 2041/1479/1647 2043/1380/1647
f 2043/1380/1647 2045/1488/1647 2047/807/1647
f 2052/796/1648 2054/612/1648 2053/797/1648
f 2054/612/1649 2056/598/1649 2055/798/1649
f 2055/798/1650 2056/598/1650 2058/802/1650
f 2056/801/1877 2054/1486/1877 2052/786/1877
f 2052/786/1877 2060/1487/1877 2058/800/1877
f 2057/799/1652 2058/802/1652 2060/804/1652
f 2060/804/1653 2052/1379/1653 2051/805/1653
f 2059/1381/1878 2051/1479/1878 2053/1380/1878
f 2053/1380/1878 2055/1488/1878 2057/807/1878
f 2062/796/1655 2064/612/1655 2063/797/1655
f 2063/797/1656 2064/612/1656 2066/598/1656
f 2066/598/1657 2068/802/1657 2067/799/1657
f 2066/801/1658 2064/1515/1658 2062/786/1658
f 2062/786/1658 2070/1516/1658 2068/800/1658
f 2068/802/1659 2070/804/1659 2069/803/1659
f 2069/803/1660 2070/804/1660 2062/1379/1660
f 2069/1381/1661 2061/1479/1661 2063/1380/1661
f 2063/1380/1661 2065/1488/1661 2067/807/1661
f 2072/796/1662 2074/612/1662 2073/797/1662
f 2074/612/1663 2076/598/1663 2075/798/1663
f 2075/798/1664 2076/598/1664 2078/802/1664
f 2076/801/1879 2074/1486/1879 2072/786/1879
f 2072/786/1879 2080/1487/1879 2078/800/1879
f 2077/799/1666 2078/802/1666 2080/804/1666
f 2079/803/1880 2080/804/1880 2072/1379/1880
f 2079/1381/1668 2071/1479/1668 2073/1380/1668
f 2073/1380/1668 2075/1488/1668 2077/807/1668
f 2081/769/1669 2082/796/1669 2084/612/1669
f 2084/612/1670 2086/598/1670 2085/798/1670
f 2085/798/1671 2086/598/1671 2088/802/1671
f 2086/801/1672 2084/1486/1672 2082/786/1672
f 2082/786/1672 2090/1487/1672 2088/800/1672
f 2088/802/1673 2090/804/1673 2089/803/1673
f 2090/804/1674 2082/1379/1674 2081/805/1674
f 2089/1381/1675 2081/1479/1675 2083/1380/1675
f 2083/1380/1675 2085/1488/1675 2087/807/1675
f 2092/796/1676 2094/612/1676 2093/797/1676
f 2093/797/1677 2094/612/1677 2096/598/1677
f 2096/598/1678 2098/802/1678 2097/799/1678
f 2096/801/1679 2094/1515/1679 2092/786/1679
f 2092/786/1679 2100/1516/1679 2098/800/1679
f 2098/802/1680 2100/804/1680 2099/803/1680
f 2100/804/1681 2092/1379/1681 2091/805/1681
f 2099/1381/1682 2091/1479/1682 2093/1380/1682
f 2093/1380/1682 2095/1488/1682 2097/807/1682
f 2102/796/1683 2104/612/1683 2103/797/1683
f 2104/612/1881 2106/598/1881 2105/798/1881
f 2105/798/1685 2106/598/1685 2108/802/1685
f 2106/801/1686 2104/1486/1686 2102/786/1686
f 2102/786/1686 2110/1487/1686 2108/800/1686
f 2107/799/1687 2108/802/1687 2110/804/1687
f 2110/804/1688 2102/1379/1688 2101/805/1688
f 2109/1381/1689 2101/1479/1689 2103/1380/1689
f 2103/1380/1689 2105/1488/1689 2107/807/1689
f 2111/769/1690 2112/796/1690 2114/612/1690
f 2114/612/1691 2116/598/1691 2115/798/1691
f 2115/798/1692 2116/598/1692 2118/802/1692
f 2116/801/1693 2114/1486/1693 2112/786/1693
f 2112/786/1693 2120/1487/1693 2118/800/1693
f 2118/802/1694 2120/804/1694 2119/803/1694
f 2119/803/1695 2120/804/1695 2112/1379/1695
f 2119/1381/1696 2111/1479/1696 2113/1380/1696
f 2113/1380/1696 2115/1488/1696 2117/807/1696
usemtl core
f 2121/1382/1697 2134/1383/1697 2133/1384/1697
f 2122/1385/1698 2134/1386/1698 2136/1387/1698
f 2121/1388/1699 2133/1389/1699 2138/1390/1699
f 2121/1391/1700 2138/1392/1700 2140/1393/1700
f 2121/1394/1701 2140/1395/1701 2137/1396/1701
f 2122/1385/1702 2136/1387/1702 2143/1397/1702
f 2123/1398/1703 2135/1399/1703 2145/1400/1703
f 2124/1401/1704 2139/1402/1704 2147/1403/1704
f 2125/1404/1705 2141/1405/1705 2149/1406/1705
f 2126/1407/1706 2142/1408/1706 2151/1409/1706
f 2122/1385/1707 2143/1397/1707 2146/1410/1707
f 2123/1398/1708 2145/1400/1708 2148/1411/1708
f 2124/1401/1709 2147/1403/1709 2150/1412/1709
f 2125/1404/1710 2149/1406/1710 2152/1413/1710
f 2126/1407/1711 2151/1409/1711 2144/1414/1711
f 2127/1415/1712 2153/1416/1712 2158/1417/1712
f 2128/1418/1713 2154/1419/1713 2160/1420/1713
f 2129/1421/1714 2155/1422/1714 2161/1423/1714
f 2130/1424/1715 2156/1425/1715 2162/1426/1715
f 2131/1427/1716 2157/1428/1716 2159/1429/1716
f 2159/1429/1717 2162/1430/1717 2132/1431/1717
f 2159/1429/1718 2157/1428/1718 2162/1430/1718
f 2157/1428/1719 2130/1424/1719 2162/1430/1719
f 2162/1426/1720 2161/1432/1720 2132/1433/1720
f 2162/1426/1721 2156/1425/1721 2161/1432/1721
f 2156/1425/1722 2129/1421/1722 2161/1432/1722
f 2161/1423/1723 2160/1434/1723 2132/1435/1723
f 2161/1423/1724 2155/1422/1724 2160/1434/1724
f 2155/1422/1725 2128/1436/1725 2160/1434/1725
f 2160/1420/1726 2158/1437/1726 2132/1438/1726
f 2160/1420/1727 2154/1419/1727 2158/1437/1727
f 2154/1419/1728 2127/1415/1728 2158/1437/1728
f 2158/1417/1729 2159/1439/1729 2132/1440/1729
f 2158/1417/1730 2153/1416/1730 2159/1439/1730
f 2153/1416/1731 2131/1427/1731 2159/1439/1731
f 2144/1414/1732 2157/1428/1732 2131/1427/1732
f 2144/1414/1733 2151/1409/1733 2157/1428/1733
f 2151/1409/1734 2130/1424/1734 2157/1428/1734
f 2152/1413/1735 2156/1425/1735 2130/1424/1735
f 2152/1413/1736 2149/1406/1736 2156/1425/1736
f 2149/1406/1737 2129/1421/1737 2156/1425/1737
f 2150/1412/1738 2155/1422/1738 2129/1421/1738
f 2150/1412/1739 2147/1403/1739 2155/1422/1739
f 2147/1403/1740 2128/1436/1740 2155/1422/1740
f 2148/1411/1741 2154/1419/1741 2128/1418/1741
f 2148/1411/1742 2145/1400/1742 2154/1419/1742
f 2145/1400/1743 2127/1415/1743 2154/1419/1743
f 2146/1410/1744 2153/1416/1744 2127/1415/1744
f 2146/1410/1745 2143/1397/1745 2153/1416/1745
f 2143/1397/1746 2131/1427/1746 2153/1416/1746
f 2151/1409/1747 2152/1413/1747 2130/1424/1747
f 2151/1409/1748 2142/1408/1748 2152/1413/1748
f 2142/1408/1749 2125/1404/1749 2152/1413/1749
f 2149/1406/1750 2150/1412/1750 2129/1421/1750
f 2149/1406/1751 2141/1405/1751 2150/1412/1751
f 2141/1405/1752 2124/1401/1752 2150/1412/1752
f 2147/1403/1753 2148/1441/1753 2128/1436/1753
f 2147/1403/1754 2139/1402/1754 2148/1441/1754
f 2139/1402/1755 2123/1442/1755 2148/1441/1755
f 2145/1400/1756 2146/1410/1756 2127/1415/1756
f 2145/1400/1757 2135/1399/1757 2146/1410/1757
f 2135/1399/1758 2122/1385/1758 2146/1410/1758
f 2143/1397/1759 2144/1414/1759 2131/1427/1759
f 2143/1397/1760 2136/1387/1760 2144/1414/1760
f 2136/1387/1761 2126/1407/1761 2144/1414/1761
f 2137/1396/1762 2142/1408/1762 2126/1407/1762
f 2137/1396/1763 2140/1395/1763 2142/1408/1763
f 2140/1395/1764 2125/1404/1764 2142/1408/1764
f 2140/1393/1765 2141/1405/1765 2125/1404/1765
f 2140/1393/1766 2138/1392/1766 2141/1405/1766
f 2138/1392/1767 2124/1401/1767 2141/1405/1767
f 2138/1390/1768 2139/1402/1768 2124/1401/1768
f 2138/1390/1769 2133/1389/1769 2139/1402/1769
f 2133/1389/1770 2123/1442/1770 2139/1402/1770
f 2136/1387/1771 2137/1443/1771 2126/1407/1771
f 2136/1387/1772 2134/1386/1772 2137/1443/1772
f 2134/1386/1773 2121/1444/1773 2137/1443/1773
f 2133/1384/1774 2135/1399/1774 2123/1398/1774
f 2133/1384/1775 2134/1383/1775 2135/1399/1775
f 2134/1383/1776 2122/1385/1776 2135/1399/1776
