# Blender 4.5.10 LTS
# www.blender.org
mtllib stow_post_canopy.mtl
o stow_post_canopy
v 0.542610 0.008457 -0.247057
v 0.542582 0.010346 -0.254355
v 0.557987 0.010593 -0.247091
v 0.542599 0.008981 -0.252210
v 0.551488 0.009346 -0.251276
v 0.553472 0.010491 -0.252234
v 0.553492 0.009155 -0.247073
v 0.541024 0.146411 -0.255674
v 0.541008 0.148441 -0.248413
v 0.556429 0.146658 -0.248409
v 0.541010 0.147817 -0.253555
v 0.549904 0.147674 -0.252617
v 0.551903 0.147992 -0.248418
v 0.551915 0.146556 -0.253552
v 0.543037 0.013360 0.258359
v 0.558414 0.015495 0.258325
v 0.543021 0.015390 0.265620
v 0.553919 0.014058 0.258343
v 0.551922 0.014330 0.262546
v 0.553908 0.015494 0.263477
v 0.543035 0.013983 0.263501
v 0.541435 0.153344 0.257003
v 0.541464 0.151455 0.264301
v 0.556856 0.151560 0.257007
v 0.541446 0.152820 0.262156
v 0.550339 0.152658 0.261205
v 0.552351 0.151558 0.262159
v 0.552330 0.152894 0.256998
v -0.526519 -0.003771 -0.246035
v -0.541941 -0.001987 -0.246039
v -0.526548 -0.001881 -0.253333
v -0.537415 -0.003321 -0.246030
v -0.535423 -0.003085 -0.250237
v -0.537435 -0.001985 -0.251191
v -0.526530 -0.003247 -0.251188
v -0.528122 0.136214 -0.247391
v -0.528105 0.134183 -0.254652
v -0.543498 0.134078 -0.247357
v -0.528120 0.135590 -0.252533
v -0.537006 0.135243 -0.251577
v -0.538992 0.134079 -0.252509
v -0.539004 0.135515 -0.247375
v -0.526092 0.001132 0.259381
v -0.526109 0.003162 0.266642
v -0.541514 0.002916 0.259377
v -0.526094 0.001756 0.264523
v -0.534989 0.001899 0.263585
v -0.536999 0.003017 0.264520
v -0.536987 0.001581 0.259386
v -0.527695 0.141116 0.258025
v -0.543071 0.138980 0.258059
v -0.527666 0.139227 0.265324
v -0.538577 0.140418 0.258041
v -0.536572 0.140227 0.262244
v -0.538556 0.139082 0.263202
v -0.527684 0.140592 0.263178
v 0.533646 0.112181 -0.226409
v 0.533923 0.128380 -0.232946
v 0.535626 0.128387 -0.226512
v 0.533718 0.116909 -0.230991
v 0.534729 0.119003 -0.230172
v 0.535117 0.128369 -0.231064
v 0.534922 0.116914 -0.226442
v 0.554739 1.255687 -0.239680
v 0.555062 1.271962 -0.233337
v 0.556442 1.255694 -0.233246
v 0.554958 1.267179 -0.237862
v 0.555892 1.265060 -0.237018
v 0.556162 1.267184 -0.233313
v 0.555934 1.255676 -0.237798
v 0.535277 0.114821 0.220700
v 0.537257 0.131027 0.220597
v 0.535601 0.131096 0.227043
v 0.536553 0.119555 0.220667
v 0.536387 0.121688 0.224374
v 0.536781 0.131063 0.225153
v 0.535382 0.119604 0.225225
v 0.556693 1.274603 0.213772
v 0.556417 1.258404 0.220309
v 0.558073 1.258335 0.213863
v 0.556622 1.269874 0.218354
v 0.557550 1.267744 0.217528
v 0.557598 1.258371 0.218419
v 0.557793 1.269825 0.213796
v 0.417027 0.114337 -0.225996
v 0.415647 0.130605 -0.226088
v 0.417303 0.130535 -0.232533
v 0.415927 0.119114 -0.226021
v 0.416170 0.121195 -0.229752
v 0.416122 0.130569 -0.230643
v 0.417098 0.119065 -0.230579
v 0.438443 1.274118 -0.232924
v 0.438120 1.257843 -0.239267
v 0.436463 1.257912 -0.232821
v 0.438339 1.269335 -0.237450
v 0.437333 1.267251 -0.236598
v 0.436939 1.257876 -0.237377
v 0.437167 1.269384 -0.232892
v 0.418658 0.116977 0.221113
v 0.418981 0.133252 0.227456
v 0.417278 0.133245 0.221022
v 0.418762 0.121760 0.225638
v 0.417828 0.123880 0.224793
v 0.417787 0.133263 0.225574
v 0.417558 0.121755 0.221089
v 0.440074 1.276759 0.214185
v 0.438094 1.260553 0.214288
v 0.439798 1.260560 0.220722
v 0.438798 1.272025 0.214217
v 0.438991 1.269936 0.217947
v 0.438603 1.260571 0.218840
v 0.440003 1.272030 0.218767
v -0.445679 0.123487 -0.233009
v -0.445268 0.139789 -0.239278
v -0.443689 0.139691 -0.232814
v -0.445517 0.128289 -0.237512
v -0.444520 0.130368 -0.236640
v -0.444110 0.139747 -0.237374
v -0.444401 0.128220 -0.232941
v -0.423691 1.267041 -0.227518
v -0.423480 1.283212 -0.220910
v -0.422111 1.266943 -0.221054
v -0.423501 1.278502 -0.225513
v -0.422584 1.276368 -0.224684
v -0.422384 1.278433 -0.220941
v -0.422533 1.266999 -0.225614
v -0.452621 0.118956 0.214034
v -0.450631 0.135160 0.214229
v -0.452410 0.135127 0.220642
v -0.451342 0.123689 0.214102
v -0.451578 0.125762 0.217838
v -0.451193 0.135123 0.218775
v -0.452601 0.123666 0.218637
v -0.430422 1.278681 0.226133
v -0.430833 1.262379 0.232403
v -0.429053 1.262412 0.225990
v -0.430584 1.273879 0.230637
v -0.429642 1.271762 0.229794
v -0.429616 1.262375 0.230535
v -0.429326 1.273902 0.226102
v -0.562284 0.125738 -0.234797
v -0.563653 0.142007 -0.234653
v -0.561873 0.142039 -0.241066
v -0.563380 0.130516 -0.234765
v -0.563064 0.132657 -0.238458
v -0.563090 0.142043 -0.239199
v -0.562122 0.130540 -0.239300
v -0.540085 1.285462 -0.222698
v -0.540296 1.269291 -0.229306
v -0.542075 1.269259 -0.222893
v -0.540105 1.280753 -0.227300
v -0.541128 1.278656 -0.226502
v -0.541512 1.269295 -0.227438
v -0.541363 1.280730 -0.222766
v -0.569226 0.121207 0.212246
v -0.569015 0.137378 0.218855
v -0.570594 0.137476 0.212390
v -0.569205 0.125916 0.216849
v -0.570122 0.128050 0.216021
v -0.570173 0.137420 0.216950
v -0.570322 0.125985 0.212278
v -0.547027 1.280931 0.224345
v -0.549017 1.264727 0.224150
v -0.547437 1.264630 0.230615
v -0.548305 1.276199 0.224278
v -0.548185 1.274050 0.227976
v -0.548596 1.264672 0.228711
v -0.547188 1.276130 0.228849
v 0.536541 0.136958 -0.244259
v 0.536541 0.152350 -0.245477
v 0.551939 0.152359 -0.244331
v 0.536542 0.141463 -0.245080
v 0.545432 0.143463 -0.244932
v 0.547430 0.152353 -0.245131
v 0.547430 0.141469 -0.244270
v 0.536456 1.221529 -0.252258
v 0.536453 1.236935 -0.251236
v 0.551854 1.221537 -0.251112
v 0.536455 1.232420 -0.251999
v 0.545346 1.230424 -0.251826
v 0.547343 1.232426 -0.251189
v 0.547345 1.221532 -0.251912
v 0.536411 0.137451 -0.166501
v 0.551809 0.152852 -0.166573
v 0.536408 0.152858 -0.165479
v 0.547300 0.141962 -0.166511
v 0.545300 0.143964 -0.165881
v 0.547298 0.152856 -0.165789
v 0.536409 0.141966 -0.165738
v 0.536323 1.237429 -0.173478
v 0.536322 1.222036 -0.172260
v 0.551724 1.222030 -0.173354
v 0.536322 1.232923 -0.172657
v 0.545214 1.230925 -0.172775
v 0.547212 1.222035 -0.172570
v 0.547213 1.232919 -0.173431
v -0.532658 0.136861 -0.246047
v -0.548059 0.152259 -0.246170
v -0.532657 0.152254 -0.247264
v -0.543547 0.141370 -0.246093
v -0.541548 0.143365 -0.246749
v -0.543547 0.152255 -0.246954
v -0.532657 0.141366 -0.246867
v -0.532745 1.236839 -0.253023
v -0.532742 1.221432 -0.254045
v -0.548144 1.221438 -0.252951
v -0.532744 1.232323 -0.253786
v -0.541635 1.230325 -0.253643
v -0.543632 1.221433 -0.253736
v -0.543634 1.232327 -0.253013
v -0.532788 0.137354 -0.168288
v -0.532791 0.152761 -0.167266
v -0.548189 0.152752 -0.168412
v -0.532789 0.141870 -0.167525
v -0.541680 0.143866 -0.167698
v -0.543680 0.152758 -0.167612
v -0.543678 0.141864 -0.168335
v -0.532875 1.237332 -0.175265
v -0.548274 1.221931 -0.175193
v -0.532876 1.221939 -0.174047
v -0.543764 1.232821 -0.175254
v -0.541767 1.230827 -0.174592
v -0.543765 1.221936 -0.174393
v -0.532876 1.232826 -0.174444
v 0.476480 0.405912 -0.197379
v 0.476503 0.406770 -0.203557
v 0.490186 0.407073 -0.197323
v 0.476501 0.406113 -0.201740
v 0.484416 0.406360 -0.200899
v 0.486193 0.406933 -0.201700
v 0.486177 0.406327 -0.197331
v 0.475615 0.474790 -0.204913
v 0.475566 0.475892 -0.198774
v 0.489298 0.475093 -0.198679
v 0.475595 0.475519 -0.203123
v 0.483513 0.475512 -0.202278
v 0.485271 0.475733 -0.198715
v 0.485305 0.474954 -0.203056
v 0.474013 0.414402 0.230210
v 0.487719 0.415562 0.230266
v 0.473965 0.415504 0.236349
v 0.483710 0.414817 0.230257
v 0.481907 0.414991 0.233801
v 0.483676 0.415596 0.234598
v 0.473984 0.414775 0.234559
v 0.473099 0.484382 0.228815
v 0.473077 0.483525 0.234993
v 0.486831 0.483583 0.228910
v 0.473078 0.484182 0.233175
v 0.481005 0.484143 0.232422
v 0.482787 0.483617 0.233243
v 0.482804 0.484223 0.228874
v -0.475983 0.393372 -0.202625
v -0.489714 0.394171 -0.202721
v -0.475960 0.394230 -0.208804
v -0.485687 0.393531 -0.202685
v -0.483888 0.393611 -0.206233
v -0.485671 0.394138 -0.207053
v -0.475961 0.393573 -0.206986
v -0.476897 0.463352 -0.204020
v -0.476848 0.462250 -0.210159
v -0.490602 0.462192 -0.204076
v -0.476868 0.462979 -0.208369
v -0.484791 0.462763 -0.207611
v -0.486559 0.462158 -0.208409
v -0.486593 0.462938 -0.204068
v -0.478450 0.401862 0.224963
v -0.478498 0.402964 0.231102
v -0.492181 0.402661 0.224868
v -0.478479 0.402235 0.229312
v -0.486396 0.402242 0.228467
v -0.488188 0.402800 0.229245
v -0.488154 0.402021 0.224904
v -0.479364 0.471842 0.223568
v -0.493069 0.470682 0.223512
v -0.479386 0.470985 0.229747
v -0.489060 0.471427 0.223521
v -0.487299 0.471394 0.227089
v -0.489076 0.470821 0.227889
v -0.479385 0.471642 0.227929
v 0.486213 0.812894 -0.178331
v 0.486335 0.813779 -0.184504
v 0.499936 0.813801 -0.178085
v 0.486297 0.813114 -0.182690
v 0.494202 0.813212 -0.181742
v 0.496001 0.813756 -0.182516
v 0.495914 0.813130 -0.178151
v 0.486713 0.881810 -0.185539
v 0.486602 0.882884 -0.179396
v 0.500313 0.881832 -0.179120
v 0.486682 0.882531 -0.183746
v 0.494586 0.882374 -0.182794
v 0.496299 0.882546 -0.179207
v 0.496378 0.881787 -0.183551
v 0.478116 0.819441 0.249222
v 0.491839 0.820349 0.249468
v 0.478005 0.820515 0.255365
v 0.487817 0.819677 0.249402
v 0.485971 0.819868 0.252922
v 0.487738 0.820436 0.253746
v 0.478035 0.819795 0.253572
v 0.478504 0.889432 0.248157
v 0.478382 0.888546 0.254331
v 0.492216 0.888380 0.248433
v 0.478420 0.889211 0.252516
v 0.486354 0.889030 0.251870
v 0.488116 0.888467 0.252711
v 0.488202 0.889094 0.248346
v -0.466161 0.817904 -0.196444
v -0.479873 0.818956 -0.196720
v -0.466039 0.818790 -0.202617
v -0.475859 0.818242 -0.196633
v -0.474011 0.818305 -0.200157
v -0.475773 0.818868 -0.200998
v -0.466077 0.818124 -0.200803
v -0.465773 0.887895 -0.197509
v -0.465662 0.886821 -0.203652
v -0.479496 0.886987 -0.197755
v -0.465692 0.887541 -0.201859
v -0.473628 0.887468 -0.201209
v -0.475396 0.886899 -0.202033
v -0.475474 0.887659 -0.197689
v -0.474259 0.824451 0.231109
v -0.474370 0.825525 0.237252
v -0.487970 0.825503 0.230833
v -0.474339 0.824805 0.235459
v -0.482243 0.824961 0.234507
v -0.484035 0.825549 0.235264
v -0.483957 0.824789 0.230920
v -0.473870 0.894442 0.230044
v -0.487593 0.893534 0.229798
v -0.473992 0.893556 0.236217
v -0.483571 0.894206 0.229864
v -0.481859 0.894124 0.233456
v -0.483658 0.893580 0.234229
v -0.473954 0.894222 0.234403
v 0.215262 0.287976 -0.195604
v 0.215114 0.299010 -0.201264
v 0.216050 0.298909 -0.195378
v 0.215237 0.291257 -0.199697
v 0.215772 0.292668 -0.198901
v 0.215794 0.298988 -0.199537
v 0.215899 0.291185 -0.195534
v 0.201808 1.056902 -0.186100
v 0.201572 1.067700 -0.180003
v 0.202743 1.056801 -0.180213
v 0.201659 1.064586 -0.184224
v 0.202244 1.063164 -0.183485
v 0.202321 1.064515 -0.180061
v 0.202487 1.056879 -0.184373
v 0.212203 0.279756 0.212542
v 0.212991 0.290689 0.212768
v 0.211967 0.290554 0.218639
v 0.212840 0.282965 0.212611
v 0.212662 0.284311 0.216033
v 0.212673 0.290600 0.216923
v 0.212116 0.282869 0.216763
v 0.198513 1.059480 0.228143
v 0.198660 1.048445 0.233803
v 0.199684 1.048581 0.227932
v 0.198538 1.056199 0.232236
v 0.199134 1.054807 0.231449
v 0.199366 1.048492 0.232087
v 0.199262 1.056294 0.228085
v 0.147234 0.286792 -0.196137
v 0.146063 0.297691 -0.195927
v 0.147087 0.297827 -0.201798
v 0.146485 0.289977 -0.196079
v 0.146613 0.291464 -0.199444
v 0.146381 0.297780 -0.200081
v 0.147209 0.290073 -0.200230
v 0.133544 1.066516 -0.180536
v 0.133780 1.055718 -0.186633
v 0.132756 1.055583 -0.180763
v 0.133631 1.063402 -0.184757
v 0.133085 1.061961 -0.184027
v 0.133074 1.055671 -0.184917
v 0.132907 1.063307 -0.180606
v 0.144175 0.278572 0.212008
v 0.143940 0.289370 0.218105
v 0.143004 0.289471 0.212219
v 0.144088 0.281686 0.216229
v 0.143503 0.283108 0.215490
v 0.143260 0.289393 0.216378
v 0.143426 0.281757 0.212067
v 0.130485 1.058296 0.227609
v 0.129697 1.047363 0.227383
v 0.130633 1.047261 0.233270
v 0.129848 1.055087 0.227540
v 0.129975 1.053604 0.230907
v 0.129953 1.047284 0.231542
v 0.130510 1.055015 0.231702
v -0.146914 0.294571 -0.189608
v -0.146977 0.305463 -0.195540
v -0.145919 0.305489 -0.189673
v -0.146965 0.297749 -0.193781
v -0.146387 0.299169 -0.193032
v -0.146261 0.305470 -0.193827
v -0.146217 0.297768 -0.189633
v -0.145941 1.063613 -0.199153
v -0.145849 1.074561 -0.193326
v -0.144884 1.063640 -0.193287
v -0.145908 1.071343 -0.197468
v -0.145334 1.069929 -0.196706
v -0.145160 1.071362 -0.193320
v -0.145226 1.063620 -0.197440
v -0.141521 0.296509 0.218591
v -0.140526 0.307427 0.218526
v -0.141429 0.307456 0.224419
v -0.140824 0.299706 0.218567
v -0.140904 0.301139 0.221956
v -0.140759 0.307447 0.222687
v -0.141462 0.299727 0.222733
v -0.140456 1.076499 0.214874
v -0.140393 1.065607 0.220805
v -0.139491 1.065578 0.214913
v -0.140405 1.073320 0.219047
v -0.139852 1.071899 0.218283
v -0.139723 1.065598 0.219074
v -0.139767 1.073300 0.214880
v -0.214948 0.294668 -0.188710
v -0.215913 0.305589 -0.188749
v -0.215011 0.305560 -0.194642
v -0.215637 0.297867 -0.188716
v -0.215552 0.299268 -0.192119
v -0.215681 0.305569 -0.192910
v -0.214999 0.297846 -0.192883
v -0.213883 1.074658 -0.192427
v -0.213975 1.063710 -0.198255
v -0.214878 1.063740 -0.192362
v -0.213942 1.071440 -0.196569
v -0.214500 1.070027 -0.195792
v -0.214646 1.063719 -0.196524
v -0.214580 1.071461 -0.192403
v -0.209555 0.296606 0.219490
v -0.209463 0.307554 0.225317
v -0.210520 0.307527 0.219451
v -0.209496 0.299824 0.223632
v -0.210070 0.301238 0.222870
v -0.210178 0.307546 0.223604
v -0.210244 0.299805 0.219484
v -0.208490 1.076596 0.215772
v -0.209485 1.065678 0.215837
v -0.208427 1.065704 0.221704
v -0.209187 1.073399 0.215797
v -0.209017 1.071998 0.219196
v -0.209143 1.065697 0.219991
v -0.208439 1.073418 0.219945
v 0.557690 0.431307 0.211663
v 0.557679 0.432022 0.210835
v 0.573913 0.432322 0.211744
v 0.557688 0.431523 0.211073
v 0.567060 0.431793 0.211223
v 0.569160 0.432240 0.211130
v 0.569167 0.431735 0.211715
v 0.556733 0.480605 0.211673
v 0.556716 0.481290 0.212525
v 0.572966 0.480906 0.212582
v 0.556722 0.481096 0.211927
v 0.566098 0.481185 0.212075
v 0.568201 0.481308 0.212570
v 0.568213 0.480824 0.211968
v 0.557462 0.430297 0.269974
v 0.573685 0.431312 0.270055
v 0.557445 0.430983 0.270826
v 0.568939 0.430725 0.270026
v 0.566828 0.430767 0.270504
v 0.568927 0.431210 0.270628
v 0.557455 0.430492 0.270571
v 0.556488 0.480281 0.270835
v 0.556498 0.479566 0.271663
v 0.572738 0.479896 0.270892
v 0.556489 0.480065 0.271426
v 0.565866 0.480158 0.271355
v 0.567980 0.479793 0.271466
v 0.567973 0.480298 0.270881
v -0.569607 0.409424 0.206872
v -0.585858 0.409808 0.206815
v -0.569618 0.410138 0.206044
v -0.581093 0.409406 0.206826
v -0.578986 0.409546 0.206352
v -0.581100 0.409911 0.206241
v -0.569609 0.409639 0.206281
v -0.570581 0.459407 0.207733
v -0.570565 0.458721 0.206882
v -0.586805 0.458392 0.207652
v -0.570575 0.459212 0.207136
v -0.579948 0.458937 0.207204
v -0.582047 0.458494 0.207079
v -0.582059 0.458979 0.207681
v -0.569836 0.408414 0.265183
v -0.569853 0.409099 0.266034
v -0.586086 0.408798 0.265126
v -0.569842 0.408608 0.265780
v -0.579218 0.408519 0.265633
v -0.581333 0.408880 0.265740
v -0.581321 0.408396 0.265137
v -0.570810 0.458397 0.266044
v -0.587033 0.457382 0.265963
v -0.570799 0.457682 0.266872
v -0.582287 0.457969 0.265992
v -0.580180 0.457911 0.266484
v -0.582280 0.457464 0.266577
v -0.570808 0.458182 0.266635
v 0.567857 0.817660 0.199070
v 0.567856 0.818358 0.198229
v 0.584105 0.818082 0.198814
v 0.567851 0.817864 0.198475
v 0.577228 0.817794 0.198437
v 0.579340 0.818162 0.198295
v 0.579341 0.817668 0.198889
v 0.568686 0.866951 0.198143
v 0.568711 0.867652 0.198982
v 0.584935 0.866675 0.198729
v 0.568698 0.867447 0.198389
v 0.578072 0.867195 0.198351
v 0.580188 0.867251 0.198802
v 0.580170 0.866755 0.198209
v 0.568773 0.817746 0.257382
v 0.585021 0.818168 0.257127
v 0.568798 0.818447 0.258221
v 0.580257 0.817755 0.257202
v 0.578160 0.817882 0.257720
v 0.580275 0.818251 0.257795
v 0.568786 0.817952 0.257976
v 0.569627 0.867739 0.257295
v 0.569629 0.867040 0.258136
v 0.585851 0.866761 0.257041
v 0.569633 0.867535 0.257889
v 0.579004 0.867283 0.257633
v 0.581105 0.866843 0.257710
v 0.581104 0.867337 0.257115
v -0.559359 0.836950 0.216751
v -0.575583 0.837928 0.217004
v -0.559360 0.837649 0.215909
v -0.570836 0.837352 0.216930
v -0.568735 0.837406 0.216412
v -0.570837 0.837846 0.216336
v -0.559365 0.837154 0.216156
v -0.558505 0.886943 0.216663
v -0.558530 0.886242 0.215824
v -0.574752 0.886521 0.216919
v -0.558518 0.886737 0.216069
v -0.567891 0.886807 0.216326
v -0.570006 0.886439 0.216250
v -0.569989 0.886934 0.216843
v -0.558443 0.837037 0.275063
v -0.558418 0.837738 0.275902
v -0.574667 0.838014 0.275317
v -0.558430 0.837243 0.275657
v -0.567804 0.837494 0.275695
v -0.569902 0.837934 0.275836
v -0.569920 0.837438 0.275243
v -0.557589 0.887029 0.274976
v -0.573836 0.886607 0.275232
v -0.557588 0.886331 0.275817
v -0.569073 0.887021 0.275156
v -0.566960 0.886895 0.275608
v -0.569072 0.886527 0.275751
v -0.557583 0.886825 0.275570
v 0.552041 0.140855 -0.269090
v 0.551891 0.141573 -0.276661
v 0.567984 0.141937 -0.269397
v 0.551940 0.141015 -0.274438
v 0.561168 0.141279 -0.273628
v 0.563213 0.141779 -0.274655
v 0.563320 0.141272 -0.269301
v 0.550991 0.199878 -0.277591
v 0.551115 0.200841 -0.270047
v 0.567084 0.200242 -0.270327
v 0.551022 0.200508 -0.275387
v 0.560253 0.200554 -0.274574
v 0.562401 0.200766 -0.270250
v 0.562313 0.200085 -0.275585
v 0.561581 0.149374 0.255635
v 0.577523 0.150455 0.255327
v 0.561705 0.150336 0.263179
v 0.572859 0.149791 0.255423
v 0.570866 0.149939 0.259823
v 0.572947 0.150471 0.260757
v 0.561674 0.149707 0.260975
v 0.560655 0.209359 0.254678
v 0.560805 0.208642 0.262249
v 0.576623 0.208761 0.254397
v 0.560756 0.209200 0.260026
v 0.569951 0.209215 0.258877
v 0.572047 0.208777 0.259827
v 0.571941 0.209284 0.254474
v -0.555724 0.124081 -0.248678
v -0.571692 0.124680 -0.248398
v -0.555874 0.124799 -0.256249
v -0.567010 0.124157 -0.248474
v -0.565020 0.124226 -0.252878
v -0.567116 0.124664 -0.253828
v -0.555825 0.124241 -0.254026
v -0.556650 0.184067 -0.249635
v -0.556774 0.183104 -0.257180
v -0.572592 0.182985 -0.249328
v -0.556743 0.183734 -0.254975
v -0.565935 0.183501 -0.253823
v -0.568016 0.182969 -0.254758
v -0.567928 0.183650 -0.249423
v -0.546184 0.132600 0.276046
v -0.546060 0.133562 0.283590
v -0.562153 0.133198 0.276327
v -0.546091 0.132933 0.281386
v -0.555322 0.132886 0.280573
v -0.557382 0.133356 0.281585
v -0.557470 0.132675 0.276250
v -0.547110 0.192585 0.275089
v -0.563053 0.191504 0.275396
v -0.546960 0.191868 0.282660
v -0.558389 0.192168 0.275301
v -0.556237 0.192162 0.279628
v -0.558282 0.191661 0.280654
v -0.547009 0.192426 0.280437
v 0.593535 1.230606 -0.265702
v 0.593613 1.231942 -0.273552
v 0.610321 1.232154 -0.265520
v 0.593595 1.230971 -0.271248
v 0.603280 1.231247 -0.270121
v 0.605465 1.232066 -0.271119
v 0.605409 1.231121 -0.265568
v 0.592761 1.329135 -0.274350
v 0.592658 1.330598 -0.266522
v 0.609468 1.329348 -0.266317
v 0.592726 1.330143 -0.272062
v 0.602414 1.330056 -0.270932
v 0.604540 1.330294 -0.266382
v 0.604613 1.329259 -0.271917
v 0.587226 1.235019 0.278564
v 0.604012 1.236567 0.278746
v 0.587123 1.236482 0.286392
v 0.599100 1.235534 0.278697
v 0.596867 1.235733 0.283197
v 0.599027 1.236569 0.284232
v 0.587158 1.235474 0.284104
v 0.586349 1.335011 0.277743
v 0.586270 1.333675 0.285594
v 0.603159 1.333760 0.277948
v 0.586288 1.334646 0.283290
v 0.596000 1.334542 0.282386
v 0.598175 1.333762 0.283435
v 0.598231 1.334707 0.277883
v -0.572742 1.220268 -0.279137
v -0.589553 1.221519 -0.279342
v -0.572663 1.221604 -0.286988
v -0.584624 1.220573 -0.279277
v -0.582393 1.220737 -0.283779
v -0.584568 1.221518 -0.284828
v -0.572681 1.220633 -0.284683
v -0.573619 1.320261 -0.279958
v -0.573516 1.318797 -0.287786
v -0.590405 1.318712 -0.280140
v -0.573551 1.319806 -0.285498
v -0.583260 1.319546 -0.284591
v -0.585420 1.318711 -0.285626
v -0.585493 1.319745 -0.280091
v -0.579051 1.224681 0.265129
v -0.579154 1.226144 0.272956
v -0.595861 1.225932 0.264924
v -0.579119 1.225136 0.270668
v -0.588807 1.225223 0.269538
v -0.591006 1.226020 0.270523
v -0.590933 1.224986 0.264988
v -0.579928 1.324674 0.264308
v -0.596714 1.323125 0.264126
v -0.580006 1.323337 0.272158
v -0.591802 1.324158 0.264174
v -0.589674 1.324033 0.268727
v -0.591858 1.323213 0.269726
v -0.579989 1.324309 0.269854
v -0.001208 1.325150 0.001604
v -0.074107 1.379581 -0.053744
v 0.028908 1.373606 -0.088315
v 0.093747 1.373291 -0.000913
v 0.030803 1.379070 0.087675
v -0.072937 1.382958 0.055023
v -0.024205 1.461362 -0.090468
v 0.079534 1.457475 -0.057816
v 0.080705 1.460852 0.050950
v -0.022311 1.466827 0.085522
v -0.087150 1.467142 -0.001880
v 0.007806 1.515282 -0.004397
v 0.015702 1.336941 -0.050722
v -0.044848 1.340453 -0.030402
v -0.027146 1.368934 -0.083255
v -0.087009 1.374431 0.000997
v -0.044160 1.342438 0.033529
v 0.053814 1.336756 0.000651
v 0.071516 1.365237 -0.052201
v 0.016816 1.340153 0.052721
v 0.072630 1.368449 0.051242
v -0.025345 1.374131 0.084121
v -0.095364 1.423914 -0.032449
v -0.094676 1.425899 0.031482
v 0.002185 1.417004 -0.104841
v -0.058366 1.420516 -0.084521
v 0.101273 1.414534 -0.034275
v 0.063162 1.414719 -0.085649
v 0.064964 1.419916 0.081727
v 0.101961 1.416519 0.029656
v -0.056565 1.425713 0.082856
v 0.004412 1.423428 0.102048
v -0.066032 1.471984 -0.054035
v 0.031942 1.466301 -0.086914
v 0.093606 1.466001 -0.003790
v 0.033744 1.471498 0.080461
v -0.064919 1.475196 0.049408
v -0.010218 1.500280 -0.055514
v -0.047216 1.503677 -0.003444
v 0.050758 1.497995 -0.036322
v 0.051446 1.499979 0.027609
v -0.009105 1.503492 0.047929
v 0.002359 1.335777 0.003899
v -0.044369 1.381093 -0.033904
v 0.023198 1.381312 -0.052300
v 0.061570 1.382194 0.006271
v 0.017718 1.382520 0.060867
v -0.047756 1.381840 0.036037
v -0.014036 1.455520 -0.054896
v 0.051437 1.456200 -0.030066
v 0.048050 1.456947 0.039875
v -0.019517 1.456728 0.058272
v -0.057889 1.455846 -0.000300
v 0.001322 1.502263 0.002072
v 0.014699 1.347927 -0.028973
v -0.025016 1.347798 -0.018160
v -0.012767 1.374563 -0.051194
v -0.054473 1.374874 0.000730
v -0.027007 1.348237 0.022950
v 0.037253 1.348445 0.005454
v 0.049503 1.375210 -0.027579
v 0.011477 1.348637 0.037544
v 0.046281 1.375920 0.038939
v -0.017979 1.375712 0.056435
v -0.060429 1.418373 -0.020629
v -0.062420 1.418812 0.020481
v 0.005062 1.418310 -0.063533
v -0.034653 1.418181 -0.052720
v 0.066101 1.419228 -0.014510
v 0.043547 1.418710 -0.048938
v 0.038334 1.419859 0.058691
v 0.064110 1.419667 0.026600
v -0.039866 1.419330 0.054909
v -0.001381 1.419730 0.069504
v -0.042600 1.462120 -0.032967
v 0.021660 1.462328 -0.050463
v 0.058154 1.463166 0.005241
v 0.016448 1.463477 0.057165
v -0.045821 1.462830 0.033550
v -0.007796 1.489403 -0.031573
v -0.033572 1.489595 0.000517
v 0.030688 1.489803 -0.016979
v 0.028697 1.490242 0.024131
v -0.011018 1.490113 0.034944
v 0.308421 1.307840 -0.193115
v 0.308413 1.312589 -0.193822
v 0.317079 1.312639 -0.193019
v 0.308424 1.309226 -0.193583
v 0.313430 1.309868 -0.193412
v 0.314546 1.312620 -0.193515
v 0.314551 1.309262 -0.193016
v 0.306991 1.643023 -0.199159
v 0.306958 1.647792 -0.198607
v 0.315657 1.643073 -0.198357
v 0.306973 1.646391 -0.199029
v 0.311984 1.645798 -0.198838
v 0.313101 1.646426 -0.198462
v 0.313124 1.643054 -0.198853
v 0.307547 1.308542 -0.149390
v 0.316205 1.313341 -0.149294
v 0.307514 1.313311 -0.148837
v 0.313678 1.309964 -0.149290
v 0.312542 1.310583 -0.148959
v 0.313654 1.313337 -0.148899
v 0.307532 1.309943 -0.148967
v 0.306084 1.648494 -0.154881
v 0.306092 1.643745 -0.154174
v 0.314783 1.643775 -0.154631
v 0.306081 1.647108 -0.154413
v 0.311096 1.646512 -0.154385
v 0.312232 1.643771 -0.154237
v 0.312227 1.647129 -0.154736
v -0.294093 1.305053 -0.205111
v -0.302792 1.309772 -0.205360
v -0.294101 1.309802 -0.205817
v -0.300236 1.306419 -0.205255
v -0.299105 1.307036 -0.205606
v -0.300241 1.309777 -0.205755
v -0.294090 1.306440 -0.205578
v -0.295556 1.645006 -0.210602
v -0.295523 1.640236 -0.211155
v -0.304214 1.640206 -0.210698
v -0.295541 1.643605 -0.211024
v -0.300550 1.642965 -0.211033
v -0.301663 1.640211 -0.211092
v -0.301686 1.643583 -0.210701
v -0.294967 1.305756 -0.161385
v -0.295000 1.310525 -0.160832
v -0.303666 1.310475 -0.161635
v -0.294982 1.307157 -0.160962
v -0.299993 1.307750 -0.161153
v -0.301133 1.310494 -0.161139
v -0.301109 1.307121 -0.161530
v -0.296430 1.645708 -0.166876
v -0.305087 1.640909 -0.166972
v -0.296422 1.640959 -0.166169
v -0.302560 1.644286 -0.166976
v -0.301439 1.643679 -0.166580
v -0.302555 1.640928 -0.166476
v -0.296433 1.644321 -0.166408
v 0.323001 1.296019 -0.203615
v 0.323090 1.300723 -0.209261
v 0.323608 1.300782 -0.203650
v 0.323074 1.297374 -0.207587
v 0.323420 1.298000 -0.206860
v 0.323503 1.300742 -0.207612
v 0.323440 1.297415 -0.203620
v 0.321506 1.631183 -0.212567
v 0.321371 1.635998 -0.207016
v 0.322024 1.631241 -0.206956
v 0.321457 1.634565 -0.210961
v 0.321809 1.633956 -0.210221
v 0.321823 1.634606 -0.206993
v 0.321918 1.631201 -0.210919
v 0.315246 1.299871 0.185089
v 0.315853 1.304634 0.185054
v 0.315112 1.304686 0.190640
v 0.315685 1.301267 0.185084
v 0.315536 1.301916 0.188308
v 0.315590 1.304672 0.189009
v 0.315161 1.301304 0.189034
v 0.313616 1.639850 0.181687
v 0.313527 1.635146 0.187333
v 0.314269 1.635093 0.181747
v 0.313544 1.638495 0.185660
v 0.313925 1.637872 0.184947
v 0.314005 1.635132 0.185703
v 0.314068 1.638458 0.181710
v 0.279271 1.295800 -0.204485
v 0.278618 1.300557 -0.204545
v 0.279359 1.300505 -0.210131
v 0.278819 1.297192 -0.204508
v 0.278962 1.297778 -0.207745
v 0.278881 1.300519 -0.208500
v 0.279343 1.297155 -0.208458
v 0.277640 1.635780 -0.207887
v 0.277775 1.630964 -0.213438
v 0.277033 1.631017 -0.207852
v 0.277726 1.634346 -0.211831
v 0.277351 1.633734 -0.211106
v 0.277297 1.630978 -0.211807
v 0.277202 1.634383 -0.207882
v 0.271516 1.299652 0.184219
v 0.271381 1.304468 0.189770
v 0.270863 1.304409 0.184158
v 0.271430 1.301086 0.188163
v 0.271078 1.301694 0.187424
v 0.270968 1.304449 0.188121
v 0.271063 1.301044 0.184196
v 0.269885 1.639631 0.180817
v 0.269278 1.634869 0.180852
v 0.269796 1.634927 0.186463
v 0.269447 1.638235 0.180822
v 0.269467 1.637650 0.184062
v 0.269384 1.634909 0.184815
v 0.269813 1.638277 0.184790
v -0.265813 1.309680 -0.213856
v -0.265754 1.314525 -0.219382
v -0.265103 1.314428 -0.213786
v -0.265805 1.311135 -0.217794
v -0.265428 1.311735 -0.217060
v -0.265303 1.314493 -0.217744
v -0.265344 1.311066 -0.213837
v -0.260194 1.644919 -0.214279
v -0.260092 1.649591 -0.208606
v -0.259542 1.644822 -0.208683
v -0.260131 1.648259 -0.212587
v -0.259775 1.647624 -0.211872
v -0.259670 1.648190 -0.208630
v -0.259742 1.644886 -0.212641
v -0.264311 1.303650 0.174894
v -0.263601 1.308398 0.174965
v -0.264210 1.308322 0.180567
v -0.263842 1.305037 0.174914
v -0.263901 1.305605 0.178156
v -0.263770 1.308340 0.178925
v -0.264272 1.304983 0.178875
v -0.258591 1.643561 0.180144
v -0.258649 1.638716 0.185670
v -0.258041 1.638792 0.180068
v -0.258599 1.642106 0.184082
v -0.258248 1.641494 0.183344
v -0.258210 1.638734 0.184028
v -0.258169 1.642160 0.180121
v -0.309546 1.310413 -0.213676
v -0.310096 1.315182 -0.213600
v -0.309488 1.315259 -0.219202
v -0.309968 1.311814 -0.213653
v -0.309888 1.312480 -0.216876
v -0.309927 1.315241 -0.217560
v -0.309538 1.311868 -0.217614
v -0.303826 1.650324 -0.208426
v -0.303927 1.645652 -0.214099
v -0.304536 1.645576 -0.208497
v -0.303864 1.648992 -0.212407
v -0.304236 1.648369 -0.211688
v -0.304366 1.645634 -0.212457
v -0.304295 1.648938 -0.208446
v -0.308045 1.304383 0.175074
v -0.307943 1.309055 0.180747
v -0.308595 1.309153 0.175150
v -0.308006 1.305716 0.179055
v -0.308362 1.306351 0.178339
v -0.308395 1.309088 0.179109
v -0.308467 1.305785 0.175098
v -0.302324 1.644295 0.180324
v -0.303034 1.639547 0.180253
v -0.302383 1.639449 0.185850
v -0.302793 1.642908 0.180304
v -0.302709 1.642239 0.183527
v -0.302834 1.639482 0.184212
v -0.302332 1.642840 0.184262
v 0.358986 1.602524 -0.229916
v 0.359208 1.602987 -0.236354
v 0.364518 1.601530 -0.229834
v 0.359089 1.602655 -0.234469
v 0.362214 1.601871 -0.233586
v 0.363001 1.601953 -0.234411
v 0.362844 1.601625 -0.229858
v 0.368118 1.635819 -0.236272
v 0.368153 1.636302 -0.229832
v 0.373428 1.634362 -0.229752
v 0.368182 1.636156 -0.234385
v 0.371273 1.635249 -0.233503
v 0.371936 1.635126 -0.229775
v 0.371912 1.634785 -0.234329
v 0.352475 1.603176 0.217156
v 0.358008 1.602182 0.217238
v 0.352510 1.603658 0.223597
v 0.356334 1.602277 0.217214
v 0.355595 1.602534 0.220921
v 0.356359 1.602618 0.221768
v 0.352447 1.603321 0.221710
v 0.361643 1.636954 0.217241
v 0.361421 1.636490 0.223679
v 0.366918 1.635014 0.217320
v 0.361539 1.636822 0.221794
v 0.364654 1.635913 0.221004
v 0.365269 1.635450 0.221850
v 0.365426 1.635778 0.217297
v -0.016198 1.704361 -0.235528
v -0.021474 1.706300 -0.235607
v -0.015976 1.704824 -0.241966
v -0.019982 1.705536 -0.235585
v -0.019210 1.705402 -0.239292
v -0.019825 1.705864 -0.240137
v -0.016095 1.704493 -0.240081
v -0.007031 1.738139 -0.235443
v -0.007066 1.737657 -0.241884
v -0.012563 1.739133 -0.235526
v -0.007003 1.737994 -0.239997
v -0.010151 1.738780 -0.239208
v -0.010914 1.738697 -0.240055
v -0.010890 1.739038 -0.235501
v -0.022709 1.705013 0.211544
v -0.022674 1.705495 0.217985
v -0.027984 1.706953 0.211465
v -0.022737 1.705158 0.216098
v -0.025828 1.706065 0.215216
v -0.026468 1.706530 0.216042
v -0.026492 1.706189 0.211488
v -0.013541 1.738791 0.211629
v -0.019074 1.739785 0.211547
v -0.013764 1.738328 0.218067
v -0.017400 1.739690 0.211571
v -0.016770 1.739444 0.215299
v -0.017557 1.739362 0.216124
v -0.013645 1.738659 0.216182
v 0.027467 1.695299 -0.231443
v 0.027368 1.695663 -0.237890
v 0.032768 1.697169 -0.231456
v 0.027447 1.695359 -0.235998
v 0.030560 1.696241 -0.235166
v 0.031196 1.696682 -0.236007
v 0.031266 1.696425 -0.231448
v 0.018888 1.728603 -0.238487
v 0.018742 1.729188 -0.232056
v 0.024288 1.730110 -0.232052
v 0.018795 1.728971 -0.236607
v 0.021939 1.729730 -0.235772
v 0.022613 1.730036 -0.232057
v 0.022716 1.729623 -0.236604
v 0.025834 1.702969 0.215608
v 0.031135 1.704839 0.215596
v 0.025688 1.703554 0.222039
v 0.029633 1.704095 0.215603
v 0.028900 1.704039 0.219320
v 0.029530 1.704509 0.220150
v 0.025781 1.703186 0.220159
v 0.017110 1.736859 0.214995
v 0.017208 1.736495 0.221443
v 0.022655 1.737780 0.215000
v 0.017129 1.736798 0.219551
v 0.020279 1.737528 0.218714
v 0.021050 1.737450 0.219554
v 0.020980 1.737707 0.214995
v -0.349059 1.598376 -0.231155
v -0.354604 1.597454 -0.231160
v -0.349157 1.598740 -0.237603
v -0.352929 1.597528 -0.231155
v -0.352228 1.597706 -0.234874
v -0.352999 1.597785 -0.235714
v -0.349078 1.598436 -0.235711
v -0.357783 1.632265 -0.231768
v -0.357637 1.631680 -0.238199
v -0.363084 1.630395 -0.231756
v -0.357730 1.632048 -0.236319
v -0.360849 1.631195 -0.235480
v -0.361479 1.630726 -0.236310
v -0.361582 1.631139 -0.231763
v -0.350691 1.606046 0.215896
v -0.350837 1.606631 0.222327
v -0.356237 1.605124 0.215892
v -0.350744 1.606263 0.220447
v -0.353888 1.605504 0.219612
v -0.354665 1.605611 0.220444
v -0.354562 1.605198 0.215897
v -0.359416 1.639936 0.215283
v -0.364717 1.638065 0.215296
v -0.359317 1.639572 0.221730
v -0.363215 1.638810 0.215288
v -0.362509 1.638993 0.219006
v -0.363145 1.638552 0.219847
v -0.359397 1.639875 0.219838
v 0.051600 1.682531 -0.238991
v 0.051529 1.683119 -0.245708
v 0.052996 1.683103 -0.239003
v 0.051552 1.682715 -0.243742
v 0.052368 1.682791 -0.242878
v 0.052538 1.683119 -0.243750
v 0.052589 1.682703 -0.239000
v 0.051222 1.721998 -0.245543
v 0.051285 1.722530 -0.238821
v 0.052689 1.721981 -0.238838
v 0.051238 1.722386 -0.243573
v 0.052056 1.722316 -0.242710
v 0.052276 1.722374 -0.238832
v 0.052231 1.721998 -0.243585
v 0.056273 1.680588 0.227542
v 0.057669 1.681159 0.227530
v 0.056336 1.681120 0.234263
v 0.057262 1.680760 0.227532
v 0.057119 1.680815 0.231414
v 0.057306 1.681136 0.232285
v 0.056320 1.680732 0.232294
v 0.055957 1.720586 0.227711
v 0.056029 1.719998 0.234429
v 0.057362 1.720037 0.227695
v 0.056006 1.720402 0.232462
v 0.056806 1.720340 0.231582
v 0.056999 1.720014 0.232451
v 0.056949 1.720430 0.227701
v -0.045592 1.681760 -0.238021
v -0.046996 1.682309 -0.238004
v -0.045663 1.682348 -0.244738
v -0.046583 1.681916 -0.238010
v -0.046441 1.682006 -0.241891
v -0.046634 1.682332 -0.242760
v -0.045641 1.681943 -0.242771
v -0.045908 1.721758 -0.237851
v -0.045970 1.721226 -0.244573
v -0.047303 1.721187 -0.237839
v -0.045954 1.721614 -0.242603
v -0.046753 1.721531 -0.241723
v -0.046941 1.721210 -0.242595
v -0.046896 1.721586 -0.237842
v -0.040919 1.679816 0.228512
v -0.040856 1.680348 0.235234
v -0.042323 1.680365 0.228528
v -0.040872 1.679960 0.233264
v -0.041690 1.680030 0.232400
v -0.041865 1.680348 0.233276
v -0.041910 1.679972 0.228522
v -0.041235 1.719814 0.228682
v -0.042630 1.719243 0.228693
v -0.041163 1.719226 0.235399
v -0.042223 1.719642 0.228691
v -0.042002 1.719555 0.232568
v -0.042172 1.719227 0.233441
v -0.041186 1.719631 0.233432
v 0.297045 1.295412 0.161396
v 0.297059 1.296048 0.160702
v 0.305730 1.295954 0.161496
v 0.297052 1.295601 0.160903
v 0.302063 1.295631 0.161049
v 0.303194 1.295985 0.160973
v 0.303184 1.295534 0.161464
v 0.297496 1.339784 0.161109
v 0.297495 1.340408 0.161815
v 0.306167 1.339690 0.161902
v 0.297498 1.340228 0.161318
v 0.302507 1.340095 0.161462
v 0.303630 1.340161 0.161879
v 0.303631 1.339720 0.161380
v 0.296517 1.294965 0.209991
v 0.305202 1.295508 0.210091
v 0.296516 1.295589 0.210697
v 0.302656 1.295088 0.210059
v 0.301526 1.295177 0.210452
v 0.302655 1.295529 0.210558
v 0.296513 1.295145 0.210488
v 0.296967 1.339961 0.210410
v 0.296953 1.339325 0.211104
v 0.305639 1.339244 0.210497
v 0.296959 1.339772 0.210903
v 0.301970 1.339641 0.210865
v 0.303092 1.339265 0.210965
v 0.303102 1.339715 0.210474
v -0.305529 1.301495 0.154905
v -0.314202 1.302212 0.154817
v -0.305515 1.302131 0.154211
v -0.311664 1.301741 0.154840
v -0.310533 1.301815 0.154449
v -0.311655 1.302191 0.154350
v -0.305522 1.301684 0.154411
v -0.305080 1.346491 0.155323
v -0.305078 1.345867 0.154617
v -0.313765 1.345948 0.155224
v -0.305076 1.346311 0.154826
v -0.310089 1.346279 0.154863
v -0.311218 1.345927 0.154756
v -0.311218 1.346368 0.155255
v -0.306057 1.301048 0.203500
v -0.306059 1.301672 0.204206
v -0.314730 1.301766 0.203412
v -0.306061 1.301228 0.203996
v -0.311070 1.301361 0.203852
v -0.312193 1.301735 0.203934
v -0.312193 1.301294 0.203435
v -0.305608 1.346044 0.203918
v -0.314293 1.345502 0.203819
v -0.305622 1.345407 0.204612
v -0.311747 1.345921 0.203850
v -0.310626 1.345824 0.204266
v -0.311756 1.345471 0.204341
v -0.305615 1.345855 0.204411
vn 0.0638 -0.9951 -0.0755
vn 0.0907 -0.8399 -0.5351
vn 0.2948 -0.9248 -0.2405
vn 0.1163 0.7521 -0.6487
vn 0.0287 0.9923 -0.1204
vn 0.2736 0.9265 -0.2585
vn 0.0516 -0.9914 0.1203
vn 0.2952 -0.9200 0.2579
vn 0.1348 -0.7493 0.6484
vn 0.0411 0.9963 0.0754
vn 0.0725 0.8418 0.5350
vn 0.2740 0.9313 0.2400
vn -0.0289 -0.9945 -0.1011
vn -0.2740 -0.9313 -0.2400
vn -0.1174 -0.7646 -0.6337
vn -0.0639 0.9934 -0.0947
vn -0.0916 0.8294 -0.5512
vn -0.2952 0.9200 -0.2579
vn -0.0410 -0.9946 0.0948
vn -0.0716 -0.8312 0.5513
vn -0.2736 -0.9265 0.2585
vn -0.0514 0.9935 0.1012
vn -0.2948 0.9248 0.2405
vn -0.1337 0.7617 0.6340
vn 0.0641 -0.9979 0.0096
vn 0.3046 -0.9524 0.0090
vn 0.1913 -0.0073 -0.9815
vn 0.7515 0.0022 -0.6597
vn 0.0412 0.9991 -0.0097
vn 0.2827 0.9591 -0.0095
vn 0.1930 0.0117 0.9811
vn 0.7526 0.0150 0.6583
vn 0.0115 -0.9927 0.1205
vn 0.0101 -0.8331 0.5531
vn -0.0113 0.9948 0.1012
vn -0.0091 0.8436 0.5368
vn -0.7515 -0.0022 0.6597
vn -0.1913 0.0073 0.9815
vn -0.0412 -0.9991 0.0097
vn -0.2828 -0.9591 0.0095
vn -0.0641 0.9979 -0.0096
vn -0.3046 0.9524 -0.0090
vn -0.1930 -0.0117 -0.9811
vn -0.7526 -0.0150 -0.6583
vn 0.0113 -0.9948 -0.1012
vn 0.0091 -0.8436 -0.5368
vn -0.0115 0.9927 -0.1205
vn -0.0101 0.8331 -0.5531
vn 0.0114 -0.9999 0.0097
vn 0.9999 0.0114 -0.0010
vn -0.0008 -0.0097 -1.0000
vn -0.0114 0.9999 -0.0097
vn 0.0008 0.0097 1.0000
vn -0.9999 -0.0114 0.0010
vn 0.9352 -0.2537 -0.2473
vn 0.7645 -0.1216 -0.6331
vn 0.9925 -0.0517 -0.1107
vn 0.8434 0.0482 -0.5351
vn 0.9438 0.2160 -0.2501
vn 0.9960 0.0238 -0.0863
vn 0.9369 -0.2508 0.2434
vn 0.9950 -0.0606 0.0793
vn 0.8448 -0.0795 0.5291
vn 0.9456 0.2189 0.2407
vn 0.7729 0.0931 0.6277
vn 0.9945 0.0149 0.1036
vn -0.9456 -0.2189 -0.2406
vn -0.9966 -0.0247 -0.0788
vn -0.8473 -0.0545 -0.5283
vn -0.9369 0.2508 -0.2434
vn -0.7690 0.1141 -0.6289
vn -0.9933 0.0504 -0.1041
vn -0.9438 -0.2160 0.2501
vn -0.7683 -0.0857 0.6343
vn -0.9937 -0.0137 0.1111
vn -0.9352 0.2537 0.2472
vn -0.9944 0.0616 0.0858
vn -0.8410 0.0857 0.5343
vn 0.9656 -0.2602 -0.0020
vn 0.9981 -0.0613 -0.0033
vn 0.8440 -0.0188 -0.5359
vn 0.9936 -0.0190 -0.1109
vn 0.9745 0.2243 -0.0049
vn 0.9997 0.0243 -0.0038
vn 0.8479 -0.0125 0.5300
vn 0.9944 -0.0177 0.1039
vn -0.0101 -0.6871 0.7265
vn 0.0006 -0.1562 0.9877
vn 0.0154 0.6957 0.7182
vn 0.0066 0.1679 0.9858
vn -0.9936 0.0190 0.1109
vn -0.8441 0.0188 0.5359
vn -0.9745 -0.2243 0.0049
vn -0.9997 -0.0243 0.0038
vn -0.9656 0.2602 0.0020
vn -0.9981 0.0613 0.0033
vn -0.8480 0.0125 -0.5299
vn -0.9944 0.0177 -0.1039
vn -0.0154 -0.6957 -0.7182
vn -0.0066 -0.1679 -0.9858
vn 0.0101 0.6871 -0.7265
vn -0.0006 0.1562 -0.9877
vn -0.0185 -0.9998 0.0060
vn 0.9998 -0.0185 -0.0035
vn -0.0036 -0.0059 -1.0000
vn 0.0185 0.9998 -0.0060
vn 0.0036 0.0059 1.0000
vn -0.9998 0.0185 0.0035
vn 0.9396 -0.2505 -0.2333
vn 0.7764 -0.1121 -0.6202
vn 0.9944 -0.0508 -0.0924
vn 0.8535 0.0561 -0.5180
vn 0.9486 0.2192 -0.2284
vn 0.9975 0.0243 -0.0668
vn 0.9320 -0.2555 0.2573
vn 0.9933 -0.0627 0.0974
vn 0.8345 -0.0887 0.5439
vn 0.9409 0.2142 0.2622
vn 0.7608 0.0824 0.6437
vn 0.9923 0.0124 0.1230
vn -0.9409 -0.2142 -0.2622
vn -0.9949 -0.0226 -0.0982
vn -0.8370 -0.0453 -0.5453
vn -0.9320 0.2555 -0.2573
vn -0.7569 0.1249 -0.6415
vn -0.9911 0.0529 -0.1222
vn -0.9486 -0.2192 0.2285
vn -0.7804 -0.0952 0.6181
vn -0.9957 -0.0146 0.0918
vn -0.9396 0.2505 0.2334
vn -0.9958 0.0610 0.0677
vn -0.8510 0.0779 0.5194
vn 0.9653 -0.2610 0.0123
vn 0.9980 -0.0621 0.0149
vn 0.8542 -0.0109 -0.5198
vn 0.9956 -0.0181 -0.0922
vn 0.9745 0.2235 0.0174
vn 0.9996 0.0235 0.0158
vn 0.8376 -0.0217 0.5458
vn 0.9922 -0.0203 0.1227
vn -0.0244 -0.6987 0.7150
vn -0.0184 -0.1720 0.9849
vn 0.0020 0.6841 0.7294
vn -0.0122 0.1520 0.9883
vn -0.9956 0.0181 0.0921
vn -0.8542 0.0109 0.5199
vn -0.9745 -0.2235 -0.0174
vn -0.9996 -0.0235 -0.0158
vn -0.9653 0.2610 -0.0123
vn -0.9980 0.0621 -0.0149
vn -0.8376 0.0217 -0.5458
vn -0.9922 0.0203 -0.1227
vn -0.0020 -0.6841 -0.7294
vn 0.0122 -0.1520 -0.9883
vn 0.0244 0.6987 -0.7150
vn 0.0184 0.1720 -0.9849
vn -0.0191 -0.9998 -0.0104
vn 0.9997 -0.0193 0.0153
vn 0.0155 0.0101 -0.9998
vn 0.0191 0.9998 0.0104
vn -0.0155 -0.0101 0.9998
vn -0.9997 0.0193 -0.0153
vn 0.0936 -0.2283 -0.9691
vn 0.0248 -0.0364 -0.9990
vn 0.1743 -0.0611 -0.9828
vn 0.0318 0.0168 -0.9994
vn 0.0565 0.1664 -0.9844
vn 0.2237 0.0859 -0.9709
vn 0.0532 -0.1664 0.9846
vn 0.2205 -0.0858 0.9716
vn 0.0284 -0.0168 0.9995
vn 0.0904 0.2283 0.9694
vn 0.0214 0.0364 0.9991
vn 0.1710 0.0611 0.9834
vn -0.0532 -0.1789 -0.9824
vn -0.2205 -0.0982 -0.9704
vn -0.0284 -0.0294 -0.9992
vn -0.0904 0.2159 -0.9722
vn -0.0214 0.0238 -0.9995
vn -0.1710 0.0486 -0.9841
vn -0.0936 -0.2160 0.9719
vn -0.0248 -0.0238 0.9994
vn -0.1743 -0.0487 0.9835
vn -0.0565 0.1789 0.9822
vn -0.2237 0.0981 0.9697
vn -0.0318 0.0294 0.9991
vn 0.3828 -0.9238 0.0065
vn 0.9239 -0.3826 0.0040
vn 0.0318 -0.0063 -0.9995
vn 0.1746 -0.0062 -0.9846
vn 0.3826 0.9239 -0.0052
vn 0.9238 0.3828 -0.0009
vn 0.0284 0.0063 0.9996
vn 0.1713 0.0063 0.9852
vn -0.0016 -0.1667 0.9860
vn -0.0017 -0.0238 0.9997
vn -0.0017 0.1792 0.9838
vn -0.0017 0.0364 0.9993
vn -0.1746 0.0062 0.9846
vn -0.0318 0.0063 0.9995
vn -0.3826 -0.9239 0.0052
vn -0.9238 -0.3828 0.0009
vn -0.3827 0.9238 -0.0065
vn -0.9239 0.3826 -0.0040
vn -0.0284 -0.0063 -0.9996
vn -0.1713 -0.0063 -0.9852
vn 0.0017 -0.1792 -0.9838
vn 0.0017 -0.0364 -0.9993
vn 0.0016 0.1667 -0.9860
vn 0.0017 0.0238 -0.9997
vn 0.0001 -1.0000 0.0063
vn 1.0000 0.0001 0.0017
vn 0.0017 -0.0063 -1.0000
vn -0.0001 1.0000 -0.0063
vn -0.0017 0.0063 1.0000
vn -1.0000 -0.0001 -0.0017
vn 0.0429 -0.9986 -0.0304
vn 0.0653 -0.9385 -0.3391
vn 0.1815 -0.9742 -0.1345
vn 0.0739 0.8831 -0.4632
vn 0.0100 0.9963 -0.0855
vn 0.1561 0.9724 -0.1733
vn 0.0353 -0.9957 0.0857
vn 0.1797 -0.9680 0.1752
vn 0.0920 -0.8810 0.4642
vn 0.0162 0.9994 0.0307
vn 0.0369 0.9398 0.3397
vn 0.1543 0.9786 0.1364
vn -0.0092 -0.9989 -0.0460
vn -0.1543 -0.9786 -0.1364
vn -0.0687 -0.9009 -0.4287
vn -0.0423 0.9966 -0.0705
vn -0.0612 0.9242 -0.3769
vn -0.1797 0.9680 -0.1752
vn -0.0168 -0.9974 0.0702
vn -0.0410 -0.9256 0.3763
vn -0.1560 -0.9724 0.1733
vn -0.0360 0.9983 0.0457
vn -0.1815 0.9742 0.1345
vn -0.0971 0.8987 0.4278
vn 0.0426 -0.9989 0.0201
vn 0.1828 -0.9829 0.0206
vn 0.1885 -0.0171 -0.9819
vn 0.7388 -0.0038 -0.6739
vn 0.0165 0.9997 -0.0198
vn 0.1571 0.9874 -0.0187
vn 0.1771 0.0219 0.9839
vn 0.7310 0.0231 0.6820
vn 0.0126 -0.9962 0.0856
vn 0.0101 -0.9261 0.3771
vn -0.0134 0.9989 0.0459
vn -0.0143 0.9404 0.3399
vn -0.7388 0.0038 0.6739
vn -0.1885 0.0171 0.9819
vn -0.0165 -0.9997 0.0198
vn -0.1570 -0.9874 0.0187
vn -0.0426 0.9989 -0.0201
vn -0.1828 0.9829 -0.0206
vn -0.1771 -0.0219 -0.9839
vn -0.7310 -0.0231 -0.6820
vn 0.0134 -0.9989 -0.0459
vn 0.0143 -0.9404 -0.3398
vn -0.0126 0.9962 -0.0856
vn -0.0101 0.9261 -0.3771
vn 0.0131 -0.9997 0.0199
vn 0.9999 0.0132 0.0055
vn 0.0058 -0.0199 -0.9998
vn -0.0131 0.9997 -0.0199
vn -0.0058 0.0199 0.9998
vn -0.9999 -0.0132 -0.0055
vn 0.0249 -0.9991 -0.0347
vn 0.0527 -0.9379 -0.3428
vn 0.1654 -0.9767 -0.1368
vn 0.0963 0.8838 -0.4579
vn 0.0294 0.9963 -0.0805
vn 0.1762 0.9702 -0.1665
vn 0.0159 -0.9966 0.0813
vn 0.1595 -0.9719 0.1728
vn 0.0696 -0.8846 0.4611
vn 0.0341 0.9988 0.0358
vn 0.0495 0.9374 0.3448
vn 0.1703 0.9749 0.1432
vn -0.0269 -0.9983 -0.0510
vn -0.1703 -0.9749 -0.1432
vn -0.0794 -0.8974 -0.4339
vn -0.0230 0.9975 -0.0662
vn -0.0391 0.9270 -0.3731
vn -0.1595 0.9719 -0.1729
vn -0.0360 -0.9972 0.0651
vn -0.0631 -0.9264 0.3712
vn -0.1761 -0.9702 0.1664
vn -0.0184 0.9986 0.0501
vn -0.1654 0.9767 0.1368
vn -0.0864 0.8983 0.4308
vn 0.0240 -0.9996 0.0158
vn 0.1645 -0.9862 0.0182
vn 0.2014 -0.0160 -0.9794
vn 0.7477 -0.0142 -0.6639
vn 0.0351 0.9993 -0.0146
vn 0.1754 0.9844 -0.0118
vn 0.1642 0.0141 0.9863
vn 0.7220 0.0065 0.6919
vn -0.0068 -0.9967 0.0809
vn -0.0120 -0.9279 0.3726
vn 0.0043 0.9987 0.0506
vn -0.0016 0.9389 0.3443
vn -0.7477 0.0142 0.6639
vn -0.2014 0.0160 0.9794
vn -0.0351 -0.9993 0.0146
vn -0.1754 -0.9844 0.0118
vn -0.0240 0.9996 -0.0158
vn -0.1645 0.9862 -0.0182
vn -0.1642 -0.0141 -0.9863
vn -0.7220 -0.0065 -0.6919
vn -0.0043 -0.9987 -0.0506
vn 0.0016 -0.9389 -0.3443
vn 0.0068 0.9967 -0.0809
vn 0.0120 0.9279 -0.3726
vn -0.0055 -0.9999 0.0152
vn 0.9998 -0.0053 0.0190
vn 0.0189 -0.0153 -0.9997
vn 0.0055 0.9999 -0.0152
vn -0.0189 0.0153 0.9997
vn -0.9998 0.0053 -0.0190
vn 0.9693 -0.1889 -0.1573
vn 0.8860 -0.0784 -0.4570
vn 0.9981 -0.0097 -0.0616
vn 0.9273 0.0873 -0.3639
vn 0.9620 0.2289 -0.1490
vn 0.9975 0.0555 -0.0443
vn 0.9669 -0.1954 0.1641
vn 0.9980 -0.0208 0.0599
vn 0.9240 -0.0551 0.3784
vn 0.9596 0.2225 0.1725
vn 0.8755 0.1090 0.4708
vn 0.9960 0.0444 0.0772
vn -0.9596 -0.2225 -0.1725
vn -0.9967 -0.0534 -0.0614
vn -0.9217 -0.0723 -0.3810
vn -0.9669 0.1954 -0.1641
vn -0.8791 0.0970 -0.4667
vn -0.9970 0.0125 -0.0761
vn -0.9620 -0.2289 0.1490
vn -0.8824 -0.1276 0.4529
vn -0.9971 -0.0472 0.0604
vn -0.9693 0.1889 0.1574
vn -0.9988 0.0187 0.0458
vn -0.9296 0.0401 0.3665
vn 0.9809 -0.1947 0.0034
vn 0.9998 -0.0198 0.0071
vn 0.9304 0.0237 -0.3659
vn 0.9980 0.0187 -0.0610
vn 0.9734 0.2287 0.0119
vn 0.9985 0.0545 0.0086
vn 0.9248 0.0086 0.3805
vn 0.9969 0.0160 0.0767
vn 0.0093 -0.8046 0.5937
vn -0.0035 -0.2373 0.9714
vn -0.0185 0.7800 0.6255
vn -0.0111 0.1980 0.9801
vn -0.9980 -0.0187 0.0610
vn -0.9303 -0.0237 0.3659
vn -0.9734 -0.2287 -0.0119
vn -0.9985 -0.0545 -0.0086
vn -0.9809 0.1947 -0.0034
vn -0.9998 0.0197 -0.0071
vn -0.9247 -0.0086 -0.3805
vn -0.9969 -0.0160 -0.0767
vn 0.0185 -0.7801 -0.6254
vn 0.0111 -0.1980 -0.9801
vn -0.0093 0.8046 -0.5937
vn 0.0035 0.2373 -0.9714
vn 0.0176 -0.9996 -0.0200
vn 0.9998 0.0174 0.0078
vn 0.0075 0.0201 -0.9998
vn -0.0176 0.9996 0.0200
vn -0.0075 -0.0201 0.9998
vn -0.9998 -0.0174 -0.0078
vn 0.9621 -0.2111 -0.1725
vn 0.8746 -0.1065 -0.4730
vn 0.9962 -0.0302 -0.0819
vn 0.9209 0.0607 -0.3850
vn 0.9627 0.2069 -0.1745
vn 0.9972 0.0354 -0.0662
vn 0.9664 -0.2096 0.1490
vn 0.9985 -0.0383 0.0399
vn 0.9306 -0.0633 0.3605
vn 0.9669 0.2084 0.1470
vn 0.8871 0.1040 0.4498
vn 0.9981 0.0273 0.0555
vn -0.9669 -0.2084 -0.1470
vn -0.9986 -0.0359 -0.0395
vn -0.9308 -0.0642 -0.3599
vn -0.9664 0.2096 -0.1490
vn -0.8868 0.1021 -0.4507
vn -0.9980 0.0295 -0.0558
vn -0.9627 -0.2069 0.1745
vn -0.8749 -0.0996 0.4740
vn -0.9963 -0.0267 0.0821
vn -0.9621 0.2111 0.1725
vn -0.9971 0.0388 0.0659
vn -0.9207 0.0668 0.3844
vn 0.9769 -0.2131 -0.0119
vn 0.9992 -0.0386 -0.0130
vn 0.9227 -0.0031 -0.3855
vn 0.9966 -0.0018 -0.0820
vn 0.9775 0.2104 -0.0139
vn 0.9993 0.0357 -0.0134
vn 0.9326 0.0004 0.3610
vn 0.9984 -0.0011 0.0557
vn 0.0070 -0.7897 0.6134
vn 0.0126 -0.2131 0.9770
vn 0.0091 0.7955 0.6059
vn 0.0132 0.2223 0.9749
vn -0.9966 0.0018 0.0820
vn -0.9227 0.0031 0.3855
vn -0.9775 -0.2103 0.0139
vn -0.9993 -0.0357 0.0134
vn -0.9770 0.2131 0.0119
vn -0.9992 0.0386 0.0130
vn -0.9326 -0.0004 -0.3610
vn -0.9984 0.0011 -0.0557
vn -0.0091 -0.7955 -0.6059
vn -0.0132 -0.2223 -0.9749
vn -0.0070 0.7897 -0.6134
vn -0.0126 0.2131 -0.9770
vn -0.0014 -1.0000 0.0048
vn 0.9999 -0.0014 -0.0132
vn -0.0132 -0.0047 -0.9999
vn 0.0014 1.0000 -0.0048
vn 0.0132 0.0047 0.9999
vn -0.9999 0.0014 0.0132
vn 0.0371 -0.9614 -0.2726
vn 0.0269 -0.4292 -0.9028
vn 0.0971 -0.7530 -0.6509
vn 0.0167 0.3728 -0.9278
vn -0.0042 0.9508 -0.3099
vn 0.0672 0.7781 -0.6245
vn 0.0301 -0.9503 0.3100
vn 0.0921 -0.7750 0.6252
vn 0.0233 -0.3719 0.9280
vn -0.0026 0.9621 0.2726
vn 0.0026 0.4296 0.9030
vn 0.0623 0.7560 0.6516
vn 0.0067 -0.9395 -0.3426
vn -0.0622 -0.7560 -0.6516
vn -0.0094 -0.3403 -0.9403
vn -0.0351 0.9703 -0.2394
vn -0.0199 0.4601 -0.8876
vn -0.0921 0.7750 -0.6253
vn 0.0006 -0.9710 0.2392
vn -0.0096 -0.4607 0.8875
vn -0.0673 -0.7781 0.6245
vn -0.0326 0.9390 0.3425
vn -0.0971 0.7529 0.6510
vn -0.0306 0.3397 0.9400
vn 0.0373 -0.9992 -0.0172
vn 0.1229 -0.9923 -0.0167
vn 0.0253 0.0177 -0.9995
vn 0.1278 0.0196 -0.9916
vn -0.0016 0.9998 0.0173
vn 0.0841 0.9963 0.0176
vn 0.0175 -0.0169 0.9997
vn 0.1200 -0.0148 0.9927
vn 0.0171 -0.9506 0.3100
vn 0.0052 -0.4605 0.8876
vn -0.0197 0.9393 0.3425
vn -0.0122 0.4294 0.9030
vn -0.1278 -0.0196 0.9916
vn -0.0253 -0.0177 0.9995
vn 0.0016 -0.9998 -0.0173
vn -0.0841 -0.9963 -0.0176
vn -0.0373 0.9992 0.0172
vn -0.1228 0.9923 0.0167
vn -0.0175 0.0169 -0.9997
vn -0.1200 0.0148 -0.9927
vn 0.0197 -0.9393 -0.3426
vn 0.0122 -0.4294 -0.9030
vn -0.0171 0.9506 -0.3099
vn -0.0052 0.4604 -0.8877
vn 0.0195 -0.9997 -0.0172
vn 0.9998 0.0194 0.0043
vn 0.0039 0.0173 -0.9998
vn -0.0195 0.9997 0.0172
vn -0.0039 -0.0173 0.9998
vn -0.9998 -0.0194 -0.0043
vn -0.0033 -0.9671 -0.2545
vn -0.0069 -0.4465 -0.8947
vn 0.0566 -0.7681 -0.6379
vn 0.0114 0.3544 -0.9350
vn 0.0240 0.9443 -0.3281
vn 0.0827 0.7633 -0.6407
vn 0.0019 -0.9447 0.3278
vn 0.0766 -0.7661 0.6381
vn 0.0286 -0.3553 0.9343
vn 0.0378 0.9664 0.2541
vn 0.0364 0.4460 0.8943
vn 0.1028 0.7652 0.6355
vn -0.0342 -0.9453 -0.3243
vn -0.1028 -0.7653 -0.6355
vn -0.0408 -0.3572 -0.9332
vn -0.0048 0.9663 -0.2575
vn -0.0212 0.4439 -0.8958
vn -0.0766 0.7661 -0.6382
vn -0.0297 -0.9657 0.2580
vn -0.0083 -0.4433 0.8964
vn -0.0827 -0.7633 0.6407
vn 0.0083 0.9457 0.3249
vn -0.0566 0.7680 0.6380
vn 0.0008 0.3578 0.9338
vn 0.0008 -1.0000 0.0015
vn 0.0865 -0.9963 0.0001
vn 0.0057 -0.0018 -1.0000
vn 0.1083 -0.0036 -0.9941
vn 0.0349 0.9994 -0.0020
vn 0.1205 0.9927 -0.0034
vn 0.0371 0.0011 0.9993
vn 0.1395 -0.0006 0.9902
vn -0.0110 -0.9446 0.3279
vn 0.0065 -0.4436 0.8962
vn 0.0213 0.9456 0.3245
vn 0.0217 0.4463 0.8946
vn -0.1083 0.0036 0.9941
vn -0.0057 0.0018 1.0000
vn -0.0349 -0.9994 0.0020
vn -0.1205 -0.9927 0.0034
vn -0.0008 1.0000 -0.0015
vn -0.0865 0.9963 -0.0001
vn -0.0371 -0.0011 -0.9993
vn -0.1395 0.0006 -0.9902
vn -0.0213 -0.9456 -0.3246
vn -0.0217 -0.4464 -0.8946
vn 0.0110 0.9446 -0.3279
vn -0.0065 0.4438 -0.8961
vn -0.0171 -0.9999 0.0018
vn 0.9997 -0.0171 -0.0157
vn -0.0157 -0.0015 -0.9999
vn 0.0171 0.9999 -0.0018
vn 0.0157 0.0015 0.9999
vn -0.9997 0.0171 0.0157
vn 0.0366 -0.9991 -0.0197
vn 0.0492 -0.9685 -0.2441
vn 0.1385 -0.9857 -0.0961
vn 0.0441 0.9374 -0.3454
vn 0.0005 0.9981 -0.0622
vn 0.1080 0.9859 -0.1276
vn 0.0330 -0.9976 0.0616
vn 0.1425 -0.9821 0.1230
vn 0.0851 -0.9355 0.3430
vn 0.0070 0.9998 0.0189
vn 0.0288 0.9697 0.2427
vn 0.1120 0.9895 0.0915
vn -0.0021 -0.9996 -0.0297
vn -0.1120 -0.9895 -0.0915
vn -0.0560 -0.9481 -0.3130
vn -0.0378 0.9980 -0.0508
vn -0.0586 0.9601 -0.2735
vn -0.1425 0.9821 -0.1229
vn -0.0057 -0.9987 0.0516
vn -0.0194 -0.9613 0.2749
vn -0.1080 -0.9859 0.1276
vn -0.0313 0.9991 0.0303
vn -0.1385 0.9857 0.0961
vn -0.0732 0.9461 0.3154
vn 0.0372 -0.9992 0.0155
vn 0.1413 -0.9899 0.0135
vn 0.1746 -0.0130 -0.9845
vn 0.7406 0.0007 -0.6719
vn 0.0064 0.9998 -0.0163
vn 0.1107 0.9937 -0.0181
vn 0.2103 0.0188 0.9775
vn 0.7645 0.0221 0.6442
vn 0.0163 -0.9980 0.0619
vn 0.0196 -0.9614 0.2744
vn -0.0146 0.9994 0.0300
vn -0.0102 0.9698 0.2436
vn -0.7406 -0.0007 0.6719
vn -0.1746 0.0130 0.9845
vn -0.0064 -0.9998 0.0163
vn -0.1107 -0.9937 0.0181
vn -0.0372 0.9992 -0.0155
vn -0.1413 0.9899 -0.0135
vn -0.2103 -0.0188 -0.9775
vn -0.7645 -0.0221 -0.6442
vn 0.0146 -0.9994 -0.0300
vn 0.0102 -0.9698 -0.2436
vn -0.0163 0.9980 -0.0619
vn -0.0196 0.9614 -0.2744
vn 0.0154 -0.9998 0.0159
vn 0.9997 0.0151 -0.0184
vn -0.0182 -0.0162 -0.9997
vn -0.0154 0.9998 -0.0159
vn 0.0182 0.0162 0.9997
vn -0.9997 -0.0151 0.0184
vn 0.0438 -0.9979 -0.0480
vn 0.0712 -0.9193 -0.3870
vn 0.2048 -0.9653 -0.1623
vn 0.0923 0.8648 -0.4936
vn 0.0185 0.9965 -0.0816
vn 0.1878 0.9659 -0.1781
vn 0.0343 -0.9960 0.0822
vn 0.2007 -0.9625 0.1826
vn 0.0962 -0.8631 0.4958
vn 0.0250 0.9985 0.0489
vn 0.0460 0.9204 0.3884
vn 0.1838 0.9687 0.1667
vn -0.0168 -0.9977 -0.0659
vn -0.1837 -0.9687 -0.1667
vn -0.0810 -0.8727 -0.4816
vn -0.0425 0.9970 -0.0652
vn -0.0621 0.9129 -0.4033
vn -0.2007 0.9625 -0.1826
vn -0.0264 -0.9976 0.0644
vn -0.0552 -0.9140 0.4020
vn -0.1878 -0.9659 0.1781
vn -0.0360 0.9972 0.0652
vn -0.2047 0.9653 0.1623
vn -0.1075 0.8710 0.4794
vn 0.0433 -0.9990 0.0086
vn 0.2058 -0.9785 0.0103
vn 0.2011 -0.0063 -0.9795
vn 0.7555 0.0012 -0.6551
vn 0.0257 0.9996 -0.0078
vn 0.1885 0.9820 -0.0058
vn 0.1784 0.0096 0.9839
vn 0.7401 0.0120 0.6724
vn 0.0079 -0.9966 0.0820
vn 0.0035 -0.9150 0.4034
vn -0.0096 0.9978 0.0656
vn -0.0126 0.9214 0.3883
vn -0.7555 -0.0012 0.6551
vn -0.2011 0.0063 0.9795
vn -0.0257 -0.9996 0.0078
vn -0.1886 -0.9820 0.0058
vn -0.0433 0.9990 -0.0086
vn -0.2057 0.9786 -0.0103
vn -0.1784 -0.0096 -0.9839
vn -0.7401 -0.0120 -0.6724
vn 0.0096 -0.9978 -0.0656
vn 0.0126 -0.9214 -0.3883
vn -0.0079 0.9966 -0.0820
vn -0.0035 0.9150 -0.4034
vn 0.0088 -0.9999 0.0082
vn 0.9999 0.0089 0.0115
vn 0.0116 -0.0081 -0.9999
vn -0.0088 0.9999 -0.0082
vn -0.0116 0.0081 0.9999
vn -0.9999 -0.0089 -0.0115
vn -0.1431 -0.9546 -0.2613
vn -0.7087 -0.6670 -0.2298
vn 0.2014 -0.9675 -0.1529
vn 0.2053 -0.9563 0.2083
vn -0.1368 -0.9364 0.3231
vn -0.9148 -0.3206 -0.2458
vn -0.0514 -0.3829 -0.9224
vn 0.8598 -0.4067 -0.3088
vn 0.5595 -0.3591 0.7470
vn -0.5373 -0.3059 0.7860
vn -0.8132 -0.1160 -0.5703
vn 0.2892 -0.1800 -0.9402
vn 0.9830 -0.1833 -0.0049
vn 0.3095 -0.1215 0.9431
vn -0.8007 -0.0799 0.5937
vn -0.3669 0.6911 -0.6227
vn 0.4798 0.6521 -0.5870
vn 0.7087 0.6670 0.2298
vn 0.0035 0.7153 0.6988
vn -0.6613 0.7302 0.1720
vn -0.2014 0.9675 0.1529
vn -0.4223 0.8495 0.3163
vn -0.3539 0.7287 0.5864
vn 0.1431 0.9546 0.2613
vn 0.2221 0.8253 0.5191
vn 0.4919 0.6869 0.5349
vn 0.3521 0.9354 -0.0328
vn 0.6131 0.7894 -0.0311
vn 0.7032 0.6510 -0.2859
vn 0.1368 0.9364 -0.3231
vn 0.2103 0.7914 -0.5740
vn -0.0120 0.6705 -0.7418
vn -0.2053 0.9563 -0.2083
vn -0.4295 0.8285 -0.3593
vn -0.6653 0.7185 -0.2027
vn -0.8598 0.4067 0.3088
vn -0.7754 0.2585 0.5761
vn -0.5435 0.4052 0.7351
vn 0.0514 0.3829 0.9224
vn 0.3218 0.2174 0.9215
vn 0.5539 0.3537 0.7537
vn 0.9148 0.3206 0.2458
vn 0.9876 0.1563 -0.0155
vn 0.9091 0.3041 -0.2848
vn 0.5373 0.3059 -0.7860
vn 0.3018 0.1596 -0.9399
vn 0.0313 0.3249 -0.9452
vn -0.5595 0.3591 -0.7470
vn -0.7878 0.2228 -0.5743
vn -0.8665 0.3873 -0.3149
vn -0.2892 0.1800 0.9402
vn -0.3018 -0.1596 0.9399
vn -0.0313 -0.3249 0.9452
vn 0.8132 0.1160 0.5703
vn 0.7878 -0.2228 0.5743
vn 0.8665 -0.3873 0.3149
vn 0.8007 0.0799 -0.5937
vn 0.7754 -0.2585 -0.5761
vn 0.5435 -0.4052 -0.7351
vn -0.3095 0.1215 -0.9431
vn -0.3218 -0.2174 -0.9215
vn -0.5539 -0.3537 -0.7537
vn -0.9830 0.1833 0.0049
vn -0.9876 -0.1563 0.0155
vn -0.9091 -0.3041 0.2848
vn -0.4798 -0.6521 0.5870
vn -0.2103 -0.7914 0.5740
vn 0.0120 -0.6705 0.7418
vn 0.3669 -0.6911 0.6227
vn 0.4295 -0.8285 0.3593
vn 0.6653 -0.7185 0.2027
vn 0.6613 -0.7302 -0.1720
vn 0.4223 -0.8495 -0.3163
vn 0.3539 -0.7287 -0.5864
vn -0.7032 -0.6510 0.2859
vn -0.6130 -0.7894 0.0311
vn -0.3521 -0.9354 0.0328
vn -0.0035 -0.7153 -0.6988
vn -0.2221 -0.8253 -0.5191
vn -0.4919 -0.6869 -0.5349
vn -0.0999 -0.9205 -0.3777
vn -0.7443 -0.5850 -0.3222
vn 0.3419 -0.9159 -0.2102
vn 0.3190 -0.9109 0.2617
vn -0.1368 -0.9124 0.3858
vn -0.9073 -0.2788 -0.3148
vn 0.0230 -0.2801 -0.9597
vn 0.9239 -0.2669 -0.2743
vn 0.5503 -0.2575 0.7943
vn -0.5815 -0.2649 0.7693
vn -0.7750 -0.1124 -0.6218
vn 0.3535 -0.1088 -0.9291
vn 0.9944 -0.0941 0.0492
vn 0.2619 -0.0886 0.9610
vn -0.8316 -0.1000 0.5463
vn -0.4155 0.5664 -0.7117
vn 0.5400 0.5734 -0.6161
vn 0.7443 0.5850 0.3222
vn -0.0850 0.5851 0.8065
vn -0.8018 0.5736 0.1675
vn -0.3419 0.9159 0.2102
vn -0.5822 0.7237 0.3705
vn -0.4817 0.5810 0.6560
vn 0.0999 0.9205 0.3777
vn 0.1769 0.7316 0.6584
vn 0.4786 0.5870 0.6530
vn 0.3957 0.9183 0.0094
vn 0.6853 0.7278 0.0254
vn 0.7726 0.5787 -0.2612
vn 0.1368 0.9124 -0.3858
vn 0.2404 0.7176 -0.6536
vn -0.0061 0.5677 -0.8232
vn -0.3190 0.9109 -0.2617
vn -0.5429 0.7151 -0.4404
vn -0.7813 0.5691 -0.2563
vn -0.9239 0.2669 0.2743
vn -0.8278 0.1518 0.5400
vn -0.6242 0.2738 0.7317
vn -0.0230 0.2801 0.9597
vn 0.2587 0.1631 0.9521
vn 0.5047 0.2818 0.8160
vn 0.9073 0.2788 0.3148
vn 0.9864 0.1577 0.0461
vn 0.9338 0.2730 -0.2315
vn 0.5815 0.2649 -0.7693
vn 0.3496 0.1431 -0.9259
vn 0.0701 0.2595 -0.9632
vn -0.5503 0.2575 -0.7943
vn -0.7716 0.1394 -0.6206
vn -0.8928 0.2601 -0.3679
vn -0.3535 0.1088 0.9291
vn -0.3496 -0.1431 0.9259
vn -0.0701 -0.2595 0.9632
vn 0.7750 0.1124 0.6218
vn 0.7716 -0.1394 0.6206
vn 0.8928 -0.2601 0.3679
vn 0.8316 0.1000 -0.5463
vn 0.8278 -0.1518 -0.5400
vn 0.6242 -0.2738 -0.7317
vn -0.2619 0.0886 -0.9610
vn -0.2587 -0.1631 -0.9521
vn -0.5047 -0.2818 -0.8160
vn -0.9944 0.0941 -0.0492
vn -0.9864 -0.1577 -0.0461
vn -0.9338 -0.2730 0.2315
vn -0.5400 -0.5734 0.6161
vn -0.2404 -0.7176 0.6536
vn 0.0061 -0.5677 0.8232
vn 0.4155 -0.5664 0.7117
vn 0.5429 -0.7151 0.4404
vn 0.7813 -0.5691 0.2563
vn 0.8018 -0.5736 -0.1675
vn 0.5822 -0.7237 -0.3705
vn 0.4817 -0.5810 -0.6560
vn -0.7726 -0.5788 0.2612
vn -0.6853 -0.7278 -0.0254
vn -0.3957 -0.9183 -0.0094
vn 0.0850 -0.5851 -0.8065
vn -0.1769 -0.7316 -0.6584
vn -0.4786 -0.5870 -0.6530
vn 0.1070 -0.3973 -0.9114
vn 0.0432 -0.0706 -0.9966
vn 0.1912 -0.1442 -0.9709
vn 0.0498 0.0261 -0.9984
vn 0.0707 0.2889 -0.9547
vn 0.1901 0.1144 -0.9751
vn 0.0353 -0.2884 0.9569
vn 0.1522 -0.1128 0.9819
vn 0.0102 -0.0258 0.9996
vn 0.0670 0.3981 0.9149
vn 0.0028 0.0709 0.9975
vn 0.1510 0.1457 0.9777
vn -0.0326 -0.3194 -0.9471
vn -0.1510 -0.1457 -0.9777
vn -0.0099 -0.0582 -0.9983
vn -0.0702 0.3677 -0.9273
vn -0.0033 0.0386 -0.9992
vn -0.1521 0.1128 -0.9819
vn -0.1037 -0.3685 0.9238
vn -0.0427 -0.0388 0.9983
vn -0.1901 -0.1144 0.9751
vn -0.0732 0.3189 0.9449
vn -0.1912 0.1442 0.9709
vn -0.0501 0.0579 0.9971
vn 0.2257 -0.9740 0.0202
vn 0.8004 -0.5990 0.0256
vn 0.0500 -0.0159 -0.9986
vn 0.1922 -0.0150 -0.9812
vn 0.2172 0.9761 -0.0113
vn 0.7952 0.6063 0.0061
vn 0.0101 0.0162 0.9998
vn 0.1529 0.0166 0.9881
vn -0.0177 -0.2891 0.9571
vn -0.0197 -0.0387 0.9991
vn -0.0203 0.3196 0.9473
vn -0.0202 0.0708 0.9973
vn -0.1922 0.0150 0.9812
vn -0.0500 0.0159 0.9986
vn -0.2172 -0.9761 0.0113
vn -0.7952 -0.6063 -0.0061
vn -0.2257 0.9740 -0.0202
vn -0.8003 0.5990 -0.0256
vn -0.0101 -0.0162 -0.9998
vn -0.1529 -0.0166 -0.9881
vn 0.0203 -0.3196 -0.9473
vn 0.0202 -0.0708 -0.9973
vn 0.0177 0.2890 -0.9572
vn 0.0197 0.0387 -0.9991
vn 0.0043 -0.9999 0.0161
vn 0.9998 0.0046 0.0199
vn 0.0200 -0.0161 -0.9997
vn -0.0043 0.9999 -0.0161
vn -0.0200 0.0161 0.9997
vn -0.9998 -0.0046 -0.0199
vn 0.9523 -0.2994 -0.0600
vn 0.9629 -0.1245 -0.2396
vn 0.9990 -0.0375 -0.0262
vn 0.9616 0.1289 -0.2422
vn 0.9155 0.3840 -0.1197
vn 0.9981 0.0593 -0.0164
vn 0.9138 -0.3750 0.1561
vn 0.9972 -0.0494 0.0561
vn 0.9525 -0.1193 0.2803
vn 0.9461 0.3088 0.0978
vn 0.9513 0.1340 0.2778
vn 0.9967 0.0474 0.0659
vn -0.9101 -0.3868 -0.1485
vn -0.9967 -0.0600 -0.0550
vn -0.9513 -0.1340 -0.2777
vn -0.9490 0.2978 -0.1039
vn -0.9525 0.1193 -0.2802
vn -0.9971 0.0365 -0.0668
vn -0.9493 -0.3073 0.0661
vn -0.9617 -0.1289 0.2421
vn -0.9986 -0.0465 0.0271
vn -0.9191 0.3777 0.1120
vn -0.9986 0.0501 0.0153
vn -0.9629 0.1245 0.2396
vn 0.9538 -0.2995 0.0220
vn 0.9986 -0.0497 0.0204
vn 0.9701 0.0022 -0.2428
vn 0.9996 0.0045 -0.0267
vn 0.9509 0.3091 0.0159
vn 0.9980 0.0597 0.0193
vn 0.9596 0.0074 0.2812
vn 0.9978 0.0054 0.0664
vn -0.0021 -0.9399 0.3415
vn -0.0158 -0.4291 0.9031
vn -0.0111 0.9465 0.3226
vn -0.0200 0.4469 0.8943
vn -0.9996 -0.0045 0.0267
vn -0.9701 -0.0022 0.2428
vn -0.9509 -0.3091 -0.0159
vn -0.9980 -0.0597 -0.0193
vn -0.9538 0.2995 -0.0220
vn -0.9986 0.0498 -0.0204
vn -0.9596 -0.0074 -0.2812
vn -0.9978 -0.0054 -0.0664
vn 0.0111 -0.9465 -0.3226
vn 0.0200 -0.4469 -0.8943
vn 0.0021 0.9399 -0.3414
vn 0.0158 0.4291 -0.9031
vn 0.0048 -0.9999 0.0100
vn 0.9998 0.0050 0.0199
vn 0.0199 -0.0099 -0.9998
vn -0.0048 0.9999 -0.0100
vn -0.0199 0.0099 0.9998
vn -0.9998 -0.0050 -0.0199
vn 0.9438 -0.3179 -0.0905
vn 0.9540 -0.1387 -0.2658
vn 0.9970 -0.0580 -0.0512
vn 0.9583 0.1146 -0.2619
vn 0.9206 0.3676 -0.1320
vn 0.9985 0.0385 -0.0390
vn 0.9088 -0.3982 0.1245
vn 0.9969 -0.0720 0.0307
vn 0.9560 -0.1467 0.2540
vn 0.9546 0.2861 0.0827
vn 0.9603 0.1066 0.2580
vn 0.9988 0.0245 0.0430
vn -0.9216 -0.3634 -0.1362
vn -0.9988 -0.0374 -0.0324
vn -0.9602 -0.1066 -0.2580
vn -0.9444 0.3204 -0.0734
vn -0.9560 0.1468 -0.2541
vn -0.9974 0.0594 -0.0417
vn -0.9540 -0.2886 0.0811
vn -0.9583 -0.1146 0.2619
vn -0.9984 -0.0260 0.0500
vn -0.9077 0.3942 0.1438
vn -0.9967 0.0709 0.0407
vn -0.9540 0.1387 0.2659
vn 0.9473 -0.3202 -0.0086
vn 0.9974 -0.0715 -0.0050
vn 0.9639 -0.0121 -0.2661
vn 0.9986 -0.0160 -0.0506
vn 0.9575 0.2883 0.0008
vn 0.9993 0.0380 -0.0033
vn 0.9659 -0.0202 0.2581
vn 0.9989 -0.0175 0.0424
vn -0.0146 -0.9481 0.3175
vn -0.0039 -0.4519 0.8921
vn 0.0171 0.9379 0.3466
vn 0.0108 0.4240 0.9056
vn -0.9986 0.0160 0.0507
vn -0.9639 0.0121 0.2661
vn -0.9575 -0.2883 -0.0008
vn -0.9993 -0.0380 0.0033
vn -0.9473 0.3202 0.0086
vn -0.9974 0.0715 0.0050
vn -0.9659 0.0202 -0.2581
vn -0.9989 0.0175 -0.0424
vn -0.0172 -0.9379 -0.3466
vn -0.0108 -0.4240 -0.9056
vn 0.0146 0.9481 -0.3175
vn 0.0039 0.4519 -0.8921
vn -0.0168 -0.9997 -0.0154
vn 0.9999 -0.0168 -0.0041
vn -0.0039 0.0155 -0.9999
vn 0.0168 0.9997 0.0154
vn 0.0039 -0.0155 0.9999
vn -0.9999 0.0168 0.0041
vn -0.2264 -0.9737 -0.0260
vn -0.1908 -0.9647 -0.1817
vn 0.0052 -0.9956 -0.0937
vn 0.3630 0.9036 -0.2275
vn 0.2890 0.9569 -0.0287
vn 0.4557 0.8886 -0.0517
vn -0.2354 -0.9715 0.0295
vn -0.0577 -0.9967 0.0577
vn -0.1502 -0.9614 0.2305
vn 0.2962 0.9547 0.0271
vn 0.3181 0.9301 0.1836
vn 0.5049 0.8572 0.1013
vn -0.2881 -0.9570 -0.0343
vn -0.4541 -0.8888 -0.0624
vn -0.3562 -0.9043 -0.2353
vn 0.2271 0.9736 -0.0223
vn 0.1961 0.9642 -0.1788
vn -0.0021 0.9953 -0.0966
vn -0.2970 -0.9547 0.0212
vn -0.3233 -0.9296 0.1769
vn -0.5077 -0.8569 0.0891
vn 0.2345 0.9715 0.0335
vn 0.0559 0.9968 0.0564
vn 0.1435 0.9620 0.2321
vn -0.2267 -0.9740 -0.0019
vn -0.0569 -0.9984 0.0006
vn 0.4281 -0.1140 -0.8965
vn 0.9128 -0.2469 -0.3253
vn 0.2967 0.9550 0.0029
vn 0.4557 0.8901 0.0053
vn 0.4018 -0.1113 0.9089
vn 0.9029 -0.2459 0.3524
vn -0.2622 -0.9646 0.0291
vn -0.2602 -0.9489 0.1783
vn 0.2613 0.9647 0.0339
vn 0.2550 0.9495 0.1830
vn -0.9128 0.2469 0.3253
vn -0.4281 0.1140 0.8965
vn -0.2967 -0.9550 -0.0029
vn -0.4558 -0.8901 -0.0053
vn 0.2267 0.9740 0.0019
vn 0.0569 0.9984 -0.0006
vn -0.4018 0.1113 -0.9089
vn -0.9030 0.2459 -0.3524
vn -0.2613 -0.9647 -0.0339
vn -0.2550 -0.9495 -0.1831
vn 0.2622 0.9646 -0.0291
vn 0.2602 0.9490 -0.1782
vn -0.2619 -0.9651 -0.0024
vn 0.9650 -0.2619 0.0144
vn 0.0146 -0.0015 -0.9999
vn 0.2619 0.9651 0.0024
vn -0.0146 0.0015 0.9999
vn -0.9650 0.2619 -0.0144
vn 0.2841 -0.9588 -0.0067
vn 0.3091 -0.9369 -0.1632
vn 0.4954 -0.8651 -0.0785
vn -0.1333 0.9594 -0.2484
vn -0.2220 0.9738 -0.0490
vn -0.0433 0.9963 -0.0743
vn 0.2758 -0.9600 0.0490
vn 0.4431 -0.8934 0.0740
vn 0.3469 -0.9045 0.2481
vn -0.2140 0.9768 0.0066
vn -0.1815 0.9698 0.1629
vn 0.0160 0.9968 0.0781
vn 0.2223 -0.9749 -0.0140
vn 0.0439 -0.9982 -0.0397
vn 0.1352 -0.9674 -0.2143
vn -0.2839 0.9579 -0.0416
vn -0.3076 0.9308 -0.1973
vn -0.4948 0.8618 -0.1117
vn 0.2139 -0.9760 0.0417
vn 0.1803 -0.9636 0.1974
vn -0.0172 -0.9935 0.1122
vn -0.2761 0.9610 0.0140
vn -0.4436 0.8953 0.0401
vn -0.3485 0.9124 0.2145
vn 0.2842 -0.9586 0.0175
vn 0.4440 -0.8958 0.0170
vn 0.4198 0.0917 -0.9030
vn 0.9124 0.2287 -0.3395
vn -0.2140 0.9767 -0.0175
vn -0.0437 0.9989 -0.0173
vn 0.4132 0.1227 0.9023
vn 0.9099 0.2403 0.3381
vn 0.2490 -0.9673 0.0490
vn 0.2445 -0.9493 0.1978
vn -0.2493 0.9683 0.0140
vn -0.2458 0.9555 0.1634
vn -0.9124 -0.2287 0.3395
vn -0.4198 -0.0917 0.9030
vn 0.2139 -0.9767 0.0175
vn 0.0439 -0.9989 0.0173
vn -0.2842 0.9586 -0.0175
vn -0.4442 0.8958 -0.0170
vn -0.4132 -0.1227 -0.9023
vn -0.9099 -0.2404 -0.3381
vn 0.2493 -0.9683 -0.0140
vn 0.2458 -0.9554 -0.1635
vn -0.2490 0.9673 -0.0490
vn -0.2445 0.9493 -0.1978
vn 0.2493 -0.9683 0.0175
vn 0.9684 0.2493 -0.0007
vn 0.0037 -0.0172 -0.9998
vn -0.2493 0.9683 -0.0175
vn -0.0037 0.0172 0.9998
vn -0.9684 -0.2493 0.0007
vn 0.1712 -0.9847 -0.0319
vn 0.3704 -0.9090 -0.1911
vn 0.7854 -0.6141 -0.0778
vn 0.3560 0.9163 -0.1834
vn 0.1177 0.9926 -0.0313
vn 0.6875 0.7244 -0.0498
vn 0.1346 -0.9905 0.0287
vn 0.7000 -0.7133 0.0359
vn 0.3743 -0.9104 0.1761
vn 0.1557 0.9874 0.0287
vn 0.3597 0.9148 0.1838
vn 0.7767 0.6267 0.0623
vn -0.1188 -0.9922 -0.0371
vn -0.6884 -0.7241 -0.0421
vn -0.3597 -0.9148 -0.1839
vn -0.1712 0.9850 -0.0203
vn -0.3741 0.9105 -0.1762
vn -0.7869 0.6144 -0.0570
vn -0.1550 -0.9876 0.0236
vn -0.3562 -0.9163 0.1833
vn -0.7751 -0.6276 0.0726
vn -0.1334 0.9903 0.0397
vn -0.6989 0.7130 0.0559
vn -0.3706 0.9089 0.1911
vn 0.1714 -0.9852 -0.0058
vn 0.7004 -0.7137 -0.0100
vn 0.8888 0.0090 -0.4582
vn 0.9954 0.0083 -0.0959
vn 0.1553 0.9879 0.0026
vn 0.6889 0.7248 -0.0039
vn 0.8978 0.0052 0.4404
vn 0.9971 0.0076 0.0760
vn 0.0082 -0.9995 0.0303
vn 0.0097 -0.9811 0.1930
vn -0.0075 0.9992 0.0387
vn -0.0058 0.9795 0.2014
vn -0.9954 -0.0083 0.0959
vn -0.8888 -0.0090 0.4582
vn -0.1555 -0.9878 -0.0026
vn -0.6888 -0.7250 0.0039
vn -0.1715 0.9852 0.0058
vn -0.7004 0.7136 0.0100
vn -0.8978 -0.0052 -0.4404
vn -0.9971 -0.0076 -0.0760
vn 0.0075 -0.9992 -0.0387
vn 0.0058 -0.9795 -0.2014
vn -0.0082 0.9995 -0.0302
vn -0.0097 0.9811 -0.1931
vn 0.0079 -1.0000 -0.0042
vn 0.9999 0.0079 -0.0100
vn -0.0100 0.0042 -0.9999
vn -0.0079 1.0000 0.0042
vn 0.0100 -0.0042 0.9999
vn -0.9999 -0.0079 0.0100
vn 0.0222 -0.9587 -0.2834
vn 0.0290 -0.4098 -0.9117
vn 0.1291 -0.7322 -0.6688
vn 0.0450 0.3412 -0.9389
vn 0.0347 0.9397 -0.3401
vn 0.1437 0.7417 -0.6551
vn 0.0084 -0.9402 0.3406
vn 0.1146 -0.7445 0.6577
vn 0.0179 -0.3418 0.9396
vn 0.0355 0.9582 0.2840
vn 0.0176 0.4092 0.9123
vn 0.1293 0.7296 0.6715
vn -0.0272 -0.9333 -0.3582
vn -0.1293 -0.7296 -0.6716
vn -0.0246 -0.3238 -0.9458
vn -0.0163 0.9638 -0.2663
vn -0.0092 0.4265 -0.9044
vn -0.1146 0.7445 -0.6578
vn -0.0414 -0.9631 0.2658
vn -0.0373 -0.4261 0.9039
vn -0.1438 -0.7418 0.6551
vn -0.0160 0.9337 0.3577
vn -0.1289 0.7322 0.6688
vn -0.0384 0.3244 0.9452
vn 0.0200 -0.9998 -0.0090
vn 0.1627 -0.9866 -0.0073
vn 0.0442 0.0088 -0.9990
vn 0.2018 0.0071 -0.9794
vn 0.0400 0.9992 0.0096
vn 0.1823 0.9832 0.0110
vn 0.0225 -0.0095 0.9997
vn 0.1804 -0.0109 0.9835
vn -0.0132 -0.9402 0.3405
vn -0.0141 -0.4264 0.9044
vn 0.0056 0.9337 0.3580
vn -0.0057 0.4097 0.9122
vn -0.2017 -0.0071 0.9794
vn -0.0442 -0.0088 0.9990
vn -0.0401 -0.9992 -0.0096
vn -0.1824 -0.9832 -0.0110
vn -0.0201 0.9998 0.0090
vn -0.1627 0.9866 0.0073
vn -0.0225 0.0095 -0.9997
vn -0.1804 0.0109 -0.9835
vn -0.0056 -0.9337 -0.3580
vn 0.0057 -0.4097 -0.9122
vn 0.0132 0.9402 -0.3404
vn 0.0140 0.4264 -0.9044
vn -0.0100 -0.9999 -0.0093
vn 0.9999 -0.0101 0.0108
vn 0.0109 0.0092 -0.9999
vn 0.0100 0.9999 0.0093
vn -0.0109 -0.0092 0.9999
vn -0.9999 0.0101 -0.0108
vn 0.0514 -0.9935 -0.1012
vn 0.1337 -0.7617 -0.6340
vn 0.4003 -0.8868 -0.2311
vn 0.0716 0.8312 -0.5513
vn 0.0410 0.9946 -0.0948
vn 0.3799 0.8911 -0.2483
vn 0.0639 -0.9934 0.0947
vn 0.4006 -0.8822 0.2476
vn 0.0916 -0.8294 0.5512
vn 0.0289 0.9945 0.1011
vn 0.1174 0.7646 0.6337
vn 0.3803 0.8957 0.2303
vn -0.0411 -0.9963 -0.0754
vn -0.3803 -0.8957 -0.2303
vn -0.0725 -0.8418 -0.5350
vn -0.0516 0.9914 -0.1203
vn -0.1348 0.7493 -0.6484
vn -0.4007 0.8821 -0.2476
vn -0.0287 -0.9923 0.1204
vn -0.1163 -0.7521 0.6486
vn -0.3799 -0.8911 0.2483
vn -0.0638 0.9951 0.0755
vn -0.4003 0.8868 0.2311
vn -0.0907 0.8399 0.5351
vn 0.2828 0.9591 -0.0095
vn -0.2827 -0.9591 0.0095
vn 0.9076 -0.3446 -0.2399
vn 0.8410 -0.0858 -0.5343
vn 0.9944 -0.0615 -0.0858
vn 0.7683 0.0857 -0.6344
vn 0.9196 0.3080 -0.2438
vn 0.9937 0.0137 -0.1111
vn 0.9093 -0.3418 0.2373
vn 0.9933 -0.0504 0.1041
vn 0.7690 -0.1141 0.6289
vn 0.9214 0.3108 0.2334
vn 0.8473 0.0546 0.5283
vn 0.9966 0.0247 0.0788
vn -0.9214 -0.3108 -0.2334
vn -0.9945 -0.0149 -0.1036
vn -0.7729 -0.0931 -0.6277
vn -0.9093 0.3418 -0.2373
vn -0.8448 0.0795 -0.5291
vn -0.9950 0.0606 -0.0793
vn -0.9196 -0.3080 0.2438
vn -0.8434 -0.0483 0.5351
vn -0.9960 -0.0238 0.0863
vn -0.9076 0.3446 0.2399
vn -0.9925 0.0517 0.1107
vn -0.7645 0.1216 0.6331
vn 0.8441 -0.0188 -0.5358
vn 0.8480 -0.0125 0.5299
vn 0.9118 -0.3415 -0.2279
vn 0.8509 -0.0779 -0.5194
vn 0.9958 -0.0610 -0.0677
vn 0.7804 0.0952 -0.6180
vn 0.9243 0.3110 -0.2211
vn 0.9957 0.0146 -0.0917
vn 0.9044 -0.3464 0.2492
vn 0.9911 -0.0529 0.1222
vn 0.7568 -0.1249 0.6416
vn 0.9169 0.3062 0.2560
vn 0.8371 0.0453 0.5452
vn 0.9949 0.0226 0.0982
vn -0.9169 -0.3062 -0.2560
vn -0.9923 -0.0124 -0.1230
vn -0.7608 -0.0824 -0.6438
vn -0.9044 0.3463 -0.2492
vn -0.8345 0.0887 -0.5439
vn -0.9933 0.0627 -0.0974
vn -0.9243 -0.3110 0.2211
vn -0.8535 -0.0561 0.5180
vn -0.9975 -0.0243 0.0668
vn -0.9118 0.3416 0.2279
vn -0.9944 0.0508 0.0924
vn -0.7764 0.1121 0.6202
vn 0.8542 -0.0109 -0.5199
vn 0.8377 -0.0217 0.5458
vn -0.9956 0.0181 0.0922
vn -0.8542 0.0109 0.5198
vn 0.0565 -0.1789 -0.9822
vn 0.0318 -0.0294 -0.9991
vn 0.2237 -0.0981 -0.9697
vn 0.0248 0.0238 -0.9994
vn 0.0936 0.2160 -0.9719
vn 0.1743 0.0487 -0.9835
vn 0.0904 -0.2159 0.9722
vn 0.1710 -0.0486 0.9841
vn 0.0214 -0.0238 0.9995
vn 0.0532 0.1789 0.9824
vn 0.0284 0.0294 0.9992
vn 0.2205 0.0982 0.9704
vn -0.0904 -0.2283 -0.9694
vn -0.1710 -0.0611 -0.9834
vn -0.0214 -0.0364 -0.9991
vn -0.0532 0.1664 -0.9846
vn -0.0284 0.0168 -0.9995
vn -0.2205 0.0858 -0.9716
vn -0.0565 -0.1664 0.9844
vn -0.0318 -0.0168 0.9994
vn -0.2237 -0.0859 0.9709
vn -0.0936 0.2283 0.9691
vn -0.1743 0.0611 0.9828
vn -0.0248 0.0364 0.9990
vn -0.3828 0.9238 -0.0065
vn 0.0017 -0.0365 -0.9993
vn 0.0360 -0.9983 -0.0457
vn 0.0972 -0.8987 -0.4278
vn 0.2498 -0.9592 -0.1322
vn 0.0410 0.9256 -0.3763
vn 0.0168 0.9974 -0.0702
vn 0.2247 0.9594 -0.1704
vn 0.0423 -0.9966 0.0705
vn 0.2481 -0.9532 0.1730
vn 0.0612 -0.9243 0.3769
vn 0.0092 0.9989 0.0460
vn 0.0687 0.9008 0.4287
vn 0.2230 0.9655 0.1348
vn -0.0162 -0.9994 -0.0307
vn -0.2230 -0.9655 -0.1348
vn -0.0369 -0.9398 -0.3397
vn -0.0353 0.9957 -0.0857
vn -0.0920 0.8809 -0.4642
vn -0.2480 0.9532 -0.1730
vn -0.0100 -0.9963 0.0855
vn -0.0739 -0.8831 0.4632
vn -0.2248 -0.9594 0.1704
vn -0.0429 0.9986 0.0304
vn -0.2498 0.9592 0.1322
vn -0.0653 0.9385 0.3391
vn -0.0143 0.9404 0.3398
vn -0.1571 -0.9874 0.0187
vn -0.1772 -0.0219 -0.9839
vn 0.0143 -0.9404 -0.3399
vn 0.0183 -0.9986 -0.0501
vn 0.0865 -0.8983 -0.4308
vn 0.2339 -0.9630 -0.1335
vn 0.0630 0.9264 -0.3711
vn 0.0360 0.9972 -0.0651
vn 0.2446 0.9559 -0.1627
vn 0.0230 -0.9975 0.0662
vn 0.2281 -0.9584 0.1717
vn 0.0391 -0.9270 0.3731
vn 0.0269 0.9983 0.0510
vn 0.0794 0.8974 0.4339
vn 0.2388 0.9605 0.1425
vn -0.0341 -0.9988 -0.0358
vn -0.2388 -0.9606 -0.1425
vn -0.0495 -0.9374 -0.3447
vn -0.0159 0.9966 -0.0813
vn -0.0696 0.8846 -0.4611
vn -0.2282 0.9584 -0.1717
vn -0.0294 -0.9963 0.0805
vn -0.0963 -0.8838 0.4579
vn -0.2446 -0.9559 0.1627
vn -0.0249 0.9991 0.0347
vn -0.2340 0.9630 0.1335
vn -0.0527 0.9379 0.3428
vn 0.1644 -0.9862 0.0182
vn -0.0016 0.9389 0.3442
vn -0.1644 0.9862 -0.0182
vn 0.0016 -0.9389 -0.3442
vn 0.9495 -0.2723 -0.1556
vn 0.9296 -0.0401 -0.3664
vn 0.9988 -0.0187 -0.0458
vn 0.8824 0.1276 -0.4528
vn 0.9393 0.3115 -0.1440
vn 0.9971 0.0472 -0.0604
vn 0.9472 -0.2787 0.1588
vn 0.9970 -0.0125 0.0761
vn 0.8791 -0.0970 0.4667
vn 0.9369 0.3052 0.1704
vn 0.9218 0.0723 0.3810
vn 0.9967 0.0534 0.0614
vn -0.9369 -0.3052 -0.1704
vn -0.9960 -0.0444 -0.0772
vn -0.8755 -0.1090 -0.4708
vn -0.9472 0.2787 -0.1587
vn -0.9240 0.0551 -0.3784
vn -0.9980 0.0208 -0.0599
vn -0.9393 -0.3115 0.1439
vn -0.9273 -0.0873 0.3639
vn -0.9975 -0.0555 0.0443
vn -0.9495 0.2724 0.1556
vn -0.9981 0.0097 0.0616
vn -0.8860 0.0784 0.4569
vn 0.9998 -0.0197 0.0071
vn 0.9303 0.0237 -0.3659
vn 0.9247 0.0086 0.3805
vn -0.9304 -0.0237 0.3659
vn -0.9248 -0.0086 -0.3805
vn 0.9408 -0.2941 -0.1683
vn 0.9207 -0.0668 -0.3844
vn 0.9971 -0.0388 -0.0659
vn 0.8749 0.0996 -0.4740
vn 0.9416 0.2900 -0.1711
vn 0.9963 0.0267 -0.0821
vn 0.9450 -0.2926 0.1462
vn 0.9980 -0.0295 0.0558
vn 0.8868 -0.1021 0.4508
vn 0.9458 0.2915 0.1434
vn 0.9308 0.0642 0.3599
vn 0.9986 0.0359 0.0395
vn -0.9458 -0.2915 -0.1434
vn -0.9981 -0.0273 -0.0555
vn -0.8871 -0.1040 -0.4497
vn -0.9450 0.2926 -0.1462
vn -0.9306 0.0633 -0.3606
vn -0.9985 0.0383 -0.0399
vn -0.9416 -0.2899 0.1711
vn -0.9209 -0.0607 0.3850
vn -0.9972 -0.0354 0.0662
vn -0.9408 0.2942 0.1683
vn -0.9962 0.0302 0.0819
vn -0.8746 0.1065 0.4730
vn 0.9770 -0.2131 -0.0119
vn 0.9775 0.2103 -0.0139
vn -0.9769 0.2132 0.0119
vn -0.0070 0.7897 -0.6135
vn 0.0326 -0.9390 -0.3425
vn 0.0306 -0.3396 -0.9401
vn 0.1308 -0.7498 -0.6486
vn 0.0095 0.4607 -0.8875
vn -0.0006 0.9710 -0.2392
vn 0.1011 0.7762 -0.6223
vn 0.0351 -0.9703 0.2394
vn 0.1258 -0.7718 0.6233
vn 0.0199 -0.4602 0.8876
vn -0.0067 0.9395 0.3425
vn 0.0094 0.3404 0.9402
vn 0.0961 0.7542 0.6495
vn 0.0026 -0.9621 -0.2727
vn -0.0961 -0.7542 -0.6496
vn -0.0025 -0.4297 -0.9030
vn -0.0301 0.9503 -0.3100
vn -0.0233 0.3719 -0.9280
vn -0.1259 0.7718 -0.6233
vn 0.0042 -0.9508 0.3099
vn -0.0167 -0.3727 0.9278
vn -0.1011 -0.7762 0.6224
vn -0.0371 0.9614 0.2726
vn -0.1308 0.7497 0.6487
vn -0.0269 0.4292 0.9028
vn 0.1228 -0.9923 -0.0167
vn 0.0052 -0.4603 0.8877
vn -0.1229 0.9923 0.0167
vn 0.0197 -0.9393 -0.3425
vn 0.0122 -0.4295 -0.9030
vn -0.0171 0.9506 -0.3100
vn -0.0052 0.4605 -0.8876
vn -0.9998 -0.0194 -0.0042
vn -0.0083 -0.9458 -0.3247
vn -0.0008 -0.3580 -0.9337
vn 0.0904 -0.7661 -0.6363
vn 0.0083 0.4434 -0.8963
vn 0.0297 0.9657 -0.2581
vn 0.1165 0.7602 -0.6392
vn 0.0048 -0.9662 0.2576
vn 0.1104 -0.7641 0.6355
vn 0.0212 -0.4440 0.8958
vn 0.0342 0.9453 0.3243
vn 0.0408 0.3573 0.9331
vn 0.1365 0.7621 0.6329
vn -0.0378 -0.9665 -0.2537
vn -0.1365 -0.7622 -0.6328
vn -0.0364 -0.4461 -0.8942
vn -0.0019 0.9448 -0.3276
vn -0.0286 0.3553 -0.9343
vn -0.1104 0.7641 -0.6356
vn -0.0240 -0.9444 0.3280
vn -0.0114 -0.3545 0.9350
vn -0.1164 -0.7603 0.6391
vn 0.0033 0.9671 0.2545
vn -0.0904 0.7661 0.6364
vn 0.0070 0.4466 0.8947
vn -0.0110 -0.9446 0.3280
vn 0.0065 -0.4438 0.8961
vn 0.0213 0.9456 0.3248
vn 0.0217 0.4465 0.8945
vn -0.0065 0.4436 -0.8962
vn 0.0313 -0.9991 -0.0303
vn 0.0732 -0.9461 -0.3154
vn 0.1907 -0.9769 -0.0963
vn 0.0194 0.9613 -0.2749
vn 0.0057 0.9987 -0.0516
vn 0.1605 0.9788 -0.1275
vn 0.0378 -0.9980 0.0508
vn 0.1946 -0.9734 0.1210
vn 0.0586 -0.9601 0.2735
vn 0.0021 0.9996 0.0297
vn 0.0560 0.9481 0.3130
vn 0.1644 0.9823 0.0898
vn -0.0070 -0.9998 -0.0189
vn -0.1644 -0.9823 -0.0898
vn -0.0288 -0.9697 -0.2427
vn -0.0330 0.9976 -0.0616
vn -0.0851 0.9355 -0.3430
vn -0.1946 0.9734 -0.1210
vn -0.0005 -0.9981 0.0622
vn -0.0441 -0.9374 0.3454
vn -0.1605 -0.9788 0.1275
vn -0.0366 0.9991 0.0197
vn -0.1906 0.9769 0.0963
vn -0.0491 0.9685 0.2441
vn 0.0360 -0.9972 -0.0652
vn 0.1075 -0.8710 -0.4794
vn 0.2824 -0.9461 -0.1582
vn 0.0552 0.9140 -0.4020
vn 0.0263 0.9976 -0.0644
vn 0.2659 0.9482 -0.1738
vn 0.0425 -0.9970 0.0652
vn 0.2786 -0.9434 0.1801
vn 0.0621 -0.9129 0.4034
vn 0.0168 0.9977 0.0658
vn 0.0810 0.8727 0.4815
vn 0.2620 0.9510 0.1645
vn -0.0250 -0.9985 -0.0488
vn -0.2621 -0.9509 -0.1645
vn -0.0460 -0.9204 -0.3883
vn -0.0343 0.9960 -0.0822
vn -0.0962 0.8631 -0.4958
vn -0.2786 0.9434 -0.1800
vn -0.0185 -0.9965 0.0816
vn -0.0923 -0.8648 0.4936
vn -0.2658 -0.9482 0.1738
vn -0.0438 0.9979 0.0480
vn -0.2826 0.9461 0.1582
vn -0.0713 0.9193 0.3870
vn 0.0432 -0.9990 0.0086
vn 0.2012 -0.0063 -0.9795
vn 0.7555 0.0012 -0.6552
vn 0.1887 0.9820 -0.0058
vn 0.0079 -0.9966 0.0819
vn -0.0258 -0.9996 0.0078
vn -0.2058 0.9785 -0.0103
vn 0.0733 -0.3189 -0.9449
vn 0.0501 -0.0579 -0.9971
vn 0.2606 -0.1417 -0.9550
vn 0.0427 0.0388 -0.9983
vn 0.1037 0.3685 -0.9238
vn 0.2595 0.1130 -0.9591
vn 0.0702 -0.3677 0.9273
vn 0.2221 -0.1108 0.9687
vn 0.0033 -0.0386 0.9992
vn 0.0327 0.3194 0.9470
vn 0.0099 0.0582 0.9983
vn 0.2211 0.1439 0.9646
vn -0.0670 -0.3982 -0.9149
vn -0.2211 -0.1439 -0.9646
vn -0.0028 -0.0709 -0.9975
vn -0.0353 0.2884 -0.9569
vn -0.0102 0.0258 -0.9996
vn -0.2222 0.1108 -0.9687
vn -0.0707 -0.2889 0.9548
vn -0.0498 -0.0261 0.9984
vn -0.2595 -0.1130 0.9591
vn -0.1070 0.3974 0.9114
vn -0.2606 0.1417 0.9550
vn -0.0432 0.0707 0.9966
vn 0.8004 -0.5989 0.0256
vn 0.2173 0.9760 -0.0113
vn -0.0177 -0.2890 0.9572
vn -0.2173 -0.9760 0.0113
vn -0.2256 0.9740 -0.0202
vn -0.8004 0.5989 -0.0256
vn -0.0043 0.9999 -0.0162
vn 0.9192 -0.3776 -0.1120
vn 0.9328 -0.1214 -0.3393
vn 0.9986 -0.0501 -0.0153
vn 0.9316 0.1235 -0.3417
vn 0.9493 0.3073 -0.0661
vn 0.9986 0.0465 -0.0271
vn 0.9490 -0.2978 0.1039
vn 0.9971 -0.0365 0.0668
vn 0.9185 -0.1143 0.3786
vn 0.9102 0.3868 0.1485
vn 0.9173 0.1306 0.3761
vn 0.9967 0.0601 0.0550
vn -0.9461 -0.3089 -0.0978
vn -0.9967 -0.0474 -0.0659
vn -0.9173 -0.1306 -0.3762
vn -0.9139 0.3749 -0.1560
vn -0.9185 0.1143 -0.3786
vn -0.9972 0.0494 -0.0561
vn -0.9155 -0.3842 0.1197
vn -0.9316 -0.1235 0.3417
vn -0.9981 -0.0593 0.0164
vn -0.9522 0.2994 0.0600
vn -0.9990 0.0375 0.0262
vn -0.9328 0.1214 0.3394
vn 0.9986 -0.0498 0.0204
vn 0.9701 0.0022 -0.2429
vn 0.9596 0.0074 0.2813
vn -0.0021 -0.9399 0.3414
vn -0.0112 0.9465 0.3225
vn -0.9538 0.2997 -0.0220
vn 0.0111 -0.9465 -0.3225
vn 0.9077 -0.3941 -0.1438
vn 0.9216 -0.1324 -0.3648
vn 0.9967 -0.0709 -0.0406
vn 0.9258 0.1125 -0.3609
vn 0.9540 0.2886 -0.0812
vn 0.9984 0.0260 -0.0500
vn 0.9444 -0.3204 0.0734
vn 0.9974 -0.0594 0.0418
vn 0.9245 -0.1435 0.3532
vn 0.9216 0.3634 0.1362
vn 0.9286 0.1013 0.3570
vn 0.9988 0.0374 0.0324
vn -0.9546 -0.2861 -0.0827
vn -0.9988 -0.0245 -0.0430
vn -0.9285 -0.1014 -0.3571
vn -0.9088 0.3982 -0.1244
vn -0.9245 0.1435 -0.3532
vn -0.9969 0.0720 -0.0308
vn -0.9205 -0.3677 0.1320
vn -0.9258 -0.1125 0.3609
vn -0.9985 -0.0385 0.0389
vn -0.9438 0.3178 0.0905
vn -0.9970 0.0580 0.0513
vn -0.9217 0.1324 0.3646
vn 0.9473 -0.3203 -0.0086
vn 0.9639 -0.0121 -0.2660
vn 0.9986 -0.0160 -0.0507
vn 0.9575 0.2884 0.0008
vn 0.0172 0.9379 0.3466
vn -0.9639 0.0121 0.2660
vn -0.9575 -0.2884 -0.0008
vn -0.9473 0.3203 0.0086
vn 0.0146 0.9482 -0.3175
vn -0.2343 -0.9716 -0.0335
vn -0.1434 -0.9621 -0.2322
vn -0.0559 -0.9968 -0.0564
vn 0.3232 0.9296 -0.1769
vn 0.2970 0.9546 -0.0212
vn 0.5077 0.8569 -0.0891
vn -0.2270 -0.9736 0.0223
vn 0.0022 -0.9953 0.0966
vn -0.1960 -0.9642 0.1788
vn 0.2880 0.9570 0.0343
vn 0.3561 0.9043 0.2353
vn 0.4542 0.8887 0.0623
vn -0.2962 -0.9547 -0.0271
vn -0.5049 -0.8572 -0.1013
vn -0.3180 -0.9302 -0.1835
vn 0.2353 0.9715 -0.0295
vn 0.1503 0.9614 -0.2305
vn 0.0574 0.9967 -0.0577
vn -0.2889 -0.9569 0.0287
vn -0.3629 -0.9036 0.2275
vn -0.4559 -0.8885 0.0517
vn 0.2263 0.9737 0.0260
vn -0.0051 0.9956 0.0937
vn 0.1909 0.9647 0.1817
vn -0.2268 -0.9739 -0.0019
vn -0.0567 -0.9984 0.0006
vn 0.4558 0.8901 0.0053
vn -0.2602 -0.9490 0.1782
vn -0.4555 -0.8902 -0.0053
vn 0.2268 0.9739 0.0019
vn 0.0568 0.9984 -0.0006
vn -0.9029 0.2459 -0.3524
vn -0.2550 -0.9495 -0.1830
vn 0.2602 0.9489 -0.1783
vn 0.2761 -0.9610 -0.0140
vn 0.3486 -0.9124 -0.2145
vn 0.4436 -0.8953 -0.0401
vn -0.1801 0.9636 -0.1975
vn -0.2139 0.9760 -0.0417
vn 0.0169 0.9935 -0.1122
vn 0.2840 -0.9579 0.0416
vn 0.4948 -0.8618 0.1117
vn 0.3078 -0.9308 0.1974
vn -0.2222 0.9749 0.0140
vn -0.1350 0.9674 0.2142
vn -0.0440 0.9982 0.0397
vn 0.2140 -0.9768 -0.0066
vn -0.0161 -0.9968 -0.0781
vn 0.1814 -0.9698 -0.1629
vn -0.2758 0.9600 -0.0490
vn -0.3469 0.9045 -0.2481
vn -0.4432 0.8934 -0.0740
vn 0.2220 -0.9738 0.0490
vn 0.1332 -0.9594 0.2484
vn 0.0434 -0.9963 0.0743
vn -0.2842 0.9587 0.0067
vn -0.4955 0.8651 0.0785
vn -0.3091 0.9369 0.1631
vn -0.0436 0.9989 -0.0173
vn 0.9099 0.2404 0.3381
vn -0.2458 0.9554 0.1634
vn 0.2140 -0.9767 0.0175
vn -0.4439 0.8959 -0.0170
vn -0.4132 -0.1227 -0.9024
vn -0.9099 -0.2403 -0.3381
vn 0.2458 -0.9555 -0.1634
vn -0.2445 0.9492 -0.1979
vn 0.1334 -0.9903 -0.0397
vn 0.3632 -0.8932 -0.2652
vn 0.6991 -0.7128 -0.0559
vn 0.3489 0.9010 -0.2576
vn 0.1554 0.9876 -0.0236
vn 0.7754 0.6273 -0.0726
vn 0.1712 -0.9850 0.0203
vn 0.7869 -0.6144 0.0570
vn 0.3685 -0.8952 0.2506
vn 0.1184 0.9923 0.0372
vn 0.3545 0.8987 0.2581
vn 0.6886 0.7239 0.0421
vn -0.1559 -0.9874 -0.0287
vn -0.7768 -0.6266 -0.0623
vn -0.3544 -0.8988 -0.2581
vn -0.1344 0.9905 -0.0287
vn -0.3683 0.8953 -0.2506
vn -0.7000 0.7132 -0.0359
vn -0.1182 -0.9925 0.0313
vn -0.3492 -0.9010 0.2576
vn -0.6880 -0.7240 0.0498
vn -0.1714 0.9847 0.0319
vn -0.7853 0.6142 0.0778
vn -0.3634 0.8931 0.2653
vn 0.1711 -0.9852 -0.0058
vn 0.1558 0.9878 0.0026
vn 0.6892 0.7246 -0.0039
vn 0.0082 -0.9995 0.0302
vn 0.0097 -0.9811 0.1931
vn -0.1558 -0.9878 -0.0026
vn -0.6892 -0.7246 0.0039
vn -0.1711 0.9852 0.0058
vn -0.7004 0.7137 0.0100
vn 0.0076 -0.9992 -0.0387
vn 0.0058 -0.9795 -0.2015
vn -0.0082 0.9995 -0.0303
vn 0.0160 -0.9337 -0.3577
vn 0.0384 -0.3245 -0.9451
vn 0.1828 -0.7265 -0.6624
vn 0.0374 0.4260 -0.9039
vn 0.0415 0.9631 -0.2658
vn 0.1974 0.7349 -0.6488
vn 0.0163 -0.9639 0.2658
vn 0.1685 -0.7387 0.6527
vn 0.0092 -0.4265 0.9044
vn 0.0272 0.9333 0.3582
vn 0.0246 0.3237 0.9458
vn 0.1832 0.7228 0.6664
vn -0.0355 -0.9582 -0.2840
vn -0.1831 -0.7228 -0.6664
vn -0.0176 -0.4094 -0.9122
vn -0.0084 0.9402 -0.3406
vn -0.0179 0.3418 -0.9396
vn -0.1685 0.7386 -0.6527
vn -0.0348 -0.9397 0.3401
vn -0.0451 -0.3412 0.9389
vn -0.1972 -0.7349 0.6489
vn -0.0223 0.9587 0.2835
vn -0.1829 0.7265 0.6624
vn -0.0290 0.4098 0.9117
vn 0.1629 -0.9866 -0.0073
vn 0.0401 0.9992 0.0096
vn 0.1824 0.9832 0.0110
vn -0.0132 -0.9402 0.3404
vn -0.0140 -0.4265 0.9044
vn -0.0057 0.4096 0.9122
vn -0.2018 -0.0071 0.9794
vn -0.0399 -0.9992 -0.0096
vn -0.1826 -0.9831 -0.0110
vn -0.0200 0.9998 0.0090
vn 0.0057 -0.4098 -0.9122
vt 0.128500 0.746500
vt 0.126479 0.750000
vt 0.125000 0.746500
vt 0.378500 0.996500
vt 0.376479 1.000000
vt 0.375000 0.996500
vt 0.375000 0.003500
vt 0.378500 0.000000
vt 0.378500 0.003500
vt 0.621500 0.996500
vt 0.625000 0.998521
vt 0.621500 1.000000
vt 0.871500 0.746500
vt 0.875000 0.748521
vt 0.871500 0.750000
vt 0.621500 0.000000
vt 0.625000 0.003500
vt 0.621500 0.003500
vt 0.128500 0.503500
vt 0.125000 0.501479
vt 0.128500 0.500000
vt 0.378500 0.250000
vt 0.375000 0.246500
vt 0.378500 0.246500
vt 0.378500 0.253500
vt 0.375740 0.250740
vt 0.871500 0.503500
vt 0.873521 0.500000
vt 0.875000 0.503500
vt 0.621500 0.253500
vt 0.624260 0.249260
vt 0.625000 0.253500
vt 0.625000 0.246500
vt 0.621500 0.250000
vt 0.621500 0.246500
vt 0.371500 0.746500
vt 0.375493 0.750000
vt 0.373250 0.751750
vt 0.378500 0.750000
vt 0.375000 0.746500
vt 0.378500 0.746500
vt 0.378500 0.753500
vt 0.628500 0.746500
vt 0.625000 0.749507
vt 0.625000 0.746500
vt 0.621500 0.753500
vt 0.626750 0.751750
vt 0.621500 0.750000
vt 0.621500 0.746500
vt 0.371500 0.503500
vt 0.375000 0.500493
vt 0.375000 0.503500
vt 0.378500 0.496500
vt 0.373250 0.498250
vt 0.378500 0.500000
vt 0.378500 0.503500
vt 0.628500 0.503500
vt 0.624507 0.500000
vt 0.626750 0.498250
vt 0.621500 0.500000
vt 0.625000 0.503500
vt 0.621500 0.503500
vt 0.621500 0.496500
vt 0.125000 0.503500
vt 0.378500 1.000000
vt 0.875000 0.746500
vt 0.375000 0.253500
vt 0.871500 0.500000
vt 0.128500 0.750000
vt 0.625000 0.996500
vt 0.375000 0.001479
vt 0.871500 0.746500
vt 0.623521 0.000000
vt 0.378500 0.246500
vt 0.871500 0.503500
vt 0.371500 0.503500
vt 0.626750 0.498250
vt 0.128500 0.746500
vt 0.871500 0.746500
vt 0.128500 0.503500
vt 0.378500 0.253500
vt 0.371500 0.746500
vt 0.628500 0.746500
vt 0.378500 0.253500
vt 0.378500 0.746500
vt 0.625000 0.746500
vt 0.621500 0.746500
vt 0.378500 0.250000
vt 0.621500 0.246500
vt 0.621500 0.496500
vt 0.621500 0.246500
vt 0.378500 0.003500
vt 0.621500 0.253500
vt 0.181819 0.000000
vt 0.227273 0.078731
vt 0.136365 0.078731
vt 0.272728 0.157461
vt 0.318182 0.078731
vt 0.363637 0.157461
vt 0.909091 0.000000
vt 0.954545 0.078731
vt 0.863636 0.078731
vt 0.727273 0.000000
vt 0.772727 0.078731
vt 0.681818 0.078731
vt 0.545455 0.000000
vt 0.590909 0.078731
vt 0.500000 0.078731
vt 0.318182 0.236191
vt 0.090910 0.157461
vt 0.181819 0.157461
vt 0.136365 0.236191
vt 0.818182 0.157461
vt 0.909091 0.157461
vt 0.863636 0.236191
vt 0.636364 0.157461
vt 0.727273 0.157461
vt 0.681818 0.236191
vt 0.454546 0.157461
vt 0.545455 0.157461
vt 0.500000 0.236191
vt 0.227273 0.236191
vt 0.045455 0.236191
vt 0.772727 0.236191
vt 0.590909 0.236191
vt 0.409092 0.236191
vt 0.181819 0.314921
vt 0.272728 0.314921
vt 0.227273 0.393651
vt 0.000000 0.314921
vt 0.090910 0.314921
vt 0.045455 0.393651
vt 0.727273 0.314921
vt 0.818182 0.314921
vt 0.772727 0.393651
vt 0.545455 0.314921
vt 0.636364 0.314921
vt 0.590909 0.393651
vt 0.363637 0.314921
vt 0.454546 0.314921
vt 0.409092 0.393651
vt 0.500000 0.393651
vt 0.454546 0.472382
vt 0.681818 0.393651
vt 0.636364 0.472382
vt 0.863636 0.393651
vt 0.818182 0.472382
vt 0.909091 0.314921
vt 0.136365 0.393651
vt 0.090910 0.472382
vt 0.318182 0.393651
vt 0.272728 0.472382
vt 0.954545 0.236191
vt 1.000000 0.157461
vt 0.409092 0.078731
vt 0.363637 0.000000
s 0
usemtl stone
f 1/1/1 5/2/1 7/3/1
f 2/4/2 5/5/2 4/6/2
f 7/7/3 6/8/3 3/9/3
f 8/10/4 12/11/4 14/12/4
f 9/13/5 12/14/5 11/15/5
f 14/16/6 13/17/6 10/18/6
f 15/19/7 19/20/7 21/21/7
f 20/22/8 18/23/8 16/24/8
f 17/25/9 19/26/9 20/22/9
f 22/27/10 26/28/10 28/29/10
f 23/30/11 26/31/11 25/32/11
f 28/33/12 27/34/12 24/35/12
f 29/36/13 33/37/13 35/38/13
f 34/39/14 32/40/14 30/41/14
f 31/42/15 33/37/15 34/39/15
f 36/43/16 40/44/16 42/45/16
f 37/46/17 40/44/17 39/47/17
f 42/45/18 41/48/18 38/49/18
f 43/50/19 47/51/19 49/52/19
f 44/53/20 47/51/20 46/54/20
f 49/52/21 48/55/21 45/56/21
f 50/57/22 54/58/22 56/59/22
f 55/60/23 53/61/23 51/62/23
f 52/63/24 54/58/24 55/60/24
f 1/1/25 18/64/25 15/19/25
f 7/7/26 16/24/26 18/23/26
f 2/4/27 14/12/27 6/65/27
f 14/16/28 3/9/28 6/8/28
f 9/13/29 28/29/29 13/66/29
f 28/33/30 10/18/30 13/17/30
f 17/25/31 27/34/31 23/30/31
f 20/22/32 24/35/32 27/34/32
f 15/19/33 46/54/33 43/50/33
f 21/67/34 44/53/34 46/54/34
f 50/57/35 25/68/35 22/27/35
f 25/32/36 52/63/36 23/30/36
f 51/62/37 48/55/37 55/60/37
f 48/55/38 52/63/38 55/60/38
f 43/50/39 32/40/39 29/36/39
f 49/52/40 30/41/40 32/40/40
f 36/43/41 53/61/41 50/57/41
f 53/61/42 38/49/42 51/62/42
f 31/42/43 41/48/43 37/46/43
f 41/48/44 30/41/44 38/49/44
f 29/36/45 4/69/45 1/1/45
f 4/6/46 31/42/46 2/4/46
f 9/13/47 39/47/47 36/43/47
f 11/70/48 37/46/48 39/47/48
f 43/50/49 1/1/49 15/19/49
f 10/18/50 16/24/50 3/9/50
f 37/46/51 2/4/51 31/42/51
f 22/27/52 36/43/52 50/57/52
f 23/30/53 44/53/53 17/25/53
f 45/56/54 38/49/54 30/41/54
f 1/1/1187 4/69/1187 5/2/1187
f 2/4/1188 6/65/1188 5/5/1188
f 7/7/1189 5/71/1189 6/8/1189
f 8/10/1190 11/70/1190 12/11/1190
f 9/13/1191 13/66/1191 12/14/1191
f 14/16/1192 12/73/1192 13/17/1192
f 15/19/1193 18/64/1193 19/20/1193
f 20/22/1194 19/26/1194 18/23/1194
f 17/25/1195 21/67/1195 19/26/1195
f 22/27/1196 25/68/1196 26/28/1196
f 23/30/1197 27/34/1197 26/31/1197
f 28/33/1198 26/31/1198 27/34/1198
f 29/36/1199 32/40/1199 33/37/1199
f 34/39/1200 33/37/1200 32/40/1200
f 31/42/1201 35/38/1201 33/37/1201
f 36/43/1202 39/47/1202 40/44/1202
f 37/46/1203 41/48/1203 40/44/1203
f 42/45/1204 40/44/1204 41/48/1204
f 43/50/1205 46/54/1205 47/51/1205
f 44/53/1206 48/55/1206 47/51/1206
f 49/52/1207 47/51/1207 48/55/1207
f 50/57/1208 53/61/1208 54/58/1208
f 55/60/1209 54/58/1209 53/61/1209
f 52/63/1210 56/59/1210 54/58/1210
f 1/1/25 7/3/25 18/64/25
f 7/7/26 3/9/26 16/24/26
f 2/4/27 8/10/27 14/12/27
f 14/16/28 10/18/28 3/9/28
f 9/13/29 22/27/29 28/29/29
f 28/33/1211 24/35/1211 10/18/1211
f 17/25/31 20/22/31 27/34/31
f 20/22/32 16/24/32 24/35/32
f 15/19/33 21/21/33 46/54/33
f 21/67/34 17/25/34 44/53/34
f 50/57/35 56/59/35 25/68/35
f 25/32/36 56/59/36 52/63/36
f 51/62/37 45/56/37 48/55/37
f 48/55/38 44/53/38 52/63/38
f 43/50/39 49/52/39 32/40/39
f 49/52/1212 45/56/1212 30/41/1212
f 36/43/41 42/45/41 53/61/41
f 53/61/42 42/45/42 38/49/42
f 31/42/43 34/39/43 41/48/43
f 41/48/44 34/39/44 30/41/44
f 29/36/45 35/38/45 4/69/45
f 4/6/46 35/38/46 31/42/46
f 9/13/47 11/15/47 39/47/47
f 11/70/48 8/10/48 37/46/48
f 43/50/49 29/36/49 1/1/49
f 10/18/50 24/35/50 16/24/50
f 37/46/51 8/10/51 2/4/51
f 22/27/52 9/13/52 36/43/52
f 23/30/53 52/63/53 44/53/53
f 45/56/54 51/62/54 38/49/54
usemtl wood
f 60/69/55 63/3/55 57/1/55
f 58/4/56 61/5/56 60/6/56
f 59/9/57 61/71/57 62/8/57
f 64/10/58 68/11/58 70/12/58
f 69/66/59 67/15/59 65/72/59
f 66/18/60 68/73/60 69/17/60
f 74/64/61 77/21/61 71/19/61
f 72/74/62 75/26/62 74/23/62
f 73/25/63 75/26/63 76/22/63
f 81/68/64 84/29/64 78/75/64
f 79/30/65 82/31/65 81/32/65
f 80/35/66 82/31/66 83/34/66
f 88/40/67 91/38/67 85/36/67
f 86/41/68 89/37/68 88/40/68
f 87/42/69 89/37/69 90/39/69
f 95/47/70 98/45/70 92/43/70
f 93/46/71 96/44/71 95/47/71
f 94/49/72 96/44/72 97/48/72
f 102/54/73 105/52/73 99/76/73
f 100/53/74 103/51/74 102/54/74
f 101/56/75 103/51/75 104/55/75
f 109/61/76 112/77/76 106/57/76
f 107/62/77 110/58/77 109/61/77
f 108/63/78 110/58/78 111/60/78
f 57/1/79 74/64/79 71/19/79
f 63/7/80 72/74/80 74/23/80
f 58/4/81 70/12/81 62/65/81
f 70/16/82 59/9/82 62/8/82
f 78/75/83 69/66/83 65/72/83
f 84/33/84 66/18/84 69/17/84
f 73/25/85 83/34/85 79/30/85
f 83/34/86 72/74/86 80/35/86
f 71/19/87 102/54/87 99/76/87
f 77/67/88 100/53/88 102/54/88
f 106/57/89 81/68/89 78/75/89
f 81/32/90 108/63/90 79/30/90
f 101/56/91 111/60/91 107/62/91
f 104/55/92 108/63/92 111/60/92
f 99/76/93 88/40/93 85/36/93
f 105/52/94 86/41/94 88/40/94
f 92/43/95 109/61/95 106/57/95
f 109/61/96 94/49/96 107/62/96
f 87/42/97 97/48/97 93/46/97
f 90/39/98 94/49/98 97/48/98
f 85/36/99 60/69/99 57/1/99
f 60/6/100 87/42/100 58/4/100
f 65/72/101 95/47/101 92/43/101
f 67/70/102 93/46/102 95/47/102
f 99/76/103 57/1/103 71/19/103
f 59/9/104 80/35/104 72/74/104
f 93/46/105 58/4/105 87/42/105
f 78/75/106 92/43/106 106/57/106
f 73/25/107 108/63/107 100/53/107
f 107/62/108 86/41/108 101/56/108
f 116/69/109 119/3/109 113/78/109
f 114/4/110 117/5/110 116/6/110
f 115/9/111 117/71/111 118/8/111
f 120/10/112 124/11/112 126/12/112
f 125/66/113 123/15/113 121/79/113
f 122/18/114 124/73/114 125/17/114
f 130/64/115 133/21/115 127/80/115
f 128/74/116 131/26/116 130/23/116
f 129/81/117 131/26/117 132/22/117
f 137/68/118 140/29/118 134/27/118
f 135/30/119 138/31/119 137/32/119
f 136/35/120 138/31/120 139/34/120
f 144/40/121 147/38/121 141/82/121
f 142/41/122 145/37/122 144/40/122
f 143/42/123 145/37/123 146/39/123
f 151/47/124 154/45/124 148/83/124
f 149/46/125 152/44/125 151/47/125
f 150/49/126 152/44/126 153/48/126
f 158/54/127 161/52/127 155/50/127
f 156/53/128 159/51/128 158/54/128
f 157/56/129 159/51/129 160/55/129
f 165/61/130 168/77/130 162/57/130
f 163/62/131 166/58/131 165/61/131
f 164/63/132 166/58/132 167/60/132
f 127/80/133 119/3/133 130/64/133
f 130/23/134 115/9/134 128/74/134
f 114/4/135 126/12/135 118/65/135
f 126/16/136 115/9/136 118/8/136
f 134/27/137 125/66/137 121/79/137
f 125/17/138 136/35/138 122/18/138
f 129/81/139 139/34/139 135/30/139
f 132/22/140 136/35/140 139/34/140
f 127/80/141 158/54/141 155/50/141
f 133/67/142 156/53/142 158/54/142
f 162/57/143 137/68/143 134/27/143
f 168/77/144 135/30/144 137/32/144
f 157/56/145 167/60/145 163/62/145
f 167/60/146 156/53/146 164/63/146
f 155/50/147 144/40/147 141/82/147
f 161/52/148 142/41/148 144/40/148
f 148/83/149 165/61/149 162/57/149
f 165/61/150 150/49/150 163/62/150
f 143/42/151 153/48/151 149/46/151
f 153/48/152 142/41/152 150/49/152
f 113/78/153 147/38/153 116/69/153
f 147/38/154 114/4/154 116/6/154
f 148/83/155 123/15/155 151/47/155
f 151/47/156 120/10/156 149/46/156
f 155/50/157 113/78/157 127/80/157
f 122/18/158 128/74/158 115/9/158
f 149/46/159 114/4/159 143/42/159
f 134/27/160 148/83/160 162/57/160
f 129/81/161 164/63/161 156/53/161
f 163/62/162 142/41/162 157/56/162
f 169/78/163 173/2/163 175/3/163
f 170/4/164 173/5/164 172/6/164
f 171/9/165 173/71/165 174/8/165
f 176/10/166 180/11/166 182/12/166
f 177/13/167 180/14/167 179/15/167
f 178/18/168 180/73/168 181/17/168
f 183/80/169 187/20/169 189/21/169
f 184/24/170 187/26/170 186/23/170
f 185/84/171 187/26/171 188/22/171
f 190/27/172 194/28/172 196/29/172
f 191/30/173 194/31/173 193/32/173
f 192/35/174 194/31/174 195/34/174
f 197/82/175 201/37/175 203/38/175
f 198/85/176 201/37/176 200/40/176
f 199/42/177 201/37/177 202/39/177
f 204/43/178 208/44/178 210/86/178
f 205/46/179 208/44/179 207/47/179
f 206/87/180 208/44/180 209/48/180
f 211/50/181 215/51/181 217/52/181
f 212/53/182 215/51/182 214/54/182
f 213/56/183 215/51/183 216/55/183
f 218/57/184 222/58/184 224/59/184
f 219/62/185 222/58/185 221/61/185
f 220/63/186 222/58/186 223/60/186
f 169/78/187 186/64/187 183/80/187
f 175/7/188 184/24/188 186/23/188
f 170/4/189 182/12/189 174/65/189
f 182/16/190 171/9/190 174/8/190
f 190/27/191 181/66/191 177/13/191
f 196/33/192 178/18/192 181/17/192
f 185/84/193 195/34/193 191/30/193
f 188/22/194 192/35/194 195/34/194
f 183/80/195 214/54/195 211/50/195
f 189/67/196 212/53/196 214/54/196
f 218/57/197 193/68/197 190/27/197
f 224/59/198 191/30/198 193/32/198
f 213/56/199 223/60/199 219/62/199
f 216/55/200 220/63/200 223/60/200
f 211/50/201 200/40/201 197/82/201
f 200/40/202 213/56/202 198/85/202
f 218/57/203 210/86/203 221/61/203
f 210/86/204 219/62/204 221/61/204
f 199/42/205 209/48/205 205/46/205
f 202/39/206 206/87/206 209/48/206
f 169/78/207 203/38/207 172/69/207
f 172/6/208 199/42/208 170/4/208
f 177/13/209 207/47/209 204/43/209
f 179/70/210 205/46/210 207/47/210
f 183/80/211 197/82/211 169/78/211
f 171/9/212 192/35/212 184/24/212
f 205/46/213 170/4/213 199/42/213
f 218/57/214 177/13/214 204/43/214
f 185/84/215 220/63/215 212/53/215
f 213/56/216 206/87/216 198/85/216
f 225/78/217 229/2/217 231/3/217
f 226/4/218 229/5/218 228/6/218
f 231/7/219 230/8/219 227/9/219
f 232/10/220 236/11/220 238/12/220
f 233/72/221 236/14/221 235/15/221
f 238/16/222 237/17/222 234/18/222
f 239/19/223 243/20/223 245/21/223
f 244/88/224 242/23/224 240/74/224
f 241/84/225 243/26/225 244/88/225
f 246/75/226 250/28/226 252/29/226
f 247/30/227 250/31/227 249/32/227
f 252/33/228 251/34/228 248/89/228
f 253/82/229 257/37/229 259/38/229
f 258/39/230 256/40/230 254/41/230
f 255/42/231 257/37/231 258/39/231
f 260/43/232 264/44/232 266/86/232
f 261/46/233 264/44/233 263/47/233
f 266/86/234 265/48/234 262/87/234
f 267/50/235 271/51/235 273/52/235
f 268/53/236 271/51/236 270/54/236
f 273/52/237 272/55/237 269/56/237
f 274/57/238 278/58/238 280/77/238
f 279/60/239 277/61/239 275/62/239
f 276/90/240 278/58/240 279/60/240
f 225/78/241 242/64/241 239/19/241
f 231/7/242 240/74/242 242/23/242
f 232/10/243 230/65/243 226/4/243
f 230/8/244 234/18/244 227/9/244
f 246/75/245 237/66/245 233/72/245
f 252/33/246 234/18/246 237/17/246
f 241/84/247 251/34/247 247/30/247
f 244/88/248 248/89/248 251/34/248
f 239/19/249 270/54/249 267/50/249
f 245/67/250 268/53/250 270/54/250
f 246/75/251 280/77/251 249/68/251
f 249/32/252 276/90/252 247/30/252
f 269/56/253 279/60/253 275/62/253
f 272/55/254 276/90/254 279/60/254
f 253/82/255 273/52/255 256/40/255
f 273/52/256 254/41/256 256/40/256
f 274/57/257 266/86/257 277/61/257
f 277/61/258 262/87/258 275/62/258
f 255/42/259 265/48/259 261/46/259
f 258/39/260 262/87/260 265/48/260
f 253/82/261 228/69/261 225/78/261
f 259/38/262 226/4/262 228/6/262
f 233/72/263 263/47/263 260/43/263
f 235/70/264 261/46/264 263/47/264
f 267/50/265 225/78/265 239/19/265
f 234/18/266 240/74/266 227/9/266
f 261/46/267 226/4/267 255/42/267
f 274/57/268 233/72/268 260/43/268
f 241/84/269 276/90/269 268/53/269
f 269/56/270 262/87/270 254/41/270
f 281/78/271 285/2/271 287/3/271
f 282/4/272 285/5/272 284/6/272
f 287/7/273 286/8/273 283/9/273
f 288/10/274 292/11/274 294/12/274
f 289/13/275 292/14/275 291/15/275
f 294/16/276 293/17/276 290/18/276
f 295/19/277 299/20/277 301/21/277
f 300/22/278 298/23/278 296/24/278
f 297/84/279 299/26/279 300/22/279
f 302/75/280 306/28/280 308/29/280
f 303/30/281 306/31/281 305/32/281
f 308/33/282 307/34/282 304/91/282
f 309/82/283 313/37/283 315/38/283
f 314/39/284 312/40/284 310/85/284
f 311/42/285 313/37/285 314/39/285
f 316/43/286 320/44/286 322/45/286
f 317/46/287 320/44/287 319/47/287
f 322/45/288 321/48/288 318/87/288
f 323/50/289 327/51/289 329/52/289
f 324/53/290 327/51/290 326/54/290
f 329/52/291 328/55/291 325/56/291
f 330/57/292 334/58/292 336/77/292
f 335/60/293 333/61/293 331/62/293
f 332/63/294 334/58/294 335/60/294
f 281/78/295 298/64/295 295/19/295
f 287/7/296 296/24/296 298/23/296
f 282/4/297 294/12/297 286/65/297
f 286/8/298 290/18/298 283/9/298
f 302/75/299 293/66/299 289/13/299
f 308/33/300 290/18/300 293/17/300
f 303/30/301 300/22/301 307/34/301
f 300/22/302 304/91/302 307/34/302
f 295/19/303 326/54/303 323/50/303
f 326/54/304 297/84/304 324/53/304
f 330/57/305 305/68/305 302/75/305
f 336/77/306 303/30/306 305/32/306
f 331/62/307 328/55/307 335/60/307
f 335/60/308 324/53/308 332/63/308
f 323/50/309 312/40/309 309/82/309
f 312/40/310 325/56/310 310/85/310
f 330/57/311 322/45/311 333/61/311
f 333/61/312 318/87/312 331/62/312
f 311/42/313 321/48/313 317/46/313
f 321/48/314 310/85/314 318/87/314
f 309/82/315 284/69/315 281/78/315
f 284/6/316 311/42/316 282/4/316
f 316/43/317 291/15/317 319/47/317
f 291/70/318 317/46/318 319/47/318
f 323/50/319 281/78/319 295/19/319
f 290/18/320 296/24/320 283/9/320
f 317/46/321 282/4/321 311/42/321
f 302/75/322 316/43/322 330/57/322
f 303/30/323 324/53/323 297/84/323
f 325/56/324 318/87/324 310/85/324
f 340/69/325 343/3/325 337/1/325
f 338/4/326 341/5/326 340/6/326
f 339/92/327 341/71/327 342/8/327
f 344/10/328 348/11/328 350/12/328
f 349/66/329 347/15/329 345/72/329
f 346/18/330 348/73/330 349/17/330
f 354/64/331 357/21/331 351/19/331
f 352/24/332 355/26/332 354/23/332
f 353/25/333 355/26/333 356/22/333
f 361/68/334 364/29/334 358/75/334
f 359/30/335 362/31/335 361/32/335
f 360/35/336 362/31/336 363/34/336
f 368/40/337 371/38/337 365/82/337
f 366/41/338 369/37/338 368/40/338
f 367/42/339 369/37/339 370/39/339
f 375/47/340 378/45/340 372/43/340
f 373/46/341 376/44/341 375/47/341
f 374/49/342 376/44/342 377/48/342
f 382/54/343 385/52/343 379/50/343
f 380/53/344 383/51/344 382/54/344
f 381/56/345 383/51/345 384/55/345
f 389/61/346 392/59/346 386/57/346
f 387/62/347 390/58/347 389/61/347
f 388/63/348 390/58/348 391/60/348
f 337/1/349 354/64/349 351/19/349
f 343/7/350 352/24/350 354/23/350
f 344/10/351 342/65/351 338/4/351
f 350/16/352 339/92/352 342/8/352
f 345/72/353 364/29/353 349/66/353
f 364/33/354 346/18/354 349/17/354
f 353/25/355 363/34/355 359/30/355
f 356/22/356 360/35/356 363/34/356
f 351/19/357 382/54/357 379/50/357
f 357/67/358 380/53/358 382/54/358
f 386/57/359 361/68/359 358/75/359
f 392/59/360 359/30/360 361/32/360
f 387/62/361 384/55/361 391/60/361
f 384/55/362 388/63/362 391/60/362
f 379/50/363 368/40/363 365/82/363
f 385/52/364 366/41/364 368/40/364
f 372/43/365 389/61/365 386/57/365
f 389/61/366 374/49/366 387/62/366
f 367/42/367 377/48/367 373/46/367
f 377/48/368 366/41/368 374/49/368
f 365/82/369 340/69/369 337/1/369
f 340/6/370 367/42/370 338/4/370
f 372/43/371 347/15/371 375/47/371
f 347/70/372 373/46/372 375/47/372
f 379/50/373 337/1/373 351/19/373
f 339/92/374 360/35/374 352/24/374
f 373/46/375 338/4/375 367/42/375
f 386/57/376 345/72/376 372/43/376
f 359/30/377 380/53/377 353/25/377
f 387/62/378 366/41/378 381/56/378
f 396/69/379 399/3/379 393/78/379
f 394/4/380 397/5/380 396/6/380
f 395/9/381 397/71/381 398/8/381
f 400/10/382 404/11/382 406/12/382
f 405/66/383 403/15/383 401/79/383
f 402/18/384 404/73/384 405/17/384
f 410/64/385 413/21/385 407/80/385
f 408/74/386 411/26/386 410/23/386
f 409/25/387 411/26/387 412/22/387
f 417/68/388 420/29/388 414/27/388
f 415/30/389 418/31/389 417/32/389
f 416/35/390 418/31/390 419/34/390
f 424/40/391 427/38/391 421/82/391
f 422/41/392 425/37/392 424/40/392
f 423/42/393 425/37/393 426/39/393
f 431/47/394 434/45/394 428/83/394
f 429/46/395 432/44/395 431/47/395
f 430/49/396 432/44/396 433/48/396
f 438/54/397 441/52/397 435/76/397
f 436/53/398 439/51/398 438/54/398
f 437/56/399 439/51/399 440/55/399
f 445/61/400 448/77/400 442/57/400
f 443/62/401 446/58/401 445/61/401
f 444/63/402 446/58/402 447/60/402
f 407/80/403 399/3/403 410/64/403
f 410/23/404 395/9/404 408/74/404
f 394/4/405 406/12/405 398/65/405
f 406/16/406 395/9/406 398/8/406
f 414/27/407 405/66/407 401/79/407
f 420/33/408 402/18/408 405/17/408
f 409/25/409 419/34/409 415/30/409
f 412/22/410 416/35/410 419/34/410
f 435/76/411 413/21/411 438/54/411
f 413/67/412 436/53/412 438/54/412
f 414/27/413 448/77/413 417/68/413
f 448/77/414 415/30/414 417/32/414
f 437/56/415 447/60/415 443/62/415
f 447/60/416 436/53/416 444/63/416
f 435/76/417 424/40/417 421/82/417
f 441/52/418 422/41/418 424/40/418
f 442/57/419 434/45/419 445/61/419
f 445/61/420 430/49/420 443/62/420
f 423/42/421 433/48/421 429/46/421
f 426/39/422 430/49/422 433/48/422
f 421/82/423 396/69/423 393/78/423
f 427/38/424 394/4/424 396/6/424
f 401/79/425 431/47/425 428/83/425
f 403/70/426 429/46/426 431/47/426
f 435/76/427 393/78/427 407/80/427
f 402/18/428 408/74/428 395/9/428
f 429/46/429 394/4/429 423/42/429
f 442/57/430 401/79/430 428/83/430
f 415/30/431 436/53/431 409/25/431
f 443/62/432 422/41/432 437/56/432
f 617/78/595 621/2/595 623/3/595
f 618/4/596 621/5/596 620/6/596
f 623/7/597 622/8/597 619/9/597
f 624/10/598 628/11/598 630/12/598
f 625/13/599 628/14/599 627/15/599
f 630/16/600 629/17/600 626/18/600
f 631/19/601 635/20/601 637/21/601
f 636/88/602 634/23/602 632/24/602
f 633/84/603 635/26/603 636/88/603
f 638/27/604 642/28/604 644/29/604
f 639/30/605 642/31/605 641/32/605
f 644/33/606 643/34/606 640/91/606
f 645/82/607 649/37/607 651/38/607
f 650/39/608 648/40/608 646/41/608
f 647/42/609 649/37/609 650/39/609
f 652/43/610 656/44/610 658/45/610
f 653/46/611 656/44/611 655/47/611
f 658/45/612 657/48/612 654/87/612
f 659/50/613 663/51/613 665/52/613
f 660/53/614 663/51/614 662/54/614
f 665/52/615 664/55/615 661/56/615
f 666/57/616 670/58/616 672/77/616
f 671/60/617 669/61/617 667/62/617
f 668/90/618 670/58/618 671/60/618
f 617/78/619 634/64/619 631/19/619
f 623/7/620 632/24/620 634/23/620
f 618/4/621 630/12/621 622/65/621
f 630/16/622 619/9/622 622/8/622
f 638/27/623 629/66/623 625/13/623
f 644/33/624 626/18/624 629/17/624
f 639/30/625 636/88/625 643/34/625
f 636/88/626 640/91/626 643/34/626
f 659/50/627 637/21/627 662/54/627
f 637/67/628 660/53/628 662/54/628
f 666/57/629 641/68/629 638/27/629
f 641/32/630 668/90/630 639/30/630
f 667/62/631 664/55/631 671/60/631
f 664/55/632 668/90/632 671/60/632
f 645/82/633 665/52/633 648/40/633
f 648/40/634 661/56/634 646/41/634
f 652/43/635 669/61/635 666/57/635
f 658/45/636 667/62/636 669/61/636
f 647/42/637 657/48/637 653/46/637
f 650/39/638 654/87/638 657/48/638
f 645/82/639 620/69/639 617/78/639
f 651/38/640 618/4/640 620/6/640
f 625/13/641 655/47/641 652/43/641
f 627/70/642 653/46/642 655/47/642
f 659/50/643 617/78/643 631/19/643
f 619/9/644 640/91/644 632/24/644
f 653/46/645 618/4/645 647/42/645
f 638/27/646 652/43/646 666/57/646
f 639/30/647 660/53/647 633/84/647
f 667/62/648 646/41/648 661/56/648
f 757/78/809 761/2/809 763/3/809
f 758/4/810 761/5/810 760/6/810
f 763/7/811 762/8/811 759/9/811
f 764/10/812 768/11/812 770/12/812
f 765/79/813 768/14/813 767/15/813
f 770/16/814 769/17/814 766/18/814
f 771/80/815 775/20/815 777/21/815
f 776/22/816 774/23/816 772/74/816
f 773/81/817 775/26/817 776/22/817
f 778/27/818 782/28/818 784/29/818
f 779/30/819 782/31/819 781/32/819
f 784/33/820 783/34/820 780/35/820
f 785/82/821 789/37/821 791/38/821
f 790/39/822 788/40/822 786/41/822
f 787/42/823 789/37/823 790/39/823
f 792/83/824 796/44/824 798/45/824
f 793/46/825 796/44/825 795/47/825
f 798/45/826 797/48/826 794/49/826
f 799/50/827 803/51/827 805/52/827
f 800/53/828 803/51/828 802/54/828
f 805/52/829 804/55/829 801/56/829
f 806/57/830 810/58/830 812/77/830
f 811/60/831 809/61/831 807/62/831
f 808/63/832 810/58/832 811/60/832
f 771/80/833 763/3/833 774/64/833
f 763/7/834 772/74/834 774/23/834
f 758/4/835 770/12/835 762/65/835
f 770/16/836 759/9/836 762/8/836
f 778/27/837 769/66/837 765/79/837
f 784/33/838 766/18/838 769/17/838
f 773/81/839 783/34/839 779/30/839
f 783/34/840 772/74/840 780/35/840
f 771/80/841 802/54/841 799/50/841
f 802/54/842 773/81/842 800/53/842
f 806/57/843 781/68/843 778/27/843
f 781/32/844 808/63/844 779/30/844
f 807/62/845 804/55/845 811/60/845
f 804/55/846 808/63/846 811/60/846
f 785/82/847 805/52/847 788/40/847
f 805/52/848 786/41/848 788/40/848
f 806/57/849 798/45/849 809/61/849
f 798/45/850 807/62/850 809/61/850
f 787/42/851 797/48/851 793/46/851
f 790/39/852 794/49/852 797/48/852
f 785/82/853 760/69/853 757/78/853
f 791/38/854 758/4/854 760/6/854
f 792/83/855 767/15/855 795/47/855
f 767/70/856 793/46/856 795/47/856
f 799/50/857 757/78/857 771/80/857
f 766/18/858 772/74/858 759/9/858
f 787/42/859 764/10/859 758/4/859
f 778/27/860 792/83/860 806/57/860
f 779/30/861 800/53/861 773/81/861
f 801/56/862 794/49/862 786/41/862
f 813/78/863 817/2/863 819/3/863
f 818/65/864 816/6/864 814/4/864
f 815/9/865 817/71/865 818/8/865
f 823/70/866 826/12/866 820/10/866
f 821/13/867 824/14/867 823/15/867
f 822/18/868 824/73/868 825/17/868
f 827/80/869 831/20/869 833/21/869
f 828/74/870 831/26/870 830/23/870
f 833/67/871 832/22/871 829/84/871
f 834/75/872 838/28/872 840/29/872
f 839/34/873 837/32/873 835/93/873
f 836/35/874 838/31/874 839/34/874
f 841/82/875 845/37/875 847/38/875
f 842/85/876 845/37/876 844/40/876
f 847/38/877 846/39/877 843/42/877
f 848/43/878 852/44/878 854/86/878
f 853/48/879 851/47/879 849/46/879
f 850/87/880 852/44/880 853/48/880
f 855/50/881 859/51/881 861/52/881
f 860/55/882 858/54/882 856/53/882
f 857/56/883 859/51/883 860/55/883
f 862/57/884 866/58/884 868/77/884
f 863/62/885 866/58/885 865/61/885
f 868/77/886 867/60/886 864/63/886
f 827/80/887 819/3/887 830/64/887
f 819/7/888 828/74/888 830/23/888
f 820/10/889 818/65/889 814/4/889
f 818/8/890 822/18/890 815/9/890
f 834/75/891 825/66/891 821/13/891
f 825/17/892 836/35/892 822/18/892
f 835/93/893 832/22/893 839/34/893
f 832/22/894 836/35/894 839/34/894
f 855/50/895 833/21/895 858/54/895
f 858/54/896 829/84/896 856/53/896
f 834/75/897 868/77/897 837/68/897
f 868/77/898 835/93/898 837/32/898
f 857/56/899 867/60/899 863/62/899
f 867/60/900 856/53/900 864/63/900
f 855/50/901 844/40/901 841/82/901
f 861/52/902 842/85/902 844/40/902
f 848/43/903 865/61/903 862/57/903
f 854/86/904 863/62/904 865/61/904
f 849/46/905 846/39/905 853/48/905
f 846/39/906 850/87/906 853/48/906
f 813/78/907 847/38/907 816/69/907
f 847/38/908 814/4/908 816/6/908
f 848/43/909 823/15/909 851/47/909
f 823/70/910 849/46/910 851/47/910
f 827/80/911 841/82/911 813/78/911
f 815/9/912 836/35/912 828/74/912
f 849/46/913 814/4/913 843/42/913
f 862/57/914 821/13/914 848/43/914
f 835/93/915 856/53/915 829/84/915
f 863/62/916 842/85/916 857/56/916
f 869/78/917 873/2/917 875/3/917
f 874/65/918 872/6/918 870/4/918
f 871/9/919 873/71/919 874/8/919
f 879/70/920 882/12/920 876/10/920
f 877/72/921 880/14/921 879/15/921
f 878/18/922 880/73/922 881/17/922
f 883/19/923 887/20/923 889/21/923
f 884/74/924 887/26/924 886/23/924
f 889/67/925 888/88/925 885/84/925
f 890/75/926 894/28/926 896/29/926
f 895/34/927 893/32/927 891/30/927
f 892/89/928 894/31/928 895/34/928
f 897/82/929 901/37/929 903/38/929
f 898/41/930 901/37/930 900/40/930
f 903/38/931 902/39/931 899/42/931
f 904/43/932 908/44/932 910/86/932
f 909/48/933 907/47/933 905/46/933
f 906/87/934 908/44/934 909/48/934
f 911/50/935 915/51/935 917/52/935
f 916/55/936 914/54/936 912/53/936
f 913/56/937 915/51/937 916/55/937
f 918/57/938 922/58/938 924/77/938
f 919/62/939 922/58/939 921/61/939
f 924/77/940 923/60/940 920/90/940
f 883/19/941 875/3/941 886/64/941
f 875/7/942 884/74/942 886/23/942
f 876/10/943 874/65/943 870/4/943
f 874/8/944 878/18/944 871/9/944
f 890/75/945 881/66/945 877/72/945
f 896/33/946 878/18/946 881/17/946
f 885/84/947 895/34/947 891/30/947
f 888/88/948 892/89/948 895/34/948
f 911/50/949 889/21/949 914/54/949
f 914/54/950 885/84/950 912/53/950
f 890/75/951 924/77/951 893/68/951
f 893/32/952 920/90/952 891/30/952
f 913/56/953 923/60/953 919/62/953
f 923/60/954 912/53/954 920/90/954
f 897/82/955 917/52/955 900/40/955
f 917/52/956 898/41/956 900/40/956
f 904/43/957 921/61/957 918/57/957
f 910/86/958 919/62/958 921/61/958
f 899/42/959 909/48/959 905/46/959
f 909/48/960 898/41/960 906/87/960
f 869/78/961 903/38/961 872/69/961
f 903/38/962 870/4/962 872/6/962
f 904/43/963 879/15/963 907/47/963
f 879/70/964 905/46/964 907/47/964
f 911/50/965 869/78/965 883/19/965
f 878/18/966 884/74/966 871/9/966
f 899/42/967 876/10/967 870/4/967
f 918/57/968 877/72/968 904/43/968
f 891/30/969 912/53/969 885/84/969
f 913/56/970 906/87/970 898/41/970
f 925/1/971 929/2/971 931/3/971
f 926/4/972 929/5/972 928/6/972
f 927/9/973 929/71/973 930/8/973
f 932/10/974 936/11/974 938/12/974
f 933/13/975 936/14/975 935/15/975
f 934/18/976 936/73/976 937/17/976
f 939/19/977 943/20/977 945/21/977
f 940/24/978 943/26/978 942/23/978
f 941/81/979 943/26/979 944/22/979
f 946/75/980 950/28/980 952/29/980
f 947/30/981 950/31/981 949/32/981
f 948/91/982 950/31/982 951/34/982
f 953/82/983 957/37/983 959/38/983
f 954/85/984 957/37/984 956/40/984
f 955/42/985 957/37/985 958/39/985
f 960/43/986 964/44/986 966/45/986
f 961/46/987 964/44/987 963/47/987
f 962/87/988 964/44/988 965/48/988
f 967/50/989 971/51/989 973/52/989
f 968/53/990 971/51/990 970/54/990
f 969/56/991 971/51/991 972/55/991
f 974/57/992 978/58/992 980/59/992
f 975/62/993 978/58/993 977/61/993
f 976/63/994 978/58/994 979/60/994
f 925/1/995 942/64/995 939/19/995
f 942/23/996 927/9/996 940/24/996
f 926/4/997 938/12/997 930/65/997
f 938/16/998 927/9/998 930/8/998
f 946/75/999 937/66/999 933/13/999
f 952/33/1000 934/18/1000 937/17/1000
f 941/81/1001 951/34/1001 947/30/1001
f 951/34/1002 940/24/1002 948/91/1002
f 939/19/1003 970/54/1003 967/50/1003
f 970/54/1004 941/81/1004 968/53/1004
f 974/57/1005 949/68/1005 946/75/1005
f 980/59/1006 947/30/1006 949/32/1006
f 969/56/1007 979/60/1007 975/62/1007
f 979/60/1008 968/53/1008 976/63/1008
f 967/50/1009 956/40/1009 953/82/1009
f 973/52/1010 954/85/1010 956/40/1010
f 960/43/1011 977/61/1011 974/57/1011
f 977/61/1012 962/87/1012 975/62/1012
f 955/42/1013 965/48/1013 961/46/1013
f 958/39/1014 962/87/1014 965/48/1014
f 953/82/1015 928/69/1015 925/1/1015
f 959/38/1016 926/4/1016 928/6/1016
f 933/13/1017 963/47/1017 960/43/1017
f 963/47/1018 932/10/1018 961/46/1018
f 967/50/1019 925/1/1019 939/19/1019
f 934/18/1020 940/24/1020 927/9/1020
f 955/42/1021 932/10/1021 926/4/1021
f 946/75/1022 960/43/1022 974/57/1022
f 947/30/1023 968/53/1023 941/81/1023
f 969/56/1024 962/87/1024 954/85/1024
f 981/1/1025 985/2/1025 987/3/1025
f 982/4/1026 985/5/1026 984/6/1026
f 983/9/1027 985/71/1027 986/8/1027
f 988/10/1028 992/11/1028 994/12/1028
f 989/72/1029 992/14/1029 991/15/1029
f 990/18/1030 992/73/1030 993/17/1030
f 995/19/1031 999/20/1031 1001/21/1031
f 996/74/1032 999/26/1032 998/23/1032
f 997/25/1033 999/26/1033 1000/22/1033
f 1002/27/1034 1006/28/1034 1008/29/1034
f 1003/30/1035 1006/31/1035 1005/32/1035
f 1004/35/1036 1006/31/1036 1007/34/1036
f 1009/36/1037 1013/37/1037 1015/38/1037
f 1010/41/1038 1013/37/1038 1012/40/1038
f 1011/42/1039 1013/37/1039 1014/39/1039
f 1016/43/1040 1020/44/1040 1022/86/1040
f 1017/46/1041 1020/44/1041 1019/47/1041
f 1018/49/1042 1020/44/1042 1021/48/1042
f 1023/76/1043 1027/51/1043 1029/52/1043
f 1024/53/1044 1027/51/1044 1026/54/1044
f 1025/56/1045 1027/51/1045 1028/55/1045
f 1030/57/1046 1034/58/1046 1036/59/1046
f 1031/62/1047 1034/58/1047 1033/61/1047
f 1032/63/1048 1034/58/1048 1035/60/1048
f 981/1/1049 998/64/1049 995/19/1049
f 987/7/1050 996/74/1050 998/23/1050
f 982/4/1051 994/12/1051 986/65/1051
f 986/8/1052 990/18/1052 983/9/1052
f 989/72/1053 1008/29/1053 993/66/1053
f 993/17/1054 1004/35/1054 990/18/1054
f 997/25/1055 1007/34/1055 1003/30/1055
f 1000/22/1056 1004/35/1056 1007/34/1056
f 1023/76/1057 1001/21/1057 1026/54/1057
f 1026/54/1058 997/25/1058 1024/53/1058
f 1030/57/1059 1005/68/1059 1002/27/1059
f 1005/32/1060 1032/63/1060 1003/30/1060
f 1031/62/1061 1028/55/1061 1035/60/1061
f 1028/55/1062 1032/63/1062 1035/60/1062
f 1023/76/1063 1012/40/1063 1009/36/1063
f 1029/52/1064 1010/41/1064 1012/40/1064
f 1030/57/1065 1022/86/1065 1033/61/1065
f 1033/61/1066 1018/49/1066 1031/62/1066
f 1011/42/1067 1021/48/1067 1017/46/1067
f 1014/39/1068 1018/49/1068 1021/48/1068
f 1009/36/1069 984/69/1069 981/1/1069
f 1015/38/1070 982/4/1070 984/6/1070
f 989/72/1071 1019/47/1071 1016/43/1071
f 991/70/1072 1017/46/1072 1019/47/1072
f 1023/76/1073 981/1/1073 995/19/1073
f 990/18/1074 996/74/1074 983/9/1074
f 1017/46/1075 982/4/1075 1011/42/1075
f 1030/57/1076 989/72/1076 1016/43/1076
f 1003/30/1077 1024/53/1077 997/25/1077
f 1031/62/1078 1010/41/1078 1025/56/1078
f 1037/78/1079 1041/2/1079 1043/3/1079
f 1042/65/1080 1040/6/1080 1038/4/1080
f 1039/9/1081 1041/71/1081 1042/8/1081
f 1047/70/1082 1050/12/1082 1044/10/1082
f 1045/79/1083 1048/14/1083 1047/15/1083
f 1046/18/1084 1048/73/1084 1049/17/1084
f 1051/80/1085 1055/20/1085 1057/21/1085
f 1052/74/1086 1055/26/1086 1054/23/1086
f 1057/67/1087 1056/22/1087 1053/25/1087
f 1058/27/1088 1062/28/1088 1064/29/1088
f 1063/34/1089 1061/32/1089 1059/30/1089
f 1060/35/1090 1062/31/1090 1063/34/1090
f 1065/82/1091 1069/37/1091 1071/38/1091
f 1066/41/1092 1069/37/1092 1068/40/1092
f 1071/38/1093 1070/39/1093 1067/42/1093
f 1072/83/1094 1076/44/1094 1078/45/1094
f 1077/48/1095 1075/47/1095 1073/46/1095
f 1074/49/1096 1076/44/1096 1077/48/1096
f 1079/76/1097 1083/51/1097 1085/52/1097
f 1084/55/1098 1082/54/1098 1080/53/1098
f 1081/56/1099 1083/51/1099 1084/55/1099
f 1086/57/1100 1090/58/1100 1092/77/1100
f 1087/62/1101 1090/58/1101 1089/61/1101
f 1092/77/1102 1091/60/1102 1088/63/1102
f 1037/78/1103 1054/64/1103 1051/80/1103
f 1054/23/1104 1039/9/1104 1052/74/1104
f 1044/10/1105 1042/65/1105 1038/4/1105
f 1050/16/1106 1039/9/1106 1042/8/1106
f 1045/79/1107 1064/29/1107 1049/66/1107
f 1064/33/1108 1046/18/1108 1049/17/1108
f 1059/30/1109 1056/22/1109 1063/34/1109
f 1056/22/1110 1060/35/1110 1063/34/1110
f 1051/80/1111 1082/54/1111 1079/76/1111
f 1082/54/1112 1053/25/1112 1080/53/1112
f 1086/57/1113 1061/68/1113 1058/27/1113
f 1092/77/1114 1059/30/1114 1061/32/1114
f 1087/62/1115 1084/55/1115 1091/60/1115
f 1091/60/1116 1080/53/1116 1088/63/1116
f 1079/76/1117 1068/40/1117 1065/82/1117
f 1085/52/1118 1066/41/1118 1068/40/1118
f 1072/83/1119 1089/61/1119 1086/57/1119
f 1089/61/1120 1074/49/1120 1087/62/1120
f 1067/42/1121 1077/48/1121 1073/46/1121
f 1077/48/1122 1066/41/1122 1074/49/1122
f 1065/82/1123 1040/69/1123 1037/78/1123
f 1071/38/1124 1038/4/1124 1040/6/1124
f 1072/83/1125 1047/15/1125 1075/47/1125
f 1075/47/1126 1044/10/1126 1073/46/1126
f 1079/76/1127 1037/78/1127 1051/80/1127
f 1046/18/1128 1052/74/1128 1039/9/1128
f 1073/46/1129 1038/4/1129 1067/42/1129
f 1058/27/1130 1072/83/1130 1086/57/1130
f 1059/30/1131 1080/53/1131 1053/25/1131
f 1087/62/1132 1066/41/1132 1081/56/1132
f 60/69/1213 61/2/1213 63/3/1213
f 58/4/1214 62/65/1214 61/5/1214
f 59/9/1215 63/7/1215 61/71/1215
f 64/10/1216 67/70/1216 68/11/1216
f 69/66/1217 68/14/1217 67/15/1217
f 66/18/1218 70/16/1218 68/73/1218
f 74/64/1219 75/20/1219 77/21/1219
f 72/74/1220 76/22/1220 75/26/1220
f 73/25/1221 77/67/1221 75/26/1221
f 81/68/1222 82/28/1222 84/29/1222
f 79/30/1223 83/34/1223 82/31/1223
f 80/35/1224 84/33/1224 82/31/1224
f 88/40/1225 89/37/1225 91/38/1225
f 86/41/1226 90/39/1226 89/37/1226
f 87/42/1227 91/38/1227 89/37/1227
f 95/47/1228 96/44/1228 98/45/1228
f 93/46/1229 97/48/1229 96/44/1229
f 94/49/1230 98/45/1230 96/44/1230
f 102/54/1231 103/51/1231 105/52/1231
f 100/53/1232 104/55/1232 103/51/1232
f 101/56/1233 105/52/1233 103/51/1233
f 109/61/1234 110/58/1234 112/77/1234
f 107/62/1235 111/60/1235 110/58/1235
f 108/63/1236 112/77/1236 110/58/1236
f 57/1/79 63/3/79 74/64/79
f 63/7/80 59/9/80 72/74/80
f 58/4/1237 64/10/1237 70/12/1237
f 70/16/82 66/18/82 59/9/82
f 78/75/83 84/29/83 69/66/83
f 84/33/84 80/35/84 66/18/84
f 73/25/1238 76/22/1238 83/34/1238
f 83/34/86 76/22/86 72/74/86
f 71/19/87 77/21/87 102/54/87
f 77/67/88 73/25/88 100/53/88
f 106/57/89 112/77/89 81/68/89
f 81/32/90 112/77/90 108/63/90
f 101/56/91 104/55/91 111/60/91
f 104/55/92 100/53/92 108/63/92
f 99/76/93 105/52/93 88/40/93
f 105/52/94 101/56/94 86/41/94
f 92/43/95 98/45/95 109/61/95
f 109/61/96 98/45/96 94/49/96
f 87/42/97 90/39/97 97/48/97
f 90/39/98 86/41/98 94/49/98
f 85/36/99 91/38/99 60/69/99
f 60/6/100 91/38/100 87/42/100
f 65/72/101 67/15/101 95/47/101
f 67/70/102 64/10/102 93/46/102
f 99/76/103 85/36/103 57/1/103
f 59/9/104 66/18/104 80/35/104
f 93/46/105 64/10/105 58/4/105
f 78/75/106 65/72/106 92/43/106
f 73/25/107 79/30/107 108/63/107
f 107/62/108 94/49/108 86/41/108
f 116/69/1239 117/2/1239 119/3/1239
f 114/4/1240 118/65/1240 117/5/1240
f 115/9/1241 119/7/1241 117/71/1241
f 120/10/1242 123/70/1242 124/11/1242
f 125/66/1243 124/14/1243 123/15/1243
f 122/18/1244 126/16/1244 124/73/1244
f 130/64/1245 131/20/1245 133/21/1245
f 128/74/1246 132/22/1246 131/26/1246
f 129/81/1247 133/67/1247 131/26/1247
f 137/68/1248 138/28/1248 140/29/1248
f 135/30/1249 139/34/1249 138/31/1249
f 136/35/1250 140/33/1250 138/31/1250
f 144/40/1251 145/37/1251 147/38/1251
f 142/41/1252 146/39/1252 145/37/1252
f 143/42/1253 147/38/1253 145/37/1253
f 151/47/1254 152/44/1254 154/45/1254
f 149/46/1255 153/48/1255 152/44/1255
f 150/49/1256 154/45/1256 152/44/1256
f 158/54/1257 159/51/1257 161/52/1257
f 156/53/1258 160/55/1258 159/51/1258
f 157/56/1259 161/52/1259 159/51/1259
f 165/61/1260 166/58/1260 168/77/1260
f 163/62/1261 167/60/1261 166/58/1261
f 164/63/1262 168/77/1262 166/58/1262
f 127/80/133 113/78/133 119/3/133
f 130/23/134 119/7/134 115/9/134
f 114/4/1263 120/10/1263 126/12/1263
f 126/16/136 122/18/136 115/9/136
f 134/27/137 140/29/137 125/66/137
f 125/17/138 140/33/138 136/35/138
f 129/81/1264 132/22/1264 139/34/1264
f 132/22/140 128/74/140 136/35/140
f 127/80/141 133/21/141 158/54/141
f 133/67/142 129/81/142 156/53/142
f 162/57/143 168/77/143 137/68/143
f 168/77/144 164/63/144 135/30/144
f 157/56/1265 160/55/1265 167/60/1265
f 167/60/1266 160/55/1266 156/53/1266
f 155/50/147 161/52/147 144/40/147
f 161/52/148 157/56/148 142/41/148
f 148/83/149 154/45/149 165/61/149
f 165/61/150 154/45/150 150/49/150
f 143/42/151 146/39/151 153/48/151
f 153/48/152 146/39/152 142/41/152
f 113/78/153 141/82/153 147/38/153
f 147/38/154 143/42/154 114/4/154
f 148/83/155 121/79/155 123/15/155
f 151/47/156 123/70/156 120/10/156
f 155/50/157 141/82/157 113/78/157
f 122/18/158 136/35/158 128/74/158
f 149/46/159 120/10/159 114/4/159
f 134/27/160 121/79/160 148/83/160
f 129/81/161 135/30/161 164/63/161
f 163/62/162 150/49/162 142/41/162
f 169/78/1267 172/69/1267 173/2/1267
f 170/4/1268 174/65/1268 173/5/1268
f 171/9/1269 175/7/1269 173/71/1269
f 176/10/1270 179/70/1270 180/11/1270
f 177/13/1271 181/66/1271 180/14/1271
f 178/18/1272 182/16/1272 180/73/1272
f 183/80/1273 186/64/1273 187/20/1273
f 184/24/1274 188/22/1274 187/26/1274
f 185/84/1275 189/67/1275 187/26/1275
f 190/27/1276 193/68/1276 194/28/1276
f 191/30/1277 195/34/1277 194/31/1277
f 192/35/1278 196/33/1278 194/31/1278
f 197/82/1279 200/40/1279 201/37/1279
f 198/85/1280 202/39/1280 201/37/1280
f 199/42/1281 203/38/1281 201/37/1281
f 204/43/1282 207/47/1282 208/44/1282
f 205/46/1283 209/48/1283 208/44/1283
f 206/87/1284 210/86/1284 208/44/1284
f 211/50/1285 214/54/1285 215/51/1285
f 212/53/1286 216/55/1286 215/51/1286
f 213/56/1287 217/52/1287 215/51/1287
f 218/57/1288 221/61/1288 222/58/1288
f 219/62/1289 223/60/1289 222/58/1289
f 220/63/1290 224/59/1290 222/58/1290
f 169/78/187 175/3/187 186/64/187
f 175/7/188 171/9/188 184/24/188
f 170/4/189 176/10/189 182/12/189
f 182/16/190 178/18/190 171/9/190
f 190/27/191 196/29/191 181/66/191
f 196/33/192 192/35/192 178/18/192
f 185/84/193 188/22/193 195/34/193
f 188/22/194 184/24/194 192/35/194
f 183/80/195 189/21/195 214/54/195
f 189/67/196 185/84/196 212/53/196
f 218/57/197 224/59/197 193/68/197
f 224/59/198 220/63/198 191/30/198
f 213/56/199 216/55/199 223/60/199
f 216/55/200 212/53/200 220/63/200
f 211/50/201 217/52/201 200/40/201
f 200/40/202 217/52/202 213/56/202
f 218/57/1291 204/43/1291 210/86/1291
f 210/86/204 206/87/204 219/62/204
f 199/42/205 202/39/205 209/48/205
f 202/39/206 198/85/206 206/87/206
f 169/78/207 197/82/207 203/38/207
f 172/6/1292 203/38/1292 199/42/1292
f 177/13/209 179/15/209 207/47/209
f 179/70/210 176/10/210 205/46/210
f 183/80/211 211/50/211 197/82/211
f 171/9/212 178/18/212 192/35/212
f 205/46/213 176/10/213 170/4/213
f 218/57/214 190/27/214 177/13/214
f 185/84/215 191/30/215 220/63/215
f 213/56/216 219/62/216 206/87/216
f 225/78/1293 228/69/1293 229/2/1293
f 226/4/1294 230/65/1294 229/5/1294
f 231/7/1295 229/71/1295 230/8/1295
f 232/10/1296 235/70/1296 236/11/1296
f 233/72/1297 237/66/1297 236/14/1297
f 238/16/1298 236/73/1298 237/17/1298
f 239/19/1299 242/64/1299 243/20/1299
f 244/88/1300 243/26/1300 242/23/1300
f 241/84/1301 245/67/1301 243/26/1301
f 246/75/1302 249/68/1302 250/28/1302
f 247/30/1303 251/34/1303 250/31/1303
f 252/33/1304 250/31/1304 251/34/1304
f 253/82/1305 256/40/1305 257/37/1305
f 258/39/1306 257/37/1306 256/40/1306
f 255/42/1307 259/38/1307 257/37/1307
f 260/43/1308 263/47/1308 264/44/1308
f 261/46/1309 265/48/1309 264/44/1309
f 266/86/1310 264/44/1310 265/48/1310
f 267/50/1311 270/54/1311 271/51/1311
f 268/53/1312 272/55/1312 271/51/1312
f 273/52/1313 271/51/1313 272/55/1313
f 274/57/1314 277/61/1314 278/58/1314
f 279/60/1315 278/58/1315 277/61/1315
f 276/90/1316 280/77/1316 278/58/1316
f 225/78/241 231/3/241 242/64/241
f 231/7/242 227/9/242 240/74/242
f 232/10/243 238/12/243 230/65/243
f 230/8/244 238/16/244 234/18/244
f 246/75/245 252/29/245 237/66/245
f 252/33/246 248/89/246 234/18/246
f 241/84/247 244/88/247 251/34/247
f 244/88/248 240/74/248 248/89/248
f 239/19/249 245/21/249 270/54/249
f 245/67/250 241/84/250 268/53/250
f 246/75/251 274/57/251 280/77/251
f 249/32/1317 280/77/1317 276/90/1317
f 269/56/253 272/55/253 279/60/253
f 272/55/254 268/53/254 276/90/254
f 253/82/255 267/50/255 273/52/255
f 273/52/1318 269/56/1318 254/41/1318
f 274/57/257 260/43/257 266/86/257
f 277/61/258 266/86/258 262/87/258
f 255/42/1319 258/39/1319 265/48/1319
f 258/39/260 254/41/260 262/87/260
f 253/82/261 259/38/261 228/69/261
f 259/38/1320 255/42/1320 226/4/1320
f 233/72/263 235/15/263 263/47/263
f 235/70/264 232/10/264 261/46/264
f 267/50/265 253/82/265 225/78/265
f 234/18/266 248/89/266 240/74/266
f 261/46/267 232/10/267 226/4/267
f 274/57/268 246/75/268 233/72/268
f 241/84/269 247/30/269 276/90/269
f 269/56/270 275/62/270 262/87/270
f 281/78/1321 284/69/1321 285/2/1321
f 282/4/1322 286/65/1322 285/5/1322
f 287/7/1323 285/71/1323 286/8/1323
f 288/10/1324 291/70/1324 292/11/1324
f 289/13/1325 293/66/1325 292/14/1325
f 294/16/1326 292/73/1326 293/17/1326
f 295/19/1327 298/64/1327 299/20/1327
f 300/22/1328 299/26/1328 298/23/1328
f 297/84/1329 301/67/1329 299/26/1329
f 302/75/1330 305/68/1330 306/28/1330
f 303/30/1331 307/34/1331 306/31/1331
f 308/33/1332 306/31/1332 307/34/1332
f 309/82/1333 312/40/1333 313/37/1333
f 314/39/1334 313/37/1334 312/40/1334
f 311/42/1335 315/38/1335 313/37/1335
f 316/43/1336 319/47/1336 320/44/1336
f 317/46/1337 321/48/1337 320/44/1337
f 322/45/1338 320/44/1338 321/48/1338
f 323/50/1339 326/54/1339 327/51/1339
f 324/53/1340 328/55/1340 327/51/1340
f 329/52/1341 327/51/1341 328/55/1341
f 330/57/1342 333/61/1342 334/58/1342
f 335/60/1343 334/58/1343 333/61/1343
f 332/63/1344 336/77/1344 334/58/1344
f 281/78/295 287/3/295 298/64/295
f 287/7/1345 283/9/1345 296/24/1345
f 282/4/297 288/10/297 294/12/297
f 286/8/298 294/16/298 290/18/298
f 302/75/299 308/29/299 293/66/299
f 308/33/300 304/91/300 290/18/300
f 303/30/301 297/84/301 300/22/301
f 300/22/302 296/24/302 304/91/302
f 295/19/303 301/21/303 326/54/303
f 326/54/304 301/67/304 297/84/304
f 330/57/305 336/77/305 305/68/305
f 336/77/1346 332/63/1346 303/30/1346
f 331/62/307 325/56/307 328/55/307
f 335/60/308 328/55/308 324/53/308
f 323/50/309 329/52/309 312/40/309
f 312/40/310 329/52/310 325/56/310
f 330/57/311 316/43/311 322/45/311
f 333/61/1347 322/45/1347 318/87/1347
f 311/42/313 314/39/313 321/48/313
f 321/48/314 314/39/314 310/85/314
f 309/82/315 315/38/315 284/69/315
f 284/6/1348 315/38/1348 311/42/1348
f 316/43/317 289/13/317 291/15/317
f 291/70/318 288/10/318 317/46/318
f 323/50/319 309/82/319 281/78/319
f 290/18/320 304/91/320 296/24/320
f 317/46/321 288/10/321 282/4/321
f 302/75/322 289/13/322 316/43/322
f 303/30/323 332/63/323 324/53/323
f 325/56/324 331/62/324 318/87/324
f 340/69/1349 341/2/1349 343/3/1349
f 338/4/1350 342/65/1350 341/5/1350
f 339/92/1351 343/7/1351 341/71/1351
f 344/10/1352 347/70/1352 348/11/1352
f 349/66/1353 348/14/1353 347/15/1353
f 346/18/1354 350/16/1354 348/73/1354
f 354/64/1355 355/20/1355 357/21/1355
f 352/24/1356 356/22/1356 355/26/1356
f 353/25/1357 357/67/1357 355/26/1357
f 361/68/1358 362/28/1358 364/29/1358
f 359/30/1359 363/34/1359 362/31/1359
f 360/35/1360 364/33/1360 362/31/1360
f 368/40/1361 369/37/1361 371/38/1361
f 366/41/1362 370/39/1362 369/37/1362
f 367/42/1363 371/38/1363 369/37/1363
f 375/47/1364 376/44/1364 378/45/1364
f 373/46/1365 377/48/1365 376/44/1365
f 374/49/1366 378/45/1366 376/44/1366
f 382/54/1367 383/51/1367 385/52/1367
f 380/53/1368 384/55/1368 383/51/1368
f 381/56/1369 385/52/1369 383/51/1369
f 389/61/1370 390/58/1370 392/59/1370
f 387/62/1371 391/60/1371 390/58/1371
f 388/63/1372 392/59/1372 390/58/1372
f 337/1/349 343/3/349 354/64/349
f 343/7/1373 339/92/1373 352/24/1373
f 344/10/1374 350/12/1374 342/65/1374
f 350/16/352 346/18/352 339/92/352
f 345/72/353 358/75/353 364/29/353
f 364/33/354 360/35/354 346/18/354
f 353/25/1375 356/22/1375 363/34/1375
f 356/22/356 352/24/356 360/35/356
f 351/19/357 357/21/357 382/54/357
f 357/67/358 353/25/358 380/53/358
f 386/57/359 392/59/359 361/68/359
f 392/59/360 388/63/360 359/30/360
f 387/62/361 381/56/361 384/55/361
f 384/55/1376 380/53/1376 388/63/1376
f 379/50/363 385/52/363 368/40/363
f 385/52/364 381/56/364 366/41/364
f 372/43/365 378/45/365 389/61/365
f 389/61/366 378/45/366 374/49/366
f 367/42/1377 370/39/1377 377/48/1377
f 377/48/368 370/39/368 366/41/368
f 365/82/369 371/38/369 340/69/369
f 340/6/370 371/38/370 367/42/370
f 372/43/371 345/72/371 347/15/371
f 347/70/372 344/10/372 373/46/372
f 379/50/373 365/82/373 337/1/373
f 339/92/374 346/18/374 360/35/374
f 373/46/375 344/10/375 338/4/375
f 386/57/376 358/75/376 345/72/376
f 359/30/377 388/63/377 380/53/377
f 387/62/378 374/49/378 366/41/378
f 396/69/1378 397/2/1378 399/3/1378
f 394/4/1379 398/65/1379 397/5/1379
f 395/9/1380 399/7/1380 397/71/1380
f 400/10/1381 403/70/1381 404/11/1381
f 405/66/1382 404/14/1382 403/15/1382
f 402/18/1383 406/16/1383 404/73/1383
f 410/64/1384 411/20/1384 413/21/1384
f 408/74/1385 412/22/1385 411/26/1385
f 409/25/1386 413/67/1386 411/26/1386
f 417/68/1387 418/28/1387 420/29/1387
f 415/30/1388 419/34/1388 418/31/1388
f 416/35/1389 420/33/1389 418/31/1389
f 424/40/1390 425/37/1390 427/38/1390
f 422/41/1391 426/39/1391 425/37/1391
f 423/42/1392 427/38/1392 425/37/1392
f 431/47/1393 432/44/1393 434/45/1393
f 429/46/1394 433/48/1394 432/44/1394
f 430/49/1395 434/45/1395 432/44/1395
f 438/54/1396 439/51/1396 441/52/1396
f 436/53/1397 440/55/1397 439/51/1397
f 437/56/1398 441/52/1398 439/51/1398
f 445/61/1399 446/58/1399 448/77/1399
f 443/62/1400 447/60/1400 446/58/1400
f 444/63/1401 448/77/1401 446/58/1401
f 407/80/1402 393/78/1402 399/3/1402
f 410/23/404 399/7/404 395/9/404
f 394/4/405 400/10/405 406/12/405
f 406/16/406 402/18/406 395/9/406
f 414/27/1403 420/29/1403 405/66/1403
f 420/33/408 416/35/408 402/18/408
f 409/25/409 412/22/409 419/34/409
f 412/22/410 408/74/410 416/35/410
f 435/76/411 407/80/411 413/21/411
f 413/67/412 409/25/412 436/53/412
f 414/27/413 442/57/413 448/77/413
f 448/77/414 444/63/414 415/30/414
f 437/56/415 440/55/415 447/60/415
f 447/60/416 440/55/416 436/53/416
f 435/76/417 441/52/417 424/40/417
f 441/52/418 437/56/418 422/41/418
f 442/57/1404 428/83/1404 434/45/1404
f 445/61/420 434/45/420 430/49/420
f 423/42/421 426/39/421 433/48/421
f 426/39/422 422/41/422 430/49/422
f 421/82/423 427/38/423 396/69/423
f 427/38/424 423/42/424 394/4/424
f 401/79/1405 403/15/1405 431/47/1405
f 403/70/426 400/10/426 429/46/426
f 435/76/427 421/82/427 393/78/427
f 402/18/428 416/35/428 408/74/428
f 429/46/429 400/10/429 394/4/429
f 442/57/430 414/27/430 401/79/430
f 415/30/431 444/63/431 436/53/431
f 443/62/432 430/49/432 422/41/432
f 617/78/1491 620/69/1491 621/2/1491
f 618/4/1492 622/65/1492 621/5/1492
f 623/7/1493 621/71/1493 622/8/1493
f 624/10/1494 627/70/1494 628/11/1494
f 625/13/1495 629/66/1495 628/14/1495
f 630/16/1496 628/73/1496 629/17/1496
f 631/19/1497 634/64/1497 635/20/1497
f 636/88/1498 635/26/1498 634/23/1498
f 633/84/1499 637/67/1499 635/26/1499
f 638/27/1500 641/68/1500 642/28/1500
f 639/30/1501 643/34/1501 642/31/1501
f 644/33/1502 642/31/1502 643/34/1502
f 645/82/1503 648/40/1503 649/37/1503
f 650/39/1504 649/37/1504 648/40/1504
f 647/42/1505 651/38/1505 649/37/1505
f 652/43/1506 655/47/1506 656/44/1506
f 653/46/1507 657/48/1507 656/44/1507
f 658/45/1508 656/44/1508 657/48/1508
f 659/50/1509 662/54/1509 663/51/1509
f 660/53/1510 664/55/1510 663/51/1510
f 665/52/1511 663/51/1511 664/55/1511
f 666/57/1512 669/61/1512 670/58/1512
f 671/60/1513 670/58/1513 669/61/1513
f 668/90/1514 672/77/1514 670/58/1514
f 617/78/1515 623/3/1515 634/64/1515
f 623/7/620 619/9/620 632/24/620
f 618/4/1516 624/10/1516 630/12/1516
f 630/16/1517 626/18/1517 619/9/1517
f 638/27/623 644/29/623 629/66/623
f 644/33/1518 640/91/1518 626/18/1518
f 639/30/625 633/84/625 636/88/625
f 636/88/626 632/24/626 640/91/626
f 659/50/1519 631/19/1519 637/21/1519
f 637/67/628 633/84/628 660/53/628
f 666/57/629 672/77/629 641/68/629
f 641/32/630 672/77/630 668/90/630
f 667/62/631 661/56/631 664/55/631
f 664/55/632 660/53/632 668/90/632
f 645/82/1520 659/50/1520 665/52/1520
f 648/40/634 665/52/634 661/56/634
f 652/43/635 658/45/635 669/61/635
f 658/45/1521 654/87/1521 667/62/1521
f 647/42/637 650/39/637 657/48/637
f 650/39/638 646/41/638 654/87/638
f 645/82/639 651/38/639 620/69/639
f 651/38/640 647/42/640 618/4/640
f 625/13/641 627/15/641 655/47/641
f 627/70/642 624/10/642 653/46/642
f 659/50/643 645/82/643 617/78/643
f 619/9/644 626/18/644 640/91/644
f 653/46/645 624/10/645 618/4/645
f 638/27/646 625/13/646 652/43/646
f 639/30/647 668/90/647 660/53/647
f 667/62/648 654/87/648 646/41/648
f 757/78/1522 760/69/1522 761/2/1522
f 758/4/1523 762/65/1523 761/5/1523
f 763/7/1524 761/71/1524 762/8/1524
f 764/10/1525 767/70/1525 768/11/1525
f 765/79/1526 769/66/1526 768/14/1526
f 770/16/1527 768/73/1527 769/17/1527
f 771/80/1528 774/64/1528 775/20/1528
f 776/22/1529 775/26/1529 774/23/1529
f 773/81/1530 777/67/1530 775/26/1530
f 778/27/1531 781/68/1531 782/28/1531
f 779/30/1532 783/34/1532 782/31/1532
f 784/33/1533 782/31/1533 783/34/1533
f 785/82/1534 788/40/1534 789/37/1534
f 790/39/1535 789/37/1535 788/40/1535
f 787/42/1536 791/38/1536 789/37/1536
f 792/83/1537 795/47/1537 796/44/1537
f 793/46/1538 797/48/1538 796/44/1538
f 798/45/1539 796/44/1539 797/48/1539
f 799/50/1540 802/54/1540 803/51/1540
f 800/53/1541 804/55/1541 803/51/1541
f 805/52/1542 803/51/1542 804/55/1542
f 806/57/1543 809/61/1543 810/58/1543
f 811/60/1544 810/58/1544 809/61/1544
f 808/63/1545 812/77/1545 810/58/1545
f 771/80/833 757/78/833 763/3/833
f 763/7/1546 759/9/1546 772/74/1546
f 758/4/835 764/10/835 770/12/835
f 770/16/836 766/18/836 759/9/836
f 778/27/1547 784/29/1547 769/66/1547
f 784/33/838 780/35/838 766/18/838
f 773/81/839 776/22/839 783/34/839
f 783/34/840 776/22/840 772/74/840
f 771/80/1548 777/21/1548 802/54/1548
f 802/54/842 777/67/842 773/81/842
f 806/57/843 812/77/843 781/68/843
f 781/32/844 812/77/844 808/63/844
f 807/62/845 801/56/845 804/55/845
f 804/55/846 800/53/846 808/63/846
f 785/82/1549 799/50/1549 805/52/1549
f 805/52/848 801/56/848 786/41/848
f 806/57/1550 792/83/1550 798/45/1550
f 798/45/1551 794/49/1551 807/62/1551
f 787/42/851 790/39/851 797/48/851
f 790/39/852 786/41/852 794/49/852
f 785/82/853 791/38/853 760/69/853
f 791/38/854 787/42/854 758/4/854
f 792/83/855 765/79/855 767/15/855
f 767/70/856 764/10/856 793/46/856
f 799/50/857 785/82/857 757/78/857
f 766/18/858 780/35/858 772/74/858
f 787/42/859 793/46/859 764/10/859
f 778/27/1552 765/79/1552 792/83/1552
f 779/30/861 808/63/861 800/53/861
f 801/56/862 807/62/862 794/49/862
f 813/78/1553 816/69/1553 817/2/1553
f 818/65/1554 817/5/1554 816/6/1554
f 815/9/1555 819/7/1555 817/71/1555
f 823/70/1556 824/11/1556 826/12/1556
f 821/13/1557 825/66/1557 824/14/1557
f 822/18/1558 826/16/1558 824/73/1558
f 827/80/1559 830/64/1559 831/20/1559
f 828/74/1560 832/22/1560 831/26/1560
f 833/67/1561 831/26/1561 832/22/1561
f 834/75/1562 837/68/1562 838/28/1562
f 839/34/1563 838/31/1563 837/32/1563
f 836/35/1564 840/33/1564 838/31/1564
f 841/82/1565 844/40/1565 845/37/1565
f 842/85/1566 846/39/1566 845/37/1566
f 847/38/1567 845/37/1567 846/39/1567
f 848/43/1568 851/47/1568 852/44/1568
f 853/48/1569 852/44/1569 851/47/1569
f 850/87/1570 854/86/1570 852/44/1570
f 855/50/1571 858/54/1571 859/51/1571
f 860/55/1572 859/51/1572 858/54/1572
f 857/56/1573 861/52/1573 859/51/1573
f 862/57/1574 865/61/1574 866/58/1574
f 863/62/1575 867/60/1575 866/58/1575
f 868/77/1576 866/58/1576 867/60/1576
f 827/80/887 813/78/887 819/3/887
f 819/7/1577 815/9/1577 828/74/1577
f 820/10/1578 826/12/1578 818/65/1578
f 818/8/890 826/16/890 822/18/890
f 834/75/891 840/29/891 825/66/891
f 825/17/892 840/33/892 836/35/892
f 835/93/1579 829/84/1579 832/22/1579
f 832/22/894 828/74/894 836/35/894
f 855/50/1580 827/80/1580 833/21/1580
f 858/54/896 833/67/896 829/84/896
f 834/75/1581 862/57/1581 868/77/1581
f 868/77/898 864/63/898 835/93/898
f 857/56/899 860/55/899 867/60/899
f 867/60/900 860/55/900 856/53/900
f 855/50/901 861/52/901 844/40/901
f 861/52/902 857/56/902 842/85/902
f 848/43/1582 854/86/1582 865/61/1582
f 854/86/904 850/87/904 863/62/904
f 849/46/905 843/42/905 846/39/905
f 846/39/906 842/85/906 850/87/906
f 813/78/1583 841/82/1583 847/38/1583
f 847/38/908 843/42/908 814/4/908
f 848/43/909 821/13/909 823/15/909
f 823/70/910 820/10/910 849/46/910
f 827/80/911 855/50/911 841/82/911
f 815/9/912 822/18/912 836/35/912
f 849/46/913 820/10/913 814/4/913
f 862/57/914 834/75/914 821/13/914
f 835/93/915 864/63/915 856/53/915
f 863/62/916 850/87/916 842/85/916
f 869/78/1584 872/69/1584 873/2/1584
f 874/65/1585 873/5/1585 872/6/1585
f 871/9/1586 875/7/1586 873/71/1586
f 879/70/1587 880/11/1587 882/12/1587
f 877/72/1588 881/66/1588 880/14/1588
f 878/18/1589 882/16/1589 880/73/1589
f 883/19/1590 886/64/1590 887/20/1590
f 884/74/1591 888/88/1591 887/26/1591
f 889/67/1592 887/26/1592 888/88/1592
f 890/75/1593 893/68/1593 894/28/1593
f 895/34/1594 894/31/1594 893/32/1594
f 892/89/1595 896/33/1595 894/31/1595
f 897/82/1596 900/40/1596 901/37/1596
f 898/41/1597 902/39/1597 901/37/1597
f 903/38/1598 901/37/1598 902/39/1598
f 904/43/1599 907/47/1599 908/44/1599
f 909/48/1600 908/44/1600 907/47/1600
f 906/87/1601 910/86/1601 908/44/1601
f 911/50/1602 914/54/1602 915/51/1602
f 916/55/1603 915/51/1603 914/54/1603
f 913/56/1604 917/52/1604 915/51/1604
f 918/57/1605 921/61/1605 922/58/1605
f 919/62/1606 923/60/1606 922/58/1606
f 924/77/1607 922/58/1607 923/60/1607
f 883/19/1608 869/78/1608 875/3/1608
f 875/7/942 871/9/942 884/74/942
f 876/10/1609 882/12/1609 874/65/1609
f 874/8/1610 882/16/1610 878/18/1610
f 890/75/1611 896/29/1611 881/66/1611
f 896/33/946 892/89/946 878/18/946
f 885/84/947 888/88/947 895/34/947
f 888/88/948 884/74/948 892/89/948
f 911/50/949 883/19/949 889/21/949
f 914/54/950 889/67/950 885/84/950
f 890/75/1612 918/57/1612 924/77/1612
f 893/32/952 924/77/952 920/90/952
f 913/56/953 916/55/953 923/60/953
f 923/60/1613 916/55/1613 912/53/1613
f 897/82/1614 911/50/1614 917/52/1614
f 917/52/956 913/56/956 898/41/956
f 904/43/1615 910/86/1615 921/61/1615
f 910/86/958 906/87/958 919/62/958
f 899/42/959 902/39/959 909/48/959
f 909/48/960 902/39/960 898/41/960
f 869/78/961 897/82/961 903/38/961
f 903/38/962 899/42/962 870/4/962
f 904/43/1616 877/72/1616 879/15/1616
f 879/70/964 876/10/964 905/46/964
f 911/50/965 897/82/965 869/78/965
f 878/18/966 892/89/966 884/74/966
f 899/42/967 905/46/967 876/10/967
f 918/57/968 890/75/968 877/72/968
f 891/30/969 920/90/969 912/53/969
f 913/56/970 919/62/970 906/87/970
f 925/1/1617 928/69/1617 929/2/1617
f 926/4/1618 930/65/1618 929/5/1618
f 927/9/1619 931/7/1619 929/71/1619
f 932/10/1620 935/70/1620 936/11/1620
f 933/13/1621 937/66/1621 936/14/1621
f 934/18/1622 938/16/1622 936/73/1622
f 939/19/1623 942/64/1623 943/20/1623
f 940/24/1624 944/22/1624 943/26/1624
f 941/81/1625 945/67/1625 943/26/1625
f 946/75/1626 949/68/1626 950/28/1626
f 947/30/1627 951/34/1627 950/31/1627
f 948/91/1628 952/33/1628 950/31/1628
f 953/82/1629 956/40/1629 957/37/1629
f 954/85/1630 958/39/1630 957/37/1630
f 955/42/1631 959/38/1631 957/37/1631
f 960/43/1632 963/47/1632 964/44/1632
f 961/46/1633 965/48/1633 964/44/1633
f 962/87/1634 966/45/1634 964/44/1634
f 967/50/1635 970/54/1635 971/51/1635
f 968/53/1636 972/55/1636 971/51/1636
f 969/56/1637 973/52/1637 971/51/1637
f 974/57/1638 977/61/1638 978/58/1638
f 975/62/1639 979/60/1639 978/58/1639
f 976/63/1640 980/59/1640 978/58/1640
f 925/1/1641 931/3/1641 942/64/1641
f 942/23/1642 931/7/1642 927/9/1642
f 926/4/997 932/10/997 938/12/997
f 938/16/998 934/18/998 927/9/998
f 946/75/999 952/29/999 937/66/999
f 952/33/1643 948/91/1643 934/18/1643
f 941/81/1001 944/22/1001 951/34/1001
f 951/34/1002 944/22/1002 940/24/1002
f 939/19/1003 945/21/1003 970/54/1003
f 970/54/1644 945/67/1644 941/81/1644
f 974/57/1005 980/59/1005 949/68/1005
f 980/59/1006 976/63/1006 947/30/1006
f 969/56/1007 972/55/1007 979/60/1007
f 979/60/1008 972/55/1008 968/53/1008
f 967/50/1009 973/52/1009 956/40/1009
f 973/52/1645 969/56/1645 954/85/1645
f 960/43/1646 966/45/1646 977/61/1646
f 977/61/1647 966/45/1647 962/87/1647
f 955/42/1013 958/39/1013 965/48/1013
f 958/39/1648 954/85/1648 962/87/1648
f 953/82/1015 959/38/1015 928/69/1015
f 959/38/1649 955/42/1649 926/4/1649
f 933/13/1017 935/15/1017 963/47/1017
f 963/47/1650 935/70/1650 932/10/1650
f 967/50/1019 953/82/1019 925/1/1019
f 934/18/1020 948/91/1020 940/24/1020
f 955/42/1021 961/46/1021 932/10/1021
f 946/75/1022 933/13/1022 960/43/1022
f 947/30/1023 976/63/1023 968/53/1023
f 969/56/1024 975/62/1024 962/87/1024
f 981/1/1651 984/69/1651 985/2/1651
f 982/4/1652 986/65/1652 985/5/1652
f 983/9/1653 987/7/1653 985/71/1653
f 988/10/1654 991/70/1654 992/11/1654
f 989/72/1655 993/66/1655 992/14/1655
f 990/18/1656 994/16/1656 992/73/1656
f 995/19/1657 998/64/1657 999/20/1657
f 996/74/1658 1000/22/1658 999/26/1658
f 997/25/1659 1001/67/1659 999/26/1659
f 1002/27/1660 1005/68/1660 1006/28/1660
f 1003/30/1661 1007/34/1661 1006/31/1661
f 1004/35/1662 1008/33/1662 1006/31/1662
f 1009/36/1663 1012/40/1663 1013/37/1663
f 1010/41/1664 1014/39/1664 1013/37/1664
f 1011/42/1665 1015/38/1665 1013/37/1665
f 1016/43/1666 1019/47/1666 1020/44/1666
f 1017/46/1667 1021/48/1667 1020/44/1667
f 1018/49/1668 1022/86/1668 1020/44/1668
f 1023/76/1669 1026/54/1669 1027/51/1669
f 1024/53/1670 1028/55/1670 1027/51/1670
f 1025/56/1671 1029/52/1671 1027/51/1671
f 1030/57/1672 1033/61/1672 1034/58/1672
f 1031/62/1673 1035/60/1673 1034/58/1673
f 1032/63/1674 1036/59/1674 1034/58/1674
f 981/1/1049 987/3/1049 998/64/1049
f 987/7/1050 983/9/1050 996/74/1050
f 982/4/1051 988/10/1051 994/12/1051
f 986/8/1052 994/16/1052 990/18/1052
f 989/72/1053 1002/27/1053 1008/29/1053
f 993/17/1675 1008/33/1675 1004/35/1675
f 997/25/1055 1000/22/1055 1007/34/1055
f 1000/22/1676 996/74/1676 1004/35/1676
f 1023/76/1057 995/19/1057 1001/21/1057
f 1026/54/1058 1001/67/1058 997/25/1058
f 1030/57/1059 1036/59/1059 1005/68/1059
f 1005/32/1677 1036/59/1677 1032/63/1677
f 1031/62/1061 1025/56/1061 1028/55/1061
f 1028/55/1062 1024/53/1062 1032/63/1062
f 1023/76/1678 1029/52/1678 1012/40/1678
f 1029/52/1064 1025/56/1064 1010/41/1064
f 1030/57/1065 1016/43/1065 1022/86/1065
f 1033/61/1679 1022/86/1679 1018/49/1679
f 1011/42/1680 1014/39/1680 1021/48/1680
f 1014/39/1681 1010/41/1681 1018/49/1681
f 1009/36/1069 1015/38/1069 984/69/1069
f 1015/38/1682 1011/42/1682 982/4/1682
f 989/72/1071 991/15/1071 1019/47/1071
f 991/70/1683 988/10/1683 1017/46/1683
f 1023/76/1073 1009/36/1073 981/1/1073
f 990/18/1074 1004/35/1074 996/74/1074
f 1017/46/1075 988/10/1075 982/4/1075
f 1030/57/1076 1002/27/1076 989/72/1076
f 1003/30/1077 1032/63/1077 1024/53/1077
f 1031/62/1078 1018/49/1078 1010/41/1078
f 1037/78/1684 1040/69/1684 1041/2/1684
f 1042/65/1685 1041/5/1685 1040/6/1685
f 1039/9/1686 1043/7/1686 1041/71/1686
f 1047/70/1687 1048/11/1687 1050/12/1687
f 1045/79/1688 1049/66/1688 1048/14/1688
f 1046/18/1689 1050/16/1689 1048/73/1689
f 1051/80/1690 1054/64/1690 1055/20/1690
f 1052/74/1691 1056/22/1691 1055/26/1691
f 1057/67/1692 1055/26/1692 1056/22/1692
f 1058/27/1693 1061/68/1693 1062/28/1693
f 1063/34/1694 1062/31/1694 1061/32/1694
f 1060/35/1695 1064/33/1695 1062/31/1695
f 1065/82/1696 1068/40/1696 1069/37/1696
f 1066/41/1697 1070/39/1697 1069/37/1697
f 1071/38/1698 1069/37/1698 1070/39/1698
f 1072/83/1699 1075/47/1699 1076/44/1699
f 1077/48/1700 1076/44/1700 1075/47/1700
f 1074/49/1701 1078/45/1701 1076/44/1701
f 1079/76/1702 1082/54/1702 1083/51/1702
f 1084/55/1703 1083/51/1703 1082/54/1703
f 1081/56/1704 1085/52/1704 1083/51/1704
f 1086/57/1705 1089/61/1705 1090/58/1705
f 1087/62/1706 1091/60/1706 1090/58/1706
f 1092/77/1707 1090/58/1707 1091/60/1707
f 1037/78/1708 1043/3/1708 1054/64/1708
f 1054/23/1104 1043/7/1104 1039/9/1104
f 1044/10/1105 1050/12/1105 1042/65/1105
f 1050/16/1106 1046/18/1106 1039/9/1106
f 1045/79/1709 1058/27/1709 1064/29/1709
f 1064/33/1710 1060/35/1710 1046/18/1710
f 1059/30/1109 1053/25/1109 1056/22/1109
f 1056/22/1110 1052/74/1110 1060/35/1110
f 1051/80/1711 1057/21/1711 1082/54/1711
f 1082/54/1712 1057/67/1712 1053/25/1712
f 1086/57/1113 1092/77/1113 1061/68/1113
f 1092/77/1114 1088/63/1114 1059/30/1114
f 1087/62/1115 1081/56/1115 1084/55/1115
f 1091/60/1116 1084/55/1116 1080/53/1116
f 1079/76/1713 1085/52/1713 1068/40/1713
f 1085/52/1714 1081/56/1714 1066/41/1714
f 1072/83/1715 1078/45/1715 1089/61/1715
f 1089/61/1716 1078/45/1716 1074/49/1716
f 1067/42/1121 1070/39/1121 1077/48/1121
f 1077/48/1122 1070/39/1122 1066/41/1122
f 1065/82/1717 1071/38/1717 1040/69/1717
f 1071/38/1718 1067/42/1718 1038/4/1718
f 1072/83/1719 1045/79/1719 1047/15/1719
f 1075/47/1126 1047/70/1126 1044/10/1126
f 1079/76/1127 1065/82/1127 1037/78/1127
f 1046/18/1128 1060/35/1128 1052/74/1128
f 1073/46/1129 1044/10/1129 1038/4/1129
f 1058/27/1130 1045/79/1130 1072/83/1130
f 1059/30/1131 1088/63/1131 1080/53/1131
f 1087/62/1132 1074/49/1132 1066/41/1132
usemtl iron
f 449/78/433 453/2/433 455/3/433
f 450/4/434 453/5/434 452/6/434
f 455/7/435 454/8/435 451/9/435
f 456/10/436 460/11/436 462/12/436
f 457/13/437 460/14/437 459/15/437
f 462/16/438 461/17/438 458/18/438
f 463/80/439 467/20/439 469/21/439
f 468/22/440 466/23/440 464/74/440
f 465/25/441 467/26/441 468/22/441
f 470/27/442 474/28/442 476/29/442
f 471/93/443 474/31/443 473/32/443
f 476/33/444 475/34/444 472/35/444
f 477/82/445 481/37/445 483/38/445
f 482/39/446 480/40/446 478/41/446
f 479/42/447 481/37/447 482/39/447
f 484/43/448 488/44/448 490/45/448
f 485/46/449 488/44/449 487/47/449
f 490/45/450 489/48/450 486/49/450
f 491/50/451 495/51/451 497/52/451
f 492/53/452 495/51/452 494/54/452
f 497/52/453 496/55/453 493/56/453
f 498/57/454 502/58/454 504/77/454
f 503/60/455 501/61/455 499/62/455
f 500/63/456 502/58/456 503/60/456
f 463/80/457 455/3/457 466/64/457
f 455/7/458 464/74/458 466/23/458
f 456/10/459 454/65/459 450/4/459
f 454/8/460 458/18/460 451/9/460
f 457/13/461 476/29/461 461/66/461
f 476/33/462 458/18/462 461/17/462
f 465/25/463 475/34/463 471/93/463
f 475/34/464 464/74/464 472/35/464
f 463/80/465 494/54/465 491/50/465
f 469/67/466 492/53/466 494/54/466
f 470/27/467 504/77/467 473/68/467
f 504/77/468 471/93/468 473/32/468
f 493/56/469 503/60/469 499/62/469
f 503/60/470 492/53/470 500/63/470
f 477/82/471 497/52/471 480/40/471
f 497/52/472 478/41/472 480/40/472
f 498/57/473 490/45/473 501/61/473
f 490/45/474 499/62/474 501/61/474
f 479/42/475 489/48/475 485/46/475
f 482/39/476 486/49/476 489/48/476
f 449/78/477 483/38/477 452/69/477
f 483/38/478 450/4/478 452/6/478
f 457/13/479 487/47/479 484/43/479
f 487/47/480 456/10/480 485/46/480
f 491/50/481 449/78/481 463/80/481
f 458/18/482 464/74/482 451/9/482
f 485/46/483 450/4/483 479/42/483
f 498/57/484 457/13/484 484/43/484
f 471/93/485 492/53/485 465/25/485
f 493/56/486 486/49/486 478/41/486
f 505/78/487 509/2/487 511/3/487
f 506/4/488 509/5/488 508/6/488
f 511/7/489 510/8/489 507/9/489
f 512/10/490 516/11/490 518/12/490
f 513/13/491 516/14/491 515/15/491
f 518/16/492 517/17/492 514/18/492
f 519/80/493 523/20/493 525/21/493
f 524/22/494 522/23/494 520/24/494
f 521/84/495 523/26/495 524/22/495
f 526/27/496 530/28/496 532/29/496
f 527/93/497 530/31/497 529/32/497
f 532/33/498 531/34/498 528/35/498
f 533/82/499 537/37/499 539/38/499
f 538/39/500 536/40/500 534/85/500
f 535/42/501 537/37/501 538/39/501
f 540/43/502 544/44/502 546/86/502
f 541/46/503 544/44/503 543/47/503
f 546/86/504 545/48/504 542/87/504
f 547/50/505 551/51/505 553/52/505
f 548/53/506 551/51/506 550/54/506
f 553/52/507 552/55/507 549/56/507
f 554/57/508 558/58/508 560/59/508
f 559/60/509 557/61/509 555/62/509
f 556/63/510 558/58/510 559/60/510
f 505/78/511 522/64/511 519/80/511
f 522/23/512 507/9/512 520/24/512
f 506/4/513 518/12/513 510/65/513
f 518/16/514 507/9/514 510/8/514
f 513/13/515 532/29/515 517/66/515
f 532/33/516 514/18/516 517/17/516
f 527/93/517 524/22/517 531/34/517
f 531/34/518 520/24/518 528/35/518
f 547/50/519 525/21/519 550/54/519
f 550/54/520 521/84/520 548/53/520
f 554/57/521 529/68/521 526/27/521
f 560/59/522 527/93/522 529/32/522
f 555/62/523 552/55/523 559/60/523
f 559/60/524 548/53/524 556/63/524
f 547/50/525 536/40/525 533/82/525
f 553/52/526 534/85/526 536/40/526
f 554/57/527 546/86/527 557/61/527
f 546/86/528 555/62/528 557/61/528
f 541/46/529 538/39/529 545/48/529
f 538/39/530 542/87/530 545/48/530
f 505/78/531 539/38/531 508/69/531
f 508/6/532 535/42/532 506/4/532
f 540/43/533 515/15/533 543/47/533
f 543/47/534 512/10/534 541/46/534
f 547/50/535 505/78/535 519/80/535
f 507/9/536 528/35/536 520/24/536
f 541/46/537 506/4/537 535/42/537
f 526/27/538 540/43/538 554/57/538
f 521/84/539 556/63/539 548/53/539
f 555/62/540 534/85/540 549/56/540
f 561/78/541 565/2/541 567/3/541
f 562/4/542 565/5/542 564/6/542
f 567/7/543 566/8/543 563/9/543
f 568/10/544 572/11/544 574/12/544
f 569/72/545 572/14/545 571/15/545
f 574/16/546 573/17/546 570/18/546
f 575/19/547 579/20/547 581/21/547
f 580/22/548 578/23/548 576/74/548
f 577/84/549 579/26/549 580/22/549
f 582/75/550 586/28/550 588/29/550
f 583/30/551 586/31/551 585/32/551
f 588/33/552 587/34/552 584/89/552
f 589/82/553 593/37/553 595/38/553
f 594/39/554 592/40/554 590/85/554
f 591/42/555 593/37/555 594/39/555
f 596/43/556 600/44/556 602/86/556
f 597/46/557 600/44/557 599/47/557
f 602/86/558 601/48/558 598/87/558
f 603/50/559 607/51/559 609/52/559
f 604/53/560 607/51/560 606/54/560
f 609/52/561 608/55/561 605/56/561
f 610/57/562 614/58/562 616/77/562
f 615/60/563 613/61/563 611/62/563
f 612/63/564 614/58/564 615/60/564
f 575/19/565 567/3/565 578/64/565
f 578/23/566 563/9/566 576/74/566
f 568/10/567 566/65/567 562/4/567
f 566/8/568 570/18/568 563/9/568
f 582/75/569 573/66/569 569/72/569
f 573/17/570 584/89/570 570/18/570
f 577/84/571 587/34/571 583/30/571
f 587/34/572 576/74/572 584/89/572
f 575/19/573 606/54/573 603/50/573
f 606/54/574 577/84/574 604/53/574
f 610/57/575 585/68/575 582/75/575
f 585/32/576 612/63/576 583/30/576
f 605/56/577 615/60/577 611/62/577
f 608/55/578 612/63/578 615/60/578
f 603/50/579 592/40/579 589/82/579
f 592/40/580 605/56/580 590/85/580
f 596/43/581 613/61/581 610/57/581
f 613/61/582 598/87/582 611/62/582
f 591/42/583 601/48/583 597/46/583
f 594/39/584 598/87/584 601/48/584
f 561/78/585 595/38/585 564/69/585
f 595/38/586 562/4/586 564/6/586
f 569/72/587 599/47/587 596/43/587
f 571/70/588 597/46/588 599/47/588
f 603/50/589 561/78/589 575/19/589
f 563/9/590 584/89/590 576/74/590
f 597/46/591 562/4/591 591/42/591
f 610/57/592 569/72/592 596/43/592
f 583/30/593 604/53/593 577/84/593
f 611/62/594 590/85/594 605/56/594
f 1093/78/1133 1097/2/1133 1099/3/1133
f 1094/4/1134 1097/5/1134 1096/6/1134
f 1099/7/1135 1098/8/1135 1095/9/1135
f 1100/10/1136 1104/11/1136 1106/12/1136
f 1101/13/1137 1104/14/1137 1103/15/1137
f 1106/16/1138 1105/17/1138 1102/18/1138
f 1107/80/1139 1111/20/1139 1113/21/1139
f 1112/22/1140 1110/23/1140 1108/24/1140
f 1109/84/1141 1111/26/1141 1112/22/1141
f 1114/75/1142 1118/28/1142 1120/29/1142
f 1115/93/1143 1118/31/1143 1117/32/1143
f 1120/33/1144 1119/34/1144 1116/35/1144
f 1121/82/1145 1125/37/1145 1127/38/1145
f 1126/39/1146 1124/40/1146 1122/85/1146
f 1123/42/1147 1125/37/1147 1126/39/1147
f 1128/43/1148 1132/44/1148 1134/86/1148
f 1129/46/1149 1132/44/1149 1131/47/1149
f 1134/86/1150 1133/48/1150 1130/87/1150
f 1135/50/1151 1139/51/1151 1141/52/1151
f 1136/53/1152 1139/51/1152 1138/54/1152
f 1141/52/1153 1140/55/1153 1137/56/1153
f 1142/57/1154 1146/58/1154 1148/77/1154
f 1147/60/1155 1145/61/1155 1143/62/1155
f 1144/63/1156 1146/58/1156 1147/60/1156
f 1107/80/1157 1099/3/1157 1110/64/1157
f 1099/7/1158 1108/24/1158 1110/23/1158
f 1100/10/1159 1098/65/1159 1094/4/1159
f 1106/16/1160 1095/9/1160 1098/8/1160
f 1101/13/1161 1120/29/1161 1105/66/1161
f 1105/17/1162 1116/35/1162 1102/18/1162
f 1115/93/1163 1112/22/1163 1119/34/1163
f 1119/34/1164 1108/24/1164 1116/35/1164
f 1107/80/1165 1138/54/1165 1135/50/1165
f 1138/54/1166 1109/84/1166 1136/53/1166
f 1142/57/1167 1117/68/1167 1114/75/1167
f 1117/32/1168 1144/63/1168 1115/93/1168
f 1137/56/1169 1147/60/1169 1143/62/1169
f 1140/55/1170 1144/63/1170 1147/60/1170
f 1135/50/1171 1124/40/1171 1121/82/1171
f 1124/40/1172 1137/56/1172 1122/85/1172
f 1142/57/1173 1134/86/1173 1145/61/1173
f 1134/86/1174 1143/62/1174 1145/61/1174
f 1129/46/1175 1126/39/1175 1133/48/1175
f 1126/39/1176 1130/87/1176 1133/48/1176
f 1093/78/1177 1127/38/1177 1096/69/1177
f 1127/38/1178 1094/4/1178 1096/6/1178
f 1101/13/1179 1131/47/1179 1128/43/1179
f 1131/47/1180 1100/10/1180 1129/46/1180
f 1107/80/1181 1121/82/1181 1093/78/1181
f 1095/9/1182 1116/35/1182 1108/24/1182
f 1129/46/1183 1094/4/1183 1123/42/1183
f 1114/75/1184 1128/43/1184 1142/57/1184
f 1115/93/1185 1136/53/1185 1109/84/1185
f 1137/56/1186 1130/87/1186 1122/85/1186
f 449/78/1406 452/69/1406 453/2/1406
f 450/4/1407 454/65/1407 453/5/1407
f 455/7/1408 453/71/1408 454/8/1408
f 456/10/1409 459/70/1409 460/11/1409
f 457/13/1410 461/66/1410 460/14/1410
f 462/16/1411 460/73/1411 461/17/1411
f 463/80/1412 466/64/1412 467/20/1412
f 468/22/1413 467/26/1413 466/23/1413
f 465/25/1414 469/67/1414 467/26/1414
f 470/27/1415 473/68/1415 474/28/1415
f 471/93/1416 475/34/1416 474/31/1416
f 476/33/1417 474/31/1417 475/34/1417
f 477/82/1418 480/40/1418 481/37/1418
f 482/39/1419 481/37/1419 480/40/1419
f 479/42/1420 483/38/1420 481/37/1420
f 484/43/1421 487/47/1421 488/44/1421
f 485/46/1422 489/48/1422 488/44/1422
f 490/45/1423 488/44/1423 489/48/1423
f 491/50/1424 494/54/1424 495/51/1424
f 492/53/1425 496/55/1425 495/51/1425
f 497/52/1426 495/51/1426 496/55/1426
f 498/57/1427 501/61/1427 502/58/1427
f 503/60/1428 502/58/1428 501/61/1428
f 500/63/1429 504/77/1429 502/58/1429
f 463/80/457 449/78/457 455/3/457
f 455/7/1430 451/9/1430 464/74/1430
f 456/10/459 462/12/459 454/65/459
f 454/8/460 462/16/460 458/18/460
f 457/13/461 470/27/461 476/29/461
f 476/33/462 472/35/462 458/18/462
f 465/25/463 468/22/463 475/34/463
f 475/34/464 468/22/464 464/74/464
f 463/80/465 469/21/465 494/54/465
f 469/67/1431 465/25/1431 492/53/1431
f 470/27/467 498/57/467 504/77/467
f 504/77/468 500/63/468 471/93/468
f 493/56/469 496/55/469 503/60/469
f 503/60/470 496/55/470 492/53/470
f 477/82/471 491/50/471 497/52/471
f 497/52/472 493/56/472 478/41/472
f 498/57/473 484/43/473 490/45/473
f 490/45/1432 486/49/1432 499/62/1432
f 479/42/475 482/39/475 489/48/475
f 482/39/476 478/41/476 486/49/476
f 449/78/1433 477/82/1433 483/38/1433
f 483/38/1434 479/42/1434 450/4/1434
f 457/13/1435 459/15/1435 487/47/1435
f 487/47/1436 459/70/1436 456/10/1436
f 491/50/481 477/82/481 449/78/481
f 458/18/482 472/35/482 464/74/482
f 485/46/483 456/10/483 450/4/483
f 498/57/484 470/27/484 457/13/484
f 471/93/485 500/63/485 492/53/485
f 493/56/1437 499/62/1437 486/49/1437
f 505/78/1438 508/69/1438 509/2/1438
f 506/4/1439 510/65/1439 509/5/1439
f 511/7/1440 509/71/1440 510/8/1440
f 512/10/1441 515/70/1441 516/11/1441
f 513/13/1442 517/66/1442 516/14/1442
f 518/16/1443 516/73/1443 517/17/1443
f 519/80/1444 522/64/1444 523/20/1444
f 524/22/1445 523/26/1445 522/23/1445
f 521/84/1446 525/67/1446 523/26/1446
f 526/27/1447 529/68/1447 530/28/1447
f 527/93/1448 531/34/1448 530/31/1448
f 532/33/1449 530/31/1449 531/34/1449
f 533/82/1450 536/40/1450 537/37/1450
f 538/39/1451 537/37/1451 536/40/1451
f 535/42/1452 539/38/1452 537/37/1452
f 540/43/1453 543/47/1453 544/44/1453
f 541/46/1454 545/48/1454 544/44/1454
f 546/86/1455 544/44/1455 545/48/1455
f 547/50/1456 550/54/1456 551/51/1456
f 548/53/1457 552/55/1457 551/51/1457
f 553/52/1458 551/51/1458 552/55/1458
f 554/57/1459 557/61/1459 558/58/1459
f 559/60/1460 558/58/1460 557/61/1460
f 556/63/1461 560/59/1461 558/58/1461
f 505/78/511 511/3/511 522/64/511
f 522/23/512 511/7/512 507/9/512
f 506/4/513 512/10/513 518/12/513
f 518/16/514 514/18/514 507/9/514
f 513/13/515 526/27/515 532/29/515
f 532/33/516 528/35/516 514/18/516
f 527/93/517 521/84/517 524/22/517
f 531/34/518 524/22/518 520/24/518
f 547/50/1462 519/80/1462 525/21/1462
f 550/54/1463 525/67/1463 521/84/1463
f 554/57/1464 560/59/1464 529/68/1464
f 560/59/1465 556/63/1465 527/93/1465
f 555/62/523 549/56/523 552/55/523
f 559/60/524 552/55/524 548/53/524
f 547/50/525 553/52/525 536/40/525
f 553/52/526 549/56/526 534/85/526
f 554/57/527 540/43/527 546/86/527
f 546/86/528 542/87/528 555/62/528
f 541/46/529 535/42/529 538/39/529
f 538/39/530 534/85/530 542/87/530
f 505/78/531 533/82/531 539/38/531
f 508/6/532 539/38/532 535/42/532
f 540/43/533 513/13/533 515/15/533
f 543/47/1466 515/70/1466 512/10/1466
f 547/50/535 533/82/535 505/78/535
f 507/9/536 514/18/536 528/35/536
f 541/46/537 512/10/537 506/4/537
f 526/27/538 513/13/538 540/43/538
f 521/84/539 527/93/539 556/63/539
f 555/62/540 542/87/540 534/85/540
f 561/78/1467 564/69/1467 565/2/1467
f 562/4/1468 566/65/1468 565/5/1468
f 567/7/1469 565/71/1469 566/8/1469
f 568/10/1470 571/70/1470 572/11/1470
f 569/72/1471 573/66/1471 572/14/1471
f 574/16/1472 572/73/1472 573/17/1472
f 575/19/1473 578/64/1473 579/20/1473
f 580/22/1474 579/26/1474 578/23/1474
f 577/84/1475 581/67/1475 579/26/1475
f 582/75/1476 585/68/1476 586/28/1476
f 583/30/1477 587/34/1477 586/31/1477
f 588/33/1478 586/31/1478 587/34/1478
f 589/82/1479 592/40/1479 593/37/1479
f 594/39/1480 593/37/1480 592/40/1480
f 591/42/1481 595/38/1481 593/37/1481
f 596/43/1482 599/47/1482 600/44/1482
f 597/46/1483 601/48/1483 600/44/1483
f 602/86/1484 600/44/1484 601/48/1484
f 603/50/1485 606/54/1485 607/51/1485
f 604/53/1486 608/55/1486 607/51/1486
f 609/52/1487 607/51/1487 608/55/1487
f 610/57/1488 613/61/1488 614/58/1488
f 615/60/1489 614/58/1489 613/61/1489
f 612/63/1490 616/77/1490 614/58/1490
f 575/19/565 561/78/565 567/3/565
f 578/23/566 567/7/566 563/9/566
f 568/10/567 574/12/567 566/65/567
f 566/8/568 574/16/568 570/18/568
f 582/75/569 588/29/569 573/66/569
f 573/17/570 588/33/570 584/89/570
f 577/84/571 580/22/571 587/34/571
f 587/34/572 580/22/572 576/74/572
f 575/19/573 581/21/573 606/54/573
f 606/54/574 581/67/574 577/84/574
f 610/57/575 616/77/575 585/68/575
f 585/32/576 616/77/576 612/63/576
f 605/56/577 608/55/577 615/60/577
f 608/55/578 604/53/578 612/63/578
f 603/50/579 609/52/579 592/40/579
f 592/40/580 609/52/580 605/56/580
f 596/43/581 602/86/581 613/61/581
f 613/61/582 602/86/582 598/87/582
f 591/42/583 594/39/583 601/48/583
f 594/39/584 590/85/584 598/87/584
f 561/78/585 589/82/585 595/38/585
f 595/38/586 591/42/586 562/4/586
f 569/72/587 571/15/587 599/47/587
f 571/70/588 568/10/588 597/46/588
f 603/50/589 589/82/589 561/78/589
f 563/9/590 570/18/590 584/89/590
f 597/46/591 568/10/591 562/4/591
f 610/57/592 582/75/592 569/72/592
f 583/30/593 612/63/593 604/53/593
f 611/62/594 598/87/594 590/85/594
f 1093/78/1720 1096/69/1720 1097/2/1720
f 1094/4/1721 1098/65/1721 1097/5/1721
f 1099/7/1722 1097/71/1722 1098/8/1722
f 1100/10/1723 1103/70/1723 1104/11/1723
f 1101/13/1724 1105/66/1724 1104/14/1724
f 1106/16/1725 1104/73/1725 1105/17/1725
f 1107/80/1726 1110/64/1726 1111/20/1726
f 1112/22/1727 1111/26/1727 1110/23/1727
f 1109/84/1728 1113/67/1728 1111/26/1728
f 1114/75/1729 1117/68/1729 1118/28/1729
f 1115/93/1730 1119/34/1730 1118/31/1730
f 1120/33/1731 1118/31/1731 1119/34/1731
f 1121/82/1732 1124/40/1732 1125/37/1732
f 1126/39/1733 1125/37/1733 1124/40/1733
f 1123/42/1734 1127/38/1734 1125/37/1734
f 1128/43/1735 1131/47/1735 1132/44/1735
f 1129/46/1736 1133/48/1736 1132/44/1736
f 1134/86/1737 1132/44/1737 1133/48/1737
f 1135/50/1738 1138/54/1738 1139/51/1738
f 1136/53/1739 1140/55/1739 1139/51/1739
f 1141/52/1740 1139/51/1740 1140/55/1740
f 1142/57/1741 1145/61/1741 1146/58/1741
f 1147/60/1742 1146/58/1742 1145/61/1742
f 1144/63/1743 1148/77/1743 1146/58/1743
f 1107/80/1157 1093/78/1157 1099/3/1157
f 1099/7/1744 1095/9/1744 1108/24/1744
f 1100/10/1159 1106/12/1159 1098/65/1159
f 1106/16/1160 1102/18/1160 1095/9/1160
f 1101/13/1745 1114/75/1745 1120/29/1745
f 1105/17/1746 1120/33/1746 1116/35/1746
f 1115/93/1163 1109/84/1163 1112/22/1163
f 1119/34/1164 1112/22/1164 1108/24/1164
f 1107/80/1747 1113/21/1747 1138/54/1747
f 1138/54/1748 1113/67/1748 1109/84/1748
f 1142/57/1167 1148/77/1167 1117/68/1167
f 1117/32/1749 1148/77/1749 1144/63/1749
f 1137/56/1750 1140/55/1750 1147/60/1750
f 1140/55/1170 1136/53/1170 1144/63/1170
f 1135/50/1751 1141/52/1751 1124/40/1751
f 1124/40/1752 1141/52/1752 1137/56/1752
f 1142/57/1753 1128/43/1753 1134/86/1753
f 1134/86/1174 1130/87/1174 1143/62/1174
f 1129/46/1175 1123/42/1175 1126/39/1175
f 1126/39/1176 1122/85/1176 1130/87/1176
f 1093/78/1177 1121/82/1177 1127/38/1177
f 1127/38/1754 1123/42/1754 1094/4/1754
f 1101/13/1179 1103/15/1179 1131/47/1179
f 1131/47/1180 1103/70/1180 1100/10/1180
f 1107/80/1181 1135/50/1181 1121/82/1181
f 1095/9/1182 1102/18/1182 1116/35/1182
f 1129/46/1183 1100/10/1183 1094/4/1183
f 1114/75/1184 1101/13/1184 1128/43/1184
f 1115/93/1185 1144/63/1185 1136/53/1185
f 1137/56/1186 1143/62/1186 1130/87/1186
usemtl core
f 673/94/649 686/95/649 685/96/649
f 674/97/650 686/98/650 688/99/650
f 673/100/651 685/101/651 690/102/651
f 673/103/652 690/104/652 692/105/652
f 673/106/653 692/107/653 689/108/653
f 674/97/654 688/99/654 695/109/654
f 675/110/655 687/111/655 697/112/655
f 676/113/656 691/114/656 699/115/656
f 677/116/657 693/117/657 701/118/657
f 678/119/658 694/120/658 703/121/658
f 674/97/659 695/109/659 698/122/659
f 675/110/660 697/112/660 700/123/660
f 676/113/661 699/115/661 702/124/661
f 677/116/662 701/118/662 704/125/662
f 678/119/663 703/121/663 696/126/663
f 679/127/664 705/128/664 710/129/664
f 680/130/665 706/131/665 712/132/665
f 681/133/666 707/134/666 713/135/666
f 682/136/667 708/137/667 714/138/667
f 683/139/668 709/140/668 711/141/668
f 711/141/669 714/142/669 684/143/669
f 711/141/670 709/140/670 714/142/670
f 709/140/671 682/136/671 714/142/671
f 714/138/672 713/144/672 684/145/672
f 714/138/673 708/137/673 713/144/673
f 708/137/674 681/133/674 713/144/674
f 713/135/675 712/146/675 684/147/675
f 713/135/676 707/134/676 712/146/676
f 707/134/677 680/148/677 712/146/677
f 712/132/678 710/149/678 684/150/678
f 712/132/679 706/131/679 710/149/679
f 706/131/680 679/127/680 710/149/680
f 710/129/681 711/151/681 684/152/681
f 710/129/682 705/128/682 711/151/682
f 705/128/683 683/139/683 711/151/683
f 696/126/684 709/140/684 683/139/684
f 696/126/685 703/121/685 709/140/685
f 703/121/686 682/136/686 709/140/686
f 704/125/687 708/137/687 682/136/687
f 704/125/688 701/118/688 708/137/688
f 701/118/689 681/133/689 708/137/689
f 702/124/690 707/134/690 681/133/690
f 702/124/691 699/115/691 707/134/691
f 699/115/692 680/148/692 707/134/692
f 700/123/693 706/131/693 680/130/693
f 700/123/694 697/112/694 706/131/694
f 697/112/695 679/127/695 706/131/695
f 698/122/696 705/128/696 679/127/696
f 698/122/697 695/109/697 705/128/697
f 695/109/698 683/139/698 705/128/698
f 703/121/699 704/125/699 682/136/699
f 703/121/700 694/120/700 704/125/700
f 694/120/701 677/116/701 704/125/701
f 701/118/702 702/124/702 681/133/702
f 701/118/703 693/117/703 702/124/703
f 693/117/704 676/113/704 702/124/704
f 699/115/705 700/153/705 680/148/705
f 699/115/706 691/114/706 700/153/706
f 691/114/707 675/154/707 700/153/707
f 697/112/708 698/122/708 679/127/708
f 697/112/709 687/111/709 698/122/709
f 687/111/710 674/97/710 698/122/710
f 695/109/711 696/126/711 683/139/711
f 695/109/712 688/99/712 696/126/712
f 688/99/713 678/119/713 696/126/713
f 689/108/714 694/120/714 678/119/714
f 689/108/715 692/107/715 694/120/715
f 692/107/716 677/116/716 694/120/716
f 692/105/717 693/117/717 677/116/717
f 692/105/718 690/104/718 693/117/718
f 690/104/719 676/113/719 693/117/719
f 690/102/720 691/114/720 676/113/720
f 690/102/721 685/101/721 691/114/721
f 685/101/722 675/154/722 691/114/722
f 688/99/723 689/155/723 678/119/723
f 688/99/724 686/98/724 689/155/724
f 686/98/725 673/156/725 689/155/725
f 685/96/726 687/111/726 675/110/726
f 685/96/727 686/95/727 687/111/727
f 686/95/728 674/97/728 687/111/728
f 715/94/729 728/95/729 727/96/729
f 716/97/730 728/98/730 730/99/730
f 715/100/731 727/101/731 732/102/731
f 715/103/732 732/104/732 734/105/732
f 715/106/733 734/107/733 731/108/733
f 716/97/734 730/99/734 737/109/734
f 717/110/735 729/111/735 739/112/735
f 718/113/736 733/114/736 741/115/736
f 719/116/737 735/117/737 743/118/737
f 720/119/738 736/120/738 745/121/738
f 716/97/739 737/109/739 740/122/739
f 717/110/740 739/112/740 742/123/740
f 718/113/741 741/115/741 744/124/741
f 719/116/742 743/118/742 746/125/742
f 720/119/743 745/121/743 738/126/743
f 721/127/744 747/128/744 752/129/744
f 722/130/745 748/131/745 754/132/745
f 723/133/746 749/134/746 755/135/746
f 724/136/747 750/137/747 756/138/747
f 725/139/748 751/140/748 753/141/748
f 753/141/749 756/142/749 726/143/749
f 753/141/750 751/140/750 756/142/750
f 751/140/751 724/136/751 756/142/751
f 756/138/752 755/144/752 726/145/752
f 756/138/753 750/137/753 755/144/753
f 750/137/754 723/133/754 755/144/754
f 755/135/755 754/146/755 726/147/755
f 755/135/756 749/134/756 754/146/756
f 749/134/757 722/148/757 754/146/757
f 754/132/758 752/149/758 726/150/758
f 754/132/759 748/131/759 752/149/759
f 748/131/760 721/127/760 752/149/760
f 752/129/761 753/151/761 726/152/761
f 752/129/762 747/128/762 753/151/762
f 747/128/763 725/139/763 753/151/763
f 738/126/764 751/140/764 725/139/764
f 738/126/765 745/121/765 751/140/765
f 745/121/766 724/136/766 751/140/766
f 746/125/767 750/137/767 724/136/767
f 746/125/768 743/118/768 750/137/768
f 743/118/769 723/133/769 750/137/769
f 744/124/770 749/134/770 723/133/770
f 744/124/771 741/115/771 749/134/771
f 741/115/772 722/148/772 749/134/772
f 742/123/773 748/131/773 722/130/773
f 742/123/774 739/112/774 748/131/774
f 739/112/775 721/127/775 748/131/775
f 740/122/776 747/128/776 721/127/776
f 740/122/777 737/109/777 747/128/777
f 737/109/778 725/139/778 747/128/778
f 745/121/779 746/125/779 724/136/779
f 745/121/780 736/120/780 746/125/780
f 736/120/781 719/116/781 746/125/781
f 743/118/782 744/124/782 723/133/782
f 743/118/783 735/117/783 744/124/783
f 735/117/784 718/113/784 744/124/784
f 741/115/785 742/153/785 722/148/785
f 741/115/786 733/114/786 742/153/786
f 733/114/787 717/154/787 742/153/787
f 739/112/788 740/122/788 721/127/788
f 739/112/789 729/111/789 740/122/789
f 729/111/790 716/97/790 740/122/790
f 737/109/791 738/126/791 725/139/791
f 737/109/792 730/99/792 738/126/792
f 730/99/793 720/119/793 738/126/793
f 731/108/794 736/120/794 720/119/794
f 731/108/795 734/107/795 736/120/795
f 734/107/796 719/116/796 736/120/796
f 734/105/797 735/117/797 719/116/797
f 734/105/798 732/104/798 735/117/798
f 732/104/799 718/113/799 735/117/799
f 732/102/800 733/114/800 718/113/800
f 732/102/801 727/101/801 733/114/801
f 727/101/802 717/154/802 733/114/802
f 730/99/803 731/155/803 720/119/803
f 730/99/804 728/98/804 731/155/804
f 728/98/805 715/156/805 731/155/805
f 727/96/806 729/111/806 717/110/806
f 727/96/807 728/95/807 729/111/807
f 728/95/808 716/97/808 729/111/808
