# Blender 4.5.10 LTS
# www.blender.org
mtllib stow_rail.mtl
o stow_rail
v 0.687948 0.004134 -0.218011
v 0.687929 0.005264 -0.224182
v 0.690244 0.005351 -0.218024
v 0.686984 0.087875 -0.224982
v 0.686975 0.089125 -0.218834
v 0.689299 0.087961 -0.218825
v 0.688310 0.008283 0.209649
v 0.690606 0.009499 0.209635
v 0.688301 0.009532 0.215797
v 0.687337 0.093273 0.208825
v 0.687356 0.092143 0.214997
v 0.689660 0.092110 0.208835
v 0.527579 0.002300 -0.217857
v 0.525255 0.003464 -0.217867
v 0.527560 0.003430 -0.224029
v 0.526606 0.087291 -0.218681
v 0.526614 0.086041 -0.224829
v 0.524310 0.086074 -0.218667
v 0.527940 0.006448 0.209802
v 0.527932 0.007698 0.215951
v 0.525617 0.007612 0.209793
v 0.526967 0.091439 0.208979
v 0.524671 0.090223 0.208993
v 0.526986 0.090309 0.215150
v 0.633695 0.035002 -0.039543
v 0.633746 0.047471 -0.040674
v 0.634954 0.047459 -0.039474
v 0.637543 0.912668 -0.035620
v 0.637602 0.925122 -0.034343
v 0.638751 0.912655 -0.034420
v 0.633989 0.034513 0.044047
v 0.635247 0.046969 0.044116
v 0.634048 0.046967 0.045324
v 0.637896 0.924633 0.049247
v 0.637845 0.912164 0.050378
v 0.639045 0.912166 0.049170
v 0.550104 0.035367 -0.039247
v 0.548955 0.047834 -0.039170
v 0.550155 0.047836 -0.040378
v 0.554011 0.925487 -0.034047
v 0.553952 0.913033 -0.035324
v 0.552753 0.913031 -0.034116
v 0.550398 0.034878 0.044343
v 0.550457 0.047333 0.045620
v 0.549249 0.047345 0.044420
v 0.554305 0.924998 0.049543
v 0.553046 0.912541 0.049474
v 0.554254 0.912529 0.050674
v 0.623829 0.564614 0.031716
v 0.623588 0.557119 0.029390
v 0.624221 0.557435 0.028562
v 0.598083 0.057572 -0.180559
v 0.597590 0.050677 -0.184281
v 0.598716 0.057888 -0.181387
v 0.615091 0.585427 -0.016744
v 0.615482 0.578248 -0.019898
v 0.614598 0.578532 -0.020466
v 0.588852 0.071490 -0.232742
v 0.589093 0.078985 -0.230416
v 0.589978 0.078701 -0.229848
v 0.571148 0.563510 0.040742
v 0.570022 0.556299 0.037848
v 0.570907 0.556015 0.038416
v 0.544909 0.049573 -0.175256
v 0.545402 0.056468 -0.171534
v 0.544518 0.056752 -0.172102
v 0.562410 0.584323 -0.007719
v 0.561917 0.577428 -0.011441
v 0.561284 0.577112 -0.010613
v 0.536171 0.070386 -0.223716
v 0.535779 0.077565 -0.220562
v 0.536412 0.077881 -0.221390
v 0.638027 0.831431 -0.066747
v 0.638067 0.832219 -0.068840
v 0.639649 0.832175 -0.066720
v 0.638921 0.885670 -0.068378
v 0.638906 0.886422 -0.066271
v 0.640503 0.885626 -0.066257
v 0.636145 0.830200 0.079036
v 0.637767 0.830944 0.079063
v 0.636130 0.830952 0.081142
v 0.637023 0.885191 0.079511
v 0.636984 0.884403 0.081604
v 0.638621 0.884395 0.079525
v 0.526271 0.833228 -0.068175
v 0.524674 0.834024 -0.068189
v 0.526310 0.834016 -0.070268
v 0.527149 0.888219 -0.067699
v 0.527164 0.887467 -0.069806
v 0.525527 0.887475 -0.067726
v 0.524388 0.831997 0.077608
v 0.524374 0.832749 0.079714
v 0.522791 0.832793 0.077594
v 0.525267 0.886988 0.078084
v 0.523645 0.886244 0.078056
v 0.525227 0.886200 0.080177
v -0.517617 0.006297 -0.223194
v -0.517606 0.007448 -0.229361
v -0.515307 0.007487 -0.223198
v -0.517613 0.090066 -0.229885
v -0.517623 0.091295 -0.223733
v -0.515313 0.090105 -0.223722
v -0.518332 0.009009 0.204477
v -0.516022 0.010199 0.204473
v -0.518342 0.010238 0.210629
v -0.518339 0.094008 0.203938
v -0.518349 0.092857 0.210105
v -0.516028 0.092818 0.203949
v -0.677997 0.006282 -0.223462
v -0.680307 0.007472 -0.223473
v -0.677986 0.007433 -0.229629
v -0.678003 0.091281 -0.224001
v -0.677993 0.090052 -0.230153
v -0.680313 0.090090 -0.223997
v -0.678712 0.008995 0.204209
v -0.678722 0.010224 0.210361
v -0.681022 0.010184 0.204197
v -0.678718 0.093993 0.203670
v -0.681028 0.092803 0.203673
v -0.678729 0.092842 0.209837
v -0.552410 0.034565 -0.032958
v -0.552391 0.047017 -0.034263
v -0.551193 0.047026 -0.033052
v -0.551529 0.912208 -0.041256
v -0.551524 0.924679 -0.040153
v -0.550332 0.912217 -0.040046
v -0.552886 0.035241 0.050630
v -0.551670 0.047702 0.050536
v -0.552881 0.047713 0.051733
v -0.552000 0.925356 0.043435
v -0.552019 0.912904 0.044739
v -0.550808 0.912893 0.043542
v -0.636000 0.034645 -0.033435
v -0.637192 0.047107 -0.033542
v -0.635981 0.047096 -0.034739
v -0.635114 0.924759 -0.040630
v -0.635120 0.912287 -0.041733
v -0.636331 0.912298 -0.040536
v -0.636477 0.035321 0.050153
v -0.636471 0.047792 0.051256
v -0.637668 0.047784 0.050046
v -0.635590 0.925435 0.042958
v -0.636807 0.912974 0.043052
v -0.635610 0.912983 0.044263
v -0.565167 0.562523 0.041992
v -0.565140 0.555033 0.039636
v -0.564237 0.555289 0.039085
v -0.552998 0.055740 -0.172108
v -0.552674 0.048847 -0.175852
v -0.552094 0.055996 -0.172659
v -0.554879 0.583217 -0.006215
v -0.553948 0.575983 -0.009122
v -0.554556 0.576323 -0.009959
v -0.542386 0.069541 -0.224059
v -0.542413 0.077030 -0.221703
v -0.541806 0.076690 -0.220866
v -0.617614 0.565459 0.032059
v -0.618195 0.558310 0.028866
v -0.617588 0.557970 0.029703
v -0.605122 0.051783 -0.185785
v -0.605444 0.058677 -0.182041
v -0.606052 0.059017 -0.182878
v -0.607326 0.586153 -0.016148
v -0.607003 0.579260 -0.019892
v -0.607906 0.579004 -0.019341
v -0.594833 0.072477 -0.233992
v -0.595763 0.079711 -0.231085
v -0.594860 0.079967 -0.231636
v -0.524921 0.821995 -0.055794
v -0.524885 0.822739 -0.057903
v -0.523308 0.822758 -0.055778
v -0.524639 0.876194 -0.058581
v -0.524669 0.876990 -0.056492
v -0.523063 0.876213 -0.056456
v -0.527223 0.823856 0.089976
v -0.525610 0.824618 0.089992
v -0.527253 0.824652 0.092066
v -0.526971 0.878851 0.089278
v -0.527008 0.878107 0.091388
v -0.525365 0.878074 0.089314
v -0.636686 0.822485 -0.057565
v -0.638292 0.823262 -0.057600
v -0.636649 0.823229 -0.059675
v -0.636434 0.877480 -0.058263
v -0.636404 0.876684 -0.060353
v -0.638047 0.876718 -0.058279
v -0.638988 0.824345 0.088205
v -0.639018 0.825142 0.090295
v -0.640594 0.825122 0.088169
v -0.638736 0.879341 0.087507
v -0.640349 0.878578 0.087491
v -0.638773 0.878597 0.089616
v 0.744722 0.917578 0.036898
v 0.730981 0.929285 0.046106
v 0.731407 0.905036 0.045621
v -0.744985 0.891716 0.022211
v -0.731381 0.879641 0.031200
v -0.731806 0.903891 0.031685
v 0.745037 0.902827 0.029426
v 0.731456 0.902756 0.044466
v 0.731863 0.888019 0.025202
v -0.744719 0.879287 0.015915
v -0.730973 0.864904 0.011936
v -0.731381 0.879641 0.031200
v 0.745222 0.899473 0.013232
v 0.731892 0.887500 0.022699
v 0.731974 0.893372 -0.000837
v -0.744563 0.876461 0.002271
v -0.730891 0.870776 -0.011601
v -0.730973 0.864904 0.011936
v 0.745138 0.910041 0.000512
v 0.731961 0.895006 -0.002803
v 0.731656 0.917066 -0.012889
v -0.744634 0.885365 -0.008448
v -0.731195 0.892836 -0.021686
v -0.730891 0.870776 -0.011601
v 0.744848 0.926573 0.000842
v 0.731612 0.919621 -0.012838
v 0.731149 0.941257 -0.001878
v -0.744878 0.899295 -0.008169
v -0.731658 0.914472 -0.010726
v -0.731195 0.892836 -0.021686
v 0.744570 0.936620 0.013976
v 0.731106 0.942810 0.000152
v 0.730834 0.947730 0.023904
v -0.745113 0.907761 0.002897
v -0.731930 0.919392 0.013026
v -0.731658 0.914472 -0.010726
v 0.744514 0.932617 0.030022
v 0.730826 0.947111 0.026385
v 0.730949 0.931610 0.045043
v -0.745160 0.904388 0.016417
v -0.731806 0.903891 0.031685
v -0.731930 0.919392 0.013026
v 0.595671 0.267171 -0.027274
v 0.579030 0.267352 -0.028385
v 0.579023 0.268158 -0.027567
v -0.577401 0.279456 -0.049169
v -0.594072 0.279624 -0.048656
v -0.577407 0.280262 -0.048351
v 0.594654 0.266747 0.029091
v 0.578006 0.267734 0.028798
v 0.577983 0.266916 0.029604
v -0.595089 0.279200 0.007709
v -0.578447 0.279020 0.008820
v -0.578424 0.279838 0.008014
v 0.595089 0.210800 -0.027709
v 0.578424 0.210162 -0.028014
v 0.578447 0.210981 -0.028820
v -0.594654 0.223253 -0.049091
v -0.577983 0.223084 -0.049604
v -0.578006 0.222266 -0.048798
v 0.594072 0.210376 0.028656
v 0.577401 0.210544 0.029169
v 0.577407 0.209738 0.028351
v -0.595671 0.222829 0.007274
v -0.579023 0.221842 0.007567
v -0.579030 0.222648 0.008385
v 0.157108 0.239243 -0.013120
v 0.157097 0.239687 -0.014172
v 0.161868 0.239685 -0.013174
v 0.157133 0.270790 -0.014295
v 0.157145 0.271242 -0.013247
v 0.161904 0.270789 -0.013298
v 0.157911 0.239531 0.059775
v 0.162671 0.239973 0.059721
v 0.157923 0.239983 0.060823
v 0.157947 0.271531 0.059648
v 0.157958 0.271087 0.060700
v 0.162707 0.271077 0.059597
v -0.173352 0.239636 -0.009484
v -0.178111 0.240090 -0.009433
v -0.173363 0.240080 -0.010536
v -0.173315 0.271636 -0.009611
v -0.173327 0.271184 -0.010659
v -0.178075 0.271194 -0.009557
v -0.172549 0.239925 0.063411
v -0.172537 0.240377 0.064459
v -0.177308 0.240378 0.063462
v -0.172512 0.271924 0.063284
v -0.177273 0.271482 0.063338
v -0.172501 0.271480 0.064336
v 0.287192 0.482715 -0.061250
v 0.271354 0.494925 -0.059107
v 0.293026 0.497110 -0.074028
v 0.288610 0.510877 -0.055068
v 0.293064 0.497861 -0.073864
v 0.271392 0.495676 -0.058942
v 0.346840 0.488368 -0.076651
v 0.333155 0.500913 -0.084389
v 0.359328 0.503263 -0.081820
v 0.343626 0.516091 -0.069273
v 0.359242 0.504002 -0.081624
v 0.333070 0.501652 -0.084192
v 0.402441 0.493064 -0.049939
v 0.396734 0.506422 -0.063850
v 0.415160 0.507838 -0.044993
v 0.394910 0.520422 -0.044635
v 0.414959 0.508568 -0.044851
v 0.396533 0.507152 -0.063708
v 0.427978 0.494605 0.006386
v 0.432340 0.508875 -0.007099
v 0.434398 0.508695 0.019223
v 0.418464 0.521843 0.007316
v 0.434144 0.509422 0.019247
v 0.432086 0.509602 -0.007075
v 0.411503 0.492271 0.065969
v 0.423314 0.507125 0.059308
v 0.408041 0.505433 0.080778
v 0.403268 0.519690 0.062273
v 0.407821 0.506164 0.080680
v 0.423095 0.507856 0.059209
v 0.360724 0.487153 0.100930
v 0.373879 0.501990 0.104299
v 0.348421 0.499577 0.110872
v 0.356432 0.514970 0.094519
v 0.348307 0.500319 0.110701
v 0.373764 0.502731 0.104128
v 0.299401 0.481646 0.094912
v 0.307166 0.495872 0.106822
v 0.283435 0.493868 0.095422
v 0.299871 0.509891 0.088968
v 0.283448 0.494621 0.095263
v 0.307178 0.496626 0.106664
v 0.256228 0.478328 0.050729
v 0.254391 0.491636 0.065697
v 0.243491 0.490978 0.041658
v 0.260051 0.506830 0.048216
v 0.243593 0.491738 0.041591
v 0.254492 0.492396 0.065630
v 0.251406 0.478750 -0.010944
v 0.240247 0.491262 0.000167
v 0.247279 0.492258 -0.025263
v 0.255603 0.507219 -0.008668
v 0.247391 0.493017 -0.025202
v 0.240359 0.492021 0.000228
v 0.448801 0.483083 0.017120
v 0.451746 0.486960 0.014024
v 0.451348 0.486440 0.021063
v 0.451535 0.507067 0.022598
v 0.451934 0.507587 0.015559
v 0.449057 0.511212 0.019214
v 0.425198 0.480411 0.081828
v 0.420366 0.479725 0.086942
v 0.420841 0.476637 0.082091
v 0.420515 0.504632 0.085536
v 0.420127 0.500254 0.089469
v 0.424959 0.500939 0.084354
v 0.361189 0.473648 0.116500
v 0.354184 0.473118 0.117298
v 0.357567 0.470139 0.113695
v 0.355926 0.497998 0.117798
v 0.352981 0.493547 0.120306
v 0.359985 0.494077 0.119509
v 0.289669 0.469836 0.101818
v 0.283770 0.469710 0.097925
v 0.288587 0.466630 0.097144
v 0.285511 0.494416 0.100902
v 0.281515 0.490085 0.100681
v 0.287414 0.490212 0.104574
v 0.244105 0.470759 0.044651
v 0.242071 0.471095 0.037889
v 0.246176 0.467751 0.040183
v 0.242218 0.495561 0.042756
v 0.239168 0.491488 0.039776
v 0.241203 0.491152 0.046538
v 0.245815 0.475984 -0.028252
v 0.248598 0.476626 -0.034719
v 0.250179 0.472979 -0.030536
v 0.246305 0.500898 -0.029434
v 0.245757 0.497099 -0.033910
v 0.242974 0.496457 -0.027444
v 0.293999 0.483068 -0.082779
v 0.300297 0.483714 -0.085925
v 0.298723 0.479867 -0.081923
v 0.295859 0.507929 -0.081889
v 0.298196 0.504292 -0.085900
v 0.291899 0.503645 -0.082754
v 0.366112 0.488694 -0.093416
v 0.372978 0.489044 -0.091768
v 0.369094 0.485192 -0.089932
v 0.367693 0.513364 -0.090065
v 0.371951 0.509703 -0.091865
v 0.365085 0.509353 -0.093513
v 0.428411 0.490232 -0.055185
v 0.432633 0.490120 -0.049516
v 0.428364 0.486462 -0.050817
v 0.428196 0.514661 -0.050136
v 0.432509 0.510799 -0.049016
v 0.428288 0.510910 -0.054686
v 0.443361 0.486546 0.020618
v 0.443759 0.487066 0.013579
v 0.448801 0.483083 0.017120
v 0.449057 0.511212 0.019214
v 0.443947 0.507693 0.015115
v 0.443548 0.507173 0.022154
v 0.420841 0.476637 0.082091
v 0.414527 0.480326 0.081507
v 0.419359 0.481012 0.076392
v 0.419120 0.501540 0.078918
v 0.414288 0.500855 0.084033
v 0.420515 0.504632 0.085536
v 0.357567 0.470139 0.113695
v 0.353206 0.474218 0.109434
v 0.360210 0.474748 0.108637
v 0.359007 0.495178 0.111645
v 0.352003 0.494648 0.112442
v 0.355926 0.497998 0.117798
v 0.288587 0.466630 0.097144
v 0.288091 0.471079 0.091333
v 0.293990 0.471206 0.095226
v 0.291735 0.491582 0.097982
v 0.285836 0.491455 0.094089
v 0.285511 0.494416 0.100902
v 0.246176 0.467751 0.040183
v 0.249650 0.472379 0.035673
v 0.251684 0.472042 0.042435
v 0.248782 0.492435 0.044322
v 0.246748 0.492772 0.037560
v 0.242218 0.495561 0.042756
v 0.250179 0.472979 -0.030536
v 0.255869 0.477508 -0.031502
v 0.253086 0.476866 -0.025036
v 0.250245 0.497339 -0.024227
v 0.253028 0.497981 -0.030694
v 0.246305 0.500898 -0.029434
v 0.298723 0.479867 -0.081923
v 0.303839 0.484067 -0.078760
v 0.297542 0.483421 -0.075615
v 0.295441 0.503998 -0.075590
v 0.301739 0.504645 -0.078735
v 0.295859 0.507929 -0.081889
v 0.369094 0.485192 -0.089932
v 0.371114 0.488988 -0.083989
v 0.364249 0.488638 -0.085636
v 0.363221 0.509297 -0.085733
v 0.370087 0.509647 -0.084086
v 0.367693 0.513364 -0.090065
v 0.428364 0.486462 -0.050817
v 0.426216 0.489966 -0.044741
v 0.421994 0.490078 -0.050411
v 0.421871 0.510756 -0.049911
v 0.426092 0.510645 -0.044242
v 0.428196 0.514661 -0.050136
v 0.307487 0.490594 0.119095
v 0.309689 0.494042 0.123189
v 0.302994 0.493739 0.120948
v 0.300918 0.518640 0.123782
v 0.307613 0.518943 0.126023
v 0.304789 0.522941 0.122777
v 0.245842 0.492847 0.075586
v 0.242135 0.492988 0.069571
v 0.246687 0.489645 0.070839
v 0.243094 0.521978 0.073810
v 0.239369 0.517878 0.071859
v 0.243076 0.517737 0.077873
v 0.227349 0.496612 -0.001795
v 0.228365 0.497130 -0.008769
v 0.230958 0.493500 -0.005081
v 0.227133 0.525890 -0.003229
v 0.225420 0.522065 -0.007343
v 0.224404 0.521546 -0.000369
v 0.262864 0.503575 -0.072747
v 0.268127 0.504229 -0.077417
v 0.267659 0.500356 -0.073141
v 0.264374 0.532847 -0.072292
v 0.265599 0.529241 -0.076763
v 0.260336 0.528587 -0.072093
v 0.335770 0.510479 -0.104070
v 0.342817 0.510963 -0.104251
v 0.339617 0.507005 -0.101495
v 0.337393 0.539594 -0.101063
v 0.341105 0.536050 -0.103919
v 0.334058 0.535567 -0.103738
v 0.411952 0.514093 -0.081109
v 0.417486 0.514180 -0.076716
v 0.413162 0.510335 -0.076876
v 0.412022 0.542973 -0.076082
v 0.416608 0.539305 -0.076104
v 0.411074 0.539218 -0.080497
v 0.455764 0.512726 -0.014606
v 0.457196 0.512375 -0.007695
v 0.453882 0.508789 -0.010804
v 0.453342 0.541404 -0.009035
v 0.456780 0.537483 -0.006334
v 0.455348 0.537834 -0.013245
v 0.446706 0.507018 0.064320
v 0.443366 0.506394 0.070516
v 0.442723 0.503089 0.065807
v 0.442019 0.535621 0.068704
v 0.442823 0.531437 0.072746
v 0.446164 0.532061 0.066550
v 0.389017 0.499639 0.118740
v 0.382467 0.499034 0.121321
v 0.384907 0.495904 0.117107
v 0.383351 0.528329 0.120760
v 0.381268 0.523995 0.124133
v 0.387819 0.524600 0.121552
v 0.305468 0.494803 0.113415
v 0.312163 0.495106 0.115656
v 0.307487 0.490594 0.119095
v 0.304789 0.522941 0.122777
v 0.310086 0.520007 0.118490
v 0.303392 0.519704 0.116249
v 0.246687 0.489645 0.070839
v 0.248889 0.494118 0.065435
v 0.252596 0.493977 0.071450
v 0.249829 0.518868 0.073737
v 0.246123 0.519009 0.067723
v 0.243094 0.521978 0.073810
v 0.230958 0.493500 -0.005081
v 0.236226 0.497990 -0.007560
v 0.235210 0.497471 -0.000586
v 0.232266 0.522405 0.000840
v 0.233282 0.522924 -0.006134
v 0.227133 0.525890 -0.003229
v 0.267659 0.500356 -0.073141
v 0.273405 0.504606 -0.071416
v 0.268142 0.503952 -0.066747
v 0.265614 0.528964 -0.066093
v 0.270877 0.529618 -0.070762
v 0.264374 0.532847 -0.072292
v 0.339617 0.507005 -0.101495
v 0.343029 0.510871 -0.096255
v 0.335981 0.510388 -0.096074
v 0.334269 0.535475 -0.095741
v 0.341317 0.535958 -0.095922
v 0.337393 0.539594 -0.101063
v 0.413162 0.510335 -0.076876
v 0.412520 0.513854 -0.070453
v 0.406985 0.513767 -0.074845
v 0.406108 0.538892 -0.074234
v 0.411642 0.538979 -0.069841
v 0.412022 0.542973 -0.076082
v 0.453882 0.508789 -0.010804
v 0.449363 0.512158 -0.006083
v 0.447931 0.512509 -0.012994
v 0.447515 0.537617 -0.011633
v 0.448947 0.537266 -0.004722
v 0.453342 0.541404 -0.009035
v 0.442723 0.503089 0.065807
v 0.436318 0.506578 0.066734
v 0.439659 0.507202 0.060538
v 0.439117 0.532245 0.062769
v 0.435776 0.531621 0.068964
v 0.442019 0.535621 0.068704
v 0.384907 0.495904 0.117107
v 0.379490 0.499724 0.113927
v 0.386040 0.500329 0.111346
v 0.384842 0.525290 0.114158
v 0.378291 0.524685 0.116739
v 0.383351 0.528329 0.120760
v 0.407445 0.541763 -0.089324
v 0.405719 0.545630 -0.093302
v 0.411612 0.545811 -0.089409
v 0.409828 0.570816 -0.087872
v 0.403935 0.570635 -0.091765
v 0.405127 0.574254 -0.087327
v 0.458904 0.544638 -0.025918
v 0.460942 0.544260 -0.019164
v 0.457558 0.540520 -0.022047
v 0.455555 0.573003 -0.019626
v 0.459401 0.569260 -0.017301
v 0.457363 0.569637 -0.024054
v 0.456575 0.537477 0.059602
v 0.453805 0.536717 0.066056
v 0.452931 0.533333 0.061416
v 0.450899 0.565770 0.064362
v 0.452242 0.561682 0.068324
v 0.455012 0.562442 0.061869
v 0.399824 0.527498 0.123240
v 0.393542 0.526711 0.126375
v 0.395730 0.523563 0.122010
v 0.393338 0.555939 0.125338
v 0.391701 0.551629 0.128936
v 0.397983 0.552415 0.125801
v 0.315203 0.519369 0.135221
v 0.308349 0.518924 0.133570
v 0.312720 0.515783 0.131384
v 0.309805 0.548110 0.134771
v 0.306106 0.543804 0.136176
v 0.312960 0.544249 0.137828
v 0.242309 0.516895 0.089938
v 0.238089 0.517000 0.084273
v 0.242742 0.513633 0.085151
v 0.239387 0.545946 0.088246
v 0.235507 0.541869 0.086656
v 0.239727 0.541764 0.092321
v 0.215249 0.521233 0.008580
v 0.215638 0.521838 0.001552
v 0.218539 0.518119 0.004943
v 0.215032 0.550460 0.007534
v 0.212939 0.546729 0.003546
v 0.212550 0.546124 0.010574
v 0.246685 0.530353 -0.070785
v 0.251501 0.531176 -0.075888
v 0.251437 0.527141 -0.071708
v 0.248137 0.559540 -0.069600
v 0.248962 0.556110 -0.074265
v 0.244145 0.555288 -0.069163
v 0.321907 0.539988 -0.111022
v 0.328897 0.540643 -0.111811
v 0.326042 0.536479 -0.108937
v 0.323211 0.568937 -0.107063
v 0.326719 0.565623 -0.110369
v 0.319729 0.564968 -0.109579
v 0.407235 0.545089 -0.082751
v 0.401343 0.544908 -0.086644
v 0.407445 0.541763 -0.089324
v 0.405127 0.574254 -0.087327
v 0.399559 0.569914 -0.085107
v 0.405451 0.570095 -0.081214
v 0.457558 0.540520 -0.022047
v 0.453298 0.543620 -0.016893
v 0.451260 0.543997 -0.023647
v 0.449719 0.568997 -0.021784
v 0.451757 0.568619 -0.015030
v 0.455555 0.573003 -0.019626
v 0.452931 0.533333 0.061416
v 0.446463 0.536545 0.062884
v 0.449233 0.537305 0.056430
v 0.447669 0.562270 0.058698
v 0.444899 0.561510 0.065152
v 0.450899 0.565770 0.064362
v 0.395730 0.523563 0.122010
v 0.389929 0.527176 0.119252
v 0.396211 0.527963 0.116118
v 0.394370 0.552880 0.118679
v 0.388088 0.552094 0.121814
v 0.393338 0.555939 0.125338
v 0.312720 0.515783 0.131384
v 0.310149 0.519897 0.125836
v 0.317003 0.520342 0.127487
v 0.314760 0.545221 0.130094
v 0.307906 0.544776 0.128442
v 0.309805 0.548110 0.134771
v 0.242742 0.513633 0.085151
v 0.244452 0.518112 0.079554
v 0.248672 0.518008 0.085219
v 0.246090 0.542877 0.087602
v 0.241870 0.542982 0.081937
v 0.239387 0.545946 0.088246
v 0.218539 0.518119 0.004943
v 0.223580 0.522658 0.002063
v 0.223190 0.522053 0.009091
v 0.220491 0.546944 0.011085
v 0.220881 0.547549 0.004057
v 0.215032 0.550460 0.007534
v 0.251437 0.527141 -0.071708
v 0.257298 0.531408 -0.070379
v 0.252481 0.530585 -0.065276
v 0.249941 0.555520 -0.063654
v 0.254758 0.556342 -0.068756
v 0.248137 0.559540 -0.069600
v 0.326042 0.536479 -0.108937
v 0.329829 0.540266 -0.103874
v 0.322839 0.539611 -0.103085
v 0.320661 0.564591 -0.101643
v 0.327650 0.565246 -0.102432
v 0.323211 0.568937 -0.107063
v 0.207436 0.544632 0.018447
v 0.204559 0.548189 0.022076
v 0.204362 0.548219 0.015015
v 0.202574 0.573264 0.015170
v 0.202771 0.573234 0.022232
v 0.205113 0.577176 0.018649
v 0.231009 0.550979 -0.065383
v 0.235381 0.551382 -0.070917
v 0.235597 0.547550 -0.066517
v 0.233186 0.580085 -0.066053
v 0.233526 0.576421 -0.070560
v 0.229154 0.576018 -0.065026
v 0.307302 0.557702 -0.115289
v 0.314198 0.558289 -0.116707
v 0.311603 0.554229 -0.113409
v 0.308959 0.586743 -0.112801
v 0.312163 0.583312 -0.116238
v 0.305267 0.582725 -0.114821
v 0.397741 0.565211 -0.104290
v 0.403934 0.565709 -0.100928
v 0.399891 0.561544 -0.100288
v 0.396975 0.594036 -0.099720
v 0.401689 0.590714 -0.100491
v 0.395496 0.590217 -0.103853
v 0.460008 0.569994 -0.037533
v 0.462600 0.570168 -0.030964
v 0.459150 0.566073 -0.033293
v 0.456051 0.598551 -0.032931
v 0.460214 0.595163 -0.030686
v 0.457622 0.594989 -0.037255
v 0.464967 0.569812 0.053746
v 0.462746 0.569582 0.060448
v 0.461652 0.565696 0.056229
v 0.458545 0.598175 0.056314
v 0.460354 0.594577 0.060514
v 0.462576 0.594807 0.053812
v 0.410298 0.564750 0.126836
v 0.404303 0.564223 0.130535
v 0.406226 0.560590 0.126388
v 0.403289 0.593085 0.126258
v 0.402043 0.589231 0.130435
v 0.408039 0.589758 0.126736
v 0.321582 0.557177 0.147539
v 0.314618 0.556600 0.146504
v 0.318806 0.553144 0.144358
v 0.316139 0.585662 0.144171
v 0.312566 0.581625 0.146360
v 0.319530 0.582202 0.147395
v 0.240329 0.550637 0.106166
v 0.235655 0.550279 0.100881
v 0.240298 0.546842 0.101728
v 0.237873 0.579379 0.101673
v 0.233789 0.575320 0.100839
v 0.238463 0.575677 0.106123
v 0.212338 0.548789 0.014794
v 0.212536 0.548760 0.021856
v 0.207436 0.544632 0.018447
v 0.205113 0.577176 0.018649
v 0.210748 0.573805 0.022011
v 0.210550 0.573835 0.014950
v 0.235597 0.547550 -0.066517
v 0.241637 0.551775 -0.065946
v 0.237265 0.551372 -0.060412
v 0.235410 0.576410 -0.060055
v 0.239782 0.576813 -0.065589
v 0.233186 0.580085 -0.066053
v 0.311603 0.554229 -0.113409
v 0.315810 0.558274 -0.108871
v 0.308914 0.557686 -0.107453
v 0.306879 0.582709 -0.106985
v 0.313775 0.583297 -0.108402
v 0.308959 0.586743 -0.112801
v 0.399891 0.561544 -0.100288
v 0.400151 0.565246 -0.093894
v 0.393959 0.564749 -0.097256
v 0.391714 0.589754 -0.096819
v 0.397907 0.590252 -0.093457
v 0.396975 0.594036 -0.099720
v 0.459150 0.566073 -0.033293
v 0.455197 0.569429 -0.028023
v 0.452605 0.569255 -0.034593
v 0.450219 0.594250 -0.034314
v 0.452811 0.594424 -0.027745
v 0.456051 0.598551 -0.032931
v 0.461652 0.565696 0.056229
v 0.455190 0.568865 0.057919
v 0.457411 0.569096 0.051217
v 0.455020 0.594091 0.051283
v 0.452798 0.593861 0.057985
v 0.458545 0.598175 0.056314
v 0.406226 0.560590 0.126388
v 0.400134 0.563819 0.123720
v 0.406129 0.564346 0.120021
v 0.403869 0.589353 0.119920
v 0.397874 0.588827 0.123619
v 0.403289 0.593085 0.126258
v 0.318806 0.553144 0.144358
v 0.315790 0.556651 0.138590
v 0.322754 0.557228 0.139625
v 0.320702 0.582253 0.139482
v 0.313738 0.581676 0.138447
v 0.316139 0.585662 0.144171
v 0.240298 0.546842 0.101728
v 0.241624 0.550715 0.095572
v 0.246298 0.551072 0.100857
v 0.244432 0.576113 0.100815
v 0.239758 0.575756 0.095530
v 0.237873 0.579379 0.101673
v 0.438861 0.592189 0.106712
v 0.442683 0.596546 0.105759
v 0.438059 0.596036 0.111077
v 0.434697 0.620952 0.110543
v 0.439322 0.621462 0.105225
v 0.434494 0.624556 0.106019
v 0.360061 0.588022 0.154224
v 0.353111 0.587342 0.155308
v 0.356577 0.583734 0.152230
v 0.353209 0.616205 0.150984
v 0.350519 0.612338 0.154348
v 0.357469 0.613017 0.153264
v 0.265692 0.579190 0.137965
v 0.259669 0.578660 0.134307
v 0.264352 0.575134 0.133934
v 0.262104 0.607709 0.132910
v 0.257939 0.603736 0.133519
v 0.263962 0.604266 0.137177
v 0.203732 0.574184 0.064591
v 0.201454 0.574050 0.057903
v 0.205339 0.570412 0.060385
v 0.203809 0.603044 0.060255
v 0.200275 0.599171 0.057802
v 0.202553 0.599304 0.064490
v 0.203172 0.575345 -0.031567
v 0.205705 0.575671 -0.038156
v 0.207153 0.571778 -0.034002
v 0.205600 0.604394 -0.032987
v 0.204510 0.600778 -0.037374
v 0.201977 0.600452 -0.030785
v 0.264276 0.582130 -0.105514
v 0.270434 0.582763 -0.108921
v 0.268943 0.578593 -0.105064
v 0.266639 0.611125 -0.103185
v 0.268661 0.607807 -0.107475
v 0.262503 0.607174 -0.104068
v 0.358451 0.591365 -0.122651
v 0.365354 0.592009 -0.121282
v 0.361798 0.587668 -0.119548
v 0.358366 0.620090 -0.117493
v 0.362712 0.616968 -0.119700
v 0.355810 0.616324 -0.121069
v 0.441632 0.598728 -0.074958
v 0.446049 0.599081 -0.069454
v 0.442269 0.594756 -0.070679
v 0.437861 0.627092 -0.069218
v 0.442656 0.623974 -0.068329
v 0.438239 0.623621 -0.073834
v 0.474898 0.600774 0.015248
v 0.474763 0.600672 0.022312
v 0.472704 0.596542 0.018678
v 0.467926 0.628856 0.019054
v 0.471084 0.625548 0.022601
v 0.471220 0.625650 0.015537
v 0.432105 0.595120 0.105813
v 0.436730 0.595630 0.100494
v 0.438861 0.592189 0.106712
v 0.434494 0.624556 0.106019
v 0.433368 0.620546 0.099960
v 0.428743 0.620036 0.105279
v 0.356577 0.583734 0.152230
v 0.351921 0.586916 0.147408
v 0.358871 0.587595 0.146324
v 0.356278 0.612591 0.145365
v 0.349328 0.611911 0.146449
v 0.353209 0.616205 0.150984
v 0.264352 0.575134 0.133934
v 0.263817 0.578731 0.127467
v 0.269840 0.579261 0.131125
v 0.268109 0.604338 0.130336
v 0.262086 0.603807 0.126679
v 0.262104 0.607709 0.132910
v 0.205339 0.570412 0.060385
v 0.209017 0.574395 0.055320
v 0.211295 0.574528 0.062008
v 0.210117 0.599649 0.061907
v 0.207839 0.599515 0.055219
v 0.203809 0.603044 0.060255
v 0.207153 0.571778 -0.034002
v 0.213164 0.575936 -0.035275
v 0.210631 0.575611 -0.028686
v 0.209436 0.600718 -0.027904
v 0.211969 0.601044 -0.034493
v 0.205600 0.604394 -0.032987
v 0.268943 0.578593 -0.105064
v 0.274317 0.582634 -0.101927
v 0.268158 0.582001 -0.098520
v 0.266385 0.607045 -0.097074
v 0.272543 0.607678 -0.100481
v 0.266639 0.611125 -0.103185
v 0.361798 0.587668 -0.119548
v 0.363861 0.591354 -0.113449
v 0.356958 0.590711 -0.114819
v 0.354317 0.615670 -0.113237
v 0.361220 0.616313 -0.111868
v 0.358366 0.620090 -0.117493
v 0.442269 0.594756 -0.070679
v 0.439898 0.598017 -0.064450
v 0.435482 0.597663 -0.069955
v 0.432088 0.622556 -0.068830
v 0.436505 0.622909 -0.063325
v 0.437861 0.627092 -0.069218
v 0.472704 0.596542 0.018678
v 0.466850 0.599504 0.022143
v 0.466986 0.599606 0.015079
v 0.463308 0.624482 0.015368
v 0.463172 0.624380 0.022432
v 0.467926 0.628856 0.019054
v 0.221232 0.596394 0.106199
v 0.221233 0.600290 0.110640
v 0.216804 0.600155 0.105130
v 0.216182 0.625372 0.105016
v 0.220611 0.625506 0.110526
v 0.220424 0.629133 0.106051
v 0.186551 0.601792 0.016799
v 0.186675 0.602159 0.009739
v 0.189351 0.598118 0.013117
v 0.189176 0.630823 0.014814
v 0.186540 0.627349 0.011046
v 0.186416 0.626982 0.018107
v 0.220016 0.609634 -0.077168
v 0.224637 0.610330 -0.082475
v 0.224486 0.605995 -0.078464
v 0.223614 0.638544 -0.074951
v 0.223965 0.635400 -0.079769
v 0.219345 0.634704 -0.074462
v 0.305971 0.620146 -0.127292
v 0.312925 0.620846 -0.128363
v 0.310195 0.616338 -0.125693
v 0.307624 0.648682 -0.121243
v 0.310944 0.645758 -0.124936
v 0.303990 0.645058 -0.123865
v 0.404195 0.628409 -0.110121
v 0.410229 0.628785 -0.106455
v 0.406375 0.624308 -0.106470
v 0.401897 0.656494 -0.102402
v 0.406780 0.653576 -0.103321
v 0.400746 0.653200 -0.106988
v 0.468729 0.630557 -0.033689
v 0.471020 0.630433 -0.027001
v 0.468022 0.626176 -0.029790
v 0.462321 0.658325 -0.027242
v 0.466629 0.655195 -0.025038
v 0.464339 0.655319 -0.031726
v 0.469377 0.625585 0.066241
v 0.466852 0.625019 0.072822
v 0.466290 0.621067 0.068467
v 0.460624 0.653317 0.069067
v 0.462488 0.649860 0.073284
v 0.465013 0.650425 0.066703
v 0.405835 0.615820 0.142911
v 0.399676 0.615076 0.146304
v 0.401991 0.611373 0.142326
v 0.397599 0.643815 0.141462
v 0.396294 0.640065 0.145638
v 0.402453 0.640808 0.142245
v 0.307835 0.605830 0.160445
v 0.300924 0.605257 0.159064
v 0.305209 0.601628 0.157228
v 0.302737 0.634264 0.156068
v 0.299020 0.630394 0.158170
v 0.305931 0.630966 0.159552
v 0.223036 0.600286 0.100116
v 0.227466 0.600421 0.105626
v 0.221232 0.596394 0.106199
v 0.220424 0.629133 0.106051
v 0.226844 0.625637 0.105512
v 0.222414 0.625503 0.100002
v 0.189351 0.598118 0.013117
v 0.194674 0.602194 0.009882
v 0.194550 0.601827 0.016942
v 0.194414 0.627018 0.018249
v 0.194539 0.627385 0.011189
v 0.189176 0.630823 0.014814
v 0.224486 0.605995 -0.078464
v 0.230689 0.609929 -0.077258
v 0.226069 0.609233 -0.071951
v 0.225397 0.634303 -0.069245
v 0.230017 0.635000 -0.074552
v 0.223614 0.638544 -0.074951
v 0.310195 0.616338 -0.125693
v 0.314229 0.619872 -0.120530
v 0.307275 0.619172 -0.119460
v 0.305294 0.644084 -0.116033
v 0.312248 0.644784 -0.117103
v 0.307624 0.648682 -0.121243
v 0.406375 0.624308 -0.106470
v 0.406205 0.627370 -0.099687
v 0.400171 0.626994 -0.103354
v 0.396722 0.651784 -0.100220
v 0.402756 0.652160 -0.096553
v 0.401897 0.656494 -0.102402
v 0.468022 0.626176 -0.029790
v 0.463581 0.628915 -0.024481
v 0.461290 0.629038 -0.031169
v 0.456899 0.653801 -0.029207
v 0.459190 0.653677 -0.022518
v 0.462321 0.658325 -0.027242
v 0.466290 0.621067 0.068467
v 0.459509 0.623784 0.069898
v 0.462034 0.624350 0.063318
v 0.457669 0.649190 0.063780
v 0.455145 0.648624 0.070360
v 0.460624 0.653317 0.069067
v 0.401991 0.611373 0.142326
v 0.395895 0.614378 0.139289
v 0.402054 0.615121 0.135895
v 0.398671 0.640109 0.135230
v 0.392513 0.639366 0.138623
v 0.397599 0.643815 0.141462
v 0.305209 0.601628 0.157228
v 0.302505 0.605098 0.151223
v 0.309416 0.605671 0.152604
v 0.307511 0.630808 0.151711
v 0.300600 0.630235 0.150330
v 0.302737 0.634264 0.156068
v 0.446471 0.648844 -0.072995
v 0.445810 0.653103 -0.077076
v 0.450140 0.653257 -0.071481
v 0.446220 0.678151 -0.069129
v 0.441890 0.677997 -0.074724
v 0.441384 0.681144 -0.069944
v 0.479605 0.653050 0.020396
v 0.479336 0.652868 0.027464
v 0.477495 0.648626 0.023743
v 0.471625 0.680932 0.024351
v 0.474812 0.677766 0.027932
v 0.475081 0.677948 0.020864
v 0.442989 0.648417 0.116731
v 0.438248 0.647985 0.121966
v 0.439224 0.643940 0.117735
v 0.434321 0.676364 0.115968
v 0.434469 0.672975 0.120604
v 0.439210 0.673406 0.115370
v 0.353096 0.641373 0.166855
v 0.346101 0.640894 0.167807
v 0.349566 0.636978 0.164999
v 0.346928 0.669578 0.162038
v 0.344068 0.666019 0.165525
v 0.351063 0.666498 0.164573
v 0.251988 0.635214 0.147313
v 0.246012 0.634911 0.143536
v 0.250472 0.630998 0.143420
v 0.250338 0.663749 0.141004
v 0.245908 0.660152 0.141674
v 0.251884 0.660456 0.145451
v 0.186974 0.632822 0.067249
v 0.184813 0.632837 0.060511
v 0.188310 0.628798 0.063096
v 0.189746 0.661605 0.062709
v 0.185920 0.658121 0.060214
v 0.188080 0.658106 0.066951
v 0.188475 0.635315 -0.035873
v 0.191140 0.635642 -0.042420
v 0.192166 0.631408 -0.038389
v 0.193505 0.664148 -0.036212
v 0.192172 0.660875 -0.040742
v 0.189506 0.660549 -0.034195
v 0.255789 0.641528 -0.113803
v 0.262033 0.642013 -0.117095
v 0.260236 0.637606 -0.113550
v 0.259854 0.670190 -0.109473
v 0.261739 0.667126 -0.113953
v 0.255495 0.666641 -0.110661
v 0.357419 0.648553 -0.130075
v 0.364320 0.648970 -0.128572
v 0.360668 0.644492 -0.127217
v 0.357750 0.676902 -0.122795
v 0.362071 0.673948 -0.125164
v 0.355169 0.673532 -0.126667
v 0.443935 0.651822 -0.066640
v 0.439605 0.651669 -0.072234
v 0.446471 0.648844 -0.072995
v 0.441384 0.681144 -0.069944
v 0.435685 0.676563 -0.069882
v 0.440015 0.676716 -0.064288
v 0.477495 0.648626 0.023743
v 0.471471 0.651445 0.027129
v 0.471740 0.651627 0.020060
v 0.467215 0.676525 0.020529
v 0.466947 0.676343 0.027597
v 0.471625 0.680932 0.024351
v 0.439224 0.643940 0.117735
v 0.432431 0.646813 0.116601
v 0.437172 0.647245 0.111366
v 0.433393 0.672234 0.110004
v 0.428652 0.671803 0.115239
v 0.434321 0.676364 0.115968
v 0.349566 0.636978 0.164999
v 0.345082 0.640094 0.159912
v 0.352077 0.640574 0.158960
v 0.350043 0.665699 0.156678
v 0.343048 0.665219 0.157630
v 0.346928 0.669578 0.162038
v 0.250472 0.630998 0.143420
v 0.250295 0.634431 0.136797
v 0.256271 0.634735 0.140573
v 0.256167 0.659976 0.138711
v 0.250191 0.659673 0.134935
v 0.250338 0.663749 0.141004
v 0.188310 0.628798 0.063096
v 0.192423 0.632475 0.058070
v 0.194584 0.632460 0.064808
v 0.195690 0.657744 0.064510
v 0.193529 0.657759 0.057772
v 0.189746 0.661605 0.062709
v 0.192166 0.631408 -0.038389
v 0.198544 0.635140 -0.039430
v 0.195878 0.634814 -0.032884
v 0.196910 0.660047 -0.031206
v 0.199575 0.660374 -0.037752
v 0.193505 0.664148 -0.036212
v 0.260236 0.637606 -0.113550
v 0.265794 0.641180 -0.110083
v 0.259550 0.640695 -0.106791
v 0.259256 0.665808 -0.103650
v 0.265500 0.666293 -0.106941
v 0.259854 0.670190 -0.109473
v 0.360668 0.644492 -0.127217
v 0.362707 0.647768 -0.120829
v 0.355805 0.647352 -0.122332
v 0.353556 0.672330 -0.118924
v 0.360457 0.672747 -0.117421
v 0.357750 0.676902 -0.122795
v 0.198028 0.656570 -0.061013
v 0.193858 0.660257 -0.058910
v 0.197495 0.661012 -0.064936
v 0.197395 0.686188 -0.061842
v 0.193759 0.685433 -0.055815
v 0.197899 0.689223 -0.057000
v 0.274081 0.673274 -0.126474
v 0.280736 0.674167 -0.128716
v 0.278599 0.669470 -0.125753
v 0.276227 0.701764 -0.119937
v 0.278907 0.699066 -0.124232
v 0.272252 0.698174 -0.121990
v 0.379075 0.685368 -0.126125
v 0.385634 0.685981 -0.123534
v 0.382055 0.681255 -0.123027
v 0.376803 0.713221 -0.117287
v 0.381584 0.710628 -0.119109
v 0.375025 0.710015 -0.121699
v 0.459712 0.690881 -0.058027
v 0.463106 0.690927 -0.051815
v 0.459987 0.686409 -0.054111
v 0.452565 0.718232 -0.050290
v 0.457384 0.715463 -0.048869
v 0.453989 0.715417 -0.055080
v 0.478261 0.687232 0.045957
v 0.476902 0.686690 0.052884
v 0.475930 0.682522 0.048749
v 0.468064 0.714453 0.049707
v 0.470838 0.711309 0.053622
v 0.472196 0.711851 0.046696
v 0.426043 0.676129 0.137172
v 0.420567 0.675252 0.141572
v 0.422424 0.671412 0.137423
v 0.416048 0.703652 0.135912
v 0.415651 0.700110 0.140406
v 0.421126 0.700987 0.136007
v 0.327491 0.662767 0.172936
v 0.320460 0.661966 0.172751
v 0.324505 0.658278 0.170420
v 0.320855 0.690883 0.167990
v 0.317646 0.687106 0.170878
v 0.324677 0.687907 0.171063
v 0.228719 0.653399 0.136516
v 0.223423 0.653049 0.131833
v 0.227991 0.649264 0.132300
v 0.227028 0.682121 0.130931
v 0.222680 0.678382 0.130778
v 0.227977 0.678732 0.135461
v 0.175944 0.652407 0.044953
v 0.174860 0.652672 0.037963
v 0.178041 0.648590 0.040900
v 0.178468 0.681465 0.042076
v 0.175190 0.678019 0.038870
v 0.176273 0.677755 0.045860
v 0.204359 0.660537 -0.060854
v 0.200722 0.659782 -0.054827
v 0.198028 0.656570 -0.061013
v 0.197899 0.689223 -0.057000
v 0.200623 0.684959 -0.051733
v 0.204259 0.685714 -0.057759
v 0.278599 0.669470 -0.125753
v 0.283402 0.673020 -0.121261
v 0.276747 0.672127 -0.119019
v 0.274918 0.697027 -0.114535
v 0.281573 0.697920 -0.116777
v 0.276227 0.701764 -0.119937
v 0.382055 0.681255 -0.123027
v 0.382910 0.684220 -0.116221
v 0.376351 0.683608 -0.118812
v 0.372301 0.708254 -0.114386
v 0.378860 0.708867 -0.111796
v 0.376803 0.713221 -0.117287
v 0.459987 0.686409 -0.054111
v 0.456322 0.688897 -0.048092
v 0.452927 0.688852 -0.054304
v 0.447205 0.713388 -0.051358
v 0.450600 0.713433 -0.045146
v 0.452565 0.718232 -0.050290
v 0.475930 0.682522 0.048749
v 0.469287 0.684863 0.051247
v 0.470646 0.685405 0.044321
v 0.464581 0.710025 0.045059
v 0.463223 0.709482 0.051985
v 0.468064 0.714453 0.049707
v 0.422424 0.671412 0.137423
v 0.415740 0.674004 0.135315
v 0.421215 0.674881 0.130916
v 0.416299 0.699739 0.129750
v 0.410824 0.698862 0.134150
v 0.416048 0.703652 0.135912
v 0.324505 0.658278 0.170420
v 0.320734 0.661403 0.164776
v 0.327765 0.662204 0.164961
v 0.324951 0.687343 0.163088
v 0.317920 0.686543 0.162902
v 0.320855 0.690883 0.167990
v 0.227991 0.649264 0.132300
v 0.228726 0.652955 0.125843
v 0.234022 0.653305 0.130527
v 0.233279 0.678638 0.129472
v 0.227983 0.678288 0.124788
v 0.227028 0.682121 0.130931
v 0.178041 0.648590 0.040900
v 0.182765 0.652613 0.036735
v 0.183849 0.652348 0.043726
v 0.184178 0.677696 0.044633
v 0.183095 0.677960 0.037642
v 0.178468 0.681465 0.042076
v 0.384391 0.675632 0.162635
v 0.388070 0.680217 0.163529
v 0.381543 0.679478 0.166166
v 0.378291 0.701881 0.164402
v 0.384818 0.702621 0.161765
v 0.380060 0.705467 0.160287
v 0.281289 0.669577 0.169489
v 0.274585 0.669010 0.167291
v 0.279022 0.665226 0.166128
v 0.277277 0.695317 0.163694
v 0.273274 0.691606 0.165463
v 0.279978 0.692172 0.167661
v 0.195412 0.663742 0.105131
v 0.191667 0.663613 0.099126
v 0.195811 0.659689 0.100797
v 0.196107 0.689916 0.099966
v 0.191889 0.686311 0.098501
v 0.195634 0.686440 0.104506
v 0.170621 0.665443 0.000567
v 0.171588 0.665813 -0.006435
v 0.173691 0.661612 -0.002789
v 0.174530 0.691792 -0.001078
v 0.172218 0.688475 -0.005150
v 0.171251 0.688105 0.001852
v 0.218518 0.673884 -0.095275
v 0.223744 0.674579 -0.099997
v 0.223014 0.670095 -0.096160
v 0.222643 0.700066 -0.092159
v 0.223465 0.697085 -0.096992
v 0.218239 0.696390 -0.092270
v 0.316689 0.685115 -0.137549
v 0.323729 0.685811 -0.137783
v 0.320701 0.681168 -0.135628
v 0.317932 0.710868 -0.130658
v 0.321650 0.708113 -0.134051
v 0.314610 0.707417 -0.133818
v 0.419200 0.693882 -0.106476
v 0.424760 0.694252 -0.102111
v 0.421042 0.689651 -0.102725
v 0.415812 0.719143 -0.098562
v 0.420833 0.716397 -0.098986
v 0.415273 0.716028 -0.103351
v 0.478085 0.696081 -0.016595
v 0.479563 0.695953 -0.009674
v 0.477087 0.691574 -0.012846
v 0.470482 0.721019 -0.010889
v 0.474603 0.718063 -0.008204
v 0.473125 0.718192 -0.015125
v 0.465791 0.690685 0.090038
v 0.462496 0.690118 0.096277
v 0.462613 0.686037 0.091953
v 0.456362 0.715618 0.091338
v 0.457802 0.712330 0.095816
v 0.461098 0.712897 0.089577
v 0.378668 0.678478 0.158768
v 0.385194 0.679218 0.156131
v 0.384391 0.675632 0.162635
v 0.380060 0.705467 0.160287
v 0.381942 0.701622 0.154367
v 0.375415 0.700882 0.157004
v 0.279022 0.665226 0.166128
v 0.277109 0.668543 0.159714
v 0.283813 0.669110 0.161912
v 0.282502 0.691706 0.160084
v 0.275798 0.691139 0.157886
v 0.277277 0.695317 0.163694
v 0.195811 0.659689 0.100797
v 0.198455 0.663431 0.094896
v 0.202200 0.663559 0.100902
v 0.202422 0.686257 0.100277
v 0.198678 0.686128 0.094272
v 0.196107 0.689916 0.099966
v 0.173691 0.661612 -0.002789
v 0.179510 0.665532 -0.005355
v 0.178543 0.665162 0.001647
v 0.179173 0.687824 0.002931
v 0.180140 0.688194 -0.004071
v 0.174530 0.691792 -0.001078
v 0.223014 0.670095 -0.096160
v 0.229138 0.673863 -0.094133
v 0.223912 0.673168 -0.089410
v 0.223633 0.695674 -0.086406
v 0.228859 0.696369 -0.091128
v 0.222643 0.700066 -0.092159
v 0.320701 0.681168 -0.135628
v 0.324117 0.684527 -0.129896
v 0.317077 0.683832 -0.129663
v 0.314999 0.706134 -0.125931
v 0.322039 0.706829 -0.126164
v 0.317932 0.710868 -0.130658
v 0.421042 0.689651 -0.102725
v 0.420006 0.692534 -0.095911
v 0.414447 0.692164 -0.100276
v 0.410519 0.714309 -0.097150
v 0.416079 0.714679 -0.092785
v 0.415812 0.719143 -0.098562
v 0.477087 0.691574 -0.012846
v 0.471937 0.694136 -0.008079
v 0.470459 0.694265 -0.015000
v 0.465499 0.716375 -0.013531
v 0.466977 0.716246 -0.006610
v 0.470482 0.721019 -0.010889
v 0.462613 0.686037 0.091953
v 0.455611 0.688585 0.092501
v 0.458907 0.689152 0.086263
v 0.454213 0.711364 0.085801
v 0.450918 0.710797 0.092040
v 0.456362 0.715618 0.091338
v 0.316640 0.899881 0.023140
v 0.321307 0.893161 0.027589
v 0.325379 0.899116 0.020013
v 0.464355 0.698996 -0.055346
v 0.465787 0.708168 -0.054591
v 0.461714 0.702213 -0.047015
v 0.316242 0.900902 0.019778
v 0.325379 0.899116 0.020013
v 0.319400 0.898047 0.011495
v 0.463957 0.700017 -0.058708
v 0.459807 0.707099 -0.063109
v 0.465787 0.708168 -0.054591
v 0.313370 0.899297 0.018482
v 0.319400 0.898047 0.011495
v 0.311632 0.891432 0.013808
v 0.461085 0.698412 -0.060005
v 0.452040 0.700484 -0.060797
v 0.459807 0.707099 -0.063109
v 0.311994 0.897284 0.021043
v 0.311632 0.891432 0.013808
v 0.312811 0.888412 0.023754
v 0.459708 0.696399 -0.057444
v 0.453218 0.697464 -0.050850
v 0.452040 0.700484 -0.060797
v 0.314015 0.897645 0.023922
v 0.312811 0.888412 0.023754
v 0.321307 0.893161 0.027589
v 0.461729 0.696760 -0.054565
v 0.461714 0.702213 -0.047015
v 0.453218 0.697464 -0.050850
v 0.351018 0.895880 0.004801
v 0.348916 0.892402 0.013180
v 0.352320 0.886664 0.005122
v 0.185927 0.667904 0.097396
v 0.194434 0.668637 0.093677
v 0.191030 0.674375 0.101735
v 0.350361 0.894991 0.001442
v 0.352320 0.886664 0.005122
v 0.345770 0.888149 -0.002899
v 0.185270 0.667016 0.094037
v 0.187884 0.670122 0.085656
v 0.194434 0.668637 0.093677
v 0.347436 0.896692 0.000414
v 0.345770 0.888149 -0.002899
v 0.338318 0.894805 0.000202
v 0.182345 0.668717 0.093009
v 0.180432 0.676778 0.088757
v 0.187884 0.670122 0.085656
v 0.346285 0.898632 0.003138
v 0.338318 0.894805 0.000202
v 0.340263 0.897433 0.010140
v 0.181194 0.670656 0.095733
v 0.182376 0.679406 0.098694
v 0.180432 0.676778 0.088757
v 0.348499 0.898130 0.005849
v 0.340263 0.897433 0.010140
v 0.348916 0.892402 0.013180
v 0.183408 0.670154 0.098445
v 0.191030 0.674375 0.101735
v 0.182376 0.679406 0.098694
v 0.010633 0.373057 -0.023848
v 0.013917 0.388076 -0.037562
v 0.024441 0.384467 -0.013670
v 0.009317 0.401026 -0.019043
v 0.024424 0.384824 -0.013609
v 0.013900 0.388433 -0.037501
v 0.013132 0.368807 0.014949
v 0.025696 0.382334 0.005804
v 0.018336 0.380560 0.031049
v 0.011606 0.397133 0.016494
v 0.018317 0.380921 0.031069
v 0.025676 0.382695 0.005824
v -0.009891 0.368111 0.046556
v 0.006780 0.380211 0.046914
v -0.015019 0.381103 0.061700
v -0.009482 0.396496 0.045444
v -0.015014 0.381465 0.061685
v 0.006785 0.380573 0.046900
v -0.047662 0.371296 0.056183
v -0.033979 0.382702 0.066532
v -0.060018 0.385843 0.063940
v -0.044080 0.399413 0.054263
v -0.059972 0.386201 0.063915
v -0.033933 0.383061 0.066508
v -0.082509 0.376870 0.039326
v -0.077509 0.388641 0.055479
v -0.095604 0.392560 0.036722
v -0.075998 0.404519 0.038823
v -0.095521 0.392913 0.036715
v -0.077426 0.388993 0.055472
v -0.098126 0.382226 0.003873
v -0.103443 0.395249 0.018926
v -0.105127 0.398113 -0.007220
v -0.090302 0.409425 0.006349
v -0.105027 0.398460 -0.007188
v -0.103343 0.395596 0.018957
v -0.087205 0.384858 -0.033588
v -0.099645 0.399434 -0.026023
v -0.084130 0.399903 -0.047323
v -0.080299 0.411835 -0.027964
v -0.084042 0.400247 -0.047251
v -0.099557 0.399778 -0.025951
v -0.054857 0.383534 -0.055528
v -0.067893 0.399238 -0.058336
v -0.042439 0.397092 -0.064824
v -0.050670 0.410622 -0.048061
v -0.042385 0.397437 -0.064729
v -0.067840 0.399583 -0.058241
v -0.016218 0.378873 -0.051682
v -0.023044 0.394752 -0.062893
v 0.000439 0.390996 -0.051533
v -0.015278 0.406353 -0.044537
v 0.000451 0.391346 -0.051442
v -0.023032 0.395103 -0.062802
v -0.043875 0.370169 0.078949
v -0.039841 0.372923 0.082062
v -0.046835 0.373918 0.082224
v -0.044100 0.392718 0.084837
v -0.037106 0.391723 0.084675
v -0.040067 0.396341 0.082587
v -0.088547 0.381236 0.067967
v -0.093949 0.382416 0.063569
v -0.089941 0.378251 0.063204
v -0.086934 0.404563 0.066568
v -0.091789 0.401317 0.065985
v -0.086386 0.400137 0.070384
v -0.116447 0.389120 0.025548
v -0.117731 0.389933 0.018647
v -0.114789 0.385655 0.021214
v -0.112213 0.412096 0.023848
v -0.115881 0.408926 0.020540
v -0.114597 0.408113 0.027440
v -0.110488 0.392886 -0.025347
v -0.107052 0.392951 -0.031521
v -0.106790 0.388917 -0.027374
v -0.104075 0.415414 -0.025584
v -0.105102 0.411985 -0.030235
v -0.108538 0.411920 -0.024061
v -0.073458 0.390772 -0.060903
v -0.066910 0.390059 -0.063462
v -0.069687 0.386510 -0.059824
v -0.066328 0.412966 -0.058598
v -0.064497 0.409063 -0.062581
v -0.071045 0.409776 -0.060022
v -0.022683 0.383767 -0.064484
v -0.016087 0.382610 -0.062230
v -0.020843 0.379561 -0.060953
v -0.016635 0.405896 -0.059746
v -0.013064 0.401527 -0.061363
v -0.019660 0.402684 -0.063617
v 0.018078 0.375149 -0.034414
v 0.021636 0.374089 -0.028401
v 0.016890 0.371321 -0.030233
v 0.021753 0.397513 -0.028492
v 0.025130 0.392903 -0.027151
v 0.021572 0.393963 -0.033163
v 0.029753 0.368950 0.015238
v 0.028608 0.368483 0.022195
v 0.025855 0.365646 0.017963
v 0.030874 0.391739 0.020541
v 0.032213 0.387226 0.024047
v 0.033359 0.387693 0.017090
v 0.006879 0.368071 0.061238
v 0.001567 0.368416 0.065884
v 0.001857 0.365191 0.061082
v 0.006459 0.391276 0.064409
v 0.004872 0.387153 0.068274
v 0.010185 0.386809 0.063628
v -0.046861 0.375023 0.074301
v -0.039867 0.374028 0.074139
v -0.043875 0.370169 0.078949
v -0.040067 0.396341 0.082587
v -0.037132 0.392828 0.076752
v -0.044126 0.393823 0.076913
v -0.089941 0.378251 0.063204
v -0.088873 0.382626 0.057389
v -0.083470 0.381446 0.061788
v -0.081310 0.400346 0.064204
v -0.086712 0.401526 0.059806
v -0.086934 0.404563 0.066568
v -0.114789 0.385655 0.021214
v -0.109902 0.389322 0.017119
v -0.108618 0.388510 0.024020
v -0.106768 0.407503 0.025912
v -0.108052 0.408315 0.019011
v -0.112213 0.412096 0.023848
v -0.106790 0.388917 -0.027374
v -0.100109 0.391980 -0.027667
v -0.103545 0.391915 -0.021493
v -0.101595 0.410948 -0.020207
v -0.098159 0.411013 -0.026381
v -0.104075 0.415414 -0.025584
v -0.069687 0.386510 -0.059824
v -0.064076 0.389354 -0.056013
v -0.070624 0.390067 -0.053455
v -0.068212 0.409071 -0.052574
v -0.061664 0.408358 -0.055132
v -0.066328 0.412966 -0.058598
v -0.020843 0.379561 -0.060953
v -0.018664 0.382675 -0.054656
v -0.025260 0.383832 -0.056911
v -0.022237 0.402749 -0.056044
v -0.015641 0.401592 -0.053789
v -0.016635 0.405896 -0.059746
v 0.016890 0.371321 -0.030233
v 0.014880 0.375066 -0.024231
v 0.011322 0.376126 -0.030243
v 0.014815 0.394940 -0.028993
v 0.018373 0.393880 -0.022980
v 0.021753 0.397513 -0.028492
v 0.025855 0.365646 0.017963
v 0.020858 0.370089 0.021027
v 0.022004 0.370556 0.014070
v 0.025609 0.389299 0.015922
v 0.024464 0.388832 0.022879
v 0.030874 0.391739 0.020541
v 0.001857 0.365191 0.061082
v -0.003525 0.370072 0.059940
v 0.001788 0.369727 0.055293
v 0.005093 0.388465 0.057683
v -0.000219 0.388810 0.062330
v 0.006459 0.391276 0.064409
v -0.052531 0.394214 0.089171
v -0.048893 0.397167 0.092616
v -0.055826 0.398236 0.091777
v -0.052525 0.421322 0.093916
v -0.045593 0.420254 0.094755
v -0.048171 0.424711 0.091997
v -0.100255 0.406421 0.069001
v -0.104981 0.407500 0.063863
v -0.101124 0.403166 0.064260
v -0.097056 0.433718 0.066936
v -0.101902 0.430628 0.065888
v -0.097176 0.429549 0.071026
v -0.124170 0.413841 0.017481
v -0.124479 0.414426 0.010448
v -0.122111 0.410101 0.013532
v -0.118170 0.440695 0.015902
v -0.121495 0.437585 0.012242
v -0.121186 0.437000 0.019275
v -0.109448 0.415955 -0.037837
v -0.105195 0.415772 -0.043475
v -0.105672 0.411774 -0.039278
v -0.101632 0.442377 -0.037226
v -0.102137 0.438939 -0.041921
v -0.106390 0.439122 -0.036283
v -0.062979 0.411774 -0.071070
v -0.056154 0.410908 -0.072673
v -0.059499 0.407401 -0.069459
v -0.055181 0.437979 -0.067588
v -0.052885 0.434055 -0.071257
v -0.059710 0.434921 -0.069653
v -0.006505 0.403254 -0.066666
v -0.000301 0.402111 -0.063486
v -0.005197 0.399030 -0.062889
v -0.000552 0.429557 -0.060979
v 0.003215 0.425220 -0.062040
v -0.002989 0.426363 -0.065220
v 0.033549 0.394382 -0.026688
v 0.036228 0.393496 -0.020212
v 0.031825 0.390576 -0.022642
v 0.036693 0.421052 -0.020490
v 0.039913 0.416567 -0.018582
v 0.037234 0.417452 -0.025059
v 0.038441 0.389309 0.030159
v 0.036342 0.389095 0.036901
v 0.034245 0.385996 0.032449
v 0.039127 0.416444 0.034933
v 0.040038 0.412145 0.038782
v 0.042137 0.412358 0.032040
v 0.005882 0.390409 0.077276
v -0.000013 0.390967 0.081129
v 0.000930 0.387433 0.076608
v 0.005612 0.417890 0.079358
v 0.003531 0.414023 0.083211
v 0.009426 0.413465 0.079358
v -0.054779 0.398819 0.083867
v -0.047846 0.397750 0.084706
v -0.052531 0.394214 0.089171
v -0.048171 0.424711 0.091997
v -0.044546 0.420837 0.086845
v -0.051479 0.421906 0.086006
v -0.101124 0.403166 0.064260
v -0.099129 0.407198 0.058416
v -0.094403 0.406119 0.063554
v -0.091324 0.429247 0.065580
v -0.096050 0.430326 0.060442
v -0.097056 0.433718 0.066936
v -0.122111 0.410101 0.013532
v -0.116551 0.413438 0.010017
v -0.116243 0.412853 0.017051
v -0.113259 0.436013 0.018845
v -0.113568 0.436597 0.011812
v -0.118170 0.440695 0.015902
v -0.105672 0.411774 -0.039278
v -0.098894 0.414619 -0.038683
v -0.103147 0.414802 -0.033045
v -0.100088 0.437969 -0.031492
v -0.095835 0.437785 -0.037129
v -0.101632 0.442377 -0.037226
v -0.059499 0.407401 -0.069459
v -0.054418 0.410187 -0.064897
v -0.061243 0.411053 -0.063294
v -0.057974 0.434200 -0.061877
v -0.051149 0.433334 -0.063481
v -0.055181 0.437979 -0.067588
v -0.005197 0.399030 -0.062889
v -0.003935 0.402218 -0.056360
v -0.010139 0.403361 -0.059540
v -0.006622 0.426470 -0.058094
v -0.000419 0.425327 -0.054914
v -0.000552 0.429557 -0.060979
v 0.031825 0.390576 -0.022642
v 0.028934 0.394439 -0.017065
v 0.026254 0.395325 -0.023541
v 0.029939 0.418395 -0.021912
v 0.032618 0.417509 -0.015436
v 0.036693 0.421052 -0.020490
v 0.034245 0.385996 0.032449
v 0.028808 0.390491 0.034600
v 0.030907 0.390705 0.027858
v 0.034603 0.413754 0.029739
v 0.032504 0.413540 0.036481
v 0.039127 0.416444 0.034933
v 0.000930 0.387433 0.076608
v -0.004252 0.392221 0.074462
v 0.001642 0.391662 0.070609
v 0.005186 0.414718 0.072690
v -0.000708 0.415276 0.076543
v 0.005612 0.417890 0.079358
v 0.040713 0.422229 -0.029915
v 0.041766 0.426425 -0.033855
v 0.044958 0.425535 -0.027615
v 0.046396 0.448775 -0.025035
v 0.043204 0.449665 -0.031275
v 0.042613 0.452926 -0.026507
v 0.051717 0.419512 0.027593
v 0.050129 0.418972 0.034456
v 0.048058 0.415683 0.030082
v 0.049888 0.446442 0.032923
v 0.051515 0.442259 0.036607
v 0.053102 0.442798 0.029744
v 0.019742 0.416969 0.081387
v 0.014118 0.417033 0.085662
v 0.015035 0.413505 0.081084
v 0.017177 0.444286 0.083443
v 0.015739 0.440335 0.087448
v 0.021363 0.440271 0.083173
v -0.039198 0.419986 0.102356
v -0.046227 0.420624 0.102043
v -0.042905 0.416715 0.099226
v -0.040215 0.447465 0.101413
v -0.044190 0.443903 0.103699
v -0.037161 0.443265 0.104012
v -0.097523 0.427153 0.080689
v -0.102668 0.428065 0.075934
v -0.098651 0.423811 0.076019
v -0.095434 0.454494 0.078426
v -0.100232 0.451293 0.077756
v -0.095088 0.450381 0.082510
v -0.127943 0.435114 0.026523
v -0.128797 0.435875 0.019551
v -0.126118 0.431472 0.022323
v -0.122642 0.462082 0.025237
v -0.126164 0.459048 0.021758
v -0.125311 0.458288 0.028729
v -0.116224 0.440146 -0.034796
v -0.112387 0.440399 -0.040722
v -0.112455 0.436113 -0.036739
v -0.109108 0.466680 -0.033266
v -0.109852 0.463539 -0.038093
v -0.113690 0.463286 -0.032167
v -0.067849 0.439894 -0.074576
v -0.061116 0.439521 -0.076684
v -0.064054 0.435564 -0.073529
v -0.061164 0.466135 -0.069709
v -0.058929 0.462665 -0.073792
v -0.065661 0.463038 -0.071684
v -0.005454 0.434475 -0.074205
v 0.001024 0.433650 -0.071508
v -0.003564 0.430080 -0.070835
v -0.001245 0.460704 -0.067040
v 0.002779 0.456834 -0.068635
v -0.003699 0.457658 -0.071332
v 0.037838 0.425571 -0.023968
v 0.034646 0.426461 -0.030208
v 0.040713 0.422229 -0.029915
v 0.042613 0.452926 -0.026507
v 0.036084 0.449701 -0.027628
v 0.039276 0.448810 -0.021388
v 0.048058 0.415683 0.030082
v 0.042348 0.419597 0.032705
v 0.043936 0.420136 0.025842
v 0.045321 0.443423 0.027993
v 0.043734 0.442883 0.034856
v 0.049888 0.446442 0.032923
v 0.015035 0.413505 0.081084
v 0.009308 0.417853 0.079322
v 0.014932 0.417789 0.075047
v 0.016554 0.441091 0.076833
v 0.010930 0.441155 0.081108
v 0.017177 0.444286 0.083443
v -0.042905 0.416715 0.099226
v -0.045823 0.421155 0.094071
v -0.038794 0.420518 0.094384
v -0.036758 0.443797 0.096040
v -0.043787 0.444434 0.095727
v -0.040215 0.447465 0.101413
v -0.098651 0.423811 0.076019
v -0.097249 0.427958 0.070050
v -0.092104 0.427046 0.074805
v -0.089669 0.450274 0.076626
v -0.094814 0.451187 0.071871
v -0.095434 0.454494 0.078426
v -0.126118 0.431472 0.022323
v -0.120906 0.435079 0.018499
v -0.120053 0.434318 0.025470
v -0.117421 0.457492 0.027676
v -0.118274 0.458253 0.020705
v -0.122642 0.462082 0.025237
v -0.112455 0.436113 -0.036739
v -0.105725 0.439186 -0.036461
v -0.109563 0.438933 -0.030535
v -0.107029 0.462073 -0.027906
v -0.103191 0.462326 -0.033832
v -0.109108 0.466680 -0.033266
v -0.064054 0.435564 -0.073529
v -0.058810 0.438356 -0.069113
v -0.065543 0.438729 -0.067005
v -0.063355 0.461874 -0.064113
v -0.056622 0.461501 -0.066221
v -0.061164 0.466135 -0.069709
v -0.003564 0.430080 -0.070835
v -0.002113 0.432980 -0.064179
v -0.008590 0.433804 -0.066876
v -0.006835 0.456987 -0.064003
v -0.000358 0.456163 -0.061306
v -0.001245 0.460704 -0.067040
v -0.009260 0.452952 -0.078125
v -0.011644 0.457369 -0.081221
v -0.004867 0.456700 -0.079322
v -0.003340 0.479990 -0.076571
v -0.010116 0.480659 -0.078470
v -0.007243 0.483697 -0.074494
v 0.043907 0.450949 -0.044215
v 0.047865 0.450352 -0.038388
v 0.043548 0.446726 -0.040116
v 0.044253 0.477625 -0.037429
v 0.048399 0.473759 -0.036353
v 0.044441 0.474356 -0.042180
v 0.062606 0.446522 0.020029
v 0.061893 0.446276 0.027058
v 0.059508 0.442579 0.023131
v 0.059817 0.473581 0.024247
v 0.062127 0.469761 0.027903
v 0.062840 0.470007 0.020874
v 0.035704 0.446159 0.081450
v 0.030654 0.446379 0.086392
v 0.031153 0.442452 0.082022
v 0.032166 0.473458 0.081675
v 0.031421 0.469867 0.086130
v 0.036471 0.469646 0.081188
v -0.024212 0.450030 0.111310
v -0.031236 0.450614 0.111853
v -0.028249 0.446405 0.109000
v -0.025761 0.477312 0.107984
v -0.029352 0.474026 0.111083
v -0.022327 0.473443 0.110541
v -0.089106 0.456324 0.095637
v -0.094818 0.456997 0.091526
v -0.090904 0.452587 0.091443
v -0.086860 0.483341 0.090863
v -0.091754 0.480294 0.091086
v -0.086043 0.479621 0.095197
v -0.128614 0.462095 0.041763
v -0.130340 0.462544 0.034922
v -0.127494 0.458107 0.037566
v -0.122541 0.488724 0.038324
v -0.126588 0.485737 0.035496
v -0.124862 0.485288 0.042337
v -0.124249 0.464644 -0.025102
v -0.121182 0.464658 -0.031472
v -0.120899 0.460381 -0.027422
v -0.116110 0.490941 -0.025050
v -0.117554 0.487808 -0.029675
v -0.120621 0.487794 -0.023306
v -0.078054 0.462778 -0.073672
v -0.071629 0.462350 -0.076590
v -0.074205 0.458345 -0.073112
v -0.070575 0.488956 -0.069605
v -0.068880 0.485538 -0.073934
v -0.075305 0.485966 -0.071016
v -0.007085 0.455943 -0.071673
v -0.013862 0.456611 -0.073572
v -0.009260 0.452952 -0.078125
v -0.007243 0.483697 -0.074494
v -0.012334 0.479901 -0.070821
v -0.005558 0.479232 -0.068923
v 0.043548 0.446726 -0.040116
v 0.041238 0.450114 -0.033912
v 0.037281 0.450711 -0.039739
v 0.037815 0.474118 -0.037704
v 0.041772 0.473521 -0.031877
v 0.044253 0.477625 -0.037429
v 0.059508 0.442579 0.023131
v 0.053934 0.446384 0.026254
v 0.054648 0.446630 0.019225
v 0.054881 0.470115 0.020070
v 0.054168 0.469869 0.027099
v 0.059817 0.473581 0.024247
v 0.031153 0.442452 0.082022
v 0.025062 0.446498 0.080672
v 0.030112 0.446278 0.075731
v 0.030879 0.469765 0.075468
v 0.025829 0.469985 0.080410
v 0.032166 0.473458 0.081675
v -0.028249 0.446405 0.109000
v -0.031869 0.450402 0.103881
v -0.024845 0.449819 0.103338
v -0.022960 0.473232 0.102568
v -0.029985 0.473815 0.103111
v -0.025761 0.477312 0.107984
v -0.090904 0.452587 0.091443
v -0.090220 0.456270 0.085019
v -0.084509 0.455597 0.089130
v -0.081445 0.478893 0.088691
v -0.087157 0.479567 0.084580
v -0.086860 0.483341 0.090863
v -0.127494 0.458107 0.037566
v -0.122688 0.461356 0.032914
v -0.120962 0.460907 0.039754
v -0.117210 0.484100 0.040328
v -0.118936 0.484549 0.033487
v -0.122541 0.488724 0.038324
v -0.120899 0.460381 -0.027422
v -0.114081 0.463280 -0.028055
v -0.117148 0.463266 -0.021686
v -0.113520 0.486416 -0.019890
v -0.110453 0.486430 -0.026259
v -0.116110 0.490941 -0.025050
v -0.074205 0.458345 -0.073112
v -0.068426 0.461142 -0.069360
v -0.074850 0.461570 -0.066442
v -0.072101 0.484758 -0.063786
v -0.065676 0.484330 -0.066704
v -0.070575 0.488956 -0.069605
v 0.053799 0.461527 0.063840
v 0.057974 0.465486 0.062367
v 0.054439 0.465168 0.068489
v 0.054745 0.488747 0.069893
v 0.058281 0.489066 0.063771
v 0.054203 0.492624 0.065691
v 0.005786 0.465942 0.109691
v -0.000827 0.466422 0.112163
v 0.001239 0.462363 0.108350
v 0.003574 0.493429 0.108566
v 0.000943 0.489978 0.112327
v 0.007557 0.489498 0.109854
v -0.064158 0.473775 0.112825
v -0.070755 0.474829 0.110491
v -0.067177 0.470308 0.109065
v -0.062328 0.501081 0.109254
v -0.067078 0.498164 0.110634
v -0.060481 0.497110 0.112969
v -0.119130 0.485322 0.070303
v -0.122624 0.486457 0.064255
v -0.119437 0.481643 0.065651
v -0.112668 0.512000 0.067435
v -0.117491 0.509476 0.065608
v -0.113997 0.508341 0.071657
v -0.133409 0.495179 0.002022
v -0.132164 0.495863 -0.004911
v -0.131088 0.491065 -0.001580
v -0.123890 0.521076 0.002676
v -0.126706 0.518619 -0.001684
v -0.127951 0.517935 0.005249
v -0.100312 0.498733 -0.060069
v -0.094912 0.498647 -0.064642
v -0.096677 0.494166 -0.061168
v -0.090744 0.524062 -0.054723
v -0.090413 0.521317 -0.059755
v -0.095813 0.521403 -0.055182
v -0.035327 0.494323 -0.086918
v -0.028298 0.493507 -0.086991
v -0.032307 0.489494 -0.085231
v -0.028739 0.519562 -0.077902
v -0.025592 0.516307 -0.081434
v -0.032621 0.517123 -0.081360
v 0.031140 0.484011 -0.065960
v 0.036509 0.482846 -0.061500
v 0.031903 0.479235 -0.062512
v 0.033111 0.509681 -0.056017
v 0.037425 0.505932 -0.056575
v 0.032056 0.507097 -0.061035
v 0.067987 0.472622 -0.007003
v 0.069184 0.471654 -0.000096
v 0.065909 0.468191 -0.003639
v 0.065868 0.499042 0.000692
v 0.069153 0.495048 0.003188
v 0.067956 0.496016 -0.003719
v 0.047510 0.465495 0.064505
v 0.051045 0.465814 0.058382
v 0.053799 0.461527 0.063840
v 0.054203 0.492624 0.065691
v 0.051351 0.489393 0.059786
v 0.047816 0.489074 0.065908
v 0.001239 0.462363 0.108350
v -0.003611 0.466683 0.104667
v 0.003003 0.466203 0.102195
v 0.004773 0.489759 0.102359
v -0.001840 0.490239 0.104831
v 0.003574 0.493429 0.108566
v -0.067177 0.470308 0.109065
v -0.068141 0.474464 0.102939
v -0.061544 0.473410 0.105273
v -0.057867 0.496745 0.105416
v -0.064464 0.497799 0.103082
v -0.062328 0.501081 0.109254
v -0.119437 0.481643 0.065651
v -0.115888 0.485197 0.060127
v -0.112394 0.484062 0.066176
v -0.107261 0.507081 0.067529
v -0.110754 0.508216 0.061481
v -0.112668 0.512000 0.067435
v -0.131088 0.491065 -0.001580
v -0.124509 0.493860 -0.003735
v -0.125753 0.493176 0.003198
v -0.120295 0.515932 0.006425
v -0.119051 0.516617 -0.000508
v -0.123890 0.521076 0.002676
v -0.096677 0.494166 -0.061168
v -0.089971 0.496400 -0.058766
v -0.095371 0.496486 -0.054193
v -0.090872 0.519156 -0.049306
v -0.085472 0.519070 -0.053879
v -0.090744 0.524062 -0.054723
v -0.032307 0.489494 -0.085231
v -0.028435 0.491628 -0.079216
v -0.035464 0.492444 -0.079143
v -0.032758 0.515244 -0.073585
v -0.025729 0.514428 -0.073658
v -0.028739 0.519562 -0.077902
v 0.031903 0.479235 -0.062512
v 0.031307 0.481777 -0.055517
v 0.025938 0.482941 -0.059977
v 0.026854 0.506027 -0.055053
v 0.032223 0.504862 -0.050592
v 0.033111 0.509681 -0.056017
v 0.065909 0.468191 -0.003639
v 0.061300 0.471456 0.001243
v 0.060103 0.472424 -0.005664
v 0.060071 0.495818 -0.002380
v 0.061268 0.494850 0.004527
v 0.065868 0.499042 0.000692
v -0.043987 0.513913 -0.085554
v -0.047250 0.518751 -0.086789
v -0.040285 0.518000 -0.087830
v -0.037032 0.540904 -0.082598
v -0.043997 0.541655 -0.081557
v -0.039700 0.544094 -0.078660
v 0.024081 0.509200 -0.074640
v 0.030040 0.508185 -0.070950
v 0.025426 0.504423 -0.071330
v 0.026746 0.535010 -0.065044
v 0.031042 0.531396 -0.066179
v 0.025083 0.532412 -0.069869
v 0.070501 0.499120 -0.019228
v 0.072666 0.498315 -0.012533
v 0.069059 0.494648 -0.015553
v 0.068514 0.525652 -0.011651
v 0.072252 0.521843 -0.009572
v 0.070087 0.522648 -0.016267
v 0.070290 0.493226 0.053519
v 0.067648 0.493009 0.060087
v 0.066496 0.489160 0.055677
v 0.066061 0.520399 0.056535
v 0.067317 0.516715 0.060738
v 0.069959 0.516932 0.054170
v 0.023546 0.494277 0.109562
v 0.017333 0.494749 0.112929
v 0.018937 0.490528 0.109032
v 0.020534 0.521708 0.107610
v 0.018545 0.518411 0.111850
v 0.024758 0.517939 0.108483
v -0.047858 0.501782 0.122678
v -0.054735 0.502722 0.121269
v -0.051365 0.498111 0.119546
v -0.046763 0.528968 0.117674
v -0.051243 0.526138 0.119849
v -0.044366 0.525198 0.121258
v -0.110512 0.512227 0.086730
v -0.114835 0.513196 0.081204
v -0.111515 0.508362 0.082299
v -0.104342 0.538781 0.082019
v -0.109392 0.536279 0.080992
v -0.105069 0.535311 0.086518
v -0.135100 0.520727 0.018538
v -0.134846 0.521271 0.011481
v -0.133369 0.516484 0.014720
v -0.125262 0.546555 0.017328
v -0.128694 0.544091 0.013461
v -0.128948 0.543547 0.020518
v -0.110115 0.523304 -0.049990
v -0.105404 0.523168 -0.055275
v -0.106699 0.518676 -0.051571
v -0.099732 0.548654 -0.046129
v -0.100117 0.545917 -0.051146
v -0.104828 0.546053 -0.045860
v -0.039336 0.516103 -0.080116
v -0.046301 0.516855 -0.079075
v -0.043987 0.513913 -0.085554
v -0.039700 0.544094 -0.078660
v -0.043048 0.539758 -0.073843
v -0.036083 0.539007 -0.074885
v 0.025426 0.504423 -0.071330
v 0.025730 0.507007 -0.064314
v 0.019771 0.508023 -0.068004
v 0.020773 0.531234 -0.063233
v 0.026732 0.530218 -0.059543
v 0.026746 0.535010 -0.065044
v 0.069059 0.494648 -0.015553
v 0.065050 0.497878 -0.010123
v 0.062885 0.498683 -0.016818
v 0.062472 0.522211 -0.013856
v 0.064637 0.521406 -0.007161
v 0.068514 0.525652 -0.011651
v 0.066496 0.489160 0.055677
v 0.060226 0.492988 0.057100
v 0.062868 0.493205 0.050533
v 0.062538 0.516911 0.051184
v 0.059896 0.516694 0.057751
v 0.066061 0.520399 0.056535
v 0.018937 0.490528 0.109032
v 0.013515 0.494624 0.105900
v 0.019728 0.494152 0.102534
v 0.020940 0.517814 0.101454
v 0.014727 0.518286 0.104821
v 0.020534 0.521708 0.107610
v -0.051365 0.498111 0.119546
v -0.053227 0.502022 0.113444
v -0.046350 0.501082 0.114853
v -0.042858 0.524498 0.113433
v -0.049735 0.525438 0.112023
v -0.046763 0.528968 0.117674
v -0.111515 0.508362 0.082299
v -0.108770 0.511720 0.076201
v -0.104447 0.510751 0.081727
v -0.099004 0.533835 0.081514
v -0.103327 0.534803 0.075989
v -0.104342 0.538781 0.082019
v -0.133369 0.516484 0.014720
v -0.127125 0.519179 0.011598
v -0.127379 0.518636 0.018655
v -0.121227 0.541456 0.020634
v -0.120973 0.541999 0.013578
v -0.125262 0.546555 0.017328
v -0.106699 0.518676 -0.051571
v -0.099703 0.520911 -0.050136
v -0.104415 0.521046 -0.044851
v -0.099128 0.543795 -0.040721
v -0.094416 0.543659 -0.046007
v -0.099732 0.548654 -0.046129
v -0.088826 0.510892 0.103818
v -0.086853 0.514453 0.108097
v -0.092589 0.515437 0.104081
v -0.088904 0.537722 0.104279
v -0.083169 0.536738 0.108296
v -0.083915 0.540600 0.104083
v -0.130287 0.524147 0.049879
v -0.132074 0.524900 0.043079
v -0.129367 0.520257 0.045529
v -0.123448 0.549733 0.047242
v -0.127634 0.547011 0.044364
v -0.125847 0.546257 0.051163
v -0.126004 0.529535 -0.023076
v -0.123006 0.529705 -0.029478
v -0.122839 0.525241 -0.025614
v -0.117083 0.554593 -0.022135
v -0.118688 0.551723 -0.026868
v -0.121686 0.551552 -0.020467
v -0.076009 0.528096 -0.076632
v -0.069629 0.527604 -0.079640
v -0.072299 0.523510 -0.076323
v -0.067798 0.552905 -0.071585
v -0.066252 0.549654 -0.076085
v -0.072632 0.550146 -0.073077
v -0.003694 0.520504 -0.085729
v 0.003083 0.519579 -0.083936
v -0.001393 0.515875 -0.082871
v 0.001347 0.545459 -0.077970
v 0.005138 0.541771 -0.080259
v -0.001639 0.542696 -0.082052
v 0.057103 0.510311 -0.046110
v 0.061106 0.509386 -0.040355
v 0.056700 0.505908 -0.042194
v 0.057998 0.535740 -0.038303
v 0.062079 0.531764 -0.037437
v 0.058076 0.532689 -0.043192
v 0.077935 0.502287 0.023685
v 0.077291 0.501795 0.030709
v 0.074798 0.498273 0.026675
v 0.075646 0.528294 0.028856
v 0.077927 0.524314 0.032345
v 0.078571 0.524806 0.025321
v 0.049054 0.500185 0.091000
v 0.044064 0.500356 0.096007
v 0.044433 0.496542 0.091512
v 0.046035 0.526607 0.092082
v 0.045266 0.522908 0.096435
v 0.050256 0.522737 0.091428
v -0.016026 0.504990 0.124337
v -0.023026 0.505744 0.124983
v -0.020187 0.501526 0.121978
v -0.016980 0.531466 0.121792
v -0.020621 0.528203 0.124844
v -0.013620 0.527449 0.124197
v -0.088096 0.514753 0.097497
v -0.082360 0.513769 0.101513
v -0.088826 0.510892 0.103818
v -0.083915 0.540600 0.104083
v -0.078676 0.536054 0.101712
v -0.084412 0.537038 0.097695
v -0.129367 0.520257 0.045529
v -0.124495 0.523503 0.040933
v -0.122708 0.522750 0.047732
v -0.118269 0.544860 0.049017
v -0.120055 0.545614 0.042217
v -0.123448 0.549733 0.047242
v -0.122839 0.525241 -0.025614
v -0.115924 0.527929 -0.026208
v -0.118922 0.527758 -0.019807
v -0.114604 0.549775 -0.017197
v -0.111606 0.549946 -0.023599
v -0.117083 0.554593 -0.022135
v -0.072299 0.523510 -0.076323
v -0.066394 0.525959 -0.072510
v -0.072774 0.526451 -0.069502
v -0.069398 0.548501 -0.065948
v -0.063018 0.548009 -0.068956
v -0.067798 0.552905 -0.071585
v -0.001393 0.515875 -0.082871
v 0.000920 0.518516 -0.076308
v -0.005857 0.519441 -0.078101
v -0.003802 0.541633 -0.074424
v 0.002975 0.540708 -0.072631
v 0.001347 0.545459 -0.077970
v 0.056700 0.505908 -0.042194
v 0.054520 0.509082 -0.035824
v 0.050517 0.510007 -0.041579
v 0.051491 0.532384 -0.038660
v 0.055493 0.531459 -0.032905
v 0.057997 0.535740 -0.038303
v 0.074798 0.498273 0.026675
v 0.069327 0.502071 0.029998
v 0.069972 0.502563 0.022974
v 0.070608 0.525083 0.024610
v 0.069963 0.524591 0.031634
v 0.075646 0.528294 0.028856
v 0.044433 0.496542 0.091512
v 0.038413 0.500764 0.090360
v 0.043402 0.500594 0.085353
v 0.044604 0.523145 0.085781
v 0.039614 0.523316 0.090788
v 0.046035 0.526607 0.092082
v -0.020187 0.501526 0.121978
v -0.023759 0.505773 0.117017
v -0.016758 0.505019 0.116371
v -0.014353 0.527478 0.116231
v -0.021353 0.528232 0.116878
v -0.016980 0.531466 0.121792
v -0.027504 0.903739 0.007570
v -0.031854 0.895748 0.005584
v -0.027939 0.898126 0.014989
v 0.062092 0.501325 0.072049
v 0.058880 0.508183 0.077470
v 0.054965 0.505804 0.068065
v -0.024558 0.904670 0.009291
v -0.027939 0.898126 0.014989
v -0.017753 0.900207 0.013819
v 0.065038 0.502256 0.073769
v 0.069065 0.510263 0.076300
v 0.058880 0.508183 0.077470
v -0.021933 0.904877 0.006930
v -0.017753 0.900207 0.013819
v -0.015373 0.899114 0.003691
v 0.067663 0.502463 0.071409
v 0.071446 0.509170 0.066172
v 0.069065 0.510263 0.076300
v -0.023256 0.904073 0.003751
v -0.015373 0.899114 0.003691
v -0.024088 0.896358 -0.001399
v 0.066339 0.501659 0.068230
v 0.062731 0.506414 0.061082
v 0.071446 0.509170 0.066172
v -0.026699 0.903370 0.004147
v -0.024088 0.896358 -0.001399
v -0.031854 0.895748 0.005584
v 0.062896 0.500955 0.068626
v 0.054965 0.505804 0.068065
v 0.062731 0.506414 0.061082
v -0.012246 0.903220 0.019778
v -0.020453 0.899114 0.018193
v -0.013676 0.896054 0.025552
v -0.124930 0.532107 -0.030772
v -0.122635 0.537210 -0.023328
v -0.129412 0.540270 -0.030686
v -0.008927 0.902136 0.020338
v -0.013676 0.896054 0.025552
v -0.004565 0.893925 0.020871
v -0.121611 0.531023 -0.030213
v -0.113524 0.535081 -0.028008
v -0.122635 0.537210 -0.023328
v -0.007263 0.902056 0.017218
v -0.004565 0.893925 0.020871
v -0.005712 0.895669 0.010620
v -0.119948 0.530942 -0.033332
v -0.114671 0.536826 -0.038260
v -0.113524 0.535081 -0.028008
v -0.009554 0.903090 0.014731
v -0.005712 0.895669 0.010620
v -0.015531 0.898876 0.008965
v -0.122238 0.531977 -0.035820
v -0.124490 0.540033 -0.039915
v -0.114671 0.536826 -0.038260
v -0.012634 0.903810 0.016313
v -0.015531 0.898876 0.008965
v -0.020453 0.899114 0.018193
v -0.125318 0.532696 -0.034237
v -0.129412 0.540270 -0.030686
v -0.124490 0.540033 -0.039915
v -0.417978 0.540000 -0.030530
v -0.431678 0.552733 -0.022653
v -0.418479 0.553718 -0.045477
v -0.414687 0.568315 -0.027405
v -0.418410 0.554310 -0.045412
v -0.431609 0.553325 -0.022588
v -0.377171 0.543021 -0.064732
v -0.392944 0.555609 -0.066879
v -0.368202 0.557432 -0.075855
v -0.377121 0.571096 -0.058891
v -0.368201 0.558019 -0.075733
v -0.392943 0.556195 -0.066757
v -0.323984 0.546927 -0.064630
v -0.334920 0.559876 -0.075792
v -0.310211 0.561684 -0.066721
v -0.328157 0.574692 -0.058797
v -0.310298 0.562265 -0.066599
v -0.335007 0.560456 -0.075670
v -0.283304 0.549890 -0.030272
v -0.284755 0.563538 -0.045221
v -0.271641 0.564486 -0.022348
v -0.290707 0.577420 -0.027168
v -0.271796 0.565061 -0.022283
v -0.284910 0.564114 -0.045156
v -0.274165 0.550525 0.022265
v -0.265923 0.564883 0.010528
v -0.270540 0.564525 0.036502
v -0.282294 0.578004 0.021198
v -0.270710 0.565100 0.036480
v -0.266092 0.565457 0.010506
v -0.300844 0.548534 0.068399
v -0.287234 0.563279 0.065371
v -0.307422 0.561785 0.082291
v -0.306855 0.576171 0.063669
v -0.307548 0.562363 0.082192
v -0.287360 0.563857 0.065272
v -0.350857 0.544848 0.086544
v -0.338718 0.559479 0.093645
v -0.365030 0.557546 0.093595
v -0.352897 0.572778 0.080373
v -0.365073 0.558130 0.093466
v -0.338761 0.560063 0.093516
v -0.400803 0.541193 0.068208
v -0.396284 0.555259 0.082121
v -0.416409 0.553793 0.065124
v -0.398876 0.569413 0.063493
v -0.416369 0.554383 0.065025
v -0.396244 0.555849 0.082023
v -0.427311 0.539279 0.021972
v -0.432997 0.552595 0.036191
v -0.437518 0.552281 0.010200
v -0.423279 0.567651 0.020928
v -0.437434 0.552875 0.010178
v -0.432913 0.553188 0.036170
v -0.436537 0.532090 0.054713
v -0.437867 0.535329 0.059299
v -0.440824 0.535489 0.052879
v -0.442869 0.556472 0.054343
v -0.439912 0.556312 0.060762
v -0.439310 0.560543 0.056698
v -0.445637 0.537524 -0.005188
v -0.443777 0.537829 -0.012001
v -0.441729 0.534286 -0.007933
v -0.444628 0.562792 -0.007451
v -0.445914 0.558851 -0.011646
v -0.447775 0.558546 -0.004832
v -0.410130 0.540510 -0.059539
v -0.404323 0.540817 -0.063558
v -0.405430 0.537179 -0.059219
v -0.407457 0.565754 -0.059967
v -0.405818 0.561890 -0.064110
v -0.411625 0.561583 -0.060091
v -0.347959 0.542889 -0.078322
v -0.340922 0.543055 -0.077667
v -0.344622 0.539415 -0.075147
v -0.345190 0.568043 -0.076278
v -0.341341 0.564168 -0.078501
v -0.348378 0.564002 -0.079156
v -0.288215 0.543549 -0.052750
v -0.283241 0.543496 -0.047727
v -0.287760 0.539948 -0.048265
v -0.286964 0.568589 -0.048751
v -0.282654 0.564618 -0.048085
v -0.287628 0.564671 -0.053109
v -0.258853 0.542180 0.005212
v -0.258270 0.541933 0.012253
v -0.261449 0.538528 0.008849
v -0.260021 0.567135 0.009733
v -0.257217 0.563030 0.012906
v -0.257801 0.563277 0.005865
v -0.273612 0.539423 0.068444
v -0.277692 0.539098 0.074208
v -0.278000 0.535820 0.069470
v -0.276970 0.564363 0.071809
v -0.276932 0.560147 0.075934
v -0.272852 0.560472 0.070169
v -0.325585 0.536569 0.107359
v -0.332419 0.536317 0.109149
v -0.329670 0.533092 0.105234
v -0.329880 0.561568 0.108431
v -0.332574 0.557318 0.111507
v -0.325740 0.557570 0.109716
v -0.390454 0.534952 0.103747
v -0.396845 0.534892 0.100725
v -0.392281 0.531618 0.099406
v -0.393993 0.560060 0.102463
v -0.398108 0.555867 0.102980
v -0.391717 0.555927 0.106001
v -0.433599 0.536424 0.049574
v -0.430642 0.536264 0.055993
v -0.436537 0.532090 0.054713
v -0.439310 0.560543 0.056698
v -0.432687 0.557247 0.057457
v -0.435644 0.557407 0.051038
v -0.441729 0.534286 -0.007933
v -0.436101 0.538573 -0.009872
v -0.437962 0.538269 -0.003059
v -0.440099 0.559291 -0.002703
v -0.438239 0.559595 -0.009517
v -0.444628 0.562792 -0.007451
v -0.405430 0.537179 -0.059219
v -0.399796 0.541310 -0.056981
v -0.405603 0.541004 -0.052961
v -0.407098 0.562077 -0.053513
v -0.401291 0.562384 -0.057533
v -0.407457 0.565754 -0.059967
v -0.344622 0.539415 -0.075147
v -0.341670 0.543354 -0.069708
v -0.348707 0.543189 -0.070363
v -0.349126 0.564302 -0.071197
v -0.342089 0.564467 -0.070542
v -0.345190 0.568043 -0.076278
v -0.287760 0.539948 -0.048265
v -0.288922 0.543749 -0.042100
v -0.293896 0.543802 -0.047123
v -0.293309 0.564924 -0.047481
v -0.288335 0.564871 -0.042458
v -0.286964 0.568589 -0.048751
v -0.261449 0.538528 0.008849
v -0.266232 0.542310 0.012927
v -0.266816 0.542556 0.005886
v -0.265764 0.563653 0.006538
v -0.265180 0.563407 0.013579
v -0.260021 0.567135 0.009733
v -0.278000 0.535820 0.069470
v -0.284219 0.539710 0.069623
v -0.280139 0.540035 0.063859
v -0.279379 0.561084 0.065584
v -0.283459 0.560759 0.071348
v -0.276970 0.564363 0.071809
v -0.329670 0.533092 0.105234
v -0.334464 0.537165 0.101461
v -0.327630 0.537417 0.099671
v -0.327785 0.558418 0.102029
v -0.334619 0.558166 0.103819
v -0.329880 0.561568 0.108431
v -0.392281 0.531618 0.099406
v -0.393459 0.535868 0.093543
v -0.387068 0.535928 0.096565
v -0.388331 0.556903 0.098819
v -0.394722 0.556843 0.095798
v -0.393993 0.560060 0.102463
v -0.420121 0.558659 -0.060719
v -0.424846 0.562003 -0.060543
v -0.419463 0.562383 -0.065105
v -0.421454 0.587965 -0.065324
v -0.426837 0.587586 -0.060762
v -0.422695 0.591738 -0.061002
v -0.358693 0.565865 -0.087528
v -0.351635 0.566198 -0.087557
v -0.354981 0.562392 -0.084755
v -0.356547 0.595529 -0.085410
v -0.352846 0.591825 -0.088064
v -0.359905 0.591492 -0.088035
v -0.290628 0.568463 -0.065625
v -0.285197 0.568593 -0.061107
v -0.289588 0.564819 -0.061246
v -0.290142 0.597993 -0.061538
v -0.285626 0.594249 -0.061332
v -0.291057 0.594119 -0.065851
v -0.252500 0.568581 -0.005082
v -0.251237 0.568447 0.001869
v -0.254539 0.564806 -0.001192
v -0.254551 0.597980 -0.000554
v -0.251246 0.594103 0.002362
v -0.252509 0.594236 -0.004589
v -0.262148 0.566164 0.065773
v -0.265645 0.565829 0.071904
v -0.266235 0.562357 0.067307
v -0.266428 0.595493 0.069004
v -0.265794 0.591456 0.073217
v -0.262297 0.591790 0.067086
v -0.315059 0.562343 0.113785
v -0.321679 0.561963 0.116228
v -0.319202 0.558620 0.112199
v -0.320215 0.591698 0.114591
v -0.322462 0.587545 0.118078
v -0.315842 0.587924 0.115635
v -0.386475 0.558905 0.116490
v -0.393120 0.558659 0.114101
v -0.388658 0.555342 0.112480
v -0.390745 0.588370 0.114876
v -0.394734 0.584201 0.115954
v -0.388089 0.584448 0.118343
v -0.442979 0.557461 0.072621
v -0.446541 0.557462 0.066518
v -0.442102 0.554058 0.068017
v -0.445016 0.587066 0.069725
v -0.448795 0.582989 0.067839
v -0.445233 0.582988 0.073942
v -0.458133 0.558684 0.002705
v -0.456944 0.558933 -0.004256
v -0.454528 0.555368 -0.000384
v -0.457634 0.588396 0.000266
v -0.459347 0.584476 -0.003753
v -0.460536 0.584227 0.003208
v -0.414318 0.562836 -0.058996
v -0.419700 0.562456 -0.054434
v -0.420121 0.558659 -0.060719
v -0.422695 0.591738 -0.061002
v -0.421691 0.588038 -0.054653
v -0.416309 0.588418 -0.059215
v -0.354981 0.562392 -0.084755
v -0.351610 0.566358 -0.079559
v -0.358669 0.566025 -0.079530
v -0.359880 0.591651 -0.080037
v -0.352822 0.591985 -0.080066
v -0.356547 0.595529 -0.085410
v -0.289588 0.564819 -0.061246
v -0.290313 0.568562 -0.054956
v -0.295744 0.568431 -0.059475
v -0.296173 0.594087 -0.059701
v -0.290742 0.594218 -0.055182
v -0.290142 0.597993 -0.061538
v -0.254539 0.564806 -0.001192
v -0.259108 0.568417 0.003299
v -0.260371 0.568550 -0.003652
v -0.260380 0.594206 -0.003159
v -0.259118 0.594073 0.003792
v -0.254551 0.597980 -0.000554
v -0.266235 0.562357 0.067307
v -0.272596 0.565991 0.067949
v -0.269100 0.566326 0.061818
v -0.269249 0.591952 0.063130
v -0.272746 0.591618 0.069262
v -0.266428 0.595493 0.069004
v -0.319202 0.558620 0.112199
v -0.324466 0.562419 0.108743
v -0.317847 0.562798 0.106301
v -0.318630 0.588380 0.108151
v -0.325250 0.588001 0.110593
v -0.320215 0.591698 0.114591
v -0.388658 0.555342 0.112480
v -0.390448 0.559372 0.106594
v -0.383802 0.559619 0.108983
v -0.385417 0.585162 0.110836
v -0.392062 0.584915 0.108447
v -0.390745 0.588370 0.114876
v -0.442102 0.554058 0.068017
v -0.439667 0.558277 0.062506
v -0.436105 0.558275 0.068609
v -0.438359 0.583802 0.069930
v -0.441921 0.583804 0.063828
v -0.445016 0.587066 0.069725
v -0.454528 0.555368 -0.000384
v -0.449094 0.559644 -0.002890
v -0.450283 0.559396 0.004071
v -0.452685 0.584938 0.004574
v -0.451497 0.585187 -0.002388
v -0.457634 0.588396 0.000266
v -0.465597 0.578444 0.027416
v -0.468299 0.581762 0.031358
v -0.468986 0.582029 0.024332
v -0.471430 0.607512 0.025539
v -0.470742 0.607245 0.032565
v -0.468757 0.611402 0.028977
v -0.451397 0.586648 -0.044287
v -0.447420 0.587245 -0.050095
v -0.446831 0.583372 -0.045793
v -0.449918 0.616349 -0.044518
v -0.449807 0.612742 -0.049109
v -0.453784 0.612145 -0.043301
v -0.389898 0.593900 -0.091160
v -0.383117 0.594548 -0.093032
v -0.385462 0.590473 -0.089605
v -0.388309 0.623477 -0.088500
v -0.385319 0.620067 -0.092178
v -0.392100 0.619419 -0.090306
v -0.312579 0.600126 -0.087328
v -0.306167 0.600521 -0.084389
v -0.310205 0.596424 -0.083519
v -0.312759 0.629452 -0.082391
v -0.308142 0.626058 -0.083516
v -0.314554 0.625663 -0.086456
v -0.255617 0.602412 -0.034584
v -0.252575 0.602370 -0.028209
v -0.256274 0.598441 -0.030384
v -0.258618 0.631477 -0.029048
v -0.254387 0.627913 -0.027176
v -0.257430 0.627955 -0.033552
v -0.245667 0.599688 0.042392
v -0.247417 0.599229 0.049220
v -0.248903 0.595580 0.044939
v -0.251219 0.628604 0.046569
v -0.249207 0.624763 0.050480
v -0.247457 0.625223 0.043651
v -0.287383 0.593230 0.107582
v -0.293107 0.592567 0.111668
v -0.291542 0.589180 0.107205
v -0.294024 0.622179 0.109077
v -0.295026 0.618082 0.113116
v -0.289301 0.618745 0.109029
v -0.361246 0.586058 0.130483
v -0.368266 0.585503 0.129916
v -0.364239 0.582235 0.127278
v -0.367004 0.615207 0.129229
v -0.370404 0.610997 0.131424
v -0.363384 0.611552 0.131991
v -0.432696 0.581529 0.100380
v -0.437726 0.581341 0.095424
v -0.432979 0.577995 0.095767
v -0.436012 0.610951 0.097595
v -0.440071 0.606822 0.096837
v -0.435041 0.607010 0.101793
v -0.461061 0.582824 0.023587
v -0.460374 0.582557 0.030612
v -0.465597 0.578444 0.027416
v -0.468757 0.611402 0.028977
v -0.462817 0.608040 0.031819
v -0.463504 0.608307 0.024794
v -0.446831 0.583372 -0.045793
v -0.440850 0.587684 -0.045551
v -0.444827 0.587087 -0.039743
v -0.447214 0.612584 -0.038757
v -0.443237 0.613181 -0.044565
v -0.449918 0.616349 -0.044518
v -0.385462 0.590473 -0.089605
v -0.380982 0.594474 -0.085323
v -0.387762 0.593826 -0.083451
v -0.389964 0.619345 -0.082597
v -0.383184 0.619993 -0.084469
v -0.388309 0.623477 -0.088500
v -0.310205 0.596424 -0.083519
v -0.309469 0.600018 -0.077119
v -0.315880 0.599622 -0.080059
v -0.317855 0.625159 -0.079186
v -0.311444 0.625555 -0.076247
v -0.312759 0.629452 -0.082391
v -0.256274 0.598441 -0.030384
v -0.259773 0.601721 -0.024778
v -0.262815 0.601762 -0.031154
v -0.264628 0.627305 -0.030121
v -0.261585 0.627263 -0.023746
v -0.258618 0.631477 -0.029048
v -0.248903 0.595580 0.044939
v -0.255147 0.598786 0.047209
v -0.253397 0.599246 0.040380
v -0.255187 0.624780 0.041640
v -0.256938 0.624320 0.048469
v -0.251219 0.628604 0.046569
v -0.291542 0.589180 0.107205
v -0.297757 0.592587 0.105158
v -0.292032 0.593249 0.101072
v -0.293951 0.618764 0.102520
v -0.299675 0.618102 0.106606
v -0.294024 0.622179 0.109077
v -0.364239 0.582235 0.127278
v -0.367663 0.586024 0.121956
v -0.360644 0.586580 0.122523
v -0.362782 0.612074 0.124031
v -0.369801 0.611518 0.123464
v -0.367004 0.615207 0.129229
v -0.432979 0.577995 0.095767
v -0.432157 0.582169 0.089740
v -0.427127 0.582357 0.094697
v -0.429472 0.607838 0.096110
v -0.434502 0.607650 0.091153
v -0.436012 0.610951 0.097595
v -0.459746 0.606282 0.077526
v -0.460540 0.610009 0.081970
v -0.464089 0.609838 0.075864
v -0.465618 0.635431 0.076036
v -0.462069 0.635602 0.082143
v -0.461724 0.639380 0.077749
v -0.477651 0.610316 0.000777
v -0.476462 0.610570 -0.006182
v -0.474172 0.606790 -0.002343
v -0.476029 0.639884 -0.001453
v -0.477898 0.636160 -0.005494
v -0.479087 0.635906 0.001466
v -0.438768 0.615247 -0.072359
v -0.433398 0.615807 -0.076915
v -0.434077 0.611765 -0.072735
v -0.436269 0.644817 -0.071257
v -0.435093 0.641365 -0.075772
v -0.440463 0.640805 -0.071216
v -0.362084 0.622496 -0.103218
v -0.355045 0.623100 -0.103239
v -0.358221 0.618880 -0.100713
v -0.361047 0.651873 -0.099001
v -0.357230 0.648611 -0.101915
v -0.364269 0.648007 -0.101894
v -0.283482 0.628670 -0.077360
v -0.278067 0.629035 -0.072836
v -0.282099 0.624805 -0.073186
v -0.285561 0.657748 -0.071704
v -0.280744 0.654509 -0.071690
v -0.286158 0.654143 -0.076214
v -0.239738 0.630881 -0.006884
v -0.238483 0.630836 0.000068
v -0.241329 0.626768 -0.003033
v -0.245131 0.659695 -0.002137
v -0.241423 0.656297 0.000761
v -0.242679 0.656341 -0.006191
v -0.251323 0.628094 0.075233
v -0.254813 0.627661 0.081360
v -0.254987 0.623850 0.076919
v -0.258675 0.656801 0.077147
v -0.257665 0.653140 0.081537
v -0.254175 0.653573 0.075409
v -0.312815 0.621613 0.130568
v -0.319418 0.620993 0.133003
v -0.316683 0.617417 0.129261
v -0.319856 0.650422 0.129052
v -0.321871 0.646515 0.132841
v -0.315268 0.647134 0.130406
v -0.395441 0.614471 0.133229
v -0.402067 0.613955 0.130832
v -0.397549 0.610479 0.129501
v -0.400046 0.643542 0.129290
v -0.403998 0.639521 0.130669
v -0.397372 0.640037 0.133065
v -0.457188 0.610278 0.071841
v -0.453639 0.610449 0.077947
v -0.459746 0.606282 0.077526
v -0.461724 0.639380 0.077749
v -0.455168 0.636042 0.078120
v -0.458717 0.635871 0.072013
v -0.474172 0.606790 -0.002343
v -0.468589 0.610975 -0.004822
v -0.469778 0.610721 0.002137
v -0.471214 0.636311 0.002826
v -0.470025 0.636565 -0.004134
v -0.476029 0.639884 -0.001453
v -0.434077 0.611765 -0.072735
v -0.428227 0.615877 -0.070812
v -0.433597 0.615317 -0.066256
v -0.435292 0.640875 -0.065112
v -0.429921 0.641435 -0.069668
v -0.436269 0.644817 -0.071257
v -0.358221 0.618880 -0.100713
v -0.354987 0.622690 -0.095250
v -0.362026 0.622086 -0.095229
v -0.364211 0.647598 -0.093905
v -0.357171 0.648202 -0.093926
v -0.361047 0.651873 -0.099001
v -0.282099 0.624805 -0.073186
v -0.283139 0.628226 -0.066702
v -0.288553 0.627861 -0.071226
v -0.291230 0.653334 -0.070080
v -0.285816 0.653700 -0.065555
v -0.285561 0.657748 -0.071704
v -0.241329 0.626768 -0.003033
v -0.246302 0.629895 0.001474
v -0.247557 0.629939 -0.005478
v -0.250498 0.655400 -0.004785
v -0.249242 0.655356 0.002167
v -0.245131 0.659695 -0.002137
v -0.254987 0.623850 0.076919
v -0.261712 0.626916 0.077378
v -0.258222 0.627349 0.071251
v -0.261074 0.652829 0.071427
v -0.264564 0.652395 0.077555
v -0.258675 0.656801 0.077147
v -0.316683 0.617417 0.129261
v -0.322158 0.620682 0.125494
v -0.315555 0.621302 0.123058
v -0.318009 0.646823 0.122896
v -0.324612 0.646203 0.125332
v -0.319856 0.650422 0.129052
v -0.397549 0.610479 0.129501
v -0.399358 0.614111 0.123307
v -0.392732 0.614627 0.125703
v -0.394663 0.640193 0.125540
v -0.401289 0.639677 0.123143
v -0.400046 0.643542 0.129290
v -0.324747 0.641576 0.138093
v -0.320940 0.645808 0.139618
v -0.327709 0.645283 0.141588
v -0.329884 0.670891 0.140935
v -0.323115 0.671416 0.138965
v -0.327559 0.674677 0.137248
v -0.408020 0.640338 0.136239
v -0.414482 0.640047 0.133389
v -0.410019 0.636325 0.132414
v -0.411185 0.669527 0.131679
v -0.415384 0.665734 0.132820
v -0.408922 0.666024 0.135671
v -0.472718 0.638773 0.077622
v -0.475849 0.638853 0.071285
v -0.471851 0.634971 0.073203
v -0.471825 0.668199 0.073610
v -0.475829 0.664559 0.071600
v -0.472697 0.664479 0.077937
v -0.484760 0.641846 -0.008806
v -0.483097 0.642259 -0.015664
v -0.481312 0.638149 -0.011835
v -0.481103 0.671316 -0.009787
v -0.482935 0.667918 -0.014080
v -0.484599 0.667505 -0.007222
v -0.438513 0.648119 -0.082604
v -0.432832 0.648671 -0.086774
v -0.433975 0.644371 -0.082909
v -0.434680 0.677418 -0.079491
v -0.433377 0.674237 -0.084129
v -0.439058 0.673685 -0.079959
v -0.355616 0.654656 -0.109240
v -0.348576 0.655090 -0.108772
v -0.351990 0.650726 -0.106764
v -0.354276 0.683650 -0.102885
v -0.350344 0.680561 -0.105771
v -0.357384 0.680128 -0.106240
v -0.274857 0.658400 -0.076253
v -0.269752 0.658512 -0.071364
v -0.273718 0.654240 -0.072236
v -0.277513 0.687096 -0.069023
v -0.272689 0.683930 -0.068879
v -0.277793 0.683818 -0.073767
v -0.234024 0.657597 0.000924
v -0.233243 0.657335 0.007945
v -0.235783 0.653269 0.004517
v -0.240311 0.686144 0.006249
v -0.236746 0.682768 0.009285
v -0.237527 0.683030 0.002264
v -0.252224 0.652624 0.086178
v -0.256132 0.652111 0.092046
v -0.255936 0.648268 0.087582
v -0.260075 0.681240 0.087712
v -0.259334 0.677618 0.092147
v -0.255426 0.678132 0.086279
v -0.329914 0.644900 0.133907
v -0.323145 0.645425 0.131938
v -0.324747 0.641576 0.138093
v -0.327559 0.674677 0.137248
v -0.325320 0.671032 0.131285
v -0.332089 0.670508 0.133254
v -0.410019 0.636325 0.132414
v -0.411251 0.639999 0.126070
v -0.404789 0.640289 0.128921
v -0.405692 0.665975 0.128352
v -0.412154 0.665685 0.125502
v -0.411185 0.669527 0.131679
v -0.471851 0.634971 0.073203
v -0.468677 0.638891 0.067741
v -0.465546 0.638811 0.074078
v -0.465525 0.664517 0.074393
v -0.468657 0.664597 0.068056
v -0.471825 0.668199 0.073610
v -0.481312 0.638149 -0.011835
v -0.475321 0.642094 -0.013787
v -0.476985 0.641681 -0.006929
v -0.476824 0.667340 -0.005345
v -0.475160 0.667753 -0.012203
v -0.481103 0.671316 -0.009787
v -0.433975 0.644371 -0.082909
v -0.428075 0.648110 -0.080367
v -0.433756 0.647557 -0.076197
v -0.434301 0.673123 -0.073552
v -0.428620 0.673676 -0.077722
v -0.434680 0.677418 -0.079491
v -0.351990 0.650726 -0.106764
v -0.349044 0.654123 -0.100844
v -0.356084 0.653690 -0.101313
v -0.357853 0.679161 -0.098312
v -0.350813 0.679595 -0.097843
v -0.354276 0.683650 -0.102885
v -0.273718 0.654240 -0.072236
v -0.275210 0.657321 -0.065638
v -0.280315 0.657209 -0.070526
v -0.283251 0.682628 -0.068041
v -0.278146 0.682740 -0.063152
v -0.277513 0.687096 -0.069023
v -0.235783 0.653269 0.004517
v -0.241119 0.656206 0.008779
v -0.241900 0.656469 0.001758
v -0.245403 0.681902 0.003098
v -0.244622 0.681639 0.010119
v -0.240311 0.686144 0.006249
v -0.255936 0.648268 0.087582
v -0.262723 0.651301 0.087585
v -0.258815 0.651815 0.081718
v -0.262017 0.677322 0.081818
v -0.265925 0.676809 0.087686
v -0.260075 0.681239 0.087712
v -0.480084 0.665261 0.073337
v -0.481023 0.669455 0.077419
v -0.483925 0.669109 0.070977
v -0.483331 0.694855 0.069330
v -0.480429 0.695200 0.075772
v -0.479317 0.698518 0.071209
v -0.490199 0.666967 -0.012787
v -0.488289 0.666974 -0.019599
v -0.486737 0.662990 -0.015494
v -0.485788 0.696308 -0.015197
v -0.487555 0.692767 -0.019369
v -0.489464 0.692761 -0.012558
v -0.439384 0.669257 -0.087889
v -0.433556 0.669612 -0.091883
v -0.434874 0.665411 -0.087915
v -0.435342 0.698663 -0.085641
v -0.433918 0.695354 -0.090123
v -0.439746 0.694999 -0.086129
v -0.352357 0.675252 -0.112745
v -0.345337 0.675790 -0.112052
v -0.348764 0.671393 -0.110039
v -0.351581 0.704482 -0.107161
v -0.347518 0.701406 -0.109825
v -0.354538 0.700868 -0.110517
v -0.269837 0.682148 -0.075725
v -0.264910 0.682617 -0.070670
v -0.268697 0.678136 -0.071514
v -0.273700 0.711040 -0.069688
v -0.268784 0.708090 -0.069256
v -0.273710 0.707621 -0.074311
v -0.230437 0.686718 0.005849
v -0.229908 0.686898 0.012901
v -0.232138 0.682485 0.009633
v -0.238139 0.715271 0.009244
v -0.234554 0.712279 0.012600
v -0.235082 0.712099 0.005548
v -0.252592 0.686823 0.093807
v -0.256709 0.686631 0.099557
v -0.256193 0.682405 0.095433
v -0.261538 0.715193 0.092702
v -0.260846 0.712014 0.097443
v -0.256729 0.712206 0.091693
v -0.325936 0.682414 0.146994
v -0.332772 0.681940 0.148750
v -0.329607 0.677934 0.145739
v -0.332948 0.710844 0.141635
v -0.335358 0.707417 0.145573
v -0.328522 0.707892 0.143817
v -0.416150 0.675555 0.140521
v -0.422507 0.675020 0.137463
v -0.418029 0.671163 0.137013
v -0.418956 0.704258 0.133147
v -0.423224 0.700640 0.134470
v -0.416868 0.701176 0.137529
v -0.476631 0.668732 0.067711
v -0.473729 0.669077 0.074153
v -0.480084 0.665261 0.073337
v -0.479317 0.698518 0.071209
v -0.473136 0.694823 0.072506
v -0.476038 0.694478 0.066064
v -0.486737 0.662990 -0.015494
v -0.480589 0.666735 -0.017440
v -0.482499 0.666729 -0.010629
v -0.481764 0.692522 -0.010399
v -0.479855 0.692528 -0.017211
v -0.485788 0.696308 -0.015197
v -0.434874 0.665411 -0.087915
v -0.429023 0.669226 -0.085302
v -0.434851 0.668871 -0.081308
v -0.435213 0.694613 -0.079548
v -0.429385 0.694968 -0.083542
v -0.435342 0.698663 -0.085641
v -0.348764 0.671393 -0.110039
v -0.346062 0.675038 -0.104121
v -0.353082 0.674501 -0.104813
v -0.355263 0.700117 -0.102586
v -0.348244 0.700654 -0.101893
v -0.351581 0.704482 -0.107161
v -0.268697 0.678136 -0.071514
v -0.270525 0.681453 -0.065091
v -0.275451 0.680985 -0.070146
v -0.279324 0.706458 -0.068732
v -0.274398 0.706927 -0.063677
v -0.273700 0.711040 -0.069688
v -0.232138 0.682485 0.009633
v -0.237755 0.685469 0.013525
v -0.238283 0.685289 0.006473
v -0.242929 0.710670 0.006172
v -0.242401 0.710851 0.013224
v -0.238139 0.715271 0.009244
v -0.256193 0.682405 0.095433
v -0.263087 0.685207 0.094942
v -0.258970 0.685399 0.089193
v -0.263107 0.710782 0.087078
v -0.267224 0.710590 0.092828
v -0.261538 0.715193 0.092702
v -0.329607 0.677934 0.145739
v -0.334667 0.680789 0.141064
v -0.327831 0.681264 0.139307
v -0.330417 0.706741 0.136130
v -0.337253 0.706266 0.137886
v -0.332948 0.710844 0.141635
v -0.418029 0.671163 0.137013
v -0.419002 0.674282 0.130309
v -0.412646 0.674818 0.133368
v -0.413364 0.700438 0.130375
v -0.419720 0.699903 0.127316
v -0.418956 0.704258 0.133147
v -0.461210 0.699733 -0.073424
v -0.465469 0.703704 -0.072223
v -0.460606 0.704162 -0.077345
v -0.459635 0.729818 -0.074129
v -0.464498 0.729360 -0.069007
v -0.459956 0.732856 -0.069272
v -0.383165 0.709806 -0.115855
v -0.376143 0.710215 -0.116643
v -0.379176 0.705711 -0.114218
v -0.380482 0.738649 -0.108793
v -0.377155 0.735725 -0.112442
v -0.384177 0.735317 -0.111653
v -0.291981 0.713969 -0.096279
v -0.286086 0.714137 -0.092365
v -0.290022 0.709688 -0.092646
v -0.294111 0.742501 -0.087894
v -0.289253 0.739551 -0.088685
v -0.295148 0.739383 -0.092599
v -0.234584 0.714244 -0.022655
v -0.232575 0.714093 -0.015870
v -0.235466 0.709802 -0.018801
v -0.241257 0.742612 -0.016354
v -0.237061 0.739505 -0.013975
v -0.239070 0.739656 -0.020760
v -0.237830 0.710504 0.070568
v -0.240647 0.710105 0.077049
v -0.241033 0.706001 0.072763
v -0.246651 0.738929 0.072352
v -0.244998 0.735609 0.076731
v -0.242182 0.736008 0.070249
v -0.300201 0.704498 0.139769
v -0.306525 0.704037 0.142914
v -0.304120 0.700062 0.139204
v -0.307769 0.733175 0.136719
v -0.309352 0.729685 0.140990
v -0.303027 0.730146 0.137845
v -0.392512 0.699037 0.152569
v -0.399385 0.698730 0.150906
v -0.395207 0.694764 0.149431
v -0.396013 0.728043 0.146628
v -0.400009 0.724506 0.148735
v -0.393136 0.724812 0.150398
v -0.471570 0.696675 0.102979
v -0.475776 0.696666 0.097286
v -0.471674 0.692588 0.098661
v -0.470093 0.725934 0.097442
v -0.474552 0.722494 0.096341
v -0.470346 0.722503 0.102034
v -0.500383 0.698519 0.014201
v -0.499954 0.698812 0.007142
v -0.497740 0.694550 0.010649
v -0.495346 0.727835 0.012176
v -0.498100 0.724592 0.008326
v -0.498529 0.724299 0.015384
v -0.454801 0.703262 -0.071914
v -0.459665 0.702804 -0.066792
v -0.461210 0.699733 -0.073424
v -0.459956 0.732856 -0.069272
v -0.458694 0.728459 -0.063576
v -0.453830 0.728917 -0.068698
v -0.379176 0.705711 -0.114218
v -0.375189 0.708961 -0.108800
v -0.382211 0.708552 -0.108011
v -0.383223 0.734063 -0.103810
v -0.376201 0.734471 -0.104598
v -0.380482 0.738649 -0.108793
v -0.290022 0.709688 -0.092646
v -0.290405 0.712647 -0.085797
v -0.296300 0.712480 -0.089711
v -0.299467 0.737894 -0.086031
v -0.293572 0.738062 -0.082117
v -0.294111 0.742501 -0.087894
v -0.235466 0.709802 -0.018801
v -0.240119 0.712597 -0.013669
v -0.242129 0.712749 -0.020454
v -0.246614 0.738160 -0.018559
v -0.244605 0.738009 -0.011774
v -0.241257 0.742612 -0.016354
v -0.241033 0.706001 0.072763
v -0.247862 0.708834 0.073836
v -0.245046 0.709233 0.067354
v -0.249397 0.734737 0.067036
v -0.252213 0.734337 0.073517
v -0.246651 0.738929 0.072352
v -0.304120 0.700062 0.139204
v -0.310010 0.703118 0.135772
v -0.303686 0.703578 0.132627
v -0.306512 0.729226 0.130703
v -0.312836 0.728765 0.133848
v -0.307769 0.733175 0.136719
v -0.395207 0.694764 0.149431
v -0.397484 0.698124 0.143159
v -0.390611 0.698430 0.144822
v -0.391235 0.724206 0.142651
v -0.398108 0.723899 0.140988
v -0.396013 0.728043 0.146628
v -0.471674 0.692588 0.098661
v -0.469353 0.696189 0.092541
v -0.465147 0.696197 0.098234
v -0.463923 0.722025 0.097289
v -0.468129 0.722017 0.091597
v -0.470093 0.725934 0.097442
v -0.497740 0.694550 0.010649
v -0.491990 0.698218 0.007602
v -0.492419 0.697925 0.014661
v -0.490564 0.723705 0.015844
v -0.490135 0.723998 0.008785
v -0.495346 0.727835 0.012176
v -0.331431 0.710616 0.151601
v -0.327741 0.715037 0.153020
v -0.334589 0.714544 0.154728
v -0.336722 0.737006 0.152668
v -0.329873 0.737500 0.150960
v -0.334272 0.740543 0.148857
v -0.421883 0.708777 0.145483
v -0.428229 0.708399 0.142379
v -0.423781 0.704515 0.141821
v -0.424349 0.734592 0.139318
v -0.428655 0.730975 0.140500
v -0.422309 0.731353 0.143604
v -0.489235 0.705331 0.079072
v -0.492110 0.705245 0.072608
v -0.488321 0.701269 0.074847
v -0.487299 0.731426 0.073993
v -0.491343 0.727881 0.071966
v -0.488468 0.727966 0.078430
v -0.498283 0.706311 -0.015140
v -0.496341 0.706558 -0.021939
v -0.494851 0.702397 -0.017984
v -0.493668 0.732526 -0.016552
v -0.495453 0.729172 -0.020865
v -0.497395 0.728925 -0.014066
v -0.444792 0.711259 -0.093070
v -0.438942 0.711722 -0.097022
v -0.440316 0.707370 -0.093234
v -0.440476 0.737376 -0.089950
v -0.439062 0.734245 -0.094557
v -0.444912 0.733781 -0.090605
v -0.353792 0.717859 -0.118253
v -0.346772 0.718323 -0.117509
v -0.350234 0.713862 -0.115694
v -0.352612 0.743709 -0.111857
v -0.348556 0.740725 -0.114629
v -0.355577 0.740262 -0.115372
v -0.267863 0.723024 -0.078905
v -0.262956 0.723270 -0.073814
v -0.266755 0.718835 -0.074855
v -0.271188 0.748559 -0.072023
v -0.266284 0.745581 -0.071689
v -0.271190 0.745334 -0.076780
v -0.227211 0.724336 0.006561
v -0.226715 0.724250 0.013618
v -0.228939 0.719962 0.010176
v -0.234304 0.749659 0.010914
v -0.230742 0.746540 0.014172
v -0.231238 0.746626 0.007115
v -0.250859 0.721182 0.098155
v -0.255005 0.720804 0.103876
v -0.254482 0.716716 0.099610
v -0.259217 0.746493 0.098146
v -0.258559 0.743154 0.102777
v -0.254414 0.743532 0.097056
v -0.336452 0.713658 0.146998
v -0.329604 0.714152 0.145291
v -0.331431 0.710616 0.151601
v -0.334272 0.740543 0.148857
v -0.331737 0.736614 0.143231
v -0.338585 0.736121 0.144939
v -0.423781 0.704515 0.141821
v -0.424696 0.707870 0.135221
v -0.418350 0.708248 0.138326
v -0.418775 0.730824 0.136447
v -0.425122 0.730446 0.133342
v -0.424348 0.734592 0.139318
v -0.488321 0.701269 0.074847
v -0.484805 0.704906 0.069363
v -0.481931 0.704992 0.075827
v -0.481163 0.727627 0.075186
v -0.484038 0.727541 0.068722
v -0.487299 0.731426 0.073993
v -0.494851 0.702397 -0.017984
v -0.488655 0.706152 -0.019759
v -0.490596 0.705906 -0.012960
v -0.489709 0.728520 -0.011886
v -0.487767 0.728767 -0.018684
v -0.493668 0.732526 -0.016552
v -0.440316 0.707370 -0.093234
v -0.434443 0.711026 -0.090444
v -0.440293 0.710563 -0.086492
v -0.440413 0.733085 -0.084027
v -0.434563 0.733549 -0.087979
v -0.440476 0.737376 -0.089950
v -0.350234 0.713862 -0.115694
v -0.347536 0.717247 -0.109619
v -0.354557 0.716784 -0.110362
v -0.356341 0.739186 -0.107482
v -0.349321 0.739650 -0.106739
v -0.352612 0.743709 -0.111857
v -0.266755 0.718835 -0.074855
v -0.268599 0.721904 -0.068310
v -0.273506 0.721658 -0.073402
v -0.276833 0.743968 -0.071276
v -0.271927 0.744215 -0.066185
v -0.271188 0.748559 -0.072023
v -0.228939 0.719962 0.010176
v -0.234568 0.722818 0.014153
v -0.235064 0.722904 0.007096
v -0.239091 0.745194 0.007650
v -0.238594 0.745108 0.014707
v -0.234304 0.749659 0.010914
v -0.254482 0.716716 0.099610
v -0.261365 0.719562 0.099185
v -0.257219 0.719940 0.093464
v -0.260774 0.742290 0.092365
v -0.264919 0.741912 0.098086
v -0.259217 0.746493 0.098146
v -0.378003 0.897190 0.021762
v -0.374624 0.889919 0.026500
v -0.368725 0.896686 0.021127
v -0.231213 0.729215 -0.028616
v -0.230235 0.738208 -0.026402
v -0.236134 0.731442 -0.021029
v -0.377470 0.898614 0.018569
v -0.368725 0.896686 0.021127
v -0.372073 0.896732 0.011216
v -0.230680 0.730638 -0.031809
v -0.233583 0.738255 -0.036313
v -0.230235 0.738208 -0.026402
v -0.379834 0.897216 0.016341
v -0.372073 0.896732 0.011216
v -0.380041 0.889995 0.010463
v -0.233044 0.729240 -0.034037
v -0.241551 0.731517 -0.037066
v -0.233583 0.738255 -0.036313
v -0.381828 0.894929 0.018157
v -0.380041 0.889995 0.010463
v -0.381617 0.885785 0.019909
v -0.235038 0.726953 -0.032221
v -0.243127 0.727307 -0.027620
v -0.241551 0.731517 -0.037066
v -0.380696 0.894913 0.021507
v -0.381617 0.885785 0.019909
v -0.374624 0.889919 0.026500
v -0.233906 0.726937 -0.028870
v -0.236134 0.731442 -0.021029
v -0.243127 0.727307 -0.027620
v -0.338283 0.895675 0.007398
v -0.342263 0.893039 0.015395
v -0.337255 0.886542 0.008903
v -0.496906 0.709253 0.071618
v -0.487772 0.709646 0.069841
v -0.492780 0.716143 0.076333
v -0.338192 0.894454 0.004080
v -0.337255 0.886542 0.008903
v -0.341825 0.887195 -0.000486
v -0.496814 0.708032 0.068300
v -0.492341 0.710299 0.060453
v -0.487772 0.709646 0.069841
v -0.340782 0.896032 0.002263
v -0.341825 0.887195 -0.000486
v -0.349656 0.894097 0.000204
v -0.499405 0.709610 0.066483
v -0.500173 0.717201 0.061142
v -0.492341 0.710299 0.060453
v -0.342475 0.898229 0.004458
v -0.349656 0.894097 0.000204
v -0.349927 0.897709 0.010019
v -0.501097 0.711807 0.068678
v -0.500444 0.720813 0.070957
v -0.500173 0.717201 0.061142
v -0.340931 0.898008 0.007631
v -0.349927 0.897709 0.010019
v -0.342263 0.893039 0.015395
v -0.499553 0.711586 0.071851
v -0.492780 0.716143 0.076333
v -0.500444 0.720813 0.070957
v -0.746386 0.780523 0.036008
v -0.749636 0.775110 0.040050
v -0.741412 0.775272 0.037982
v -0.744441 0.459556 0.018523
v -0.739531 0.464773 0.021067
v -0.747754 0.464611 0.023135
v -0.739212 0.780886 0.027423
v -0.736165 0.775538 0.031702
v -0.735594 0.775821 0.023245
v -0.742692 0.459645 0.016429
v -0.738961 0.465056 0.012610
v -0.739531 0.464773 0.021067
v -0.745167 0.781127 0.017948
v -0.739950 0.775998 0.016314
v -0.747821 0.776010 0.013155
v -0.744144 0.459704 0.014119
v -0.746831 0.465069 0.009451
v -0.738961 0.465056 0.012610
v -0.756020 0.780913 0.020677
v -0.755760 0.775853 0.015151
v -0.761195 0.775578 0.021656
v -0.746791 0.459651 0.014784
v -0.752266 0.464793 0.015956
v -0.746831 0.465069 0.009451
v -0.756774 0.780539 0.031839
v -0.761746 0.775305 0.029821
v -0.757234 0.775122 0.037000
v -0.746974 0.459560 0.017506
v -0.747754 0.464611 0.023135
v -0.752266 0.464793 0.015956
v -0.739272 0.779279 0.011643
v -0.734508 0.774110 0.009045
v -0.742943 0.773620 0.008377
v -0.722060 0.443720 0.040312
v -0.726265 0.448486 0.036154
v -0.717830 0.448975 0.036823
v -0.748829 0.779145 0.017477
v -0.749942 0.773522 0.012649
v -0.753212 0.773849 0.020462
v -0.724393 0.443687 0.041736
v -0.729535 0.448812 0.043967
v -0.726265 0.448486 0.036154
v -0.746262 0.779977 0.028345
v -0.751332 0.774458 0.028421
v -0.744917 0.775150 0.033918
v -0.723766 0.443890 0.044389
v -0.723121 0.449504 0.049464
v -0.729535 0.448812 0.043967
v -0.735117 0.780624 0.029228
v -0.736755 0.775624 0.034565
v -0.729521 0.775725 0.030149
v -0.721045 0.444048 0.044605
v -0.715887 0.449605 0.045048
v -0.723121 0.449504 0.049464
v -0.730797 0.780192 0.018906
v -0.726358 0.775408 0.022590
v -0.728301 0.774779 0.014364
v -0.719991 0.443943 0.042085
v -0.717830 0.448975 0.036823
v -0.715887 0.449605 0.045048
v -0.739287 0.777466 0.049304
v -0.743977 0.771624 0.049387
v -0.736759 0.772034 0.053803
v -0.695272 0.429343 0.009709
v -0.694049 0.434233 0.015382
v -0.701266 0.433822 0.010966
v -0.728201 0.778830 0.048445
v -0.728632 0.773033 0.053173
v -0.722286 0.774291 0.047705
v -0.692562 0.429676 0.009499
v -0.687703 0.435490 0.009914
v -0.694049 0.434233 0.015382
v -0.725707 0.780158 0.037604
v -0.720457 0.775265 0.039757
v -0.723752 0.775632 0.031962
v -0.691952 0.430001 0.006849
v -0.690998 0.435857 0.002119
v -0.687703 0.435490 0.009914
v -0.735251 0.779615 0.031765
v -0.730749 0.775234 0.027681
v -0.739132 0.774203 0.028331
v -0.694285 0.429868 0.005422
v -0.699381 0.434826 0.002769
v -0.690998 0.435857 0.002119
v -0.743644 0.777952 0.038996
v -0.745285 0.772984 0.033632
v -0.747171 0.771980 0.041829
v -0.696337 0.429461 0.007189
v -0.701266 0.433822 0.010966
v -0.699381 0.434826 0.002769
v -0.723870 0.777961 0.046930
v -0.724817 0.771989 0.051352
v -0.718088 0.773232 0.046363
v -0.697712 0.420753 -0.006791
v -0.692686 0.426348 -0.005805
v -0.699415 0.425104 -0.000816
v -0.720626 0.779659 0.036340
v -0.715708 0.774477 0.038595
v -0.718471 0.775310 0.030633
v -0.696919 0.421168 -0.009381
v -0.695449 0.427180 -0.013766
v -0.692686 0.426348 -0.005805
v -0.729785 0.779744 0.029885
v -0.725189 0.775372 0.025898
v -0.733626 0.774644 0.025966
v -0.699159 0.421189 -0.010960
v -0.703885 0.426452 -0.013698
v -0.695449 0.427180 -0.013766
v -0.738688 0.778099 0.036485
v -0.740158 0.773438 0.030808
v -0.742609 0.772155 0.038812
v -0.701336 0.420787 -0.009346
v -0.706336 0.425169 -0.005695
v -0.703885 0.426452 -0.013698
v -0.735033 0.776998 0.047020
v -0.739927 0.771346 0.046539
v -0.733006 0.771282 0.051418
v -0.700442 0.420517 -0.006769
v -0.699415 0.425104 -0.000816
v -0.706336 0.425169 -0.005695
v -0.715525 0.779709 0.002449
v -0.714178 0.774315 -0.002578
v -0.721490 0.775246 0.001616
v -0.755736 0.457936 0.003768
v -0.760400 0.463873 0.002892
v -0.753089 0.462942 -0.001302
v -0.720120 0.780178 0.012646
v -0.724852 0.775589 0.009076
v -0.723173 0.775232 0.017381
v -0.756856 0.458050 0.006255
v -0.758721 0.463516 0.011196
v -0.760400 0.463873 0.002892
v -0.711939 0.778948 0.020187
v -0.717187 0.774333 0.022898
v -0.708838 0.773182 0.023837
v -0.754861 0.457750 0.008094
v -0.750372 0.462365 0.012135
v -0.758721 0.463516 0.011196
v -0.702287 0.777720 0.014651
v -0.701776 0.772283 0.019786
v -0.698295 0.771927 0.012062
v -0.752507 0.457450 0.006744
v -0.746891 0.462010 0.004410
v -0.750372 0.462365 0.012135
v -0.704504 0.778190 0.003688
v -0.699917 0.772272 0.004041
v -0.706114 0.773203 -0.001672
v -0.753048 0.457565 0.004070
v -0.753089 0.462942 -0.001302
v -0.746891 0.462010 0.004410
v -0.701684 0.657846 0.037500
v -0.698175 0.661831 0.036091
v -0.701750 0.661597 0.041512
v -0.705695 0.709311 0.040969
v -0.702120 0.709545 0.035547
v -0.706223 0.712749 0.036875
v -0.722797 0.660621 0.054093
v -0.729265 0.660389 0.054674
v -0.726101 0.656714 0.052094
v -0.728258 0.711727 0.050046
v -0.731140 0.708199 0.052894
v -0.724672 0.708431 0.052312
v -0.752231 0.659786 0.046050
v -0.756722 0.659731 0.041353
v -0.752744 0.656015 0.042089
v -0.752303 0.711096 0.041017
v -0.756338 0.707600 0.040421
v -0.751847 0.707656 0.045118
v -0.764314 0.659956 0.018019
v -0.763445 0.660118 0.011581
v -0.761551 0.656276 0.015019
v -0.760251 0.711331 0.016586
v -0.762315 0.707966 0.012943
v -0.763183 0.707803 0.019381
v -0.749946 0.661001 -0.008893
v -0.744372 0.661260 -0.012224
v -0.745890 0.657300 -0.008733
v -0.746117 0.712256 -0.004849
v -0.744570 0.709020 -0.008848
v -0.750143 0.708762 -0.005517
v -0.719947 0.662136 -0.014420
v -0.713865 0.662296 -0.012136
v -0.717554 0.658317 -0.011280
v -0.720545 0.713173 -0.007147
v -0.716465 0.709970 -0.008544
v -0.722546 0.709810 -0.010828
v -0.696907 0.662505 0.005600
v -0.694897 0.662445 0.011779
v -0.697880 0.658560 0.009295
v -0.702791 0.713392 0.011421
v -0.699164 0.710099 0.013627
v -0.701174 0.710159 0.007447
v -0.708398 0.660997 0.037103
v -0.704823 0.661231 0.031681
v -0.701684 0.657846 0.037500
v -0.706223 0.712749 0.036875
v -0.708768 0.708945 0.031138
v -0.712343 0.708711 0.036560
v -0.726101 0.656714 0.052094
v -0.729969 0.660065 0.046712
v -0.723501 0.660297 0.046130
v -0.725376 0.708107 0.044350
v -0.731844 0.707875 0.044931
v -0.728258 0.711727 0.050046
v -0.752744 0.656015 0.042089
v -0.750940 0.659577 0.035826
v -0.746449 0.659632 0.040523
v -0.746065 0.707502 0.039591
v -0.750556 0.707446 0.034894
v -0.752303 0.711096 0.041017
v -0.761551 0.656276 0.015019
v -0.755519 0.659901 0.012644
v -0.756388 0.659738 0.019082
v -0.755257 0.707586 0.020445
v -0.754389 0.707748 0.014006
v -0.760251 0.711331 0.016586
v -0.745890 0.657300 -0.008733
v -0.740259 0.660793 -0.005379
v -0.745832 0.660534 -0.002047
v -0.746030 0.708295 0.001329
v -0.740456 0.708554 -0.002003
v -0.746117 0.712256 -0.004849
v -0.717554 0.658317 -0.011280
v -0.716650 0.661581 -0.004670
v -0.722732 0.661422 -0.006954
v -0.725331 0.709096 -0.003362
v -0.719249 0.709256 -0.001079
v -0.720545 0.713173 -0.007147
v -0.697880 0.658560 0.009295
v -0.702471 0.661672 0.014236
v -0.704481 0.661732 0.008056
v -0.708748 0.709385 0.009904
v -0.706738 0.709326 0.016083
v -0.702791 0.713392 0.011421
v -0.730474 0.904620 0.006331
v -0.725126 0.897865 0.002794
v -0.735586 0.897770 0.002632
v -0.729428 0.769792 0.017998
v -0.734640 0.775825 0.013184
v -0.724181 0.775920 0.013346
v -0.733368 0.904773 0.008357
v -0.735586 0.897770 0.002632
v -0.738980 0.898597 0.012493
v -0.732323 0.769944 0.020024
v -0.738034 0.776652 0.023045
v -0.734640 0.775825 0.013184
v -0.732330 0.905072 0.011724
v -0.738980 0.898597 0.012493
v -0.730617 0.899203 0.018750
v -0.731284 0.770244 0.023391
v -0.729672 0.777258 0.029302
v -0.738034 0.776652 0.023045
v -0.728795 0.905104 0.011779
v -0.730617 0.899203 0.018750
v -0.722055 0.898751 0.012755
v -0.727749 0.770276 0.023446
v -0.721110 0.776806 0.023308
v -0.729672 0.777258 0.029302
v -0.727647 0.904825 0.008446
v -0.722055 0.898751 0.012755
v -0.725126 0.897865 0.002794
v -0.726602 0.769997 0.020113
v -0.724181 0.775920 0.013346
v -0.721110 0.776806 0.023308
vn 0.4612 -0.8725 -0.1612
vn 0.4411 0.8796 -0.1782
vn 0.4615 -0.8693 0.1773
vn 0.4414 0.8828 0.1603
vn -0.4414 -0.8829 -0.1603
vn -0.4615 0.8693 -0.1773
vn -0.4411 -0.8796 0.1782
vn -0.4612 0.8725 0.1612
vn 0.4681 -0.8836 0.0082
vn 0.9360 0.0073 -0.3520
vn 0.4477 0.8941 -0.0091
vn 0.9366 0.0141 0.3502
vn 0.0114 -0.9799 0.1992
vn -0.0111 0.9836 0.1802
vn -0.9360 -0.0073 0.3520
vn -0.4478 -0.8941 0.0091
vn -0.4681 0.8836 -0.0082
vn -0.9366 -0.0141 -0.3502
vn 0.0111 -0.9836 -0.1802
vn -0.0114 0.9799 -0.1992
vn 0.0114 -0.9999 0.0097
vn 0.9999 0.0114 -0.0010
vn -0.0008 -0.0097 -1.0000
vn -0.0114 0.9999 -0.0097
vn 0.0008 0.0097 1.0000
vn -0.9999 -0.0114 0.0010
vn 0.7027 -0.0671 -0.7084
vn 0.7033 0.0692 -0.7075
vn 0.7076 -0.0754 0.7026
vn 0.7082 0.0609 0.7033
vn -0.7082 -0.0609 -0.7034
vn -0.7076 0.0754 -0.7025
vn -0.7032 -0.0692 0.7076
vn -0.7027 0.0671 0.7083
vn 0.9949 -0.1005 -0.0041
vn 0.7046 0.0011 -0.7096
vn 0.9958 0.0918 -0.0030
vn 0.7096 -0.0072 0.7046
vn 0.0031 -0.1020 0.9948
vn 0.0039 0.0903 0.9959
vn -0.7046 -0.0011 0.7096
vn -0.9958 -0.0918 0.0030
vn -0.9949 0.1005 0.0041
vn -0.7096 0.0072 -0.7046
vn -0.0039 -0.0903 -0.9959
vn -0.0031 0.1020 -0.9948
vn -0.0044 -1.0000 -0.0058
vn 1.0000 -0.0044 -0.0035
vn -0.0035 0.0059 -1.0000
vn 0.0044 1.0000 0.0058
vn 0.0035 -0.0059 1.0000
vn -1.0000 0.0044 0.0035
vn 0.8136 -0.1960 0.5473
vn 0.8071 -0.3241 0.4934
vn 0.5831 0.3532 -0.7316
vn 0.5766 0.2252 -0.7854
vn -0.5766 -0.2252 0.7854
vn -0.5831 -0.3532 0.7316
vn -0.8072 0.3241 -0.4934
vn -0.8137 0.1960 -0.5473
vn 0.9853 0.1109 -0.1301
vn 0.8124 -0.2607 0.5215
vn 0.9761 -0.0698 -0.2060
vn 0.5812 0.2899 -0.7604
vn -0.1581 0.4778 -0.8642
vn -0.1673 0.2971 -0.9401
vn -0.8124 0.2607 -0.5216
vn -0.9761 0.0698 0.2060
vn -0.9853 -0.1109 0.1301
vn -0.5813 -0.2899 0.7603
vn 0.1673 -0.2971 0.9401
vn 0.1581 -0.4778 0.8642
vn 0.0470 0.9209 0.3870
vn 0.9854 0.0206 -0.1688
vn 0.1635 -0.3893 0.9065
vn -0.0470 -0.9209 -0.3870
vn -0.1635 0.3893 -0.9065
vn -0.9854 -0.0206 0.1688
vn 0.4000 -0.8603 -0.3162
vn 0.4273 0.8524 -0.3013
vn 0.3918 -0.8656 0.3118
vn 0.4192 0.8471 0.3267
vn -0.4192 -0.8471 -0.3267
vn -0.3919 0.8656 -0.3118
vn -0.4273 -0.8524 0.3014
vn -0.3999 0.8603 0.3162
vn 0.4170 -0.9089 -0.0023
vn 0.8013 -0.0076 -0.5982
vn 0.4458 0.8950 0.0133
vn 0.7856 -0.0179 0.6185
vn -0.0194 -0.9416 0.3361
vn 0.0105 0.9358 0.3524
vn -0.8013 0.0076 0.5982
vn -0.4458 -0.8950 -0.0133
vn -0.4170 0.9089 0.0023
vn -0.7856 0.0179 -0.6185
vn -0.0105 -0.9358 -0.3524
vn 0.0194 0.9416 -0.3361
vn -0.0160 -0.9998 -0.0087
vn 0.9998 -0.0161 0.0128
vn 0.0129 0.0084 -0.9999
vn 0.0160 0.9998 0.0087
vn -0.0129 -0.0084 0.9999
vn -0.9998 0.0161 -0.0128
vn 0.4517 -0.8772 -0.1629
vn 0.4516 0.8751 -0.1741
vn 0.4512 -0.8750 0.1756
vn 0.4510 0.8772 0.1645
vn -0.4510 -0.8772 -0.1645
vn -0.4512 0.8750 -0.1756
vn -0.4516 -0.8751 0.1741
vn -0.4517 0.8772 0.1629
vn 0.4580 -0.8889 0.0064
vn 0.9369 -0.0021 -0.3495
vn 0.4579 0.8890 -0.0049
vn 0.9357 0.0023 0.3527
vn -0.0002 -0.9806 0.1959
vn -0.0004 0.9830 0.1834
vn -0.9369 0.0021 0.3496
vn -0.4579 -0.8890 0.0049
vn -0.4580 0.8889 -0.0064
vn -0.9357 -0.0023 -0.3527
vn 0.0004 -0.9830 -0.1834
vn 0.0002 0.9806 -0.1959
vn 0.0001 -1.0000 0.0063
vn 1.0000 0.0001 0.0017
vn 0.0017 -0.0063 -1.0000
vn -0.0001 1.0000 -0.0063
vn -0.0017 0.0063 1.0000
vn -1.0000 -0.0001 -0.0017
vn 0.7094 -0.0745 -0.7008
vn 0.7095 0.0618 -0.7020
vn 0.7013 -0.0631 0.7100
vn 0.7015 0.0732 0.7089
vn -0.7015 -0.0732 -0.7089
vn -0.7014 0.0631 -0.7100
vn -0.7096 -0.0618 0.7019
vn -0.7094 0.0745 0.7009
vn 0.9953 -0.0971 0.0065
vn 0.7111 -0.0064 -0.7030
vn 0.9954 0.0952 0.0049
vn 0.7031 0.0050 0.7111
vn -0.0058 -0.0881 0.9961
vn -0.0056 0.1042 0.9945
vn -0.7111 0.0064 0.7031
vn -0.9954 -0.0952 -0.0049
vn -0.9953 0.0971 -0.0065
vn -0.7031 -0.0050 -0.7111
vn 0.0056 -0.1042 -0.9945
vn 0.0058 0.0881 -0.9961
vn -0.0010 -1.0000 0.0081
vn 1.0000 -0.0009 0.0057
vn 0.0057 -0.0081 -1.0000
vn 0.0010 1.0000 -0.0081
vn -0.0057 0.0081 1.0000
vn -1.0000 0.0009 -0.0057
vn 0.5547 -0.2478 0.7943
vn 0.5578 -0.3758 0.7400
vn 0.8262 0.2983 -0.4779
vn 0.8294 0.1703 -0.5321
vn -0.8293 -0.1703 0.5322
vn -0.8262 -0.2983 0.4779
vn -0.5578 0.3758 -0.7401
vn -0.5547 0.2478 -0.7943
vn 0.9741 0.0356 0.2232
vn 0.5576 -0.3126 0.7690
vn 0.9785 -0.1449 0.1466
vn 0.8298 0.2349 -0.5062
vn 0.1893 0.4755 -0.8591
vn 0.1937 0.2950 -0.9357
vn -0.5576 0.3126 -0.7690
vn -0.9785 0.1450 -0.1466
vn -0.9741 -0.0356 -0.2232
vn -0.8298 -0.2349 0.5062
vn -0.1937 -0.2950 0.9357
vn -0.1893 -0.4755 0.8591
vn -0.0224 0.9204 0.3903
vn 0.9811 -0.0549 0.1858
vn -0.1925 -0.3871 0.9017
vn 0.0224 -0.9204 -0.3903
vn 0.1925 0.3871 -0.9017
vn -0.9811 0.0549 -0.1858
vn 0.4106 -0.8622 -0.2966
vn 0.4184 0.8506 -0.3183
vn 0.4007 -0.8542 0.3313
vn 0.4085 0.8586 0.3096
vn -0.4085 -0.8586 -0.3096
vn -0.4007 0.8542 -0.3313
vn -0.4184 -0.8506 0.3183
vn -0.4106 0.8622 0.2967
vn 0.4273 -0.9039 0.0183
vn 0.8031 -0.0112 -0.5957
vn 0.4355 0.9002 -0.0046
vn 0.7839 0.0043 0.6209
vn -0.0097 -0.9344 0.3561
vn -0.0011 0.9432 0.3323
vn -0.8031 0.0112 0.5957
vn -0.4356 -0.9001 0.0046
vn -0.4273 0.9039 -0.0183
vn -0.7839 -0.0043 -0.6209
vn 0.0011 -0.9432 -0.3323
vn 0.0097 0.9344 -0.3561
vn -0.0046 -0.9999 0.0127
vn 0.9999 -0.0044 0.0158
vn 0.0158 -0.0128 -0.9998
vn 0.0046 0.9999 -0.0127
vn -0.0158 0.0128 0.9998
vn -0.9999 0.0044 -0.0158
vn 0.5526 -0.0070 0.8334
vn -0.5673 -0.0264 0.8231
vn 0.5663 -0.6488 0.5083
vn -0.5536 -0.6670 0.4986
vn 0.5744 -0.7947 -0.1963
vn -0.5456 -0.8127 -0.2047
vn 0.5707 -0.3349 -0.7497
vn -0.5492 -0.3537 -0.7571
vn 0.5581 0.3844 -0.7354
vn -0.5618 0.3642 -0.7428
vn 0.5460 0.8216 -0.1639
vn -0.5739 0.8006 -0.1724
vn 0.5436 0.6474 0.5342
vn -0.5763 0.6267 0.5245
vn 0.7069 -0.3075 0.6369
vn -0.7070 -0.3315 0.6247
vn -0.0095 -0.0202 0.9998
vn 0.0070 -0.7941 0.6077
vn 0.7173 -0.6806 0.1491
vn -0.6967 -0.7040 0.1378
vn 0.0168 -0.9701 -0.2420
vn 0.7194 -0.5320 -0.4467
vn -0.6946 -0.5556 -0.4570
vn 0.0124 -0.4156 -0.9095
vn 0.7116 0.0265 -0.7021
vn -0.7023 0.0019 -0.7119
vn -0.0029 0.4518 -0.8921
vn 0.6999 0.5743 -0.4246
vn -0.7140 0.5487 -0.4349
vn -0.0175 0.9790 -0.2030
vn 0.6931 0.6989 0.1768
vn -0.7209 0.6730 0.1654
vn -0.0204 0.7690 0.6390
vn 0.6961 0.3064 0.6492
vn -0.7178 0.2813 0.6369
vn 0.9998 0.0174 0.0078
vn -0.0009 -0.4519 0.8921
vn -0.0162 0.4156 0.9094
vn -0.9998 -0.0174 -0.0078
vn 0.0136 -0.9791 0.2029
vn 0.0166 -0.7690 -0.6390
vn 0.0057 0.0201 -0.9998
vn -0.0109 0.7941 -0.6077
vn -0.0206 0.9701 0.2420
vn 0.0545 0.7116 -0.7005
vn -0.0144 0.7123 -0.7017
vn 0.0290 0.7010 0.7126
vn -0.0399 0.7017 0.7114
vn 0.0399 -0.7017 -0.7114
vn -0.0290 -0.7010 -0.7126
vn 0.0144 -0.7123 0.7017
vn -0.0545 -0.7116 0.7005
vn 0.0590 0.9982 0.0086
vn 0.0201 0.7124 -0.7015
vn -0.0384 0.9992 0.0068
vn -0.0055 0.7017 0.7124
vn 0.0306 -0.0080 0.9995
vn -0.0667 -0.0070 0.9977
vn -0.0201 -0.7124 0.7015
vn 0.0384 -0.9992 -0.0068
vn -0.0590 -0.9982 -0.0086
vn 0.0055 -0.7017 -0.7124
vn 0.0667 0.0070 -0.9977
vn -0.0306 0.0080 -0.9995
vn 0.9998 -0.0105 0.0180
vn 0.0103 0.9999 0.0077
vn 0.0180 0.0075 -0.9998
vn -0.9998 0.0105 -0.0180
vn -0.0180 -0.0075 0.9998
vn -0.0103 -0.9999 -0.0077
vn 0.0809 -0.9180 -0.3883
vn 0.0830 0.9147 -0.3955
vn 0.0895 -0.9149 0.3936
vn 0.0916 0.9178 0.3863
vn -0.0916 -0.9178 -0.3864
vn -0.0895 0.9149 -0.3936
vn -0.0830 -0.9147 0.3955
vn -0.0809 0.9180 0.3883
vn 0.0925 -0.9957 0.0029
vn 0.2046 -0.0041 -0.9788
vn 0.0948 0.9955 -0.0050
vn 0.2261 0.0036 0.9741
vn 0.0033 -0.9182 0.3961
vn 0.0054 0.9213 0.3887
vn -0.2046 0.0041 0.9788
vn -0.0948 -0.9955 0.0050
vn -0.0926 0.9957 -0.0029
vn -0.2261 -0.0036 -0.9741
vn -0.0054 -0.9213 -0.3888
vn -0.0033 0.9182 -0.3960
vn -0.0011 -1.0000 0.0040
vn 0.9999 -0.0012 -0.0110
vn -0.0110 -0.0040 -0.9999
vn 0.0011 1.0000 -0.0040
vn 0.0110 0.0040 0.9999
vn -0.9999 0.0012 0.0110
vn -0.4665 -0.4739 -0.7469
vn -0.4644 0.6728 -0.5760
vn 0.1258 -0.4178 -0.8998
vn 0.0040 0.7172 -0.6969
vn 0.6779 -0.3712 -0.6346
vn 0.4406 0.7540 -0.4871
vn 0.9315 -0.3559 -0.0753
vn 0.6411 0.7661 -0.0449
vn 0.7679 -0.3790 0.5164
vn 0.5117 0.7478 0.4230
vn 0.2637 -0.4298 0.8635
vn 0.1130 0.7076 0.6975
vn -0.3452 -0.4845 0.8038
vn -0.3685 0.6644 0.6502
vn -0.7739 -0.5175 0.3651
vn -0.7075 0.6383 0.3033
vn -0.8218 -0.5133 -0.2473
vn -0.7453 0.6417 -0.1810
vn -0.1390 -0.6253 -0.7679
vn -0.2258 0.7750 -0.5902
vn -0.5691 0.2035 -0.7967
vn 0.0707 0.2642 -0.9619
vn 0.3926 -0.5776 -0.7157
vn 0.1951 0.8128 -0.5489
vn 0.6670 0.3146 -0.6754
vn 0.7669 -0.5488 -0.3327
vn 0.4914 0.8356 -0.2457
vn 0.9409 0.3311 -0.0713
vn 0.8087 -0.5525 0.2020
vn 0.5245 0.8327 0.1776
vn 0.7642 0.3060 0.5678
vn 0.4985 -0.5868 0.6381
vn 0.2789 0.8055 0.5229
vn 0.2196 0.2512 0.9427
vn -0.0186 -0.6358 0.7716
vn -0.1305 0.7667 0.6286
vn -0.4381 0.1921 0.8782
vn -0.5007 -0.6766 0.5400
vn -0.5122 0.7344 0.4453
vn -0.9012 0.1565 0.4043
vn -0.7220 -0.6899 0.0517
vn -0.6874 0.7239 0.0587
vn -0.9528 0.1611 -0.2572
vn -0.5792 -0.6697 -0.4648
vn -0.5744 0.7399 -0.3503
vn 0.0908 -0.9958 -0.0139
vn -0.2633 0.2195 -0.9394
vn -0.8098 0.1644 -0.5631
vn -0.0908 0.9958 0.0139
vn 0.3967 0.2788 -0.8746
vn 0.8613 0.3144 -0.3990
vn 0.9132 0.3099 0.2647
vn 0.5280 0.2673 0.8061
vn -0.1139 0.2064 0.9718
vn -0.7123 0.1559 0.6843
vn -0.9872 0.1393 0.0781
vn 0.7964 -0.6047 0.0004
vn 0.8216 0.5632 0.0881
vn 0.5931 -0.6516 0.4729
vn 0.5902 0.5099 0.6259
vn 0.1329 -0.6989 0.7028
vn 0.0665 0.4561 0.8875
vn -0.3688 -0.7244 0.5824
vn -0.5044 0.4270 0.7505
vn -0.6773 -0.7162 0.1681
vn -0.8554 0.4363 0.2790
vn -0.6482 -0.6782 -0.3462
vn -0.8223 0.4796 -0.3063
vn -0.2951 -0.6281 -0.7200
vn -0.4205 0.5366 -0.7316
vn 0.2167 -0.5894 -0.7782
vn 0.1619 0.5807 -0.7979
vn 0.6478 -0.5802 -0.4937
vn 0.6525 0.5912 -0.4742
vn -0.5763 -0.8119 -0.0926
vn -0.5817 0.8130 0.0272
vn -0.4064 -0.7728 -0.4875
vn -0.4399 0.8456 -0.3022
vn -0.0219 -0.7333 -0.6796
vn -0.1191 0.8786 -0.4625
vn 0.3974 -0.7119 -0.5790
vn 0.2306 0.8964 -0.3786
vn 0.6551 -0.7188 -0.2328
vn 0.4456 0.8907 -0.0898
vn 0.6308 -0.7505 0.1970
vn 0.4253 0.8642 0.2688
vn 0.3358 -0.7924 0.5093
vn 0.1792 0.8293 0.5293
vn -0.0919 -0.8247 0.5580
vn -0.1776 0.8023 0.5699
vn -0.4521 -0.8325 0.3203
vn -0.4781 0.7958 0.3716
vn 0.6478 -0.7334 0.2060
vn 0.6522 0.6737 0.3475
vn 0.9984 -0.0132 0.0555
vn 0.7299 -0.0751 0.6794
vn 0.3435 -0.7766 0.5281
vn 0.2973 0.6233 0.7233
vn 0.1223 -0.1375 0.9829
vn -0.0975 -0.8100 0.5783
vn -0.2173 0.5844 0.7818
vn -0.5401 -0.1712 0.8240
vn -0.4690 -0.8179 0.3331
vn -0.6507 0.5751 0.4958
vn -0.9474 -0.1605 0.2770
vn -0.5971 -0.7968 -0.0927
vn -0.8002 0.5998 -0.0010
vn -0.9089 -0.1103 -0.4021
vn -0.4219 -0.7564 -0.4999
vn -0.5957 0.6469 -0.4761
vn -0.4428 -0.0441 -0.8955
vn -0.0253 -0.7156 -0.6980
vn -0.1330 0.6944 -0.7071
vn 0.2330 0.0070 -0.9725
vn 0.4070 -0.6936 -0.5943
vn 0.3714 0.7201 -0.5861
vn 0.8021 0.0192 -0.5969
vn 0.6729 -0.7007 -0.2373
vn 0.6815 0.7119 -0.1696
vn -0.6522 -0.6737 -0.3475
vn -0.6478 0.7334 -0.2060
vn -0.9984 0.0132 -0.0555
vn -0.7299 0.0751 -0.6794
vn -0.2973 -0.6233 -0.7233
vn -0.3435 0.7766 -0.5281
vn -0.1223 0.1375 -0.9829
vn 0.2173 -0.5844 -0.7819
vn 0.0975 0.8100 -0.5783
vn 0.5401 0.1712 -0.8240
vn 0.6507 -0.5751 -0.4958
vn 0.4690 0.8179 -0.3331
vn 0.9474 0.1605 -0.2770
vn 0.8002 -0.5998 0.0010
vn 0.5971 0.7968 0.0927
vn 0.9089 0.1103 0.4021
vn 0.5957 -0.6469 0.4761
vn 0.4219 0.7564 0.4999
vn 0.4428 0.0441 0.8955
vn 0.1330 -0.6944 0.7071
vn 0.0253 0.7156 0.6980
vn -0.2330 -0.0070 0.9725
vn -0.3714 -0.7201 0.5861
vn -0.4070 0.6936 0.5943
vn -0.8021 -0.0192 0.5968
vn -0.6815 -0.7119 0.1696
vn -0.6729 0.7007 0.2373
vn -0.0000 1.0000 -0.0000
vn 0.9193 -0.0375 0.3919
vn 0.9577 0.0127 -0.2875
vn -0.0000 -1.0000 -0.0000
vn 0.4529 -0.1037 0.8855
vn 0.8944 -0.4472 -0.0000
vn -0.2230 -0.1549 0.9624
vn -0.7924 -0.1671 0.5867
vn 0.0201 0.9998 -0.0000
vn -0.9887 -0.1346 -0.0659
vn -0.7201 -0.0727 -0.6900
vn -0.1123 -0.0103 -0.9936
vn 0.5503 0.0235 -0.8346
vn -0.9193 0.0375 -0.3919
vn -0.9577 -0.0127 0.2875
vn -0.4529 0.1037 -0.8855
vn 0.2230 0.1549 -0.9624
vn 0.7924 0.1671 -0.5867
vn 0.9887 0.1346 0.0659
vn 0.7201 0.0727 0.6900
vn 0.1123 0.0103 0.9936
vn -0.5503 -0.0235 0.8346
vn -0.2002 -0.6936 0.6919
vn -0.2999 0.4647 0.8331
vn -0.6151 -0.7001 0.3627
vn -0.7521 0.4577 0.4742
vn -0.7224 -0.6738 -0.1554
vn -0.8691 0.4863 -0.0904
vn -0.4720 -0.6270 -0.6197
vn -0.5961 0.5373 -0.5966
vn 0.0190 -0.5817 -0.8132
vn -0.0610 0.5868 -0.8075
vn 0.5208 -0.5589 -0.6452
vn 0.4860 0.6115 -0.6244
vn 0.7987 -0.5695 -0.1944
vn 0.7888 0.6000 -0.1330
vn 0.7225 -0.6084 0.3283
vn 0.7059 0.5577 0.4368
vn 0.3281 -0.6574 0.6784
vn 0.2759 0.5042 0.8183
vn 0.2448 -0.7354 -0.6319
vn 0.1144 0.8800 -0.4609
vn 0.5739 -0.7302 -0.3708
vn 0.4060 0.8846 -0.2295
vn 0.6590 -0.7511 0.0401
vn 0.4814 0.8661 0.1346
vn 0.4604 -0.7882 0.4084
vn 0.3054 0.8332 0.4609
vn 0.0709 -0.8242 0.5619
vn -0.0396 0.8013 0.5969
vn -0.3271 -0.8422 0.4287
vn -0.3923 0.7854 0.4788
vn -0.5474 -0.8338 0.0711
vn -0.5876 0.7928 0.1620
vn -0.4870 -0.8030 -0.3435
vn -0.5341 0.8201 -0.2054
vn -0.1742 -0.7641 -0.6212
vn -0.2568 0.8546 -0.4514
vn -0.3646 -0.8008 0.4752
vn -0.5036 0.5988 0.6227
vn -0.3092 -0.1330 0.9417
vn -0.8442 -0.1413 0.5170
vn -0.6050 -0.7916 0.0851
vn -0.7700 0.6090 0.1905
vn -0.9827 -0.1074 -0.1511
vn -0.5392 -0.7580 -0.3671
vn -0.6970 0.6462 -0.3107
vn -0.6597 -0.0471 -0.7501
vn -0.1979 -0.7156 -0.6699
vn -0.3187 0.6933 -0.6464
vn -0.0264 0.0114 -0.9996
vn 0.2592 -0.6842 -0.6817
vn 0.1878 0.7280 -0.6594
vn 0.6208 0.0407 -0.7829
vn 0.6181 -0.6786 -0.3968
vn 0.5855 0.7342 -0.3437
vn 0.9791 0.0271 -0.2015
vn 0.7109 -0.7014 0.0514
vn 0.6884 0.7090 0.1530
vn 0.8809 -0.0230 0.4727
vn 0.4943 -0.7419 0.4531
vn 0.4483 0.6641 0.5983
vn 0.3721 -0.0862 0.9242
vn 0.0695 -0.7811 0.6205
vn -0.0224 0.6206 0.7838
vn 0.5036 -0.5989 -0.6227
vn 0.3646 0.8008 -0.4752
vn 0.3092 0.1330 -0.9417
vn 0.8442 0.1413 -0.5170
vn 0.7700 -0.6090 -0.1905
vn 0.6050 0.7917 -0.0852
vn 0.9827 0.1074 0.1511
vn 0.6970 -0.6462 0.3107
vn 0.5392 0.7580 0.3671
vn 0.6597 0.0471 0.7501
vn 0.3187 -0.6933 0.6464
vn 0.1978 0.7156 0.6699
vn 0.0264 -0.0114 0.9996
vn -0.1878 -0.7280 0.6594
vn -0.2592 0.6842 0.6817
vn -0.6208 -0.0407 0.7829
vn -0.5855 -0.7342 0.3437
vn -0.6181 0.6786 0.3968
vn -0.9791 -0.0271 0.2015
vn -0.6884 -0.7090 -0.1530
vn -0.7109 0.7014 -0.0514
vn -0.8809 0.0230 -0.4727
vn -0.4483 -0.6641 -0.5983
vn -0.4943 0.7419 -0.4531
vn -0.3721 0.0862 -0.9242
vn 0.0224 -0.6206 -0.7838
vn -0.0695 0.7811 -0.6205
vn -0.6142 -0.1396 0.7767
vn 0.0331 -0.1103 0.9933
vn -0.9726 -0.1260 0.1951
vn -1.0000 -0.0000 -0.0000
vn -0.8744 -0.0759 -0.4792
vn 0.9981 -0.0624 -0.0000
vn -0.0000 0.9932 0.1168
vn -0.3656 -0.0126 -0.9307
vn 0.6667 -0.3333 0.6667
vn 0.3159 0.0341 -0.9482
vn 0.8510 0.0425 -0.5235
vn 0.9894 0.0085 0.1448
vn 0.9549 -0.2909 -0.0597
vn 0.6664 -0.0518 0.7438
vn -0.0000 -0.9701 -0.2425
vn 0.6143 0.1396 -0.7767
vn -0.0331 0.1103 -0.9933
vn 0.9726 0.1260 -0.1951
vn 0.8744 0.0759 0.4792
vn 0.3656 0.0126 0.9307
vn -0.3159 -0.0341 0.9482
vn -0.8510 -0.0425 0.5235
vn -0.9894 -0.0085 -0.1448
vn -0.6664 0.0518 -0.7438
vn 0.4841 -0.5131 -0.7088
vn 0.4033 0.6531 -0.6409
vn 0.8086 -0.5211 -0.2731
vn 0.7410 0.6447 -0.1875
vn 0.7786 -0.5677 0.2674
vn 0.7099 0.5963 0.3749
vn 0.4082 -0.6309 0.6598
vn 0.3244 0.5305 0.7832
vn -0.1294 -0.6813 0.7205
vn -0.2349 0.4780 0.8463
vn -0.5825 -0.6953 0.4211
vn -0.7065 0.4636 0.5348
vn -0.7393 -0.6662 -0.0984
vn -0.8696 0.4938 -0.0057
vn -0.5262 -0.6078 -0.5947
vn -0.6479 0.5546 -0.5222
vn -0.0431 -0.5473 -0.8358
vn -0.1452 0.6175 -0.7731
vn -0.2573 -0.8655 0.4297
vn -0.3765 0.7566 0.5347
vn -0.5007 -0.8595 0.1030
vn -0.6066 0.7623 0.2257
vn -0.4782 -0.8246 -0.3023
vn -0.5854 0.7953 -0.1576
vn -0.2004 -0.7771 -0.5966
vn -0.3227 0.8402 -0.4359
vn 0.2027 -0.7394 -0.6421
vn 0.0586 0.8759 -0.4790
vn 0.5425 -0.7289 -0.4176
vn 0.3799 0.8857 -0.2666
vn 0.6601 -0.7507 -0.0280
vn 0.4911 0.8652 0.1017
vn 0.5003 -0.7945 0.3442
vn 0.3400 0.8237 0.4538
vn 0.1380 -0.8399 0.5250
vn -0.0026 0.7808 0.6247
vn 0.6112 -0.6389 -0.4671
vn 0.5193 0.7691 -0.3726
vn 0.5471 0.0902 -0.8322
vn 0.9555 0.0801 -0.2839
vn 0.7474 -0.6642 -0.0158
vn 0.6621 0.7427 0.1007
vn 0.9178 0.0215 0.3964
vn 0.5623 -0.7150 0.4155
vn 0.4680 0.6894 0.5529
vn 0.4516 -0.0582 0.8903
vn 0.1425 -0.7675 0.6250
vn 0.0278 0.6343 0.7726
vn -0.2250 -0.1216 0.9667
vn -0.3155 -0.7972 0.5147
vn -0.4525 0.6031 0.6569
vn -0.7954 -0.1391 0.5899
vn -0.5975 -0.7902 0.1361
vn -0.7482 0.6105 0.2599
vn -0.9927 -0.1025 -0.0639
vn -0.5715 -0.7498 -0.3335
vn -0.7209 0.6529 -0.2325
vn -0.7245 -0.0290 -0.6886
vn -0.2496 -0.6948 -0.6745
vn -0.3834 0.7105 -0.5901
vn -0.1164 0.0471 -0.9921
vn 0.2175 -0.6510 -0.7272
vn 0.1064 0.7564 -0.6454
vn -0.5193 -0.7691 0.3726
vn -0.6112 0.6389 0.4671
vn -0.5471 -0.0902 0.8322
vn -0.9555 -0.0801 0.2838
vn -0.6621 -0.7426 -0.1007
vn -0.7474 0.6642 0.0158
vn -0.9178 -0.0215 -0.3964
vn -0.4680 -0.6894 -0.5529
vn -0.5623 0.7150 -0.4155
vn -0.4516 0.0582 -0.8903
vn -0.0278 -0.6343 -0.7726
vn -0.1425 0.7675 -0.6250
vn 0.2250 0.1216 -0.9667
vn 0.4525 -0.6031 -0.6569
vn 0.3155 0.7972 -0.5147
vn 0.7954 0.1391 -0.5899
vn 0.7482 -0.6105 -0.2599
vn 0.5975 0.7902 -0.1361
vn 0.9927 0.1025 0.0639
vn 0.7209 -0.6529 0.2325
vn 0.5715 0.7498 0.3335
vn 0.7245 0.0290 0.6886
vn 0.3834 -0.7105 0.5901
vn 0.2496 0.6948 0.6745
vn 0.1164 -0.0471 0.9921
vn -0.1064 -0.7564 0.6454
vn -0.2175 0.6510 0.7272
vn 0.7993 0.0935 -0.5936
vn 0.2289 0.0760 -0.9705
vn 0.9966 0.0569 0.0601
vn 0.7284 -0.0166 0.6849
vn 0.1203 -0.0927 0.9884
vn -0.5432 -0.1358 0.8285
vn 0.4508 -0.8926 -0.0000
vn -0.9517 -0.1256 0.2801
vn -0.9140 -0.0671 -0.4002
vn -0.4477 0.0126 -0.8941
vn -0.7993 -0.0935 0.5936
vn -0.2289 -0.0760 0.9705
vn -0.9966 -0.0570 -0.0601
vn -0.7284 0.0166 -0.6849
vn -0.1203 0.0927 -0.9884
vn 0.5432 0.1358 -0.8285
vn 0.9517 0.1256 -0.2801
vn 0.9140 0.0671 0.4002
vn 0.4477 -0.0126 0.8941
vn -0.7679 -0.6403 0.0188
vn -0.8490 0.5278 0.0259
vn -0.5917 -0.6220 -0.5128
vn -0.6764 0.5457 -0.4946
vn -0.1163 -0.5802 -0.8061
vn -0.2107 0.5866 -0.7820
vn 0.4361 -0.5345 -0.7240
vn 0.3303 0.6315 -0.7016
vn 0.8067 -0.5061 -0.3049
vn 0.6934 0.6592 -0.2911
vn 0.8224 -0.5085 0.2551
vn 0.7087 0.6569 0.2574
vn 0.4757 -0.5404 0.6940
vn 0.3691 0.6256 0.6873
vn -0.0712 -0.5870 0.8064
vn -0.1666 0.5800 0.7974
vn -0.5623 -0.6265 0.5398
vn -0.6476 0.5414 0.5362
vn 0.6374 -0.7702 -0.0211
vn 0.5181 0.8552 -0.0109
vn 0.5146 -0.7830 0.3496
vn 0.3916 0.8421 0.3707
vn 0.1831 -0.8121 0.5541
vn 0.0503 0.8121 0.5813
vn -0.2020 -0.8440 0.4968
vn -0.3462 0.7793 0.5224
vn -0.4605 -0.8637 0.2046
vn -0.6123 0.7590 0.2215
vn -0.4714 -0.8621 -0.1858
vn -0.6236 0.7606 -0.1805
vn -0.2297 -0.8398 -0.4919
vn -0.3746 0.7836 -0.4956
vn 0.1516 -0.8074 -0.5702
vn 0.0179 0.8170 -0.5763
vn 0.4941 -0.7799 -0.3843
vn 0.3705 0.8453 -0.3849
vn -0.6185 -0.7511 -0.2308
vn -0.7201 0.6594 -0.2160
vn -0.9971 -0.0713 0.0276
vn -0.7820 -0.0491 -0.6214
vn -0.3155 -0.7232 -0.6144
vn -0.4245 0.6866 -0.5902
vn -0.2015 0.0019 -0.9795
vn 0.1625 -0.6825 -0.7126
vn 0.0418 0.7263 -0.6861
vn 0.4728 0.0578 -0.8793
vn 0.5917 -0.6480 -0.4796
vn 0.4605 0.7600 -0.4587
vn 0.9254 0.0924 -0.3676
vn 0.7714 -0.6359 -0.0242
vn 0.6358 0.7717 -0.0145
vn 0.9445 0.0895 0.3161
vn 0.6174 -0.6519 0.4403
vn 0.4856 0.7562 0.4386
vn 0.5212 0.0505 0.8520
vn 0.2018 -0.6884 0.6967
vn 0.0802 0.7206 0.6887
vn -0.1465 -0.0063 0.9892
vn -0.2809 -0.7284 0.6249
vn -0.3907 0.6815 0.6188
vn -0.7461 -0.0545 0.6636
vn -0.6049 -0.7531 0.2587
vn -0.7067 0.6574 0.2614
vn 0.7201 -0.6594 0.2160
vn 0.6185 0.7511 0.2308
vn 0.9971 0.0714 -0.0276
vn 0.7820 0.0491 0.6213
vn 0.4245 -0.6866 0.5902
vn 0.3155 0.7232 0.6144
vn 0.2015 -0.0019 0.9795
vn -0.0418 -0.7263 0.6861
vn -0.1625 0.6825 0.7126
vn -0.4728 -0.0578 0.8793
vn -0.4605 -0.7599 0.4587
vn -0.5917 0.6480 0.4796
vn -0.9254 -0.0924 0.3676
vn -0.6358 -0.7717 0.0145
vn -0.7714 0.6359 0.0242
vn -0.9445 -0.0895 -0.3161
vn -0.4856 -0.7562 -0.4386
vn -0.6174 0.6519 -0.4403
vn -0.5212 -0.0505 -0.8520
vn -0.0802 -0.7206 -0.6887
vn -0.2018 0.6884 -0.6967
vn 0.1465 0.0063 -0.9892
vn 0.3907 -0.6815 -0.6188
vn 0.2809 0.7284 -0.6249
vn 0.7461 0.0545 -0.6636
vn 0.7068 -0.6574 -0.2614
vn 0.6049 0.7531 -0.2586
vn -0.9465 -0.0656 -0.3160
vn -0.9274 -0.0685 0.3678
vn -0.5232 -0.0266 -0.8518
vn 0.1445 0.0303 -0.9890
vn 0.7441 0.0784 -0.6635
vn 0.9055 -0.0000 -0.4244
vn 0.9951 0.0953 -0.0274
vn 0.7800 0.0730 0.6215
vn 0.1995 0.0220 0.9797
vn -0.4748 -0.0339 0.8794
vn 1.0000 -0.0000 -0.0000
vn 0.9465 0.0656 0.3160
vn 0.9274 0.0685 -0.3678
vn 0.5232 0.0266 0.8518
vn -0.1445 -0.0303 0.9890
vn -0.7441 -0.0784 0.6635
vn -0.9951 -0.0953 0.0274
vn -0.7800 -0.0730 -0.6215
vn -0.1995 -0.0220 -0.9797
vn 0.4748 0.0339 -0.8794
vn 0.6842 -0.4801 0.5489
vn 0.5204 0.6791 0.5176
vn 0.1810 -0.5318 0.8273
vn 0.0588 0.6317 0.7730
vn -0.3830 -0.5844 0.7154
vn -0.4585 0.5835 0.6703
vn -0.7439 -0.6133 0.2656
vn -0.7895 0.5570 0.2578
vn -0.7328 -0.6049 -0.3116
vn -0.7793 0.5646 -0.2717
vn -0.3549 -0.5633 -0.7462
vn -0.4327 0.6029 -0.6703
vn 0.2129 -0.5078 -0.8348
vn 0.0881 0.6538 -0.7515
vn 0.7051 -0.4644 -0.5359
vn 0.5395 0.6935 -0.4774
vn 0.8912 -0.4535 0.0105
vn 0.7102 0.7035 0.0238
vn -0.3282 -0.8697 -0.3687
vn -0.5359 0.7464 -0.3944
vn -0.0038 -0.8363 -0.5482
vn -0.1697 0.7841 -0.5970
vn 0.3598 -0.8025 -0.4761
vn 0.2407 0.8223 -0.5156
vn 0.5924 -0.7838 -0.1861
vn 0.5033 0.8434 -0.1883
vn 0.5853 -0.7892 0.1860
vn 0.4952 0.8373 0.2318
vn 0.3417 -0.8161 0.4661
vn 0.2202 0.8070 0.5480
vn -0.0244 -0.8519 0.5232
vn -0.1930 0.7666 0.6125
vn -0.3416 -0.8798 0.3306
vn -0.5511 0.7350 0.3950
vn -0.4616 -0.8868 -0.0217
vn -0.6865 0.7271 -0.0027
vn 0.4210 -0.6407 0.6420
vn 0.2514 0.7625 0.5961
vn 0.7442 0.1145 0.6581
vn 0.1488 0.0533 0.9874
vn -0.0785 -0.6895 0.7200
vn -0.1992 0.7185 0.6664
vn -0.5185 -0.0089 0.8550
vn -0.5114 -0.7277 0.4571
vn -0.5897 0.6841 0.4293
vn -0.9455 -0.0431 0.3229
vn -0.6752 -0.7373 -0.0236
vn -0.7374 0.6754 -0.0044
vn -0.9323 -0.0332 -0.3601
vn -0.4931 -0.7139 -0.4972
vn -0.5732 0.6965 -0.4316
vn -0.4853 0.0161 -0.8742
vn -0.0504 -0.6684 -0.7421
vn -0.1739 0.7376 -0.6525
vn 0.1866 0.0818 -0.9790
vn 0.4457 -0.6221 -0.6437
vn 0.2737 0.7793 -0.5637
vn 0.7689 0.1331 -0.6254
vn 0.7632 -0.5967 -0.2480
vn 0.5601 0.8022 -0.2068
vn 0.9891 0.1460 0.0211
vn 0.7534 -0.6041 0.2598
vn 0.5513 0.7956 0.2513
vn -0.2514 -0.7625 -0.5961
vn -0.4210 0.6407 -0.6421
vn -0.7442 -0.1145 -0.6581
vn -0.1488 -0.0533 -0.9874
vn 0.1992 -0.7185 -0.6664
vn 0.0785 0.6895 -0.7200
vn 0.5185 0.0089 -0.8550
vn 0.5897 -0.6841 -0.4292
vn 0.5115 0.7277 -0.4571
vn 0.9455 0.0431 -0.3229
vn 0.7374 -0.6754 0.0044
vn 0.6752 0.7373 0.0236
vn 0.9323 0.0332 0.3601
vn 0.5732 -0.6966 0.4316
vn 0.4931 0.7139 0.4972
vn 0.4853 -0.0161 0.8742
vn 0.1739 -0.7376 0.6525
vn 0.0504 0.6684 0.7421
vn -0.1866 -0.0818 0.9790
vn -0.2737 -0.7793 0.5637
vn -0.4457 0.6221 0.6437
vn -0.7688 -0.1331 0.6254
vn -0.5601 -0.8022 0.2068
vn -0.7632 0.5967 0.2480
vn -0.9891 -0.1460 -0.0211
vn -0.5513 -0.7956 -0.2513
vn -0.7534 0.6041 -0.2598
vn 0.4758 0.0830 0.8756
vn 0.9230 0.1323 0.3614
vn -0.1961 0.0173 0.9804
vn -0.7785 -0.0340 0.6268
vn -0.9923 0.1240 -0.0000
vn -0.9987 -0.0469 -0.0199
vn 1.0000 0.0024 -0.0000
vn -0.7538 -0.0154 -0.6569
vn -0.9923 -0.1240 -0.0000
vn -0.1583 0.0457 -0.9863
vn 0.5091 0.1080 -0.8539
vn -0.9701 -0.2425 -0.0000
vn 0.9361 0.1422 -0.3217
vn -0.0000 0.9991 -0.0416
vn -0.4758 -0.0830 -0.8756
vn -0.9230 -0.1323 -0.3614
vn 0.1961 -0.0173 -0.9804
vn 0.7785 0.0340 -0.6268
vn 0.9987 0.0469 0.0199
vn 0.7538 0.0154 0.6569
vn 0.1583 -0.0458 0.9863
vn -0.5091 -0.1080 0.8539
vn -0.9361 -0.1422 0.3217
vn -0.6236 -0.5875 0.5157
vn -0.6396 0.5839 0.5000
vn -0.8154 -0.5772 -0.0444
vn -0.8051 0.5929 0.0166
vn -0.6040 -0.5298 -0.5954
vn -0.6227 0.6338 -0.4589
vn -0.0883 -0.4675 -0.8795
vn -0.1776 0.6875 -0.7041
vn 0.4903 -0.4196 -0.7639
vn 0.3218 0.7289 -0.6043
vn 0.8612 -0.4084 -0.3025
vn 0.6419 0.7386 -0.2062
vn 0.8508 -0.4391 0.2886
vn 0.6329 0.7120 0.3040
vn 0.4639 -0.4974 0.7330
vn 0.2990 0.6617 0.6876
vn -0.1183 -0.5561 0.8227
vn -0.2035 0.6111 0.7649
vn 0.4807 -0.7964 -0.3670
vn 0.4226 0.8317 -0.3600
vn 0.5957 -0.8026 -0.0312
vn 0.5640 0.8241 0.0528
vn 0.4689 -0.8310 0.2992
vn 0.4082 0.7891 0.4589
vn 0.1597 -0.8683 0.4696
vn 0.0281 0.7433 0.6684
vn -0.1873 -0.8971 0.4002
vn -0.3985 0.7079 0.5832
vn -0.4097 -0.9038 0.1236
vn -0.6719 0.6996 0.2431
vn -0.4034 -0.8854 -0.2309
vn -0.6642 0.7223 -0.1927
vn -0.1714 -0.8504 -0.4974
vn -0.3790 0.7653 -0.5203
vn 0.1777 -0.8153 -0.5511
vn 0.0502 0.8085 -0.5863
vn -0.6619 -0.7185 0.2134
vn -0.6759 0.6953 0.2444
vn -0.7791 -0.0164 0.6267
vn -0.9998 -0.0044 -0.0179
vn -0.6527 -0.6913 -0.3099
vn -0.6682 0.7181 -0.1946
vn -0.7565 0.0501 -0.6520
vn -0.3103 -0.6397 -0.7032
vn -0.3809 0.7614 -0.5246
vn -0.1630 0.1217 -0.9791
vn 0.2051 -0.5878 -0.7826
vn 0.0515 0.8049 -0.5911
vn 0.5030 0.1769 -0.8460
vn 0.6523 -0.5600 -0.5108
vn 0.4266 0.8283 -0.3632
vn 0.9299 0.1899 -0.3150
vn 0.8221 -0.5691 -0.0151
vn 0.5691 0.8206 0.0527
vn 0.9179 0.1545 0.3654
vn 0.6350 -0.6111 0.4726
vn 0.4121 0.7854 0.4618
vn 0.4727 0.0873 0.8769
vn 0.1786 -0.6662 0.7241
vn 0.0292 0.7392 0.6728
vn -0.1975 0.0199 0.9801
vn -0.3336 -0.7086 0.6217
vn -0.4005 0.7036 0.5870
vn 0.6760 -0.6952 -0.2444
vn 0.6619 0.7185 -0.2134
vn 0.7791 0.0164 -0.6267
vn 0.9998 0.0044 0.0179
vn 0.6682 -0.7181 0.1946
vn 0.6527 0.6913 0.3099
vn 0.7565 -0.0501 0.6520
vn 0.3809 -0.7614 0.5246
vn 0.3103 0.6397 0.7032
vn 0.1630 -0.1217 0.9791
vn -0.0514 -0.8049 0.5911
vn -0.2051 0.5878 0.7826
vn -0.5030 -0.1769 0.8460
vn -0.4266 -0.8283 0.3632
vn -0.6523 0.5599 0.5108
vn -0.9299 -0.1899 0.3150
vn -0.5691 -0.8206 -0.0527
vn -0.8221 0.5691 0.0151
vn -0.9179 -0.1545 -0.3654
vn -0.4121 -0.7854 -0.4618
vn -0.6350 0.6111 -0.4726
vn -0.4727 -0.0873 -0.8769
vn -0.0292 -0.7392 -0.6728
vn -0.1786 0.6662 -0.7241
vn 0.1975 -0.0199 -0.9801
vn 0.4005 -0.7036 -0.5870
vn 0.3336 0.7086 -0.6217
vn -0.9981 -0.0624 -0.0000
vn -0.9459 -0.0219 0.3236
vn -0.5189 -0.0089 0.8548
vn -0.0000 0.9923 -0.1240
vn -0.9340 0.0135 -0.3571
vn -0.0000 -0.9950 -0.0995
vn -0.4885 0.0807 -0.8688
vn 0.1820 0.1482 -0.9721
vn 0.7638 0.1845 -0.6185
vn 0.9847 0.1725 0.0263
vn 1.0000 0.0029 -0.0000
vn 0.7412 0.1179 0.6608
vn 0.1475 0.0463 0.9880
vn 0.9459 0.0219 -0.3236
vn 0.5189 0.0089 -0.8548
vn 0.9340 -0.0135 0.3571
vn 0.4885 -0.0807 0.8688
vn -0.1820 -0.1482 0.9721
vn -0.7638 -0.1845 0.6185
vn -0.9847 -0.1725 -0.0263
vn -0.7412 -0.1179 -0.6608
vn -0.1475 -0.0463 -0.9880
vn 0.7252 -0.4144 -0.5499
vn 0.5268 0.7345 -0.4278
vn 0.9092 -0.4157 0.0239
vn 0.6783 0.7334 0.0446
vn 0.6822 -0.4435 0.5813
vn 0.4914 0.7105 0.5036
vn 0.1505 -0.4847 0.8616
vn 0.0536 0.6765 0.7345
vn -0.4372 -0.5202 0.7336
vn -0.4304 0.6473 0.6291
vn -0.8059 -0.5333 0.2572
vn -0.7339 0.6366 0.2368
vn -0.7830 -0.5178 -0.3446
vn -0.7151 0.6493 -0.2588
vn -0.3793 -0.4810 -0.7904
vn -0.3827 0.6796 -0.6259
vn 0.2163 -0.4402 -0.8715
vn 0.1078 0.7132 -0.6926
vn -0.3374 -0.8970 0.2856
vn -0.5662 0.7100 0.4188
vn -0.4417 -0.8963 -0.0398
vn -0.7032 0.7109 -0.0084
vn -0.3130 -0.8805 -0.3561
vn -0.5342 0.7316 -0.4235
vn -0.0113 -0.8571 -0.5151
vn -0.1383 0.7624 -0.6322
vn 0.3221 -0.8370 -0.4425
vn 0.2993 0.7888 -0.5369
vn 0.5312 -0.8296 -0.1722
vn 0.5738 0.7985 -0.1822
vn 0.5182 -0.8383 0.1692
vn 0.5568 0.7870 0.2659
vn 0.2892 -0.8592 0.4221
vn 0.2562 0.7596 0.5978
vn -0.0487 -0.8824 0.4681
vn -0.1873 0.7292 0.6582
vn 0.7848 -0.5658 -0.2530
vn 0.5393 0.8245 -0.1711
vn 0.7756 0.1793 -0.6052
vn 0.9832 0.1779 0.0419
vn 0.7644 -0.5796 0.2824
vn 0.5232 0.8136 0.2536
vn 0.7272 0.1465 0.6707
vn 0.4054 -0.6123 0.6788
vn 0.2383 0.7877 0.5681
vn 0.1274 0.0999 0.9868
vn -0.1244 -0.6486 0.7509
vn -0.1820 0.7589 0.6253
vn -0.5354 0.0599 0.8425
vn -0.5770 -0.6715 0.4649
vn -0.5410 0.7406 0.3984
vn -0.9512 0.0452 0.3052
vn -0.7406 -0.6704 -0.0454
vn -0.6709 0.7415 -0.0064
vn -0.9254 0.0627 -0.3737
vn -0.5388 -0.6457 -0.5412
vn -0.5107 0.7612 -0.3998
vn -0.4701 0.1041 -0.8764
vn -0.0658 -0.6090 -0.7905
vn -0.1355 0.7903 -0.5975
vn 0.2017 0.1502 -0.9679
vn 0.4569 -0.5774 -0.6767
vn 0.2792 0.8153 -0.5072
vn -0.5393 -0.8245 0.1711
vn -0.7848 0.5658 0.2530
vn -0.7756 -0.1793 0.6052
vn -0.9832 -0.1779 -0.0419
vn -0.5232 -0.8136 -0.2536
vn -0.7644 0.5796 -0.2824
vn -0.7272 -0.1465 -0.6706
vn -0.2383 -0.7877 -0.5681
vn -0.4054 0.6123 -0.6788
vn -0.1274 -0.0999 -0.9868
vn 0.1820 -0.7589 -0.6253
vn 0.1244 0.6486 -0.7509
vn 0.5354 -0.0599 -0.8425
vn 0.5410 -0.7406 -0.3984
vn 0.5770 0.6715 -0.4649
vn 0.9512 -0.0452 -0.3052
vn 0.6709 -0.7416 0.0064
vn 0.7406 0.6704 0.0454
vn 0.9254 -0.0627 0.3737
vn 0.5107 -0.7612 0.3998
vn 0.5387 0.6457 0.5412
vn 0.4701 -0.1041 0.8764
vn 0.1355 -0.7903 0.5975
vn 0.0658 0.6090 0.7905
vn -0.2017 -0.1502 0.9679
vn -0.2792 -0.8153 0.5072
vn -0.4569 0.5774 0.6766
vn 0.9375 0.1760 -0.3003
vn 0.5214 0.1613 -0.8380
vn 0.9117 0.1585 0.3791
vn 0.4560 0.1170 0.8823
vn -0.2163 0.0709 0.9737
vn -0.7907 0.0418 0.6108
vn -0.9984 0.0433 -0.0368
vn -0.7422 0.0746 -0.6660
vn -0.1420 0.1212 -0.9824
vn -0.9375 -0.1760 0.3003
vn -0.5214 -0.1613 0.8380
vn -0.9117 -0.1585 -0.3791
vn -0.4560 -0.1170 -0.8823
vn 0.2163 -0.0709 -0.9737
vn 0.7907 -0.0418 -0.6108
vn 0.9984 -0.0433 0.0368
vn 0.7422 -0.0746 0.6660
vn 0.1420 -0.1212 0.9824
vn -0.7032 -0.5162 -0.4890
vn -0.6867 0.6459 -0.3334
vn -0.2330 -0.4409 -0.8668
vn -0.3093 0.7064 -0.6367
vn 0.3708 -0.3721 -0.8509
vn 0.1753 0.7616 -0.6239
vn 0.8257 -0.3420 -0.4487
vn 0.5404 0.7857 -0.3011
vn 0.9187 -0.3647 0.1516
vn 0.6150 0.7675 0.1807
vn 0.6064 -0.4296 0.6691
vn 0.3644 0.7155 0.5961
vn 0.0350 -0.5062 0.8617
vn -0.0943 0.6539 0.7507
vn -0.5283 -0.5588 0.6392
vn -0.5464 0.6117 0.5721
vn -0.8198 -0.5627 0.1058
vn -0.7803 0.6086 0.1439
vn 0.5158 -0.8313 0.2071
vn 0.4803 0.7865 0.3883
vn 0.2570 -0.8728 0.4151
vn 0.1283 0.7301 0.6712
vn -0.0754 -0.9106 0.4063
vn -0.3238 0.6786 0.6593
vn -0.3258 -0.9272 0.1849
vn -0.6643 0.6561 0.3582
vn -0.3770 -0.9147 -0.1456
vn -0.7339 0.6730 -0.0912
vn -0.2051 -0.8790 -0.4304
vn -0.5002 0.7216 -0.4787
vn 0.1095 -0.8368 -0.5364
vn -0.0723 0.7790 -0.6229
vn 0.4195 -0.8078 -0.4140
vn 0.3494 0.8184 -0.4563
vn 0.5800 -0.8057 -0.1203
vn 0.5676 0.8213 -0.0569
vn -0.4242 -0.6275 -0.6530
vn -0.4709 0.7687 -0.4328
vn -0.8580 0.0593 -0.5103
vn -0.3333 0.1433 -0.9319
vn 0.0854 -0.5591 -0.8247
vn -0.0787 0.8213 -0.5650
vn 0.3405 0.2201 -0.9141
vn 0.5877 -0.5122 -0.6263
vn 0.3079 0.8574 -0.4123
vn 0.8480 0.2537 -0.4653
vn 0.8477 -0.5087 -0.1506
vn 0.5080 0.8601 -0.0462
vn 0.9519 0.2283 0.2045
vn 0.7437 -0.5502 0.3798
vn 0.4279 0.8282 0.3620
vn 0.6034 0.1560 0.7820
vn 0.3243 -0.6174 0.7167
vn 0.1052 0.7765 0.6213
vn -0.0343 0.0704 0.9969
vn -0.2141 -0.6787 0.7025
vn -0.3092 0.7293 0.6104
vn -0.6628 0.0118 0.7487
vn -0.6197 -0.7055 0.3439
vn -0.6213 0.7086 0.3343
vn -0.9881 0.0074 0.1534
vn -0.7026 -0.6853 -0.1915
vn -0.6852 0.7242 -0.0777
vn 0.4709 -0.7687 0.4328
vn 0.4242 0.6275 0.6529
vn 0.8580 -0.0593 0.5103
vn 0.3333 -0.1433 0.9319
vn 0.0787 -0.8213 0.5650
vn -0.0854 0.5591 0.8247
vn -0.3405 -0.2201 0.9141
vn -0.3079 -0.8574 0.4123
vn -0.5877 0.5122 0.6263
vn -0.8480 -0.2537 0.4653
vn -0.5080 -0.8601 0.0462
vn -0.8477 0.5087 0.1506
vn -0.9518 -0.2283 -0.2046
vn -0.4279 -0.8282 -0.3620
vn -0.7436 0.5502 -0.3798
vn -0.6034 -0.1560 -0.7820
vn -0.1052 -0.7765 -0.6213
vn -0.3243 0.6174 -0.7167
vn 0.0343 -0.0704 -0.9969
vn 0.3092 -0.7293 -0.6104
vn 0.2141 0.6787 -0.7025
vn 0.6628 -0.0117 -0.7487
vn 0.6213 -0.7087 -0.3343
vn 0.6197 0.7055 -0.3439
vn 0.9881 -0.0074 -0.1534
vn 0.6852 -0.7242 0.0777
vn 0.7026 0.6853 0.1915
vn -0.9981 0.0624 -0.0000
vn -0.6326 0.0920 -0.7690
vn -0.9814 0.0196 -0.1909
vn -0.0000 -0.9972 -0.0742
vn -0.0000 0.9701 0.2425
vn 0.0057 0.1776 -0.9841
vn 0.1240 -0.9923 -0.0000
vn -0.1240 0.9923 -0.0000
vn 0.6349 0.2364 -0.7356
vn 0.9605 0.2408 -0.1398
vn -0.0000 -0.9971 -0.0758
vn 0.8302 0.1888 0.5246
vn 0.3049 0.1047 0.9466
vn -0.3695 0.0279 0.9288
vn -0.8775 -0.0057 0.4796
vn -0.9882 -0.1533 -0.0000
vn 0.6326 -0.0920 0.7690
vn 0.9814 -0.0196 0.1909
vn -0.0057 -0.1776 0.9841
vn -0.6349 -0.2364 0.7356
vn -0.9605 -0.2408 0.1398
vn -0.8302 -0.1888 -0.5246
vn -0.3049 -0.1047 -0.9466
vn 0.3695 -0.0279 -0.9288
vn 0.8775 0.0058 -0.4796
vn 0.3770 -0.4593 0.8043
vn 0.2005 0.6943 0.6911
vn -0.2264 -0.5189 0.8243
vn -0.2866 0.6462 0.7073
vn -0.7030 -0.5506 0.4502
vn -0.6712 0.6206 0.4053
vn -0.8297 -0.5396 -0.1431
vn -0.7735 0.6295 -0.0736
vn -0.5472 -0.4910 -0.6779
vn -0.5455 0.6688 -0.5052
vn 0.0123 -0.4275 -0.9039
vn -0.0939 0.7199 -0.6877
vn 0.5869 -0.3790 -0.7155
vn 0.3700 0.7592 -0.5356
vn 0.9079 -0.3679 -0.2007
vn 0.6290 0.7680 -0.1201
vn 0.8250 -0.3997 0.3995
vn 0.5621 0.7424 0.3644
vn -0.0997 -0.8661 -0.4898
vn -0.3210 0.7443 -0.5856
vn 0.2347 -0.8331 -0.5009
vn 0.1303 0.7889 -0.6006
vn 0.4988 -0.8155 -0.2936
vn 0.4866 0.8126 -0.3208
vn 0.5689 -0.8216 0.0352
vn 0.5813 0.8043 0.1228
vn 0.4124 -0.8485 0.3315
vn 0.3701 0.7680 0.5227
vn 0.1024 -0.8837 0.4568
vn -0.0482 0.7206 0.6917
vn -0.2160 -0.9106 0.3523
vn -0.4779 0.6843 0.5508
vn -0.3939 -0.9167 0.0671
vn -0.7180 0.6760 0.1659
vn -0.3479 -0.8991 -0.2655
vn -0.6560 0.6997 -0.2829
vn 0.0883 -0.6374 0.7655
vn -0.0542 0.7643 0.6426
vn 0.3595 0.1250 0.9248
vn -0.3155 0.0583 0.9471
vn -0.4238 -0.6807 0.5975
vn -0.4510 0.7307 0.5125
vn -0.8485 0.0228 0.5286
vn -0.7099 -0.6905 0.1388
vn -0.6726 0.7231 0.1571
vn -0.9902 0.0352 -0.1349
vn -0.6360 -0.6622 -0.3961
vn -0.6154 0.7450 -0.2574
vn -0.6743 0.0895 -0.7330
vn -0.2368 -0.6091 -0.7569
vn -0.3060 0.7862 -0.5369
vn -0.0485 0.1604 -0.9859
vn 0.3011 -0.5560 -0.7748
vn 0.1106 0.8273 -0.5507
vn 0.5942 0.2148 -0.7751
vn 0.7258 -0.5277 -0.4413
vn 0.4397 0.8492 -0.2924
vn 0.9533 0.2271 -0.1993
vn 0.8387 -0.5376 0.0874
vn 0.5272 0.8416 0.1173
vn 0.8605 0.1916 0.4720
vn 0.5869 -0.5808 0.5640
vn 0.3321 0.8081 0.4865
vn 0.0542 -0.7643 -0.6426
vn -0.0883 0.6374 -0.7655
vn -0.3595 -0.1250 -0.9248
vn 0.3155 -0.0583 -0.9471
vn 0.4510 -0.7307 -0.5125
vn 0.4239 0.6807 -0.5975
vn 0.8485 -0.0228 -0.5286
vn 0.6726 -0.7231 -0.1571
vn 0.7099 0.6905 -0.1388
vn 0.9902 -0.0352 0.1349
vn 0.6154 -0.7450 0.2574
vn 0.6360 0.6622 0.3961
vn 0.6743 -0.0895 0.7330
vn 0.3061 -0.7862 0.5369
vn 0.2368 0.6091 0.7569
vn 0.0485 -0.1604 0.9859
vn -0.1107 -0.8273 0.5507
vn -0.3011 0.5560 0.7747
vn -0.5942 -0.2148 0.7751
vn -0.4397 -0.8492 0.2924
vn -0.7258 0.5277 0.4413
vn -0.9533 -0.2271 0.1993
vn -0.5272 -0.8416 -0.1173
vn -0.8387 0.5375 -0.0874
vn -0.8605 -0.1916 -0.4720
vn -0.3321 -0.8081 -0.4865
vn -0.5869 0.5809 -0.5640
vn 0.0249 0.0820 0.9963
vn 0.6513 0.1530 0.7433
vn -0.6184 0.0277 0.7854
vn 0.7897 -0.6135 -0.0000
vn -0.9778 0.0153 0.2091
vn -0.0000 -0.9999 -0.0167
vn -0.8850 0.0508 -0.4629
vn -0.3834 0.1175 -0.9161
vn 0.2922 0.1843 -0.9385
vn 0.8257 0.2198 -0.5196
vn 0.9675 0.2074 0.1446
vn 0.9815 -0.1917 -0.0000
vn -1.0000 0.0078 -0.0000
vn -0.0249 -0.0820 -0.9963
vn -0.6513 -0.1530 -0.7433
vn 0.6184 -0.0277 -0.7854
vn 0.9778 -0.0153 -0.2091
vn 0.8850 -0.0508 0.4629
vn 0.3834 -0.1175 0.9161
vn -0.2922 -0.1843 0.9385
vn -0.8257 -0.2198 0.5196
vn -0.9675 -0.2074 -0.1446
vn 0.3030 0.6634 0.6842
vn 0.9178 -0.1727 0.3576
vn 0.1919 0.9481 -0.2537
vn 0.8066 0.1120 -0.5803
vn -0.6092 0.5003 -0.6153
vn 0.0056 -0.3358 -0.9419
vn -0.9932 -0.0612 0.0991
vn -0.3784 -0.8972 -0.2275
vn -0.4294 0.0396 0.9022
vn 0.1854 -0.7965 0.5756
vn 0.1784 0.9472 0.2664
vn 0.9775 -0.1396 -0.1582
vn 0.7274 0.2924 0.6208
vn 0.5950 0.6317 -0.4969
vn -0.2967 0.8623 -0.4104
vn 0.5024 -0.2245 -0.8350
vn -0.3597 0.0980 -0.9279
vn -0.9139 0.3367 -0.2266
vn -0.1148 -0.7501 -0.6513
vn -0.8173 -0.5711 -0.0765
vn -0.8203 0.0967 0.5637
vn -0.0212 -0.9901 0.1391
vn -0.1454 -0.4510 0.8806
vn -0.1452 0.4741 0.8684
vn 0.6539 -0.6127 0.4438
vn -0.5651 0.7685 0.3002
vn 0.9981 0.0624 -0.0000
vn 0.5651 -0.7685 -0.3003
vn 0.9442 0.1437 0.2965
vn 0.3380 -0.6933 0.6364
vn 0.7608 -0.1041 -0.6406
vn 0.1547 -0.9411 -0.3006
vn -0.0551 0.3703 -0.9273
vn -0.6613 -0.4667 -0.5873
vn -0.3760 0.9114 -0.1674
vn -0.9822 0.0743 0.1725
vn 0.2415 0.7713 0.5889
vn -0.3646 -0.0657 0.9288
vn 0.9663 0.1287 -0.2231
vn 0.1783 -0.9593 0.2188
vn 0.7640 -0.3275 0.5559
vn 0.5455 -0.6228 -0.5608
vn 0.4458 0.2467 -0.8604
vn -0.3421 -0.8413 -0.4185
vn -0.4269 -0.0574 -0.9025
vn -0.1463 0.7756 -0.6140
vn -0.9342 -0.3125 -0.1721
vn -0.8093 0.5873 0.0030
vn 0.0082 0.9844 0.1756
vn -0.7797 -0.1036 0.6175
vn -0.0733 0.4204 0.9044
vn 0.6958 0.5846 0.4172
vn -0.0921 -0.5034 0.8591
vn 0.5572 0.7694 -0.3125
vn -0.5572 -0.7694 0.3125
vn 0.7412 -0.5338 -0.4071
vn 0.7489 0.6191 -0.2364
vn 0.7793 -0.5987 0.1851
vn 0.7814 0.5639 0.2674
vn 0.4279 -0.6093 0.6676
vn 0.4824 0.5548 0.6778
vn -0.1487 -0.5607 0.8146
vn -0.0080 0.5962 0.8028
vn -0.6807 -0.4756 0.5573
vn -0.4605 0.6686 0.5839
vn -0.9191 -0.3938 0.0161
vn -0.6632 0.7381 0.1236
vn -0.7523 -0.3536 -0.5558
vn -0.5215 0.7723 -0.3628
vn -0.2586 -0.3739 -0.8907
vn -0.1014 0.7551 -0.6477
vn 0.3313 -0.4450 -0.8320
vn 0.4003 0.6946 -0.5978
vn 0.6844 -0.7187 -0.1228
vn 0.7263 0.6868 0.0285
vn 0.9156 0.1099 -0.3867
vn 0.9587 0.0360 0.2820
vn 0.5390 -0.7537 0.3760
vn 0.6025 0.6569 0.4533
vn 0.5618 0.0244 0.8269
vn 0.1082 -0.7361 0.6682
vn 0.2356 0.6720 0.7021
vn -0.0893 0.0792 0.9929
vn -0.4063 -0.6740 0.6169
vn -0.2026 0.7248 0.6585
vn -0.6899 0.1752 0.7023
vn -0.7638 -0.5966 0.2463
vn -0.5071 0.7908 0.3428
vn -0.9592 0.2676 0.0911
vn -0.7971 -0.5400 -0.2703
vn -0.5354 0.8390 -0.0972
vn -0.7709 0.3131 -0.5547
vn -0.4905 -0.5307 -0.6912
vn -0.2743 0.8469 -0.4556
vn -0.2133 0.2902 -0.9329
vn 0.0124 -0.5731 -0.8194
vn 0.1540 0.8107 -0.5648
vn 0.4528 0.2098 -0.8666
vn 0.4765 -0.6474 -0.5949
vn 0.5492 0.7475 -0.3736
vn -0.1092 -0.9888 -0.1013
vn 0.9967 0.0572 -0.0579
vn 0.7270 0.1494 -0.6702
vn 0.1092 0.9888 0.1013
vn 0.8081 0.0115 0.5889
vn 0.2496 0.0343 0.9678
vn -0.4176 0.1148 0.9013
vn -0.8813 0.2151 0.4207
vn -0.9245 0.2886 -0.2492
vn -0.5269 0.3006 -0.7950
vn 0.1253 0.2456 -0.9612
vn -0.0818 -0.6914 0.7178
vn 0.0853 0.4554 0.8862
vn -0.5782 -0.6044 0.5481
vn -0.4520 0.5497 0.7026
vn -0.8460 -0.5246 0.0956
vn -0.7417 0.6360 0.2129
vn -0.7598 -0.4894 -0.4280
vn -0.6485 0.6741 -0.3538
vn -0.3600 -0.5153 -0.7777
vn -0.2158 0.6460 -0.7322
vn 0.1664 -0.5902 -0.7899
vn 0.3539 0.5649 -0.7454
vn 0.5731 -0.6790 -0.4588
vn 0.7939 0.4689 -0.3871
vn 0.6697 -0.7402 0.0606
vn 0.8985 0.4027 0.1749
vn 0.4111 -0.7451 0.5252
vn 0.6186 0.3974 0.6778
vn -0.1187 -0.7239 -0.6796
vn 0.1137 0.8754 -0.4698
vn 0.2717 -0.7924 -0.5462
vn 0.4631 0.8141 -0.3504
vn 0.4822 -0.8551 -0.1904
vn 0.6515 0.7580 -0.0319
vn 0.4144 -0.8828 0.2213
vn 0.5908 0.7332 0.3366
vn 0.1000 -0.8624 0.4963
vn 0.3095 0.7515 0.5827
vn -0.3139 -0.8035 0.5059
vn -0.0610 0.8042 0.5912
vn -0.6336 -0.7337 0.2456
vn -0.3472 0.8667 0.3583
vn -0.7095 -0.6856 -0.1628
vn -0.4152 0.9097 -0.0073
vn -0.5062 -0.6817 -0.5282
vn -0.2332 0.9132 -0.3343
vn -0.3268 -0.7548 0.5688
vn -0.1477 0.6352 0.7581
vn 0.0032 -0.1381 0.9904
vn -0.6346 -0.0262 0.7724
vn -0.6788 -0.6779 0.2822
vn -0.5345 0.7197 0.4432
vn -0.9786 0.0763 0.1910
vn -0.7625 -0.6250 -0.1675
vn -0.6264 0.7778 -0.0509
vn -0.8679 0.1215 -0.4817
vn -0.5386 -0.6207 -0.5698
vn -0.3804 0.7825 -0.4929
vn -0.3542 0.0881 -0.9310
vn -0.1119 -0.6672 -0.7364
vn 0.0884 0.7315 -0.6761
vn 0.3221 -0.0081 -0.9467
vn 0.3178 -0.7426 -0.5896
vn 0.5607 0.6486 -0.5147
vn 0.8446 -0.1222 -0.5213
vn 0.5496 -0.8116 -0.1978
vn 0.8154 0.5727 -0.0842
vn 0.9687 -0.2008 0.1460
vn 0.4750 -0.8421 0.2555
vn 0.7334 0.5393 0.4139
vn 0.6364 -0.2071 0.7430
vn 0.1289 -0.8196 0.5582
vn 0.3531 0.5640 0.7465
vn 0.1477 -0.6352 -0.7581
vn 0.3268 0.7548 -0.5688
vn -0.0032 0.1381 -0.9904
vn 0.6346 0.0262 -0.7724
vn 0.5345 -0.7197 -0.4432
vn 0.6788 0.6779 -0.2822
vn 0.9786 -0.0763 -0.1910
vn 0.6264 -0.7778 0.0509
vn 0.7625 0.6250 0.1675
vn 0.8679 -0.1215 0.4817
vn 0.3804 -0.7825 0.4929
vn 0.5386 0.6207 0.5698
vn 0.3542 -0.0881 0.9310
vn -0.0884 -0.7315 0.6761
vn 0.1119 0.6672 0.7364
vn -0.3221 0.0081 0.9467
vn -0.5607 -0.6486 0.5147
vn -0.3178 0.7426 0.5896
vn -0.8446 0.1222 0.5213
vn -0.8154 -0.5727 0.0842
vn -0.5496 0.8116 0.1978
vn -0.9687 0.2007 -0.1460
vn -0.7334 -0.5393 -0.4139
vn -0.4750 0.8421 -0.2555
vn -0.6364 0.2071 -0.7430
vn -0.3531 -0.5640 -0.7465
vn -0.1289 0.8196 -0.5582
vn -0.3351 -0.0817 0.9386
vn 0.3412 -0.1779 0.9230
vn -0.8576 0.0324 0.5132
vn -0.9818 0.1110 -0.1542
vn -0.6495 0.1173 -0.7513
vn -0.0000 -0.9973 0.0735
vn -0.0162 0.0484 -0.9987
vn 0.1240 0.9923 -0.0000
vn 0.6217 -0.0636 -0.7807
vn 0.9658 -0.1661 -0.1992
vn 0.8550 -0.2113 0.4736
vn 0.3351 0.0817 -0.9386
vn -0.3412 0.1779 -0.9230
vn 0.8576 -0.0324 -0.5132
vn 0.9818 -0.1110 0.1542
vn 0.6495 -0.1173 0.7513
vn 0.0162 -0.0484 0.9987
vn -0.6217 0.0636 0.7807
vn -0.9658 0.1661 0.1992
vn -0.8550 0.2113 -0.4736
vn -0.1887 -0.6382 0.7464
vn -0.0241 0.5159 0.8563
vn -0.6692 -0.5497 0.5001
vn -0.5174 0.6068 0.6034
vn -0.8767 -0.4811 -0.0015
vn -0.7305 0.6772 0.0884
vn -0.7141 -0.4646 -0.5237
vn -0.5636 0.6942 -0.4478
vn -0.2576 -0.5078 -0.8221
vn -0.0948 0.6498 -0.7542
vn 0.2793 -0.5906 -0.7571
vn 0.4565 0.5648 -0.6875
vn 0.6454 -0.6741 -0.3592
vn 0.8323 0.4790 -0.2789
vn 0.6693 -0.7194 0.1856
vn 0.8569 0.4325 0.2804
vn 0.3399 -0.7052 0.6222
vn 0.5187 0.4471 0.7288
vn -0.0395 -0.7627 -0.6455
vn 0.1908 0.8443 -0.5008
vn 0.3151 -0.8280 -0.4638
vn 0.5324 0.7814 -0.3256
vn 0.4682 -0.8786 -0.0936
vn 0.6800 0.7326 0.0310
vn 0.3483 -0.8908 0.2917
vn 0.5644 0.7208 0.4023
vn 0.0114 -0.8589 0.5119
vn 0.2397 0.7516 0.6145
vn -0.3849 -0.7979 0.4640
vn -0.1420 0.8104 0.5683
vn -0.6550 -0.7362 0.1703
vn -0.4023 0.8699 0.2854
vn -0.6727 -0.7028 -0.2317
vn -0.4194 0.9021 -0.1020
vn -0.4296 -0.7132 -0.5539
vn -0.1851 0.8920 -0.4124
vn -0.4203 -0.7102 0.5647
vn -0.2284 0.6851 0.6917
vn -0.1309 -0.0729 0.9887
vn -0.7315 0.0378 0.6808
vn -0.7388 -0.6375 0.2185
vn -0.5571 0.7602 0.3344
vn -0.9909 0.1235 0.0538
vn -0.7596 -0.5981 -0.2554
vn -0.5785 0.8008 -0.1547
vn -0.7877 0.1442 -0.5990
vn -0.4731 -0.6105 -0.6353
vn -0.2828 0.7881 -0.5468
vn -0.2170 0.0901 -0.9720
vn -0.0132 -0.6688 -0.7433
vn 0.1919 0.7279 -0.6583
vn 0.4542 -0.0134 -0.8908
vn 0.4048 -0.7458 -0.5291
vn 0.6233 0.6484 -0.4371
vn 0.9118 -0.1179 -0.3933
vn 0.5854 -0.8055 -0.0927
vn 0.8096 0.5869 0.0132
vn 0.9417 -0.1745 0.2876
vn 0.4440 -0.8198 0.3616
vn 0.6636 0.5720 0.4821
vn 0.5299 -0.1567 0.8334
vn 0.0468 -0.7822 0.6212
vn 0.2537 0.6108 0.7500
vn 0.2284 -0.6851 -0.6917
vn 0.4203 0.7102 -0.5647
vn 0.1309 0.0729 -0.9887
vn 0.7315 -0.0378 -0.6808
vn 0.5570 -0.7602 -0.3344
vn 0.7388 0.6375 -0.2185
vn 0.9909 -0.1235 -0.0538
vn 0.5785 -0.8009 0.1547
vn 0.7596 0.5981 0.2554
vn 0.7877 -0.1442 0.5990
vn 0.2828 -0.7881 0.5468
vn 0.4731 0.6105 0.6353
vn 0.2170 -0.0901 0.9720
vn -0.1919 -0.7279 0.6583
vn 0.0132 0.6688 0.7433
vn -0.4542 0.0134 0.8908
vn -0.6233 -0.6484 0.4371
vn -0.4048 0.7458 0.5291
vn -0.9118 0.1179 0.3933
vn -0.8096 -0.5868 -0.0132
vn -0.5854 0.8054 0.0927
vn -0.9417 0.1745 -0.2876
vn -0.6636 -0.5720 -0.4821
vn -0.4440 0.8198 -0.3616
vn -0.5299 0.1567 -0.8334
vn -0.2537 -0.6108 -0.7500
vn -0.0468 0.7822 -0.6212
vn -0.8944 -0.4472 -0.0000
vn -0.4586 -0.0168 0.8885
vn 0.2126 -0.1202 0.9697
vn -0.9162 0.0877 0.3910
vn -0.0000 -0.0000 -1.0000
vn -0.9461 0.1443 -0.2899
vn -0.0000 0.9997 0.0256
vn -0.5343 0.1266 -0.8358
vn 0.1265 0.0428 -0.9910
vn 0.7271 -0.0679 -0.6831
vn -0.8599 -0.0000 -0.5105
vn 0.9865 -0.1536 -0.0561
vn 0.7833 -0.1743 0.5967
vn 0.4586 0.0168 -0.8885
vn -0.2126 0.1202 -0.9697
vn 0.9162 -0.0877 -0.3910
vn 0.9461 -0.1443 0.2899
vn 0.5343 -0.1266 0.8358
vn -0.1265 -0.0428 0.9910
vn -0.7271 0.0679 0.6831
vn -0.9865 0.1536 0.0561
vn -0.7833 0.1743 -0.5967
vn 0.6881 -0.5809 -0.4349
vn 0.7554 0.5808 -0.3035
vn 0.7566 -0.6419 0.1246
vn 0.8208 0.5224 0.2309
vn 0.4487 -0.6622 0.6001
vn 0.5266 0.5030 0.6853
vn -0.0916 -0.6323 0.7693
vn 0.0105 0.5316 0.8469
vn -0.6114 -0.5661 0.5529
vn -0.4862 0.5949 0.6402
vn -0.8675 -0.4947 0.0522
vn -0.7308 0.6631 0.1618
vn -0.7401 -0.4514 -0.4985
vn -0.6091 0.7044 -0.3643
vn -0.2888 -0.4566 -0.8415
vn -0.1779 0.6996 -0.6921
vn 0.2752 -0.5077 -0.8164
vn 0.3609 0.6507 -0.6681
vn -0.5689 -0.8033 0.1764
vn -0.4625 0.8135 0.3526
vn -0.6152 -0.7620 -0.2022
vn -0.5119 0.8575 -0.0510
vn -0.4068 -0.7482 -0.5241
vn -0.2897 0.8722 -0.3942
vn -0.0412 -0.7685 -0.6385
vn 0.1001 0.8506 -0.5162
vn 0.3106 -0.8133 -0.4921
vn 0.4752 0.8028 -0.3601
vn 0.4839 -0.8616 -0.1532
vn 0.6599 0.7513 0.0012
vn 0.3977 -0.8909 0.2195
vn 0.5680 0.7201 0.3985
vn 0.0923 -0.8874 0.4516
vn 0.2424 0.7238 0.6461
vn -0.2895 -0.8528 0.4346
vn -0.1646 0.7607 0.6279
vn 0.6593 -0.7345 -0.1608
vn 0.7421 0.6700 -0.0178
vn 0.8900 -0.0045 -0.4559
vn 0.9726 -0.0781 0.2189
vn 0.5477 -0.7724 0.3216
vn 0.6364 0.6341 0.4392
vn 0.6012 -0.1026 0.7925
vn 0.1523 -0.7679 0.6222
vn 0.2620 0.6384 0.7238
vn -0.0504 -0.0665 0.9965
vn -0.3419 -0.7231 0.6002
vn -0.2060 0.6808 0.7029
vn -0.6774 0.0133 0.7355
vn -0.7036 -0.6590 0.2659
vn -0.5485 0.7415 0.3864
vn -0.9863 0.0995 0.1316
vn -0.7636 -0.6055 -0.2242
vn -0.6053 0.7922 -0.0778
vn -0.8326 0.1517 -0.5327
vn -0.4938 -0.5877 -0.6409
vn -0.3499 0.8090 -0.4723
vn -0.2883 0.1455 -0.9464
vn -0.0205 -0.6139 -0.7891
vn 0.0984 0.7842 -0.6127
vn 0.3920 0.0838 -0.9161
vn 0.4349 -0.6719 -0.5995
vn 0.5296 0.7293 -0.4332
vn -0.7421 -0.6700 0.0178
vn -0.6593 0.7345 0.1608
vn -0.8900 0.0045 0.4559
vn -0.9726 0.0781 -0.2189
vn -0.6364 -0.6341 -0.4392
vn -0.5477 0.7724 -0.3216
vn -0.6012 0.1026 -0.7925
vn -0.2620 -0.6384 -0.7238
vn -0.1523 0.7679 -0.6222
vn 0.0504 0.0665 -0.9965
vn 0.2060 -0.6808 -0.7029
vn 0.3419 0.7231 -0.6002
vn 0.6774 -0.0133 -0.7355
vn 0.5485 -0.7415 -0.3864
vn 0.7036 0.6590 -0.2659
vn 0.9863 -0.0995 -0.1316
vn 0.6053 -0.7922 0.0778
vn 0.7636 0.6055 0.2242
vn 0.8326 -0.1517 0.5326
vn 0.3499 -0.8090 0.4723
vn 0.4938 0.5877 0.6409
vn 0.2883 -0.1455 0.9464
vn -0.0984 -0.7842 0.6127
vn 0.0205 0.6139 0.7891
vn -0.3920 -0.0839 0.9161
vn -0.5296 -0.7293 0.4332
vn -0.4349 0.6719 0.5995
vn 0.9908 -0.0473 -0.1265
vn 0.6819 0.0389 -0.7304
vn -0.0000 -0.9806 -0.1961
vn 0.8372 -0.0995 0.5378
vn 0.2928 -0.0933 0.9516
vn -0.3876 -0.0316 0.9213
vn -0.8856 0.0567 0.4611
vn -0.9682 0.1303 -0.2137
vn -0.5967 0.1548 -0.7874
vn 0.0549 0.1187 -0.9914
vn -0.9908 0.0473 0.1265
vn -0.6819 -0.0389 0.7304
vn -0.8372 0.0995 -0.5378
vn -0.2928 0.0933 -0.9516
vn 0.3876 0.0316 -0.9213
vn 0.8856 -0.0567 -0.4611
vn 0.9682 -0.1303 0.2137
vn 0.5967 -0.1548 0.7874
vn -0.0549 -0.1187 0.9914
vn 0.1893 -0.4930 -0.8492
vn 0.2614 0.6665 -0.6982
vn 0.6642 -0.5490 -0.5073
vn 0.6788 0.6173 -0.3978
vn 0.8078 -0.5863 0.0615
vn 0.8049 0.5845 0.1021
vn 0.5528 -0.5874 0.5911
vn 0.5808 0.5835 0.5676
vn 0.0185 -0.5519 0.8337
vn 0.1113 0.6147 0.7808
vn -0.5450 -0.4963 0.6758
vn -0.3839 0.6636 0.6421
vn -0.8740 -0.4466 0.1913
vn -0.6731 0.7072 0.2162
vn -0.8147 -0.4262 -0.3932
vn -0.6210 0.7252 -0.2974
vn -0.3948 -0.4445 -0.8041
vn -0.2519 0.7091 -0.6586
vn -0.2160 -0.8560 0.4696
vn -0.1046 0.7604 0.6410
vn -0.5070 -0.8217 0.2602
vn -0.4533 0.8015 0.3900
vn -0.5950 -0.7989 -0.0883
vn -0.5587 0.8289 -0.0277
vn -0.4387 -0.7982 -0.4128
vn -0.3715 0.8297 -0.4166
vn -0.1114 -0.8200 -0.5615
vn 0.0208 0.8036 -0.5948
vn 0.2338 -0.8540 -0.4647
vn 0.4346 0.7628 -0.4788
vn 0.4354 -0.8845 -0.1679
vn 0.6762 0.7264 -0.1230
vn 0.3991 -0.8970 0.1902
vn 0.6327 0.7113 0.3061
vn 0.1418 -0.8858 0.4420
vn 0.3243 0.7248 0.6079
vn 0.3866 -0.6591 -0.6451
vn 0.4447 0.7460 -0.4956
vn 0.2773 0.0947 -0.9561
vn 0.8283 0.0298 -0.5595
vn 0.6773 -0.7029 -0.2170
vn 0.6940 0.7084 -0.1287
vn 0.9948 -0.0135 0.1005
vn 0.6249 -0.7210 0.2994
vn 0.6490 0.6929 0.3140
vn 0.6990 -0.0148 0.7150
vn 0.2539 -0.7048 0.6624
vn 0.3310 0.7068 0.6252
vn 0.0791 0.0264 0.9965
vn -0.2621 -0.6620 0.7022
vn -0.1114 0.7435 0.6593
vn -0.5747 0.0909 0.8133
vn -0.6817 -0.6125 0.4002
vn -0.4711 0.7860 0.4005
vn -0.9565 0.1485 0.2511
vn -0.8085 -0.5795 -0.1023
vn -0.5798 0.8142 -0.0303
vn -0.8877 0.1722 -0.4270
vn -0.5832 -0.5785 -0.5702
vn -0.3867 0.8151 -0.4315
vn -0.4004 0.1510 -0.9038
vn -0.1112 -0.6099 -0.7846
vn 0.0180 0.7881 -0.6152
vn -0.4447 -0.7460 0.4957
vn -0.3866 0.6591 0.6451
vn -0.2773 -0.0947 0.9561
vn -0.8283 -0.0298 0.5595
vn -0.6940 -0.7084 0.1287
vn -0.6773 0.7029 0.2170
vn -0.9948 0.0135 -0.1005
vn -0.6490 -0.6930 -0.3140
vn -0.6250 0.7210 -0.2993
vn -0.6990 0.0148 -0.7150
vn -0.3310 -0.7068 -0.6252
vn -0.2539 0.7048 -0.6624
vn -0.0791 -0.0264 -0.9965
vn 0.1114 -0.7435 -0.6594
vn 0.2621 0.6620 -0.7022
vn 0.5747 -0.0909 -0.8133
vn 0.4711 -0.7860 -0.4004
vn 0.6817 0.6125 -0.4002
vn 0.9565 -0.1485 -0.2511
vn 0.5798 -0.8142 0.0303
vn 0.8085 0.5796 0.1023
vn 0.8877 -0.1722 0.4270
vn 0.3867 -0.8151 0.4315
vn 0.5832 0.5785 0.5702
vn 0.4004 -0.1510 0.9038
vn -0.0180 -0.7881 0.6152
vn 0.1112 0.6099 0.7846
vn 0.5876 0.0568 -0.8071
vn -0.0664 0.1213 -0.9904
vn 0.9696 -0.0008 -0.2447
vn 0.9008 -0.0246 0.4336
vn 0.4133 -0.0033 0.9106
vn -0.2646 0.0530 0.9629
vn -0.0000 -0.0000 1.0000
vn -0.8158 0.1180 0.5661
vn -0.9824 0.1612 -0.0941
vn -0.6864 0.1626 -0.7088
vn -0.5876 -0.0568 0.8071
vn 0.0664 -0.1213 0.9904
vn -0.9696 0.0008 0.2447
vn -0.9008 0.0246 -0.4336
vn -0.4133 0.0033 -0.9106
vn 0.2646 -0.0530 -0.9629
vn 0.8158 -0.1180 -0.5661
vn 0.9824 -0.1612 0.0941
vn 0.6864 -0.1626 0.7088
vn 0.7040 -0.6030 0.3752
vn 0.6996 0.5679 0.4336
vn 0.2430 -0.5956 0.7656
vn 0.3230 0.5739 0.7525
vn -0.3571 -0.5259 0.7719
vn -0.1673 0.6308 0.7577
vn -0.8156 -0.4265 0.3911
vn -0.5418 0.7121 0.4466
vn -0.9178 -0.3439 -0.1987
vn -0.6253 0.7796 -0.0352
vn -0.6159 -0.3167 -0.7214
vn -0.3787 0.8018 -0.4623
vn -0.0513 -0.3576 -0.9325
vn 0.0826 0.7683 -0.6347
vn 0.5120 -0.4476 -0.7332
vn 0.5427 0.6948 -0.4719
vn 0.8103 -0.5445 -0.2167
vn 0.7864 0.6157 -0.0500
vn -0.5267 -0.7771 -0.3446
vn -0.4785 0.8468 -0.2322
vn -0.2676 -0.7812 -0.5640
vn -0.1346 0.8414 -0.5234
vn 0.0698 -0.8204 -0.5675
vn 0.3130 0.7894 -0.5281
vn 0.3274 -0.8763 -0.3535
vn 0.6549 0.7152 -0.2441
vn 0.3848 -0.9227 -0.0220
vn 0.7311 0.6536 0.1957
vn 0.2152 -0.9380 0.2717
vn 0.5060 0.6333 0.5856
vn -0.1022 -0.9150 0.3904
vn 0.0849 0.6639 0.7430
vn -0.4187 -0.8644 0.2784
vn -0.3352 0.7310 0.5944
vn -0.5864 -0.8100 -0.0119
vn -0.5577 0.8032 0.2092
vn 0.4284 -0.7391 0.5198
vn 0.4839 0.6735 0.5588
vn 0.8662 -0.0409 0.4981
vn 0.3479 -0.0327 0.9370
vn -0.0742 -0.7026 0.7077
vn 0.0889 0.7021 0.7065
vn -0.3267 0.0457 0.9440
vn -0.5755 -0.6226 0.5303
vn -0.3051 0.7651 0.5671
vn -0.8420 0.1575 0.5159
vn -0.8411 -0.5363 0.0706
vn -0.5138 0.8329 0.2058
vn -0.9569 0.2504 -0.1470
vn -0.7465 -0.4843 -0.4563
vn -0.4395 0.8738 -0.2083
vn -0.6176 0.2809 -0.7346
vn -0.3361 -0.4908 -0.8038
vn -0.1169 0.8686 -0.4815
vn 0.0171 0.2349 -0.9719
vn 0.1981 -0.5528 -0.8094
vn 0.3029 0.8199 -0.4859
vn 0.6503 0.1337 -0.7478
vn 0.6061 -0.6414 -0.4704
vn 0.6236 0.7503 -0.2194
vn 0.9856 0.0248 -0.1673
vn 0.6971 -0.7149 0.0545
vn 0.6951 0.6925 0.1931
vn -0.4839 -0.6735 -0.5588
vn -0.4284 0.7391 -0.5198
vn -0.8662 0.0409 -0.4981
vn -0.3479 0.0327 -0.9370
vn -0.0889 -0.7021 -0.7065
vn 0.0742 0.7026 -0.7077
vn 0.3267 -0.0457 -0.9440
vn 0.3051 -0.7651 -0.5670
vn 0.5755 0.6226 -0.5303
vn 0.8420 -0.1574 -0.5159
vn 0.5138 -0.8329 -0.2058
vn 0.8411 0.5363 -0.0706
vn 0.9569 -0.2504 0.1470
vn 0.4395 -0.8738 0.2083
vn 0.7465 0.4843 0.4563
vn 0.6176 -0.2809 0.7346
vn 0.1170 -0.8686 0.4815
vn 0.3361 0.4908 0.8038
vn -0.0171 -0.2349 0.9719
vn -0.3029 -0.8199 0.4859
vn -0.1981 0.5528 0.8094
vn -0.6503 -0.1337 0.7479
vn -0.6236 -0.7503 0.2194
vn -0.6061 0.6414 0.4704
vn -0.9856 -0.0248 0.1673
vn -0.6951 -0.6925 -0.1931
vn -0.6971 0.7149 -0.0545
vn 0.6448 -0.0538 0.7624
vn 0.9844 -0.0232 0.1744
vn 0.0096 -0.0077 0.9999
vn -0.6241 0.0936 0.7757
vn -0.9597 0.2026 0.1947
vn -0.8402 0.2683 -0.4712
vn -0.3215 0.2601 -0.9105
vn -0.8757 -0.4829 -0.0000
vn 0.3537 0.1817 -0.9175
vn 0.8694 0.0698 -0.4891
vn -0.6448 0.0538 -0.7624
vn -0.9844 0.0232 -0.1744
vn -0.0096 0.0077 -0.9999
vn 0.6241 -0.0936 -0.7757
vn 0.9597 -0.2026 -0.1947
vn 0.8402 -0.2683 0.4712
vn 0.3215 -0.2601 0.9105
vn -0.3537 -0.1817 0.9175
vn -0.8694 -0.0698 0.4891
vn -0.1755 -0.3528 -0.9191
vn -0.0114 0.7731 -0.6341
vn 0.4196 -0.4342 -0.7971
vn 0.4545 0.7094 -0.5387
vn 0.7937 -0.5180 -0.3189
vn 0.7473 0.6438 -0.1643
vn 0.7717 -0.5651 0.2918
vn 0.7301 0.6070 0.3138
vn 0.3640 -0.5533 0.7492
vn 0.4109 0.6162 0.6719
vn -0.2388 -0.4883 0.8394
vn -0.0610 0.6671 0.7425
vn -0.7545 -0.4004 0.5200
vn -0.4647 0.7359 0.4925
vn -0.9418 -0.3308 -0.0594
vn -0.6114 0.7904 0.0389
vn -0.7132 -0.3120 -0.6277
vn -0.4324 0.8051 -0.4060
vn -0.0387 -0.9150 0.4016
vn 0.1801 0.6655 0.7243
vn -0.3568 -0.8715 0.3364
vn -0.2678 0.7268 0.6325
vn -0.5568 -0.8267 0.0807
vn -0.5494 0.7899 0.2726
vn -0.5451 -0.8015 -0.2458
vn -0.5329 0.8253 -0.1871
vn -0.3271 -0.8078 -0.4904
vn -0.2259 0.8164 -0.5314
vn -0.0048 -0.8426 -0.5386
vn 0.2277 0.7675 -0.5992
vn 0.2709 -0.8896 -0.3678
vn 0.6159 0.7014 -0.3589
vn 0.3711 -0.9268 -0.0581
vn 0.7569 0.6489 0.0772
vn 0.2488 -0.9368 0.2458
vn 0.5848 0.6348 0.5050
vn 0.0952 -0.5487 -0.8306
vn 0.2194 0.8254 -0.5201
vn -0.1186 0.2371 -0.9642
vn 0.5387 0.1472 -0.8295
vn 0.5563 -0.6273 -0.5451
vn 0.5640 0.7667 -0.3068
vn 0.9520 0.0547 -0.3013
vn 0.7238 -0.6895 -0.0271
vn 0.6891 0.7202 0.0803
vn 0.9277 0.0027 0.3733
vn 0.5193 -0.7063 0.4810
vn 0.5364 0.7076 0.4600
vn 0.4773 0.0156 0.8786
vn 0.0386 -0.6698 0.7415
vn 0.1772 0.7349 0.6546
vn -0.1885 0.0875 0.9782
vn -0.4934 -0.5971 0.6325
vn -0.2204 0.7893 0.5731
vn -0.7581 0.1845 0.6254
vn -0.8279 -0.5221 0.2050
vn -0.4703 0.8453 0.2537
vn -0.9651 0.2614 -0.0146
vn -0.8082 -0.4801 -0.3410
vn -0.4556 0.8767 -0.1543
vn -0.7125 0.2822 -0.6424
vn -0.4437 -0.4906 -0.7500
vn -0.1832 0.8689 -0.4599
vn -0.2194 -0.8254 0.5201
vn -0.0952 0.5487 0.8306
vn 0.1186 -0.2371 0.9642
vn -0.5387 -0.1472 0.8295
vn -0.5639 -0.7667 0.3068
vn -0.5562 0.6273 0.5451
vn -0.9520 -0.0546 0.3013
vn -0.6891 -0.7202 -0.0803
vn -0.7238 0.6895 0.0271
vn -0.9277 -0.0027 -0.3733
vn -0.5364 -0.7076 -0.4600
vn -0.5194 0.7063 -0.4810
vn -0.4773 -0.0156 -0.8786
vn -0.1772 -0.7349 -0.6546
vn -0.0386 0.6698 -0.7415
vn 0.1885 -0.0874 -0.9782
vn 0.2204 -0.7893 -0.5731
vn 0.4934 0.5971 -0.6325
vn 0.7581 -0.1845 -0.6254
vn 0.4703 -0.8453 -0.2537
vn 0.8279 0.5221 -0.2050
vn 0.9651 -0.2614 0.0146
vn 0.4556 -0.8767 0.1543
vn 0.8082 0.4801 0.3410
vn 0.7125 -0.2822 0.6424
vn 0.1832 -0.8689 0.4599
vn 0.4437 0.4906 0.7500
vn 0.2217 0.1871 -0.9570
vn -0.4449 0.2590 -0.8573
vn 0.7920 0.0899 -0.6038
vn 0.9992 0.0129 0.0369
vn 0.7464 -0.0079 0.6655
vn 0.1517 0.0373 0.9877
vn -0.5064 0.1273 0.8528
vn -0.9201 0.2200 0.3240
vn -0.8958 0.2720 -0.3514
vn -0.2217 -0.1871 0.9570
vn 0.4449 -0.2590 0.8573
vn -0.7920 -0.0899 0.6038
vn -0.9992 -0.0129 -0.0369
vn -0.7464 0.0079 -0.6655
vn -0.1517 -0.0373 -0.9877
vn 0.5064 -0.1273 -0.8528
vn 0.9201 -0.2200 -0.3240
vn 0.8958 -0.2720 0.3514
vn -0.5534 -0.4967 0.6686
vn -0.3531 0.6577 0.6654
vn -0.8884 -0.4193 0.1870
vn -0.6426 0.7246 0.2492
vn -0.8344 -0.3781 -0.4009
vn -0.5960 0.7602 -0.2588
vn -0.4168 -0.3924 -0.8199
vn -0.2351 0.7478 -0.6209
vn 0.1691 -0.4555 -0.8740
vn 0.2713 0.6933 -0.6677
vn 0.6491 -0.5379 -0.5379
vn 0.6861 0.6221 -0.3772
vn 0.7987 -0.6010 0.0312
vn 0.8153 0.5676 0.1146
vn 0.5478 -0.6153 0.5669
vn 0.5985 0.5552 0.5775
vn 0.0138 -0.5741 0.8187
vn 0.1370 0.5908 0.7951
vn 0.2006 -0.8461 -0.4938
vn 0.4535 0.7629 -0.4607
vn 0.4017 -0.8926 -0.2045
vn 0.7004 0.7059 -0.1058
vn 0.3693 -0.9173 0.1485
vn 0.6606 0.6756 0.3274
vn 0.1186 -0.9088 0.4001
vn 0.3529 0.6861 0.6362
vn -0.2333 -0.8709 0.4326
vn -0.0789 0.7326 0.6761
vn -0.5216 -0.8214 0.2308
vn -0.4327 0.7933 0.4284
vn -0.6114 -0.7835 -0.1110
vn -0.5429 0.8398 0.0090
vn -0.4607 -0.7749 -0.4327
vn -0.3580 0.8503 -0.3858
vn -0.1400 -0.7997 -0.5839
vn 0.0355 0.8200 -0.5713
vn -0.6984 -0.6006 0.3893
vn -0.4379 0.7888 0.4313
vn -0.5616 0.0855 0.8230
vn -0.9474 0.1746 0.2683
vn -0.8308 -0.5448 -0.1144
vn -0.5491 0.8357 0.0082
vn -0.8853 0.2221 -0.4087
vn -0.6087 -0.5321 -0.5885
vn -0.3625 0.8463 -0.3902
vn -0.4043 0.2056 -0.8912
vn -0.1361 -0.5685 -0.8113
vn 0.0345 0.8157 -0.5774
vn 0.2704 0.1329 -0.9535
vn 0.3658 -0.6370 -0.6785
vn 0.4562 0.7582 -0.4658
vn 0.8232 0.0381 -0.5664
vn 0.6623 -0.7055 -0.2523
vn 0.7054 0.7006 -0.1077
vn 0.9954 -0.0346 0.0889
vn 0.6145 -0.7420 0.2680
vn 0.6652 0.6700 0.3294
vn 0.7065 -0.0510 0.7059
vn 0.2449 -0.7293 0.6388
vn 0.3547 0.6806 0.6410
vn 0.0916 -0.0036 0.9958
vn -0.2736 -0.6735 0.6867
vn -0.0810 0.7276 0.6813
vn 0.4379 -0.7888 -0.4313
vn 0.6984 0.6006 -0.3893
vn 0.5616 -0.0855 -0.8230
vn 0.9474 -0.1746 -0.2683
vn 0.5491 -0.8357 -0.0082
vn 0.8308 0.5448 0.1144
vn 0.8853 -0.2220 0.4087
vn 0.3626 -0.8463 0.3902
vn 0.6087 0.5321 0.5885
vn 0.4043 -0.2056 0.8912
vn -0.0345 -0.8157 0.5774
vn 0.1361 0.5685 0.8113
vn -0.2704 -0.1329 0.9535
vn -0.4563 -0.7582 0.4658
vn -0.3658 0.6370 0.6785
vn -0.8232 -0.0381 0.5664
vn -0.7053 -0.7006 0.1077
vn -0.6623 0.7055 0.2523
vn -0.9954 0.0346 -0.0889
vn -0.6652 -0.6700 -0.3294
vn -0.6145 0.7420 -0.2680
vn -0.7065 0.0510 -0.7059
vn -0.3547 -0.6806 -0.6410
vn -0.2449 0.7293 -0.6388
vn -0.0916 0.0036 -0.9958
vn 0.0810 -0.7275 -0.6813
vn 0.2736 0.6735 -0.6867
vn -0.8045 0.1278 0.5801
vn -0.2514 0.0329 0.9673
vn -0.9768 0.2005 -0.0756
vn -0.6877 0.2170 -0.6928
vn -0.0725 0.1695 -0.9829
vn 0.5809 0.0804 -0.8100
vn 0.7474 -0.6540 -0.1168
vn -0.0000 0.9790 0.2040
vn 0.9669 -0.0088 -0.2551
vn -0.0000 -0.9943 -0.1068
vn 0.9998 -0.0176 -0.0000
vn 0.9047 -0.0562 0.4222
vn 0.4236 -0.0398 0.9050
vn 0.8045 -0.1278 -0.5801
vn 0.2514 -0.0329 -0.9673
vn 0.9768 -0.2005 0.0756
vn 0.6877 -0.2170 0.6928
vn 0.0725 -0.1695 0.9829
vn -0.5809 -0.0804 0.8100
vn -0.9669 0.0088 0.2551
vn -0.9047 0.0562 -0.4222
vn -0.4236 0.0397 -0.9050
vn -0.8738 0.4111 0.2597
vn -0.6402 -0.6380 0.4278
vn -0.0521 0.6710 0.7396
vn 0.1815 -0.3782 0.9078
vn 0.6802 0.7285 0.0812
vn 0.9138 -0.3207 0.2493
vn 0.3111 0.5042 -0.8056
vn 0.5447 -0.5449 -0.6375
vn -0.6493 0.3081 -0.6953
vn -0.4158 -0.7411 -0.5272
vn -0.5124 0.6991 0.4988
vn -0.2087 -0.6648 0.7173
vn -0.9021 -0.1352 0.4097
vn 0.0771 0.1745 0.9816
vn 0.6006 -0.4995 0.6243
vn 0.9498 0.2430 0.1970
vn 0.7897 -0.5863 -0.1805
vn 0.5099 -0.0243 -0.8599
vn -0.2063 0.5586 -0.8034
vn 0.0973 -0.8053 -0.5849
vn -0.6347 -0.2580 -0.7284
vn -0.8234 0.5101 -0.2486
vn -0.5198 -0.8538 -0.0300
vn -0.2147 0.9644 -0.1545
vn 0.2147 -0.9644 0.1545
vn -0.4350 0.6159 0.6568
vn -0.7485 -0.4164 0.5162
vn 0.4909 0.3135 0.8129
vn 0.1774 -0.7188 0.6722
vn 0.9550 0.2912 -0.0573
vn 0.6415 -0.7411 -0.1979
vn 0.3159 0.5797 -0.7511
vn 0.0025 -0.4526 -0.8917
vn -0.5431 0.7804 -0.3098
vn -0.8566 -0.2519 -0.4504
vn 0.0696 0.6174 0.7836
vn -0.3378 -0.7245 0.6008
vn -0.7052 0.1189 0.6990
vn 0.3982 -0.2415 0.8849
vn 0.9701 0.2425 -0.0000
vn 0.3860 -0.8936 0.2289
vn 0.9513 -0.2681 -0.1521
vn 0.7023 0.5869 -0.4029
vn 0.2949 -0.7550 -0.5856
vn 0.1897 0.0757 -0.9789
vn -0.0778 0.8417 -0.5344
vn -0.4853 -0.5002 -0.7171
vn -0.8341 0.3149 -0.4529
vn -0.4690 0.8605 0.1989
vn -0.7071 -0.7071 -0.0000
vn 0.2881 0.9488 0.1292
vn -0.9989 0.0468 -0.0000
vn -0.2881 -0.9488 -0.1292
vn -0.7333 -0.5130 -0.4462
vn -0.6738 0.6443 -0.3618
vn -0.2681 -0.4786 -0.8361
vn -0.2957 0.6723 -0.6786
vn 0.3383 -0.4340 -0.8350
vn 0.1969 0.7085 -0.6777
vn 0.8021 -0.4002 -0.4433
vn 0.5738 0.7359 -0.3594
vn 0.9063 -0.3930 0.1557
vn 0.6584 0.7418 0.1272
vn 0.6021 -0.4157 0.6817
vn 0.4113 0.7234 0.5546
vn 0.0319 -0.4577 0.8885
vn -0.0520 0.6892 0.7227
vn -0.5375 -0.4994 0.6795
vn -0.5147 0.6554 0.5528
vn -0.8397 -0.5212 0.1524
vn -0.7602 0.6376 0.1245
vn -0.4499 -0.6654 -0.5956
vn -0.4605 0.7443 -0.4837
vn -0.8583 0.1537 -0.4896
vn -0.3472 0.1917 -0.9180
vn 0.0477 -0.6288 -0.7761
vn -0.0556 0.7741 -0.6306
vn 0.3190 0.2406 -0.9167
vn 0.5446 -0.5924 -0.5937
vn 0.3487 0.8037 -0.4821
vn 0.8284 0.2777 -0.4864
vn 0.8083 -0.5733 -0.1337
vn 0.5632 0.8192 -0.1079
vn 0.9428 0.2857 0.1716
vn 0.7155 -0.5805 0.3887
vn 0.4877 0.8134 0.3171
vn 0.6086 0.2607 0.7494
vn 0.3095 -0.6106 0.7290
vn 0.1574 0.7889 0.5940
vn -0.0176 0.2145 0.9766
vn -0.2197 -0.6494 0.7280
vn -0.2732 0.7573 0.5932
vn -0.6432 0.1688 0.7469
vn -0.6245 -0.6789 0.3861
vn -0.6025 0.7333 0.3150
vn -0.9751 0.1447 0.1679
vn -0.7154 -0.6852 -0.1366
vn -0.6764 0.7282 -0.1102
vn 0.0732 -0.9973 -0.0007
vn -0.6412 0.1574 -0.7511
vn -0.9762 0.1324 -0.1717
vn -0.0732 0.9973 0.0007
vn -0.0131 0.2037 -0.9789
vn 0.6142 0.2496 -0.7487
vn 0.9470 0.2738 -0.1681
vn 0.8298 0.2647 0.4913
vn 0.3175 0.2266 0.9208
vn -0.3505 0.1776 0.9195
vn -0.8615 0.1404 0.4880
vn -0.6676 -0.6855 0.2905
vn -0.7943 0.4759 0.3777
vn -0.7103 -0.6674 -0.2237
vn -0.8428 0.4964 -0.2079
vn -0.4123 -0.6437 -0.6447
vn -0.5034 0.5235 -0.6874
vn 0.0869 -0.6253 -0.7755
vn 0.0650 0.5444 -0.8363
vn 0.5537 -0.6209 -0.5548
vn 0.5966 0.5494 -0.5850
vn 0.7697 -0.6326 -0.0860
vn 0.8426 0.5361 -0.0510
vn 0.6338 -0.6548 0.4117
vn 0.6879 0.5108 0.5157
vn 0.2096 -0.6772 0.7053
vn 0.2048 0.4853 0.8500
vn -0.3043 -0.6893 0.6574
vn -0.3805 0.4715 0.7955
vn 0.5941 -0.7494 -0.2923
vn 0.4547 0.8706 -0.1878
vn 0.6298 -0.7645 0.1378
vn 0.4844 0.8580 0.1706
vn 0.3805 -0.7843 0.4899
vn 0.2767 0.8415 0.4640
vn -0.0370 -0.7997 0.5993
vn -0.0712 0.8287 0.5552
vn -0.4274 -0.8033 0.4147
vn -0.3965 0.8256 0.4014
vn -0.6080 -0.7936 0.0226
vn -0.5471 0.8338 0.0746
vn -0.4944 -0.7750 -0.3937
vn -0.4523 0.8493 -0.2723
vn -0.1396 -0.7563 -0.6392
vn -0.1567 0.8649 -0.4769
vn 0.2903 -0.7461 -0.5992
vn 0.2015 0.8733 -0.4436
vn -0.6275 -0.7782 0.0247
vn -0.7742 0.6270 0.0862
vn -0.9031 -0.1169 0.4132
vn -0.9594 -0.0931 -0.2661
vn -0.5104 -0.7591 -0.4041
vn -0.6375 0.6494 -0.4146
vn -0.5658 -0.0617 -0.8222
vn -0.1449 -0.7398 -0.6571
vn -0.2107 0.6719 -0.7100
vn 0.0935 -0.0374 -0.9949
vn 0.2980 -0.7293 -0.6159
vn 0.3065 0.6841 -0.6619
vn 0.7101 -0.0317 -0.7034
vn 0.6110 -0.7327 -0.2997
vn 0.6720 0.6802 -0.2927
vn 0.9953 -0.0471 -0.0841
vn 0.6478 -0.7482 0.1434
vn 0.7149 0.6621 0.2248
vn 0.8159 -0.0764 0.5732
vn 0.3910 -0.7687 0.5062
vn 0.4151 0.6382 0.6484
vn 0.2556 -0.1060 0.9609
vn -0.0392 -0.7845 0.6189
vn -0.0872 0.6197 0.7800
vn -0.4233 -0.1220 0.8978
vn -0.4414 -0.7883 0.4288
vn -0.5569 0.6153 0.5579
vn 0.7742 -0.6270 -0.0862
vn 0.6275 0.7782 -0.0247
vn 0.9031 0.1169 -0.4132
vn 0.9594 0.0931 0.2661
vn 0.6375 -0.6494 0.4146
vn 0.5104 0.7591 0.4041
vn 0.5658 0.0617 0.8222
vn 0.2107 -0.6719 0.7100
vn 0.1449 0.7398 0.6571
vn -0.0935 0.0374 0.9949
vn -0.3065 -0.6841 0.6619
vn -0.2980 0.7293 0.6159
vn -0.7101 0.0317 0.7034
vn -0.6721 -0.6802 0.2927
vn -0.6110 0.7327 0.2997
vn -0.9953 0.0471 0.0842
vn -0.7149 -0.6621 -0.2248
vn -0.6478 0.7482 -0.1434
vn -0.8159 0.0764 -0.5732
vn -0.4151 -0.6382 -0.6484
vn -0.3910 0.7687 -0.5062
vn -0.2556 0.1060 -0.9609
vn 0.0872 -0.6197 -0.7800
vn 0.0392 0.7845 -0.6189
vn 0.4233 0.1220 -0.8978
vn 0.5569 -0.6153 -0.5579
vn 0.4414 0.7882 -0.4288
vn -0.9917 -0.1022 0.0786
vn -0.7063 -0.1176 0.6981
vn -0.8121 -0.0728 -0.5789
vn -0.9032 0.4292 -0.0000
vn -0.2517 -0.0432 -0.9668
vn 0.4274 -0.0272 -0.9036
vn -0.0000 -0.9998 0.0179
vn 0.9075 -0.0323 -0.4189
vn 0.9638 -0.0561 0.2606
vn 0.5701 -0.0875 0.8169
vn -0.0895 -0.1118 0.9897
vn 0.9917 0.1022 -0.0786
vn 0.7063 0.1176 -0.6981
vn 0.8121 0.0728 0.5789
vn 0.2517 0.0432 0.9668
vn -0.4274 0.0272 0.9036
vn -0.9075 0.0323 0.4189
vn -0.9638 0.0561 -0.2606
vn -0.5701 0.0875 -0.8169
vn 0.0895 0.1118 -0.9897
vn -0.4726 -0.6356 -0.6105
vn -0.5692 0.5314 -0.6274
vn 0.0254 -0.6071 -0.7942
vn -0.0299 0.5623 -0.8264
vn 0.5254 -0.5885 -0.6145
vn 0.5116 0.5824 -0.6317
vn 0.7933 -0.5886 -0.1554
vn 0.8018 0.5823 -0.1345
vn 0.7039 -0.6073 0.3683
vn 0.7049 0.5620 0.4327
vn 0.2990 -0.6359 0.7115
vn 0.2664 0.5311 0.8044
vn -0.2320 -0.6610 0.7136
vn -0.3087 0.5039 0.8067
vn -0.6406 -0.6708 0.3737
vn -0.7512 0.4933 0.4386
vn -0.7356 -0.6608 -0.1492
vn -0.8541 0.5042 -0.1278
vn 0.4324 -0.7843 0.4449
vn 0.3140 0.8411 0.4405
vn 0.0405 -0.8068 0.5895
vn -0.0364 0.8210 0.5698
vn -0.3530 -0.8214 0.4480
vn -0.3882 0.8079 0.4433
vn -0.5639 -0.8213 0.0867
vn -0.5768 0.8080 0.1203
vn -0.4935 -0.8065 -0.3254
vn -0.5139 0.8212 -0.2483
vn -0.1748 -0.7841 -0.5956
vn -0.2289 0.8413 -0.4898
vn 0.2431 -0.7643 -0.5972
vn 0.1447 0.8589 -0.4913
vn 0.5647 -0.7566 -0.3297
vn 0.4322 0.8658 -0.2521
vn 0.6394 -0.7645 0.0818
vn 0.4991 0.8588 0.1159
vn -0.1984 -0.7323 -0.6514
vn -0.2881 0.6789 -0.6754
vn -0.6432 -0.0566 -0.7636
vn -0.0031 -0.0199 -0.9998
vn 0.2612 -0.7106 -0.6533
vn 0.2174 0.7027 -0.6774
vn 0.6395 0.0039 -0.7688
vn 0.6149 -0.7021 -0.3590
vn 0.6064 0.7121 -0.3538
vn 0.9839 0.0038 -0.1786
vn 0.6972 -0.7108 0.0936
vn 0.6969 0.7025 0.1441
vn 0.8690 -0.0203 0.4944
vn 0.4695 -0.7325 0.4929
vn 0.4465 0.6786 0.5833
vn 0.3485 -0.0570 0.9356
vn 0.0384 -0.7573 0.6520
vn -0.0277 0.6514 0.7582
vn -0.3340 -0.0892 0.9383
vn -0.3944 -0.7733 0.4964
vn -0.5037 0.6337 0.5871
vn -0.8592 -0.1018 0.5014
vn -0.6264 -0.7732 0.0990
vn -0.7588 0.6339 0.1500
vn -0.9813 -0.0889 -0.1707
vn -0.5490 -0.7570 -0.3543
vn -0.6736 0.6517 -0.3486
vn 0.2881 -0.6789 0.6754
vn 0.1984 0.7323 0.6514
vn 0.6432 0.0566 0.7636
vn 0.0031 0.0199 0.9998
vn -0.2174 -0.7027 0.6774
vn -0.2612 0.7106 0.6533
vn -0.6395 -0.0039 0.7688
vn -0.6064 -0.7121 0.3538
vn -0.6149 0.7021 0.3590
vn -0.9839 -0.0038 0.1787
vn -0.6969 -0.7025 -0.1441
vn -0.6972 0.7107 -0.0936
vn -0.8690 0.0203 -0.4945
vn -0.4465 -0.6786 -0.5833
vn -0.4695 0.7326 -0.4929
vn -0.3485 0.0570 -0.9356
vn 0.0277 -0.6514 -0.7582
vn -0.0384 0.7573 -0.6520
vn 0.3340 0.0892 -0.9383
vn 0.5037 -0.6338 -0.5871
vn 0.3944 0.7733 -0.4964
vn 0.8592 0.1018 -0.5014
vn 0.7588 -0.6339 -0.1500
vn 0.6263 0.7732 -0.0990
vn 0.9813 0.0889 0.1707
vn 0.6737 -0.6516 0.3486
vn 0.5489 0.7570 0.3543
vn -0.3442 -0.0348 -0.9382
vn -0.8648 -0.0716 -0.4971
vn 0.6687 -0.7435 -0.0000
vn 0.3384 -0.0026 -0.9410
vn 0.8636 0.0100 -0.5040
vn 0.9857 -0.0029 0.1682
vn -0.0000 0.9991 0.0419
vn 0.6476 -0.0352 0.7612
vn 0.0074 -0.0719 0.9974
vn -0.6353 -0.0958 0.7663
vn -0.9797 -0.0956 0.1761
vn 0.3442 0.0348 0.9382
vn 0.8648 0.0716 0.4970
vn -0.3384 0.0026 0.9410
vn -0.8636 -0.0100 0.5040
vn -0.9857 0.0029 -0.1682
vn -0.6476 0.0352 -0.7612
vn -0.0074 0.0719 -0.9974
vn 0.6353 0.0958 -0.7663
vn 0.9797 0.0956 -0.1761
vn -0.7459 -0.6643 0.0478
vn -0.8600 0.4998 0.1031
vn -0.6100 -0.6286 -0.4824
vn -0.7211 0.5362 -0.4387
vn -0.1656 -0.5772 -0.7996
vn -0.2669 0.5888 -0.7630
vn 0.3793 -0.5341 -0.7555
vn 0.2901 0.6328 -0.7179
vn 0.7698 -0.5195 -0.3708
vn 0.6892 0.6477 -0.3247
vn 0.8232 -0.5403 0.1746
vn 0.7438 0.6266 0.2328
vn 0.5144 -0.5866 0.6255
vn 0.4282 0.5792 0.6937
vn -0.0120 -0.6369 0.7709
vn -0.1099 0.5278 0.8422
vn -0.5097 -0.6676 0.5427
vn -0.6186 0.4964 0.6090
vn 0.6503 -0.7541 -0.0923
vn 0.4983 0.8669 -0.0158
vn 0.5505 -0.7803 0.2968
vn 0.4015 0.8415 0.3615
vn 0.2244 -0.8180 0.5296
vn 0.0853 0.8049 0.5873
vn -0.1756 -0.8496 0.4973
vn -0.3026 0.7742 0.5559
vn -0.4622 -0.8604 0.2149
vn -0.5805 0.7638 0.2821
vn -0.5013 -0.8452 -0.1854
vn -0.6185 0.7786 -0.1061
vn -0.2747 -0.8111 -0.5163
vn -0.3987 0.8116 -0.4270
vn 0.1116 -0.7742 -0.6230
vn -0.0241 0.8473 -0.5305
vn 0.4769 -0.7517 -0.4555
vn 0.3302 0.8692 -0.3681
vn -0.6146 -0.7607 -0.2087
vn -0.7490 0.6458 -0.1485
vn -0.9907 -0.0994 0.0932
vn -0.8212 -0.0549 -0.5680
vn -0.3458 -0.7204 -0.6012
vn -0.4731 0.6872 -0.5513
vn -0.2670 0.0092 -0.9637
vn 0.1124 -0.6766 -0.7277
vn -0.0028 0.7321 -0.6812
vn 0.4127 0.0630 -0.9087
vn 0.5456 -0.6499 -0.5291
vn 0.4419 0.7595 -0.4773
vn 0.8997 0.0812 -0.4288
vn 0.7512 -0.6528 -0.0983
vn 0.6529 0.7566 -0.0351
vn 0.9663 0.0553 0.2514
vn 0.6329 -0.6838 0.3631
vn 0.5315 0.7247 0.4385
vn 0.5812 -0.0025 0.8137
vn 0.2461 -0.7286 0.6392
vn 0.1345 0.6788 0.7219
vn -0.0753 -0.0652 0.9950
vn -0.2282 -0.7661 0.6009
vn -0.3524 0.6403 0.6825
vn -0.6961 -0.1035 0.7104
vn -0.5681 -0.7788 0.2660
vn -0.7013 0.6273 0.3388
vn 0.7489 -0.6458 0.1485
vn 0.6145 0.7608 0.2087
vn 0.9907 0.0994 -0.0932
vn 0.8212 0.0549 0.5680
vn 0.4731 -0.6872 0.5513
vn 0.3458 0.7204 0.6012
vn 0.2670 -0.0092 0.9637
vn 0.0028 -0.7321 0.6812
vn -0.1124 0.6766 0.7277
vn -0.4127 -0.0630 0.9087
vn -0.4419 -0.7595 0.4773
vn -0.5456 0.6499 0.5291
vn -0.8997 -0.0812 0.4288
vn -0.6529 -0.7566 0.0351
vn -0.7512 0.6528 0.0983
vn -0.9663 -0.0553 -0.2514
vn -0.5315 -0.7247 -0.4385
vn -0.6329 0.6838 -0.3631
vn -0.5812 0.0025 -0.8137
vn -0.1345 -0.6788 -0.7219
vn -0.2461 0.7286 -0.6392
vn 0.0753 0.0652 -0.9950
vn 0.3524 -0.6403 -0.6825
vn 0.2282 0.7661 -0.6009
vn 0.6961 0.1035 -0.7105
vn 0.7013 -0.6273 -0.3388
vn 0.5681 0.7788 -0.2660
vn -0.9642 -0.0805 -0.2526
vn -0.8977 -0.1063 0.4277
vn -0.5791 -0.0227 -0.8149
vn 0.0774 0.0400 -0.9962
vn 0.1043 -0.9945 -0.0000
vn 0.6982 0.0783 -0.7116
vn 0.9928 0.0743 -0.0943
vn 0.8233 0.0298 0.5668
vn 0.2691 -0.0344 0.9625
vn -0.4106 -0.0881 0.9075
vn 0.9642 0.0805 0.2526
vn 0.8977 0.1063 -0.4277
vn 0.5791 0.0227 0.8149
vn -0.0774 -0.0400 0.9962
vn -0.6982 -0.0783 0.7116
vn -0.9928 -0.0743 0.0943
vn -0.8233 -0.0298 -0.5668
vn -0.2691 0.0344 -0.9625
vn 0.4106 0.0881 -0.9075
vn -0.6671 -0.6252 0.4052
vn -0.7320 0.5440 0.4102
vn -0.7681 -0.6216 -0.1539
vn -0.8280 0.5474 -0.1215
vn -0.4874 -0.5868 -0.6466
vn -0.5611 0.5805 -0.5901
vn 0.0436 -0.5370 -0.8424
vn -0.0562 0.6279 -0.7763
vn 0.5764 -0.4955 -0.6498
vn 0.4506 0.6673 -0.5931
vn 0.8618 -0.4818 -0.1587
vn 0.7219 0.6804 -0.1261
vn 0.7662 -0.5022 0.4009
vn 0.6310 0.6610 0.4061
vn 0.3343 -0.5472 0.7673
vn 0.2203 0.6181 0.7546
vn -0.2317 -0.5958 0.7690
vn -0.3180 0.5719 0.7562
vn 0.5518 -0.7786 -0.2989
vn 0.4478 0.8478 -0.2840
vn 0.6197 -0.7810 0.0774
vn 0.5207 0.8453 0.1198
vn 0.4309 -0.8044 0.4090
vn 0.3180 0.8201 0.4757
vn 0.0735 -0.8379 0.5408
vn -0.0655 0.7841 0.6171
vn -0.2851 -0.8658 0.4111
vn -0.4503 0.7542 0.4780
vn -0.4772 -0.8751 0.0806
vn -0.6564 0.7443 0.1233
vn -0.4129 -0.8613 -0.2960
vn -0.5873 0.7590 -0.2809
vn -0.1222 -0.8310 -0.5426
vn -0.2755 0.7915 -0.5455
vn 0.2588 -0.7984 -0.5438
vn 0.1334 0.8266 -0.5467
vn -0.6551 -0.7469 0.1136
vn -0.7343 0.6649 0.1369
vn -0.8626 -0.0549 0.5028
vn -0.9841 -0.0507 -0.1700
vn -0.5713 -0.7290 -0.3770
vn -0.6554 0.6817 -0.3251
vn -0.6464 -0.0087 -0.7630
vn -0.1928 -0.6896 -0.6981
vn -0.2989 0.7189 -0.6276
vn -0.0074 0.0512 -0.9987
vn 0.3033 -0.6470 -0.6996
vn 0.1684 0.7590 -0.6290
vn 0.6339 0.1011 -0.7668
vn 0.6849 -0.6212 -0.3807
vn 0.5278 0.7832 -0.3286
vn 0.9774 0.1177 -0.1758
vn 0.7734 -0.6244 0.1093
vn 0.6111 0.7803 0.1329
vn 0.8623 0.0931 0.4977
vn 0.5275 -0.6549 0.5412
vn 0.3794 0.7516 0.5396
vn 0.3426 0.0389 0.9387
vn 0.0620 -0.6985 0.7129
vn -0.0589 0.7105 0.7013
vn -0.3386 -0.0196 0.9407
vn -0.4050 -0.7349 0.5440
vn -0.4987 0.6762 0.5422
vn 0.7343 -0.6649 -0.1369
vn 0.6551 0.7469 -0.1136
vn 0.8626 0.0549 -0.5028
vn 0.9841 0.0506 0.1700
vn 0.6554 -0.6817 0.3251
vn 0.5713 0.7290 0.3769
vn 0.6464 0.0087 0.7630
vn 0.2989 -0.7189 0.6276
vn 0.1928 0.6896 0.6981
vn 0.0074 -0.0512 0.9987
vn -0.1684 -0.7590 0.6290
vn -0.3033 0.6470 0.6996
vn -0.6339 -0.1011 0.7668
vn -0.5278 -0.7832 0.3286
vn -0.6849 0.6213 0.3807
vn -0.9774 -0.1177 0.1758
vn -0.6111 -0.7803 -0.1329
vn -0.7735 0.6243 -0.1093
vn -0.8623 -0.0931 -0.4978
vn -0.3794 -0.7516 -0.5396
vn -0.5275 0.6549 -0.5412
vn -0.3426 -0.0389 -0.9387
vn 0.0589 -0.7104 -0.7013
vn -0.0620 0.6985 -0.7129
vn 0.3387 0.0196 -0.9407
vn 0.4987 -0.6762 -0.5422
vn 0.4050 0.7349 -0.5440
vn -0.9824 -0.0599 0.1771
vn -0.6389 -0.0433 0.7681
vn -0.8673 -0.0353 -0.4965
vn 0.9995 -0.0312 -0.0000
vn -0.3475 0.0189 -0.9375
vn 0.3337 0.0773 -0.9395
vn 0.8577 0.1127 -0.5016
vn 0.9792 0.1084 0.1712
vn 0.6415 0.0665 0.7643
vn 0.0024 0.0066 1.0000
vn 0.9824 0.0599 -0.1771
vn 0.6389 0.0433 -0.7681
vn 0.8673 0.0353 0.4965
vn 0.3475 -0.0189 0.9375
vn -0.3337 -0.0773 0.9395
vn -0.8577 -0.1127 0.5016
vn -0.9792 -0.1084 -0.1712
vn -0.6415 -0.0665 -0.7643
vn -0.0024 -0.0066 -1.0000
vn 0.2740 -0.5347 0.7994
vn 0.1711 0.6314 0.7563
vn -0.3098 -0.5707 0.7605
vn -0.3454 0.5996 0.7219
vn -0.7332 -0.5799 0.3550
vn -0.7199 0.5914 0.3633
vn -0.7980 -0.5582 -0.2272
vn -0.7772 0.6107 -0.1518
vn -0.4739 -0.5156 -0.7139
vn -0.4905 0.6484 -0.5823
vn 0.0875 -0.4721 -0.8772
vn 0.0061 0.6868 -0.7268
vn 0.6234 -0.4480 -0.6408
vn 0.4802 0.7081 -0.5177
vn 0.8832 -0.4547 -0.1152
vn 0.7100 0.7022 -0.0527
vn 0.7452 -0.4889 0.4535
vn 0.5879 0.6719 0.4504
vn -0.0941 -0.8329 -0.5454
vn -0.2267 0.7909 -0.5684
vn 0.2664 -0.8107 -0.5213
vn 0.2015 0.8173 -0.5399
vn 0.5278 -0.8050 -0.2710
vn 0.5119 0.8241 -0.2426
vn 0.5678 -0.8184 0.0885
vn 0.5594 0.8081 0.1844
vn 0.3677 -0.8447 0.3889
vn 0.3217 0.7769 0.5412
vn 0.0211 -0.8716 0.4898
vn -0.0899 0.7450 0.6610
vn -0.3099 -0.8864 0.3438
vn -0.4829 0.7273 0.4877
vn -0.4702 -0.8823 0.0193
vn -0.6734 0.7322 0.1023
vn -0.3850 -0.8612 -0.3318
vn -0.5722 0.7573 -0.3148
vn -0.0059 -0.6884 0.7253
vn -0.0901 0.7227 0.6853
vn 0.2756 0.0479 0.9601
vn -0.4038 0.0061 0.9148
vn -0.4791 -0.7097 0.5165
vn -0.4990 0.7043 0.5049
vn -0.8965 -0.0047 0.4430
vn -0.7084 -0.7038 0.0525
vn -0.6971 0.7094 0.1041
vn -0.9719 0.0206 -0.2346
vn -0.5866 -0.6736 -0.4496
vn -0.5918 0.7355 -0.3298
vn -0.5947 0.0702 -0.8009
vn -0.1706 -0.6331 -0.7550
vn -0.2324 0.7705 -0.5936
vn 0.0586 0.1208 -0.9909
vn 0.3449 -0.6014 -0.7207
vn 0.2129 0.7979 -0.5639
vn 0.6822 0.1488 -0.7158
vn 0.7187 -0.5932 -0.3627
vn 0.5359 0.8050 -0.2547
vn 0.9845 0.1411 -0.1043
vn 0.7759 -0.6124 0.1514
vn 0.5853 0.7884 0.1895
vn 0.8239 0.1012 0.5576
vn 0.4897 -0.6500 0.5810
vn 0.3381 0.7559 0.5607
vn 0.0901 -0.7227 -0.6853
vn 0.0059 0.6885 -0.7253
vn -0.2756 -0.0479 -0.9601
vn 0.4038 -0.0061 -0.9148
vn 0.4989 -0.7043 -0.5049
vn 0.4791 0.7097 -0.5165
vn 0.8965 0.0047 -0.4430
vn 0.6971 -0.7094 -0.1041
vn 0.7084 0.7038 -0.0525
vn 0.9719 -0.0206 0.2346
vn 0.5918 -0.7355 0.3298
vn 0.5866 0.6736 0.4496
vn 0.5947 -0.0702 0.8009
vn 0.2324 -0.7705 0.5936
vn 0.1706 0.6331 0.7550
vn -0.0586 -0.1208 0.9909
vn -0.2129 -0.7979 0.5639
vn -0.3449 0.6014 0.7207
vn -0.6822 -0.1488 0.7158
vn -0.5359 -0.8050 0.2547
vn -0.7187 0.5932 0.3627
vn -0.9845 -0.1411 0.1043
vn -0.5853 -0.7884 -0.1895
vn -0.7759 0.6124 -0.1514
vn -0.8239 -0.1012 -0.5576
vn -0.3380 -0.7559 -0.5607
vn -0.4897 0.6500 -0.5811
vn -0.0676 0.0197 0.9975
vn 0.5858 0.0704 0.8074
vn -0.6915 -0.0083 0.7223
vn -0.9939 -0.0006 0.1106
vn -0.8332 0.0393 -0.5515
vn -0.2848 0.0926 -0.9541
vn -0.9923 -0.0000 0.1240
vn 0.3949 0.1345 -0.9088
vn 0.8877 0.1453 -0.4369
vn 0.9631 0.1199 0.2409
vn -0.0000 -0.2873 -0.9578
vn 0.0676 -0.0197 -0.9975
vn -0.5858 -0.0704 -0.8074
vn 0.6915 0.0083 -0.7223
vn 0.9939 0.0006 -0.1106
vn 0.8332 -0.0393 0.5515
vn 0.2848 -0.0926 0.9541
vn -0.3949 -0.1345 0.9088
vn -0.8877 -0.1453 0.4369
vn -0.9631 -0.1199 -0.2409
vn -0.7610 -0.5319 0.3714
vn -0.7155 0.6363 0.2883
vn -0.8058 -0.5472 -0.2264
vn -0.7529 0.6236 -0.2105
vn -0.4568 -0.5309 -0.7138
vn -0.4617 0.6371 -0.6171
vn 0.1227 -0.4906 -0.8627
vn 0.0218 0.6707 -0.7414
vn 0.6615 -0.4453 -0.6034
vn 0.4714 0.7086 -0.5251
vn 0.9076 -0.4160 -0.0573
vn 0.6766 0.7330 -0.0694
vn 0.7457 -0.4165 0.5201
vn 0.5416 0.7326 0.4123
vn 0.2516 -0.4466 0.8586
vn 0.1294 0.7075 0.6948
vn -0.3434 -0.4922 0.7999
vn -0.3671 0.6694 0.6458
vn 0.5233 -0.8304 -0.1912
vn 0.5351 0.7957 -0.2837
vn 0.5491 -0.8216 0.1532
vn 0.5684 0.8070 0.1601
vn 0.3480 -0.8310 0.4340
vn 0.3092 0.7949 0.5220
vn 0.0141 -0.8542 0.5198
vn -0.1210 0.7651 0.6325
vn -0.2963 -0.8803 0.3704
vn -0.5210 0.7314 0.4400
vn -0.4381 -0.8972 0.0558
vn -0.7037 0.7096 0.0346
vn -0.3448 -0.8969 -0.2769
vn -0.5835 0.7100 -0.3941
vn -0.0602 -0.8796 -0.4720
vn -0.2167 0.7324 -0.6455
vn 0.2827 -0.8533 -0.4381
vn 0.2251 0.7662 -0.6019
vn -0.7276 -0.6822 0.0719
vn -0.6819 0.7307 0.0324
vn -0.9117 0.0471 0.4082
vn -0.9625 0.0298 -0.2698
vn -0.5838 -0.6817 -0.4409
vn -0.5661 0.7311 -0.3809
vn -0.5666 0.0483 -0.8226
vn -0.1450 -0.6550 -0.7416
vn -0.2124 0.7526 -0.6232
vn 0.0907 0.0939 -0.9914
vn 0.3835 -0.6145 -0.6894
vn 0.2135 0.7853 -0.5812
vn 0.7018 0.1454 -0.6974
vn 0.7544 -0.5793 -0.3088
vn 0.5124 0.8137 -0.2745
vn 0.9808 0.1786 -0.0780
vn 0.7941 -0.5657 0.2221
vn 0.5445 0.8246 0.1534
vn 0.7972 0.1780 0.5768
vn 0.4842 -0.5802 0.6550
vn 0.2946 0.8130 0.5022
vn 0.2369 0.1439 0.9608
vn -0.0305 -0.6159 0.7872
vn -0.1201 0.7841 0.6088
vn -0.4380 0.0922 0.8942
vn -0.5091 -0.6562 0.5570
vn -0.5058 0.7517 0.4233
vn 0.6819 -0.7307 -0.0324
vn 0.7276 0.6822 -0.0719
vn 0.9117 -0.0471 -0.4082
vn 0.9625 -0.0298 0.2698
vn 0.5660 -0.7311 0.3809
vn 0.5838 0.6817 0.4409
vn 0.5666 -0.0483 0.8226
vn 0.2124 -0.7526 0.6232
vn 0.1450 0.6550 0.7416
vn -0.0907 -0.0939 0.9914
vn -0.2135 -0.7853 0.5812
vn -0.3835 0.6145 0.6894
vn -0.7018 -0.1454 0.6974
vn -0.5124 -0.8137 0.2745
vn -0.7544 0.5792 0.3088
vn -0.9808 -0.1786 0.0780
vn -0.5445 -0.8246 -0.1534
vn -0.7941 0.5657 -0.2221
vn -0.7972 -0.1780 -0.5768
vn -0.2946 -0.8130 -0.5023
vn -0.4842 0.5801 -0.6550
vn -0.2369 -0.1439 -0.9608
vn 0.1201 -0.7842 -0.6088
vn 0.0305 0.6159 -0.7872
vn 0.4380 -0.0922 -0.8942
vn 0.5058 -0.7517 -0.4233
vn 0.5091 0.6562 -0.5570
vn -0.9969 0.0277 0.0740
vn -0.7176 0.0609 0.6937
vn -0.8131 0.0283 -0.5814
vn -0.2524 0.0625 -0.9656
vn 0.4229 0.1142 -0.8989
vn 0.8969 0.1593 -0.4126
vn 0.9477 0.1766 0.2659
vn 0.5516 0.1581 0.8190
vn -0.1061 0.1124 0.9880
vn 0.9969 -0.0277 -0.0740
vn 0.7176 -0.0609 -0.6937
vn 0.8131 -0.0283 0.5814
vn 0.2524 -0.0625 0.9656
vn -0.4229 -0.1142 0.8989
vn -0.8969 -0.1593 0.4126
vn -0.9477 -0.1766 -0.2659
vn -0.5516 -0.1581 -0.8190
vn 0.1061 -0.1124 -0.9880
vn -0.6177 -0.4723 -0.6288
vn -0.5564 0.6874 -0.4669
vn -0.0757 -0.4328 -0.8983
vn -0.1187 0.7193 -0.6845
vn 0.5134 -0.4065 -0.7558
vn 0.3570 0.7405 -0.5694
vn 0.8738 -0.4058 -0.2679
vn 0.6481 0.7411 -0.1754
vn 0.8371 -0.4309 0.3371
vn 0.6184 0.7208 0.3131
vn 0.4202 -0.4701 0.7761
vn 0.2818 0.6891 0.6676
vn -0.1816 -0.5051 0.8437
vn -0.2042 0.6608 0.7222
vn -0.6869 -0.5195 0.5083
vn -0.6122 0.6492 0.4513
vn -0.8591 -0.5065 -0.0733
vn -0.7513 0.6597 -0.0183
vn 0.4031 -0.8626 0.3056
vn 0.4402 0.7553 0.4855
vn 0.1026 -0.8845 0.4550
vn 0.0349 0.7258 0.6870
vn -0.2241 -0.8991 0.3760
vn -0.4055 0.7061 0.5805
vn -0.4239 -0.8995 0.1055
vn -0.6750 0.7056 0.2156
vn -0.4035 -0.8856 -0.2299
vn -0.6475 0.7244 -0.2367
vn -0.1724 -0.8639 -0.4733
vn -0.3359 0.7537 -0.5649
vn 0.1613 -0.8444 -0.5108
vn 0.1141 0.7799 -0.6155
vn 0.4414 -0.8365 -0.3248
vn 0.4919 0.7906 -0.3646
vn 0.5369 -0.8437 -0.0024
vn 0.6207 0.7809 0.0702
vn -0.3194 -0.6033 -0.7308
vn -0.3156 0.7949 -0.5182
vn -0.7256 0.1126 -0.6789
vn -0.1192 0.1567 -0.9804
vn 0.2169 -0.5721 -0.7910
vn 0.1001 0.8191 -0.5649
vn 0.5398 0.1861 -0.8210
vn 0.6672 -0.5592 -0.4920
vn 0.4492 0.8290 -0.3332
vn 0.9430 0.1870 -0.2751
vn 0.8207 -0.5708 0.0262
vn 0.5682 0.8201 0.0686
vn 0.9019 0.1589 0.4017
vn 0.6056 -0.6013 0.5212
vn 0.4014 0.7964 0.4524
vn 0.4356 0.1150 0.8928
vn 0.1225 -0.6365 0.7615
vn 0.0270 0.7691 0.6386
vn -0.2377 0.0758 0.9684
vn -0.4024 -0.6599 0.6344
vn -0.3800 0.7509 0.5401
vn -0.8029 0.0597 0.5931
vn -0.7237 -0.6606 0.1996
vn -0.6290 0.7504 0.2030
vn -0.9956 0.0742 -0.0574
vn -0.6909 -0.6382 -0.3396
vn -0.6036 0.7678 -0.2149
vn 0.3156 -0.7949 0.5182
vn 0.3194 0.6033 0.7308
vn 0.7256 -0.1126 0.6789
vn 0.1192 -0.1567 0.9804
vn -0.1002 -0.8191 0.5649
vn -0.2169 0.5721 0.7910
vn -0.5398 -0.1861 0.8210
vn -0.4492 -0.8290 0.3331
vn -0.6672 0.5593 0.4920
vn -0.9430 -0.1870 0.2751
vn -0.5682 -0.8200 -0.0686
vn -0.8207 0.5708 -0.0262
vn -0.9019 -0.1589 -0.4017
vn -0.4014 -0.7964 -0.4524
vn -0.6056 0.6013 -0.5212
vn -0.4356 -0.1150 -0.8928
vn -0.0270 -0.7691 -0.6386
vn -0.1225 0.6365 -0.7615
vn 0.2377 -0.0758 -0.9684
vn 0.3800 -0.7509 -0.5401
vn 0.4024 0.6599 -0.6344
vn 0.8029 -0.0597 -0.5931
vn 0.6290 -0.7504 -0.2030
vn 0.7237 0.6606 -0.1996
vn 0.9956 -0.0742 0.0574
vn 0.6036 -0.7678 0.2149
vn 0.6909 0.6382 0.3396
vn -0.4491 0.1278 -0.8843
vn -0.9158 0.0839 -0.3928
vn 0.2248 0.1670 -0.9600
vn 0.7906 0.1831 -0.5844
vn -0.0000 0.5948 0.8039
vn 0.9834 0.1686 0.0668
vn -1.0000 -0.0020 -0.0000
vn 0.7132 0.1303 0.6888
vn 0.1062 0.0860 0.9906
vn -0.5534 0.0566 0.8310
vn -0.9570 0.0558 0.2847
vn 0.9649 0.2626 -0.0000
vn 0.4491 -0.1278 0.8843
vn 0.9158 -0.0839 0.3928
vn -0.2248 -0.1670 0.9600
vn -0.7906 -0.1831 0.5844
vn -0.9834 -0.1686 -0.0668
vn -0.7132 -0.1303 -0.6888
vn -0.1062 -0.0860 -0.9906
vn 0.5534 -0.0566 -0.8310
vn 0.9570 -0.0558 -0.2847
vn 0.2449 -0.4756 0.8449
vn 0.1297 0.6839 0.7179
vn -0.3517 -0.5150 0.7817
vn -0.3644 0.6513 0.6656
vn -0.7687 -0.5360 0.3490
vn -0.7097 0.6339 0.3072
vn -0.8109 -0.5287 -0.2508
vn -0.7447 0.6400 -0.1894
vn -0.4586 -0.4966 -0.7370
vn -0.4529 0.6666 -0.5921
vn 0.1234 -0.4546 -0.8821
vn 0.0291 0.7013 -0.7123
vn 0.6628 -0.4225 -0.6182
vn 0.4758 0.7279 -0.4937
vn 0.9071 -0.4152 -0.0689
vn 0.6781 0.7339 -0.0388
vn 0.7421 -0.4362 0.5090
vn 0.5414 0.7166 0.4397
vn -0.0629 -0.8628 -0.5017
vn -0.2094 0.7549 -0.6215
vn 0.2778 -0.8402 -0.4656
vn 0.2343 0.7842 -0.5745
vn 0.5160 -0.8283 -0.2185
vn 0.5444 0.7998 -0.2527
vn 0.5401 -0.8324 0.1240
vn 0.5758 0.7944 0.1933
vn 0.3389 -0.8508 0.4017
vn 0.3138 0.7705 0.5548
vn 0.0065 -0.8747 0.4846
vn -0.1190 0.7393 0.6628
vn -0.3016 -0.8931 0.3339
vn -0.5201 0.7154 0.4665
vn -0.4411 -0.8972 0.0201
vn -0.7018 0.7100 0.0580
vn -0.3469 -0.8853 -0.3099
vn -0.5791 0.7256 -0.3717
vn -0.0388 -0.6412 0.7664
vn -0.1176 0.7645 0.6337
vn 0.2329 0.1107 0.9662
vn -0.4417 0.0661 0.8947
vn -0.5182 -0.6698 0.5318
vn -0.5006 0.7417 0.4464
vn -0.9131 0.0424 0.4055
vn -0.7354 -0.6763 0.0435
vn -0.6740 0.7366 0.0564
vn -0.9608 0.0507 -0.2726
vn -0.5887 -0.6576 -0.4701
vn -0.5569 0.7514 -0.3539
vn -0.5625 0.0870 -0.8222
vn -0.1468 -0.6226 -0.7687
vn -0.2039 0.7794 -0.5924
vn 0.0956 0.1344 -0.9863
vn 0.3836 -0.5876 -0.7125
vn 0.2198 0.8074 -0.5475
vn 0.7054 0.1707 -0.6880
vn 0.7542 -0.5689 -0.3279
vn 0.5158 0.8223 -0.2403
vn 0.9816 0.1790 -0.0669
vn 0.7917 -0.5754 0.2052
vn 0.5458 0.8171 0.1855
vn 0.7950 0.1553 0.5864
vn 0.4785 -0.6039 0.6374
vn 0.2956 0.7943 0.5307
vn 0.1176 -0.7646 -0.6337
vn 0.0388 0.6412 -0.7664
vn -0.2329 -0.1107 -0.9662
vn 0.4417 -0.0661 -0.8947
vn 0.5005 -0.7417 -0.4464
vn 0.5182 0.6698 -0.5318
vn 0.9131 -0.0424 -0.4055
vn 0.6740 -0.7366 -0.0564
vn 0.7354 0.6763 -0.0435
vn 0.9608 -0.0507 0.2726
vn 0.5569 -0.7515 0.3539
vn 0.5887 0.6576 0.4701
vn 0.5624 -0.0870 0.8222
vn 0.2039 -0.7794 0.5924
vn 0.1468 0.6226 0.7687
vn -0.0956 -0.1344 0.9863
vn -0.2197 -0.8074 0.5475
vn -0.3836 0.5876 0.7125
vn -0.7054 -0.1707 0.6880
vn -0.5158 -0.8223 0.2403
vn -0.7542 0.5689 0.3279
vn -0.9816 -0.1790 0.0669
vn -0.5457 -0.8172 -0.1855
vn -0.7917 0.5754 -0.2052
vn -0.7950 -0.1553 -0.5864
vn -0.2956 -0.7943 -0.5307
vn -0.4785 0.6039 -0.6374
vn -0.1102 0.0804 0.9907
vn 0.5483 0.1278 0.8265
vn -0.7204 0.0440 0.6921
vn -0.9969 0.0358 0.0706
vn 1.0000 -0.0059 -0.0000
vn -0.8102 0.0595 -0.5832
vn -0.2477 0.1041 -0.9632
vn 0.4274 0.1487 -0.8917
vn 0.8992 0.1724 -0.4022
vn 0.7992 -0.6010 -0.0000
vn -0.9995 0.0312 -0.0000
vn 0.9469 0.1642 0.2764
vn 0.1102 -0.0804 -0.9907
vn -0.5483 -0.1278 -0.8265
vn 0.7204 -0.0440 -0.6921
vn 0.9969 -0.0358 -0.0706
vn 0.8102 -0.0595 0.5832
vn 0.2477 -0.1041 0.9632
vn -0.4274 -0.1487 0.8917
vn -0.8992 -0.1724 0.4022
vn -0.9469 -0.1642 -0.2764
vn 0.0869 0.5719 0.8157
vn 0.7852 -0.2272 0.5760
vn 0.2356 0.9690 -0.0750
vn 0.9339 0.1699 -0.3147
vn -0.4239 0.5791 -0.6964
vn 0.2745 -0.2200 -0.9361
vn -0.9801 -0.0589 -0.1898
vn -0.2817 -0.8580 -0.4295
vn -0.6644 -0.0633 0.7447
vn 0.0339 -0.8624 0.5051
vn 0.0778 0.9057 0.4167
vn 0.9855 -0.1330 0.1052
vn 0.5197 0.2054 0.8293
vn 0.6969 0.6786 -0.2322
vn -0.1882 0.9094 -0.3708
vn 0.7195 -0.1293 -0.6823
vn -0.0890 0.2140 -0.9728
vn -0.8213 0.3741 -0.4306
vn 0.0864 -0.6646 -0.7422
vn -0.7519 -0.5464 -0.3690
vn -0.9466 0.0395 0.3199
vn -0.3757 -0.5516 0.7447
vn -0.3909 0.3681 0.8436
vn 0.5168 -0.6707 0.5321
vn -0.6419 0.7345 0.2203
vn -0.0000 -0.3575 0.9339
vn 0.6419 -0.7345 -0.2203
vn 0.8568 0.1763 0.4845
vn 0.1749 -0.6252 0.7606
vn 0.8824 -0.1643 -0.4409
vn 0.2005 -0.9657 -0.1648
vn 0.1597 0.2760 -0.9478
vn -0.5222 -0.5255 -0.6717
vn -0.3125 0.8887 -0.3356
vn -0.9944 0.0872 -0.0595
vn 0.1184 0.8270 0.5496
vn -0.5636 0.0256 0.8257
vn 0.1074 -0.9321 0.3460
vn 0.6148 -0.2675 0.7420
vn 0.6452 -0.6734 -0.3609
vn 0.6308 0.1617 -0.7589
vn -0.2556 -0.8801 -0.4000
vn -0.2160 -0.1486 -0.9650
vn 0.0085 0.7101 -0.7041
vn -0.8780 -0.3317 -0.3452
vn -0.7787 0.5815 -0.2355
vn -0.0130 0.9970 0.0757
vn -0.8995 -0.0448 0.4346
vn -0.2653 0.5080 0.8195
vn 0.5960 0.6260 0.5029
vn -0.2905 -0.4158 0.8618
vn 0.6268 0.7367 -0.2538
vn -0.6268 -0.7367 0.2538
vn 0.2010 0.5058 0.8389
vn 0.2093 -0.5807 0.7868
vn 0.8395 0.5381 0.0747
vn 0.8350 -0.5490 0.0379
vn 0.3095 0.5596 -0.7688
vn 0.3156 -0.5279 -0.7885
vn -0.6567 0.5405 -0.5259
vn -0.6311 -0.5466 -0.5504
vn -0.7238 0.5072 0.4678
vn -0.6967 -0.5792 0.4231
vn 0.5396 0.6916 0.4801
vn 0.5461 -0.7215 0.4257
vn 0.2445 -0.0513 0.9683
vn 0.9977 -0.0131 0.0669
vn 0.5960 0.7196 -0.3563
vn 0.6015 -0.6940 -0.3957
vn 0.3724 0.0122 -0.9280
vn -0.1824 0.7209 -0.6686
vn -0.1630 -0.6928 -0.7025
vn -0.7671 -0.0103 -0.6414
vn -0.7199 0.6936 -0.0254
vn -0.6908 -0.7195 -0.0707
vn -0.8462 -0.0495 0.5305
vn -0.2737 0.6755 0.6846
vn -0.2526 -0.7373 0.6265
vn -0.0115 0.9994 0.0327
vn 0.7677 -0.0302 0.6401
vn -0.3720 -0.0527 0.9267
vn 0.0116 -0.9994 -0.0327
vn 0.8467 0.0090 -0.5319
vn -0.2441 0.0108 -0.9697
vn -0.9973 -0.0274 -0.0682
vn 0.0417 0.4791 -0.8768
vn 0.0978 -0.6038 -0.7911
vn -0.8084 0.4673 -0.3579
vn -0.7359 -0.6154 -0.2823
vn -0.5801 0.5413 0.6087
vn -0.5120 -0.5429 0.6657
vn 0.4112 0.5988 0.6873
vn 0.4601 -0.4864 0.7428
vn 0.7954 0.5604 -0.2308
vn 0.8370 -0.5241 -0.1576
vn -0.4067 0.6401 -0.6518
vn -0.3258 -0.7682 -0.5512
vn 0.0834 -0.0806 -0.9933
vn -0.9197 -0.0945 -0.3810
vn -0.7302 0.6724 0.1211
vn -0.6436 -0.7364 0.2084
vn -0.6503 -0.0073 0.7597
vn -0.0957 0.7409 0.6648
vn -0.0200 -0.6692 0.7428
vn 0.5194 0.0607 0.8524
vn 0.6199 0.7508 0.2280
vn 0.6833 -0.6594 0.3136
vn 0.9728 0.0153 -0.2310
vn 0.4276 0.6886 -0.5857
vn 0.4944 -0.7206 -0.4862
vn -0.0528 0.9966 -0.0638
vn -0.5174 -0.0992 -0.8500
vn 0.6523 -0.0312 -0.7573
vn 0.0528 -0.9966 0.0638
vn -0.9709 -0.0538 0.2335
vn -0.0814 0.0421 0.9958
vn 0.9219 0.0561 0.3835
vn -0.4935 0.4070 0.7687
vn -0.3612 -0.6664 0.6523
vn 0.4918 0.5282 0.6923
vn 0.6058 -0.5475 0.5772
vn 0.7134 0.6462 -0.2711
vn 0.8234 -0.4317 -0.3684
vn -0.1348 0.5980 -0.7901
vn -0.0092 -0.4790 -0.8778
vn -0.8807 0.4501 -0.1475
vn -0.7413 -0.6241 -0.2470
vn -0.0178 0.6328 0.7741
vn 0.1428 -0.7647 0.6284
vn -0.5085 -0.1605 0.8460
vn 0.6546 -0.0175 0.7558
vn 0.6101 0.7572 0.2331
vn 0.7604 -0.6423 0.0962
vn 0.9163 0.1218 -0.3816
vn 0.2841 0.7935 -0.5381
vn 0.4397 -0.6066 -0.6623
vn -0.0851 0.0649 -0.9943
vn -0.5452 0.6915 -0.4738
vn -0.3760 -0.7069 -0.5991
vn -0.9657 -0.1096 -0.2356
vn -0.7318 0.5922 0.3372
vn -0.5596 -0.8046 0.1986
vn -0.1142 0.9889 0.0949
vn 0.0893 -0.1014 0.9908
vn -0.9121 -0.1583 0.3781
vn 0.1142 -0.9889 -0.0949
vn 0.9699 0.0731 0.2321
vn 0.5127 0.1240 -0.8495
vn -0.6504 -0.0190 -0.7593
vn 0.4642 0.4783 0.7454
vn 0.5467 -0.5950 0.5892
vn 0.7524 0.6291 -0.1953
vn 0.8296 -0.4469 -0.3346
vn -0.0611 0.6367 -0.7687
vn 0.0307 -0.4395 -0.8977
vn -0.8521 0.4906 -0.1824
vn -0.7460 -0.5830 -0.3219
vn -0.5274 0.3927 0.7534
vn -0.4271 -0.6791 0.5970
vn 0.6206 0.7221 0.3058
vn 0.7288 -0.6750 0.1150
vn 0.6028 -0.0753 0.7943
vn 0.9430 0.1027 -0.3165
vn 0.3472 0.8045 -0.4820
vn 0.4598 -0.5939 -0.6602
vn -0.0176 0.1117 -0.9936
vn -0.4876 0.7324 -0.4752
vn -0.3617 -0.6649 -0.6535
vn -0.9516 -0.0608 -0.3012
vn -0.7301 0.6055 0.3167
vn -0.6004 -0.7898 0.1257
vn -0.5682 -0.1764 0.8038
vn -0.0453 0.5991 0.7994
vn 0.0736 -0.7961 0.6007
vn -0.0842 0.9876 0.1325
vn 0.9547 0.0253 0.2965
vn 0.0207 -0.1472 0.9889
vn 0.0842 -0.9876 -0.1325
vn 0.5712 0.1409 -0.8086
vn -0.5998 0.0398 -0.7992
vn -0.9400 -0.1383 0.3118
vn -0.3423 0.5934 -0.7284
vn -0.4807 -0.4855 -0.7302
vn -0.7513 0.6352 0.1792
vn -0.8815 -0.4446 0.1592
vn -0.0231 0.5257 0.8503
vn -0.1679 -0.5518 0.8169
vn 0.8359 0.4163 0.3576
vn 0.6739 -0.6590 0.3340
vn 0.6387 0.4582 -0.6182
vn 0.4806 -0.6180 -0.6222
vn -0.5489 0.7864 -0.2835
vn -0.7282 -0.6164 -0.2998
vn -0.4912 0.0578 -0.8691
vn -0.9736 0.1070 0.2014
vn -0.3828 0.7511 0.5378
vn -0.5651 -0.6510 0.5069
vn -0.1147 -0.0221 0.9932
vn 0.4429 0.6373 0.6306
vn 0.2460 -0.7628 0.5981
vn 0.8986 -0.1511 0.4119
vn 0.7872 0.6022 -0.1333
vn 0.5841 -0.7973 -0.1523
vn 0.6659 -0.1017 -0.7391
vn 0.1742 0.6943 -0.6983
vn -0.0179 -0.7068 -0.7072
vn 0.1349 0.9907 0.0152
vn -0.9041 0.1113 -0.4126
vn 0.1093 -0.0177 -0.9939
vn -0.1348 -0.9907 -0.0152
vn -0.6714 0.0619 0.7385
vn 0.4858 -0.0976 0.8686
vn 0.9683 -0.1468 -0.2021
vn 0.7391 -0.4860 0.4664
vn 0.6359 0.6295 0.4465
vn 0.0950 -0.5159 0.8514
vn 0.0500 0.6023 0.7967
vn -0.6078 -0.5343 0.5875
vn -0.5894 0.5855 0.5566
vn -0.8401 -0.5274 -0.1266
vn -0.8007 0.5918 -0.0930
vn -0.4270 -0.5004 -0.7532
vn -0.4249 0.6164 -0.6630
vn 0.3205 -0.4736 -0.8204
vn 0.2551 0.6408 -0.7241
vn 0.8395 -0.4671 -0.2776
vn 0.7272 0.6466 -0.2303
vn -0.3914 -0.8714 -0.2957
vn -0.5136 0.8023 -0.3041
vn -0.0161 -0.8540 -0.5200
vn -0.0801 0.8224 -0.5632
vn 0.3934 -0.8433 -0.3662
vn 0.3929 0.8348 -0.3856
vn 0.5288 -0.8473 0.0499
vn 0.5493 0.8302 0.0951
vn 0.2881 -0.8630 0.4150
vn 0.2712 0.8120 0.5168
vn -0.1475 -0.8786 0.4541
vn -0.2319 0.7940 0.5620
vn -0.4499 -0.8824 0.1379
vn -0.5812 0.7896 0.1967
vn 0.4060 -0.6643 0.6276
vn 0.3156 0.7464 0.5859
vn 0.8310 0.0750 0.5512
vn 0.0880 0.0405 0.9953
vn -0.2394 -0.6875 0.6856
vn -0.2584 0.7258 0.6375
vn -0.7227 0.0193 0.6908
vn -0.6875 -0.6930 0.2170
vn -0.6570 0.7209 0.2207
vn -0.9908 0.0272 -0.1329
vn -0.6009 -0.6768 -0.4254
vn -0.5799 0.7353 -0.3507
vn -0.5142 0.0584 -0.8557
vn -0.0448 -0.6510 -0.7578
vn -0.0853 0.7583 -0.6463
vn 0.3481 0.0893 -0.9332
vn 0.5620 -0.6351 -0.5299
vn 0.4544 0.7724 -0.4437
vn 0.9468 0.0967 -0.3071
vn 0.7626 -0.6410 0.0866
vn 0.6328 0.7672 0.1048
vn -0.3156 -0.7464 -0.5859
vn -0.4060 0.6643 -0.6276
vn -0.8310 -0.0750 -0.5512
vn -0.0880 -0.0405 -0.9953
vn 0.2585 -0.7258 -0.6375
vn 0.2394 0.6875 -0.6856
vn 0.7228 -0.0192 -0.6908
vn 0.6570 -0.7208 -0.2207
vn 0.6875 0.6930 -0.2170
vn 0.9908 -0.0272 0.1329
vn 0.5799 -0.7353 0.3507
vn 0.6008 0.6768 0.4254
vn 0.5142 -0.0584 0.8557
vn 0.0853 -0.7583 0.6463
vn 0.0448 0.6510 0.7578
vn -0.3481 -0.0893 0.9332
vn -0.4544 -0.7724 0.4437
vn -0.5621 0.6350 0.5299
vn -0.9468 -0.0967 0.3071
vn -0.6329 -0.7671 -0.1047
vn -0.7626 0.6410 -0.0866
vn 0.5106 0.0520 0.8582
vn 0.9873 0.0832 0.1353
vn -0.8240 -0.0000 -0.5665
vn -0.3519 0.0210 0.9358
vn -0.9508 0.0136 0.3095
vn -0.8350 0.0354 -0.5491
vn -0.9988 -0.0499 -0.0000
vn -0.0918 0.0698 -0.9933
vn 0.6686 -0.7436 -0.0000
vn 0.7192 0.0911 -0.6888
vn -0.5106 -0.0520 -0.8583
vn -0.9873 -0.0832 -0.1352
vn 0.3520 -0.0210 -0.9358
vn 0.9508 -0.0137 -0.3095
vn 0.8350 -0.0354 0.5491
vn 0.0918 -0.0698 0.9933
vn -0.7192 -0.0911 0.6888
vn 0.0094 0.4697 -0.8828
vn 0.0178 -0.6142 -0.7890
vn -0.7979 0.5123 -0.3176
vn -0.7895 -0.5715 -0.2238
vn -0.5083 0.5959 0.6217
vn -0.4999 -0.4880 0.7155
vn 0.4779 0.6048 0.6370
vn 0.4863 -0.4790 0.7308
vn 0.7979 0.5269 -0.2929
vn 0.8063 -0.5570 -0.1990
vn -0.4117 0.6514 -0.6373
vn -0.4008 -0.7575 -0.5153
vn 0.0162 -0.0861 -0.9962
vn -0.9459 -0.0352 -0.3226
vn -0.6814 0.7171 0.1463
vn -0.6704 -0.6918 0.2682
vn -0.6008 0.0643 0.7968
vn -0.0169 0.7653 0.6434
vn -0.0060 -0.6436 0.7653
vn 0.5746 0.0750 0.8150
vn 0.6634 0.7294 0.1672
vn 0.6743 -0.6795 0.2890
vn 0.9559 -0.0179 -0.2931
vn 0.4194 0.6590 -0.6244
vn 0.4303 -0.7499 -0.5025
vn -0.0077 0.9962 -0.0862
vn 0.0077 -0.9962 0.0862
vn 0.4478 0.8941 -0.0091
vn -0.4477 -0.8941 0.0091
vn 0.7095 -0.0072 0.7047
vn 0.8123 -0.2607 0.5217
vn 0.5813 0.2899 -0.7603
vn -0.5812 -0.2899 0.7604
vn 0.4169 -0.9089 -0.0023
vn 0.4459 0.8950 0.0133
vn 0.0105 0.9358 0.3523
vn -0.8013 0.0076 0.5983
vn -0.4457 -0.8951 -0.0133
vn -0.0105 -0.9358 -0.3523
vn 0.9369 -0.0021 -0.3496
vn 0.7030 0.0050 0.7111
vn -0.7111 0.0064 0.7030
vn 0.8298 0.2349 -0.5063
vn -0.9785 0.1449 -0.1466
vn 0.4272 -0.9040 0.0183
vn -0.4355 -0.9002 0.0046
vn -0.4271 0.9040 -0.0183
vn -0.7839 -0.0043 -0.6208
vn 0.7070 -0.3075 0.6369
vn 0.7173 -0.6806 0.1492
vn 0.7116 0.0265 -0.7020
vn 0.6930 0.6989 0.1768
vn 0.6962 0.3064 0.6492
vn -0.9998 -0.0174 -0.0079
vn 0.1171 0.9931 -0.0000
vn 0.0852 -0.9964 -0.0000
vn 0.0926 -0.9957 0.0029
vn 0.0033 -0.9182 0.3960
vn 0.0054 0.9213 0.3888
vn -0.0925 0.9957 -0.0029
vn -0.0033 0.9182 -0.3961
vn 0.6670 0.3145 -0.6754
vn 0.7642 0.3061 0.5678
vn 0.2196 0.2511 0.9427
vn -0.5007 -0.6765 0.5400
vn -0.9011 0.1565 0.4043
vn -0.9529 0.1610 -0.2572
vn 0.3967 0.2787 -0.8746
vn 0.8613 0.3145 -0.3991
vn 0.5280 0.2672 0.8061
vn -0.9872 0.1392 0.0781
vn 0.2972 0.6233 0.7233
vn -0.1330 0.6944 -0.7072
vn 0.4071 -0.6936 -0.5943
vn 0.8021 0.0192 -0.5968
vn -0.4071 0.6936 0.5943
vn -0.8021 -0.0192 0.5969
vn -0.6729 0.7007 0.2372
vn 0.9484 -0.3171 -0.0000
vn 0.9984 0.0574 -0.0000
vn -0.0000 -0.9072 0.4207
vn -0.8664 0.4994 -0.0000
vn -0.9923 0.1243 -0.0000
vn 0.0261 -0.9997 -0.0000
vn -0.1978 -0.7156 -0.6699
vn 0.6208 0.0408 -0.7829
vn 0.5036 -0.5988 -0.6227
vn 0.6050 0.7916 -0.0851
vn 0.6970 -0.6463 0.3107
vn 0.5391 0.7580 0.3671
vn 0.1979 0.7156 0.6699
vn -0.9727 -0.1260 0.1951
vn -0.9996 0.0275 -0.0000
vn 0.0032 -0.7645 0.6446
vn 0.2187 -0.9758 -0.0000
vn -0.0000 0.9614 0.2752
vn 0.7850 0.6195 -0.0000
vn -0.8698 -0.4933 -0.0000
vn 0.9994 0.0341 -0.0000
vn 0.9555 0.0801 -0.2838
vn 0.5623 -0.7149 0.4155
vn -0.5623 0.7149 -0.4155
vn -0.3778 -0.9259 -0.0000
vn 0.9966 0.0570 0.0602
vn 1.0000 0.0027 -0.0000
vn -0.0000 0.8830 0.4695
vn -0.0051 -1.0000 -0.0000
vn 0.4183 0.9083 -0.0000
vn -0.9979 0.0647 -0.0000
vn -0.6186 -0.7511 -0.2308
vn -0.9971 -0.0714 0.0276
vn -0.7820 -0.0491 -0.6213
vn -0.6048 -0.7532 0.2587
vn 0.7820 0.0491 0.6214
vn -0.4605 -0.7600 0.4587
vn -0.4856 -0.7562 -0.4387
vn 0.7067 -0.6574 -0.2614
vn 0.6049 0.7532 -0.2587
vn 0.9500 -0.3122 -0.0000
vn -0.9812 0.1931 -0.0000
vn 0.3318 -0.0000 -0.9433
vn -0.5997 -0.8002 -0.0000
vn 0.4210 -0.6407 0.6421
vn -0.0785 -0.6896 0.7200
vn -0.5897 0.6841 0.4292
vn -0.5732 0.6966 -0.4316
vn 0.7688 0.1331 -0.6254
vn 0.5512 0.7956 0.2513
vn -0.4210 0.6407 -0.6420
vn 0.0785 0.6896 -0.7200
vn 0.5897 -0.6841 -0.4293
vn 0.5114 0.7277 -0.4571
vn 0.5732 -0.6965 0.4316
vn 0.4852 -0.0161 0.8742
vn 0.7444 0.6429 0.1805
vn -0.9140 -0.4057 -0.0000
vn 1.0000 -0.0041 -0.0000
vn -1.0000 -0.0071 -0.0000
vn 0.9292 -0.3695 -0.0000
vn -0.8311 0.5561 -0.0000
vn 0.3735 -0.9276 -0.0000
vn -0.2745 -0.9607 0.0408
vn -0.9998 -0.0044 -0.0178
vn 0.0514 0.8049 -0.5911
vn 0.6523 -0.5599 -0.5108
vn 0.6759 -0.6953 -0.2444
vn 0.6619 0.7186 -0.2134
vn -0.4181 -0.9083 -0.0166
vn 0.4162 -0.9093 -0.0000
vn -0.7826 0.6225 -0.0000
vn -0.2842 0.9588 -0.0000
vn -0.0111 -0.9999 -0.0000
vn -0.6969 -0.7172 -0.0000
vn -1.0000 -0.0017 -0.0000
vn 0.9755 -0.2199 -0.0000
vn 0.7272 0.1465 0.6706
vn -0.5770 -0.6716 0.4649
vn -0.6709 0.7416 -0.0064
vn 0.5410 -0.7407 -0.3984
vn 0.6709 -0.7415 0.0064
vn 0.5107 -0.7612 0.3997
vn 0.5388 0.6457 0.5412
vn -0.2792 -0.8153 0.5073
vn -0.0954 -0.9954 -0.0000
vn 0.4975 0.8675 -0.0000
vn -1.0000 -0.0014 -0.0000
vn -1.0000 0.0039 -0.0000
vn -0.9924 0.1231 -0.0000
vn -0.4242 -0.6275 -0.6529
vn 0.7436 -0.5502 0.3798
vn -0.0343 0.0705 0.9969
vn -0.9519 -0.2283 -0.2045
vn -0.7437 0.5502 -0.3798
vn 0.6628 -0.0118 -0.7487
vn -0.9323 -0.3618 -0.0000
vn -0.9999 0.0149 -0.0000
vn -0.0000 -0.9811 0.1934
vn -0.3652 0.9309 -0.0000
vn -0.0000 -1.0000 0.0052
vn 0.9084 0.4182 -0.0000
vn -0.6348 -0.2364 0.7356
vn 0.8775 0.0057 -0.4796
vn -0.4239 -0.6807 0.5975
vn 0.3011 -0.5560 -0.7747
vn 0.1107 0.8273 -0.5507
vn 0.8387 -0.5375 0.0874
vn 0.3322 0.8081 0.4865
vn 0.4238 0.6807 -0.5975
vn 0.3060 -0.7862 0.5369
vn -0.1106 -0.8273 0.5507
vn -0.3010 0.5560 0.7747
vn -0.5869 0.5808 -0.5640
vn -0.0000 -0.9995 0.0312
vn -0.9993 0.0371 -0.0000
vn -0.9966 0.0820 -0.0000
vn 0.9835 -0.1807 -0.0000
vn 0.9987 0.0516 -0.0000
vn -0.1008 -0.9949 -0.0000
vn -0.6242 0.7813 -0.0000
vn -0.7834 -0.6215 -0.0000
vn 0.9999 -0.0108 -0.0000
vn 0.6184 -0.0277 -0.7853
vn 0.7071 0.7071 -0.0000
vn -0.5651 0.7684 0.3002
vn -0.5651 0.7685 0.3003
vn -0.9961 0.0879 -0.0000
vn 0.5651 -0.7685 -0.3002
vn -0.9989 -0.0479 -0.0000
vn 0.9999 0.0156 -0.0000
vn 0.5571 0.7694 -0.3125
vn -0.5571 -0.7694 0.3125
vn 0.9156 0.1095 -0.3868
vn 0.9587 0.0363 0.2820
vn 0.5619 0.0243 0.8269
vn -0.6900 0.1753 0.7022
vn -0.5354 0.8390 -0.0971
vn -0.7709 0.3132 -0.5546
vn 0.4528 0.2097 -0.8666
vn 0.9967 0.0566 -0.0580
vn 0.7270 0.1493 -0.6702
vn 0.2496 0.0344 0.9677
vn -0.8813 0.2152 0.4207
vn -0.9244 0.2889 -0.2492
vn -0.5269 0.3007 -0.7950
vn -0.1119 -0.6672 -0.7365
vn -0.9687 0.2008 -0.1460
vn -0.6364 0.2070 -0.7430
vn -0.0000 -0.9975 -0.0702
vn -0.1240 -0.9923 -0.0000
vn 0.0895 0.9960 -0.0000
vn 0.9912 0.1325 -0.0000
vn -0.4204 -0.7102 0.5647
vn -0.5570 0.7602 0.3344
vn -0.5785 0.8009 -0.1547
vn 0.5785 -0.8008 0.1547
vn -0.5854 0.8055 0.0927
vn 0.7815 -0.0000 -0.6240
vn -0.5238 -0.8519 -0.0000
vn 0.3787 0.9255 -0.0000
vn 0.9998 0.0177 -0.0000
vn 0.0692 0.9914 -0.1109
vn 0.9998 0.0016 -0.0200
vn -0.0205 -0.6140 -0.7891
vn -0.3921 -0.0838 0.9161
vn -0.8855 0.0567 0.4611
vn 0.9099 -0.4149 -0.0000
vn -0.9943 -0.1064 -0.0000
vn -0.9999 -0.0148 -0.0000
vn 0.9898 0.1427 -0.0000
vn -0.0000 0.1909 -0.9816
vn 0.8855 -0.0567 -0.4611
vn 0.6774 -0.7029 -0.2170
vn 0.6939 0.7084 -0.1287
vn -0.4447 -0.7460 0.4956
vn -0.6774 0.7029 0.2170
vn -0.6490 -0.6929 -0.3140
vn -0.6249 0.7210 -0.2994
vn 0.1114 -0.7435 -0.6593
vn 0.8085 0.5795 0.1023
vn -0.0957 -0.9918 0.0850
vn -0.9898 0.1427 -0.0000
vn 0.9824 -0.1613 0.0941
vn -0.4395 0.8737 -0.2083
vn -0.1170 0.8686 -0.4815
vn 0.6061 -0.6413 -0.4704
vn 0.5755 0.6225 -0.5303
vn -0.6503 -0.1337 0.7478
vn -0.6061 0.6413 0.4704
vn 0.7834 -0.0000 0.6215
vn -0.3498 -0.9368 -0.0000
vn 0.9450 0.3269 -0.0000
vn 0.5562 -0.6273 -0.5451
vn 0.9520 0.0546 -0.3013
vn -0.1885 0.0874 0.9782
vn -0.5193 0.7063 -0.4810
vn 0.7582 -0.1845 -0.6254
vn 0.6143 0.7891 -0.0000
vn -0.9719 -0.2354 -0.0000
vn -0.9853 0.1711 -0.0000
vn -1.0000 -0.0016 -0.0000
vn 0.7670 -0.6417 -0.0000
vn -0.8853 0.2220 -0.4087
vn 0.4563 0.7582 -0.4658
vn 0.7053 0.7006 -0.1077
vn 0.6653 0.6700 0.3294
vn 0.8308 0.5447 0.1144
vn 0.8853 -0.2221 0.4087
vn 0.3625 -0.8463 0.3902
vn -0.7054 -0.7006 0.1077
vn -0.6146 0.7420 -0.2680
vn -0.2450 0.7293 -0.6388
vn 0.0810 -0.7276 -0.6813
vn 0.0126 -0.6174 -0.7865
vn -0.8220 -0.5537 -0.1332
vn -0.9997 0.0235 -0.0000
vn -0.5691 0.8172 0.0906
vn -0.8754 0.4834 -0.0000
vn 0.4236 -0.0397 0.9050
vn -0.4236 0.0398 -0.9050
vn 0.2970 0.8644 0.4058
vn 0.4861 0.7775 -0.3990
vn 0.7935 0.4482 0.4117
vn -0.8764 -0.4813 0.0161
vn 0.2881 0.9488 0.1293
vn 0.9934 0.1149 -0.0000
vn -0.2882 -0.9488 -0.1292
vn 0.9932 -0.1168 -0.0000
vn -0.4500 -0.6654 -0.5956
vn -0.8582 0.1538 -0.4897
vn -0.3472 0.1916 -0.9180
vn 0.3190 0.2405 -0.9167
vn 0.8285 0.2775 -0.4864
vn 0.8083 -0.5734 -0.1337
vn 0.9429 0.2855 0.1715
vn 0.6087 0.2607 0.7493
vn -0.6431 0.1687 0.7470
vn -0.6765 0.7282 -0.1102
vn -0.6411 0.1574 -0.7511
vn 0.6142 0.2495 -0.7487
vn 0.9471 0.2736 -0.1680
vn 0.8299 0.2645 0.4913
vn 0.3173 0.2267 0.9208
vn -0.3506 0.1776 0.9195
vn -0.8615 0.1403 0.4880
vn -0.9031 -0.1169 0.4131
vn -0.5659 -0.0617 -0.8222
vn 0.6721 0.6802 -0.2927
vn -0.4414 -0.7882 0.4288
vn 0.9031 0.1169 -0.4131
vn -0.6720 -0.6802 0.2927
vn -0.7150 -0.6621 -0.2248
vn 0.4414 0.7883 -0.4287
vn -0.7164 -0.6977 -0.0000
vn -0.9678 0.2518 -0.0000
vn -0.9973 -0.0732 -0.0000
vn -0.0000 0.9862 0.1653
vn -0.0118 -0.9999 -0.0000
vn 0.6065 0.7121 -0.3538
vn 0.9839 0.0038 -0.1787
vn 0.8690 -0.0203 0.4945
vn 0.4695 -0.7326 0.4929
vn -0.5037 0.6338 0.5871
vn -0.5489 -0.7570 -0.3544
vn -0.6149 0.7021 0.3591
vn -0.6971 0.7108 -0.0936
vn -0.8690 0.0203 -0.4944
vn -0.4695 0.7325 -0.4929
vn 0.5037 -0.6337 -0.5871
vn 0.7588 -0.6338 -0.1500
vn 0.6264 0.7732 -0.0990
vn 0.6736 -0.6517 0.3486
vn 0.5490 0.7570 0.3543
vn -0.9970 0.0775 -0.0000
vn -0.0000 0.9969 0.0787
vn -0.9635 0.2678 -0.0000
vn -0.9977 0.0671 -0.0000
vn 0.8648 0.0716 0.4971
vn -0.6146 -0.7608 -0.2087
vn -0.7489 0.6458 -0.1485
vn 0.1124 -0.6767 -0.7277
vn 0.7512 -0.6527 -0.0983
vn 0.5315 0.7248 0.4385
vn 0.6146 0.7607 0.2087
vn -0.1123 0.6766 0.7277
vn -0.7512 0.6527 0.0983
vn -0.5315 -0.7248 -0.4385
vn 0.6961 0.1035 -0.7104
vn -0.4836 -0.8753 -0.0000
vn 0.9928 0.1198 -0.0000
vn 0.0264 -0.9997 -0.0000
vn -0.8626 -0.0549 0.5029
vn -0.9842 -0.0506 -0.1700
vn 0.6849 -0.6213 -0.3807
vn 0.8623 0.0931 0.4978
vn -0.0589 0.7104 0.7013
vn -0.3387 -0.0196 0.9407
vn 0.8626 0.0549 -0.5029
vn 0.5713 0.7290 0.3770
vn -0.5277 -0.7833 0.3286
vn -0.6849 0.6212 0.3807
vn -0.7734 0.6244 -0.1093
vn -0.8623 -0.0931 -0.4977
vn -0.9999 0.0167 -0.0000
vn 0.8866 0.4626 -0.0000
vn -0.0059 -0.6885 0.7253
vn -0.4989 0.7043 0.5049
vn 0.4990 -0.7043 -0.5049
vn -0.3381 -0.7559 -0.5607
vn -0.4897 0.6500 -0.5810
vn -0.9126 -0.0895 -0.3990
vn -0.5084 -0.8585 0.0677
vn -0.5660 0.7311 -0.3809
vn 0.7544 -0.5792 -0.3088
vn 0.7942 -0.5657 0.2221
vn 0.7972 0.1780 0.5769
vn 0.2946 0.8130 0.5023
vn -0.1201 0.7842 0.6088
vn -0.7544 0.5793 0.3088
vn -0.7942 0.5657 -0.2221
vn -0.7972 -0.1780 -0.5769
vn -0.2947 -0.8130 -0.5023
vn 0.1002 0.8191 -0.5649
vn 0.6672 -0.5593 -0.4921
vn 0.5682 0.8200 0.0686
vn 0.6056 -0.6013 0.5213
vn -0.4025 -0.6600 0.6344
vn -0.9956 0.0742 -0.0575
vn 0.3194 0.6032 0.7308
vn 0.7256 -0.1125 0.6789
vn -0.9430 -0.1870 0.2752
vn -0.8206 0.5708 -0.0262
vn 0.4025 0.6599 -0.6344
vn 0.9956 -0.0743 0.0575
vn 0.9998 0.0215 -0.0000
vn 0.9988 0.0484 -0.0000
vn -0.9576 0.2871 -0.0246
vn -0.6765 0.7364 -0.0000
vn -0.5005 0.7417 0.4464
vn -0.5568 0.7515 -0.3539
vn -0.5624 0.0870 -0.8222
vn 0.2197 0.8074 -0.5475
vn 0.1176 -0.7645 -0.6337
vn 0.5568 -0.7515 0.3539
vn -0.2198 -0.8074 0.5475
vn -0.3836 0.5875 0.7125
vn -0.7053 -0.1707 0.6880
vn -0.5458 -0.8171 -0.1855
vn -0.0656 0.9978 -0.0000
vn -0.0000 0.9983 -0.0576
vn 1.0000 0.0037 -0.0000
vn -0.9613 0.2755 -0.0000
vn -0.0918 0.9958 -0.0000
vn 0.9985 -0.0551 -0.0000
vn -0.0000 0.7809 0.6247
vn -0.9999 0.0156 -0.0000
vn -0.0389 -0.9992 0.0084
vn -0.6418 0.7345 0.2203
vn 0.6418 -0.7345 -0.2203
vn -0.9747 -0.2234 -0.0000
vn 0.9939 0.1097 -0.0129
vn 0.6148 -0.2675 0.7419
vn -0.2160 -0.1487 -0.9650
vn -0.9995 -0.0312 -0.0000
vn 0.3725 0.0122 -0.9280
vn -0.1824 0.7209 -0.6687
vn -0.7199 0.6936 -0.0253
vn -0.8462 -0.0495 0.5306
vn 0.9996 0.0277 -0.0000
vn -0.9996 -0.0274 -0.0000
vn 0.0115 -0.9994 -0.0327
vn -1.0000 -0.0031 -0.0000
vn -0.9988 -0.0487 -0.0000
vn 0.6101 0.7573 0.2331
vn 0.9163 0.1218 -0.3815
vn 0.2841 0.7936 -0.5381
vn -0.5452 0.6916 -0.4738
vn -0.1143 0.9889 0.0949
vn 0.1143 -0.9889 -0.0949
vn 0.6205 0.7221 0.3058
vn 0.6028 -0.0753 0.7944
vn -0.7302 0.6055 0.3167
vn -0.9979 -0.0649 -0.0000
vn 0.4429 0.6373 0.6307
vn 0.9927 -0.1203 -0.0000
vn -0.1349 -0.9907 -0.0152
vn -0.7228 0.0192 0.6908
vn -0.6009 -0.6767 -0.4254
vn 0.5621 -0.6350 -0.5299
vn 0.4545 0.7724 -0.4437
vn 0.6329 0.7671 0.1047
vn -0.4059 0.6643 -0.6276
vn 0.2584 -0.7258 -0.6375
vn 0.7228 -0.0193 -0.6908
vn 0.6570 -0.7209 -0.2207
vn 0.9907 -0.0272 0.1330
vn 0.6009 0.6768 0.4254
vn -0.4545 -0.7724 0.4436
vn -0.6329 -0.7671 -0.1048
vn 0.9873 0.0832 0.1352
vn -0.3520 0.0210 0.9358
vn -0.9997 -0.0234 -0.0000
vn -0.9887 0.1498 -0.0000
vn -0.9240 0.3825 -0.0000
vn -0.9943 -0.1062 -0.0000
vn -0.5106 -0.0520 -0.8582
vn -0.9873 -0.0832 -0.1353
vn -0.0078 0.9962 -0.0862
vn -1.0000 0.0035 -0.0000
vt 0.128500 0.746500
vt 0.128500 0.750000
vt 0.125000 0.746500
vt 0.621500 0.996500
vt 0.625000 0.996500
vt 0.621500 1.000000
vt 0.128500 0.503500
vt 0.125000 0.503500
vt 0.128500 0.500000
vt 0.625000 0.250015
vt 0.621500 0.253500
vt 0.621500 0.246501
vt 0.371500 0.746500
vt 0.378499 0.746500
vt 0.378362 0.753431
vt 0.628431 0.746638
vt 0.621500 0.753500
vt 0.621500 0.746501
vt 0.371500 0.503500
vt 0.378362 0.496569
vt 0.378499 0.503500
vt 0.628431 0.503363
vt 0.621500 0.503500
vt 0.621500 0.496501
vt 0.378500 0.000000
vt 0.621500 0.003500
vt 0.378500 0.003500
vt 0.625000 0.003500
vt 0.378500 0.253500
vt 0.378500 0.246500
vt 0.378500 0.996500
vt 0.871500 0.503500
vt 0.621500 0.496501
vt 0.621500 0.000000
vt 0.621500 0.246501
vt 0.378362 0.496569
vt 0.378499 0.746500
vt 0.871500 0.746500
vt 0.750000 0.384528
vt 0.664348 0.448653
vt 0.835652 0.448653
vt 0.250000 0.374321
vt 0.343820 0.444819
vt 0.156180 0.444819
vt 0.855178 0.333877
vt 0.851910 0.440823
vt 0.958716 0.306892
vt 0.347198 0.327513
vt 0.460811 0.298116
vt 0.343820 0.444819
vt 0.881155 0.220065
vt 0.962731 0.289300
vt 0.924612 0.122291
vt 0.371204 0.222336
vt 0.419057 0.115181
vt 0.460811 0.298116
vt 0.808370 0.128794
vt 0.913362 0.108183
vt 0.759022 0.033857
vt 0.303941 0.137991
vt 0.250000 0.033767
vt 0.419057 0.115181
vt 0.691631 0.128794
vt 0.740978 0.033857
vt 0.586638 0.108183
vt 0.196059 0.137991
vt 0.080943 0.115181
vt 0.250000 0.033767
vt 0.618845 0.220065
vt 0.575387 0.122291
vt 0.537269 0.289300
vt 0.128796 0.222336
vt 0.039189 0.298116
vt 0.080943 0.115181
vt 0.644822 0.333877
vt 0.541284 0.306892
vt 0.648090 0.440823
vt 0.152802 0.327513
vt 0.156180 0.444819
vt 0.039189 0.298116
vt 0.071429 0.995482
vt 0.000000 0.504521
vt 0.065237 0.504517
vt 0.785714 0.995483
vt 0.922379 0.504517
vt 0.928571 0.995482
vt 0.649049 0.504517
vt 0.785714 0.995483
vt 0.642857 0.995482
vt 0.506192 0.504518
vt 0.642857 0.995483
vt 0.500000 0.995483
vt 0.363335 0.504518
vt 0.500000 0.995483
vt 0.357143 0.995483
vt 0.220478 0.504518
vt 0.357143 0.995483
vt 0.214286 0.995482
vt 0.071429 0.995482
vt 0.208094 0.504518
vt 0.934763 0.504518
vt 0.077621 0.504518
vt 0.791906 0.504518
vt 0.779522 0.504518
vt 0.636665 0.504517
vt 0.493808 0.504518
vt 0.350951 0.504518
vt 0.750000 0.456055
vt 0.717875 0.476889
vt 0.782125 0.476889
vt 0.250000 0.453630
vt 0.279546 0.479246
vt 0.220454 0.479246
vt 0.882450 0.407847
vt 0.871232 0.444457
vt 0.920451 0.403157
vt 0.380891 0.405990
vt 0.419990 0.406621
vt 0.374723 0.444604
vt 0.952925 0.285781
vt 0.967863 0.321036
vt 0.979020 0.257762
vt 0.450537 0.285360
vt 0.480894 0.260711
vt 0.470633 0.318905
vt 0.928449 0.146973
vt 0.962554 0.164377
vt 0.930429 0.108734
vt 0.426349 0.148185
vt 0.433760 0.109790
vt 0.463306 0.160964
vt 0.820475 0.056372
vt 0.857788 0.047782
vt 0.797413 0.025807
vt 0.319646 0.058650
vt 0.300643 0.024474
vt 0.356171 0.044684
vt 0.679525 0.056372
vt 0.702587 0.025807
vt 0.642212 0.047782
vt 0.180354 0.058650
vt 0.143829 0.044684
vt 0.199357 0.024474
vt 0.571551 0.146973
vt 0.569571 0.108734
vt 0.537446 0.164377
vt 0.073651 0.148185
vt 0.036694 0.160964
vt 0.066240 0.109790
vt 0.547075 0.285781
vt 0.520980 0.257762
vt 0.532137 0.321036
vt 0.049463 0.285360
vt 0.029367 0.318905
vt 0.019106 0.260711
vt 0.617550 0.407847
vt 0.579549 0.403157
vt 0.628768 0.444457
vt 0.119109 0.405990
vt 0.125277 0.444604
vt 0.080010 0.406621
vt 0.022373 0.743334
vt 0.000000 0.776912
vt 0.000000 0.763579
vt 0.866483 0.756666
vt 0.911262 0.743334
vt 0.911295 0.756666
vt 0.755372 0.756667
vt 0.800151 0.743334
vt 0.800184 0.756666
vt 0.644294 0.743334
vt 0.689073 0.756666
vt 0.644261 0.756666
vt 0.533150 0.756666
vt 0.577928 0.743334
vt 0.577962 0.756666
vt 0.422038 0.756666
vt 0.466817 0.743334
vt 0.466850 0.756666
vt 0.310927 0.756666
vt 0.355706 0.743334
vt 0.355739 0.756666
vt 0.199849 0.743334
vt 0.244628 0.756666
vt 0.199816 0.756666
vt 0.088738 0.743334
vt 0.133517 0.756666
vt 0.088705 0.756666
vt 0.977594 0.756666
vt 0.977627 0.743334
vt 0.866516 0.743334
vt 0.755405 0.743334
vt 0.689040 0.743334
vt 0.533183 0.743334
vt 0.422072 0.743334
vt 0.244595 0.743334
vt 0.310961 0.743334
vt 0.133484 0.743334
vt 0.000000 0.500000
vt 0.005633 0.566113
vt 0.000000 0.558482
vt 0.994414 0.933325
vt 1.000000 0.931579
vt 0.999914 1.000000
vt 0.894523 0.566675
vt 0.883255 0.566675
vt 0.888889 0.500000
vt 0.888889 1.000000
vt 0.883303 0.933325
vt 0.894475 0.933325
vt 0.783412 0.566675
vt 0.772144 0.566675
vt 0.777778 0.500000
vt 0.777778 1.000000
vt 0.772192 0.933325
vt 0.783364 0.933325
vt 0.672301 0.566675
vt 0.661033 0.566675
vt 0.666667 0.500000
vt 0.666667 1.000000
vt 0.661080 0.933325
vt 0.672253 0.933325
vt 0.561190 0.566675
vt 0.549922 0.566675
vt 0.555556 0.500000
vt 0.555556 1.000000
vt 0.549969 0.933325
vt 0.561142 0.933325
vt 0.450078 0.566675
vt 0.438811 0.566675
vt 0.444444 0.500000
vt 0.444444 1.000000
vt 0.438858 0.933325
vt 0.450031 0.933325
vt 0.338967 0.566675
vt 0.327699 0.566675
vt 0.333333 0.500000
vt 0.333333 1.000000
vt 0.327747 0.933325
vt 0.338920 0.933325
vt 0.227856 0.566675
vt 0.216588 0.566675
vt 0.222222 0.500000
vt 0.222222 1.000000
vt 0.216636 0.933325
vt 0.227809 0.933325
vt 0.116745 0.566675
vt 0.105477 0.566675
vt 0.111111 0.500000
vt 0.111111 1.000000
vt 0.105525 0.933325
vt 0.116697 0.933325
vt 0.993920 0.565756
vt 1.000000 0.500000
vt 1.000000 0.500000
vt 0.000000 1.000000
vt 0.006025 0.933325
vt 0.000000 0.931579
vt 0.888889 0.500000
vt 0.882807 0.566675
vt 0.894971 0.566675
vt 0.894914 0.933325
vt 0.882864 0.933325
vt 0.888889 1.000000
vt 0.771696 0.566675
vt 0.783860 0.566675
vt 0.783803 0.933325
vt 0.771752 0.933325
vt 0.666667 0.500000
vt 0.660585 0.566675
vt 0.672748 0.566675
vt 0.672692 0.933325
vt 0.660641 0.933325
vt 0.666667 1.000000
vt 0.549474 0.566675
vt 0.561637 0.566675
vt 0.561581 0.933325
vt 0.549530 0.933325
vt 0.444444 0.500000
vt 0.438363 0.566675
vt 0.450526 0.566675
vt 0.450470 0.933325
vt 0.438419 0.933325
vt 0.444444 1.000000
vt 0.333333 0.500000
vt 0.327252 0.566675
vt 0.339415 0.566675
vt 0.339359 0.933325
vt 0.327308 0.933325
vt 0.333333 1.000000
vt 0.222222 0.500000
vt 0.216141 0.566675
vt 0.228304 0.566675
vt 0.228248 0.933325
vt 0.216197 0.933325
vt 0.111111 0.500000
vt 0.105029 0.566675
vt 0.117193 0.566675
vt 0.117136 0.933325
vt 0.105086 0.933325
vt 0.111111 1.000000
vt 0.994366 0.566675
vt 0.005586 0.933325
vt 0.000000 1.000000
vt 1.000000 1.000000
vt 0.006082 0.566675
vt 0.000000 0.564930
vt 0.000000 0.500000
vt 0.993975 0.933325
vt 0.005178 0.557167
vt 0.000000 0.551818
vt 0.994855 0.942451
vt 1.000000 0.941444
vt 0.999927 1.000000
vt 0.894067 0.557549
vt 0.883711 0.557549
vt 0.888889 1.000000
vt 0.883743 0.942451
vt 0.894034 0.942451
vt 0.782956 0.557549
vt 0.772600 0.557549
vt 0.777778 0.500000
vt 0.777778 1.000000
vt 0.772632 0.942451
vt 0.782923 0.942451
vt 0.671845 0.557549
vt 0.661488 0.557549
vt 0.661521 0.942451
vt 0.671812 0.942451
vt 0.560734 0.557549
vt 0.550377 0.557549
vt 0.555556 0.500000
vt 0.550410 0.942451
vt 0.560701 0.942451
vt 0.449623 0.557549
vt 0.439266 0.557549
vt 0.444445 0.500000
vt 0.444444 1.000000
vt 0.439299 0.942451
vt 0.449590 0.942451
vt 0.338512 0.557549
vt 0.328155 0.557549
vt 0.333333 0.500000
vt 0.328188 0.942451
vt 0.338479 0.942451
vt 0.227400 0.557549
vt 0.217044 0.557549
vt 0.222222 0.500000
vt 0.222222 1.000000
vt 0.217077 0.942451
vt 0.227368 0.942451
vt 0.116289 0.557549
vt 0.105933 0.557549
vt 0.111111 0.500000
vt 0.105966 0.942451
vt 0.116257 0.942451
vt 0.994446 0.556930
vt 0.000000 1.000000
vt 0.005517 0.942451
vt 0.000000 0.941444
vt 0.888889 0.500000
vt 0.883334 0.557549
vt 0.894444 0.557549
vt 0.894405 0.942451
vt 0.883372 0.942451
vt 0.777778 0.500000
vt 0.772223 0.557549
vt 0.783333 0.557549
vt 0.783294 0.942451
vt 0.772261 0.942451
vt 0.777778 1.000000
vt 0.661112 0.557549
vt 0.672221 0.557549
vt 0.672183 0.942451
vt 0.661150 0.942451
vt 0.666667 1.000000
vt 0.555556 0.500000
vt 0.550001 0.557549
vt 0.561110 0.557549
vt 0.561072 0.942451
vt 0.550039 0.942451
vt 0.438890 0.557549
vt 0.449999 0.557549
vt 0.449961 0.942451
vt 0.438928 0.942451
vt 0.333333 0.500000
vt 0.327779 0.557549
vt 0.338888 0.557549
vt 0.338850 0.942451
vt 0.327817 0.942451
vt 0.216668 0.557549
vt 0.227777 0.557549
vt 0.227739 0.942451
vt 0.216706 0.942451
vt 0.222222 1.000000
vt 0.105556 0.557549
vt 0.116666 0.557549
vt 0.116628 0.942451
vt 0.105595 0.942451
vt 0.111111 1.000000
vt 0.994822 0.557549
vt 0.005146 0.942451
vt 0.000000 1.000000
vt 0.005555 0.557549
vt 0.000000 0.556541
vt 0.994483 0.942451
vt 0.004813 0.557235
vt 0.000000 0.552323
vt 0.995200 0.942406
vt 1.000000 0.941940
vt 0.999937 1.000000
vt 0.893702 0.557594
vt 0.884076 0.557594
vt 0.888889 1.000000
vt 0.884089 0.942407
vt 0.893689 0.942406
vt 0.782591 0.557594
vt 0.772965 0.557594
vt 0.772978 0.942406
vt 0.782578 0.942407
vt 0.671480 0.557594
vt 0.661854 0.557594
vt 0.666667 1.000000
vt 0.661867 0.942406
vt 0.671467 0.942407
vt 0.560368 0.557594
vt 0.550743 0.557594
vt 0.550756 0.942407
vt 0.560355 0.942406
vt 0.449257 0.557594
vt 0.439632 0.557594
vt 0.439645 0.942407
vt 0.449244 0.942407
vt 0.338146 0.557594
vt 0.328521 0.557594
vt 0.333333 1.000000
vt 0.328534 0.942407
vt 0.338133 0.942406
vt 0.227035 0.557594
vt 0.217409 0.557594
vt 0.222222 0.500000
vt 0.217422 0.942406
vt 0.227022 0.942406
vt 0.115924 0.557594
vt 0.106298 0.557593
vt 0.111111 1.000000
vt 0.106311 0.942407
vt 0.115911 0.942407
vt 0.994864 0.557062
vt 1.000000 0.550611
vt 0.005122 0.942407
vt 0.000000 0.941940
vt 0.883752 0.557594
vt 0.894026 0.557594
vt 0.894011 0.942406
vt 0.883767 0.942406
vt 0.772641 0.557594
vt 0.782914 0.557593
vt 0.782900 0.942406
vt 0.772656 0.942406
vt 0.661530 0.557594
vt 0.671803 0.557594
vt 0.671788 0.942406
vt 0.661545 0.942406
vt 0.550419 0.557594
vt 0.560692 0.557594
vt 0.560677 0.942406
vt 0.550434 0.942406
vt 0.555556 1.000000
vt 0.444444 0.500000
vt 0.439308 0.557594
vt 0.449581 0.557594
vt 0.449566 0.942406
vt 0.439323 0.942406
vt 0.444445 1.000000
vt 0.328197 0.557594
vt 0.338470 0.557594
vt 0.338455 0.942406
vt 0.328212 0.942406
vt 0.333333 1.000000
vt 0.217086 0.557594
vt 0.227359 0.557594
vt 0.227344 0.942406
vt 0.217100 0.942406
vt 0.105974 0.557594
vt 0.116248 0.557593
vt 0.116233 0.942406
vt 0.105989 0.942406
vt 0.111111 1.000000
vt 0.995187 0.557594
vt 0.004800 0.942406
vt 0.994878 0.942406
vt 0.005137 0.557594
vt 0.000000 0.500000
vt 0.004529 0.557262
vt 0.000000 0.552944
vt 0.995465 0.942398
vt 1.000000 0.942641
vt 0.999944 0.999997
vt 0.893418 0.557602
vt 0.884360 0.557602
vt 0.884354 0.942398
vt 0.893424 0.942398
vt 0.782307 0.557602
vt 0.773249 0.557602
vt 0.773243 0.942398
vt 0.782313 0.942398
vt 0.671196 0.557602
vt 0.662138 0.557602
vt 0.662132 0.942398
vt 0.671202 0.942398
vt 0.560085 0.557602
vt 0.551027 0.557602
vt 0.551021 0.942398
vt 0.560091 0.942398
vt 0.448974 0.557602
vt 0.439915 0.557602
vt 0.439910 0.942398
vt 0.448979 0.942398
vt 0.337862 0.557602
vt 0.328804 0.557602
vt 0.333333 0.500000
vt 0.328798 0.942398
vt 0.337868 0.942398
vt 0.226751 0.557602
vt 0.217693 0.557602
vt 0.222222 0.500000
vt 0.217687 0.942398
vt 0.226757 0.942398
vt 0.115640 0.557602
vt 0.106582 0.557602
vt 0.106576 0.942398
vt 0.115646 0.942398
vt 0.995185 0.557101
vt 1.000000 0.551221
vt 0.004822 0.942398
vt 0.000000 0.942641
vt 0.884074 0.557602
vt 0.893704 0.557602
vt 0.893710 0.942398
vt 0.884068 0.942398
vt 0.772963 0.557602
vt 0.782593 0.557602
vt 0.782599 0.942398
vt 0.772956 0.942398
vt 0.666667 0.500000
vt 0.661852 0.557602
vt 0.671481 0.557602
vt 0.671488 0.942398
vt 0.661845 0.942398
vt 0.550741 0.557602
vt 0.560370 0.557602
vt 0.560377 0.942398
vt 0.550734 0.942398
vt 0.439630 0.557602
vt 0.449259 0.557602
vt 0.449266 0.942398
vt 0.439623 0.942398
vt 0.328519 0.557602
vt 0.338148 0.557602
vt 0.338155 0.942398
vt 0.328512 0.942398
vt 0.217408 0.557602
vt 0.227037 0.557602
vt 0.227044 0.942398
vt 0.217401 0.942398
vt 0.222222 1.000000
vt 0.111111 0.500000
vt 0.106296 0.557602
vt 0.115926 0.557602
vt 0.115933 0.942398
vt 0.106290 0.942398
vt 0.995471 0.557602
vt 0.004535 0.942398
vt 0.995179 0.942398
vt 0.004815 0.557602
vt 0.000000 0.500000
vt 1.000000 1.000000
vt 0.000000 0.500000
vt 0.004315 0.557222
vt 0.000000 0.553562
vt 0.995663 0.942451
vt 1.000000 0.943461
vt 0.999949 0.999988
vt 0.893204 0.557549
vt 0.884574 0.557549
vt 0.888889 0.500000
vt 0.888889 1.000000
vt 0.884552 0.942451
vt 0.893226 0.942451
vt 0.782093 0.557549
vt 0.773463 0.557549
vt 0.773441 0.942451
vt 0.782115 0.942451
vt 0.670981 0.557549
vt 0.662352 0.557549
vt 0.662330 0.942451
vt 0.671004 0.942451
vt 0.559870 0.557549
vt 0.551241 0.557549
vt 0.551219 0.942451
vt 0.559893 0.942451
vt 0.448759 0.557549
vt 0.440130 0.557549
vt 0.440107 0.942451
vt 0.448781 0.942451
vt 0.337648 0.557549
vt 0.329019 0.557549
vt 0.333333 0.500000
vt 0.328996 0.942451
vt 0.337670 0.942451
vt 0.226537 0.557549
vt 0.217908 0.557549
vt 0.217885 0.942451
vt 0.226559 0.942451
vt 0.115426 0.557549
vt 0.106796 0.557549
vt 0.111111 0.500000
vt 0.106774 0.942451
vt 0.115448 0.942451
vt 0.995427 0.557038
vt 0.004598 0.942451
vt 0.000000 0.943461
vt 0.888889 0.500000
vt 0.884316 0.557549
vt 0.893462 0.557549
vt 0.893487 0.942451
vt 0.884291 0.942451
vt 0.888889 1.000000
vt 0.773205 0.557549
vt 0.782350 0.557549
vt 0.782376 0.942451
vt 0.773180 0.942451
vt 0.777778 1.000000
vt 0.662094 0.557549
vt 0.671239 0.557549
vt 0.671265 0.942451
vt 0.662069 0.942451
vt 0.555556 0.500000
vt 0.550983 0.557549
vt 0.560128 0.557549
vt 0.560154 0.942451
vt 0.550958 0.942451
vt 0.555556 1.000000
vt 0.439872 0.557549
vt 0.449017 0.557549
vt 0.449042 0.942451
vt 0.439847 0.942451
vt 0.328761 0.557549
vt 0.337906 0.557549
vt 0.337931 0.942451
vt 0.328735 0.942451
vt 0.217650 0.557549
vt 0.226795 0.557549
vt 0.226820 0.942451
vt 0.217624 0.942451
vt 0.111111 0.500000
vt 0.106539 0.557549
vt 0.115684 0.557549
vt 0.115709 0.942451
vt 0.106513 0.942451
vt 0.111111 1.000000
vt 0.995685 0.557549
vt 0.000000 0.943461
vt 0.004337 0.942451
vt 0.995402 0.942451
vt 0.004573 0.557549
vt 0.000000 0.558559
vt 0.000000 0.500000
vt 0.004156 0.557125
vt 0.000000 0.554079
vt 0.995809 0.942559
vt 1.000000 0.944270
vt 0.999952 0.999981
vt 0.893045 0.557441
vt 0.884733 0.557441
vt 0.884698 0.942559
vt 0.893080 0.942559
vt 0.781934 0.557441
vt 0.773622 0.557441
vt 0.773587 0.942559
vt 0.781969 0.942559
vt 0.670823 0.557441
vt 0.662511 0.557441
vt 0.662476 0.942559
vt 0.670858 0.942559
vt 0.559711 0.557441
vt 0.551400 0.557441
vt 0.555556 1.000000
vt 0.551365 0.942559
vt 0.559747 0.942559
vt 0.448600 0.557441
vt 0.440289 0.557441
vt 0.440254 0.942559
vt 0.448635 0.942559
vt 0.337489 0.557441
vt 0.329178 0.557441
vt 0.333333 0.500000
vt 0.329142 0.942559
vt 0.337524 0.942559
vt 0.226378 0.557441
vt 0.218066 0.557441
vt 0.218031 0.942559
vt 0.226413 0.942559
vt 0.115267 0.557441
vt 0.106955 0.557441
vt 0.106920 0.942559
vt 0.115302 0.942559
vt 0.995605 0.556951
vt 0.004433 0.942559
vt 0.000000 0.944270
vt 0.884495 0.557441
vt 0.893283 0.557441
vt 0.893322 0.942559
vt 0.884455 0.942559
vt 0.773384 0.557441
vt 0.782171 0.557441
vt 0.782211 0.942559
vt 0.773344 0.942559
vt 0.662273 0.557441
vt 0.671060 0.557441
vt 0.671100 0.942559
vt 0.662233 0.942559
vt 0.551162 0.557441
vt 0.559949 0.557441
vt 0.559989 0.942559
vt 0.551122 0.942559
vt 0.444445 0.500000
vt 0.440051 0.557441
vt 0.448838 0.557441
vt 0.448878 0.942559
vt 0.440011 0.942559
vt 0.328940 0.557441
vt 0.337727 0.557441
vt 0.337767 0.942559
vt 0.328900 0.942559
vt 0.217828 0.557441
vt 0.226616 0.557441
vt 0.226656 0.942559
vt 0.217789 0.942559
vt 0.222222 1.000000
vt 0.106717 0.557441
vt 0.115505 0.557441
vt 0.115545 0.942559
vt 0.106678 0.942559
vt 0.995844 0.557441
vt 0.004191 0.942559
vt 0.004394 0.557441
vt 0.000000 0.559152
vt 0.995567 0.942559
vt 0.004038 0.557014
vt 0.000000 0.554437
vt 0.995919 0.942678
vt 1.000000 0.944918
vt 0.999955 0.999975
vt 0.892927 0.557322
vt 0.884851 0.557322
vt 0.888889 0.500000
vt 0.888889 1.000000
vt 0.884808 0.942678
vt 0.892970 0.942678
vt 0.781815 0.557322
vt 0.773740 0.557322
vt 0.773697 0.942678
vt 0.781859 0.942678
vt 0.670704 0.557322
vt 0.662629 0.557322
vt 0.666667 1.000000
vt 0.662585 0.942678
vt 0.670748 0.942678
vt 0.559593 0.557322
vt 0.551518 0.557322
vt 0.551474 0.942679
vt 0.559637 0.942678
vt 0.448482 0.557322
vt 0.440407 0.557322
vt 0.440363 0.942678
vt 0.448526 0.942678
vt 0.337371 0.557322
vt 0.329296 0.557322
vt 0.333333 1.000000
vt 0.329252 0.942678
vt 0.337415 0.942678
vt 0.226260 0.557322
vt 0.218185 0.557322
vt 0.218141 0.942678
vt 0.226304 0.942678
vt 0.115149 0.557322
vt 0.107073 0.557322
vt 0.107030 0.942678
vt 0.115192 0.942678
vt 0.995738 0.556847
vt 0.004310 0.942678
vt 0.000000 0.944918
vt 0.884628 0.557322
vt 0.893150 0.557322
vt 0.893199 0.942678
vt 0.884579 0.942678
vt 0.773517 0.557322
vt 0.782039 0.557322
vt 0.782088 0.942678
vt 0.773468 0.942678
vt 0.662405 0.557322
vt 0.670928 0.557322
vt 0.670977 0.942678
vt 0.662357 0.942678
vt 0.551294 0.557322
vt 0.559817 0.557322
vt 0.559866 0.942678
vt 0.551246 0.942678
vt 0.440183 0.557322
vt 0.448706 0.557322
vt 0.448755 0.942678
vt 0.440134 0.942678
vt 0.329072 0.557322
vt 0.337595 0.557322
vt 0.337643 0.942678
vt 0.329023 0.942678
vt 0.217961 0.557322
vt 0.226483 0.557322
vt 0.226532 0.942678
vt 0.217912 0.942678
vt 0.106850 0.557322
vt 0.115372 0.557322
vt 0.115421 0.942678
vt 0.106801 0.942678
vt 0.995962 0.557322
vt 0.000000 0.944918
vt 0.004081 0.942678
vt 0.000000 0.559562
vt 0.004261 0.557322
vt 0.995690 0.942678
vt 0.003946 0.556943
vt 0.000000 0.554617
vt 0.996008 0.942756
vt 1.000000 0.945279
vt 0.999957 0.999973
vt 0.892834 0.557244
vt 0.884944 0.557244
vt 0.884897 0.942756
vt 0.892881 0.942756
vt 0.781723 0.557244
vt 0.773832 0.557244
vt 0.777778 0.500000
vt 0.777778 1.000000
vt 0.773786 0.942756
vt 0.781770 0.942756
vt 0.670612 0.557244
vt 0.662721 0.557244
vt 0.662674 0.942756
vt 0.670659 0.942756
vt 0.559501 0.557244
vt 0.551610 0.557244
vt 0.551563 0.942756
vt 0.559548 0.942756
vt 0.448390 0.557244
vt 0.440499 0.557244
vt 0.440452 0.942756
vt 0.448437 0.942756
vt 0.337279 0.557244
vt 0.329388 0.557244
vt 0.329341 0.942756
vt 0.337325 0.942756
vt 0.226168 0.557244
vt 0.218277 0.557244
vt 0.218230 0.942756
vt 0.226214 0.942756
vt 0.115056 0.557244
vt 0.107166 0.557244
vt 0.107119 0.942756
vt 0.115103 0.942756
vt 0.995841 0.556782
vt 0.004210 0.942756
vt 0.000000 0.945279
vt 0.884731 0.557244
vt 0.893047 0.557244
vt 0.893099 0.942756
vt 0.884678 0.942756
vt 0.773620 0.557244
vt 0.781936 0.557244
vt 0.781988 0.942756
vt 0.773567 0.942756
vt 0.662509 0.557244
vt 0.670825 0.557244
vt 0.670877 0.942756
vt 0.662456 0.942756
vt 0.551398 0.557244
vt 0.559713 0.557244
vt 0.559766 0.942756
vt 0.551345 0.942756
vt 0.440287 0.557244
vt 0.448602 0.557244
vt 0.448655 0.942756
vt 0.440234 0.942756
vt 0.329176 0.557244
vt 0.337491 0.557244
vt 0.337544 0.942756
vt 0.329123 0.942756
vt 0.218064 0.557244
vt 0.226380 0.557244
vt 0.226433 0.942756
vt 0.218012 0.942756
vt 0.106953 0.557244
vt 0.115269 0.557244
vt 0.115321 0.942756
vt 0.106901 0.942756
vt 0.996055 0.557244
vt 0.003992 0.942756
vt 0.995790 0.942756
vt 0.004158 0.557244
vt 0.000000 0.559767
vt 0.003878 0.561921
vt 0.000000 0.558765
vt 0.996083 0.937728
vt 1.000000 0.940404
vt 0.999959 0.999972
vt 0.892766 0.562272
vt 0.885011 0.562272
vt 0.884972 0.937728
vt 0.892805 0.937728
vt 0.781655 0.562272
vt 0.773900 0.562272
vt 0.773861 0.937728
vt 0.781694 0.937728
vt 0.670544 0.562272
vt 0.662789 0.562272
vt 0.662750 0.937728
vt 0.670583 0.937728
vt 0.559433 0.562272
vt 0.551678 0.562272
vt 0.551639 0.937728
vt 0.559472 0.937728
vt 0.448322 0.562272
vt 0.440567 0.562272
vt 0.444444 0.500000
vt 0.444444 1.000000
vt 0.440528 0.937728
vt 0.448361 0.937728
vt 0.337211 0.562272
vt 0.329456 0.562272
vt 0.329417 0.937728
vt 0.337250 0.937728
vt 0.226100 0.562272
vt 0.218345 0.562272
vt 0.222222 1.000000
vt 0.218306 0.937728
vt 0.226139 0.937728
vt 0.114989 0.562272
vt 0.107234 0.562272
vt 0.107195 0.937728
vt 0.115028 0.937728
vt 0.995916 0.561734
vt 0.004127 0.937728
vt 0.000000 0.940404
vt 0.884806 0.562272
vt 0.892972 0.562272
vt 0.893015 0.937728
vt 0.884762 0.937728
vt 0.773695 0.562272
vt 0.781861 0.562272
vt 0.781904 0.937728
vt 0.773651 0.937728
vt 0.662584 0.562272
vt 0.670749 0.562272
vt 0.670793 0.937728
vt 0.662540 0.937728
vt 0.551473 0.562272
vt 0.559638 0.562272
vt 0.559682 0.937728
vt 0.551429 0.937728
vt 0.555556 1.000000
vt 0.440362 0.562272
vt 0.448527 0.562272
vt 0.448571 0.937728
vt 0.440318 0.937728
vt 0.329251 0.562272
vt 0.337416 0.562272
vt 0.337460 0.937728
vt 0.329207 0.937728
vt 0.218139 0.562272
vt 0.226305 0.562272
vt 0.226349 0.937728
vt 0.218096 0.937728
vt 0.107028 0.562272
vt 0.115194 0.562272
vt 0.115238 0.937728
vt 0.106985 0.937728
vt 0.996123 0.562272
vt 0.003917 0.937728
vt 0.004083 0.562272
vt 0.000000 0.564948
vt 0.995874 0.937728
vt 0.750000 0.315630
vt 0.635873 0.407082
vt 0.864127 0.407082
vt 0.250000 0.315630
vt 0.364127 0.407082
vt 0.135873 0.407082
vt 0.812418 0.270281
vt 0.864127 0.407082
vt 0.934661 0.190000
vt 0.312418 0.270281
vt 0.434661 0.190000
vt 0.364127 0.407082
vt 0.788576 0.196904
vt 0.934661 0.190000
vt 0.750000 0.055836
vt 0.288576 0.196904
vt 0.250000 0.055836
vt 0.434661 0.190000
vt 0.711424 0.196904
vt 0.750000 0.055836
vt 0.565339 0.190000
vt 0.211424 0.196904
vt 0.065339 0.190000
vt 0.250000 0.055836
vt 0.687582 0.270281
vt 0.565339 0.190000
vt 0.635873 0.407082
vt 0.187582 0.270281
vt 0.135873 0.407082
vt 0.065339 0.190000
vt 0.100000 0.987633
vt 0.000000 0.512367
vt 0.100000 0.512367
vt 0.700000 0.987633
vt 0.900000 0.512367
vt 0.900000 0.987633
vt 0.500000 0.987633
vt 0.700000 0.512367
vt 0.700000 0.987633
vt 0.300000 0.512367
vt 0.300000 0.987633
vt 0.100000 0.512367
vt 0.300000 0.987633
vt 0.100000 0.987633
vt 0.900000 0.512367
vt 0.700000 0.512367
vt 0.500000 0.512367
vt 0.300000 0.512367
vt 0.750000 0.315630
vt 0.635873 0.407082
vt 0.864127 0.407082
vt 0.250000 0.315630
vt 0.364127 0.407082
vt 0.135873 0.407082
vt 0.812418 0.270281
vt 0.864127 0.407082
vt 0.312418 0.270281
vt 0.434661 0.190000
vt 0.364127 0.407082
vt 0.788576 0.196904
vt 0.750000 0.055836
vt 0.288576 0.196904
vt 0.250000 0.055836
vt 0.434661 0.190000
vt 0.750000 0.055836
vt 0.565339 0.190000
vt 0.211424 0.196904
vt 0.065339 0.190000
vt 0.250000 0.055836
vt 0.687582 0.270281
vt 0.565339 0.190000
vt 0.635873 0.407082
vt 0.187582 0.270281
vt 0.135873 0.407082
vt 0.100000 0.989090
vt 0.000000 0.510910
vt 0.100000 0.510910
vt 0.700000 0.989090
vt 0.900000 0.510910
vt 0.900000 0.989090
vt 0.500000 0.989090
vt 0.700000 0.510910
vt 0.700000 0.989090
vt 0.300000 0.989090
vt 0.500000 0.510910
vt 0.100000 0.510910
vt 0.300000 0.989090
vt 0.100000 0.989090
vt 0.900000 0.510910
vt 0.700000 0.510910
vt 0.300000 0.510910
vt 0.300000 0.510910
vt 0.750000 0.440388
vt 0.704294 0.471143
vt 0.795706 0.471143
vt 0.250000 0.436844
vt 0.294297 0.473877
vt 0.205703 0.473877
vt 0.872379 0.395846
vt 0.857135 0.448785
vt 0.927161 0.390026
vt 0.370101 0.393131
vt 0.427839 0.393027
vt 0.359972 0.449973
vt 0.937495 0.283060
vt 0.959846 0.333413
vt 0.975720 0.243389
vt 0.434006 0.282445
vt 0.478168 0.245252
vt 0.462784 0.332500
vt 0.914881 0.154806
vt 0.964368 0.179012
vt 0.918662 0.099846
vt 0.411812 0.156578
vt 0.421735 0.099699
vt 0.466032 0.176423
vt 0.815116 0.071094
vt 0.868585 0.057826
vt 0.782685 0.026561
vt 0.313904 0.074424
vt 0.284945 0.024474
vt 0.368196 0.054775
vt 0.684884 0.071094
vt 0.717315 0.026561
vt 0.631415 0.057826
vt 0.186095 0.074424
vt 0.131804 0.054775
vt 0.215055 0.024474
vt 0.585119 0.154806
vt 0.581338 0.099846
vt 0.535632 0.179012
vt 0.088188 0.156578
vt 0.033968 0.176423
vt 0.078265 0.099699
vt 0.562504 0.283061
vt 0.524280 0.243389
vt 0.540154 0.333413
vt 0.065994 0.282445
vt 0.037216 0.332500
vt 0.021832 0.245252
vt 0.627621 0.395846
vt 0.572839 0.390026
vt 0.642865 0.448785
vt 0.129899 0.393131
vt 0.140028 0.449973
vt 0.072161 0.393027
vt 0.032671 0.746812
vt 0.000000 0.767465
vt 0.000000 0.761089
vt 0.856193 0.753188
vt 0.921559 0.746812
vt 0.921584 0.753188
vt 0.745107 0.746812
vt 0.810473 0.753188
vt 0.745082 0.753188
vt 0.633996 0.746812
vt 0.699362 0.753188
vt 0.633971 0.753188
vt 0.522885 0.746812
vt 0.588251 0.753188
vt 0.522860 0.753188
vt 0.411774 0.746812
vt 0.477140 0.753188
vt 0.411749 0.753188
vt 0.300663 0.746812
vt 0.366029 0.753188
vt 0.300638 0.753188
vt 0.189552 0.746812
vt 0.254918 0.753188
vt 0.189527 0.753188
vt 0.078441 0.746812
vt 0.143807 0.753188
vt 0.078416 0.753188
vt 0.967305 0.753188
vt 0.967330 0.746812
vt 0.810448 0.746812
vt 0.856218 0.746812
vt 0.699337 0.746812
vt 0.588226 0.746812
vt 0.477115 0.746812
vt 0.366004 0.746812
vt 0.254893 0.746812
vt 0.143782 0.746812
vt 0.007983 0.569515
vt 0.000000 0.561883
vt 0.992074 0.929581
vt 1.000000 0.928451
vt 0.999825 1.000000
vt 0.896873 0.570419
vt 0.880904 0.570419
vt 0.880963 0.929581
vt 0.896815 0.929581
vt 0.785762 0.570419
vt 0.769793 0.570419
vt 0.769852 0.929582
vt 0.785704 0.929581
vt 0.674651 0.570419
vt 0.658682 0.570419
vt 0.666667 0.500000
vt 0.658741 0.929581
vt 0.674593 0.929581
vt 0.563540 0.570419
vt 0.547571 0.570419
vt 0.547630 0.929581
vt 0.563482 0.929582
vt 0.452429 0.570419
vt 0.436460 0.570419
vt 0.436518 0.929581
vt 0.452371 0.929581
vt 0.341318 0.570419
vt 0.325349 0.570419
vt 0.325407 0.929581
vt 0.341259 0.929581
vt 0.230207 0.570419
vt 0.214238 0.570419
vt 0.214296 0.929581
vt 0.230148 0.929581
vt 0.119096 0.570419
vt 0.103127 0.570419
vt 0.111111 1.000000
vt 0.103185 0.929581
vt 0.119037 0.929581
vt 0.991085 0.568840
vt 0.008842 0.929581
vt 0.000000 0.928451
vt 0.879972 0.570419
vt 0.897806 0.570419
vt 0.897731 0.929581
vt 0.880047 0.929582
vt 0.768861 0.570419
vt 0.786695 0.570419
vt 0.786620 0.929582
vt 0.768936 0.929581
vt 0.657750 0.570419
vt 0.675584 0.570419
vt 0.675509 0.929581
vt 0.657824 0.929581
vt 0.546639 0.570419
vt 0.564473 0.570419
vt 0.564398 0.929581
vt 0.546713 0.929581
vt 0.435528 0.570419
vt 0.453361 0.570419
vt 0.453287 0.929581
vt 0.435602 0.929581
vt 0.324416 0.570419
vt 0.342250 0.570419
vt 0.342176 0.929581
vt 0.324491 0.929581
vt 0.213305 0.570419
vt 0.231139 0.570419
vt 0.231065 0.929581
vt 0.213380 0.929581
vt 0.102194 0.570419
vt 0.120028 0.570419
vt 0.119953 0.929581
vt 0.102269 0.929582
vt 0.992016 0.570419
vt 0.007926 0.929581
vt 0.991158 0.929582
vt 0.000000 0.569288
vt 0.008917 0.570419
vt 0.007181 0.560150
vt 0.000000 0.554998
vt 0.992838 0.939250
vt 1.000000 0.938923
vt 0.999857 1.000000
vt 0.896070 0.560750
vt 0.881708 0.560750
vt 0.888889 1.000000
vt 0.881727 0.939250
vt 0.896051 0.939250
vt 0.784959 0.560750
vt 0.770597 0.560750
vt 0.770616 0.939250
vt 0.784940 0.939250
vt 0.673848 0.560750
vt 0.659485 0.560750
vt 0.666667 1.000000
vt 0.659505 0.939250
vt 0.673829 0.939250
vt 0.562737 0.560750
vt 0.548374 0.560750
vt 0.548394 0.939250
vt 0.562717 0.939250
vt 0.451626 0.560750
vt 0.437263 0.560750
vt 0.437283 0.939250
vt 0.451606 0.939250
vt 0.340515 0.560750
vt 0.326152 0.560750
vt 0.326171 0.939250
vt 0.340495 0.939250
vt 0.229404 0.560750
vt 0.215041 0.560750
vt 0.215060 0.939250
vt 0.229384 0.939250
vt 0.118292 0.560750
vt 0.103930 0.560750
vt 0.103949 0.939250
vt 0.118273 0.939250
vt 0.992073 0.559721
vt 0.007903 0.939250
vt 0.000000 0.938923
vt 0.880961 0.560750
vt 0.896816 0.560750
vt 0.896792 0.939250
vt 0.880986 0.939250
vt 0.769850 0.560750
vt 0.785705 0.560750
vt 0.785681 0.939250
vt 0.769875 0.939250
vt 0.658739 0.560750
vt 0.674594 0.560750
vt 0.674570 0.939250
vt 0.658763 0.939250
vt 0.555556 0.500000
vt 0.547628 0.560750
vt 0.563483 0.560750
vt 0.563459 0.939250
vt 0.547652 0.939250
vt 0.444445 0.500000
vt 0.436517 0.560750
vt 0.452372 0.560750
vt 0.452348 0.939250
vt 0.436541 0.939250
vt 0.333333 0.500000
vt 0.325406 0.560750
vt 0.341261 0.560750
vt 0.341237 0.939250
vt 0.325430 0.939250
vt 0.214295 0.560750
vt 0.230150 0.560750
vt 0.230126 0.939250
vt 0.214319 0.939250
vt 0.103184 0.560750
vt 0.119038 0.560750
vt 0.119014 0.939250
vt 0.103208 0.939250
vt 0.992819 0.560750
vt 0.007162 0.939250
vt 0.992097 0.939250
vt 0.000000 0.560423
vt 0.007927 0.560750
vt 0.006591 0.560183
vt 0.000000 0.555752
vt 0.993382 0.939261
vt 1.000000 0.939825
vt 0.999878 0.999990
vt 0.895479 0.560739
vt 0.882299 0.560739
vt 0.882271 0.939261
vt 0.895507 0.939261
vt 0.784368 0.560739
vt 0.771188 0.560739
vt 0.771160 0.939261
vt 0.784396 0.939261
vt 0.673257 0.560739
vt 0.660077 0.560739
vt 0.660049 0.939261
vt 0.673285 0.939261
vt 0.562146 0.560739
vt 0.548966 0.560739
vt 0.548938 0.939261
vt 0.562173 0.939261
vt 0.451035 0.560739
vt 0.437854 0.560739
vt 0.437827 0.939261
vt 0.451062 0.939261
vt 0.339923 0.560739
vt 0.326743 0.560739
vt 0.326716 0.939261
vt 0.339951 0.939261
vt 0.228812 0.560739
vt 0.215632 0.560739
vt 0.215604 0.939261
vt 0.228840 0.939261
vt 0.117701 0.560739
vt 0.104521 0.560739
vt 0.104493 0.939261
vt 0.117729 0.939261
vt 0.992787 0.559899
vt 1.000000 0.553829
vt 0.007246 0.939261
vt 0.000000 0.939825
vt 0.881677 0.560739
vt 0.896101 0.560739
vt 0.896135 0.939261
vt 0.881643 0.939261
vt 0.777778 0.500000
vt 0.770566 0.560739
vt 0.784990 0.560739
vt 0.785024 0.939261
vt 0.770532 0.939261
vt 0.659454 0.560739
vt 0.673879 0.560739
vt 0.673913 0.939261
vt 0.659421 0.939261
vt 0.548343 0.560739
vt 0.562768 0.560739
vt 0.562802 0.939261
vt 0.548309 0.939261
vt 0.437232 0.560739
vt 0.451657 0.560739
vt 0.451691 0.939261
vt 0.437198 0.939261
vt 0.326121 0.560739
vt 0.340546 0.560739
vt 0.340580 0.939261
vt 0.326087 0.939261
vt 0.215010 0.560739
vt 0.229435 0.560739
vt 0.229468 0.939261
vt 0.214976 0.939261
vt 0.103899 0.560739
vt 0.118323 0.560739
vt 0.118357 0.939261
vt 0.103865 0.939261
vt 0.993410 0.560739
vt 0.000000 1.000000
vt 0.006618 0.939261
vt 0.992754 0.939261
vt 0.007212 0.560739
vt 0.006179 0.560096
vt 0.000000 0.556531
vt 0.993754 0.939378
vt 1.000000 0.940964
vt 0.999892 0.999973
vt 0.895066 0.560622
vt 0.882711 0.560622
vt 0.882643 0.939378
vt 0.895135 0.939378
vt 0.783955 0.560622
vt 0.771600 0.560622
vt 0.771532 0.939378
vt 0.784024 0.939378
vt 0.672844 0.560622
vt 0.660489 0.560622
vt 0.660421 0.939378
vt 0.672913 0.939378
vt 0.561733 0.560622
vt 0.549378 0.560622
vt 0.549310 0.939378
vt 0.561801 0.939378
vt 0.450622 0.560622
vt 0.438267 0.560622
vt 0.444444 1.000000
vt 0.438199 0.939378
vt 0.450690 0.939378
vt 0.339511 0.560622
vt 0.327156 0.560622
vt 0.327088 0.939378
vt 0.339579 0.939378
vt 0.228400 0.560622
vt 0.216045 0.560622
vt 0.215976 0.939378
vt 0.228468 0.939378
vt 0.117289 0.560622
vt 0.104934 0.560622
vt 0.104865 0.939378
vt 0.117357 0.939378
vt 0.993279 0.559755
vt 0.006801 0.939378
vt 0.000000 0.940964
vt 0.882170 0.560622
vt 0.895608 0.560622
vt 0.895690 0.939378
vt 0.882088 0.939378
vt 0.771059 0.560622
vt 0.784496 0.560622
vt 0.784579 0.939378
vt 0.770977 0.939378
vt 0.659948 0.560622
vt 0.673385 0.560622
vt 0.673468 0.939378
vt 0.659866 0.939378
vt 0.548837 0.560622
vt 0.562274 0.560622
vt 0.562357 0.939378
vt 0.548754 0.939378
vt 0.437726 0.560622
vt 0.451163 0.560622
vt 0.451246 0.939378
vt 0.437643 0.939378
vt 0.326615 0.560622
vt 0.340052 0.560622
vt 0.340135 0.939378
vt 0.326532 0.939378
vt 0.215504 0.560622
vt 0.228941 0.560622
vt 0.229023 0.939378
vt 0.215421 0.939378
vt 0.104392 0.560622
vt 0.117830 0.560622
vt 0.117912 0.939378
vt 0.104310 0.939378
vt 0.993823 0.560622
vt 0.006246 0.939378
vt 0.993199 0.939378
vt 0.006719 0.560622
vt 0.000000 0.562208
vt 0.005901 0.559928
vt 0.000000 0.557120
vt 0.994004 0.939568
vt 1.000000 0.942023
vt 0.999901 0.999960
vt 0.894788 0.560432
vt 0.882990 0.560432
vt 0.882893 0.939568
vt 0.894885 0.939568
vt 0.783677 0.560432
vt 0.771879 0.560432
vt 0.771782 0.939568
vt 0.783774 0.939568
vt 0.672566 0.560432
vt 0.660768 0.560432
vt 0.666667 0.500000
vt 0.660671 0.939568
vt 0.672662 0.939568
vt 0.561455 0.560432
vt 0.549657 0.560432
vt 0.549560 0.939568
vt 0.561551 0.939568
vt 0.450343 0.560432
vt 0.438545 0.560432
vt 0.438449 0.939568
vt 0.450440 0.939568
vt 0.339232 0.560432
vt 0.327434 0.560432
vt 0.327338 0.939568
vt 0.339329 0.939568
vt 0.228121 0.560432
vt 0.216323 0.560432
vt 0.222222 0.500000
vt 0.216226 0.939568
vt 0.228218 0.939568
vt 0.117010 0.560432
vt 0.105212 0.560432
vt 0.105115 0.939568
vt 0.117107 0.939568
vt 0.993609 0.559612
vt 0.006503 0.939568
vt 0.000000 0.942023
vt 0.888889 0.500000
vt 0.882501 0.560432
vt 0.895276 0.560432
vt 0.895392 0.939568
vt 0.882386 0.939568
vt 0.771390 0.560432
vt 0.784165 0.560432
vt 0.784281 0.939568
vt 0.771275 0.939568
vt 0.660279 0.560432
vt 0.673054 0.560432
vt 0.673170 0.939568
vt 0.660163 0.939568
vt 0.549168 0.560432
vt 0.561943 0.560432
vt 0.562059 0.939568
vt 0.549052 0.939568
vt 0.438057 0.560432
vt 0.450832 0.560432
vt 0.450948 0.939568
vt 0.437941 0.939568
vt 0.326946 0.560432
vt 0.339721 0.560432
vt 0.339837 0.939568
vt 0.326830 0.939568
vt 0.215835 0.560432
vt 0.228610 0.560432
vt 0.228726 0.939568
vt 0.215719 0.939568
vt 0.104724 0.560432
vt 0.117499 0.560432
vt 0.117614 0.939568
vt 0.104608 0.939568
vt 0.994101 0.560432
vt 0.000000 0.942023
vt 0.005996 0.939568
vt 0.006388 0.560432
vt 0.000000 0.562887
vt 0.993497 0.939568
vt 0.005707 0.559797
vt 0.000000 0.557421
vt 0.994185 0.939714
vt 1.000000 0.942661
vt 0.999908 0.999954
vt 0.894594 0.560286
vt 0.883183 0.560286
vt 0.883074 0.939714
vt 0.894703 0.939714
vt 0.783483 0.560286
vt 0.772072 0.560286
vt 0.777778 0.500000
vt 0.771963 0.939714
vt 0.783592 0.939714
vt 0.672372 0.560286
vt 0.660961 0.560286
vt 0.660852 0.939714
vt 0.672481 0.939714
vt 0.561261 0.560286
vt 0.549850 0.560286
vt 0.549741 0.939714
vt 0.561370 0.939714
vt 0.450150 0.560286
vt 0.438739 0.560286
vt 0.438630 0.939714
vt 0.450259 0.939714
vt 0.339039 0.560286
vt 0.327628 0.560286
vt 0.327519 0.939714
vt 0.339148 0.939714
vt 0.227928 0.560286
vt 0.216517 0.560286
vt 0.216408 0.939714
vt 0.228037 0.939714
vt 0.116817 0.560286
vt 0.105406 0.560286
vt 0.105297 0.939714
vt 0.116926 0.939714
vt 0.993837 0.559498
vt 0.006289 0.939714
vt 0.000000 0.942661
vt 0.882730 0.560286
vt 0.895048 0.560286
vt 0.895178 0.939714
vt 0.882600 0.939714
vt 0.771618 0.560286
vt 0.783937 0.560286
vt 0.784067 0.939714
vt 0.771489 0.939714
vt 0.777778 1.000000
vt 0.660507 0.560286
vt 0.672826 0.560286
vt 0.672955 0.939714
vt 0.660378 0.939714
vt 0.549396 0.560286
vt 0.561715 0.560286
vt 0.561844 0.939714
vt 0.549267 0.939714
vt 0.438285 0.560286
vt 0.450604 0.560286
vt 0.450733 0.939714
vt 0.438156 0.939714
vt 0.327174 0.560286
vt 0.339493 0.560286
vt 0.339622 0.939714
vt 0.327045 0.939714
vt 0.333333 1.000000
vt 0.216063 0.560286
vt 0.228382 0.560286
vt 0.228511 0.939714
vt 0.215934 0.939714
vt 0.104952 0.560286
vt 0.117271 0.560286
vt 0.117400 0.939714
vt 0.104822 0.939714
vt 0.994294 0.560286
vt 0.005815 0.939714
vt 0.006159 0.560286
vt 0.000000 0.563232
vt 0.993711 0.939714
vt 0.005661 0.561957
vt 0.000000 0.558217
vt 0.994279 0.937530
vt 1.000000 0.939375
vt 0.999910 0.999971
vt 0.894549 0.562470
vt 0.883229 0.562470
vt 0.883168 0.937530
vt 0.894610 0.937530
vt 0.783438 0.562470
vt 0.772118 0.562470
vt 0.772057 0.937530
vt 0.783499 0.937530
vt 0.672327 0.562470
vt 0.661007 0.562470
vt 0.660946 0.937530
vt 0.672388 0.937530
vt 0.561216 0.562470
vt 0.549896 0.562470
vt 0.549835 0.937530
vt 0.561277 0.937530
vt 0.450105 0.562470
vt 0.438784 0.562470
vt 0.438723 0.937530
vt 0.450165 0.937530
vt 0.338993 0.562470
vt 0.327673 0.562470
vt 0.327612 0.937530
vt 0.339054 0.937530
vt 0.227882 0.562470
vt 0.216562 0.562470
vt 0.216501 0.937530
vt 0.227943 0.937530
vt 0.116771 0.562470
vt 0.105451 0.562470
vt 0.105390 0.937530
vt 0.116832 0.937530
vt 0.993887 0.561639
vt 0.006183 0.937530
vt 0.000000 0.939375
vt 0.882778 0.562470
vt 0.895000 0.562470
vt 0.895072 0.937530
vt 0.882706 0.937530
vt 0.771667 0.562470
vt 0.783888 0.562470
vt 0.783961 0.937530
vt 0.771595 0.937530
vt 0.660556 0.562470
vt 0.672777 0.562470
vt 0.672850 0.937530
vt 0.660484 0.937530
vt 0.549445 0.562470
vt 0.561666 0.562470
vt 0.561738 0.937530
vt 0.549373 0.937530
vt 0.438334 0.562470
vt 0.450555 0.562470
vt 0.450627 0.937530
vt 0.438262 0.937530
vt 0.327223 0.562470
vt 0.339444 0.562470
vt 0.339516 0.937530
vt 0.327151 0.937530
vt 0.216112 0.562470
vt 0.228333 0.562470
vt 0.228405 0.937530
vt 0.216039 0.937530
vt 0.105001 0.562470
vt 0.117222 0.562470
vt 0.117294 0.937530
vt 0.104928 0.937530
vt 0.994340 0.562470
vt 0.005721 0.937530
vt 0.993817 0.937530
vt 0.006111 0.562470
vt 0.000000 0.564315
vt 0.750000 0.315630
vt 0.635873 0.407082
vt 0.250000 0.315630
vt 0.364127 0.407082
vt 0.135873 0.407082
vt 0.812418 0.270281
vt 0.864127 0.407082
vt 0.934661 0.190000
vt 0.312418 0.270281
vt 0.434661 0.190000
vt 0.364127 0.407082
vt 0.788576 0.196904
vt 0.934661 0.190000
vt 0.750000 0.055836
vt 0.711424 0.196904
vt 0.750000 0.055836
vt 0.211424 0.196904
vt 0.065339 0.190000
vt 0.250000 0.055836
vt 0.687582 0.270281
vt 0.565339 0.190000
vt 0.187582 0.270281
vt 0.065339 0.190000
vt 0.100000 0.992253
vt 0.000000 0.507747
vt 0.100000 0.507747
vt 0.700000 0.992253
vt 0.900000 0.507747
vt 0.900000 0.992253
vt 0.500000 0.507747
vt 0.700000 0.992253
vt 0.500000 0.992253
vt 0.300000 0.507747
vt 0.300000 0.992253
vt 0.300000 0.992253
vt 0.100000 0.992253
vt 0.700000 0.507747
vt 0.300000 0.507747
vt 0.864127 0.407082
vt 0.250000 0.315630
vt 0.135873 0.407082
vt 0.812418 0.270281
vt 0.864127 0.407082
vt 0.934661 0.190000
vt 0.312418 0.270281
vt 0.434661 0.190000
vt 0.364127 0.407082
vt 0.788576 0.196904
vt 0.934661 0.190000
vt 0.750000 0.055836
vt 0.434661 0.190000
vt 0.711424 0.196904
vt 0.565339 0.190000
vt 0.211424 0.196904
vt 0.065339 0.190000
vt 0.565339 0.190000
vt 0.635873 0.407082
vt 0.187582 0.270281
vt 0.135873 0.407082
vt 0.100000 0.991735
vt 0.000000 0.508265
vt 0.100000 0.508265
vt 0.700000 0.991735
vt 0.900000 0.508265
vt 0.900000 0.991735
vt 0.500000 0.508265
vt 0.700000 0.991735
vt 0.500000 0.991735
vt 0.300000 0.991735
vt 0.500000 0.508265
vt 0.500000 0.991735
vt 0.100000 0.508265
vt 0.300000 0.991735
vt 0.100000 0.991735
vt 0.700000 0.508265
vt 0.300000 0.508265
vt 0.300000 0.508265
vt 0.750000 0.451495
vt 0.713917 0.475223
vt 0.786083 0.475223
vt 0.250000 0.448745
vt 0.283832 0.477686
vt 0.216168 0.477686
vt 0.879519 0.404354
vt 0.867130 0.445725
vt 0.922412 0.399337
vt 0.377751 0.402247
vt 0.422271 0.402671
vt 0.370437 0.446164
vt 0.948434 0.284989
vt 0.965536 0.324644
vt 0.978067 0.253575
vt 0.445725 0.284512
vt 0.480102 0.256220
vt 0.468352 0.322855
vt 0.924500 0.149252
vt 0.963090 0.168637
vt 0.927008 0.106140
vt 0.422118 0.150628
vt 0.430266 0.106858
vt 0.464098 0.165456
vt 0.818915 0.060656
vt 0.860938 0.050700
vt 0.793124 0.026018
vt 0.317975 0.063241
vt 0.296082 0.024474
vt 0.359665 0.047616
vt 0.681085 0.060657
vt 0.706876 0.026018
vt 0.639062 0.050700
vt 0.182025 0.063241
vt 0.140335 0.047616
vt 0.203918 0.024474
vt 0.575500 0.149252
vt 0.572992 0.106140
vt 0.536910 0.168637
vt 0.077882 0.150628
vt 0.035902 0.165456
vt 0.069734 0.106858
vt 0.551566 0.284989
vt 0.521933 0.253575
vt 0.534464 0.324644
vt 0.054275 0.284512
vt 0.031648 0.322855
vt 0.019898 0.256220
vt 0.620481 0.404354
vt 0.577588 0.399337
vt 0.632870 0.445725
vt 0.122249 0.402247
vt 0.129563 0.446164
vt 0.077729 0.402671
vt 0.025369 0.744773
vt 0.000000 0.773301
vt 0.000000 0.762846
vt 0.863520 0.744773
vt 0.914288 0.755227
vt 0.863490 0.755227
vt 0.752379 0.755227
vt 0.803147 0.744773
vt 0.803177 0.755227
vt 0.641298 0.744773
vt 0.692066 0.755227
vt 0.641268 0.755227
vt 0.530187 0.744773
vt 0.580954 0.755227
vt 0.530157 0.755227
vt 0.419046 0.755227
vt 0.469813 0.744773
vt 0.469843 0.755227
vt 0.307965 0.744773
vt 0.358732 0.755227
vt 0.307934 0.755227
vt 0.196823 0.755227
vt 0.247591 0.744773
vt 0.247621 0.755227
vt 0.085743 0.744773
vt 0.136510 0.755227
vt 0.085712 0.755227
vt 0.974631 0.744773
vt 0.914258 0.744773
vt 0.025399 0.755227
vt 0.692035 0.744773
vt 0.752409 0.744773
vt 0.580924 0.744773
vt 0.358702 0.744773
vt 0.419076 0.744773
vt 0.136480 0.744773
vt 0.196854 0.744773
vt 0.006326 0.565020
vt 0.000000 0.557680
vt 0.993736 0.934368
vt 1.000000 0.932640
vt 0.999892 1.000000
vt 0.895216 0.565632
vt 0.882562 0.565632
vt 0.882625 0.934368
vt 0.895153 0.934368
vt 0.784105 0.565632
vt 0.771451 0.565632
vt 0.777778 1.000000
vt 0.771514 0.934368
vt 0.784042 0.934368
vt 0.672994 0.565632
vt 0.660339 0.565632
vt 0.660403 0.934368
vt 0.672931 0.934368
vt 0.561883 0.565632
vt 0.549228 0.565632
vt 0.549292 0.934368
vt 0.561820 0.934368
vt 0.450772 0.565632
vt 0.438117 0.565632
vt 0.438181 0.934368
vt 0.450708 0.934368
vt 0.339661 0.565632
vt 0.327006 0.565632
vt 0.327069 0.934368
vt 0.339597 0.934368
vt 0.228549 0.565632
vt 0.215895 0.565632
vt 0.222222 1.000000
vt 0.215958 0.934368
vt 0.228486 0.934368
vt 0.117438 0.565632
vt 0.104784 0.565632
vt 0.111111 1.000000
vt 0.104847 0.934368
vt 0.117375 0.934368
vt 0.993104 0.564705
vt 1.000000 0.555468
vt 0.006821 0.934368
vt 0.000000 0.932640
vt 0.881991 0.565632
vt 0.895786 0.565632
vt 0.895710 0.934368
vt 0.882068 0.934368
vt 0.770880 0.565632
vt 0.784675 0.565632
vt 0.784599 0.934368
vt 0.770957 0.934368
vt 0.659769 0.565632
vt 0.673564 0.565632
vt 0.673488 0.934368
vt 0.659845 0.934368
vt 0.548658 0.565632
vt 0.562453 0.565632
vt 0.562377 0.934368
vt 0.548734 0.934368
vt 0.437547 0.565632
vt 0.451342 0.565632
vt 0.451266 0.934368
vt 0.437623 0.934368
vt 0.326436 0.565632
vt 0.340231 0.565632
vt 0.340155 0.934368
vt 0.326512 0.934368
vt 0.215325 0.565632
vt 0.229120 0.565632
vt 0.229043 0.934368
vt 0.215401 0.934368
vt 0.104214 0.565632
vt 0.118009 0.565632
vt 0.117932 0.934368
vt 0.104290 0.934368
vt 0.993673 0.565632
vt 0.006264 0.934368
vt 0.993179 0.934368
vt 0.005757 0.556246
vt 0.000000 0.551164
vt 0.994282 0.943342
vt 1.000000 0.942424
vt 0.999910 1.000000
vt 0.894646 0.556658
vt 0.883131 0.556658
vt 0.883171 0.943342
vt 0.894607 0.943342
vt 0.783535 0.556658
vt 0.772020 0.556658
vt 0.772059 0.943342
vt 0.783496 0.943342
vt 0.672424 0.556658
vt 0.660909 0.556658
vt 0.660948 0.943342
vt 0.672385 0.943342
vt 0.561313 0.556658
vt 0.549798 0.556658
vt 0.549837 0.943342
vt 0.561274 0.943342
vt 0.450202 0.556658
vt 0.438687 0.556658
vt 0.438726 0.943342
vt 0.450163 0.943342
vt 0.339091 0.556658
vt 0.327576 0.556658
vt 0.327615 0.943342
vt 0.339052 0.943342
vt 0.227980 0.556658
vt 0.216465 0.556658
vt 0.216504 0.943342
vt 0.227941 0.943342
vt 0.116869 0.556658
vt 0.105354 0.556658
vt 0.105393 0.943342
vt 0.116829 0.943342
vt 0.993774 0.555979
vt 0.000000 1.000000
vt 0.006180 0.943342
vt 0.000000 0.942424
vt 0.882662 0.556658
vt 0.895116 0.556658
vt 0.895069 0.943342
vt 0.882708 0.943342
vt 0.771551 0.556658
vt 0.784005 0.556658
vt 0.783958 0.943342
vt 0.771597 0.943342
vt 0.777778 1.000000
vt 0.660440 0.556658
vt 0.672894 0.556658
vt 0.672847 0.943342
vt 0.660486 0.943342
vt 0.549329 0.556658
vt 0.561783 0.556658
vt 0.561736 0.943342
vt 0.549375 0.943342
vt 0.438218 0.556658
vt 0.450671 0.556658
vt 0.450625 0.943342
vt 0.438264 0.943342
vt 0.327106 0.556658
vt 0.339560 0.556658
vt 0.339514 0.943342
vt 0.327153 0.943342
vt 0.215995 0.556658
vt 0.228449 0.556658
vt 0.228403 0.943342
vt 0.216042 0.943342
vt 0.222222 1.000000
vt 0.104884 0.556658
vt 0.117338 0.556658
vt 0.117292 0.943342
vt 0.104931 0.943342
vt 0.994242 0.556658
vt 0.005718 0.943342
vt 0.993820 0.943342
vt 0.000000 0.555739
vt 0.006227 0.556658
vt 0.005317 0.556318
vt 0.000000 0.551779
vt 0.994692 0.943298
vt 1.000000 0.943045
vt 0.999922 1.000000
vt 0.894206 0.556702
vt 0.883572 0.556702
vt 0.883581 0.943298
vt 0.894197 0.943298
vt 0.783095 0.556702
vt 0.772461 0.556702
vt 0.772470 0.943298
vt 0.783085 0.943298
vt 0.671983 0.556702
vt 0.661350 0.556702
vt 0.661359 0.943298
vt 0.671974 0.943298
vt 0.560872 0.556702
vt 0.550239 0.556702
vt 0.550248 0.943298
vt 0.560863 0.943298
vt 0.449761 0.556702
vt 0.439128 0.556702
vt 0.439137 0.943298
vt 0.449752 0.943298
vt 0.338650 0.556702
vt 0.328017 0.556702
vt 0.328026 0.943298
vt 0.338641 0.943298
vt 0.227539 0.556702
vt 0.216906 0.556702
vt 0.222222 0.500000
vt 0.216915 0.943298
vt 0.227530 0.943298
vt 0.116428 0.556702
vt 0.105794 0.556702
vt 0.105803 0.943298
vt 0.116419 0.943298
vt 0.994285 0.556078
vt 0.005704 0.943298
vt 0.000000 0.943045
vt 0.883174 0.556702
vt 0.894604 0.556702
vt 0.894593 0.943298
vt 0.883185 0.943298
vt 0.772063 0.556702
vt 0.783493 0.556702
vt 0.783482 0.943298
vt 0.772074 0.943298
vt 0.660952 0.556702
vt 0.672382 0.556702
vt 0.672371 0.943298
vt 0.660962 0.943298
vt 0.549841 0.556702
vt 0.561270 0.556702
vt 0.561260 0.943298
vt 0.549851 0.943298
vt 0.444444 0.500000
vt 0.438730 0.556702
vt 0.450159 0.556702
vt 0.450149 0.943298
vt 0.438740 0.943298
vt 0.327618 0.556702
vt 0.339048 0.556702
vt 0.339038 0.943298
vt 0.327629 0.943298
vt 0.216507 0.556702
vt 0.227937 0.556702
vt 0.227927 0.943298
vt 0.216518 0.943298
vt 0.105396 0.556702
vt 0.116826 0.556702
vt 0.116815 0.943298
vt 0.105407 0.943298
vt 0.994683 0.556702
vt 0.000000 0.943045
vt 0.005308 0.943298
vt 0.994296 0.943298
vt 0.000000 0.556449
vt 0.005715 0.556702
vt 0.004990 0.556322
vt 0.000000 0.552488
vt 0.994992 0.943313
vt 1.000000 0.943893
vt 0.999931 0.999992
vt 0.893878 0.556687
vt 0.883899 0.556686
vt 0.883881 0.943314
vt 0.893897 0.943314
vt 0.782767 0.556686
vt 0.772788 0.556687
vt 0.772770 0.943314
vt 0.782786 0.943313
vt 0.671656 0.556687
vt 0.661677 0.556686
vt 0.661659 0.943313
vt 0.671674 0.943313
vt 0.560545 0.556687
vt 0.550566 0.556687
vt 0.550548 0.943313
vt 0.560563 0.943314
vt 0.449434 0.556687
vt 0.439455 0.556687
vt 0.444444 0.500000
vt 0.439437 0.943313
vt 0.449452 0.943313
vt 0.338323 0.556687
vt 0.328344 0.556687
vt 0.328326 0.943314
vt 0.338341 0.943313
vt 0.227212 0.556687
vt 0.217233 0.556687
vt 0.217215 0.943314
vt 0.227230 0.943314
vt 0.116101 0.556687
vt 0.106122 0.556687
vt 0.106103 0.943313
vt 0.116119 0.943314
vt 0.994661 0.556104
vt 0.005359 0.943313
vt 0.000000 0.943893
vt 0.883551 0.556687
vt 0.894227 0.556687
vt 0.894248 0.943314
vt 0.883530 0.943314
vt 0.772440 0.556687
vt 0.783116 0.556687
vt 0.783137 0.943313
vt 0.772418 0.943314
vt 0.661328 0.556686
vt 0.672005 0.556687
vt 0.672026 0.943313
vt 0.661307 0.943313
vt 0.550217 0.556687
vt 0.560894 0.556686
vt 0.560915 0.943313
vt 0.550196 0.943313
vt 0.439106 0.556686
vt 0.449783 0.556687
vt 0.449804 0.943313
vt 0.439085 0.943314
vt 0.327995 0.556687
vt 0.338672 0.556687
vt 0.338693 0.943314
vt 0.327974 0.943313
vt 0.216884 0.556687
vt 0.227560 0.556687
vt 0.227582 0.943314
vt 0.216863 0.943314
vt 0.105773 0.556687
vt 0.116449 0.556687
vt 0.116470 0.943313
vt 0.105752 0.943313
vt 0.995010 0.556687
vt 0.005008 0.943313
vt 0.994641 0.943313
vt 0.005338 0.556686
vt 0.000000 0.557266
vt 0.004755 0.556243
vt 0.000000 0.553126
vt 0.995206 0.943407
vt 1.000000 0.944813
vt 0.999937 0.999982
vt 0.893643 0.556593
vt 0.884134 0.556593
vt 0.884094 0.943407
vt 0.893683 0.943407
vt 0.782532 0.556593
vt 0.773023 0.556593
vt 0.772983 0.943407
vt 0.782572 0.943407
vt 0.671421 0.556593
vt 0.661912 0.556593
vt 0.661872 0.943407
vt 0.671461 0.943407
vt 0.560310 0.556593
vt 0.550801 0.556593
vt 0.550761 0.943407
vt 0.560350 0.943407
vt 0.449199 0.556593
vt 0.439690 0.556593
vt 0.439650 0.943407
vt 0.449239 0.943407
vt 0.338088 0.556593
vt 0.328579 0.556593
vt 0.328539 0.943407
vt 0.338128 0.943407
vt 0.226977 0.556593
vt 0.217468 0.556593
vt 0.222222 0.500000
vt 0.222222 1.000000
vt 0.217428 0.943407
vt 0.227017 0.943407
vt 0.115866 0.556593
vt 0.106357 0.556593
vt 0.111111 0.500000
vt 0.106317 0.943407
vt 0.115906 0.943407
vt 0.994930 0.556040
vt 0.005115 0.943407
vt 0.000000 0.944814
vt 0.883820 0.556593
vt 0.893958 0.556593
vt 0.894004 0.943407
vt 0.883774 0.943407
vt 0.772709 0.556593
vt 0.782847 0.556593
vt 0.782893 0.943407
vt 0.772663 0.943407
vt 0.661598 0.556593
vt 0.671736 0.556593
vt 0.671782 0.943407
vt 0.661551 0.943407
vt 0.666667 1.000000
vt 0.550487 0.556593
vt 0.560625 0.556593
vt 0.560671 0.943407
vt 0.550440 0.943407
vt 0.439376 0.556593
vt 0.449513 0.556593
vt 0.449560 0.943407
vt 0.439329 0.943407
vt 0.328264 0.556593
vt 0.338402 0.556593
vt 0.338448 0.943407
vt 0.328218 0.943407
vt 0.217153 0.556593
vt 0.227291 0.556593
vt 0.227337 0.943407
vt 0.217107 0.943407
vt 0.106042 0.556593
vt 0.116180 0.556593
vt 0.116226 0.943407
vt 0.105996 0.943407
vt 0.995246 0.556593
vt 0.004795 0.943407
vt 0.000000 0.557999
vt 0.005069 0.556593
vt 0.994885 0.943407
vt 0.004588 0.556123
vt 0.000000 0.553584
vt 0.995358 0.943538
vt 1.000000 0.945598
vt 0.999941 0.999974
vt 0.893476 0.556462
vt 0.884301 0.556462
vt 0.884247 0.943538
vt 0.893531 0.943538
vt 0.782365 0.556462
vt 0.773190 0.556462
vt 0.773136 0.943538
vt 0.782420 0.943538
vt 0.671254 0.556462
vt 0.662079 0.556462
vt 0.662024 0.943538
vt 0.671309 0.943538
vt 0.560143 0.556462
vt 0.550968 0.556462
vt 0.550913 0.943538
vt 0.560198 0.943538
vt 0.449032 0.556462
vt 0.439857 0.556462
vt 0.444444 1.000000
vt 0.439802 0.943538
vt 0.449087 0.943538
vt 0.337921 0.556462
vt 0.328746 0.556462
vt 0.328691 0.943538
vt 0.337976 0.943538
vt 0.226810 0.556462
vt 0.217635 0.556462
vt 0.217580 0.943538
vt 0.226864 0.943538
vt 0.115699 0.556462
vt 0.106524 0.556462
vt 0.106469 0.943538
vt 0.115753 0.943538
vt 0.995120 0.555968
vt 1.000000 0.551918
vt 0.004941 0.943538
vt 0.000000 0.945598
vt 0.884011 0.556462
vt 0.893767 0.556462
vt 0.893830 0.943538
vt 0.883948 0.943538
vt 0.772900 0.556462
vt 0.782656 0.556462
vt 0.782719 0.943538
vt 0.772837 0.943538
vt 0.661789 0.556462
vt 0.671545 0.556462
vt 0.671608 0.943538
vt 0.661726 0.943538
vt 0.550677 0.556462
vt 0.560434 0.556462
vt 0.560497 0.943538
vt 0.550615 0.943538
vt 0.444444 0.500000
vt 0.439566 0.556462
vt 0.449323 0.556462
vt 0.449385 0.943538
vt 0.439503 0.943538
vt 0.328455 0.556462
vt 0.338212 0.556462
vt 0.338274 0.943538
vt 0.328392 0.943538
vt 0.217344 0.556462
vt 0.227100 0.556462
vt 0.227163 0.943538
vt 0.217281 0.943538
vt 0.106233 0.556462
vt 0.115989 0.556462
vt 0.116052 0.943538
vt 0.106170 0.943538
vt 0.995413 0.556462
vt 0.004642 0.943538
vt 0.995059 0.943538
vt 0.004878 0.556462
vt 0.004464 0.556039
vt 0.000000 0.553816
vt 0.995476 0.943632
vt 1.000000 0.946049
vt 0.999944 0.999971
vt 0.893352 0.556368
vt 0.884425 0.556368
vt 0.884364 0.943632
vt 0.893413 0.943631
vt 0.782241 0.556368
vt 0.773314 0.556368
vt 0.773253 0.943632
vt 0.782302 0.943632
vt 0.671130 0.556368
vt 0.662203 0.556368
vt 0.666667 1.000000
vt 0.662142 0.943632
vt 0.671191 0.943632
vt 0.560019 0.556368
vt 0.551092 0.556368
vt 0.551031 0.943632
vt 0.560080 0.943632
vt 0.448908 0.556368
vt 0.439981 0.556368
vt 0.439920 0.943632
vt 0.448969 0.943631
vt 0.337797 0.556368
vt 0.328870 0.556368
vt 0.328809 0.943632
vt 0.337858 0.943631
vt 0.226686 0.556368
vt 0.217759 0.556368
vt 0.217698 0.943632
vt 0.226747 0.943632
vt 0.115575 0.556368
vt 0.106648 0.556368
vt 0.111111 0.500000
vt 0.106587 0.943632
vt 0.115636 0.943632
vt 0.995261 0.555854
vt 0.004807 0.943632
vt 0.000000 0.946049
vt 0.884151 0.556368
vt 0.893626 0.556368
vt 0.893696 0.943632
vt 0.884082 0.943632
vt 0.773040 0.556369
vt 0.782515 0.556368
vt 0.782585 0.943632
vt 0.772971 0.943632
vt 0.661929 0.556368
vt 0.671404 0.556368
vt 0.671474 0.943632
vt 0.661860 0.943632
vt 0.550818 0.556368
vt 0.560293 0.556368
vt 0.560363 0.943632
vt 0.550749 0.943632
vt 0.439707 0.556368
vt 0.449182 0.556368
vt 0.449251 0.943632
vt 0.439638 0.943632
vt 0.328596 0.556368
vt 0.338071 0.556368
vt 0.338140 0.943632
vt 0.328526 0.943632
vt 0.217485 0.556368
vt 0.226960 0.556368
vt 0.227029 0.943632
vt 0.217415 0.943632
vt 0.106374 0.556368
vt 0.115849 0.556368
vt 0.115918 0.943632
vt 0.106304 0.943632
vt 0.995537 0.556368
vt 0.004524 0.943632
vt 0.000000 0.558786
vt 0.004738 0.556368
vt 0.995193 0.943632
vt 0.004397 0.561956
vt 0.000000 0.558568
vt 0.995559 0.937645
vt 1.000000 0.940012
vt 0.999946 0.999972
vt 0.893285 0.562355
vt 0.884493 0.562355
vt 0.884447 0.937645
vt 0.893330 0.937645
vt 0.782174 0.562355
vt 0.773382 0.562355
vt 0.773336 0.937645
vt 0.782219 0.937645
vt 0.671063 0.562355
vt 0.662270 0.562355
vt 0.662225 0.937645
vt 0.671108 0.937645
vt 0.559952 0.562355
vt 0.551159 0.562355
vt 0.551114 0.937645
vt 0.559997 0.937645
vt 0.448841 0.562355
vt 0.440048 0.562355
vt 0.440003 0.937645
vt 0.448886 0.937645
vt 0.337730 0.562355
vt 0.328937 0.562355
vt 0.333333 1.000000
vt 0.328892 0.937645
vt 0.337775 0.937645
vt 0.226619 0.562355
vt 0.217826 0.562355
vt 0.217781 0.937645
vt 0.226664 0.937645
vt 0.115507 0.562355
vt 0.106715 0.562355
vt 0.106670 0.937645
vt 0.115553 0.937645
vt 0.995336 0.561775
vt 1.000000 0.556528
vt 0.004714 0.937645
vt 0.000000 0.940012
vt 0.884226 0.562355
vt 0.893551 0.562355
vt 0.893603 0.937645
vt 0.884175 0.937645
vt 0.773115 0.562355
vt 0.782440 0.562355
vt 0.782492 0.937645
vt 0.773064 0.937645
vt 0.777778 1.000000
vt 0.662004 0.562355
vt 0.671329 0.562355
vt 0.671381 0.937645
vt 0.661953 0.937645
vt 0.550893 0.562355
vt 0.560218 0.562355
vt 0.560269 0.937645
vt 0.550842 0.937645
vt 0.439782 0.562355
vt 0.449107 0.562355
vt 0.449158 0.937645
vt 0.439730 0.937645
vt 0.328671 0.562355
vt 0.337996 0.562355
vt 0.338047 0.937645
vt 0.328619 0.937645
vt 0.217560 0.562355
vt 0.226885 0.562355
vt 0.226936 0.937645
vt 0.217508 0.937645
vt 0.106449 0.562355
vt 0.115774 0.562355
vt 0.115825 0.937645
vt 0.106397 0.937645
vt 0.995604 0.562355
vt 0.000000 0.940012
vt 0.004442 0.937645
vt 0.995286 0.937645
vt 0.004663 0.562355
vt 0.000000 0.500000
vt 0.750000 0.315630
vt 0.864127 0.407082
vt 0.250000 0.315630
vt 0.364127 0.407082
vt 0.812418 0.270281
vt 0.864127 0.407082
vt 0.312418 0.270281
vt 0.434661 0.190000
vt 0.788576 0.196904
vt 0.934661 0.190000
vt 0.288576 0.196904
vt 0.434661 0.190000
vt 0.711424 0.196904
vt 0.211424 0.196904
vt 0.687582 0.270281
vt 0.635873 0.407082
vt 0.100000 0.514136
vt 0.000000 0.985864
vt 0.000000 0.514136
vt 0.700000 0.514136
vt 0.900000 0.985864
vt 0.700000 0.985864
vt 0.500000 0.514136
vt 0.500000 0.985864
vt 0.300000 0.514136
vt 0.500000 0.985864
vt 0.300000 0.985864
vt 0.100000 0.514136
vt 0.300000 0.985864
vt 0.100000 0.985864
vt 0.900000 0.514136
vt 0.900000 0.514136
vt 0.700000 0.514136
vt 0.500000 0.514136
vt 0.300000 0.514136
vt 0.750000 0.315630
vt 0.635873 0.407082
vt 0.250000 0.315630
vt 0.364127 0.407082
vt 0.864127 0.407082
vt 0.434661 0.190000
vt 0.288576 0.196904
vt 0.434661 0.190000
vt 0.711424 0.196904
vt 0.565339 0.190000
vt 0.211424 0.196904
vt 0.065339 0.190000
vt 0.250000 0.055836
vt 0.187582 0.270281
vt 0.135873 0.407082
vt 0.100000 0.987225
vt 0.000000 0.512775
vt 0.100000 0.512775
vt 0.700000 0.987225
vt 0.900000 0.512775
vt 0.900000 0.987225
vt 0.500000 0.512775
vt 0.500000 0.987225
vt 0.300000 0.987225
vt 0.500000 0.512775
vt 0.100000 0.512775
vt 0.300000 0.987225
vt 0.100000 0.987225
vt 0.700000 0.512775
vt 0.300000 0.512775
vt 0.300000 0.512775
vt 0.750000 0.392825
vt 0.685781 0.442868
vt 0.814219 0.442868
vt 0.250000 0.313319
vt 0.364127 0.407082
vt 0.885835 0.294135
vt 0.913584 0.370676
vt 0.953273 0.248523
vt 0.310220 0.269567
vt 0.434661 0.190000
vt 0.833951 0.134452
vt 0.915319 0.131714
vt 0.811410 0.056219
vt 0.287218 0.198774
vt 0.250000 0.055836
vt 0.666049 0.134452
vt 0.688589 0.056219
vt 0.584681 0.131714
vt 0.212782 0.198774
vt 0.065339 0.190000
vt 0.250000 0.055836
vt 0.614165 0.294136
vt 0.546727 0.248523
vt 0.586416 0.370676
vt 0.189780 0.269567
vt 0.065339 0.190000
vt 0.100000 0.991847
vt 0.000000 0.508260
vt 0.056283 0.508153
vt 0.743717 0.508153
vt 0.900000 0.991847
vt 0.700000 0.991847
vt 0.500000 0.991847
vt 0.656283 0.508153
vt 0.700000 0.991847
vt 0.300000 0.991847
vt 0.456283 0.508153
vt 0.143717 0.508153
vt 0.300000 0.991847
vt 0.100000 0.991847
vt 0.943717 0.508153
vt 0.856283 0.508153
vt 0.543718 0.508153
vt 0.343717 0.508153
vt 0.256283 0.508153
vt 0.750000 0.392885
vt 0.685849 0.442941
vt 0.814151 0.442941
vt 0.250000 0.313428
vt 0.364127 0.407082
vt 0.885892 0.294154
vt 0.913674 0.370633
vt 0.953321 0.248611
vt 0.310323 0.269600
vt 0.434661 0.190000
vt 0.364127 0.407082
vt 0.833986 0.134403
vt 0.915307 0.131615
vt 0.811509 0.056201
vt 0.287282 0.198686
vt 0.666014 0.134403
vt 0.688491 0.056201
vt 0.584693 0.131615
vt 0.212718 0.198686
vt 0.065339 0.190000
vt 0.250000 0.055836
vt 0.614108 0.294154
vt 0.546679 0.248611
vt 0.586326 0.370633
vt 0.189677 0.269600
vt 0.135873 0.407082
vt 0.100000 0.992233
vt 0.000000 0.507864
vt 0.056222 0.507767
vt 0.743778 0.507767
vt 0.900000 0.992233
vt 0.700000 0.992233
vt 0.543778 0.507767
vt 0.500000 0.992233
vt 0.343778 0.507767
vt 0.500000 0.992233
vt 0.300000 0.992233
vt 0.143778 0.507767
vt 0.300000 0.992233
vt 0.100000 0.992233
vt 0.943778 0.507767
vt 0.856222 0.507767
vt 0.656222 0.507767
vt 0.456222 0.507767
vt 0.256222 0.507767
vt 0.750000 0.392940
vt 0.685912 0.443007
vt 0.814088 0.443007
vt 0.250000 0.313527
vt 0.364127 0.407082
vt 0.135873 0.407082
vt 0.885944 0.294171
vt 0.913757 0.370594
vt 0.953365 0.248691
vt 0.310418 0.269631
vt 0.834018 0.134359
vt 0.915295 0.131524
vt 0.811599 0.056184
vt 0.287340 0.198605
vt 0.250000 0.055836
vt 0.665982 0.134359
vt 0.688402 0.056184
vt 0.584705 0.131524
vt 0.212660 0.198605
vt 0.065339 0.190000
vt 0.250000 0.055836
vt 0.614056 0.294171
vt 0.546635 0.248691
vt 0.586243 0.370594
vt 0.189582 0.269631
vt 0.065339 0.190000
vt 0.100000 0.992587
vt 0.000000 0.507502
vt 0.056166 0.507413
vt 0.743834 0.507413
vt 0.900000 0.992587
vt 0.700000 0.992587
vt 0.500000 0.992587
vt 0.656166 0.507413
vt 0.343834 0.507413
vt 0.500000 0.992587
vt 0.300000 0.992587
vt 0.143834 0.507413
vt 0.100000 0.992587
vt 0.943834 0.507413
vt 0.856166 0.507413
vt 0.543834 0.507413
vt 0.456166 0.507413
vt 0.256166 0.507413
vt 0.750000 0.392969
vt 0.685945 0.443042
vt 0.814055 0.443043
vt 0.250000 0.313580
vt 0.364127 0.407082
vt 0.135873 0.407082
vt 0.885972 0.294180
vt 0.913800 0.370573
vt 0.953388 0.248734
vt 0.310468 0.269647
vt 0.834035 0.134336
vt 0.915289 0.131476
vt 0.811646 0.056175
vt 0.287372 0.198563
vt 0.434661 0.190000
vt 0.665965 0.134336
vt 0.688354 0.056175
vt 0.584711 0.131476
vt 0.212629 0.198563
vt 0.065339 0.190000
vt 0.614028 0.294180
vt 0.546612 0.248734
vt 0.586200 0.370573
vt 0.189532 0.269647
vt 0.100000 0.992775
vt 0.000000 0.507310
vt 0.056137 0.507225
vt 0.743863 0.507225
vt 0.900000 0.992775
vt 0.700000 0.992774
vt 0.500000 0.992775
vt 0.656137 0.507225
vt 0.343863 0.507225
vt 0.300000 0.992774
vt 0.143863 0.507225
vt 0.943863 0.507225
vt 0.856137 0.507225
vt 0.543863 0.507225
vt 0.456137 0.507225
vt 0.256137 0.507225
vt 0.750000 0.392836
vt 0.685794 0.442882
vt 0.814206 0.442882
vt 0.250000 0.313339
vt 0.885846 0.294139
vt 0.913600 0.370668
vt 0.953282 0.248540
vt 0.310239 0.269573
vt 0.833957 0.134443
vt 0.915317 0.131695
vt 0.811429 0.056216
vt 0.287230 0.198758
vt 0.250000 0.055836
vt 0.434661 0.190000
vt 0.666043 0.134443
vt 0.688571 0.056216
vt 0.584683 0.131695
vt 0.212770 0.198758
vt 0.250000 0.055836
vt 0.614154 0.294139
vt 0.546718 0.248540
vt 0.586399 0.370668
vt 0.189761 0.269573
vt 0.100000 0.991919
vt 0.000000 0.508186
vt 0.056271 0.508081
vt 0.743729 0.508081
vt 0.900000 0.991919
vt 0.700000 0.991919
vt 0.543729 0.508081
vt 0.700000 0.991919
vt 0.500000 0.991919
vt 0.300000 0.991919
vt 0.456271 0.508081
vt 0.143729 0.508081
vt 0.300000 0.991919
vt 0.100000 0.991919
vt 0.943729 0.508081
vt 0.856271 0.508081
vt 0.656271 0.508081
vt 0.343729 0.508081
vt 0.256271 0.508081
vt 0.000000 0.500000
vt 0.016343 0.532432
vt 0.000000 0.532072
vt 0.982567 0.967270
vt 1.000000 0.968094
vt 0.999126 0.999959
vt 0.873484 0.532730
vt 0.840802 0.532730
vt 0.857143 0.500000
vt 0.857143 1.000000
vt 0.839710 0.967270
vt 0.874576 0.967270
vt 0.730627 0.532730
vt 0.697945 0.532730
vt 0.714286 0.500000
vt 0.714286 1.000000
vt 0.696853 0.967270
vt 0.731719 0.967270
vt 0.587770 0.532730
vt 0.555088 0.532730
vt 0.571429 0.500000
vt 0.571429 1.000000
vt 0.553996 0.967270
vt 0.588862 0.967270
vt 0.444913 0.532730
vt 0.412230 0.532730
vt 0.428571 0.500000
vt 0.428571 1.000000
vt 0.411138 0.967270
vt 0.446004 0.967270
vt 0.302055 0.532730
vt 0.269373 0.532730
vt 0.285714 0.500000
vt 0.285714 1.000000
vt 0.268281 0.967269
vt 0.303147 0.967270
vt 0.159198 0.532730
vt 0.126516 0.532730
vt 0.142857 0.500000
vt 0.142857 1.000000
vt 0.125424 0.967270
vt 0.160290 0.967270
vt 0.979095 0.531961
vt 0.000000 1.000000
vt 0.022835 0.967270
vt 0.000000 0.968095
vt 0.857143 0.500000
vt 0.836245 0.532730
vt 0.878041 0.532730
vt 0.879978 0.967270
vt 0.834308 0.967270
vt 0.857143 1.000000
vt 0.714286 0.500000
vt 0.693388 0.532730
vt 0.735184 0.532730
vt 0.737121 0.967270
vt 0.691451 0.967270
vt 0.714286 1.000000
vt 0.550530 0.532730
vt 0.592327 0.532730
vt 0.594264 0.967270
vt 0.548593 0.967270
vt 0.571429 1.000000
vt 0.407673 0.532730
vt 0.449470 0.532730
vt 0.451407 0.967270
vt 0.405736 0.967270
vt 0.428571 1.000000
vt 0.285714 0.500000
vt 0.264816 0.532730
vt 0.306612 0.532730
vt 0.308549 0.967270
vt 0.262879 0.967270
vt 0.285714 1.000000
vt 0.142857 0.500000
vt 0.121959 0.532730
vt 0.163755 0.532730
vt 0.165692 0.967270
vt 0.120022 0.967270
vt 0.983659 0.532730
vt 0.017433 0.967270
vt 0.000000 1.000000
vt 0.020898 0.532730
vt 0.000000 0.533555
vt 0.977165 0.967270
vt 0.788576 0.196904
vt 0.934661 0.190000
vt 0.250000 0.055836
vt 0.434661 0.190000
vt 0.565339 0.190000
vt 0.250000 0.055836
vt 0.687582 0.270281
vt 0.187582 0.270281
vt 0.100000 0.976113
vt 0.000000 0.523887
vt 0.100000 0.523887
vt 0.700000 0.976113
vt 0.900000 0.523887
vt 0.900000 0.976113
vt 0.500000 0.523887
vt 0.500000 0.976113
vt 0.300000 0.523887
vt 0.500000 0.976113
vt 0.300000 0.976113
vt 0.100000 0.976113
vt 0.300000 0.976113
vt 0.900000 0.523887
vt 0.700000 0.523887
vt 0.700000 0.523887
vt 0.500000 0.523887
vt 0.000000 0.995486
vt 0.022406 0.756666
vt 0.000000 0.941444
vt 0.000000 0.941940
vt 1.000000 0.941940
vt 0.000000 0.944270
vt 0.000000 0.945279
vt 0.000000 0.940404
vt 0.000000 0.987633
vt 0.000000 0.989090
vt 0.900000 0.989090
vt 0.032696 0.753188
vt 0.000000 0.928451
vt 0.000000 0.938923
vt 0.000000 0.940964
vt 0.000000 0.942661
vt 0.000000 0.992253
vt 0.900000 0.992253
vt 0.000000 0.991735
vt 0.900000 0.991735
vt 0.974601 0.755227
vt 0.006898 0.565632
vt 0.000000 0.942424
vt 0.000000 0.943893
vt 0.000000 0.944813
vt 0.000000 0.945598
vt 1.000000 0.945598
vt 1.000000 0.940012
vt 0.900000 0.985864
vt 0.000000 0.987225
vt 0.900000 0.987225
vt 0.000000 0.991954
vt 0.900000 0.991847
vt 0.000000 0.992331
vt 0.000000 0.992676
vt 0.900000 0.992587
vt 0.000000 0.992859
vt 0.000000 0.992025
vt 0.900000 0.991919
vt 0.000000 0.976113
vt 0.900000 0.976113
s 0
usemtl wood
f 1/1/1 2/2/1 3/3/1
f 4/4/2 5/5/2 6/6/2
f 7/7/3 8/8/3 9/9/3
f 10/10/4 11/11/4 12/12/4
f 13/13/5 14/14/5 15/15/5
f 16/16/6 17/17/6 18/18/6
f 19/19/7 20/20/7 21/21/7
f 22/22/8 23/23/8 24/24/8
f 1/1/9 8/8/9 7/7/9
f 2/25/10 6/26/10 3/27/10
f 5/28/11 12/12/11 6/26/11
f 9/29/12 12/12/12 11/11/12
f 7/7/13 20/20/13 19/19/13
f 10/10/14 24/24/14 11/11/14
f 21/21/15 24/24/15 23/23/15
f 19/19/16 14/14/16 13/13/16
f 22/22/17 18/18/17 23/23/17
f 17/17/18 14/14/18 18/18/18
f 1/1/19 15/15/19 2/2/19
f 5/5/20 17/17/20 16/16/20
f 19/19/21 1/1/21 7/7/21
f 6/26/22 8/30/22 3/27/22
f 17/17/23 2/31/23 15/15/23
f 10/32/24 16/16/24 22/22/24
f 11/11/25 20/20/25 9/29/25
f 23/23/26 14/14/26 21/21/26
f 25/1/27 26/2/27 27/3/27
f 28/4/28 29/5/28 30/6/28
f 31/7/29 32/8/29 33/9/29
f 34/10/30 35/11/30 36/12/30
f 37/13/31 38/14/31 39/15/31
f 40/16/32 41/17/32 42/18/32
f 43/19/33 44/20/33 45/21/33
f 46/22/34 47/23/34 48/33/34
f 31/7/35 27/3/35 32/8/35
f 28/34/36 27/27/36 26/25/36
f 34/10/37 30/26/37 29/28/37
f 33/29/38 36/12/38 35/11/38
f 31/7/39 44/20/39 43/19/39
f 34/10/40 48/33/40 35/11/40
f 45/21/41 48/33/41 47/23/41
f 43/19/42 38/14/42 37/13/42
f 40/16/43 47/23/43 46/22/43
f 39/15/44 42/18/44 41/17/44
f 37/13/45 26/2/45 25/1/45
f 40/16/46 28/4/46 41/17/46
f 43/19/47 25/1/47 31/7/47
f 30/26/48 32/30/48 27/27/48
f 41/17/49 26/31/49 39/15/49
f 34/32/50 40/16/50 46/22/50
f 33/29/51 48/33/51 44/20/51
f 47/23/52 38/14/52 45/21/52
f 49/1/53 50/2/53 51/3/53
f 52/4/54 53/5/54 54/6/54
f 55/7/55 56/8/55 57/9/55
f 58/10/56 59/11/56 60/35/56
f 61/13/57 62/14/57 63/15/57
f 64/16/58 65/17/58 66/18/58
f 67/19/59 68/36/59 69/21/59
f 70/22/60 71/23/60 72/24/60
f 49/1/61 56/8/61 55/7/61
f 52/34/62 51/27/62 50/25/62
f 58/10/63 54/26/63 53/28/63
f 57/29/64 60/35/64 59/11/64
f 55/7/65 68/36/65 67/19/65
f 58/10/66 72/24/66 59/11/66
f 69/21/67 72/24/67 71/23/67
f 67/19/68 62/14/68 61/13/68
f 64/16/69 71/23/69 70/22/69
f 65/17/70 62/14/70 66/18/70
f 61/13/71 50/2/71 49/1/71
f 64/16/72 52/4/72 65/17/72
f 55/7/73 61/13/73 49/1/73
f 51/27/74 60/35/74 56/30/74
f 63/15/75 52/4/75 50/31/75
f 58/32/76 64/16/76 70/22/76
f 59/11/77 68/36/77 57/29/77
f 69/21/78 66/18/78 62/14/78
f 97/1/105 98/2/105 99/3/105
f 100/4/106 101/5/106 102/6/106
f 103/7/107 104/8/107 105/9/107
f 106/10/108 107/11/108 108/12/108
f 109/13/109 110/37/109 111/15/109
f 112/16/110 113/17/110 114/18/110
f 115/19/111 116/20/111 117/21/111
f 118/22/112 119/23/112 120/24/112
f 97/1/113 104/8/113 103/7/113
f 98/25/114 102/26/114 99/27/114
f 106/10/115 102/26/115 101/28/115
f 107/11/116 104/30/116 108/12/116
f 103/7/117 116/20/117 115/19/117
f 118/22/118 107/11/118 106/10/118
f 117/21/119 120/24/119 119/23/119
f 109/13/120 117/21/120 110/37/120
f 112/16/121 119/23/121 118/22/121
f 111/15/122 114/18/122 113/17/122
f 97/1/123 111/15/123 98/2/123
f 112/16/124 100/4/124 113/17/124
f 115/19/125 97/1/125 103/7/125
f 102/26/126 104/30/126 99/27/126
f 111/15/127 100/4/127 98/31/127
f 106/32/128 112/16/128 118/22/128
f 107/11/129 116/20/129 105/29/129
f 119/23/130 110/37/130 117/21/130
f 121/1/131 122/2/131 123/3/131
f 124/4/132 125/5/132 126/6/132
f 127/7/133 128/8/133 129/9/133
f 130/10/134 131/11/134 132/12/134
f 133/13/135 134/14/135 135/15/135
f 136/16/136 137/17/136 138/18/136
f 139/19/137 140/20/137 141/21/137
f 142/22/138 143/23/138 144/33/138
f 121/1/139 128/8/139 127/7/139
f 124/34/140 123/27/140 122/25/140
f 130/10/141 126/26/141 125/28/141
f 129/29/142 132/12/142 131/11/142
f 139/19/143 129/9/143 140/20/143
f 130/10/144 144/33/144 131/11/144
f 143/23/145 140/20/145 144/33/145
f 139/19/146 134/14/146 133/13/146
f 136/16/147 143/23/147 142/22/147
f 137/17/148 134/14/148 138/18/148
f 121/1/149 135/15/149 122/2/149
f 136/16/150 124/4/150 137/17/150
f 139/19/151 121/1/151 127/7/151
f 123/27/152 132/12/152 128/30/152
f 137/17/153 122/31/153 135/15/153
f 130/32/154 136/16/154 142/22/154
f 131/11/155 140/20/155 129/29/155
f 141/21/156 138/18/156 134/14/156
f 145/1/157 146/2/157 147/3/157
f 148/4/158 149/5/158 150/6/158
f 151/7/159 152/8/159 153/9/159
f 154/10/160 155/11/160 156/35/160
f 157/13/161 158/14/161 159/15/161
f 160/16/162 161/17/162 162/18/162
f 163/19/163 164/36/163 165/21/163
f 166/22/164 167/23/164 168/24/164
f 151/7/165 147/3/165 152/8/165
f 148/34/166 147/27/166 146/25/166
f 149/28/167 156/35/167 150/26/167
f 155/11/168 152/30/168 156/35/168
f 151/7/169 164/36/169 163/19/169
f 166/22/170 155/11/170 154/10/170
f 167/23/171 164/36/171 168/24/171
f 163/19/172 158/14/172 157/13/172
f 160/16/173 167/23/173 166/22/173
f 161/17/174 158/14/174 162/18/174
f 157/13/175 146/2/175 145/1/175
f 149/5/176 161/17/176 160/16/176
f 151/7/177 157/13/177 145/1/177
f 150/26/178 152/30/178 147/27/178
f 159/15/179 148/4/179 146/31/179
f 166/22/180 149/38/180 160/16/180
f 155/11/181 164/36/181 153/29/181
f 165/21/182 162/18/182 158/14/182
f 193/39/209 194/40/209 195/41/209
f 196/42/210 197/43/210 198/44/210
f 199/45/211 200/46/211 201/47/211
f 202/48/212 203/49/212 204/50/212
f 205/51/213 206/52/213 207/53/213
f 208/54/214 209/55/214 210/56/214
f 211/57/215 212/58/215 213/59/215
f 214/60/216 215/61/216 216/62/216
f 217/63/217 218/64/217 219/65/217
f 220/66/218 221/67/218 222/68/218
f 223/69/219 224/70/219 225/71/219
f 226/72/220 227/73/220 228/74/220
f 229/75/221 230/76/221 231/77/221
f 232/78/222 233/79/222 234/80/222
f 195/41/223 199/45/223 193/39/223
f 204/50/224 196/42/224 202/48/224
f 198/81/225 195/82/225 194/83/225
f 203/84/226 200/85/226 204/86/226
f 206/52/227 199/45/227 201/47/227
f 210/56/228 202/48/228 208/54/228
f 207/87/229 210/88/229 209/89/229
f 207/53/230 211/57/230 205/51/230
f 216/62/231 208/54/231 214/60/231
f 213/90/232 216/91/232 215/92/232
f 218/64/233 211/57/233 213/59/233
f 222/68/234 214/60/234 220/66/234
f 219/93/235 222/94/235 221/95/235
f 224/70/236 217/63/236 219/65/236
f 228/74/237 220/66/237 226/72/237
f 225/96/238 228/97/238 227/98/238
f 230/76/239 223/69/239 225/71/239
f 234/80/240 226/72/240 232/78/240
f 233/99/241 230/100/241 234/98/241
f 194/40/242 229/75/242 231/77/242
f 198/44/243 232/78/243 196/42/243
f 199/45/244 211/57/244 223/69/244
f 195/101/245 204/86/245 200/85/245
f 231/102/246 198/81/246 194/83/246
f 196/42/247 226/72/247 214/60/247
f 201/103/248 210/88/248 206/104/248
f 207/87/249 216/91/249 212/105/249
f 213/90/250 222/94/250 218/106/250
f 219/93/251 228/97/251 224/107/251
f 225/96/252 234/98/252 230/100/252
f 235/1/253 236/2/253 237/3/253
f 238/4/254 239/5/254 240/6/254
f 241/7/255 242/8/255 243/9/255
f 244/10/256 245/11/256 246/12/256
f 247/13/257 248/14/257 249/15/257
f 250/16/258 251/17/258 252/18/258
f 253/19/259 254/20/259 255/21/259
f 256/22/260 257/23/260 258/33/260
f 241/7/261 237/3/261 242/8/261
f 236/25/262 240/26/262 237/27/262
f 244/10/263 240/26/263 239/28/263
f 243/29/264 246/12/264 245/11/264
f 241/7/265 254/20/265 253/19/265
f 244/10/266 258/33/266 245/11/266
f 257/23/267 254/20/267 258/33/267
f 253/19/268 248/14/268 247/13/268
f 250/16/269 257/23/269 256/22/269
f 251/17/270 248/14/270 252/18/270
f 235/1/271 249/15/271 236/2/271
f 250/16/272 238/4/272 251/17/272
f 253/19/273 235/1/273 241/7/273
f 237/27/274 246/12/274 242/30/274
f 251/17/275 236/31/275 249/15/275
f 244/32/276 250/16/276 256/22/276
f 245/11/277 254/20/277 243/29/277
f 257/23/278 248/14/278 255/21/278
f 1/1/9 3/3/9 8/8/9
f 2/25/10 4/34/10 6/26/10
f 5/28/3560 10/10/3560 12/12/3560
f 9/29/12 8/30/12 12/12/12
f 7/7/13 9/9/13 20/20/13
f 10/10/14 22/22/14 24/24/14
f 21/21/15 20/20/15 24/24/15
f 19/19/3561 21/21/3561 14/14/3561
f 22/22/17 16/16/17 18/18/17
f 17/17/18 15/15/18 14/14/18
f 1/1/19 13/13/19 15/15/19
f 5/5/20 4/4/20 17/17/20
f 19/19/21 13/13/21 1/1/21
f 6/26/22 12/12/22 8/30/22
f 17/17/23 4/4/23 2/31/23
f 10/32/24 5/38/24 16/16/24
f 11/11/25 24/24/25 20/20/25
f 23/23/26 18/18/26 14/14/26
f 31/7/35 25/1/35 27/3/35
f 28/34/36 30/26/36 27/27/36
f 34/10/37 36/12/37 30/26/37
f 33/29/3562 32/30/3562 36/12/3562
f 31/7/39 33/9/39 44/20/39
f 34/10/40 46/22/40 48/33/40
f 45/21/41 44/20/41 48/33/41
f 43/19/42 45/21/42 38/14/42
f 40/16/43 42/18/43 47/23/43
f 39/15/44 38/14/44 42/18/44
f 37/13/45 39/15/45 26/2/45
f 40/16/46 29/5/46 28/4/46
f 43/19/47 37/13/47 25/1/47
f 30/26/48 36/12/48 32/30/48
f 41/17/49 28/4/49 26/31/49
f 34/32/50 29/38/50 40/16/50
f 33/29/51 35/11/51 48/33/51
f 47/23/52 42/18/52 38/14/52
f 49/1/61 51/3/61 56/8/61
f 52/34/3563 54/26/3563 51/27/3563
f 58/10/63 60/35/63 54/26/63
f 57/29/3564 56/30/3564 60/35/3564
f 55/7/65 57/9/65 68/36/65
f 58/10/66 70/22/66 72/24/66
f 69/21/67 68/36/67 72/24/67
f 67/19/68 69/21/68 62/14/68
f 64/16/69 66/18/69 71/23/69
f 65/17/3565 63/15/3565 62/14/3565
f 61/13/71 63/15/71 50/2/71
f 64/16/72 53/5/72 52/4/72
f 55/7/73 67/19/73 61/13/73
f 51/27/74 54/26/74 60/35/74
f 63/15/75 65/17/75 52/4/75
f 58/32/76 53/38/76 64/16/76
f 59/11/77 72/24/77 68/36/77
f 69/21/78 71/23/78 66/18/78
f 97/1/113 99/3/113 104/8/113
f 98/25/3572 100/34/3572 102/26/3572
f 106/10/115 108/12/115 102/26/115
f 107/11/116 105/29/116 104/30/116
f 103/7/117 105/9/117 116/20/117
f 118/22/118 120/24/118 107/11/118
f 117/21/119 116/20/119 120/24/119
f 109/13/120 115/19/120 117/21/120
f 112/16/121 114/18/121 119/23/121
f 111/15/122 110/37/122 114/18/122
f 97/1/123 109/13/123 111/15/123
f 112/16/124 101/5/124 100/4/124
f 115/19/125 109/13/125 97/1/125
f 102/26/126 108/12/126 104/30/126
f 111/15/127 113/17/127 100/4/127
f 106/32/128 101/38/128 112/16/128
f 107/11/129 120/24/129 116/20/129
f 119/23/130 114/18/130 110/37/130
f 121/1/139 123/3/139 128/8/139
f 124/34/140 126/26/140 123/27/140
f 130/10/141 132/12/141 126/26/141
f 129/29/3573 128/30/3573 132/12/3573
f 139/19/143 127/7/143 129/9/143
f 130/10/144 142/22/144 144/33/144
f 143/23/3574 141/21/3574 140/20/3574
f 139/19/146 141/21/146 134/14/146
f 136/16/147 138/18/147 143/23/147
f 137/17/148 135/15/148 134/14/148
f 121/1/149 133/13/149 135/15/149
f 136/16/150 125/5/150 124/4/150
f 139/19/151 133/13/151 121/1/151
f 123/27/152 126/26/152 132/12/152
f 137/17/153 124/4/153 122/31/153
f 130/32/154 125/38/154 136/16/154
f 131/11/155 144/33/155 140/20/155
f 141/21/156 143/23/156 138/18/156
f 151/7/165 145/1/165 147/3/165
f 148/34/166 150/26/166 147/27/166
f 149/28/167 154/10/167 156/35/167
f 155/11/3575 153/29/3575 152/30/3575
f 151/7/169 153/9/169 164/36/169
f 166/22/170 168/24/170 155/11/170
f 167/23/171 165/21/171 164/36/171
f 163/19/3576 165/21/3576 158/14/3576
f 160/16/173 162/18/173 167/23/173
f 161/17/174 159/15/174 158/14/174
f 157/13/175 159/15/175 146/2/175
f 149/5/176 148/4/176 161/17/176
f 151/7/177 163/19/177 157/13/177
f 150/26/178 156/35/178 152/30/178
f 159/15/179 161/17/179 148/4/179
f 166/22/180 154/32/180 149/38/180
f 155/11/181 168/24/181 164/36/181
f 165/21/182 167/23/182 162/18/182
f 195/41/3581 200/46/3581 199/45/3581
f 204/50/451 197/43/451 196/42/451
f 198/81/225 197/2929/225 195/82/225
f 203/84/226 201/103/226 200/85/226
f 206/52/3582 205/51/3582 199/45/3582
f 210/56/454 203/49/454 202/48/454
f 207/87/229 206/104/229 210/88/229
f 207/53/230 212/58/230 211/57/230
f 216/62/451 209/55/451 208/54/451
f 213/90/232 212/105/232 216/91/232
f 218/64/3583 217/63/3583 211/57/3583
f 222/68/451 215/61/451 214/60/451
f 219/93/235 218/106/235 222/94/235
f 224/70/236 223/69/236 217/63/236
f 228/74/454 221/67/454 220/66/454
f 225/96/238 224/107/238 228/97/238
f 230/76/3584 229/75/3584 223/69/3584
f 234/80/451 227/73/451 226/72/451
f 233/99/241 231/102/241 230/100/241
f 194/40/3585 193/39/3585 229/75/3585
f 198/44/451 233/79/451 232/78/451
f 229/75/244 193/39/244 199/45/244
f 199/45/244 205/51/244 211/57/244
f 211/57/244 217/63/244 223/69/244
f 223/69/244 229/75/244 199/45/244
f 195/101/451 197/86/451 204/86/451
f 231/102/451 233/99/451 198/81/451
f 208/54/247 202/48/247 196/42/247
f 196/42/3586 232/78/3586 226/72/3586
f 226/72/247 220/66/247 214/60/247
f 214/60/247 208/54/247 196/42/247
f 201/103/796 203/84/796 210/88/796
f 207/87/3587 209/89/3587 216/91/3587
f 213/90/451 215/92/451 222/94/451
f 219/93/3588 221/95/3588 228/97/3588
f 225/96/566 227/98/566 234/98/566
f 241/7/261 235/1/261 237/3/261
f 236/25/262 238/34/262 240/26/262
f 244/10/263 246/12/263 240/26/263
f 243/29/264 242/30/264 246/12/264
f 241/7/265 243/9/265 254/20/265
f 244/10/266 256/22/266 258/33/266
f 257/23/267 255/21/267 254/20/267
f 253/19/268 255/21/268 248/14/268
f 250/16/269 252/18/269 257/23/269
f 251/17/270 249/15/270 248/14/270
f 235/1/271 247/13/271 249/15/271
f 250/16/272 239/5/272 238/4/272
f 253/19/273 247/13/273 235/1/273
f 237/27/274 240/26/274 246/12/274
f 251/17/275 238/4/275 236/31/275
f 244/32/276 239/38/276 250/16/276
f 245/11/277 258/33/277 254/20/277
f 257/23/278 252/18/278 248/14/278
usemtl iron
f 73/1/79 74/2/79 75/3/79
f 76/4/80 77/5/80 78/6/80
f 79/7/81 80/8/81 81/9/81
f 82/10/82 83/11/82 84/35/82
f 85/13/83 86/37/83 87/15/83
f 88/16/84 89/17/84 90/18/84
f 91/19/85 92/36/85 93/21/85
f 94/22/86 95/23/86 96/24/86
f 73/1/87 80/8/87 79/7/87
f 74/25/88 78/26/88 75/27/88
f 82/10/89 78/26/89 77/28/89
f 83/11/90 80/30/90 84/35/90
f 91/19/91 81/9/91 92/36/91
f 94/22/92 83/11/92 82/10/92
f 95/23/93 92/36/93 96/24/93
f 91/19/94 86/37/94 85/13/94
f 94/22/95 90/18/95 95/23/95
f 87/15/96 90/18/96 89/17/96
f 73/1/97 87/15/97 74/2/97
f 77/5/98 89/17/98 88/16/98
f 91/19/99 73/1/99 79/7/99
f 78/26/100 80/30/100 75/27/100
f 89/17/101 74/31/101 87/15/101
f 82/32/102 88/16/102 94/22/102
f 83/11/103 92/36/103 81/29/103
f 95/23/104 86/37/104 93/21/104
f 169/1/183 170/2/183 171/3/183
f 172/4/184 173/5/184 174/6/184
f 175/7/185 176/8/185 177/9/185
f 178/10/186 179/11/186 180/35/186
f 181/13/187 182/37/187 183/15/187
f 184/16/188 185/17/188 186/18/188
f 187/19/189 188/20/189 189/21/189
f 190/22/190 191/23/190 192/24/190
f 169/1/191 176/8/191 175/7/191
f 170/25/192 174/26/192 171/27/192
f 173/28/193 180/35/193 174/26/193
f 179/11/194 176/30/194 180/35/194
f 175/7/195 188/20/195 187/19/195
f 178/10/196 192/24/196 179/11/196
f 189/21/197 192/24/197 191/23/197
f 187/19/198 182/37/198 181/13/198
f 184/16/199 191/23/199 190/22/199
f 183/15/200 186/18/200 185/17/200
f 181/13/201 170/2/201 169/1/201
f 173/5/202 185/17/202 184/16/202
f 175/7/203 181/13/203 169/1/203
f 174/26/204 176/30/204 171/27/204
f 185/17/205 170/31/205 183/15/205
f 190/22/206 173/38/206 184/16/206
f 177/29/207 192/24/207 188/20/207
f 189/21/208 186/18/208 182/37/208
f 259/1/279 260/2/279 261/3/279
f 262/4/280 263/5/280 264/6/280
f 265/7/281 266/8/281 267/9/281
f 268/10/282 269/11/282 270/35/282
f 271/13/283 272/14/283 273/15/283
f 274/16/284 275/17/284 276/18/284
f 277/19/285 278/20/285 279/21/285
f 280/22/286 281/23/286 282/24/286
f 265/7/287 261/3/287 266/8/287
f 260/25/288 264/26/288 261/27/288
f 268/10/289 264/26/289 263/28/289
f 267/29/290 270/35/290 269/11/290
f 277/19/291 267/9/291 278/20/291
f 280/22/292 269/11/292 268/10/292
f 281/23/293 278/20/293 282/24/293
f 277/19/294 272/14/294 271/13/294
f 274/16/295 281/23/295 280/22/295
f 275/17/296 272/14/296 276/18/296
f 259/1/297 273/15/297 260/2/297
f 274/16/298 262/4/298 275/17/298
f 265/7/299 271/13/299 259/1/299
f 264/26/300 266/30/300 261/27/300
f 273/15/301 262/4/301 260/31/301
f 268/32/302 274/16/302 280/22/302
f 269/11/303 278/20/303 267/29/303
f 281/23/304 272/14/304 279/21/304
f 73/1/3566 75/3/3566 80/8/3566
f 74/25/88 76/34/88 78/26/88
f 82/10/3567 84/35/3567 78/26/3567
f 83/11/90 81/29/90 80/30/90
f 91/19/91 79/7/91 81/9/91
f 94/22/3568 96/24/3568 83/11/3568
f 95/23/3569 93/21/3569 92/36/3569
f 91/19/3570 93/21/3570 86/37/3570
f 94/22/95 88/16/95 90/18/95
f 87/15/96 86/37/96 90/18/96
f 73/1/3571 85/13/3571 87/15/3571
f 77/5/98 76/4/98 89/17/98
f 91/19/99 85/13/99 73/1/99
f 78/26/100 84/35/100 80/30/100
f 89/17/101 76/4/101 74/31/101
f 82/32/102 77/38/102 88/16/102
f 83/11/103 96/24/103 92/36/103
f 95/23/104 90/18/104 86/37/104
f 169/1/3577 171/3/3577 176/8/3577
f 170/25/192 172/34/192 174/26/192
f 173/28/193 178/10/193 180/35/193
f 179/11/194 177/29/194 176/30/194
f 175/7/195 177/9/195 188/20/195
f 178/10/196 190/22/196 192/24/196
f 189/21/197 188/20/197 192/24/197
f 187/19/3578 189/21/3578 182/37/3578
f 184/16/3579 186/18/3579 191/23/3579
f 183/15/3580 182/37/3580 186/18/3580
f 181/13/201 183/15/201 170/2/201
f 173/5/202 172/4/202 185/17/202
f 175/7/203 187/19/203 181/13/203
f 174/26/204 180/35/204 176/30/204
f 185/17/205 172/4/205 170/31/205
f 190/22/206 178/32/206 173/38/206
f 177/29/207 179/11/207 192/24/207
f 189/21/208 191/23/208 186/18/208
f 265/7/3589 259/1/3589 261/3/3589
f 260/25/288 262/34/288 264/26/288
f 268/10/289 270/35/289 264/26/289
f 267/29/290 266/30/290 270/35/290
f 277/19/3590 265/7/3590 267/9/3590
f 280/22/3591 282/24/3591 269/11/3591
f 281/23/293 279/21/293 278/20/293
f 277/19/294 279/21/294 272/14/294
f 274/16/3592 276/18/3592 281/23/3592
f 275/17/296 273/15/296 272/14/296
f 259/1/297 271/13/297 273/15/297
f 274/16/3593 263/5/3593 262/4/3593
f 265/7/299 277/19/299 271/13/299
f 264/26/300 270/35/300 266/30/300
f 273/15/301 275/17/301 262/4/301
f 268/32/302 263/38/302 274/16/302
f 269/11/303 282/24/303 278/20/303
f 281/23/304 276/18/304 272/14/304
usemtl bark
f 283/108/305 284/109/305 285/110/305
f 286/111/306 287/112/306 288/113/306
f 289/114/307 290/115/307 291/116/307
f 292/117/308 293/118/308 294/119/308
f 295/120/309 296/121/309 297/122/309
f 298/123/310 299/124/310 300/125/310
f 301/126/311 302/127/311 303/128/311
f 304/129/312 305/130/312 306/131/312
f 307/132/313 308/133/313 309/134/313
f 310/135/314 311/136/314 312/137/314
f 313/138/315 314/139/315 315/140/315
f 316/141/316 317/142/316 318/143/316
f 319/144/317 320/145/317 321/146/317
f 322/147/318 323/148/318 324/149/318
f 325/150/319 326/151/319 327/152/319
f 328/153/320 329/154/320 330/155/320
f 331/156/321 332/157/321 333/158/321
f 334/159/322 335/160/322 336/161/322
f 285/110/323 289/114/323 283/108/323
f 294/119/324 286/111/324 292/117/324
f 284/162/325 287/163/325 285/164/325
f 293/165/326 290/166/326 294/167/326
f 291/116/327 295/120/327 289/114/327
f 293/118/328 298/123/328 300/125/328
f 299/168/329 296/169/329 300/170/329
f 297/122/330 301/126/330 295/120/330
f 299/124/331 304/129/331 306/131/331
f 303/171/332 306/172/332 305/173/332
f 308/133/333 301/126/333 303/128/333
f 305/130/334 310/135/334 312/137/334
f 311/174/335 308/175/335 312/176/335
f 309/134/336 313/138/336 307/132/336
f 318/143/337 310/135/337 316/141/337
f 317/177/338 314/178/338 318/179/338
f 315/140/339 319/144/339 313/138/339
f 324/149/340 316/141/340 322/147/340
f 323/180/341 320/181/341 324/182/341
f 321/146/342 325/150/342 319/144/342
f 330/155/343 322/147/343 328/153/343
f 327/183/344 330/184/344 329/185/344
f 332/157/345 325/150/345 327/152/345
f 329/154/346 334/159/346 336/161/346
f 333/186/347 336/187/347 335/188/347
f 284/109/348 331/156/348 333/158/348
f 288/113/349 334/159/349 286/111/349
f 289/114/350 313/138/350 325/150/350
f 287/189/351 290/166/351 285/190/351
f 335/188/352 284/162/352 333/186/352
f 286/111/353 316/141/353 304/129/353
f 291/191/354 300/170/354 296/169/354
f 297/192/355 306/172/355 302/193/355
f 305/173/356 308/175/356 303/171/356
f 311/174/357 314/178/357 309/194/357
f 315/195/358 324/182/358 320/181/358
f 323/180/359 326/196/359 321/197/359
f 329/185/360 332/198/360 327/183/360
f 337/199/361 338/200/361 339/201/361
f 340/202/362 341/203/362 342/204/362
f 343/205/363 344/206/363 345/207/363
f 346/208/364 347/209/364 348/210/364
f 349/211/365 350/212/365 351/213/365
f 352/214/366 353/215/366 354/216/366
f 355/217/367 356/218/367 357/219/367
f 358/220/368 359/221/368 360/222/368
f 361/223/369 362/224/369 363/225/369
f 364/226/370 365/227/370 366/228/370
f 367/229/371 368/230/371 369/231/371
f 370/232/372 371/233/372 372/234/372
f 373/235/373 374/236/373 375/237/373
f 376/238/374 377/239/374 378/240/374
f 379/241/375 380/242/375 381/243/375
f 382/244/376 383/245/376 384/246/376
f 385/247/377 386/248/377 387/249/377
f 388/250/378 389/251/378 390/252/378
f 391/253/379 392/254/379 393/255/379
f 394/256/380 395/257/380 396/258/380
f 397/259/381 398/260/381 399/261/381
f 400/262/382 401/263/382 402/264/382
f 403/213/383 404/265/383 405/266/383
f 406/267/384 407/268/384 408/214/384
f 409/269/385 410/270/385 411/271/385
f 412/272/386 413/273/386 414/274/386
f 415/225/387 416/275/387 417/276/387
f 418/277/388 419/278/388 420/226/388
f 421/279/389 422/280/389 423/281/389
f 424/282/390 425/283/390 426/284/390
f 427/285/391 428/286/391 429/287/391
f 430/288/392 431/289/392 432/290/392
f 433/291/393 434/292/393 435/293/393
f 436/294/394 437/295/394 438/244/394
f 439/296/395 440/297/395 441/298/395
f 442/299/396 443/300/396 444/301/396
f 343/205/397 337/254/397 339/302/397
f 348/210/398 342/204/398 346/208/398
f 341/303/399 339/201/399 338/200/399
f 344/206/400 348/210/400 347/209/400
f 344/206/401 351/213/401 345/207/401
f 347/209/402 352/214/402 354/216/402
f 353/215/403 349/211/403 354/216/403
f 350/212/404 357/219/404 351/213/404
f 360/222/405 352/214/405 358/220/405
f 359/221/406 355/217/406 360/222/406
f 356/218/407 363/225/407 357/219/407
f 366/228/408 358/220/408 364/226/408
f 365/227/409 361/223/409 366/228/409
f 367/229/410 363/225/410 362/224/410
f 365/227/411 370/232/411 372/234/411
f 371/233/412 367/229/412 372/234/412
f 373/235/413 369/231/413 368/230/413
f 371/233/414 376/238/414 378/240/414
f 377/239/415 373/235/415 378/240/415
f 379/241/416 375/237/416 374/236/416
f 377/239/417 382/244/417 384/246/417
f 383/245/418 379/241/418 384/246/418
f 380/242/419 387/249/419 381/243/419
f 383/245/420 388/250/420 390/252/420
f 386/248/421 390/252/421 389/251/421
f 338/200/422 387/249/422 386/248/422
f 389/251/423 342/304/423 341/303/423
f 397/259/424 391/253/424 393/255/424
f 394/305/425 400/262/425 402/264/425
f 396/258/426 392/306/426 391/307/426
f 400/262/427 398/260/427 401/263/427
f 403/213/428 398/260/428 397/259/428
f 408/214/429 401/263/429 406/267/429
f 405/266/430 407/268/430 406/267/430
f 409/269/431 404/265/431 403/213/431
f 408/214/432 412/272/432 414/274/432
f 411/271/433 413/273/433 412/272/433
f 409/269/434 417/276/434 410/270/434
f 414/274/435 418/277/435 420/226/435
f 417/276/436 419/278/436 418/277/436
f 415/225/437 423/281/437 416/275/437
f 426/284/438 419/278/438 424/282/438
f 423/281/439 425/283/439 424/282/439
f 427/285/440 422/280/440 421/279/440
f 426/284/441 430/288/441 432/290/441
f 429/287/442 431/289/442 430/288/442
f 427/285/443 435/293/443 428/286/443
f 432/290/444 436/294/444 438/244/444
f 436/294/445 434/292/445 437/295/445
f 439/296/446 434/292/446 433/291/446
f 444/301/447 437/295/447 442/299/447
f 441/298/448 443/300/448 442/299/448
f 439/296/449 392/306/449 440/297/449
f 444/301/450 395/257/450 394/256/450
f 337/254/451 397/259/451 393/255/451
f 339/302/452 348/210/452 343/205/452
f 386/248/453 341/303/453 338/200/453
f 387/249/454 393/308/454 439/296/454
f 346/208/451 394/305/451 402/264/451
f 342/304/451 444/301/451 394/256/451
f 347/209/455 349/211/455 344/206/455
f 345/207/456 403/213/456 397/259/456
f 352/214/451 402/264/451 408/214/451
f 350/212/457 360/222/457 355/217/457
f 351/213/451 409/269/451 403/213/451
f 358/220/451 408/214/451 414/274/451
f 356/218/458 366/228/458 361/223/458
f 357/219/451 415/225/451 409/269/451
f 358/220/459 420/226/459 364/226/459
f 365/227/460 367/229/460 362/224/460
f 363/225/451 421/279/451 415/225/451
f 370/232/451 420/226/451 426/284/451
f 371/233/461 373/235/461 368/230/461
f 369/231/451 427/285/451 421/279/451
f 376/238/451 426/284/451 432/290/451
f 377/239/462 379/241/462 374/236/462
f 375/237/451 433/291/451 427/285/451
f 382/244/451 432/290/451 438/244/451
f 383/245/463 385/247/463 380/242/463
f 381/243/454 439/296/454 433/291/454
f 388/250/451 438/244/451 444/301/451
f 399/261/464 396/309/464 391/253/464
f 392/306/465 443/300/465 440/297/465
f 405/266/466 401/263/466 398/260/466
f 411/271/467 407/268/467 404/265/467
f 417/276/468 413/273/468 410/270/468
f 423/281/469 419/278/469 416/275/469
f 429/287/470 425/283/470 422/280/470
f 428/286/471 436/294/471 431/289/471
f 434/292/472 442/299/472 437/295/472
f 445/199/473 446/310/473 447/311/473
f 448/312/474 449/313/474 450/314/474
f 451/315/475 452/316/475 453/259/475
f 454/317/476 455/318/476 456/319/476
f 457/320/477 458/321/477 459/322/477
f 460/323/478 461/324/478 462/325/478
f 463/326/479 464/327/479 465/219/479
f 466/274/480 467/328/480 468/329/480
f 469/330/481 470/331/481 471/332/481
f 472/226/482 473/333/482 474/334/482
f 475/335/483 476/336/483 477/337/483
f 478/338/484 479/339/484 480/340/484
f 481/341/485 482/342/485 483/343/485
f 484/238/486 485/344/486 486/345/486
f 487/346/487 488/347/487 489/348/487
f 490/349/488 491/350/488 492/351/488
f 493/352/489 494/353/489 495/354/489
f 496/301/490 497/355/490 498/356/490
f 499/357/491 500/254/491 501/254/491
f 502/358/492 503/359/492 504/360/492
f 505/361/493 506/362/493 507/363/493
f 508/364/494 509/365/494 510/208/494
f 511/366/495 512/367/495 513/368/495
f 514/369/496 515/370/496 516/371/496
f 517/269/497 518/372/497 519/373/497
f 520/374/498 521/375/498 522/376/498
f 523/377/499 524/378/499 525/379/499
f 526/380/500 527/381/500 528/226/500
f 529/337/501 530/382/501 531/383/501
f 532/384/502 533/385/502 534/232/502
f 535/386/503 536/387/503 537/388/503
f 538/389/504 539/390/504 540/290/504
f 541/348/505 542/391/505 543/392/505
f 544/393/506 545/394/506 546/395/506
f 547/296/507 548/396/507 549/397/507
f 550/398/508 551/399/508 552/400/508
f 447/401/509 453/259/509 445/254/509
f 448/312/510 454/317/510 456/319/510
f 449/402/511 447/311/511 446/310/511
f 455/318/512 451/315/512 456/319/512
f 452/316/513 459/322/513 453/259/513
f 462/325/514 454/317/514 460/323/514
f 461/324/515 457/320/515 462/325/515
f 458/321/516 465/219/516 459/322/516
f 468/329/517 460/323/517 466/274/517
f 467/328/518 463/326/518 468/329/518
f 464/327/519 471/332/519 465/219/519
f 467/328/520 472/226/520 474/334/520
f 473/333/521 469/330/521 474/334/521
f 470/331/522 477/337/522 471/332/522
f 480/340/523 472/226/523 478/338/523
f 479/339/524 475/335/524 480/340/524
f 481/341/525 477/337/525 476/336/525
f 486/345/526 478/338/526 484/238/526
f 482/342/527 486/345/527 485/344/527
f 487/346/528 483/343/528 482/342/528
f 485/344/529 490/349/529 492/351/529
f 491/350/530 487/346/530 492/351/530
f 488/347/531 495/354/531 489/348/531
f 491/350/532 496/301/532 498/356/532
f 497/355/533 493/352/533 498/356/533
f 446/310/534 495/354/534 494/353/534
f 449/402/535 496/301/535 450/403/535
f 501/254/536 507/363/536 499/357/536
f 502/305/537 508/364/537 510/208/537
f 504/360/538 500/404/538 499/405/538
f 507/363/539 509/365/539 508/364/539
f 511/366/540 506/362/540 505/361/540
f 510/208/541 514/369/541 516/371/541
f 513/368/542 515/370/542 514/369/542
f 511/366/543 519/373/543 512/367/543
f 516/371/544 520/374/544 522/376/544
f 520/374/545 518/372/545 521/375/545
f 523/377/546 518/372/546 517/269/546
f 522/376/547 526/380/547 528/226/547
f 525/379/548 527/381/548 526/380/548
f 529/337/549 524/378/549 523/377/549
f 534/232/550 527/381/550 532/384/550
f 531/383/551 533/385/551 532/384/551
f 535/386/552 530/382/552 529/337/552
f 540/290/553 533/385/553 538/389/553
f 537/388/554 539/390/554 538/389/554
f 541/348/555 536/387/555 535/386/555
f 540/290/556 544/393/556 546/395/556
f 544/393/557 542/391/557 545/394/557
f 547/296/558 542/391/558 541/348/558
f 546/395/559 550/398/559 552/400/559
f 550/398/560 548/396/560 551/399/560
f 547/296/561 500/404/561 548/396/561
f 502/358/562 551/399/562 503/359/562
f 445/254/451 505/361/451 501/254/451
f 448/312/563 451/315/563 447/401/563
f 497/355/564 446/310/564 494/353/564
f 495/354/451 501/308/451 547/296/451
f 454/317/454 502/305/454 510/208/454
f 450/403/451 552/400/451 502/358/451
f 455/318/565 457/320/565 452/316/565
f 453/259/451 511/366/451 505/361/451
f 454/317/566 516/371/566 460/323/566
f 458/321/567 468/329/567 463/326/567
f 459/322/568 517/269/568 511/366/568
f 460/323/569 522/376/569 466/274/569
f 464/327/570 474/334/570 469/330/570
f 465/219/571 523/377/571 517/269/571
f 472/226/451 522/376/451 528/226/451
f 473/333/572 475/335/572 470/331/572
f 471/332/454 529/337/454 523/377/454
f 478/338/451 528/226/451 534/232/451
f 479/339/573 481/341/573 476/336/573
f 477/337/451 535/386/451 529/337/451
f 484/238/454 534/232/454 540/290/454
f 485/344/574 487/346/574 482/342/574
f 483/343/575 541/348/575 535/386/575
f 490/349/451 540/290/451 546/395/451
f 491/350/576 493/352/576 488/347/576
f 489/348/577 547/296/577 541/348/577
f 496/301/451 546/395/451 552/400/451
f 507/363/578 504/406/578 499/357/578
f 500/404/579 551/399/579 548/396/579
f 513/368/580 509/365/580 506/362/580
f 512/367/581 520/374/581 515/370/581
f 525/379/582 521/375/582 518/372/582
f 531/383/583 527/381/583 524/378/583
f 537/388/584 533/385/584 530/382/584
f 543/392/585 539/390/585 536/387/585
f 542/391/586 550/398/586 545/394/586
f 553/199/587 554/407/587 555/408/587
f 556/409/588 557/410/588 558/411/588
f 559/412/589 560/413/589 561/361/589
f 562/414/590 563/415/590 564/416/590
f 565/417/591 566/418/591 567/213/591
f 568/371/592 569/419/592 570/420/592
f 571/421/593 572/422/593 573/269/593
f 574/423/594 575/424/594 576/425/594
f 577/426/595 578/427/595 579/332/595
f 580/226/596 581/428/596 582/429/596
f 583/430/597 584/431/597 585/279/597
f 586/284/598 587/432/598 588/433/598
f 589/434/599 590/435/599 591/343/599
f 592/436/600 593/437/600 594/438/600
f 595/439/601 596/440/601 597/441/601
f 598/244/602 599/442/602 600/443/602
f 601/444/603 602/445/603 603/296/603
f 604/446/604 605/447/604 606/448/604
f 607/449/605 608/450/605 609/254/605
f 610/304/606 611/451/606 612/452/606
f 613/361/607 614/453/607 615/454/607
f 616/455/608 617/456/608 618/208/608
f 619/366/609 620/457/609 621/458/609
f 622/459/610 623/460/610 624/214/610
f 625/269/611 626/461/611 627/462/611
f 628/463/612 629/464/612 630/376/612
f 631/377/613 632/465/613 633/466/613
f 634/467/614 635/468/614 636/469/614
f 637/470/615 638/471/615 639/472/615
f 640/473/616 641/474/616 642/475/616
f 643/386/617 644/476/617 645/477/617
f 646/478/618 647/479/618 648/480/618
f 649/348/619 650/481/619 651/482/619
f 652/483/620 653/484/620 654/244/620
f 655/296/621 656/485/621 657/486/621
f 658/487/622 659/488/622 660/489/622
f 559/412/623 553/254/623 555/490/623
f 556/409/624 562/414/624 564/416/624
f 557/491/625 555/408/625 554/407/625
f 560/413/626 564/416/626 563/415/626
f 565/417/627 561/361/627 560/413/627
f 570/420/628 562/414/628 568/371/628
f 569/419/629 565/417/629 570/420/629
f 571/421/630 567/213/630 566/418/630
f 569/419/631 574/423/631 576/425/631
f 572/422/632 576/425/632 575/424/632
f 572/422/633 579/332/633 573/269/633
f 575/424/634 580/226/634 582/429/634
f 581/428/635 577/426/635 582/429/635
f 583/430/636 579/332/636 578/427/636
f 581/428/637 586/284/637 588/433/637
f 584/431/638 588/433/638 587/432/638
f 584/431/639 591/343/639 585/279/639
f 587/432/640 592/436/640 594/438/640
f 593/437/641 589/434/641 594/438/641
f 595/439/642 591/343/642 590/435/642
f 593/437/643 598/244/643 600/443/643
f 599/442/644 595/439/644 600/443/644
f 601/444/645 597/441/645 596/440/645
f 599/442/646 604/446/646 606/448/646
f 602/445/647 606/448/647 605/447/647
f 602/445/648 553/199/648 603/296/648
f 605/447/649 558/304/649 557/491/649
f 609/254/650 615/454/650 607/449/650
f 610/305/651 616/455/651 618/208/651
f 612/492/652 608/450/652 607/449/652
f 615/454/653 617/456/653 616/455/653
f 619/366/654 614/453/654 613/361/654
f 618/208/655 622/459/655 624/214/655
f 621/458/656 623/460/656 622/459/656
f 619/366/657 627/462/657 620/457/657
f 630/376/658 623/460/658 628/463/658
f 628/463/659 626/461/659 629/464/659
f 625/269/660 633/466/660 626/461/660
f 636/469/661 629/464/661 634/467/661
f 633/466/662 635/468/662 634/467/662
f 637/470/663 632/465/663 631/377/663
f 636/469/664 640/473/664 642/475/664
f 640/473/665 638/471/665 641/474/665
f 643/386/666 638/471/666 637/470/666
f 642/475/667 646/478/667 648/480/667
f 646/478/668 644/476/668 647/479/668
f 649/348/669 644/476/669 643/386/669
f 654/244/670 647/479/670 652/483/670
f 652/483/671 650/481/671 653/484/671
f 649/348/672 657/486/672 650/481/672
f 660/489/673 653/484/673 658/487/673
f 658/487/674 656/485/674 659/488/674
f 655/296/675 608/493/675 656/485/675
f 660/489/676 611/451/676 610/304/676
f 553/254/451 613/361/451 609/254/451
f 555/490/677 564/416/677 559/412/677
f 602/445/678 557/491/678 554/407/678
f 603/296/451 609/494/451 655/296/451
f 562/414/454 610/305/454 618/208/454
f 558/304/451 660/489/451 610/304/451
f 563/415/679 565/417/679 560/413/679
f 561/361/454 619/366/454 613/361/454
f 568/371/451 618/208/451 624/214/451
f 569/419/680 571/421/680 566/418/680
f 567/213/451 625/269/451 619/366/451
f 574/423/451 624/214/451 630/376/451
f 572/422/681 582/429/681 577/426/681
f 573/269/451 631/377/451 625/269/451
f 580/226/451 630/376/451 636/469/451
f 578/427/682 588/433/682 583/430/682
f 585/279/683 631/377/683 579/332/683
f 586/284/451 636/469/451 642/475/451
f 584/431/684 594/438/684 589/434/684
f 585/279/454 643/386/454 637/470/454
f 592/436/451 642/475/451 648/480/451
f 593/437/685 595/439/685 590/435/685
f 591/343/454 649/348/454 643/386/454
f 598/244/451 648/480/451 654/244/451
f 599/442/686 601/444/686 596/440/686
f 597/441/451 655/296/451 649/348/451
f 604/446/451 654/244/451 660/489/451
f 615/454/687 612/492/687 607/449/687
f 608/493/688 659/488/688 656/485/688
f 621/458/689 617/456/689 614/453/689
f 627/462/690 623/460/690 620/457/690
f 633/466/691 629/464/691 626/461/691
f 632/465/692 640/473/692 635/468/692
f 645/477/693 641/474/693 638/471/693
f 651/482/694 647/479/694 644/476/694
f 657/486/695 653/484/695 650/481/695
f 661/308/696 662/495/696 663/496/696
f 664/497/697 665/498/697 666/499/697
f 667/500/698 668/501/698 669/207/698
f 670/208/699 671/502/699 672/503/699
f 673/504/700 674/505/700 675/366/700
f 676/214/701 677/506/701 678/507/701
f 679/508/702 680/509/702 681/269/702
f 682/274/703 683/510/703 684/511/703
f 685/512/704 686/513/704 687/225/704
f 688/226/705 689/514/705 690/515/705
f 691/516/706 692/517/706 693/337/706
f 694/284/707 695/518/707 696/519/707
f 697/520/708 698/521/708 699/522/708
f 700/238/709 701/523/709 702/524/709
f 703/525/710 704/526/710 705/527/710
f 706/244/711 707/528/711 708/529/711
f 709/530/712 710/531/712 711/296/712
f 712/489/713 713/532/713 714/533/713
f 715/534/714 716/535/714 717/254/714
f 718/256/715 719/536/715 720/537/715
f 721/361/716 722/538/716 723/539/716
f 724/540/717 725/541/717 726/264/717
f 727/366/718 728/542/718 729/543/718
f 730/544/719 731/545/719 732/323/719
f 733/546/720 734/547/720 735/548/720
f 736/549/721 737/550/721 738/376/721
f 739/225/722 740/551/722 741/552/722
f 742/553/723 743/554/723 744/226/723
f 745/279/724 746/555/724 747/556/724
f 748/557/725 749/558/725 750/338/725
f 751/343/726 752/559/726 753/560/726
f 754/561/727 755/562/727 756/290/727
f 757/527/728 758/563/728 759/564/728
f 760/565/729 761/566/729 762/567/729
f 763/568/730 764/569/730 765/570/730
f 766/571/731 767/572/731 768/489/731
f 663/573/732 669/207/732 661/254/732
f 672/503/733 666/499/733 670/208/733
f 665/574/734 663/496/734 662/495/734
f 671/502/735 667/500/735 672/503/735
f 668/501/736 675/366/736 669/207/736
f 671/502/737 676/214/737 678/507/737
f 677/506/738 673/504/738 678/507/738
f 674/505/739 681/269/739 675/366/739
f 677/506/740 682/274/740 684/511/740
f 680/509/741 684/511/741 683/510/741
f 680/509/742 687/225/742 681/269/742
f 690/515/743 682/274/743 688/226/743
f 689/514/744 685/512/744 690/515/744
f 691/516/745 687/225/745 686/513/745
f 696/519/746 688/226/746 694/284/746
f 692/517/747 696/519/747 695/518/747
f 692/517/748 699/522/748 693/337/748
f 702/524/749 694/284/749 700/238/749
f 701/523/750 697/520/750 702/524/750
f 703/525/751 699/522/751 698/521/751
f 708/529/752 700/238/752 706/244/752
f 704/526/753 708/529/753 707/528/753
f 704/526/754 711/296/754 705/527/754
f 707/528/755 712/489/755 714/533/755
f 710/531/756 714/533/756 713/532/756
f 662/495/757 711/296/757 710/531/757
f 665/574/758 712/489/758 666/304/758
f 721/361/759 715/534/759 717/254/759
f 726/264/760 720/575/760 724/540/760
f 715/534/761 719/498/761 716/535/761
f 723/539/762 725/541/762 724/540/762
f 727/366/763 722/538/763 721/361/763
f 726/264/764 730/544/764 732/323/764
f 730/544/765 728/542/765 731/545/765
f 733/546/766 728/542/766 727/366/766
f 738/376/767 731/545/767 736/549/767
f 735/548/768 737/550/768 736/549/768
f 733/546/769 741/552/769 734/547/769
f 738/376/770 742/553/770 744/226/770
f 742/553/771 740/551/771 743/554/771
f 745/279/772 740/551/772 739/225/772
f 750/338/773 743/554/773 748/557/773
f 747/556/774 749/558/774 748/557/774
f 751/343/775 746/555/775 745/279/775
f 750/338/776 754/561/776 756/290/776
f 753/560/777 755/562/777 754/561/777
f 751/343/778 759/564/778 752/559/778
f 762/567/779 755/562/779 760/565/779
f 759/564/780 761/566/780 760/565/780
f 763/568/781 758/563/781 757/527/781
f 762/567/782 766/571/782 768/489/782
f 765/570/783 767/572/783 766/571/783
f 763/568/784 716/576/784 764/569/784
f 768/489/785 719/536/785 718/256/785
f 661/254/451 721/361/451 717/254/451
f 664/497/786 667/500/786 663/573/786
f 710/531/787 665/574/787 662/495/787
f 711/296/454 717/577/454 763/568/454
f 670/208/451 718/578/451 726/264/451
f 666/304/451 768/489/451 718/256/451
f 671/502/788 673/504/788 668/501/788
f 669/207/451 727/366/451 721/361/451
f 676/214/451 726/264/451 732/323/451
f 674/505/789 684/511/789 679/508/789
f 675/366/451 733/546/451 727/366/451
f 682/274/451 732/323/451 738/376/451
f 683/510/790 685/512/790 680/509/790
f 681/269/791 739/225/791 733/546/791
f 688/226/451 738/376/451 744/226/451
f 689/514/792 691/516/792 686/513/792
f 687/225/451 745/279/451 739/225/451
f 694/284/451 744/226/451 750/338/451
f 695/518/793 697/520/793 692/517/793
f 693/337/451 751/343/451 745/279/451
f 700/238/451 750/338/451 756/290/451
f 701/523/794 703/525/794 698/521/794
f 699/522/451 757/527/451 751/343/451
f 706/244/451 756/290/451 762/567/451
f 707/528/795 709/530/795 704/526/795
f 705/527/451 763/568/451 757/527/451
f 712/489/796 762/567/796 768/489/796
f 723/539/797 720/575/797 715/534/797
f 764/569/798 719/536/798 767/572/798
f 729/543/799 725/541/799 722/538/799
f 735/548/800 731/545/800 728/542/800
f 741/552/801 737/550/801 734/547/801
f 747/556/802 743/554/802 740/551/802
f 753/560/803 749/558/803 746/555/803
f 759/564/804 755/562/804 752/559/804
f 765/570/805 761/566/805 758/563/805
f 769/579/806 770/580/806 771/581/806
f 772/582/807 773/583/807 774/584/807
f 775/585/808 776/586/808 777/587/808
f 778/588/809 779/589/809 780/590/809
f 781/591/810 782/592/810 783/322/810
f 784/214/811 785/593/811 786/594/811
f 787/595/812 788/596/812 789/269/812
f 790/220/813 791/597/813 792/598/813
f 793/599/814 794/600/814 795/225/814
f 796/469/815 797/601/815 798/602/815
f 799/603/816 800/604/816 801/279/816
f 802/284/817 803/605/817 804/606/817
f 805/607/818 806/608/818 807/609/818
f 808/238/819 809/610/819 810/611/819
f 811/612/820 812/613/820 813/291/820
f 814/395/821 815/614/821 816/615/821
f 817/616/822 818/617/822 819/618/822
f 820/301/823 821/619/823 822/620/823
f 823/621/824 824/254/824 825/254/824
f 826/304/825 827/622/825 828/623/825
f 829/624/826 830/625/826 831/626/826
f 832/627/827 833/628/827 834/629/827
f 835/366/828 836/630/828 837/631/828
f 838/632/829 839/633/829 840/634/829
f 841/546/830 842/635/830 843/636/830
f 844/637/831 845/638/831 846/376/831
f 847/639/832 848/640/832 849/641/832
f 850/642/833 851/643/833 852/644/833
f 853/279/834 854/645/834 855/646/834
f 856/647/835 857/648/835 858/284/835
f 859/386/836 860/649/836 861/650/836
f 862/651/837 863/652/837 864/238/837
f 865/348/838 866/653/838 867/654/838
f 868/655/839 869/656/839 870/567/839
f 871/657/840 872/658/840 873/659/840
f 874/660/841 875/661/841 876/662/841
f 771/663/842 777/587/842 769/254/842
f 780/590/843 774/584/843 778/588/843
f 770/580/844 772/664/844 771/581/844
f 779/589/845 775/585/845 780/590/845
f 776/586/846 783/322/846 777/587/846
f 786/594/847 778/588/847 784/214/847
f 782/592/848 786/594/848 785/593/848
f 782/592/849 789/269/849 783/322/849
f 785/593/850 790/220/850 792/598/850
f 788/596/851 792/598/851 791/597/851
f 793/599/852 789/269/852 788/596/852
f 791/597/853 796/469/853 798/602/853
f 794/600/854 798/602/854 797/601/854
f 799/603/855 795/225/855 794/600/855
f 797/601/856 802/284/856 804/606/856
f 803/605/857 799/603/857 804/606/857
f 805/607/858 801/279/858 800/604/858
f 810/611/859 802/284/859 808/238/859
f 806/608/860 810/611/860 809/610/860
f 811/612/861 807/609/861 806/608/861
f 809/610/862 814/395/862 816/615/862
f 812/613/863 816/615/863 815/614/863
f 817/616/864 813/291/864 812/613/864
f 815/614/865 820/301/865 822/620/865
f 818/617/866 822/620/866 821/619/866
f 818/617/867 769/579/867 819/618/867
f 821/619/868 774/256/868 773/665/868
f 829/624/869 823/621/869 825/254/869
f 834/629/870 828/666/870 832/627/870
f 828/623/871 824/667/871 823/668/871
f 832/627/872 830/625/872 833/628/872
f 829/624/873 837/631/873 830/625/873
f 840/634/874 833/628/874 838/632/874
f 838/632/875 836/630/875 839/633/875
f 841/546/876 836/630/876 835/366/876
f 846/376/877 839/633/877 844/637/877
f 844/637/878 842/635/878 845/638/878
f 847/639/879 842/635/879 841/546/879
f 846/376/880 850/642/880 852/644/880
f 849/641/881 851/643/881 850/642/881
f 853/279/882 848/640/882 847/639/882
f 852/644/883 856/647/883 858/284/883
f 855/646/884 857/648/884 856/647/884
f 859/386/885 854/645/885 853/279/885
f 858/284/886 862/651/886 864/238/886
f 862/651/887 860/649/887 863/652/887
f 859/386/888 867/654/888 860/649/888
f 864/238/889 868/655/889 870/567/889
f 868/655/890 866/653/890 869/656/890
f 865/348/891 873/659/891 866/653/891
f 870/567/892 874/660/892 876/662/892
f 874/660/893 872/658/893 875/661/893
f 871/657/894 824/667/894 872/658/894
f 826/304/895 875/661/895 827/622/895
f 769/254/451 829/624/451 825/254/451
f 771/663/896 780/590/896 775/585/896
f 821/619/897 770/580/897 818/617/897
f 819/618/454 825/669/454 871/657/454
f 778/588/451 826/305/451 834/629/451
f 774/256/451 876/662/451 826/304/451
f 779/589/898 781/591/898 776/586/898
f 777/587/451 835/366/451 829/624/451
f 784/214/451 834/629/451 840/634/451
f 782/592/899 792/598/899 787/595/899
f 783/322/451 841/546/451 835/366/451
f 790/220/900 840/634/900 846/376/900
f 791/597/901 793/599/901 788/596/901
f 789/269/451 847/639/451 841/546/451
f 796/469/902 846/376/902 852/644/902
f 794/600/903 804/606/903 799/603/903
f 795/225/904 853/279/904 847/639/904
f 802/284/451 852/644/451 858/284/451
f 803/605/905 805/607/905 800/604/905
f 801/279/454 859/386/454 853/279/454
f 808/238/577 858/284/577 864/238/577
f 809/610/906 811/612/906 806/608/906
f 807/609/907 865/348/907 859/386/907
f 814/395/451 864/238/451 870/567/451
f 812/613/908 822/620/908 817/616/908
f 813/291/451 871/657/451 865/348/451
f 820/301/909 870/567/909 876/662/909
f 831/626/910 828/666/910 823/621/910
f 824/667/911 875/661/911 872/658/911
f 830/625/912 838/632/912 833/628/912
f 843/636/913 839/633/913 836/630/913
f 849/641/914 845/638/914 842/635/914
f 855/646/915 851/643/915 848/640/915
f 854/645/916 862/651/916 857/648/916
f 860/649/917 868/655/917 863/652/917
f 873/659/918 869/656/918 866/653/918
f 877/199/919 878/670/919 879/671/919
f 880/672/920 881/673/920 882/674/920
f 883/675/921 884/676/921 885/361/921
f 886/588/922 887/677/922 888/678/922
f 889/679/923 890/680/923 891/366/923
f 892/371/924 893/681/924 894/682/924
f 895/683/925 896/684/925 897/269/925
f 898/376/926 899/685/926 900/686/926
f 901/687/927 902/688/927 903/377/927
f 904/689/928 905/690/928 906/691/928
f 907/692/929 908/693/929 909/337/929
f 910/475/930 911/694/930 912/695/930
f 913/696/931 914/697/931 915/698/931
f 916/290/932 917/699/932 918/700/932
f 919/701/933 920/702/933 921/348/933
f 922/567/934 923/703/934 924/704/934
f 925/705/935 926/706/935 927/618/935
f 928/662/936 929/707/936 930/708/936
f 931/709/937 932/254/937 933/254/937
f 934/256/938 935/710/938 936/711/938
f 937/361/939 938/712/939 939/713/939
f 940/714/940 941/715/940 942/588/940
f 943/366/941 944/716/941 945/717/941
f 946/718/942 947/719/942 948/371/942
f 949/269/943 950/720/943 951/721/943
f 952/722/944 953/723/944 954/376/944
f 955/225/945 956/724/945 957/725/945
f 958/726/946 959/727/946 960/689/946
f 961/728/947 962/729/947 963/730/947
f 964/731/948 965/732/948 966/475/948
f 967/343/949 968/733/949 969/734/949
f 970/735/950 971/736/950 972/238/950
f 973/348/951 974/737/951 975/738/951
f 976/739/952 977/740/952 978/741/952
f 979/296/953 980/742/953 981/743/953
f 982/744/954 983/745/954 984/250/954
f 883/675/955 877/254/955 879/746/955
f 880/672/956 886/588/956 888/678/956
f 881/747/957 879/671/957 878/670/957
f 887/677/958 883/675/958 888/678/958
f 884/676/959 891/366/959 885/361/959
f 887/677/960 892/371/960 894/682/960
f 890/680/961 894/682/961 893/681/961
f 890/680/962 897/269/962 891/366/962
f 893/681/963 898/376/963 900/686/963
f 899/685/964 895/683/964 900/686/964
f 901/687/965 897/269/965 896/684/965
f 906/691/966 898/376/966 904/689/966
f 905/690/967 901/687/967 906/691/967
f 902/688/968 909/337/968 903/377/968
f 905/690/969 910/475/969 912/695/969
f 911/694/970 907/692/970 912/695/970
f 908/693/971 915/698/971 909/337/971
f 918/700/972 910/475/972 916/290/972
f 917/699/973 913/696/973 918/700/973
f 919/701/974 915/698/974 914/697/974
f 917/699/975 922/567/975 924/704/975
f 920/702/976 924/704/976 923/703/976
f 920/702/977 927/618/977 921/348/977
f 930/708/978 922/567/978 928/662/978
f 926/706/979 930/708/979 929/707/979
f 878/670/980 927/618/980 926/706/980
f 929/707/981 882/304/981 881/747/981
f 937/361/982 931/709/982 933/254/982
f 934/305/983 940/714/983 942/588/983
f 936/711/984 932/748/984 931/749/984
f 939/713/985 941/715/985 940/714/985
f 943/366/986 938/712/986 937/361/986
f 942/588/987 946/718/987 948/371/987
f 945/717/988 947/719/988 946/718/988
f 949/269/989 944/716/989 943/366/989
f 948/371/990 952/722/990 954/376/990
f 951/721/991 953/723/991 952/722/991
f 949/269/992 957/725/992 950/720/992
f 954/376/993 958/726/993 960/689/993
f 957/725/994 959/727/994 958/726/994
f 961/728/995 956/724/995 955/225/995
f 966/475/996 959/727/996 964/731/996
f 964/731/997 962/729/997 965/732/997
f 967/343/998 962/729/998 961/728/998
f 966/475/999 970/735/999 972/238/999
f 969/734/1000 971/736/1000 970/735/1000
f 973/348/1001 968/733/1001 967/343/1001
f 972/238/1002 976/739/1002 978/741/1002
f 975/738/1003 977/740/1003 976/739/1003
f 979/296/1004 974/737/1004 973/348/1004
f 978/741/1005 982/744/1005 984/250/1005
f 981/743/1006 983/745/1006 982/744/1006
f 933/308/1007 980/742/1007 979/296/1007
f 984/250/1008 935/710/1008 934/256/1008
f 877/254/1009 937/361/1009 933/254/1009
f 879/746/1010 888/678/1010 883/675/1010
f 929/707/1011 878/670/1011 926/706/1011
f 927/618/451 933/308/451 979/296/451
f 886/588/451 934/305/451 942/588/451
f 882/304/1012 984/250/1012 934/256/1012
f 887/677/1013 889/679/1013 884/676/1013
f 885/361/1014 943/366/1014 937/361/1014
f 892/371/451 942/588/451 948/371/451
f 893/681/1015 895/683/1015 890/680/1015
f 891/366/451 949/269/451 943/366/451
f 898/376/451 948/371/451 954/376/451
f 896/684/1016 906/691/1016 901/687/1016
f 897/269/451 955/225/451 949/269/451
f 904/689/451 954/376/451 960/689/451
f 902/688/1017 912/695/1017 907/692/1017
f 903/377/454 961/728/454 955/225/454
f 910/475/796 960/689/796 966/475/796
f 908/693/1018 918/700/1018 913/696/1018
f 909/337/1019 967/343/1019 961/728/1019
f 916/290/451 966/475/451 972/238/451
f 917/699/1020 919/701/1020 914/697/1020
f 915/698/451 973/348/451 967/343/451
f 922/567/451 972/238/451 978/741/451
f 920/702/1021 930/708/1021 925/705/1021
f 921/348/451 979/296/451 973/348/451
f 928/662/451 978/741/451 984/250/451
f 931/709/1022 940/714/1022 936/750/1022
f 980/742/1023 935/710/1023 983/745/1023
f 938/712/1024 946/718/1024 941/715/1024
f 951/721/1025 947/719/1025 944/716/1025
f 950/720/1026 958/726/1026 953/723/1026
f 956/724/1027 964/731/1027 959/727/1027
f 969/734/1028 965/732/1028 962/729/1028
f 968/733/1029 976/739/1029 971/736/1029
f 981/743/1030 977/740/1030 974/737/1030
f 985/199/1031 986/751/1031 987/752/1031
f 988/753/1032 989/754/1032 990/755/1032
f 991/756/1033 992/757/1033 993/758/1033
f 994/759/1034 995/760/1034 996/761/1034
f 997/762/1035 998/763/1035 999/213/1035
f 1000/214/1036 1001/764/1036 1002/765/1036
f 1003/766/1037 1004/767/1037 1005/269/1037
f 1006/768/1038 1007/769/1038 1008/770/1038
f 1009/771/1039 1010/772/1039 1011/639/1039
f 1012/689/1040 1013/773/1040 1014/774/1040
f 1015/775/1041 1016/776/1041 1017/279/1041
f 1018/232/1042 1019/777/1042 1020/778/1042
f 1021/779/1043 1022/780/1043 1023/343/1043
f 1024/781/1044 1025/782/1044 1026/783/1044
f 1027/784/1045 1028/785/1045 1029/441/1045
f 1030/567/1046 1031/786/1046 1032/787/1046
f 1033/788/1047 1034/789/1047 1035/354/1047
f 1036/301/1048 1037/790/1048 1038/791/1048
f 1039/792/1049 1040/254/1049 1041/254/1049
f 1042/304/1050 1043/793/1050 1044/794/1050
f 1045/361/1051 1046/795/1051 1047/796/1051
f 1048/797/1052 1049/798/1052 1050/208/1052
f 1051/213/1053 1052/799/1053 1053/800/1053
f 1054/801/1054 1055/802/1054 1056/371/1054
f 1057/219/1055 1058/803/1055 1059/804/1055
f 1060/805/1056 1061/806/1056 1062/274/1056
f 1063/377/1057 1064/807/1057 1065/808/1057
f 1066/809/1058 1067/810/1058 1068/469/1058
f 1069/337/1059 1070/811/1059 1071/812/1059
f 1072/813/1060 1073/814/1060 1074/284/1060
f 1075/386/1061 1076/815/1061 1077/816/1061
f 1078/817/1062 1079/818/1062 1080/238/1062
f 1081/348/1063 1082/819/1063 1083/820/1063
f 1084/821/1064 1085/822/1064 1086/244/1064
f 1087/618/1065 1088/823/1065 1089/824/1065
f 1090/825/1066 1091/826/1066 1092/250/1066
f 991/756/1067 985/254/1067 987/827/1067
f 988/753/1068 994/759/1068 996/761/1068
f 986/751/1069 988/828/1069 987/752/1069
f 992/757/1070 996/761/1070 995/760/1070
f 997/762/1071 993/758/1071 992/757/1071
f 995/760/1072 1000/214/1072 1002/765/1072
f 1001/764/1073 997/762/1073 1002/765/1073
f 998/763/1074 1005/269/1074 999/213/1074
f 1001/764/1075 1006/768/1075 1008/770/1075
f 1004/767/1076 1008/770/1076 1007/769/1076
f 1004/767/1077 1011/639/1077 1005/269/1077
f 1007/769/1078 1012/689/1078 1014/774/1078
f 1013/773/1079 1009/771/1079 1014/774/1079
f 1010/772/1080 1017/279/1080 1011/639/1080
f 1013/773/1081 1018/232/1081 1020/778/1081
f 1016/776/1082 1020/778/1082 1019/777/1082
f 1021/779/1083 1017/279/1083 1016/776/1083
f 1019/777/1084 1024/781/1084 1026/783/1084
f 1022/780/1085 1026/783/1085 1025/782/1085
f 1027/784/1086 1023/343/1086 1022/780/1086
f 1025/782/1087 1030/567/1087 1032/787/1087
f 1028/785/1088 1032/787/1088 1031/786/1088
f 1033/788/1089 1029/441/1089 1028/785/1089
f 1031/786/1090 1036/301/1090 1038/791/1090
f 1037/790/1091 1033/788/1091 1038/791/1091
f 1034/789/1092 985/199/1092 1035/354/1092
f 989/829/1093 1036/301/1093 990/304/1093
f 1045/361/1094 1039/792/1094 1041/254/1094
f 1042/305/1095 1048/797/1095 1050/208/1095
f 1039/830/1096 1043/793/1096 1040/831/1096
f 1048/797/1097 1046/795/1097 1049/798/1097
f 1045/361/1098 1053/800/1098 1046/795/1098
f 1050/208/1099 1054/801/1099 1056/371/1099
f 1053/800/1100 1055/802/1100 1054/801/1100
f 1051/213/1101 1059/804/1101 1052/799/1101
f 1062/274/1102 1055/802/1102 1060/805/1102
f 1060/805/1103 1058/803/1103 1061/806/1103
f 1063/377/1104 1058/803/1104 1057/219/1104
f 1062/274/1105 1066/809/1105 1068/469/1105
f 1065/808/1106 1067/810/1106 1066/809/1106
f 1063/377/1107 1071/812/1107 1064/807/1107
f 1074/284/1108 1067/810/1108 1072/813/1108
f 1072/813/1109 1070/811/1109 1073/814/1109
f 1075/386/1110 1070/811/1110 1069/337/1110
f 1080/238/1111 1073/814/1111 1078/817/1111
f 1077/816/1112 1079/818/1112 1078/817/1112
f 1081/348/1113 1076/815/1113 1075/386/1113
f 1080/238/1114 1084/821/1114 1086/244/1114
f 1084/821/1115 1082/819/1115 1085/822/1115
f 1087/618/1116 1082/819/1116 1081/348/1116
f 1092/250/1117 1085/822/1117 1090/825/1117
f 1089/824/1118 1091/826/1118 1090/825/1118
f 1041/199/1119 1088/823/1119 1087/618/1119
f 1092/250/1120 1043/793/1120 1042/304/1120
f 985/254/451 1045/361/451 1041/254/451
f 988/753/1121 991/756/1121 987/827/1121
f 1037/790/1122 986/751/1122 1034/789/1122
f 1035/354/451 1041/199/451 1087/618/451
f 994/759/451 1042/305/451 1050/208/451
f 990/304/451 1092/250/451 1042/304/451
f 992/757/1123 1002/765/1123 997/762/1123
f 993/758/451 1051/213/451 1045/361/451
f 1000/214/451 1050/208/451 1056/371/451
f 998/763/1124 1008/770/1124 1003/766/1124
f 999/213/451 1057/219/451 1051/213/451
f 1006/768/451 1056/371/451 1062/274/451
f 1004/767/1125 1014/774/1125 1009/771/1125
f 1005/269/451 1063/377/451 1057/219/451
f 1012/689/451 1062/274/451 1068/469/451
f 1013/773/1126 1015/775/1126 1010/772/1126
f 1011/639/451 1069/337/451 1063/377/451
f 1018/232/904 1068/469/904 1074/284/904
f 1016/776/1127 1026/783/1127 1021/779/1127
f 1017/279/451 1075/386/451 1069/337/451
f 1018/232/1019 1080/238/1019 1024/781/1019
f 1022/780/1128 1032/787/1128 1027/784/1128
f 1023/343/568 1081/348/568 1075/386/568
f 1030/567/451 1080/238/451 1086/244/451
f 1031/786/1129 1033/788/1129 1028/785/1129
f 1029/441/451 1087/618/451 1081/348/451
f 1036/301/451 1086/244/451 1092/250/451
f 1047/796/1130 1044/832/1130 1039/792/1130
f 1040/831/1131 1091/826/1131 1088/823/1131
f 1053/800/1132 1049/798/1132 1046/795/1132
f 1059/804/1133 1055/802/1133 1052/799/1133
f 1065/808/1134 1061/806/1134 1058/803/1134
f 1071/812/1135 1067/810/1135 1064/807/1135
f 1077/816/1136 1073/814/1136 1070/811/1136
f 1076/815/1137 1084/821/1137 1079/818/1137
f 1089/824/1138 1085/822/1138 1082/819/1138
f 1093/669/1139 1094/833/1139 1095/834/1139
f 1096/835/1140 1097/836/1140 1098/837/1140
f 1099/838/1141 1100/839/1141 1101/361/1141
f 1102/588/1142 1103/840/1142 1104/841/1142
f 1105/842/1143 1106/843/1143 1107/844/1143
f 1108/845/1144 1109/846/1144 1110/847/1144
f 1111/848/1145 1112/849/1145 1113/269/1145
f 1114/376/1146 1115/850/1146 1116/851/1146
f 1117/852/1147 1118/853/1147 1119/377/1147
f 1120/226/1148 1121/854/1148 1122/855/1148
f 1123/856/1149 1124/857/1149 1125/279/1149
f 1126/475/1150 1127/858/1150 1128/859/1150
f 1129/860/1151 1130/861/1151 1131/609/1151
f 1132/480/1152 1133/862/1152 1134/863/1152
f 1135/864/1153 1136/865/1153 1137/291/1153
f 1138/567/1154 1139/866/1154 1140/867/1154
f 1141/868/1155 1142/869/1155 1143/354/1155
f 1144/489/1156 1145/870/1156 1146/871/1156
f 1147/872/1157 1148/254/1157 1149/255/1157
f 1150/256/1158 1151/873/1158 1152/874/1158
f 1153/758/1159 1154/875/1159 1155/876/1159
f 1156/877/1160 1157/878/1160 1158/759/1160
f 1159/213/1161 1160/879/1161 1161/880/1161
f 1162/881/1162 1163/882/1162 1164/214/1162
f 1165/269/1163 1166/883/1163 1167/884/1163
f 1168/885/1164 1169/886/1164 1170/274/1164
f 1171/225/1165 1172/887/1165 1173/888/1165
f 1174/889/1166 1175/890/1166 1176/469/1166
f 1177/470/1167 1178/891/1167 1179/892/1167
f 1180/893/1168 1181/894/1168 1182/475/1168
f 1183/609/1169 1184/895/1169 1185/896/1169
f 1186/897/1170 1187/898/1170 1188/290/1170
f 1189/527/1171 1190/899/1171 1191/900/1171
f 1192/901/1172 1193/902/1172 1194/395/1172
f 1195/618/1173 1196/903/1173 1197/904/1173
f 1198/905/1174 1199/906/1174 1200/301/1174
f 1095/907/1175 1101/361/1175 1093/254/1175
f 1096/835/1176 1102/588/1176 1104/841/1176
f 1097/908/1177 1095/834/1177 1094/833/1177
f 1100/839/1178 1104/841/1178 1103/840/1178
f 1100/839/1179 1107/844/1179 1101/361/1179
f 1110/847/1180 1102/588/1180 1108/845/1180
f 1106/843/1181 1110/847/1181 1109/846/1181
f 1106/843/1182 1113/269/1182 1107/844/1182
f 1109/846/1183 1114/376/1183 1116/851/1183
f 1112/849/1184 1116/851/1184 1115/850/1184
f 1112/849/1185 1119/377/1185 1113/269/1185
f 1115/850/1186 1120/226/1186 1122/855/1186
f 1121/854/1187 1117/852/1187 1122/855/1187
f 1123/856/1188 1119/377/1188 1118/853/1188
f 1128/859/1189 1120/226/1189 1126/475/1189
f 1124/857/1190 1128/859/1190 1127/858/1190
f 1129/860/1191 1125/279/1191 1124/857/1191
f 1127/858/1192 1132/480/1192 1134/863/1192
f 1133/862/1193 1129/860/1193 1134/863/1193
f 1135/864/1194 1131/609/1194 1130/861/1194
f 1133/862/1195 1138/567/1195 1140/867/1195
f 1136/865/1196 1140/867/1196 1139/866/1196
f 1141/868/1197 1137/291/1197 1136/865/1197
f 1139/866/1198 1144/489/1198 1146/871/1198
f 1145/870/1199 1141/868/1199 1146/871/1199
f 1094/833/1200 1143/354/1200 1142/869/1200
f 1145/870/1201 1098/304/1201 1097/908/1201
f 1153/758/1202 1147/872/1202 1149/255/1202
f 1158/759/1203 1152/909/1203 1156/877/1203
f 1152/874/1204 1148/910/1204 1147/911/1204
f 1156/877/1205 1154/875/1205 1157/878/1205
f 1159/213/1206 1154/875/1206 1153/758/1206
f 1164/214/1207 1157/878/1207 1162/881/1207
f 1161/880/1208 1163/882/1208 1162/881/1208
f 1165/269/1209 1160/879/1209 1159/213/1209
f 1170/274/1210 1163/882/1210 1168/885/1210
f 1168/885/1211 1166/883/1211 1169/886/1211
f 1171/225/1212 1166/883/1212 1165/269/1212
f 1170/274/1213 1174/889/1213 1176/469/1213
f 1173/888/1214 1175/890/1214 1174/889/1214
f 1171/225/1215 1179/892/1215 1172/887/1215
f 1182/475/1216 1175/890/1216 1180/893/1216
f 1180/893/1217 1178/891/1217 1181/894/1217
f 1177/470/1218 1185/896/1218 1178/891/1218
f 1188/290/1219 1181/894/1219 1186/897/1219
f 1186/897/1220 1184/895/1220 1187/898/1220
f 1189/527/1221 1184/895/1221 1183/609/1221
f 1194/395/1222 1187/898/1222 1192/901/1222
f 1192/901/1223 1190/899/1223 1193/902/1223
f 1189/527/1224 1197/904/1224 1190/899/1224
f 1200/301/1225 1193/902/1225 1198/905/1225
f 1198/905/1226 1196/903/1226 1199/906/1226
f 1149/199/1227 1196/903/1227 1195/618/1227
f 1150/256/1228 1199/906/1228 1151/873/1228
f 1093/254/1229 1153/758/1229 1149/255/1229
f 1095/907/1230 1104/841/1230 1099/838/1230
f 1142/869/1231 1097/908/1231 1094/833/1231
f 1143/354/1232 1149/199/1232 1195/618/1232
f 1102/588/1233 1150/305/1233 1158/759/1233
f 1098/304/451 1200/301/451 1150/256/451
f 1100/839/1234 1110/847/1234 1105/842/1234
f 1101/361/1235 1159/213/1235 1153/758/1235
f 1108/845/1236 1158/759/1236 1164/214/1236
f 1106/843/1237 1116/851/1237 1111/848/1237
f 1107/844/451 1165/269/451 1159/213/451
f 1114/376/451 1164/214/451 1170/274/451
f 1112/849/1238 1122/855/1238 1117/852/1238
f 1113/269/1239 1171/225/1239 1165/269/1239
f 1120/226/451 1170/274/451 1176/469/451
f 1118/853/1240 1128/859/1240 1123/856/1240
f 1119/377/451 1177/470/451 1171/225/451
f 1126/475/451 1176/469/451 1182/475/451
f 1127/858/1241 1129/860/1241 1124/857/1241
f 1125/279/451 1183/609/451 1177/470/451
f 1132/480/451 1182/475/451 1188/290/451
f 1133/862/1242 1135/864/1242 1130/861/1242
f 1131/609/451 1189/527/451 1183/609/451
f 1138/567/451 1188/290/451 1194/395/451
f 1136/865/1243 1146/871/1243 1141/868/1243
f 1143/354/1244 1189/527/1244 1137/291/1244
f 1144/489/451 1194/395/451 1200/301/451
f 1155/876/1245 1152/909/1245 1147/872/1245
f 1196/903/1246 1151/873/1246 1199/906/1246
f 1161/880/1247 1157/878/1247 1154/875/1247
f 1160/879/1248 1168/885/1248 1163/882/1248
f 1173/888/1249 1169/886/1249 1166/883/1249
f 1172/887/1250 1180/893/1250 1175/890/1250
f 1178/891/1251 1186/897/1251 1181/894/1251
f 1184/895/1252 1192/901/1252 1187/898/1252
f 1197/904/1253 1193/902/1253 1190/899/1253
f 1201/199/1254 1202/912/1254 1203/913/1254
f 1204/914/1255 1205/915/1255 1206/916/1255
f 1207/917/1256 1208/918/1256 1209/361/1256
f 1210/208/1257 1211/919/1257 1212/920/1257
f 1213/921/1258 1214/922/1258 1215/322/1258
f 1216/371/1259 1217/923/1259 1218/924/1259
f 1219/925/1260 1220/926/1260 1221/269/1260
f 1222/376/1261 1223/927/1261 1224/928/1261
f 1225/929/1262 1226/930/1262 1227/225/1262
f 1228/689/1263 1229/931/1263 1230/932/1263
f 1231/933/1264 1232/934/1264 1233/935/1264
f 1234/936/1265 1235/937/1265 1236/938/1265
f 1237/939/1266 1238/940/1266 1239/386/1266
f 1240/238/1267 1241/941/1267 1242/942/1267
f 1243/943/1268 1244/944/1268 1245/291/1268
f 1246/945/1269 1247/946/1269 1248/947/1269
f 1249/948/1270 1250/949/1270 1251/296/1270
f 1252/301/1271 1253/950/1271 1254/951/1271
f 1255/952/1272 1256/254/1272 1257/254/1272
f 1258/358/1273 1259/953/1273 1260/954/1273
f 1261/361/1274 1262/955/1274 1263/956/1274
f 1264/957/1275 1265/958/1275 1266/588/1275
f 1267/366/1276 1268/959/1276 1269/960/1276
f 1270/961/1277 1271/962/1277 1272/214/1277
f 1273/269/1278 1274/963/1278 1275/964/1278
f 1276/965/1279 1277/966/1279 1278/220/1279
f 1279/639/1280 1280/967/1280 1281/968/1280
f 1282/969/1281 1283/970/1281 1284/971/1281
f 1285/279/1282 1286/972/1282 1287/973/1282
f 1288/974/1283 1289/975/1283 1290/284/1283
f 1291/343/1284 1292/976/1284 1293/977/1284
f 1294/978/1285 1295/979/1285 1296/238/1285
f 1297/243/1286 1298/980/1286 1299/981/1286
f 1300/982/1287 1301/983/1287 1302/244/1287
f 1303/296/1288 1304/984/1288 1305/985/1288
f 1306/986/1289 1307/987/1289 1308/489/1289
f 1207/917/1290 1201/254/1290 1203/988/1290
f 1204/914/1291 1210/208/1291 1212/920/1291
f 1205/989/1292 1203/913/1292 1202/912/1292
f 1208/918/1293 1212/920/1293 1211/919/1293
f 1208/918/1294 1215/322/1294 1209/361/1294
f 1211/919/1295 1216/371/1295 1218/924/1295
f 1217/923/1296 1213/921/1296 1218/924/1296
f 1219/925/1297 1215/322/1297 1214/922/1297
f 1224/928/1298 1216/371/1298 1222/376/1298
f 1223/927/1299 1219/925/1299 1224/928/1299
f 1220/926/1300 1227/225/1300 1221/269/1300
f 1223/927/1301 1228/689/1301 1230/932/1301
f 1226/930/1302 1230/932/1302 1229/931/1302
f 1231/933/1303 1227/225/1303 1226/930/1303
f 1236/938/1304 1228/689/1304 1234/936/1304
f 1232/934/1305 1236/938/1305 1235/937/1305
f 1232/934/1306 1239/386/1306 1233/935/1306
f 1235/937/1307 1240/238/1307 1242/942/1307
f 1238/940/1308 1242/942/1308 1241/941/1308
f 1243/943/1309 1239/386/1309 1238/940/1309
f 1241/941/1310 1246/945/1310 1248/947/1310
f 1244/944/1311 1248/947/1311 1247/946/1311
f 1244/944/1312 1251/296/1312 1245/291/1312
f 1247/946/1313 1252/301/1313 1254/951/1313
f 1253/950/1314 1249/948/1314 1254/951/1314
f 1250/949/1315 1201/199/1315 1251/296/1315
f 1253/950/1316 1206/304/1316 1205/989/1316
f 1257/254/1317 1263/956/1317 1255/952/1317
f 1258/305/1318 1264/957/1318 1266/588/1318
f 1260/954/1319 1256/990/1319 1255/991/1319
f 1263/956/1320 1265/958/1320 1264/957/1320
f 1261/361/1321 1269/960/1321 1262/955/1321
f 1266/588/1322 1270/961/1322 1272/214/1322
f 1270/961/1323 1268/959/1323 1271/962/1323
f 1273/269/1324 1268/959/1324 1267/366/1324
f 1272/214/1325 1276/965/1325 1278/220/1325
f 1276/965/1326 1274/963/1326 1277/966/1326
f 1279/639/1327 1274/963/1327 1273/269/1327
f 1284/971/1328 1277/966/1328 1282/969/1328
f 1282/969/1329 1280/967/1329 1283/970/1329
f 1285/279/1330 1280/967/1330 1279/639/1330
f 1284/971/1331 1288/974/1331 1290/284/1331
f 1288/974/1332 1286/972/1332 1289/975/1332
f 1291/343/1333 1286/972/1333 1285/279/1333
f 1290/284/1334 1294/978/1334 1296/238/1334
f 1293/977/1335 1295/979/1335 1294/978/1335
f 1291/343/1336 1299/981/1336 1292/976/1336
f 1296/238/1337 1300/982/1337 1302/244/1337
f 1299/981/1338 1301/983/1338 1300/982/1338
f 1303/296/1339 1298/980/1339 1297/243/1339
f 1308/489/1340 1301/983/1340 1306/986/1340
f 1305/985/1341 1307/987/1341 1306/986/1341
f 1303/296/1342 1256/990/1342 1304/984/1342
f 1308/489/1343 1259/953/1343 1258/358/1343
f 1201/254/454 1261/361/454 1257/254/454
f 1204/914/1344 1207/917/1344 1203/988/1344
f 1253/950/1345 1202/912/1345 1250/949/1345
f 1251/296/451 1257/199/451 1303/296/451
f 1210/208/451 1258/305/451 1266/588/451
f 1206/304/451 1308/489/451 1258/358/451
f 1211/919/1346 1213/921/1346 1208/918/1346
f 1215/322/1347 1261/361/1347 1209/361/1347
f 1216/371/451 1266/588/451 1272/214/451
f 1217/923/1348 1219/925/1348 1214/922/1348
f 1215/322/1349 1273/269/1349 1267/366/1349
f 1222/376/454 1272/214/454 1278/220/454
f 1223/927/1350 1225/929/1350 1220/926/1350
f 1221/269/451 1279/639/451 1273/269/451
f 1228/689/451 1278/220/451 1284/971/451
f 1226/930/1351 1236/938/1351 1231/933/1351
f 1227/225/451 1285/279/451 1279/639/451
f 1234/936/451 1284/971/451 1290/284/451
f 1235/937/1352 1237/939/1352 1232/934/1352
f 1233/935/454 1291/343/454 1285/279/454
f 1240/238/451 1290/284/451 1296/238/451
f 1241/941/1353 1243/943/1353 1238/940/1353
f 1239/386/451 1297/243/451 1291/343/451
f 1246/945/451 1296/238/451 1302/244/451
f 1247/946/1354 1249/948/1354 1244/944/1354
f 1245/291/1355 1303/296/1355 1297/243/1355
f 1252/301/1356 1302/244/1356 1308/489/1356
f 1255/952/1357 1264/957/1357 1260/992/1357
f 1256/990/1358 1307/987/1358 1304/984/1358
f 1262/955/1359 1270/961/1359 1265/958/1359
f 1275/964/1360 1271/962/1360 1268/959/1360
f 1281/968/1361 1277/966/1361 1274/963/1361
f 1287/973/1362 1283/970/1362 1280/967/1362
f 1286/972/1363 1294/978/1363 1289/975/1363
f 1292/976/1364 1300/982/1364 1295/979/1364
f 1305/985/1365 1301/983/1365 1298/980/1365
f 1369/1085/1421 1370/1086/1421 1371/1087/1421
f 1372/1088/1422 1373/1089/1422 1374/1090/1422
f 1375/1091/1423 1376/1092/1423 1377/1093/1423
f 1378/1094/1424 1379/1095/1424 1380/1096/1424
f 1381/1097/1425 1382/1098/1425 1383/1099/1425
f 1384/1100/1426 1385/1101/1426 1386/1102/1426
f 1387/1103/1427 1388/1104/1427 1389/1105/1427
f 1390/1106/1428 1391/1107/1428 1392/1108/1428
f 1393/1109/1429 1394/1110/1429 1395/1111/1429
f 1396/1112/1430 1397/1113/1430 1398/1114/1430
f 1399/1115/1431 1400/1116/1431 1401/1117/1431
f 1402/1118/1432 1403/1119/1432 1404/1120/1432
f 1405/1121/1433 1406/1122/1433 1407/1123/1433
f 1408/1124/1434 1409/1125/1434 1410/1126/1434
f 1411/1127/1435 1412/1128/1435 1413/1129/1435
f 1414/1130/1436 1415/1131/1436 1416/1132/1436
f 1417/1133/1437 1418/1134/1437 1419/1135/1437
f 1420/1136/1438 1421/1137/1438 1422/1138/1438
f 1376/1092/1439 1369/1085/1439 1371/1087/1439
f 1373/1089/1440 1378/1094/1440 1380/1096/1440
f 1370/1139/1441 1373/1140/1441 1371/1141/1441
f 1379/1142/1442 1376/1143/1442 1380/1144/1442
f 1377/1093/1443 1381/1097/1443 1375/1091/1443
f 1379/1095/1444 1384/1100/1444 1386/1102/1444
f 1383/1145/1445 1386/1146/1445 1385/1147/1445
f 1388/1104/1446 1381/1097/1446 1383/1099/1446
f 1385/1101/1447 1390/1106/1447 1392/1108/1447
f 1389/1148/1448 1392/1149/1448 1391/1150/1448
f 1394/1110/1449 1387/1103/1449 1389/1105/1449
f 1398/1114/1450 1390/1106/1450 1396/1112/1450
f 1395/1151/1451 1398/1152/1451 1397/1153/1451
f 1395/1111/1452 1399/1115/1452 1393/1109/1452
f 1404/1120/1453 1396/1112/1453 1402/1118/1453
f 1401/1154/1454 1404/1155/1454 1403/1156/1454
f 1401/1117/1455 1405/1121/1455 1399/1115/1455
f 1403/1119/1456 1408/1124/1456 1410/1126/1456
f 1407/1157/1457 1410/1158/1457 1409/1159/1457
f 1412/1128/1458 1405/1121/1458 1407/1123/1458
f 1409/1125/1459 1414/1130/1459 1416/1132/1459
f 1413/1160/1460 1416/1161/1460 1415/1162/1460
f 1418/1134/1461 1411/1127/1461 1413/1129/1461
f 1415/1131/1462 1420/1136/1462 1422/1138/1462
f 1419/1163/1463 1422/1164/1463 1421/1165/1463
f 1419/1135/1464 1369/1085/1464 1417/1133/1464
f 1421/1137/1465 1372/1088/1465 1374/1090/1465
f 1375/1091/1466 1399/1115/1466 1411/1127/1466
f 1373/1166/1467 1376/1143/1467 1371/1167/1467
f 1421/1165/1468 1370/1139/1468 1419/1163/1468
f 1372/1088/1469 1402/1118/1469 1390/1106/1469
f 1379/1142/1470 1382/1168/1470 1377/1169/1470
f 1385/1147/1471 1388/1170/1471 1383/1145/1471
f 1391/1150/1472 1394/1171/1472 1389/1148/1472
f 1397/1153/1473 1400/1172/1473 1395/1151/1473
f 1403/1156/1474 1406/1173/1474 1401/1154/1474
f 1409/1159/1475 1412/1174/1475 1407/1157/1475
f 1415/1162/1476 1418/1175/1476 1413/1160/1476
f 1423/669/1477 1424/1176/1477 1425/1177/1477
f 1426/1178/1478 1427/1179/1478 1428/1180/1478
f 1429/1181/1479 1430/1182/1479 1431/624/1479
f 1432/414/1480 1433/1183/1480 1434/1184/1480
f 1435/1185/1481 1436/1186/1481 1437/213/1481
f 1438/214/1482 1439/1187/1482 1440/1188/1482
f 1441/1189/1483 1442/1190/1483 1443/1191/1483
f 1444/423/1484 1445/1192/1484 1446/1193/1484
f 1447/1194/1485 1448/1195/1485 1449/639/1485
f 1450/971/1486 1451/1196/1486 1452/1197/1486
f 1453/1198/1487 1454/1199/1487 1455/337/1487
f 1456/338/1488 1457/1200/1488 1458/1201/1488
f 1459/1202/1489 1460/1203/1489 1461/609/1489
f 1462/480/1490 1463/1204/1490 1464/1205/1490
f 1465/1206/1491 1466/1207/1491 1467/441/1491
f 1468/567/1492 1469/1208/1492 1470/1209/1492
f 1471/1210/1493 1472/1211/1493 1473/354/1493
f 1474/1212/1494 1475/1213/1494 1476/1214/1494
f 1477/1215/1495 1478/254/1495 1479/254/1495
f 1480/256/1496 1481/1216/1496 1482/1217/1496
f 1483/758/1497 1484/1218/1497 1485/1219/1497
f 1486/1220/1498 1487/1221/1498 1488/208/1498
f 1489/366/1499 1490/1222/1499 1491/1223/1499
f 1492/1224/1500 1493/1225/1500 1494/371/1500
f 1495/269/1501 1496/1226/1501 1497/1227/1501
f 1498/1228/1502 1499/1229/1502 1500/376/1502
f 1501/639/1503 1502/1230/1503 1503/1231/1503
f 1504/1232/1504 1505/1233/1504 1506/689/1504
f 1507/470/1505 1508/1234/1505 1509/1235/1505
f 1510/1236/1506 1511/1237/1506 1512/475/1506
f 1513/386/1507 1514/1238/1507 1515/1239/1507
f 1516/1240/1508 1517/1241/1508 1518/480/1508
f 1519/441/1509 1520/1242/1509 1521/1243/1509
f 1522/1244/1510 1523/1245/1510 1524/395/1510
f 1525/354/1511 1526/1246/1511 1527/1247/1511
f 1528/1248/1512 1529/1249/1512 1530/301/1512
f 1429/1181/1513 1423/254/1513 1425/1250/1513
f 1426/1178/1514 1432/414/1514 1434/1184/1514
f 1427/1251/1515 1425/1177/1515 1424/1176/1515
f 1433/1183/1516 1429/1181/1516 1434/1184/1516
f 1435/1185/1517 1431/624/1517 1430/1182/1517
f 1433/1183/1518 1438/214/1518 1440/1188/1518
f 1439/1187/1519 1435/1185/1519 1440/1188/1519
f 1441/1189/1520 1437/213/1520 1436/1186/1520
f 1446/1193/1521 1438/214/1521 1444/423/1521
f 1442/1190/1522 1446/1193/1522 1445/1192/1522
f 1442/1190/1523 1449/639/1523 1443/1191/1523
f 1445/1192/1524 1450/971/1524 1452/1197/1524
f 1448/1195/1525 1452/1197/1525 1451/1196/1525
f 1453/1198/1526 1449/639/1526 1448/1195/1526
f 1458/1201/1527 1450/971/1527 1456/338/1527
f 1457/1200/1528 1453/1198/1528 1458/1201/1528
f 1459/1202/1529 1455/337/1529 1454/1199/1529
f 1457/1200/1530 1462/480/1530 1464/1205/1530
f 1460/1203/1531 1464/1205/1531 1463/1204/1531
f 1465/1206/1532 1461/609/1532 1460/1203/1532
f 1470/1209/1533 1462/480/1533 1468/567/1533
f 1469/1208/1534 1465/1206/1534 1470/1209/1534
f 1466/1207/1535 1473/354/1535 1467/441/1535
f 1476/1214/1536 1468/567/1536 1474/1212/1536
f 1472/1211/1537 1476/1214/1537 1475/1213/1537
f 1472/1211/1538 1423/669/1538 1473/354/1538
f 1427/1251/1539 1474/1212/1539 1428/304/1539
f 1479/254/1540 1485/1219/1540 1477/1215/1540
f 1488/208/1541 1482/1252/1541 1486/1220/1541
f 1477/1253/1542 1481/1216/1542 1478/1254/1542
f 1485/1219/1543 1487/1221/1543 1486/1220/1543
f 1489/366/1544 1484/1218/1544 1483/758/1544
f 1488/208/1545 1492/1224/1545 1494/371/1545
f 1491/1223/1546 1493/1225/1546 1492/1224/1546
f 1495/269/1547 1490/1222/1547 1489/366/1547
f 1494/371/1548 1498/1228/1548 1500/376/1548
f 1497/1227/1549 1499/1229/1549 1498/1228/1549
f 1495/269/1550 1503/1231/1550 1496/1226/1550
f 1506/689/1551 1499/1229/1551 1504/1232/1551
f 1504/1232/1552 1502/1230/1552 1505/1233/1552
f 1507/470/1553 1502/1230/1553 1501/639/1553
f 1506/689/1554 1510/1236/1554 1512/475/1554
f 1510/1236/1555 1508/1234/1555 1511/1237/1555
f 1513/386/1556 1508/1234/1556 1507/470/1556
f 1518/480/1557 1511/1237/1557 1516/1240/1557
f 1516/1240/1558 1514/1238/1558 1517/1241/1558
f 1513/386/1559 1521/1243/1559 1514/1238/1559
f 1524/395/1560 1517/1241/1560 1522/1244/1560
f 1521/1243/1561 1523/1245/1561 1522/1244/1561
f 1525/354/1562 1520/1242/1562 1519/441/1562
f 1524/395/1563 1528/1248/1563 1530/301/1563
f 1528/1248/1564 1526/1246/1564 1529/1249/1564
f 1479/577/1565 1526/1246/1565 1525/354/1565
f 1530/301/1566 1481/1216/1566 1480/256/1566
f 1423/254/451 1483/758/451 1479/254/451
f 1426/1178/1567 1429/1181/1567 1425/1250/1567
f 1475/1213/1568 1424/1176/1568 1472/1211/1568
f 1473/354/451 1479/577/451 1525/354/451
f 1432/414/451 1480/305/451 1488/208/451
f 1428/304/451 1530/301/451 1480/256/451
f 1433/1183/1569 1435/1185/1569 1430/1182/1569
f 1431/624/451 1489/366/451 1483/758/451
f 1438/214/451 1488/208/451 1494/371/451
f 1439/1187/1570 1441/1189/1570 1436/1186/1570
f 1437/213/451 1495/269/451 1489/366/451
f 1444/423/451 1494/371/451 1500/376/451
f 1442/1190/1571 1452/1197/1571 1447/1194/1571
f 1449/639/1572 1495/269/1572 1443/1191/1572
f 1450/971/451 1500/376/451 1506/689/451
f 1448/1195/1573 1458/1201/1573 1453/1198/1573
f 1455/337/566 1501/639/566 1449/639/566
f 1456/338/1574 1506/689/1574 1512/475/1574
f 1454/1199/1575 1464/1205/1575 1459/1202/1575
f 1455/337/454 1513/386/454 1507/470/454
f 1462/480/451 1512/475/451 1518/480/451
f 1463/1204/1576 1465/1206/1576 1460/1203/1576
f 1461/609/451 1519/441/451 1513/386/451
f 1468/567/451 1518/480/451 1524/395/451
f 1466/1207/1577 1476/1214/1577 1471/1210/1577
f 1467/441/451 1525/354/451 1519/441/451
f 1474/1212/451 1524/395/451 1530/301/451
f 1485/1219/1578 1482/1252/1578 1477/1215/1578
f 1478/1254/1579 1529/1249/1579 1526/1246/1579
f 1484/1218/1580 1492/1224/1580 1487/1221/1580
f 1497/1227/1581 1493/1225/1581 1490/1222/1581
f 1496/1226/1582 1504/1232/1582 1499/1229/1582
f 1502/1230/1583 1510/1236/1583 1505/1233/1583
f 1515/1239/1584 1511/1237/1584 1508/1234/1584
f 1514/1238/1585 1522/1244/1585 1517/1241/1585
f 1527/1247/1586 1523/1245/1586 1520/1242/1586
f 1531/199/1587 1532/1255/1587 1533/1256/1587
f 1534/1257/1588 1535/1258/1588 1536/1259/1588
f 1537/1260/1589 1538/1261/1589 1539/587/1589
f 1540/1262/1590 1541/1263/1590 1542/1264/1590
f 1543/1265/1591 1544/1266/1591 1545/213/1591
f 1546/214/1592 1547/1267/1592 1548/1268/1592
f 1549/1269/1593 1550/1270/1593 1551/269/1593
f 1552/1271/1594 1553/1272/1594 1554/1273/1594
f 1555/1274/1595 1556/1275/1595 1557/377/1595
f 1558/689/1596 1559/1276/1596 1560/1277/1596
f 1561/1278/1597 1562/1279/1597 1563/231/1597
f 1564/284/1598 1565/1280/1598 1566/1281/1598
f 1567/1282/1599 1568/1283/1599 1569/609/1599
f 1570/238/1600 1571/1284/1600 1572/1285/1600
f 1573/1286/1601 1574/1287/1601 1575/291/1601
f 1576/395/1602 1577/1288/1602 1578/1289/1602
f 1579/1290/1603 1580/1291/1603 1581/354/1603
f 1582/250/1604 1583/1292/1604 1584/1293/1604
f 1585/1294/1605 1586/254/1605 1587/254/1605
f 1588/304/1606 1589/1295/1606 1590/1296/1606
f 1591/624/1607 1592/1297/1607 1593/1298/1607
f 1594/1299/1608 1595/1300/1608 1596/759/1608
f 1597/213/1609 1598/1301/1609 1599/1302/1609
f 1600/1303/1610 1601/1304/1610 1602/214/1610
f 1603/219/1611 1604/1305/1611 1605/1306/1611
f 1606/1307/1612 1607/1308/1612 1608/220/1612
f 1609/1309/1613 1610/1310/1613 1611/1311/1613
f 1612/1312/1614 1613/1313/1614 1614/226/1614
f 1615/1314/1615 1616/1315/1615 1617/1316/1615
f 1618/1317/1616 1619/1318/1616 1620/475/1616
f 1621/1319/1617 1622/1320/1617 1623/1321/1617
f 1624/1322/1618 1625/1323/1618 1626/238/1618
f 1627/441/1619 1628/1324/1619 1629/1325/1619
f 1630/1326/1620 1631/1327/1620 1632/244/1620
f 1633/354/1621 1634/1328/1621 1635/1329/1621
f 1636/1330/1622 1637/1331/1622 1638/250/1622
f 1533/1332/1623 1539/587/1623 1531/254/1623
f 1542/1264/1624 1536/1259/1624 1540/1262/1624
f 1535/1333/1625 1533/1256/1625 1532/1255/1625
f 1541/1263/1626 1537/1260/1626 1542/1264/1626
f 1538/1261/1627 1545/213/1627 1539/587/1627
f 1548/1268/1628 1540/1262/1628 1546/214/1628
f 1547/1267/1629 1543/1265/1629 1548/1268/1629
f 1549/1269/1630 1545/213/1630 1544/1266/1630
f 1554/1273/1631 1546/214/1631 1552/1271/1631
f 1550/1270/1632 1554/1273/1632 1553/1272/1632
f 1555/1274/1633 1551/269/1633 1550/1270/1633
f 1553/1272/1634 1558/689/1634 1560/1277/1634
f 1559/1276/1635 1555/1274/1635 1560/1277/1635
f 1561/1278/1636 1557/377/1636 1556/1275/1636
f 1566/1281/1637 1558/689/1637 1564/284/1637
f 1562/1279/1638 1566/1281/1638 1565/1280/1638
f 1562/1279/1639 1569/609/1639 1563/231/1639
f 1565/1280/1640 1570/238/1640 1572/1285/1640
f 1571/1284/1641 1567/1282/1641 1572/1285/1641
f 1573/1286/1642 1569/609/1642 1568/1283/1642
f 1571/1284/1643 1576/395/1643 1578/1289/1643
f 1574/1287/1644 1578/1289/1644 1577/1288/1644
f 1574/1287/1645 1581/354/1645 1575/291/1645
f 1584/1293/1646 1576/395/1646 1582/250/1646
f 1583/1292/1647 1579/1290/1647 1584/1293/1647
f 1580/1291/1648 1531/199/1648 1581/354/1648
f 1535/1333/1649 1582/250/1649 1536/304/1649
f 1587/254/1650 1593/1298/1650 1585/1294/1650
f 1596/759/1651 1590/1334/1651 1594/1299/1651
f 1585/1335/1652 1589/1295/1652 1586/1336/1652
f 1594/1299/1653 1592/1297/1653 1595/1300/1653
f 1597/213/1654 1592/1297/1654 1591/624/1654
f 1602/214/1655 1595/1300/1655 1600/1303/1655
f 1600/1303/1656 1598/1301/1656 1601/1304/1656
f 1597/213/1657 1605/1306/1657 1598/1301/1657
f 1608/220/1658 1601/1304/1658 1606/1307/1658
f 1606/1307/1659 1604/1305/1659 1607/1308/1659
f 1603/219/1660 1611/1311/1660 1604/1305/1660
f 1614/226/1661 1607/1308/1661 1612/1312/1661
f 1611/1311/1662 1613/1313/1662 1612/1312/1662
f 1615/1314/1663 1610/1310/1663 1609/1309/1663
f 1614/226/1664 1618/1317/1664 1620/475/1664
f 1618/1317/1665 1616/1315/1665 1619/1318/1665
f 1621/1319/1666 1616/1315/1666 1615/1314/1666
f 1626/238/1667 1619/1318/1667 1624/1322/1667
f 1623/1321/1668 1625/1323/1668 1624/1322/1668
f 1627/441/1669 1622/1320/1669 1621/1319/1669
f 1632/244/1670 1625/1323/1670 1630/1326/1670
f 1630/1326/1671 1628/1324/1671 1631/1327/1671
f 1633/354/1672 1628/1324/1672 1627/441/1672
f 1632/244/1673 1636/1330/1673 1638/250/1673
f 1635/1329/1674 1637/1331/1674 1636/1330/1674
f 1587/308/1675 1634/1328/1675 1633/354/1675
f 1638/250/1676 1589/1295/1676 1588/304/1676
f 1531/254/1677 1591/624/1677 1587/254/1677
f 1533/1332/1678 1542/1264/1678 1537/1260/1678
f 1580/1291/1679 1535/1333/1679 1532/1255/1679
f 1581/354/451 1587/308/451 1633/354/451
f 1540/1262/451 1588/305/451 1596/759/451
f 1536/304/451 1638/250/451 1588/304/451
f 1541/1263/1680 1543/1265/1680 1538/1261/1680
f 1539/587/1681 1597/213/1681 1591/624/1681
f 1546/214/451 1596/759/451 1602/214/451
f 1547/1267/1682 1549/1269/1682 1544/1266/1682
f 1545/213/451 1603/219/451 1597/213/451
f 1552/1271/1683 1602/214/1683 1608/220/1683
f 1553/1272/1684 1555/1274/1684 1550/1270/1684
f 1551/269/451 1609/1309/451 1603/219/451
f 1558/689/451 1608/220/451 1614/226/451
f 1556/1275/1685 1566/1281/1685 1561/1278/1685
f 1557/377/451 1615/1314/451 1609/1309/451
f 1564/284/451 1614/226/451 1620/475/451
f 1565/1280/1686 1567/1282/1686 1562/1279/1686
f 1563/231/451 1621/1319/451 1615/1314/451
f 1570/238/1687 1620/475/1687 1626/238/1687
f 1571/1284/1688 1573/1286/1688 1568/1283/1688
f 1569/609/451 1627/441/451 1621/1319/451
f 1576/395/451 1626/238/451 1632/244/451
f 1574/1287/1689 1584/1293/1689 1579/1290/1689
f 1575/291/451 1633/354/451 1627/441/451
f 1582/250/451 1632/244/451 1638/250/451
f 1593/1298/1690 1590/1334/1690 1585/1294/1690
f 1634/1328/1691 1589/1295/1691 1637/1331/1691
f 1599/1302/1692 1595/1300/1692 1592/1297/1692
f 1598/1301/1693 1606/1307/1693 1601/1304/1693
f 1604/1305/1694 1612/1312/1694 1607/1308/1694
f 1617/1316/1695 1613/1313/1695 1610/1310/1695
f 1616/1315/1696 1624/1322/1696 1619/1318/1696
f 1622/1320/1697 1630/1326/1697 1625/1323/1697
f 1628/1324/1698 1636/1330/1698 1631/1327/1698
f 1639/669/1699 1640/1337/1699 1641/1338/1699
f 1642/1339/1700 1643/1340/1700 1644/1341/1700
f 1645/1342/1701 1646/1343/1701 1647/361/1701
f 1648/588/1702 1649/1344/1702 1650/1345/1702
f 1651/1346/1703 1652/1347/1703 1653/322/1703
f 1654/371/1704 1655/1348/1704 1656/1349/1704
f 1657/1350/1705 1658/1351/1705 1659/269/1705
f 1660/220/1706 1661/1352/1706 1662/1353/1706
f 1663/1354/1707 1664/1355/1707 1665/225/1707
f 1666/971/1708 1667/1356/1708 1668/1357/1708
f 1669/1358/1709 1670/1359/1709 1671/935/1709
f 1672/232/1710 1673/1360/1710 1674/1361/1710
f 1675/1362/1711 1676/1363/1711 1677/343/1711
f 1678/480/1712 1679/1364/1712 1680/1365/1712
f 1681/1366/1713 1682/1367/1713 1683/348/1713
f 1684/244/1714 1685/1368/1714 1686/1369/1714
f 1687/1370/1715 1688/1371/1715 1689/568/1715
f 1690/662/1716 1691/1372/1716 1692/1373/1716
f 1693/1374/1717 1694/1375/1717 1695/254/1717
f 1696/358/1718 1697/1376/1718 1698/1377/1718
f 1699/259/1719 1700/1378/1719 1701/1379/1719
f 1702/1380/1720 1703/1381/1720 1704/759/1720
f 1705/1382/1721 1706/1383/1721 1707/1384/1721
f 1708/1385/1722 1709/1386/1722 1710/371/1722
f 1711/269/1723 1712/1387/1723 1713/1388/1723
f 1714/1389/1724 1715/1390/1724 1716/220/1724
f 1717/377/1725 1718/1391/1725 1719/1392/1725
f 1720/1393/1726 1721/1394/1726 1722/689/1726
f 1723/279/1727 1724/1395/1727 1725/1396/1727
f 1726/1397/1728 1727/1398/1728 1728/284/1728
f 1729/343/1729 1730/1399/1729 1731/1400/1729
f 1732/1401/1730 1733/1402/1730 1734/290/1730
f 1735/291/1731 1736/1403/1731 1737/1404/1731
f 1738/1405/1732 1739/1406/1732 1740/244/1732
f 1741/618/1733 1742/1407/1733 1743/1408/1733
f 1744/1409/1734 1745/1410/1734 1746/446/1734
f 1641/1411/1735 1647/361/1735 1639/254/1735
f 1650/1345/1736 1644/1341/1736 1648/588/1736
f 1640/1337/1737 1642/1377/1737 1641/1338/1737
f 1649/1344/1738 1645/1342/1738 1650/1345/1738
f 1646/1343/1739 1653/322/1739 1647/361/1739
f 1649/1344/1740 1654/371/1740 1656/1349/1740
f 1655/1348/1741 1651/1346/1741 1656/1349/1741
f 1652/1347/1742 1659/269/1742 1653/322/1742
f 1655/1348/1743 1660/220/1743 1662/1353/1743
f 1658/1351/1744 1662/1353/1744 1661/1352/1744
f 1663/1354/1745 1659/269/1745 1658/1351/1745
f 1661/1352/1746 1666/971/1746 1668/1357/1746
f 1667/1356/1747 1663/1354/1747 1668/1357/1747
f 1664/1355/1748 1671/935/1748 1665/225/1748
f 1674/1361/1749 1666/971/1749 1672/232/1749
f 1673/1360/1750 1669/1358/1750 1674/1361/1750
f 1675/1362/1751 1671/935/1751 1670/1359/1751
f 1673/1360/1752 1678/480/1752 1680/1365/1752
f 1676/1363/1753 1680/1365/1753 1679/1364/1753
f 1681/1366/1754 1677/343/1754 1676/1363/1754
f 1679/1364/1755 1684/244/1755 1686/1369/1755
f 1682/1367/1756 1686/1369/1756 1685/1368/1756
f 1687/1370/1757 1683/348/1757 1682/1367/1757
f 1692/1373/1758 1684/244/1758 1690/662/1758
f 1688/1371/1759 1692/1373/1759 1691/1372/1759
f 1640/1337/1760 1689/568/1760 1688/1371/1760
f 1691/1372/1761 1644/1412/1761 1643/1413/1761
f 1695/254/1762 1701/1379/1762 1693/1374/1762
f 1696/305/1763 1702/1380/1763 1704/759/1763
f 1693/1374/1764 1697/1340/1764 1694/1375/1764
f 1702/1380/1765 1700/1378/1765 1703/1381/1765
f 1705/1382/1766 1700/1378/1766 1699/259/1766
f 1710/371/1767 1703/1381/1767 1708/1385/1767
f 1707/1384/1768 1709/1386/1768 1708/1385/1768
f 1711/269/1769 1706/1383/1769 1705/1382/1769
f 1716/220/1770 1709/1386/1770 1714/1389/1770
f 1714/1389/1771 1712/1387/1771 1715/1390/1771
f 1711/269/1772 1719/1392/1772 1712/1387/1772
f 1716/220/1773 1720/1393/1773 1722/689/1773
f 1720/1393/1774 1718/1391/1774 1721/1394/1774
f 1723/279/1775 1718/1391/1775 1717/377/1775
f 1728/284/1776 1721/1394/1776 1726/1397/1776
f 1726/1397/1777 1724/1395/1777 1727/1398/1777
f 1729/343/1778 1724/1395/1778 1723/279/1778
f 1734/290/1779 1727/1398/1779 1732/1401/1779
f 1732/1401/1780 1730/1399/1780 1733/1402/1780
f 1729/343/1781 1737/1404/1781 1730/1399/1781
f 1740/244/1782 1733/1402/1782 1738/1405/1782
f 1738/1405/1783 1736/1403/1783 1739/1406/1783
f 1741/618/1784 1736/1403/1784 1735/291/1784
f 1740/244/1785 1744/1409/1785 1746/446/1785
f 1743/1408/1786 1745/1410/1786 1744/1409/1786
f 1695/199/1787 1742/1407/1787 1741/618/1787
f 1696/358/1788 1745/1410/1788 1697/1376/1788
f 1639/254/451 1699/259/451 1695/254/451
f 1641/1411/1789 1650/1345/1789 1645/1342/1789
f 1691/1372/1790 1640/1337/1790 1688/1371/1790
f 1689/568/1791 1695/199/1791 1741/618/1791
f 1648/588/451 1696/305/451 1704/759/451
f 1644/1412/451 1746/446/451 1696/358/451
f 1649/1344/1792 1651/1346/1792 1646/1343/1792
f 1647/361/451 1705/1382/451 1699/259/451
f 1654/371/451 1704/759/451 1710/371/451
f 1655/1348/1793 1657/1350/1793 1652/1347/1793
f 1653/322/451 1711/269/451 1705/1382/451
f 1660/220/451 1710/371/451 1716/220/451
f 1661/1352/1794 1663/1354/1794 1658/1351/1794
f 1659/269/451 1717/377/451 1711/269/451
f 1666/971/451 1716/220/451 1722/689/451
f 1664/1355/1795 1674/1361/1795 1669/1358/1795
f 1665/225/451 1723/279/451 1717/377/451
f 1672/232/451 1722/689/451 1728/284/451
f 1670/1359/1796 1680/1365/1796 1675/1362/1796
f 1671/935/451 1729/343/451 1723/279/451
f 1678/480/451 1728/284/451 1734/290/451
f 1679/1364/1797 1681/1366/1797 1676/1363/1797
f 1677/343/566 1735/291/566 1729/343/566
f 1684/244/451 1734/290/451 1740/244/451
f 1682/1367/1798 1692/1373/1798 1687/1370/1798
f 1683/348/451 1741/618/451 1735/291/451
f 1690/662/451 1740/244/451 1746/446/451
f 1693/1374/1799 1702/1380/1799 1698/1414/1799
f 1694/1415/1800 1745/1410/1800 1742/1407/1800
f 1707/1384/1801 1703/1381/1801 1700/1378/1801
f 1706/1383/1802 1714/1389/1802 1709/1386/1802
f 1712/1387/1803 1720/1393/1803 1715/1390/1803
f 1725/1396/1804 1721/1394/1804 1718/1391/1804
f 1724/1395/1805 1732/1401/1805 1727/1398/1805
f 1730/1399/1806 1738/1405/1806 1733/1402/1806
f 1736/1403/1807 1744/1409/1807 1739/1406/1807
f 1747/199/1808 1748/1416/1808 1749/1417/1808
f 1750/1418/1809 1751/1419/1809 1752/1420/1809
f 1753/1421/1810 1754/1422/1810 1755/587/1810
f 1756/208/1811 1757/1423/1811 1758/1424/1811
f 1759/1425/1812 1760/1426/1812 1761/213/1812
f 1762/845/1813 1763/1427/1813 1764/1428/1813
f 1765/1429/1814 1766/1430/1814 1767/219/1814
f 1768/423/1815 1769/1431/1815 1770/1432/1815
f 1771/1433/1816 1772/1434/1816 1773/225/1816
f 1774/971/1817 1775/1435/1817 1776/1436/1817
f 1777/1437/1818 1778/1438/1818 1779/470/1818
f 1780/1439/1819 1781/1440/1819 1782/1441/1819
f 1783/1442/1820 1784/1443/1820 1785/609/1820
f 1786/480/1821 1787/1444/1821 1788/1445/1821
f 1789/1446/1822 1790/1447/1822 1791/348/1822
f 1792/244/1823 1793/1448/1823 1794/1449/1823
f 1795/1450/1824 1796/1451/1824 1797/354/1824
f 1798/446/1825 1799/1452/1825 1800/1453/1825
f 1801/1454/1826 1802/254/1826 1803/254/1826
f 1804/358/1827 1805/1455/1827 1806/1456/1827
f 1807/259/1828 1808/1457/1828 1809/1458/1828
f 1810/1459/1829 1811/1460/1829 1812/208/1829
f 1813/213/1830 1814/1461/1830 1815/1462/1830
f 1816/1463/1831 1817/1464/1831 1818/214/1831
f 1819/269/1832 1820/1465/1832 1821/1466/1832
f 1822/1467/1833 1823/1468/1833 1824/274/1833
f 1825/225/1834 1826/1469/1834 1827/1470/1834
f 1828/1471/1835 1829/1472/1835 1830/469/1835
f 1831/337/1836 1832/1473/1836 1833/1474/1836
f 1834/1475/1837 1835/1476/1837 1836/936/1837
f 1837/237/1838 1838/1477/1838 1839/1478/1838
f 1840/1479/1839 1841/1480/1839 1842/480/1839
f 1843/291/1840 1844/1481/1840 1845/1482/1840
f 1846/1483/1841 1847/1484/1841 1848/567/1841
f 1849/296/1842 1850/1485/1842 1851/1486/1842
f 1852/1487/1843 1853/1488/1843 1854/250/1843
f 1753/1421/1844 1747/254/1844 1749/1489/1844
f 1758/1424/1845 1752/1420/1845 1756/208/1845
f 1751/1490/1846 1749/1417/1846 1748/1416/1846
f 1757/1423/1847 1753/1421/1847 1758/1424/1847
f 1759/1425/1848 1755/587/1848 1754/1422/1848
f 1757/1423/1849 1762/845/1849 1764/1428/1849
f 1760/1426/1850 1764/1428/1850 1763/1427/1850
f 1765/1429/1851 1761/213/1851 1760/1426/1851
f 1763/1427/1852 1768/423/1852 1770/1432/1852
f 1766/1430/1853 1770/1432/1853 1769/1431/1853
f 1771/1433/1854 1767/219/1854 1766/1430/1854
f 1769/1431/1855 1774/971/1855 1776/1436/1855
f 1775/1435/1856 1771/1433/1856 1776/1436/1856
f 1777/1437/1857 1773/225/1857 1772/1434/1857
f 1775/1435/1858 1780/1439/1858 1782/1441/1858
f 1781/1440/1859 1777/1437/1859 1782/1441/1859
f 1783/1442/1860 1779/470/1860 1778/1438/1860
f 1788/1445/1861 1780/1439/1861 1786/480/1861
f 1784/1443/1862 1788/1445/1862 1787/1444/1862
f 1784/1443/1863 1791/348/1863 1785/609/1863
f 1787/1444/1864 1792/244/1864 1794/1449/1864
f 1793/1448/1865 1789/1446/1865 1794/1449/1865
f 1795/1450/1866 1791/348/1866 1790/1447/1866
f 1793/1448/1867 1798/446/1867 1800/1453/1867
f 1796/1451/1868 1800/1453/1868 1799/1452/1868
f 1748/1416/1869 1797/354/1869 1796/1451/1869
f 1799/1452/1870 1752/304/1870 1751/1490/1870
f 1807/259/1871 1801/1454/1871 1803/254/1871
f 1812/208/1872 1806/1491/1872 1810/1459/1872
f 1806/1456/1873 1802/1492/1873 1801/1493/1873
f 1809/1458/1874 1811/1460/1874 1810/1459/1874
f 1807/259/1875 1815/1462/1875 1808/1457/1875
f 1818/214/1876 1811/1460/1876 1816/1463/1876
f 1815/1462/1877 1817/1464/1877 1816/1463/1877
f 1813/213/1878 1821/1466/1878 1814/1461/1878
f 1824/274/1879 1817/1464/1879 1822/1467/1879
f 1821/1466/1880 1823/1468/1880 1822/1467/1880
f 1819/269/1881 1827/1470/1881 1820/1465/1881
f 1824/274/1882 1828/1471/1882 1830/469/1882
f 1827/1470/1883 1829/1472/1883 1828/1471/1883
f 1825/225/1884 1833/1474/1884 1826/1469/1884
f 1836/936/1885 1829/1472/1885 1834/1475/1885
f 1834/1475/1886 1832/1473/1886 1835/1476/1886
f 1831/337/1887 1839/1478/1887 1832/1473/1887
f 1836/936/1888 1840/1479/1888 1842/480/1888
f 1839/1478/1889 1841/1480/1889 1840/1479/1889
f 1837/237/1890 1845/1482/1890 1838/1477/1890
f 1848/567/1891 1841/1480/1891 1846/1483/1891
f 1846/1483/1892 1844/1481/1892 1847/1484/1892
f 1849/296/1893 1844/1481/1893 1843/291/1893
f 1848/567/1894 1852/1487/1894 1854/250/1894
f 1851/1486/1895 1853/1488/1895 1852/1487/1895
f 1803/199/1896 1850/1485/1896 1849/296/1896
f 1854/250/1897 1805/1455/1897 1804/358/1897
f 1747/254/451 1807/259/451 1803/254/451
f 1749/1489/1898 1758/1424/1898 1753/1421/1898
f 1799/1452/1899 1748/1416/1899 1796/1451/1899
f 1797/354/451 1803/199/451 1849/296/451
f 1756/208/451 1804/305/451 1812/208/451
f 1752/304/451 1854/250/451 1804/358/451
f 1757/1423/1900 1759/1425/1900 1754/1422/1900
f 1755/587/451 1813/213/451 1807/259/451
f 1762/845/451 1812/208/451 1818/214/451
f 1763/1427/1901 1765/1429/1901 1760/1426/1901
f 1761/213/451 1819/269/451 1813/213/451
f 1768/423/451 1818/214/451 1824/274/451
f 1769/1431/1902 1771/1433/1902 1766/1430/1902
f 1767/219/451 1825/225/451 1819/269/451
f 1774/971/451 1824/274/451 1830/469/451
f 1775/1435/1903 1777/1437/1903 1772/1434/1903
f 1773/225/1904 1831/337/1904 1825/225/1904
f 1780/1439/451 1830/469/451 1836/936/451
f 1778/1438/1905 1788/1445/1905 1783/1442/1905
f 1779/470/451 1837/237/451 1831/337/451
f 1786/480/451 1836/936/451 1842/480/451
f 1784/1443/1906 1794/1449/1906 1789/1446/1906
f 1785/609/451 1843/291/451 1837/237/451
f 1792/244/451 1842/480/451 1848/567/451
f 1793/1448/1907 1795/1450/1907 1790/1447/1907
f 1791/348/451 1849/296/451 1843/291/451
f 1798/446/451 1848/567/451 1854/250/451
f 1801/1454/1908 1810/1459/1908 1806/1491/1908
f 1802/1492/1909 1853/1488/1909 1850/1485/1909
f 1815/1462/1910 1811/1460/1910 1808/1457/1910
f 1821/1466/1911 1817/1464/1911 1814/1461/1911
f 1827/1470/1912 1823/1468/1912 1820/1465/1912
f 1826/1469/1913 1834/1475/1913 1829/1472/1913
f 1839/1478/1914 1835/1476/1914 1832/1473/1914
f 1845/1482/1915 1841/1480/1915 1838/1477/1915
f 1844/1481/1916 1852/1487/1916 1847/1484/1916
f 1855/669/1917 1856/1494/1917 1857/1495/1917
f 1858/1496/1918 1859/1497/1918 1860/1498/1918
f 1861/1499/1919 1862/1500/1919 1863/758/1919
f 1864/208/1920 1865/1501/1920 1866/1502/1920
f 1867/1503/1921 1868/1504/1921 1869/213/1921
f 1870/634/1922 1871/1505/1922 1872/1506/1922
f 1873/1507/1923 1874/1508/1923 1875/1509/1923
f 1876/376/1924 1877/1510/1924 1878/1511/1924
f 1879/1512/1925 1880/1513/1925 1881/377/1925
f 1882/226/1926 1883/1514/1926 1884/1515/1926
f 1885/1516/1927 1886/1517/1927 1887/231/1927
f 1888/284/1928 1889/1518/1928 1890/1519/1928
f 1891/1520/1929 1892/1521/1929 1893/343/1929
f 1894/290/1930 1895/1522/1930 1896/1523/1930
f 1897/1524/1931 1898/1525/1931 1899/1526/1931
f 1900/567/1932 1901/1527/1932 1902/1528/1932
f 1903/1529/1933 1904/1530/1933 1905/296/1933
f 1906/662/1934 1907/1531/1934 1908/1532/1934
f 1909/1533/1935 1910/254/1935 1911/255/1935
f 1912/304/1936 1913/1534/1936 1914/1535/1936
f 1915/1536/1937 1916/1537/1937 1917/1538/1937
f 1918/1539/1938 1919/1540/1938 1920/588/1938
f 1921/366/1939 1922/1541/1939 1923/1542/1939
f 1924/1543/1940 1925/1544/1940 1926/214/1940
f 1927/219/1941 1928/1545/1941 1929/1546/1941
f 1930/1547/1942 1931/1548/1942 1932/376/1942
f 1933/225/1943 1934/1549/1943 1935/1550/1943
f 1936/1551/1944 1937/1552/1944 1938/226/1944
f 1939/279/1945 1940/1553/1945 1941/1554/1945
f 1942/1555/1946 1943/1556/1946 1944/232/1946
f 1945/343/1947 1946/1557/1947 1947/1558/1947
f 1948/1559/1948 1949/1560/1948 1950/290/1948
f 1951/348/1949 1952/1561/1949 1953/1562/1949
f 1954/1563/1950 1955/1564/1950 1956/244/1950
f 1957/618/1951 1958/1565/1951 1959/1566/1951
f 1960/1567/1952 1961/1568/1952 1962/662/1952
f 1861/1499/1953 1855/254/1953 1857/1569/1953
f 1866/1502/1954 1860/1498/1954 1864/208/1954
f 1856/1494/1955 1858/1570/1955 1857/1495/1955
f 1862/1500/1956 1866/1502/1956 1865/1501/1956
f 1867/1503/1957 1863/758/1957 1862/1500/1957
f 1872/1506/1958 1864/208/1958 1870/634/1958
f 1871/1505/1959 1867/1503/1959 1872/1506/1959
f 1868/1504/1960 1875/1509/1960 1869/213/1960
f 1878/1511/1961 1870/634/1961 1876/376/1961
f 1874/1508/1962 1878/1511/1962 1877/1510/1962
f 1874/1508/1963 1881/377/1963 1875/1509/1963
f 1877/1510/1964 1882/226/1964 1884/1515/1964
f 1880/1513/1965 1884/1515/1965 1883/1514/1965
f 1885/1516/1966 1881/377/1966 1880/1513/1966
f 1883/1514/1967 1888/284/1967 1890/1519/1967
f 1889/1518/1968 1885/1516/1968 1890/1519/1968
f 1886/1517/1969 1893/343/1969 1887/231/1969
f 1896/1523/1970 1888/284/1970 1894/290/1970
f 1895/1522/1971 1891/1520/1971 1896/1523/1971
f 1897/1524/1972 1893/343/1972 1892/1521/1972
f 1902/1528/1973 1894/290/1973 1900/567/1973
f 1901/1527/1974 1897/1524/1974 1902/1528/1974
f 1898/1525/1975 1905/296/1975 1899/1526/1975
f 1908/1532/1976 1900/567/1976 1906/662/1976
f 1907/1531/1977 1903/1529/1977 1908/1532/1977
f 1904/1530/1978 1855/669/1978 1905/296/1978
f 1859/1571/1979 1906/662/1979 1860/256/1979
f 1915/1536/1980 1909/1533/1980 1911/255/1980
f 1912/305/1981 1918/1539/1981 1920/588/1981
f 1914/1535/1982 1910/1572/1982 1909/1573/1982
f 1917/1538/1983 1919/1540/1983 1918/1539/1983
f 1915/1536/1984 1923/1542/1984 1916/1537/1984
f 1920/588/1985 1924/1543/1985 1926/214/1985
f 1923/1542/1986 1925/1544/1986 1924/1543/1986
f 1927/219/1987 1922/1541/1987 1921/366/1987
f 1932/376/1988 1925/1544/1988 1930/1547/1988
f 1930/1547/1989 1928/1545/1989 1931/1548/1989
f 1927/219/1990 1935/1550/1990 1928/1545/1990
f 1938/226/1991 1931/1548/1991 1936/1551/1991
f 1935/1550/1992 1937/1552/1992 1936/1551/1992
f 1933/225/1993 1941/1554/1993 1934/1549/1993
f 1938/226/1994 1942/1555/1994 1944/232/1994
f 1941/1554/1995 1943/1556/1995 1942/1555/1995
f 1939/279/1996 1947/1558/1996 1940/1553/1996
f 1944/232/1997 1948/1559/1997 1950/290/1997
f 1948/1559/1998 1946/1557/1998 1949/1560/1998
f 1945/343/1999 1953/1562/1999 1946/1557/1999
f 1950/290/2000 1954/1563/2000 1956/244/2000
f 1954/1563/2001 1952/1561/2001 1955/1564/2001
f 1951/348/2002 1959/1566/2002 1952/1561/2002
f 1962/662/2003 1955/1564/2003 1960/1567/2003
f 1959/1566/2004 1961/1568/2004 1960/1567/2004
f 1957/618/2005 1910/1572/2005 1958/1565/2005
f 1912/304/2006 1961/1568/2006 1913/1534/2006
f 1855/254/451 1915/1536/451 1911/255/451
f 1858/1496/2007 1861/1499/2007 1857/1569/2007
f 1907/1531/2008 1856/1494/2008 1904/1530/2008
f 1905/296/454 1911/308/454 1957/618/454
f 1864/208/451 1912/305/451 1920/588/451
f 1860/256/451 1962/662/451 1912/304/451
f 1865/1501/2009 1867/1503/2009 1862/1500/2009
f 1863/758/451 1921/366/451 1915/1536/451
f 1870/634/451 1920/588/451 1926/214/451
f 1868/1504/2010 1878/1511/2010 1873/1507/2010
f 1869/213/451 1927/219/451 1921/366/451
f 1876/376/451 1926/214/451 1932/376/451
f 1874/1508/2011 1884/1515/2011 1879/1512/2011
f 1875/1509/451 1933/225/451 1927/219/451
f 1882/226/451 1932/376/451 1938/226/451
f 1883/1514/2012 1885/1516/2012 1880/1513/2012
f 1881/377/1681 1939/279/1681 1933/225/1681
f 1888/284/451 1938/226/451 1944/232/451
f 1886/1517/2013 1896/1523/2013 1891/1520/2013
f 1893/343/2014 1939/279/2014 1887/231/2014
f 1894/290/451 1944/232/451 1950/290/451
f 1895/1522/2015 1897/1524/2015 1892/1521/2015
f 1893/343/451 1951/348/451 1945/343/451
f 1900/567/451 1950/290/451 1956/244/451
f 1901/1527/2016 1903/1529/2016 1898/1525/2016
f 1899/1526/451 1957/618/451 1951/348/451
f 1906/662/451 1956/244/451 1962/662/451
f 1909/1533/2017 1918/1539/2017 1914/1574/2017
f 1910/1572/2018 1961/1568/2018 1958/1565/2018
f 1916/1537/2019 1924/1543/2019 1919/1540/2019
f 1929/1546/2020 1925/1544/2020 1922/1541/2020
f 1935/1550/2021 1931/1548/2021 1928/1545/2021
f 1934/1549/2022 1942/1555/2022 1937/1552/2022
f 1947/1558/2023 1943/1556/2023 1940/1553/2023
f 1953/1562/2024 1949/1560/2024 1946/1557/2024
f 1952/1561/2025 1960/1567/2025 1955/1564/2025
f 1963/199/2026 1964/1575/2026 1965/1576/2026
f 1966/1577/2027 1967/1578/2027 1968/1579/2027
f 1969/1580/2028 1970/1581/2028 1971/758/2028
f 1972/208/2029 1973/1582/2029 1974/1583/2029
f 1975/1584/2030 1976/1585/2030 1977/1586/2030
f 1978/371/2031 1979/1587/2031 1980/1588/2031
f 1981/1589/2032 1982/1590/2032 1983/269/2032
f 1984/274/2033 1985/1591/2033 1986/1592/2033
f 1987/1593/2034 1988/1594/2034 1989/225/2034
f 1990/226/2035 1991/1595/2035 1992/1596/2035
f 1993/1597/2036 1994/1598/2036 1995/337/2036
f 1996/284/2037 1997/1599/2037 1998/1600/2037
f 1999/1601/2038 2000/1602/2038 2001/343/2038
f 2002/238/2039 2003/1603/2039 2004/1604/2039
f 2005/1605/2040 2006/1606/2040 2007/441/2040
f 2008/741/2041 2009/1607/2041 2010/1608/2041
f 2011/1609/2042 2012/1610/2042 2013/296/2042
f 2014/301/2043 2015/1611/2043 2016/1612/2043
f 2017/1613/2044 2018/254/2044 2019/254/2044
f 2020/304/2045 2021/1614/2045 2022/1615/2045
f 2023/758/2046 2024/1616/2046 2025/1617/2046
f 2026/1618/2047 2027/1619/2047 2028/1262/2047
f 2029/366/2048 2030/1620/2048 2031/1621/2048
f 2032/1622/2049 2033/1623/2049 2034/1624/2049
f 2035/546/2050 2036/1625/2050 2037/1626/2050
f 2038/1627/2051 2039/1628/2051 2040/376/2051
f 2041/332/2052 2042/1629/2052 2043/1630/2052
f 2044/1631/2053 2045/1632/2053 2046/469/2053
f 2047/337/2054 2048/1633/2054 2049/1634/2054
f 2050/1635/2055 2051/1636/2055 2052/284/2055
f 2053/343/2056 2054/1637/2056 2055/1638/2056
f 2056/1639/2057 2057/1640/2057 2058/1641/2057
f 2059/243/2058 2060/1642/2058 2061/1643/2058
f 2062/1644/2059 2063/1645/2059 2064/395/2059
f 2065/657/2060 2066/1646/2060 2067/1647/2060
f 2068/1648/2061 2069/1649/2061 2070/446/2061
f 1965/1650/2062 1971/758/2062 1963/254/2062
f 1974/1583/2063 1968/1579/2063 1972/208/2063
f 1967/1651/2064 1965/1576/2064 1964/1575/2064
f 1970/1581/2065 1974/1583/2065 1973/1582/2065
f 1975/1584/2066 1971/758/2066 1970/1581/2066
f 1980/1588/2067 1972/208/2067 1978/371/2067
f 1976/1585/2068 1980/1588/2068 1979/1587/2068
f 1976/1585/2069 1983/269/2069 1977/1586/2069
f 1979/1587/2070 1984/274/2070 1986/1592/2070
f 1985/1591/2071 1981/1589/2071 1986/1592/2071
f 1987/1593/2072 1983/269/2072 1982/1590/2072
f 1992/1596/2073 1984/274/2073 1990/226/2073
f 1991/1595/2074 1987/1593/2074 1992/1596/2074
f 1988/1594/2075 1995/337/2075 1989/225/2075
f 1991/1595/2076 1996/284/2076 1998/1600/2076
f 1994/1598/2077 1998/1600/2077 1997/1599/2077
f 1999/1601/2078 1995/337/2078 1994/1598/2078
f 1997/1599/2079 2002/238/2079 2004/1604/2079
f 2000/1602/2080 2004/1604/2080 2003/1603/2080
f 2005/1605/2081 2001/343/2081 2000/1602/2081
f 2003/1603/2082 2008/741/2082 2010/1608/2082
f 2009/1607/2083 2005/1605/2083 2010/1608/2083
f 2011/1609/2084 2007/441/2084 2006/1606/2084
f 2016/1612/2085 2008/741/2085 2014/301/2085
f 2012/1610/2086 2016/1612/2086 2015/1611/2086
f 1964/1575/2087 2013/296/2087 2012/1610/2087
f 1967/1651/2088 2014/301/2088 1968/304/2088
f 2023/758/2089 2017/1613/2089 2019/254/2089
f 2020/305/2090 2026/1618/2090 2028/1262/2090
f 2022/1615/2091 2018/1652/2091 2017/1653/2091
f 2025/1617/2092 2027/1619/2092 2026/1618/2092
f 2029/366/2093 2024/1616/2093 2023/758/2093
f 2028/1262/2094 2032/1622/2094 2034/1624/2094
f 2031/1621/2095 2033/1623/2095 2032/1622/2095
f 2035/546/2096 2030/1620/2096 2029/366/2096
f 2034/1624/2097 2038/1627/2097 2040/376/2097
f 2037/1626/2098 2039/1628/2098 2038/1627/2098
f 2035/546/2099 2043/1630/2099 2036/1625/2099
f 2040/376/2100 2044/1631/2100 2046/469/2100
f 2043/1630/2101 2045/1632/2101 2044/1631/2101
f 2047/337/2102 2042/1629/2102 2041/332/2102
f 2052/284/2103 2045/1632/2103 2050/1635/2103
f 2050/1635/2104 2048/1633/2104 2051/1636/2104
f 2047/337/2105 2055/1638/2105 2048/1633/2105
f 2052/284/2106 2056/1639/2106 2058/1641/2106
f 2056/1639/2107 2054/1637/2107 2057/1640/2107
f 2053/343/2108 2061/1643/2108 2054/1637/2108
f 2064/395/2109 2057/1640/2109 2062/1644/2109
f 2062/1644/2110 2060/1642/2110 2063/1645/2110
f 2059/243/2111 2067/1647/2111 2060/1642/2111
f 2064/395/2112 2068/1648/2112 2070/446/2112
f 2068/1648/2113 2066/1646/2113 2069/1649/2113
f 2019/669/2114 2066/1646/2114 2065/657/2114
f 2020/304/2115 2069/1649/2115 2021/1614/2115
f 1963/254/451 2023/758/451 2019/254/451
f 1965/1650/2116 1974/1583/2116 1969/1580/2116
f 2015/1611/2117 1964/1575/2117 2012/1610/2117
f 2013/296/454 2019/669/454 2065/657/454
f 1972/208/451 2020/305/451 2028/1262/451
f 1968/304/451 2070/446/451 2020/304/451
f 1970/1581/2118 1980/1588/2118 1975/1584/2118
f 1971/758/451 2029/366/451 2023/758/451
f 1978/371/451 2028/1262/451 2034/1624/451
f 1979/1587/2119 1981/1589/2119 1976/1585/2119
f 1977/1586/451 2035/546/451 2029/366/451
f 1984/274/451 2034/1624/451 2040/376/451
f 1985/1591/2120 1987/1593/2120 1982/1590/2120
f 1983/269/451 2041/332/451 2035/546/451
f 1990/226/451 2040/376/451 2046/469/451
f 1991/1595/2121 1993/1597/2121 1988/1594/2121
f 1989/225/451 2047/337/451 2041/332/451
f 1996/284/451 2046/469/451 2052/284/451
f 1997/1599/2122 1999/1601/2122 1994/1598/2122
f 1995/337/451 2053/343/451 2047/337/451
f 2002/238/451 2052/284/451 2058/1641/451
f 2003/1603/2123 2005/1605/2123 2000/1602/2123
f 2001/343/451 2059/243/451 2053/343/451
f 2008/741/451 2058/1641/451 2064/395/451
f 2009/1607/2124 2011/1609/2124 2006/1606/2124
f 2007/441/451 2065/657/451 2059/243/451
f 2014/301/1356 2064/395/1356 2070/446/1356
f 2017/1613/2125 2026/1618/2125 2022/1654/2125
f 2066/1646/2126 2021/1614/2126 2069/1649/2126
f 2024/1616/2127 2032/1622/2127 2027/1619/2127
f 2037/1626/2128 2033/1623/2128 2030/1620/2128
f 2043/1630/2129 2039/1628/2129 2036/1625/2129
f 2049/1634/2130 2045/1632/2130 2042/1629/2130
f 2055/1638/2131 2051/1636/2131 2048/1633/2131
f 2061/1643/2132 2057/1640/2132 2054/1637/2132
f 2060/1642/2133 2068/1648/2133 2063/1645/2133
f 2071/669/2134 2072/1655/2134 2073/1656/2134
f 2074/1657/2135 2075/1658/2135 2076/1659/2135
f 2077/1660/2136 2078/1661/2136 2079/758/2136
f 2080/208/2137 2081/1662/2137 2082/1663/2137
f 2083/1664/2138 2084/1665/2138 2085/213/2138
f 2086/214/2139 2087/1666/2139 2088/1667/2139
f 2089/1668/2140 2090/1669/2140 2091/269/2140
f 2092/376/2141 2093/1670/2141 2094/1671/2141
f 2095/1672/2142 2096/1673/2142 2097/377/2142
f 2098/226/2143 2099/1674/2143 2100/1675/2143
f 2101/1676/2144 2102/1677/2144 2103/337/2144
f 2104/284/2145 2105/1678/2145 2106/1679/2145
f 2107/1680/2146 2108/1681/2146 2109/343/2146
f 2110/1641/2147 2111/1682/2147 2112/1683/2147
f 2113/1684/2148 2114/1685/2148 2115/348/2148
f 2116/395/2149 2117/1686/2149 2118/1687/2149
f 2119/1688/2150 2120/1689/2150 2121/296/2150
f 2122/301/2151 2123/1690/2151 2124/1691/2151
f 2125/1692/2152 2126/254/2152 2127/254/2152
f 2128/304/2153 2129/1693/2153 2130/1694/2153
f 2131/259/2154 2132/1695/2154 2133/1696/2154
f 2134/1697/2155 2135/1698/2155 2136/414/2155
f 2137/213/2156 2138/1699/2156 2139/1700/2156
f 2140/1701/2157 2141/1702/2157 2142/214/2157
f 2143/219/2158 2144/1703/2158 2145/1704/2158
f 2146/1705/2159 2147/1706/2159 2148/423/2159
f 2149/225/2160 2150/1707/2160 2151/1708/2160
f 2152/1709/2161 2153/1710/2161 2154/226/2161
f 2155/337/2162 2156/1711/2162 2157/1712/2162
f 2158/1713/2163 2159/1714/2163 2160/284/2163
f 2161/237/2164 2162/1715/2164 2163/1716/2164
f 2164/1717/2165 2165/1718/2165 2166/290/2165
f 2167/348/2166 2168/1719/2166 2169/1720/2166
f 2170/1721/2167 2171/1722/2167 2172/244/2167
f 2173/296/2168 2174/1723/2168 2175/1724/2168
f 2176/1725/2169 2177/1726/2169 2178/489/2169
f 2073/1727/2170 2079/758/2170 2071/255/2170
f 2082/1663/2171 2076/1659/2171 2080/208/2171
f 2072/1655/2172 2074/1694/2172 2073/1656/2172
f 2078/1661/2173 2082/1663/2173 2081/1662/2173
f 2083/1664/2174 2079/758/2174 2078/1661/2174
f 2088/1667/2175 2080/208/2175 2086/214/2175
f 2084/1665/2176 2088/1667/2176 2087/1666/2176
f 2089/1668/2177 2085/213/2177 2084/1665/2177
f 2087/1666/2178 2092/376/2178 2094/1671/2178
f 2090/1669/2179 2094/1671/2179 2093/1670/2179
f 2090/1669/2180 2097/377/2180 2091/269/2180
f 2100/1675/2181 2092/376/2181 2098/226/2181
f 2096/1673/2182 2100/1675/2182 2099/1674/2182
f 2101/1676/2183 2097/377/2183 2096/1673/2183
f 2106/1679/2184 2098/226/2184 2104/284/2184
f 2105/1678/2185 2101/1676/2185 2106/1679/2185
f 2107/1680/2186 2103/337/2186 2102/1677/2186
f 2105/1678/2187 2110/1641/2187 2112/1683/2187
f 2111/1682/2188 2107/1680/2188 2112/1683/2188
f 2108/1681/2189 2115/348/2189 2109/343/2189
f 2111/1682/2190 2116/395/2190 2118/1687/2190
f 2117/1686/2191 2113/1684/2191 2118/1687/2191
f 2114/1685/2192 2121/296/2192 2115/348/2192
f 2124/1691/2193 2116/395/2193 2122/301/2193
f 2123/1690/2194 2119/1688/2194 2124/1691/2194
f 2072/1655/2195 2121/296/2195 2120/1689/2195
f 2123/1690/2196 2076/256/2196 2075/1728/2196
f 2127/254/2197 2133/1696/2197 2125/1692/2197
f 2136/414/2198 2130/1729/2198 2134/1697/2198
f 2130/1694/2199 2126/1730/2199 2125/1731/2199
f 2133/1696/2200 2135/1698/2200 2134/1697/2200
f 2131/259/2201 2139/1700/2201 2132/1695/2201
f 2142/214/2202 2135/1698/2202 2140/1701/2202
f 2140/1701/2203 2138/1699/2203 2141/1702/2203
f 2143/219/2204 2138/1699/2204 2137/213/2204
f 2142/214/2205 2146/1705/2205 2148/423/2205
f 2145/1704/2206 2147/1706/2206 2146/1705/2206
f 2149/225/2207 2144/1703/2207 2143/219/2207
f 2148/423/2208 2152/1709/2208 2154/226/2208
f 2151/1708/2209 2153/1710/2209 2152/1709/2209
f 2155/337/2210 2150/1707/2210 2149/225/2210
f 2154/226/2211 2158/1713/2211 2160/284/2211
f 2157/1712/2212 2159/1714/2212 2158/1713/2212
f 2161/237/2213 2156/1711/2213 2155/337/2213
f 2166/290/2214 2159/1714/2214 2164/1717/2214
f 2164/1717/2215 2162/1715/2215 2165/1718/2215
f 2167/348/2216 2162/1715/2216 2161/237/2216
f 2172/244/2217 2165/1718/2217 2170/1721/2217
f 2169/1720/2218 2171/1722/2218 2170/1721/2218
f 2173/296/2219 2168/1719/2219 2167/348/2219
f 2172/244/2220 2176/1725/2220 2178/489/2220
f 2175/1724/2221 2177/1726/2221 2176/1725/2221
f 2173/296/2222 2126/1730/2222 2174/1723/2222
f 2178/489/2223 2129/1693/2223 2128/304/2223
f 2071/255/451 2131/259/451 2127/254/451
f 2073/1727/2224 2082/1663/2224 2077/1660/2224
f 2123/1690/2225 2072/1655/2225 2120/1689/2225
f 2121/296/451 2127/199/451 2173/296/451
f 2080/208/451 2128/305/451 2136/414/451
f 2076/256/451 2178/489/451 2128/304/451
f 2078/1661/2226 2088/1667/2226 2083/1664/2226
f 2079/758/451 2137/213/451 2131/259/451
f 2086/214/451 2136/414/451 2142/214/451
f 2087/1666/2227 2089/1668/2227 2084/1665/2227
f 2085/213/451 2143/219/451 2137/213/451
f 2092/376/451 2142/214/451 2148/423/451
f 2090/1669/2228 2100/1675/2228 2095/1672/2228
f 2091/269/451 2149/225/451 2143/219/451
f 2098/226/451 2148/423/451 2154/226/451
f 2096/1673/2229 2106/1679/2229 2101/1676/2229
f 2097/377/2230 2155/337/2230 2149/225/2230
f 2104/284/2231 2154/226/2231 2160/284/2231
f 2105/1678/2232 2107/1680/2232 2102/1677/2232
f 2103/337/2233 2161/237/2233 2155/337/2233
f 2110/1641/2234 2160/284/2234 2166/290/2234
f 2111/1682/2235 2113/1684/2235 2108/1681/2235
f 2109/343/451 2167/348/451 2161/237/451
f 2116/395/451 2166/290/451 2172/244/451
f 2114/1685/2236 2124/1691/2236 2119/1688/2236
f 2115/348/451 2173/296/451 2167/348/451
f 2122/301/451 2172/244/451 2178/489/451
f 2133/1696/2237 2130/1729/2237 2125/1692/2237
f 2174/1723/2238 2129/1693/2238 2177/1726/2238
f 2139/1700/2239 2135/1698/2239 2132/1695/2239
f 2145/1704/2240 2141/1702/2240 2138/1699/2240
f 2151/1708/2241 2147/1706/2241 2144/1703/2241
f 2157/1712/2242 2153/1710/2242 2150/1707/2242
f 2156/1711/2243 2164/1717/2243 2159/1714/2243
f 2162/1715/2244 2170/1721/2244 2165/1718/2244
f 2175/1724/2245 2171/1722/2245 2168/1719/2245
f 2239/1809/2299 2240/1810/2299 2241/1811/2299
f 2242/1812/2300 2243/1813/2300 2244/1814/2300
f 2245/1815/2301 2246/1816/2301 2247/1817/2301
f 2248/1818/2302 2249/1819/2302 2250/1820/2302
f 2251/1821/2303 2252/1822/2303 2253/1823/2303
f 2254/1824/2304 2255/1825/2304 2256/1826/2304
f 2257/1827/2305 2258/1828/2305 2259/1829/2305
f 2260/1830/2306 2261/1831/2306 2262/1832/2306
f 2263/1833/2307 2264/1834/2307 2265/1835/2307
f 2266/1836/2308 2267/1837/2308 2268/1838/2308
f 2269/1839/2309 2270/1840/2309 2271/1841/2309
f 2272/1842/2310 2273/1843/2310 2274/1844/2310
f 2275/1845/2311 2276/1846/2311 2277/1847/2311
f 2278/1848/2312 2279/1849/2312 2280/1850/2312
f 2281/1851/2313 2282/1852/2313 2283/1853/2313
f 2284/1854/2314 2285/1855/2314 2286/1856/2314
f 2287/1857/2315 2288/1858/2315 2289/1859/2315
f 2290/1860/2316 2291/1861/2316 2292/1862/2316
f 2241/1811/2317 2245/1815/2317 2239/1809/2317
f 2250/1820/2318 2242/1812/2318 2248/1818/2318
f 2240/1863/2319 2243/1864/2319 2241/1865/2319
f 2247/1866/2320 2250/1867/2320 2249/1868/2320
f 2252/1822/2321 2245/1815/2321 2247/1817/2321
f 2249/1819/2322 2254/1824/2322 2256/1826/2322
f 2255/1869/2323 2252/1870/2323 2256/1871/2323
f 2253/1823/2324 2257/1827/2324 2251/1821/2324
f 2262/1832/2325 2254/1824/2325 2260/1830/2325
f 2259/1872/2326 2262/1873/2326 2261/1874/2326
f 2264/1834/2327 2257/1827/2327 2259/1829/2327
f 2261/1831/2328 2266/1836/2328 2268/1838/2328
f 2265/1875/2329 2268/1876/2329 2267/1877/2329
f 2270/1840/2330 2263/1833/2330 2265/1835/2330
f 2267/1837/2331 2272/1842/2331 2274/1844/2331
f 2273/1878/2332 2270/1879/2332 2274/1880/2332
f 2276/1846/2333 2269/1839/2333 2271/1841/2333
f 2280/1850/2334 2272/1842/2334 2278/1848/2334
f 2277/1881/2335 2280/1882/2335 2279/1883/2335
f 2282/1852/2336 2275/1845/2336 2277/1847/2336
f 2286/1856/2337 2278/1848/2337 2284/1854/2337
f 2285/1884/2338 2282/1885/2338 2286/1886/2338
f 2288/1858/2339 2281/1851/2339 2283/1853/2339
f 2285/1855/2340 2290/1860/2340 2292/1862/2340
f 2289/1887/2341 2292/1888/2341 2291/1889/2341
f 2289/1859/2342 2239/1809/2342 2287/1857/2342
f 2291/1861/2343 2242/1812/2343 2244/1814/2343
f 2245/1815/2344 2269/1839/2344 2281/1851/2344
f 2241/1890/2345 2250/1867/2345 2246/1891/2345
f 2289/1887/2346 2244/1892/2346 2240/1863/2346
f 2242/1812/2347 2272/1842/2347 2260/1830/2347
f 2247/1866/2348 2256/1871/2348 2252/1870/2348
f 2255/1869/2349 2258/1893/2349 2253/1894/2349
f 2261/1874/2350 2264/1895/2350 2259/1872/2350
f 2267/1877/2351 2270/1879/2351 2265/1875/2351
f 2273/1878/2352 2276/1896/2352 2271/1897/2352
f 2277/1881/2353 2286/1886/2353 2282/1885/2353
f 2285/1884/2354 2288/1898/2354 2283/1899/2354
f 2293/669/2355 2294/1900/2355 2295/1901/2355
f 2296/1902/2356 2297/1903/2356 2298/1904/2356
f 2299/1905/2357 2300/1906/2357 2301/361/2357
f 2302/208/2358 2303/1907/2358 2304/1908/2358
f 2305/1909/2359 2306/1910/2359 2307/213/2359
f 2308/1911/2360 2309/1912/2360 2310/1913/2360
f 2311/1914/2361 2312/1915/2361 2313/269/2361
f 2314/274/2362 2315/1916/2362 2316/1917/2362
f 2317/1918/2363 2318/1919/2363 2319/225/2363
f 2320/226/2364 2321/1920/2364 2322/1921/2364
f 2323/1922/2365 2324/1923/2365 2325/337/2365
f 2326/475/2366 2327/1924/2366 2328/1925/2366
f 2329/1926/2367 2330/1927/2367 2331/609/2367
f 2332/290/2368 2333/1928/2368 2334/1929/2368
f 2335/1930/2369 2336/1931/2369 2337/291/2369
f 2338/1932/2370 2339/1933/2370 2340/1934/2370
f 2341/1935/2371 2342/1936/2371 2343/618/2371
f 2344/1937/2372 2345/1938/2372 2346/1939/2372
f 2347/1940/2373 2348/1941/2373 2349/254/2373
f 2350/304/2374 2351/1942/2374 2352/1943/2374
f 2353/207/2375 2354/1944/2375 2355/1945/2375
f 2356/1946/2376 2357/1947/2376 2358/208/2376
f 2359/844/2377 2360/1948/2377 2361/1949/2377
f 2362/1950/2378 2363/1951/2378 2364/845/2378
f 2365/269/2379 2366/1952/2379 2367/1953/2379
f 2368/1954/2380 2369/1955/2380 2370/376/2380
f 2371/639/2381 2372/1956/2381 2373/1957/2381
f 2374/1958/2382 2375/1959/2382 2376/689/2382
f 2377/337/2383 2378/1960/2383 2379/1961/2383
f 2380/1962/2384 2381/1963/2384 2382/475/2384
f 2383/1319/2385 2384/1964/2385 2385/1965/2385
f 2386/1966/2386 2387/1967/2386 2388/480/2386
f 2389/291/2387 2390/1968/2387 2391/1969/2387
f 2392/1970/2388 2393/1971/2388 2394/244/2388
f 2395/618/2389 2396/1972/2389 2397/1973/2389
f 2398/1974/2390 2399/1975/2390 2400/250/2390
f 2299/1905/2391 2293/254/2391 2295/1976/2391
f 2296/1902/2392 2302/208/2392 2304/1908/2392
f 2297/1977/2393 2295/1901/2393 2294/1900/2393
f 2303/1907/2394 2299/1905/2394 2304/1908/2394
f 2300/1906/2395 2307/213/2395 2301/361/2395
f 2310/1913/2396 2302/208/2396 2308/1911/2396
f 2306/1910/2397 2310/1913/2397 2309/1912/2397
f 2311/1914/2398 2307/213/2398 2306/1910/2398
f 2309/1912/2399 2314/274/2399 2316/1917/2399
f 2312/1915/2400 2316/1917/2400 2315/1916/2400
f 2317/1918/2401 2313/269/2401 2312/1915/2401
f 2315/1916/2402 2320/226/2402 2322/1921/2402
f 2318/1919/2403 2322/1921/2403 2321/1920/2403
f 2318/1919/2404 2325/337/2404 2319/225/2404
f 2321/1920/2405 2326/475/2405 2328/1925/2405
f 2324/1923/2406 2328/1925/2406 2327/1924/2406
f 2324/1923/2407 2331/609/2407 2325/337/2407
f 2334/1929/2408 2326/475/2408 2332/290/2408
f 2333/1928/2409 2329/1926/2409 2334/1929/2409
f 2330/1927/2410 2337/291/2410 2331/609/2410
f 2333/1928/2411 2338/1932/2411 2340/1934/2411
f 2336/1931/2412 2340/1934/2412 2339/1933/2412
f 2341/1935/2413 2337/291/2413 2336/1931/2413
f 2346/1939/2414 2338/1932/2414 2344/1937/2414
f 2342/1936/2415 2346/1939/2415 2345/1938/2415
f 2294/1900/2416 2343/618/2416 2342/1936/2416
f 2345/1938/2417 2298/304/2417 2297/1977/2417
f 2353/207/2418 2347/1940/2418 2349/254/2418
f 2350/305/2419 2356/1946/2419 2358/208/2419
f 2352/1978/2420 2348/1941/2420 2347/1940/2420
f 2355/1945/2421 2357/1947/2421 2356/1946/2421
f 2353/207/2422 2361/1949/2422 2354/1944/2422
f 2364/845/2423 2357/1947/2423 2362/1950/2423
f 2362/1950/2424 2360/1948/2424 2363/1951/2424
f 2365/269/2425 2360/1948/2425 2359/844/2425
f 2370/376/2426 2363/1951/2426 2368/1954/2426
f 2367/1953/2427 2369/1955/2427 2368/1954/2427
f 2371/639/2428 2366/1952/2428 2365/269/2428
f 2370/376/2429 2374/1958/2429 2376/689/2429
f 2373/1957/2430 2375/1959/2430 2374/1958/2430
f 2371/639/2431 2379/1961/2431 2372/1956/2431
f 2376/689/2432 2380/1962/2432 2382/475/2432
f 2380/1962/2433 2378/1960/2433 2381/1963/2433
f 2383/1319/2434 2378/1960/2434 2377/337/2434
f 2388/480/2435 2381/1963/2435 2386/1966/2435
f 2385/1965/2436 2387/1967/2436 2386/1966/2436
f 2389/291/2437 2384/1964/2437 2383/1319/2437
f 2388/480/2438 2392/1970/2438 2394/244/2438
f 2392/1970/2439 2390/1968/2439 2393/1971/2439
f 2395/618/2440 2390/1968/2440 2389/291/2440
f 2394/244/2441 2398/1974/2441 2400/250/2441
f 2397/1973/2442 2399/1975/2442 2398/1974/2442
f 2349/669/2443 2396/1972/2443 2395/618/2443
f 2400/250/2444 2351/1942/2444 2350/304/2444
f 2293/254/454 2353/207/454 2349/254/454
f 2296/1902/2445 2299/1905/2445 2295/1976/2445
f 2345/1938/2446 2294/1900/2446 2342/1936/2446
f 2343/618/454 2349/669/454 2395/618/454
f 2302/208/454 2350/305/454 2358/208/454
f 2298/304/451 2400/250/451 2350/304/451
f 2300/1906/2447 2310/1913/2447 2305/1909/2447
f 2301/361/451 2359/844/451 2353/207/451
f 2302/208/2448 2364/845/2448 2308/1911/2448
f 2309/1912/2449 2311/1914/2449 2306/1910/2449
f 2307/213/454 2365/269/454 2359/844/454
f 2314/274/1904 2364/845/1904 2370/376/1904
f 2312/1915/2450 2322/1921/2450 2317/1918/2450
f 2313/269/2451 2371/639/2451 2365/269/2451
f 2320/226/451 2370/376/451 2376/689/451
f 2318/1919/2452 2328/1925/2452 2323/1922/2452
f 2319/225/451 2377/337/451 2371/639/451
f 2326/475/451 2376/689/451 2382/475/451
f 2324/1923/2453 2334/1929/2453 2329/1926/2453
f 2325/337/451 2383/1319/451 2377/337/451
f 2332/290/451 2382/475/451 2388/480/451
f 2330/1927/2454 2340/1934/2454 2335/1930/2454
f 2331/609/451 2389/291/451 2383/1319/451
f 2338/1932/451 2388/480/451 2394/244/451
f 2339/1933/2455 2341/1935/2455 2336/1931/2455
f 2337/291/451 2395/618/451 2389/291/451
f 2344/1937/451 2394/244/451 2400/250/451
f 2355/1945/2456 2352/1978/2456 2347/1940/2456
f 2396/1972/2457 2351/1942/2457 2399/1975/2457
f 2361/1949/2458 2357/1947/2458 2354/1944/2458
f 2367/1953/2459 2363/1951/2459 2360/1948/2459
f 2366/1952/2460 2374/1958/2460 2369/1955/2460
f 2372/1956/2461 2380/1962/2461 2375/1959/2461
f 2385/1965/2462 2381/1963/2462 2378/1960/2462
f 2384/1964/2463 2392/1970/2463 2387/1967/2463
f 2390/1968/2464 2398/1974/2464 2393/1971/2464
f 2401/199/2465 2402/1979/2465 2403/1980/2465
f 2404/1981/2466 2405/1982/2466 2406/1983/2466
f 2407/1984/2467 2408/1985/2467 2409/624/2467
f 2410/629/2468 2411/1986/2468 2412/1987/2468
f 2413/1988/2469 2414/1989/2469 2415/366/2469
f 2416/371/2470 2417/1990/2470 2418/1991/2470
f 2419/1992/2471 2420/1993/2471 2421/269/2471
f 2422/376/2472 2423/1994/2472 2424/1995/2472
f 2425/1996/2473 2426/1997/2473 2427/225/2473
f 2428/971/2474 2429/1998/2474 2430/1999/2474
f 2431/2000/2475 2432/2001/2475 2433/337/2475
f 2434/475/2476 2435/2002/2476 2436/2003/2476
f 2437/2004/2477 2438/2005/2477 2439/386/2477
f 2440/290/2478 2441/2006/2478 2442/2007/2478
f 2443/2008/2479 2444/2009/2479 2445/348/2479
f 2446/395/2480 2447/2010/2480 2448/2011/2480
f 2449/2012/2481 2450/2013/2481 2451/354/2481
f 2452/446/2482 2453/2014/2482 2454/2015/2482
f 2455/2016/2483 2456/254/2483 2457/254/2483
f 2458/2017/2484 2459/2018/2484 2460/2019/2484
f 2461/259/2485 2462/2020/2485 2463/2021/2485
f 2464/2022/2486 2465/2023/2486 2466/208/2486
f 2467/366/2487 2468/2024/2487 2469/2025/2487
f 2470/2026/2488 2471/2027/2488 2472/2028/2488
f 2473/219/2489 2474/2029/2489 2475/2030/2489
f 2476/2031/2490 2477/2032/2490 2478/376/2490
f 2479/332/2491 2480/2033/2491 2481/2034/2491
f 2482/2035/2492 2483/2036/2492 2484/689/2492
f 2485/935/2493 2486/2037/2493 2487/2038/2493
f 2488/2039/2494 2489/2040/2494 2490/936/2494
f 2491/237/2495 2492/2041/2495 2493/2042/2495
f 2494/2043/2496 2495/2044/2496 2496/238/2496
f 2497/1526/2497 2498/2045/2497 2499/2046/2497
f 2500/2047/2498 2501/2048/2498 2502/2049/2498
f 2503/354/2499 2504/2050/2499 2505/2051/2499
f 2506/2052/2500 2507/2053/2500 2508/662/2500
f 2407/1984/2501 2401/255/2501 2403/2054/2501
f 2404/1981/2502 2410/629/2502 2412/1987/2502
f 2405/2055/2503 2403/1980/2503 2402/1979/2503
f 2408/1985/2504 2412/1987/2504 2411/1986/2504
f 2413/1988/2505 2409/624/2505 2408/1985/2505
f 2411/1986/2506 2416/371/2506 2418/1991/2506
f 2414/1989/2507 2418/1991/2507 2417/1990/2507
f 2414/1989/2508 2421/269/2508 2415/366/2508
f 2417/1990/2509 2422/376/2509 2424/1995/2509
f 2423/1994/2510 2419/1992/2510 2424/1995/2510
f 2420/1993/2511 2427/225/2511 2421/269/2511
f 2423/1994/2512 2428/971/2512 2430/1999/2512
f 2429/1998/2513 2425/1996/2513 2430/1999/2513
f 2426/1997/2514 2433/337/2514 2427/225/2514
f 2429/1998/2515 2434/475/2515 2436/2003/2515
f 2435/2002/2516 2431/2000/2516 2436/2003/2516
f 2437/2004/2517 2433/337/2517 2432/2001/2517
f 2435/2002/2518 2440/290/2518 2442/2007/2518
f 2438/2005/2519 2442/2007/2519 2441/2006/2519
f 2438/2005/2520 2445/348/2520 2439/386/2520
f 2448/2011/2521 2440/290/2521 2446/395/2521
f 2444/2009/2522 2448/2011/2522 2447/2010/2522
f 2444/2009/2523 2451/354/2523 2445/348/2523
f 2447/2010/2524 2452/446/2524 2454/2015/2524
f 2453/2014/2525 2449/2012/2525 2454/2015/2525
f 2402/1979/2526 2451/354/2526 2450/2013/2526
f 2405/2055/2527 2452/446/2527 2406/403/2527
f 2457/254/2528 2463/2021/2528 2455/2016/2528
f 2466/208/2529 2460/2056/2529 2464/2022/2529
f 2455/2057/2530 2459/2018/2530 2456/2058/2530
f 2464/2022/2531 2462/2020/2531 2465/2023/2531
f 2467/366/2532 2462/2020/2532 2461/259/2532
f 2472/2028/2533 2465/2023/2533 2470/2026/2533
f 2470/2026/2534 2468/2024/2534 2471/2027/2534
f 2467/366/2535 2475/2030/2535 2468/2024/2535
f 2478/376/2536 2471/2027/2536 2476/2031/2536
f 2475/2030/2537 2477/2032/2537 2476/2031/2537
f 2479/332/2538 2474/2029/2538 2473/219/2538
f 2478/376/2539 2482/2035/2539 2484/689/2539
f 2482/2035/2540 2480/2033/2540 2483/2036/2540
f 2479/332/2541 2487/2038/2541 2480/2033/2541
f 2490/936/2542 2483/2036/2542 2488/2039/2542
f 2487/2038/2543 2489/2040/2543 2488/2039/2543
f 2491/237/2544 2486/2037/2544 2485/935/2544
f 2496/238/2545 2489/2040/2545 2494/2043/2545
f 2493/2042/2546 2495/2044/2546 2494/2043/2546
f 2497/1526/2547 2492/2041/2547 2491/237/2547
f 2502/2049/2548 2495/2044/2548 2500/2047/2548
f 2499/2046/2549 2501/2048/2549 2500/2047/2549
f 2503/354/2550 2498/2045/2550 2497/1526/2550
f 2508/662/2551 2501/2048/2551 2506/2052/2551
f 2506/2052/2552 2504/2050/2552 2507/2053/2552
f 2503/354/2553 2456/2058/2553 2504/2050/2553
f 2458/2017/2554 2507/2053/2554 2459/2018/2554
f 2401/255/456 2461/259/456 2457/254/456
f 2403/2054/2555 2412/1987/2555 2407/1984/2555
f 2450/2013/2556 2405/2055/2556 2402/1979/2556
f 2401/199/2557 2503/354/2557 2451/354/2557
f 2410/629/451 2458/305/451 2466/208/451
f 2406/403/451 2508/662/451 2458/2017/451
f 2411/1986/2558 2413/1988/2558 2408/1985/2558
f 2409/624/451 2467/366/451 2461/259/451
f 2416/371/451 2466/208/451 2472/2028/451
f 2417/1990/2559 2419/1992/2559 2414/1989/2559
f 2415/366/451 2473/219/451 2467/366/451
f 2422/376/451 2472/2028/451 2478/376/451
f 2423/1994/2560 2425/1996/2560 2420/1993/2560
f 2421/269/796 2479/332/796 2473/219/796
f 2428/971/2561 2478/376/2561 2484/689/2561
f 2429/1998/2562 2431/2000/2562 2426/1997/2562
f 2427/225/451 2485/935/451 2479/332/451
f 2434/475/451 2484/689/451 2490/936/451
f 2432/2001/2563 2442/2007/2563 2437/2004/2563
f 2433/337/451 2491/237/451 2485/935/451
f 2440/290/451 2490/936/451 2496/238/451
f 2438/2005/2564 2448/2011/2564 2443/2008/2564
f 2439/386/451 2497/1526/451 2491/237/451
f 2446/395/451 2496/238/451 2502/2049/451
f 2447/2010/2565 2449/2012/2565 2444/2009/2565
f 2445/348/451 2503/354/451 2497/1526/451
f 2452/446/451 2502/2049/451 2508/662/451
f 2463/2021/2566 2460/2056/2566 2455/2016/2566
f 2456/2058/2567 2507/2053/2567 2504/2050/2567
f 2469/2025/2568 2465/2023/2568 2462/2020/2568
f 2475/2030/2569 2471/2027/2569 2468/2024/2569
f 2481/2034/2570 2477/2032/2570 2474/2029/2570
f 2480/2033/2571 2488/2039/2571 2483/2036/2571
f 2493/2042/2572 2489/2040/2572 2486/2037/2572
f 2492/2041/2573 2500/2047/2573 2495/2044/2573
f 2498/2045/2574 2506/2052/2574 2501/2048/2574
f 2509/199/2575 2510/2059/2575 2511/2060/2575
f 2512/2061/2576 2513/2062/2576 2514/2063/2576
f 2515/2064/2577 2516/2065/2577 2517/1536/2577
f 2518/414/2578 2519/2066/2578 2520/2067/2578
f 2521/2068/2579 2522/2069/2579 2523/844/2579
f 2524/371/2580 2525/2070/2580 2526/2071/2580
f 2527/2072/2581 2528/2073/2581 2529/269/2581
f 2530/376/2582 2531/2074/2582 2532/2075/2582
f 2533/2076/2583 2534/2077/2583 2535/377/2583
f 2536/226/2584 2537/2078/2584 2538/2079/2584
f 2539/2080/2585 2540/2081/2585 2541/279/2585
f 2542/284/2586 2543/2082/2586 2544/2083/2586
f 2545/2084/2587 2546/2085/2587 2547/386/2587
f 2548/480/2588 2549/2086/2588 2550/2087/2588
f 2551/2088/2589 2552/2089/2589 2553/2090/2589
f 2554/741/2590 2555/2091/2590 2556/2092/2590
f 2557/2093/2591 2558/2094/2591 2559/568/2591
f 2560/301/2592 2561/2095/2592 2562/2096/2592
f 2563/2097/2593 2564/254/2593 2565/254/2593
f 2566/256/2594 2567/2098/2594 2568/2099/2594
f 2569/361/2595 2570/2100/2595 2571/2101/2595
f 2572/2102/2596 2573/2103/2596 2574/759/2596
f 2575/213/2597 2576/2104/2597 2577/2105/2597
f 2578/2106/2598 2579/2107/2598 2580/214/2598
f 2581/269/2599 2582/2108/2599 2583/2109/2599
f 2584/2110/2600 2585/2111/2600 2586/274/2600
f 2587/225/2601 2588/2112/2601 2589/2113/2601
f 2590/2114/2602 2591/2115/2602 2592/226/2602
f 2593/2116/2603 2594/2117/2603 2595/2118/2603
f 2596/2119/2604 2597/2120/2604 2598/232/2604
f 2599/237/2605 2600/2121/2605 2601/2122/2605
f 2602/2123/2606 2603/2124/2606 2604/480/2606
f 2605/348/2607 2606/2125/2607 2607/2126/2607
f 2608/2127/2608 2609/2128/2608 2610/395/2608
f 2611/354/2609 2612/2129/2609 2613/2130/2609
f 2614/2131/2610 2615/2132/2610 2616/301/2610
f 2511/2133/2611 2517/1536/2611 2509/254/2611
f 2520/2067/2612 2514/2063/2612 2518/414/2612
f 2510/2059/2613 2512/2134/2613 2511/2060/2613
f 2519/2066/2614 2515/2064/2614 2520/2067/2614
f 2516/2065/2615 2523/844/2615 2517/1536/2615
f 2519/2066/2616 2524/371/2616 2526/2071/2616
f 2525/2070/2617 2521/2068/2617 2526/2071/2617
f 2527/2072/2618 2523/844/2618 2522/2069/2618
f 2525/2070/2619 2530/376/2619 2532/2075/2619
f 2531/2074/2620 2527/2072/2620 2532/2075/2620
f 2528/2073/2621 2535/377/2621 2529/269/2621
f 2538/2079/2622 2530/376/2622 2536/226/2622
f 2534/2077/2623 2538/2079/2623 2537/2078/2623
f 2539/2080/2624 2535/377/2624 2534/2077/2624
f 2537/2078/2625 2542/284/2625 2544/2083/2625
f 2540/2081/2626 2544/2083/2626 2543/2082/2626
f 2545/2084/2627 2541/279/2627 2540/2081/2627
f 2550/2087/2628 2542/284/2628 2548/480/2628
f 2549/2086/2629 2545/2084/2629 2550/2087/2629
f 2546/2085/2630 2553/2090/2630 2547/386/2630
f 2549/2086/2631 2554/741/2631 2556/2092/2631
f 2555/2091/2632 2551/2088/2632 2556/2092/2632
f 2552/2089/2633 2559/568/2633 2553/2090/2633
f 2555/2091/2634 2560/301/2634 2562/2096/2634
f 2558/2094/2635 2562/2096/2635 2561/2095/2635
f 2510/2059/2636 2559/568/2636 2558/2094/2636
f 2561/2095/2637 2514/256/2637 2513/2135/2637
f 2569/361/2638 2563/2097/2638 2565/254/2638
f 2574/759/2639 2568/2136/2639 2572/2102/2639
f 2563/2137/2640 2567/2098/2640 2564/2138/2640
f 2572/2102/2641 2570/2100/2641 2573/2103/2641
f 2569/361/2642 2577/2105/2642 2570/2100/2642
f 2580/214/2643 2573/2103/2643 2578/2106/2643
f 2577/2105/2644 2579/2107/2644 2578/2106/2644
f 2581/269/2645 2576/2104/2645 2575/213/2645
f 2580/214/2646 2584/2110/2646 2586/274/2646
f 2583/2109/2647 2585/2111/2647 2584/2110/2647
f 2587/225/2648 2582/2108/2648 2581/269/2648
f 2586/274/2649 2590/2114/2649 2592/226/2649
f 2589/2113/2650 2591/2115/2650 2590/2114/2650
f 2587/225/2651 2595/2118/2651 2588/2112/2651
f 2592/226/2652 2596/2119/2652 2598/232/2652
f 2595/2118/2653 2597/2120/2653 2596/2119/2653
f 2599/237/2654 2594/2117/2654 2593/2116/2654
f 2604/480/2655 2597/2120/2655 2602/2123/2655
f 2602/2123/2656 2600/2121/2656 2603/2124/2656
f 2599/237/2657 2607/2126/2657 2600/2121/2657
f 2610/395/2658 2603/2124/2658 2608/2127/2658
f 2607/2126/2659 2609/2128/2659 2608/2127/2659
f 2611/354/2660 2606/2125/2660 2605/348/2660
f 2616/301/2661 2609/2128/2661 2614/2131/2661
f 2614/2131/2662 2612/2129/2662 2615/2132/2662
f 2611/354/2663 2564/2138/2663 2612/2129/2663
f 2566/256/2664 2615/2132/2664 2567/2098/2664
f 2509/254/451 2569/361/451 2565/254/451
f 2512/2061/2665 2515/2064/2665 2511/2133/2665
f 2558/2094/2666 2513/2135/2666 2510/2059/2666
f 2559/568/451 2565/577/451 2611/354/451
f 2518/414/451 2566/578/451 2574/759/451
f 2514/256/451 2616/301/451 2566/256/451
f 2516/2065/2667 2526/2071/2667 2521/2068/2667
f 2517/1536/451 2575/213/451 2569/361/451
f 2524/371/451 2574/759/451 2580/214/451
f 2525/2070/2668 2527/2072/2668 2522/2069/2668
f 2529/269/2669 2575/213/2669 2523/844/2669
f 2530/376/451 2580/214/451 2586/274/451
f 2528/2073/2670 2538/2079/2670 2533/2076/2670
f 2529/269/454 2587/225/454 2581/269/454
f 2536/226/451 2586/274/451 2592/226/451
f 2534/2077/2671 2544/2083/2671 2539/2080/2671
f 2535/377/451 2593/2116/451 2587/225/451
f 2542/284/451 2592/226/451 2598/232/451
f 2543/2082/2672 2545/2084/2672 2540/2081/2672
f 2541/279/451 2599/237/451 2593/2116/451
f 2548/480/451 2598/232/451 2604/480/451
f 2546/2085/2673 2556/2092/2673 2551/2088/2673
f 2547/386/451 2605/348/451 2599/237/451
f 2554/741/451 2604/480/451 2610/395/451
f 2555/2091/2674 2557/2093/2674 2552/2089/2674
f 2553/2090/454 2611/354/454 2605/348/454
f 2560/301/451 2610/395/451 2616/301/451
f 2571/2101/2675 2568/2136/2675 2563/2097/2675
f 2564/2138/2676 2615/2132/2676 2612/2129/2676
f 2577/2105/2677 2573/2103/2677 2570/2100/2677
f 2576/2104/2678 2584/2110/2678 2579/2107/2678
f 2589/2113/2679 2585/2111/2679 2582/2108/2679
f 2595/2118/2680 2591/2115/2680 2588/2112/2680
f 2601/2122/2681 2597/2120/2681 2594/2117/2681
f 2607/2126/2682 2603/2124/2682 2600/2121/2682
f 2606/2125/2683 2614/2131/2683 2609/2128/2683
f 2617/199/2684 2618/2139/2684 2619/2140/2684
f 2620/2141/2685 2621/2142/2685 2622/2143/2685
f 2623/2144/2686 2624/2145/2686 2625/758/2686
f 2626/588/2687 2627/2146/2687 2628/2147/2687
f 2629/2148/2688 2630/2149/2688 2631/366/2688
f 2632/214/2689 2633/2150/2689 2634/2151/2689
f 2635/2152/2690 2636/2153/2690 2637/269/2690
f 2638/220/2691 2639/2154/2691 2640/2155/2691
f 2641/2156/2692 2642/2157/2692 2643/225/2692
f 2644/226/2693 2645/2158/2693 2646/2159/2693
f 2647/2160/2694 2648/2161/2694 2649/2162/2694
f 2650/284/2695 2651/2163/2695 2652/2164/2695
f 2653/2165/2696 2654/2166/2696 2655/343/2696
f 2656/480/2697 2657/2167/2697 2658/2168/2697
f 2659/2169/2698 2660/2170/2698 2661/441/2698
f 2662/395/2699 2663/2171/2699 2664/2172/2699
f 2665/2173/2700 2666/2174/2700 2667/296/2700
f 2668/301/2701 2669/2175/2701 2670/2176/2701
f 2671/2177/2702 2672/254/2702 2673/254/2702
f 2674/358/2703 2675/2178/2703 2676/2179/2703
f 2677/1536/2704 2678/2180/2704 2679/2181/2704
f 2680/2182/2705 2681/2183/2705 2682/629/2705
f 2683/322/2706 2684/2184/2706 2685/2185/2706
f 2686/2186/2707 2687/2187/2707 2688/1911/2707
f 2689/269/2708 2690/2188/2708 2691/2189/2708
f 2692/2190/2709 2693/2191/2709 2694/376/2709
f 2695/225/2710 2696/2192/2710 2697/2193/2710
f 2698/2194/2711 2699/2195/2711 2700/226/2711
f 2701/279/2712 2702/2196/2712 2703/2197/2712
f 2704/2198/2713 2705/2199/2713 2706/284/2713
f 2707/237/2714 2708/2200/2714 2709/2201/2714
f 2710/2202/2715 2711/2203/2715 2712/238/2715
f 2713/348/2716 2714/2204/2716 2715/2205/2716
f 2716/2206/2717 2717/2207/2717 2718/2049/2717
f 2719/296/2718 2720/2208/2718 2721/2209/2718
f 2722/2210/2719 2723/2211/2719 2724/489/2719
f 2623/2144/2720 2617/254/2720 2619/2212/2720
f 2620/2141/2721 2626/588/2721 2628/2147/2721
f 2621/2213/2722 2619/2140/2722 2618/2139/2722
f 2627/2146/2723 2623/2144/2723 2628/2147/2723
f 2629/2148/2724 2625/758/2724 2624/2145/2724
f 2627/2146/2725 2632/214/2725 2634/2151/2725
f 2633/2150/2726 2629/2148/2726 2634/2151/2726
f 2630/2149/2727 2637/269/2727 2631/366/2727
f 2640/2155/2728 2632/214/2728 2638/220/2728
f 2639/2154/2729 2635/2152/2729 2640/2155/2729
f 2641/2156/2730 2637/269/2730 2636/2153/2730
f 2639/2154/2731 2644/226/2731 2646/2159/2731
f 2645/2158/2732 2641/2156/2732 2646/2159/2732
f 2642/2157/2733 2649/2162/2733 2643/225/2733
f 2652/2164/2734 2644/226/2734 2650/284/2734
f 2648/2161/2735 2652/2164/2735 2651/2163/2735
f 2653/2165/2736 2649/2162/2736 2648/2161/2736
f 2651/2163/2737 2656/480/2737 2658/2168/2737
f 2654/2166/2738 2658/2168/2738 2657/2167/2738
f 2654/2166/2739 2661/441/2739 2655/343/2739
f 2664/2172/2740 2656/480/2740 2662/395/2740
f 2663/2171/2741 2659/2169/2741 2664/2172/2741
f 2665/2173/2742 2661/441/2742 2660/2170/2742
f 2670/2176/2743 2662/395/2743 2668/301/2743
f 2666/2174/2744 2670/2176/2744 2669/2175/2744
f 2618/2139/2745 2667/296/2745 2666/2174/2745
f 2669/2175/2746 2622/304/2746 2621/2213/2746
f 2677/1536/2747 2671/2177/2747 2673/254/2747
f 2682/629/2748 2676/2214/2748 2680/2182/2748
f 2676/2179/2749 2672/2215/2749 2671/2216/2749
f 2680/2182/2750 2678/2180/2750 2681/2183/2750
f 2683/322/2751 2678/2180/2751 2677/1536/2751
f 2688/1911/2752 2681/2183/2752 2686/2186/2752
f 2686/2186/2753 2684/2184/2753 2687/2187/2753
f 2689/269/2754 2684/2184/2754 2683/322/2754
f 2694/376/2755 2687/2187/2755 2692/2190/2755
f 2692/2190/2756 2690/2188/2756 2693/2191/2756
f 2695/225/2757 2690/2188/2757 2689/269/2757
f 2700/226/2758 2693/2191/2758 2698/2194/2758
f 2698/2194/2759 2696/2192/2759 2699/2195/2759
f 2695/225/2760 2703/2197/2760 2696/2192/2760
f 2700/226/2761 2704/2198/2761 2706/284/2761
f 2704/2198/2762 2702/2196/2762 2705/2199/2762
f 2707/237/2763 2702/2196/2763 2701/279/2763
f 2706/284/2764 2710/2202/2764 2712/238/2764
f 2710/2202/2765 2708/2200/2765 2711/2203/2765
f 2713/348/2766 2708/2200/2766 2707/237/2766
f 2712/238/2767 2716/2206/2767 2718/2049/2767
f 2716/2206/2768 2714/2204/2768 2717/2207/2768
f 2719/296/2769 2714/2204/2769 2713/348/2769
f 2718/2049/2770 2722/2210/2770 2724/489/2770
f 2721/2209/2771 2723/2211/2771 2722/2210/2771
f 2673/669/2772 2720/2208/2772 2719/296/2772
f 2724/489/2773 2675/2178/2773 2674/358/2773
f 2617/254/451 2677/1536/451 2673/254/451
f 2620/2141/2774 2623/2144/2774 2619/2212/2774
f 2669/2175/2775 2618/2139/2775 2666/2174/2775
f 2667/296/451 2673/669/451 2719/296/451
f 2626/588/454 2674/578/454 2682/629/454
f 2622/304/451 2724/489/451 2674/358/451
f 2627/2146/2776 2629/2148/2776 2624/2145/2776
f 2625/758/2777 2683/322/2777 2677/1536/2777
f 2632/214/451 2682/629/451 2688/1911/451
f 2630/2149/2778 2640/2155/2778 2635/2152/2778
f 2631/366/451 2689/269/451 2683/322/451
f 2638/220/451 2688/1911/451 2694/376/451
f 2639/2154/2779 2641/2156/2779 2636/2153/2779
f 2637/269/451 2695/225/451 2689/269/451
f 2644/226/451 2694/376/451 2700/226/451
f 2642/2157/2780 2652/2164/2780 2647/2160/2780
f 2643/225/451 2701/279/451 2695/225/451
f 2650/284/451 2700/226/451 2706/284/451
f 2651/2163/2781 2653/2165/2781 2648/2161/2781
f 2649/2162/451 2707/237/451 2701/279/451
f 2656/480/451 2706/284/451 2712/238/451
f 2654/2166/2782 2664/2172/2782 2659/2169/2782
f 2655/343/451 2713/348/451 2707/237/451
f 2662/395/451 2712/238/451 2718/2049/451
f 2660/2170/2783 2670/2176/2783 2665/2173/2783
f 2661/441/451 2719/296/451 2713/348/451
f 2668/301/451 2718/2049/451 2724/489/451
f 2679/2181/2784 2676/2214/2784 2671/2177/2784
f 2720/2208/2785 2675/2178/2785 2723/2211/2785
f 2685/2185/2786 2681/2183/2786 2678/2180/2786
f 2684/2184/2787 2692/2190/2787 2687/2187/2787
f 2697/2193/2788 2693/2191/2788 2690/2188/2788
f 2703/2197/2789 2699/2195/2789 2696/2192/2789
f 2702/2196/2790 2710/2202/2790 2705/2199/2790
f 2715/2205/2791 2711/2203/2791 2708/2200/2791
f 2714/2204/2792 2722/2210/2792 2717/2207/2792
f 2725/669/2793 2726/2217/2793 2727/2218/2793
f 2728/2219/2794 2729/2220/2794 2730/2221/2794
f 2731/2222/2795 2732/2223/2795 2733/259/2795
f 2734/759/2796 2735/2224/2796 2736/2225/2796
f 2737/2226/2797 2738/2227/2797 2739/213/2797
f 2740/371/2798 2741/2228/2798 2742/2229/2798
f 2743/2230/2799 2744/2231/2799 2745/269/2799
f 2746/274/2800 2747/2232/2800 2748/2233/2800
f 2749/2234/2801 2750/2235/2801 2751/225/2801
f 2752/226/2802 2753/2236/2802 2754/2237/2802
f 2755/2238/2803 2756/2239/2803 2757/279/2803
f 2758/936/2804 2759/2240/2804 2760/2241/2804
f 2761/2242/2805 2762/2243/2805 2763/386/2805
f 2764/480/2806 2765/2244/2806 2766/2245/2806
f 2767/2246/2807 2768/2247/2807 2769/2248/2807
f 2770/2249/2808 2771/2250/2808 2772/2251/2808
f 2773/2252/2809 2774/2253/2809 2775/2254/2809
f 2776/301/2810 2777/2255/2810 2778/2256/2810
f 2779/2257/2811 2780/254/2811 2781/254/2811
f 2782/304/2812 2783/2258/2812 2784/2259/2812
f 2785/758/2813 2786/2260/2813 2787/2261/2813
f 2788/2262/2814 2789/2263/2814 2790/208/2814
f 2791/213/2815 2792/2264/2815 2793/2265/2815
f 2794/2266/2816 2795/2267/2816 2796/1911/2816
f 2797/219/2817 2798/2268/2817 2799/2269/2817
f 2800/2270/2818 2801/2271/2818 2802/2272/2818
f 2803/225/2819 2804/2273/2819 2805/2274/2819
f 2806/2275/2820 2807/2276/2820 2808/689/2820
f 2809/279/2821 2810/2277/2821 2811/2278/2821
f 2812/2279/2822 2813/2280/2822 2814/232/2822
f 2815/609/2823 2816/2281/2823 2817/2282/2823
f 2818/2283/2824 2819/2284/2824 2820/238/2824
f 2821/348/2825 2822/2285/2825 2823/2286/2825
f 2824/2287/2826 2825/2288/2826 2826/567/2826
f 2827/568/2827 2828/2289/2827 2829/2290/2827
f 2830/2291/2828 2831/2292/2828 2832/489/2828
f 2731/2222/2829 2725/254/2829 2727/2293/2829
f 2728/2219/2830 2734/759/2830 2736/2225/2830
f 2729/2294/2831 2727/2218/2831 2726/2217/2831
f 2732/2223/2832 2736/2225/2832 2735/2224/2832
f 2737/2226/2833 2733/259/2833 2732/2223/2833
f 2742/2229/2834 2734/759/2834 2740/371/2834
f 2738/2227/2835 2742/2229/2835 2741/2228/2835
f 2738/2227/2836 2745/269/2836 2739/213/2836
f 2741/2228/2837 2746/274/2837 2748/2233/2837
f 2744/2231/2838 2748/2233/2838 2747/2232/2838
f 2749/2234/2839 2745/269/2839 2744/2231/2839
f 2754/2237/2840 2746/274/2840 2752/226/2840
f 2750/2235/2841 2754/2237/2841 2753/2236/2841
f 2755/2238/2842 2751/225/2842 2750/2235/2842
f 2753/2236/2843 2758/936/2843 2760/2241/2843
f 2759/2240/2844 2755/2238/2844 2760/2241/2844
f 2761/2242/2845 2757/279/2845 2756/2239/2845
f 2759/2240/2846 2764/480/2846 2766/2245/2846
f 2762/2243/2847 2766/2245/2847 2765/2244/2847
f 2767/2246/2848 2763/386/2848 2762/2243/2848
f 2772/2251/2849 2764/480/2849 2770/2249/2849
f 2771/2250/2850 2767/2246/2850 2772/2251/2850
f 2768/2247/2851 2775/2254/2851 2769/2248/2851
f 2771/2250/2852 2776/301/2852 2778/2256/2852
f 2777/2255/2853 2773/2252/2853 2778/2256/2853
f 2774/2253/2854 2725/669/2854 2775/2254/2854
f 2729/2294/2855 2776/301/2855 2730/358/2855
f 2785/758/2856 2779/2257/2856 2781/254/2856
f 2782/305/2857 2788/2262/2857 2790/208/2857
f 2779/2295/2858 2783/2258/2858 2780/2296/2858
f 2788/2262/2859 2786/2260/2859 2789/2263/2859
f 2791/213/2860 2786/2260/2860 2785/758/2860
f 2796/1911/2861 2789/2263/2861 2794/2266/2861
f 2794/2266/2862 2792/2264/2862 2795/2267/2862
f 2797/219/2863 2792/2264/2863 2791/213/2863
f 2796/1911/2864 2800/2270/2864 2802/2272/2864
f 2799/2269/2865 2801/2271/2865 2800/2270/2865
f 2797/219/2866 2805/2274/2866 2798/2268/2866
f 2802/2272/2867 2806/2275/2867 2808/689/2867
f 2805/2274/2868 2807/2276/2868 2806/2275/2868
f 2803/225/2869 2811/2278/2869 2804/2273/2869
f 2814/232/2870 2807/2276/2870 2812/2279/2870
f 2812/2279/2871 2810/2277/2871 2813/2280/2871
f 2815/609/2872 2810/2277/2872 2809/279/2872
f 2814/232/2873 2818/2283/2873 2820/238/2873
f 2817/2282/2874 2819/2284/2874 2818/2283/2874
f 2821/348/2875 2816/2281/2875 2815/609/2875
f 2820/238/2876 2824/2287/2876 2826/567/2876
f 2823/2286/2877 2825/2288/2877 2824/2287/2877
f 2827/568/2878 2822/2285/2878 2821/348/2878
f 2826/567/2879 2830/2291/2879 2832/489/2879
f 2829/2290/2880 2831/2292/2880 2830/2291/2880
f 2827/568/2881 2780/2296/2881 2828/2289/2881
f 2782/304/2882 2831/2292/2882 2783/2258/2882
f 2725/254/451 2785/758/451 2781/254/451
f 2728/2219/2883 2731/2222/2883 2727/2293/2883
f 2777/2255/2884 2726/2217/2884 2774/2253/2884
f 2775/2254/451 2781/199/451 2827/568/451
f 2734/759/451 2782/305/451 2790/208/451
f 2730/358/451 2832/489/451 2782/304/451
f 2732/2223/2885 2742/2229/2885 2737/2226/2885
f 2733/259/451 2791/213/451 2785/758/451
f 2740/371/451 2790/208/451 2796/1911/451
f 2741/2228/2886 2743/2230/2886 2738/2227/2886
f 2739/213/451 2797/219/451 2791/213/451
f 2746/274/451 2796/1911/451 2802/2272/451
f 2747/2232/2887 2749/2234/2887 2744/2231/2887
f 2745/269/451 2803/225/451 2797/219/451
f 2752/226/451 2802/2272/451 2808/689/451
f 2753/2236/2888 2755/2238/2888 2750/2235/2888
f 2751/225/451 2809/279/451 2803/225/451
f 2758/936/2889 2808/689/2889 2814/232/2889
f 2759/2240/2890 2761/2242/2890 2756/2239/2890
f 2757/279/451 2815/609/451 2809/279/451
f 2764/480/451 2814/232/451 2820/238/451
f 2762/2243/2891 2772/2251/2891 2767/2246/2891
f 2763/386/451 2821/348/451 2815/609/451
f 2770/2249/451 2820/238/451 2826/567/451
f 2771/2250/2892 2773/2252/2892 2768/2247/2892
f 2769/2248/451 2827/568/451 2821/348/451
f 2776/301/2893 2826/567/2893 2832/489/2893
f 2779/2257/2894 2788/2262/2894 2784/2297/2894
f 2780/2296/2895 2831/2292/2895 2828/2289/2895
f 2786/2260/2896 2794/2266/2896 2789/2263/2896
f 2799/2269/2897 2795/2267/2897 2792/2264/2897
f 2798/2268/2898 2806/2275/2898 2801/2271/2898
f 2811/2278/2899 2807/2276/2899 2804/2273/2899
f 2817/2282/2900 2813/2280/2900 2810/2277/2900
f 2816/2281/2901 2824/2287/2901 2819/2284/2901
f 2829/2290/2902 2825/2288/2902 2822/2285/2902
f 2833/199/2903 2834/2298/2903 2835/2299/2903
f 2836/2300/2904 2837/2301/2904 2838/2302/2904
f 2839/2303/2905 2840/2304/2905 2841/758/2905
f 2842/629/2906 2843/2305/2906 2844/2306/2906
f 2845/2307/2907 2846/2308/2907 2847/322/2907
f 2848/214/2908 2849/2309/2908 2850/2310/2908
f 2851/2311/2909 2852/2312/2909 2853/269/2909
f 2854/376/2910 2855/2313/2910 2856/2314/2910
f 2857/2315/2911 2858/2316/2911 2859/225/2911
f 2860/226/2912 2861/2317/2912 2862/2318/2912
f 2863/2319/2913 2864/2320/2913 2865/279/2913
f 2866/2321/2914 2867/2322/2914 2868/2323/2914
f 2869/2324/2915 2870/2325/2915 2871/237/2915
f 2872/480/2916 2873/2326/2916 2874/2327/2916
f 2875/2328/2917 2876/2329/2917 2877/348/2917
f 2878/244/2918 2879/2330/2918 2880/2331/2918
f 2881/2332/2919 2882/2333/2919 2883/657/2919
f 2884/489/2920 2885/2334/2920 2886/2335/2920
f 2887/2336/2921 2888/2337/2921 2889/254/2921
f 2890/256/2922 2891/2338/2922 2892/2339/2922
f 2893/361/2923 2894/2340/2923 2895/2341/2923
f 2896/2342/2924 2897/2343/2924 2898/629/2924
f 2899/844/2925 2900/2344/2925 2901/2345/2925
f 2902/2346/2926 2903/2347/2926 2904/371/2926
f 2905/269/2927 2906/2348/2927 2907/2349/2927
f 2908/2350/2928 2909/2351/2928 2910/274/2928
f 2911/332/2929 2912/2352/2929 2913/2353/2929
f 2914/2354/2930 2915/2355/2930 2916/469/2930
f 2917/2356/2931 2918/2357/2931 2919/2358/2931
f 2920/2359/2932 2921/2360/2932 2922/338/2932
f 2923/343/2933 2924/2361/2933 2925/2362/2933
f 2926/2363/2934 2927/2364/2934 2928/436/2934
f 2929/348/2935 2930/2365/2935 2931/2366/2935
f 2932/2367/2936 2933/2368/2936 2934/2049/2936
f 2935/618/2937 2936/2369/2937 2937/2370/2937
f 2938/2371/2938 2939/2372/2938 2940/301/2938
f 2839/2303/2939 2833/254/2939 2835/2373/2939
f 2844/2306/2940 2838/2302/2940 2842/629/2940
f 2837/2374/2941 2835/2299/2941 2834/2298/2941
f 2843/2305/2942 2839/2303/2942 2844/2306/2942
f 2845/2307/2943 2841/758/2943 2840/2304/2943
f 2850/2310/2944 2842/629/2944 2848/214/2944
f 2849/2309/2945 2845/2307/2945 2850/2310/2945
f 2851/2311/2946 2847/322/2946 2846/2308/2946
f 2849/2309/2947 2854/376/2947 2856/2314/2947
f 2855/2313/2948 2851/2311/2948 2856/2314/2948
f 2857/2315/2949 2853/269/2949 2852/2312/2949
f 2862/2318/2950 2854/376/2950 2860/226/2950
f 2861/2317/2951 2857/2315/2951 2862/2318/2951
f 2863/2319/2952 2859/225/2952 2858/2316/2952
f 2868/2323/2953 2860/226/2953 2866/2321/2953
f 2867/2322/2954 2863/2319/2954 2868/2323/2954
f 2869/2324/2955 2865/279/2955 2864/2320/2955
f 2874/2327/2956 2866/2321/2956 2872/480/2956
f 2870/2325/2957 2874/2327/2957 2873/2326/2957
f 2875/2328/2958 2871/237/2958 2870/2325/2958
f 2880/2331/2959 2872/480/2959 2878/244/2959
f 2879/2330/2960 2875/2328/2960 2880/2331/2960
f 2881/2332/2961 2877/348/2961 2876/2329/2961
f 2886/2335/2962 2878/244/2962 2884/489/2962
f 2885/2334/2963 2881/2332/2963 2886/2335/2963
f 2834/2298/2964 2883/657/2964 2882/2333/2964
f 2885/2334/2965 2838/304/2965 2837/2374/2965
f 2893/361/2966 2887/2336/2966 2889/254/2966
f 2898/629/2967 2892/2375/2967 2896/2342/2967
f 2892/2375/2968 2888/2337/2968 2887/2336/2968
f 2895/2341/2969 2897/2343/2969 2896/2342/2969
f 2899/844/2970 2894/2340/2970 2893/361/2970
f 2904/371/2971 2897/2343/2971 2902/2346/2971
f 2902/2346/2972 2900/2344/2972 2903/2347/2972
f 2899/844/2973 2907/2349/2973 2900/2344/2973
f 2910/274/2974 2903/2347/2974 2908/2350/2974
f 2907/2349/2975 2909/2351/2975 2908/2350/2975
f 2911/332/2976 2906/2348/2976 2905/269/2976
f 2916/469/2977 2909/2351/2977 2914/2354/2977
f 2914/2354/2978 2912/2352/2978 2915/2355/2978
f 2911/332/2979 2919/2358/2979 2912/2352/2979
f 2916/469/2980 2920/2359/2980 2922/338/2980
f 2920/2359/2981 2918/2357/2981 2921/2360/2981
f 2917/2356/2982 2925/2362/2982 2918/2357/2982
f 2928/436/2983 2921/2360/2983 2926/2363/2983
f 2926/2363/2984 2924/2361/2984 2927/2364/2984
f 2929/348/2985 2924/2361/2985 2923/343/2985
f 2928/436/2986 2932/2367/2986 2934/2049/2986
f 2932/2367/2987 2930/2365/2987 2933/2368/2987
f 2929/348/2988 2937/2370/2988 2930/2365/2988
f 2934/2049/2989 2938/2371/2989 2940/301/2989
f 2938/2371/2990 2936/2369/2990 2939/2372/2990
f 2935/618/2991 2888/2376/2991 2936/2369/2991
f 2890/256/2992 2939/2372/2992 2891/2338/2992
f 2833/254/451 2893/361/451 2889/254/451
f 2835/2373/2993 2844/2306/2993 2839/2303/2993
f 2885/2334/2994 2834/2298/2994 2882/2333/2994
f 2883/657/454 2889/577/454 2935/618/454
f 2842/629/451 2890/578/451 2898/629/451
f 2838/304/451 2940/301/451 2890/256/451
f 2843/2305/2995 2845/2307/2995 2840/2304/2995
f 2841/758/566 2899/844/566 2893/361/566
f 2848/214/451 2898/629/451 2904/371/451
f 2849/2309/2996 2851/2311/2996 2846/2308/2996
f 2847/322/451 2905/269/451 2899/844/451
f 2854/376/451 2904/371/451 2910/274/451
f 2852/2312/2997 2862/2318/2997 2857/2315/2997
f 2853/269/451 2911/332/451 2905/269/451
f 2860/226/451 2910/274/451 2916/469/451
f 2861/2317/2998 2863/2319/2998 2858/2316/2998
f 2859/225/451 2917/2356/451 2911/332/451
f 2866/2321/451 2916/469/451 2922/338/451
f 2867/2322/2999 2869/2324/2999 2864/2320/2999
f 2865/279/451 2923/343/451 2917/2356/451
f 2872/480/451 2922/338/451 2928/436/451
f 2873/2326/3000 2875/2328/3000 2870/2325/3000
f 2871/237/451 2929/348/451 2923/343/451
f 2878/244/451 2928/436/451 2934/2049/451
f 2876/2329/3001 2886/2335/3001 2881/2332/3001
f 2877/348/451 2935/618/451 2929/348/451
f 2884/489/451 2934/2049/451 2940/301/451
f 2895/2341/3002 2892/2375/3002 2887/2336/3002
f 2888/2376/3003 2939/2372/3003 2936/2369/3003
f 2901/2345/3004 2897/2343/3004 2894/2340/3004
f 2900/2344/3005 2908/2350/3005 2903/2347/3005
f 2906/2348/3006 2914/2354/3006 2909/2351/3006
f 2919/2358/3007 2915/2355/3007 2912/2352/3007
f 2925/2362/3008 2921/2360/3008 2918/2357/3008
f 2924/2361/3009 2932/2367/3009 2927/2364/3009
f 2937/2370/3010 2933/2368/3010 2930/2365/3010
f 2941/199/3011 2942/2377/3011 2943/2378/3011
f 2944/2379/3012 2945/2380/3012 2946/2381/3012
f 2947/2382/3013 2948/2383/3013 2949/758/3013
f 2950/588/3014 2951/2384/3014 2952/2385/3014
f 2953/2386/3015 2954/2387/3015 2955/366/3015
f 2956/634/3016 2957/2388/3016 2958/2389/3016
f 2959/2390/3017 2960/2391/3017 2961/269/3017
f 2962/2392/3018 2963/2393/3018 2964/2394/3018
f 2965/2395/3019 2966/2396/3019 2967/225/3019
f 2968/469/3020 2969/2397/3020 2970/2398/3020
f 2971/2399/3021 2972/2400/3021 2973/337/3021
f 2974/475/3022 2975/2401/3022 2976/2402/3022
f 2977/2403/3023 2978/2404/3023 2979/386/3023
f 2980/238/3024 2981/2405/3024 2982/2406/3024
f 2983/2407/3025 2984/2408/3025 2985/441/3025
f 2986/567/3026 2987/2409/3026 2988/2410/3026
f 2989/2411/3027 2990/2412/3027 2991/2413/3027
f 2992/301/3028 2993/2414/3028 2994/2415/3028
f 2995/2416/3029 2996/254/3029 2997/254/3029
f 2998/304/3030 2999/2417/3030 3000/2418/3030
f 3001/361/3031 3002/2419/3031 3003/2420/3031
f 3004/2421/3032 3005/2422/3032 3006/629/3032
f 3007/322/3033 3008/2423/3033 3009/2424/3033
f 3010/2425/3034 3011/2426/3034 3012/634/3034
f 3013/269/3035 3014/2427/3035 3015/2428/3035
f 3016/2429/3036 3017/2430/3036 3018/376/3036
f 3019/332/3037 3020/2431/3037 3021/2432/3037
f 3022/2433/3038 3023/2434/3038 3024/226/3038
f 3025/2116/3039 3026/2435/3039 3027/2436/3039
f 3028/2437/3040 3029/2438/3040 3030/232/3040
f 3031/343/3041 3032/2439/3041 3033/2440/3041
f 3034/2441/3042 3035/2442/3042 3036/1641/3042
f 3037/441/3043 3038/2443/3043 3039/2444/3043
f 3040/2445/3044 3041/2446/3044 3042/244/3044
f 3043/354/3045 3044/2447/3045 3045/2448/3045
f 3046/2449/3046 3047/2450/3046 3048/1937/3046
f 2943/2451/3047 2949/758/3047 2941/254/3047
f 2952/2385/3048 2946/2381/3048 2950/588/3048
f 2942/2377/3049 2944/2418/3049 2943/2378/3049
f 2948/2383/3050 2952/2385/3050 2951/2384/3050
f 2953/2386/3051 2949/758/3051 2948/2383/3051
f 2958/2389/3052 2950/588/3052 2956/634/3052
f 2957/2388/3053 2953/2386/3053 2958/2389/3053
f 2959/2390/3054 2955/366/3054 2954/2387/3054
f 2964/2394/3055 2956/634/3055 2962/2392/3055
f 2963/2393/3056 2959/2390/3056 2964/2394/3056
f 2960/2391/3057 2967/225/3057 2961/269/3057
f 2963/2393/3058 2968/469/3058 2970/2398/3058
f 2969/2397/3059 2965/2395/3059 2970/2398/3059
f 2971/2399/3060 2967/225/3060 2966/2396/3060
f 2969/2397/3061 2974/475/3061 2976/2402/3061
f 2975/2401/3062 2971/2399/3062 2976/2402/3062
f 2977/2403/3063 2973/337/3063 2972/2400/3063
f 2982/2406/3064 2974/475/3064 2980/238/3064
f 2978/2404/3065 2982/2406/3065 2981/2405/3065
f 2978/2404/3066 2985/441/3066 2979/386/3066
f 2988/2410/3067 2980/238/3067 2986/567/3067
f 2987/2409/3068 2983/2407/3068 2988/2410/3068
f 2989/2411/3069 2985/441/3069 2984/2408/3069
f 2994/2415/3070 2986/567/3070 2992/301/3070
f 2993/2414/3071 2989/2411/3071 2994/2415/3071
f 2990/2412/3072 2941/199/3072 2991/2413/3072
f 2993/2414/3073 2946/304/3073 2945/2452/3073
f 3001/361/3074 2995/2416/3074 2997/254/3074
f 2998/305/3075 3004/2421/3075 3006/629/3075
f 2995/2453/3076 2999/2417/3076 2996/2454/3076
f 3004/2421/3077 3002/2419/3077 3005/2422/3077
f 3001/361/3078 3009/2424/3078 3002/2419/3078
f 3006/629/3079 3010/2425/3079 3012/634/3079
f 3010/2425/3080 3008/2423/3080 3011/2426/3080
f 3007/322/3081 3015/2428/3081 3008/2423/3081
f 3018/376/3082 3011/2426/3082 3016/2429/3082
f 3016/2429/3083 3014/2427/3083 3017/2430/3083
f 3019/332/3084 3014/2427/3084 3013/269/3084
f 3024/226/3085 3017/2430/3085 3022/2433/3085
f 3021/2432/3086 3023/2434/3086 3022/2433/3086
f 3025/2116/3087 3020/2431/3087 3019/332/3087
f 3024/226/3088 3028/2437/3088 3030/232/3088
f 3027/2436/3089 3029/2438/3089 3028/2437/3089
f 3031/343/3090 3026/2435/3090 3025/2116/3090
f 3030/232/3091 3034/2441/3091 3036/1641/3091
f 3034/2441/3092 3032/2439/3092 3035/2442/3092
f 3037/441/3093 3032/2439/3093 3031/343/3093
f 3036/1641/3094 3040/2445/3094 3042/244/3094
f 3040/2445/3095 3038/2443/3095 3041/2446/3095
f 3043/354/3096 3038/2443/3096 3037/441/3096
f 3048/1937/3097 3041/2446/3097 3046/2449/3097
f 3046/2449/3098 3044/2447/3098 3047/2450/3098
f 3043/354/3099 2996/2454/3099 3044/2447/3099
f 2998/304/3100 3047/2450/3100 2999/2417/3100
f 2941/254/451 3001/361/451 2997/254/451
f 2944/2379/3101 2947/2382/3101 2943/2451/3101
f 2993/2414/3102 2942/2377/3102 2990/2412/3102
f 2991/2413/566 2997/577/566 3043/354/566
f 2950/588/451 2998/305/451 3006/629/451
f 2946/304/451 3048/1937/451 2998/304/451
f 2948/2383/3103 2958/2389/3103 2953/2386/3103
f 2949/758/451 3007/322/451 3001/361/451
f 2956/634/451 3006/629/451 3012/634/451
f 2957/2388/3104 2959/2390/3104 2954/2387/3104
f 2955/366/451 3013/269/451 3007/322/451
f 2962/2392/3105 3012/634/3105 3018/376/3105
f 2963/2393/3106 2965/2395/3106 2960/2391/3106
f 2961/269/3107 3019/332/3107 3013/269/3107
f 2968/469/451 3018/376/451 3024/226/451
f 2969/2397/3108 2971/2399/3108 2966/2396/3108
f 2967/225/451 3025/2116/451 3019/332/451
f 2974/475/451 3024/226/451 3030/232/451
f 2975/2401/3109 2977/2403/3109 2972/2400/3109
f 2973/337/451 3031/343/451 3025/2116/451
f 2980/238/451 3030/232/451 3036/1641/451
f 2978/2404/3110 2988/2410/3110 2983/2407/3110
f 2979/386/451 3037/441/451 3031/343/451
f 2986/567/451 3036/1641/451 3042/244/451
f 2984/2408/3111 2994/2415/3111 2989/2411/3111
f 2991/2413/3112 3037/441/3112 2985/441/3112
f 2992/301/566 3042/244/566 3048/1937/566
f 2995/2416/3113 3004/2421/3113 3000/2455/3113
f 2996/2454/3114 3047/2450/3114 3044/2447/3114
f 3009/2424/3115 3005/2422/3115 3002/2419/3115
f 3015/2428/3116 3011/2426/3116 3008/2423/3116
f 3014/2427/3117 3022/2433/3117 3017/2430/3117
f 3027/2436/3118 3023/2434/3118 3020/2431/3118
f 3026/2435/3119 3034/2441/3119 3029/2438/3119
f 3032/2439/3120 3040/2445/3120 3035/2442/3120
f 3038/2443/3121 3046/2449/3121 3041/2446/3121
f 3049/669/3122 3050/2456/3122 3051/2457/3122
f 3052/2458/3123 3053/2459/3123 3054/2460/3123
f 3055/2461/3124 3056/2462/3124 3057/259/3124
f 3058/629/3125 3059/2463/3125 3060/2464/3125
f 3061/2465/3126 3062/2466/3126 3063/322/3126
f 3064/214/3127 3065/2467/3127 3066/2468/3127
f 3067/2469/3128 3068/2470/3128 3069/269/3128
f 3070/220/3129 3071/2471/3129 3072/2472/3129
f 3073/2473/3130 3074/2474/3130 3075/377/3130
f 3076/971/3131 3077/2475/3131 3078/2476/3131
f 3079/2477/3132 3080/2478/3132 3081/470/3132
f 3082/1439/3133 3083/2479/3133 3084/2480/3133
f 3085/2481/3134 3086/2482/3134 3087/343/3134
f 3088/2483/3135 3089/2484/3135 3090/2485/3135
f 3091/2486/3136 3092/2487/3136 3093/348/3136
f 3094/395/3137 3095/2488/3137 3096/2489/3137
f 3097/2490/3138 3098/2491/3138 3099/2413/3138
f 3100/489/3139 3101/2492/3139 3102/2493/3139
f 3103/2494/3140 3104/2495/3140 3105/255/3140
f 3106/256/3141 3107/2496/3141 3108/2497/3141
f 3109/758/3142 3110/2498/3142 3111/2499/3142
f 3112/2500/3143 3113/2501/3143 3114/629/3143
f 3115/366/3144 3116/2502/3144 3117/2503/3144
f 3118/2504/3145 3119/2505/3145 3120/2506/3145
f 3121/219/3146 3122/2507/3146 3123/2508/3146
f 3124/2509/3147 3125/2510/3147 3126/376/3147
f 3127/225/3148 3128/2511/3148 3129/2512/3148
f 3130/2513/3149 3131/2514/3149 3132/226/3149
f 3133/2116/3150 3134/2515/3150 3135/2516/3150
f 3136/2517/3151 3137/2518/3151 3138/475/3151
f 3139/386/3152 3140/2519/3152 3141/2520/3152
f 3142/2521/3153 3143/2522/3153 3144/1641/3153
f 3145/441/3154 3146/2523/3154 3147/2524/3154
f 3148/2525/3155 3149/2526/3155 3150/244/3155
f 3151/296/3156 3152/2527/3156 3153/2528/3156
f 3154/2529/3157 3155/2530/3157 3156/489/3157
f 3051/2531/3158 3057/259/3158 3049/254/3158
f 3060/2464/3159 3054/2460/3159 3058/629/3159
f 3050/2456/3160 3052/2532/3160 3051/2457/3160
f 3056/2462/3161 3060/2464/3161 3059/2463/3161
f 3056/2462/3162 3063/322/3162 3057/259/3162
f 3059/2463/3163 3064/214/3163 3066/2468/3163
f 3062/2466/3164 3066/2468/3164 3065/2467/3164
f 3067/2469/3165 3063/322/3165 3062/2466/3165
f 3072/2472/3166 3064/214/3166 3070/220/3166
f 3068/2470/3167 3072/2472/3167 3071/2471/3167
f 3073/2473/3168 3069/269/3168 3068/2470/3168
f 3078/2476/3169 3070/220/3169 3076/971/3169
f 3074/2474/3170 3078/2476/3170 3077/2475/3170
f 3074/2474/3171 3081/470/3171 3075/377/3171
f 3077/2475/3172 3082/1439/3172 3084/2480/3172
f 3080/2478/3173 3084/2480/3173 3083/2479/3173
f 3080/2478/3174 3087/343/3174 3081/470/3174
f 3090/2485/3175 3082/1439/3175 3088/2483/3175
f 3089/2484/3176 3085/2481/3176 3090/2485/3176
f 3091/2486/3177 3087/343/3177 3086/2482/3177
f 3089/2484/3178 3094/395/3178 3096/2489/3178
f 3092/2487/3179 3096/2489/3179 3095/2488/3179
f 3097/2490/3180 3093/348/3180 3092/2487/3180
f 3095/2488/3181 3100/489/3181 3102/2493/3181
f 3098/2491/3182 3102/2493/3182 3101/2492/3182
f 3050/2456/3183 3099/2413/3183 3098/2491/3183
f 3053/2533/3184 3100/489/3184 3054/403/3184
f 3105/255/3185 3111/2499/3185 3103/2494/3185
f 3114/629/3186 3108/2534/3186 3112/2500/3186
f 3108/2534/3187 3104/2495/3187 3103/2494/3187
f 3112/2500/3188 3110/2498/3188 3113/2501/3188
f 3115/366/3189 3110/2498/3189 3109/758/3189
f 3120/2506/3190 3113/2501/3190 3118/2504/3190
f 3117/2503/3191 3119/2505/3191 3118/2504/3191
f 3121/219/3192 3116/2502/3192 3115/366/3192
f 3120/2506/3193 3124/2509/3193 3126/376/3193
f 3124/2509/3194 3122/2507/3194 3125/2510/3194
f 3121/219/3195 3129/2512/3195 3122/2507/3195
f 3126/376/3196 3130/2513/3196 3132/226/3196
f 3130/2513/3197 3128/2511/3197 3131/2514/3197
f 3133/2116/3198 3128/2511/3198 3127/225/3198
f 3138/475/3199 3131/2514/3199 3136/2517/3199
f 3136/2517/3200 3134/2515/3200 3137/2518/3200
f 3139/386/3201 3134/2515/3201 3133/2116/3201
f 3138/475/3202 3142/2521/3202 3144/1641/3202
f 3141/2520/3203 3143/2522/3203 3142/2521/3203
f 3145/441/3204 3140/2519/3204 3139/386/3204
f 3144/1641/3205 3148/2525/3205 3150/244/3205
f 3148/2525/3206 3146/2523/3206 3149/2526/3206
f 3145/441/3207 3153/2528/3207 3146/2523/3207
f 3150/244/3208 3154/2529/3208 3156/489/3208
f 3153/2528/3209 3155/2530/3209 3154/2529/3209
f 3151/296/3210 3104/2535/3210 3152/2527/3210
f 3156/489/3211 3107/2496/3211 3106/256/3211
f 3049/254/451 3109/758/451 3105/255/451
f 3051/2531/3212 3060/2464/3212 3055/2461/3212
f 3101/2492/3213 3050/2456/3213 3098/2491/3213
f 3099/2413/456 3105/2536/456 3151/296/456
f 3058/629/1681 3106/305/1681 3114/629/1681
f 3054/403/451 3156/489/451 3106/256/451
f 3059/2463/3214 3061/2465/3214 3056/2462/3214
f 3057/259/451 3115/366/451 3109/758/451
f 3064/214/451 3114/629/451 3120/2506/451
f 3065/2467/3215 3067/2469/3215 3062/2466/3215
f 3063/322/451 3121/219/451 3115/366/451
f 3070/220/3216 3120/2506/3216 3126/376/3216
f 3071/2471/3217 3073/2473/3217 3068/2470/3217
f 3069/269/566 3127/225/566 3121/219/566
f 3076/971/451 3126/376/451 3132/226/451
f 3074/2474/3218 3084/2480/3218 3079/2477/3218
f 3075/377/451 3133/2116/451 3127/225/451
f 3082/1439/451 3132/226/451 3138/475/451
f 3080/2478/3219 3090/2485/3219 3085/2481/3219
f 3081/470/451 3139/386/451 3133/2116/451
f 3088/2483/451 3138/475/451 3144/1641/451
f 3089/2484/3220 3091/2486/3220 3086/2482/3220
f 3093/348/3221 3139/386/3221 3087/343/3221
f 3094/395/3222 3144/1641/3222 3150/244/3222
f 3095/2488/3223 3097/2490/3223 3092/2487/3223
f 3093/348/451 3151/296/451 3145/441/451
f 3100/489/451 3150/244/451 3156/489/451
f 3111/2499/3224 3108/2534/3224 3103/2494/3224
f 3104/2535/3225 3155/2530/3225 3152/2527/3225
f 3110/2498/3226 3118/2504/3226 3113/2501/3226
f 3116/2502/3227 3124/2509/3227 3119/2505/3227
f 3129/2512/3228 3125/2510/3228 3122/2507/3228
f 3128/2511/3229 3136/2517/3229 3131/2514/3229
f 3141/2520/3230 3137/2518/3230 3134/2515/3230
f 3140/2519/3231 3148/2525/3231 3143/2522/3231
f 3153/2528/3232 3149/2526/3232 3146/2523/3232
f 3217/2603/3286 3218/2604/3286 3219/2605/3286
f 3220/2606/3287 3221/2607/3287 3222/1736/3287
f 3223/2608/3288 3224/2609/3288 3225/2610/3288
f 3226/2611/3289 3227/2612/3289 3228/1735/3289
f 3229/2613/3290 3230/2614/3290 3231/2615/3290
f 3232/2616/3291 3233/2617/3291 3234/2548/3291
f 3235/2618/3292 3236/2619/3292 3237/2620/3292
f 3238/2621/3293 3239/2622/3293 3240/2623/3293
f 3241/2624/3294 3242/2625/3294 3243/2626/3294
f 3244/2627/3295 3245/1066/3295 3246/2628/3295
f 3224/2609/3296 3217/2603/3296 3219/2605/3296
f 3228/1735/3297 3220/2606/3297 3226/2611/3297
f 3222/2629/3298 3219/2630/3298 3218/2631/3298
f 3225/2632/3299 3228/2633/3299 3227/2634/3299
f 3230/2614/3300 3223/2608/3300 3225/2610/3300
f 3234/2548/3301 3226/2611/3301 3232/2616/3301
f 3233/2635/3302 3230/2636/3302 3234/2637/3302
f 3231/2615/3303 3235/2618/3303 3229/2613/3303
f 3240/2623/3304 3232/2616/3304 3238/2621/3304
f 3239/2638/3305 3236/2639/3305 3240/2635/3305
f 3242/2625/3306 3235/2618/3306 3237/2620/3306
f 3246/2628/3307 3238/2621/3307 3244/2627/3307
f 3243/2640/3308 3246/2641/3308 3245/2642/3308
f 3243/2626/3309 3217/2603/3309 3241/2624/3309
f 3222/1736/3310 3244/2627/3310 3220/2606/3310
f 3223/2608/3311 3235/2618/3311 3241/2624/3311
f 3219/2643/3312 3228/2633/3312 3224/2644/3312
f 3243/2640/3313 3222/2629/3313 3218/2631/3313
f 3220/2606/3314 3238/2621/3314 3232/2616/3314
f 3225/2632/3315 3234/2637/3315 3230/2636/3315
f 3231/2645/3316 3240/2635/3316 3236/2639/3316
f 3237/2646/3317 3246/2641/3317 3242/2647/3317
f 3247/2648/3318 3248/2649/3318 3249/2650/3318
f 3250/2651/3319 3251/2652/3319 3252/1066/3319
f 3253/2653/3320 3254/2654/3320 3255/2655/3320
f 3256/2656/3321 3257/2657/3321 3258/2658/3321
f 3259/2659/3322 3260/2660/3322 3261/2661/3322
f 3262/2662/3323 3263/2623/3323 3264/1056/3323
f 3265/2663/3324 3266/2664/3324 3267/2665/3324
f 3268/2666/3325 3269/2667/3325 3270/2668/3325
f 3271/2669/3326 3272/2670/3326 3273/2671/3326
f 3274/2672/3327 3275/2673/3327 3276/2667/3327
f 3254/2654/3328 3247/2648/3328 3249/2650/3328
f 3258/2658/3329 3250/2651/3329 3256/2656/3329
f 3252/2674/3330 3249/2675/3330 3248/2676/3330
f 3255/2677/3331 3258/2678/3331 3257/2679/3331
f 3260/2660/3332 3253/2653/3332 3255/2655/3332
f 3264/1056/3333 3256/2656/3333 3262/2662/3333
f 3261/2680/3334 3264/2679/3334 3263/2681/3334
f 3266/2664/3335 3259/2659/3335 3261/2661/3335
f 3270/2668/3336 3262/2662/3336 3268/2666/3336
f 3267/2682/3337 3270/2683/3337 3269/2684/3337
f 3272/2670/3338 3265/2663/3338 3267/2665/3338
f 3276/2667/3339 3268/2666/3339 3274/2672/3339
f 3273/2685/3340 3276/2686/3340 3275/2687/3340
f 3273/2671/3341 3247/2648/3341 3271/2669/3341
f 3252/1066/3342 3274/2672/3342 3250/2651/3342
f 3253/2653/3343 3265/2663/3343 3271/2669/3343
f 3249/2688/3344 3258/2678/3344 3254/2689/3344
f 3273/2685/3345 3252/2674/3345 3248/2676/3345
f 3250/2651/3346 3268/2666/3346 3262/2662/3346
f 3255/2677/3347 3264/2679/3347 3260/2690/3347
f 3261/2680/3348 3270/2683/3348 3266/2691/3348
f 3267/2682/3349 3276/2686/3349 3272/2692/3349
f 3277/2693/3350 3278/2694/3350 3279/2695/3350
f 3280/2696/3351 3281/2697/3351 3282/2698/3351
f 3283/2699/3352 3284/2700/3352 3285/2701/3352
f 3286/2702/3353 3287/1056/3353 3288/2652/3353
f 3289/2703/3354 3290/2704/3354 3291/2705/3354
f 3292/2706/3355 3293/2707/3355 3294/2544/3355
f 3295/2708/3356 3296/2709/3356 3297/2710/3356
f 3298/2711/3357 3299/2712/3357 3300/2713/3357
f 3301/2714/3358 3302/2715/3358 3303/2716/3358
f 3304/2717/3359 3305/998/3359 3306/2718/3359
f 3284/2700/3360 3277/2693/3360 3279/2695/3360
f 3288/2652/3361 3280/2696/3361 3286/2702/3361
f 3282/2719/3362 3279/2720/3362 3278/2721/3362
f 3285/2722/3363 3288/2723/3363 3287/2724/3363
f 3285/2701/3364 3289/2703/3364 3283/2699/3364
f 3294/2544/3365 3286/2702/3365 3292/2706/3365
f 3293/2725/3366 3290/2726/3366 3294/2724/3366
f 3296/2709/3367 3289/2703/3367 3291/2705/3367
f 3300/2713/3368 3292/2706/3368 3298/2711/3368
f 3297/2727/3369 3300/2728/3369 3299/2729/3369
f 3302/2715/3370 3295/2708/3370 3297/2710/3370
f 3306/2718/3371 3298/2711/3371 3304/2717/3371
f 3303/2730/3372 3306/2729/3372 3305/2731/3372
f 3303/2716/3373 3277/2693/3373 3301/2714/3373
f 3282/2698/3374 3304/2717/3374 3280/2696/3374
f 3283/2699/3375 3295/2708/3375 3301/2714/3375
f 3279/2732/3376 3288/2723/3376 3284/2733/3376
f 3303/2730/3377 3282/2719/3377 3278/2721/3377
f 3280/2696/3378 3298/2711/3378 3292/2706/3378
f 3285/2722/3379 3294/2724/3379 3290/2726/3379
f 3291/2734/3380 3300/2728/3380 3296/2735/3380
f 3297/2727/3381 3306/2729/3381 3302/2736/3381
f 3307/2737/3382 3308/2738/3382 3309/2739/3382
f 3310/2740/3383 3311/2741/3383 3312/2742/3383
f 3313/2743/3384 3314/2744/3384 3315/2745/3384
f 3316/2746/3385 3317/2612/3385 3318/1735/3385
f 3319/2747/3386 3320/2748/3386 3321/2749/3386
f 3322/2750/3387 3323/2617/3387 3324/2751/3387
f 3325/2752/3388 3326/2753/3388 3327/2754/3388
f 3328/2755/3389 3329/2756/3389 3330/2668/3389
f 3331/2757/3390 3332/2758/3390 3333/2759/3390
f 3334/2760/3391 3335/1066/3391 3336/2667/3391
f 3309/2739/3392 3313/2743/3392 3307/2737/3392
f 3318/1735/3393 3310/2740/3393 3316/2746/3393
f 3312/2761/3394 3309/2762/3394 3308/2763/3394
f 3315/2764/3395 3318/2765/3395 3317/2766/3395
f 3315/2745/3396 3319/2747/3396 3313/2743/3396
f 3324/2751/3397 3316/2746/3397 3322/2750/3397
f 3323/2767/3398 3320/2768/3398 3324/2766/3398
f 3321/2749/3399 3325/2752/3399 3319/2747/3399
f 3330/2668/3400 3322/2750/3400 3328/2755/3400
f 3327/2769/3401 3330/2767/3401 3329/2770/3401
f 3332/2758/3402 3325/2752/3402 3327/2754/3402
f 3336/2667/3403 3328/2755/3403 3334/2760/3403
f 3333/2771/3404 3336/2770/3404 3335/2761/3404
f 3333/2759/3405 3307/2737/3405 3331/2757/3405
f 3312/2742/3406 3334/2760/3406 3310/2740/3406
f 3313/2743/3407 3325/2752/3407 3331/2757/3407
f 3309/2772/3408 3318/2765/3408 3314/2773/3408
f 3333/2771/3409 3312/2761/3409 3308/2763/3409
f 3310/2740/3410 3328/2755/3410 3322/2750/3410
f 3315/2764/3411 3324/2766/3411 3320/2768/3411
f 3321/2774/3412 3330/2767/3412 3326/2775/3412
f 3327/2769/3413 3336/2770/3413 3332/2776/3413
f 3337/2777/3414 3338/2778/3414 3339/2779/3414
f 3340/2780/3415 3341/2697/3415 3342/1736/3415
f 3343/2781/3416 3344/2782/3416 3345/2783/3416
f 3346/2784/3417 3347/1056/3417 3348/2741/3417
f 3349/2785/3418 3350/2786/3418 3351/2787/3418
f 3352/2788/3419 3353/2789/3419 3354/2790/3419
f 3355/2791/3420 3356/2792/3420 3357/2793/3420
f 3358/2794/3421 3359/2667/3421 3360/2795/3421
f 3361/2796/3422 3362/2797/3422 3363/2798/3422
f 3364/2799/3423 3365/2698/3423 3366/1754/3423
f 3339/2779/3424 3343/2781/3424 3337/2777/3424
f 3348/2741/3425 3340/2780/3425 3346/2784/3425
f 3342/2800/3426 3339/2801/3426 3338/2802/3426
f 3345/2803/3427 3348/2804/3427 3347/2805/3427
f 3350/2786/3428 3343/2781/3428 3345/2783/3428
f 3354/2790/3429 3346/2784/3429 3352/2788/3429
f 3351/2806/3430 3354/2807/3430 3353/2808/3430
f 3356/2792/3431 3349/2785/3431 3351/2787/3431
f 3360/2795/3432 3352/2788/3432 3358/2794/3432
f 3359/2809/3433 3356/2810/3433 3360/2808/3433
f 3357/2793/3434 3361/2796/3434 3355/2791/3434
f 3366/1754/3435 3358/2794/3435 3364/2799/3435
f 3363/2811/3436 3366/2812/3436 3365/2813/3436
f 3363/2798/3437 3337/2777/3437 3361/2796/3437
f 3342/1736/3438 3364/2799/3438 3340/2780/3438
f 3343/2781/3439 3355/2791/3439 3361/2796/3439
f 3339/2814/3440 3348/2804/3440 3344/2815/3440
f 3363/2811/3441 3342/2800/3441 3338/2802/3441
f 3340/2780/3442 3358/2794/3442 3352/2788/3442
f 3345/2803/3443 3354/2807/3443 3350/2816/3443
f 3351/2806/3444 3360/2808/3444 3356/2810/3444
f 3357/2817/3445 3366/2812/3445 3362/2818/3445
f 285/110/323 290/115/323 289/114/323
f 294/119/324 287/112/324 286/111/324
f 284/162/325 288/2930/325 287/163/325
f 293/165/326 291/191/326 290/166/326
f 291/116/327 296/121/327 295/120/327
f 293/118/328 292/117/328 298/123/328
f 299/168/3594 297/192/3594 296/169/3594
f 297/122/330 302/127/330 301/126/330
f 299/124/331 298/123/331 304/129/331
f 303/171/332 302/193/332 306/172/332
f 308/133/333 307/132/333 301/126/333
f 305/130/334 304/129/334 310/135/334
f 311/174/3595 309/194/3595 308/175/3595
f 309/134/336 314/139/336 313/138/336
f 318/143/337 311/136/337 310/135/337
f 317/177/3596 315/195/3596 314/178/3596
f 315/140/339 320/145/339 319/144/339
f 324/149/340 317/142/340 316/141/340
f 323/180/341 321/197/341 320/181/341
f 321/146/3597 326/151/3597 325/150/3597
f 330/155/343 323/148/343 322/147/343
f 327/183/3598 326/196/3598 330/184/3598
f 332/157/345 331/156/345 325/150/345
f 329/154/346 328/153/346 334/159/346
f 333/186/3599 332/198/3599 336/187/3599
f 284/109/348 283/108/348 331/156/348
f 288/113/349 335/160/349 334/159/349
f 331/156/350 283/108/350 289/114/350
f 289/114/350 295/120/350 301/126/350
f 301/126/350 307/132/350 313/138/350
f 313/138/350 319/144/350 325/150/350
f 325/150/350 331/156/350 289/114/350
f 289/114/350 301/126/350 313/138/350
f 287/189/351 294/167/351 290/166/351
f 335/188/352 288/2930/352 284/162/352
f 298/123/353 292/117/353 286/111/353
f 286/111/353 334/159/353 328/153/353
f 328/153/353 322/147/353 316/141/353
f 316/141/353 310/135/353 304/129/353
f 304/129/353 298/123/353 286/111/353
f 286/111/353 328/153/353 316/141/353
f 291/191/3600 293/165/3600 300/170/3600
f 297/192/3601 299/168/3601 306/172/3601
f 305/173/356 312/176/356 308/175/356
f 311/174/3602 318/179/3602 314/178/3602
f 315/195/358 317/177/358 324/182/358
f 323/180/359 330/184/359 326/196/359
f 329/185/3603 336/187/3603 332/198/3603
f 343/205/397 345/207/397 337/254/397
f 348/210/398 340/202/398 342/204/398
f 341/303/399 340/258/399 339/201/399
f 344/206/400 343/205/400 348/210/400
f 344/206/401 349/211/401 351/213/401
f 347/209/3604 346/208/3604 352/214/3604
f 353/215/403 350/212/403 349/211/403
f 350/212/404 355/217/404 357/219/404
f 360/222/405 353/215/405 352/214/405
f 359/221/406 356/218/406 355/217/406
f 356/218/407 361/223/407 363/225/407
f 366/228/408 359/221/408 358/220/408
f 365/227/409 362/224/409 361/223/409
f 367/229/410 369/231/410 363/225/410
f 365/227/411 364/226/411 370/232/411
f 371/233/412 368/230/412 367/229/412
f 373/235/413 375/237/413 369/231/413
f 371/233/414 370/232/414 376/238/414
f 377/239/415 374/236/415 373/235/415
f 379/241/416 381/243/416 375/237/416
f 377/239/3605 376/238/3605 382/244/3605
f 383/245/418 380/242/418 379/241/418
f 380/242/3606 385/247/3606 387/249/3606
f 383/245/420 382/244/420 388/250/420
f 386/248/3607 385/247/3607 390/252/3607
f 338/200/422 337/199/422 387/249/422
f 389/251/423 388/250/423 342/304/423
f 397/259/424 399/261/424 391/253/424
f 394/305/425 396/309/425 400/262/425
f 396/258/426 395/257/426 392/306/426
f 400/262/427 399/261/427 398/260/427
f 403/213/428 405/266/428 398/260/428
f 408/214/429 402/264/429 401/263/429
f 405/266/430 404/265/430 407/268/430
f 409/269/431 411/271/431 404/265/431
f 408/214/432 407/268/432 412/272/432
f 411/271/433 410/270/433 413/273/433
f 409/269/434 415/225/434 417/276/434
f 414/274/435 413/273/435 418/277/435
f 417/276/436 416/275/436 419/278/436
f 415/225/437 421/279/437 423/281/437
f 426/284/438 420/226/438 419/278/438
f 423/281/439 422/280/439 425/283/439
f 427/285/440 429/287/440 422/280/440
f 426/284/441 425/283/441 430/288/441
f 429/287/442 428/286/442 431/289/442
f 427/285/443 433/291/443 435/293/443
f 432/290/444 431/289/444 436/294/444
f 436/294/445 435/293/445 434/292/445
f 439/296/446 441/298/446 434/292/446
f 444/301/3608 438/244/3608 437/295/3608
f 441/298/3609 440/297/3609 443/300/3609
f 439/296/449 393/308/449 392/306/449
f 444/301/3610 443/300/3610 395/257/3610
f 337/254/3611 345/207/3611 397/259/3611
f 339/302/452 340/202/452 348/210/452
f 386/248/453 389/251/453 341/303/453
f 387/249/451 337/199/451 393/308/451
f 346/208/451 342/204/451 394/305/451
f 342/304/3612 388/250/3612 444/301/3612
f 347/209/455 354/216/455 349/211/455
f 345/207/451 351/213/451 403/213/451
f 352/214/451 346/208/451 402/264/451
f 350/212/457 353/215/457 360/222/457
f 351/213/451 357/219/451 409/269/451
f 358/220/3613 352/214/3613 408/214/3613
f 356/218/458 359/221/458 366/228/458
f 357/219/451 363/225/451 415/225/451
f 358/220/451 414/274/451 420/226/451
f 365/227/460 372/234/460 367/229/460
f 363/225/451 369/231/451 421/279/451
f 370/232/3614 364/226/3614 420/226/3614
f 371/233/461 378/240/461 373/235/461
f 369/231/451 375/237/451 427/285/451
f 376/238/3615 370/232/3615 426/284/3615
f 377/239/462 384/246/462 379/241/462
f 375/237/3616 381/243/3616 433/291/3616
f 382/244/451 376/238/451 432/290/451
f 383/245/463 390/252/463 385/247/463
f 381/243/566 387/249/566 439/296/566
f 388/250/796 382/244/796 438/244/796
f 399/261/464 400/262/464 396/309/464
f 392/306/465 395/257/465 443/300/465
f 405/266/466 406/267/466 401/263/466
f 411/271/467 412/272/467 407/268/467
f 417/276/468 418/277/468 413/273/468
f 423/281/469 424/282/469 419/278/469
f 429/287/470 430/288/470 425/283/470
f 428/286/471 435/293/471 436/294/471
f 434/292/472 441/298/472 442/299/472
f 447/401/509 451/315/509 453/259/509
f 448/312/510 450/314/510 454/317/510
f 449/402/511 448/2931/511 447/311/511
f 455/318/512 452/316/512 451/315/512
f 452/316/513 457/320/513 459/322/513
f 462/325/514 455/318/514 454/317/514
f 461/324/515 458/321/515 457/320/515
f 458/321/516 463/326/516 465/219/516
f 468/329/517 461/324/517 460/323/517
f 467/328/518 464/327/518 463/326/518
f 464/327/3617 469/330/3617 471/332/3617
f 467/328/520 466/274/520 472/226/520
f 473/333/521 470/331/521 469/330/521
f 470/331/522 475/335/522 477/337/522
f 480/340/523 473/333/523 472/226/523
f 479/339/3618 476/336/3618 475/335/3618
f 481/341/525 483/343/525 477/337/525
f 486/345/526 479/339/526 478/338/526
f 482/342/527 481/341/527 486/345/527
f 487/346/528 489/348/528 483/343/528
f 485/344/529 484/238/529 490/349/529
f 491/350/530 488/347/530 487/346/530
f 488/347/531 493/352/531 495/354/531
f 491/350/532 490/349/532 496/301/532
f 497/355/533 494/353/533 493/352/533
f 446/310/534 445/199/534 495/354/534
f 449/402/535 497/355/535 496/301/535
f 501/254/3619 505/361/3619 507/363/3619
f 502/305/537 504/406/537 508/364/537
f 504/360/538 503/359/538 500/404/538
f 507/363/539 506/362/539 509/365/539
f 511/366/540 513/368/540 506/362/540
f 510/208/3620 509/365/3620 514/369/3620
f 513/368/542 512/367/542 515/370/542
f 511/366/3621 517/269/3621 519/373/3621
f 516/371/3622 515/370/3622 520/374/3622
f 520/374/545 519/373/545 518/372/545
f 523/377/546 525/379/546 518/372/546
f 522/376/3623 521/375/3623 526/380/3623
f 525/379/548 524/378/548 527/381/548
f 529/337/549 531/383/549 524/378/549
f 534/232/550 528/226/550 527/381/550
f 531/383/551 530/382/551 533/385/551
f 535/386/552 537/388/552 530/382/552
f 540/290/553 534/232/553 533/385/553
f 537/388/554 536/387/554 539/390/554
f 541/348/555 543/392/555 536/387/555
f 540/290/556 539/390/556 544/393/556
f 544/393/557 543/392/557 542/391/557
f 547/296/558 549/397/558 542/391/558
f 546/395/559 545/394/559 550/398/559
f 550/398/560 549/397/560 548/396/560
f 547/296/561 501/308/561 500/404/561
f 502/358/562 552/400/562 551/399/562
f 445/254/451 453/259/451 505/361/451
f 448/312/563 456/319/563 451/315/563
f 497/355/564 449/402/564 446/310/564
f 495/354/451 445/199/451 501/308/451
f 454/317/451 450/314/451 502/305/451
f 450/403/451 496/301/451 552/400/451
f 455/318/3624 462/325/3624 457/320/3624
f 453/259/3625 459/322/3625 511/366/3625
f 454/317/454 510/208/454 516/371/454
f 458/321/567 461/324/567 468/329/567
f 459/322/3626 465/219/3626 517/269/3626
f 460/323/451 516/371/451 522/376/451
f 464/327/570 467/328/570 474/334/570
f 465/219/3627 471/332/3627 523/377/3627
f 472/226/3628 466/274/3628 522/376/3628
f 473/333/572 480/340/572 475/335/572
f 471/332/451 477/337/451 529/337/451
f 478/338/3629 472/226/3629 528/226/3629
f 479/339/573 486/345/573 481/341/573
f 477/337/3630 483/343/3630 535/386/3630
f 484/238/451 478/338/451 534/232/451
f 485/344/574 492/351/574 487/346/574
f 483/343/454 489/348/454 541/348/454
f 490/349/3631 484/238/3631 540/290/3631
f 491/350/576 498/356/576 493/352/576
f 489/348/451 495/354/451 547/296/451
f 496/301/451 490/349/451 546/395/451
f 507/363/578 508/364/578 504/406/578
f 500/404/579 503/359/579 551/399/579
f 513/368/580 514/369/580 509/365/580
f 512/367/581 519/373/581 520/374/581
f 525/379/582 526/380/582 521/375/582
f 531/383/583 532/384/583 527/381/583
f 537/388/584 538/389/584 533/385/584
f 543/392/585 544/393/585 539/390/585
f 542/391/586 549/397/586 550/398/586
f 559/412/623 561/361/623 553/254/623
f 556/409/624 558/411/624 562/414/624
f 557/491/625 556/2932/625 555/408/625
f 560/413/3632 559/412/3632 564/416/3632
f 565/417/627 567/213/627 561/361/627
f 570/420/628 563/415/628 562/414/628
f 569/419/629 566/418/629 565/417/629
f 571/421/3633 573/269/3633 567/213/3633
f 569/419/631 568/371/631 574/423/631
f 572/422/632 571/421/632 576/425/632
f 572/422/633 577/426/633 579/332/633
f 575/424/634 574/423/634 580/226/634
f 581/428/635 578/427/635 577/426/635
f 583/430/636 585/279/636 579/332/636
f 581/428/637 580/226/637 586/284/637
f 584/431/638 583/430/638 588/433/638
f 584/431/639 589/434/639 591/343/639
f 587/432/640 586/284/640 592/436/640
f 593/437/641 590/435/641 589/434/641
f 595/439/642 597/441/642 591/343/642
f 593/437/643 592/436/643 598/244/643
f 599/442/644 596/440/644 595/439/644
f 601/444/645 603/296/645 597/441/645
f 599/442/646 598/244/646 604/446/646
f 602/445/647 601/444/647 606/448/647
f 602/445/648 554/407/648 553/199/648
f 605/447/649 604/446/649 558/304/649
f 609/254/650 613/361/650 615/454/650
f 610/305/651 612/492/651 616/455/651
f 612/492/652 611/2933/652 608/450/652
f 615/454/653 614/453/653 617/456/653
f 619/366/654 621/458/654 614/453/654
f 618/208/655 617/456/655 622/459/655
f 621/458/656 620/457/656 623/460/656
f 619/366/657 625/269/657 627/462/657
f 630/376/3634 624/214/3634 623/460/3634
f 628/463/659 627/462/659 626/461/659
f 625/269/660 631/377/660 633/466/660
f 636/469/661 630/376/661 629/464/661
f 633/466/662 632/465/662 635/468/662
f 637/470/663 639/472/663 632/465/663
f 636/469/664 635/468/664 640/473/664
f 640/473/665 639/472/665 638/471/665
f 643/386/666 645/477/666 638/471/666
f 642/475/667 641/474/667 646/478/667
f 646/478/668 645/477/668 644/476/668
f 649/348/669 651/482/669 644/476/669
f 654/244/670 648/480/670 647/479/670
f 652/483/671 651/482/671 650/481/671
f 649/348/672 655/296/672 657/486/672
f 660/489/673 654/244/673 653/484/673
f 658/487/674 657/486/674 656/485/674
f 655/296/675 609/494/675 608/493/675
f 660/489/676 659/488/676 611/451/676
f 553/254/3635 561/361/3635 613/361/3635
f 555/490/677 556/409/677 564/416/677
f 602/445/678 605/447/678 557/491/678
f 603/296/451 553/199/451 609/494/451
f 562/414/451 558/411/451 610/305/451
f 558/304/451 604/446/451 660/489/451
f 563/415/3636 570/420/3636 565/417/3636
f 561/361/451 567/213/451 619/366/451
f 568/371/3637 562/414/3637 618/208/3637
f 569/419/680 576/425/680 571/421/680
f 567/213/451 573/269/451 625/269/451
f 574/423/3638 568/371/3638 624/214/3638
f 572/422/681 575/424/681 582/429/681
f 573/269/3639 579/332/3639 631/377/3639
f 580/226/451 574/423/451 630/376/451
f 578/427/682 581/428/682 588/433/682
f 585/279/454 637/470/454 631/377/454
f 586/284/3640 580/226/3640 636/469/3640
f 584/431/684 587/432/684 594/438/684
f 585/279/3641 591/343/3641 643/386/3641
f 592/436/451 586/284/451 642/475/451
f 593/437/685 600/443/685 595/439/685
f 591/343/451 597/441/451 649/348/451
f 598/244/451 592/436/451 648/480/451
f 599/442/686 606/448/686 601/444/686
f 597/441/451 603/296/451 655/296/451
f 604/446/451 598/244/451 654/244/451
f 615/454/687 616/455/687 612/492/687
f 608/493/688 611/451/688 659/488/688
f 621/458/689 622/459/689 617/456/689
f 627/462/690 628/463/690 623/460/690
f 633/466/691 634/467/691 629/464/691
f 632/465/692 639/472/692 640/473/692
f 645/477/693 646/478/693 641/474/693
f 651/482/694 652/483/694 647/479/694
f 657/486/695 658/487/695 653/484/695
f 663/573/3642 667/500/3642 669/207/3642
f 672/503/733 664/497/733 666/499/733
f 665/574/3643 664/537/3643 663/496/3643
f 671/502/3644 668/501/3644 667/500/3644
f 668/501/736 673/504/736 675/366/736
f 671/502/737 670/208/737 676/214/737
f 677/506/738 674/505/738 673/504/738
f 674/505/739 679/508/739 681/269/739
f 677/506/740 676/214/740 682/274/740
f 680/509/741 679/508/741 684/511/741
f 680/509/742 685/512/742 687/225/742
f 690/515/743 683/510/743 682/274/743
f 689/514/744 686/513/744 685/512/744
f 691/516/745 693/337/745 687/225/745
f 696/519/746 689/514/746 688/226/746
f 692/517/747 691/516/747 696/519/747
f 692/517/748 697/520/748 699/522/748
f 702/524/749 695/518/749 694/284/749
f 701/523/750 698/521/750 697/520/750
f 703/525/751 705/527/751 699/522/751
f 708/529/752 701/523/752 700/238/752
f 704/526/753 703/525/753 708/529/753
f 704/526/754 709/530/754 711/296/754
f 707/528/755 706/244/755 712/489/755
f 710/531/756 709/530/756 714/533/756
f 662/495/3645 661/308/3645 711/296/3645
f 665/574/758 713/532/758 712/489/758
f 721/361/759 723/539/759 715/534/759
f 726/264/760 718/578/760 720/575/760
f 715/534/761 720/575/761 719/498/761
f 723/539/3646 722/538/3646 725/541/3646
f 727/366/763 729/543/763 722/538/763
f 726/264/764 725/541/764 730/544/764
f 730/544/765 729/543/765 728/542/765
f 733/546/766 735/548/766 728/542/766
f 738/376/767 732/323/767 731/545/767
f 735/548/768 734/547/768 737/550/768
f 733/546/3647 739/225/3647 741/552/3647
f 738/376/770 737/550/770 742/553/770
f 742/553/771 741/552/771 740/551/771
f 745/279/772 747/556/772 740/551/772
f 750/338/773 744/226/773 743/554/773
f 747/556/774 746/555/774 749/558/774
f 751/343/3648 753/560/3648 746/555/3648
f 750/338/776 749/558/776 754/561/776
f 753/560/777 752/559/777 755/562/777
f 751/343/778 757/527/778 759/564/778
f 762/567/779 756/290/779 755/562/779
f 759/564/780 758/563/780 761/566/780
f 763/568/781 765/570/781 758/563/781
f 762/567/782 761/566/782 766/571/782
f 765/570/783 764/569/783 767/572/783
f 763/568/3649 717/577/3649 716/576/3649
f 768/489/3650 767/572/3650 719/536/3650
f 661/254/3651 669/207/3651 721/361/3651
f 664/497/786 672/503/786 667/500/786
f 710/531/787 713/532/787 665/574/787
f 711/296/451 661/308/451 717/577/451
f 670/208/451 666/499/451 718/578/451
f 666/304/3652 712/489/3652 768/489/3652
f 671/502/788 678/507/788 673/504/788
f 669/207/451 675/366/451 727/366/451
f 676/214/451 670/208/451 726/264/451
f 674/505/789 677/506/789 684/511/789
f 675/366/3653 681/269/3653 733/546/3653
f 682/274/451 676/214/451 732/323/451
f 683/510/790 690/515/790 685/512/790
f 681/269/451 687/225/451 739/225/451
f 688/226/451 682/274/451 738/376/451
f 689/514/792 696/519/792 691/516/792
f 687/225/451 693/337/451 745/279/451
f 694/284/451 688/226/451 744/226/451
f 695/518/793 702/524/793 697/520/793
f 693/337/451 699/522/451 751/343/451
f 700/238/451 694/284/451 750/338/451
f 701/523/794 708/529/794 703/525/794
f 699/522/451 705/527/451 757/527/451
f 706/244/451 700/238/451 756/290/451
f 707/528/795 714/533/795 709/530/795
f 705/527/3654 711/296/3654 763/568/3654
f 712/489/451 706/244/451 762/567/451
f 723/539/797 724/540/797 720/575/797
f 764/569/798 716/576/798 719/536/798
f 729/543/799 730/544/799 725/541/799
f 735/548/800 736/549/800 731/545/800
f 741/552/801 742/553/801 737/550/801
f 747/556/802 748/557/802 743/554/802
f 753/560/803 754/561/803 749/558/803
f 759/564/804 760/565/804 755/562/804
f 765/570/805 766/571/805 761/566/805
f 771/663/3655 775/585/3655 777/587/3655
f 780/590/843 772/582/843 774/584/843
f 770/580/844 773/665/844 772/664/844
f 779/589/845 776/586/845 775/585/845
f 776/586/3656 781/591/3656 783/322/3656
f 786/594/847 779/589/847 778/588/847
f 782/592/848 781/591/848 786/594/848
f 782/592/849 787/595/849 789/269/849
f 785/593/3657 784/214/3657 790/220/3657
f 788/596/851 787/595/851 792/598/851
f 793/599/852 795/225/852 789/269/852
f 791/597/853 790/220/853 796/469/853
f 794/600/854 793/599/854 798/602/854
f 799/603/855 801/279/855 795/225/855
f 797/601/3658 796/469/3658 802/284/3658
f 803/605/857 800/604/857 799/603/857
f 805/607/858 807/609/858 801/279/858
f 810/611/859 803/605/859 802/284/859
f 806/608/860 805/607/860 810/611/860
f 811/612/861 813/291/861 807/609/861
f 809/610/862 808/238/862 814/395/862
f 812/613/3659 811/612/3659 816/615/3659
f 817/616/864 819/618/864 813/291/864
f 815/614/865 814/395/865 820/301/865
f 818/617/866 817/616/866 822/620/866
f 818/617/867 770/580/867 769/579/867
f 821/619/3660 820/301/3660 774/256/3660
f 829/624/869 831/626/869 823/621/869
f 834/629/3661 826/305/3661 828/666/3661
f 828/623/871 827/622/871 824/667/871
f 832/627/872 831/626/872 830/625/872
f 829/624/873 835/366/873 837/631/873
f 840/634/3662 834/629/3662 833/628/3662
f 838/632/875 837/631/875 836/630/875
f 841/546/3663 843/636/3663 836/630/3663
f 846/376/3664 840/634/3664 839/633/3664
f 844/637/878 843/636/878 842/635/878
f 847/639/879 849/641/879 842/635/879
f 846/376/880 845/638/880 850/642/880
f 849/641/881 848/640/881 851/643/881
f 853/279/3665 855/646/3665 848/640/3665
f 852/644/883 851/643/883 856/647/883
f 855/646/3666 854/645/3666 857/648/3666
f 859/386/885 861/650/885 854/645/885
f 858/284/886 857/648/886 862/651/886
f 862/651/887 861/650/887 860/649/887
f 859/386/888 865/348/888 867/654/888
f 864/238/889 863/652/889 868/655/889
f 868/655/890 867/654/890 866/653/890
f 865/348/891 871/657/891 873/659/891
f 870/567/892 869/656/892 874/660/892
f 874/660/893 873/659/893 872/658/893
f 871/657/894 825/669/894 824/667/894
f 826/304/895 876/662/895 875/661/895
f 769/254/451 777/587/451 829/624/451
f 771/663/896 772/582/896 780/590/896
f 821/619/897 773/665/897 770/580/897
f 819/618/451 769/579/451 825/669/451
f 778/588/451 774/584/451 826/305/451
f 774/256/3667 820/301/3667 876/662/3667
f 779/589/898 786/594/898 781/591/898
f 777/587/451 783/322/451 835/366/451
f 784/214/451 778/588/451 834/629/451
f 782/592/899 785/593/899 792/598/899
f 783/322/3668 789/269/3668 841/546/3668
f 790/220/451 784/214/451 840/634/451
f 791/597/901 798/602/901 793/599/901
f 789/269/3669 795/225/3669 847/639/3669
f 796/469/3670 790/220/3670 846/376/3670
f 794/600/903 797/601/903 804/606/903
f 795/225/3671 801/279/3671 853/279/3671
f 802/284/3672 796/469/3672 852/644/3672
f 803/605/905 810/611/905 805/607/905
f 801/279/3673 807/609/3673 859/386/3673
f 808/238/566 802/284/566 858/284/566
f 809/610/906 816/615/906 811/612/906
f 807/609/451 813/291/451 865/348/451
f 814/395/451 808/238/451 864/238/451
f 812/613/908 815/614/908 822/620/908
f 813/291/3674 819/618/3674 871/657/3674
f 820/301/451 814/395/451 870/567/451
f 831/626/910 832/627/910 828/666/910
f 824/667/911 827/622/911 875/661/911
f 830/625/912 837/631/912 838/632/912
f 843/636/913 844/637/913 839/633/913
f 849/641/914 850/642/914 845/638/914
f 855/646/915 856/647/915 851/643/915
f 854/645/916 861/650/916 862/651/916
f 860/649/917 867/654/917 868/655/917
f 873/659/918 874/660/918 869/656/918
f 883/675/955 885/361/955 877/254/955
f 880/672/956 882/674/956 886/588/956
f 881/747/957 880/2934/957 879/671/957
f 887/677/3675 884/676/3675 883/675/3675
f 884/676/959 889/679/959 891/366/959
f 887/677/960 886/588/960 892/371/960
f 890/680/961 889/679/961 894/682/961
f 890/680/962 895/683/962 897/269/962
f 893/681/963 892/371/963 898/376/963
f 899/685/964 896/684/964 895/683/964
f 901/687/965 903/377/965 897/269/965
f 906/691/3676 899/685/3676 898/376/3676
f 905/690/967 902/688/967 901/687/967
f 902/688/3677 907/692/3677 909/337/3677
f 905/690/969 904/689/969 910/475/969
f 911/694/970 908/693/970 907/692/970
f 908/693/971 913/696/971 915/698/971
f 918/700/972 911/694/972 910/475/972
f 917/699/973 914/697/973 913/696/973
f 919/701/974 921/348/974 915/698/974
f 917/699/975 916/290/975 922/567/975
f 920/702/976 919/701/976 924/704/976
f 920/702/977 925/705/977 927/618/977
f 930/708/978 923/703/978 922/567/978
f 926/706/979 925/705/979 930/708/979
f 878/670/980 877/199/980 927/618/980
f 929/707/981 928/662/981 882/304/981
f 937/361/3678 939/713/3678 931/709/3678
f 934/305/3679 936/750/3679 940/714/3679
f 936/711/984 935/710/984 932/748/984
f 939/713/985 938/712/985 941/715/985
f 943/366/986 945/717/986 938/712/986
f 942/588/987 941/715/987 946/718/987
f 945/717/988 944/716/988 947/719/988
f 949/269/989 951/721/989 944/716/989
f 948/371/990 947/719/990 952/722/990
f 951/721/991 950/720/991 953/723/991
f 949/269/992 955/225/992 957/725/992
f 954/376/993 953/723/993 958/726/993
f 957/725/994 956/724/994 959/727/994
f 961/728/995 963/730/995 956/724/995
f 966/475/996 960/689/996 959/727/996
f 964/731/997 963/730/997 962/729/997
f 967/343/998 969/734/998 962/729/998
f 966/475/999 965/732/999 970/735/999
f 969/734/1000 968/733/1000 971/736/1000
f 973/348/1001 975/738/1001 968/733/1001
f 972/238/1002 971/736/1002 976/739/1002
f 975/738/1003 974/737/1003 977/740/1003
f 979/296/1004 981/743/1004 974/737/1004
f 978/741/1005 977/740/1005 982/744/1005
f 981/743/1006 980/742/1006 983/745/1006
f 933/308/1007 932/748/1007 980/742/1007
f 984/250/1008 983/745/1008 935/710/1008
f 877/254/3680 885/361/3680 937/361/3680
f 879/746/1010 880/672/1010 888/678/1010
f 929/707/1011 881/747/1011 878/670/1011
f 927/618/3681 877/199/3681 933/308/3681
f 886/588/3682 882/674/3682 934/305/3682
f 882/304/3683 928/662/3683 984/250/3683
f 887/677/1013 894/682/1013 889/679/1013
f 885/361/451 891/366/451 943/366/451
f 892/371/451 886/588/451 942/588/451
f 893/681/1015 900/686/1015 895/683/1015
f 891/366/451 897/269/451 949/269/451
f 898/376/451 892/371/451 948/371/451
f 896/684/1016 899/685/1016 906/691/1016
f 897/269/3684 903/377/3684 955/225/3684
f 904/689/451 898/376/451 954/376/451
f 902/688/1017 905/690/1017 912/695/1017
f 903/377/3685 909/337/3685 961/728/3685
f 910/475/451 904/689/451 960/689/451
f 908/693/1018 911/694/1018 918/700/1018
f 909/337/451 915/698/451 967/343/451
f 916/290/3686 910/475/3686 966/475/3686
f 917/699/1020 924/704/1020 919/701/1020
f 915/698/3687 921/348/3687 973/348/3687
f 922/567/451 916/290/451 972/238/451
f 920/702/1021 923/703/1021 930/708/1021
f 921/348/451 927/618/451 979/296/451
f 928/662/451 922/567/451 978/741/451
f 931/709/1022 939/713/1022 940/714/1022
f 980/742/1023 932/748/1023 935/710/1023
f 938/712/1024 945/717/1024 946/718/1024
f 951/721/1025 952/722/1025 947/719/1025
f 950/720/1026 957/725/1026 958/726/1026
f 956/724/1027 963/730/1027 964/731/1027
f 969/734/1028 970/735/1028 965/732/1028
f 968/733/1029 975/738/1029 976/739/1029
f 981/743/1030 982/744/1030 977/740/1030
f 991/756/1067 993/758/1067 985/254/1067
f 988/753/1068 990/755/1068 994/759/1068
f 986/751/1069 989/829/1069 988/828/1069
f 992/757/1070 991/756/1070 996/761/1070
f 997/762/1071 999/213/1071 993/758/1071
f 995/760/1072 994/759/1072 1000/214/1072
f 1001/764/3688 998/763/3688 997/762/3688
f 998/763/1074 1003/766/1074 1005/269/1074
f 1001/764/1075 1000/214/1075 1006/768/1075
f 1004/767/1076 1003/766/1076 1008/770/1076
f 1004/767/1077 1009/771/1077 1011/639/1077
f 1007/769/1078 1006/768/1078 1012/689/1078
f 1013/773/1079 1010/772/1079 1009/771/1079
f 1010/772/3689 1015/775/3689 1017/279/3689
f 1013/773/1081 1012/689/1081 1018/232/1081
f 1016/776/1082 1015/775/1082 1020/778/1082
f 1021/779/1083 1023/343/1083 1017/279/1083
f 1019/777/3690 1018/232/3690 1024/781/3690
f 1022/780/1085 1021/779/1085 1026/783/1085
f 1027/784/1086 1029/441/1086 1023/343/1086
f 1025/782/1087 1024/781/1087 1030/567/1087
f 1028/785/1088 1027/784/1088 1032/787/1088
f 1033/788/1089 1035/354/1089 1029/441/1089
f 1031/786/1090 1030/567/1090 1036/301/1090
f 1037/790/1091 1034/789/1091 1033/788/1091
f 1034/789/1092 986/751/1092 985/199/1092
f 989/829/1093 1037/790/1093 1036/301/1093
f 1045/361/1094 1047/796/1094 1039/792/1094
f 1042/305/1095 1044/832/1095 1048/797/1095
f 1039/830/1096 1044/794/1096 1043/793/1096
f 1048/797/1097 1047/796/1097 1046/795/1097
f 1045/361/1098 1051/213/1098 1053/800/1098
f 1050/208/1099 1049/798/1099 1054/801/1099
f 1053/800/1100 1052/799/1100 1055/802/1100
f 1051/213/1101 1057/219/1101 1059/804/1101
f 1062/274/1102 1056/371/1102 1055/802/1102
f 1060/805/1103 1059/804/1103 1058/803/1103
f 1063/377/1104 1065/808/1104 1058/803/1104
f 1062/274/1105 1061/806/1105 1066/809/1105
f 1065/808/1106 1064/807/1106 1067/810/1106
f 1063/377/3691 1069/337/3691 1071/812/3691
f 1074/284/1108 1068/469/1108 1067/810/1108
f 1072/813/1109 1071/812/1109 1070/811/1109
f 1075/386/3692 1077/816/3692 1070/811/3692
f 1080/238/1111 1074/284/1111 1073/814/1111
f 1077/816/1112 1076/815/1112 1079/818/1112
f 1081/348/3693 1083/820/3693 1076/815/3693
f 1080/238/3694 1079/818/3694 1084/821/3694
f 1084/821/1115 1083/820/1115 1082/819/1115
f 1087/618/1116 1089/824/1116 1082/819/1116
f 1092/250/1117 1086/244/1117 1085/822/1117
f 1089/824/1118 1088/823/1118 1091/826/1118
f 1041/199/3695 1040/831/3695 1088/823/3695
f 1092/250/1120 1091/826/1120 1043/793/1120
f 985/254/451 993/758/451 1045/361/451
f 988/753/1121 996/761/1121 991/756/1121
f 1037/790/1122 989/829/1122 986/751/1122
f 1035/354/451 985/199/451 1041/199/451
f 994/759/451 990/755/451 1042/305/451
f 990/304/451 1036/301/451 1092/250/451
f 992/757/1123 995/760/1123 1002/765/1123
f 993/758/451 999/213/451 1051/213/451
f 1000/214/451 994/759/451 1050/208/451
f 998/763/1124 1001/764/1124 1008/770/1124
f 999/213/3696 1005/269/3696 1057/219/3696
f 1006/768/451 1000/214/451 1056/371/451
f 1004/767/1125 1007/769/1125 1014/774/1125
f 1005/269/451 1011/639/451 1063/377/451
f 1012/689/3697 1006/768/3697 1062/274/3697
f 1013/773/1126 1020/778/1126 1015/775/1126
f 1011/639/451 1017/279/451 1069/337/451
f 1018/232/451 1012/689/451 1068/469/451
f 1016/776/1127 1019/777/1127 1026/783/1127
f 1017/279/3698 1023/343/3698 1075/386/3698
f 1018/232/3699 1074/284/3699 1080/238/3699
f 1022/780/1128 1025/782/1128 1032/787/1128
f 1023/343/451 1029/441/451 1081/348/451
f 1030/567/3700 1024/781/3700 1080/238/3700
f 1031/786/1129 1038/791/1129 1033/788/1129
f 1029/441/451 1035/354/451 1087/618/451
f 1036/301/451 1030/567/451 1086/244/451
f 1047/796/1130 1048/797/1130 1044/832/1130
f 1040/831/1131 1043/793/1131 1091/826/1131
f 1053/800/1132 1054/801/1132 1049/798/1132
f 1059/804/1133 1060/805/1133 1055/802/1133
f 1065/808/1134 1066/809/1134 1061/806/1134
f 1071/812/1135 1072/813/1135 1067/810/1135
f 1077/816/1136 1078/817/1136 1073/814/1136
f 1076/815/1137 1083/820/1137 1084/821/1137
f 1089/824/1138 1090/825/1138 1085/822/1138
f 1095/907/3701 1099/838/3701 1101/361/3701
f 1096/835/1176 1098/837/1176 1102/588/1176
f 1097/908/1177 1096/2935/1177 1095/834/1177
f 1100/839/1178 1099/838/1178 1104/841/1178
f 1100/839/1179 1105/842/1179 1107/844/1179
f 1110/847/1180 1103/840/1180 1102/588/1180
f 1106/843/1181 1105/842/1181 1110/847/1181
f 1106/843/1182 1111/848/1182 1113/269/1182
f 1109/846/1183 1108/845/1183 1114/376/1183
f 1112/849/1184 1111/848/1184 1116/851/1184
f 1112/849/1185 1117/852/1185 1119/377/1185
f 1115/850/1186 1114/376/1186 1120/226/1186
f 1121/854/1187 1118/853/1187 1117/852/1187
f 1123/856/3702 1125/279/3702 1119/377/3702
f 1128/859/1189 1121/854/1189 1120/226/1189
f 1124/857/1190 1123/856/1190 1128/859/1190
f 1129/860/1191 1131/609/1191 1125/279/1191
f 1127/858/1192 1126/475/1192 1132/480/1192
f 1133/862/3703 1130/861/3703 1129/860/3703
f 1135/864/1194 1137/291/1194 1131/609/1194
f 1133/862/1195 1132/480/1195 1138/567/1195
f 1136/865/1196 1135/864/1196 1140/867/1196
f 1141/868/1197 1143/354/1197 1137/291/1197
f 1139/866/1198 1138/567/1198 1144/489/1198
f 1145/870/1199 1142/869/1199 1141/868/1199
f 1094/833/1200 1093/669/1200 1143/354/1200
f 1145/870/1201 1144/489/1201 1098/304/1201
f 1153/758/1202 1155/876/1202 1147/872/1202
f 1158/759/1203 1150/305/1203 1152/909/1203
f 1152/874/1204 1151/873/1204 1148/910/1204
f 1156/877/1205 1155/876/1205 1154/875/1205
f 1159/213/1206 1161/880/1206 1154/875/1206
f 1164/214/1207 1158/759/1207 1157/878/1207
f 1161/880/1208 1160/879/1208 1163/882/1208
f 1165/269/1209 1167/884/1209 1160/879/1209
f 1170/274/1210 1164/214/1210 1163/882/1210
f 1168/885/1211 1167/884/1211 1166/883/1211
f 1171/225/1212 1173/888/1212 1166/883/1212
f 1170/274/1213 1169/886/1213 1174/889/1213
f 1173/888/3704 1172/887/3704 1175/890/3704
f 1171/225/1215 1177/470/1215 1179/892/1215
f 1182/475/3705 1176/469/3705 1175/890/3705
f 1180/893/1217 1179/892/1217 1178/891/1217
f 1177/470/1218 1183/609/1218 1185/896/1218
f 1188/290/1219 1182/475/1219 1181/894/1219
f 1186/897/1220 1185/896/1220 1184/895/1220
f 1189/527/1221 1191/900/1221 1184/895/1221
f 1194/395/1222 1188/290/1222 1187/898/1222
f 1192/901/3706 1191/900/3706 1190/899/3706
f 1189/527/1224 1195/618/1224 1197/904/1224
f 1200/301/1225 1194/395/1225 1193/902/1225
f 1198/905/1226 1197/904/1226 1196/903/1226
f 1149/199/1227 1148/910/1227 1196/903/1227
f 1150/256/1228 1200/301/1228 1199/906/1228
f 1093/254/3707 1101/361/3707 1153/758/3707
f 1095/907/1230 1096/835/1230 1104/841/1230
f 1142/869/1231 1145/870/1231 1097/908/1231
f 1143/354/3708 1093/669/3708 1149/199/3708
f 1102/588/451 1098/837/451 1150/305/451
f 1098/304/451 1144/489/451 1200/301/451
f 1100/839/1234 1103/840/1234 1110/847/1234
f 1101/361/451 1107/844/451 1159/213/451
f 1108/845/451 1102/588/451 1158/759/451
f 1106/843/1237 1109/846/1237 1116/851/1237
f 1107/844/3709 1113/269/3709 1165/269/3709
f 1114/376/3710 1108/845/3710 1164/214/3710
f 1112/849/1238 1115/850/1238 1122/855/1238
f 1113/269/451 1119/377/451 1171/225/451
f 1120/226/451 1114/376/451 1170/274/451
f 1118/853/1240 1121/854/1240 1128/859/1240
f 1119/377/451 1125/279/451 1177/470/451
f 1126/475/451 1120/226/451 1176/469/451
f 1127/858/1241 1134/863/1241 1129/860/1241
f 1125/279/451 1131/609/451 1183/609/451
f 1132/480/451 1126/475/451 1182/475/451
f 1133/862/1242 1140/867/1242 1135/864/1242
f 1131/609/796 1137/291/796 1189/527/796
f 1138/567/451 1132/480/451 1188/290/451
f 1136/865/1243 1139/866/1243 1146/871/1243
f 1143/354/3711 1195/618/3711 1189/527/3711
f 1144/489/3712 1138/567/3712 1194/395/3712
f 1155/876/1245 1156/877/1245 1152/909/1245
f 1196/903/1246 1148/910/1246 1151/873/1246
f 1161/880/1247 1162/881/1247 1157/878/1247
f 1160/879/3713 1167/884/3713 1168/885/3713
f 1173/888/1249 1174/889/1249 1169/886/1249
f 1172/887/1250 1179/892/1250 1180/893/1250
f 1178/891/1251 1185/896/1251 1186/897/1251
f 1184/895/1252 1191/900/1252 1192/901/1252
f 1197/904/3714 1198/905/3714 1193/902/3714
f 1207/917/1290 1209/361/1290 1201/254/1290
f 1204/914/1291 1206/916/1291 1210/208/1291
f 1205/989/1292 1204/2936/1292 1203/913/1292
f 1208/918/1293 1207/917/1293 1212/920/1293
f 1208/918/3715 1213/921/3715 1215/322/3715
f 1211/919/1295 1210/208/1295 1216/371/1295
f 1217/923/1296 1214/922/1296 1213/921/1296
f 1219/925/1297 1221/269/1297 1215/322/1297
f 1224/928/1298 1217/923/1298 1216/371/1298
f 1223/927/1299 1220/926/1299 1219/925/1299
f 1220/926/1300 1225/929/1300 1227/225/1300
f 1223/927/1301 1222/376/1301 1228/689/1301
f 1226/930/1302 1225/929/1302 1230/932/1302
f 1231/933/1303 1233/935/1303 1227/225/1303
f 1236/938/1304 1229/931/1304 1228/689/1304
f 1232/934/1305 1231/933/1305 1236/938/1305
f 1232/934/3716 1237/939/3716 1239/386/3716
f 1235/937/3717 1234/936/3717 1240/238/3717
f 1238/940/1308 1237/939/1308 1242/942/1308
f 1243/943/1309 1245/291/1309 1239/386/1309
f 1241/941/1310 1240/238/1310 1246/945/1310
f 1244/944/1311 1243/943/1311 1248/947/1311
f 1244/944/3718 1249/948/3718 1251/296/3718
f 1247/946/1313 1246/945/1313 1252/301/1313
f 1253/950/1314 1250/949/1314 1249/948/1314
f 1250/949/1315 1202/912/1315 1201/199/1315
f 1253/950/3719 1252/301/3719 1206/304/3719
f 1257/254/1317 1261/361/1317 1263/956/1317
f 1258/305/1318 1260/992/1318 1264/957/1318
f 1260/954/1319 1259/953/1319 1256/990/1319
f 1263/956/1320 1262/955/1320 1265/958/1320
f 1261/361/1321 1267/366/1321 1269/960/1321
f 1266/588/3720 1265/958/3720 1270/961/3720
f 1270/961/1323 1269/960/1323 1268/959/1323
f 1273/269/1324 1275/964/1324 1268/959/1324
f 1272/214/1325 1271/962/1325 1276/965/1325
f 1276/965/1326 1275/964/1326 1274/963/1326
f 1279/639/1327 1281/968/1327 1274/963/1327
f 1284/971/1328 1278/220/1328 1277/966/1328
f 1282/969/1329 1281/968/1329 1280/967/1329
f 1285/279/3721 1287/973/3721 1280/967/3721
f 1284/971/1331 1283/970/1331 1288/974/1331
f 1288/974/1332 1287/973/1332 1286/972/1332
f 1291/343/3722 1293/977/3722 1286/972/3722
f 1290/284/3723 1289/975/3723 1294/978/3723
f 1293/977/1335 1292/976/1335 1295/979/1335
f 1291/343/1336 1297/243/1336 1299/981/1336
f 1296/238/1337 1295/979/1337 1300/982/1337
f 1299/981/1338 1298/980/1338 1301/983/1338
f 1303/296/1339 1305/985/1339 1298/980/1339
f 1308/489/1340 1302/244/1340 1301/983/1340
f 1305/985/1341 1304/984/1341 1307/987/1341
f 1303/296/1342 1257/199/1342 1256/990/1342
f 1308/489/3724 1307/987/3724 1259/953/3724
f 1201/254/566 1209/361/566 1261/361/566
f 1204/914/1344 1212/920/1344 1207/917/1344
f 1253/950/1345 1205/989/1345 1202/912/1345
f 1251/296/796 1201/199/796 1257/199/796
f 1210/208/451 1206/916/451 1258/305/451
f 1206/304/796 1252/301/796 1308/489/796
f 1211/919/1346 1218/924/1346 1213/921/1346
f 1215/322/3725 1267/366/3725 1261/361/3725
f 1216/371/451 1210/208/451 1266/588/451
f 1217/923/1348 1224/928/1348 1219/925/1348
f 1215/322/3726 1221/269/3726 1273/269/3726
f 1222/376/3727 1216/371/3727 1272/214/3727
f 1223/927/1350 1230/932/1350 1225/929/1350
f 1221/269/3728 1227/225/3728 1279/639/3728
f 1228/689/3729 1222/376/3729 1278/220/3729
f 1226/930/1351 1229/931/1351 1236/938/1351
f 1227/225/3730 1233/935/3730 1285/279/3730
f 1234/936/3731 1228/689/3731 1284/971/3731
f 1235/937/1352 1242/942/1352 1237/939/1352
f 1233/935/451 1239/386/451 1291/343/451
f 1240/238/451 1234/936/451 1290/284/451
f 1241/941/1353 1248/947/1353 1243/943/1353
f 1239/386/3732 1245/291/3732 1297/243/3732
f 1246/945/451 1240/238/451 1296/238/451
f 1247/946/1354 1254/951/1354 1249/948/1354
f 1245/291/451 1251/296/451 1303/296/451
f 1252/301/3733 1246/945/3733 1302/244/3733
f 1255/952/1357 1263/956/1357 1264/957/1357
f 1256/990/1358 1259/953/1358 1307/987/1358
f 1262/955/3734 1269/960/3734 1270/961/3734
f 1275/964/1360 1276/965/1360 1271/962/1360
f 1281/968/1361 1282/969/1361 1277/966/1361
f 1287/973/1362 1288/974/1362 1283/970/1362
f 1286/972/1363 1293/977/1363 1294/978/1363
f 1292/976/1364 1299/981/1364 1300/982/1364
f 1305/985/1365 1306/986/1365 1301/983/1365
f 1376/1092/1439 1375/1091/1439 1369/1085/1439
f 1373/1089/1440 1372/1088/1440 1378/1094/1440
f 1370/1139/3744 1374/2940/3744 1373/1140/3744
f 1379/1142/3745 1377/1169/3745 1376/1143/3745
f 1377/1093/1443 1382/1098/1443 1381/1097/1443
f 1379/1095/1444 1378/1094/1444 1384/1100/1444
f 1383/1145/3746 1382/1168/3746 1386/1146/3746
f 1388/1104/1446 1387/1103/1446 1381/1097/1446
f 1385/1101/1447 1384/1100/1447 1390/1106/1447
f 1389/1148/1448 1388/1170/1448 1392/1149/1448
f 1394/1110/1449 1393/1109/1449 1387/1103/1449
f 1398/1114/1450 1391/1107/1450 1390/1106/1450
f 1395/1151/3747 1394/1171/3747 1398/1152/3747
f 1395/1111/1452 1400/1116/1452 1399/1115/1452
f 1404/1120/1453 1397/1113/1453 1396/1112/1453
f 1401/1154/1454 1400/1172/1454 1404/1155/1454
f 1401/1117/1455 1406/1122/1455 1405/1121/1455
f 1403/1119/3748 1402/1118/3748 1408/1124/3748
f 1407/1157/3749 1406/1173/3749 1410/1158/3749
f 1412/1128/1458 1411/1127/1458 1405/1121/1458
f 1409/1125/1459 1408/1124/1459 1414/1130/1459
f 1413/1160/1460 1412/1174/1460 1416/1161/1460
f 1418/1134/1461 1417/1133/1461 1411/1127/1461
f 1415/1131/1462 1414/1130/1462 1420/1136/1462
f 1419/1163/3750 1418/1175/3750 1422/1164/3750
f 1419/1135/1464 1370/1086/1464 1369/1085/1464
f 1421/1137/1465 1420/1136/1465 1372/1088/1465
f 1417/1133/1466 1369/1085/1466 1375/1091/1466
f 1375/1091/1466 1381/1097/1466 1387/1103/1466
f 1387/1103/1466 1393/1109/1466 1399/1115/1466
f 1399/1115/1466 1405/1121/1466 1411/1127/1466
f 1411/1127/1466 1417/1133/1466 1375/1091/1466
f 1375/1091/1466 1387/1103/1466 1399/1115/1466
f 1373/1166/3751 1380/1144/3751 1376/1143/3751
f 1421/1165/3752 1374/2940/3752 1370/1139/3752
f 1384/1100/1469 1378/1094/1469 1372/1088/1469
f 1372/1088/1469 1420/1136/1469 1414/1130/1469
f 1414/1130/1469 1408/1124/1469 1402/1118/1469
f 1402/1118/1469 1396/1112/1469 1390/1106/1469
f 1390/1106/1469 1384/1100/1469 1372/1088/1469
f 1372/1088/1469 1414/1130/1469 1402/1118/1469
f 1379/1142/1470 1386/1146/1470 1382/1168/1470
f 1385/1147/3753 1392/1149/3753 1388/1170/3753
f 1391/1150/1472 1398/1152/1472 1394/1171/1472
f 1397/1153/3754 1404/1155/3754 1400/1172/3754
f 1403/1156/3755 1410/1158/3755 1406/1173/3755
f 1409/1159/3756 1416/1161/3756 1412/1174/3756
f 1415/1162/1476 1422/1164/1476 1418/1175/1476
f 1429/1181/1513 1431/624/1513 1423/254/1513
f 1426/1178/1514 1428/1180/1514 1432/414/1514
f 1427/1251/1515 1426/2941/1515 1425/1177/1515
f 1433/1183/1516 1430/1182/1516 1429/1181/1516
f 1435/1185/1517 1437/213/1517 1431/624/1517
f 1433/1183/1518 1432/414/1518 1438/214/1518
f 1439/1187/1519 1436/1186/1519 1435/1185/1519
f 1441/1189/1520 1443/1191/1520 1437/213/1520
f 1446/1193/1521 1439/1187/1521 1438/214/1521
f 1442/1190/1522 1441/1189/1522 1446/1193/1522
f 1442/1190/1523 1447/1194/1523 1449/639/1523
f 1445/1192/1524 1444/423/1524 1450/971/1524
f 1448/1195/1525 1447/1194/1525 1452/1197/1525
f 1453/1198/3757 1455/337/3757 1449/639/3757
f 1458/1201/1527 1451/1196/1527 1450/971/1527
f 1457/1200/1528 1454/1199/1528 1453/1198/1528
f 1459/1202/1529 1461/609/1529 1455/337/1529
f 1457/1200/1530 1456/338/1530 1462/480/1530
f 1460/1203/1531 1459/1202/1531 1464/1205/1531
f 1465/1206/1532 1467/441/1532 1461/609/1532
f 1470/1209/1533 1463/1204/1533 1462/480/1533
f 1469/1208/1534 1466/1207/1534 1465/1206/1534
f 1466/1207/1535 1471/1210/1535 1473/354/1535
f 1476/1214/1536 1469/1208/1536 1468/567/1536
f 1472/1211/1537 1471/1210/1537 1476/1214/1537
f 1472/1211/1538 1424/1176/1538 1423/669/1538
f 1427/1251/1539 1475/1213/1539 1474/1212/1539
f 1479/254/1540 1483/758/1540 1485/1219/1540
f 1488/208/1541 1480/305/1541 1482/1252/1541
f 1477/1253/1542 1482/1217/1542 1481/1216/1542
f 1485/1219/1543 1484/1218/1543 1487/1221/1543
f 1489/366/1544 1491/1223/1544 1484/1218/1544
f 1488/208/1545 1487/1221/1545 1492/1224/1545
f 1491/1223/1546 1490/1222/1546 1493/1225/1546
f 1495/269/1547 1497/1227/1547 1490/1222/1547
f 1494/371/1548 1493/1225/1548 1498/1228/1548
f 1497/1227/1549 1496/1226/1549 1499/1229/1549
f 1495/269/1550 1501/639/1550 1503/1231/1550
f 1506/689/1551 1500/376/1551 1499/1229/1551
f 1504/1232/1552 1503/1231/1552 1502/1230/1552
f 1507/470/1553 1509/1235/1553 1502/1230/1553
f 1506/689/1554 1505/1233/1554 1510/1236/1554
f 1510/1236/1555 1509/1235/1555 1508/1234/1555
f 1513/386/1556 1515/1239/1556 1508/1234/1556
f 1518/480/1557 1512/475/1557 1511/1237/1557
f 1516/1240/1558 1515/1239/1558 1514/1238/1558
f 1513/386/1559 1519/441/1559 1521/1243/1559
f 1524/395/1560 1518/480/1560 1517/1241/1560
f 1521/1243/3758 1520/1242/3758 1523/1245/3758
f 1525/354/1562 1527/1247/1562 1520/1242/1562
f 1524/395/1563 1523/1245/1563 1528/1248/1563
f 1528/1248/3759 1527/1247/3759 1526/1246/3759
f 1479/577/1565 1478/1254/1565 1526/1246/1565
f 1530/301/1566 1529/1249/1566 1481/1216/1566
f 1423/254/451 1431/624/451 1483/758/451
f 1426/1178/1567 1434/1184/1567 1429/1181/1567
f 1475/1213/1568 1427/1251/1568 1424/1176/1568
f 1473/354/451 1423/669/451 1479/577/451
f 1432/414/451 1428/1180/451 1480/305/451
f 1428/304/451 1474/1212/451 1530/301/451
f 1433/1183/1569 1440/1188/1569 1435/1185/1569
f 1431/624/451 1437/213/451 1489/366/451
f 1438/214/451 1432/414/451 1488/208/451
f 1439/1187/1570 1446/1193/1570 1441/1189/1570
f 1437/213/3760 1443/1191/3760 1495/269/3760
f 1444/423/451 1438/214/451 1494/371/451
f 1442/1190/1571 1445/1192/1571 1452/1197/1571
f 1449/639/454 1501/639/454 1495/269/454
f 1450/971/451 1444/423/451 1500/376/451
f 1448/1195/1573 1451/1196/1573 1458/1201/1573
f 1455/337/3761 1507/470/3761 1501/639/3761
f 1456/338/3762 1450/971/3762 1506/689/3762
f 1454/1199/1575 1457/1200/1575 1464/1205/1575
f 1455/337/451 1461/609/451 1513/386/451
f 1462/480/3763 1456/338/3763 1512/475/3763
f 1463/1204/1576 1470/1209/1576 1465/1206/1576
f 1461/609/451 1467/441/451 1519/441/451
f 1468/567/451 1462/480/451 1518/480/451
f 1466/1207/1577 1469/1208/1577 1476/1214/1577
f 1467/441/451 1473/354/451 1525/354/451
f 1474/1212/451 1468/567/451 1524/395/451
f 1485/1219/1578 1486/1220/1578 1482/1252/1578
f 1478/1254/1579 1481/1216/1579 1529/1249/1579
f 1484/1218/1580 1491/1223/1580 1492/1224/1580
f 1497/1227/1581 1498/1228/1581 1493/1225/1581
f 1496/1226/1582 1503/1231/1582 1504/1232/1582
f 1502/1230/1583 1509/1235/1583 1510/1236/1583
f 1515/1239/1584 1516/1240/1584 1511/1237/1584
f 1514/1238/1585 1521/1243/1585 1522/1244/1585
f 1527/1247/1586 1528/1248/1586 1523/1245/1586
f 1533/1332/3764 1537/1260/3764 1539/587/3764
f 1542/1264/1624 1534/1257/1624 1536/1259/1624
f 1535/1333/1625 1534/2942/1625 1533/1256/1625
f 1541/1263/1626 1538/1261/1626 1537/1260/1626
f 1538/1261/1627 1543/1265/1627 1545/213/1627
f 1548/1268/3765 1541/1263/3765 1540/1262/3765
f 1547/1267/1629 1544/1266/1629 1543/1265/1629
f 1549/1269/1630 1551/269/1630 1545/213/1630
f 1554/1273/3766 1547/1267/3766 1546/214/3766
f 1550/1270/1632 1549/1269/1632 1554/1273/1632
f 1555/1274/1633 1557/377/1633 1551/269/1633
f 1553/1272/1634 1552/1271/1634 1558/689/1634
f 1559/1276/1635 1556/1275/1635 1555/1274/1635
f 1561/1278/1636 1563/231/1636 1557/377/1636
f 1566/1281/1637 1559/1276/1637 1558/689/1637
f 1562/1279/1638 1561/1278/1638 1566/1281/1638
f 1562/1279/1639 1567/1282/1639 1569/609/1639
f 1565/1280/1640 1564/284/1640 1570/238/1640
f 1571/1284/1641 1568/1283/1641 1567/1282/1641
f 1573/1286/1642 1575/291/1642 1569/609/1642
f 1571/1284/1643 1570/238/1643 1576/395/1643
f 1574/1287/1644 1573/1286/1644 1578/1289/1644
f 1574/1287/1645 1579/1290/1645 1581/354/1645
f 1584/1293/1646 1577/1288/1646 1576/395/1646
f 1583/1292/1647 1580/1291/1647 1579/1290/1647
f 1580/1291/1648 1532/1255/1648 1531/199/1648
f 1535/1333/1649 1583/1292/1649 1582/250/1649
f 1587/254/1650 1591/624/1650 1593/1298/1650
f 1596/759/1651 1588/305/1651 1590/1334/1651
f 1585/1335/1652 1590/1296/1652 1589/1295/1652
f 1594/1299/1653 1593/1298/1653 1592/1297/1653
f 1597/213/1654 1599/1302/1654 1592/1297/1654
f 1602/214/1655 1596/759/1655 1595/1300/1655
f 1600/1303/1656 1599/1302/1656 1598/1301/1656
f 1597/213/3767 1603/219/3767 1605/1306/3767
f 1608/220/1658 1602/214/1658 1601/1304/1658
f 1606/1307/1659 1605/1306/1659 1604/1305/1659
f 1603/219/1660 1609/1309/1660 1611/1311/1660
f 1614/226/1661 1608/220/1661 1607/1308/1661
f 1611/1311/1662 1610/1310/1662 1613/1313/1662
f 1615/1314/1663 1617/1316/1663 1610/1310/1663
f 1614/226/1664 1613/1313/1664 1618/1317/1664
f 1618/1317/1665 1617/1316/1665 1616/1315/1665
f 1621/1319/1666 1623/1321/1666 1616/1315/1666
f 1626/238/1667 1620/475/1667 1619/1318/1667
f 1623/1321/1668 1622/1320/1668 1625/1323/1668
f 1627/441/1669 1629/1325/1669 1622/1320/1669
f 1632/244/3768 1626/238/3768 1625/1323/3768
f 1630/1326/1671 1629/1325/1671 1628/1324/1671
f 1633/354/1672 1635/1329/1672 1628/1324/1672
f 1632/244/1673 1631/1327/1673 1636/1330/1673
f 1635/1329/1674 1634/1328/1674 1637/1331/1674
f 1587/308/1675 1586/1336/1675 1634/1328/1675
f 1638/250/1676 1637/1331/1676 1589/1295/1676
f 1531/254/3769 1539/587/3769 1591/624/3769
f 1533/1332/1678 1534/1257/1678 1542/1264/1678
f 1580/1291/1679 1583/1292/1679 1535/1333/1679
f 1581/354/3770 1531/199/3770 1587/308/3770
f 1540/1262/3771 1536/1259/3771 1588/305/3771
f 1536/304/451 1582/250/451 1638/250/451
f 1541/1263/1680 1548/1268/1680 1543/1265/1680
f 1539/587/451 1545/213/451 1597/213/451
f 1546/214/451 1540/1262/451 1596/759/451
f 1547/1267/1682 1554/1273/1682 1549/1269/1682
f 1545/213/451 1551/269/451 1603/219/451
f 1552/1271/3772 1546/214/3772 1602/214/3772
f 1553/1272/1684 1560/1277/1684 1555/1274/1684
f 1551/269/451 1557/377/451 1609/1309/451
f 1558/689/3773 1552/1271/3773 1608/220/3773
f 1556/1275/1685 1559/1276/1685 1566/1281/1685
f 1557/377/451 1563/231/451 1615/1314/451
f 1564/284/451 1558/689/451 1614/226/451
f 1565/1280/1686 1572/1285/1686 1567/1282/1686
f 1563/231/451 1569/609/451 1621/1319/451
f 1570/238/451 1564/284/451 1620/475/451
f 1571/1284/1688 1578/1289/1688 1573/1286/1688
f 1569/609/451 1575/291/451 1627/441/451
f 1576/395/3774 1570/238/3774 1626/238/3774
f 1574/1287/1689 1577/1288/1689 1584/1293/1689
f 1575/291/451 1581/354/451 1633/354/451
f 1582/250/451 1576/395/451 1632/244/451
f 1593/1298/1690 1594/1299/1690 1590/1334/1690
f 1634/1328/1691 1586/1336/1691 1589/1295/1691
f 1599/1302/1692 1600/1303/1692 1595/1300/1692
f 1598/1301/1693 1605/1306/1693 1606/1307/1693
f 1604/1305/1694 1611/1311/1694 1612/1312/1694
f 1617/1316/1695 1618/1317/1695 1613/1313/1695
f 1616/1315/1696 1623/1321/1696 1624/1322/1696
f 1622/1320/1697 1629/1325/1697 1630/1326/1697
f 1628/1324/1698 1635/1329/1698 1636/1330/1698
f 1641/1411/1735 1645/1342/1735 1647/361/1735
f 1650/1345/1736 1642/1339/1736 1644/1341/1736
f 1640/1337/1737 1643/1413/1737 1642/1377/1737
f 1649/1344/1738 1646/1343/1738 1645/1342/1738
f 1646/1343/1739 1651/1346/1739 1653/322/1739
f 1649/1344/1740 1648/588/1740 1654/371/1740
f 1655/1348/1741 1652/1347/1741 1651/1346/1741
f 1652/1347/1742 1657/1350/1742 1659/269/1742
f 1655/1348/1743 1654/371/1743 1660/220/1743
f 1658/1351/1744 1657/1350/1744 1662/1353/1744
f 1663/1354/1745 1665/225/1745 1659/269/1745
f 1661/1352/1746 1660/220/1746 1666/971/1746
f 1667/1356/1747 1664/1355/1747 1663/1354/1747
f 1664/1355/1748 1669/1358/1748 1671/935/1748
f 1674/1361/1749 1667/1356/1749 1666/971/1749
f 1673/1360/1750 1670/1359/1750 1669/1358/1750
f 1675/1362/1751 1677/343/1751 1671/935/1751
f 1673/1360/1752 1672/232/1752 1678/480/1752
f 1676/1363/1753 1675/1362/1753 1680/1365/1753
f 1681/1366/1754 1683/348/1754 1677/343/1754
f 1679/1364/1755 1678/480/1755 1684/244/1755
f 1682/1367/1756 1681/1366/1756 1686/1369/1756
f 1687/1370/3775 1689/568/3775 1683/348/3775
f 1692/1373/1758 1685/1368/1758 1684/244/1758
f 1688/1371/1759 1687/1370/1759 1692/1373/1759
f 1640/1337/1760 1639/669/1760 1689/568/1760
f 1691/1372/1761 1690/662/1761 1644/1412/1761
f 1695/254/1762 1699/259/1762 1701/1379/1762
f 1696/305/1763 1698/1414/1763 1702/1380/1763
f 1693/1374/1764 1698/1414/1764 1697/1340/1764
f 1702/1380/1765 1701/1379/1765 1700/1378/1765
f 1705/1382/1766 1707/1384/1766 1700/1378/1766
f 1710/371/1767 1704/759/1767 1703/1381/1767
f 1707/1384/1768 1706/1383/1768 1709/1386/1768
f 1711/269/1769 1713/1388/1769 1706/1383/1769
f 1716/220/1770 1710/371/1770 1709/1386/1770
f 1714/1389/1771 1713/1388/1771 1712/1387/1771
f 1711/269/1772 1717/377/1772 1719/1392/1772
f 1716/220/1773 1715/1390/1773 1720/1393/1773
f 1720/1393/1774 1719/1392/1774 1718/1391/1774
f 1723/279/1775 1725/1396/1775 1718/1391/1775
f 1728/284/1776 1722/689/1776 1721/1394/1776
f 1726/1397/1777 1725/1396/1777 1724/1395/1777
f 1729/343/1778 1731/1400/1778 1724/1395/1778
f 1734/290/1779 1728/284/1779 1727/1398/1779
f 1732/1401/1780 1731/1400/1780 1730/1399/1780
f 1729/343/1781 1735/291/1781 1737/1404/1781
f 1740/244/1782 1734/290/1782 1733/1402/1782
f 1738/1405/1783 1737/1404/1783 1736/1403/1783
f 1741/618/1784 1743/1408/1784 1736/1403/1784
f 1740/244/1785 1739/1406/1785 1744/1409/1785
f 1743/1408/3776 1742/1407/3776 1745/1410/3776
f 1695/199/1787 1694/1415/1787 1742/1407/1787
f 1696/358/1788 1746/446/1788 1745/1410/1788
f 1639/254/451 1647/361/451 1699/259/451
f 1641/1411/1789 1642/1339/1789 1650/1345/1789
f 1691/1372/1790 1643/1413/1790 1640/1337/1790
f 1689/568/451 1639/669/451 1695/199/451
f 1648/588/451 1644/1341/451 1696/305/451
f 1644/1412/451 1690/662/451 1746/446/451
f 1649/1344/1792 1656/1349/1792 1651/1346/1792
f 1647/361/451 1653/322/451 1705/1382/451
f 1654/371/451 1648/588/451 1704/759/451
f 1655/1348/1793 1662/1353/1793 1657/1350/1793
f 1653/322/451 1659/269/451 1711/269/451
f 1660/220/451 1654/371/451 1710/371/451
f 1661/1352/1794 1668/1357/1794 1663/1354/1794
f 1659/269/451 1665/225/451 1717/377/451
f 1666/971/451 1660/220/451 1716/220/451
f 1664/1355/3777 1667/1356/3777 1674/1361/3777
f 1665/225/3778 1671/935/3778 1723/279/3778
f 1672/232/451 1666/971/451 1722/689/451
f 1670/1359/1796 1673/1360/1796 1680/1365/1796
f 1671/935/3779 1677/343/3779 1729/343/3779
f 1678/480/3780 1672/232/3780 1728/284/3780
f 1679/1364/1797 1686/1369/1797 1681/1366/1797
f 1677/343/451 1683/348/451 1735/291/451
f 1684/244/3781 1678/480/3781 1734/290/3781
f 1682/1367/1798 1685/1368/1798 1692/1373/1798
f 1683/348/3782 1689/568/3782 1741/618/3782
f 1690/662/451 1684/244/451 1740/244/451
f 1693/1374/1799 1701/1379/1799 1702/1380/1799
f 1694/1415/1800 1697/1376/1800 1745/1410/1800
f 1707/1384/1801 1708/1385/1801 1703/1381/1801
f 1706/1383/1802 1713/1388/1802 1714/1389/1802
f 1712/1387/1803 1719/1392/1803 1720/1393/1803
f 1725/1396/3783 1726/1397/3783 1721/1394/3783
f 1724/1395/1805 1731/1400/1805 1732/1401/1805
f 1730/1399/1806 1737/1404/1806 1738/1405/1806
f 1736/1403/1807 1743/1408/1807 1744/1409/1807
f 1753/1421/1844 1755/587/1844 1747/254/1844
f 1758/1424/1845 1750/1418/1845 1752/1420/1845
f 1751/1490/1846 1750/2943/1846 1749/1417/1846
f 1757/1423/1847 1754/1422/1847 1753/1421/1847
f 1759/1425/3784 1761/213/3784 1755/587/3784
f 1757/1423/3785 1756/208/3785 1762/845/3785
f 1760/1426/1850 1759/1425/1850 1764/1428/1850
f 1765/1429/1851 1767/219/1851 1761/213/1851
f 1763/1427/1852 1762/845/1852 1768/423/1852
f 1766/1430/1853 1765/1429/1853 1770/1432/1853
f 1771/1433/1854 1773/225/1854 1767/219/1854
f 1769/1431/1855 1768/423/1855 1774/971/1855
f 1775/1435/1856 1772/1434/1856 1771/1433/1856
f 1777/1437/1857 1779/470/1857 1773/225/1857
f 1775/1435/1858 1774/971/1858 1780/1439/1858
f 1781/1440/1859 1778/1438/1859 1777/1437/1859
f 1783/1442/1860 1785/609/1860 1779/470/1860
f 1788/1445/1861 1781/1440/1861 1780/1439/1861
f 1784/1443/1862 1783/1442/1862 1788/1445/1862
f 1784/1443/1863 1789/1446/1863 1791/348/1863
f 1787/1444/1864 1786/480/1864 1792/244/1864
f 1793/1448/1865 1790/1447/1865 1789/1446/1865
f 1795/1450/1866 1797/354/1866 1791/348/1866
f 1793/1448/1867 1792/244/1867 1798/446/1867
f 1796/1451/1868 1795/1450/1868 1800/1453/1868
f 1748/1416/1869 1747/199/1869 1797/354/1869
f 1799/1452/1870 1798/446/1870 1752/304/1870
f 1807/259/3786 1809/1458/3786 1801/1454/3786
f 1812/208/1872 1804/305/1872 1806/1491/1872
f 1806/1456/1873 1805/1455/1873 1802/1492/1873
f 1809/1458/1874 1808/1457/1874 1811/1460/1874
f 1807/259/1875 1813/213/1875 1815/1462/1875
f 1818/214/3787 1812/208/3787 1811/1460/3787
f 1815/1462/1877 1814/1461/1877 1817/1464/1877
f 1813/213/3788 1819/269/3788 1821/1466/3788
f 1824/274/3789 1818/214/3789 1817/1464/3789
f 1821/1466/1880 1820/1465/1880 1823/1468/1880
f 1819/269/1881 1825/225/1881 1827/1470/1881
f 1824/274/1882 1823/1468/1882 1828/1471/1882
f 1827/1470/1883 1826/1469/1883 1829/1472/1883
f 1825/225/3790 1831/337/3790 1833/1474/3790
f 1836/936/1885 1830/469/1885 1829/1472/1885
f 1834/1475/1886 1833/1474/1886 1832/1473/1886
f 1831/337/1887 1837/237/1887 1839/1478/1887
f 1836/936/1888 1835/1476/1888 1840/1479/1888
f 1839/1478/1889 1838/1477/1889 1841/1480/1889
f 1837/237/1890 1843/291/1890 1845/1482/1890
f 1848/567/3791 1842/480/3791 1841/1480/3791
f 1846/1483/1892 1845/1482/1892 1844/1481/1892
f 1849/296/1893 1851/1486/1893 1844/1481/1893
f 1848/567/1894 1847/1484/1894 1852/1487/1894
f 1851/1486/1895 1850/1485/1895 1853/1488/1895
f 1803/199/1896 1802/1492/1896 1850/1485/1896
f 1854/250/1897 1853/1488/1897 1805/1455/1897
f 1747/254/451 1755/587/451 1807/259/451
f 1749/1489/1898 1750/1418/1898 1758/1424/1898
f 1799/1452/1899 1751/1490/1899 1748/1416/1899
f 1797/354/451 1747/199/451 1803/199/451
f 1756/208/451 1752/1420/451 1804/305/451
f 1752/304/451 1798/446/451 1854/250/451
f 1757/1423/1900 1764/1428/1900 1759/1425/1900
f 1755/587/451 1761/213/451 1813/213/451
f 1762/845/451 1756/208/451 1812/208/451
f 1763/1427/1901 1770/1432/1901 1765/1429/1901
f 1761/213/451 1767/219/451 1819/269/451
f 1768/423/451 1762/845/451 1818/214/451
f 1769/1431/1902 1776/1436/1902 1771/1433/1902
f 1767/219/3792 1773/225/3792 1825/225/3792
f 1774/971/451 1768/423/451 1824/274/451
f 1775/1435/1903 1782/1441/1903 1777/1437/1903
f 1773/225/451 1779/470/451 1831/337/451
f 1780/1439/451 1774/971/451 1830/469/451
f 1778/1438/1905 1781/1440/1905 1788/1445/1905
f 1779/470/451 1785/609/451 1837/237/451
f 1786/480/3793 1780/1439/3793 1836/936/3793
f 1784/1443/1906 1787/1444/1906 1794/1449/1906
f 1785/609/451 1791/348/451 1843/291/451
f 1792/244/451 1786/480/451 1842/480/451
f 1793/1448/1907 1800/1453/1907 1795/1450/1907
f 1791/348/451 1797/354/451 1849/296/451
f 1798/446/451 1792/244/451 1848/567/451
f 1801/1454/1908 1809/1458/1908 1810/1459/1908
f 1802/1492/1909 1805/1455/1909 1853/1488/1909
f 1815/1462/1910 1816/1463/1910 1811/1460/1910
f 1821/1466/1911 1822/1467/1911 1817/1464/1911
f 1827/1470/1912 1828/1471/1912 1823/1468/1912
f 1826/1469/1913 1833/1474/1913 1834/1475/1913
f 1839/1478/1914 1840/1479/1914 1835/1476/1914
f 1845/1482/3794 1846/1483/3794 1841/1480/3794
f 1844/1481/1916 1851/1486/1916 1852/1487/1916
f 1861/1499/1953 1863/758/1953 1855/254/1953
f 1866/1502/1954 1858/1496/1954 1860/1498/1954
f 1856/1494/1955 1859/1571/1955 1858/1570/1955
f 1862/1500/1956 1861/1499/1956 1866/1502/1956
f 1867/1503/1957 1869/213/1957 1863/758/1957
f 1872/1506/1958 1865/1501/1958 1864/208/1958
f 1871/1505/1959 1868/1504/1959 1867/1503/1959
f 1868/1504/1960 1873/1507/1960 1875/1509/1960
f 1878/1511/1961 1871/1505/1961 1870/634/1961
f 1874/1508/1962 1873/1507/1962 1878/1511/1962
f 1874/1508/1963 1879/1512/1963 1881/377/1963
f 1877/1510/1964 1876/376/1964 1882/226/1964
f 1880/1513/1965 1879/1512/1965 1884/1515/1965
f 1885/1516/1966 1887/231/1966 1881/377/1966
f 1883/1514/3795 1882/226/3795 1888/284/3795
f 1889/1518/1968 1886/1517/1968 1885/1516/1968
f 1886/1517/1969 1891/1520/1969 1893/343/1969
f 1896/1523/3796 1889/1518/3796 1888/284/3796
f 1895/1522/1971 1892/1521/1971 1891/1520/1971
f 1897/1524/1972 1899/1526/1972 1893/343/1972
f 1902/1528/1973 1895/1522/1973 1894/290/1973
f 1901/1527/1974 1898/1525/1974 1897/1524/1974
f 1898/1525/3797 1903/1529/3797 1905/296/3797
f 1908/1532/1976 1901/1527/1976 1900/567/1976
f 1907/1531/1977 1904/1530/1977 1903/1529/1977
f 1904/1530/1978 1856/1494/1978 1855/669/1978
f 1859/1571/1979 1907/1531/1979 1906/662/1979
f 1915/1536/1980 1917/1538/1980 1909/1533/1980
f 1912/305/1981 1914/1574/1981 1918/1539/1981
f 1914/1535/1982 1913/1534/1982 1910/1572/1982
f 1917/1538/1983 1916/1537/1983 1919/1540/1983
f 1915/1536/1984 1921/366/1984 1923/1542/1984
f 1920/588/1985 1919/1540/1985 1924/1543/1985
f 1923/1542/1986 1922/1541/1986 1925/1544/1986
f 1927/219/1987 1929/1546/1987 1922/1541/1987
f 1932/376/3798 1926/214/3798 1925/1544/3798
f 1930/1547/1989 1929/1546/1989 1928/1545/1989
f 1927/219/1990 1933/225/1990 1935/1550/1990
f 1938/226/1991 1932/376/1991 1931/1548/1991
f 1935/1550/1992 1934/1549/1992 1937/1552/1992
f 1933/225/1993 1939/279/1993 1941/1554/1993
f 1938/226/1994 1937/1552/1994 1942/1555/1994
f 1941/1554/1995 1940/1553/1995 1943/1556/1995
f 1939/279/1996 1945/343/1996 1947/1558/1996
f 1944/232/1997 1943/1556/1997 1948/1559/1997
f 1948/1559/1998 1947/1558/1998 1946/1557/1998
f 1945/343/1999 1951/348/1999 1953/1562/1999
f 1950/290/2000 1949/1560/2000 1954/1563/2000
f 1954/1563/3799 1953/1562/3799 1952/1561/3799
f 1951/348/2002 1957/618/2002 1959/1566/2002
f 1962/662/3800 1956/244/3800 1955/1564/3800
f 1959/1566/2004 1958/1565/2004 1961/1568/2004
f 1957/618/2005 1911/308/2005 1910/1572/2005
f 1912/304/2006 1962/662/2006 1961/1568/2006
f 1855/254/451 1863/758/451 1915/1536/451
f 1858/1496/2007 1866/1502/2007 1861/1499/2007
f 1907/1531/2008 1859/1571/2008 1856/1494/2008
f 1905/296/451 1855/669/451 1911/308/451
f 1864/208/451 1860/1498/451 1912/305/451
f 1860/256/451 1906/662/451 1962/662/451
f 1865/1501/2009 1872/1506/2009 1867/1503/2009
f 1863/758/451 1869/213/451 1921/366/451
f 1870/634/451 1864/208/451 1920/588/451
f 1868/1504/2010 1871/1505/2010 1878/1511/2010
f 1869/213/451 1875/1509/451 1927/219/451
f 1876/376/451 1870/634/451 1926/214/451
f 1874/1508/2011 1877/1510/2011 1884/1515/2011
f 1875/1509/3801 1881/377/3801 1933/225/3801
f 1882/226/451 1876/376/451 1932/376/451
f 1883/1514/2012 1890/1519/2012 1885/1516/2012
f 1881/377/3802 1887/231/3802 1939/279/3802
f 1888/284/451 1882/226/451 1938/226/451
f 1886/1517/2013 1889/1518/2013 1896/1523/2013
f 1893/343/456 1945/343/456 1939/279/456
f 1894/290/796 1888/284/796 1944/232/796
f 1895/1522/2015 1902/1528/2015 1897/1524/2015
f 1893/343/451 1899/1526/451 1951/348/451
f 1900/567/566 1894/290/566 1950/290/566
f 1901/1527/2016 1908/1532/2016 1903/1529/2016
f 1899/1526/3803 1905/296/3803 1957/618/3803
f 1906/662/451 1900/567/451 1956/244/451
f 1909/1533/2017 1917/1538/2017 1918/1539/2017
f 1910/1572/2018 1913/1534/2018 1961/1568/2018
f 1916/1537/2019 1923/1542/2019 1924/1543/2019
f 1929/1546/2020 1930/1547/2020 1925/1544/2020
f 1935/1550/2021 1936/1551/2021 1931/1548/2021
f 1934/1549/2022 1941/1554/2022 1942/1555/2022
f 1947/1558/2023 1948/1559/2023 1943/1556/2023
f 1953/1562/2024 1954/1563/2024 1949/1560/2024
f 1952/1561/2025 1959/1566/2025 1960/1567/2025
f 1965/1650/2062 1969/1580/2062 1971/758/2062
f 1974/1583/2063 1966/1577/2063 1968/1579/2063
f 1967/1651/2064 1966/2944/2064 1965/1576/2064
f 1970/1581/2065 1969/1580/2065 1974/1583/2065
f 1975/1584/3804 1977/1586/3804 1971/758/3804
f 1980/1588/2067 1973/1582/2067 1972/208/2067
f 1976/1585/3805 1975/1584/3805 1980/1588/3805
f 1976/1585/2069 1981/1589/2069 1983/269/2069
f 1979/1587/2070 1978/371/2070 1984/274/2070
f 1985/1591/2071 1982/1590/2071 1981/1589/2071
f 1987/1593/2072 1989/225/2072 1983/269/2072
f 1992/1596/2073 1985/1591/2073 1984/274/2073
f 1991/1595/2074 1988/1594/2074 1987/1593/2074
f 1988/1594/2075 1993/1597/2075 1995/337/2075
f 1991/1595/2076 1990/226/2076 1996/284/2076
f 1994/1598/3806 1993/1597/3806 1998/1600/3806
f 1999/1601/2078 2001/343/2078 1995/337/2078
f 1997/1599/2079 1996/284/2079 2002/238/2079
f 2000/1602/2080 1999/1601/2080 2004/1604/2080
f 2005/1605/2081 2007/441/2081 2001/343/2081
f 2003/1603/2082 2002/238/2082 2008/741/2082
f 2009/1607/2083 2006/1606/2083 2005/1605/2083
f 2011/1609/2084 2013/296/2084 2007/441/2084
f 2016/1612/2085 2009/1607/2085 2008/741/2085
f 2012/1610/2086 2011/1609/2086 2016/1612/2086
f 1964/1575/2087 1963/199/2087 2013/296/2087
f 1967/1651/2088 2015/1611/2088 2014/301/2088
f 2023/758/2089 2025/1617/2089 2017/1613/2089
f 2020/305/2090 2022/1654/2090 2026/1618/2090
f 2022/1615/2091 2021/1614/2091 2018/1652/2091
f 2025/1617/2092 2024/1616/2092 2027/1619/2092
f 2029/366/2093 2031/1621/2093 2024/1616/2093
f 2028/1262/2094 2027/1619/2094 2032/1622/2094
f 2031/1621/2095 2030/1620/2095 2033/1623/2095
f 2035/546/2096 2037/1626/2096 2030/1620/2096
f 2034/1624/2097 2033/1623/2097 2038/1627/2097
f 2037/1626/2098 2036/1625/2098 2039/1628/2098
f 2035/546/2099 2041/332/2099 2043/1630/2099
f 2040/376/3807 2039/1628/3807 2044/1631/3807
f 2043/1630/2101 2042/1629/2101 2045/1632/2101
f 2047/337/2102 2049/1634/2102 2042/1629/2102
f 2052/284/2103 2046/469/2103 2045/1632/2103
f 2050/1635/2104 2049/1634/2104 2048/1633/2104
f 2047/337/2105 2053/343/2105 2055/1638/2105
f 2052/284/2106 2051/1636/2106 2056/1639/2106
f 2056/1639/3808 2055/1638/3808 2054/1637/3808
f 2053/343/2108 2059/243/2108 2061/1643/2108
f 2064/395/2109 2058/1641/2109 2057/1640/2109
f 2062/1644/2110 2061/1643/2110 2060/1642/2110
f 2059/243/2111 2065/657/2111 2067/1647/2111
f 2064/395/2112 2063/1645/2112 2068/1648/2112
f 2068/1648/2113 2067/1647/2113 2066/1646/2113
f 2019/669/2114 2018/1652/2114 2066/1646/2114
f 2020/304/2115 2070/446/2115 2069/1649/2115
f 1963/254/451 1971/758/451 2023/758/451
f 1965/1650/2116 1966/1577/2116 1974/1583/2116
f 2015/1611/2117 1967/1651/2117 1964/1575/2117
f 2013/296/451 1963/199/451 2019/669/451
f 1972/208/451 1968/1579/451 2020/305/451
f 1968/304/3809 2014/301/3809 2070/446/3809
f 1970/1581/2118 1973/1582/2118 1980/1588/2118
f 1971/758/3810 1977/1586/3810 2029/366/3810
f 1978/371/3811 1972/208/3811 2028/1262/3811
f 1979/1587/2119 1986/1592/2119 1981/1589/2119
f 1977/1586/451 1983/269/451 2035/546/451
f 1984/274/3812 1978/371/3812 2034/1624/3812
f 1985/1591/2120 1992/1596/2120 1987/1593/2120
f 1983/269/451 1989/225/451 2041/332/451
f 1990/226/451 1984/274/451 2040/376/451
f 1991/1595/2121 1998/1600/2121 1993/1597/2121
f 1989/225/451 1995/337/451 2047/337/451
f 1996/284/451 1990/226/451 2046/469/451
f 1997/1599/2122 2004/1604/2122 1999/1601/2122
f 1995/337/451 2001/343/451 2053/343/451
f 2002/238/451 1996/284/451 2052/284/451
f 2003/1603/2123 2010/1608/2123 2005/1605/2123
f 2001/343/451 2007/441/451 2059/243/451
f 2008/741/451 2002/238/451 2058/1641/451
f 2009/1607/2124 2016/1612/2124 2011/1609/2124
f 2007/441/3813 2013/296/3813 2065/657/3813
f 2014/301/451 2008/741/451 2064/395/451
f 2017/1613/2125 2025/1617/2125 2026/1618/2125
f 2066/1646/2126 2018/1652/2126 2021/1614/2126
f 2024/1616/2127 2031/1621/2127 2032/1622/2127
f 2037/1626/2128 2038/1627/2128 2033/1623/2128
f 2043/1630/2129 2044/1631/2129 2039/1628/2129
f 2049/1634/2130 2050/1635/2130 2045/1632/2130
f 2055/1638/2131 2056/1639/2131 2051/1636/2131
f 2061/1643/2132 2062/1644/2132 2057/1640/2132
f 2060/1642/2133 2067/1647/2133 2068/1648/2133
f 2073/1727/2170 2077/1660/2170 2079/758/2170
f 2082/1663/2171 2074/1657/2171 2076/1659/2171
f 2072/1655/2172 2075/1728/2172 2074/1694/2172
f 2078/1661/2173 2077/1660/2173 2082/1663/2173
f 2083/1664/2174 2085/213/2174 2079/758/2174
f 2088/1667/2175 2081/1662/2175 2080/208/2175
f 2084/1665/3814 2083/1664/3814 2088/1667/3814
f 2089/1668/2177 2091/269/2177 2085/213/2177
f 2087/1666/2178 2086/214/2178 2092/376/2178
f 2090/1669/2179 2089/1668/2179 2094/1671/2179
f 2090/1669/2180 2095/1672/2180 2097/377/2180
f 2100/1675/2181 2093/1670/2181 2092/376/2181
f 2096/1673/2182 2095/1672/2182 2100/1675/2182
f 2101/1676/2183 2103/337/2183 2097/377/2183
f 2106/1679/3815 2099/1674/3815 2098/226/3815
f 2105/1678/2185 2102/1677/2185 2101/1676/2185
f 2107/1680/2186 2109/343/2186 2103/337/2186
f 2105/1678/3816 2104/284/3816 2110/1641/3816
f 2111/1682/2188 2108/1681/2188 2107/1680/2188
f 2108/1681/2189 2113/1684/2189 2115/348/2189
f 2111/1682/3817 2110/1641/3817 2116/395/3817
f 2117/1686/2191 2114/1685/2191 2113/1684/2191
f 2114/1685/2192 2119/1688/2192 2121/296/2192
f 2124/1691/2193 2117/1686/2193 2116/395/2193
f 2123/1690/2194 2120/1689/2194 2119/1688/2194
f 2072/1655/2195 2071/669/2195 2121/296/2195
f 2123/1690/2196 2122/301/2196 2076/256/2196
f 2127/254/2197 2131/259/2197 2133/1696/2197
f 2136/414/2198 2128/305/2198 2130/1729/2198
f 2130/1694/2199 2129/1693/2199 2126/1730/2199
f 2133/1696/2200 2132/1695/2200 2135/1698/2200
f 2131/259/2201 2137/213/2201 2139/1700/2201
f 2142/214/3818 2136/414/3818 2135/1698/3818
f 2140/1701/3819 2139/1700/3819 2138/1699/3819
f 2143/219/3820 2145/1704/3820 2138/1699/3820
f 2142/214/2205 2141/1702/2205 2146/1705/2205
f 2145/1704/2206 2144/1703/2206 2147/1706/2206
f 2149/225/2207 2151/1708/2207 2144/1703/2207
f 2148/423/2208 2147/1706/2208 2152/1709/2208
f 2151/1708/2209 2150/1707/2209 2153/1710/2209
f 2155/337/2210 2157/1712/2210 2150/1707/2210
f 2154/226/2211 2153/1710/2211 2158/1713/2211
f 2157/1712/2212 2156/1711/2212 2159/1714/2212
f 2161/237/3821 2163/1716/3821 2156/1711/3821
f 2166/290/2214 2160/284/2214 2159/1714/2214
f 2164/1717/2215 2163/1716/2215 2162/1715/2215
f 2167/348/2216 2169/1720/2216 2162/1715/2216
f 2172/244/3822 2166/290/3822 2165/1718/3822
f 2169/1720/2218 2168/1719/2218 2171/1722/2218
f 2173/296/2219 2175/1724/2219 2168/1719/2219
f 2172/244/3823 2171/1722/3823 2176/1725/3823
f 2175/1724/2221 2174/1723/2221 2177/1726/2221
f 2173/296/3824 2127/199/3824 2126/1730/3824
f 2178/489/2223 2177/1726/2223 2129/1693/2223
f 2071/255/451 2079/758/451 2131/259/451
f 2073/1727/2224 2074/1657/2224 2082/1663/2224
f 2123/1690/2225 2075/1728/2225 2072/1655/2225
f 2121/296/451 2071/669/451 2127/199/451
f 2080/208/451 2076/1659/451 2128/305/451
f 2076/256/451 2122/301/451 2178/489/451
f 2078/1661/2226 2081/1662/2226 2088/1667/2226
f 2079/758/451 2085/213/451 2137/213/451
f 2086/214/451 2080/208/451 2136/414/451
f 2087/1666/2227 2094/1671/2227 2089/1668/2227
f 2085/213/451 2091/269/451 2143/219/451
f 2092/376/451 2086/214/451 2142/214/451
f 2090/1669/2228 2093/1670/2228 2100/1675/2228
f 2091/269/3825 2097/377/3825 2149/225/3825
f 2098/226/451 2092/376/451 2148/423/451
f 2096/1673/2229 2099/1674/2229 2106/1679/2229
f 2097/377/3826 2103/337/3826 2155/337/3826
f 2104/284/451 2098/226/451 2154/226/451
f 2105/1678/2232 2112/1683/2232 2107/1680/2232
f 2103/337/3827 2109/343/3827 2161/237/3827
f 2110/1641/3828 2104/284/3828 2160/284/3828
f 2111/1682/2235 2118/1687/2235 2113/1684/2235
f 2109/343/451 2115/348/451 2167/348/451
f 2116/395/3829 2110/1641/3829 2166/290/3829
f 2114/1685/3830 2117/1686/3830 2124/1691/3830
f 2115/348/451 2121/296/451 2173/296/451
f 2122/301/451 2116/395/451 2172/244/451
f 2133/1696/2237 2134/1697/2237 2130/1729/2237
f 2174/1723/2238 2126/1730/2238 2129/1693/2238
f 2139/1700/2239 2140/1701/2239 2135/1698/2239
f 2145/1704/2240 2146/1705/2240 2141/1702/2240
f 2151/1708/2241 2152/1709/2241 2147/1706/2241
f 2157/1712/2242 2158/1713/2242 2153/1710/2242
f 2156/1711/2243 2163/1716/2243 2164/1717/2243
f 2162/1715/2244 2169/1720/2244 2170/1721/2244
f 2175/1724/3831 2176/1725/3831 2171/1722/3831
f 2241/1811/3840 2246/1816/3840 2245/1815/3840
f 2250/1820/2318 2243/1813/2318 2242/1812/2318
f 2240/1863/3841 2244/1892/3841 2243/1864/3841
f 2247/1866/3842 2246/1891/3842 2250/1867/3842
f 2252/1822/2321 2251/1821/2321 2245/1815/2321
f 2249/1819/2322 2248/1818/2322 2254/1824/2322
f 2255/1869/3843 2253/1894/3843 2252/1870/3843
f 2253/1823/2324 2258/1828/2324 2257/1827/2324
f 2262/1832/2325 2255/1825/2325 2254/1824/2325
f 2259/1872/3844 2258/1893/3844 2262/1873/3844
f 2264/1834/3845 2263/1833/3845 2257/1827/3845
f 2261/1831/2328 2260/1830/2328 2266/1836/2328
f 2265/1875/3846 2264/1895/3846 2268/1876/3846
f 2270/1840/2330 2269/1839/2330 2263/1833/2330
f 2267/1837/2331 2266/1836/2331 2272/1842/2331
f 2273/1878/3847 2271/1897/3847 2270/1879/3847
f 2276/1846/2333 2275/1845/2333 2269/1839/2333
f 2280/1850/2334 2273/1843/2334 2272/1842/2334
f 2277/1881/2335 2276/1896/2335 2280/1882/2335
f 2282/1852/2336 2281/1851/2336 2275/1845/2336
f 2286/1856/2337 2279/1849/2337 2278/1848/2337
f 2285/1884/3848 2283/1899/3848 2282/1885/3848
f 2288/1858/2339 2287/1857/2339 2281/1851/2339
f 2285/1855/2340 2284/1854/2340 2290/1860/2340
f 2289/1887/2341 2288/1898/2341 2292/1888/2341
f 2289/1859/2342 2240/1810/2342 2239/1809/2342
f 2291/1861/3849 2290/1860/3849 2242/1812/3849
f 2287/1857/2344 2239/1809/2344 2245/1815/2344
f 2245/1815/2344 2251/1821/2344 2257/1827/2344
f 2257/1827/2344 2263/1833/2344 2269/1839/2344
f 2269/1839/2344 2275/1845/2344 2281/1851/2344
f 2281/1851/2344 2287/1857/2344 2245/1815/2344
f 2245/1815/2344 2257/1827/2344 2269/1839/2344
f 2241/1890/3850 2243/2949/3850 2250/1867/3850
f 2289/1887/2346 2291/1889/2346 2244/1892/2346
f 2254/1824/2347 2248/1818/2347 2242/1812/2347
f 2242/1812/2347 2290/1860/2347 2284/1854/2347
f 2284/1854/2347 2278/1848/2347 2272/1842/2347
f 2272/1842/2347 2266/1836/2347 2260/1830/2347
f 2260/1830/2347 2254/1824/2347 2242/1812/2347
f 2242/1812/2347 2284/1854/2347 2272/1842/2347
f 2247/1866/2348 2249/1868/2348 2256/1871/2348
f 2255/1869/3851 2262/1873/3851 2258/1893/3851
f 2261/1874/3852 2268/1876/3852 2264/1895/3852
f 2267/1877/3853 2274/1880/3853 2270/1879/3853
f 2273/1878/3854 2280/1882/3854 2276/1896/3854
f 2277/1881/3855 2279/1883/3855 2286/1886/3855
f 2285/1884/3856 2292/1888/3856 2288/1898/3856
f 2299/1905/2391 2301/361/2391 2293/254/2391
f 2296/1902/2392 2298/1904/2392 2302/208/2392
f 2297/1977/3857 2296/1943/3857 2295/1901/3857
f 2303/1907/2394 2300/1906/2394 2299/1905/2394
f 2300/1906/2395 2305/1909/2395 2307/213/2395
f 2310/1913/2396 2303/1907/2396 2302/208/2396
f 2306/1910/3858 2305/1909/3858 2310/1913/3858
f 2311/1914/2398 2313/269/2398 2307/213/2398
f 2309/1912/2399 2308/1911/2399 2314/274/2399
f 2312/1915/2400 2311/1914/2400 2316/1917/2400
f 2317/1918/2401 2319/225/2401 2313/269/2401
f 2315/1916/2402 2314/274/2402 2320/226/2402
f 2318/1919/2403 2317/1918/2403 2322/1921/2403
f 2318/1919/2404 2323/1922/2404 2325/337/2404
f 2321/1920/3859 2320/226/3859 2326/475/3859
f 2324/1923/2406 2323/1922/2406 2328/1925/2406
f 2324/1923/2407 2329/1926/2407 2331/609/2407
f 2334/1929/2408 2327/1924/2408 2326/475/2408
f 2333/1928/2409 2330/1927/2409 2329/1926/2409
f 2330/1927/2410 2335/1930/2410 2337/291/2410
f 2333/1928/2411 2332/290/2411 2338/1932/2411
f 2336/1931/2412 2335/1930/2412 2340/1934/2412
f 2341/1935/2413 2343/618/2413 2337/291/2413
f 2346/1939/2414 2339/1933/2414 2338/1932/2414
f 2342/1936/2415 2341/1935/2415 2346/1939/2415
f 2294/1900/3860 2293/669/3860 2343/618/3860
f 2345/1938/2417 2344/1937/2417 2298/304/2417
f 2353/207/2418 2355/1945/2418 2347/1940/2418
f 2350/305/2419 2352/1978/2419 2356/1946/2419
f 2352/1978/3861 2351/1903/3861 2348/1941/3861
f 2355/1945/2421 2354/1944/2421 2357/1947/2421
f 2353/207/2422 2359/844/2422 2361/1949/2422
f 2364/845/2423 2358/208/2423 2357/1947/2423
f 2362/1950/2424 2361/1949/2424 2360/1948/2424
f 2365/269/2425 2367/1953/2425 2360/1948/2425
f 2370/376/2426 2364/845/2426 2363/1951/2426
f 2367/1953/2427 2366/1952/2427 2369/1955/2427
f 2371/639/2428 2373/1957/2428 2366/1952/2428
f 2370/376/2429 2369/1955/2429 2374/1958/2429
f 2373/1957/2430 2372/1956/2430 2375/1959/2430
f 2371/639/3862 2377/337/3862 2379/1961/3862
f 2376/689/2432 2375/1959/2432 2380/1962/2432
f 2380/1962/2433 2379/1961/2433 2378/1960/2433
f 2383/1319/3863 2385/1965/3863 2378/1960/3863
f 2388/480/2435 2382/475/2435 2381/1963/2435
f 2385/1965/2436 2384/1964/2436 2387/1967/2436
f 2389/291/2437 2391/1969/2437 2384/1964/2437
f 2388/480/2438 2387/1967/2438 2392/1970/2438
f 2392/1970/2439 2391/1969/2439 2390/1968/2439
f 2395/618/2440 2397/1973/2440 2390/1968/2440
f 2394/244/2441 2393/1971/2441 2398/1974/2441
f 2397/1973/2442 2396/1972/2442 2399/1975/2442
f 2349/669/2443 2348/2950/2443 2396/1972/2443
f 2400/250/3864 2399/1975/3864 2351/1942/3864
f 2293/254/451 2301/361/451 2353/207/451
f 2296/1902/2445 2304/1908/2445 2299/1905/2445
f 2345/1938/2446 2297/1977/2446 2294/1900/2446
f 2343/618/3865 2293/669/3865 2349/669/3865
f 2302/208/451 2298/1904/451 2350/305/451
f 2298/304/3866 2344/1937/3866 2400/250/3866
f 2300/1906/2447 2303/1907/2447 2310/1913/2447
f 2301/361/3867 2307/213/3867 2359/844/3867
f 2302/208/451 2358/208/451 2364/845/451
f 2309/1912/2449 2316/1917/2449 2311/1914/2449
f 2307/213/3868 2313/269/3868 2365/269/3868
f 2314/274/796 2308/1911/796 2364/845/796
f 2312/1915/2450 2315/1916/2450 2322/1921/2450
f 2313/269/451 2319/225/451 2371/639/451
f 2320/226/1904 2314/274/1904 2370/376/1904
f 2318/1919/2452 2321/1920/2452 2328/1925/2452
f 2319/225/451 2325/337/451 2377/337/451
f 2326/475/451 2320/226/451 2376/689/451
f 2324/1923/2453 2327/1924/2453 2334/1929/2453
f 2325/337/451 2331/609/451 2383/1319/451
f 2332/290/451 2326/475/451 2382/475/451
f 2330/1927/2454 2333/1928/2454 2340/1934/2454
f 2331/609/451 2337/291/451 2389/291/451
f 2338/1932/451 2332/290/451 2388/480/451
f 2339/1933/2455 2346/1939/2455 2341/1935/2455
f 2337/291/3869 2343/618/3869 2395/618/3869
f 2344/1937/451 2338/1932/451 2394/244/451
f 2355/1945/2456 2356/1946/2456 2352/1978/2456
f 2396/1972/2457 2348/2950/2457 2351/1942/2457
f 2361/1949/2458 2362/1950/2458 2357/1947/2458
f 2367/1953/2459 2368/1954/2459 2363/1951/2459
f 2366/1952/2460 2373/1957/2460 2374/1958/2460
f 2372/1956/2461 2379/1961/2461 2380/1962/2461
f 2385/1965/2462 2386/1966/2462 2381/1963/2462
f 2384/1964/2463 2391/1969/2463 2392/1970/2463
f 2390/1968/2464 2397/1973/2464 2398/1974/2464
f 2407/1984/2501 2409/624/2501 2401/255/2501
f 2404/1981/2502 2406/1983/2502 2410/629/2502
f 2405/2055/2503 2404/2951/2503 2403/1980/2503
f 2408/1985/2504 2407/1984/2504 2412/1987/2504
f 2413/1988/2505 2415/366/2505 2409/624/2505
f 2411/1986/2506 2410/629/2506 2416/371/2506
f 2414/1989/2507 2413/1988/2507 2418/1991/2507
f 2414/1989/2508 2419/1992/2508 2421/269/2508
f 2417/1990/3870 2416/371/3870 2422/376/3870
f 2423/1994/3871 2420/1993/3871 2419/1992/3871
f 2420/1993/2511 2425/1996/2511 2427/225/2511
f 2423/1994/2512 2422/376/2512 2428/971/2512
f 2429/1998/3872 2426/1997/3872 2425/1996/3872
f 2426/1997/3873 2431/2000/3873 2433/337/3873
f 2429/1998/2515 2428/971/2515 2434/475/2515
f 2435/2002/2516 2432/2001/2516 2431/2000/2516
f 2437/2004/2517 2439/386/2517 2433/337/2517
f 2435/2002/2518 2434/475/2518 2440/290/2518
f 2438/2005/2519 2437/2004/2519 2442/2007/2519
f 2438/2005/2520 2443/2008/2520 2445/348/2520
f 2448/2011/3874 2441/2006/3874 2440/290/3874
f 2444/2009/2522 2443/2008/2522 2448/2011/2522
f 2444/2009/2523 2449/2012/2523 2451/354/2523
f 2447/2010/2524 2446/395/2524 2452/446/2524
f 2453/2014/2525 2450/2013/2525 2449/2012/2525
f 2402/1979/3875 2401/199/3875 2451/354/3875
f 2405/2055/2527 2453/2014/2527 2452/446/2527
f 2457/254/2528 2461/259/2528 2463/2021/2528
f 2466/208/2529 2458/305/2529 2460/2056/2529
f 2455/2057/2530 2460/2019/2530 2459/2018/2530
f 2464/2022/2531 2463/2021/2531 2462/2020/2531
f 2467/366/2532 2469/2025/2532 2462/2020/2532
f 2472/2028/2533 2466/208/2533 2465/2023/2533
f 2470/2026/2534 2469/2025/2534 2468/2024/2534
f 2467/366/2535 2473/219/2535 2475/2030/2535
f 2478/376/3876 2472/2028/3876 2471/2027/3876
f 2475/2030/2537 2474/2029/2537 2477/2032/2537
f 2479/332/2538 2481/2034/2538 2474/2029/2538
f 2478/376/3877 2477/2032/3877 2482/2035/3877
f 2482/2035/3878 2481/2034/3878 2480/2033/3878
f 2479/332/2541 2485/935/2541 2487/2038/2541
f 2490/936/3879 2484/689/3879 2483/2036/3879
f 2487/2038/2543 2486/2037/2543 2489/2040/2543
f 2491/237/2544 2493/2042/2544 2486/2037/2544
f 2496/238/2545 2490/936/2545 2489/2040/2545
f 2493/2042/2546 2492/2041/2546 2495/2044/2546
f 2497/1526/3880 2499/2046/3880 2492/2041/3880
f 2502/2049/2548 2496/238/2548 2495/2044/2548
f 2499/2046/2549 2498/2045/2549 2501/2048/2549
f 2503/354/3881 2505/2051/3881 2498/2045/3881
f 2508/662/3882 2502/2049/3882 2501/2048/3882
f 2506/2052/2552 2505/2051/2552 2504/2050/2552
f 2503/354/3883 2457/199/3883 2456/2058/3883
f 2458/2017/3884 2508/662/3884 2507/2053/3884
f 2401/255/451 2409/624/451 2461/259/451
f 2403/2054/2555 2404/1981/2555 2412/1987/2555
f 2450/2013/2556 2453/2014/2556 2405/2055/2556
f 2401/199/454 2457/199/454 2503/354/454
f 2410/629/451 2406/1983/451 2458/305/451
f 2406/403/451 2452/446/451 2508/662/451
f 2411/1986/2558 2418/1991/2558 2413/1988/2558
f 2409/624/451 2415/366/451 2467/366/451
f 2416/371/451 2410/629/451 2466/208/451
f 2417/1990/2559 2424/1995/2559 2419/1992/2559
f 2415/366/796 2421/269/796 2473/219/796
f 2422/376/3885 2416/371/3885 2472/2028/3885
f 2423/1994/2560 2430/1999/2560 2425/1996/2560
f 2421/269/451 2427/225/451 2479/332/451
f 2428/971/451 2422/376/451 2478/376/451
f 2429/1998/2562 2436/2003/2562 2431/2000/2562
f 2427/225/451 2433/337/451 2485/935/451
f 2434/475/3886 2428/971/3886 2484/689/3886
f 2432/2001/2563 2435/2002/2563 2442/2007/2563
f 2433/337/451 2439/386/451 2491/237/451
f 2440/290/566 2434/475/566 2490/936/566
f 2438/2005/2564 2441/2006/2564 2448/2011/2564
f 2439/386/451 2445/348/451 2497/1526/451
f 2446/395/451 2440/290/451 2496/238/451
f 2447/2010/2565 2454/2015/2565 2449/2012/2565
f 2445/348/3887 2451/354/3887 2503/354/3887
f 2452/446/3888 2446/395/3888 2502/2049/3888
f 2463/2021/2566 2464/2022/2566 2460/2056/2566
f 2456/2058/3889 2459/2018/3889 2507/2053/3889
f 2469/2025/2568 2470/2026/2568 2465/2023/2568
f 2475/2030/2569 2476/2031/2569 2471/2027/2569
f 2481/2034/2570 2482/2035/2570 2477/2032/2570
f 2480/2033/2571 2487/2038/2571 2488/2039/2571
f 2493/2042/2572 2494/2043/2572 2489/2040/2572
f 2492/2041/2573 2499/2046/2573 2500/2047/2573
f 2498/2045/2574 2505/2051/2574 2506/2052/2574
f 2511/2133/3890 2515/2064/3890 2517/1536/3890
f 2520/2067/3891 2512/2061/3891 2514/2063/3891
f 2510/2059/2613 2513/2135/2613 2512/2134/2613
f 2519/2066/2614 2516/2065/2614 2515/2064/2614
f 2516/2065/2615 2521/2068/2615 2523/844/2615
f 2519/2066/2616 2518/414/2616 2524/371/2616
f 2525/2070/2617 2522/2069/2617 2521/2068/2617
f 2527/2072/3892 2529/269/3892 2523/844/3892
f 2525/2070/2619 2524/371/2619 2530/376/2619
f 2531/2074/2620 2528/2073/2620 2527/2072/2620
f 2528/2073/2621 2533/2076/2621 2535/377/2621
f 2538/2079/2622 2531/2074/2622 2530/376/2622
f 2534/2077/2623 2533/2076/2623 2538/2079/2623
f 2539/2080/3893 2541/279/3893 2535/377/3893
f 2537/2078/2625 2536/226/2625 2542/284/2625
f 2540/2081/2626 2539/2080/2626 2544/2083/2626
f 2545/2084/2627 2547/386/2627 2541/279/2627
f 2550/2087/3894 2543/2082/3894 2542/284/3894
f 2549/2086/2629 2546/2085/2629 2545/2084/2629
f 2546/2085/2630 2551/2088/2630 2553/2090/2630
f 2549/2086/2631 2548/480/2631 2554/741/2631
f 2555/2091/2632 2552/2089/2632 2551/2088/2632
f 2552/2089/2633 2557/2093/2633 2559/568/2633
f 2555/2091/2634 2554/741/2634 2560/301/2634
f 2558/2094/2635 2557/2093/2635 2562/2096/2635
f 2510/2059/2636 2509/199/2636 2559/568/2636
f 2561/2095/2637 2560/301/2637 2514/256/2637
f 2569/361/2638 2571/2101/2638 2563/2097/2638
f 2574/759/3895 2566/578/3895 2568/2136/3895
f 2563/2137/2640 2568/2099/2640 2567/2098/2640
f 2572/2102/2641 2571/2101/2641 2570/2100/2641
f 2569/361/2642 2575/213/2642 2577/2105/2642
f 2580/214/2643 2574/759/2643 2573/2103/2643
f 2577/2105/2644 2576/2104/2644 2579/2107/2644
f 2581/269/2645 2583/2109/2645 2576/2104/2645
f 2580/214/3896 2579/2107/3896 2584/2110/3896
f 2583/2109/2647 2582/2108/2647 2585/2111/2647
f 2587/225/2648 2589/2113/2648 2582/2108/2648
f 2586/274/2649 2585/2111/2649 2590/2114/2649
f 2589/2113/2650 2588/2112/2650 2591/2115/2650
f 2587/225/2651 2593/2116/2651 2595/2118/2651
f 2592/226/3897 2591/2115/3897 2596/2119/3897
f 2595/2118/2653 2594/2117/2653 2597/2120/2653
f 2599/237/3898 2601/2122/3898 2594/2117/3898
f 2604/480/2655 2598/232/2655 2597/2120/2655
f 2602/2123/2656 2601/2122/2656 2600/2121/2656
f 2599/237/2657 2605/348/2657 2607/2126/2657
f 2610/395/2658 2604/480/2658 2603/2124/2658
f 2607/2126/2659 2606/2125/2659 2609/2128/2659
f 2611/354/2660 2613/2130/2660 2606/2125/2660
f 2616/301/2661 2610/395/2661 2609/2128/2661
f 2614/2131/3899 2613/2130/3899 2612/2129/3899
f 2611/354/2663 2565/577/2663 2564/2138/2663
f 2566/256/2664 2616/301/2664 2615/2132/2664
f 2509/254/451 2517/1536/451 2569/361/451
f 2512/2061/2665 2520/2067/2665 2515/2064/2665
f 2558/2094/2666 2561/2095/2666 2513/2135/2666
f 2559/568/451 2509/199/451 2565/577/451
f 2518/414/451 2514/2063/451 2566/578/451
f 2514/256/451 2560/301/451 2616/301/451
f 2516/2065/2667 2519/2066/2667 2526/2071/2667
f 2517/1536/3900 2523/844/3900 2575/213/3900
f 2524/371/451 2518/414/451 2574/759/451
f 2525/2070/2668 2532/2075/2668 2527/2072/2668
f 2529/269/454 2581/269/454 2575/213/454
f 2530/376/451 2524/371/451 2580/214/451
f 2528/2073/2670 2531/2074/2670 2538/2079/2670
f 2529/269/451 2535/377/451 2587/225/451
f 2536/226/3901 2530/376/3901 2586/274/3901
f 2534/2077/2671 2537/2078/2671 2544/2083/2671
f 2535/377/451 2541/279/451 2593/2116/451
f 2542/284/451 2536/226/451 2592/226/451
f 2543/2082/2672 2550/2087/2672 2545/2084/2672
f 2541/279/451 2547/386/451 2599/237/451
f 2548/480/451 2542/284/451 2598/232/451
f 2546/2085/2673 2549/2086/2673 2556/2092/2673
f 2547/386/3902 2553/2090/3902 2605/348/3902
f 2554/741/451 2548/480/451 2604/480/451
f 2555/2091/2674 2562/2096/2674 2557/2093/2674
f 2553/2090/451 2559/568/451 2611/354/451
f 2560/301/451 2554/741/451 2610/395/451
f 2571/2101/2675 2572/2102/2675 2568/2136/2675
f 2564/2138/2676 2567/2098/2676 2615/2132/2676
f 2577/2105/2677 2578/2106/2677 2573/2103/2677
f 2576/2104/2678 2583/2109/2678 2584/2110/2678
f 2589/2113/2679 2590/2114/2679 2585/2111/2679
f 2595/2118/2680 2596/2119/2680 2591/2115/2680
f 2601/2122/2681 2602/2123/2681 2597/2120/2681
f 2607/2126/2682 2608/2127/2682 2603/2124/2682
f 2606/2125/2683 2613/2130/2683 2614/2131/2683
f 2623/2144/2720 2625/758/2720 2617/254/2720
f 2620/2141/2721 2622/2143/2721 2626/588/2721
f 2621/2213/3903 2620/2952/3903 2619/2140/3903
f 2627/2146/3904 2624/2145/3904 2623/2144/3904
f 2629/2148/2724 2631/366/2724 2625/758/2724
f 2627/2146/2725 2626/588/2725 2632/214/2725
f 2633/2150/2726 2630/2149/2726 2629/2148/2726
f 2630/2149/2727 2635/2152/2727 2637/269/2727
f 2640/2155/2728 2633/2150/2728 2632/214/2728
f 2639/2154/2729 2636/2153/2729 2635/2152/2729
f 2641/2156/2730 2643/225/2730 2637/269/2730
f 2639/2154/2731 2638/220/2731 2644/226/2731
f 2645/2158/2732 2642/2157/2732 2641/2156/2732
f 2642/2157/3905 2647/2160/3905 2649/2162/3905
f 2652/2164/2734 2645/2158/2734 2644/226/2734
f 2648/2161/2735 2647/2160/2735 2652/2164/2735
f 2653/2165/2736 2655/343/2736 2649/2162/2736
f 2651/2163/2737 2650/284/2737 2656/480/2737
f 2654/2166/3906 2653/2165/3906 2658/2168/3906
f 2654/2166/2739 2659/2169/2739 2661/441/2739
f 2664/2172/2740 2657/2167/2740 2656/480/2740
f 2663/2171/2741 2660/2170/2741 2659/2169/2741
f 2665/2173/2742 2667/296/2742 2661/441/2742
f 2670/2176/3907 2663/2171/3907 2662/395/3907
f 2666/2174/3908 2665/2173/3908 2670/2176/3908
f 2618/2139/2745 2617/199/2745 2667/296/2745
f 2669/2175/2746 2668/301/2746 2622/304/2746
f 2677/1536/2747 2679/2181/2747 2671/2177/2747
f 2682/629/2748 2674/578/2748 2676/2214/2748
f 2676/2179/3909 2675/2178/3909 2672/2215/3909
f 2680/2182/2750 2679/2181/2750 2678/2180/2750
f 2683/322/2751 2685/2185/2751 2678/2180/2751
f 2688/1911/3910 2682/629/3910 2681/2183/3910
f 2686/2186/2753 2685/2185/2753 2684/2184/2753
f 2689/269/2754 2691/2189/2754 2684/2184/2754
f 2694/376/2755 2688/1911/2755 2687/2187/2755
f 2692/2190/2756 2691/2189/2756 2690/2188/2756
f 2695/225/2757 2697/2193/2757 2690/2188/2757
f 2700/226/2758 2694/376/2758 2693/2191/2758
f 2698/2194/2759 2697/2193/2759 2696/2192/2759
f 2695/225/3911 2701/279/3911 2703/2197/3911
f 2700/226/3912 2699/2195/3912 2704/2198/3912
f 2704/2198/2762 2703/2197/2762 2702/2196/2762
f 2707/237/2763 2709/2201/2763 2702/2196/2763
f 2706/284/3913 2705/2199/3913 2710/2202/3913
f 2710/2202/3914 2709/2201/3914 2708/2200/3914
f 2713/348/2766 2715/2205/2766 2708/2200/2766
f 2712/238/2767 2711/2203/2767 2716/2206/2767
f 2716/2206/2768 2715/2205/2768 2714/2204/2768
f 2719/296/2769 2721/2209/2769 2714/2204/2769
f 2718/2049/2770 2717/2207/2770 2722/2210/2770
f 2721/2209/2771 2720/2208/2771 2723/2211/2771
f 2673/669/2772 2672/2215/2772 2720/2208/2772
f 2724/489/2773 2723/2211/2773 2675/2178/2773
f 2617/254/3915 2625/758/3915 2677/1536/3915
f 2620/2141/2774 2628/2147/2774 2623/2144/2774
f 2669/2175/2775 2621/2213/2775 2618/2139/2775
f 2667/296/451 2617/199/451 2673/669/451
f 2626/588/451 2622/2143/451 2674/578/451
f 2622/304/451 2668/301/451 2724/489/451
f 2627/2146/2776 2634/2151/2776 2629/2148/2776
f 2625/758/451 2631/366/451 2683/322/451
f 2632/214/3916 2626/588/3916 2682/629/3916
f 2630/2149/2778 2633/2150/2778 2640/2155/2778
f 2631/366/451 2637/269/451 2689/269/451
f 2638/220/451 2632/214/451 2688/1911/451
f 2639/2154/2779 2646/2159/2779 2641/2156/2779
f 2637/269/451 2643/225/451 2695/225/451
f 2644/226/451 2638/220/451 2694/376/451
f 2642/2157/2780 2645/2158/2780 2652/2164/2780
f 2643/225/451 2649/2162/451 2701/279/451
f 2650/284/451 2644/226/451 2700/226/451
f 2651/2163/2781 2658/2168/2781 2653/2165/2781
f 2649/2162/451 2655/343/451 2707/237/451
f 2656/480/451 2650/284/451 2706/284/451
f 2654/2166/2782 2657/2167/2782 2664/2172/2782
f 2655/343/451 2661/441/451 2713/348/451
f 2662/395/451 2656/480/451 2712/238/451
f 2660/2170/2783 2663/2171/2783 2670/2176/2783
f 2661/441/451 2667/296/451 2719/296/451
f 2668/301/451 2662/395/451 2718/2049/451
f 2679/2181/2784 2680/2182/2784 2676/2214/2784
f 2720/2208/2785 2672/2215/2785 2675/2178/2785
f 2685/2185/2786 2686/2186/2786 2681/2183/2786
f 2684/2184/2787 2691/2189/2787 2692/2190/2787
f 2697/2193/2788 2698/2194/2788 2693/2191/2788
f 2703/2197/2789 2704/2198/2789 2699/2195/2789
f 2702/2196/2790 2709/2201/2790 2710/2202/2790
f 2715/2205/2791 2716/2206/2791 2711/2203/2791
f 2714/2204/2792 2721/2209/2792 2722/2210/2792
f 2731/2222/3917 2733/259/3917 2725/254/3917
f 2728/2219/2830 2730/2221/2830 2734/759/2830
f 2729/2294/2831 2728/2953/2831 2727/2218/2831
f 2732/2223/2832 2731/2222/2832 2736/2225/2832
f 2737/2226/2833 2739/213/2833 2733/259/2833
f 2742/2229/3918 2735/2224/3918 2734/759/3918
f 2738/2227/2835 2737/2226/2835 2742/2229/2835
f 2738/2227/2836 2743/2230/2836 2745/269/2836
f 2741/2228/2837 2740/371/2837 2746/274/2837
f 2744/2231/2838 2743/2230/2838 2748/2233/2838
f 2749/2234/2839 2751/225/2839 2745/269/2839
f 2754/2237/2840 2747/2232/2840 2746/274/2840
f 2750/2235/2841 2749/2234/2841 2754/2237/2841
f 2755/2238/2842 2757/279/2842 2751/225/2842
f 2753/2236/2843 2752/226/2843 2758/936/2843
f 2759/2240/2844 2756/2239/2844 2755/2238/2844
f 2761/2242/2845 2763/386/2845 2757/279/2845
f 2759/2240/2846 2758/936/2846 2764/480/2846
f 2762/2243/2847 2761/2242/2847 2766/2245/2847
f 2767/2246/2848 2769/2248/2848 2763/386/2848
f 2772/2251/2849 2765/2244/2849 2764/480/2849
f 2771/2250/2850 2768/2247/2850 2767/2246/2850
f 2768/2247/2851 2773/2252/2851 2775/2254/2851
f 2771/2250/2852 2770/2249/2852 2776/301/2852
f 2777/2255/2853 2774/2253/2853 2773/2252/2853
f 2774/2253/2854 2726/2217/2854 2725/669/2854
f 2729/2294/2855 2777/2255/2855 2776/301/2855
f 2785/758/2856 2787/2261/2856 2779/2257/2856
f 2782/305/2857 2784/2297/2857 2788/2262/2857
f 2779/2295/2858 2784/2259/2858 2783/2258/2858
f 2788/2262/2859 2787/2261/2859 2786/2260/2859
f 2791/213/3919 2793/2265/3919 2786/2260/3919
f 2796/1911/2861 2790/208/2861 2789/2263/2861
f 2794/2266/2862 2793/2265/2862 2792/2264/2862
f 2797/219/2863 2799/2269/2863 2792/2264/2863
f 2796/1911/2864 2795/2267/2864 2800/2270/2864
f 2799/2269/2865 2798/2268/2865 2801/2271/2865
f 2797/219/2866 2803/225/2866 2805/2274/2866
f 2802/2272/2867 2801/2271/2867 2806/2275/2867
f 2805/2274/2868 2804/2273/2868 2807/2276/2868
f 2803/225/2869 2809/279/2869 2811/2278/2869
f 2814/232/2870 2808/689/2870 2807/2276/2870
f 2812/2279/2871 2811/2278/2871 2810/2277/2871
f 2815/609/2872 2817/2282/2872 2810/2277/2872
f 2814/232/2873 2813/2280/2873 2818/2283/2873
f 2817/2282/2874 2816/2281/2874 2819/2284/2874
f 2821/348/2875 2823/2286/2875 2816/2281/2875
f 2820/238/2876 2819/2284/2876 2824/2287/2876
f 2823/2286/2877 2822/2285/2877 2825/2288/2877
f 2827/568/2878 2829/2290/2878 2822/2285/2878
f 2826/567/2879 2825/2288/2879 2830/2291/2879
f 2829/2290/2880 2828/2289/2880 2831/2292/2880
f 2827/568/3920 2781/199/3920 2780/2296/3920
f 2782/304/3921 2832/489/3921 2831/2292/3921
f 2725/254/451 2733/259/451 2785/758/451
f 2728/2219/2883 2736/2225/2883 2731/2222/2883
f 2777/2255/2884 2729/2294/2884 2726/2217/2884
f 2775/2254/451 2725/669/451 2781/199/451
f 2734/759/451 2730/2221/451 2782/305/451
f 2730/358/3922 2776/301/3922 2832/489/3922
f 2732/2223/2885 2735/2224/2885 2742/2229/2885
f 2733/259/451 2739/213/451 2791/213/451
f 2740/371/451 2734/759/451 2790/208/451
f 2741/2228/2886 2748/2233/2886 2743/2230/2886
f 2739/213/451 2745/269/451 2797/219/451
f 2746/274/451 2740/371/451 2796/1911/451
f 2747/2232/2887 2754/2237/2887 2749/2234/2887
f 2745/269/451 2751/225/451 2803/225/451
f 2752/226/451 2746/274/451 2802/2272/451
f 2753/2236/2888 2760/2241/2888 2755/2238/2888
f 2751/225/451 2757/279/451 2809/279/451
f 2758/936/451 2752/226/451 2808/689/451
f 2759/2240/2890 2766/2245/2890 2761/2242/2890
f 2757/279/451 2763/386/451 2815/609/451
f 2764/480/3923 2758/936/3923 2814/232/3923
f 2762/2243/2891 2765/2244/2891 2772/2251/2891
f 2763/386/451 2769/2248/451 2821/348/451
f 2770/2249/451 2764/480/451 2820/238/451
f 2771/2250/2892 2778/2256/2892 2773/2252/2892
f 2769/2248/451 2775/2254/451 2827/568/451
f 2776/301/451 2770/2249/451 2826/567/451
f 2779/2257/2894 2787/2261/2894 2788/2262/2894
f 2780/2296/2895 2783/2258/2895 2831/2292/2895
f 2786/2260/2896 2793/2265/2896 2794/2266/2896
f 2799/2269/2897 2800/2270/2897 2795/2267/2897
f 2798/2268/2898 2805/2274/2898 2806/2275/2898
f 2811/2278/2899 2812/2279/2899 2807/2276/2899
f 2817/2282/2900 2818/2283/2900 2813/2280/2900
f 2816/2281/2901 2823/2286/2901 2824/2287/2901
f 2829/2290/2902 2830/2291/2902 2825/2288/2902
f 2839/2303/2939 2841/758/2939 2833/254/2939
f 2844/2306/2940 2836/2300/2940 2838/2302/2940
f 2837/2374/2941 2836/2954/2941 2835/2299/2941
f 2843/2305/2942 2840/2304/2942 2839/2303/2942
f 2845/2307/2943 2847/322/2943 2841/758/2943
f 2850/2310/3924 2843/2305/3924 2842/629/3924
f 2849/2309/2945 2846/2308/2945 2845/2307/2945
f 2851/2311/2946 2853/269/2946 2847/322/2946
f 2849/2309/2947 2848/214/2947 2854/376/2947
f 2855/2313/2948 2852/2312/2948 2851/2311/2948
f 2857/2315/2949 2859/225/2949 2853/269/2949
f 2862/2318/2950 2855/2313/2950 2854/376/2950
f 2861/2317/2951 2858/2316/2951 2857/2315/2951
f 2863/2319/3925 2865/279/3925 2859/225/3925
f 2868/2323/2953 2861/2317/2953 2860/226/2953
f 2867/2322/2954 2864/2320/2954 2863/2319/2954
f 2869/2324/3926 2871/237/3926 2865/279/3926
f 2874/2327/2956 2867/2322/2956 2866/2321/2956
f 2870/2325/3927 2869/2324/3927 2874/2327/3927
f 2875/2328/2958 2877/348/2958 2871/237/2958
f 2880/2331/3928 2873/2326/3928 2872/480/3928
f 2879/2330/2960 2876/2329/2960 2875/2328/2960
f 2881/2332/2961 2883/657/2961 2877/348/2961
f 2886/2335/3929 2879/2330/3929 2878/244/3929
f 2885/2334/2963 2882/2333/2963 2881/2332/2963
f 2834/2298/2964 2833/199/2964 2883/657/2964
f 2885/2334/2965 2884/489/2965 2838/304/2965
f 2893/361/2966 2895/2341/2966 2887/2336/2966
f 2898/629/2967 2890/578/2967 2892/2375/2967
f 2892/2375/2968 2891/2955/2968 2888/2337/2968
f 2895/2341/2969 2894/2340/2969 2897/2343/2969
f 2899/844/2970 2901/2345/2970 2894/2340/2970
f 2904/371/2971 2898/629/2971 2897/2343/2971
f 2902/2346/2972 2901/2345/2972 2900/2344/2972
f 2899/844/2973 2905/269/2973 2907/2349/2973
f 2910/274/2974 2904/371/2974 2903/2347/2974
f 2907/2349/2975 2906/2348/2975 2909/2351/2975
f 2911/332/2976 2913/2353/2976 2906/2348/2976
f 2916/469/2977 2910/274/2977 2909/2351/2977
f 2914/2354/2978 2913/2353/2978 2912/2352/2978
f 2911/332/2979 2917/2356/2979 2919/2358/2979
f 2916/469/3930 2915/2355/3930 2920/2359/3930
f 2920/2359/2981 2919/2358/2981 2918/2357/2981
f 2917/2356/2982 2923/343/2982 2925/2362/2982
f 2928/436/3931 2922/338/3931 2921/2360/3931
f 2926/2363/3932 2925/2362/3932 2924/2361/3932
f 2929/348/3933 2931/2366/3933 2924/2361/3933
f 2928/436/2986 2927/2364/2986 2932/2367/2986
f 2932/2367/2987 2931/2366/2987 2930/2365/2987
f 2929/348/2988 2935/618/2988 2937/2370/2988
f 2934/2049/2989 2933/2368/2989 2938/2371/2989
f 2938/2371/2990 2937/2370/2990 2936/2369/2990
f 2935/618/2991 2889/577/2991 2888/2376/2991
f 2890/256/2992 2940/301/2992 2939/2372/2992
f 2833/254/796 2841/758/796 2893/361/796
f 2835/2373/2993 2836/2300/2993 2844/2306/2993
f 2885/2334/2994 2837/2374/2994 2834/2298/2994
f 2883/657/451 2833/199/451 2889/577/451
f 2842/629/451 2838/2302/451 2890/578/451
f 2838/304/451 2884/489/451 2940/301/451
f 2843/2305/2995 2850/2310/2995 2845/2307/2995
f 2841/758/451 2847/322/451 2899/844/451
f 2848/214/451 2842/629/451 2898/629/451
f 2849/2309/2996 2856/2314/2996 2851/2311/2996
f 2847/322/451 2853/269/451 2905/269/451
f 2854/376/451 2848/214/451 2904/371/451
f 2852/2312/2997 2855/2313/2997 2862/2318/2997
f 2853/269/451 2859/225/451 2911/332/451
f 2860/226/451 2854/376/451 2910/274/451
f 2861/2317/2998 2868/2323/2998 2863/2319/2998
f 2859/225/451 2865/279/451 2917/2356/451
f 2866/2321/451 2860/226/451 2916/469/451
f 2867/2322/2999 2874/2327/2999 2869/2324/2999
f 2865/279/451 2871/237/451 2923/343/451
f 2872/480/451 2866/2321/451 2922/338/451
f 2873/2326/3000 2880/2331/3000 2875/2328/3000
f 2871/237/451 2877/348/451 2929/348/451
f 2878/244/451 2872/480/451 2928/436/451
f 2876/2329/3001 2879/2330/3001 2886/2335/3001
f 2877/348/796 2883/657/796 2935/618/796
f 2884/489/451 2878/244/451 2934/2049/451
f 2895/2341/3002 2896/2342/3002 2892/2375/3002
f 2888/2376/3003 2891/2338/3003 2939/2372/3003
f 2901/2345/3004 2902/2346/3004 2897/2343/3004
f 2900/2344/3005 2907/2349/3005 2908/2350/3005
f 2906/2348/3006 2913/2353/3006 2914/2354/3006
f 2919/2358/3007 2920/2359/3007 2915/2355/3007
f 2925/2362/3008 2926/2363/3008 2921/2360/3008
f 2924/2361/3009 2931/2366/3009 2932/2367/3009
f 2937/2370/3010 2938/2371/3010 2933/2368/3010
f 2943/2451/3047 2947/2382/3047 2949/758/3047
f 2952/2385/3048 2944/2379/3048 2946/2381/3048
f 2942/2377/3049 2945/2452/3049 2944/2418/3049
f 2948/2383/3050 2947/2382/3050 2952/2385/3050
f 2953/2386/3051 2955/366/3051 2949/758/3051
f 2958/2389/3934 2951/2384/3934 2950/588/3934
f 2957/2388/3053 2954/2387/3053 2953/2386/3053
f 2959/2390/3935 2961/269/3935 2955/366/3935
f 2964/2394/3055 2957/2388/3055 2956/634/3055
f 2963/2393/3056 2960/2391/3056 2959/2390/3056
f 2960/2391/3057 2965/2395/3057 2967/225/3057
f 2963/2393/3936 2962/2392/3936 2968/469/3936
f 2969/2397/3059 2966/2396/3059 2965/2395/3059
f 2971/2399/3937 2973/337/3937 2967/225/3937
f 2969/2397/3061 2968/469/3061 2974/475/3061
f 2975/2401/3062 2972/2400/3062 2971/2399/3062
f 2977/2403/3063 2979/386/3063 2973/337/3063
f 2982/2406/3064 2975/2401/3064 2974/475/3064
f 2978/2404/3065 2977/2403/3065 2982/2406/3065
f 2978/2404/3938 2983/2407/3938 2985/441/3938
f 2988/2410/3067 2981/2405/3067 2980/238/3067
f 2987/2409/3068 2984/2408/3068 2983/2407/3068
f 2989/2411/3069 2991/2413/3069 2985/441/3069
f 2994/2415/3070 2987/2409/3070 2986/567/3070
f 2993/2414/3939 2990/2412/3939 2989/2411/3939
f 2990/2412/3072 2942/2377/3072 2941/199/3072
f 2993/2414/3073 2992/301/3073 2946/304/3073
f 3001/361/3074 3003/2420/3074 2995/2416/3074
f 2998/305/3940 3000/2455/3940 3004/2421/3940
f 2995/2453/3941 3000/2418/3941 2999/2417/3941
f 3004/2421/3077 3003/2420/3077 3002/2419/3077
f 3001/361/3078 3007/322/3078 3009/2424/3078
f 3006/629/3079 3005/2422/3079 3010/2425/3079
f 3010/2425/3080 3009/2424/3080 3008/2423/3080
f 3007/322/3081 3013/269/3081 3015/2428/3081
f 3018/376/3082 3012/634/3082 3011/2426/3082
f 3016/2429/3942 3015/2428/3942 3014/2427/3942
f 3019/332/3084 3021/2432/3084 3014/2427/3084
f 3024/226/3943 3018/376/3943 3017/2430/3943
f 3021/2432/3086 3020/2431/3086 3023/2434/3086
f 3025/2116/3087 3027/2436/3087 3020/2431/3087
f 3024/226/3088 3023/2434/3088 3028/2437/3088
f 3027/2436/3089 3026/2435/3089 3029/2438/3089
f 3031/343/3090 3033/2440/3090 3026/2435/3090
f 3030/232/3091 3029/2438/3091 3034/2441/3091
f 3034/2441/3092 3033/2440/3092 3032/2439/3092
f 3037/441/3093 3039/2444/3093 3032/2439/3093
f 3036/1641/3944 3035/2442/3944 3040/2445/3944
f 3040/2445/3095 3039/2444/3095 3038/2443/3095
f 3043/354/3096 3045/2448/3096 3038/2443/3096
f 3048/1937/3097 3042/244/3097 3041/2446/3097
f 3046/2449/3945 3045/2448/3945 3044/2447/3945
f 3043/354/3099 2997/577/3099 2996/2454/3099
f 2998/304/3100 3048/1937/3100 3047/2450/3100
f 2941/254/451 2949/758/451 3001/361/451
f 2944/2379/3101 2952/2385/3101 2947/2382/3101
f 2993/2414/3102 2945/2452/3102 2942/2377/3102
f 2991/2413/451 2941/199/451 2997/577/451
f 2950/588/451 2946/2381/451 2998/305/451
f 2946/304/3946 2992/301/3946 3048/1937/3946
f 2948/2383/3103 2951/2384/3103 2958/2389/3103
f 2949/758/566 2955/366/566 3007/322/566
f 2956/634/566 2950/588/566 3006/629/566
f 2957/2388/3104 2964/2394/3104 2959/2390/3104
f 2955/366/3947 2961/269/3947 3013/269/3947
f 2962/2392/451 2956/634/451 3012/634/451
f 2963/2393/3106 2970/2398/3106 2965/2395/3106
f 2961/269/451 2967/225/451 3019/332/451
f 2968/469/3948 2962/2392/3948 3018/376/3948
f 2969/2397/3108 2976/2402/3108 2971/2399/3108
f 2967/225/451 2973/337/451 3025/2116/451
f 2974/475/451 2968/469/451 3024/226/451
f 2975/2401/3109 2982/2406/3109 2977/2403/3109
f 2973/337/451 2979/386/451 3031/343/451
f 2980/238/451 2974/475/451 3030/232/451
f 2978/2404/3110 2981/2405/3110 2988/2410/3110
f 2979/386/3949 2985/441/3949 3037/441/3949
f 2986/567/451 2980/238/451 3036/1641/451
f 2984/2408/3111 2987/2409/3111 2994/2415/3111
f 2991/2413/796 3043/354/796 3037/441/796
f 2992/301/451 2986/567/451 3042/244/451
f 2995/2416/3113 3003/2420/3113 3004/2421/3113
f 2996/2454/3114 2999/2417/3114 3047/2450/3114
f 3009/2424/3115 3010/2425/3115 3005/2422/3115
f 3015/2428/3116 3016/2429/3116 3011/2426/3116
f 3014/2427/3117 3021/2432/3117 3022/2433/3117
f 3027/2436/3118 3028/2437/3118 3023/2434/3118
f 3026/2435/3119 3033/2440/3119 3034/2441/3119
f 3032/2439/3120 3039/2444/3120 3040/2445/3120
f 3038/2443/3121 3045/2448/3121 3046/2449/3121
f 3051/2531/3158 3055/2461/3158 3057/259/3158
f 3060/2464/3159 3052/2458/3159 3054/2460/3159
f 3050/2456/3160 3053/2533/3160 3052/2532/3160
f 3056/2462/3161 3055/2461/3161 3060/2464/3161
f 3056/2462/3162 3061/2465/3162 3063/322/3162
f 3059/2463/3950 3058/629/3950 3064/214/3950
f 3062/2466/3164 3061/2465/3164 3066/2468/3164
f 3067/2469/3165 3069/269/3165 3063/322/3165
f 3072/2472/3166 3065/2467/3166 3064/214/3166
f 3068/2470/3167 3067/2469/3167 3072/2472/3167
f 3073/2473/3168 3075/377/3168 3069/269/3168
f 3078/2476/3951 3071/2471/3951 3070/220/3951
f 3074/2474/3952 3073/2473/3952 3078/2476/3952
f 3074/2474/3171 3079/2477/3171 3081/470/3171
f 3077/2475/3172 3076/971/3172 3082/1439/3172
f 3080/2478/3173 3079/2477/3173 3084/2480/3173
f 3080/2478/3174 3085/2481/3174 3087/343/3174
f 3090/2485/3953 3083/2479/3953 3082/1439/3953
f 3089/2484/3176 3086/2482/3176 3085/2481/3176
f 3091/2486/3177 3093/348/3177 3087/343/3177
f 3089/2484/3178 3088/2483/3178 3094/395/3178
f 3092/2487/3179 3091/2486/3179 3096/2489/3179
f 3097/2490/3180 3099/2413/3180 3093/348/3180
f 3095/2488/3181 3094/395/3181 3100/489/3181
f 3098/2491/3182 3097/2490/3182 3102/2493/3182
f 3050/2456/3183 3049/669/3183 3099/2413/3183
f 3053/2533/3184 3101/2492/3184 3100/489/3184
f 3105/255/3954 3109/758/3954 3111/2499/3954
f 3114/629/3186 3106/305/3186 3108/2534/3186
f 3108/2534/3187 3107/2956/3187 3104/2495/3187
f 3112/2500/3188 3111/2499/3188 3110/2498/3188
f 3115/366/3189 3117/2503/3189 3110/2498/3189
f 3120/2506/3190 3114/629/3190 3113/2501/3190
f 3117/2503/3191 3116/2502/3191 3119/2505/3191
f 3121/219/3192 3123/2508/3192 3116/2502/3192
f 3120/2506/3193 3119/2505/3193 3124/2509/3193
f 3124/2509/3194 3123/2508/3194 3122/2507/3194
f 3121/219/3955 3127/225/3955 3129/2512/3955
f 3126/376/3196 3125/2510/3196 3130/2513/3196
f 3130/2513/3197 3129/2512/3197 3128/2511/3197
f 3133/2116/3198 3135/2516/3198 3128/2511/3198
f 3138/475/3199 3132/226/3199 3131/2514/3199
f 3136/2517/3200 3135/2516/3200 3134/2515/3200
f 3139/386/3956 3141/2520/3956 3134/2515/3956
f 3138/475/3957 3137/2518/3957 3142/2521/3957
f 3141/2520/3958 3140/2519/3958 3143/2522/3958
f 3145/441/3204 3147/2524/3204 3140/2519/3204
f 3144/1641/3205 3143/2522/3205 3148/2525/3205
f 3148/2525/3206 3147/2524/3206 3146/2523/3206
f 3145/441/3959 3151/296/3959 3153/2528/3959
f 3150/244/3208 3149/2526/3208 3154/2529/3208
f 3153/2528/3209 3152/2527/3209 3155/2530/3209
f 3151/296/3210 3105/2536/3210 3104/2535/3210
f 3156/489/3211 3155/2530/3211 3107/2496/3211
f 3049/254/451 3057/259/451 3109/758/451
f 3051/2531/3212 3052/2458/3212 3060/2464/3212
f 3101/2492/3213 3053/2533/3213 3050/2456/3213
f 3099/2413/451 3049/669/451 3105/2536/451
f 3058/629/3960 3054/2460/3960 3106/305/3960
f 3054/403/451 3100/489/451 3156/489/451
f 3059/2463/3214 3066/2468/3214 3061/2465/3214
f 3057/259/451 3063/322/451 3115/366/451
f 3064/214/3961 3058/629/3961 3114/629/3961
f 3065/2467/3215 3072/2472/3215 3067/2469/3215
f 3063/322/3962 3069/269/3962 3121/219/3962
f 3070/220/451 3064/214/451 3120/2506/451
f 3071/2471/3217 3078/2476/3217 3073/2473/3217
f 3069/269/451 3075/377/451 3127/225/451
f 3076/971/3963 3070/220/3963 3126/376/3963
f 3074/2474/3218 3077/2475/3218 3084/2480/3218
f 3075/377/451 3081/470/451 3133/2116/451
f 3082/1439/451 3076/971/451 3132/226/451
f 3080/2478/3219 3083/2479/3219 3090/2485/3219
f 3081/470/566 3087/343/566 3139/386/566
f 3088/2483/451 3082/1439/451 3138/475/451
f 3089/2484/3220 3096/2489/3220 3091/2486/3220
f 3093/348/796 3145/441/796 3139/386/796
f 3094/395/3964 3088/2483/3964 3144/1641/3964
f 3095/2488/3223 3102/2493/3223 3097/2490/3223
f 3093/348/3965 3099/2413/3965 3151/296/3965
f 3100/489/796 3094/395/796 3150/244/796
f 3111/2499/3224 3112/2500/3224 3108/2534/3224
f 3104/2535/3225 3107/2496/3225 3155/2530/3225
f 3110/2498/3226 3117/2503/3226 3118/2504/3226
f 3116/2502/3227 3123/2508/3227 3124/2509/3227
f 3129/2512/3228 3130/2513/3228 3125/2510/3228
f 3128/2511/3229 3135/2516/3229 3136/2517/3229
f 3141/2520/3230 3142/2521/3230 3137/2518/3230
f 3140/2519/3231 3147/2524/3231 3148/2525/3231
f 3153/2528/3232 3154/2529/3232 3149/2526/3232
f 3224/2609/3296 3223/2608/3296 3217/2603/3296
f 3228/1735/568 3221/2607/568 3220/2606/568
f 3222/2629/3298 3221/2960/3298 3219/2630/3298
f 3225/2632/3299 3224/2644/3299 3228/2633/3299
f 3230/2614/3300 3229/2613/3300 3223/2608/3300
f 3234/2548/3975 3227/2612/3975 3226/2611/3975
f 3233/2635/3976 3231/2645/3976 3230/2636/3976
f 3231/2615/3977 3236/2619/3977 3235/2618/3977
f 3240/2623/451 3233/2617/451 3232/2616/451
f 3239/2638/3305 3237/2646/3305 3236/2639/3305
f 3242/2625/3978 3241/2624/3978 3235/2618/3978
f 3246/2628/454 3239/2622/454 3238/2621/454
f 3243/2640/3979 3242/2647/3979 3246/2641/3979
f 3243/2626/3309 3218/2604/3309 3217/2603/3309
f 3222/1736/451 3245/1066/451 3244/2627/451
f 3241/2624/3311 3217/2603/3311 3223/2608/3311
f 3223/2608/3311 3229/2613/3311 3235/2618/3311
f 3219/2643/3980 3221/2961/3980 3228/2633/3980
f 3243/2640/3981 3245/2642/3981 3222/2629/3981
f 3232/2616/3982 3226/2611/3982 3220/2606/3982
f 3220/2606/3982 3244/2627/3982 3238/2621/3982
f 3225/2632/796 3227/2634/796 3234/2637/796
f 3231/2645/3983 3233/2635/3983 3240/2635/3983
f 3237/2646/3984 3239/2638/3984 3246/2641/3984
f 3254/2654/3328 3253/2653/3328 3247/2648/3328
f 3258/2658/451 3251/2652/451 3250/2651/451
f 3252/2674/3330 3251/2962/3330 3249/2675/3330
f 3255/2677/3331 3254/2689/3331 3258/2678/3331
f 3260/2660/3332 3259/2659/3332 3253/2653/3332
f 3264/1056/451 3257/2657/451 3256/2656/451
f 3261/2680/3334 3260/2690/3334 3264/2679/3334
f 3266/2664/3335 3265/2663/3335 3259/2659/3335
f 3270/2668/451 3263/2623/451 3262/2662/451
f 3267/2682/3337 3266/2691/3337 3270/2683/3337
f 3272/2670/3338 3271/2669/3338 3265/2663/3338
f 3276/2667/451 3269/2667/451 3268/2666/451
f 3273/2685/3340 3272/2692/3340 3276/2686/3340
f 3273/2671/3341 3248/2649/3341 3247/2648/3341
f 3252/1066/451 3275/2673/451 3274/2672/451
f 3271/2669/3343 3247/2648/3343 3253/2653/3343
f 3253/2653/3343 3259/2659/3343 3265/2663/3343
f 3249/2688/451 3251/2678/451 3258/2678/451
f 3273/2685/451 3275/2687/451 3252/2674/451
f 3262/2662/3346 3256/2656/3346 3250/2651/3346
f 3250/2651/3346 3274/2672/3346 3268/2666/3346
f 3255/2677/451 3257/2679/451 3264/2679/451
f 3261/2680/451 3263/2681/451 3270/2683/451
f 3267/2682/451 3269/2684/451 3276/2686/451
f 3284/2700/3360 3283/2699/3360 3277/2693/3360
f 3288/2652/451 3281/2697/451 3280/2696/451
f 3282/2719/3362 3281/2963/3362 3279/2720/3362
f 3285/2722/3363 3284/2733/3363 3288/2723/3363
f 3285/2701/3985 3290/2704/3985 3289/2703/3985
f 3294/2544/451 3287/1056/451 3286/2702/451
f 3293/2725/3986 3291/2734/3986 3290/2726/3986
f 3296/2709/3987 3295/2708/3987 3289/2703/3987
f 3300/2713/451 3293/2707/451 3292/2706/451
f 3297/2727/3369 3296/2735/3369 3300/2728/3369
f 3302/2715/3988 3301/2714/3988 3295/2708/3988
f 3306/2718/451 3299/2712/451 3298/2711/451
f 3303/2730/3372 3302/2736/3372 3306/2729/3372
f 3303/2716/3373 3278/2694/3373 3277/2693/3373
f 3282/2698/451 3305/998/451 3304/2717/451
f 3301/2714/3989 3277/2693/3989 3283/2699/3989
f 3283/2699/3989 3289/2703/3989 3295/2708/3989
f 3279/2732/451 3281/2964/451 3288/2723/451
f 3303/2730/796 3305/2731/796 3282/2719/796
f 3292/2706/3378 3286/2702/3378 3280/2696/3378
f 3280/2696/3990 3304/2717/3990 3298/2711/3990
f 3285/2722/451 3287/2724/451 3294/2724/451
f 3291/2734/451 3293/2725/451 3300/2728/451
f 3297/2727/451 3299/2729/451 3306/2729/451
f 3309/2739/3991 3314/2744/3991 3313/2743/3991
f 3318/1735/451 3311/2741/451 3310/2740/451
f 3312/2761/3992 3311/2965/3992 3309/2762/3992
f 3315/2764/3395 3314/2773/3395 3318/2765/3395
f 3315/2745/3396 3320/2748/3396 3319/2747/3396
f 3324/2751/451 3317/2612/451 3316/2746/451
f 3323/2767/3398 3321/2774/3398 3320/2768/3398
f 3321/2749/3399 3326/2753/3399 3325/2752/3399
f 3330/2668/454 3323/2617/454 3322/2750/454
f 3327/2769/3401 3326/2775/3401 3330/2767/3401
f 3332/2758/3993 3331/2757/3993 3325/2752/3993
f 3336/2667/451 3329/2756/451 3328/2755/451
f 3333/2771/3404 3332/2776/3404 3336/2770/3404
f 3333/2759/3405 3308/2738/3405 3307/2737/3405
f 3312/2742/451 3335/1066/451 3334/2760/451
f 3331/2757/3407 3307/2737/3407 3313/2743/3407
f 3313/2743/3407 3319/2747/3407 3325/2752/3407
f 3309/2772/451 3311/2765/451 3318/2765/451
f 3333/2771/451 3335/2761/451 3312/2761/451
f 3322/2750/3410 3316/2746/3410 3310/2740/3410
f 3310/2740/3410 3334/2760/3410 3328/2755/3410
f 3315/2764/451 3317/2766/451 3324/2766/451
f 3321/2774/3994 3323/2767/3994 3330/2767/3994
f 3327/2769/451 3329/2770/451 3336/2770/451
f 3339/2779/3424 3344/2782/3424 3343/2781/3424
f 3348/2741/451 3341/2697/451 3340/2780/451
f 3342/2800/3426 3341/2966/3426 3339/2801/3426
f 3345/2803/3427 3344/2815/3427 3348/2804/3427
f 3350/2786/3428 3349/2785/3428 3343/2781/3428
f 3354/2790/451 3347/1056/451 3346/2784/451
f 3351/2806/3430 3350/2816/3430 3354/2807/3430
f 3356/2792/3995 3355/2791/3995 3349/2785/3995
f 3360/2795/451 3353/2789/451 3352/2788/451
f 3359/2809/3433 3357/2817/3433 3356/2810/3433
f 3357/2793/3434 3362/2797/3434 3361/2796/3434
f 3366/1754/451 3359/2667/451 3358/2794/451
f 3363/2811/3436 3362/2818/3436 3366/2812/3436
f 3363/2798/3437 3338/2778/3437 3337/2777/3437
f 3342/1736/451 3365/2698/451 3364/2799/451
f 3361/2796/3439 3337/2777/3439 3343/2781/3439
f 3343/2781/3439 3349/2785/3439 3355/2791/3439
f 3339/2814/3996 3341/2967/3996 3348/2804/3996
f 3363/2811/451 3365/2813/451 3342/2800/451
f 3352/2788/3997 3346/2784/3997 3340/2780/3997
f 3340/2780/3997 3364/2799/3997 3358/2794/3997
f 3345/2803/451 3347/2805/451 3354/2807/451
f 3351/2806/451 3353/2808/451 3360/2808/451
f 3357/2817/451 3359/2809/451 3366/2812/451
usemtl rope
f 1309/993/1366 1310/994/1366 1311/995/1366
f 1312/996/1367 1313/997/1367 1314/998/1367
f 1315/999/1368 1316/1000/1368 1317/1001/1368
f 1318/1002/1369 1319/1003/1369 1320/1004/1369
f 1321/1005/1370 1322/1006/1370 1323/1007/1370
f 1324/1008/1371 1325/1009/1371 1326/1010/1371
f 1327/1011/1372 1328/1012/1372 1329/1013/1372
f 1330/1014/1373 1331/1015/1373 1332/1016/1373
f 1333/1017/1374 1334/1018/1374 1335/1019/1374
f 1336/1020/1375 1337/1021/1375 1338/1022/1375
f 1311/995/1376 1315/999/1376 1309/993/1376
f 1320/1004/1377 1312/996/1377 1318/1002/1377
f 1314/1023/1378 1311/1024/1378 1310/1025/1378
f 1319/1026/1379 1316/1027/1379 1320/1028/1379
f 1317/1001/1380 1321/1005/1380 1315/999/1380
f 1326/1010/1381 1318/1002/1381 1324/1008/1381
f 1325/1029/1382 1322/1030/1382 1326/1031/1382
f 1323/1007/1383 1327/1011/1383 1321/1005/1383
f 1332/1016/1384 1324/1008/1384 1330/1014/1384
f 1329/1032/1385 1332/1029/1385 1331/1033/1385
f 1329/1013/1386 1333/1017/1386 1327/1011/1386
f 1338/1022/1387 1330/1014/1387 1336/1020/1387
f 1335/1034/1388 1338/1035/1388 1337/1036/1388
f 1335/1019/1389 1309/993/1389 1333/1017/1389
f 1314/998/1390 1336/1020/1390 1312/996/1390
f 1315/999/1391 1327/1011/1391 1333/1017/1391
f 1311/1037/1392 1320/1028/1392 1316/1027/1392
f 1335/1034/451 1314/1023/451 1310/1025/451
f 1312/996/1393 1330/1014/1393 1324/1008/1393
f 1317/1038/451 1326/1031/451 1322/1030/451
f 1323/1039/451 1332/1029/451 1328/1039/451
f 1329/1032/568 1338/1035/568 1334/1040/568
f 1339/1041/1394 1340/1042/1394 1341/1043/1394
f 1342/1044/1395 1343/1045/1395 1344/1046/1395
f 1345/1047/1396 1346/1048/1396 1347/1006/1396
f 1348/1049/1397 1349/1050/1397 1350/1051/1397
f 1351/1052/1398 1352/1006/1398 1353/1053/1398
f 1354/1054/1399 1355/1055/1399 1356/1056/1399
f 1357/1011/1400 1358/1057/1400 1359/1058/1400
f 1360/1059/1401 1361/1060/1401 1362/1061/1401
f 1363/1062/1402 1364/1063/1402 1365/1064/1402
f 1366/1065/1403 1367/1066/1403 1368/1015/1403
f 1341/1043/1404 1345/1047/1404 1339/1041/1404
f 1350/1051/1405 1342/1044/1405 1348/1049/1405
f 1344/1067/1406 1341/1068/1406 1340/1069/1406
f 1349/1070/1407 1346/1071/1407 1350/1072/1407
f 1347/1006/1408 1351/1052/1408 1345/1047/1408
f 1356/1056/1409 1348/1049/1409 1354/1054/1409
f 1355/1073/1410 1352/1074/1410 1356/1075/1410
f 1353/1053/1411 1357/1011/1411 1351/1052/1411
f 1362/1061/1412 1354/1054/1412 1360/1059/1412
f 1361/1076/1413 1358/1077/1413 1362/1073/1413
f 1359/1058/1414 1363/1062/1414 1357/1011/1414
f 1368/1015/1415 1360/1059/1415 1366/1065/1415
f 1365/1078/1416 1368/1079/1416 1367/1080/1416
f 1365/1064/1417 1339/1041/1417 1363/1062/1417
f 1344/1046/1418 1366/1065/1418 1342/1044/1418
f 1345/1047/1419 1357/1011/1419 1363/1062/1419
f 1341/1081/454 1350/1072/454 1346/1071/454
f 1365/1078/451 1344/1067/451 1340/1069/451
f 1342/1044/1420 1360/1059/1420 1354/1054/1420
f 1347/1082/451 1356/1075/451 1352/1074/451
f 1353/1077/451 1362/1073/451 1358/1077/451
f 1361/1076/566 1364/1083/566 1359/1084/566
f 2179/1732/2246 2180/1733/2246 2181/1048/2246
f 2182/1734/2247 2183/1735/2247 2184/1736/2247
f 2185/1737/2248 2186/1738/2248 2187/1739/2248
f 2188/1740/2249 2189/1741/2249 2190/1742/2249
f 2191/1743/2250 2192/1744/2250 2193/1745/2250
f 2194/1008/2251 2195/1009/2251 2196/1056/2251
f 2197/1746/2252 2198/1747/2252 2199/1058/2252
f 2200/1748/2253 2201/1749/2253 2202/1750/2253
f 2203/1751/2254 2204/1752/2254 2205/1064/2254
f 2206/1753/2255 2207/998/2255 2208/1754/2255
f 2181/1048/2256 2185/1737/2256 2179/1732/2256
f 2190/1742/2257 2182/1734/2257 2188/1740/2257
f 2184/1755/2258 2181/1756/2258 2180/1757/2258
f 2189/1758/2259 2186/1759/2259 2190/1760/2259
f 2192/1744/451 2185/1737/451 2187/1739/451
f 2196/1056/2260 2188/1740/2260 2194/1008/2260
f 2193/1761/2261 2196/1762/2261 2195/1763/2261
f 2198/1747/451 2191/1743/451 2193/1745/451
f 2202/1750/2262 2194/1008/2262 2200/1748/2262
f 2199/1764/2263 2202/1763/2263 2201/1765/2263
f 2199/1058/2264 2203/1751/2264 2197/1746/2264
f 2208/1754/2265 2200/1748/2265 2206/1753/2265
f 2205/1757/2266 2208/1766/2266 2207/1767/2266
f 2205/1064/2267 2179/1732/2267 2203/1751/2267
f 2184/1736/2268 2206/1753/2268 2182/1734/2268
f 2185/1737/2269 2197/1746/2269 2203/1751/2269
f 2181/1759/451 2190/1760/451 2186/1759/451
f 2205/1757/451 2184/1755/451 2180/1757/451
f 2182/1734/2270 2200/1748/2270 2194/1008/2270
f 2187/1768/451 2196/1762/451 2192/1768/451
f 2193/1761/451 2202/1763/451 2198/1761/451
f 2199/1764/451 2208/1766/451 2204/1769/451
f 2209/1041/2271 2210/1042/2271 2211/1770/2271
f 2212/1771/2272 2213/1045/2272 2214/1772/2272
f 2215/1773/2273 2216/1774/2273 2217/1775/2273
f 2218/1776/2274 2219/1777/2274 2220/1778/2274
f 2221/1779/2275 2222/1780/2275 2223/1781/2275
f 2224/1054/2276 2225/1009/2276 2226/1782/2276
f 2227/1783/2277 2228/1012/2277 2229/1784/2277
f 2230/1785/2278 2231/1786/2278 2232/1750/2278
f 2233/1062/2279 2234/1787/2279 2235/1788/2279
f 2236/1789/2280 2237/1790/2280 2238/1754/2280
f 2211/1770/2281 2215/1773/2281 2209/1041/2281
f 2220/1778/2282 2212/1771/2282 2218/1776/2282
f 2214/1791/2283 2211/1792/2283 2210/1793/2283
f 2219/1794/2284 2216/1795/2284 2220/1796/2284
f 2222/1780/2285 2215/1773/2285 2217/1775/2285
f 2226/1782/2286 2218/1776/2286 2224/1054/2286
f 2223/1797/2287 2226/1798/2287 2225/1799/2287
f 2223/1781/2288 2227/1783/2288 2221/1779/2288
f 2232/1750/2289 2224/1054/2289 2230/1785/2289
f 2231/1800/2290 2228/1801/2290 2232/1802/2290
f 2229/1784/2291 2233/1062/2291 2227/1783/2291
f 2238/1754/2292 2230/1785/2292 2236/1789/2292
f 2235/1803/2293 2238/1804/2293 2237/1805/2293
f 2235/1788/2294 2209/1041/2294 2233/1062/2294
f 2237/1790/2295 2212/1771/2295 2214/1772/2295
f 2215/1773/2296 2227/1783/2296 2233/1062/2296
f 2211/1795/451 2220/1796/451 2216/1795/451
f 2235/1803/2297 2214/1791/2297 2210/1793/2297
f 2212/1771/2298 2230/1785/2298 2224/1054/2298
f 2217/1806/454 2226/1798/454 2222/1806/454
f 2223/1797/454 2232/1802/454 2228/1801/454
f 2229/1807/451 2238/1804/451 2234/1808/451
f 3157/2537/3233 3158/1042/3233 3159/2538/3233
f 3160/2539/3234 3161/2540/3234 3162/1021/3234
f 3163/2541/3235 3164/2542/3235 3165/1006/3235
f 3166/2543/3236 3167/2544/3236 3168/2540/3236
f 3169/2545/3237 3170/2546/3237 3171/1007/3237
f 3172/2547/3238 3173/1009/3238 3174/2548/3238
f 3175/2549/3239 3176/1012/3239 3177/1013/3239
f 3178/2550/3240 3179/1786/3240 3180/1016/3240
f 3181/2551/3241 3182/1752/3241 3183/2552/3241
f 3184/1020/3242 3185/1021/3242 3186/1015/3242
f 3159/2538/3243 3163/2541/3243 3157/2537/3243
f 3168/2540/3244 3160/2539/3244 3166/2543/3244
f 3158/2553/3245 3161/2554/3245 3159/2555/3245
f 3165/2556/3246 3168/2557/3246 3167/2558/3246
f 3165/1006/3247 3169/2545/3247 3163/2541/3247
f 3174/2548/3248 3166/2543/3248 3172/2547/3248
f 3171/2559/3249 3174/2558/3249 3173/2560/3249
f 3171/1007/3250 3175/2549/3250 3169/2545/3250
f 3180/1016/3251 3172/2547/3251 3178/2550/3251
f 3177/2561/3252 3180/2562/3252 3179/2563/3252
f 3177/1013/3253 3181/2551/3253 3175/2549/3253
f 3179/1786/454 3184/1020/454 3186/1015/454
f 3183/2564/3254 3186/2565/3254 3185/2566/3254
f 3183/2552/3255 3157/2537/3255 3181/2551/3255
f 3162/1021/3256 3184/1020/3256 3160/2539/3256
f 3163/2541/3257 3175/2549/3257 3181/2551/3257
f 3159/2567/3258 3168/2557/3258 3164/2568/3258
f 3183/2564/451 3162/2566/451 3158/2553/451
f 3160/2539/3259 3178/2550/3259 3172/2547/3259
f 3165/2556/451 3174/2558/451 3170/2569/451
f 3171/2559/451 3180/2562/451 3176/2570/451
f 3177/2561/454 3186/2565/454 3182/2571/454
f 3187/2572/3260 3188/2573/3260 3189/995/3260
f 3190/2574/3261 3191/2575/3261 3192/998/3261
f 3193/999/3262 3194/2576/3262 3195/1739/3262
f 3196/1740/3263 3197/2577/3263 3198/1004/3263
f 3199/1005/3264 3200/1775/3264 3201/1007/3264
f 3202/2578/3265 3203/1009/3265 3204/2579/3265
f 3205/2580/3266 3206/1012/3266 3207/2581/3266
f 3208/2582/3267 3209/2583/3267 3210/2584/3267
f 3211/1751/3268 3212/1752/3268 3213/1019/3268
f 3214/2585/3269 3215/2586/3269 3216/1754/3269
f 3194/2576/451 3187/2572/451 3189/995/451
f 3198/1004/3270 3190/2574/3270 3196/1740/3270
f 3192/2587/3271 3189/2588/3271 3188/2589/3271
f 3197/2590/3272 3194/2591/3272 3198/2592/3272
f 3195/1739/3273 3199/1005/3273 3193/999/3273
f 3204/2579/3274 3196/1740/3274 3202/2578/3274
f 3201/2593/3275 3204/2590/3275 3203/2594/3275
f 3201/1007/3276 3205/2580/3276 3199/1005/3276
f 3210/2584/3277 3202/2578/3277 3208/2582/3277
f 3209/2595/3278 3206/2596/3278 3210/2594/3278
f 3207/2581/3279 3211/1751/3279 3205/2580/3279
f 3216/1754/3280 3208/2582/3280 3214/2585/3280
f 3213/2597/3281 3216/2598/3281 3215/2599/3281
f 3213/1019/3282 3187/2572/3282 3211/1751/3282
f 3192/998/3283 3214/2585/3283 3190/2574/3283
f 3193/999/3284 3205/2580/3284 3211/1751/3284
f 3189/2591/454 3198/2592/454 3194/2591/454
f 3213/2597/451 3192/2587/451 3188/2589/451
f 3190/2574/3285 3208/2582/3285 3202/2578/3285
f 3195/2600/451 3204/2590/451 3200/2600/451
f 3201/2593/451 3210/2594/451 3206/2596/451
f 3207/2601/451 3216/2598/451 3212/2602/451
f 3367/2819/3446 3368/2820/3446 3369/2821/3446
f 3370/2822/3447 3371/2823/3447 3372/2824/3447
f 3373/2825/3448 3374/2826/3448 3375/2827/3448
f 3376/2828/3449 3377/2829/3449 3378/2830/3449
f 3379/2831/3450 3380/2832/3450 3381/2833/3450
f 3382/2834/3451 3383/2835/3451 3384/2836/3451
f 3385/2837/3452 3386/2838/3452 3387/2839/3452
f 3388/2840/3453 3389/2841/3453 3390/2842/3453
f 3391/2843/3454 3392/2844/3454 3393/2845/3454
f 3394/2846/3455 3395/2847/3455 3396/2848/3455
f 3397/2849/3456 3398/2850/3456 3399/2851/3456
f 3400/2852/3457 3401/2853/3457 3402/2854/3457
f 3403/2855/3458 3404/2856/3458 3405/2857/3458
f 3406/2858/3459 3407/2859/3459 3408/2860/3459
f 3409/2861/3460 3410/254/3460 3411/254/3460
f 3412/2862/3461 3413/2863/3461 3414/2864/3461
f 3415/2865/3462 3416/2866/3462 3417/2867/3462
f 3418/2868/3463 3419/2869/3463 3420/2870/3463
f 3421/2871/3464 3422/2872/3464 3423/2873/3464
f 3424/2874/3465 3425/2875/3465 3426/2876/3465
f 3427/2839/3466 3428/2877/3466 3429/2878/3466
f 3430/2879/3467 3431/2880/3467 3432/2881/3467
f 3433/2845/3468 3434/2882/3468 3435/2883/3468
f 3436/2884/3469 3437/2885/3469 3438/2886/3469
f 3439/2887/3470 3440/2888/3470 3441/2889/3470
f 3442/2890/3471 3443/2891/3471 3444/2892/3471
f 3445/2893/3472 3446/2894/3472 3447/2895/3472
f 3448/2896/3473 3449/2897/3473 3450/2858/3473
f 3373/2825/3474 3367/254/3474 3369/2898/3474
f 3378/2830/3475 3372/2824/3475 3376/2828/3475
f 3368/2820/3476 3370/2864/3476 3369/2821/3476
f 3377/2829/3477 3373/2825/3477 3378/2830/3477
f 3374/2826/3478 3381/2833/3478 3375/2827/3478
f 3384/2836/3479 3376/2828/3479 3382/2834/3479
f 3383/2835/3480 3379/2831/3480 3384/2836/3480
f 3385/2837/3481 3381/2833/3481 3380/2832/3481
f 3390/2842/3482 3382/2834/3482 3388/2840/3482
f 3389/2841/3483 3385/2837/3483 3390/2842/3483
f 3386/2838/3484 3393/2845/3484 3387/2839/3484
f 3396/2848/3485 3388/2840/3485 3394/2846/3485
f 3395/2847/3486 3391/2843/3486 3396/2848/3486
f 3397/2849/3487 3393/2845/3487 3392/2844/3487
f 3395/2847/3488 3400/2852/3488 3402/2854/3488
f 3398/2850/3489 3402/2854/3489 3401/2853/3489
f 3398/2850/3490 3405/2857/3490 3399/2851/3490
f 3401/2853/3491 3406/2858/3491 3408/2860/3491
f 3404/2856/3492 3408/2860/3492 3407/2859/3492
f 3404/2856/3493 3367/2819/3493 3405/2857/3493
f 3371/2899/3494 3406/2858/3494 3372/2900/3494
f 3415/2865/3495 3409/2861/3495 3411/254/3495
f 3412/305/3496 3418/2868/3496 3420/2870/3496
f 3414/2864/3497 3410/2901/3497 3409/2902/3497
f 3418/2868/3498 3416/2866/3498 3419/2869/3498
f 3421/2871/3499 3416/2866/3499 3415/2865/3499
f 3420/2870/3500 3424/2874/3500 3426/2876/3500
f 3423/2873/3501 3425/2875/3501 3424/2874/3501
f 3427/2839/3502 3422/2872/3502 3421/2871/3502
f 3432/2881/3503 3425/2875/3503 3430/2879/3503
f 3430/2879/3504 3428/2877/3504 3431/2880/3504
f 3433/2845/3505 3428/2877/3505 3427/2839/3505
f 3438/2886/3506 3431/2880/3506 3436/2884/3506
f 3436/2884/3507 3434/2882/3507 3437/2885/3507
f 3433/2845/3508 3441/2889/3508 3434/2882/3508
f 3444/2892/3509 3437/2885/3509 3442/2890/3509
f 3441/2889/3510 3443/2891/3510 3442/2890/3510
f 3445/2893/3511 3440/2888/3511 3439/2887/3511
f 3450/2858/3512 3443/2891/3512 3448/2896/3512
f 3448/2896/3513 3446/2894/3513 3449/2897/3513
f 3445/2893/3514 3410/2901/3514 3446/2894/3514
f 3412/2862/3515 3449/2897/3515 3413/2863/3515
f 3367/254/451 3415/2865/451 3411/254/451
f 3370/2822/3516 3373/2825/3516 3369/2898/3516
f 3404/2856/3517 3371/2899/3517 3368/2820/3517
f 3405/2857/451 3411/2819/451 3445/2893/451
f 3376/2828/3518 3412/305/3518 3420/2870/3518
f 3372/2900/451 3450/2858/451 3412/2862/451
f 3377/2829/3519 3379/2831/3519 3374/2826/3519
f 3375/2827/451 3421/2871/451 3415/2865/451
f 3382/2834/451 3420/2870/451 3426/2876/451
f 3380/2832/3520 3390/2842/3520 3385/2837/3520
f 3381/2833/451 3427/2839/451 3421/2871/451
f 3388/2840/454 3426/2876/454 3432/2881/454
f 3389/2841/3521 3391/2843/3521 3386/2838/3521
f 3393/2845/3522 3427/2839/3522 3387/2839/3522
f 3394/2846/451 3432/2881/451 3438/2886/451
f 3395/2847/3523 3397/2849/3523 3392/2844/3523
f 3399/2851/3524 3433/2845/3524 3393/2845/3524
f 3400/2852/451 3438/2886/451 3444/2892/451
f 3398/2850/3525 3408/2860/3525 3403/2855/3525
f 3399/2851/454 3445/2893/454 3439/2887/454
f 3406/2858/451 3444/2892/451 3450/2858/451
f 3417/2867/3526 3414/2903/3526 3409/2861/3526
f 3410/2901/3527 3449/2897/3527 3446/2894/3527
f 3423/2873/3528 3419/2869/3528 3416/2866/3528
f 3422/2872/3529 3430/2879/3529 3425/2875/3529
f 3428/2877/3530 3436/2884/3530 3431/2880/3530
f 3441/2889/3531 3437/2885/3531 3434/2882/3531
f 3440/2888/3532 3448/2896/3532 3443/2891/3532
f 3451/993/3533 3452/1042/3533 3453/2538/3533
f 3454/2574/3534 3455/1778/3534 3456/1021/3534
f 3457/1773/3535 3458/2542/3535 3459/1739/3535
f 3460/2543/3536 3461/2577/3536 3462/2652/3536
f 3463/2904/3537 3464/2905/3537 3465/1012/3537
f 3466/2547/3538 3467/2906/3538 3468/2907/3538
f 3469/1746/3539 3470/1007/3539 3471/2908/3539
f 3472/1748/3540 3473/1749/3540 3474/2909/3540
f 3475/2910/3541 3476/1752/3541 3477/2552/3541
f 3478/2911/3542 3479/1021/3542 3480/1754/3542
f 3453/2538/3543 3457/1773/3543 3451/993/3543
f 3462/2652/3544 3454/2574/3544 3460/2543/3544
f 3456/2912/3545 3453/2913/3545 3452/2914/3545
f 3461/2915/3546 3458/2916/3546 3462/2917/3546
f 3459/1739/3547 3463/2904/3547 3457/1773/3547
f 3468/2907/3548 3460/2543/3548 3466/2547/3548
f 3465/2918/3549 3468/2915/3549 3467/2919/3549
f 3465/1012/3550 3469/1746/3550 3463/2904/3550
f 3474/2909/3551 3466/2547/3551 3472/1748/3551
f 3471/2920/3552 3474/2921/3552 3473/2922/3552
f 3471/2908/3553 3475/2910/3553 3469/1746/3553
f 3480/1754/3554 3472/1748/3554 3478/2911/3554
f 3479/2923/3555 3476/2920/3555 3480/2924/3555
f 3477/2552/3556 3451/993/3556 3475/2910/3556
f 3456/1021/3557 3478/2911/3557 3454/2574/3557
f 3457/1773/3558 3469/1746/3558 3475/2910/3558
f 3453/2925/796 3462/2917/796 3458/2916/796
f 3477/2914/451 3456/2912/451 3452/2914/451
f 3454/2574/3559 3472/1748/3559 3466/2547/3559
f 3459/2926/451 3468/2915/451 3464/2927/451
f 3465/2918/451 3474/2921/451 3470/2928/451
f 3471/2920/451 3480/2924/451 3476/2920/451
f 1311/995/3735 1316/1000/3735 1315/999/3735
f 1320/1004/451 1313/997/451 1312/996/451
f 1314/1023/1378 1313/2937/1378 1311/1024/1378
f 1319/1026/1379 1317/1038/1379 1316/1027/1379
f 1317/1001/451 1322/1006/451 1321/1005/451
f 1326/1010/451 1319/1003/451 1318/1002/451
f 1325/1029/1382 1323/1039/1382 1322/1030/1382
f 1323/1007/451 1328/1012/451 1327/1011/451
f 1332/1016/451 1325/1009/451 1324/1008/451
f 1329/1032/1385 1328/1039/1385 1332/1029/1385
f 1329/1013/566 1334/1018/566 1333/1017/566
f 1338/1022/454 1331/1015/454 1330/1014/454
f 1335/1034/1388 1334/1040/1388 1338/1035/1388
f 1335/1019/451 1310/994/451 1309/993/451
f 1314/998/451 1337/1021/451 1336/1020/451
f 1333/1017/3736 1309/993/3736 1315/999/3736
f 1315/999/3737 1321/1005/3737 1327/1011/3737
f 1311/1037/3738 1313/1028/3738 1320/1028/3738
f 1335/1034/451 1337/1036/451 1314/1023/451
f 1324/1008/1393 1318/1002/1393 1312/996/1393
f 1312/996/3739 1336/1020/3739 1330/1014/3739
f 1317/1038/451 1319/1026/451 1326/1031/451
f 1323/1039/451 1325/1029/451 1332/1029/451
f 1329/1032/3740 1331/1033/3740 1338/1035/3740
f 1341/1043/3741 1346/1048/3741 1345/1047/3741
f 1350/1051/451 1343/1045/451 1342/1044/451
f 1344/1067/1406 1343/2938/1406 1341/1068/1406
f 1349/1070/1407 1347/1082/1407 1346/1071/1407
f 1347/1006/451 1352/1006/451 1351/1052/451
f 1356/1056/451 1349/1050/451 1348/1049/451
f 1355/1073/1410 1353/1077/1410 1352/1074/1410
f 1353/1053/451 1358/1057/451 1357/1011/451
f 1362/1061/451 1355/1055/451 1354/1054/451
f 1361/1076/1413 1359/1084/1413 1358/1077/1413
f 1359/1058/1229 1364/1063/1229 1363/1062/1229
f 1368/1015/451 1361/1060/451 1360/1059/451
f 1365/1078/1416 1364/1083/1416 1368/1079/1416
f 1365/1064/454 1340/1042/454 1339/1041/454
f 1344/1046/451 1367/1066/451 1366/1065/451
f 1363/1062/3742 1339/1041/3742 1345/1047/3742
f 1345/1047/1419 1351/1052/1419 1357/1011/1419
f 1341/1081/451 1343/2939/451 1350/1072/451
f 1365/1078/451 1367/1080/451 1344/1067/451
f 1354/1054/1420 1348/1049/1420 1342/1044/1420
f 1342/1044/3743 1366/1065/3743 1360/1059/3743
f 1347/1082/451 1349/1070/451 1356/1075/451
f 1353/1077/451 1355/1073/451 1362/1073/451
f 1361/1076/900 1368/1079/900 1364/1083/900
f 2181/1048/451 2186/1738/451 2185/1737/451
f 2190/1742/451 2183/1735/451 2182/1734/451
f 2184/1755/2258 2183/2945/2258 2181/1756/2258
f 2189/1758/2259 2187/1768/2259 2186/1759/2259
f 2192/1744/3832 2191/1743/3832 2185/1737/3832
f 2196/1056/451 2189/1741/451 2188/1740/451
f 2193/1761/2261 2192/1768/2261 2196/1762/2261
f 2198/1747/3833 2197/1746/3833 2191/1743/3833
f 2202/1750/451 2195/1009/451 2194/1008/451
f 2199/1764/2263 2198/1761/2263 2202/1763/2263
f 2199/1058/451 2204/1752/451 2203/1751/451
f 2208/1754/451 2201/1749/451 2200/1748/451
f 2205/1757/2266 2204/1769/2266 2208/1766/2266
f 2205/1064/451 2180/1733/451 2179/1732/451
f 2184/1736/451 2207/998/451 2206/1753/451
f 2203/1751/2269 2179/1732/2269 2185/1737/2269
f 2185/1737/2269 2191/1743/2269 2197/1746/2269
f 2181/1759/451 2183/2946/451 2190/1760/451
f 2205/1757/451 2207/1767/451 2184/1755/451
f 2194/1008/2270 2188/1740/2270 2182/1734/2270
f 2182/1734/2270 2206/1753/2270 2200/1748/2270
f 2187/1768/451 2189/1758/451 2196/1762/451
f 2193/1761/451 2195/1763/451 2202/1763/451
f 2199/1764/451 2201/1765/451 2208/1766/451
f 2211/1770/451 2216/1774/451 2215/1773/451
f 2220/1778/451 2213/1045/451 2212/1771/451
f 2214/1791/2283 2213/2947/2283 2211/1792/2283
f 2219/1794/2284 2217/1806/2284 2216/1795/2284
f 2222/1780/3834 2221/1779/3834 2215/1773/3834
f 2226/1782/454 2219/1777/454 2218/1776/454
f 2223/1797/2287 2222/1806/2287 2226/1798/2287
f 2223/1781/451 2228/1012/451 2227/1783/451
f 2232/1750/451 2225/1009/451 2224/1054/451
f 2231/1800/2290 2229/1807/2290 2228/1801/2290
f 2229/1784/451 2234/1787/451 2233/1062/451
f 2238/1754/451 2231/1786/451 2230/1785/451
f 2235/1803/2293 2234/1808/2293 2238/1804/2293
f 2235/1788/451 2210/1042/451 2209/1041/451
f 2237/1790/3835 2236/1789/3835 2212/1771/3835
f 2233/1062/3836 2209/1041/3836 2215/1773/3836
f 2215/1773/2296 2221/1779/2296 2227/1783/2296
f 2211/1795/451 2213/2948/451 2220/1796/451
f 2235/1803/3837 2237/1805/3837 2214/1791/3837
f 2224/1054/2298 2218/1776/2298 2212/1771/2298
f 2212/1771/3838 2236/1789/3838 2230/1785/3838
f 2217/1806/3839 2219/1794/3839 2226/1798/3839
f 2223/1797/451 2225/1799/451 2232/1802/451
f 2229/1807/451 2231/1800/451 2238/1804/451
f 3159/2538/3966 3164/2542/3966 3163/2541/3966
f 3168/2540/451 3161/2540/451 3160/2539/451
f 3158/2553/3245 3162/2566/3245 3161/2554/3245
f 3165/2556/3246 3164/2568/3246 3168/2557/3246
f 3165/1006/451 3170/2546/451 3169/2545/451
f 3174/2548/451 3167/2544/451 3166/2543/451
f 3171/2559/3249 3170/2569/3249 3174/2558/3249
f 3171/1007/451 3176/1012/451 3175/2549/451
f 3180/1016/451 3173/1009/451 3172/2547/451
f 3177/2561/3252 3176/2570/3252 3180/2562/3252
f 3177/1013/3967 3182/1752/3967 3181/2551/3967
f 3179/1786/3968 3178/2550/3968 3184/1020/3968
f 3183/2564/3254 3182/2571/3254 3186/2565/3254
f 3183/2552/451 3158/1042/451 3157/2537/451
f 3162/1021/451 3185/1021/451 3184/1020/451
f 3181/2551/3969 3157/2537/3969 3163/2541/3969
f 3163/2541/3257 3169/2545/3257 3175/2549/3257
f 3159/2567/451 3161/2957/451 3168/2557/451
f 3183/2564/451 3185/2566/451 3162/2566/451
f 3172/2547/3970 3166/2543/3970 3160/2539/3970
f 3160/2539/3259 3184/1020/3259 3178/2550/3259
f 3165/2556/451 3167/2558/451 3174/2558/451
f 3171/2559/451 3173/2560/451 3180/2562/451
f 3177/2561/3971 3179/2563/3971 3186/2565/3971
f 3194/2576/3972 3193/999/3972 3187/2572/3972
f 3198/1004/451 3191/2575/451 3190/2574/451
f 3192/2587/3973 3191/2958/3973 3189/2588/3973
f 3197/2590/3272 3195/2600/3272 3194/2591/3272
f 3195/1739/451 3200/1775/451 3199/1005/451
f 3204/2579/451 3197/2577/451 3196/1740/451
f 3201/2593/3974 3200/2600/3974 3204/2590/3974
f 3201/1007/451 3206/1012/451 3205/2580/451
f 3210/2584/451 3203/1009/451 3202/2578/451
f 3209/2595/3278 3207/2601/3278 3206/2596/3278
f 3207/2581/451 3212/1752/451 3211/1751/451
f 3216/1754/451 3209/2583/451 3208/2582/451
f 3213/2597/3281 3212/2602/3281 3216/2598/3281
f 3213/1019/451 3188/2573/451 3187/2572/451
f 3192/998/451 3215/2586/451 3214/2585/451
f 3211/1751/3284 3187/2572/3284 3193/999/3284
f 3193/999/3284 3199/1005/3284 3205/2580/3284
f 3189/2591/451 3191/2959/451 3198/2592/451
f 3213/2597/451 3215/2599/451 3192/2587/451
f 3202/2578/3285 3196/1740/3285 3190/2574/3285
f 3190/2574/3285 3214/2585/3285 3208/2582/3285
f 3195/2600/451 3197/2590/451 3204/2590/451
f 3201/2593/451 3203/2594/451 3210/2594/451
f 3207/2601/451 3209/2595/451 3216/2598/451
f 3373/2825/3474 3375/2827/3474 3367/254/3474
f 3378/2830/3475 3370/2822/3475 3372/2824/3475
f 3368/2820/3476 3371/2899/3476 3370/2864/3476
f 3377/2829/3477 3374/2826/3477 3373/2825/3477
f 3374/2826/3478 3379/2831/3478 3381/2833/3478
f 3384/2836/3479 3377/2829/3479 3376/2828/3479
f 3383/2835/3998 3380/2832/3998 3379/2831/3998
f 3385/2837/3481 3387/2839/3481 3381/2833/3481
f 3390/2842/3482 3383/2835/3482 3382/2834/3482
f 3389/2841/3483 3386/2838/3483 3385/2837/3483
f 3386/2838/3999 3391/2843/3999 3393/2845/3999
f 3396/2848/3485 3389/2841/3485 3388/2840/3485
f 3395/2847/3486 3392/2844/3486 3391/2843/3486
f 3397/2849/3487 3399/2851/3487 3393/2845/3487
f 3395/2847/3488 3394/2846/3488 3400/2852/3488
f 3398/2850/3489 3397/2849/3489 3402/2854/3489
f 3398/2850/4000 3403/2855/4000 3405/2857/4000
f 3401/2853/4001 3400/2852/4001 3406/2858/4001
f 3404/2856/3492 3403/2855/3492 3408/2860/3492
f 3404/2856/3493 3368/2820/3493 3367/2819/3493
f 3371/2899/4002 3407/2859/4002 3406/2858/4002
f 3415/2865/3495 3417/2867/3495 3409/2861/3495
f 3412/305/4003 3414/2903/4003 3418/2868/4003
f 3414/2864/3497 3413/2863/3497 3410/2901/3497
f 3418/2868/3498 3417/2867/3498 3416/2866/3498
f 3421/2871/4004 3423/2873/4004 3416/2866/4004
f 3420/2870/3500 3419/2869/3500 3424/2874/3500
f 3423/2873/4005 3422/2872/4005 3425/2875/4005
f 3427/2839/4006 3429/2878/4006 3422/2872/4006
f 3432/2881/3503 3426/2876/3503 3425/2875/3503
f 3430/2879/4007 3429/2878/4007 3428/2877/4007
f 3433/2845/3505 3435/2883/3505 3428/2877/3505
f 3438/2886/4008 3432/2881/4008 3431/2880/4008
f 3436/2884/3507 3435/2883/3507 3434/2882/3507
f 3433/2845/3508 3439/2887/3508 3441/2889/3508
f 3444/2892/3509 3438/2886/3509 3437/2885/3509
f 3441/2889/3510 3440/2888/3510 3443/2891/3510
f 3445/2893/4009 3447/2895/4009 3440/2888/4009
f 3450/2858/3512 3444/2892/3512 3443/2891/3512
f 3448/2896/3513 3447/2895/3513 3446/2894/3513
f 3445/2893/4010 3411/2819/4010 3410/2901/4010
f 3412/2862/3515 3450/2858/3515 3449/2897/3515
f 3367/254/451 3375/2827/451 3415/2865/451
f 3370/2822/3516 3378/2830/3516 3373/2825/3516
f 3404/2856/4011 3407/2859/4011 3371/2899/4011
f 3405/2857/451 3367/2819/451 3411/2819/451
f 3376/2828/451 3372/2824/451 3412/305/451
f 3372/2900/451 3406/2858/451 3450/2858/451
f 3377/2829/4012 3384/2836/4012 3379/2831/4012
f 3375/2827/451 3381/2833/451 3421/2871/451
f 3382/2834/1681 3376/2828/1681 3420/2870/1681
f 3380/2832/3520 3383/2835/3520 3390/2842/3520
f 3381/2833/566 3387/2839/566 3427/2839/566
f 3388/2840/451 3382/2834/451 3426/2876/451
f 3389/2841/3521 3396/2848/3521 3391/2843/3521
f 3393/2845/4013 3433/2845/4013 3427/2839/4013
f 3394/2846/4014 3388/2840/4014 3432/2881/4014
f 3395/2847/3523 3402/2854/3523 3397/2849/3523
f 3399/2851/454 3439/2887/454 3433/2845/454
f 3400/2852/4015 3394/2846/4015 3438/2886/4015
f 3398/2850/3525 3401/2853/3525 3408/2860/3525
f 3399/2851/4016 3405/2857/4016 3445/2893/4016
f 3406/2858/451 3400/2852/451 3444/2892/451
f 3417/2867/4017 3418/2868/4017 3414/2903/4017
f 3410/2901/4018 3413/2863/4018 3449/2897/4018
f 3423/2873/3528 3424/2874/3528 3419/2869/3528
f 3422/2872/3529 3429/2878/3529 3430/2879/3529
f 3428/2877/3530 3435/2883/3530 3436/2884/3530
f 3441/2889/3531 3442/2890/3531 3437/2885/3531
f 3440/2888/3532 3447/2895/3532 3448/2896/3532
f 3453/2538/454 3458/2542/454 3457/1773/454
f 3462/2652/451 3455/1778/451 3454/2574/451
f 3456/2912/3545 3455/2968/3545 3453/2913/3545
f 3461/2915/3546 3459/2926/3546 3458/2916/3546
f 3459/1739/451 3464/2905/451 3463/2904/451
f 3468/2907/451 3461/2577/451 3460/2543/451
f 3465/2918/3549 3464/2927/3549 3468/2915/3549
f 3465/1012/451 3470/1007/451 3469/1746/451
f 3474/2909/451 3467/2906/451 3466/2547/451
f 3471/2920/3552 3470/2928/3552 3474/2921/3552
f 3471/2908/451 3476/1752/451 3475/2910/451
f 3480/1754/451 3473/1749/451 3472/1748/451
f 3479/2923/3555 3477/2914/3555 3476/2920/3555
f 3477/2552/451 3452/1042/451 3451/993/451
f 3456/1021/451 3479/1021/451 3478/2911/451
f 3475/2910/4019 3451/993/4019 3457/1773/4019
f 3457/1773/3558 3463/2904/3558 3469/1746/3558
f 3453/2925/4020 3455/2969/4020 3462/2917/4020
f 3477/2914/451 3479/2923/451 3456/2912/451
f 3466/2547/3559 3460/2543/3559 3454/2574/3559
f 3454/2574/3559 3478/2911/3559 3472/1748/3559
f 3459/2926/451 3461/2915/451 3468/2915/451
f 3465/2918/451 3467/2919/451 3474/2921/451
f 3471/2920/451 3473/2922/451 3480/2924/451
